security_id,stock_code_5d,provider_ticker,observation_date,open,high,low,close,adj_close,volume,turnover,currency,provider,source_tier,retrieved_at_utc,source_response_sha256
HKEX:00001,00001,0001.HK,2026-07-21,71.19999694824219,71.19999694824219,69.94999694824219,70.80000305175781,70.80000305175781,1679111,nan,HKD,YAHOO_CHART,UNOFFICIAL_FREE_VENDOR,2026-07-21T03:21:14.119840+00:00,f7de997e2d2710d7cf852156d9a6d181a72f7838473292dd0eebd0bad98b5a3a
HKEX:00002,00002,0002.HK,2026-07-21,76.3499984741211,77.1500015258789,76.30000305175781,76.4000015258789,76.4000015258789,750824,nan,HKD,YAHOO_CHART,UNOFFICIAL_FREE_VENDOR,2026-07-21T03:21:14.119840+00:00,73dc2ad42142e206e3eab29378792fc9f0b6d5a96734e3b6161d417a373c7abe
HKEX:00003,00003,0003.HK,2026-07-21,6.880000114440918,7.070000171661377,6.869999885559082,6.960000038146973,6.960000038146973,24452797,nan,HKD,YAHOO_CHART,UNOFFICIAL_FREE_VENDOR,2026-07-21T03:21:14.119840+00:00,78efdfe8c9d095c3837ab553595445213b09731b16809fa3d1825e6316a38b36
HKEX:00004,00004,0004.HK,2026-07-21,19.200000762939453,19.280000686645508,18.959999084472656,19.059999465942383,19.059999465942383,308500,nan,HKD,YAHOO_CHART,UNOFFICIAL_FREE_VENDOR,2026-07-21T03:21:14.119840+00:00,9b722c44678ab51b091bd4d350630ffd3da67c82480f834bae5ab58e84563358
HKEX:00005,00005,0005.HK,2026-07-21,155.6999969482422,157.1999969482422,155.5,156.10000610351562,156.10000610351562,2712220,nan,HKD,YAHOO_CHART,UNOFFICIAL_FREE_VENDOR,2026-07-21T03:21:14.119840+00:00,2e873585d646eb8cd20b6f89c8d84b636c90c1477fa2f27f664469b5f5b1c339
HKEX:00006,00006,0006.HK,2026-07-21,58.79999923706055,58.79999923706055,58.20000076293945,58.29999923706055,58.29999923706055,628075,nan,HKD,YAHOO_CHART,UNOFFICIAL_FREE_VENDOR,2026-07-21T03:21:14.119840+00:00,8ec1ab2b59b4860c793bc12025ee42557ebd945b50ccffc078b66cb4cf2b731f
HKEX:00008,00008,0008.HK,2026-07-21,5.679999828338623,5.769999980926514,5.679999828338623,5.71999979019165,5.71999979019165,2290252,nan,HKD,YAHOO_CHART,UNOFFICIAL_FREE_VENDOR,2026-07-21T03:21:14.119840+00:00,37a9b651d8f3f93f8a134b9ced259f73c65dd6b5f8cb68e0fb6a71096554df31
HKEX:00010,00010,0010.HK,2026-07-21,13.800000190734863,13.800000190734863,13.619999885559082,13.619999885559082,13.619999885559082,108000,nan,HKD,YAHOO_CHART,UNOFFICIAL_FREE_VENDOR,2026-07-21T03:21:14.119840+00:00,da739dd7c827c9c4bcc4d832ba35f373e763bab68a5a786f54c1c34463f62fb1
HKEX:00012,00012,0012.HK,2026-07-21,27.280000686645508,27.5,27.100000381469727,27.360000610351562,27.360000610351562,1111491,nan,HKD,YAHOO_CHART,UNOFFICIAL_FREE_VENDOR,2026-07-21T03:21:14.119840+00:00,fcfb6c8cfdf14eca9ab71de62ac7908c93be224c42dcebcd1ad421cae06c4c48
HKEX:00013,00013,0013.HK,2026-07-21,17.93000030517578,18.149999618530273,17.440000534057617,17.56999969482422,17.56999969482422,1191520,nan,HKD,YAHOO_CHART,UNOFFICIAL_FREE_VENDOR,2026-07-21T03:21:14.119840+00:00,3abcd509393471bde97dec5ae27f785fc687fdd782d3829f5a5a58875e933664
HKEX:00014,00014,0014.HK,2026-07-21,17.799999237060547,17.969999313354492,17.610000610351562,17.739999771118164,17.739999771118164,191156,nan,HKD,YAHOO_CHART,UNOFFICIAL_FREE_VENDOR,2026-07-21T03:21:14.119840+00:00,71b7d3bcbfb2c261178dfa036ea20a988aa97046829ab44fa075c762bcdf28c3
HKEX:00016,00016,0016.HK,2026-07-21,123.80000305175781,123.80000305175781,122.0,123.0,123.0,1107784,nan,HKD,YAHOO_CHART,UNOFFICIAL_FREE_VENDOR,2026-07-21T03:21:14.119840+00:00,695f79f4537485ec15b1da1c9ad35c223227191de2a601f841a29368b577aebe
HKEX:00017,00017,0017.HK,2026-07-21,6.599999904632568,6.679999828338623,6.449999809265137,6.510000228881836,6.510000228881836,1402500,nan,HKD,YAHOO_CHART,UNOFFICIAL_FREE_VENDOR,2026-07-21T03:21:14.119840+00:00,9388fb852d770dc89d91f00fccad434c7ed1beaaedd4ee1cfac6a4800d7cd650
HKEX:00019,00019,0019.HK,2026-07-21,88.75,88.75,86.44999694824219,87.8499984741211,87.8499984741211,280522,nan,HKD,YAHOO_CHART,UNOFFICIAL_FREE_VENDOR,2026-07-21T03:21:14.119840+00:00,0452479881f76c2a593798ed3cf371a3ca4b8501bf79d4f47688e30d02aca15d
HKEX:00020,00020,0020.HK,2026-07-21,1.3600000143051147,1.399999976158142,1.350000023841858,1.3799999952316284,1.3799999952316284,167987748,nan,HKD,YAHOO_CHART,UNOFFICIAL_FREE_VENDOR,2026-07-21T03:21:14.119840+00:00,d28f783e061468282fe30a11ff6c99fc504496c1c8236af393b6d4a473e10182
HKEX:00023,00023,0023.HK,2026-07-21,13.829999923706055,14.0,13.829999923706055,13.850000381469727,13.850000381469727,405526,nan,HKD,YAHOO_CHART,UNOFFICIAL_FREE_VENDOR,2026-07-21T03:21:14.119840+00:00,6f4a759c7b8500538c5565d69be7c022d0fbfefe2502f38ed31f9f85643efe11
HKEX:00027,00027,0027.HK,2026-07-21,32.13999938964844,32.279998779296875,31.540000915527344,31.65999984741211,31.65999984741211,4458200,nan,HKD,YAHOO_CHART,UNOFFICIAL_FREE_VENDOR,2026-07-21T03:21:14.119840+00:00,d567df77ab28e6185304cf98dae3e364685f85b198cfdf736e74f525cbec6ec1
HKEX:00038,00038,0038.HK,2026-07-21,8.199999809265137,8.800000190734863,8.199999809265137,8.550000190734863,8.550000190734863,9511542,nan,HKD,YAHOO_CHART,UNOFFICIAL_FREE_VENDOR,2026-07-21T03:21:14.119840+00:00,9ca3aded6f2a976dc2e7363b44ab5cc8e6b74c70b707c235fe8a6fa5733c1749
HKEX:00041,00041,0041.HK,2026-07-21,15.539999961853027,15.9399995803833,15.539999961853027,15.739999771118164,15.739999771118164,7006,nan,HKD,YAHOO_CHART,UNOFFICIAL_FREE_VENDOR,2026-07-21T03:21:14.119840+00:00,e3fcd441bec4a8a72de12e504004fa600d72784dd5dac957c636e44d5d5e9c8b
HKEX:00066,00066,0066.HK,2026-07-21,32.779998779296875,32.900001525878906,32.29999923706055,32.47999954223633,32.47999954223633,1109869,nan,HKD,YAHOO_CHART,UNOFFICIAL_FREE_VENDOR,2026-07-21T03:21:14.119840+00:00,86731ac4466bc9d502a10f3fecac63e7271ebb74bd957ecaf3a3f5f4235c306b
HKEX:00081,00081,0081.HK,2026-07-21,2.390000104904175,2.440000057220459,2.3299999237060547,2.4100000858306885,2.4100000858306885,1503000,nan,HKD,YAHOO_CHART,UNOFFICIAL_FREE_VENDOR,2026-07-21T03:21:14.119840+00:00,14a5f9c444c2e496a235da2ad09ed06324a2ff17dc9f9047a02bfb54ec7e5f3d
HKEX:00083,00083,0083.HK,2026-07-21,10.699999809265137,10.930000305175781,10.6899995803833,10.819999694824219,10.819999694824219,2553470,nan,HKD,YAHOO_CHART,UNOFFICIAL_FREE_VENDOR,2026-07-21T03:21:14.119840+00:00,604547288077f1bb157ff047ede88bd9c80e0133a32ffb49969289301bfaf6a5
HKEX:00087,00087,0087.HK,2026-07-21,13.40999984741211,13.449999809265137,13.260000228881836,13.34000015258789,13.34000015258789,214050,nan,HKD,YAHOO_CHART,UNOFFICIAL_FREE_VENDOR,2026-07-21T03:21:14.119840+00:00,9d7a84de62d220a0d1937b47e02baf25d6a637103dcee65dc27c70f7c983290a
HKEX:00101,00101,0101.HK,2026-07-21,7.590000152587891,7.699999809265137,7.489999771118164,7.53000020980835,7.53000020980835,3198269,nan,HKD,YAHOO_CHART,UNOFFICIAL_FREE_VENDOR,2026-07-21T03:21:14.119840+00:00,bf9f0f0489c88933c41a75d9c26b6e02ad140723a13ee5c93d39e8000e75672f
HKEX:00107,00107,0107.HK,2026-07-21,4.789999961853027,4.869999885559082,4.769999980926514,4.769999980926514,4.769999980926514,322000,nan,HKD,YAHOO_CHART,UNOFFICIAL_FREE_VENDOR,2026-07-21T03:21:14.119840+00:00,dab02e1ea197c0ef64743b6ca657b026aae081186b69c488ed6d199fd20503f0
HKEX:00119,00119,0119.HK,2026-07-21,1.5399999618530273,1.5399999618530273,1.5,1.5099999904632568,1.5099999904632568,1383000,nan,HKD,YAHOO_CHART,UNOFFICIAL_FREE_VENDOR,2026-07-21T03:21:14.119840+00:00,4b2f796b8be3755dd814158afcbe1292d0660fea8cc20e2de0acc1f5b743193f
HKEX:00123,00123,0123.HK,2026-07-21,3.7200000286102295,3.7200000286102295,3.640000104904175,3.6600000858306885,3.6600000858306885,1077386,nan,HKD,YAHOO_CHART,UNOFFICIAL_FREE_VENDOR,2026-07-21T03:21:14.119840+00:00,6bef421684b0d42bc4dfb4f7fd7fcd60689b894c960c1da8f26dfe1e1b6b987b
HKEX:00135,00135,0135.HK,2026-07-21,7.019999980926514,7.090000152587891,6.940000057220459,6.949999809265137,6.949999809265137,2482800,nan,HKD,YAHOO_CHART,UNOFFICIAL_FREE_VENDOR,2026-07-21T03:21:14.119840+00:00,4a6548a9467d6448ccc01ae51faf6aa74a3be94f42935307f99c19c51345acd2
HKEX:00136,00136,0136.HK,2026-07-21,1.3899999856948853,1.409999966621399,1.3600000143051147,1.3700000047683716,1.3700000047683716,32670400,nan,HKD,YAHOO_CHART,UNOFFICIAL_FREE_VENDOR,2026-07-21T03:21:14.119840+00:00,835759bfaf68f5c6c9ae0a51ef00e6ee5237d1249281f03329a5ca12cf60f656
HKEX:00142,00142,0142.HK,2026-07-21,5.28000020980835,5.389999866485596,5.28000020980835,5.349999904632568,5.349999904632568,1820000,nan,HKD,YAHOO_CHART,UNOFFICIAL_FREE_VENDOR,2026-07-21T03:21:14.119840+00:00,673539004f61b24b9929fb3dbe37ef2acc551e1594818f3cc19bb01570b68991
HKEX:00144,00144,0144.HK,2026-07-21,14.760000228881836,15.0,14.539999961853027,14.569999694824219,14.569999694824219,695700,nan,HKD,YAHOO_CHART,UNOFFICIAL_FREE_VENDOR,2026-07-21T03:21:14.119840+00:00,953a35a4e53f4e68d690f08fcfffddfc2091e1e0ad3883783b889a87358fbee2
HKEX:00148,00148,0148.HK,2026-07-21,53.45000076293945,57.29999923706055,51.75,56.79999923706055,56.79999923706055,19518645,nan,HKD,YAHOO_CHART,UNOFFICIAL_FREE_VENDOR,2026-07-21T03:21:14.119840+00:00,868346ec0ba6573ea332ea145c6cfab12778e75a3e5d4e51648a41e8aa90073f
HKEX:00151,00151,0151.HK,2026-07-21,3.5399999618530273,3.5899999141693115,3.5,3.509999990463257,3.509999990463257,5287200,nan,HKD,YAHOO_CHART,UNOFFICIAL_FREE_VENDOR,2026-07-21T03:21:14.119840+00:00,4854bb1227b16cadb7b0f62608e49a8e3a1ecd84e7ec8d740675a53666292fb2
HKEX:00152,00152,0152.HK,2026-07-21,6.039999961853027,6.059999942779541,5.980000019073486,6.0,6.0,664736,nan,HKD,YAHOO_CHART,UNOFFICIAL_FREE_VENDOR,2026-07-21T03:21:14.119840+00:00,1071fbbb45f6ba338ad98f3808c7dafe206334c9c1fcccfd796c74de724e3843
HKEX:00165,00165,0165.HK,2026-07-21,5.860000133514404,5.909999847412109,5.760000228881836,5.78000020980835,5.78000020980835,1396000,nan,HKD,YAHOO_CHART,UNOFFICIAL_FREE_VENDOR,2026-07-21T03:21:14.119840+00:00,d34829dd2e4f2990eb2f35d093a5d4f23731a1278457b60fa4327dfc5b33827f
HKEX:00168,00168,0168.HK,2026-07-21,45.84000015258789,46.540000915527344,45.7599983215332,45.900001525878906,45.900001525878906,1611200,nan,HKD,YAHOO_CHART,UNOFFICIAL_FREE_VENDOR,2026-07-21T03:21:14.119840+00:00,d1e9c853587f90f70aa344477dd376f36125b454f315006abe780424a1c25358
HKEX:00173,00173,0173.HK,2026-07-21,2.009999990463257,2.009999990463257,2.0,2.0,2.0,155000,nan,HKD,YAHOO_CHART,UNOFFICIAL_FREE_VENDOR,2026-07-21T03:21:14.119840+00:00,52873947f01412e3fc4667dee6bbc4b6c9a172e584fbd7db48dec12ee6a09b16
HKEX:00175,00175,0175.HK,2026-07-21,18.690000534057617,18.780000686645508,18.270000457763672,18.510000228881836,18.510000228881836,14692677,nan,HKD,YAHOO_CHART,UNOFFICIAL_FREE_VENDOR,2026-07-21T03:21:14.119840+00:00,c91bb101b3f193707f04a8d9849afbb94b40bcc67156e0f774369e066ee4b437
HKEX:00177,00177,0177.HK,2026-07-21,10.100000381469727,10.140000343322754,10.0,10.079999923706055,10.079999923706055,774000,nan,HKD,YAHOO_CHART,UNOFFICIAL_FREE_VENDOR,2026-07-21T03:21:14.119840+00:00,ad6eca820798a8b667aba3f56022200bee7d5933682da567aacf38b69effaaa5
HKEX:00179,00179,0179.HK,2026-07-21,17.530000686645508,17.559999465942383,16.719999313354492,17.299999237060547,17.299999237060547,5076000,nan,HKD,YAHOO_CHART,UNOFFICIAL_FREE_VENDOR,2026-07-21T03:21:14.119840+00:00,158ca3b91a70aa8cf37b297f6b69d4f3909e2497b6d5609af097595fc2bd047e
HKEX:00187,00187,0187.HK,2026-07-21,2.869999885559082,2.880000114440918,2.7899999618530273,2.869999885559082,2.869999885559082,918000,nan,HKD,YAHOO_CHART,UNOFFICIAL_FREE_VENDOR,2026-07-21T03:21:14.119840+00:00,8cedc0b1073571020b782d7471cece06463f79d2d7340033e9b2e6999b9defb7
HKEX:00189,00189,0189.HK,2026-07-21,12.59000015258789,12.609999656677246,11.920000076293945,12.59000015258789,12.59000015258789,13471428,nan,HKD,YAHOO_CHART,UNOFFICIAL_FREE_VENDOR,2026-07-21T03:21:14.119840+00:00,a3bc5029e46532a95ddddc3256b6a7a6c597cceb15cc18bbbab14337986611e1
HKEX:00200,00200,0200.HK,2026-07-21,3.309999942779541,3.319999933242798,3.2200000286102295,3.259999990463257,3.259999990463257,980070,nan,HKD,YAHOO_CHART,UNOFFICIAL_FREE_VENDOR,2026-07-21T03:21:14.119840+00:00,351203c0f58f9df18d7e96b45e7e6fd435e859d84d91f1bacf8e6aa1e8751f50
HKEX:00220,00220,0220.HK,2026-07-21,7.650000095367432,7.690000057220459,7.400000095367432,7.409999847412109,7.409999847412109,1418760,nan,HKD,YAHOO_CHART,UNOFFICIAL_FREE_VENDOR,2026-07-21T03:21:14.119840+00:00,e144b4b3d40368f26c4494b7fd98f38c7de7f48dca0df40551f1b81536e45503
HKEX:00241,00241,0241.HK,2026-07-21,3.390000104904175,3.4800000190734863,3.390000104904175,3.4200000762939453,3.4200000762939453,24697868,nan,HKD,YAHOO_CHART,UNOFFICIAL_FREE_VENDOR,2026-07-21T03:21:14.119840+00:00,f0ba2e07baf381729fb8b4464de3bb74f906f308a5beeaed122712c2532a490f
HKEX:00257,00257,0257.HK,2026-07-21,4.989999771118164,5.03000020980835,4.929999828338623,5.0,5.0,1409000,nan,HKD,YAHOO_CHART,UNOFFICIAL_FREE_VENDOR,2026-07-21T03:21:14.119840+00:00,1cee1d11e9d50b7e64d53d80f3aaf9e45d38b0c71849722e43223d6b4dca471f
HKEX:00267,00267,0267.HK,2026-07-21,11.550000190734863,11.680000305175781,11.4399995803833,11.600000381469727,11.600000381469727,4185000,nan,HKD,YAHOO_CHART,UNOFFICIAL_FREE_VENDOR,2026-07-21T03:21:14.119840+00:00,e08fb4f424cb01819f8d564b3da95d91a52327ec34af1d4298872cc4694fd0d6
HKEX:00268,00268,0268.HK,2026-07-21,7.119999885559082,7.349999904632568,7.039999961853027,7.099999904632568,7.099999904632568,10897384,nan,HKD,YAHOO_CHART,UNOFFICIAL_FREE_VENDOR,2026-07-21T03:21:14.119840+00:00,234e6f96df3f7127dc4fa8f802a6a42035fcb82da04c51ecfd1dc0c17bb06b3f
HKEX:00270,00270,0270.HK,2026-07-21,8.119999885559082,8.210000038146973,8.069999694824219,8.199999809265137,8.199999809265137,2550166,nan,HKD,YAHOO_CHART,UNOFFICIAL_FREE_VENDOR,2026-07-21T03:21:14.119840+00:00,bfcbc8358c7ad85b6cfd2fa5c25e0b24510695b94ea67265ad5ad380bf56e8b7
HKEX:00285,00285,0285.HK,2026-07-21,24.15999984741211,24.760000228881836,23.979999542236328,24.700000762939453,24.700000762939453,5009498,nan,HKD,YAHOO_CHART,UNOFFICIAL_FREE_VENDOR,2026-07-21T03:21:14.119840+00:00,bf6aee21f73e856feb016afbd83ddb7a3b30d239ca66a2a90a083b64cf6e0ad3
HKEX:00288,00288,0288.HK,2026-07-21,8.350000381469727,8.380000114440918,8.270000457763672,8.3100004196167,8.3100004196167,5925999,nan,HKD,YAHOO_CHART,UNOFFICIAL_FREE_VENDOR,2026-07-21T03:21:14.119840+00:00,e321df1bbec0a4ad1303fce1c390257d1a4b16b8758f2b1c44a3c7d49b27f611
HKEX:00290,00290,0290.HK,2026-07-21,1.8899999856948853,1.899999976158142,1.7899999618530273,1.809999942779541,1.809999942779541,11133000,nan,HKD,YAHOO_CHART,UNOFFICIAL_FREE_VENDOR,2026-07-21T03:21:14.119840+00:00,7f6bf9d4dbf0fff08a140984f9f214472f2154d6f0f722d8df339129759d99a2
HKEX:00291,00291,0291.HK,2026-07-21,24.079999923706055,24.360000610351562,23.739999771118164,23.899999618530273,23.899999618530273,4430210,nan,HKD,YAHOO_CHART,UNOFFICIAL_FREE_VENDOR,2026-07-21T03:21:14.119840+00:00,869a1f4ac998d17a8f152bd1826e60c105904b4a1d79ac33627617742416b4ae
HKEX:00293,00293,0293.HK,2026-07-21,13.140000343322754,13.300000190734863,12.960000038146973,13.210000038146973,13.210000038146973,3448300,nan,HKD,YAHOO_CHART,UNOFFICIAL_FREE_VENDOR,2026-07-21T03:21:14.119840+00:00,b8191a74caf9811d5778e1529782c18a9930dc929eee281f55d0378af630d872
HKEX:00297,00297,0297.HK,2026-07-21,1.2699999809265137,1.2799999713897705,1.25,1.2799999713897705,1.2799999713897705,6592000,nan,HKD,YAHOO_CHART,UNOFFICIAL_FREE_VENDOR,2026-07-21T03:21:14.119840+00:00,8dcfc14fd808e4ed6f7a95924fff2dcaec0217a5956d5e18d27772aedd9e5d28
HKEX:00300,00300,0300.HK,2026-07-21,94.55000305175781,96.30000305175781,94.5,95.05000305175781,95.05000305175781,3307741,nan,HKD,YAHOO_CHART,UNOFFICIAL_FREE_VENDOR,2026-07-21T03:21:14.119840+00:00,633a12c7730736cc392017b89be45d35366efbfd50c3077fc6316993b1f5cb40
HKEX:00303,00303,0303.HK,2026-07-21,53.849998474121094,54.20000076293945,53.25,54.0,54.0,241230,nan,HKD,YAHOO_CHART,UNOFFICIAL_FREE_VENDOR,2026-07-21T03:21:14.119840+00:00,ecae43c7ee4f977c0e5a67d0e57659373ceb73bc6dd90953c8d4ac91deac14b1
HKEX:00308,00308,0308.HK,2026-07-21,1.1299999952316284,1.1399999856948853,1.1200000047683716,1.1200000047683716,1.1200000047683716,1168000,nan,HKD,YAHOO_CHART,UNOFFICIAL_FREE_VENDOR,2026-07-21T03:21:14.119840+00:00,dff4188114e76ebcafec6df76e7a3bc76baacc53f15928c4de9e8847b60c07b8
HKEX:00316,00316,0316.HK,2026-07-21,146.8000030517578,147.6999969482422,143.89999389648438,145.39999389648438,145.39999389648438,504421,nan,HKD,YAHOO_CHART,UNOFFICIAL_FREE_VENDOR,2026-07-21T03:21:14.119840+00:00,4e59e2721285b14370bb3a08b9369474c0b3241cc4a5341503f97e71f0570aa4
HKEX:00317,00317,0317.HK,2026-07-21,11.210000038146973,11.210000038146973,11.020000457763672,11.109999656677246,11.109999656677246,1238000,nan,HKD,YAHOO_CHART,UNOFFICIAL_FREE_VENDOR,2026-07-21T03:21:14.119840+00:00,92aff2444f5ece83e4233f41210025005b4e7e504feeb528d194aad1f602a32b
HKEX:00322,00322,0322.HK,2026-07-21,11.75,11.930000305175781,11.489999771118164,11.5,11.5,5220400,nan,HKD,YAHOO_CHART,UNOFFICIAL_FREE_VENDOR,2026-07-21T03:21:14.119840+00:00,7058b7b3a24e9283e796233334b97ab8bf320c5b12f50c84f2a0a84591ec984f
HKEX:00323,00323,0323.HK,2026-07-21,1.6699999570846558,1.7200000286102295,1.659999966621399,1.6799999475479126,1.6799999475479126,2420000,nan,HKD,YAHOO_CHART,UNOFFICIAL_FREE_VENDOR,2026-07-21T03:21:14.119840+00:00,2dec0905557791857ea21596368671d72197842ad2aaa14aff0f2a383eff3fcc
HKEX:00325,00325,0325.HK,2026-07-21,52.0,52.95000076293945,49.18000030517578,49.18000030517578,49.18000030517578,261900,nan,HKD,YAHOO_CHART,UNOFFICIAL_FREE_VENDOR,2026-07-21T03:21:14.119840+00:00,3fdd3967d65152616bf5a5c43e76daf7b6a991a30f4dc4ba47382dac27996038
HKEX:00336,00336,0336.HK,2026-07-21,2.859999895095825,2.9200000762939453,2.819999933242798,2.8499999046325684,2.8499999046325684,1363000,nan,HKD,YAHOO_CHART,UNOFFICIAL_FREE_VENDOR,2026-07-21T03:21:14.119840+00:00,2e9d081b7469b937a650e91e1532eb42854e5fdd09e73f47048c810c94e70deb
HKEX:00338,00338,0338.HK,2026-07-21,1.100000023841858,1.1100000143051147,1.0800000429153442,1.100000023841858,1.100000023841858,15460000,nan,HKD,YAHOO_CHART,UNOFFICIAL_FREE_VENDOR,2026-07-21T03:21:14.119840+00:00,f8e0edf1ee52c1cb7a8abe0bcd121f083d6e1546ebbac94a00acc862dab3f2f8
HKEX:00345,00345,0345.HK,2026-07-21,6.5,6.5,6.380000114440918,6.380000114440918,6.380000114440918,54000,nan,HKD,YAHOO_CHART,UNOFFICIAL_FREE_VENDOR,2026-07-21T03:21:14.119840+00:00,6f016a53f452a7839b23474486bfe9fef466d73d2cc8f708ec99aad6c061921b
HKEX:00347,00347,0347.HK,2026-07-21,1.1399999856948853,1.1799999475479126,1.1399999856948853,1.1699999570846558,1.1699999570846558,1468592,nan,HKD,YAHOO_CHART,UNOFFICIAL_FREE_VENDOR,2026-07-21T03:21:14.119840+00:00,e74b8223ba69019e872cd7f37f01460ec4c7f396fbc77f4547de711561e31b8f
HKEX:00354,00354,0354.HK,2026-07-21,3.7899999618530273,3.8499999046325684,3.390000104904175,3.4600000381469727,3.4600000381469727,122936000,nan,HKD,YAHOO_CHART,UNOFFICIAL_FREE_VENDOR,2026-07-21T03:21:14.119840+00:00,d1f6f20fba9237d1cda2422d49520ffe0da19e6e6551e5fd034d770b7586ed05
HKEX:00358,00358,0358.HK,2026-07-21,31.200000762939453,32.560001373291016,31.200000762939453,32.36000061035156,32.36000061035156,6005263,nan,HKD,YAHOO_CHART,UNOFFICIAL_FREE_VENDOR,2026-07-21T03:21:14.119840+00:00,9d87b9b4e9c45dce583e18d9498875a670b0ca91206caefbc0aeba58d73e4b62
HKEX:00363,00363,0363.HK,2026-07-21,13.539999961853027,13.59000015258789,13.430000305175781,13.430000305175781,13.430000305175781,188000,nan,HKD,YAHOO_CHART,UNOFFICIAL_FREE_VENDOR,2026-07-21T03:21:14.119840+00:00,32e6fa09e6b04e7b39bc147e4f925c39ae27fc8fde918553e2a8da1d61d39cc2
HKEX:00371,00371,0371.HK,2026-07-21,2.4800000190734863,2.4800000190734863,2.4100000858306885,2.4100000858306885,2.4100000858306885,1938600,nan,HKD,YAHOO_CHART,UNOFFICIAL_FREE_VENDOR,2026-07-21T03:21:14.119840+00:00,8bd56d1dce219933866fd41e1df1a2cf6ba33b6412c69a53c4125e8d07fdf2ca
HKEX:00384,00384,0384.HK,2026-07-21,5.860000133514404,5.880000114440918,5.739999771118164,5.760000228881836,5.760000228881836,3798720,nan,HKD,YAHOO_CHART,UNOFFICIAL_FREE_VENDOR,2026-07-21T03:21:14.119840+00:00,2e61e2ae13789f492c07ba4bb149d318c4b6ad950caebeedb07b6fe1e230d0e9
HKEX:00386,00386,0386.HK,2026-07-21,4.28000020980835,4.300000190734863,4.21999979019165,4.230000019073486,4.230000019073486,49108491,nan,HKD,YAHOO_CHART,UNOFFICIAL_FREE_VENDOR,2026-07-21T03:21:14.119840+00:00,609edb04d4e70632f2dbf6d10bb11dd590999d0487360d63fb292585136c57f0
HKEX:00388,00388,0388.HK,2026-07-21,399.0,402.0,396.0,398.6000061035156,398.6000061035156,1789331,nan,HKD,YAHOO_CHART,UNOFFICIAL_FREE_VENDOR,2026-07-21T03:21:14.119840+00:00,3e289ac00075f55d25d8eb5b2cde08c5101d1df58180c9fdd24ff761746b59ad
HKEX:00390,00390,0390.HK,2026-07-21,3.569999933242798,3.5999999046325684,3.5199999809265137,3.559999942779541,3.559999942779541,11169500,nan,HKD,YAHOO_CHART,UNOFFICIAL_FREE_VENDOR,2026-07-21T03:21:14.119840+00:00,9f94c9491752d4a6d2e01eb4fd4159e2d926007655d50d109c53b49669ff6ef1
HKEX:00392,00392,0392.HK,2026-07-21,31.5,32.040000915527344,31.5,31.65999984741211,31.65999984741211,645810,nan,HKD,YAHOO_CHART,UNOFFICIAL_FREE_VENDOR,2026-07-21T03:21:14.119840+00:00,d8bf3f3a5a2f3542858a97008067556ed776e512eed9496b135b61ec7683f90c
HKEX:00425,00425,0425.HK,2026-07-21,26.799999237060547,27.18000030517578,25.860000610351562,26.700000762939453,26.700000762939453,820900,nan,HKD,YAHOO_CHART,UNOFFICIAL_FREE_VENDOR,2026-07-21T03:21:14.119840+00:00,04496ceac62f021b555048e5a3b1d9819202935e6aac58f96189de629f1b1bcd
HKEX:00440,00440,0440.HK,2026-07-21,42.79999923706055,43.36000061035156,42.5,42.52000045776367,42.52000045776367,102000,nan,HKD,YAHOO_CHART,UNOFFICIAL_FREE_VENDOR,2026-07-21T03:21:14.119840+00:00,d44fffac311ff1b1753de3230c1b2f6506e01de9d3502063302e1e8a4731a8da
HKEX:00460,00460,0460.HK,2026-07-21,0.9100000262260437,0.9100000262260437,0.8700000047683716,0.8799999952316284,0.8799999952316284,10981000,nan,HKD,YAHOO_CHART,UNOFFICIAL_FREE_VENDOR,2026-07-21T03:21:14.119840+00:00,f45821aa4cee363009a6c5d8efa769455086bdfd6cdab83abe5207d3bd7dedad
HKEX:00467,00467,0467.HK,2026-07-21,0.36000001430511475,0.36500000953674316,0.3499999940395355,0.35499998927116394,0.35499998927116394,23746000,nan,HKD,YAHOO_CHART,UNOFFICIAL_FREE_VENDOR,2026-07-21T03:21:14.119840+00:00,c90a2ae08ab65e15c5f928ef50dbf263be6064fa3ca58a14c645476a474112e9
HKEX:00470,00470,0470.HK,2026-07-21,27.899999618530273,29.68000030517578,27.899999618530273,29.600000381469727,29.600000381469727,1270300,nan,HKD,YAHOO_CHART,UNOFFICIAL_FREE_VENDOR,2026-07-21T03:21:14.119840+00:00,e9f4b05dc417e874e19696777db75183388dd913ccc3a89dc3d63c059fb96b90
HKEX:00501,00501,116.00501,2026-07-21,83.8,87.0,80.35,84.4,nan,532755,44545857.0,HKD,EASTMONEY_PUSH2HIS,UNOFFICIAL_FREE_VENDOR,2026-07-21T03:21:14.119840+00:00,270f68e207c40fcf0fa87ea6c42f20f8159032ee73c2a21a4674f42c81a39429
HKEX:00506,00506,0506.HK,2026-07-21,3.4200000762939453,3.450000047683716,3.359999895095825,3.359999895095825,3.359999895095825,1522000,nan,HKD,YAHOO_CHART,UNOFFICIAL_FREE_VENDOR,2026-07-21T03:21:14.119840+00:00,5c31eae05d5910d174dcae3828aba0562c3b6a061375cf2488dbd3830939c25b
HKEX:00512,00512,0512.HK,2026-07-21,5.289999961853027,5.320000171661377,5.210000038146973,5.21999979019165,5.21999979019165,1137500,nan,HKD,YAHOO_CHART,UNOFFICIAL_FREE_VENDOR,2026-07-21T03:21:14.119840+00:00,6e4c575c5e24ffd8bbecf7a3e05f3327523f6430d66b5b9cc7e14fd89381c6d7
HKEX:00522,00522,0522.HK,2026-07-21,161.89999389648438,168.8000030517578,157.10000610351562,168.39999389648438,168.39999389648438,1826183,nan,HKD,YAHOO_CHART,UNOFFICIAL_FREE_VENDOR,2026-07-21T03:21:14.119840+00:00,d2eb177c4e901ce349e40816e7c334b437dfdd01a4aee7a0efffe7c8d9a64d59
HKEX:00525,00525,0525.HK,2026-07-21,2.240000009536743,2.259999990463257,2.2100000381469727,2.2100000381469727,2.2100000381469727,544000,nan,HKD,YAHOO_CHART,UNOFFICIAL_FREE_VENDOR,2026-07-21T03:21:14.119840+00:00,0e8fd574cb528c45e706f0aa20470c8b6284d949ef23c83b8ef2e5152b4f03bd
HKEX:00537,00537,0537.HK,2026-07-21,24.0,24.899999618530273,23.719999313354492,24.899999618530273,24.899999618530273,362800,nan,HKD,YAHOO_CHART,UNOFFICIAL_FREE_VENDOR,2026-07-21T03:21:14.119840+00:00,4813025d42f91173c3804894ae319b2b9036621e9cb8ce3f7713028f0e7a0841
HKEX:00546,00546,0546.HK,2026-07-21,5.099999904632568,5.170000076293945,5.039999961853027,5.090000152587891,5.090000152587891,878000,nan,HKD,YAHOO_CHART,UNOFFICIAL_FREE_VENDOR,2026-07-21T03:21:14.119840+00:00,5610de02c86ea1e23efc0a7beab9976d5e530ac9636d53b744ed148ca4af90a6
HKEX:00548,00548,0548.HK,2026-07-21,6.650000095367432,6.710000038146973,6.650000095367432,6.670000076293945,6.670000076293945,96000,nan,HKD,YAHOO_CHART,UNOFFICIAL_FREE_VENDOR,2026-07-21T03:21:14.119840+00:00,a8b1b2682591ef2fa3fbc27befd9059a9950a5ab4d82d9bf1542995952795f11
HKEX:00551,00551,0551.HK,2026-07-21,13.960000038146973,13.960000038146973,13.649999618530273,13.649999618530273,13.649999618530273,222000,nan,HKD,YAHOO_CHART,UNOFFICIAL_FREE_VENDOR,2026-07-21T03:21:14.119840+00:00,5c62a17d6249937dca9b1a0bf9c48c8ff93b9ef1e03dbcc0e9dccd131657c94b
HKEX:00552,00552,0552.HK,2026-07-21,4.119999885559082,4.199999809265137,4.119999885559082,4.170000076293945,4.170000076293945,1266000,nan,HKD,YAHOO_CHART,UNOFFICIAL_FREE_VENDOR,2026-07-21T03:21:14.119840+00:00,b4bc8926fc172bebe821dd391b05ef2b427c7eebe265326a0a480efa4d0bb50a
HKEX:00553,00553,0553.HK,2026-07-21,3.2200000286102295,3.25,3.140000104904175,3.200000047683716,3.200000047683716,964000,nan,HKD,YAHOO_CHART,UNOFFICIAL_FREE_VENDOR,2026-07-21T03:21:14.119840+00:00,8db0dd7404e552dac77858914b1e5bda83d7e0758b0437b111043d8fbee7985a
HKEX:00564,00564,0564.HK,2026-07-21,13.819999694824219,14.119999885559082,13.649999618530273,13.930000305175781,13.930000305175781,879000,nan,HKD,YAHOO_CHART,UNOFFICIAL_FREE_VENDOR,2026-07-21T03:21:14.119840+00:00,0eb31d053d070b206d58cea4ae580b015f6da58ba7d2cbbae05a5d6e884b9342
HKEX:00568,00568,0568.HK,2026-07-21,5.699999809265137,5.699999809265137,5.409999847412109,5.429999828338623,5.429999828338623,33696800,nan,HKD,YAHOO_CHART,UNOFFICIAL_FREE_VENDOR,2026-07-21T03:21:14.119840+00:00,e80cdc44231288830e5660eb116907c8fa695bbded2ed263d1373360b6faade5
HKEX:00570,00570,0570.HK,2026-07-21,1.4299999475479126,1.440000057220459,1.399999976158142,1.399999976158142,1.399999976158142,8670000,nan,HKD,YAHOO_CHART,UNOFFICIAL_FREE_VENDOR,2026-07-21T03:21:14.119840+00:00,0a1a1903c1a7ba04ab1480590a5762036f0b3a134349b71176a8c748d397daf8
HKEX:00576,00576,0576.HK,2026-07-21,6.579999923706055,6.699999809265137,6.550000190734863,6.590000152587891,6.590000152587891,1531530,nan,HKD,YAHOO_CHART,UNOFFICIAL_FREE_VENDOR,2026-07-21T03:21:14.119840+00:00,fb81c1936340932020b29a553dcb23b6d8c5a3a235df671418f51375cc936d57
HKEX:00586,00586,0586.HK,2026-07-21,8.989999771118164,8.989999771118164,8.600000381469727,8.630000114440918,8.630000114440918,2803500,nan,HKD,YAHOO_CHART,UNOFFICIAL_FREE_VENDOR,2026-07-21T03:21:14.119840+00:00,d7691421bc15f3321c32095ee6da0285de48778ad903a24ae7290bafcc65d2c8
HKEX:00588,00588,0588.HK,2026-07-21,0.6700000166893005,0.6800000071525574,0.6600000262260437,0.6600000262260437,0.6600000262260437,358000,nan,HKD,YAHOO_CHART,UNOFFICIAL_FREE_VENDOR,2026-07-21T03:21:14.119840+00:00,0b44aa15e11ad101157851e92ec92dee61929629666bf7c586834c2ae8f84864
HKEX:00590,00590,0590.HK,2026-07-21,23.059999465942383,23.31999969482422,22.739999771118164,22.899999618530273,22.899999618530273,142020,nan,HKD,YAHOO_CHART,UNOFFICIAL_FREE_VENDOR,2026-07-21T03:21:14.119840+00:00,646f983828a433ae1f5a9c33ea657d420f6153221537290422fc24bf37d0166f
HKEX:00598,00598,0598.HK,2026-07-21,4.46999979019165,4.510000228881836,4.429999828338623,4.460000038146973,4.460000038146973,2097000,nan,HKD,YAHOO_CHART,UNOFFICIAL_FREE_VENDOR,2026-07-21T03:21:14.119840+00:00,0c5210ec8cbadc95819e3772ed2c5c14ce062786eeff9821105672b10934ee20
HKEX:00604,00604,0604.HK,2026-07-21,0.6899999976158142,0.6899999976158142,0.6700000166893005,0.6800000071525574,0.6800000071525574,682000,nan,HKD,YAHOO_CHART,UNOFFICIAL_FREE_VENDOR,2026-07-21T03:21:14.119840+00:00,11ec03521c1f42eeee25b7d6689290558b67a665f8f90e8cd11677ed6f8b32fb
HKEX:00631,00631,0631.HK,2026-07-21,7.21999979019165,7.329999923706055,7.079999923706055,7.159999847412109,7.159999847412109,3922410,nan,HKD,YAHOO_CHART,UNOFFICIAL_FREE_VENDOR,2026-07-21T03:21:14.119840+00:00,525250abc27e489da83b1b9efdd2c201ffb07be7d0f89d7a000df225ab8a272d
HKEX:00636,00636,0636.HK,2026-07-21,5.949999809265137,6.03000020980835,5.949999809265137,5.96999979019165,5.96999979019165,353500,nan,HKD,YAHOO_CHART,UNOFFICIAL_FREE_VENDOR,2026-07-21T03:21:14.119840+00:00,8b4c25cf0d3e577a257ff371d7426f5e33680ec6dc583df0c37af3597bbb09a6
HKEX:00638,00638,116.00638,2026-07-21,7.55,7.63,7.15,7.46,nan,1760200,13029394.0,HKD,EASTMONEY_PUSH2HIS,UNOFFICIAL_FREE_VENDOR,2026-07-21T03:21:14.119840+00:00,3187b37c66733b08989d90583b7a3c6606f8898a1dc0ce3cd896521141a2e5e0
HKEX:00639,00639,0639.HK,2026-07-21,2.4100000858306885,2.430000066757202,2.3399999141693115,2.380000114440918,2.380000114440918,3782960,nan,HKD,YAHOO_CHART,UNOFFICIAL_FREE_VENDOR,2026-07-21T03:21:14.119840+00:00,02f8396203ab1f1e9393d4964b51347fd8946c2ed9db343c9e2a1c38ab22f4b5
HKEX:00656,00656,0656.HK,2026-07-21,4.199999809265137,4.230000019073486,4.130000114440918,4.130000114440918,4.130000114440918,2676500,nan,HKD,YAHOO_CHART,UNOFFICIAL_FREE_VENDOR,2026-07-21T03:21:14.119840+00:00,0263c1092fbf5b24ec73bbf55e0590b59e736e6861d8c1073db9fe962bc63029
HKEX:00659,00659,0659.HK,2026-07-21,7.949999809265137,8.039999961853027,7.940000057220459,7.96999979019165,7.96999979019165,172593,nan,HKD,YAHOO_CHART,UNOFFICIAL_FREE_VENDOR,2026-07-21T03:21:14.119840+00:00,d5dc546f1d2bc3af1202d38c7b64e3c06df1c74c505fee412c6ef02d08c57b99
HKEX:00666,00666,0666.HK,2026-07-21,10.239999771118164,10.239999771118164,9.739999771118164,10.100000381469727,10.100000381469727,1469690,nan,HKD,YAHOO_CHART,UNOFFICIAL_FREE_VENDOR,2026-07-21T03:21:14.119840+00:00,042b92a018b7b438b4c05f74c4d1d649d4f12c6c531ca9a570807b0a545ce244
HKEX:00667,00667,0667.HK,2026-07-21,4.349999904632568,4.349999904632568,4.130000114440918,4.139999866485596,4.139999866485596,1143500,nan,HKD,YAHOO_CHART,UNOFFICIAL_FREE_VENDOR,2026-07-21T03:21:14.119840+00:00,ea30c62b29213783ddc1bdceeb4e2e484ccf09cda23432ac9b09d14b8122f199
HKEX:00669,00669,0669.HK,2026-07-21,129.60000610351562,130.6999969482422,127.19999694824219,129.8000030517578,129.8000030517578,2692117,nan,HKD,YAHOO_CHART,UNOFFICIAL_FREE_VENDOR,2026-07-21T03:21:14.119840+00:00,d0da81858bf90f73d5ad8047a03adde355bc8a449fe1890e817871aabbbc751f
HKEX:00670,00670,0670.HK,2026-07-21,3.069999933242798,3.1600000858306885,3.0199999809265137,3.0899999141693115,3.0899999141693115,13302000,nan,HKD,YAHOO_CHART,UNOFFICIAL_FREE_VENDOR,2026-07-21T03:21:14.119840+00:00,9415bd50e9939aabaf2d78a06092be0c450827ef987ff799cc5ba8427b64bc87
HKEX:00683,00683,0683.HK,2026-07-21,19.309999465942383,19.309999465942383,18.860000610351562,18.889999389648438,18.889999389648438,254000,nan,HKD,YAHOO_CHART,UNOFFICIAL_FREE_VENDOR,2026-07-21T03:21:14.119840+00:00,709c2649100c60f898e1be430cc13b3cd7d8b35f7dfda993f8c517c0c9a0f95c
HKEX:00688,00688,0688.HK,2026-07-21,13.65999984741211,13.729999542236328,13.420000076293945,13.529999732971191,13.529999732971191,4078520,nan,HKD,YAHOO_CHART,UNOFFICIAL_FREE_VENDOR,2026-07-21T03:21:14.119840+00:00,97bbe6b4873a537357aada1a4d5493f3cc70f0faebfefecef6abbc8f1b6c497d
HKEX:00696,00696,0696.HK,2026-07-21,8.65999984741211,8.75,8.550000190734863,8.5600004196167,8.5600004196167,1926000,nan,HKD,YAHOO_CHART,UNOFFICIAL_FREE_VENDOR,2026-07-21T03:21:14.119840+00:00,c8e67216547268d4dc221cadb7d63e94b3df5f84da7fe36674be131382e44c9c
HKEX:00697,00697,0697.HK,2026-07-21,1.6100000143051147,1.6200000047683716,1.590000033378601,1.6100000143051147,1.6100000143051147,3432940,nan,HKD,YAHOO_CHART,UNOFFICIAL_FREE_VENDOR,2026-07-21T03:21:14.119840+00:00,4cb8c4f59146cd42d5be2cff059985be28abc999532128bbd0f063c9a9aa6904
HKEX:00699,00699,116.00699,2026-07-21,12.62,12.95,12.45,12.87,nan,1052494,13352080.0,HKD,EASTMONEY_PUSH2HIS,UNOFFICIAL_FREE_VENDOR,2026-07-21T03:21:14.119840+00:00,c865bb4624b38dfba17c388f9de150b480de78bfcbf04238f98273915317ba9a
HKEX:00700,00700,0700.HK,2026-07-21,478.20001220703125,482.6000061035156,472.79998779296875,474.20001220703125,474.20001220703125,9877046,nan,HKD,YAHOO_CHART,UNOFFICIAL_FREE_VENDOR,2026-07-21T03:21:14.119840+00:00,23693dde6204473ce58930c35f36df4970ff904509f6ac8a94d52b6d6d686025
HKEX:00719,00719,0719.HK,2026-07-21,6.159999847412109,6.190000057220459,6.150000095367432,6.170000076293945,6.170000076293945,94000,nan,HKD,YAHOO_CHART,UNOFFICIAL_FREE_VENDOR,2026-07-21T03:21:14.119840+00:00,2bd4961e0319cb441fb20411d62e0dc3fdb895b3a41a3c2ac7f778c37987d27f
HKEX:00728,00728,0728.HK,2026-07-21,4.739999771118164,4.739999771118164,4.679999828338623,4.710000038146973,4.710000038146973,9320000,nan,HKD,YAHOO_CHART,UNOFFICIAL_FREE_VENDOR,2026-07-21T03:21:14.119840+00:00,0a70326fb3dcd8be3f0955f1b6278c635b29252f81ca2438885965535062387c
HKEX:00751,00751,0751.HK,2026-07-21,4.440000057220459,4.53000020980835,4.429999828338623,4.519999980926514,4.519999980926514,354000,nan,HKD,YAHOO_CHART,UNOFFICIAL_FREE_VENDOR,2026-07-21T03:21:14.119840+00:00,dce3871abaebea268bbdf273a50c29c0801e1279f8412f219d7d02c2a56e7352
HKEX:00753,00753,0753.HK,2026-07-21,4.099999904632568,4.21999979019165,4.070000171661377,4.099999904632568,4.099999904632568,9932000,nan,HKD,YAHOO_CHART,UNOFFICIAL_FREE_VENDOR,2026-07-21T03:21:14.119840+00:00,0f352ccf6f28ebc12e435a60e37f331e752d179e2884888cece7ff7029487a14
HKEX:00762,00762,0762.HK,2026-07-21,6.539999961853027,6.579999923706055,6.489999771118164,6.550000190734863,6.550000190734863,3966012,nan,HKD,YAHOO_CHART,UNOFFICIAL_FREE_VENDOR,2026-07-21T03:21:14.119840+00:00,2a2d0fd5e75859da106e28fc030af504bc71a8867865cd369ff1ae7dbb74e13a
HKEX:00763,00763,0763.HK,2026-07-21,23.700000762939453,24.399999618530273,23.100000381469727,23.899999618530273,23.899999618530273,7503720,nan,HKD,YAHOO_CHART,UNOFFICIAL_FREE_VENDOR,2026-07-21T03:21:14.119840+00:00,5f2e830caa7e007a22d0ac0077bc3ffd46c5e2c568fdb047181760d7c8c7e8b1
HKEX:00772,00772,0772.HK,2026-07-21,20.299999237060547,20.420000076293945,19.68000030517578,19.770000457763672,19.770000457763672,1030316,nan,HKD,YAHOO_CHART,UNOFFICIAL_FREE_VENDOR,2026-07-21T03:21:14.119840+00:00,2805f101c646fa3865bf8a151b4a4038e29910d206c02c19c16cc4d30b60c80c
HKEX:00780,00780,0780.HK,2026-07-21,12.960000038146973,13.220000267028809,12.899999618530273,12.930000305175781,12.930000305175781,2585600,nan,HKD,YAHOO_CHART,UNOFFICIAL_FREE_VENDOR,2026-07-21T03:21:14.119840+00:00,a6ae501c1b62821428b257b7b2826e95038694cc549899e416a1d8fcd1e012bf
HKEX:00788,00788,0788.HK,2026-07-21,9.600000381469727,9.649999618530273,9.489999771118164,9.529999732971191,9.529999732971191,2894540,nan,HKD,YAHOO_CHART,UNOFFICIAL_FREE_VENDOR,2026-07-21T03:21:14.119840+00:00,2552261566630c87ff3c9c8963b7dd6f61aa23e66205ef53680409e49a93a3fc
HKEX:00800,00800,0800.HK,2026-07-21,15.920000076293945,15.920000076293945,15.210000038146973,15.40999984741211,15.40999984741211,415300,nan,HKD,YAHOO_CHART,UNOFFICIAL_FREE_VENDOR,2026-07-21T03:21:14.119840+00:00,ac91d13ccfa7f25e1fb6aebab960934cae35637bb444fbc741e56e6a02f06e43
HKEX:00811,00811,0811.HK,2026-07-21,9.420000076293945,9.470000267028809,9.399999618530273,9.399999618530273,9.399999618530273,36000,nan,HKD,YAHOO_CHART,UNOFFICIAL_FREE_VENDOR,2026-07-21T03:21:14.119840+00:00,6dbad59ce6b6b2c429b8a020e7100310a1a275be3827f0156ed2c6816b3453a7
HKEX:00817,00817,0817.HK,2026-07-21,1.3899999856948853,1.3899999856948853,1.350000023841858,1.3600000143051147,1.3600000143051147,9838000,nan,HKD,YAHOO_CHART,UNOFFICIAL_FREE_VENDOR,2026-07-21T03:21:14.119840+00:00,ea75e4d685f66193adff830ebadb0f3580b550268c6f1a4c7ed47c383bd9162e
HKEX:00819,00819,0819.HK,2026-07-21,4.849999904632568,4.849999904632568,4.760000228881836,4.78000020980835,4.78000020980835,1834000,nan,HKD,YAHOO_CHART,UNOFFICIAL_FREE_VENDOR,2026-07-21T03:21:14.119840+00:00,c5db18699b0ee16f632c769eb85b2eaeabf9f0b3628dc3768025b7a7c28e36ba
HKEX:00826,00826,0826.HK,2026-07-21,3.140000104904175,3.200000047683716,2.990000009536743,3.059999942779541,3.059999942779541,7696000,nan,HKD,YAHOO_CHART,UNOFFICIAL_FREE_VENDOR,2026-07-21T03:21:14.119840+00:00,07be5a87d775929c19c689745edba3191612cef68e35617d572b6e114eacae55
HKEX:00836,00836,0836.HK,2026-07-21,19.020000457763672,19.18000030517578,18.860000610351562,19.030000686645508,19.030000686645508,4198201,nan,HKD,YAHOO_CHART,UNOFFICIAL_FREE_VENDOR,2026-07-21T03:21:14.119840+00:00,0426dfae112a0934e2db058191c086ff5ab20e574b66fc07711329e4b037668f
HKEX:00839,00839,0839.HK,2026-07-21,1.909999966621399,1.909999966621399,1.850000023841858,1.8799999952316284,1.8799999952316284,3759000,nan,HKD,YAHOO_CHART,UNOFFICIAL_FREE_VENDOR,2026-07-21T03:21:14.119840+00:00,924b60ad2f718723befa7345e4ff92b8d0944ae228fd388377e3afc15e0b1bb2
HKEX:00853,00853,0853.HK,2026-07-21,7.0,7.03000020980835,6.829999923706055,6.909999847412109,6.909999847412109,3300818,nan,HKD,YAHOO_CHART,UNOFFICIAL_FREE_VENDOR,2026-07-21T03:21:14.119840+00:00,72515887fe4654a051b3eca3a254588390c83b7ef1c709e396c37d75552d1682
HKEX:00855,00855,0855.HK,2026-07-21,4.699999809265137,4.710000038146973,4.630000114440918,4.650000095367432,4.650000095367432,244000,nan,HKD,YAHOO_CHART,UNOFFICIAL_FREE_VENDOR,2026-07-21T03:21:14.119840+00:00,869dd686bcaf54955e5bf17a467cefa006c68474998161cfc7dac74d6e1b2fe3
HKEX:00856,00856,0856.HK,2026-07-21,9.329999923706055,9.470000267028809,9.239999771118164,9.449999809265137,9.449999809265137,1084000,nan,HKD,YAHOO_CHART,UNOFFICIAL_FREE_VENDOR,2026-07-21T03:21:14.119840+00:00,274b2aa35daac76f7c845833d319ddbbadce7a5c210c4d331a4c08c2702eae65
HKEX:00857,00857,0857.HK,2026-07-21,9.899999618530273,9.989999771118164,9.699999809265137,9.729999542236328,9.729999542236328,30466623,nan,HKD,YAHOO_CHART,UNOFFICIAL_FREE_VENDOR,2026-07-21T03:21:14.119840+00:00,781a7b15bb0f3c2fab3c52d888b2968ceb42bd79cf5cd31d82f8fc2320c644fe
HKEX:00867,00867,0867.HK,2026-07-21,12.029999732971191,12.520000457763672,12.010000228881836,12.359999656677246,12.359999656677246,1367000,nan,HKD,YAHOO_CHART,UNOFFICIAL_FREE_VENDOR,2026-07-21T03:21:14.119840+00:00,9df4dc55db184423dae92c6cd82a85aacd9aee63fa5212555ed44cc43d4831fa
HKEX:00868,00868,0868.HK,2026-07-21,8.800000190734863,8.850000381469727,8.760000228881836,8.800000190734863,8.800000190734863,1156106,nan,HKD,YAHOO_CHART,UNOFFICIAL_FREE_VENDOR,2026-07-21T03:21:14.119840+00:00,21f3321de96c0f91b2ecb6782ded7b2e3f2584cdfdef9b42837f33941f31ff4b
HKEX:00874,00874,0874.HK,2026-07-21,15.899999618530273,16.059999465942383,15.880000114440918,15.930000305175781,15.930000305175781,422000,nan,HKD,YAHOO_CHART,UNOFFICIAL_FREE_VENDOR,2026-07-21T03:21:14.119840+00:00,59f6b550bddf018ec6f0b6f2bf91a035ea7753bfe64c0b8e5eec8952e00ca9a2
HKEX:00880,00880,0880.HK,2026-07-21,1.5,1.5,1.4600000381469727,1.4600000381469727,1.4600000381469727,3954000,nan,HKD,YAHOO_CHART,UNOFFICIAL_FREE_VENDOR,2026-07-21T03:21:14.119840+00:00,ea6480f8050bed925dc44ab8d6eea0fb560871328a6576cf01df68e17ebab6c5
HKEX:00881,00881,0881.HK,2026-07-21,4.409999847412109,4.429999828338623,4.230000019073486,4.230000019073486,4.230000019073486,1803000,nan,HKD,YAHOO_CHART,UNOFFICIAL_FREE_VENDOR,2026-07-21T03:21:14.119840+00:00,94912047d37332f78c63d9002f2969e506e9204143cd675232b45069001e5981
HKEX:00883,00883,0883.HK,2026-07-21,23.799999237060547,23.84000015258789,23.1200008392334,23.1200008392334,23.1200008392334,29627109,nan,HKD,YAHOO_CHART,UNOFFICIAL_FREE_VENDOR,2026-07-21T03:21:14.119840+00:00,d8dfd364e50641e219f2d5f569c933021930d5648805a1dd84824989afc0d4c4
HKEX:00895,00895,0895.HK,2026-07-21,1.6200000047683716,1.600000023841858,1.5499999523162842,1.5800000429153442,1.5800000429153442,2587000,nan,HKD,YAHOO_CHART,UNOFFICIAL_FREE_VENDOR,2026-07-21T03:21:14.119840+00:00,7009e9d5d968725b51a6e3f28054fa755e19b08b3140ad8b4aa819cba0f16003
HKEX:00902,00902,0902.HK,2026-07-21,6.039999961853027,6.130000114440918,5.949999809265137,6.050000190734863,6.050000190734863,9600400,nan,HKD,YAHOO_CHART,UNOFFICIAL_FREE_VENDOR,2026-07-21T03:21:14.119840+00:00,eb7118536755330aaef98efa0b668a2b6aa49c1aed777e8fc1a10a3c461f6f34
HKEX:00909,00909,0909.HK,2026-07-21,1.4299999475479126,1.4600000381469727,1.3899999856948853,1.4199999570846558,1.4199999570846558,3254000,nan,HKD,YAHOO_CHART,UNOFFICIAL_FREE_VENDOR,2026-07-21T03:21:14.119840+00:00,7d379b9e701152a3251ca0fba77581b77897aa98567ffee054228217394993cc
HKEX:00914,00914,0914.HK,2026-07-21,17.739999771118164,17.84000015258789,17.309999465942383,17.6200008392334,17.6200008392334,2247400,nan,HKD,YAHOO_CHART,UNOFFICIAL_FREE_VENDOR,2026-07-21T03:21:14.119840+00:00,343539f35fc44c95c04c2c8dc6788ff3bd3466e6f3162112b8d0d09b830a5a4b
HKEX:00916,00916,0916.HK,2026-07-21,5.559999942779541,5.619999885559082,5.5,5.510000228881836,5.510000228881836,9156540,nan,HKD,YAHOO_CHART,UNOFFICIAL_FREE_VENDOR,2026-07-21T03:21:14.119840+00:00,9bb61da29575962fc3eff5ee4a292b5b745a3be27eecade4d8b022dcfc4b0bda
HKEX:00917,00917,0917.HK,2026-07-21,8.09000015258789,8.329999923706055,8.029999732971191,8.100000381469727,8.100000381469727,2418800,nan,HKD,YAHOO_CHART,UNOFFICIAL_FREE_VENDOR,2026-07-21T03:21:14.119840+00:00,f32f2744b1fbcaf38e2039514bdabc2be381954889e2d80c11deb4a9f9220a1d
HKEX:00921,00921,0921.HK,2026-07-21,22.540000915527344,23.31999969482422,22.440000534057617,22.799999237060547,22.799999237060547,562000,nan,HKD,YAHOO_CHART,UNOFFICIAL_FREE_VENDOR,2026-07-21T03:21:14.119840+00:00,1631f811deb155eed8b538f0ac0f9a2d1ff067f16be017cc14611f3182e46c7b
HKEX:00934,00934,0934.HK,2026-07-21,3.809999942779541,3.809999942779541,3.7699999809265137,3.7799999713897705,3.7799999713897705,146000,nan,HKD,YAHOO_CHART,UNOFFICIAL_FREE_VENDOR,2026-07-21T03:21:14.119840+00:00,bacbc58003d3b6e038c18a9ffef4d0d28679a594de84cf6c633909090323eac8
HKEX:00939,00939,0939.HK,2026-07-21,8.680000305175781,8.680000305175781,8.539999961853027,8.539999961853027,8.539999961853027,109405396,nan,HKD,YAHOO_CHART,UNOFFICIAL_FREE_VENDOR,2026-07-21T03:21:14.119840+00:00,4f98caf7861e8685bee88c32353189a55cd08e26ead90f7df4eb1c89b5608435
HKEX:00941,00941,0941.HK,2026-07-21,80.75,80.94999694824219,80.19999694824219,80.6500015258789,80.6500015258789,3392839,nan,HKD,YAHOO_CHART,UNOFFICIAL_FREE_VENDOR,2026-07-21T03:21:14.119840+00:00,832cd11740fee12ac379acd113c561894068af45105fcff706dfad634fdc3b08
HKEX:00956,00956,0956.HK,2026-07-21,3.109999895095825,3.1700000762939453,3.0999999046325684,3.1600000858306885,3.1600000858306885,1770000,nan,HKD,YAHOO_CHART,UNOFFICIAL_FREE_VENDOR,2026-07-21T03:21:14.119840+00:00,b8bfe061520d8267977517b0cf26992f3aae14cd564fe702b51961593218a03c
HKEX:00960,00960,0960.HK,2026-07-21,6.679999828338623,6.800000190734863,6.53000020980835,6.559999942779541,6.559999942779541,4853200,nan,HKD,YAHOO_CHART,UNOFFICIAL_FREE_VENDOR,2026-07-21T03:21:14.119840+00:00,4553674a0cf56ed2508e96e2c2319104d961c00493db7f00a29bb7589b8884c2
HKEX:00966,00966,0966.HK,2026-07-21,21.0,21.959999084472656,20.920000076293945,21.059999465942383,21.059999465942383,5229400,nan,HKD,YAHOO_CHART,UNOFFICIAL_FREE_VENDOR,2026-07-21T03:21:14.119840+00:00,7a6706f5a6684c576444281cad9c814b0d82b7d88cdfe02f00d96b85847b04d5
HKEX:00968,00968,0968.HK,2026-07-21,2.0299999713897705,2.049999952316284,1.9900000095367432,2.0,2.0,17238158,nan,HKD,YAHOO_CHART,UNOFFICIAL_FREE_VENDOR,2026-07-21T03:21:14.119840+00:00,37f52c4ad4458c324c2a094af54db9af2832287285e80e66a463e456f10d59be
HKEX:00975,00975,0975.HK,2026-07-21,7.070000171661377,7.190000057220459,6.96999979019165,7.010000228881836,7.010000228881836,366000,nan,HKD,YAHOO_CHART,UNOFFICIAL_FREE_VENDOR,2026-07-21T03:21:14.119840+00:00,501b4edf00ca7dc3ed03275fa6e9c2cd427b7a7a813a7b50171b047d1e66b27e
HKEX:00981,00981,0981.HK,2026-07-21,71.8499984741211,74.4000015258789,69.5,74.30000305175781,74.30000305175781,64633743,nan,HKD,YAHOO_CHART,UNOFFICIAL_FREE_VENDOR,2026-07-21T03:21:14.119840+00:00,1fa8692ad2b2d22e8521fb3dc4d0690f5e68ea3e73c65f9d64339bfae56f6571
HKEX:00990,00990,0990.HK,2026-07-21,0.5,0.5099999904632568,0.47999998927116394,0.4950000047683716,0.4950000047683716,27590000,nan,HKD,YAHOO_CHART,UNOFFICIAL_FREE_VENDOR,2026-07-21T03:21:14.119840+00:00,7aa300b5b6c308f970bd1fb84f12ef16cfd6b4253c7cfe6c832b9e32ba967d6c
HKEX:00991,00991,0991.HK,2026-07-21,2.509999990463257,2.5299999713897705,2.4200000762939453,2.4700000286102295,2.4700000286102295,34164000,nan,HKD,YAHOO_CHART,UNOFFICIAL_FREE_VENDOR,2026-07-21T03:21:14.119840+00:00,a1af17abed54a7249c8881b0c1ae95711ef125e5677a268271888ba2e30b67b2
HKEX:00992,00992,0992.HK,2026-07-21,22.239999771118164,22.579999923706055,21.639999389648438,22.559999465942383,22.559999465942383,34828781,nan,HKD,YAHOO_CHART,UNOFFICIAL_FREE_VENDOR,2026-07-21T03:21:14.119840+00:00,90fe71bab41bd21834a422c25e2e9557cf417355a39e789e33751546ce7254f7
HKEX:00995,00995,0995.HK,2026-07-21,15.720000267028809,16.3700008392334,15.539999961853027,16.299999237060547,16.299999237060547,682500,nan,HKD,YAHOO_CHART,UNOFFICIAL_FREE_VENDOR,2026-07-21T03:21:14.119840+00:00,d74b299eae2ed5a98642cf075a1719978e966aec4d8317a038bf0a8561f33b74
HKEX:00998,00998,0998.HK,2026-07-21,7.260000228881836,7.349999904632568,7.210000038146973,7.21999979019165,7.21999979019165,5644400,nan,HKD,YAHOO_CHART,UNOFFICIAL_FREE_VENDOR,2026-07-21T03:21:14.119840+00:00,d63babf364dc68851e69c6c018094058cce9b9af1ac27d40ae1bd0ac10218bfc
HKEX:00999,00999,0999.HK,2026-07-21,6.860000133514404,6.860000133514404,6.829999923706055,6.829999923706055,6.829999923706055,33600,nan,HKD,YAHOO_CHART,UNOFFICIAL_FREE_VENDOR,2026-07-21T03:21:14.119840+00:00,e338ae4a5e0145d73f699ed4dfbbb0289386fcda611c7a025fe8e68233f6e503
HKEX:01024,01024,1024.HK,2026-07-21,44.79999923706055,45.880001068115234,44.65999984741211,44.880001068115234,44.880001068115234,9710476,nan,HKD,YAHOO_CHART,UNOFFICIAL_FREE_VENDOR,2026-07-21T03:21:14.119840+00:00,50be3293abef3c938807d5d85e2ce1ca8376694ad064130687152990c70389f3
HKEX:01030,01030,1030.HK,2026-07-21,1.4199999570846558,1.4299999475479126,1.399999976158142,1.409999966621399,1.409999966621399,2258888,nan,HKD,YAHOO_CHART,UNOFFICIAL_FREE_VENDOR,2026-07-21T03:21:14.119840+00:00,a6c6249c3a5cd86e450bf7f2cf38287bf24422ae82422895ea01ebfffe821f0b
HKEX:01033,01033,1033.HK,2026-07-21,0.6299999952316284,0.6399999856948853,0.6100000143051147,0.6399999856948853,0.6399999856948853,28543000,nan,HKD,YAHOO_CHART,UNOFFICIAL_FREE_VENDOR,2026-07-21T03:21:14.119840+00:00,d58b0ccc4c6b96b67076d2c72e89e2c6d179d6abb520b7d428d6c93f92a90db5
HKEX:01038,01038,1038.HK,2026-07-21,62.29999923706055,62.29999923706055,61.400001525878906,61.45000076293945,61.45000076293945,180706,nan,HKD,YAHOO_CHART,UNOFFICIAL_FREE_VENDOR,2026-07-21T03:21:14.119840+00:00,64d9128e01ff4a87fe1553377630f111ece420c813153cd0a394df0632da4387
HKEX:01044,01044,1044.HK,2026-07-21,24.260000228881836,24.399999618530273,23.81999969482422,24.100000381469727,24.100000381469727,772800,nan,HKD,YAHOO_CHART,UNOFFICIAL_FREE_VENDOR,2026-07-21T03:21:14.119840+00:00,5552f835baaf8d1a1d4d75a3edadf227391e9bbc160e38e3eddb3ab7ba313888
HKEX:01052,01052,1052.HK,2026-07-21,3.690000057220459,3.7100000381469727,3.680000066757202,3.680000066757202,3.680000066757202,208000,nan,HKD,YAHOO_CHART,UNOFFICIAL_FREE_VENDOR,2026-07-21T03:21:14.119840+00:00,518146e8104cdb46e9af8af1f5dfb49fef854d2c36914592063d659b3e8329fc
HKEX:01053,01053,1053.HK,2026-07-21,0.8899999856948853,0.8999999761581421,0.8799999952316284,0.8799999952316284,0.8799999952316284,1598000,nan,HKD,YAHOO_CHART,UNOFFICIAL_FREE_VENDOR,2026-07-21T03:21:14.119840+00:00,a474032d2ae892c0d5cb3b9d9fda5cbdc5cac1c2028a35d120d0624945c65541
HKEX:01055,01055,1055.HK,2026-07-21,3.4000000953674316,3.5,3.3499999046325684,3.4200000762939453,3.4200000762939453,5884000,nan,HKD,YAHOO_CHART,UNOFFICIAL_FREE_VENDOR,2026-07-21T03:21:14.119840+00:00,bb76b2e5c35db88b757d1f33399ea5fcc51e24363c34f1bb314e90949d09b542
HKEX:01057,01057,1057.HK,2026-07-21,3.4800000190734863,3.509999990463257,3.4200000762939453,3.4600000381469727,3.4600000381469727,2076000,nan,HKD,YAHOO_CHART,UNOFFICIAL_FREE_VENDOR,2026-07-21T03:21:14.119840+00:00,623966d739a32228169fc7faa4def7ab92a3feb5b3c08869bfee3962f0c66a57
HKEX:01060,01060,1060.HK,2026-07-21,0.4950000047683716,0.5099999904632568,0.48500001430511475,0.49000000953674316,0.49000000953674316,51760000,nan,HKD,YAHOO_CHART,UNOFFICIAL_FREE_VENDOR,2026-07-21T03:21:14.119840+00:00,ee984636e4fbd24876543eccdfcb4bdb9789f2ca2e7d7c5ffb45d1c9cc538c9f
HKEX:01065,01065,1065.HK,2026-07-21,3.7699999809265137,3.809999942779541,3.75,3.809999942779541,3.809999942779541,346000,nan,HKD,YAHOO_CHART,UNOFFICIAL_FREE_VENDOR,2026-07-21T03:21:14.119840+00:00,429bf68d7db5d4243573067bd8dd180adb66edccc9d02b7d4a4a51775c4eb7c4
HKEX:01066,01066,1066.HK,2026-07-21,3.450000047683716,3.4600000381469727,3.390000104904175,3.390000104904175,3.390000104904175,12371200,nan,HKD,YAHOO_CHART,UNOFFICIAL_FREE_VENDOR,2026-07-21T03:21:14.119840+00:00,3dc7d4d1894fce857ab0e7fb3a0f9ec6876cb7edfd83fb98611f9c7d5b92c11f
HKEX:01070,01070,1070.HK,2026-07-21,14.699999809265137,15.0,14.550000190734863,14.789999961853027,14.789999961853027,3919890,nan,HKD,YAHOO_CHART,UNOFFICIAL_FREE_VENDOR,2026-07-21T03:21:14.119840+00:00,433cd22f6afd39d5a5cc438655621740cc5d88713386e16db9e4a4fd99da6baf
HKEX:01071,01071,1071.HK,2026-07-21,4.050000190734863,4.119999885559082,3.990000009536743,4.059999942779541,4.059999942779541,4560000,nan,HKD,YAHOO_CHART,UNOFFICIAL_FREE_VENDOR,2026-07-21T03:21:14.119840+00:00,7dda4941b47a2e4ae604ec577d77d194312b8d48cc44a6ff3a78d2e3a532d434
HKEX:01072,01072,1072.HK,2026-07-21,21.420000076293945,22.0,20.8799991607666,21.979999542236328,21.979999542236328,3954337,nan,HKD,YAHOO_CHART,UNOFFICIAL_FREE_VENDOR,2026-07-21T03:21:14.119840+00:00,191d96cfdc283b974853cf12c8f8a89332c57ca0743bab7c0666775477ffa3bf
HKEX:01081,01081,1081.HK,2026-07-21,33.91999816894531,34.0,31.420000076293945,33.7599983215332,33.7599983215332,174100,nan,HKD,YAHOO_CHART,UNOFFICIAL_FREE_VENDOR,2026-07-21T03:21:14.119840+00:00,ea8cd1ab08477974b221137c82be3773c7a15761684a8ca0febec25c70bdef39
HKEX:01083,01083,1083.HK,2026-07-21,3.3399999141693115,3.3499999046325684,3.299999952316284,3.309999942779541,3.309999942779541,333000,nan,HKD,YAHOO_CHART,UNOFFICIAL_FREE_VENDOR,2026-07-21T03:21:14.119840+00:00,59d7572f34d2c26cff1ebb72625fb39046342847b32d7b4f964c2a1af74ba697
HKEX:01088,01088,1088.HK,2026-07-21,43.599998474121094,43.720001220703125,42.619998931884766,42.97999954223633,42.97999954223633,3015797,nan,HKD,YAHOO_CHART,UNOFFICIAL_FREE_VENDOR,2026-07-21T03:21:14.119840+00:00,a65140b2a60c56ed81a621c881e019a7bd7fc33b104efada088298969d3aa734
HKEX:01093,01093,1093.HK,2026-07-21,8.5,8.579999923706055,8.260000228881836,8.279999732971191,8.279999732971191,21310000,nan,HKD,YAHOO_CHART,UNOFFICIAL_FREE_VENDOR,2026-07-21T03:21:14.119840+00:00,40dcea8ced205c49316af95f3620811143313e98857d03c0bedb7e97a3b7e4f5
HKEX:01099,01099,1099.HK,2026-07-21,17.68000030517578,17.75,17.43000030517578,17.479999542236328,17.479999542236328,1727360,nan,HKD,YAHOO_CHART,UNOFFICIAL_FREE_VENDOR,2026-07-21T03:21:14.119840+00:00,33cc52d75d2878b8d91884b740019e9c184b53832bb4d71b609a8bf6266327bd
HKEX:01108,01108,1108.HK,2026-07-21,2.25,2.25,2.2300000190734863,2.240000009536743,2.240000009536743,94000,nan,HKD,YAHOO_CHART,UNOFFICIAL_FREE_VENDOR,2026-07-21T03:21:14.119840+00:00,23d64561ca5807e03004f1dbfd0160cede99ce70850bf5ccca0bb18fb3697012
HKEX:01109,01109,1109.HK,2026-07-21,34.0,34.52000045776367,33.63999938964844,33.68000030517578,33.68000030517578,4037837,nan,HKD,YAHOO_CHART,UNOFFICIAL_FREE_VENDOR,2026-07-21T03:21:14.119840+00:00,d9fd4c601fbb70ca96e3709359e0f6c82b6d88dafcd44489a1a7ef8a02b4b862
HKEX:01112,01112,1112.HK,2026-07-21,15.380000114440918,15.380000114440918,15.039999961853027,15.149999618530273,15.149999618530273,329500,nan,HKD,YAHOO_CHART,UNOFFICIAL_FREE_VENDOR,2026-07-21T03:21:14.119840+00:00,82d40ea197a532d6232ff9c1f8bc11dbb130742dcdd8a19852683c9f4e93f075
HKEX:01113,01113,1113.HK,2026-07-21,48.0,48.279998779296875,47.720001220703125,47.97999954223633,47.97999954223633,834678,nan,HKD,YAHOO_CHART,UNOFFICIAL_FREE_VENDOR,2026-07-21T03:21:14.119840+00:00,bde844d11954ae770bc3581b642c5b9b8f9713355e1c908bc53ca2a81e5df0ef
HKEX:01114,01114,1114.HK,2026-07-21,2.0299999713897705,2.0299999713897705,1.9800000190734863,1.9900000095367432,1.9900000095367432,8222000,nan,HKD,YAHOO_CHART,UNOFFICIAL_FREE_VENDOR,2026-07-21T03:21:14.119840+00:00,ab7190f871af91889fa2aa7bd03c895c2861b2be429f067f951707bab1090da9
HKEX:01117,01117,1117.HK,2026-07-21,1.1699999570846558,1.25,1.1699999570846558,1.2300000190734863,1.2300000190734863,12389000,nan,HKD,YAHOO_CHART,UNOFFICIAL_FREE_VENDOR,2026-07-21T03:21:14.119840+00:00,e502a9464ae385620aadb5efd3624ae5cf6e307cd6f4773cca0e8a92a243b60d
HKEX:01128,01128,1128.HK,2026-07-21,5.5,5.539999961853027,5.360000133514404,5.380000114440918,5.380000114440918,1110200,nan,HKD,YAHOO_CHART,UNOFFICIAL_FREE_VENDOR,2026-07-21T03:21:14.119840+00:00,65084996faa3c906c69d9af57e62d0e6027929fcc0a76fe048a38d84c06848b8
HKEX:01138,01138,1138.HK,2026-07-21,11.979999542236328,12.359999656677246,11.850000381469727,12.329999923706055,12.329999923706055,7952500,nan,HKD,YAHOO_CHART,UNOFFICIAL_FREE_VENDOR,2026-07-21T03:21:14.119840+00:00,3515b57d45a1b6610672f7f57706e9da68cb1aee6f1f3362603cc499f565952a
HKEX:01157,01157,1157.HK,2026-07-21,7.070000171661377,7.239999771118164,6.980000019073486,7.210000038146973,7.210000038146973,2435070,nan,HKD,YAHOO_CHART,UNOFFICIAL_FREE_VENDOR,2026-07-21T03:21:14.119840+00:00,a174bcf333ca4dd291f49c8a83016c1c1a0a3ec8a4426a5be752715f5a22c9b8
HKEX:01164,01164,1164.HK,2026-07-21,2.1700000762939453,2.2100000381469727,2.1700000762939453,2.200000047683716,2.200000047683716,6579820,nan,HKD,YAHOO_CHART,UNOFFICIAL_FREE_VENDOR,2026-07-21T03:21:14.119840+00:00,9ab25a681e523b16b35f6971b8f3a756fd86cca4df5d26a37cba39b12ea08fc3
HKEX:01171,01171,1171.HK,2026-07-21,11.9399995803833,11.970000267028809,11.520000457763672,11.520000457763672,11.520000457763672,13015336,nan,HKD,YAHOO_CHART,UNOFFICIAL_FREE_VENDOR,2026-07-21T03:21:14.119840+00:00,db165d8ac40c6b924d1097b97784849b8a367abde59796e80d7267d895b17980
HKEX:01177,01177,1177.HK,2026-07-21,5.099999904632568,5.190000057220459,5.0,5.0,5.0,30336620,nan,HKD,YAHOO_CHART,UNOFFICIAL_FREE_VENDOR,2026-07-21T03:21:14.119840+00:00,9eef96aec4dc283728a191170bba1803d4199ce63ec90644188866edf4f45a4d
HKEX:01186,01186,1186.HK,2026-07-21,4.710000038146973,4.75,4.679999828338623,4.699999809265137,4.699999809265137,2522500,nan,HKD,YAHOO_CHART,UNOFFICIAL_FREE_VENDOR,2026-07-21T03:21:14.119840+00:00,66f786781e57d955031b944a1c247915563925522c66e9e30f42c885f861d438
HKEX:01187,01187,1187.HK,2026-07-21,35.47999954223633,35.47999954223633,33.31999969482422,34.15999984741211,34.15999984741211,86100,nan,HKD,YAHOO_CHART,UNOFFICIAL_FREE_VENDOR,2026-07-21T03:21:14.119840+00:00,8f47c00580c82f6692398976687d88c51deb008aa66127929ac42e035410295a
HKEX:01193,01193,1193.HK,2026-07-21,15.789999961853027,15.90999984741211,15.65999984741211,15.699999809265137,15.699999809265137,762180,nan,HKD,YAHOO_CHART,UNOFFICIAL_FREE_VENDOR,2026-07-21T03:21:14.119840+00:00,63883cf64efc1b35ba0d5b69e9b0d183e763b0b8fe5d39c0166526867a005f90
HKEX:01196,01196,1196.HK,2026-07-21,10.079999923706055,10.229999542236328,10.010000228881836,10.0600004196167,10.0600004196167,424000,nan,HKD,YAHOO_CHART,UNOFFICIAL_FREE_VENDOR,2026-07-21T03:21:14.119840+00:00,06118e0418ace9b40222c6439b4851b44194806fbd472814fcdc298c5343f4e8
HKEX:01199,01199,1199.HK,2026-07-21,5.239999771118164,5.269999980926514,5.190000057220459,5.210000038146973,5.210000038146973,432930,nan,HKD,YAHOO_CHART,UNOFFICIAL_FREE_VENDOR,2026-07-21T03:21:14.119840+00:00,09d1c54afb6c3a14e369c7bb151ac547ee6995dd449dc4c30feb1d672304f0a1
HKEX:01208,01208,1208.HK,2026-07-21,7.559999942779541,7.769999980926514,7.449999809265137,7.599999904632568,7.599999904632568,20348250,nan,HKD,YAHOO_CHART,UNOFFICIAL_FREE_VENDOR,2026-07-21T03:21:14.119840+00:00,d7c823bf7cca398039530d350b454cc9fbe53263f4f985b73647ad344e9c59ae
HKEX:01209,01209,1209.HK,2026-07-21,41.0,41.0,38.86000061035156,38.97999954223633,38.97999954223633,1519992,nan,HKD,YAHOO_CHART,UNOFFICIAL_FREE_VENDOR,2026-07-21T03:21:14.119840+00:00,3ce6b9c71ee8e971e4327fe51d3b13f733b95dab87c274ce82bc8cd145957ff1
HKEX:01211,01211,1211.HK,2026-07-21,89.0999984741211,91.69999694824219,89.0,90.25,90.25,5936163,nan,HKD,YAHOO_CHART,UNOFFICIAL_FREE_VENDOR,2026-07-21T03:21:14.119840+00:00,efc410df73dd3bc62062f6593bad0aa2acca073719269df647f868783d9ae368
HKEX:01258,01258,1258.HK,2026-07-21,13.0600004196167,13.6899995803833,13.0600004196167,13.619999885559082,13.619999885559082,8181000,nan,HKD,YAHOO_CHART,UNOFFICIAL_FREE_VENDOR,2026-07-21T03:21:14.119840+00:00,45f4f47d7c3c904c6f661dd51ab956fd8219773eea235e5ce5ab34a40367ba07
HKEX:01276,01276,1276.HK,2026-07-21,57.5,58.04999923706055,55.04999923706055,55.099998474121094,55.099998474121094,1633143,nan,HKD,YAHOO_CHART,UNOFFICIAL_FREE_VENDOR,2026-07-21T03:21:14.119840+00:00,05bb5ca79f94c902f376f2a658267d6da7c3138a140331f88a61cecedcc52d98
HKEX:01277,01277,1277.HK,2026-07-21,1.690000057220459,1.7000000476837158,1.649999976158142,1.6699999570846558,1.6699999570846558,3146000,nan,HKD,YAHOO_CHART,UNOFFICIAL_FREE_VENDOR,2026-07-21T03:21:14.119840+00:00,36677bd09a9ef6446049b4c0f8be75dc403bb8a792c103244fd588020e818f83
HKEX:01288,01288,1288.HK,2026-07-21,5.880000114440918,5.929999828338623,5.75,5.75,5.75,27208400,nan,HKD,YAHOO_CHART,UNOFFICIAL_FREE_VENDOR,2026-07-21T03:21:14.119840+00:00,57e056eb487f6901d0229bf25fd9dcf532397753b04494f88b429cf8e4cf49d0
HKEX:01299,01299,1299.HK,2026-07-21,75.8499984741211,76.8499984741211,75.25,76.55000305175781,76.55000305175781,8039015,nan,HKD,YAHOO_CHART,UNOFFICIAL_FREE_VENDOR,2026-07-21T03:21:14.119840+00:00,a0cb61d293acc21bdc085456cb4df5335723f4ed67fedbc59aa84ce74fa5fd10
HKEX:01302,01302,1302.HK,2026-07-21,1.4299999475479126,1.4500000476837158,1.3600000143051147,1.3899999856948853,1.3899999856948853,8242000,nan,HKD,YAHOO_CHART,UNOFFICIAL_FREE_VENDOR,2026-07-21T03:21:14.119840+00:00,b6c98b99ea521e4602223c8af8568684ec5d442dd4f3babdca16a1afdb437052
HKEX:01304,01304,1304.HK,2026-07-21,117.0,118.69999694824219,112.0,118.0,118.0,84100,nan,HKD,YAHOO_CHART,UNOFFICIAL_FREE_VENDOR,2026-07-21T03:21:14.119840+00:00,8b706789fb530147ffde16d64cadcea17e7b712798285c0f7bb88f35c0badc3f
HKEX:01308,01308,1308.HK,2026-07-21,36.15999984741211,36.68000030517578,35.959999084472656,36.13999938964844,36.13999938964844,1716611,nan,HKD,YAHOO_CHART,UNOFFICIAL_FREE_VENDOR,2026-07-21T03:21:14.119840+00:00,5efe50dd205df3bdc72de6c9d63debe7e1124c561d4213a1ef2faebd9c451f8c
HKEX:01310,01310,1310.HK,2026-07-21,5.849999904632568,5.869999885559082,5.809999942779541,5.829999923706055,5.829999923706055,107500,nan,HKD,YAHOO_CHART,UNOFFICIAL_FREE_VENDOR,2026-07-21T03:21:14.119840+00:00,485839f9b77b5dec7ff9df47de62295d9700f345fbb71106f9c040c8227d0fb1
HKEX:01313,01313,1313.HK,2026-07-21,1.059999942779541,1.059999942779541,1.0299999713897705,1.0399999618530273,1.0399999618530273,1432000,nan,HKD,YAHOO_CHART,UNOFFICIAL_FREE_VENDOR,2026-07-21T03:21:14.119840+00:00,17c11caac147cbf63a420241ab8df83f5a2507eeafce520c8c5297a45fee7d63
HKEX:01316,01316,1316.HK,2026-07-21,3.990000009536743,4.010000228881836,3.9100000858306885,3.9800000190734863,3.9800000190734863,1636727,nan,HKD,YAHOO_CHART,UNOFFICIAL_FREE_VENDOR,2026-07-21T03:21:14.119840+00:00,9ff3c6187dc47c9deb3aae32b6f3fdf34aea35ea3657274b2a374e24e91211fa
HKEX:01318,01318,1318.HK,2026-07-21,55.0,55.900001525878906,53.25,53.400001525878906,53.400001525878906,484750,nan,HKD,YAHOO_CHART,UNOFFICIAL_FREE_VENDOR,2026-07-21T03:21:14.119840+00:00,894889a8b790f07353631c7de7c4dff1980ad554eedd0c816610ce95357c7b6f
HKEX:01330,01330,1330.HK,2026-07-21,5.480000019073486,5.480000019073486,5.409999847412109,5.440000057220459,5.440000057220459,394000,nan,HKD,YAHOO_CHART,UNOFFICIAL_FREE_VENDOR,2026-07-21T03:21:14.119840+00:00,f0bd62754d4827d7462008eaba3d3532728e70133dc7976fd2473c6112e7782d
HKEX:01333,01333,1333.HK,2026-07-21,13.390000343322754,13.390000343322754,12.9399995803833,13.180000305175781,13.180000305175781,262000,nan,HKD,YAHOO_CHART,UNOFFICIAL_FREE_VENDOR,2026-07-21T03:21:14.119840+00:00,a7e2b32e3f46c51e4da69880441b616472fbb8b625749c82f6dd10f5fca93709
HKEX:01336,01336,1336.HK,2026-07-21,47.79999923706055,48.68000030517578,47.15999984741211,47.439998626708984,47.439998626708984,4312734,nan,HKD,YAHOO_CHART,UNOFFICIAL_FREE_VENDOR,2026-07-21T03:21:14.119840+00:00,be5352c826f968fe59dae9fa13718caa209ef7e71a44e3f0c7ba0801e17e4aa2
HKEX:01339,01339,1339.HK,2026-07-21,5.230000019073486,5.360000133514404,5.199999809265137,5.199999809265137,5.199999809265137,13718083,nan,HKD,YAHOO_CHART,UNOFFICIAL_FREE_VENDOR,2026-07-21T03:21:14.119840+00:00,9ba2f5666f8cfb4083542a69951b0166d3a7544a73354c77c97c87565baa9fc6
HKEX:01347,01347,1347.HK,2026-07-21,148.60000610351562,160.8000030517578,145.39999389648438,160.39999389648438,160.39999389648438,33186803,nan,HKD,YAHOO_CHART,UNOFFICIAL_FREE_VENDOR,2026-07-21T03:21:14.119840+00:00,4dc32fce9d3b92b1cb1071d190ab6d13203b9565a78286442249400340d7f444
HKEX:01349,01349,1349.HK,2026-07-21,2.4000000953674316,2.4200000762939453,2.3399999141693115,2.380000114440918,2.380000114440918,485000,nan,HKD,YAHOO_CHART,UNOFFICIAL_FREE_VENDOR,2026-07-21T03:21:14.119840+00:00,00e0dc95ad3949e92424cede2cbd2f0bd9ce70d7c05a65ed6b513233a9e66336
HKEX:01357,01357,1357.HK,2026-07-21,4.150000095367432,4.269999980926514,4.019999980926514,4.059999942779541,4.059999942779541,19061500,nan,HKD,YAHOO_CHART,UNOFFICIAL_FREE_VENDOR,2026-07-21T03:21:14.119840+00:00,080d1617397a217f11f23c255d8bedffb706b646aeeb33a99656b4cc77317be1
HKEX:01359,01359,1359.HK,2026-07-21,0.9700000286102295,0.9900000095367432,0.9700000286102295,0.9700000286102295,0.9700000286102295,22029000,nan,HKD,YAHOO_CHART,UNOFFICIAL_FREE_VENDOR,2026-07-21T03:21:14.119840+00:00,3d4b6a15f967c9e31318f6691a8541521f0d6f1fe6322d63068cac9c70a5807b
HKEX:01361,01361,1361.HK,2026-07-21,4.550000190734863,4.610000133514404,4.550000190734863,4.559999942779541,4.559999942779541,895000,nan,HKD,YAHOO_CHART,UNOFFICIAL_FREE_VENDOR,2026-07-21T03:21:14.119840+00:00,8ca777062160f6ea1b62a27a395a2fa0c9b0b6a0262b0ec0ce0fbb545ea0df8e
HKEX:01364,01364,1364.HK,2026-07-21,21.3799991607666,21.579999923706055,20.559999465942383,20.65999984741211,20.65999984741211,785200,nan,HKD,YAHOO_CHART,UNOFFICIAL_FREE_VENDOR,2026-07-21T03:21:14.119840+00:00,e026c7c436f4e521b03fe5c0b818ec6d47fb1f822337ec0aab00aaa7c41e7928
HKEX:01368,01368,1368.HK,2026-07-21,3.6700000762939453,3.75,3.630000114440918,3.7100000381469727,3.7100000381469727,13279272,nan,HKD,YAHOO_CHART,UNOFFICIAL_FREE_VENDOR,2026-07-21T03:21:14.119840+00:00,f72b8904729b42b27bed030ee2df2f51bb11b58a914f694712f011f66f82a94f
HKEX:01375,01375,1375.HK,2026-07-21,1.7300000190734863,1.7599999904632568,1.7000000476837158,1.7100000381469727,1.7100000381469727,7018000,nan,HKD,YAHOO_CHART,UNOFFICIAL_FREE_VENDOR,2026-07-21T03:21:14.119840+00:00,f1761ff0d0a0ab2ad0199576d5c5d9c2bf1fe8325b7936a7b90e2ff66fe943de
HKEX:01377,01377,1377.HK,2026-07-21,342.0,363.0,324.0,355.79998779296875,355.79998779296875,121500,nan,HKD,YAHOO_CHART,UNOFFICIAL_FREE_VENDOR,2026-07-21T03:21:14.119840+00:00,abcc79b5d3beedfcd3eb566af2d4c22d92ab84705b9e54b3d55d3def70bd3894
HKEX:01378,01378,1378.HK,2026-07-21,22.639999389648438,22.920000076293945,21.8799991607666,22.0,22.0,14505822,nan,HKD,YAHOO_CHART,UNOFFICIAL_FREE_VENDOR,2026-07-21T03:21:14.119840+00:00,a5e5e8a2fcae49402e9cfd5eeddecff945850948c8e63a206c6adf52d4bfe0f9
HKEX:01384,01384,1384.HK,2026-07-21,36.15999984741211,38.2599983215332,35.040000915527344,37.060001373291016,37.060001373291016,2538000,nan,HKD,YAHOO_CHART,UNOFFICIAL_FREE_VENDOR,2026-07-21T03:21:14.119840+00:00,cdef233f863b1aa3f85863b748e63a23c21ab45df225b3f83ba05a897d7d88e9
HKEX:01385,01385,1385.HK,2026-07-21,25.31999969482422,26.219999313354492,24.5,26.219999313354492,26.219999313354492,2251000,nan,HKD,YAHOO_CHART,UNOFFICIAL_FREE_VENDOR,2026-07-21T03:21:14.119840+00:00,09b75787509ebe4d18d95c59d3768be88ff01c03cc238d6fbd3ed78a9a577e10
HKEX:01398,01398,1398.HK,2026-07-21,7.050000190734863,7.139999866485596,7.0,7.0,7.0,38025745,nan,HKD,YAHOO_CHART,UNOFFICIAL_FREE_VENDOR,2026-07-21T03:21:14.119840+00:00,71a36f09d53b26af28102f6e081218dbfcfe611b6dc839d4e7f8c4fb876a3a24
HKEX:01405,01405,1405.HK,2026-07-21,39.5,39.68000030517578,37.0,37.15999984741211,37.15999984741211,224600,nan,HKD,YAHOO_CHART,UNOFFICIAL_FREE_VENDOR,2026-07-21T03:21:14.119840+00:00,ff838f4ff210179352bd202f1269622bbf16744d78dbe96a81c79977e894cc27
HKEX:01415,01415,1415.HK,2026-07-21,21.700000762939453,21.8799991607666,20.959999084472656,21.420000076293945,21.420000076293945,2565274,nan,HKD,YAHOO_CHART,UNOFFICIAL_FREE_VENDOR,2026-07-21T03:21:14.119840+00:00,e633eb0dd06a7f60ef4e3ff95d3de178f5d1ff93479a6b7fa5f87ef4c14f7b9e
HKEX:01428,01428,1428.HK,2026-07-21,6.28000020980835,6.360000133514404,6.139999866485596,6.179999828338623,6.179999828338623,3182280,nan,HKD,YAHOO_CHART,UNOFFICIAL_FREE_VENDOR,2026-07-21T03:21:14.119840+00:00,9ace3e06b572a550fc65581179999ff4e1199dea71519ce555158e3910dd4b78
HKEX:01456,01456,1456.HK,2026-07-21,4.019999980926514,4.170000076293945,4.019999980926514,4.050000190734863,4.050000190734863,1920500,nan,HKD,YAHOO_CHART,UNOFFICIAL_FREE_VENDOR,2026-07-21T03:21:14.119840+00:00,b282f7b7e3b3716cec0e97ede0a0c715d31c2908048813668e7351fc93ec24fd
HKEX:01475,01475,1475.HK,2026-07-21,6.449999809265137,6.599999904632568,6.449999809265137,6.46999979019165,6.46999979019165,5000,nan,HKD,YAHOO_CHART,UNOFFICIAL_FREE_VENDOR,2026-07-21T03:21:14.119840+00:00,6947988c7e0edab8b68827d61169d729f23c53831a6fd2af8b400708a0958eaf
HKEX:01478,01478,1478.HK,2026-07-21,6.730000019073486,6.769999980926514,6.610000133514404,6.710000038146973,6.710000038146973,2342000,nan,HKD,YAHOO_CHART,UNOFFICIAL_FREE_VENDOR,2026-07-21T03:21:14.119840+00:00,869f51ab54f11f31606494079752ae17edfb149f4bf456f4c8de70f023823ba9
HKEX:01513,01513,1513.HK,2026-07-21,26.5,26.6200008392334,26.18000030517578,26.239999771118164,26.239999771118164,92400,nan,HKD,YAHOO_CHART,UNOFFICIAL_FREE_VENDOR,2026-07-21T03:21:14.119840+00:00,90cac335cb2f0964ecb6e885ace0dcb8807381192169a488abcab4a7555acadc
HKEX:01519,01519,1519.HK,2026-07-21,9.329999923706055,9.359999656677246,9.220000267028809,9.260000228881836,9.260000228881836,6844800,nan,HKD,YAHOO_CHART,UNOFFICIAL_FREE_VENDOR,2026-07-21T03:21:14.119840+00:00,68bb0cc41cb883fda12d00b57563b6a352ba39b8ed7e8501dfeb3cf9d4ec5306
HKEX:01528,01528,1528.HK,2026-07-21,1.0499999523162842,1.059999942779541,1.0399999618530273,1.0499999523162842,1.0499999523162842,269000,nan,HKD,YAHOO_CHART,UNOFFICIAL_FREE_VENDOR,2026-07-21T03:21:14.119840+00:00,976c21a0f9542b567555ab4da3d35fecee391db0035a7d2ae306e1348b0fbbff
HKEX:01530,01530,1530.HK,2026-07-21,17.100000381469727,17.200000762939453,16.5,16.6200008392334,16.6200008392334,10489400,nan,HKD,YAHOO_CHART,UNOFFICIAL_FREE_VENDOR,2026-07-21T03:21:14.119840+00:00,ebf6115c77c0c8fee12737e9ad5627eccd9eaaa42a1b7507048a9a28c49b097e
HKEX:01548,01548,1548.HK,2026-07-21,14.050000190734863,14.210000038146973,13.75,14.140000343322754,14.140000343322754,4871600,nan,HKD,YAHOO_CHART,UNOFFICIAL_FREE_VENDOR,2026-07-21T03:21:14.119840+00:00,acf593acf9e3b2b25348b929d687f0b17532a9156be31f07bbfc0e4b8ad02151
HKEX:01579,01579,1579.HK,2026-07-21,15.3100004196167,15.520000457763672,15.25,15.289999961853027,15.289999961853027,602440,nan,HKD,YAHOO_CHART,UNOFFICIAL_FREE_VENDOR,2026-07-21T03:21:14.119840+00:00,ddd427c9993048825875af32eea028f7d2f351fee8bb666327aebad1364067e7
HKEX:01585,01585,1585.HK,2026-07-21,10.180000305175781,10.479999542236328,9.979999542236328,10.350000381469727,10.350000381469727,3259830,nan,HKD,YAHOO_CHART,UNOFFICIAL_FREE_VENDOR,2026-07-21T03:21:14.119840+00:00,36a5e74adc0d436d13bd4bf98ed329a6b3f32e88c3294cb28aed027c24b6b3d2
HKEX:01610,01610,1610.HK,2026-07-21,1.1200000047683716,1.1299999952316284,1.100000023841858,1.1200000047683716,1.1200000047683716,3888000,nan,HKD,YAHOO_CHART,UNOFFICIAL_FREE_VENDOR,2026-07-21T03:21:14.119840+00:00,4514055700b8c7c5ff8ed238c73b5457e256aeb100bcc98e7b19b15db05e247b
HKEX:01618,01618,1618.HK,2026-07-21,1.5299999713897705,1.5399999618530273,1.5099999904632568,1.5199999809265137,1.5199999809265137,4166000,nan,HKD,YAHOO_CHART,UNOFFICIAL_FREE_VENDOR,2026-07-21T03:21:14.119840+00:00,0f68e1e5158eeb1c4794e8d81f16e98da6aa4ccb045fa97c7bd9acb3dcc20e6d
HKEX:01635,01635,1635.HK,2026-07-21,2.3299999237060547,2.369999885559082,2.2899999618530273,2.359999895095825,2.359999895095825,5393000,nan,HKD,YAHOO_CHART,UNOFFICIAL_FREE_VENDOR,2026-07-21T03:21:14.119840+00:00,3015d6b060a7e0f3318b20556175c469f07e19e44534f3b16a135b4c2ee4f032
HKEX:01658,01658,1658.HK,2026-07-21,4.980000019073486,5.0,4.869999885559082,4.869999885559082,4.869999885559082,10401380,nan,HKD,YAHOO_CHART,UNOFFICIAL_FREE_VENDOR,2026-07-21T03:21:14.119840+00:00,32035622b08c3ab7e2228a0ce031f6f9c5aa4d9e3783b53eef0e1843a5dbd3f5
HKEX:01675,01675,1675.HK,2026-07-21,4.570000171661377,4.610000133514404,4.460000038146973,4.519999980926514,4.519999980926514,745000,nan,HKD,YAHOO_CHART,UNOFFICIAL_FREE_VENDOR,2026-07-21T03:21:14.119840+00:00,1e0a6d7e742edd345b9483627cef1df365c8dcf7a67b65c893e3fb40aacae8bb
HKEX:01681,01681,1681.HK,2026-07-21,13.75,13.789999961853027,13.470000267028809,13.489999771118164,13.489999771118164,221000,nan,HKD,YAHOO_CHART,UNOFFICIAL_FREE_VENDOR,2026-07-21T03:21:14.119840+00:00,652913fd72011b729bc3c7007360e0a810cd141445e0d86df340879f61de4c56
HKEX:01686,01686,1686.HK,2026-07-21,4.699999809265137,4.800000190734863,4.670000076293945,4.690000057220459,4.690000057220459,608000,nan,HKD,YAHOO_CHART,UNOFFICIAL_FREE_VENDOR,2026-07-21T03:21:14.119840+00:00,792058901f4633670579abfe213f519f9c5dca6cca327d8e4e9b98598df60185
HKEX:01688,01688,1688.HK,2026-07-21,6.550000190734863,6.710000038146973,6.329999923706055,6.670000076293945,6.670000076293945,9036720,nan,HKD,YAHOO_CHART,UNOFFICIAL_FREE_VENDOR,2026-07-21T03:21:14.119840+00:00,fe320581e129fb46294d2ccf264d65795c24779bcd75f56044d521f240eb5ef3
HKEX:01691,01691,1691.HK,2026-07-21,1.4500000476837158,1.4600000381469727,1.440000057220459,1.4500000476837158,1.4500000476837158,110000,nan,HKD,YAHOO_CHART,UNOFFICIAL_FREE_VENDOR,2026-07-21T03:21:14.119840+00:00,6837f228ff0a43a7e82295a5b8bb2bba0d2d1139f2e918495e36f01a42fd29fa
HKEX:01729,01729,1729.HK,2026-07-21,14.779999732971191,15.920000076293945,14.300000190734863,15.899999618530273,15.899999618530273,9924110,nan,HKD,YAHOO_CHART,UNOFFICIAL_FREE_VENDOR,2026-07-21T03:21:14.119840+00:00,7126898469f87106eb6d18a0e3cb9c2adfa9a0253ff9ce87a492df2a6aa3ccea
HKEX:01735,01735,1735.HK,2026-07-21,8.210000038146973,8.25,8.130000114440918,8.199999809265137,8.199999809265137,3556000,nan,HKD,YAHOO_CHART,UNOFFICIAL_FREE_VENDOR,2026-07-21T03:21:14.119840+00:00,354b817994c5c3bb209fb290c75e3d19b2d4310293bad2cedeede91882fdeed2
HKEX:01766,01766,1766.HK,2026-07-21,4.809999942779541,4.909999847412109,4.800000190734863,4.829999923706055,4.829999923706055,4856265,nan,HKD,YAHOO_CHART,UNOFFICIAL_FREE_VENDOR,2026-07-21T03:21:14.119840+00:00,253e9a364283ed3179e2e86c626a8e50294585defd0616161a2f8b2b52cec28f
HKEX:01768,01768,1768.HK,2026-07-21,381.3999938964844,390.3999938964844,380.79998779296875,384.3999938964844,384.3999938964844,10500,nan,HKD,YAHOO_CHART,UNOFFICIAL_FREE_VENDOR,2026-07-21T03:21:14.119840+00:00,0bc9496e629fc2ef27ff59872ade54db23f9904a3f6e1fc3ec0b9f9b8ffa52b9
HKEX:01772,01772,1772.HK,2026-07-21,35.79999923706055,36.900001525878906,34.86000061035156,36.20000076293945,36.20000076293945,7256254,nan,HKD,YAHOO_CHART,UNOFFICIAL_FREE_VENDOR,2026-07-21T03:21:14.119840+00:00,dbe9bd17722262ec5c3ad8a0066c782bcbce22ccfaae0bce64f7d4358e8bbed4
HKEX:01773,01773,1773.HK,2026-07-21,1.2400000095367432,1.25,1.2000000476837158,1.2100000381469727,1.2100000381469727,2519000,nan,HKD,YAHOO_CHART,UNOFFICIAL_FREE_VENDOR,2026-07-21T03:21:14.119840+00:00,a01ace3262e1aca630120a1549609b4158480621b0fa4fdcc38c1c201c0a314b
HKEX:01776,01776,1776.HK,2026-07-21,17.219999313354492,17.420000076293945,16.670000076293945,16.670000076293945,16.670000076293945,4360790,nan,HKD,YAHOO_CHART,UNOFFICIAL_FREE_VENDOR,2026-07-21T03:21:14.119840+00:00,fdac806569fada448698452234a563fe2a41e8e7439002dd18c2120c43912123
HKEX:01783,01783,1783.HK,2026-07-21,4.050000190734863,4.050000190734863,3.4100000858306885,3.809999942779541,3.809999942779541,10951000,nan,HKD,YAHOO_CHART,UNOFFICIAL_FREE_VENDOR,2026-07-21T03:21:14.119840+00:00,11a5d8eb9fa496cc26027d7285a62412013b21ca5c94dfb2216252be88deffb4
HKEX:01787,01787,1787.HK,2026-07-21,17.969999313354492,18.3799991607666,17.84000015258789,18.020000457763672,18.020000457763672,5539750,nan,HKD,YAHOO_CHART,UNOFFICIAL_FREE_VENDOR,2026-07-21T03:21:14.119840+00:00,a101c376b2b890ab772dbd5798b5077dff24f81aa00543e18906902f685eab68
HKEX:01788,01788,1788.HK,2026-07-21,2.1600000858306885,2.200000047683716,2.0899999141693115,2.0899999141693115,2.0899999141693115,52986000,nan,HKD,YAHOO_CHART,UNOFFICIAL_FREE_VENDOR,2026-07-21T03:21:14.119840+00:00,7c7644a083d50b84d839b2cdbbd66813e38abc2dfeb23a73982bccdc023c3ad5
HKEX:01789,01789,1789.HK,2026-07-21,5.809999942779541,5.880000114440918,5.699999809265137,5.730000019073486,5.730000019073486,444000,nan,HKD,YAHOO_CHART,UNOFFICIAL_FREE_VENDOR,2026-07-21T03:21:14.119840+00:00,85bb2bec9f09be67620f40ab2dd666a374708080e92c8a67dd7470f8b3d8f15e
HKEX:01797,01797,1797.HK,2026-07-21,23.200000762939453,23.579999923706055,22.860000610351562,22.920000076293945,22.920000076293945,1712500,nan,HKD,YAHOO_CHART,UNOFFICIAL_FREE_VENDOR,2026-07-21T03:21:14.119840+00:00,af08c1b16be07801f705e09feaad552c2ac4b650659b3b60cc1f4c1b90117f4b
HKEX:01800,01800,1800.HK,2026-07-21,3.8299999237060547,3.9100000858306885,3.8299999237060547,3.8399999141693115,3.8399999141693115,5183000,nan,HKD,YAHOO_CHART,UNOFFICIAL_FREE_VENDOR,2026-07-21T03:21:14.119840+00:00,d4acdd3b9323220f55bd9768e66e3c6938ba67ab64591ae1553ddad8e8df734d
HKEX:01801,01801,1801.HK,2026-07-21,92.05000305175781,93.0,90.19999694824219,90.69999694824219,90.69999694824219,3080854,nan,HKD,YAHOO_CHART,UNOFFICIAL_FREE_VENDOR,2026-07-21T03:21:14.119840+00:00,bdacd3e49f77722bd1d7b210b0437a77d512ed89ab27221fb8e1ec1f77a26bde
HKEX:01810,01810,1810.HK,2026-07-21,27.34000015258789,28.15999984741211,27.239999771118164,27.520000457763672,27.520000457763672,70502710,nan,HKD,YAHOO_CHART,UNOFFICIAL_FREE_VENDOR,2026-07-21T03:21:14.119840+00:00,70347ae714f76a850501e8cf9be8cdfd4eece25b4c0f9aeaaaf948cd909fda19
HKEX:01811,01811,1811.HK,2026-07-21,2.299999952316284,2.3299999237060547,2.2799999713897705,2.319999933242798,2.319999933242798,1122000,nan,HKD,YAHOO_CHART,UNOFFICIAL_FREE_VENDOR,2026-07-21T03:21:14.119840+00:00,030bfcca98161ebc11794ce9fae187f6882836fafdec980a977380ad87218ce4
HKEX:01816,01816,1816.HK,2026-07-21,2.869999885559082,2.9100000858306885,2.8499999046325684,2.9000000953674316,2.9000000953674316,21032800,nan,HKD,YAHOO_CHART,UNOFFICIAL_FREE_VENDOR,2026-07-21T03:21:14.119840+00:00,5faa856451d1951dba8deb60b01e638b98e5d961cb7974abea32107a1788aa1c
HKEX:01818,01818,1818.HK,2026-07-21,18.549999237060547,19.6200008392334,18.530000686645508,19.399999618530273,19.399999618530273,11425000,nan,HKD,YAHOO_CHART,UNOFFICIAL_FREE_VENDOR,2026-07-21T03:21:14.119840+00:00,d9f8f40cd53235a0bba4fd13d0e5fdde779fc568c0e024912cc3a345395e125f
HKEX:01828,01828,1828.HK,2026-07-21,29.3799991607666,29.540000915527344,29.139999389648438,29.360000610351562,29.360000610351562,47649,nan,HKD,YAHOO_CHART,UNOFFICIAL_FREE_VENDOR,2026-07-21T03:21:14.119840+00:00,fb1503c060b3ea1e8797053cf70c7f7bbd640dad14f9e71e37376f464ba7c0b3
HKEX:01833,01833,1833.HK,2026-07-21,7.599999904632568,7.730000019073486,7.420000076293945,7.449999809265137,7.449999809265137,5121300,nan,HKD,YAHOO_CHART,UNOFFICIAL_FREE_VENDOR,2026-07-21T03:21:14.119840+00:00,3d404b5d771f278e3cc68aa9b36d3e125e1bbebe95cce4a36b92e7c6757d39d4
HKEX:01836,01836,1836.HK,2026-07-21,14.199999809265137,14.199999809265137,13.890000343322754,14.0,14.0,792165,nan,HKD,YAHOO_CHART,UNOFFICIAL_FREE_VENDOR,2026-07-21T03:21:14.119840+00:00,e960b00ccf76fd6e47e98f4c352ef3d12c377edf6ed981b32e774b723f3f386f
HKEX:01858,01858,1858.HK,2026-07-21,8.829999923706055,9.039999961853027,8.779999732971191,8.789999961853027,8.789999961853027,209500,nan,HKD,YAHOO_CHART,UNOFFICIAL_FREE_VENDOR,2026-07-21T03:21:14.119840+00:00,38fce272e9ecf5be83f7273e5df9af7bd38a17cc4c2f4746b8f482d91c37d857
HKEX:01860,01860,1860.HK,2026-07-21,10.420000076293945,10.640000343322754,10.329999923706055,10.4399995803833,10.4399995803833,2848000,nan,HKD,YAHOO_CHART,UNOFFICIAL_FREE_VENDOR,2026-07-21T03:21:14.119840+00:00,d350183a240c2649fc57bdd668ba0766b3d26b01a006d5eb3068820b43559f12
HKEX:01876,01876,1876.HK,2026-07-21,6.699999809265137,6.849999904632568,6.690000057220459,6.760000228881836,6.760000228881836,3693700,nan,HKD,YAHOO_CHART,UNOFFICIAL_FREE_VENDOR,2026-07-21T03:21:14.119840+00:00,a41460df6223753ef92510ce5e0296643d866651ed2a14e086b243c0b47355d8
HKEX:01877,01877,1877.HK,2026-07-21,18.670000076293945,19.280000686645508,18.440000534057617,18.719999313354492,18.719999313354492,857800,nan,HKD,YAHOO_CHART,UNOFFICIAL_FREE_VENDOR,2026-07-21T03:21:14.119840+00:00,a4542144634b4e053965222b8a162ea0415519aff107b0c7a0b698b4d3707bb5
HKEX:01880,01880,1880.HK,2026-07-21,50.95000076293945,51.150001525878906,49.58000183105469,49.65999984741211,49.65999984741211,551800,nan,HKD,YAHOO_CHART,UNOFFICIAL_FREE_VENDOR,2026-07-21T03:21:14.119840+00:00,87a97b674a7866016b9a866f6ad1ef806a131b745c2f9d26f6977097e1941a58
HKEX:01882,01882,1882.HK,2026-07-21,20.479999542236328,20.639999389648438,20.040000915527344,20.440000534057617,20.440000534057617,1219770,nan,HKD,YAHOO_CHART,UNOFFICIAL_FREE_VENDOR,2026-07-21T03:21:14.119840+00:00,c0eb8472e9ea0d043e67c2651c50a8a0c7d847a8838797fefcc7fba05055ffb0
HKEX:01883,01883,1883.HK,2026-07-21,2.5999999046325684,2.609999895095825,2.5799999237060547,2.609999895095825,2.609999895095825,969000,nan,HKD,YAHOO_CHART,UNOFFICIAL_FREE_VENDOR,2026-07-21T03:21:14.119840+00:00,b6f17bcab1b320bdf04b574a9f611ff269ba690d44c8e263b440bec271a6ecc7
HKEX:01888,01888,1888.HK,2026-07-21,43.880001068115234,47.400001525878906,42.2599983215332,47.040000915527344,47.040000915527344,56349358,nan,HKD,YAHOO_CHART,UNOFFICIAL_FREE_VENDOR,2026-07-21T03:21:14.119840+00:00,2fd2ef05176647a9b1296980ba2f64fed1b8992d84991e1d5dabbfd9640cbe79
HKEX:01896,01896,1896.HK,2026-07-21,5.079999923706055,5.170000076293945,5.019999980926514,5.079999923706055,5.079999923706055,3434800,nan,HKD,YAHOO_CHART,UNOFFICIAL_FREE_VENDOR,2026-07-21T03:21:14.119840+00:00,84067c65f43212cbfa515aef893cba223adc8bd94f8010b584d5cc4ed94bd7ae
HKEX:01898,01898,1898.HK,2026-07-21,10.779999732971191,10.779999732971191,10.5,10.550000190734863,10.550000190734863,6100000,nan,HKD,YAHOO_CHART,UNOFFICIAL_FREE_VENDOR,2026-07-21T03:21:14.119840+00:00,063a51af740655d303c5f3d2248e58918ebca616275687afbf1f65b9ff6ba044
HKEX:01907,01907,1907.HK,2026-07-21,1.8700000047683716,1.9299999475479126,1.8600000143051147,1.9199999570846558,1.9199999570846558,7413000,nan,HKD,YAHOO_CHART,UNOFFICIAL_FREE_VENDOR,2026-07-21T03:21:14.119840+00:00,763bed2181cff4a8880c26158f549fe2547e3969e2a3df3162c7a730357cf604
HKEX:01908,01908,1908.HK,2026-07-21,14.770000457763672,14.770000457763672,14.359999656677246,14.479999542236328,14.479999542236328,924401,nan,HKD,YAHOO_CHART,UNOFFICIAL_FREE_VENDOR,2026-07-21T03:21:14.119840+00:00,bbe35aac1ea9d7ade0dedce680096522df9b4feb3285cacd9580e85d6f856dcb
HKEX:01910,01910,1910.HK,2026-07-21,13.880000114440918,13.960000038146973,13.539999961853027,13.630000114440918,13.630000114440918,1135200,nan,HKD,YAHOO_CHART,UNOFFICIAL_FREE_VENDOR,2026-07-21T03:21:14.119840+00:00,56889a8300255634e6112fca200eaaf9ea48d3dc4d3032a5ae55ab504881fd0d
HKEX:01918,01918,1918.HK,2026-07-21,0.5299999713897705,0.5400000214576721,0.5099999904632568,0.5199999809265137,0.5199999809265137,80064000,nan,HKD,YAHOO_CHART,UNOFFICIAL_FREE_VENDOR,2026-07-21T03:21:14.119840+00:00,15293a740776459ff2774cda4b625ab426bd234376de574a2be96bb6c4316143
HKEX:01919,01919,1919.HK,2026-07-21,15.1899995803833,15.260000228881836,15.010000228881836,15.029999732971191,15.029999732971191,5639944,nan,HKD,YAHOO_CHART,UNOFFICIAL_FREE_VENDOR,2026-07-21T03:21:14.119840+00:00,1cf152f0181ad164ee675ef48670ee186aad0fd0e26d4f92061eba67d301d460
HKEX:01921,01921,1921.HK,2026-07-21,3.299999952316284,3.380000114440918,3.190000057220459,3.369999885559082,3.369999885559082,2882000,nan,HKD,YAHOO_CHART,UNOFFICIAL_FREE_VENDOR,2026-07-21T03:21:14.119840+00:00,8116632d7d095fd2f08f1bfb144e29f235229082b2445d13ea861255cc7b06db
HKEX:01928,01928,1928.HK,2026-07-21,13.319999694824219,13.420000076293945,13.149999618530273,13.34000015258789,13.34000015258789,2641922,nan,HKD,YAHOO_CHART,UNOFFICIAL_FREE_VENDOR,2026-07-21T03:21:14.119840+00:00,eed4e4a07c461625359e38ca3cbe15efff3d3d5c92e44bd40edc7b285fc88b62
HKEX:01929,01929,1929.HK,2026-07-21,12.09000015258789,12.300000190734863,12.020000457763672,12.210000038146973,12.210000038146973,3598040,nan,HKD,YAHOO_CHART,UNOFFICIAL_FREE_VENDOR,2026-07-21T03:21:14.119840+00:00,1ecd316120b9124399fe6c2f98e1c68519bd66489204795d8dd681198f0f7b11
HKEX:01951,01951,1951.HK,2026-07-21,2.2300000190734863,2.2300000190734863,2.119999885559082,2.130000114440918,2.130000114440918,6100000,nan,HKD,YAHOO_CHART,UNOFFICIAL_FREE_VENDOR,2026-07-21T03:21:14.119840+00:00,92220db9182ec592a862dcb1c43ce2c29853e910c0bcc24e75e6f6d0f4a872fa
HKEX:01952,01952,1952.HK,2026-07-21,25.559999465942383,25.979999542236328,24.8799991607666,24.979999542236328,24.979999542236328,1119500,nan,HKD,YAHOO_CHART,UNOFFICIAL_FREE_VENDOR,2026-07-21T03:21:14.119840+00:00,c5ea8091c6790747a9783659b1d25b7616e1fcb4fcc0de36410fde8908f48e07
HKEX:01963,01963,1963.HK,2026-07-21,7.71999979019165,8.029999732971191,7.71999979019165,7.900000095367432,7.900000095367432,445000,nan,HKD,YAHOO_CHART,UNOFFICIAL_FREE_VENDOR,2026-07-21T03:21:14.119840+00:00,26d3dafa18596a505c785863c1bf3710b55a76af348654e89314fd3f129a1711
HKEX:01972,01972,1972.HK,2026-07-21,22.100000381469727,22.399999618530273,21.920000076293945,22.18000030517578,22.18000030517578,391298,nan,HKD,YAHOO_CHART,UNOFFICIAL_FREE_VENDOR,2026-07-21T03:21:14.119840+00:00,e1dedb43d867250622dcf256d809ff210c9671342a24afd84fb21b2219a381d5
HKEX:01988,01988,1988.HK,2026-07-21,3.549999952316284,3.630000114440918,3.5399999618530273,3.5799999237060547,3.5799999237060547,12660288,nan,HKD,YAHOO_CHART,UNOFFICIAL_FREE_VENDOR,2026-07-21T03:21:14.119840+00:00,ef6c305fc4152e0718b3962dfc648077d74676a28c4b68fb10ab094fd920c876
HKEX:01989,01989,1989.HK,2026-07-21,123.5,127.5999984741211,114.19999694824219,127.5,127.5,636800,nan,HKD,YAHOO_CHART,UNOFFICIAL_FREE_VENDOR,2026-07-21T03:21:14.119840+00:00,7c26ed5debace7f5181008e4c29b65d943caa0c009811bf42057460b3c6c03a8
HKEX:01997,01997,1997.HK,2026-07-21,25.0,25.360000610351562,24.940000534057617,25.020000457763672,25.020000457763672,865945,nan,HKD,YAHOO_CHART,UNOFFICIAL_FREE_VENDOR,2026-07-21T03:21:14.119840+00:00,87c504c0cb96668321d501ba0758ed13040f9f744dbd37f04bcb6f8257cfa30d
HKEX:01999,01999,1999.HK,2026-07-21,3.25,3.25,3.119999885559082,3.140000104904175,3.140000104904175,2796450,nan,HKD,YAHOO_CHART,UNOFFICIAL_FREE_VENDOR,2026-07-21T03:21:14.119840+00:00,cd3329bf58614e09535fe2a74c46af50a5c1a230d6e444020ecd7744b6b6e677
HKEX:02005,02005,2005.HK,2026-07-21,2.4200000762939453,2.450000047683716,2.4100000858306885,2.4200000762939453,2.4200000762939453,982000,nan,HKD,YAHOO_CHART,UNOFFICIAL_FREE_VENDOR,2026-07-21T03:21:14.119840+00:00,6ff4304ea91d387aab3642ab812d7c5dc248e6d0bb28c42b284a32525a80a7c6
HKEX:02007,02007,2007.HK,2026-07-21,0.17800000309944153,0.18000000715255737,0.17399999499320984,0.17499999701976776,0.17499999701976776,72516679,nan,HKD,YAHOO_CHART,UNOFFICIAL_FREE_VENDOR,2026-07-21T03:21:14.119840+00:00,0a4a051acac4185e5d1455b143434f8f3c7a56b3f6538a2c9be5c5171b957171
HKEX:02009,02009,2009.HK,2026-07-21,0.5799999833106995,0.5799999833106995,0.5699999928474426,0.5799999833106995,0.5799999833106995,4487000,nan,HKD,YAHOO_CHART,UNOFFICIAL_FREE_VENDOR,2026-07-21T03:21:14.119840+00:00,b7b4d1624e820afcd3e4bb2478ed00c3274134f046a8ae3ded7bd16e1cec2adf
HKEX:02013,02013,2013.HK,2026-07-21,1.1699999570846558,1.1799999475479126,1.149999976158142,1.159999966621399,1.159999966621399,5424000,nan,HKD,YAHOO_CHART,UNOFFICIAL_FREE_VENDOR,2026-07-21T03:21:14.119840+00:00,3cb002fbcd539f7ca89310779ec455a098264f6676f2d45e25698527ab823a35
HKEX:02015,02015,2015.HK,2026-07-21,49.099998474121094,49.13999938964844,48.18000030517578,48.599998474121094,48.599998474121094,2853520,nan,HKD,YAHOO_CHART,UNOFFICIAL_FREE_VENDOR,2026-07-21T03:21:14.119840+00:00,ca803fd7572fbdea6cee18c96f66416a1e29daaef1261edb08829928ba5cbbc9
HKEX:02016,02016,2016.HK,2026-07-21,2.3399999141693115,2.369999885559082,2.319999933242798,2.3399999141693115,2.3399999141693115,1689000,nan,HKD,YAHOO_CHART,UNOFFICIAL_FREE_VENDOR,2026-07-21T03:21:14.119840+00:00,843073eb08d5063304462399465404b9999fa257bc352f9a19e4eab86dfb97da
HKEX:02018,02018,2018.HK,2026-07-21,39.2400016784668,39.900001525878906,38.599998474121094,39.7400016784668,39.7400016784668,1551792,nan,HKD,YAHOO_CHART,UNOFFICIAL_FREE_VENDOR,2026-07-21T03:21:14.119840+00:00,3a1dabf2acfc043024bab3bd1c5cfce9728c8c7b992855d90a36f592d6348ba3
HKEX:02020,02020,2020.HK,2026-07-21,76.8499984741211,77.80000305175781,76.5,77.30000305175781,77.30000305175781,2072960,nan,HKD,YAHOO_CHART,UNOFFICIAL_FREE_VENDOR,2026-07-21T03:21:14.119840+00:00,bce5b7c708e9f9fcbe758f3537ff793b2f0d6d53bf7c42653f656cc685c2f334
HKEX:02026,02026,2026.HK,2026-07-21,53.099998474121094,53.900001525878906,52.5,53.849998474121094,53.849998474121094,288120,nan,HKD,YAHOO_CHART,UNOFFICIAL_FREE_VENDOR,2026-07-21T03:21:14.119840+00:00,fdaf32f517f61ae0f17b390b424fd9bf4461c2ea0bf395e4400f363a4a9b30ab
HKEX:02038,02038,2038.HK,2026-07-21,18.0,18.110000610351562,17.5,18.110000610351562,18.110000610351562,387000,nan,HKD,YAHOO_CHART,UNOFFICIAL_FREE_VENDOR,2026-07-21T03:21:14.119840+00:00,8acc1f144ffadb35cb08924b18ccb46134ec3fc97c1b35d072f6a38569d7b30c
HKEX:02039,02039,2039.HK,2026-07-21,7.050000190734863,7.329999923706055,6.809999942779541,6.989999771118164,6.989999771118164,4021000,nan,HKD,YAHOO_CHART,UNOFFICIAL_FREE_VENDOR,2026-07-21T03:21:14.119840+00:00,6d79b4fe1b24466609f1d02574388e98aafc3a8c60e879872af9520eca925100
HKEX:02050,02050,2050.HK,2026-07-21,25.899999618530273,26.260000228881836,25.239999771118164,26.200000762939453,26.200000762939453,4290177,nan,HKD,YAHOO_CHART,UNOFFICIAL_FREE_VENDOR,2026-07-21T03:21:14.119840+00:00,c9721db7d2507cd58fc3ec3140ae1a510af4cdf1fb06caef8347a8942eb41945
HKEX:02057,02057,2057.HK,2026-07-21,190.5,191.1999969482422,186.89999389648438,188.0,188.0,266548,nan,HKD,YAHOO_CHART,UNOFFICIAL_FREE_VENDOR,2026-07-21T03:21:14.119840+00:00,16c1374d7507fde2c6e3fb083f7243afa7b64d6e364c3a7406a93cbb5eed0a3b
HKEX:02068,02068,2068.HK,2026-07-21,1.7599999904632568,1.7899999618530273,1.7599999904632568,1.7599999904632568,1.7599999904632568,204000,nan,HKD,YAHOO_CHART,UNOFFICIAL_FREE_VENDOR,2026-07-21T03:21:14.119840+00:00,35dec6d60875408826748a31d326c882af5967ea9a0a6e8c6ca750dbfbcae58b
HKEX:02096,02096,2096.HK,2026-07-21,13.020000457763672,13.260000228881836,12.829999923706055,13.029999732971191,13.029999732971191,2914745,nan,HKD,YAHOO_CHART,UNOFFICIAL_FREE_VENDOR,2026-07-21T03:21:14.119840+00:00,6eaa65344aa8ac652c7c85eba20af24346ee574c0933a4244ee12005813a62c4
HKEX:02097,02097,2097.HK,2026-07-21,222.8000030517578,226.8000030517578,209.1999969482422,209.60000610351562,209.60000610351562,435900,nan,HKD,YAHOO_CHART,UNOFFICIAL_FREE_VENDOR,2026-07-21T03:21:14.119840+00:00,deb93c076c03b52b95148d10ed3fa888e4e1fe69f8cf1bc6795c1224ecf5cbe2
HKEX:02099,02099,2099.HK,2026-07-21,141.6999969482422,151.60000610351562,141.6999969482422,150.8000030517578,150.8000030517578,1592006,nan,HKD,YAHOO_CHART,UNOFFICIAL_FREE_VENDOR,2026-07-21T03:21:14.119840+00:00,d3654599a5bcec3aa7ed110c4e2cdae46eec88323ded2685bc0224652f320a2f
HKEX:02128,02128,2128.HK,2026-07-21,3.890000104904175,3.950000047683716,3.869999885559082,3.930000066757202,3.930000066757202,2372000,nan,HKD,YAHOO_CHART,UNOFFICIAL_FREE_VENDOR,2026-07-21T03:21:14.119840+00:00,7ff3b8af8e8c3cee42a9963216ccedfe2f921f8f95a72aa9e2a541cb26a97861
HKEX:02145,02145,2145.HK,2026-07-21,28.260000228881836,29.200000762939453,27.700000762939453,27.860000610351562,27.860000610351562,424200,nan,HKD,YAHOO_CHART,UNOFFICIAL_FREE_VENDOR,2026-07-21T03:21:14.119840+00:00,96e35b9d71aea73dce37a57d076d364f5a1d1ec2a694a73f52d45435b251701e
HKEX:02155,02155,2155.HK,2026-07-21,7.840000152587891,7.869999885559082,7.630000114440918,7.829999923706055,7.829999923706055,950000,nan,HKD,YAHOO_CHART,UNOFFICIAL_FREE_VENDOR,2026-07-21T03:21:14.119840+00:00,5ba697e553341d1160905a4489529aa6188ff17f0770deee668bdc9f6e42ca44
HKEX:02157,02157,2157.HK,2026-07-21,4.550000190734863,4.619999885559082,4.489999771118164,4.5,4.5,2911000,nan,HKD,YAHOO_CHART,UNOFFICIAL_FREE_VENDOR,2026-07-21T03:21:14.119840+00:00,532fb0b0edd43c139f40ee5618a7a8f8b6af00d1df8d5f94414932f3c6d4f0bb
HKEX:02158,02158,2158.HK,2026-07-21,4.769999980926514,4.849999904632568,4.739999771118164,4.769999980926514,4.769999980926514,1229162,nan,HKD,YAHOO_CHART,UNOFFICIAL_FREE_VENDOR,2026-07-21T03:21:14.119840+00:00,a9a7e8172fcad0eb79ff43e4d4352d7ee3d229dca76bc9bdf4d94853d8025d93
HKEX:02162,02162,2162.HK,2026-07-21,88.25,88.80000305175781,83.25,85.0,85.0,750000,nan,HKD,YAHOO_CHART,UNOFFICIAL_FREE_VENDOR,2026-07-21T03:21:14.119840+00:00,932020afbfe84277d8da3045a360afd212fc6297d0627f142207229a03c15069
HKEX:02171,02171,2171.HK,2026-07-21,15.199999809265137,15.699999809265137,14.630000114440918,14.850000381469727,14.850000381469727,943500,nan,HKD,YAHOO_CHART,UNOFFICIAL_FREE_VENDOR,2026-07-21T03:21:14.119840+00:00,64e9e1344da73d2c41c4dc9470530c15ecf666828771b84d55e96e998f741065
HKEX:02172,02172,2172.HK,2026-07-21,8.84000015258789,8.920000076293945,8.699999809265137,8.770000457763672,8.770000457763672,396000,nan,HKD,YAHOO_CHART,UNOFFICIAL_FREE_VENDOR,2026-07-21T03:21:14.119840+00:00,b40e9ad58c5311e45a4c01e7c69d805917c2fb528a3d71f6e1fb4229114902da
HKEX:02186,02186,2186.HK,2026-07-21,2.1600000858306885,2.1600000858306885,2.0799999237060547,2.0899999141693115,2.0899999141693115,10022500,nan,HKD,YAHOO_CHART,UNOFFICIAL_FREE_VENDOR,2026-07-21T03:21:14.119840+00:00,9ccb0ffda92af3b0b1a546a04df42362e5019a211f03468365a1917f5cbdcca8
HKEX:02192,02192,2192.HK,2026-07-21,7.510000228881836,7.519999980926514,7.380000114440918,7.400000095367432,7.400000095367432,881500,nan,HKD,YAHOO_CHART,UNOFFICIAL_FREE_VENDOR,2026-07-21T03:21:14.119840+00:00,e471d1b51c6c5c1f3073991b82a39b0e751dde44cab10a22aa7567bd8654b69c
HKEX:02196,02196,2196.HK,2026-07-21,16.56999969482422,16.75,16.18000030517578,16.229999542236328,16.229999542236328,899500,nan,HKD,YAHOO_CHART,UNOFFICIAL_FREE_VENDOR,2026-07-21T03:21:14.119840+00:00,38a89d8f4bd8f0c43258cccf72a26d1e39e6a1b9a9c53db127f034f484649e9a
HKEX:02202,02202,2202.HK,2026-07-21,2.4600000381469727,2.4600000381469727,2.380000114440918,2.390000104904175,2.390000104904175,6884800,nan,HKD,YAHOO_CHART,UNOFFICIAL_FREE_VENDOR,2026-07-21T03:21:14.119840+00:00,b1676d2b3749db4592564131c2a1499a940b9bb31f1b2ee1288d8fc54ee451f7
HKEX:02208,02208,2208.HK,2026-07-21,9.399999618530273,9.609999656677246,9.300000190734863,9.59000015258789,9.59000015258789,7529960,nan,HKD,YAHOO_CHART,UNOFFICIAL_FREE_VENDOR,2026-07-21T03:21:14.119840+00:00,43be7e795d187743a3b73e3b69d80152d4aba8984650c0f92209242185026d6a
HKEX:02218,02218,2218.HK,2026-07-21,15.0,15.359999656677246,14.630000114440918,15.100000381469727,15.100000381469727,206000,nan,HKD,YAHOO_CHART,UNOFFICIAL_FREE_VENDOR,2026-07-21T03:21:14.119840+00:00,c222d5850fbe816d588b0a7a5f5796345d7c0fbbdcd2cc26df56bef3687e7cfd
HKEX:02228,02228,2228.HK,2026-07-21,7.260000228881836,7.260000228881836,6.809999942779541,6.949999809265137,6.949999809265137,27718800,nan,HKD,YAHOO_CHART,UNOFFICIAL_FREE_VENDOR,2026-07-21T03:21:14.119840+00:00,768974e2eba51bbcd222240f4213e009043ee227cdb3c59440c2039f23754699
HKEX:02232,02232,2232.HK,2026-07-21,5.889999866485596,5.980000019073486,5.889999866485596,5.920000076293945,5.920000076293945,233500,nan,HKD,YAHOO_CHART,UNOFFICIAL_FREE_VENDOR,2026-07-21T03:21:14.119840+00:00,28540878ee2d83d76199ea9398c6aae5228d02f834bbf1db124917a7c3706637
HKEX:02233,02233,2233.HK,2026-07-21,1.6799999475479126,1.7200000286102295,1.6799999475479126,1.7000000476837158,1.7000000476837158,4438000,nan,HKD,YAHOO_CHART,UNOFFICIAL_FREE_VENDOR,2026-07-21T03:21:14.119840+00:00,89fc7e12ddd08151d3a46ecea0aa57ee5a3b806633e73144d31ca1f56c965601
HKEX:02238,02238,2238.HK,2026-07-21,2.1700000762939453,2.200000047683716,2.1600000858306885,2.1600000858306885,2.1600000858306885,3246508,nan,HKD,YAHOO_CHART,UNOFFICIAL_FREE_VENDOR,2026-07-21T03:21:14.119840+00:00,e5bfb94e5b3c05a3e239f81ec069baed0c8d118d16204b0c39c14f6e3fe302ee
HKEX:02252,02252,2252.HK,2026-07-21,21.079999923706055,21.459999084472656,20.100000381469727,20.799999237060547,20.799999237060547,2029000,nan,HKD,YAHOO_CHART,UNOFFICIAL_FREE_VENDOR,2026-07-21T03:21:14.119840+00:00,7680b25c0a36c3ab01b4aa3af2a1f087d5d9a8b79abf0ff3dceba6f0f5aa6f09
HKEX:02255,02255,2255.HK,2026-07-21,0.3199999928474426,0.32499998807907104,0.3149999976158142,0.3199999928474426,0.3199999928474426,7898000,nan,HKD,YAHOO_CHART,UNOFFICIAL_FREE_VENDOR,2026-07-21T03:21:14.119840+00:00,e7faefacdabb90f864c7cc3a9c068c32e51b64bad73aff400cdfb82f9f41f134
HKEX:02259,02259,2259.HK,2026-07-21,99.30000305175781,102.4000015258789,98.5999984741211,101.0,101.0,2344134,nan,HKD,YAHOO_CHART,UNOFFICIAL_FREE_VENDOR,2026-07-21T03:21:14.119840+00:00,528f86777481ec28aea4322aceb62dc6ee9fb4b8ac5201152d4fb49036fa9ced
HKEX:02268,02268,2268.HK,2026-07-21,56.45000076293945,56.900001525878906,54.650001525878906,55.400001525878906,55.400001525878906,1369650,nan,HKD,YAHOO_CHART,UNOFFICIAL_FREE_VENDOR,2026-07-21T03:21:14.119840+00:00,266488d01f4daee42c8872560205702cb07c9cb11379e3cd40cd78625226bf38
HKEX:02269,02269,2269.HK,2026-07-21,38.5,38.7599983215332,37.63999938964844,38.08000183105469,38.08000183105469,6040921,nan,HKD,YAHOO_CHART,UNOFFICIAL_FREE_VENDOR,2026-07-21T03:21:14.119840+00:00,0bbf6e01a02c101ca362f41881ba34d32b8b2dd6e25fb0749b2f561beacf34b7
HKEX:02273,02273,2273.HK,2026-07-21,30.780000686645508,30.799999237060547,28.899999618530273,28.899999618530273,28.899999618530273,239100,nan,HKD,YAHOO_CHART,UNOFFICIAL_FREE_VENDOR,2026-07-21T03:21:14.119840+00:00,5ca30ff7cd63de24fa793093171be870e77aff191fcb27a757c3ca8aa06e8eb3
HKEX:02276,02276,2276.HK,2026-07-21,28.399999618530273,28.959999084472656,27.260000228881836,28.639999389648438,28.639999389648438,1753200,nan,HKD,YAHOO_CHART,UNOFFICIAL_FREE_VENDOR,2026-07-21T03:21:14.119840+00:00,da5983eaa0c20de3b121478229b88f67ecd54a560350d23332e65e18a2345e24
HKEX:02282,02282,2282.HK,2026-07-21,10.369999885559082,10.399999618530273,10.180000305175781,10.220000267028809,10.220000267028809,890190,nan,HKD,YAHOO_CHART,UNOFFICIAL_FREE_VENDOR,2026-07-21T03:21:14.119840+00:00,7643ae813e5fb266597ef03105fd1d48fffe432d3e9e11627ad1ca524eb2cf83
HKEX:02285,02285,2285.HK,2026-07-21,19.010000228881836,19.5,18.399999618530273,18.450000762939453,18.450000762939453,161000,nan,HKD,YAHOO_CHART,UNOFFICIAL_FREE_VENDOR,2026-07-21T03:21:14.119840+00:00,bd2d2991227326472cd31c26180b7a8adb66ec35ad950dc748f5722224d0407f
HKEX:02291,02291,2291.HK,2026-07-21,11.4399995803833,12.140000343322754,11.25,11.65999984741211,11.65999984741211,1264000,nan,HKD,YAHOO_CHART,UNOFFICIAL_FREE_VENDOR,2026-07-21T03:21:14.119840+00:00,f6106e214b005c8297e64a23428807a9a50a2169bdeb4656d9c15be6a490b8a3
HKEX:02313,02313,2313.HK,2026-07-21,43.560001373291016,44.560001373291016,43.560001373291016,44.02000045776367,44.02000045776367,2042500,nan,HKD,YAHOO_CHART,UNOFFICIAL_FREE_VENDOR,2026-07-21T03:21:14.119840+00:00,e40f7cf2e12d2792a71d9f6db00ac5bfc8ef640d4be5f32301991d3edbb2f2c2
HKEX:02314,02314,2314.HK,2026-07-21,3.700000047683716,3.940000057220459,3.5999999046325684,3.8299999237060547,3.8299999237060547,22834400,nan,HKD,YAHOO_CHART,UNOFFICIAL_FREE_VENDOR,2026-07-21T03:21:14.119840+00:00,d3cd913727ce3a5c5c6ae71ddbc6fdbb81cc904b1768112f79545d161fcd1070
HKEX:02315,02315,2315.HK,2026-07-21,51.79999923706055,54.54999923706055,51.04999923706055,51.75,51.75,626000,nan,HKD,YAHOO_CHART,UNOFFICIAL_FREE_VENDOR,2026-07-21T03:21:14.119840+00:00,2440b39443fea86c3137eb9d95e7b7b84ef689b5337ca3b9b29d37316cf43710
HKEX:02318,02318,2318.HK,2026-07-21,56.099998474121094,57.0,55.79999923706055,56.150001525878906,56.150001525878906,14900251,nan,HKD,YAHOO_CHART,UNOFFICIAL_FREE_VENDOR,2026-07-21T03:21:14.119840+00:00,651d5f99839a0e3c0a3aabd37e6a34725b487782a955a5b5408e6dda6ac6fb25
HKEX:02319,02319,2319.HK,2026-07-21,18.530000686645508,18.81999969482422,18.389999389648438,18.459999084472656,18.459999084472656,6934739,nan,HKD,YAHOO_CHART,UNOFFICIAL_FREE_VENDOR,2026-07-21T03:21:14.119840+00:00,4bc8748aa5b2431e1d0ee4742b5eb0cfbad896471145311110a63e6067941dce
HKEX:02328,02328,2328.HK,2026-07-21,14.609999656677246,15.09000015258789,14.609999656677246,14.770000457763672,14.770000457763672,9180035,nan,HKD,YAHOO_CHART,UNOFFICIAL_FREE_VENDOR,2026-07-21T03:21:14.119840+00:00,9bcfd76e9d34d7e8c449d41f1c2415cc8bc307470f2e26aff297b592e7dbee98
HKEX:02331,02331,2331.HK,2026-07-21,14.800000190734863,15.109999656677246,14.800000190734863,14.869999885559082,14.869999885559082,10936016,nan,HKD,YAHOO_CHART,UNOFFICIAL_FREE_VENDOR,2026-07-21T03:21:14.119840+00:00,ff9aace2d81fb3795c94dd681736b1674637d1051a27255b9ade1360653c9618
HKEX:02333,02333,2333.HK,2026-07-21,9.180000305175781,9.40999984741211,9.100000381469727,9.130000114440918,9.130000114440918,7616100,nan,HKD,YAHOO_CHART,UNOFFICIAL_FREE_VENDOR,2026-07-21T03:21:14.119840+00:00,9a271dbea58baf660de2db21ab939cc0becd2f41704abffdf38756bf346835db
HKEX:02338,02338,2338.HK,2026-07-21,29.440000534057617,31.65999984741211,29.440000534057617,31.65999984741211,31.65999984741211,5940279,nan,HKD,YAHOO_CHART,UNOFFICIAL_FREE_VENDOR,2026-07-21T03:21:14.119840+00:00,be7057332bfddc46c8ebc97a1d8894730c2af7100c29cbdced703fc48f1427fe
HKEX:02343,02343,2343.HK,2026-07-21,3.0799999237060547,3.140000104904175,3.059999942779541,3.130000114440918,3.130000114440918,2266604,nan,HKD,YAHOO_CHART,UNOFFICIAL_FREE_VENDOR,2026-07-21T03:21:14.119840+00:00,0333b362c71aad79525bafe3bfda3d6ce23c1e21cc5f156069075dd20aafa07f
HKEX:02356,02356,2356.HK,2026-07-21,12.75,12.75,12.569999694824219,12.600000381469727,12.600000381469727,152400,nan,HKD,YAHOO_CHART,UNOFFICIAL_FREE_VENDOR,2026-07-21T03:21:14.119840+00:00,1491c8f7917f8a7fd7f4ee62336db74db9d413e4add34174d0714a9e0d9e63bd
HKEX:02357,02357,2357.HK,2026-07-21,2.9800000190734863,2.990000009536743,2.930000066757202,2.940000057220459,2.940000057220459,4008000,nan,HKD,YAHOO_CHART,UNOFFICIAL_FREE_VENDOR,2026-07-21T03:21:14.119840+00:00,678cbf5e86c53eddad578f0aed1a14dff08b7d4ae4550ce7926467638204c2fd
HKEX:02359,02359,2359.HK,2026-07-21,157.8000030517578,159.0,154.3000030517578,155.39999389648438,155.39999389648438,1830589,nan,HKD,YAHOO_CHART,UNOFFICIAL_FREE_VENDOR,2026-07-21T03:21:14.119840+00:00,57be8ebd347930f334ec6da89575aae24eb28a9a3e078e3c7457bc61200d4b08
HKEX:02367,02367,2367.HK,2026-07-21,29.0,29.600000381469727,28.799999237060547,28.899999618530273,28.899999618530273,1063880,nan,HKD,YAHOO_CHART,UNOFFICIAL_FREE_VENDOR,2026-07-21T03:21:14.119840+00:00,257d29fcd42cbb6d98ae356abdddb663c1d76c41379a8470c58e3f718764a166
HKEX:02378,02378,2378.HK,2026-07-21,109.5999984741211,110.19999694824219,108.80000305175781,109.5,109.5,30047,nan,HKD,YAHOO_CHART,UNOFFICIAL_FREE_VENDOR,2026-07-21T03:21:14.119840+00:00,4cc84799ac60d43324eb34c063e57d09fd97648151dbc3969510331faa66173e
HKEX:02380,02380,2380.HK,2026-07-21,2.880000114440918,2.880000114440918,2.809999942779541,2.880000114440918,2.880000114440918,12266000,nan,HKD,YAHOO_CHART,UNOFFICIAL_FREE_VENDOR,2026-07-21T03:21:14.119840+00:00,44b853f5da418d6a9fb741b38d2a353f8be77d8bf18c39f92f26cd876a049519
HKEX:02382,02382,2382.HK,2026-07-21,54.95000076293945,56.599998474121094,54.5,56.599998474121094,56.599998474121094,5194896,nan,HKD,YAHOO_CHART,UNOFFICIAL_FREE_VENDOR,2026-07-21T03:21:14.119840+00:00,ed3136dd01bd791ff82a0d98cdfe16fc617e88044302de8871faae0ed7158c11
HKEX:02386,02386,2386.HK,2026-07-21,5.360000133514404,5.440000057220459,5.300000190734863,5.389999866485596,5.389999866485596,494000,nan,HKD,YAHOO_CHART,UNOFFICIAL_FREE_VENDOR,2026-07-21T03:21:14.119840+00:00,43200af386ef7c7a616f1d9439f8352346359cad51ae25589e96d5ac852519a9
HKEX:02388,02388,2388.HK,2026-07-21,47.0,47.279998779296875,46.540000915527344,46.84000015258789,46.84000015258789,1608197,nan,HKD,YAHOO_CHART,UNOFFICIAL_FREE_VENDOR,2026-07-21T03:21:14.119840+00:00,7f3332efa8074039222d371080a5bd95fce0573f62eb91cbe0b2cb35d9b07ade
HKEX:02400,02400,2400.HK,2026-07-21,44.84000015258789,45.68000030517578,43.220001220703125,43.619998931884766,43.619998931884766,794310,nan,HKD,YAHOO_CHART,UNOFFICIAL_FREE_VENDOR,2026-07-21T03:21:14.119840+00:00,f97ead8c393fd317e0475ed81b3699ce292c3b2a8d5edf45b261df46fc42832f
HKEX:02402,02402,2402.HK,2026-07-21,13.140000343322754,13.140000343322754,11.800000190734863,12.300000190734863,12.300000190734863,538800,nan,HKD,YAHOO_CHART,UNOFFICIAL_FREE_VENDOR,2026-07-21T03:21:14.119840+00:00,6ea52f38294b62f554f2bc235c3b3bcfad164171b2f39a38d50d811066c97c81
HKEX:02410,02410,2410.HK,2026-07-21,7.590000152587891,8.470000267028809,7.590000152587891,8.300000190734863,8.300000190734863,3356500,nan,HKD,YAHOO_CHART,UNOFFICIAL_FREE_VENDOR,2026-07-21T03:21:14.119840+00:00,45f9f0c10b1aba77295d52d66e100b4a693bf36e8af41998425f8b4a36cb9136
HKEX:02419,02419,2419.HK,2026-07-21,55.849998474121094,53.95000076293945,50.25,50.400001525878906,50.400001525878906,221900,nan,HKD,YAHOO_CHART,UNOFFICIAL_FREE_VENDOR,2026-07-21T03:21:14.119840+00:00,dbff9ca9988adbb850fe6c82d525195caa5b213e2cc8bdeb9a2bd60a18900b89
HKEX:02423,02423,2423.HK,2026-07-21,44.79999923706055,45.02000045776367,43.7599983215332,43.86000061035156,43.86000061035156,4189120,nan,HKD,YAHOO_CHART,UNOFFICIAL_FREE_VENDOR,2026-07-21T03:21:14.119840+00:00,009318c4339fbef8621209544d8b803e76e65eafd65df00b4e248affb0e26e2d
HKEX:02431,02431,2431.HK,2026-07-21,7.380000114440918,7.380000114440918,6.980000019073486,7.139999866485596,7.139999866485596,1718000,nan,HKD,YAHOO_CHART,UNOFFICIAL_FREE_VENDOR,2026-07-21T03:21:14.119840+00:00,1e57626da9db331325a56bc5b07f05c1356c0ef9def96a79cbd7fdd3bdf28894
HKEX:02432,02432,2432.HK,2026-07-21,24.0,24.360000610351562,23.15999984741211,24.360000610351562,24.360000610351562,840400,nan,HKD,YAHOO_CHART,UNOFFICIAL_FREE_VENDOR,2026-07-21T03:21:14.119840+00:00,703cfd1e8eceb77f92aed85d070f801a27c024890f9ce1581e15b1b7f8e434cc
HKEX:02460,02460,2460.HK,2026-07-21,7.550000190734863,7.570000171661377,7.460000038146973,7.480000019073486,7.480000019073486,183200,nan,HKD,YAHOO_CHART,UNOFFICIAL_FREE_VENDOR,2026-07-21T03:21:14.119840+00:00,2616a65c35d0177ba7672c12dc433c1691ef065095ff79909c8cacb19e4addcd
HKEX:02465,02465,2465.HK,2026-07-21,9.300000190734863,9.40999984741211,8.930000305175781,9.319999694824219,9.319999694824219,4164500,nan,HKD,YAHOO_CHART,UNOFFICIAL_FREE_VENDOR,2026-07-21T03:21:14.119840+00:00,0b0b22a1e0abe935e4122e7340fc1470c33f857fb91da36f6dc2799e745fb0e0
HKEX:02473,02473,2473.HK,2026-07-21,0.5,0.5,0.44999998807907104,0.4650000035762787,0.4650000035762787,101765000,nan,HKD,YAHOO_CHART,UNOFFICIAL_FREE_VENDOR,2026-07-21T03:21:14.119840+00:00,5879ffe79c0977fd3338df10491b27b1d37235a53756150aea9353a3f205165a
HKEX:02476,02476,2476.HK,2026-07-21,217.0,221.39999389648438,201.60000610351562,220.60000610351562,220.60000610351562,2427000,nan,HKD,YAHOO_CHART,UNOFFICIAL_FREE_VENDOR,2026-07-21T03:21:14.119840+00:00,cf7bed4761dcf93c886640ddb85dffef5cf2c5b9a70eb02e29ec4ac1ec09e4e8
HKEX:02477,02477,2477.HK,2026-07-21,0.1889999955892563,0.19300000369548798,0.17800000309944153,0.18799999356269836,0.18799999356269836,364684800,nan,HKD,YAHOO_CHART,UNOFFICIAL_FREE_VENDOR,2026-07-21T03:21:14.119840+00:00,2bd68afd28f7c8f3f5d2cb8a853c21dc2a0b1a54b09f440c0ae0e68732626e19
HKEX:02493,02493,2493.HK,2026-07-21,22.540000915527344,23.5,22.219999313354492,22.739999771118164,22.739999771118164,120400,nan,HKD,YAHOO_CHART,UNOFFICIAL_FREE_VENDOR,2026-07-21T03:21:14.119840+00:00,105e05d006fe7a66bc0d4ed0bb71dc6d02f52e73dc3ea3d625255f8d7ec94262
HKEX:02498,02498,2498.HK,2026-07-21,22.31999969482422,22.65999984741211,21.979999542236328,22.65999984741211,22.65999984741211,1765200,nan,HKD,YAHOO_CHART,UNOFFICIAL_FREE_VENDOR,2026-07-21T03:21:14.119840+00:00,3864b3ee9b29be62138e2f6d83bf2578836fc6601a9e24bc08fed995c9477dc0
HKEX:02506,02506,2506.HK,2026-07-21,71.30000305175781,71.30000305175781,69.1500015258789,69.1500015258789,69.1500015258789,3200,nan,HKD,YAHOO_CHART,UNOFFICIAL_FREE_VENDOR,2026-07-21T03:21:14.119840+00:00,a743a7a955df5428491ecc7f9fe9a8ceb653fb786e30693a22f8be64f2438aa1
HKEX:02507,02507,2507.HK,2026-07-21,39.5,41.79999923706055,39.5,40.540000915527344,40.540000915527344,923000,nan,HKD,YAHOO_CHART,UNOFFICIAL_FREE_VENDOR,2026-07-21T03:21:14.119840+00:00,1a14686c9df9e43fbc56c1d61cc573d35368519a4dfc8b369f05cef8c6607c7b
HKEX:02510,02510,2510.HK,2026-07-21,8.399999618530273,8.640000343322754,8.399999618530273,8.430000305175781,8.430000305175781,1005000,nan,HKD,YAHOO_CHART,UNOFFICIAL_FREE_VENDOR,2026-07-21T03:21:14.119840+00:00,9ad081b3f3aad674be585020b4299a09ce985ff45a0f5211aeb90b6a91bb2469
HKEX:02513,02513,2513.HK,2026-07-21,930.0,1080.0,927.5,1079.0,1079.0,5212280,nan,HKD,YAHOO_CHART,UNOFFICIAL_FREE_VENDOR,2026-07-21T03:21:14.119840+00:00,bf39cd15b05432b5416a30dabf34739913e7e1bd918ce43592f02b8a5e763aff
HKEX:02517,02517,2517.HK,2026-07-21,1.940000057220459,1.940000057220459,1.8600000143051147,1.8600000143051147,1.8600000143051147,4031200,nan,HKD,YAHOO_CHART,UNOFFICIAL_FREE_VENDOR,2026-07-21T03:21:14.119840+00:00,bfac3c53fb06599adb340bd74d560a1d226493a9090837066f1444a7e42fa130
HKEX:02533,02533,2533.HK,2026-07-21,11.0,11.619999885559082,11.0,11.569999694824219,11.569999694824219,1430600,nan,HKD,YAHOO_CHART,UNOFFICIAL_FREE_VENDOR,2026-07-21T03:21:14.119840+00:00,863f5f0df5211e3c1360d8da95d1f27a8cb9aa1cec0ee3ef50addfdcf9850044
HKEX:02555,02555,2555.HK,2026-07-21,4.920000076293945,4.980000019073486,4.78000020980835,4.789999961853027,4.789999961853027,1160800,nan,HKD,YAHOO_CHART,UNOFFICIAL_FREE_VENDOR,2026-07-21T03:21:14.119840+00:00,2ebfc23bf7149d78dc29e2bbe1d5f850f3dde36c363320bf7b5c72e467d0260b
HKEX:02556,02556,2556.HK,2026-07-21,39.58000183105469,41.380001068115234,38.0,38.619998931884766,38.619998931884766,5079900,nan,HKD,YAHOO_CHART,UNOFFICIAL_FREE_VENDOR,2026-07-21T03:21:14.119840+00:00,9b454683fa3e59bc8a49a59b24bd0da55fb56e4266182541910ae87caa2f8b3d
HKEX:02562,02562,2562.HK,2026-07-21,1.350000023841858,1.350000023841858,1.3200000524520874,1.3300000429153442,1.3300000429153442,2466000,nan,HKD,YAHOO_CHART,UNOFFICIAL_FREE_VENDOR,2026-07-21T03:21:14.119840+00:00,8248710b27476261387860bf1ccdd4b5b7bc3551a295e2efefd02d54daf3e336
HKEX:02565,02565,2565.HK,2026-07-21,6.960000038146973,7.03000020980835,6.5,6.679999828338623,6.679999828338623,8912550,nan,HKD,YAHOO_CHART,UNOFFICIAL_FREE_VENDOR,2026-07-21T03:21:14.119840+00:00,6d9cb1cf0b5082307b08105948c11740c804be184c997843c33ce5a4cf34d0a8
HKEX:02570,02570,2570.HK,2026-07-21,20.799999237060547,21.280000686645508,20.600000381469727,21.18000030517578,21.18000030517578,122740,nan,HKD,YAHOO_CHART,UNOFFICIAL_FREE_VENDOR,2026-07-21T03:21:14.119840+00:00,9be60fe95ddfa68c8e7ea405f9a1720a5b0545e5ab00bbce3eda65e4e8709333
HKEX:02575,02575,2575.HK,2026-07-21,11.850000381469727,11.930000305175781,11.100000381469727,11.289999961853027,11.289999961853027,321500,nan,HKD,YAHOO_CHART,UNOFFICIAL_FREE_VENDOR,2026-07-21T03:21:14.119840+00:00,334e79b3197fab69559449a4d3a73b3d93cdd0422786db5c2b4e337c6b3366aa
HKEX:02577,02577,2577.HK,2026-07-21,44.63999938964844,45.65999984741211,42.099998474121094,45.619998931884766,45.619998931884766,3046100,nan,HKD,YAHOO_CHART,UNOFFICIAL_FREE_VENDOR,2026-07-21T03:21:14.119840+00:00,62e81bace7ca0cd5515e197e7e1800e286fa39615f27df071e60d674d02a936c
HKEX:02579,02579,2579.HK,2026-07-21,24.0,25.260000228881836,23.420000076293945,24.84000015258789,24.84000015258789,918600,nan,HKD,YAHOO_CHART,UNOFFICIAL_FREE_VENDOR,2026-07-21T03:21:14.119840+00:00,b06ada8651b7d3f80fa16d37e3fcf4589c7f40e8218f98972c11c2048b24a93e
HKEX:02580,02580,2580.HK,2026-07-21,10.3100004196167,10.460000038146973,10.289999961853027,10.319999694824219,10.319999694824219,818800,nan,HKD,YAHOO_CHART,UNOFFICIAL_FREE_VENDOR,2026-07-21T03:21:14.119840+00:00,43863f306a9c8aab21c94e163c8af27a91c1c374c6bad388ff38b250ff77ed7a
HKEX:02582,02582,2582.HK,2026-07-21,10.899999618530273,11.350000381469727,10.65999984741211,10.960000038146973,10.960000038146973,615650,nan,HKD,YAHOO_CHART,UNOFFICIAL_FREE_VENDOR,2026-07-21T03:21:14.119840+00:00,b048c8ba0e796579c87f5ad748bc556fc31a09558212edef72eb4ef7190ebfa7
HKEX:02583,02583,2583.HK,2026-07-21,46.29999923706055,48.0,44.880001068115234,45.2400016784668,45.2400016784668,148600,nan,HKD,YAHOO_CHART,UNOFFICIAL_FREE_VENDOR,2026-07-21T03:21:14.119840+00:00,e0949e0bdc498a43bf44f11655b13bd5f161f607b379dfbc2d8f4d12e656f576
HKEX:02586,02586,2586.HK,2026-07-21,5.820000171661377,5.860000133514404,5.610000133514404,5.659999847412109,5.659999847412109,534000,nan,HKD,YAHOO_CHART,UNOFFICIAL_FREE_VENDOR,2026-07-21T03:21:14.119840+00:00,a3fec45901471d2b6166c39468d8226249b0037a992d94dd609953dcdce6c72c
HKEX:02587,02587,2587.HK,2026-07-21,2.0899999141693115,2.1500000953674316,2.0199999809265137,2.049999952316284,2.049999952316284,4038000,nan,HKD,YAHOO_CHART,UNOFFICIAL_FREE_VENDOR,2026-07-21T03:21:14.119840+00:00,2671f182ea10e2a2eff15ba7f0adc50f88affcee1bfcc8c304c6c55805f6debe
HKEX:02588,02588,2588.HK,2026-07-21,76.5999984741211,76.5999984741211,74.25,74.94999694824219,74.94999694824219,106860,nan,HKD,YAHOO_CHART,UNOFFICIAL_FREE_VENDOR,2026-07-21T03:21:14.119840+00:00,ba21a870574d59da9bd9c8a605af291a08b593eeb8fb17db05b28717499f12a1
HKEX:02589,02589,2589.HK,2026-07-21,93.5,112.5,93.5,100.30000305175781,100.30000305175781,1350090,nan,HKD,YAHOO_CHART,UNOFFICIAL_FREE_VENDOR,2026-07-21T03:21:14.119840+00:00,052d537d49fbbd7e9f60fb7dda16d4c7deec70751b2e9eb59380ee0468b08ea3
HKEX:02590,02590,2590.HK,2026-07-21,9.6899995803833,9.710000038146973,9.369999885559082,9.680000305175781,9.680000305175781,3841200,nan,HKD,YAHOO_CHART,UNOFFICIAL_FREE_VENDOR,2026-07-21T03:21:14.119840+00:00,3d55e8f5e558db28fda76db1d93ed130a83a60a2b693a99d42806210d3950ed7
HKEX:02591,02591,2591.HK,2026-07-21,8.1899995803833,8.1899995803833,7.590000152587891,7.690000057220459,7.690000057220459,714000,nan,HKD,YAHOO_CHART,UNOFFICIAL_FREE_VENDOR,2026-07-21T03:21:14.119840+00:00,3e5e1fba2f5e72d76b5e2b5baa47231b6d954f9bdc69a6079387ff3a8b5bf787
HKEX:02595,02595,2595.HK,2026-07-21,35.619998931884766,37.7599983215332,35.29999923706055,36.20000076293945,36.20000076293945,307800,nan,HKD,YAHOO_CHART,UNOFFICIAL_FREE_VENDOR,2026-07-21T03:21:14.119840+00:00,40e0b3e045a050c3c93ba8cc0944b933ede97bf5ddf1df3ab9e6697693b08671
HKEX:02600,02600,2600.HK,2026-07-21,8.069999694824219,8.100000381469727,7.769999980926514,7.800000190734863,7.800000190734863,30229823,nan,HKD,YAHOO_CHART,UNOFFICIAL_FREE_VENDOR,2026-07-21T03:21:14.119840+00:00,f45ea297e108423773b8b7411b911af9b3434612733e6461e81efa6218974736
HKEX:02601,02601,2601.HK,2026-07-21,29.459999084472656,29.959999084472656,29.020000457763672,29.139999389648438,29.139999389648438,3670720,nan,HKD,YAHOO_CHART,UNOFFICIAL_FREE_VENDOR,2026-07-21T03:21:14.119840+00:00,be63ad41e8cc4add51fb7119075867a4a27b9e12ce3abf2dd9d38a46302addec
HKEX:02602,02602,2602.HK,2026-07-21,17.969999313354492,17.969999313354492,17.299999237060547,17.360000610351562,17.360000610351562,91300,nan,HKD,YAHOO_CHART,UNOFFICIAL_FREE_VENDOR,2026-07-21T03:21:14.119840+00:00,722e6c9fe6d25bc8bfb4200c6acd348cb4365fedd11598db5d0d72e612c0ea30
HKEX:02603,02603,2603.HK,2026-07-21,12.5,12.75,12.109999656677246,12.6899995803833,12.6899995803833,1130500,nan,HKD,YAHOO_CHART,UNOFFICIAL_FREE_VENDOR,2026-07-21T03:21:14.119840+00:00,503a65ad960b94e5cfd5ec3532e6226cd211ded50b7a329dfe4279963afb6448
HKEX:02607,02607,2607.HK,2026-07-21,12.140000343322754,12.149999618530273,11.930000305175781,11.970000267028809,11.970000267028809,464500,nan,HKD,YAHOO_CHART,UNOFFICIAL_FREE_VENDOR,2026-07-21T03:21:14.119840+00:00,ebb06666e75a166f2d059c514732b7dbb51bd8e562990ca3fc2d93da301d60ab
HKEX:02609,02609,2609.HK,2026-07-21,2.880000114440918,2.880000114440918,2.799999952316284,2.809999942779541,2.809999942779541,750600,nan,HKD,YAHOO_CHART,UNOFFICIAL_FREE_VENDOR,2026-07-21T03:21:14.119840+00:00,df3b8b5989a7f63a9d50796dee89f6a5c2c2f970a08cf3dc91117b5a840e9300
HKEX:02610,02610,2610.HK,2026-07-21,26.600000381469727,26.600000381469727,25.520000457763672,25.799999237060547,25.799999237060547,223500,nan,HKD,YAHOO_CHART,UNOFFICIAL_FREE_VENDOR,2026-07-21T03:21:14.119840+00:00,4d1aff8f6fd547a7fbf9451e4403684cd9f7022fac99920875eec8b6669a598b
HKEX:02611,02611,2611.HK,2026-07-21,14.90999984741211,15.1899995803833,14.800000190734863,14.899999618530273,14.899999618530273,3492498,nan,HKD,YAHOO_CHART,UNOFFICIAL_FREE_VENDOR,2026-07-21T03:21:14.119840+00:00,8e8b45fb12f4d96b3e41635fe9831a2ffaa44c04de36a8918a18289b9c3fea2e
HKEX:02617,02617,2617.HK,2026-07-21,10.1899995803833,10.220000267028809,9.899999618530273,10.050000190734863,10.050000190734863,1773500,nan,HKD,YAHOO_CHART,UNOFFICIAL_FREE_VENDOR,2026-07-21T03:21:14.119840+00:00,45782ee5296d47327d5da74fc5d272e0b56a69d0c73cf274c6cf283c6577d338
HKEX:02618,02618,2618.HK,2026-07-21,13.779999732971191,13.829999923706055,13.550000190734863,13.729999542236328,13.729999542236328,2616863,nan,HKD,YAHOO_CHART,UNOFFICIAL_FREE_VENDOR,2026-07-21T03:21:14.119840+00:00,1475327aab9657528fde391d121592eaf19da9ed77c4acfa31860cd8bd9aeeca
HKEX:02628,02628,2628.HK,2026-07-21,27.34000015258789,27.81999969482422,27.15999984741211,27.260000228881836,27.260000228881836,22728200,nan,HKD,YAHOO_CHART,UNOFFICIAL_FREE_VENDOR,2026-07-21T03:21:14.119840+00:00,f5cd0d5d776ef86255e59f12c63c5c64416a2455beff86aae05fc8319b9eb5ba
HKEX:02631,02631,2631.HK,2026-07-21,69.0,69.1500015258789,63.04999923706055,68.9000015258789,68.9000015258789,1641700,nan,HKD,YAHOO_CHART,UNOFFICIAL_FREE_VENDOR,2026-07-21T03:21:14.119840+00:00,0a78293d24174ac0dd4fa59956a97a0f47f6d31abb296dcff233a1ee5cbd9721
HKEX:02635,02635,2635.HK,2026-07-21,11.050000190734863,11.329999923706055,10.710000038146973,10.899999618530273,10.899999618530273,1368200,nan,HKD,YAHOO_CHART,UNOFFICIAL_FREE_VENDOR,2026-07-21T03:21:14.119840+00:00,bbe8d3b87d7a5b9f893d777dac8edeb9c26cf5a5ff9f2c9522806abf68eb7dd3
HKEX:02637,02637,2637.HK,2026-07-21,195.5,195.6999969482422,180.5,180.60000610351562,180.60000610351562,45750,nan,HKD,YAHOO_CHART,UNOFFICIAL_FREE_VENDOR,2026-07-21T03:21:14.119840+00:00,256a83c3d2427b99dff9d1b6465eebe6db7a5695513298e906af619407a58c2a
HKEX:02643,02643,2643.HK,2026-07-21,14.699999809265137,14.75,14.130000114440918,14.25,14.25,692400,nan,HKD,YAHOO_CHART,UNOFFICIAL_FREE_VENDOR,2026-07-21T03:21:14.119840+00:00,a824710b18c81a7dc4b25a6d5e901439f32816e80337882a4e67a5a1bce1dcc0
HKEX:02648,02648,2648.HK,2026-07-21,71.69999694824219,73.0999984741211,70.94999694824219,71.0,71.0,134200,nan,HKD,YAHOO_CHART,UNOFFICIAL_FREE_VENDOR,2026-07-21T03:21:14.119840+00:00,5339b2fa5074f40a44325aa956b44f72b79bd5e4ba18642d6aee844fefdfb47e
HKEX:02650,02650,2650.HK,2026-07-21,21.139999389648438,21.600000381469727,19.31999969482422,20.239999771118164,20.239999771118164,2909300,nan,HKD,YAHOO_CHART,UNOFFICIAL_FREE_VENDOR,2026-07-21T03:21:14.119840+00:00,4aa0553b0911eb67d13448cb322b1cd145ef2d29631bba202b98a4ffabfbceb4
HKEX:02652,02652,2652.HK,2026-07-21,16.0,16.030000686645508,15.270000457763672,15.470000267028809,15.470000267028809,39300,nan,HKD,YAHOO_CHART,UNOFFICIAL_FREE_VENDOR,2026-07-21T03:21:14.119840+00:00,83684b6d413d3738136910dc0e3ad0ddf3d6e0d2db48b876754da510c460b73c
HKEX:02655,02655,2655.HK,2026-07-21,16.100000381469727,17.290000915527344,15.8100004196167,16.209999084472656,16.209999084472656,3128000,nan,HKD,YAHOO_CHART,UNOFFICIAL_FREE_VENDOR,2026-07-21T03:21:14.119840+00:00,bf3b40bb56492f9e58508c8f86d1d5c76140233d7a0ccfa5081e5a97dcb57cba
HKEX:02656,02656,2656.HK,2026-07-21,9.630000114440918,9.960000038146973,9.510000228881836,9.579999923706055,9.579999923706055,1169700,nan,HKD,YAHOO_CHART,UNOFFICIAL_FREE_VENDOR,2026-07-21T03:21:14.119840+00:00,7bfb134a0193d0c320625ee284dd0b84385debfa78bf5e2d6a25d76c3a8bda18
HKEX:02659,02659,2659.HK,2026-07-21,17.040000915527344,18.040000915527344,17.040000915527344,17.559999465942383,17.559999465942383,138800,nan,HKD,YAHOO_CHART,UNOFFICIAL_FREE_VENDOR,2026-07-21T03:21:14.119840+00:00,f254801de4471aa37984742259aca011d84063e7abb6e0595a6fe517fb750147
HKEX:02661,02661,2661.HK,2026-07-21,6.199999809265137,6.699999809265137,6.070000171661377,6.309999942779541,6.309999942779541,8521000,nan,HKD,YAHOO_CHART,UNOFFICIAL_FREE_VENDOR,2026-07-21T03:21:14.119840+00:00,ffa817b61981c7729915f664234cc7be904fa685f26c25e66ec3c9765b6b2d30
HKEX:02665,02665,2665.HK,2026-07-21,2.430000066757202,2.450000047683716,2.380000114440918,2.390000104904175,2.390000104904175,2274000,nan,HKD,YAHOO_CHART,UNOFFICIAL_FREE_VENDOR,2026-07-21T03:21:14.119840+00:00,290bc2e370f3807440c96092258b8f3760e555ad56e0deb6ff4fe454fc803bc5
HKEX:02666,02666,2666.HK,2026-07-21,4.800000190734863,4.860000133514404,4.760000228881836,4.78000020980835,4.78000020980835,2463000,nan,HKD,YAHOO_CHART,UNOFFICIAL_FREE_VENDOR,2026-07-21T03:21:14.119840+00:00,44066783d5cab5b1751e782ee45dda0d7f624df4d90b4d2ee0ab701bd8cd1b25
HKEX:02669,02669,2669.HK,2026-07-21,3.5999999046325684,3.609999895095825,3.549999952316284,3.559999942779541,3.559999942779541,1472000,nan,HKD,YAHOO_CHART,UNOFFICIAL_FREE_VENDOR,2026-07-21T03:21:14.119840+00:00,86a00be484c22ffea92551c8a1e030e71793efe48d4276ce2b5432263384d8e2
HKEX:02675,02675,2675.HK,2026-07-21,36.86000061035156,37.560001373291016,36.34000015258789,36.900001525878906,36.900001525878906,61900,nan,HKD,YAHOO_CHART,UNOFFICIAL_FREE_VENDOR,2026-07-21T03:21:14.119840+00:00,8fb3c1185e3aef67d52ca900589544c95f5aaec2cbb48373610c0941b271f7e7
HKEX:02676,02676,2676.HK,2026-07-21,144.8000030517578,151.1999969482422,136.5,151.10000610351562,151.10000610351562,117900,nan,HKD,YAHOO_CHART,UNOFFICIAL_FREE_VENDOR,2026-07-21T03:21:14.119840+00:00,0be2bfdee8ca5c3accabbd4744fbb914639cd6b17a0fae44557b5d3e8971c270
HKEX:02685,02685,2685.HK,2026-07-21,16.600000381469727,17.549999237060547,15.430000305175781,15.4399995803833,15.4399995803833,11406500,nan,HKD,YAHOO_CHART,UNOFFICIAL_FREE_VENDOR,2026-07-21T03:21:14.119840+00:00,7d7d1323c9e519eab97b13ecd1606f19014656a3f0f44e49236608e139508695
HKEX:02687,02687,2687.HK,2026-07-21,168.6999969482422,168.6999969482422,110.5999984741211,148.39999389648438,148.39999389648438,291100,nan,HKD,YAHOO_CHART,UNOFFICIAL_FREE_VENDOR,2026-07-21T03:21:14.119840+00:00,6ed309bf798c213d841b0f6d689eca3ff625629d20e81dd17921c5b0a1888fea
HKEX:02688,02688,2688.HK,2026-07-21,43.380001068115234,43.720001220703125,42.31999969482422,42.41999816894531,42.41999816894531,2146020,nan,HKD,YAHOO_CHART,UNOFFICIAL_FREE_VENDOR,2026-07-21T03:21:14.119840+00:00,5e7292faebfe44089cfa694b1ea0a8fc2ff90d2a1de283c6980112888242b1ab
HKEX:02689,02689,2689.HK,2026-07-21,7.389999866485596,7.889999866485596,7.380000114440918,7.789999961853027,7.789999961853027,16010000,nan,HKD,YAHOO_CHART,UNOFFICIAL_FREE_VENDOR,2026-07-21T03:21:14.119840+00:00,40406e443173d975a6a22b0d68d1df6bf3506bafb755956b03210ac7ba8f42da
HKEX:02691,02691,2691.HK,2026-07-21,6.329999923706055,6.690000057220459,6.300000190734863,6.510000228881836,6.510000228881836,350500,nan,HKD,YAHOO_CHART,UNOFFICIAL_FREE_VENDOR,2026-07-21T03:21:14.119840+00:00,5d11045638381c480dddddfefdd00157bac1319a25cd917bde09339d99ee0037
HKEX:02692,02692,2692.HK,2026-07-21,46.68000030517578,46.720001220703125,44.52000045776367,46.400001525878906,46.400001525878906,159900,nan,HKD,YAHOO_CHART,UNOFFICIAL_FREE_VENDOR,2026-07-21T03:21:14.119840+00:00,56b13d5c1834bd28ac5cf8c278d629b51de01c9311148cf35068c4b2d8d17d30
HKEX:02698,02698,2698.HK,2026-07-21,27.459999084472656,28.860000610351562,27.459999084472656,28.68000030517578,28.68000030517578,406800,nan,HKD,YAHOO_CHART,UNOFFICIAL_FREE_VENDOR,2026-07-21T03:21:14.119840+00:00,b804f3055837558bcd6b357ddabbd3eb7036ca934982ac148ff531ca4af91430
HKEX:02701,02701,2701.HK,2026-07-21,9.25,9.369999885559082,8.5600004196167,9.319999694824219,9.319999694824219,5659800,nan,HKD,YAHOO_CHART,UNOFFICIAL_FREE_VENDOR,2026-07-21T03:21:14.119840+00:00,0f8210aa661e7321d21388e7f2b2de826e1bc60ba4a58a488c8d6259e8ae3061
HKEX:02706,02706,2706.HK,2026-07-21,33.5,35.68000030517578,33.13999938964844,35.29999923706055,35.29999923706055,298530,nan,HKD,YAHOO_CHART,UNOFFICIAL_FREE_VENDOR,2026-07-21T03:21:14.119840+00:00,f4c31935d534568e77b95b21bbe72dba609bbc1295af7d9a66ecc4f9af120ec5
HKEX:02714,02714,2714.HK,2026-07-21,34.15999984741211,34.380001068115234,33.34000015258789,33.5,33.5,1400400,nan,HKD,YAHOO_CHART,UNOFFICIAL_FREE_VENDOR,2026-07-21T03:21:14.119840+00:00,7aae3a3a707da845873500b876fa5288437ed8ba14d553f564d1b0cc75454905
HKEX:02715,02715,2715.HK,2026-07-21,18.979999542236328,18.979999542236328,16.729999542236328,18.639999389648438,18.639999389648438,9244400,nan,HKD,YAHOO_CHART,UNOFFICIAL_FREE_VENDOR,2026-07-21T03:21:14.119840+00:00,5a4785f2881440bf570edb2d67939e66f83c62834b9ed4bc04a61a5a7abd6536
HKEX:02718,02718,2718.HK,2026-07-21,114.30000305175781,115.0,106.0,115.0,115.0,45960,nan,HKD,YAHOO_CHART,UNOFFICIAL_FREE_VENDOR,2026-07-21T03:21:14.119840+00:00,606ccd29389175cf287da322df71f1f2bccfd8bfa27a2e42d39fd268bf377209
HKEX:02727,02727,2727.HK,2026-07-21,3.180000066757202,3.2200000286102295,3.1500000953674316,3.2200000286102295,3.2200000286102295,9094000,nan,HKD,YAHOO_CHART,UNOFFICIAL_FREE_VENDOR,2026-07-21T03:21:14.119840+00:00,9e4b934adeb6a89735fe4013014c76d5521c4cf4bc9dddb823c407be2a88b4bc
HKEX:02768,02768,2768.HK,2026-07-21,27.65999984741211,28.34000015258789,22.559999465942383,26.459999084472656,26.459999084472656,4209068,nan,HKD,YAHOO_CHART,UNOFFICIAL_FREE_VENDOR,2026-07-21T03:21:14.119840+00:00,b9f370ef51d74d430c02303d6dbf0e193c1998740593e77a46a595e6cb480199
HKEX:02788,02788,2788.HK,2026-07-21,16.360000610351562,16.889999389648438,15.989999771118164,16.200000762939453,16.200000762939453,1154500,nan,HKD,YAHOO_CHART,UNOFFICIAL_FREE_VENDOR,2026-07-21T03:21:14.119840+00:00,bc66c67dcd240ec68f6957af8cfe27892bde71b6f4c43049c3ab6a33228be84c
HKEX:02799,02799,2799.HK,2026-07-21,0.5799999833106995,0.5799999833106995,0.5600000023841858,0.5699999928474426,0.5699999928474426,20370000,nan,HKD,YAHOO_CHART,UNOFFICIAL_FREE_VENDOR,2026-07-21T03:21:14.119840+00:00,33883f0ed34a26dea258444f02ce0cbb79ffd546c763606a743ec5db89bb2cbf
HKEX:02800,02800,2800.HK,2026-07-21,25.6200008392334,25.739999771118164,25.459999084472656,25.520000457763672,25.520000457763672,165011710,nan,HKD,YAHOO_CHART,UNOFFICIAL_FREE_VENDOR,2026-07-21T03:21:14.119840+00:00,ede664dc43e1214d89d5d9893404cf5ddbff9b290013b4789260185c9d2381b1
HKEX:02801,02801,2801.HK,2026-07-21,24.600000381469727,24.600000381469727,24.200000762939453,24.219999313354492,24.219999313354492,138605,nan,HKD,YAHOO_CHART,UNOFFICIAL_FREE_VENDOR,2026-07-21T03:21:14.119840+00:00,b5408d5d2e23e442af3a5a6b5405c9a32198efc7b4aa1da6c7b8ed58ca087273
HKEX:02825,02825,2825.HK,2026-07-21,29.31999969482422,29.3799991607666,29.31999969482422,29.34000015258789,29.34000015258789,11800,nan,HKD,YAHOO_CHART,UNOFFICIAL_FREE_VENDOR,2026-07-21T03:21:14.119840+00:00,cac5199f3fece64c342d383d545ec7f389324e5b6ce3824f145c4a7f90078510
HKEX:02828,02828,2828.HK,2026-07-21,86.4000015258789,86.58000183105469,85.54000091552734,85.68000030517578,85.68000030517578,37264836,nan,HKD,YAHOO_CHART,UNOFFICIAL_FREE_VENDOR,2026-07-21T03:21:14.119840+00:00,1e946ceee25e025b9c7e9943e35d1f3a744cf25df7afb7535bf01034d6ff753e
HKEX:02837,02837,2837.HK,2026-07-21,5.880000114440918,5.925000190734863,5.880000114440918,5.900000095367432,5.900000095367432,35100,nan,HKD,YAHOO_CHART,UNOFFICIAL_FREE_VENDOR,2026-07-21T03:21:14.119840+00:00,09ab5bdb98f2c50406ab57302435515fad1193454ccc6dc88908d7824eba1ba2
HKEX:02858,02858,2858.HK,2026-07-21,1.4800000190734863,1.5199999809265137,1.4800000190734863,1.5099999904632568,1.5099999904632568,15982000,nan,HKD,YAHOO_CHART,UNOFFICIAL_FREE_VENDOR,2026-07-21T03:21:14.119840+00:00,3e486aec2d65e0748aee88cbc4105b62a84b67d82b388ccc13651245d03eaca3
HKEX:02865,02865,2865.HK,2026-07-21,15.479999542236328,15.760000228881836,15.0600004196167,15.760000228881836,15.760000228881836,1693400,nan,HKD,YAHOO_CHART,UNOFFICIAL_FREE_VENDOR,2026-07-21T03:21:14.119840+00:00,6f2881a8ffc32d4dbc8cb4743c12a43dd3301525fce440099731db67a4a410a7
HKEX:02866,02866,2866.HK,2026-07-21,0.8999999761581421,0.9200000166893005,0.8899999856948853,0.9100000262260437,0.9100000262260437,2526000,nan,HKD,YAHOO_CHART,UNOFFICIAL_FREE_VENDOR,2026-07-21T03:21:14.119840+00:00,034b32d97bbe5e78360daeee6aa666b188d8e418d16c28a07eb53123faca7221
HKEX:02869,02869,2869.HK,2026-07-21,4.300000190734863,4.300000190734863,4.139999866485596,4.159999847412109,4.159999847412109,886000,nan,HKD,YAHOO_CHART,UNOFFICIAL_FREE_VENDOR,2026-07-21T03:21:14.119840+00:00,d0071b26738e6a0b8e06b63918d153d91df105edd10bd0ee062bcba040ff273a
HKEX:02877,02877,2877.HK,2026-07-21,8.289999961853027,8.449999809265137,8.289999961853027,8.34000015258789,8.34000015258789,125000,nan,HKD,YAHOO_CHART,UNOFFICIAL_FREE_VENDOR,2026-07-21T03:21:14.119840+00:00,f0e173f9063320e8b6ac443ca48910274fb98b7fb62393e6856071ba25735ac1
HKEX:02880,02880,2880.HK,2026-07-21,0.6899999976158142,0.6899999976158142,0.6800000071525574,0.6899999976158142,0.6899999976158142,280000,nan,HKD,YAHOO_CHART,UNOFFICIAL_FREE_VENDOR,2026-07-21T03:21:14.119840+00:00,a2b3602574ddd097e8396696cba729b4cf1bf8b31b6ae50fad01f1fa3bb027f3
HKEX:02883,02883,2883.HK,2026-07-21,7.03000020980835,7.03000020980835,6.849999904632568,6.949999809265137,6.949999809265137,3062800,nan,HKD,YAHOO_CHART,UNOFFICIAL_FREE_VENDOR,2026-07-21T03:21:14.119840+00:00,aaee41aa5f4eca2a3c2b2057485a1a9e1dee267df9e68261aae9db4acb39d84d
HKEX:02888,02888,2888.HK,2026-07-21,221.39999389648438,223.60000610351562,220.39999389648438,221.0,221.0,125771,nan,HKD,YAHOO_CHART,UNOFFICIAL_FREE_VENDOR,2026-07-21T03:21:14.119840+00:00,258d465f5936f4853ab039a6554b493aca7efcd673a36553f123da3652a47d9c
HKEX:02889,02889,2889.HK,2026-07-21,119.4000015258789,130.89999389648438,119.4000015258789,130.1999969482422,130.1999969482422,107460,nan,HKD,YAHOO_CHART,UNOFFICIAL_FREE_VENDOR,2026-07-21T03:21:14.119840+00:00,a7158276201fa69f6d5557b08842995af8bf007cb41732c11b54b52e12b17762
HKEX:02899,02899,2899.HK,2026-07-21,30.65999984741211,31.040000915527344,30.440000534057617,30.559999465942383,30.559999465942383,14781432,nan,HKD,YAHOO_CHART,UNOFFICIAL_FREE_VENDOR,2026-07-21T03:21:14.119840+00:00,374a8a4b14c67fda076b1d7f250cd55afb5c21495eaeaa98a6ee6c3663aa0027
HKEX:02983,02983,116.02983,2026-07-21,14.84,14.97,14.54,14.88,nan,2601120,38504581.0,HKD,EASTMONEY_PUSH2HIS,UNOFFICIAL_FREE_VENDOR,2026-07-21T03:21:14.119840+00:00,806575db094cec631cc07f32d72bf52ecb3012810821fc77f7e026745e7f3c57
HKEX:03032,03032,3032.HK,2026-07-21,4.75600004196167,4.796000003814697,4.723999977111816,4.77400016784668,4.77400016784668,48774000,nan,HKD,YAHOO_CHART,UNOFFICIAL_FREE_VENDOR,2026-07-21T03:21:14.119840+00:00,fe7a85f7d14b2e431ed04e9973b1723296d8ca464aae8e0314cad2b19ce6eb48
HKEX:03033,03033,3033.HK,2026-07-21,4.670000076293945,4.708000183105469,4.636000156402588,4.684000015258789,4.684000015258789,1508937226,nan,HKD,YAHOO_CHART,UNOFFICIAL_FREE_VENDOR,2026-07-21T03:21:14.119840+00:00,734650da4cd914ec4dae2e5764f0e343b6c2d57f3b24c58058dd3f79075e57da
HKEX:03037,03037,3037.HK,2026-07-21,25.68000030517578,25.700000762939453,25.5,25.520000457763672,25.520000457763672,6504,nan,HKD,YAHOO_CHART,UNOFFICIAL_FREE_VENDOR,2026-07-21T03:21:14.119840+00:00,b533cc1a03208ab2ddf9ab31152d5d5fc01b6fc20f4182a82471f7391ca1ec1d
HKEX:03039,03039,3039.HK,2026-07-21,3.7300000190734863,3.7300000190734863,3.7300000190734863,3.7200000286102295,3.7200000286102295,112000,nan,HKD,YAHOO_CHART,UNOFFICIAL_FREE_VENDOR,2026-07-21T03:21:14.119840+00:00,639832b67dc7c76ce2b6de2bb93633ddb0862fbdb30354b287564813d758bd5b
HKEX:03040,03040,3040.HK,2026-07-17,33.29999923706055,33.29999923706055,32.900001525878906,32.97999954223633,32.97999954223633,7400,nan,HKD,YAHOO_CHART,UNOFFICIAL_FREE_VENDOR,2026-07-21T03:21:14.119840+00:00,e6f4df5b4237e70899b8b0617511871547969dfa1d5d8536b45ac97c69302bcc
HKEX:03067,03067,3067.HK,2026-07-21,10.0600004196167,10.119999885559082,9.970000267028809,10.069999694824219,10.069999694824219,18786700,nan,HKD,YAHOO_CHART,UNOFFICIAL_FREE_VENDOR,2026-07-21T03:21:14.119840+00:00,059817eeb2a0cc83789db64b0a1fa6bb4793bfebe0f044ad5cb9b4822cc16cfc
HKEX:03069,03069,3069.HK,2026-07-21,14.199999809265137,14.329999923706055,13.949999809265137,14.010000228881836,14.010000228881836,2917200,nan,HKD,YAHOO_CHART,UNOFFICIAL_FREE_VENDOR,2026-07-21T03:21:14.119840+00:00,c6b2f7e4c4422ac79507bcbacd6597eda809557adba0cf2c222978caedf4ae5b
HKEX:03070,03070,3070.HK,2026-07-21,40.279998779296875,40.439998626708984,40.0,40.0,40.0,59100,nan,HKD,YAHOO_CHART,UNOFFICIAL_FREE_VENDOR,2026-07-21T03:21:14.119840+00:00,0850cf59ab3baa8589b4c6d8bd21428a2f4bf5c62b137b46ccc8ee7bec87897c
HKEX:03088,03088,3088.HK,2026-07-21,6.074999809265137,6.114999771118164,6.059999942779541,6.085000038146973,6.085000038146973,625200,nan,HKD,YAHOO_CHART,UNOFFICIAL_FREE_VENDOR,2026-07-21T03:21:14.119840+00:00,8d9cc61ca906ba88cb92fcd4d0cdaa977573de9d6863f9826a549cf685f8c11e
HKEX:03110,03110,3110.HK,2026-07-21,30.8799991607666,31.040000915527344,30.81999969482422,30.84000015258789,30.84000015258789,239000,nan,HKD,YAHOO_CHART,UNOFFICIAL_FREE_VENDOR,2026-07-21T03:21:14.119840+00:00,43304fc95a286030f5d9c2037b72b387819a95123a46f86777bf2c512dd23bb8
HKEX:03115,03115,3115.HK,2026-07-21,92.30000305175781,92.54000091552734,92.05999755859375,92.04000091552734,92.04000091552734,18900,nan,HKD,YAHOO_CHART,UNOFFICIAL_FREE_VENDOR,2026-07-21T03:21:14.119840+00:00,1a38d1a9c5033b6e0311a01d7cc99d70b42f06c83a2aa3c1d6b5253548a1a11a
HKEX:03167,03167,3167.HK,2026-07-17,58.81999969482422,58.81999969482422,58.81999969482422,58.81999969482422,58.81999969482422,0,nan,HKD,YAHOO_CHART,UNOFFICIAL_FREE_VENDOR,2026-07-21T03:21:14.119840+00:00,b398fe9bdae035ad6b63e72854b4549fe53be963871d99d8b3891ad0efe7d5d0
HKEX:03174,03174,3174.HK,2026-07-21,3.380000114440918,3.4019999504089355,3.319999933242798,3.3320000171661377,3.3320000171661377,951500,nan,HKD,YAHOO_CHART,UNOFFICIAL_FREE_VENDOR,2026-07-21T03:21:14.119840+00:00,2d75e233223e72ad3478bf69dfd011ef956f8ff3ac14554f386ccc2c8fbf6ba3
HKEX:03200,03200,3200.HK,2026-07-21,111.9000015258789,118.0,105.30000305175781,117.19999694824219,117.19999694824219,673100,nan,HKD,YAHOO_CHART,UNOFFICIAL_FREE_VENDOR,2026-07-21T03:21:14.119840+00:00,21a8319d7b672870dd89703689efe98d9da90809d161841eb04fc3270307f405
HKEX:03268,03268,3268.HK,2026-07-21,17.690000534057617,17.850000381469727,16.899999618530273,17.239999771118164,17.239999771118164,394700,nan,HKD,YAHOO_CHART,UNOFFICIAL_FREE_VENDOR,2026-07-21T03:21:14.119840+00:00,ffb3c8609168212d3b4d33b81cfa39e2b23876f212d873e9b7146e938f0fc1b1
HKEX:03288,03288,3288.HK,2026-07-21,32.0,32.81999969482422,31.860000610351562,32.02000045776367,32.02000045776367,278915,nan,HKD,YAHOO_CHART,UNOFFICIAL_FREE_VENDOR,2026-07-21T03:21:14.119840+00:00,ff3e46b1c1399ac98c78dda4379fb3c4d3c598fe0f2f3756155c74c0a1ba8d1f
HKEX:03296,03296,3296.HK,2026-07-21,61.75,66.30000305175781,61.75,65.0,65.0,1709978,nan,HKD,YAHOO_CHART,UNOFFICIAL_FREE_VENDOR,2026-07-21T03:21:14.119840+00:00,301e3b257973c9b8b23ffc50452d102e6c6e587bcb50c0f71dc1ac58bbf76697
HKEX:03306,03306,3306.HK,2026-07-21,19.25,19.65999984741211,19.15999984741211,19.399999618530273,19.399999618530273,117000,nan,HKD,YAHOO_CHART,UNOFFICIAL_FREE_VENDOR,2026-07-21T03:21:14.119840+00:00,05fb3e8e675aee5c20b736c4c10745f25f9750277450403b4dd546187e5f5283
HKEX:03311,03311,3311.HK,2026-07-21,8.0,8.149999618530273,7.940000057220459,7.980000019073486,7.980000019073486,2033953,nan,HKD,YAHOO_CHART,UNOFFICIAL_FREE_VENDOR,2026-07-21T03:21:14.119840+00:00,18b26e65e3b45fdc24fbcd2f20b295b356933856af72558bd054bb4583266231
HKEX:03317,03317,3317.HK,2026-07-21,110.80000305175781,117.5999984741211,105.5,107.5999984741211,107.5999984741211,4873737,nan,HKD,YAHOO_CHART,UNOFFICIAL_FREE_VENDOR,2026-07-21T03:21:14.119840+00:00,cf94b5631a8eb2f9bf8c14694b72a48fd19e559bc3f51b99a1815fea96891c15
HKEX:03320,03320,3320.HK,2026-07-21,4.849999904632568,4.889999866485596,4.75,4.769999980926514,4.769999980926514,2437370,nan,HKD,YAHOO_CHART,UNOFFICIAL_FREE_VENDOR,2026-07-21T03:21:14.119840+00:00,c9fbadd01e53572bbfc95c1a72af9bba3eae61e0bb1e5271d6b8938231efb227
HKEX:03323,03323,3323.HK,2026-07-21,3.609999895095825,3.6700000762939453,3.5199999809265137,3.6700000762939453,3.6700000762939453,26958704,nan,HKD,YAHOO_CHART,UNOFFICIAL_FREE_VENDOR,2026-07-21T03:21:14.119840+00:00,3cb1748b794c3c1b3a83b5b2e756749e90aabd6262403d4fd40317439d68b31b
HKEX:03328,03328,3328.HK,2026-07-21,7.25,7.289999961853027,7.179999828338623,7.179999828338623,7.179999828338623,14173832,nan,HKD,YAHOO_CHART,UNOFFICIAL_FREE_VENDOR,2026-07-21T03:21:14.119840+00:00,5a76ac332a132657c7955bd6e6820374956d7dd7b2f6c7a1de655d32dcf77f1d
HKEX:03330,03330,3330.HK,2026-07-21,15.5,15.989999771118164,15.300000190734863,15.489999771118164,15.489999771118164,7853500,nan,HKD,YAHOO_CHART,UNOFFICIAL_FREE_VENDOR,2026-07-21T03:21:14.119840+00:00,8072fbb721b900926ef9663b15cd985b5f748716192baeb9796b86230dd2f38f
HKEX:03339,03339,3339.HK,2026-07-21,3.0,3.240000009536743,3.0,3.180000066757202,3.180000066757202,16010000,nan,HKD,YAHOO_CHART,UNOFFICIAL_FREE_VENDOR,2026-07-21T03:21:14.119840+00:00,5416d4316b7fb9f9302e7b0c98fe38222e932f9b14244cfe6999c0fc02889d0b
HKEX:03347,03347,3347.HK,2026-07-21,38.70000076293945,38.900001525878906,37.0,37.18000030517578,37.18000030517578,1285100,nan,HKD,YAHOO_CHART,UNOFFICIAL_FREE_VENDOR,2026-07-21T03:21:14.119840+00:00,70609a8b301b72dc71421a838b8f1ce1714fd42d4e84b810e422cf1a195bc259
HKEX:03360,03360,3360.HK,2026-07-21,6.630000114440918,6.769999980926514,6.619999885559082,6.690000057220459,6.690000057220459,2210400,nan,HKD,YAHOO_CHART,UNOFFICIAL_FREE_VENDOR,2026-07-21T03:21:14.119840+00:00,1ada883815a121eeab733023505a34e7e4a0765acf987c29f7951a7c0317da4b
HKEX:03369,03369,3369.HK,2026-07-21,2.299999952316284,2.3499999046325684,2.299999952316284,2.3399999141693115,2.3399999141693115,669500,nan,HKD,YAHOO_CHART,UNOFFICIAL_FREE_VENDOR,2026-07-21T03:21:14.119840+00:00,09239bade2c0e52c3eab213788a6db99ff8384fd550e8840a25a8e54ef8fbb64
HKEX:03380,03380,3380.HK,2026-07-21,1.399999976158142,1.409999966621399,1.3799999952316284,1.3899999856948853,1.3899999856948853,237000,nan,HKD,YAHOO_CHART,UNOFFICIAL_FREE_VENDOR,2026-07-21T03:21:14.119840+00:00,216acd4874b422c1742f7306cf2cb4bec7800227ed481c8c2e43661a22015b87
HKEX:03393,03393,3393.HK,2026-07-21,17.899999618530273,19.149999618530273,17.559999465942383,19.110000610351562,19.110000610351562,2010437,nan,HKD,YAHOO_CHART,UNOFFICIAL_FREE_VENDOR,2026-07-21T03:21:14.119840+00:00,187027f15342d5433fd15fe0df90469fe1c50284e67dffa4a6716580420deeeb
HKEX:03396,03396,3396.HK,2026-07-21,12.479999542236328,12.630000114440918,12.239999771118164,12.579999923706055,12.579999923706055,1924340,nan,HKD,YAHOO_CHART,UNOFFICIAL_FREE_VENDOR,2026-07-21T03:21:14.119840+00:00,4bd8df025cab6be5bf2d51fb2162f325697f0590e87d018b0cf7e2e46aea71d2
HKEX:03403,03403,3403.HK,2026-07-21,51.720001220703125,51.720001220703125,51.720001220703125,51.720001220703125,51.720001220703125,200,nan,HKD,YAHOO_CHART,UNOFFICIAL_FREE_VENDOR,2026-07-21T03:21:14.119840+00:00,a6b711480e18a3bf4aa0b3b7771ba63c9040574fa9fc499f15e29e7763593b81
HKEX:03406,03406,3406.HK,2026-07-21,14.949999809265137,14.949999809265137,14.949999809265137,15.050000190734863,15.050000190734863,500,nan,HKD,YAHOO_CHART,UNOFFICIAL_FREE_VENDOR,2026-07-21T03:21:14.119840+00:00,93bd6b3fb5fb68013d387728abf6f73a7d9bfbf1fb7d29642d94189dab89b48d
HKEX:03423,03423,3423.HK,2026-07-21,8.600000381469727,8.604999542236328,8.5,8.555000305175781,8.555000305175781,24370,nan,HKD,YAHOO_CHART,UNOFFICIAL_FREE_VENDOR,2026-07-21T03:21:14.119840+00:00,2c19413ebed9c15689dcad467ddcb3aaa28d29ec36012fad972d9aa81bad3381
HKEX:03431,03431,3431.HK,2026-07-21,9.979999542236328,10.119999885559082,9.90999984741211,10.100000381469727,10.100000381469727,2221200,nan,HKD,YAHOO_CHART,UNOFFICIAL_FREE_VENDOR,2026-07-21T03:21:14.119840+00:00,c358259b5fc35b86c53f29b19a1bf5ee8840a2ef1fb18536b0327ae14217483e
HKEX:03432,03432,3432.HK,2026-07-17,98.0199966430664,98.0199966430664,98.0199966430664,98.0199966430664,98.0199966430664,0,nan,HKD,YAHOO_CHART,UNOFFICIAL_FREE_VENDOR,2026-07-21T03:21:14.119840+00:00,bf04dfc06e0c1dc0b27550a65e7f89d7a901ad0f8aac31ab50475ff9bd7543b7
HKEX:03437,03437,3437.HK,2026-07-21,9.84000015258789,9.880000114440918,9.75,9.755000114440918,9.755000114440918,191300,nan,HKD,YAHOO_CHART,UNOFFICIAL_FREE_VENDOR,2026-07-21T03:21:14.119840+00:00,6dff466f0cc99e9f07c03c780aa2f190ce88c0db7b4c797c3c971032a655ba86
HKEX:03441,03441,3441.HK,2026-07-21,11.819999694824219,12.470000267028809,11.819999694824219,12.420000076293945,12.420000076293945,274300,nan,HKD,YAHOO_CHART,UNOFFICIAL_FREE_VENDOR,2026-07-21T03:21:14.119840+00:00,5ce17aa12b7407ba23b929e597216e0dfb6b21b4ed39b54a183fd4e8bf945481
HKEX:03442,03442,3442.HK,2026-07-21,8.020000457763672,8.039999961853027,7.980000019073486,8.020000457763672,8.020000457763672,93800,nan,HKD,YAHOO_CHART,UNOFFICIAL_FREE_VENDOR,2026-07-21T03:21:14.119840+00:00,5c3f07d4b60ffcf69d549eeca4bf6b560c4399f522797e37a34ba8bf4bb1caff
HKEX:03443,03443,3443.HK,2026-07-17,8.864999771118164,8.864999771118164,8.864999771118164,8.864999771118164,8.864999771118164,0,nan,HKD,YAHOO_CHART,UNOFFICIAL_FREE_VENDOR,2026-07-21T03:21:14.119840+00:00,e95ce6524db3298ed404812bedd4699044c10796324e6b6a5a04d16faa1580ea
HKEX:03469,03469,3469.HK,2026-07-21,8.010000228881836,8.020000457763672,8.0,8.0,8.0,11200,nan,HKD,YAHOO_CHART,UNOFFICIAL_FREE_VENDOR,2026-07-21T03:21:14.119840+00:00,d5f34c253339d0da27c7154cef95a878bfc9b01c52e686402c4fb635c535e62e
HKEX:03477,03477,3477.HK,2026-07-21,17.09000015258789,17.100000381469727,17.09000015258789,17.100000381469727,17.100000381469727,2350,nan,HKD,YAHOO_CHART,UNOFFICIAL_FREE_VENDOR,2026-07-21T03:21:14.119840+00:00,0824f1a107fa89efa0896ca0997d3830c9b88114f954cd538ed808a92bd1c90e
HKEX:03483,03483,3483.HK,2026-07-21,17.700000762939453,17.770000457763672,17.670000076293945,17.670000076293945,17.670000076293945,9800,nan,HKD,YAHOO_CHART,UNOFFICIAL_FREE_VENDOR,2026-07-21T03:21:14.119840+00:00,ef0508a2cbb570e8dae0f54b9332d8370be570191334fd654f2b27fa8bd146f2
HKEX:03489,03489,3489.HK,2026-07-21,13.289999961853027,13.369999885559082,13.180000305175781,13.369999885559082,13.369999885559082,46200,nan,HKD,YAHOO_CHART,UNOFFICIAL_FREE_VENDOR,2026-07-21T03:21:14.119840+00:00,44391fddd87e70fde3b398437fa4e68d37945179d15d4e0d3556fa692b33932b
HKEX:03606,03606,3606.HK,2026-07-21,56.0,56.25,54.849998474121094,54.849998474121094,54.849998474121094,799760,nan,HKD,YAHOO_CHART,UNOFFICIAL_FREE_VENDOR,2026-07-21T03:21:14.119840+00:00,11432535d1d13670251cc26ded48845cfacafd63d998a09f22e5358b619dbb46
HKEX:03613,03613,3613.HK,2026-07-21,6.949999809265137,6.949999809265137,6.849999904632568,6.860000133514404,6.860000133514404,205000,nan,HKD,YAHOO_CHART,UNOFFICIAL_FREE_VENDOR,2026-07-21T03:21:14.119840+00:00,a177eaf866a833a3eb11aae09655fd8d377db24dfd008b79ff2aa55af21d599c
HKEX:03618,03618,3618.HK,2026-07-21,6.550000190734863,6.570000171661377,6.300000190734863,6.300000190734863,6.300000190734863,3210550,nan,HKD,YAHOO_CHART,UNOFFICIAL_FREE_VENDOR,2026-07-21T03:21:14.119840+00:00,014aa7a23deb7fa5a69d9e1693c42c7d8df55e6a801b4857a5217dafdf0f1f52
HKEX:03633,03633,3633.HK,2026-07-21,2.569999933242798,2.569999933242798,2.5,2.5199999809265137,2.5199999809265137,1341000,nan,HKD,YAHOO_CHART,UNOFFICIAL_FREE_VENDOR,2026-07-21T03:21:14.119840+00:00,cbea399208cea4b104ccd62b82a421b9db24350501b7e352362013e6fae1701c
HKEX:03668,03668,3668.HK,2026-07-21,31.0,32.279998779296875,31.0,32.040000915527344,32.040000915527344,859000,nan,HKD,YAHOO_CHART,UNOFFICIAL_FREE_VENDOR,2026-07-21T03:21:14.119840+00:00,ffecdcf4aa2f0f92f428b3af364f2386a689d56ca6c7a535dc8881e7c7d2385b
HKEX:03677,03677,3677.HK,2026-07-21,5.699999809265137,5.690000057220459,5.420000076293945,5.579999923706055,5.579999923706055,894600,nan,HKD,YAHOO_CHART,UNOFFICIAL_FREE_VENDOR,2026-07-21T03:21:14.119840+00:00,55d2b04a7095fb0c982e18fb5206001ca600c8f5ff4251174a25a8e061727c48
HKEX:03678,03678,3678.HK,2026-07-21,2.140000104904175,2.200000047683716,2.119999885559082,2.119999885559082,2.119999885559082,4587000,nan,HKD,YAHOO_CHART,UNOFFICIAL_FREE_VENDOR,2026-07-21T03:21:14.119840+00:00,e48ac8715fe30c0b24bcb3ce8a8280007f2bdb0f81e980c3a8193f0606e300c4
HKEX:03690,03690,3690.HK,2026-07-21,84.9000015258789,86.69999694824219,84.5,85.0999984741211,85.0999984741211,12764211,nan,HKD,YAHOO_CHART,UNOFFICIAL_FREE_VENDOR,2026-07-21T03:21:14.119840+00:00,08fcd681cce3e8e7d6709d03b8e563b1625f9149e0fdf0eca9348552eb54d1f4
HKEX:03692,03692,3692.HK,2026-07-21,32.619998931884766,33.2599983215332,31.920000076293945,32.08000183105469,32.08000183105469,3059910,nan,HKD,YAHOO_CHART,UNOFFICIAL_FREE_VENDOR,2026-07-21T03:21:14.119840+00:00,4c13d3a1e1fce5be062ab9d855a4eca28fd5ba6e351aaf15e655429ff5017382
HKEX:03696,03696,3696.HK,2026-07-21,44.97999954223633,44.97999954223633,41.0,42.720001220703125,42.720001220703125,9527000,nan,HKD,YAHOO_CHART,UNOFFICIAL_FREE_VENDOR,2026-07-21T03:21:14.119840+00:00,580e723b1c1a2d5f08a04aa240a553ca4af96d6e1517fc89031a5a8dca4d9842
HKEX:03698,03698,3698.HK,2026-07-21,4.800000190734863,4.880000114440918,4.78000020980835,4.820000171661377,4.820000171661377,3623000,nan,HKD,YAHOO_CHART,UNOFFICIAL_FREE_VENDOR,2026-07-21T03:21:14.119840+00:00,663a171a2f73912b46d2986bf828800fc82c8f7a7db2cd92de22b9ab7174cbef
HKEX:03738,03738,3738.HK,2026-07-21,2.2899999618530273,2.309999942779541,2.190000057220459,2.25,2.25,8209000,nan,HKD,YAHOO_CHART,UNOFFICIAL_FREE_VENDOR,2026-07-21T03:21:14.119840+00:00,561c454080ad6a599e692e83b8e269a2c7567f5d4e94f2dd8306ae3090293846
HKEX:03750,03750,3750.HK,2026-07-21,616.0,636.0,609.0,633.5,633.5,954732,nan,HKD,YAHOO_CHART,UNOFFICIAL_FREE_VENDOR,2026-07-21T03:21:14.119840+00:00,ed58ea26601a77be80e6c5c91e782cee421f49ac09dfb2bae98340e0595fc9a5
HKEX:03759,03759,3759.HK,2026-07-21,23.639999389648438,24.219999313354492,23.040000915527344,23.18000030517578,23.18000030517578,2192700,nan,HKD,YAHOO_CHART,UNOFFICIAL_FREE_VENDOR,2026-07-21T03:21:14.119840+00:00,31392be7b17dff11fd18683044d35e4501b467d08901358e67bee169037d8177
HKEX:03800,03800,3800.HK,2026-07-21,0.5799999833106995,0.5799999833106995,0.550000011920929,0.5600000023841858,0.5600000023841858,125729400,nan,HKD,YAHOO_CHART,UNOFFICIAL_FREE_VENDOR,2026-07-21T03:21:14.119840+00:00,344dddf0b26cfb9331f025a2f8ac4205cc588573b7c64c2edeb391067eb5a474
HKEX:03808,03808,3808.HK,2026-07-21,36.7400016784668,38.68000030517578,36.34000015258789,38.439998626708984,38.439998626708984,3795485,nan,HKD,YAHOO_CHART,UNOFFICIAL_FREE_VENDOR,2026-07-21T03:21:14.119840+00:00,642dba3380dbf383a6f4a6a3b42080709188b3120939b7c4b9ff5b01f2bd9e37
HKEX:03858,03858,3858.HK,2026-07-21,46.5,47.5,44.34000015258789,46.7400016784668,46.7400016784668,522400,nan,HKD,YAHOO_CHART,UNOFFICIAL_FREE_VENDOR,2026-07-21T03:21:14.119840+00:00,85b92b2aec028e6eb4bf7fe8e816fadb6beee0c019a04f9e0323e51339601e8a
HKEX:03866,03866,3866.HK,2026-07-21,4.789999961853027,4.829999923706055,4.710000038146973,4.710000038146973,4.710000038146973,814000,nan,HKD,YAHOO_CHART,UNOFFICIAL_FREE_VENDOR,2026-07-21T03:21:14.119840+00:00,add2ac042a98e0c0b25224ab1089063771d980c9c2639523e1f28b9f10a109de
HKEX:03868,03868,3868.HK,2026-07-21,0.9200000166893005,0.9200000166893005,0.9100000262260437,0.9200000166893005,0.9200000166893005,1204000,nan,HKD,YAHOO_CHART,UNOFFICIAL_FREE_VENDOR,2026-07-21T03:21:14.119840+00:00,8a75a6f4e157738c839cf780ed67ebe0345f35e99eaf5290c9f2b7c421565adf
HKEX:03877,03877,3877.HK,2026-07-21,2.2200000286102295,2.2300000190734863,2.200000047683716,2.2100000381469727,2.2100000381469727,1478000,nan,HKD,YAHOO_CHART,UNOFFICIAL_FREE_VENDOR,2026-07-21T03:21:14.119840+00:00,7005b7aeabf02e76d84a43879fdb84c6b3cd16a0d739555b2399be1dd26cc158
HKEX:03881,03881,3881.HK,2026-07-21,19.350000381469727,19.350000381469727,18.799999237060547,19.100000381469727,19.100000381469727,58900,nan,HKD,YAHOO_CHART,UNOFFICIAL_FREE_VENDOR,2026-07-21T03:21:14.119840+00:00,b03e49e9a8b3ece9a6dfe3301fe59fad29f01f4b46118f39bf517040beb19bb1
HKEX:03888,03888,3888.HK,2026-07-21,24.520000457763672,25.15999984741211,24.520000457763672,24.65999984741211,24.65999984741211,3349820,nan,HKD,YAHOO_CHART,UNOFFICIAL_FREE_VENDOR,2026-07-21T03:21:14.119840+00:00,059c889ff7412f050a6f4aaf09ef7667e5281d3fcb6a4c3468f970aea9a0a7ca
HKEX:03896,03896,3896.HK,2026-07-21,5.349999904632568,5.489999771118164,5.170000076293945,5.170000076293945,5.170000076293945,29396000,nan,HKD,YAHOO_CHART,UNOFFICIAL_FREE_VENDOR,2026-07-21T03:21:14.119840+00:00,5be97c758f696137590cfc15c5a9770b7c744f8e88fd907e72e9995b9c343f28
HKEX:03898,03898,3898.HK,2026-07-21,34.08000183105469,34.31999969482422,33.400001525878906,34.279998779296875,34.279998779296875,1176300,nan,HKD,YAHOO_CHART,UNOFFICIAL_FREE_VENDOR,2026-07-21T03:21:14.119840+00:00,62b9f71ce064f60dd00aefc952f4fbe161ec923f2fc20f8595459f4d883b81bf
HKEX:03899,03899,3899.HK,2026-07-21,7.619999885559082,7.619999885559082,7.449999809265137,7.599999904632568,7.599999904632568,1597910,nan,HKD,YAHOO_CHART,UNOFFICIAL_FREE_VENDOR,2026-07-21T03:21:14.119840+00:00,4982abe8701024cc7ecd2ea801904d53b6360a3752e78ff351843349b0ce5a64
HKEX:03900,03900,3900.HK,2026-07-21,7.440000057220459,7.440000057220459,7.25,7.28000020980835,7.28000020980835,1473500,nan,HKD,YAHOO_CHART,UNOFFICIAL_FREE_VENDOR,2026-07-21T03:21:14.119840+00:00,d280b588c459ab979c13971e06572807dce8a6439d32130991c12e874393d62c
HKEX:03908,03908,3908.HK,2026-07-21,22.100000381469727,22.18000030517578,21.31999969482422,21.34000015258789,21.34000015258789,6609536,nan,HKD,YAHOO_CHART,UNOFFICIAL_FREE_VENDOR,2026-07-21T03:21:14.119840+00:00,ed353036451de5e448948bcac835a64d94ee6d970874df151e0bdb8ca904a1fe
HKEX:03918,03918,3918.HK,2026-07-21,3.690000057220459,3.690000057220459,3.5299999713897705,3.5299999713897705,3.5299999713897705,578000,nan,HKD,YAHOO_CHART,UNOFFICIAL_FREE_VENDOR,2026-07-21T03:21:14.119840+00:00,b7be3e8e013f63ae00b034048a667b215d15ce111837da40b0722d55983c2567
HKEX:03931,03931,3931.HK,2026-07-21,17.670000076293945,17.670000076293945,16.65999984741211,17.309999465942383,17.309999465942383,3113396,nan,HKD,YAHOO_CHART,UNOFFICIAL_FREE_VENDOR,2026-07-21T03:21:14.119840+00:00,9d7f9ef3ff0df37a8665fd4b0b155fa781b51546c41e3bf673bbc89b0504ee8b
HKEX:03933,03933,3933.HK,2026-07-21,9.100000381469727,9.390000343322754,9.039999961853027,9.039999961853027,9.039999961853027,2202000,nan,HKD,YAHOO_CHART,UNOFFICIAL_FREE_VENDOR,2026-07-21T03:21:14.119840+00:00,b3978203b65db54454cff010d162311339259d552941c9da832a2f43293fef5a
HKEX:03939,03939,3939.HK,2026-07-21,9.350000381469727,9.720000267028809,9.350000381469727,9.529999732971191,9.529999732971191,5556000,nan,HKD,YAHOO_CHART,UNOFFICIAL_FREE_VENDOR,2026-07-21T03:21:14.119840+00:00,679a71c9f48f4639331610ae2625d38e02c75d07ccfbddf11b96b22ad99b9174
HKEX:03958,03958,3958.HK,2026-07-21,5.559999942779541,5.639999866485596,5.510000228881836,5.519999980926514,5.519999980926514,3495600,nan,HKD,YAHOO_CHART,UNOFFICIAL_FREE_VENDOR,2026-07-21T03:21:14.119840+00:00,7e476a71d20265d230391fd08a5bdb5b702d9837749c2fff949b0e48646440b5
HKEX:03968,03968,3968.HK,2026-07-21,49.08000183105469,49.15999984741211,48.15999984741211,48.18000030517578,48.18000030517578,2967651,nan,HKD,YAHOO_CHART,UNOFFICIAL_FREE_VENDOR,2026-07-21T03:21:14.119840+00:00,a8e0c4ea1bda417ec3e08597434ced552be94ea71aecc2bafc2499c5808b2292
HKEX:03969,03969,3969.HK,2026-07-21,3.240000009536743,3.240000009536743,3.200000047683716,3.2200000286102295,3.2200000286102295,1070000,nan,HKD,YAHOO_CHART,UNOFFICIAL_FREE_VENDOR,2026-07-21T03:21:14.119840+00:00,fcbaacd529f779f41b51fa44fe952ca56fa0d7d2dc581c6abe349777e516b6bc
HKEX:03986,03986,3986.HK,2026-07-21,552.0,607.0,522.0,602.0,602.0,4123258,nan,HKD,YAHOO_CHART,UNOFFICIAL_FREE_VENDOR,2026-07-21T03:21:14.119840+00:00,d23e2301c232fe78a867672bc74f575415ace3402a628050bc64d2451c5e5ae5
HKEX:03988,03988,3988.HK,2026-07-21,5.25,5.300000190734863,5.21999979019165,5.230000019073486,5.230000019073486,84247042,nan,HKD,YAHOO_CHART,UNOFFICIAL_FREE_VENDOR,2026-07-21T03:21:14.119840+00:00,1c6f99615f1d0f59822c8cc3de068780f344bddab886476718a330a2a3826c5a
HKEX:03993,03993,3993.HK,2026-07-21,16.489999771118164,16.600000381469727,16.040000915527344,16.1200008392334,16.1200008392334,13407882,nan,HKD,YAHOO_CHART,UNOFFICIAL_FREE_VENDOR,2026-07-21T03:21:14.119840+00:00,573cb6c796567d5d3b0a9f0c0ee140774d6165f2ff0e8d4e8848fa45387c4bfc
HKEX:03996,03996,3996.HK,2026-07-21,1.100000023841858,1.100000023841858,1.090000033378601,1.100000023841858,1.100000023841858,2672000,nan,HKD,YAHOO_CHART,UNOFFICIAL_FREE_VENDOR,2026-07-21T03:21:14.119840+00:00,15f07c3a533a74ba372083e7214bf5ede5a18b4ec9c88f6bf1074a802e3b3698
HKEX:03998,03998,3998.HK,2026-07-21,4.960000038146973,4.980000019073486,4.860000133514404,4.940000057220459,4.940000057220459,14846966,nan,HKD,YAHOO_CHART,UNOFFICIAL_FREE_VENDOR,2026-07-21T03:21:14.119840+00:00,f8573a5674885e3e49a74dfb9066b125542294e1dfc231d49969ae7156a75079
HKEX:06030,06030,6030.HK,2026-07-21,27.940000534057617,28.520000457763672,27.5,27.719999313354492,27.719999313354492,7767394,nan,HKD,YAHOO_CHART,UNOFFICIAL_FREE_VENDOR,2026-07-21T03:21:14.119840+00:00,f6cd112d6fa065b723776a92d51384503a5edbcc4b4bb543649fcdeab8c800e8
HKEX:06031,06031,6031.HK,2026-07-21,20.0,20.639999389648438,19.959999084472656,20.079999923706055,20.079999923706055,1469800,nan,HKD,YAHOO_CHART,UNOFFICIAL_FREE_VENDOR,2026-07-21T03:21:14.119840+00:00,02d80ed526cde59650f4914b59aa4227dce0cf04881995870421056fbf17a321
HKEX:06049,06049,6049.HK,2026-07-21,28.799999237060547,28.899999618530273,28.1200008392334,28.18000030517578,28.18000030517578,138200,nan,HKD,YAHOO_CHART,UNOFFICIAL_FREE_VENDOR,2026-07-21T03:21:14.119840+00:00,4ac887d1d1fedc039725257d5489c961cb42dd582839db56702675eed90387c7
HKEX:06055,06055,6055.HK,2026-07-21,21.600000381469727,22.559999465942383,21.260000228881836,21.700000762939453,21.700000762939453,2259190,nan,HKD,YAHOO_CHART,UNOFFICIAL_FREE_VENDOR,2026-07-21T03:21:14.119840+00:00,6584d59ef8e7c6b01b69117fa2e94223ab5e8e683ed70055b45b8f27dbdedc11
HKEX:06060,06060,6060.HK,2026-07-21,10.59000015258789,10.920000076293945,10.579999923706055,10.649999618530273,10.649999618530273,3848877,nan,HKD,YAHOO_CHART,UNOFFICIAL_FREE_VENDOR,2026-07-21T03:21:14.119840+00:00,1a82a7c35d0e4beb00483195ee805b9e0ba2fb21e22a9eef68a279c459f9f745
HKEX:06066,06066,6066.HK,2026-07-21,11.850000381469727,12.170000076293945,11.6899995803833,11.729999542236328,11.729999542236328,5216500,nan,HKD,YAHOO_CHART,UNOFFICIAL_FREE_VENDOR,2026-07-21T03:21:14.119840+00:00,67fdd7187ec72766ffa977820eda2fb152d9c1b19fe05162d4ef0b01c62c3eb5
HKEX:06067,06067,6067.HK,2026-07-21,7.599999904632568,7.829999923706055,7.199999809265137,7.659999847412109,7.659999847412109,1375500,nan,HKD,YAHOO_CHART,UNOFFICIAL_FREE_VENDOR,2026-07-21T03:21:14.119840+00:00,138e81ee53c03ed539719bdc6e4bbc0ef6cc0a68c0af4685877fc2f5d4b0bdee
HKEX:06069,06069,6069.HK,2026-07-21,7.510000228881836,7.78000020980835,7.5,7.559999942779541,7.559999942779541,1677500,nan,HKD,YAHOO_CHART,UNOFFICIAL_FREE_VENDOR,2026-07-21T03:21:14.119840+00:00,226f6e1ef9b7f6fd431d08de2fd010db371cfed0c4b7a7bcbfe76203fe2e5388
HKEX:06078,06078,6078.HK,2026-07-21,10.359999656677246,10.420000076293945,10.069999694824219,10.300000190734863,10.300000190734863,456400,nan,HKD,YAHOO_CHART,UNOFFICIAL_FREE_VENDOR,2026-07-21T03:21:14.119840+00:00,e6bcca11557818f9d86392b3a78a5a06c5a2973ab1bb70483e1934df6764b047
HKEX:06082,06082,6082.HK,2026-07-21,35.0,37.900001525878906,34.86000061035156,37.84000015258789,37.84000015258789,12389400,nan,HKD,YAHOO_CHART,UNOFFICIAL_FREE_VENDOR,2026-07-21T03:21:14.119840+00:00,33b469e07085e437fd79bb8584c89dfbed252c81d2f314761240fcffabb07836
HKEX:06088,06088,6088.HK,2026-07-21,5.400000095367432,5.570000171661377,5.289999961853027,5.570000171661377,5.570000171661377,9367020,nan,HKD,YAHOO_CHART,UNOFFICIAL_FREE_VENDOR,2026-07-21T03:21:14.119840+00:00,ce329e706e0be3012c84d382b3243e37165a2c863126c8dff3e36ea3f348a56a
HKEX:06090,06090,6090.HK,2026-07-21,40.5,43.439998626708984,39.63999938964844,41.47999954223633,41.47999954223633,1467000,nan,HKD,YAHOO_CHART,UNOFFICIAL_FREE_VENDOR,2026-07-21T03:21:14.119840+00:00,3b62ce8a26a0b6bd65eb8b9524eab591202215905c2a8c01a0fec20886ec192a
HKEX:06098,06098,6098.HK,2026-07-21,5.550000190734863,5.650000095367432,5.5,5.539999961853027,5.539999961853027,2444990,nan,HKD,YAHOO_CHART,UNOFFICIAL_FREE_VENDOR,2026-07-21T03:21:14.119840+00:00,c56c7df70024b4f5b09cc8205ffc237c37a67223c651d71c3908470935f32eea
HKEX:06099,06099,6099.HK,2026-07-21,15.039999961853027,15.329999923706055,14.880000114440918,14.9399995803833,14.9399995803833,3292200,nan,HKD,YAHOO_CHART,UNOFFICIAL_FREE_VENDOR,2026-07-21T03:21:14.119840+00:00,eecd42f235e6f107a19443d9368dade7efe35255d3d8bdd5bb552b7d5c03bf31
HKEX:06110,06110,6110.HK,2026-07-21,1.899999976158142,1.899999976158142,1.850000023841858,1.8899999856948853,1.8899999856948853,4489000,nan,HKD,YAHOO_CHART,UNOFFICIAL_FREE_VENDOR,2026-07-21T03:21:14.119840+00:00,3492dca63b735943e29385a8a0b736c06d2e1da882ab3a6c5fcee9cca3bbd39e
HKEX:06127,06127,6127.HK,2026-07-21,23.239999771118164,24.399999618530273,23.0,23.600000381469727,23.600000381469727,5527964,nan,HKD,YAHOO_CHART,UNOFFICIAL_FREE_VENDOR,2026-07-21T03:21:14.119840+00:00,48cdf1a8c32060a79f291a71c6f91e43e2ec012927318ef2ebd047c77d5df10b
HKEX:06160,06160,6160.HK,2026-07-21,189.5,190.39999389648438,186.8000030517578,189.10000610351562,189.10000610351562,1853123,nan,HKD,YAHOO_CHART,UNOFFICIAL_FREE_VENDOR,2026-07-21T03:21:14.119840+00:00,3889ce40196c0d4905d9c35154df760042e1fe61b1353e46f75519183a092135
HKEX:06166,06166,6166.HK,2026-07-21,82.69999694824219,85.5999984741211,77.55000305175781,85.1500015258789,85.1500015258789,6152550,nan,HKD,YAHOO_CHART,UNOFFICIAL_FREE_VENDOR,2026-07-21T03:21:14.119840+00:00,cd5c5465177aa8c89b27c10e44bb9a26fe08745db4a1f6a087f202be00b15ed8
HKEX:06168,06168,6168.HK,2026-07-21,14.390000343322754,14.680000305175781,14.390000343322754,14.5,14.5,134700,nan,HKD,YAHOO_CHART,UNOFFICIAL_FREE_VENDOR,2026-07-21T03:21:14.119840+00:00,f94668e9190ca724aa4d7ef622fe64a86a0dc253bcc245bd3744df9a266b0067
HKEX:06178,06178,6178.HK,2026-07-21,7.590000152587891,7.699999809265137,7.5,7.559999942779541,7.559999942779541,1016000,nan,HKD,YAHOO_CHART,UNOFFICIAL_FREE_VENDOR,2026-07-21T03:21:14.119840+00:00,7a85feb8a2af9b107b8400a8ad8de260b7a33c6f3cf3670bf268826bb1a874a5
HKEX:06181,06181,6181.HK,2026-07-21,367.6000061035156,369.20001220703125,358.3999938964844,359.20001220703125,359.20001220703125,208110,nan,HKD,YAHOO_CHART,UNOFFICIAL_FREE_VENDOR,2026-07-21T03:21:14.119840+00:00,65c4cc74d9d307bdbc79d2dcbaa4f29c5bdc0470c820021fae9b9f5c693e3fa1
HKEX:06185,06185,6185.HK,2026-07-21,24.079999923706055,24.31999969482422,23.540000915527344,23.700000762939453,23.700000762939453,158800,nan,HKD,YAHOO_CHART,UNOFFICIAL_FREE_VENDOR,2026-07-21T03:21:14.119840+00:00,ce7c38535715c608ba67310c5230739a5437bd6b9cad83fcf18f51f6836844e7
HKEX:06186,06186,6186.HK,2026-07-21,3.25,3.299999952316284,3.2200000286102295,3.25,3.25,5540400,nan,HKD,YAHOO_CHART,UNOFFICIAL_FREE_VENDOR,2026-07-21T03:21:14.119840+00:00,2b752d85de888d39fbce493d0dea4c17536427255abbba755a68402f98af4528
HKEX:06196,06196,6196.HK,2026-07-21,0.8999999761581421,0.9100000262260437,0.8899999856948853,0.8899999856948853,0.8899999856948853,2758000,nan,HKD,YAHOO_CHART,UNOFFICIAL_FREE_VENDOR,2026-07-21T03:21:14.119840+00:00,9821a1d6cec40aca3b878262af097f45773a5063679a409113a17d509131bf17
HKEX:06198,06198,6198.HK,2026-07-21,6.900000095367432,6.949999809265137,6.849999904632568,6.880000114440918,6.880000114440918,977000,nan,HKD,YAHOO_CHART,UNOFFICIAL_FREE_VENDOR,2026-07-21T03:21:14.119840+00:00,e8ca56764c9c31665af0fc73d028ca20bd8f202452dee53c4804dbf70f9bd1d8
HKEX:06600,06600,6600.HK,2026-07-21,57.29999923706055,57.29999923706055,56.0,57.099998474121094,57.099998474121094,60600,nan,HKD,YAHOO_CHART,UNOFFICIAL_FREE_VENDOR,2026-07-21T03:21:14.119840+00:00,67a684196101c6b4277e275b41c5a0d36c45302b225944f66086a38022959605
HKEX:06603,06603,6603.HK,2026-07-21,5.679999828338623,5.880000114440918,5.659999847412109,5.659999847412109,5.659999847412109,862000,nan,HKD,YAHOO_CHART,UNOFFICIAL_FREE_VENDOR,2026-07-21T03:21:14.119840+00:00,ff08ff69c1b0d6b6a3f0bb60e00ce4a8e65339ef387065e0ece4cd52d45714b3
HKEX:06613,06613,6613.HK,2026-07-21,21.459999084472656,21.540000915527344,20.399999618530273,21.5,21.5,5403000,nan,HKD,YAHOO_CHART,UNOFFICIAL_FREE_VENDOR,2026-07-21T03:21:14.119840+00:00,1756e186c43ebb1e3858839943253dd0729798b0b763e8ca9005310c879f5c07
HKEX:06618,06618,6618.HK,2026-07-21,37.65999984741211,38.58000183105469,37.220001220703125,37.779998779296875,37.779998779296875,2310142,nan,HKD,YAHOO_CHART,UNOFFICIAL_FREE_VENDOR,2026-07-21T03:21:14.119840+00:00,0b00f90dd905670da6ab41dcd988ae3391168010838086179298d36e64646e84
HKEX:06651,06651,6651.HK,2026-07-21,56.5,59.29999923706055,54.54999923706055,59.04999923706055,59.04999923706055,1803500,nan,HKD,YAHOO_CHART,UNOFFICIAL_FREE_VENDOR,2026-07-21T03:21:14.119840+00:00,0f55f398bf3f86bd6eb95f20af20f72c75a1bd6f564f3c0d2bde79fafb7728b4
HKEX:06655,06655,6655.HK,2026-07-21,14.600000381469727,14.680000305175781,14.3100004196167,14.399999618530273,14.399999618530273,1065800,nan,HKD,YAHOO_CHART,UNOFFICIAL_FREE_VENDOR,2026-07-21T03:21:14.119840+00:00,6d83f5e8726e74e4bfdf3596af2f64cb9cf83effa9a7dda0e1ee0f1619b18c67
HKEX:06666,06666,6666.HK,2026-07-21,0.8799999952316284,0.8799999952316284,0.8600000143051147,0.8799999952316284,0.8799999952316284,5342500,nan,HKD,YAHOO_CHART,UNOFFICIAL_FREE_VENDOR,2026-07-21T03:21:14.119840+00:00,3284e140a8d84d9cd9718b7f4d6e030ae6d1579960cfe527bdecd559edbba3cc
HKEX:06680,06680,6680.HK,2026-07-21,17.049999237060547,17.239999771118164,16.579999923706055,17.200000762939453,17.200000762939453,1848600,nan,HKD,YAHOO_CHART,UNOFFICIAL_FREE_VENDOR,2026-07-21T03:21:14.119840+00:00,757959448e6fa5aa5d3538d7d713d03b57a5d24c1e38872ed5cd065f16a57188
HKEX:06681,06681,6681.HK,2026-07-21,1.7000000476837158,1.7200000286102295,1.6299999952316284,1.6399999856948853,1.6399999856948853,8032000,nan,HKD,YAHOO_CHART,UNOFFICIAL_FREE_VENDOR,2026-07-21T03:21:14.119840+00:00,197dea251abec71ca1b6942c5f1a22b918c1235fbdcd403feaa2bb749434ca20
HKEX:06682,06682,6682.HK,2026-07-21,28.0,28.459999084472656,27.3799991607666,27.81999969482422,27.81999969482422,1467600,nan,HKD,YAHOO_CHART,UNOFFICIAL_FREE_VENDOR,2026-07-21T03:21:14.119840+00:00,93449f83846b090b0f77ea0608a586c93b33e21c02377bdb4637b4217f44fedf
HKEX:06683,06683,6683.HK,2026-07-21,4.170000076293945,4.179999828338623,4.03000020980835,4.050000190734863,4.050000190734863,1981000,nan,HKD,YAHOO_CHART,UNOFFICIAL_FREE_VENDOR,2026-07-21T03:21:14.119840+00:00,ba80060724f0a8d17909061d4bbe1e654b7afb768283c7f95a2ae30abc06b1d3
HKEX:06687,06687,6687.HK,2026-07-21,13.119999885559082,13.119999885559082,12.109999656677246,12.300000190734863,12.300000190734863,113100,nan,HKD,YAHOO_CHART,UNOFFICIAL_FREE_VENDOR,2026-07-21T03:21:14.119840+00:00,16c0585474bdba4f5d8944150546a4865a63811a8f975a22035b7a7b530717a5
HKEX:06690,06690,6690.HK,2026-07-21,21.280000686645508,22.1200008392334,21.280000686645508,21.6200008392334,21.6200008392334,5861720,nan,HKD,YAHOO_CHART,UNOFFICIAL_FREE_VENDOR,2026-07-21T03:21:14.119840+00:00,31105493fb17b217789e0ed630231dc6d4a7f1a5fc08aa382b43b39d0819f1f9
HKEX:06693,06693,6693.HK,2026-07-21,27.1200008392334,28.200000762939453,26.81999969482422,27.139999389648438,27.139999389648438,2377800,nan,HKD,YAHOO_CHART,UNOFFICIAL_FREE_VENDOR,2026-07-21T03:21:14.119840+00:00,d8c7f2a33941b4a056315f6d1f24b12ae716044d33fb3bdc2222527d30d13cc0
HKEX:06699,06699,6699.HK,2026-07-21,78.0,79.3499984741211,77.0,77.25,77.25,331600,nan,HKD,YAHOO_CHART,UNOFFICIAL_FREE_VENDOR,2026-07-21T03:21:14.119840+00:00,f7066a9071edd162cbd153a98f8b57c34da66d078c8dc615a3e40550b756f205
HKEX:06745,06745,6745.HK,2026-07-21,3.130000114440918,3.299999952316284,3.0199999809265137,3.1700000762939453,3.1700000762939453,6540000,nan,HKD,YAHOO_CHART,UNOFFICIAL_FREE_VENDOR,2026-07-21T03:21:14.119840+00:00,232daeb3b293f857b5cdd14e8e488b7b073a7a7ac164ec85ad7f40c4b2c3e10e
HKEX:06806,06806,6806.HK,2026-07-21,2.569999933242798,2.609999895095825,2.559999942779541,2.569999933242798,2.569999933242798,3707200,nan,HKD,YAHOO_CHART,UNOFFICIAL_FREE_VENDOR,2026-07-21T03:21:14.119840+00:00,7e046ddfb10cec9e540d42cbb6302d44859922238b87ef45770388ca329a4dca
HKEX:06808,06808,6808.HK,2026-07-21,1.2599999904632568,1.2899999618530273,1.2300000190734863,1.25,1.25,7825000,nan,HKD,YAHOO_CHART,UNOFFICIAL_FREE_VENDOR,2026-07-21T03:21:14.119840+00:00,bf7a8b3fadd4db4efc30c782e4803895455e00f18b78857ed9c2ffe0aef8c7f0
HKEX:06809,06809,6809.HK,2026-07-21,275.0,294.6000061035156,256.20001220703125,290.79998779296875,290.79998779296875,3110396,nan,HKD,YAHOO_CHART,UNOFFICIAL_FREE_VENDOR,2026-07-21T03:21:14.119840+00:00,04fa6536209155d4bd0e15f9ffa55e88582d138ce1750a07b152777610015706
HKEX:06818,06818,6818.HK,2026-07-21,3.0799999237060547,3.140000104904175,3.059999942779541,3.0899999141693115,3.0899999141693115,2846000,nan,HKD,YAHOO_CHART,UNOFFICIAL_FREE_VENDOR,2026-07-21T03:21:14.119840+00:00,277cc9de162e59603c33b3ed742f2fcb3ab217dd321a72f69005bf9f082d0d99
HKEX:06821,06821,6821.HK,2026-07-21,121.0,126.5999984741211,120.0,122.4000015258789,122.4000015258789,299900,nan,HKD,YAHOO_CHART,UNOFFICIAL_FREE_VENDOR,2026-07-21T03:21:14.119840+00:00,f429632730895c2371497b90bdb404ee6ff4c9f2ba9838c8ff318aa633e50be7
HKEX:06826,06826,6826.HK,2026-07-21,16.690000534057617,16.84000015258789,16.479999542236328,16.549999237060547,16.549999237060547,28300,nan,HKD,YAHOO_CHART,UNOFFICIAL_FREE_VENDOR,2026-07-21T03:21:14.119840+00:00,54b2eb432d76f7d99bc669dc6b9a4b66e1002d4fc630b60be8015ca3592f9e82
HKEX:06855,06855,6855.HK,2026-07-21,36.400001525878906,36.459999084472656,34.52000045776367,35.13999938964844,35.13999938964844,1873700,nan,HKD,YAHOO_CHART,UNOFFICIAL_FREE_VENDOR,2026-07-21T03:21:14.119840+00:00,c6bd96a36aff087f18a4d1e37832e9c3b7ff36f762ed8dbff09959256f0f95fa
HKEX:06862,06862,6862.HK,2026-07-21,11.75,11.949999809265137,11.649999618530273,11.65999984741211,11.65999984741211,2768719,nan,HKD,YAHOO_CHART,UNOFFICIAL_FREE_VENDOR,2026-07-21T03:21:14.119840+00:00,ca131051ecbe9cdd4cc0c13231dffc9f8a2d3c3081ec4b7529ba09a45c18182a
HKEX:06865,06865,6865.HK,2026-07-21,6.46999979019165,6.5,6.300000190734863,6.340000152587891,6.340000152587891,1855000,nan,HKD,YAHOO_CHART,UNOFFICIAL_FREE_VENDOR,2026-07-21T03:21:14.119840+00:00,3f03f319d639768e3d0d186bf9294440b7d1c187e43b6111e0973e063c15ead4
HKEX:06869,06869,6869.HK,2026-07-21,144.8000030517578,145.0,125.30000305175781,144.8000030517578,144.8000030517578,28008053,nan,HKD,YAHOO_CHART,UNOFFICIAL_FREE_VENDOR,2026-07-21T03:21:14.119840+00:00,f3220cf5385e9a8f2318e40a82a9dec8bb30d44defbcec5a473371ff476ad142
HKEX:06881,06881,6881.HK,2026-07-21,7.599999904632568,7.730000019073486,7.510000228881836,7.53000020980835,7.53000020980835,9993100,nan,HKD,YAHOO_CHART,UNOFFICIAL_FREE_VENDOR,2026-07-21T03:21:14.119840+00:00,2630d2eb2baa5b37e595a20ec2e894b40fa4853557bd6d1918aac3efb58e12b3
HKEX:06886,06886,6886.HK,2026-07-21,16.93000030517578,17.260000228881836,16.8700008392334,16.93000030517578,16.93000030517578,3745320,nan,HKD,YAHOO_CHART,UNOFFICIAL_FREE_VENDOR,2026-07-21T03:21:14.119840+00:00,bb5a5bfa473d2e1946906f13afaf97352f4dbefb7209ba376ddfe99b83e02ccd
HKEX:06936,06936,6936.HK,2026-07-21,32.79999923706055,33.29999923706055,32.540000915527344,32.65999984741211,32.65999984741211,1317605,nan,HKD,YAHOO_CHART,UNOFFICIAL_FREE_VENDOR,2026-07-21T03:21:14.119840+00:00,a41c8d1c85ff6c1c1699368ad32b26186622cb35fd59c72990a86c3582f06b7a
HKEX:06955,06955,6955.HK,2026-07-21,4.96999979019165,5.059999942779541,4.889999866485596,4.940000057220459,4.940000057220459,834800,nan,HKD,YAHOO_CHART,UNOFFICIAL_FREE_VENDOR,2026-07-21T03:21:14.119840+00:00,0aa8988055e2e9a94baeb5a7ef0be4e58331461cdbbc9a38e6f65bd2006e7aa4
HKEX:06963,06963,6963.HK,2026-07-21,3.5799999237060547,3.690000057220459,3.559999942779541,3.5799999237060547,3.5799999237060547,3753500,nan,HKD,YAHOO_CHART,UNOFFICIAL_FREE_VENDOR,2026-07-21T03:21:14.119840+00:00,4324d6eadbc4869d49a794e79cf673664cb37b9b3421a4f3058bc2c10f7573c2
HKEX:06969,06969,6969.HK,2026-07-21,8.579999923706055,8.579999923706055,8.319999694824219,8.420000076293945,8.420000076293945,4432000,nan,HKD,YAHOO_CHART,UNOFFICIAL_FREE_VENDOR,2026-07-21T03:21:14.119840+00:00,dcc8cf7edd307b2e39898ba02ab1fd16ca9d2ca2905e1d3fc4e8737b180d8640
HKEX:06979,06979,6979.HK,2026-07-21,7.559999942779541,7.920000076293945,7.559999942779541,7.71999979019165,7.71999979019165,850200,nan,HKD,YAHOO_CHART,UNOFFICIAL_FREE_VENDOR,2026-07-21T03:21:14.119840+00:00,0b63aff3bb899802d8cbb41bff8b271f3f5408f39b9a754b3a750d4c38b84ff8
HKEX:06990,06990,6990.HK,2026-07-21,509.0,523.0,494.79998779296875,496.79998779296875,496.79998779296875,400252,nan,HKD,YAHOO_CHART,UNOFFICIAL_FREE_VENDOR,2026-07-21T03:21:14.119840+00:00,c3d373c00cd3e836e75f44b54c323f9136fc18d2a3a66f8b3b488ff385da77f1
HKEX:06993,06993,6993.HK,2026-07-21,3.1600000858306885,3.2100000381469727,3.1500000953674316,3.180000066757202,3.180000066757202,467000,nan,HKD,YAHOO_CHART,UNOFFICIAL_FREE_VENDOR,2026-07-21T03:21:14.119840+00:00,54e76d761a3ecc218ea21becfa81486f43163562dd90c7210941caf90b6bd70a
HKEX:07618,07618,7618.HK,2026-07-21,13.699999809265137,13.699999809265137,13.329999923706055,13.390000343322754,13.390000343322754,147950,nan,HKD,YAHOO_CHART,UNOFFICIAL_FREE_VENDOR,2026-07-21T03:21:14.119840+00:00,db26243694c861007066730f71bec4657ed55cf79bb67534fb46033509a11450
HKEX:09606,09606,9606.HK,2026-07-21,239.0,244.0,228.1999969482422,231.0,231.0,344400,nan,HKD,YAHOO_CHART,UNOFFICIAL_FREE_VENDOR,2026-07-21T03:21:14.119840+00:00,90e9e5b22537df889f97d3dcab523b1f6cbbdfba2c85905a8b91d01569065ae5
HKEX:09611,09611,9611.HK,2026-07-21,21.920000076293945,21.920000076293945,21.239999771118164,21.479999542236328,21.479999542236328,91100,nan,HKD,YAHOO_CHART,UNOFFICIAL_FREE_VENDOR,2026-07-21T03:21:14.119840+00:00,c3fecb2c00ffbc8caf441ba52ea2a5ec6f8fa7da4641eaeabd6bb7012a7dbabb
HKEX:09626,09626,9626.HK,2026-07-21,144.10000610351562,148.10000610351562,143.3000030517578,143.89999389648438,143.89999389648438,795000,nan,HKD,YAHOO_CHART,UNOFFICIAL_FREE_VENDOR,2026-07-21T03:21:14.119840+00:00,06645c2e79eb7dc9c89cbb663764a4adffb289813d697226d9f673afbdbadc60
HKEX:09633,09633,9633.HK,2026-07-21,41.29999923706055,43.20000076293945,41.29999923706055,42.400001525878906,42.400001525878906,2628320,nan,HKD,YAHOO_CHART,UNOFFICIAL_FREE_VENDOR,2026-07-21T03:21:14.119840+00:00,3b1cbc5c22a2e7dc49a15e54b8ff9ad3cea1fa6ec4abd6a3494b93c5d937cc7c
HKEX:09636,09636,9636.HK,2026-07-21,32.040000915527344,34.880001068115234,32.040000915527344,32.220001220703125,32.220001220703125,5282200,nan,HKD,YAHOO_CHART,UNOFFICIAL_FREE_VENDOR,2026-07-21T03:21:14.119840+00:00,0222a10725d19439fb880ffd84bf9b741ac8b3d18e0a9550f679f957bcea71dc
HKEX:09658,09658,9658.HK,2026-07-21,10.710000038146973,10.710000038146973,10.489999771118164,10.670000076293945,10.670000076293945,7154,nan,HKD,YAHOO_CHART,UNOFFICIAL_FREE_VENDOR,2026-07-21T03:21:14.119840+00:00,f2a5d21d319ad5ddef978e93c44ebc6433790eaeac93228e6085bf0ea329907f
HKEX:09660,09660,9660.HK,2026-07-21,4.320000171661377,4.429999828338623,4.289999961853027,4.400000095367432,4.400000095367432,55242923,nan,HKD,YAHOO_CHART,UNOFFICIAL_FREE_VENDOR,2026-07-21T03:21:14.119840+00:00,2b51e6d15cb14c4638f296187e8bff31ae3861d238702225dbf212c124b9f08f
HKEX:09678,09678,9678.HK,2026-07-21,69.0,71.05000305175781,67.4000015258789,70.3499984741211,70.3499984741211,484040,nan,HKD,YAHOO_CHART,UNOFFICIAL_FREE_VENDOR,2026-07-21T03:21:14.119840+00:00,8e6b93957d981cd70fb3353e2e503673e730c448ec0f511f9b3590c203f150bb
HKEX:09688,09688,9688.HK,2026-07-21,16.079999923706055,16.260000228881836,15.760000228881836,15.800000190734863,15.800000190734863,1481200,nan,HKD,YAHOO_CHART,UNOFFICIAL_FREE_VENDOR,2026-07-21T03:21:14.119840+00:00,1f2ec88329ae4a88472c80b72d962554deb173e9057fc5ed43bec1befcfffc80
HKEX:09690,09690,9690.HK,2026-07-21,13.300000190734863,13.300000190734863,12.640000343322754,12.640000343322754,12.640000343322754,129400,nan,HKD,YAHOO_CHART,UNOFFICIAL_FREE_VENDOR,2026-07-21T03:21:14.119840+00:00,5da9bf94ce802b45e55a2f2c494a40005816de21e2a6182557834e4186792c07
HKEX:09696,09696,9696.HK,2026-07-21,30.84000015258789,31.799999237060547,30.239999771118164,31.739999771118164,31.739999771118164,3309850,nan,HKD,YAHOO_CHART,UNOFFICIAL_FREE_VENDOR,2026-07-21T03:21:14.119840+00:00,caa0320d43c11a4e7f7ae9cb973b768686c6f582cb1f104b0a44e061707f6b71
HKEX:09699,09699,9699.HK,2026-07-21,8.100000381469727,8.100000381469727,7.940000057220459,7.96999979019165,7.96999979019165,362800,nan,HKD,YAHOO_CHART,UNOFFICIAL_FREE_VENDOR,2026-07-21T03:21:14.119840+00:00,2bca9b4493231478e975a0d8ae83e3b7ff138ad84bece79ea7ec01e89b4350bd
HKEX:09858,09858,9858.HK,2026-07-21,3.5,3.7899999618530273,3.4600000381469727,3.700000047683716,3.700000047683716,33932000,nan,HKD,YAHOO_CHART,UNOFFICIAL_FREE_VENDOR,2026-07-21T03:21:14.119840+00:00,2589e6a135e68e8cc13f7fb975d56cdd265a83e34fe87585f1826bb71d47c434
HKEX:09863,09863,9863.HK,2026-07-21,34.91999816894531,34.97999954223633,34.099998474121094,34.279998779296875,34.279998779296875,2828620,nan,HKD,YAHOO_CHART,UNOFFICIAL_FREE_VENDOR,2026-07-21T03:21:14.119840+00:00,02be4bce2a48235c841979f366b57aabd3ac9b7c24c85a7e8d5e7c963f003b77
HKEX:09868,09868,9868.HK,2026-07-21,51.70000076293945,52.0,50.900001525878906,51.29999923706055,51.29999923706055,5845239,nan,HKD,YAHOO_CHART,UNOFFICIAL_FREE_VENDOR,2026-07-21T03:21:14.119840+00:00,3727abb621eec1f364b8912852197522b2b58d3ef741231377b609a1ab28c223
HKEX:09880,09880,9880.HK,2026-07-21,82.3499984741211,83.30000305175781,80.0,83.25,83.25,2621567,nan,HKD,YAHOO_CHART,UNOFFICIAL_FREE_VENDOR,2026-07-21T03:21:14.119840+00:00,c7cd736189e283c32feb655cdcfa675e0daf3edaca58b9eb898f3eeee59d89e4
HKEX:09887,09887,9887.HK,2026-07-21,64.30000305175781,66.05000305175781,60.79999923706055,61.900001525878906,61.900001525878906,444900,nan,HKD,YAHOO_CHART,UNOFFICIAL_FREE_VENDOR,2026-07-21T03:21:14.119840+00:00,da7f3dc3c1c55f165a56b429eae387f37dcd59e5494be1b8cb9689192642bfd1
HKEX:09890,09890,9890.HK,2026-07-21,10.960000038146973,11.300000190734863,10.920000076293945,11.079999923706055,11.079999923706055,911600,nan,HKD,YAHOO_CHART,UNOFFICIAL_FREE_VENDOR,2026-07-21T03:21:14.119840+00:00,3e3c943f8a9752f3091ecfca4258d7b6357af3673147dfba6638fe8f27d3bff6
HKEX:09896,09896,9896.HK,2026-07-21,25.540000915527344,25.639999389648438,24.940000534057617,25.020000457763672,25.020000457763672,869760,nan,HKD,YAHOO_CHART,UNOFFICIAL_FREE_VENDOR,2026-07-21T03:21:14.119840+00:00,4049718210c819c6d3bc17c01ad79c42b31ff02511faf9d54b5ba4d3d278e09e
HKEX:09899,09899,9899.HK,2026-07-21,119.80000305175781,122.0,117.0999984741211,117.30000305175781,117.30000305175781,59258,nan,HKD,YAHOO_CHART,UNOFFICIAL_FREE_VENDOR,2026-07-21T03:21:14.119840+00:00,4dd35a569ea47dfa8d7ec48498b06b9ef7b9795181000ebf3195bd738f335b40
HKEX:09903,09903,9903.HK,2026-07-21,536.0,576.5,493.6000061035156,576.5,576.5,1636980,nan,HKD,YAHOO_CHART,UNOFFICIAL_FREE_VENDOR,2026-07-21T03:21:14.119840+00:00,142277221f5d1d123ff774f9a1685637ac899310370a3de921859d34e732ebd5
HKEX:09911,09911,9911.HK,2026-07-21,8.970000267028809,9.149999618530273,8.880000114440918,8.960000038146973,8.960000038146973,1698000,nan,HKD,YAHOO_CHART,UNOFFICIAL_FREE_VENDOR,2026-07-21T03:21:14.119840+00:00,da3c98a3c683ea234272d58744694477c8942c4bb64c54220af2c0fc47165dce
HKEX:09926,09926,9926.HK,2026-07-21,92.80000305175781,94.25,90.3499984741211,91.5999984741211,91.5999984741211,3019542,nan,HKD,YAHOO_CHART,UNOFFICIAL_FREE_VENDOR,2026-07-21T03:21:14.119840+00:00,8470712ee74ac61a1abbda84dea0bbe9400a1b6bb907d5aff68a10a27ff91cee
HKEX:09927,09927,9927.HK,2026-07-21,44.47999954223633,44.47999954223633,43.41999816894531,43.540000915527344,43.540000915527344,438000,nan,HKD,YAHOO_CHART,UNOFFICIAL_FREE_VENDOR,2026-07-21T03:21:14.119840+00:00,f1992c788a98d39e93d849e0737f5c5488f84034b2ba3389a96a47ff9a07c317
HKEX:09969,09969,9969.HK,2026-07-21,14.029999732971191,14.449999809265137,13.930000305175781,14.109999656677246,14.109999656677246,3644000,nan,HKD,YAHOO_CHART,UNOFFICIAL_FREE_VENDOR,2026-07-21T03:21:14.119840+00:00,bf86eb8ec949d9ce8f2c143299ec3a2f948d12bcded22240a70ba525107c87f0
HKEX:09973,09973,9973.HK,2026-07-21,25.0,25.079999923706055,24.600000381469727,24.84000015258789,24.84000015258789,597600,nan,HKD,YAHOO_CHART,UNOFFICIAL_FREE_VENDOR,2026-07-21T03:21:14.119840+00:00,0ea6a5e5a98d73a97e85db6cff63eebf41d8932de538f6967b3e1efc9313798a
HKEX:09980,09980,9980.HK,2026-07-21,112.9000015258789,116.5999984741211,111.4000015258789,111.5,111.5,165030,nan,HKD,YAHOO_CHART,UNOFFICIAL_FREE_VENDOR,2026-07-21T03:21:14.119840+00:00,f794ada5c353ae3c9e2d01c0d4d3609a8ea5475b643c89497977220d95e70b25
HKEX:09981,09981,9981.HK,2026-07-21,10.489999771118164,10.510000228881836,10.25,10.479999542236328,10.479999542236328,265000,nan,HKD,YAHOO_CHART,UNOFFICIAL_FREE_VENDOR,2026-07-21T03:21:14.119840+00:00,df8d040d3141f2630e9f99db9295d0b8efbe508b4b5fe10944173ce308633297
HKEX:09985,09985,9985.HK,2026-07-21,7.71999979019165,7.829999923706055,7.599999904632568,7.610000133514404,7.610000133514404,957200,nan,HKD,YAHOO_CHART,UNOFFICIAL_FREE_VENDOR,2026-07-21T03:21:14.119840+00:00,4cdb5d0bbbf4ef4de0d4c70c08b5b632dc4efea1862a93cb703239a1f654cc44
HKEX:09987,09987,9987.HK,2026-07-21,347.79998779296875,350.79998779296875,342.20001220703125,345.0,345.0,343160,nan,HKD,YAHOO_CHART,UNOFFICIAL_FREE_VENDOR,2026-07-21T03:21:14.119840+00:00,88850a8465e3cc3454736bb39b26decc870d04c68f69f2502f4c89c23758fe45
HKEX:09988,09988,9988.HK,2026-07-21,119.9000015258789,121.0,115.5,117.30000305175781,117.30000305175781,54353032,nan,HKD,YAHOO_CHART,UNOFFICIAL_FREE_VENDOR,2026-07-21T03:21:14.119840+00:00,c4fec909bb8e8d3f79a4865bcda68657f6984f4b264b9dfa7ad2e2951c2d5bde
HKEX:09989,09989,9989.HK,2026-07-21,4.349999904632568,4.349999904632568,4.28000020980835,4.28000020980835,4.28000020980835,101500,nan,HKD,YAHOO_CHART,UNOFFICIAL_FREE_VENDOR,2026-07-21T03:21:14.119840+00:00,79317ee6646d2c97a56c2778ae4253a405e90c1df53b7b130711bd474e48bdca
HKEX:09992,09992,9992.HK,2026-07-21,165.0,166.0,160.3000030517578,160.8000030517578,160.8000030517578,3571328,nan,HKD,YAHOO_CHART,UNOFFICIAL_FREE_VENDOR,2026-07-21T03:21:14.119840+00:00,c8dcc498d146cb5bdd1a9bfc585848510d0493acf26fc81cf3394981d6b9ec76
HKEX:09993,09993,9993.HK,2026-07-21,1.100000023841858,1.159999966621399,1.0700000524520874,1.0700000524520874,1.0700000524520874,55392000,nan,HKD,YAHOO_CHART,UNOFFICIAL_FREE_VENDOR,2026-07-21T03:21:14.119840+00:00,3b21e75c74973032e866a6baca80139ba9265ac73d5e4b15db25c39ccdcab5a1
HKEX:09995,09995,9995.HK,2026-07-21,83.75,83.8499984741211,80.9000015258789,82.25,82.25,1579100,nan,HKD,YAHOO_CHART,UNOFFICIAL_FREE_VENDOR,2026-07-21T03:21:14.119840+00:00,f339bf95d00e167b129cd5a8c541f9dd9cfe72c9c8a42e6c0883f4e4ad0a572b
HKEX:09999,09999,9999.HK,2026-07-21,210.0,212.60000610351562,207.0,207.60000610351562,207.60000610351562,2450592,nan,HKD,YAHOO_CHART,UNOFFICIAL_FREE_VENDOR,2026-07-21T03:21:14.119840+00:00,68fab560dbf6aa411048200a33258085d4bf1e697027f3afa4e4f3005ae787fa
