stock_code_5d,di_sid,official_issuer_name_en,issuer_base_name_en,di_all_sids,di_all_issuer_names,h_share_class_exists,a_share_class_exists,source_url,response_sha256
00001,1,CK Hutchison Holdings Ltd.,CK Hutchison Holdings Ltd.,1,CK Hutchison Holdings Ltd.,False,False,https://di.hkex.com.hk/di/NSSrchCorpList.aspx?sa1=cl&scsd=03/07/2017&sced=21/07/2026&sc=00001&src=MAIN&lang=EN&g_lang=en,64a6de2bf62397d2b8e952fcf9ab91343e28c41d36c0f4e043e62e5578a7478c
00002,2,CLP Holdings Ltd.,CLP Holdings Ltd.,2,CLP Holdings Ltd.,False,False,https://di.hkex.com.hk/di/NSSrchCorpList.aspx?sa1=cl&scsd=03/07/2017&sced=21/07/2026&sc=00002&src=MAIN&lang=EN&g_lang=en,822b65cfc20764fd384477a69820f0e1b6642e309ba9821cc094fedc8ba32422
00003,3,"Hong Kong and China Gas Co. Ltd., The","Hong Kong and China Gas Co. Ltd., The",3,"Hong Kong and China Gas Co. Ltd., The",False,False,https://di.hkex.com.hk/di/NSSrchCorpList.aspx?sa1=cl&scsd=03/07/2017&sced=21/07/2026&sc=00003&src=MAIN&lang=EN&g_lang=en,2dc866b944fd0d837da8d56c5f1e7da5cfd1d7b00779644a0dad149c8496cda3
00004,4,"Wharf (Holdings) Ltd., The","Wharf (Holdings) Ltd., The",4,"Wharf (Holdings) Ltd., The",False,False,https://di.hkex.com.hk/di/NSSrchCorpList.aspx?sa1=cl&scsd=03/07/2017&sced=21/07/2026&sc=00004&src=MAIN&lang=EN&g_lang=en,2a10ad767972874617b2fd6f3405a4c281d98c6fb4f29684dd213abf4a688e0a
00005,5,HSBC Holdings plc,HSBC Holdings plc,5,HSBC Holdings plc,False,False,https://di.hkex.com.hk/di/NSSrchCorpList.aspx?sa1=cl&scsd=03/07/2017&sced=21/07/2026&sc=00005&src=MAIN&lang=EN&g_lang=en,c561d9dcc056aba345d26623498df4401a346906547121ae1e6f17cf8f628880
00006,6,Power Assets Holdings Ltd.,Power Assets Holdings Ltd.,6,Power Assets Holdings Ltd.,False,False,https://di.hkex.com.hk/di/NSSrchCorpList.aspx?sa1=cl&scsd=03/07/2017&sced=21/07/2026&sc=00006&src=MAIN&lang=EN&g_lang=en,6cf4ee31ff5081fa56dc246aaba9eda3d73673c58173e2a40659e596b3436957
00008,10,PCCW Ltd.,PCCW Ltd.,10,PCCW Ltd.,False,False,https://di.hkex.com.hk/di/NSSrchCorpList.aspx?sa1=cl&scsd=03/07/2017&sced=21/07/2026&sc=00008&src=MAIN&lang=EN&g_lang=en,84e8b6125969ca965a7115da9d0fcd95c4f933b949fca52189aa89727947dfcb
00010,17,Hang Lung Group Ltd.,Hang Lung Group Ltd.,17,Hang Lung Group Ltd.,False,False,https://di.hkex.com.hk/di/NSSrchCorpList.aspx?sa1=cl&scsd=03/07/2017&sced=21/07/2026&sc=00010&src=MAIN&lang=EN&g_lang=en,0a88f5701d55790b92ff69556f73997ca0b1a4137e9a3c28fe4f3ee0abe820b2
00012,19,Henderson Land Development Co. Ltd.,Henderson Land Development Co. Ltd.,19,Henderson Land Development Co. Ltd.,False,False,https://di.hkex.com.hk/di/NSSrchCorpList.aspx?sa1=cl&scsd=03/07/2017&sced=21/07/2026&sc=00012&src=MAIN&lang=EN&g_lang=en,a9c8e6fb8de86eb0b5654bd1b9c3f5ed90f99f2f8ccbd59839440414cd073b52
00013,344192,HUTCHMED (China) Ltd.,HUTCHMED (China) Ltd.,344192,HUTCHMED (China) Ltd.,False,False,https://di.hkex.com.hk/di/NSSrchCorpList.aspx?sa1=cl&scsd=03/07/2017&sced=21/07/2026&sc=00013&src=MAIN&lang=EN&g_lang=en,f888d40bbea530f30d95b3453aeed002b7d1946889f94a798718362a81debf7f
00014,21,Hysan Development Co. Ltd.,Hysan Development Co. Ltd.,21,Hysan Development Co. Ltd.,False,False,https://di.hkex.com.hk/di/NSSrchCorpList.aspx?sa1=cl&scsd=03/07/2017&sced=21/07/2026&sc=00014&src=MAIN&lang=EN&g_lang=en,13034f36607c65a899a3c051e418d8fc674ff3e9cd48f73e271f8d14a0c5becf
00016,25,Sun Hung Kai Properties Ltd.,Sun Hung Kai Properties Ltd.,25,Sun Hung Kai Properties Ltd.,False,False,https://di.hkex.com.hk/di/NSSrchCorpList.aspx?sa1=cl&scsd=03/07/2017&sced=21/07/2026&sc=00016&src=MAIN&lang=EN&g_lang=en,a3f5cbb1e568fc71054f32793718a7c68be0a5af2ef813c165165abd6ffd1e63
00017,27,New World Development Co. Ltd.,New World Development Co. Ltd.,27,New World Development Co. Ltd.,False,False,https://di.hkex.com.hk/di/NSSrchCorpList.aspx?sa1=cl&scsd=03/07/2017&sced=21/07/2026&sc=00017&src=MAIN&lang=EN&g_lang=en,e9a68a64d05f4198f448f199f29b3d6095d7679739d8a55fb37c00af7b8537be
00019,29,Swire Pacific Ltd. 'A',Swire Pacific Ltd.,29,Swire Pacific Ltd. 'A',False,False,https://di.hkex.com.hk/di/NSSrchCorpList.aspx?sa1=cl&scsd=03/07/2017&sced=21/07/2026&sc=00019&src=MAIN&lang=EN&g_lang=en,8d20abea9e6f622dde8817487163b3ef47a7c51be44fcc0116508952adc24da5
00020,374730,SenseTime Group Inc. - W,SenseTime Group Inc.,374730,SenseTime Group Inc. - W,False,False,https://di.hkex.com.hk/di/NSSrchCorpList.aspx?sa1=cl&scsd=03/07/2017&sced=21/07/2026&sc=00020&src=MAIN&lang=EN&g_lang=en,ca1ada79e89a75b735425702daa866054f88f97dcf16bb9531e18fc228a02449
00023,33,"Bank of East Asia, Ltd., The","Bank of East Asia, Ltd., The",33,"Bank of East Asia, Ltd., The",False,False,https://di.hkex.com.hk/di/NSSrchCorpList.aspx?sa1=cl&scsd=03/07/2017&sced=21/07/2026&sc=00023&src=MAIN&lang=EN&g_lang=en,f5a5d32b38b535dc031bef4e90d443176c82878f98c14d9dca30cb5fab2efb62
00027,37,Galaxy Entertainment Group Ltd.,Galaxy Entertainment Group Ltd.,37,Galaxy Entertainment Group Ltd.,False,False,https://di.hkex.com.hk/di/NSSrchCorpList.aspx?sa1=cl&scsd=03/07/2017&sced=21/07/2026&sc=00027&src=MAIN&lang=EN&g_lang=en,a7d98099b791cfaad3b0544f2554aa6a3180825e3bbbf9fb5c9d5610ccb007bc
00038,53,First Tractor Co Ltd.  - H Shares,First Tractor Co Ltd.,53|53,First Tractor Co Ltd.  - A Shares|First Tractor Co Ltd.  - H Shares,True,True,https://di.hkex.com.hk/di/NSSrchCorpList.aspx?sa1=cl&scsd=03/07/2017&sced=21/07/2026&sc=00038&src=MAIN&lang=EN&g_lang=en,829f4caa84b844461bc0d14f84b429200bf142fbe4d460d2bd8f24f91df296c9
00041,60,Great Eagle Holdings Ltd.,Great Eagle Holdings Ltd.,60,Great Eagle Holdings Ltd.,False,False,https://di.hkex.com.hk/di/NSSrchCorpList.aspx?sa1=cl&scsd=03/07/2017&sced=21/07/2026&sc=00041&src=MAIN&lang=EN&g_lang=en,7f3e017a7e0fbeeb5a30fe5ea91eb8e6bb7f6dadf71be9869a486b78d624a718
00066,110,MTR Corporation Ltd.,MTR Corporation Ltd.,110,MTR Corporation Ltd.,False,False,https://di.hkex.com.hk/di/NSSrchCorpList.aspx?sa1=cl&scsd=03/07/2017&sced=21/07/2026&sc=00066&src=MAIN&lang=EN&g_lang=en,d3bc514dbb5ac48e79c9d23379902c7441f5a579bc95e2edf4cdb8a312abf853
00081,133,China Overseas Grand Oceans Group Ltd.,China Overseas Grand Oceans Group Ltd.,133,China Overseas Grand Oceans Group Ltd.,False,False,https://di.hkex.com.hk/di/NSSrchCorpList.aspx?sa1=cl&scsd=03/07/2017&sced=21/07/2026&sc=00081&src=MAIN&lang=EN&g_lang=en,167f725ea59b1deae576cee9548873564c53f36b4c9d4520ae30b5b2da8801ba
00083,136,Sino Land Co. Ltd.,Sino Land Co. Ltd.,136,Sino Land Co. Ltd.,False,False,https://di.hkex.com.hk/di/NSSrchCorpList.aspx?sa1=cl&scsd=03/07/2017&sced=21/07/2026&sc=00083&src=MAIN&lang=EN&g_lang=en,6437e907ca88c4173679ae235aab00fd4a472fcaa94f3bb2570149b8aed10131
00087,142,Swire Pacific Ltd. 'B',Swire Pacific Ltd.,142,Swire Pacific Ltd. 'B',False,False,https://di.hkex.com.hk/di/NSSrchCorpList.aspx?sa1=cl&scsd=03/07/2017&sced=21/07/2026&sc=00087&src=MAIN&lang=EN&g_lang=en,af7bb47cbd8a3f7d410f890867811268827d64f3158e3c772f1ec12cec5a836b
00101,161,Hang Lung Properties Ltd.,Hang Lung Properties Ltd.,161,Hang Lung Properties Ltd.,False,False,https://di.hkex.com.hk/di/NSSrchCorpList.aspx?sa1=cl&scsd=03/07/2017&sced=21/07/2026&sc=00101&src=MAIN&lang=EN&g_lang=en,f61e225a54dfa2e9b50e0f19fa2d0891cedbdfa4d95226a2f323f3afc42f8f0e
00107,169,Sichuan Expressway Co. Ltd.  - H Shares,Sichuan Expressway Co. Ltd.,169|169,Sichuan Expressway Co. Ltd.  - A Shares|Sichuan Expressway Co. Ltd.  - H Shares,True,True,https://di.hkex.com.hk/di/NSSrchCorpList.aspx?sa1=cl&scsd=03/07/2017&sced=21/07/2026&sc=00107&src=MAIN&lang=EN&g_lang=en,803b1895a5f5b790b3bbc969dec69d8d09e8c1306abce4857ca35ee9cb044f07
00119,192,"Poly Property Group Co., Ltd.","Poly Property Group Co., Ltd.",192,"Poly Property Group Co., Ltd.",False,False,https://di.hkex.com.hk/di/NSSrchCorpList.aspx?sa1=cl&scsd=03/07/2017&sced=21/07/2026&sc=00119&src=MAIN&lang=EN&g_lang=en,2304e21af29c6d52761e661d4a4612435f5c0950d32ba733940d7636271fb8fb
00123,196,Yuexiu Property Co. Ltd.,Yuexiu Property Co. Ltd.,196,Yuexiu Property Co. Ltd.,False,False,https://di.hkex.com.hk/di/NSSrchCorpList.aspx?sa1=cl&scsd=03/07/2017&sced=21/07/2026&sc=00123&src=MAIN&lang=EN&g_lang=en,6b9c548cacc52b3898bc293d42eac5d4b942447437f40fd1d3dfc609d0bdc3fc
00135,222,Kunlun Energy Co. Ltd.,Kunlun Energy Co. Ltd.,222,Kunlun Energy Co. Ltd.,False,False,https://di.hkex.com.hk/di/NSSrchCorpList.aspx?sa1=cl&scsd=03/07/2017&sced=21/07/2026&sc=00135&src=MAIN&lang=EN&g_lang=en,fa5582caaf7cac6859f8928f6af75becf21b200ffefa6f4fa0c444bcd6a2924f
00136,223,China Ruyi Holdings Ltd.,China Ruyi Holdings Ltd.,223,China Ruyi Holdings Ltd.,False,False,https://di.hkex.com.hk/di/NSSrchCorpList.aspx?sa1=cl&scsd=03/07/2017&sced=21/07/2026&sc=00136&src=MAIN&lang=EN&g_lang=en,4f5412202ad9ef10b2d233fd1dc9b400995f624945d9d9634b3c322d570b1370
00142,236,First Pacific Co. Ltd.,First Pacific Co. Ltd.,236,First Pacific Co. Ltd.,False,False,https://di.hkex.com.hk/di/NSSrchCorpList.aspx?sa1=cl&scsd=03/07/2017&sced=21/07/2026&sc=00142&src=MAIN&lang=EN&g_lang=en,89c51ba3774717d9d03dcc4ee9fde444473bfcde1d925c027762fef2d854f7b7
00144,241,China Merchants Port Holdings Co. Ltd.,China Merchants Port Holdings Co. Ltd.,241,China Merchants Port Holdings Co. Ltd.,False,False,https://di.hkex.com.hk/di/NSSrchCorpList.aspx?sa1=cl&scsd=03/07/2017&sced=21/07/2026&sc=00144&src=MAIN&lang=EN&g_lang=en,d5be6380c2a2bddbf9bec5b0ee023e2273a3ae1f3eb49c3c20887a7a3682c488
00148,249,Kingboard Holdings Ltd.,Kingboard Holdings Ltd.,249,Kingboard Holdings Ltd.,False,False,https://di.hkex.com.hk/di/NSSrchCorpList.aspx?sa1=cl&scsd=03/07/2017&sced=21/07/2026&sc=00148&src=MAIN&lang=EN&g_lang=en,3fe79edbe01a68d8e466f085733d233a92621ca452ea97159df5e226e745d5d9
00151,21012,Want Want China Holdings Ltd.,Want Want China Holdings Ltd.,21012,Want Want China Holdings Ltd.,False,False,https://di.hkex.com.hk/di/NSSrchCorpList.aspx?sa1=cl&scsd=03/07/2017&sced=21/07/2026&sc=00151&src=MAIN&lang=EN&g_lang=en,c0748a5496fae456e857312c31eb5ef5024be20b9edb7e69ddca915d14ff66c3
00152,258,Shenzhen International Holdings Ltd.,Shenzhen International Holdings Ltd.,258,Shenzhen International Holdings Ltd.,False,False,https://di.hkex.com.hk/di/NSSrchCorpList.aspx?sa1=cl&scsd=03/07/2017&sced=21/07/2026&sc=00152&src=MAIN&lang=EN&g_lang=en,285c846185e4901a1a5e6158bd68427bc0da0c19dfc3ae6c7fe87f5867009d91
00165,281,China Everbright Ltd.,China Everbright Ltd.,281,China Everbright Ltd.,False,False,https://di.hkex.com.hk/di/NSSrchCorpList.aspx?sa1=cl&scsd=03/07/2017&sced=21/07/2026&sc=00165&src=MAIN&lang=EN&g_lang=en,8e57c09f6f46e464284cd66d5cbb3b88d131c1a040cef9538fc3fd55cd5e09dd
00168,287,Tsingtao Brewery Co. Ltd.  - H Shares,Tsingtao Brewery Co. Ltd.,287|287,Tsingtao Brewery Co. Ltd.  - A Shares|Tsingtao Brewery Co. Ltd.  - H Shares,True,True,https://di.hkex.com.hk/di/NSSrchCorpList.aspx?sa1=cl&scsd=03/07/2017&sced=21/07/2026&sc=00168&src=MAIN&lang=EN&g_lang=en,71dee36e261f88eaaa7ddde2d87ca9385986576723633ef2f98fbf3fbb4bd0d7
00173,300,K. Wah International Holdings Ltd.,K. Wah International Holdings Ltd.,300,K. Wah International Holdings Ltd.,False,False,https://di.hkex.com.hk/di/NSSrchCorpList.aspx?sa1=cl&scsd=03/07/2017&sced=21/07/2026&sc=00173&src=MAIN&lang=EN&g_lang=en,7feb606ade5109ec17a4e479756921b97cebf1d84e95cef2989d838c3ccd1340
00175,304,Geely Automobile Holdings Ltd.,Geely Automobile Holdings Ltd.,304,Geely Automobile Holdings Ltd.,False,False,https://di.hkex.com.hk/di/NSSrchCorpList.aspx?sa1=cl&scsd=03/07/2017&sced=21/07/2026&sc=00175&src=MAIN&lang=EN&g_lang=en,e310a4a33060c47191612c0ef9012763cd72b12dc7a2844a78bf6cb804e052a2
00177,308,Jiangsu Expressway Co. Ltd.  - H Shares,Jiangsu Expressway Co. Ltd.,308|308,Jiangsu Expressway Co. Ltd.  - H Shares|Jiangsu Expressway Co. Ltd.  - Others,True,False,https://di.hkex.com.hk/di/NSSrchCorpList.aspx?sa1=cl&scsd=03/07/2017&sced=21/07/2026&sc=00177&src=MAIN&lang=EN&g_lang=en,519072bb86044a9ca0c3ae670ce4c42b20cb82dd4f84b709a2916692b6b3e019
00179,314,Johnson Electric Holdings Ltd.,Johnson Electric Holdings Ltd.,314,Johnson Electric Holdings Ltd.,False,False,https://di.hkex.com.hk/di/NSSrchCorpList.aspx?sa1=cl&scsd=03/07/2017&sced=21/07/2026&sc=00179&src=MAIN&lang=EN&g_lang=en,b4827fdf5c87f15c1c87f16bfb3e0bb50971445a2b32393c5d2e01322dd2177c
00187,323,Beijing Jingcheng Machinery Electric Co. Ltd.  - H Shares,Beijing Jingcheng Machinery Electric Co. Ltd.,323|323,Beijing Jingcheng Machinery Electric Co. Ltd.  - A Shares|Beijing Jingcheng Machinery Electric Co. Ltd.  - H Shares,True,True,https://di.hkex.com.hk/di/NSSrchCorpList.aspx?sa1=cl&scsd=03/07/2017&sced=21/07/2026&sc=00187&src=MAIN&lang=EN&g_lang=en,8e14de9edbaa59c2d7c9af76ca5e67db99b495bfd2e12a712c5d993c506738fc
00189,18536,Dongyue Group Ltd.,Dongyue Group Ltd.,18536,Dongyue Group Ltd.,False,False,https://di.hkex.com.hk/di/NSSrchCorpList.aspx?sa1=cl&scsd=03/07/2017&sced=21/07/2026&sc=00189&src=MAIN&lang=EN&g_lang=en,bb36c5ec0439c239c0bb58193225eda79b9c021e968acb920996a97c1408bec0
00200,342,Melco International Development Ltd.,Melco International Development Ltd.,342,Melco International Development Ltd.,False,False,https://di.hkex.com.hk/di/NSSrchCorpList.aspx?sa1=cl&scsd=03/07/2017&sced=21/07/2026&sc=00200&src=MAIN&lang=EN&g_lang=en,2ff1174bcf140bf1cea94f5d4637aaa15f363c7172305677a85d97f7d4ae798f
00220,18830,Uni-President China Holdings Ltd.,Uni-President China Holdings Ltd.,18830,Uni-President China Holdings Ltd.,False,False,https://di.hkex.com.hk/di/NSSrchCorpList.aspx?sa1=cl&scsd=03/07/2017&sced=21/07/2026&sc=00220&src=MAIN&lang=EN&g_lang=en,0bbe537427a3fc3712e5851e0dc1bdbe39a9bfe4d8155dd8f6abc2333e545529
00241,413,Alibaba Health Information Technology Ltd.,Alibaba Health Information Technology Ltd.,413,Alibaba Health Information Technology Ltd.,False,False,https://di.hkex.com.hk/di/NSSrchCorpList.aspx?sa1=cl&scsd=03/07/2017&sced=21/07/2026&sc=00241&src=MAIN&lang=EN&g_lang=en,c0c1812b5ee425da5c4acd3c983defc4dc686d908b74d93525cc40fbc40fb2b4
00257,440,China Everbright Environment Group Ltd.,China Everbright Environment Group Ltd.,440,China Everbright Environment Group Ltd.,False,False,https://di.hkex.com.hk/di/NSSrchCorpList.aspx?sa1=cl&scsd=03/07/2017&sced=21/07/2026&sc=00257&src=MAIN&lang=EN&g_lang=en,351171a4a9f8b18b958b055ab4d7b3405a70b30fad0bd7b5d1aad6993007f630
00267,457,CITIC Ltd.,CITIC Ltd.,457,CITIC Ltd.,False,False,https://di.hkex.com.hk/di/NSSrchCorpList.aspx?sa1=cl&scsd=03/07/2017&sced=21/07/2026&sc=00267&src=MAIN&lang=EN&g_lang=en,8ef54a17ac5d68108f83cbfb732a24d73cf1729777944eaf17ac35cb838bf0f3
00268,8548,Kingdee International Software Group Co. Ltd.,Kingdee International Software Group Co. Ltd.,8548,Kingdee International Software Group Co. Ltd.,False,False,https://di.hkex.com.hk/di/NSSrchCorpList.aspx?sa1=cl&scsd=03/07/2017&sced=21/07/2026&sc=00268&src=MAIN&lang=EN&g_lang=en,c18bea6d275d7787ff0e58415eb0c5da7c9f2bf1c91912be796c2598765055fe
00270,461,Guangdong Investment Ltd.,Guangdong Investment Ltd.,461,Guangdong Investment Ltd.,False,False,https://di.hkex.com.hk/di/NSSrchCorpList.aspx?sa1=cl&scsd=03/07/2017&sced=21/07/2026&sc=00270&src=MAIN&lang=EN&g_lang=en,b01729ee15c8f19434f875a2a6670394d08880c8ab0f0e0801189a0de4a51edd
00285,18861,BYD Electronic (International) Co. Ltd.,BYD Electronic (International) Co. Ltd.,18861,BYD Electronic (International) Co. Ltd.,False,False,https://di.hkex.com.hk/di/NSSrchCorpList.aspx?sa1=cl&scsd=03/07/2017&sced=21/07/2026&sc=00285&src=MAIN&lang=EN&g_lang=en,feb30e1777f192a6eac53839591fb257e62ad517023645221242ad01d6452fd0
00288,102785,WH Group Ltd.,WH Group Ltd.,102785,WH Group Ltd.,False,False,https://di.hkex.com.hk/di/NSSrchCorpList.aspx?sa1=cl&scsd=03/07/2017&sced=21/07/2026&sc=00288&src=MAIN&lang=EN&g_lang=en,5b1f9e7afa09ada2fd871b7e05d5e1026dc8fde0881a77e9d505af60f0543408
00290,495,GoFintech Quantum Innovation Ltd.,GoFintech Quantum Innovation Ltd.,495,GoFintech Quantum Innovation Ltd.,False,False,https://di.hkex.com.hk/di/NSSrchCorpList.aspx?sa1=cl&scsd=03/07/2017&sced=21/07/2026&sc=00290&src=MAIN&lang=EN&g_lang=en,03aac27405ed5025d4629f3ac8b04a3eb4fc58cc91f58080445d3653887ba6f6
00291,497,China Resources Beer (Holdings) Co. Ltd.,China Resources Beer (Holdings) Co. Ltd.,497,China Resources Beer (Holdings) Co. Ltd.,False,False,https://di.hkex.com.hk/di/NSSrchCorpList.aspx?sa1=cl&scsd=03/07/2017&sced=21/07/2026&sc=00291&src=MAIN&lang=EN&g_lang=en,576feb262651ba92e89ca9d41676cc54b5e91617295e419241786f50a254822e
00293,501,Cathay Pacific Airways Ltd.,Cathay Pacific Airways Ltd.,501,Cathay Pacific Airways Ltd.,False,False,https://di.hkex.com.hk/di/NSSrchCorpList.aspx?sa1=cl&scsd=03/07/2017&sced=21/07/2026&sc=00293&src=MAIN&lang=EN&g_lang=en,3a84d8ac353d468a1d3fe503814512054ea212c8082bb461df55515959e9878d
00297,505,Sinofert Holdings Ltd.,Sinofert Holdings Ltd.,505,Sinofert Holdings Ltd.,False,False,https://di.hkex.com.hk/di/NSSrchCorpList.aspx?sa1=cl&scsd=03/07/2017&sced=21/07/2026&sc=00297&src=MAIN&lang=EN&g_lang=en,ae766533a7c6cd296995e8f7e2a44d3a00ec3e9e66f0743cc1e79734ab85a171
00300,474576,"Midea Group Co., Ltd.  - H Shares","Midea Group Co., Ltd.",474576|474576,"Midea Group Co., Ltd.  - A Shares|Midea Group Co., Ltd.  - H Shares",True,True,https://di.hkex.com.hk/di/NSSrchCorpList.aspx?sa1=cl&scsd=03/07/2017&sced=21/07/2026&sc=00300&src=MAIN&lang=EN&g_lang=en,165b17a7965d754496fcf8c96c17f97ef115a1496a6da1060df20fe82fb876f0
00303,517,VTech Holdings Ltd.,VTech Holdings Ltd.,517,VTech Holdings Ltd.,False,False,https://di.hkex.com.hk/di/NSSrchCorpList.aspx?sa1=cl&scsd=03/07/2017&sced=21/07/2026&sc=00303&src=MAIN&lang=EN&g_lang=en,eeb6516ed8ba05cb84ad7dc5d28db15e00a45a03f7cd5bfcc229d9d5339912e1
00308,523,China Travel International Investment Hong Kong Ltd.,China Travel International Investment Hong Kong Ltd.,523,China Travel International Investment Hong Kong Ltd.,False,False,https://di.hkex.com.hk/di/NSSrchCorpList.aspx?sa1=cl&scsd=03/07/2017&sced=21/07/2026&sc=00308&src=MAIN&lang=EN&g_lang=en,8dfd2a3adcaf52ea8cd457ea6e1562f431dbeae067c1124487b174526aa51178
00316,542,Orient Overseas (International) Ltd.,Orient Overseas (International) Ltd.,542,Orient Overseas (International) Ltd.,False,False,https://di.hkex.com.hk/di/NSSrchCorpList.aspx?sa1=cl&scsd=03/07/2017&sced=21/07/2026&sc=00316&src=MAIN&lang=EN&g_lang=en,aea0ab5c90612b9ff0e12e6af596642cdd1842d9f885fc1e613eda5be3f99460
00317,544,CSSC Offshore & Marine Engineering (Group) Co. Ltd.  - H Shares,CSSC Offshore & Marine Engineering (Group) Co. Ltd.,544|544,CSSC Offshore & Marine Engineering (Group) Co. Ltd.  - A Shares|CSSC Offshore & Marine Engineering (Group) Co. Ltd.  - H Shares,True,True,https://di.hkex.com.hk/di/NSSrchCorpList.aspx?sa1=cl&scsd=03/07/2017&sced=21/07/2026&sc=00317&src=MAIN&lang=EN&g_lang=en,aa56919ca6d4ffbd9a7d1027c66cfbb5f2be2f8d43cfdd3b5f3cf3718e5f70fa
00322,560,Tingyi (Cayman Islands) Holding Corp.,Tingyi (Cayman Islands) Holding Corp.,560,Tingyi (Cayman Islands) Holding Corp.,False,False,https://di.hkex.com.hk/di/NSSrchCorpList.aspx?sa1=cl&scsd=03/07/2017&sced=21/07/2026&sc=00322&src=MAIN&lang=EN&g_lang=en,c4009ec2581969e4605cd6c985605704bdf30621208bceefbb3171ccf8e7f2e2
00323,564,Maanshan Iron & Steel Co. Ltd.  - H Shares,Maanshan Iron & Steel Co. Ltd.,564|564|564,Maanshan Iron & Steel Co. Ltd.  - A Shares|Maanshan Iron & Steel Co. Ltd.  - Domestic Shares|Maanshan Iron & Steel Co. Ltd.  - H Shares,True,True,https://di.hkex.com.hk/di/NSSrchCorpList.aspx?sa1=cl&scsd=03/07/2017&sced=21/07/2026&sc=00323&src=MAIN&lang=EN&g_lang=en,cedb990347ab9710c792f989a881c6ebad8f4f738729afccda4028f7da951330
00325,486466,Bloks Group Ltd.,Bloks Group Ltd.,486466,Bloks Group Ltd.,False,False,https://di.hkex.com.hk/di/NSSrchCorpList.aspx?sa1=cl&scsd=03/07/2017&sced=21/07/2026&sc=00325&src=MAIN&lang=EN&g_lang=en,9986daeda4850887ad98f18967b22ece09db8ac1f8b13f9876c4e5689e0db0fb
00336,596,Huabao International Holdings Ltd.,Huabao International Holdings Ltd.,596,Huabao International Holdings Ltd.,False,False,https://di.hkex.com.hk/di/NSSrchCorpList.aspx?sa1=cl&scsd=03/07/2017&sced=21/07/2026&sc=00336&src=MAIN&lang=EN&g_lang=en,c7b06d61336912a7e41eb4a794f4b290f0899606ae762e0cf51592b228290e04
00338,602,Sinopec Shanghai Petrochemical Co. Ltd.  - H Shares,Sinopec Shanghai Petrochemical Co. Ltd.,602|602,Sinopec Shanghai Petrochemical Co. Ltd.  - A Shares|Sinopec Shanghai Petrochemical Co. Ltd.  - H Shares,True,True,https://di.hkex.com.hk/di/NSSrchCorpList.aspx?sa1=cl&scsd=03/07/2017&sced=21/07/2026&sc=00338&src=MAIN&lang=EN&g_lang=en,02d4445691ef80df9cc51571a36578720e63fa1792cbec16069e8306cae74566
00345,619,Vitasoy International Holdings Ltd.,Vitasoy International Holdings Ltd.,619,Vitasoy International Holdings Ltd.,False,False,https://di.hkex.com.hk/di/NSSrchCorpList.aspx?sa1=cl&scsd=03/07/2017&sced=21/07/2026&sc=00345&src=MAIN&lang=EN&g_lang=en,36e044752a67216390b033b9e0844f896d74927fedaca537395e0447f51c10db
00347,625,Angang Steel Co. Ltd.  - H Shares,Angang Steel Co. Ltd.,625|625,Angang Steel Co. Ltd.  - A Shares|Angang Steel Co. Ltd.  - H Shares,True,True,https://di.hkex.com.hk/di/NSSrchCorpList.aspx?sa1=cl&scsd=03/07/2017&sced=21/07/2026&sc=00347&src=MAIN&lang=EN&g_lang=en,84a49fa77287f5645d99f4ac8ff9595f5a0cbbc0240662638d81de96177e95dd
00354,28513,Chinasoft International Ltd.,Chinasoft International Ltd.,28513,Chinasoft International Ltd.,False,False,https://di.hkex.com.hk/di/NSSrchCorpList.aspx?sa1=cl&scsd=03/07/2017&sced=21/07/2026&sc=00354&src=MAIN&lang=EN&g_lang=en,0a6fa5e85a73487ee91bb2b2ddef88ffab18c3947fbe7c0acf1e7d4207702f16
00358,662,Jiangxi Copper Co. Ltd.  - H Shares,Jiangxi Copper Co. Ltd.,662|662,Jiangxi Copper Co. Ltd.  - A Shares|Jiangxi Copper Co. Ltd.  - H Shares,True,True,https://di.hkex.com.hk/di/NSSrchCorpList.aspx?sa1=cl&scsd=03/07/2017&sced=21/07/2026&sc=00358&src=MAIN&lang=EN&g_lang=en,99bf5eca9442b3003ffa1ebb55a0af5f0ff251fc3a65664129cfd89614414257
00363,682,Shanghai Industrial Holdings Ltd.,Shanghai Industrial Holdings Ltd.,682,Shanghai Industrial Holdings Ltd.,False,False,https://di.hkex.com.hk/di/NSSrchCorpList.aspx?sa1=cl&scsd=03/07/2017&sced=21/07/2026&sc=00363&src=MAIN&lang=EN&g_lang=en,a47dc1cf0e8067844707516c29d40dea4c038d55f2fa256dbe5a68822ddc6a24
00371,703,Beijing Enterprises Water Group Ltd.,Beijing Enterprises Water Group Ltd.,703,Beijing Enterprises Water Group Ltd.,False,False,https://di.hkex.com.hk/di/NSSrchCorpList.aspx?sa1=cl&scsd=03/07/2017&sced=21/07/2026&sc=00371&src=MAIN&lang=EN&g_lang=en,1e9fcafb002e1aaddd7e8a0aae054b8ccbaedd0844aceb82a46a2443467b13ae
00384,746,China Gas Holdings Ltd.,China Gas Holdings Ltd.,746,China Gas Holdings Ltd.,False,False,https://di.hkex.com.hk/di/NSSrchCorpList.aspx?sa1=cl&scsd=03/07/2017&sced=21/07/2026&sc=00384&src=MAIN&lang=EN&g_lang=en,5675bab9ee062e604a1141b66e74787d98404cf281b576c367bb2b7c4892e100
00386,749,China Petroleum & Chemical Corporation  - H Shares,China Petroleum & Chemical Corporation,749|749,China Petroleum & Chemical Corporation  - A Shares|China Petroleum & Chemical Corporation  - H Shares,True,True,https://di.hkex.com.hk/di/NSSrchCorpList.aspx?sa1=cl&scsd=03/07/2017&sced=21/07/2026&sc=00386&src=MAIN&lang=EN&g_lang=en,1ab233c74cfa353b0fa06f6e31b9677e1b4bc5519d5c9d12707c66f5f21e6e55
00388,755,Hong Kong Exchanges and Clearing Ltd.,Hong Kong Exchanges and Clearing Ltd.,755,Hong Kong Exchanges and Clearing Ltd.,False,False,https://di.hkex.com.hk/di/NSSrchCorpList.aspx?sa1=cl&scsd=03/07/2017&sced=21/07/2026&sc=00388&src=MAIN&lang=EN&g_lang=en,88b9e58b6cfa0cb149b9a72e51c86bfe69613ef3a3ae11cd125fd6efc3e934a0
00390,18537,China Railway Group Ltd.  - H Shares,China Railway Group Ltd.,18537|18537,China Railway Group Ltd.  - A Shares|China Railway Group Ltd.  - H Shares,True,True,https://di.hkex.com.hk/di/NSSrchCorpList.aspx?sa1=cl&scsd=03/07/2017&sced=21/07/2026&sc=00390&src=MAIN&lang=EN&g_lang=en,d1916ad2e0be890562d365b976a214a3661df0e982734eeb5aaf77f58cfa2bb0
00392,762,Beijing Enterprises Holdings Ltd.,Beijing Enterprises Holdings Ltd.,762,Beijing Enterprises Holdings Ltd.,False,False,https://di.hkex.com.hk/di/NSSrchCorpList.aspx?sa1=cl&scsd=03/07/2017&sced=21/07/2026&sc=00392&src=MAIN&lang=EN&g_lang=en,46e3adc421bd3f00f92420ad079cefd46ebc7fc00e30eb1016eae08f5e95dbeb
00425,9365,Minth Group Ltd.,Minth Group Ltd.,9365,Minth Group Ltd.,False,False,https://di.hkex.com.hk/di/NSSrchCorpList.aspx?sa1=cl&scsd=03/07/2017&sced=21/07/2026&sc=00425&src=MAIN&lang=EN&g_lang=en,9d61fcb0bc011c72752a629974fae03cc14161badbb924e2c6afcbdbad72c162
00440,853,Dah Sing Financial Holdings Ltd.,Dah Sing Financial Holdings Ltd.,853,Dah Sing Financial Holdings Ltd.,False,False,https://di.hkex.com.hk/di/NSSrchCorpList.aspx?sa1=cl&scsd=03/07/2017&sced=21/07/2026&sc=00440&src=MAIN&lang=EN&g_lang=en,91965e26e172d097361e7c1abb66731202684cf2f322992da0bd73404de9ab60
00460,52227,Sihuan Pharmaceutical Holdings Group Ltd.,Sihuan Pharmaceutical Holdings Group Ltd.,52227,Sihuan Pharmaceutical Holdings Group Ltd.,False,False,https://di.hkex.com.hk/di/NSSrchCorpList.aspx?sa1=cl&scsd=03/07/2017&sced=21/07/2026&sc=00460&src=MAIN&lang=EN&g_lang=en,0374d7e18b00045fbaf57f0454fcc064bdbc08f16b87c2612c4f83a43d6bbe18
00467,917,United Energy Group Ltd.,United Energy Group Ltd.,917,United Energy Group Ltd.,False,False,https://di.hkex.com.hk/di/NSSrchCorpList.aspx?sa1=cl&scsd=03/07/2017&sced=21/07/2026&sc=00467&src=MAIN&lang=EN&g_lang=en,8d141e585938dfa0942ea00c2e34f00a5a176fb225953ff433ef0258cc19ec7b
00470,533848,"Wuxi Lead Intelligent Equipment Co., Ltd.  - H Shares","Wuxi Lead Intelligent Equipment Co., Ltd.",533848|533848,"Wuxi Lead Intelligent Equipment Co., Ltd.  - A Shares|Wuxi Lead Intelligent Equipment Co., Ltd.  - H Shares",True,True,https://di.hkex.com.hk/di/NSSrchCorpList.aspx?sa1=cl&scsd=03/07/2017&sced=21/07/2026&sc=00470&src=MAIN&lang=EN&g_lang=en,1d4ddfb15f28757c59048cd9a2f147a2ca99af2e4d6cbbe2fddf0af02fa8759a
00501,529217,"OmniVision Integrated Circuits Group, Inc.  - H Shares","OmniVision Integrated Circuits Group, Inc.",529217|529217,"OmniVision Integrated Circuits Group, Inc.  - A Shares|OmniVision Integrated Circuits Group, Inc.  - H Shares",True,True,https://di.hkex.com.hk/di/NSSrchCorpList.aspx?sa1=cl&scsd=03/07/2017&sced=21/07/2026&sc=00501&src=MAIN&lang=EN&g_lang=en,a66e7e34fecd000a1c80c53fcfb63a0d2823d8cf5321e5bfefba23650685a4c9
00506,1021,China Foods Ltd.,China Foods Ltd.,1021,China Foods Ltd.,False,False,https://di.hkex.com.hk/di/NSSrchCorpList.aspx?sa1=cl&scsd=03/07/2017&sced=21/07/2026&sc=00506&src=MAIN&lang=EN&g_lang=en,e95fe62834c85dcc815eff90effb01dca4626b56694ca55c929a3be15b64c0e6
00512,1032,Grand Pharmaceutical Group Ltd.,Grand Pharmaceutical Group Ltd.,1032,Grand Pharmaceutical Group Ltd.,False,False,https://di.hkex.com.hk/di/NSSrchCorpList.aspx?sa1=cl&scsd=03/07/2017&sced=21/07/2026&sc=00512&src=MAIN&lang=EN&g_lang=en,6d04fe452173dd0dab40a23d532a3ccc958786988ac5b1aa30b84b68b0837ab7
00522,1051,ASMPT Ltd.,ASMPT Ltd.,1051,ASMPT Ltd.,False,False,https://di.hkex.com.hk/di/NSSrchCorpList.aspx?sa1=cl&scsd=03/07/2017&sced=21/07/2026&sc=00522&src=MAIN&lang=EN&g_lang=en,c2f76e4feb1de0dea2302cf5c1aeab8ff60274e319e75e45643db6dc3c32c08f
00525,1056,Guangshen Railway Co. Ltd.  - H Shares,Guangshen Railway Co. Ltd.,1056|1056,Guangshen Railway Co. Ltd.  - A Shares|Guangshen Railway Co. Ltd.  - H Shares,True,True,https://di.hkex.com.hk/di/NSSrchCorpList.aspx?sa1=cl&scsd=03/07/2017&sced=21/07/2026&sc=00525&src=MAIN&lang=EN&g_lang=en,7119b2b7df03f818c70f93d9e432ce2e352465b9fcb830096ac05ef6428d96f9
00537,551345,"RIGOL Technologies Co., Ltd.  - H Shares","RIGOL Technologies Co., Ltd.",551345,"RIGOL Technologies Co., Ltd.  - H Shares",True,False,https://di.hkex.com.hk/di/NSSrchCorpList.aspx?sa1=cl&scsd=03/07/2017&sced=21/07/2026&sc=00537&src=MAIN&lang=EN&g_lang=en,212b057f1cf2d6977fb76328e2f0cc44a78eb7148307b6202975d2208a6f27bf
00546,12468,Fufeng Group Ltd.,Fufeng Group Ltd.,12468,Fufeng Group Ltd.,False,False,https://di.hkex.com.hk/di/NSSrchCorpList.aspx?sa1=cl&scsd=03/07/2017&sced=21/07/2026&sc=00546&src=MAIN&lang=EN&g_lang=en,b0a81f564507c0c6a9651557cf6b8968818434a5cfe80fcec3f2bfdd5b9a9289
00548,1104,Shenzhen Expressway Corporation Ltd.  - H Shares,Shenzhen Expressway Corporation Ltd.,1104|1104,Shenzhen Expressway Corporation Ltd.  - A Shares|Shenzhen Expressway Corporation Ltd.  - H Shares,True,True,https://di.hkex.com.hk/di/NSSrchCorpList.aspx?sa1=cl&scsd=03/07/2017&sced=21/07/2026&sc=00548&src=MAIN&lang=EN&g_lang=en,57209e7dc6a0c78a16796c2183c632fcde4cf67f80018d09c0f834af5d3b1c71
00551,1115,Yue Yuen Industrial (Holdings) Ltd.,Yue Yuen Industrial (Holdings) Ltd.,1115,Yue Yuen Industrial (Holdings) Ltd.,False,False,https://di.hkex.com.hk/di/NSSrchCorpList.aspx?sa1=cl&scsd=03/07/2017&sced=21/07/2026&sc=00551&src=MAIN&lang=EN&g_lang=en,38fa2c04c170b4b98206f7c752019e3a645b9ae2526bd37714cc0bce31ced3a0
00552,12184,China Communications Services Corporation Ltd.  - H Shares,China Communications Services Corporation Ltd.,12184|12184|12184,China Communications Services Corporation Ltd.  - Domestic Shares|China Communications Services Corporation Ltd.  - H Shares|China Communications Services Corporation Ltd.  - Others,True,False,https://di.hkex.com.hk/di/NSSrchCorpList.aspx?sa1=cl&scsd=03/07/2017&sced=21/07/2026&sc=00552&src=MAIN&lang=EN&g_lang=en,30b1455e6f8674a2d2efda4e796adc3870fc653b19c34537ea6889c0629099ce
00553,1121,Nanjing Panda Electronics Co. Ltd.  - H Shares,Nanjing Panda Electronics Co. Ltd.,1121|1121,Nanjing Panda Electronics Co. Ltd.  - A Shares|Nanjing Panda Electronics Co. Ltd.  - H Shares,True,True,https://di.hkex.com.hk/di/NSSrchCorpList.aspx?sa1=cl&scsd=03/07/2017&sced=21/07/2026&sc=00553&src=MAIN&lang=EN&g_lang=en,245c6f04c604f822517b84ab668b2164667615e4a9125d8ed3e83f49f398c0b5
00564,76991,ZCZL Industrial Technology Group Co. Ltd.  - H Shares,ZCZL Industrial Technology Group Co. Ltd.,76991|76991,ZCZL Industrial Technology Group Co. Ltd.  - A Shares|ZCZL Industrial Technology Group Co. Ltd.  - H Shares,True,True,https://di.hkex.com.hk/di/NSSrchCorpList.aspx?sa1=cl&scsd=03/07/2017&sced=21/07/2026&sc=00564&src=MAIN&lang=EN&g_lang=en,fecaa74c3c2e018801c74447291c729d1c50653b1a9756466ed135bf6dbb050d
00568,11552,Shandong Molong Petroleum Machinery Co. Ltd.  - H Shares,Shandong Molong Petroleum Machinery Co. Ltd.,11552|11552,Shandong Molong Petroleum Machinery Co. Ltd.  - A Shares|Shandong Molong Petroleum Machinery Co. Ltd.  - H Shares,True,True,https://di.hkex.com.hk/di/NSSrchCorpList.aspx?sa1=cl&scsd=03/07/2017&sced=21/07/2026&sc=00568&src=MAIN&lang=EN&g_lang=en,2342264f73dc8dd807ccee77d931f916b13310a6882cf3e0328bc64827a3480f
00570,1171,China Traditional Chinese Medicine Holdings Co. Ltd.,China Traditional Chinese Medicine Holdings Co. Ltd.,1171,China Traditional Chinese Medicine Holdings Co. Ltd.,False,False,https://di.hkex.com.hk/di/NSSrchCorpList.aspx?sa1=cl&scsd=03/07/2017&sced=21/07/2026&sc=00570&src=MAIN&lang=EN&g_lang=en,d601d55cce0342a15aecbfc60c89766f8c604407111506dfff356867ebfb19f0
00576,1189,Zhejiang Expressway Co. Ltd.  - H Shares,Zhejiang Expressway Co. Ltd.,1189|1189,Zhejiang Expressway Co. Ltd.  - H Shares|Zhejiang Expressway Co. Ltd.  - Others,True,False,https://di.hkex.com.hk/di/NSSrchCorpList.aspx?sa1=cl&scsd=03/07/2017&sced=21/07/2026&sc=00576&src=MAIN&lang=EN&g_lang=en,3d1a8c0b7ea2b026050c779e61e38e5703d243997ca50af1b6ba4b2570550ae8
00586,95943,China Conch Venture Holdings Ltd.,China Conch Venture Holdings Ltd.,95943,China Conch Venture Holdings Ltd.,False,False,https://di.hkex.com.hk/di/NSSrchCorpList.aspx?sa1=cl&scsd=03/07/2017&sced=21/07/2026&sc=00586&src=MAIN&lang=EN&g_lang=en,e7ca40512da35b1ceb94eb099e4c3a6a6464f2aa239b06b2a9625b670763a85d
00588,1240,Beijing North Star Co. Ltd.  - A Shares,Beijing North Star Co. Ltd.,1240,Beijing North Star Co. Ltd.  - A Shares,False,True,https://di.hkex.com.hk/di/NSSrchCorpList.aspx?sa1=cl&scsd=03/07/2017&sced=21/07/2026&sc=00588&src=MAIN&lang=EN&g_lang=en,47cca1bc4a68537b57e91dba1216f243215eca47be1958d6db5d84a118a60e8b
00590,1252,Luk Fook Holdings (International) Ltd.,Luk Fook Holdings (International) Ltd.,1252,Luk Fook Holdings (International) Ltd.,False,False,https://di.hkex.com.hk/di/NSSrchCorpList.aspx?sa1=cl&scsd=03/07/2017&sced=21/07/2026&sc=00590&src=MAIN&lang=EN&g_lang=en,ede4be7acefcfb3d0c12fc1e1116adadf1f5904f06a02a2fa068f65dc624b8c4
00598,1293,Sinotrans Ltd.  - H Shares,Sinotrans Ltd.,1293|1293,Sinotrans Ltd.  - A Shares|Sinotrans Ltd.  - H Shares,True,True,https://di.hkex.com.hk/di/NSSrchCorpList.aspx?sa1=cl&scsd=03/07/2017&sced=21/07/2026&sc=00598&src=MAIN&lang=EN&g_lang=en,9c8bba3a605f68574e7af98ff1a750cc028dc4700a6f37316a761e40b7b2e6e5
00604,1306,Shenzhen Investment Ltd.,Shenzhen Investment Ltd.,1306,Shenzhen Investment Ltd.,False,False,https://di.hkex.com.hk/di/NSSrchCorpList.aspx?sa1=cl&scsd=03/07/2017&sced=21/07/2026&sc=00604&src=MAIN&lang=EN&g_lang=en,cd5888d3347c073a2c2ea7fa2f3fac385fa0804d6c8c6c98eb84bb096e00e989
00631,39195,Sany Heavy Equipment International Holdings Co. Ltd.,Sany Heavy Equipment International Holdings Co. Ltd.,39195,Sany Heavy Equipment International Holdings Co. Ltd.,False,False,https://di.hkex.com.hk/di/NSSrchCorpList.aspx?sa1=cl&scsd=03/07/2017&sced=21/07/2026&sc=00631&src=MAIN&lang=EN&g_lang=en,a0871792a4bd141865f4d16100b35adefd397f77b7d5bb3942a9aa2b7586a7b7
00636,95739,KLN Logistics Group Ltd.,KLN Logistics Group Ltd.,95739,KLN Logistics Group Ltd.,False,False,https://di.hkex.com.hk/di/NSSrchCorpList.aspx?sa1=cl&scsd=03/07/2017&sced=21/07/2026&sc=00636&src=MAIN&lang=EN&g_lang=en,cc66a3b5a8e871805b7429de898ca5e45169e65a43962e385cd0569851d74d69
00638,520150,Fibocom Wireless Inc.  - H Shares,Fibocom Wireless Inc.,520150|520150,Fibocom Wireless Inc.  - A Shares|Fibocom Wireless Inc.  - H Shares,True,True,https://di.hkex.com.hk/di/NSSrchCorpList.aspx?sa1=cl&scsd=03/07/2017&sced=21/07/2026&sc=00638&src=MAIN&lang=EN&g_lang=en,9925999046b665c20d40a7fa64e4c9e64c5db1e2d66b52f7f9c5f9e31325a5cb
00639,1386,Shougang Fushan Resources Group Ltd.,Shougang Fushan Resources Group Ltd.,1386,Shougang Fushan Resources Group Ltd.,False,False,https://di.hkex.com.hk/di/NSSrchCorpList.aspx?sa1=cl&scsd=03/07/2017&sced=21/07/2026&sc=00639&src=MAIN&lang=EN&g_lang=en,bf4bb084b2056e371ecd7bde910473f89b72f6de6fa177c01067e301e1664c19
00656,15080,Fosun International Ltd.,Fosun International Ltd.,15080,Fosun International Ltd.,False,False,https://di.hkex.com.hk/di/NSSrchCorpList.aspx?sa1=cl&scsd=03/07/2017&sced=21/07/2026&sc=00656&src=MAIN&lang=EN&g_lang=en,bea344b40b30358f5b0d7996ac7855edc418ef9990709570b2dd8af759b614d6
00659,1434,CTF Services Ltd.,CTF Services Ltd.,1434,CTF Services Ltd.,False,False,https://di.hkex.com.hk/di/NSSrchCorpList.aspx?sa1=cl&scsd=03/07/2017&sced=21/07/2026&sc=00659&src=MAIN&lang=EN&g_lang=en,9d302b4dfeaaf5c89ae6b4adda31c6f00553322d6a4876ed81f025078bcb8a77
00666,452582,"REPT BATTERO Energy Co., Ltd.  - H Shares","REPT BATTERO Energy Co., Ltd.",452582|452582,"REPT BATTERO Energy Co., Ltd.  - Domestic Shares|REPT BATTERO Energy Co., Ltd.  - H Shares",True,False,https://di.hkex.com.hk/di/NSSrchCorpList.aspx?sa1=cl&scsd=03/07/2017&sced=21/07/2026&sc=00666&src=MAIN&lang=EN&g_lang=en,1369be0257f32a96999c664ea579fe78aba57b6b34a21e124bc2b352c75dfdb2
00667,244009,China East Education Holdings Ltd.,China East Education Holdings Ltd.,244009,China East Education Holdings Ltd.,False,False,https://di.hkex.com.hk/di/NSSrchCorpList.aspx?sa1=cl&scsd=03/07/2017&sced=21/07/2026&sc=00667&src=MAIN&lang=EN&g_lang=en,b8945236629c2f98ce511d71061fd3404e9d709487f0f45cb54ed591ee09f8e8
00669,1454,Techtronic Industries Co. Ltd.,Techtronic Industries Co. Ltd.,1454,Techtronic Industries Co. Ltd.,False,False,https://di.hkex.com.hk/di/NSSrchCorpList.aspx?sa1=cl&scsd=03/07/2017&sced=21/07/2026&sc=00669&src=MAIN&lang=EN&g_lang=en,049862ba5fcb3ace2bb816fac1a9ef3623aef8642199bab089de3801ce8123ff
00670,1455,China Eastern Airlines Corporation Ltd.  - H Shares,China Eastern Airlines Corporation Ltd.,1455|1455,China Eastern Airlines Corporation Ltd.  - A Shares|China Eastern Airlines Corporation Ltd.  - H Shares,True,True,https://di.hkex.com.hk/di/NSSrchCorpList.aspx?sa1=cl&scsd=03/07/2017&sced=21/07/2026&sc=00670&src=MAIN&lang=EN&g_lang=en,e5c19a0794bc4841aefdd24db69535e6fcdbb7ad8d9f8365cf0ca8a2cbc0e006
00683,1486,Kerry Properties Ltd.,Kerry Properties Ltd.,1486,Kerry Properties Ltd.,False,False,https://di.hkex.com.hk/di/NSSrchCorpList.aspx?sa1=cl&scsd=03/07/2017&sced=21/07/2026&sc=00683&src=MAIN&lang=EN&g_lang=en,0c8de9ba34d0e51c434c55d4a88fd35c2e2bf2b04ab1eac62c9430a96ebe5251
00688,1496,China Overseas Land & Investment Ltd.,China Overseas Land & Investment Ltd.,1496,China Overseas Land & Investment Ltd.,False,False,https://di.hkex.com.hk/di/NSSrchCorpList.aspx?sa1=cl&scsd=03/07/2017&sced=21/07/2026&sc=00688&src=MAIN&lang=EN&g_lang=en,113f19ad1a5cbec8e854c3bb8eaae164cbbab625eeb6f140d3758181abda59af
00696,1522,TravelSky Technology Ltd.  - H Shares,TravelSky Technology Ltd.,1522|1522|1522,TravelSky Technology Ltd.  - Domestic Shares|TravelSky Technology Ltd.  - H Shares|TravelSky Technology Ltd.  - Others,True,False,https://di.hkex.com.hk/di/NSSrchCorpList.aspx?sa1=cl&scsd=03/07/2017&sced=21/07/2026&sc=00696&src=MAIN&lang=EN&g_lang=en,c242d88562a06dc2aace01ccbf3bd39a82248c23f2d5556f5a6faa774d55ec2f
00697,1526,Shoucheng Holdings Ltd.,Shoucheng Holdings Ltd.,1526,Shoucheng Holdings Ltd.,False,False,https://di.hkex.com.hk/di/NSSrchCorpList.aspx?sa1=cl&scsd=03/07/2017&sced=21/07/2026&sc=00697&src=MAIN&lang=EN&g_lang=en,ac49173f3b3d07d07191f1371585dc65b315a44cc957b7e0368f48ad07fcb52e
00699,522051,Ningbo Joyson Electronic Corp.  - H Shares,Ningbo Joyson Electronic Corp.,522051|522051,Ningbo Joyson Electronic Corp.  - A Shares|Ningbo Joyson Electronic Corp.  - H Shares,True,True,https://di.hkex.com.hk/di/NSSrchCorpList.aspx?sa1=cl&scsd=03/07/2017&sced=21/07/2026&sc=00699&src=MAIN&lang=EN&g_lang=en,510cf7ac8069ae57f47f8f96c72b68c8aaa56c46ee9cacfeb40baf8c258d8344
00700,6893,Tencent Holdings Ltd.,Tencent Holdings Ltd.,6893,Tencent Holdings Ltd.,False,False,https://di.hkex.com.hk/di/NSSrchCorpList.aspx?sa1=cl&scsd=03/07/2017&sced=21/07/2026&sc=00700&src=MAIN&lang=EN&g_lang=en,72df400fae4899aad5562ee3791af902989250b0dd543b669502070d31528ea1
00719,1581,Shandong Xinhua Pharmaceutical Co. Ltd.  - H Shares,Shandong Xinhua Pharmaceutical Co. Ltd.,1581|1581,Shandong Xinhua Pharmaceutical Co. Ltd.  - A Shares|Shandong Xinhua Pharmaceutical Co. Ltd.  - H Shares,True,True,https://di.hkex.com.hk/di/NSSrchCorpList.aspx?sa1=cl&scsd=03/07/2017&sced=21/07/2026&sc=00719&src=MAIN&lang=EN&g_lang=en,a4884264d77e8aae5c1697774c44013c525d3f30bd9e0eb49069a96d04ccf6bb
00728,1605,China Telecom Corporation Ltd.  - H Shares,China Telecom Corporation Ltd.,1605|1605,China Telecom Corporation Ltd.  - A Shares|China Telecom Corporation Ltd.  - H Shares,True,True,https://di.hkex.com.hk/di/NSSrchCorpList.aspx?sa1=cl&scsd=03/07/2017&sced=21/07/2026&sc=00728&src=MAIN&lang=EN&g_lang=en,80aac427f5154a3c2cf8461e7d46f3aca06cb36e0891b6fef9838f224c547fe1
00751,1699,Skyworth Group Ltd.,Skyworth Group Ltd.,1699,Skyworth Group Ltd.,False,False,https://di.hkex.com.hk/di/NSSrchCorpList.aspx?sa1=cl&scsd=03/07/2017&sced=21/07/2026&sc=00751&src=MAIN&lang=EN&g_lang=en,15ec7f60c73aac9c6352db2888b4433735ca6b1fa3d31ee5305f7c9fcbde7b52
00753,7631,Air China Ltd.  - H Shares,Air China Ltd.,7631|7631,Air China Ltd.  - A Shares|Air China Ltd.  - H Shares,True,True,https://di.hkex.com.hk/di/NSSrchCorpList.aspx?sa1=cl&scsd=03/07/2017&sced=21/07/2026&sc=00753&src=MAIN&lang=EN&g_lang=en,a9109160f8fcb99c67cc0f7f4e9b5762a54ef3103c584d338bea3a3f0b3ed9e0
00762,1729,China Unicom (Hong Kong) Ltd.,China Unicom (Hong Kong) Ltd.,1729,China Unicom (Hong Kong) Ltd.,False,False,https://di.hkex.com.hk/di/NSSrchCorpList.aspx?sa1=cl&scsd=03/07/2017&sced=21/07/2026&sc=00762&src=MAIN&lang=EN&g_lang=en,150f41c9fe6575fd7d719c5f329856b6a8428259f35706a2290672c36f1998dc
00763,7587,ZTE Corporation  - H Shares,ZTE Corporation,7587|7587,ZTE Corporation  - A Shares|ZTE Corporation  - H Shares,True,True,https://di.hkex.com.hk/di/NSSrchCorpList.aspx?sa1=cl&scsd=03/07/2017&sced=21/07/2026&sc=00763&src=MAIN&lang=EN&g_lang=en,c427feee74558cab0496e6710cbb5319a487a8358ff4b079549159731713920b
00772,183732,China Literature Ltd.,China Literature Ltd.,183732,China Literature Ltd.,False,False,https://di.hkex.com.hk/di/NSSrchCorpList.aspx?sa1=cl&scsd=03/07/2017&sced=21/07/2026&sc=00772&src=MAIN&lang=EN&g_lang=en,d7c566f95086a0d91207775ddfb022860276942de98a163e1f0151da89aac182
00780,224699,Tongcheng Travel Holdings Ltd.,Tongcheng Travel Holdings Ltd.,224699,Tongcheng Travel Holdings Ltd.,False,False,https://di.hkex.com.hk/di/NSSrchCorpList.aspx?sa1=cl&scsd=03/07/2017&sced=21/07/2026&sc=00780&src=MAIN&lang=EN&g_lang=en,023d12c20a869f651cb42e74b0a2ce6a89db01a1a74a36b42fba7d88853895e7
00788,211759,China Tower Corporation Ltd.  - H Shares,China Tower Corporation Ltd.,211759|211759,China Tower Corporation Ltd.  - Domestic Shares|China Tower Corporation Ltd.  - H Shares,True,False,https://di.hkex.com.hk/di/NSSrchCorpList.aspx?sa1=cl&scsd=03/07/2017&sced=21/07/2026&sc=00788&src=MAIN&lang=EN&g_lang=en,723b0f1eef0930f57a3f6b3efff9b5f9e3f3a8906bcaeacc577b0d1dcd39427d
00800,522048,WeRide Inc. - W,WeRide Inc.,522048,WeRide Inc. - W,False,False,https://di.hkex.com.hk/di/NSSrchCorpList.aspx?sa1=cl&scsd=03/07/2017&sced=21/07/2026&sc=00800&src=MAIN&lang=EN&g_lang=en,993f32a38f83685d512688f8440af2dc88ba563b927ace14a31020ab1396e917
00811,14388,"Xinhua Winshare Publishing and Media Co., Ltd.  - H Shares","Xinhua Winshare Publishing and Media Co., Ltd.",14388|14388,"Xinhua Winshare Publishing and Media Co., Ltd.  - A Shares|Xinhua Winshare Publishing and Media Co., Ltd.  - H Shares",True,True,https://di.hkex.com.hk/di/NSSrchCorpList.aspx?sa1=cl&scsd=03/07/2017&sced=21/07/2026&sc=00811&src=MAIN&lang=EN&g_lang=en,1eba777e69d95fa639f91cbddaeb8795675e3643804fa9d67889d49ff017c2b4
00817,15841,China Jinmao Holdings Group Ltd.,China Jinmao Holdings Group Ltd.,15841,China Jinmao Holdings Group Ltd.,False,False,https://di.hkex.com.hk/di/NSSrchCorpList.aspx?sa1=cl&scsd=03/07/2017&sced=21/07/2026&sc=00817&src=MAIN&lang=EN&g_lang=en,4ff4450903fbd5c88106304c8117682302c2b1ec3768fddc0dfb7b76452cad28
00819,14500,Tianneng Power International Ltd.,Tianneng Power International Ltd.,14500,Tianneng Power International Ltd.,False,False,https://di.hkex.com.hk/di/NSSrchCorpList.aspx?sa1=cl&scsd=03/07/2017&sced=21/07/2026&sc=00819&src=MAIN&lang=EN&g_lang=en,23ec7f902434ba8ea20eb8bb0a9071e573a838b8a81440dd7e7f288e618f5457
00826,15328,Tiangong International Co. Ltd.,Tiangong International Co. Ltd.,15328,Tiangong International Co. Ltd.,False,False,https://di.hkex.com.hk/di/NSSrchCorpList.aspx?sa1=cl&scsd=03/07/2017&sced=21/07/2026&sc=00826&src=MAIN&lang=EN&g_lang=en,8edf44053686f8e52211cfacf9d961ad383a14a95654c7bd239c288f54ec0bb1
00836,6071,China Resources Power Holdings Co. Ltd.,China Resources Power Holdings Co. Ltd.,6071,China Resources Power Holdings Co. Ltd.,False,False,https://di.hkex.com.hk/di/NSSrchCorpList.aspx?sa1=cl&scsd=03/07/2017&sced=21/07/2026&sc=00836&src=MAIN&lang=EN&g_lang=en,68d6cc0f38cbdc83b90d606779ce25b24512d37ae476bb18a6bc375aedfffbe2
00839,187681,China Education Group Holdings Ltd.,China Education Group Holdings Ltd.,187681,China Education Group Holdings Ltd.,False,False,https://di.hkex.com.hk/di/NSSrchCorpList.aspx?sa1=cl&scsd=03/07/2017&sced=21/07/2026&sc=00839&src=MAIN&lang=EN&g_lang=en,9c519a5fce4c44a59d9cfa4ad0be7da0cebb4a07037c2c44b7d1d0f9055ee0f7
00853,50617,MicroPort Scientific Corporation,MicroPort Scientific Corporation,50617,MicroPort Scientific Corporation,False,False,https://di.hkex.com.hk/di/NSSrchCorpList.aspx?sa1=cl&scsd=03/07/2017&sced=21/07/2026&sc=00853&src=MAIN&lang=EN&g_lang=en,b27e29f9da603e6804b9e0ba52d1b60d0d7e09e7ab2494c1304afbe356f596b3
00855,1845,China Water Affairs Group Ltd.,China Water Affairs Group Ltd.,1845,China Water Affairs Group Ltd.,False,False,https://di.hkex.com.hk/di/NSSrchCorpList.aspx?sa1=cl&scsd=03/07/2017&sced=21/07/2026&sc=00855&src=MAIN&lang=EN&g_lang=en,dd87f50f6431aab086d98038843822a84afd320d9476247151bf7c59f9186493
00856,1847,VSTECS Holdings Ltd.,VSTECS Holdings Ltd.,1847,VSTECS Holdings Ltd.,False,False,https://di.hkex.com.hk/di/NSSrchCorpList.aspx?sa1=cl&scsd=03/07/2017&sced=21/07/2026&sc=00856&src=MAIN&lang=EN&g_lang=en,2d3f5ea71f23c1999e9c8ad7319dfdf39dee817063936ab528f2eb7adefad28c
00857,1850,PetroChina Co. Ltd.  - H Shares,PetroChina Co. Ltd.,1850|1850,PetroChina Co. Ltd.  - A Shares|PetroChina Co. Ltd.  - H Shares,True,True,https://di.hkex.com.hk/di/NSSrchCorpList.aspx?sa1=cl&scsd=03/07/2017&sced=21/07/2026&sc=00857&src=MAIN&lang=EN&g_lang=en,0c4dfc1555ee729208bd76f2718829cb4f22ac5f64ab30cf57efcc76c26f9993
00867,50727,China Medical System Holdings Ltd.,China Medical System Holdings Ltd.,50727,China Medical System Holdings Ltd.,False,False,https://di.hkex.com.hk/di/NSSrchCorpList.aspx?sa1=cl&scsd=03/07/2017&sced=21/07/2026&sc=00867&src=MAIN&lang=EN&g_lang=en,27ed257e2b70ee1f3d7f6ffe6c80c3a0e6164772f8f3d1fb22e6e0942537eed6
00868,7834,Xinyi Glass Holdings Ltd.,Xinyi Glass Holdings Ltd.,7834,Xinyi Glass Holdings Ltd.,False,False,https://di.hkex.com.hk/di/NSSrchCorpList.aspx?sa1=cl&scsd=03/07/2017&sced=21/07/2026&sc=00868&src=MAIN&lang=EN&g_lang=en,54536fdaa8ed8bc2fa3c34e5d36b3f8e1c20cd0fab285680d04f1bb7122c2348
00874,1881,Guangzhou Baiyunshan Pharmaceutical Holdings Co. Ltd. - H Shares,Guangzhou Baiyunshan Pharmaceutical Holdings Co. Ltd.,1881|1881,Guangzhou Baiyunshan Pharmaceutical Holdings Co. Ltd. - A Shares|Guangzhou Baiyunshan Pharmaceutical Holdings Co. Ltd. - H Shares,True,True,https://di.hkex.com.hk/di/NSSrchCorpList.aspx?sa1=cl&scsd=03/07/2017&sced=21/07/2026&sc=00874&src=MAIN&lang=EN&g_lang=en,1611dc2fe804bd6efba89894df159ea5f5618af5b84955a2b30a5c885d68f7bc
00880,19966,SJM Holdings Ltd.,SJM Holdings Ltd.,19966,SJM Holdings Ltd.,False,False,https://di.hkex.com.hk/di/NSSrchCorpList.aspx?sa1=cl&scsd=03/07/2017&sced=21/07/2026&sc=00880&src=MAIN&lang=EN&g_lang=en,a63f7400a1c389ed645945bf88188a7e4424a1f5cf0bc6c3e9aac8fade883439
00881,43818,Zhongsheng Group Holdings Ltd.,Zhongsheng Group Holdings Ltd.,43818,Zhongsheng Group Holdings Ltd.,False,False,https://di.hkex.com.hk/di/NSSrchCorpList.aspx?sa1=cl&scsd=03/07/2017&sced=21/07/2026&sc=00881&src=MAIN&lang=EN&g_lang=en,ccb13b1435cad2c97eda7a0fffceb4c9ea7839693216d9a6dead485f959412ac
00883,1900,CNOOC Ltd.,CNOOC Ltd.,1900,CNOOC Ltd.,False,False,https://di.hkex.com.hk/di/NSSrchCorpList.aspx?sa1=cl&scsd=03/07/2017&sced=21/07/2026&sc=00883&src=MAIN&lang=EN&g_lang=en,8586868ff9c42ebb3be56d54bb6257576171d17981fcf390db47bbbf4cc8b1f9
00895,50797,Dongjiang Environmental Co. Ltd.  - H Shares,Dongjiang Environmental Co. Ltd.,50797|50797,Dongjiang Environmental Co. Ltd.  - A Shares|Dongjiang Environmental Co. Ltd.  - H Shares,True,True,https://di.hkex.com.hk/di/NSSrchCorpList.aspx?sa1=cl&scsd=03/07/2017&sced=21/07/2026&sc=00895&src=MAIN&lang=EN&g_lang=en,862ad8bb5024c997752cfe3a8d42d5c333e17bc01fe81efcc7e8c4908ea9f7c6
00902,1943,"Huaneng Power International, Inc.  - H Shares","Huaneng Power International, Inc.",1943,"Huaneng Power International, Inc.  - H Shares",True,False,https://di.hkex.com.hk/di/NSSrchCorpList.aspx?sa1=cl&scsd=03/07/2017&sced=21/07/2026&sc=00902&src=MAIN&lang=EN&g_lang=en,a59d8b7c5cf9eb4d5132ba5a0d0378710e9eece592e9d96fe20c0a313dee443b
00909,301782,Ming Yuan Cloud Group Holdings Ltd.,Ming Yuan Cloud Group Holdings Ltd.,301782,Ming Yuan Cloud Group Holdings Ltd.,False,False,https://di.hkex.com.hk/di/NSSrchCorpList.aspx?sa1=cl&scsd=03/07/2017&sced=21/07/2026&sc=00909&src=MAIN&lang=EN&g_lang=en,92882dbf1b7036014dde986f06313b82f0b1a71b0b709a15fe881507867c297c
00914,1982,Anhui Conch Cement Co. Ltd.  - H Shares,Anhui Conch Cement Co. Ltd.,1982|1982,Anhui Conch Cement Co. Ltd.  - A Shares|Anhui Conch Cement Co. Ltd.  - H Shares,True,True,https://di.hkex.com.hk/di/NSSrchCorpList.aspx?sa1=cl&scsd=03/07/2017&sced=21/07/2026&sc=00914&src=MAIN&lang=EN&g_lang=en,330c800707d4703b5d0399a2afadda20fc986e5a6046a3fc4e7c15bdd22c909d
00916,39645,China Longyuan Power Group Corporation Ltd.  - H Shares,China Longyuan Power Group Corporation Ltd.,39645|39645,China Longyuan Power Group Corporation Ltd.  - Domestic Shares|China Longyuan Power Group Corporation Ltd.  - H Shares,True,False,https://di.hkex.com.hk/di/NSSrchCorpList.aspx?sa1=cl&scsd=03/07/2017&sced=21/07/2026&sc=00916&src=MAIN&lang=EN&g_lang=en,8385da1ee7114cb598849f10c786a25246a6c5595c6b4859917eb5279d05d12c
00917,466297,Qunabox Group Ltd.,Qunabox Group Ltd.,466297,Qunabox Group Ltd.,False,False,https://di.hkex.com.hk/di/NSSrchCorpList.aspx?sa1=cl&scsd=03/07/2017&sced=21/07/2026&sc=00917&src=MAIN&lang=EN&g_lang=en,fae81bade486088f9a4838d7e7e8def05c25030ef0d8502840e065b3ee3c4668
00921,2004,"Hisense Home Appliances Group Co., Ltd.  - H Shares","Hisense Home Appliances Group Co., Ltd.",2004|2004,"Hisense Home Appliances Group Co., Ltd.  - A Shares|Hisense Home Appliances Group Co., Ltd.  - H Shares",True,True,https://di.hkex.com.hk/di/NSSrchCorpList.aspx?sa1=cl&scsd=03/07/2017&sced=21/07/2026&sc=00921&src=MAIN&lang=EN&g_lang=en,57ff474949c4d38e02bf4a8a9840fe099091c66c0b2c1b0fa596c9199e0ee480
00934,2046,Sinopec Kantons Holdings Ltd.,Sinopec Kantons Holdings Ltd.,2046,Sinopec Kantons Holdings Ltd.,False,False,https://di.hkex.com.hk/di/NSSrchCorpList.aspx?sa1=cl&scsd=03/07/2017&sced=21/07/2026&sc=00934&src=MAIN&lang=EN&g_lang=en,5b5c295cb530f3b1f5565e291e1f69f911868faf2195f6e5284cefbcc3be45b0
00939,9163,China Construction Bank Corporation  - H Shares,China Construction Bank Corporation,9163|9163,China Construction Bank Corporation  - A Shares|China Construction Bank Corporation  - H Shares,True,True,https://di.hkex.com.hk/di/NSSrchCorpList.aspx?sa1=cl&scsd=03/07/2017&sced=21/07/2026&sc=00939&src=MAIN&lang=EN&g_lang=en,82b8194b191f300e9f9ac38669ff7928cba7b3cc45f6c9e2583f5472db9440e6
00941,2059,China Mobile Ltd.,China Mobile Ltd.,2059,China Mobile Ltd.,False,False,https://di.hkex.com.hk/di/NSSrchCorpList.aspx?sa1=cl&scsd=03/07/2017&sced=21/07/2026&sc=00941&src=MAIN&lang=EN&g_lang=en,cc6ce2a8bd0a963495a276664e1743912506406b7f23a95900b10d205ebac9e0
00956,51398,China Suntien Green Energy Corporation Ltd.  - H Shares,China Suntien Green Energy Corporation Ltd.,51398|51398,China Suntien Green Energy Corporation Ltd.  - A Shares|China Suntien Green Energy Corporation Ltd.  - H Shares,True,True,https://di.hkex.com.hk/di/NSSrchCorpList.aspx?sa1=cl&scsd=03/07/2017&sced=21/07/2026&sc=00956&src=MAIN&lang=EN&g_lang=en,e6f160f7c9a6217588b3cddc5777b8ffbc6fab0cb601ddc9e563a2a743755bc4
00960,38964,Longfor Group Holdings Ltd.,Longfor Group Holdings Ltd.,38964,Longfor Group Holdings Ltd.,False,False,https://di.hkex.com.hk/di/NSSrchCorpList.aspx?sa1=cl&scsd=03/07/2017&sced=21/07/2026&sc=00960&src=MAIN&lang=EN&g_lang=en,6681ffdafc3f116a03ffec2c8ef4724509675a4c1d90082bce5b885e3d53ad32
00966,2094,China Taiping Insurance Holdings Co. Ltd.,China Taiping Insurance Holdings Co. Ltd.,2094,China Taiping Insurance Holdings Co. Ltd.,False,False,https://di.hkex.com.hk/di/NSSrchCorpList.aspx?sa1=cl&scsd=03/07/2017&sced=21/07/2026&sc=00966&src=MAIN&lang=EN&g_lang=en,4abf01e99b5d2c0f2b7f597621f7251c0a8b6423fcaf3f4c9af6bbc4ec7bd595
00968,95073,Xinyi Solar Holdings Ltd.,Xinyi Solar Holdings Ltd.,95073,Xinyi Solar Holdings Ltd.,False,False,https://di.hkex.com.hk/di/NSSrchCorpList.aspx?sa1=cl&scsd=03/07/2017&sced=21/07/2026&sc=00968&src=MAIN&lang=EN&g_lang=en,96a751125b095d76a731ba7871809652a3d12d94d3e380b80e43838f9182d509
00975,51191,Mongolian Mining Corporation,Mongolian Mining Corporation,51191,Mongolian Mining Corporation,False,False,https://di.hkex.com.hk/di/NSSrchCorpList.aspx?sa1=cl&scsd=03/07/2017&sced=21/07/2026&sc=00975&src=MAIN&lang=EN&g_lang=en,469aaf4df6c1e3ea3eeef819853da743a10f1ecc6221a6fd1e8ba9eeebf2238a
00981,6552,Semiconductor Manufacturing International Corporation,Semiconductor Manufacturing International Corporation,6552,Semiconductor Manufacturing International Corporation,False,False,https://di.hkex.com.hk/di/NSSrchCorpList.aspx?sa1=cl&scsd=03/07/2017&sced=21/07/2026&sc=00981&src=MAIN&lang=EN&g_lang=en,4421bf5ceeb8c5ea0fcaf42d691b785b38acb1f850f7bbd2010b0d85cda2a448
00990,2133,Deep Source Holdings Ltd.,Deep Source Holdings Ltd.,2133,Deep Source Holdings Ltd.,False,False,https://di.hkex.com.hk/di/NSSrchCorpList.aspx?sa1=cl&scsd=03/07/2017&sced=21/07/2026&sc=00990&src=MAIN&lang=EN&g_lang=en,5644224a1f5cba42e2a7c00efd263c226db7cf5a76394cfd55a234a084b6dc4b
00991,2134,"Datang International Power Generation Co., Ltd.  - H Shares","Datang International Power Generation Co., Ltd.",2134|2134,"Datang International Power Generation Co., Ltd.  - A Shares|Datang International Power Generation Co., Ltd.  - H Shares",True,True,https://di.hkex.com.hk/di/NSSrchCorpList.aspx?sa1=cl&scsd=03/07/2017&sced=21/07/2026&sc=00991&src=MAIN&lang=EN&g_lang=en,dc7c214b0e34aa010b30b707070dd12d4645b0f91c43e9f325133eb2a493dd5b
00992,2137,Lenovo Group Ltd.,Lenovo Group Ltd.,2137,Lenovo Group Ltd.,False,False,https://di.hkex.com.hk/di/NSSrchCorpList.aspx?sa1=cl&scsd=03/07/2017&sced=21/07/2026&sc=00992&src=MAIN&lang=EN&g_lang=en,c2eb187557f3c4b93575f9dc55ca41d1139ffe7636acd611b97cfdc053dda868
00995,2140,Anhui Expressway Co. Ltd.  - H Shares,Anhui Expressway Co. Ltd.,2140,Anhui Expressway Co. Ltd.  - H Shares,True,False,https://di.hkex.com.hk/di/NSSrchCorpList.aspx?sa1=cl&scsd=03/07/2017&sced=21/07/2026&sc=00995&src=MAIN&lang=EN&g_lang=en,158075c238a85ce740266984b13508104a7aef2804d4e931b25c713fa1beaefb
00998,13937,China CITIC Bank Corporation Ltd.  - H Shares,China CITIC Bank Corporation Ltd.,13937|13937,China CITIC Bank Corporation Ltd.  - A Shares|China CITIC Bank Corporation Ltd.  - H Shares,True,True,https://di.hkex.com.hk/di/NSSrchCorpList.aspx?sa1=cl&scsd=03/07/2017&sced=21/07/2026&sc=00998&src=MAIN&lang=EN&g_lang=en,02ee6621e1f54d5618fe47f8dd2de379b9452b7aba38b9ad7d1e9daadb116cf1
00999,485372,Xiaocaiyuan International Holding Ltd.,Xiaocaiyuan International Holding Ltd.,485372,Xiaocaiyuan International Holding Ltd.,False,False,https://di.hkex.com.hk/di/NSSrchCorpList.aspx?sa1=cl&scsd=03/07/2017&sced=21/07/2026&sc=00999&src=MAIN&lang=EN&g_lang=en,ff170c6d37a24fb5ff3fc440d51ffc1d2e35dfdc363a8d130aba7e761f4717e6
01024,322631,Kuaishou Technology - W,Kuaishou Technology,322631,Kuaishou Technology - W,False,False,https://di.hkex.com.hk/di/NSSrchCorpList.aspx?sa1=cl&scsd=03/07/2017&sced=21/07/2026&sc=01024&src=MAIN&lang=EN&g_lang=en,c57b22a1f51ed307a303c3932626e6e533bf61fef26f70f522146cd3da173eca
01030,78312,Seazen Group Ltd.,Seazen Group Ltd.,78312,Seazen Group Ltd.,False,False,https://di.hkex.com.hk/di/NSSrchCorpList.aspx?sa1=cl&scsd=03/07/2017&sced=21/07/2026&sc=01030&src=MAIN&lang=EN&g_lang=en,968149e24632a7821ee344b26eedd94012aa6bf15682a79d0d9cdff98be51ea2
01033,2175,Sinopec Oilfield Service Corporation  - H Shares,Sinopec Oilfield Service Corporation,2175,Sinopec Oilfield Service Corporation  - H Shares,True,False,https://di.hkex.com.hk/di/NSSrchCorpList.aspx?sa1=cl&scsd=03/07/2017&sced=21/07/2026&sc=01033&src=MAIN&lang=EN&g_lang=en,0c1481126478f2140d0683a8f0a79393c9395eb0cc604b73b21168c407091d5a
01038,2185,CK Infrastructure Holdings Ltd.,CK Infrastructure Holdings Ltd.,2185,CK Infrastructure Holdings Ltd.,False,False,https://di.hkex.com.hk/di/NSSrchCorpList.aspx?sa1=cl&scsd=03/07/2017&sced=21/07/2026&sc=01038&src=MAIN&lang=EN&g_lang=en,57366523777ad5115e0a1cf4607518a67c1eea2f56f192077cd98cdf4eb88999
01044,2194,Hengan International Group Co. Ltd.,Hengan International Group Co. Ltd.,2194,Hengan International Group Co. Ltd.,False,False,https://di.hkex.com.hk/di/NSSrchCorpList.aspx?sa1=cl&scsd=03/07/2017&sced=21/07/2026&sc=01044&src=MAIN&lang=EN&g_lang=en,966e0c79ec7dbc475921bb3c87de20e371ce2bdac6f41f1e9ceba39f2071678d
01052,2210,Yuexiu Transport Infrastructure Ltd.,Yuexiu Transport Infrastructure Ltd.,2210,Yuexiu Transport Infrastructure Ltd.,False,False,https://di.hkex.com.hk/di/NSSrchCorpList.aspx?sa1=cl&scsd=03/07/2017&sced=21/07/2026&sc=01052&src=MAIN&lang=EN&g_lang=en,7ed4b38f4383bd52da70f78ae77be7e591f45e955de8b99adbbcdcd25b40077a
01053,2212,Chongqing Iron & Steel Co. Ltd.  - H Shares,Chongqing Iron & Steel Co. Ltd.,2212|2212,Chongqing Iron & Steel Co. Ltd.  - A Shares|Chongqing Iron & Steel Co. Ltd.  - H Shares,True,True,https://di.hkex.com.hk/di/NSSrchCorpList.aspx?sa1=cl&scsd=03/07/2017&sced=21/07/2026&sc=01053&src=MAIN&lang=EN&g_lang=en,4fdcb16857b97001074299d6a999c6171408d4ecced77f8251e289bdb493e36d
01055,2218,China Southern Airlines Co. Ltd.  - H Shares,China Southern Airlines Co. Ltd.,2218|2218,China Southern Airlines Co. Ltd.  - A Shares|China Southern Airlines Co. Ltd.  - H Shares,True,True,https://di.hkex.com.hk/di/NSSrchCorpList.aspx?sa1=cl&scsd=03/07/2017&sced=21/07/2026&sc=01055&src=MAIN&lang=EN&g_lang=en,a279da7caf792a293518f51966258d63bc1d50fbf89c9a9f95d878bd9aa3931f
01057,58002,Zhejiang Shibao Co. Ltd.  - H Shares,Zhejiang Shibao Co. Ltd.,58002|58002,Zhejiang Shibao Co. Ltd.  - A Shares|Zhejiang Shibao Co. Ltd.  - H Shares,True,True,https://di.hkex.com.hk/di/NSSrchCorpList.aspx?sa1=cl&scsd=03/07/2017&sced=21/07/2026&sc=01057&src=MAIN&lang=EN&g_lang=en,d31bffdd707d7afb107db4952ba1eac1dc87b6201ace4f045cb9a6b972c7d234
01060,2226,Damai Entertainment Holdings Ltd.,Damai Entertainment Holdings Ltd.,2226,Damai Entertainment Holdings Ltd.,False,False,https://di.hkex.com.hk/di/NSSrchCorpList.aspx?sa1=cl&scsd=03/07/2017&sced=21/07/2026&sc=01060&src=MAIN&lang=EN&g_lang=en,b8e009cf0ef14cc3f268d757740058eaf01eb2f96b8637c8b65f586da1689093
01065,2234,Tianjin Capital Environmental Protection Group Co. Ltd. - H Shares,Tianjin Capital Environmental Protection Group Co. Ltd.,2234|2234,Tianjin Capital Environmental Protection Group Co. Ltd. - A Shares|Tianjin Capital Environmental Protection Group Co. Ltd. - H Shares,True,True,https://di.hkex.com.hk/di/NSSrchCorpList.aspx?sa1=cl&scsd=03/07/2017&sced=21/07/2026&sc=01065&src=MAIN&lang=EN&g_lang=en,163f07586c39b6cd1b13859ed81ab38b21e00d6adfb9e7c9a121af0d0f1c2739
01066,48480,Shandong Weigao Group Medical Polymer Co. Ltd.  - H Shares,Shandong Weigao Group Medical Polymer Co. Ltd.,48480|48480|48480,Shandong Weigao Group Medical Polymer Co. Ltd.  - Domestic Shares|Shandong Weigao Group Medical Polymer Co. Ltd.  - H Shares|Shandong Weigao Group Medical Polymer Co. Ltd.  - Others,True,False,https://di.hkex.com.hk/di/NSSrchCorpList.aspx?sa1=cl&scsd=03/07/2017&sced=21/07/2026&sc=01066&src=MAIN&lang=EN&g_lang=en,681eeda98109b3f12d8f6878f7d608e6399cbc914748d12f9ee0236cf253c412
01070,2239,TCL Electronics Holdings Ltd.,TCL Electronics Holdings Ltd.,2239,TCL Electronics Holdings Ltd.,False,False,https://di.hkex.com.hk/di/NSSrchCorpList.aspx?sa1=cl&scsd=03/07/2017&sced=21/07/2026&sc=01070&src=MAIN&lang=EN&g_lang=en,d4c2085ded0cc84c8781e852d51b7c4236b55f3a34ad5e53f5ae8525a0f068a0
01071,2242,Huadian Power International Corporation Ltd.  - H Shares,Huadian Power International Corporation Ltd.,2242|2242,Huadian Power International Corporation Ltd.  - A Shares|Huadian Power International Corporation Ltd.  - H Shares,True,True,https://di.hkex.com.hk/di/NSSrchCorpList.aspx?sa1=cl&scsd=03/07/2017&sced=21/07/2026&sc=01071&src=MAIN&lang=EN&g_lang=en,4814ddbf9829cf8c7b8425e03a99e012374c9be465b5d65df9562aa4c171675e
01072,2245,Dongfang Electric Corporation Ltd.  - H Shares,Dongfang Electric Corporation Ltd.,2245|2245,Dongfang Electric Corporation Ltd.  - A Shares|Dongfang Electric Corporation Ltd.  - H Shares,True,True,https://di.hkex.com.hk/di/NSSrchCorpList.aspx?sa1=cl&scsd=03/07/2017&sced=21/07/2026&sc=01072&src=MAIN&lang=EN&g_lang=en,3ed0f4372658fe5cb27bfb4dc1bfc5fb307d28cace4f882a123ff2df599b06d3
01081,547043,"Dajin Heavy Industry Co., Ltd.  - H Shares","Dajin Heavy Industry Co., Ltd.",547043|547043,"Dajin Heavy Industry Co., Ltd.  - A Shares|Dajin Heavy Industry Co., Ltd.  - H Shares",True,True,https://di.hkex.com.hk/di/NSSrchCorpList.aspx?sa1=cl&scsd=03/07/2017&sced=21/07/2026&sc=01081&src=MAIN&lang=EN&g_lang=en,368a96aebb3dd77a51c64e5e1a3dd35ca90bcacae5d1bb689a0d473a55509511
01083,9415,Towngas Smart Energy Co. Ltd.,Towngas Smart Energy Co. Ltd.,9415,Towngas Smart Energy Co. Ltd.,False,False,https://di.hkex.com.hk/di/NSSrchCorpList.aspx?sa1=cl&scsd=03/07/2017&sced=21/07/2026&sc=01083&src=MAIN&lang=EN&g_lang=en,6ad19ee3f629f0646040c730a86d489bc4606ad0c2c2ed613f08180e963049a8
01088,8345,China Shenhua Energy Co. Ltd.  - H Shares,China Shenhua Energy Co. Ltd.,8345,China Shenhua Energy Co. Ltd.  - H Shares,True,False,https://di.hkex.com.hk/di/NSSrchCorpList.aspx?sa1=cl&scsd=03/07/2017&sced=21/07/2026&sc=01088&src=MAIN&lang=EN&g_lang=en,9d9f5913a8d844e6b704f45dd75cdcb4ed7c18c6d16e3b5aa6c943e3353ad31b
01093,2279,CSPC Pharmaceutical Group Ltd.,CSPC Pharmaceutical Group Ltd.,2279,CSPC Pharmaceutical Group Ltd.,False,False,https://di.hkex.com.hk/di/NSSrchCorpList.aspx?sa1=cl&scsd=03/07/2017&sced=21/07/2026&sc=01093&src=MAIN&lang=EN&g_lang=en,1ab2fcc542fba715434b52009e9df99040a1122021f942721f24846416140ab6
01099,36601,Sinopharm Group Co. Ltd.  - H Shares,Sinopharm Group Co. Ltd.,36601|36601|36601,Sinopharm Group Co. Ltd.  - Domestic Shares|Sinopharm Group Co. Ltd.  - H Shares|Sinopharm Group Co. Ltd.  - Others,True,False,https://di.hkex.com.hk/di/NSSrchCorpList.aspx?sa1=cl&scsd=03/07/2017&sced=21/07/2026&sc=01099&src=MAIN&lang=EN&g_lang=en,215fd2345294b9f711ed965104cc1a5f6b287bb3f1cd53a82f25940c6680be0c
01108,2310,Triumph New Energy Co. Ltd.  - H Shares,Triumph New Energy Co. Ltd.,2310|2310,Triumph New Energy Co. Ltd.  - A Shares|Triumph New Energy Co. Ltd.  - H Shares,True,True,https://di.hkex.com.hk/di/NSSrchCorpList.aspx?sa1=cl&scsd=03/07/2017&sced=21/07/2026&sc=01108&src=MAIN&lang=EN&g_lang=en,745539c65b2764fc1f8c6b425e98b679af2e709802cf4baf7d7b52933ad5171e
01109,2311,China Resources Land Ltd.,China Resources Land Ltd.,2311,China Resources Land Ltd.,False,False,https://di.hkex.com.hk/di/NSSrchCorpList.aspx?sa1=cl&scsd=03/07/2017&sced=21/07/2026&sc=01109&src=MAIN&lang=EN&g_lang=en,259212edbe21066fc970eed532352bb0892aee00bbdb27b186501152d71a2d1a
01112,54754,Health and Happiness (H&H) International Holdings Ltd.,Health and Happiness (H&H) International Holdings Ltd.,54754,Health and Happiness (H&H) International Holdings Ltd.,False,False,https://di.hkex.com.hk/di/NSSrchCorpList.aspx?sa1=cl&scsd=03/07/2017&sced=21/07/2026&sc=01112&src=MAIN&lang=EN&g_lang=en,a27e418281fe407c1e06e03ddc89246c5f9b36f995c6d7ad8db5a35db40d1cef
01113,121884,CK Asset Holdings Ltd.,CK Asset Holdings Ltd.,121884,CK Asset Holdings Ltd.,False,False,https://di.hkex.com.hk/di/NSSrchCorpList.aspx?sa1=cl&scsd=03/07/2017&sced=21/07/2026&sc=01113&src=MAIN&lang=EN&g_lang=en,a5b8d2dde5b8ed0245741268693f2a1c6e7d1b0236f869e925c6ed0c80f5151f
01114,2318,Brilliance China Automotive Holdings Ltd.,Brilliance China Automotive Holdings Ltd.,2318,Brilliance China Automotive Holdings Ltd.,False,False,https://di.hkex.com.hk/di/NSSrchCorpList.aspx?sa1=cl&scsd=03/07/2017&sced=21/07/2026&sc=01114&src=MAIN&lang=EN&g_lang=en,74e598c59d8dd466561ba29e9184de621710a3a5df0ba3303380beb15fd367aa
01117,53980,China Modern Dairy Holdings Ltd.,China Modern Dairy Holdings Ltd.,53980,China Modern Dairy Holdings Ltd.,False,False,https://di.hkex.com.hk/di/NSSrchCorpList.aspx?sa1=cl&scsd=03/07/2017&sced=21/07/2026&sc=01117&src=MAIN&lang=EN&g_lang=en,1df435a7d8da71cbff71bf57b802cd0210f5dabd829b85cd05c2647a9027a938
01128,37216,"Wynn Macau, Ltd.","Wynn Macau, Ltd.",37216,"Wynn Macau, Ltd.",False,False,https://di.hkex.com.hk/di/NSSrchCorpList.aspx?sa1=cl&scsd=03/07/2017&sced=21/07/2026&sc=01128&src=MAIN&lang=EN&g_lang=en,cd22efbf675c5b8958f334597af15dff879f79d695e88b49101fd7a355fa3b3b
01138,2371,"COSCO SHIPPING Energy Transportation Co., Ltd.  - H Shares","COSCO SHIPPING Energy Transportation Co., Ltd.",2371|2371,"COSCO SHIPPING Energy Transportation Co., Ltd.  - A Shares|COSCO SHIPPING Energy Transportation Co., Ltd.  - H Shares",True,True,https://di.hkex.com.hk/di/NSSrchCorpList.aspx?sa1=cl&scsd=03/07/2017&sced=21/07/2026&sc=01138&src=MAIN&lang=EN&g_lang=en,dea27e309bac9dd355084b8a3d4bb262019999d4b6ab242ebec719a5d3a106a7
01157,55033,"Zoomlion Heavy Industry Science and Technology Co., Ltd - H Shares","Zoomlion Heavy Industry Science and Technology Co., Ltd",55033|55033,"Zoomlion Heavy Industry Science and Technology Co., Ltd - A Shares|Zoomlion Heavy Industry Science and Technology Co., Ltd - H Shares",True,True,https://di.hkex.com.hk/di/NSSrchCorpList.aspx?sa1=cl&scsd=03/07/2017&sced=21/07/2026&sc=01157&src=MAIN&lang=EN&g_lang=en,6f6f262559d9efed525b64bf2b9b3cf0580923741b49baac20d3b26fc2cf6837
01164,5740,CGN Mining Co. Ltd.,CGN Mining Co. Ltd.,5740,CGN Mining Co. Ltd.,False,False,https://di.hkex.com.hk/di/NSSrchCorpList.aspx?sa1=cl&scsd=03/07/2017&sced=21/07/2026&sc=01164&src=MAIN&lang=EN&g_lang=en,7c3794df272e7681b7aa0314449520b8bb5b7c286368a9bb35720e24316da6dc
01171,2428,Yankuang Energy Group Co. Ltd.  - H Shares,Yankuang Energy Group Co. Ltd.,2428|2428,Yankuang Energy Group Co. Ltd.  - A Shares|Yankuang Energy Group Co. Ltd.  - H Shares,True,True,https://di.hkex.com.hk/di/NSSrchCorpList.aspx?sa1=cl&scsd=03/07/2017&sced=21/07/2026&sc=01171&src=MAIN&lang=EN&g_lang=en,aad50149751ca96380a3f9b846de804fc32ea8337c1cb4921a9105bea9050597
01177,6163,Sino Biopharmaceutical Ltd.,Sino Biopharmaceutical Ltd.,6163,Sino Biopharmaceutical Ltd.,False,False,https://di.hkex.com.hk/di/NSSrchCorpList.aspx?sa1=cl&scsd=03/07/2017&sced=21/07/2026&sc=01177&src=MAIN&lang=EN&g_lang=en,c575039f9f7af0a456b9151a58f95eb9190b62cb72726ec6d0b967d8927b7779
01186,20804,China Railway Construction Corporation Ltd.  - H Shares,China Railway Construction Corporation Ltd.,20804|20804,China Railway Construction Corporation Ltd.  - A Shares|China Railway Construction Corporation Ltd.  - H Shares,True,True,https://di.hkex.com.hk/di/NSSrchCorpList.aspx?sa1=cl&scsd=03/07/2017&sced=21/07/2026&sc=01186&src=MAIN&lang=EN&g_lang=en,273509dd7959967132a16f6c9c4d7998294019e9c6c2d1c6d6b57fed943788f9
01187,543400,"Cofoe Medical Technology Co., Ltd.  - H Shares","Cofoe Medical Technology Co., Ltd.",543400|543400,"Cofoe Medical Technology Co., Ltd.  - A Shares|Cofoe Medical Technology Co., Ltd.  - H Shares",True,True,https://di.hkex.com.hk/di/NSSrchCorpList.aspx?sa1=cl&scsd=03/07/2017&sced=21/07/2026&sc=01187&src=MAIN&lang=EN&g_lang=en,356bea412db75286e67c9e0778e618ae795a98ecb8ecc04ff0ffb73816de4eba
01193,2475,China Resources Gas Group Ltd.,China Resources Gas Group Ltd.,2475,China Resources Gas Group Ltd.,False,False,https://di.hkex.com.hk/di/NSSrchCorpList.aspx?sa1=cl&scsd=03/07/2017&sced=21/07/2026&sc=01193&src=MAIN&lang=EN&g_lang=en,58c575c29962ae5180f7facbc0039e3f9dbc7d3c2d48a91695e7e2f59c04d995
01196,2482,Realord Technology Co. Ltd.,Realord Technology Co. Ltd.,2482,Realord Technology Co. Ltd.,False,False,https://di.hkex.com.hk/di/NSSrchCorpList.aspx?sa1=cl&scsd=03/07/2017&sced=21/07/2026&sc=01196&src=MAIN&lang=EN&g_lang=en,59d6e23695ceb566f18fcfddb4b76df285aa7d01e8ffadf6308b74e914311a37
01199,2490,COSCO SHIPPING Ports Ltd.,COSCO SHIPPING Ports Ltd.,2490,COSCO SHIPPING Ports Ltd.,False,False,https://di.hkex.com.hk/di/NSSrchCorpList.aspx?sa1=cl&scsd=03/07/2017&sced=21/07/2026&sc=01199&src=MAIN&lang=EN&g_lang=en,03d560dc1aba22be91762c70eeea6c3fd8de9d6a5f8bea08e41b3a7ad6adcfec
01208,2505,MMG Ltd.,MMG Ltd.,2505,MMG Ltd.,False,False,https://di.hkex.com.hk/di/NSSrchCorpList.aspx?sa1=cl&scsd=03/07/2017&sced=21/07/2026&sc=01208&src=MAIN&lang=EN&g_lang=en,b8618852d1c89bf2a8de162e187a76ea0d55b92b883d3c78fa78a153273b149c
01209,311656,China Resources Mixc Lifestyle Services Ltd.,China Resources Mixc Lifestyle Services Ltd.,311656,China Resources Mixc Lifestyle Services Ltd.,False,False,https://di.hkex.com.hk/di/NSSrchCorpList.aspx?sa1=cl&scsd=03/07/2017&sced=21/07/2026&sc=01209&src=MAIN&lang=EN&g_lang=en,c9fa2ad22dafd87c5c056f35a2c1ee9596a6a28dbec3a1be414829145bebd503
01211,2508,BYD Co. Ltd.  - H Shares,BYD Co. Ltd.,2508|2508,BYD Co. Ltd.  - A Shares|BYD Co. Ltd.  - H Shares,True,True,https://di.hkex.com.hk/di/NSSrchCorpList.aspx?sa1=cl&scsd=03/07/2017&sced=21/07/2026&sc=01211&src=MAIN&lang=EN&g_lang=en,5582a9c42adf4dbd644d3a21c30aec55ab4f54fce98e025932179637332127e7
01258,72931,China Nonferrous Mining Corporation Ltd.,China Nonferrous Mining Corporation Ltd.,72931,China Nonferrous Mining Corporation Ltd.,False,False,https://di.hkex.com.hk/di/NSSrchCorpList.aspx?sa1=cl&scsd=03/07/2017&sced=21/07/2026&sc=01258&src=MAIN&lang=EN&g_lang=en,361c656364f90be529de59c5f2696d8c4e6b1f181cb5b285e19277c71df44694
01276,502733,"Jiangsu Hengrui Pharmaceuticals Co., Ltd.  - H Shares","Jiangsu Hengrui Pharmaceuticals Co., Ltd.",502733|502733,"Jiangsu Hengrui Pharmaceuticals Co., Ltd.  - A Shares|Jiangsu Hengrui Pharmaceuticals Co., Ltd.  - H Shares",True,True,https://di.hkex.com.hk/di/NSSrchCorpList.aspx?sa1=cl&scsd=03/07/2017&sced=21/07/2026&sc=01276&src=MAIN&lang=EN&g_lang=en,51d2351550c8c5131c922ea074ecb7af2a93bf07ba7c9decd13ac6cbc3672a94
01277,70816,Kinetic Development Group Ltd.,Kinetic Development Group Ltd.,70816,Kinetic Development Group Ltd.,False,False,https://di.hkex.com.hk/di/NSSrchCorpList.aspx?sa1=cl&scsd=03/07/2017&sced=21/07/2026&sc=01277&src=MAIN&lang=EN&g_lang=en,df68fbcc5355d2124f3408ef2d3816f4aa959c279116cca1d4efa08be24a460f
01288,47928,Agricultural Bank of China Ltd.  - H Shares,Agricultural Bank of China Ltd.,47928|47928,Agricultural Bank of China Ltd.  - A Shares|Agricultural Bank of China Ltd.  - H Shares,True,True,https://di.hkex.com.hk/di/NSSrchCorpList.aspx?sa1=cl&scsd=03/07/2017&sced=21/07/2026&sc=01288&src=MAIN&lang=EN&g_lang=en,0491324865e2a96cbb5810d1f530a21b42b2bfb6433346f09637e156d019e964
01299,52415,AIA Group Ltd.,AIA Group Ltd.,52415,AIA Group Ltd.,False,False,https://di.hkex.com.hk/di/NSSrchCorpList.aspx?sa1=cl&scsd=03/07/2017&sced=21/07/2026&sc=01299&src=MAIN&lang=EN&g_lang=en,a542045f87514246f03434a8b7a4b46866d1e504db5b7445ccce6fda6d05abda
01302,93732,LifeTech Scientific Corporation,LifeTech Scientific Corporation,93732,LifeTech Scientific Corporation,False,False,https://di.hkex.com.hk/di/NSSrchCorpList.aspx?sa1=cl&scsd=03/07/2017&sced=21/07/2026&sc=01302&src=MAIN&lang=EN&g_lang=en,4621b647a74993d96f46f58acd902af5c02ff8a5fc1251fdf0ff290d8e0be16b
01304,507007,"Fortior Technology (Shenzhen) Co., Ltd.  - H Shares","Fortior Technology (Shenzhen) Co., Ltd.",507007|507007,"Fortior Technology (Shenzhen) Co., Ltd.  - A Shares|Fortior Technology (Shenzhen) Co., Ltd.  - H Shares",True,True,https://di.hkex.com.hk/di/NSSrchCorpList.aspx?sa1=cl&scsd=03/07/2017&sced=21/07/2026&sc=01304&src=MAIN&lang=EN&g_lang=en,b611f2d340d0418da30745bae41f77adf09e461cd3d3ba3772106b15638d2849
01308,50870,SITC International Holdings Co. Ltd.,SITC International Holdings Co. Ltd.,50870,SITC International Holdings Co. Ltd.,False,False,https://di.hkex.com.hk/di/NSSrchCorpList.aspx?sa1=cl&scsd=03/07/2017&sced=21/07/2026&sc=01308&src=MAIN&lang=EN&g_lang=en,1d683a463995a4eb5d8c2f4be626b7da6dded08f65e8002f920b46eb4e843b05
01310,117716,HKBN Ltd.,HKBN Ltd.,117716,HKBN Ltd.,False,False,https://di.hkex.com.hk/di/NSSrchCorpList.aspx?sa1=cl&scsd=03/07/2017&sced=21/07/2026&sc=01310&src=MAIN&lang=EN&g_lang=en,ae3df6062afc2eca42e9ea62a0c9d31d0f8560aa411a837a3604b2360d6cdd56
01313,36698,China Resources Building Materials Technology Holdings Ltd.,China Resources Building Materials Technology Holdings Ltd.,36698,China Resources Building Materials Technology Holdings Ltd.,False,False,https://di.hkex.com.hk/di/NSSrchCorpList.aspx?sa1=cl&scsd=03/07/2017&sced=21/07/2026&sc=01313&src=MAIN&lang=EN&g_lang=en,619d3632857e766d9c1e93307b51e1e6af3f44cfd478532a994eba6723f54112
01316,87851,Nexteer Automotive Group Ltd.,Nexteer Automotive Group Ltd.,87851,Nexteer Automotive Group Ltd.,False,False,https://di.hkex.com.hk/di/NSSrchCorpList.aspx?sa1=cl&scsd=03/07/2017&sced=21/07/2026&sc=01316&src=MAIN&lang=EN&g_lang=en,283caeb7617fd77c17088d063d0afd50a9fa61d8ed289c50139fa36b5f9bc9c9
01318,484247,"Mao Geping Cosmetics Co., Ltd.  - H Shares","Mao Geping Cosmetics Co., Ltd.",484247|484247,"Mao Geping Cosmetics Co., Ltd.  - Domestic Shares|Mao Geping Cosmetics Co., Ltd.  - H Shares",True,False,https://di.hkex.com.hk/di/NSSrchCorpList.aspx?sa1=cl&scsd=03/07/2017&sced=21/07/2026&sc=01318&src=MAIN&lang=EN&g_lang=en,c056831097998c9799c5f206a98fa3226d7fbecb97ad42e813908c127fecc942
01330,105360,"Dynagreen Environmental Protection Group Co., Ltd.  - H Shares","Dynagreen Environmental Protection Group Co., Ltd.",105360|105360,"Dynagreen Environmental Protection Group Co., Ltd.  - A Shares|Dynagreen Environmental Protection Group Co., Ltd.  - H Shares",True,True,https://di.hkex.com.hk/di/NSSrchCorpList.aspx?sa1=cl&scsd=03/07/2017&sced=21/07/2026&sc=01330&src=MAIN&lang=EN&g_lang=en,f4945c01e249dbc6f335dfc2a01d2dc12ed3f17c75ea430a1546b53a25000c1a
01333,500976,"Breton Technology Co., Ltd.  - H Shares","Breton Technology Co., Ltd.",500976|500976,"Breton Technology Co., Ltd.  - Domestic Shares|Breton Technology Co., Ltd.  - H Shares",True,False,https://di.hkex.com.hk/di/NSSrchCorpList.aspx?sa1=cl&scsd=03/07/2017&sced=21/07/2026&sc=01333&src=MAIN&lang=EN&g_lang=en,8d893382f7eb1b39ab4fbbb10b9562bf7220ba573585e2567c8d2c652cd2b9ec
01336,67513,New China Life Insurance Co. Ltd.  - H Shares,New China Life Insurance Co. Ltd.,67513,New China Life Insurance Co. Ltd.  - H Shares,True,False,https://di.hkex.com.hk/di/NSSrchCorpList.aspx?sa1=cl&scsd=03/07/2017&sced=21/07/2026&sc=01336&src=MAIN&lang=EN&g_lang=en,c3cdce5de6c76f54f58e05ea433a160e154c41d86b1641a1c5bbe19df0074e67
01339,78769,The People's Insurance Co. (Group) of China Ltd.  - H Shares,The People's Insurance Co. (Group) of China Ltd.,78769|78769,The People's Insurance Co. (Group) of China Ltd.  - A Shares|The People's Insurance Co. (Group) of China Ltd.  - H Shares,True,True,https://di.hkex.com.hk/di/NSSrchCorpList.aspx?sa1=cl&scsd=03/07/2017&sced=21/07/2026&sc=01339&src=MAIN&lang=EN&g_lang=en,7986e6baa8e27f5d3c0dd203f3a0f03e099128761b06c9055d51143fa210ef12
01347,110440,Hua Hong Grace Semiconductor Ltd.,Hua Hong Grace Semiconductor Ltd.,110440,Hua Hong Grace Semiconductor Ltd.,False,False,https://di.hkex.com.hk/di/NSSrchCorpList.aspx?sa1=cl&scsd=03/07/2017&sced=21/07/2026&sc=01347&src=MAIN&lang=EN&g_lang=en,1700d59568b4e6581c08abc3b28d113efca9e73b1ad6af5bfdf5810e4e80452a
01349,96014,Shanghai Fudan-Zhangjiang Bio-Pharmaceutical Co. Ltd. s - H Shares,Shanghai Fudan-Zhangjiang Bio-Pharmaceutical Co. Ltd. s,96014|96014,Shanghai Fudan-Zhangjiang Bio-Pharmaceutical Co. Ltd. s - A Shares|Shanghai Fudan-Zhangjiang Bio-Pharmaceutical Co. Ltd. s - H Shares,True,True,https://di.hkex.com.hk/di/NSSrchCorpList.aspx?sa1=cl&scsd=03/07/2017&sced=21/07/2026&sc=01349&src=MAIN&lang=EN&g_lang=en,8b3bbd7a4989813f17f88cab51c959693a5bd3af90efc3ce23475c8dbe285659
01357,146166,"Meitu, Inc.","Meitu, Inc.",146166,"Meitu, Inc.",False,False,https://di.hkex.com.hk/di/NSSrchCorpList.aspx?sa1=cl&scsd=03/07/2017&sced=21/07/2026&sc=01357&src=MAIN&lang=EN&g_lang=en,ef5e345432d29d13cb6a61f9275673a98feac1e1dd976231d80550339fc1a258
01359,95226,"China Cinda Asset Management Co., Ltd.  - H Shares","China Cinda Asset Management Co., Ltd.",95226|95226,"China Cinda Asset Management Co., Ltd.  - Domestic Shares|China Cinda Asset Management Co., Ltd.  - H Shares",True,False,https://di.hkex.com.hk/di/NSSrchCorpList.aspx?sa1=cl&scsd=03/07/2017&sced=21/07/2026&sc=01359&src=MAIN&lang=EN&g_lang=en,005b92c93f2796b62cc97cc680e27b3604967ef8543b7d9ddde54a4a4fd61989
01361,33305,361 Degrees International Ltd.,361 Degrees International Ltd.,33305,361 Degrees International Ltd.,False,False,https://di.hkex.com.hk/di/NSSrchCorpList.aspx?sa1=cl&scsd=03/07/2017&sced=21/07/2026&sc=01361&src=MAIN&lang=EN&g_lang=en,17ca802cd9f614b79da55327c67aa1b7f4260023f55de8e8903e55a59aba96b1
01364,488862,Guming Holdings Ltd.,Guming Holdings Ltd.,488862,Guming Holdings Ltd.,False,False,https://di.hkex.com.hk/di/NSSrchCorpList.aspx?sa1=cl&scsd=03/07/2017&sced=21/07/2026&sc=01364&src=MAIN&lang=EN&g_lang=en,951f0dcc9ef9dc9a90a48ac432f8306cf3d009aea1b2ddb79318c0368d0a91b3
01368,22419,Xtep International Holdings Ltd.,Xtep International Holdings Ltd.,22419,Xtep International Holdings Ltd.,False,False,https://di.hkex.com.hk/di/NSSrchCorpList.aspx?sa1=cl&scsd=03/07/2017&sced=21/07/2026&sc=01368&src=MAIN&lang=EN&g_lang=en,e46a5ca6d0cf08114e9c7dbaa41a8af3738da82419569a2156b3819e79d3481d
01375,105452,"Central China Securities Co., Ltd.  - H Shares","Central China Securities Co., Ltd.",105452|105452,"Central China Securities Co., Ltd.  - A Shares|Central China Securities Co., Ltd.  - H Shares",True,True,https://di.hkex.com.hk/di/NSSrchCorpList.aspx?sa1=cl&scsd=03/07/2017&sced=21/07/2026&sc=01375&src=MAIN&lang=EN&g_lang=en,4401ba1f03e7944a7c79b31fa153a486908150be45b1d3718a7921defb50da14
01377,551347,"Guangdong Dtech Technology Co., Ltd.  - H Shares","Guangdong Dtech Technology Co., Ltd.",551347,"Guangdong Dtech Technology Co., Ltd.  - H Shares",True,False,https://di.hkex.com.hk/di/NSSrchCorpList.aspx?sa1=cl&scsd=03/07/2017&sced=21/07/2026&sc=01377&src=MAIN&lang=EN&g_lang=en,aaa696bd9554af8a1e79ef675ffc468f90f8cc265363cb9453cfb53de03cb21b
01378,57028,China Hongqiao Group Ltd.,China Hongqiao Group Ltd.,57028,China Hongqiao Group Ltd.,False,False,https://di.hkex.com.hk/di/NSSrchCorpList.aspx?sa1=cl&scsd=03/07/2017&sced=21/07/2026&sc=01378&src=MAIN&lang=EN&g_lang=en,59ae01be89e19bb7daa7743e859f0adf655431e43279dbdc617e3d05885e5463
01384,521037,"Deepexi Technology Co., Ltd.  - H Shares","Deepexi Technology Co., Ltd.",521037,"Deepexi Technology Co., Ltd.  - H Shares",True,False,https://di.hkex.com.hk/di/NSSrchCorpList.aspx?sa1=cl&scsd=03/07/2017&sced=21/07/2026&sc=01384&src=MAIN&lang=EN&g_lang=en,b7356f7840ab913c419f6b9b7f48f8db290f935468318c7fb594c81dbb6455f1
01385,96965,Shanghai Fudan Microelectronics Group Co. Ltd.  - H Shares,Shanghai Fudan Microelectronics Group Co. Ltd.,96965|96965|96965,Shanghai Fudan Microelectronics Group Co. Ltd.  - A Shares|Shanghai Fudan Microelectronics Group Co. Ltd.  - Domestic Shares|Shanghai Fudan Microelectronics Group Co. Ltd.  - H Shares,True,True,https://di.hkex.com.hk/di/NSSrchCorpList.aspx?sa1=cl&scsd=03/07/2017&sced=21/07/2026&sc=01385&src=MAIN&lang=EN&g_lang=en,e173fb8ff4d239c934e365027d7adcfd31b7d7fe9570a6e86cc0a9f4f372cc13
01398,11636,Industrial and Commercial Bank of China Ltd.  - H Shares,Industrial and Commercial Bank of China Ltd.,11636|11636,Industrial and Commercial Bank of China Ltd.  - A Shares|Industrial and Commercial Bank of China Ltd.  - H Shares,True,True,https://di.hkex.com.hk/di/NSSrchCorpList.aspx?sa1=cl&scsd=03/07/2017&sced=21/07/2026&sc=01398&src=MAIN&lang=EN&g_lang=en,e5b168fc46fbc35fdb2f23ba49d0ec5c2e1efd9785884b1a2610fb7924e7d134
01405,431478,DPC Dash Ltd,DPC Dash Ltd,431478,DPC Dash Ltd,False,False,https://di.hkex.com.hk/di/NSSrchCorpList.aspx?sa1=cl&scsd=03/07/2017&sced=21/07/2026&sc=01405&src=MAIN&lang=EN&g_lang=en,22561227e440a80f653fbdd6c4d5a1b3cbfebd1351b0308efea6330c25132f94
01415,118015,Cowell e Holdings Inc.,Cowell e Holdings Inc.,118015,Cowell e Holdings Inc.,False,False,https://di.hkex.com.hk/di/NSSrchCorpList.aspx?sa1=cl&scsd=03/07/2017&sced=21/07/2026&sc=01415&src=MAIN&lang=EN&g_lang=en,507e8f5a31b4d8eb68f0ad2bfba73d38c8c831574b5844d0161938e1ad6cbe1d
01428,49473,Bright Smart Securities & Commodities Group Ltd.,Bright Smart Securities & Commodities Group Ltd.,49473,Bright Smart Securities & Commodities Group Ltd.,False,False,https://di.hkex.com.hk/di/NSSrchCorpList.aspx?sa1=cl&scsd=03/07/2017&sced=21/07/2026&sc=01428&src=MAIN&lang=EN&g_lang=en,23675468682d03fe7c751c2c7a73d478dfc78d3f960b82f17ea6cb316ed37280
01456,123949,Guolian Minsheng Securities Co. Ltd.  - H Shares,Guolian Minsheng Securities Co. Ltd.,123949|123949,Guolian Minsheng Securities Co. Ltd.  - A Shares|Guolian Minsheng Securities Co. Ltd.  - H Shares,True,True,https://di.hkex.com.hk/di/NSSrchCorpList.aspx?sa1=cl&scsd=03/07/2017&sced=21/07/2026&sc=01456&src=MAIN&lang=EN&g_lang=en,3500197922ac3d39a3248d1b6e277b25057b7530efe772f51b8ac6d2f224460d
01475,187157,Nissin Foods Co. Ltd.,Nissin Foods Co. Ltd.,187157,Nissin Foods Co. Ltd.,False,False,https://di.hkex.com.hk/di/NSSrchCorpList.aspx?sa1=cl&scsd=03/07/2017&sced=21/07/2026&sc=01475&src=MAIN&lang=EN&g_lang=en,68f8421299f88cfb01f8efc435290b648e93cad42197dee585751f5d1ad1c988
01478,112363,Q Technology (Group) Co. Ltd.,Q Technology (Group) Co. Ltd.,112363,Q Technology (Group) Co. Ltd.,False,False,https://di.hkex.com.hk/di/NSSrchCorpList.aspx?sa1=cl&scsd=03/07/2017&sced=21/07/2026&sc=01478&src=MAIN&lang=EN&g_lang=en,9b20a8781a2328c4f3d42656924239bb3e56197676daf59836bdb23c874e1857
01513,96404,Livzon Pharmaceutical Group Inc.  - H Shares,Livzon Pharmaceutical Group Inc.,96404|96404,Livzon Pharmaceutical Group Inc.  - A Shares|Livzon Pharmaceutical Group Inc.  - H Shares,True,True,https://di.hkex.com.hk/di/NSSrchCorpList.aspx?sa1=cl&scsd=03/07/2017&sced=21/07/2026&sc=01513&src=MAIN&lang=EN&g_lang=en,4db819e88b8b9d4f496b724922ec7d000bd2627f4cf7ff4e5404da60c3a1c431
01519,448038,J&T Global Express Ltd. - W,J&T Global Express Ltd.,448038,J&T Global Express Ltd. - W,False,False,https://di.hkex.com.hk/di/NSSrchCorpList.aspx?sa1=cl&scsd=03/07/2017&sced=21/07/2026&sc=01519&src=MAIN&lang=EN&g_lang=en,c175b5e051d07fcf0019b00db0cc3033c4b90f3a8f76b38800cdd24866a167ab
01528,123562,Red Star Macalline Group Corporation Ltd.  - H Shares,Red Star Macalline Group Corporation Ltd.,123562|123562,Red Star Macalline Group Corporation Ltd.  - A Shares|Red Star Macalline Group Corporation Ltd.  - H Shares,True,True,https://di.hkex.com.hk/di/NSSrchCorpList.aspx?sa1=cl&scsd=03/07/2017&sced=21/07/2026&sc=01528&src=MAIN&lang=EN&g_lang=en,079679f1580cb7d39f812b9b8dfb870a4a73351474c6c78c260cc25be4e44916
01530,122617,3SBio Inc.,3SBio Inc.,122617,3SBio Inc.,False,False,https://di.hkex.com.hk/di/NSSrchCorpList.aspx?sa1=cl&scsd=03/07/2017&sced=21/07/2026&sc=01530&src=MAIN&lang=EN&g_lang=en,8bc42690990f090742d8b69b8e4ed2f308e4756b2de857bc620a8196338ffc7b
01548,132548,Genscript Biotech Corporation,Genscript Biotech Corporation,132548,Genscript Biotech Corporation,False,False,https://di.hkex.com.hk/di/NSSrchCorpList.aspx?sa1=cl&scsd=03/07/2017&sced=21/07/2026&sc=01548&src=MAIN&lang=EN&g_lang=en,6b21441c47b11f0779feb58ffdcd75a8edab8b2aea7e095fd1b997dbe7bb68c8
01579,139962,Yihai International Holding Ltd.,Yihai International Holding Ltd.,139962,Yihai International Holding Ltd.,False,False,https://di.hkex.com.hk/di/NSSrchCorpList.aspx?sa1=cl&scsd=03/07/2017&sced=21/07/2026&sc=01579&src=MAIN&lang=EN&g_lang=en,2ce53a95cc48ddaeb021bb8c794c958fb3e7717ab3ca1909507e790d2bde1521
01585,137997,Yadea Group Holdings Ltd.,Yadea Group Holdings Ltd.,137997,Yadea Group Holdings Ltd.,False,False,https://di.hkex.com.hk/di/NSSrchCorpList.aspx?sa1=cl&scsd=03/07/2017&sced=21/07/2026&sc=01585&src=MAIN&lang=EN&g_lang=en,8f10e95f07471e817eee5edc2f828b555c244d6aa57aeaa32cb879a18b625d90
01610,144282,COFCO Joycome Foods Ltd.,COFCO Joycome Foods Ltd.,144282,COFCO Joycome Foods Ltd.,False,False,https://di.hkex.com.hk/di/NSSrchCorpList.aspx?sa1=cl&scsd=03/07/2017&sced=21/07/2026&sc=01610&src=MAIN&lang=EN&g_lang=en,98e31f6a816236306c43dfb238508ccb0fadcd361619d8ca8779bb8fb08bf660
01618,36730,Metallurgical Corporation of China Ltd.  - H Shares,Metallurgical Corporation of China Ltd.,36730|36730,Metallurgical Corporation of China Ltd.  - A Shares|Metallurgical Corporation of China Ltd.  - H Shares,True,True,https://di.hkex.com.hk/di/NSSrchCorpList.aspx?sa1=cl&scsd=03/07/2017&sced=21/07/2026&sc=01618&src=MAIN&lang=EN&g_lang=en,c073b1aea032817cc7cd2a182d9527798642c42302659a60f9f3b13e64d8764d
01635,145156,"Shanghai Dazhong Public Utilities (Group) Co., Ltd.  - H Shares","Shanghai Dazhong Public Utilities (Group) Co., Ltd.",145156|145156,"Shanghai Dazhong Public Utilities (Group) Co., Ltd.  - A Shares|Shanghai Dazhong Public Utilities (Group) Co., Ltd.  - H Shares",True,True,https://di.hkex.com.hk/di/NSSrchCorpList.aspx?sa1=cl&scsd=03/07/2017&sced=21/07/2026&sc=01635&src=MAIN&lang=EN&g_lang=en,720aaf46d420938949894829a5f2fca615a80632fb8dcb9dbe1c1efdf3783834
01658,142788,"Postal Savings Bank of China Co., Ltd.  - H Shares","Postal Savings Bank of China Co., Ltd.",142788|142788,"Postal Savings Bank of China Co., Ltd.  - A Shares|Postal Savings Bank of China Co., Ltd.  - H Shares",True,True,https://di.hkex.com.hk/di/NSSrchCorpList.aspx?sa1=cl&scsd=03/07/2017&sced=21/07/2026&sc=01658&src=MAIN&lang=EN&g_lang=en,51fd197c19477d5df0cde7db4caa0aa6d2808f4ac5b4c5bec909b08e1907614c
01675,227118,AsiaInfo Technologies Ltd.,AsiaInfo Technologies Ltd.,227118,AsiaInfo Technologies Ltd.,False,False,https://di.hkex.com.hk/di/NSSrchCorpList.aspx?sa1=cl&scsd=03/07/2017&sced=21/07/2026&sc=01675&src=MAIN&lang=EN&g_lang=en,7bfd8c1965d1bf132cb4675d9c804ab92ff4d84a7e87eea848d7df870795240a
01681,95940,Consun Pharmaceutical Group Ltd.,Consun Pharmaceutical Group Ltd.,95940,Consun Pharmaceutical Group Ltd.,False,False,https://di.hkex.com.hk/di/NSSrchCorpList.aspx?sa1=cl&scsd=03/07/2017&sced=21/07/2026&sc=01681&src=MAIN&lang=EN&g_lang=en,5d027a82105fb39b89033d1d6a1db828a41fa8e1fea84566599936b90955763c
01686,191128,SUNeVision Holdings Ltd.,SUNeVision Holdings Ltd.,191128,SUNeVision Holdings Ltd.,False,False,https://di.hkex.com.hk/di/NSSrchCorpList.aspx?sa1=cl&scsd=03/07/2017&sced=21/07/2026&sc=01686&src=MAIN&lang=EN&g_lang=en,86dc980e42236ae70bf9e4c7fc849377ab0a86bad128a7fcb4e7ddf2a9f6835a
01688,549722,LINGYI iTECH (GUANGDONG) COMPANY  - H Shares,LINGYI iTECH (GUANGDONG) COMPANY,549722|549722,LINGYI iTECH (GUANGDONG) COMPANY  - A Shares|LINGYI iTECH (GUANGDONG) COMPANY  - H Shares,True,True,https://di.hkex.com.hk/di/NSSrchCorpList.aspx?sa1=cl&scsd=03/07/2017&sced=21/07/2026&sc=01688&src=MAIN&lang=EN&g_lang=en,f224109b551d7ca223b7b6fe00b2e34fca3db75d535404eb73016ea94a6a3e63
01691,261527,JS Global Lifestyle Co. Ltd.,JS Global Lifestyle Co. Ltd.,261527,JS Global Lifestyle Co. Ltd.,False,False,https://di.hkex.com.hk/di/NSSrchCorpList.aspx?sa1=cl&scsd=03/07/2017&sced=21/07/2026&sc=01691&src=MAIN&lang=EN&g_lang=en,781c50d401525f5bc4ad287e748a2bd1e86b644a7e58361d8e541c7f362dd73e
01729,194673,Time Interconnect Technology Ltd.,Time Interconnect Technology Ltd.,194673,Time Interconnect Technology Ltd.,False,False,https://di.hkex.com.hk/di/NSSrchCorpList.aspx?sa1=cl&scsd=03/07/2017&sced=21/07/2026&sc=01729&src=MAIN&lang=EN&g_lang=en,5f1d8822f71ca11bab23110eea6246d20492bef66c8bacd544f01b4d8019487c
01735,199306,Central New Energy Holding Group Ltd.,Central New Energy Holding Group Ltd.,199306,Central New Energy Holding Group Ltd.,False,False,https://di.hkex.com.hk/di/NSSrchCorpList.aspx?sa1=cl&scsd=03/07/2017&sced=21/07/2026&sc=01735&src=MAIN&lang=EN&g_lang=en,6c7410d5ca987d658f8d04e8b8ecdc0ff4f75a20ee0d930085f530b3f40d1990
01766,24061,CRRC Corporation Ltd.  - H Shares,CRRC Corporation Ltd.,24061|24061,CRRC Corporation Ltd.  - A Shares|CRRC Corporation Ltd.  - H Shares,True,True,https://di.hkex.com.hk/di/NSSrchCorpList.aspx?sa1=cl&scsd=03/07/2017&sced=21/07/2026&sc=01766&src=MAIN&lang=EN&g_lang=en,425946c0676f9fdf0c4d16ddb8c55aa86cd511ed1d49159c3b34740f67e6c900
01768,531550,"Busy Ming Group Co., Ltd.  - H Shares","Busy Ming Group Co., Ltd.",531550|531550,"Busy Ming Group Co., Ltd.  - Domestic Shares|Busy Ming Group Co., Ltd.  - H Shares",True,False,https://di.hkex.com.hk/di/NSSrchCorpList.aspx?sa1=cl&scsd=03/07/2017&sced=21/07/2026&sc=01768&src=MAIN&lang=EN&g_lang=en,81e34f3b1051ec2c76880e618ca242df90abda125e70f2adb7aa3b1e65ac7f52
01772,218909,"Ganfeng Lithium Group Co., Ltd.  - H Shares","Ganfeng Lithium Group Co., Ltd.",218909|218909|218909,"Ganfeng Lithium Group Co., Ltd.  - A Shares|Ganfeng Lithium Group Co., Ltd.  - H Shares|Ganfeng Lithium Group Co., Ltd.  - Others",True,True,https://di.hkex.com.hk/di/NSSrchCorpList.aspx?sa1=cl&scsd=03/07/2017&sced=21/07/2026&sc=01772&src=MAIN&lang=EN&g_lang=en,e2ca39321d2055b898d6b2d782d52610982b50156f4aaa6ab5482d92a1e7e2d0
01773,209173,Tianli International Holdings Ltd.,Tianli International Holdings Ltd.,209173,Tianli International Holdings Ltd.,False,False,https://di.hkex.com.hk/di/NSSrchCorpList.aspx?sa1=cl&scsd=03/07/2017&sced=21/07/2026&sc=01773&src=MAIN&lang=EN&g_lang=en,d8580e1f56df7c1d4f6047fb037925892952c92e079d0e57e070156e8dd12db2
01776,118615,"GF Securities Co., Ltd.  - H Shares","GF Securities Co., Ltd.",118615|118615,"GF Securities Co., Ltd.  - A Shares|GF Securities Co., Ltd.  - H Shares",True,True,https://di.hkex.com.hk/di/NSSrchCorpList.aspx?sa1=cl&scsd=03/07/2017&sced=21/07/2026&sc=01776&src=MAIN&lang=EN&g_lang=en,fec5946e2fa87c0078ebd162bb21a85adeaefcf807d9f89312e60774a72742ca
01783,213484,Envision Greenwise Holdings Ltd.,Envision Greenwise Holdings Ltd.,213484,Envision Greenwise Holdings Ltd.,False,False,https://di.hkex.com.hk/di/NSSrchCorpList.aspx?sa1=cl&scsd=03/07/2017&sced=21/07/2026&sc=01783&src=MAIN&lang=EN&g_lang=en,9bfba74e9bd879e7fa25edd1c046c7f4c700bf54da84b49ee51aa85e8591451b
01787,217750,"Shandong Gold Mining Co., Ltd.  - H Shares","Shandong Gold Mining Co., Ltd.",217750|217750,"Shandong Gold Mining Co., Ltd.  - A Shares|Shandong Gold Mining Co., Ltd.  - H Shares",True,True,https://di.hkex.com.hk/di/NSSrchCorpList.aspx?sa1=cl&scsd=03/07/2017&sced=21/07/2026&sc=01787&src=MAIN&lang=EN&g_lang=en,7838af4b5c1536ab2fa322c265d8658a792b05283ab87e5120bde10732eb0ff0
01788,47778,Guotai Junan International Holdings Ltd.,Guotai Junan International Holdings Ltd.,47778,Guotai Junan International Holdings Ltd.,False,False,https://di.hkex.com.hk/di/NSSrchCorpList.aspx?sa1=cl&scsd=03/07/2017&sced=21/07/2026&sc=01788&src=MAIN&lang=EN&g_lang=en,c657c89292ddea2546684dd2599bfcca796233e1bdefa6de114fb0f0cb805a59
01789,188087,AK Medical Holdings Ltd.,AK Medical Holdings Ltd.,188087,AK Medical Holdings Ltd.,False,False,https://di.hkex.com.hk/di/NSSrchCorpList.aspx?sa1=cl&scsd=03/07/2017&sced=21/07/2026&sc=01789&src=MAIN&lang=EN&g_lang=en,cbc64a799c0dc6da98ba5783a3113cff8059b90275e25b86bbd2f7a5e147c4c8
01797,237223,East Buy Holding Ltd.,East Buy Holding Ltd.,237223,East Buy Holding Ltd.,False,False,https://di.hkex.com.hk/di/NSSrchCorpList.aspx?sa1=cl&scsd=03/07/2017&sced=21/07/2026&sc=01797&src=MAIN&lang=EN&g_lang=en,68fd00b3aa76d76513c692fa19c753e7525863bb45985dbd0da7fc1dada3a425
01800,12292,China Communications Construction Co. Ltd.  - H Shares,China Communications Construction Co. Ltd.,12292|12292,China Communications Construction Co. Ltd.  - A Shares|China Communications Construction Co. Ltd.  - H Shares,True,True,https://di.hkex.com.hk/di/NSSrchCorpList.aspx?sa1=cl&scsd=03/07/2017&sced=21/07/2026&sc=01800&src=MAIN&lang=EN&g_lang=en,4d7d0c08f0302cad99c4af1c05c0e212dc5f33652964cac840e0c0a2c2baf725
01801,221643,"Innovent Biologics, Inc.","Innovent Biologics, Inc.",221643,"Innovent Biologics, Inc.",False,False,https://di.hkex.com.hk/di/NSSrchCorpList.aspx?sa1=cl&scsd=03/07/2017&sced=21/07/2026&sc=01801&src=MAIN&lang=EN&g_lang=en,b5bacb7f922208d3765aace1eb997f6bc8bcb885f4e73241b9540c9a0e0664e8
01810,208656,Xiaomi Corporation - W,Xiaomi Corporation,208656,Xiaomi Corporation - W,False,False,https://di.hkex.com.hk/di/NSSrchCorpList.aspx?sa1=cl&scsd=03/07/2017&sced=21/07/2026&sc=01810&src=MAIN&lang=EN&g_lang=en,50c1f2bd1a7fd6f208025e9854afa21aef25d9fae6400863b3844bdda781050a
01811,109986,"CGN New Energy Holdings Co., Ltd.","CGN New Energy Holdings Co., Ltd.",109986,"CGN New Energy Holdings Co., Ltd.",False,False,https://di.hkex.com.hk/di/NSSrchCorpList.aspx?sa1=cl&scsd=03/07/2017&sced=21/07/2026&sc=01811&src=MAIN&lang=EN&g_lang=en,bba82dbb16a444ecde124bbd0f7db11da4dcc10cf71fcf68dd6357be554a2bb9
01816,113003,"CGN Power Co., Ltd.  - H Shares","CGN Power Co., Ltd.",113003|113003|113003,"CGN Power Co., Ltd.  - A Shares|CGN Power Co., Ltd.  - H Shares|CGN Power Co., Ltd.  - Others",True,True,https://di.hkex.com.hk/di/NSSrchCorpList.aspx?sa1=cl&scsd=03/07/2017&sced=21/07/2026&sc=01816&src=MAIN&lang=EN&g_lang=en,8a9f170f3e659dec9eb55ce17265416eca139e387f3ff1f4b18024ac92e81600
01818,12011,Zhaojin Mining Industry Co. Ltd.  - H Shares,Zhaojin Mining Industry Co. Ltd.,12011|12011|12011,Zhaojin Mining Industry Co. Ltd.  - Domestic Shares|Zhaojin Mining Industry Co. Ltd.  - H Shares|Zhaojin Mining Industry Co. Ltd.  - Others,True,False,https://di.hkex.com.hk/di/NSSrchCorpList.aspx?sa1=cl&scsd=03/07/2017&sced=21/07/2026&sc=01818&src=MAIN&lang=EN&g_lang=en,f065f0545e20e57faff77e5cc00a388dfb421528d8ea758f3ae5e1ec04434103
01828,506723,FWD Group Holdings Ltd.,FWD Group Holdings Ltd.,506723,FWD Group Holdings Ltd.,False,False,https://di.hkex.com.hk/di/NSSrchCorpList.aspx?sa1=cl&scsd=03/07/2017&sced=21/07/2026&sc=01828&src=MAIN&lang=EN&g_lang=en,47d7a4e6c5335e51fcc732117ac82ec366f4ed49b88f5df6132fb526c44c6ead
01833,202592,Ping An Healthcare and Technology Co. Ltd.,Ping An Healthcare and Technology Co. Ltd.,202592,Ping An Healthcare and Technology Co. Ltd.,False,False,https://di.hkex.com.hk/di/NSSrchCorpList.aspx?sa1=cl&scsd=03/07/2017&sced=21/07/2026&sc=01833&src=MAIN&lang=EN&g_lang=en,7f1ee6c08af656a348314b696188de204713c1dc7a466e554f55c106af867310
01836,14865,Stella International Holdings Ltd.,Stella International Holdings Ltd.,14865,Stella International Holdings Ltd.,False,False,https://di.hkex.com.hk/di/NSSrchCorpList.aspx?sa1=cl&scsd=03/07/2017&sced=21/07/2026&sc=01836&src=MAIN&lang=EN&g_lang=en,fb3b9c2c6d0b1e9ac9258254b8b7c982c0e471b9495ab437d6baf41000321e68
01858,117715,"Beijing Chunlizhengda Medical Instruments Co., Ltd.  - H Shares","Beijing Chunlizhengda Medical Instruments Co., Ltd.",117715|117715|117715,"Beijing Chunlizhengda Medical Instruments Co., Ltd.  - A Shares|Beijing Chunlizhengda Medical Instruments Co., Ltd.  - Domestic Shares|Beijing Chunlizhengda Medical Instruments Co., Ltd.  - H Shares",True,True,https://di.hkex.com.hk/di/NSSrchCorpList.aspx?sa1=cl&scsd=03/07/2017&sced=21/07/2026&sc=01858&src=MAIN&lang=EN&g_lang=en,62bc02247b789edaa347d2ed916c59662b38ed1f1b043dd2beee499de27a8e91
01860,226380,Mobvista Inc.,Mobvista Inc.,226380,Mobvista Inc.,False,False,https://di.hkex.com.hk/di/NSSrchCorpList.aspx?sa1=cl&scsd=03/07/2017&sced=21/07/2026&sc=01860&src=MAIN&lang=EN&g_lang=en,5fd3c537b814b13d68fa11a39fa4709f0158d8b31f87d4b545e6c2cc50d473c2
01876,254623,Budweiser Brewing Co. APAC Ltd.,Budweiser Brewing Co. APAC Ltd.,254623,Budweiser Brewing Co. APAC Ltd.,False,False,https://di.hkex.com.hk/di/NSSrchCorpList.aspx?sa1=cl&scsd=03/07/2017&sced=21/07/2026&sc=01876&src=MAIN&lang=EN&g_lang=en,63592e7fb59f947a130ecff46560327d9540324f0b42ee049fe28b49b8923fef
01877,227451,"Shanghai Junshi Biosciences Co., Ltd.  - H Shares","Shanghai Junshi Biosciences Co., Ltd.",227451|227451|227451,"Shanghai Junshi Biosciences Co., Ltd.  - A Shares|Shanghai Junshi Biosciences Co., Ltd.  - Domestic Shares|Shanghai Junshi Biosciences Co., Ltd.  - H Shares",True,True,https://di.hkex.com.hk/di/NSSrchCorpList.aspx?sa1=cl&scsd=03/07/2017&sced=21/07/2026&sc=01877&src=MAIN&lang=EN&g_lang=en,5f0f041a36e4c1df776586318264ebad74afaae6c94f2e42b5db62e0c4fc882a
01880,406565,China Tourism Group Duty Free Corporation Ltd.  - H Shares,China Tourism Group Duty Free Corporation Ltd.,406565|406565,China Tourism Group Duty Free Corporation Ltd.  - A Shares|China Tourism Group Duty Free Corporation Ltd.  - H Shares,True,True,https://di.hkex.com.hk/di/NSSrchCorpList.aspx?sa1=cl&scsd=03/07/2017&sced=21/07/2026&sc=01880&src=MAIN&lang=EN&g_lang=en,65e2e5fab26f11260fbe7b47274f576129db8920289e00412dca5a5104626f21
01882,12423,Haitian International Holdings Ltd.,Haitian International Holdings Ltd.,12423,Haitian International Holdings Ltd.,False,False,https://di.hkex.com.hk/di/NSSrchCorpList.aspx?sa1=cl&scsd=03/07/2017&sced=21/07/2026&sc=01882&src=MAIN&lang=EN&g_lang=en,da6a6a50e06b3d681552871706971158ebec19e3a1f79f35b3857dba647a5f53
01883,13746,CITIC Telecom International Holdings Ltd.,CITIC Telecom International Holdings Ltd.,13746,CITIC Telecom International Holdings Ltd.,False,False,https://di.hkex.com.hk/di/NSSrchCorpList.aspx?sa1=cl&scsd=03/07/2017&sced=21/07/2026&sc=01883&src=MAIN&lang=EN&g_lang=en,75d1ebfc7389da343dcac875b2735ce4afd03304e93a2a095d8730c611af8fdc
01888,12010,Kingboard Laminates Holdings Ltd.,Kingboard Laminates Holdings Ltd.,12010,Kingboard Laminates Holdings Ltd.,False,False,https://di.hkex.com.hk/di/NSSrchCorpList.aspx?sa1=cl&scsd=03/07/2017&sced=21/07/2026&sc=01888&src=MAIN&lang=EN&g_lang=en,8d5d76ba60b32039aaa205b4624890f765bd641993974529cf335d4577ea0017
01896,231467,Maoyan Entertainment,Maoyan Entertainment,231467,Maoyan Entertainment,False,False,https://di.hkex.com.hk/di/NSSrchCorpList.aspx?sa1=cl&scsd=03/07/2017&sced=21/07/2026&sc=01896&src=MAIN&lang=EN&g_lang=en,e443e8af81329b7b7255dfbfd07ce3f791b1e48e4083b039b6cfaf3375e00d31
01898,12291,China Coal Energy Co. Ltd.  - H Shares,China Coal Energy Co. Ltd.,12291,China Coal Energy Co. Ltd.  - H Shares,True,False,https://di.hkex.com.hk/di/NSSrchCorpList.aspx?sa1=cl&scsd=03/07/2017&sced=21/07/2026&sc=01898&src=MAIN&lang=EN&g_lang=en,b49973e14fe620f6bdbc4bcc70f7e394f3c6de744ce13302cfd4969638550650
01907,235884,China Risun Group Ltd.,China Risun Group Ltd.,235884,China Risun Group Ltd.,False,False,https://di.hkex.com.hk/di/NSSrchCorpList.aspx?sa1=cl&scsd=03/07/2017&sced=21/07/2026&sc=01907&src=MAIN&lang=EN&g_lang=en,8d5bcce0b4b9903247ab630c275600869ab57bfadaea6fdccc75efbd10a1c4b3
01908,104793,C&D International Investment Group Ltd.,C&D International Investment Group Ltd.,104793,C&D International Investment Group Ltd.,False,False,https://di.hkex.com.hk/di/NSSrchCorpList.aspx?sa1=cl&scsd=03/07/2017&sced=21/07/2026&sc=01908&src=MAIN&lang=EN&g_lang=en,9508dcafd830d7afb4d315dcadbcaf100967b8917f92adf682e00ce8c4186df4
01910,61272,Samsonite Group S.A.,Samsonite Group S.A.,61272,Samsonite Group S.A.,False,False,https://di.hkex.com.hk/di/NSSrchCorpList.aspx?sa1=cl&scsd=03/07/2017&sced=21/07/2026&sc=01910&src=MAIN&lang=EN&g_lang=en,9e50c0f525967c0051c25aa65404b66121d20094081a627db9dca7b00cc2ca9b
01918,39831,Sunac China Holdings Ltd.,Sunac China Holdings Ltd.,39831,Sunac China Holdings Ltd.,False,False,https://di.hkex.com.hk/di/NSSrchCorpList.aspx?sa1=cl&scsd=03/07/2017&sced=21/07/2026&sc=01918&src=MAIN&lang=EN&g_lang=en,a006691deda802eda12374e683e8eece61ae7f0785cfab51f50f43bb5863b400
01919,8438,"COSCO SHIPPING Holdings Co., Ltd.  - H Shares","COSCO SHIPPING Holdings Co., Ltd.",8438|8438,"COSCO SHIPPING Holdings Co., Ltd.  - A Shares|COSCO SHIPPING Holdings Co., Ltd.  - H Shares",True,True,https://di.hkex.com.hk/di/NSSrchCorpList.aspx?sa1=cl&scsd=03/07/2017&sced=21/07/2026&sc=01919&src=MAIN&lang=EN&g_lang=en,2379aeb691fb01b05bf6f613185997261511dfb344e77a74936908e64c45f42d
01921,257824,Dalipal Holdings Ltd.,Dalipal Holdings Ltd.,257824,Dalipal Holdings Ltd.,False,False,https://di.hkex.com.hk/di/NSSrchCorpList.aspx?sa1=cl&scsd=03/07/2017&sced=21/07/2026&sc=01921&src=MAIN&lang=EN&g_lang=en,19cee29c200642321315401e4ebf09fa2e6b4dc88f34a3959bdfd6541560e514
01928,39074,Sands China Ltd.,Sands China Ltd.,39074,Sands China Ltd.,False,False,https://di.hkex.com.hk/di/NSSrchCorpList.aspx?sa1=cl&scsd=03/07/2017&sced=21/07/2026&sc=01928&src=MAIN&lang=EN&g_lang=en,ba9f637034c2a7bd8b17ac0df1c8219a4138a28c898b56051d415dcedd06d9fa
01929,67605,Chow Tai Fook Jewellery Group Ltd.,Chow Tai Fook Jewellery Group Ltd.,67605,Chow Tai Fook Jewellery Group Ltd.,False,False,https://di.hkex.com.hk/di/NSSrchCorpList.aspx?sa1=cl&scsd=03/07/2017&sced=21/07/2026&sc=01929&src=MAIN&lang=EN&g_lang=en,dc604120c5b38cb796fc46665592cd0ac87f13f519e6db2fa89b06aa41e108c5
01951,245056,Jinxin Fertility Group Ltd.,Jinxin Fertility Group Ltd.,245056,Jinxin Fertility Group Ltd.,False,False,https://di.hkex.com.hk/di/NSSrchCorpList.aspx?sa1=cl&scsd=03/07/2017&sced=21/07/2026&sc=01951&src=MAIN&lang=EN&g_lang=en,80dbb89640d04dfdaff929d1f25a6f8f5e79ebc00da27e9a7bfb0c0f4a7a7c5e
01952,303168,Everest Medicines Ltd.,Everest Medicines Ltd.,303168,Everest Medicines Ltd.,False,False,https://di.hkex.com.hk/di/NSSrchCorpList.aspx?sa1=cl&scsd=03/07/2017&sced=21/07/2026&sc=01952&src=MAIN&lang=EN&g_lang=en,415c10dd955aedb19c625257d0909a0e4e4121d021066c03316e48d371e622c7
01963,93610,"Bank of Chongqing Co., Ltd.  - H Shares","Bank of Chongqing Co., Ltd.",93610|93610,"Bank of Chongqing Co., Ltd.  - A Shares|Bank of Chongqing Co., Ltd.  - H Shares",True,True,https://di.hkex.com.hk/di/NSSrchCorpList.aspx?sa1=cl&scsd=03/07/2017&sced=21/07/2026&sc=01963&src=MAIN&lang=EN&g_lang=en,58d7df3867eaf497f08606b12a44a602a5d2306c467d0b214f3fb21f77ac8b46
01972,68079,Swire Properties Ltd.,Swire Properties Ltd.,68079,Swire Properties Ltd.,False,False,https://di.hkex.com.hk/di/NSSrchCorpList.aspx?sa1=cl&scsd=03/07/2017&sced=21/07/2026&sc=01972&src=MAIN&lang=EN&g_lang=en,2732505fe4b81d3a236c00cf26a89b21c3e7f73a9d8bfde463cc6d482a0043b7
01988,39035,"China Minsheng Banking Corp., Ltd.  - H Shares","China Minsheng Banking Corp., Ltd.",39035|39035,"China Minsheng Banking Corp., Ltd.  - A Shares|China Minsheng Banking Corp., Ltd.  - H Shares",True,True,https://di.hkex.com.hk/di/NSSrchCorpList.aspx?sa1=cl&scsd=03/07/2017&sced=21/07/2026&sc=01988&src=MAIN&lang=EN&g_lang=en,c1c327f9d1d8615cedad85c5b23a423e4aa2a6459e05b1d73b702f2090c45495
01989,538436,Delton Technology (Guangzhou) Inc.  - H Shares,Delton Technology (Guangzhou) Inc.,538436|538436,Delton Technology (Guangzhou) Inc.  - A Shares|Delton Technology (Guangzhou) Inc.  - H Shares,True,True,https://di.hkex.com.hk/di/NSSrchCorpList.aspx?sa1=cl&scsd=03/07/2017&sced=21/07/2026&sc=01989&src=MAIN&lang=EN&g_lang=en,4b748b4f7e3b870523c11301c9661f8f9c01892728195d99545809677a867ac8
01997,185273,Wharf Real Estate Investment Co. Ltd.,Wharf Real Estate Investment Co. Ltd.,185273,Wharf Real Estate Investment Co. Ltd.,False,False,https://di.hkex.com.hk/di/NSSrchCorpList.aspx?sa1=cl&scsd=03/07/2017&sced=21/07/2026&sc=01997&src=MAIN&lang=EN&g_lang=en,851d9a9468b59255e9ee59a43841b830f555e416c6bb7f8daa29f2deb07ebd30
01999,44167,Man Wah Holdings Ltd.,Man Wah Holdings Ltd.,44167,Man Wah Holdings Ltd.,False,False,https://di.hkex.com.hk/di/NSSrchCorpList.aspx?sa1=cl&scsd=03/07/2017&sced=21/07/2026&sc=01999&src=MAIN&lang=EN&g_lang=en,6d4e3e06f76e487fc8a4bfa736be2c75d22c1f759de46def2d4d5d96106e4e99
02005,9476,SSY Group Ltd.,SSY Group Ltd.,9476,SSY Group Ltd.,False,False,https://di.hkex.com.hk/di/NSSrchCorpList.aspx?sa1=cl&scsd=03/07/2017&sced=21/07/2026&sc=02005&src=MAIN&lang=EN&g_lang=en,b36709b133158464355bc607383c396d766ab495d15c1cd30c3c83a9f2491b51
02007,13830,Country Garden Holdings Co. Ltd.,Country Garden Holdings Co. Ltd.,13830,Country Garden Holdings Co. Ltd.,False,False,https://di.hkex.com.hk/di/NSSrchCorpList.aspx?sa1=cl&scsd=03/07/2017&sced=21/07/2026&sc=02007&src=MAIN&lang=EN&g_lang=en,329a94ce6efdfc1f3f87268d5bf9db40abefd8452f272cb18df2a9183daa1a9f
02009,34336,BBMG Corporation  - H Shares,BBMG Corporation,34336,BBMG Corporation  - H Shares,True,False,https://di.hkex.com.hk/di/NSSrchCorpList.aspx?sa1=cl&scsd=03/07/2017&sced=21/07/2026&sc=02009&src=MAIN&lang=EN&g_lang=en,afd89d1997bf102d38b28a2a6743ccffd3ba306eeb7e467c854413afc0f7610a
02013,229134,Weimob Inc.,Weimob Inc.,229134,Weimob Inc.,False,False,https://di.hkex.com.hk/di/NSSrchCorpList.aspx?sa1=cl&scsd=03/07/2017&sced=21/07/2026&sc=02013&src=MAIN&lang=EN&g_lang=en,ea2453aaec33f93f37cae2f14095ce3c003eb5c26150db57647cfb05f4e7062f
02015,352666,Li Auto Inc. - W,Li Auto Inc.,352666,Li Auto Inc. - W,False,False,https://di.hkex.com.hk/di/NSSrchCorpList.aspx?sa1=cl&scsd=03/07/2017&sced=21/07/2026&sc=02015&src=MAIN&lang=EN&g_lang=en,ae33c199e57ba37127e1748deaf9a9134c5b666bf365ef69c91462f7baa0bfa4
02016,135674,"China Zheshang Bank Co., Ltd.  - H Shares","China Zheshang Bank Co., Ltd.",135674|135674,"China Zheshang Bank Co., Ltd.  - A Shares|China Zheshang Bank Co., Ltd.  - H Shares",True,True,https://di.hkex.com.hk/di/NSSrchCorpList.aspx?sa1=cl&scsd=03/07/2017&sced=21/07/2026&sc=02016&src=MAIN&lang=EN&g_lang=en,dc03b239437257f181e6d78b2f1b1da2a3d581f45c337c1ede584a5960ba201a
02018,8722,AAC Technologies Holdings Inc.,AAC Technologies Holdings Inc.,8722,AAC Technologies Holdings Inc.,False,False,https://di.hkex.com.hk/di/NSSrchCorpList.aspx?sa1=cl&scsd=03/07/2017&sced=21/07/2026&sc=02018&src=MAIN&lang=EN&g_lang=en,0fb0be768f6fb1716d6f8df553e146bdc851bcd7ba4e276d0907ca7b899465ec
02020,14867,ANTA Sports Products Ltd.,ANTA Sports Products Ltd.,14867,ANTA Sports Products Ltd.,False,False,https://di.hkex.com.hk/di/NSSrchCorpList.aspx?sa1=cl&scsd=03/07/2017&sced=21/07/2026&sc=02020&src=MAIN&lang=EN&g_lang=en,2a10e0a212628962cfc0811928ac90c0edf41e826406bee0cc37c089cd34840f
02026,522049,Pony AI Inc. - W,Pony AI Inc.,522049,Pony AI Inc. - W,False,False,https://di.hkex.com.hk/di/NSSrchCorpList.aspx?sa1=cl&scsd=03/07/2017&sced=21/07/2026&sc=02026&src=MAIN&lang=EN&g_lang=en,b219e2820145c4755b1dbdd193d3b28e2af095136c336c760aed70e8bd742031
02038,7835,FIH Mobile Ltd.,FIH Mobile Ltd.,7835,FIH Mobile Ltd.,False,False,https://di.hkex.com.hk/di/NSSrchCorpList.aspx?sa1=cl&scsd=03/07/2017&sced=21/07/2026&sc=02038&src=MAIN&lang=EN&g_lang=en,2a3b6c4099ad2a947dfbd675038634ca877d0eccdc35724624142b7070b6d6c8
02039,79485,"China Int'l Marine Containers (Group) Co., Ltd.  - H Shares","China Int'l Marine Containers (Group) Co., Ltd.",79485|79485,"China Int'l Marine Containers (Group) Co., Ltd.  - A Shares|China Int'l Marine Containers (Group) Co., Ltd.  - H Shares",True,True,https://di.hkex.com.hk/di/NSSrchCorpList.aspx?sa1=cl&scsd=03/07/2017&sced=21/07/2026&sc=02039&src=MAIN&lang=EN&g_lang=en,1e074e21419d328c0d3f326f9d66808537ced580f8f663766b42f942cf732907
02050,505541,"Zhejiang Sanhua Intelligent Controls Co., Ltd.  - H Shares","Zhejiang Sanhua Intelligent Controls Co., Ltd.",505541|505541,"Zhejiang Sanhua Intelligent Controls Co., Ltd.  - A Shares|Zhejiang Sanhua Intelligent Controls Co., Ltd.  - H Shares",True,True,https://di.hkex.com.hk/di/NSSrchCorpList.aspx?sa1=cl&scsd=03/07/2017&sced=21/07/2026&sc=02050&src=MAIN&lang=EN&g_lang=en,3ec963ba249bfdde4ba6fc72c1f3e19c07ad79917939855bc6abb71e8ffb4fa3
02057,302113,ZTO Express (Cayman) Inc. - W,ZTO Express (Cayman) Inc.,302113,ZTO Express (Cayman) Inc. - W,False,False,https://di.hkex.com.hk/di/NSSrchCorpList.aspx?sa1=cl&scsd=03/07/2017&sced=21/07/2026&sc=02057&src=MAIN&lang=EN&g_lang=en,7bdc778c52d840b1d20700bdf6e95f7a96e19c2cb9a1bafff8be0ac232a5e7dd
02068,74176,China Aluminum International Engineering Corp. Ltd. - H Shares,China Aluminum International Engineering Corp. Ltd.,74176|74176,China Aluminum International Engineering Corp. Ltd. - A Shares|China Aluminum International Engineering Corp. Ltd. - H Shares,True,True,https://di.hkex.com.hk/di/NSSrchCorpList.aspx?sa1=cl&scsd=03/07/2017&sced=21/07/2026&sc=02068&src=MAIN&lang=EN&g_lang=en,31530adfe47a46ca51ba2f9a290569ec8c4f52c9f2af5505afdc4b19250f9f9a
02096,304860,Simcere Pharmaceutical Group Ltd.,Simcere Pharmaceutical Group Ltd.,304860,Simcere Pharmaceutical Group Ltd.,False,False,https://di.hkex.com.hk/di/NSSrchCorpList.aspx?sa1=cl&scsd=03/07/2017&sced=21/07/2026&sc=02096&src=MAIN&lang=EN&g_lang=en,44eedcc91ff03564fb5879e7fb92cbd0d2f80b9148d0c86a078687ee0301fa88
02097,491887,MIXUE Group  - H Shares,MIXUE Group,491887|491887,MIXUE Group  - Domestic Shares|MIXUE Group  - H Shares,True,False,https://di.hkex.com.hk/di/NSSrchCorpList.aspx?sa1=cl&scsd=03/07/2017&sced=21/07/2026&sc=02097&src=MAIN&lang=EN&g_lang=en,8847c466ec4c91191a7c5243fc6f9f2290025b81a51454db131d546237d206db
02099,54093,China Gold International Resources Corp. Ltd.,China Gold International Resources Corp. Ltd.,54093,China Gold International Resources Corp. Ltd.,False,False,https://di.hkex.com.hk/di/NSSrchCorpList.aspx?sa1=cl&scsd=03/07/2017&sced=21/07/2026&sc=02099&src=MAIN&lang=EN&g_lang=en,b433f9f2a75a045e38259a44ec3e314264e0556a01874b963abeaf84806c92c4
02128,47185,China Lesso Group Holdings Ltd.,China Lesso Group Holdings Ltd.,47185,China Lesso Group Holdings Ltd.,False,False,https://di.hkex.com.hk/di/NSSrchCorpList.aspx?sa1=cl&scsd=03/07/2017&sced=21/07/2026&sc=02128&src=MAIN&lang=EN&g_lang=en,cf580cd4cac8732139fb604e67061433dc1b233c4683eef5ca7b039d0f88884a
02145,421843,"Shanghai Chicmax Cosmetic Co., Ltd.  - H Shares","Shanghai Chicmax Cosmetic Co., Ltd.",421843|421843,"Shanghai Chicmax Cosmetic Co., Ltd.  - Domestic Shares|Shanghai Chicmax Cosmetic Co., Ltd.  - H Shares",True,False,https://di.hkex.com.hk/di/NSSrchCorpList.aspx?sa1=cl&scsd=03/07/2017&sced=21/07/2026&sc=02145&src=MAIN&lang=EN&g_lang=en,dd5193843b823e437047fbbbef0cb528fc5c64e456294985672faa1019216e50
02155,343797,Morimatsu International Holdings Co. Ltd.,Morimatsu International Holdings Co. Ltd.,343797,Morimatsu International Holdings Co. Ltd.,False,False,https://di.hkex.com.hk/di/NSSrchCorpList.aspx?sa1=cl&scsd=03/07/2017&sced=21/07/2026&sc=02155&src=MAIN&lang=EN&g_lang=en,db54602306049b23cded48b49fd79df8136e3febd76bfff47b48cfa9f45f6587
02157,382828,"Lepu Biopharma Co., Ltd.  - H Shares","Lepu Biopharma Co., Ltd.",382828|382828,"Lepu Biopharma Co., Ltd.  - Domestic Shares|Lepu Biopharma Co., Ltd.  - H Shares",True,False,https://di.hkex.com.hk/di/NSSrchCorpList.aspx?sa1=cl&scsd=03/07/2017&sced=21/07/2026&sc=02157&src=MAIN&lang=EN&g_lang=en,8f43dd3a231ce973d713f6043d061c806025ee27f0bd6946e40acd6c3b2e58f7
02158,317234,Yidu Tech Inc.,Yidu Tech Inc.,317234,Yidu Tech Inc.,False,False,https://di.hkex.com.hk/di/NSSrchCorpList.aspx?sa1=cl&scsd=03/07/2017&sced=21/07/2026&sc=02158&src=MAIN&lang=EN&g_lang=en,107213573a529164fc9193335dc3865b814fe44ac23f32736f147f56c41a124f
02162,345156,Keymed Biosciences Inc. - B,Keymed Biosciences Inc.,345156,Keymed Biosciences Inc. - B,False,False,https://di.hkex.com.hk/di/NSSrchCorpList.aspx?sa1=cl&scsd=03/07/2017&sced=21/07/2026&sc=02162&src=MAIN&lang=EN&g_lang=en,a67bb37314377e62acc75a3939f2869a2071be9c2fdef42d228e4468a06ab5d0
02171,342591,CARsgen Therapeutics Holdings Ltd. - B,CARsgen Therapeutics Holdings Ltd.,342591,CARsgen Therapeutics Holdings Ltd. - B,False,False,https://di.hkex.com.hk/di/NSSrchCorpList.aspx?sa1=cl&scsd=03/07/2017&sced=21/07/2026&sc=02171&src=MAIN&lang=EN&g_lang=en,32eba849250e2e4b6281c281d37b241d1f8c18603fcb961429427d5044e4ef8d
02172,402249,MicroPort NeuroScientific Corporation,MicroPort NeuroScientific Corporation,402249,MicroPort NeuroScientific Corporation,False,False,https://di.hkex.com.hk/di/NSSrchCorpList.aspx?sa1=cl&scsd=03/07/2017&sced=21/07/2026&sc=02172&src=MAIN&lang=EN&g_lang=en,b5009c7377e2a7b15fac45ad06cc71ce42cd509915ca976aeb20b5ab389469e2
02186,105485,Luye Pharma Group Ltd.,Luye Pharma Group Ltd.,105485,Luye Pharma Group Ltd.,False,False,https://di.hkex.com.hk/di/NSSrchCorpList.aspx?sa1=cl&scsd=03/07/2017&sced=21/07/2026&sc=02186&src=MAIN&lang=EN&g_lang=en,669b969deb674e9ea573bae37fef8e0374f82e0ac28ebeb73fadb2e14e9fc9e9
02192,346595,"Medlive Technology Co., Ltd.","Medlive Technology Co., Ltd.",346595,"Medlive Technology Co., Ltd.",False,False,https://di.hkex.com.hk/di/NSSrchCorpList.aspx?sa1=cl&scsd=03/07/2017&sced=21/07/2026&sc=02192&src=MAIN&lang=EN&g_lang=en,dd5676fdd4bfe6c1564078486f8085f2b6fa190622d850a085cc72aa64593fb6
02196,77769,"Shanghai Fosun Pharmaceutical (Group) Co., Ltd.  - H Shares","Shanghai Fosun Pharmaceutical (Group) Co., Ltd.",77769|77769,"Shanghai Fosun Pharmaceutical (Group) Co., Ltd.  - A Shares|Shanghai Fosun Pharmaceutical (Group) Co., Ltd.  - H Shares",True,True,https://di.hkex.com.hk/di/NSSrchCorpList.aspx?sa1=cl&scsd=03/07/2017&sced=21/07/2026&sc=02196&src=MAIN&lang=EN&g_lang=en,517fee1fd349db556848cb6c8cfe0636383e49bd5576bcd511132a7f321bad0b
02202,105293,"China Vanke Co., Ltd.  - H Shares","China Vanke Co., Ltd.",105293|105293,"China Vanke Co., Ltd.  - A Shares|China Vanke Co., Ltd.  - H Shares",True,True,https://di.hkex.com.hk/di/NSSrchCorpList.aspx?sa1=cl&scsd=03/07/2017&sced=21/07/2026&sc=02202&src=MAIN&lang=EN&g_lang=en,0132517a8b737da7f4d2a887f5b08d1a177a354442213257e9388a7a126fe5db
02208,47113,"Goldwind Science & Technology Co., Ltd.  - H Shares","Goldwind Science & Technology Co., Ltd.",47113|47113,"Goldwind Science & Technology Co., Ltd.  - A Shares|Goldwind Science & Technology Co., Ltd.  - H Shares",True,True,https://di.hkex.com.hk/di/NSSrchCorpList.aspx?sa1=cl&scsd=03/07/2017&sced=21/07/2026&sc=02208&src=MAIN&lang=EN&g_lang=en,6bd597607e8e4f30c6c532067819bf817ef4a7caeef498c38b730edc694d4351
02218,55712,Yantai North Andre Juice Co. Ltd.  - H Shares,Yantai North Andre Juice Co. Ltd.,55712|55712,Yantai North Andre Juice Co. Ltd.  - A Shares|Yantai North Andre Juice Co. Ltd.  - H Shares,True,True,https://di.hkex.com.hk/di/NSSrchCorpList.aspx?sa1=cl&scsd=03/07/2017&sced=21/07/2026&sc=02218&src=MAIN&lang=EN&g_lang=en,be3f2f986a234c4e131f43f02bdf28dc0e0dbcefe2a31e5217c09f13d7f7c767
02228,467660,XtalPi Holdings Ltd.,XtalPi Holdings Ltd.,467660,XtalPi Holdings Ltd.,False,False,https://di.hkex.com.hk/di/NSSrchCorpList.aspx?sa1=cl&scsd=03/07/2017&sced=21/07/2026&sc=02228&src=MAIN&lang=EN&g_lang=en,e6c05e1e6d25cf2855d589abf49b1fe18e2f87ad6f895a1f0677cbd58c1dca79
02232,183490,Crystal International Group Ltd.,Crystal International Group Ltd.,183490,Crystal International Group Ltd.,False,False,https://di.hkex.com.hk/di/NSSrchCorpList.aspx?sa1=cl&scsd=03/07/2017&sced=21/07/2026&sc=02232&src=MAIN&lang=EN&g_lang=en,54e5b5606e3e1a7c8d7a74abca27df361ccf5f61334eb5940d4066fd1522391a
02233,49409,West China Cement Ltd.,West China Cement Ltd.,49409,West China Cement Ltd.,False,False,https://di.hkex.com.hk/di/NSSrchCorpList.aspx?sa1=cl&scsd=03/07/2017&sced=21/07/2026&sc=02233&src=MAIN&lang=EN&g_lang=en,f3a4dbda8a042da239cf5c5007f9e9bd91cb163684f86e046d49300828edd583
02238,47460,"Guangzhou Automobile Group Co., Ltd.  - H Shares","Guangzhou Automobile Group Co., Ltd.",47460|47460,"Guangzhou Automobile Group Co., Ltd.  - A Shares|Guangzhou Automobile Group Co., Ltd.  - H Shares",True,True,https://di.hkex.com.hk/di/NSSrchCorpList.aspx?sa1=cl&scsd=03/07/2017&sced=21/07/2026&sc=02238&src=MAIN&lang=EN&g_lang=en,47b9cba9890b58b433372c7f196de1894bae9171648af4968ae5d7a24c0031de
02252,365057,"Shanghai MicroPort MedBot (Group) Co., Ltd. - B  - H Shares","Shanghai MicroPort MedBot (Group) Co., Ltd.",365057,"Shanghai MicroPort MedBot (Group) Co., Ltd. - B  - H Shares",True,False,https://di.hkex.com.hk/di/NSSrchCorpList.aspx?sa1=cl&scsd=03/07/2017&sced=21/07/2026&sc=02252&src=MAIN&lang=EN&g_lang=en,23f8fdfbfcd8ea60b2453a7dce9334779729180adca00cb5f5f592c187282616
02255,100293,Haichang Ocean Park Holdings Ltd.,Haichang Ocean Park Holdings Ltd.,100293,Haichang Ocean Park Holdings Ltd.,False,False,https://di.hkex.com.hk/di/NSSrchCorpList.aspx?sa1=cl&scsd=03/07/2017&sced=21/07/2026&sc=02255&src=MAIN&lang=EN&g_lang=en,84e510e4ba46b0ebb3f8ad230e0a11983e6d3859b340b3ed49cb598fd64a23db
02259,517032,Zijin Gold International Co. Ltd.,Zijin Gold International Co. Ltd.,517032,Zijin Gold International Co. Ltd.,False,False,https://di.hkex.com.hk/di/NSSrchCorpList.aspx?sa1=cl&scsd=03/07/2017&sced=21/07/2026&sc=02259&src=MAIN&lang=EN&g_lang=en,d58b7159da1542e43cbdf66df0a4c5f177242d598cdd5a25a51d85d1376a02c6
02268,449799,WuXi XDC Cayman Inc.,WuXi XDC Cayman Inc.,449799,WuXi XDC Cayman Inc.,False,False,https://di.hkex.com.hk/di/NSSrchCorpList.aspx?sa1=cl&scsd=03/07/2017&sced=21/07/2026&sc=02268&src=MAIN&lang=EN&g_lang=en,737e064195a7973a5aeb21c3b742fd4cc2292cab219c1bb1d0d293058873ec33
02269,174136,WuXi Biologics (Cayman) Inc.,WuXi Biologics (Cayman) Inc.,174136,WuXi Biologics (Cayman) Inc.,False,False,https://di.hkex.com.hk/di/NSSrchCorpList.aspx?sa1=cl&scsd=03/07/2017&sced=21/07/2026&sc=02269&src=MAIN&lang=EN&g_lang=en,8cb4fd8f379ff4b04d3e744848bbc49d7b726e711bb3e1062ff4776e90a05ad2
02273,371611,Gushengtang Holdings Ltd.,Gushengtang Holdings Ltd.,371611,Gushengtang Holdings Ltd.,False,False,https://di.hkex.com.hk/di/NSSrchCorpList.aspx?sa1=cl&scsd=03/07/2017&sced=21/07/2026&sc=02273&src=MAIN&lang=EN&g_lang=en,998a13372cdb6aa5fe12f58c66fec123405e274361c076d0459bd62d4d2cee45
02276,372404,"Shanghai Conant Optical Co., Ltd.  - H Shares","Shanghai Conant Optical Co., Ltd.",372404,"Shanghai Conant Optical Co., Ltd.  - H Shares",True,False,https://di.hkex.com.hk/di/NSSrchCorpList.aspx?sa1=cl&scsd=03/07/2017&sced=21/07/2026&sc=02276&src=MAIN&lang=EN&g_lang=en,b568f4ad49c9428365c2d60c472e5ca93fdab53042f9e592c834e2c05593c6ae
02282,60827,MGM China Holdings Ltd.,MGM China Holdings Ltd.,60827,MGM China Holdings Ltd.,False,False,https://di.hkex.com.hk/di/NSSrchCorpList.aspx?sa1=cl&scsd=03/07/2017&sced=21/07/2026&sc=02282&src=MAIN&lang=EN&g_lang=en,bfebffa75d4766080a6fc9261866ed7a79ae3caca41b21904bf0b72221378da8
02285,374732,Chervon Holdings Ltd.,Chervon Holdings Ltd.,374732,Chervon Holdings Ltd.,False,False,https://di.hkex.com.hk/di/NSSrchCorpList.aspx?sa1=cl&scsd=03/07/2017&sced=21/07/2026&sc=02285&src=MAIN&lang=EN&g_lang=en,383aa4e1ee4908c4e9706cb41211e367b362f88a0838f74d57ae54fedf238ff5
02291,416444,"LEPU ScienTech Medical Technology (Shanghai) Co., Ltd.  - H Shares","LEPU ScienTech Medical Technology (Shanghai) Co., Ltd.",416444,"LEPU ScienTech Medical Technology (Shanghai) Co., Ltd.  - H Shares",True,False,https://di.hkex.com.hk/di/NSSrchCorpList.aspx?sa1=cl&scsd=03/07/2017&sced=21/07/2026&sc=02291&src=MAIN&lang=EN&g_lang=en,af6331801bb2012fdf35d9ec74d5037d05d01f1f150ef1f436dc3e295bccb5c2
02313,9320,Shenzhou International Group Holdings Ltd.,Shenzhou International Group Holdings Ltd.,9320,Shenzhou International Group Holdings Ltd.,False,False,https://di.hkex.com.hk/di/NSSrchCorpList.aspx?sa1=cl&scsd=03/07/2017&sced=21/07/2026&sc=02313&src=MAIN&lang=EN&g_lang=en,a0028687c38899a239f1ff9b5ef0b2c02655761503d16fa677883ce3a26a223b
02314,5906,Lee & Man Paper Manufacturing Ltd.,Lee & Man Paper Manufacturing Ltd.,5906,Lee & Man Paper Manufacturing Ltd.,False,False,https://di.hkex.com.hk/di/NSSrchCorpList.aspx?sa1=cl&scsd=03/07/2017&sced=21/07/2026&sc=02314&src=MAIN&lang=EN&g_lang=en,923ba6f96c1c1f69bca7ed9fefa05b97bd1f904b3663ac7d6627bb20609c4030
02315,407405,"Biocytogen Pharmaceuticals (Beijing) Co., Ltd.- B  - H Shares","Biocytogen Pharmaceuticals (Beijing) Co., Ltd.",407405|407405|407405|407405,"Biocytogen Pharmaceuticals (Beijing) Co., Ltd.- B  - A Shares|Biocytogen Pharmaceuticals (Beijing) Co., Ltd.- B  - Domestic Shares|Biocytogen Pharmaceuticals (Beijing) Co., Ltd.- B  - H Shares|Biocytogen Pharmaceuticals (Beijing) Co., Ltd.- B  - Others",True,True,https://di.hkex.com.hk/di/NSSrchCorpList.aspx?sa1=cl&scsd=03/07/2017&sced=21/07/2026&sc=02315&src=MAIN&lang=EN&g_lang=en,41ece8dc17ee68ed1986630beb5a4a95ab5d32e25ee13bff67a32888d32186bb
02318,6925,"Ping An Insurance (Group) Co. of China, Ltd.  - H Shares","Ping An Insurance (Group) Co. of China, Ltd.",6925|6925,"Ping An Insurance (Group) Co. of China, Ltd.  - A Shares|Ping An Insurance (Group) Co. of China, Ltd.  - H Shares",True,True,https://di.hkex.com.hk/di/NSSrchCorpList.aspx?sa1=cl&scsd=03/07/2017&sced=21/07/2026&sc=02318&src=MAIN&lang=EN&g_lang=en,380bd0a12506b425ab5db968350071536491bbe97ec6173d8e494ac636bbe0de
02319,6862,China Mengniu Dairy Co. Ltd.,China Mengniu Dairy Co. Ltd.,6862,China Mengniu Dairy Co. Ltd.,False,False,https://di.hkex.com.hk/di/NSSrchCorpList.aspx?sa1=cl&scsd=03/07/2017&sced=21/07/2026&sc=02319&src=MAIN&lang=EN&g_lang=en,16ad3408690f9e31a0698d530e421479c97c1b0c9eeaddc58134b4a168afb8be
02328,6053,PICC Property and Casualty Co. Ltd.  - H Shares,PICC Property and Casualty Co. Ltd.,6053,PICC Property and Casualty Co. Ltd.  - H Shares,True,False,https://di.hkex.com.hk/di/NSSrchCorpList.aspx?sa1=cl&scsd=03/07/2017&sced=21/07/2026&sc=02328&src=MAIN&lang=EN&g_lang=en,292e13a02d0b369d19cffc535649a066378f8efc4e20ad401f7e4a0c19b22684
02331,6931,Li Ning Co. Ltd.,Li Ning Co. Ltd.,6931,Li Ning Co. Ltd.,False,False,https://di.hkex.com.hk/di/NSSrchCorpList.aspx?sa1=cl&scsd=03/07/2017&sced=21/07/2026&sc=02331&src=MAIN&lang=EN&g_lang=en,9f429ab91150c3f6f10474950a065134c7cddb49c82fb1489f5e86b17d9ea0bb
02333,6199,Great Wall Motor Co. Ltd.  - H Shares,Great Wall Motor Co. Ltd.,6199|6199|6199,Great Wall Motor Co. Ltd.  - A Shares|Great Wall Motor Co. Ltd.  - H Shares|Great Wall Motor Co. Ltd.  - Others,True,True,https://di.hkex.com.hk/di/NSSrchCorpList.aspx?sa1=cl&scsd=03/07/2017&sced=21/07/2026&sc=02333&src=MAIN&lang=EN&g_lang=en,a0dfe1f69a50a4fefa4f67114033c1723b1e10f2b19aa7b7ea95f3b64f11970a
02338,6527,Weichai Power Co. Ltd.  - H Shares,Weichai Power Co. Ltd.,6527|6527|6527,Weichai Power Co. Ltd.  - A Shares|Weichai Power Co. Ltd.  - H Shares|Weichai Power Co. Ltd.  - Others,True,True,https://di.hkex.com.hk/di/NSSrchCorpList.aspx?sa1=cl&scsd=03/07/2017&sced=21/07/2026&sc=02338&src=MAIN&lang=EN&g_lang=en,24e41b00020f225f68f34cab18d2d9e5f643d2ecd53ac11fa411a935df9f1ac1
02343,6985,Pacific Basin Shipping Ltd.,Pacific Basin Shipping Ltd.,6985,Pacific Basin Shipping Ltd.,False,False,https://di.hkex.com.hk/di/NSSrchCorpList.aspx?sa1=cl&scsd=03/07/2017&sced=21/07/2026&sc=02343&src=MAIN&lang=EN&g_lang=en,d18b5d4050e9c5c6259012d046668735211a5a0e91fff8d1fabfde28d1e3d66c
02356,6953,Dah Sing Banking Group Ltd.,Dah Sing Banking Group Ltd.,6953,Dah Sing Banking Group Ltd.,False,False,https://di.hkex.com.hk/di/NSSrchCorpList.aspx?sa1=cl&scsd=03/07/2017&sced=21/07/2026&sc=02356&src=MAIN&lang=EN&g_lang=en,fde82ecce828ba96ee65f43a860ac3e9df357794ef13827796cbe8872dc7631b
02357,6023,AviChina Industry & Technology Co. Ltd.  - H Shares,AviChina Industry & Technology Co. Ltd.,6023|6023,AviChina Industry & Technology Co. Ltd.  - Domestic Shares|AviChina Industry & Technology Co. Ltd.  - H Shares,True,False,https://di.hkex.com.hk/di/NSSrchCorpList.aspx?sa1=cl&scsd=03/07/2017&sced=21/07/2026&sc=02357&src=MAIN&lang=EN&g_lang=en,4dcd74cd97994cda96b9de955985405b78eeafe5aebffab300fdd9b2bba6ae3e
02359,226513,"WuXi AppTec Co., Ltd.  - H Shares","WuXi AppTec Co., Ltd.",226513|226513,"WuXi AppTec Co., Ltd.  - A Shares|WuXi AppTec Co., Ltd.  - H Shares",True,True,https://di.hkex.com.hk/di/NSSrchCorpList.aspx?sa1=cl&scsd=03/07/2017&sced=21/07/2026&sc=02359&src=MAIN&lang=EN&g_lang=en,9e5e6c0e4022a1601a95bded90706d7fe3d51cccb5df175862958cefc193931b
02367,415854,"Giant Biogene Holding Co., Ltd","Giant Biogene Holding Co., Ltd",415854,"Giant Biogene Holding Co., Ltd",False,False,https://di.hkex.com.hk/di/NSSrchCorpList.aspx?sa1=cl&scsd=03/07/2017&sced=21/07/2026&sc=02367&src=MAIN&lang=EN&g_lang=en,d6952a665805463f596a0fdd8667bb86b764affd11700f6907a272f28c2f20a0
02378,46532,Prudential plc,Prudential plc,46532,Prudential plc,False,False,https://di.hkex.com.hk/di/NSSrchCorpList.aspx?sa1=cl&scsd=03/07/2017&sced=21/07/2026&sc=02378&src=MAIN&lang=EN&g_lang=en,0025431a4a86f4bbfcc9f9065ad854f11991d595c359fe69a5556ce4b23b055c
02380,7321,China Power International Development Ltd.,China Power International Development Ltd.,7321,China Power International Development Ltd.,False,False,https://di.hkex.com.hk/di/NSSrchCorpList.aspx?sa1=cl&scsd=03/07/2017&sced=21/07/2026&sc=02380&src=MAIN&lang=EN&g_lang=en,70587aae8b9b80138ee2948f1841e5188ed6b31234e6fc20182037a526f00cda
02382,14586,Sunny Optical Technology (Group) Co. Ltd.,Sunny Optical Technology (Group) Co. Ltd.,14586,Sunny Optical Technology (Group) Co. Ltd.,False,False,https://di.hkex.com.hk/di/NSSrchCorpList.aspx?sa1=cl&scsd=03/07/2017&sced=21/07/2026&sc=02382&src=MAIN&lang=EN&g_lang=en,94003321f3e0d14908272242a0ae999b3c67848fd435e748b908c108feef3115
02386,85542,"SINOPEC Engineering (Group) Co., Ltd.  - H Shares","SINOPEC Engineering (Group) Co., Ltd.",85542|85542,"SINOPEC Engineering (Group) Co., Ltd.  - Domestic Shares|SINOPEC Engineering (Group) Co., Ltd.  - H Shares",True,False,https://di.hkex.com.hk/di/NSSrchCorpList.aspx?sa1=cl&scsd=03/07/2017&sced=21/07/2026&sc=02386&src=MAIN&lang=EN&g_lang=en,305d3486e3dfd873cca74118d4f9cc712fe5fae3dd7891dc6534657d557d59da
02388,4228,BOC Hong Kong (Holdings) Ltd.,BOC Hong Kong (Holdings) Ltd.,4228,BOC Hong Kong (Holdings) Ltd.,False,False,https://di.hkex.com.hk/di/NSSrchCorpList.aspx?sa1=cl&scsd=03/07/2017&sced=21/07/2026&sc=02388&src=MAIN&lang=EN&g_lang=en,9e8f1f1d385eafe5f2205227bb596b651f1cde8ccf312f68622a3df9d75c2d0e
02400,261096,XD Inc.,XD Inc.,261096,XD Inc.,False,False,https://di.hkex.com.hk/di/NSSrchCorpList.aspx?sa1=cl&scsd=03/07/2017&sced=21/07/2026&sc=02400&src=MAIN&lang=EN&g_lang=en,201ae4fb3146abe46ee6209480b68ebb6c34394f00aefa6b2ec8bcd81b477dc3
02402,423733,"Beijing SinoHytec Co., Ltd.  - H Shares","Beijing SinoHytec Co., Ltd.",423733|423733,"Beijing SinoHytec Co., Ltd.  - A Shares|Beijing SinoHytec Co., Ltd.  - H Shares",True,True,https://di.hkex.com.hk/di/NSSrchCorpList.aspx?sa1=cl&scsd=03/07/2017&sced=21/07/2026&sc=02402&src=MAIN&lang=EN&g_lang=en,922a6cc2c04ca90e3e1ababeaad4855e92ced726651c9078e5c164ba92908896
02410,472733,"TYK Medicines, Inc - B  - H Shares","TYK Medicines, Inc",472733|472733,"TYK Medicines, Inc - B  - H Shares|TYK Medicines, Inc - B  - Others",True,False,https://di.hkex.com.hk/di/NSSrchCorpList.aspx?sa1=cl&scsd=03/07/2017&sced=21/07/2026&sc=02410&src=MAIN&lang=EN&g_lang=en,0164f92c56f2208ed8d196b3018c721edda486afde1f405cd4fc0629133a18df
02419,451365,Dekon Food and Agriculture Group  - H Shares,Dekon Food and Agriculture Group,451365|451365,Dekon Food and Agriculture Group  - Domestic Shares|Dekon Food and Agriculture Group  - H Shares,True,False,https://di.hkex.com.hk/di/NSSrchCorpList.aspx?sa1=cl&scsd=03/07/2017&sced=21/07/2026&sc=02419&src=MAIN&lang=EN&g_lang=en,c7c9cdc131228b2391fcc0cc06245783fab423ba00ed2b62565a253b4caba820
02423,394775,KE Holdings Inc. - W,KE Holdings Inc.,394775,KE Holdings Inc. - W,False,False,https://di.hkex.com.hk/di/NSSrchCorpList.aspx?sa1=cl&scsd=03/07/2017&sced=21/07/2026&sc=02423&src=MAIN&lang=EN&g_lang=en,43183c45123568d16b97b9ff7ddbfa04e9158f25dec33fa65d65ad11d7231994
02431,485628,"Minieye Technology Co., Ltd  - H Shares","Minieye Technology Co., Ltd",485628|485628,"Minieye Technology Co., Ltd  - Domestic Shares|Minieye Technology Co., Ltd  - H Shares",True,False,https://di.hkex.com.hk/di/NSSrchCorpList.aspx?sa1=cl&scsd=03/07/2017&sced=21/07/2026&sc=02431&src=MAIN&lang=EN&g_lang=en,b07ac83b2b8d2d84d54ab91d5d8b88c7e61af3d45d85a4d3df743f75bf436383
02432,485466,Shenzhen Dobot Corp Ltd  - H Shares,Shenzhen Dobot Corp Ltd,485466|485466,Shenzhen Dobot Corp Ltd  - Domestic Shares|Shenzhen Dobot Corp Ltd  - H Shares,True,False,https://di.hkex.com.hk/di/NSSrchCorpList.aspx?sa1=cl&scsd=03/07/2017&sced=21/07/2026&sc=02432&src=MAIN&lang=EN&g_lang=en,8d564e2d655483bf20329036f65906d642e6c4003be57b9f086b780f1fcc43f5
02460,480364,China Resources Beverage (Holdings) Co. Ltd.,China Resources Beverage (Holdings) Co. Ltd.,480364,China Resources Beverage (Holdings) Co. Ltd.,False,False,https://di.hkex.com.hk/di/NSSrchCorpList.aspx?sa1=cl&scsd=03/07/2017&sced=21/07/2026&sc=02460&src=MAIN&lang=EN&g_lang=en,abdd4ab7ce8ded7b2d144b4ecd9e29eb072090dd87359aa6a9de835a0ace7216
02465,481038,"Jiangsu Lopal Tech. Group Co., Ltd.  - H Shares","Jiangsu Lopal Tech. Group Co., Ltd.",481038|481038,"Jiangsu Lopal Tech. Group Co., Ltd.  - A Shares|Jiangsu Lopal Tech. Group Co., Ltd.  - H Shares",True,True,https://di.hkex.com.hk/di/NSSrchCorpList.aspx?sa1=cl&scsd=03/07/2017&sced=21/07/2026&sc=02465&src=MAIN&lang=EN&g_lang=en,308a0f64f401697a489840395ad0d420aa2826afb3922eae23f7d10b285fdc8e
02473,449077,XXF Group Holdings Ltd.,XXF Group Holdings Ltd.,449077,XXF Group Holdings Ltd.,False,False,https://di.hkex.com.hk/di/NSSrchCorpList.aspx?sa1=cl&scsd=03/07/2017&sced=21/07/2026&sc=02473&src=MAIN&lang=EN&g_lang=en,0a96cccf06a263e08040f119f2fba06d2afc7b0cb6994670841b9d5491c4d87f
02476,542103,"Victory Giant Technology (HuiZhou) Co., Ltd.  - H Shares","Victory Giant Technology (HuiZhou) Co., Ltd.",542103|542103,"Victory Giant Technology (HuiZhou) Co., Ltd.  - A Shares|Victory Giant Technology (HuiZhou) Co., Ltd.  - H Shares",True,True,https://di.hkex.com.hk/di/NSSrchCorpList.aspx?sa1=cl&scsd=03/07/2017&sced=21/07/2026&sc=02476&src=MAIN&lang=EN&g_lang=en,4384133915ac54a3f714895afb4d104dd30e72220d883d2af292a9d6c193f859
02477,454869,"WellCell Holdings Co., Ltd.","WellCell Holdings Co., Ltd.",454869,"WellCell Holdings Co., Ltd.",False,False,https://di.hkex.com.hk/di/NSSrchCorpList.aspx?sa1=cl&scsd=03/07/2017&sced=21/07/2026&sc=02477&src=MAIN&lang=EN&g_lang=en,98521966a9198ead00aeba8ea7c2b039e3d6d1910e706aaff4388d19185ac0ae
02493,542802,"Mabwell (Shanghai) Bioscience Co., Ltd. - B  - H Shares","Mabwell (Shanghai) Bioscience Co., Ltd.",542802|542802,"Mabwell (Shanghai) Bioscience Co., Ltd. - B  - A Shares|Mabwell (Shanghai) Bioscience Co., Ltd. - B  - H Shares",True,True,https://di.hkex.com.hk/di/NSSrchCorpList.aspx?sa1=cl&scsd=03/07/2017&sced=21/07/2026&sc=02493&src=MAIN&lang=EN&g_lang=en,b1a7e3940657192f5a7070c721d0d466a3acef300ba48b33d35630b2d8135b8b
02498,454154,"RoboSense Technology Co., Ltd","RoboSense Technology Co., Ltd",454154,"RoboSense Technology Co., Ltd",False,False,https://di.hkex.com.hk/di/NSSrchCorpList.aspx?sa1=cl&scsd=03/07/2017&sced=21/07/2026&sc=02498&src=MAIN&lang=EN&g_lang=en,801b15b88527ad7cd95cbd3d61ddcef44dbaa1b69255feeb8a1117031bc00450
02506,485720,"Xunfei Healthcare Technology Co., Ltd.  - H Shares","Xunfei Healthcare Technology Co., Ltd.",485720|485720,"Xunfei Healthcare Technology Co., Ltd.  - Domestic Shares|Xunfei Healthcare Technology Co., Ltd.  - H Shares",True,False,https://di.hkex.com.hk/di/NSSrchCorpList.aspx?sa1=cl&scsd=03/07/2017&sced=21/07/2026&sc=02506&src=MAIN&lang=EN&g_lang=en,b17045174399a1b4567a1752f1797ab9491cd21c66e7e5764b506678164d276e
02507,469735,Cirrus Aircraft Ltd.,Cirrus Aircraft Ltd.,469735,Cirrus Aircraft Ltd.,False,False,https://di.hkex.com.hk/di/NSSrchCorpList.aspx?sa1=cl&scsd=03/07/2017&sced=21/07/2026&sc=02507&src=MAIN&lang=EN&g_lang=en,4133341f9864b3d0b7dbf89c6dab2d0be66c1f00d57c3c5b8879ad9fdab8d7aa
02510,481201,T.S. Lines Ltd.,T.S. Lines Ltd.,481201,T.S. Lines Ltd.,False,False,https://di.hkex.com.hk/di/NSSrchCorpList.aspx?sa1=cl&scsd=03/07/2017&sced=21/07/2026&sc=02510&src=MAIN&lang=EN&g_lang=en,cb45e416d7335f4d83a92bd96b64c9ecb733750430b499c7f12cb496b6d3bc2b
02513,528801,"Z.AI Co., Ltd.  - H Shares","Z.AI Co., Ltd.",528801|528801,"Z.AI Co., Ltd.  - H Shares|Z.AI Co., Ltd.  - Others",True,False,https://di.hkex.com.hk/di/NSSrchCorpList.aspx?sa1=cl&scsd=03/07/2017&sced=21/07/2026&sc=02513&src=MAIN&lang=EN&g_lang=en,ec2dc344806f2cbfb3e6bf24a09be3190e57d7c8f8eb9085f88c4ebb506eb0d5
02517,448540,"Guoquan Food (Shanghai) Co., Ltd.  - H Shares","Guoquan Food (Shanghai) Co., Ltd.",448540|448540,"Guoquan Food (Shanghai) Co., Ltd.  - Domestic Shares|Guoquan Food (Shanghai) Co., Ltd.  - H Shares",True,False,https://di.hkex.com.hk/di/NSSrchCorpList.aspx?sa1=cl&scsd=03/07/2017&sced=21/07/2026&sc=02517&src=MAIN&lang=EN&g_lang=en,a0cba71fe9a3a9e1b47953f867fac0f0cd71981496c263db14a1c06ed59f354b
02533,471816,Black Sesame International Holding Ltd.,Black Sesame International Holding Ltd.,471816,Black Sesame International Holding Ltd.,False,False,https://di.hkex.com.hk/di/NSSrchCorpList.aspx?sa1=cl&scsd=03/07/2017&sced=21/07/2026&sc=02533&src=MAIN&lang=EN&g_lang=en,451583b3a78322177494120cc16914583a213914463f990a8c2b59a3d0d7c3c1
02555,462886,"Sichuan Baicha Baidao Industrial Co., Ltd.  - H Shares","Sichuan Baicha Baidao Industrial Co., Ltd.",462886,"Sichuan Baicha Baidao Industrial Co., Ltd.  - H Shares",True,False,https://di.hkex.com.hk/di/NSSrchCorpList.aspx?sa1=cl&scsd=03/07/2017&sced=21/07/2026&sc=02555&src=MAIN&lang=EN&g_lang=en,e272500718feb71dd78f80f3e6f309df8212ce3b9f1d74e85bc316a685dff0fb
02556,465112,Marketingforce Management Ltd,Marketingforce Management Ltd,465112,Marketingforce Management Ltd,False,False,https://di.hkex.com.hk/di/NSSrchCorpList.aspx?sa1=cl&scsd=03/07/2017&sced=21/07/2026&sc=02556&src=MAIN&lang=EN&g_lang=en,921ed2ef091da689f3be2b9c980336caea304d3c8ba87b84f2b8720f84ab5cba
02562,481036,Synagistics Ltd.,Synagistics Ltd.,481036,Synagistics Ltd.,False,False,https://di.hkex.com.hk/di/NSSrchCorpList.aspx?sa1=cl&scsd=03/07/2017&sced=21/07/2026&sc=02562&src=MAIN&lang=EN&g_lang=en,880eb7f46fdcc898ad192b9f1a4f89daf1839e51242af9c477c9109a5caee7b6
02565,503028,"PegBio Co., Ltd. - B  - H Shares","PegBio Co., Ltd.",503028|503028,"PegBio Co., Ltd. - B  - Domestic Shares|PegBio Co., Ltd. - B  - H Shares",True,False,https://di.hkex.com.hk/di/NSSrchCorpList.aspx?sa1=cl&scsd=03/07/2017&sced=21/07/2026&sc=02565&src=MAIN&lang=EN&g_lang=en,6218941d323ad5a4d67b6b8e6004b405f646c4501bf69c9231fb3370370b9afa
02570,484055,Shanghai REFIRE Group Ltd.  - H Shares,Shanghai REFIRE Group Ltd.,484055|484055,Shanghai REFIRE Group Ltd.  - Domestic Shares|Shanghai REFIRE Group Ltd.  - H Shares,True,False,https://di.hkex.com.hk/di/NSSrchCorpList.aspx?sa1=cl&scsd=03/07/2017&sced=21/07/2026&sc=02570&src=MAIN&lang=EN&g_lang=en,53cecfea8f44c14ceecd516a465fd28f7aaca7472cf15e3ca861c3951cf834dd
02575,518946,"Xuanzhu Biopharmaceutical Co., Ltd. - B  - H Shares","Xuanzhu Biopharmaceutical Co., Ltd.",518946|518946,"Xuanzhu Biopharmaceutical Co., Ltd. - B  - Domestic Shares|Xuanzhu Biopharmaceutical Co., Ltd. - B  - H Shares",True,False,https://di.hkex.com.hk/di/NSSrchCorpList.aspx?sa1=cl&scsd=03/07/2017&sced=21/07/2026&sc=02575&src=MAIN&lang=EN&g_lang=en,392c7f57578c93c54f8a415e3159fe2f73d0674baa2a316d4c238b876ce5ad1d
02577,485719,"InnoScience (Suzhou) Technology Holding Co., Ltd.  - H Shares","InnoScience (Suzhou) Technology Holding Co., Ltd.",485719|485719,"InnoScience (Suzhou) Technology Holding Co., Ltd.  - Domestic Shares|InnoScience (Suzhou) Technology Holding Co., Ltd.  - H Shares",True,False,https://di.hkex.com.hk/di/NSSrchCorpList.aspx?sa1=cl&scsd=03/07/2017&sced=21/07/2026&sc=02577&src=MAIN&lang=EN&g_lang=en,a1f696eb015464bc37b9ad5292b3f715914e550d8cc5f2dcba8c9d8268de333c
02579,523347,"CNGR Advanced Material Co., Ltd.  - H Shares","CNGR Advanced Material Co., Ltd.",523347|523347,"CNGR Advanced Material Co., Ltd.  - A Shares|CNGR Advanced Material Co., Ltd.  - H Shares",True,True,https://di.hkex.com.hk/di/NSSrchCorpList.aspx?sa1=cl&scsd=03/07/2017&sced=21/07/2026&sc=02579&src=MAIN&lang=EN&g_lang=en,d6858ab8468648c96163130701ca7ac63a064d742f5ac3fd905b98574089886b
02580,513081,"Aux Electric Co., Ltd.","Aux Electric Co., Ltd.",513081,"Aux Electric Co., Ltd.",False,False,https://di.hkex.com.hk/di/NSSrchCorpList.aspx?sa1=cl&scsd=03/07/2017&sced=21/07/2026&sc=02580&src=MAIN&lang=EN&g_lang=en,0b1bf790dcabdf07b75344fd36f5a02713423b30c63f8d567e636dfcce531072
02582,482461,"Jiangsu Guofu Hydrogen Energy Equipment Co., Ltd.  - H Shares","Jiangsu Guofu Hydrogen Energy Equipment Co., Ltd.",482461|482461,"Jiangsu Guofu Hydrogen Energy Equipment Co., Ltd.  - Domestic Shares|Jiangsu Guofu Hydrogen Energy Equipment Co., Ltd.  - H Shares",True,False,https://di.hkex.com.hk/di/NSSrchCorpList.aspx?sa1=cl&scsd=03/07/2017&sced=21/07/2026&sc=02582&src=MAIN&lang=EN&g_lang=en,300086b8b1400f403e46f6d851ece7ba0cac4eddd0318b73430d6bd29fb6518d
02583,517031,"Shenzhen Hipine Precision Technology Co., Ltd.  - H Shares","Shenzhen Hipine Precision Technology Co., Ltd.",517031,"Shenzhen Hipine Precision Technology Co., Ltd.  - H Shares",True,False,https://di.hkex.com.hk/di/NSSrchCorpList.aspx?sa1=cl&scsd=03/07/2017&sced=21/07/2026&sc=02583&src=MAIN&lang=EN&g_lang=en,205a837df904f3a36f1b929f19ba37589759612acf11ea506e12f2431210d2d2
02586,484054,Dmall Inc.,Dmall Inc.,484054,Dmall Inc.,False,False,https://di.hkex.com.hk/di/NSSrchCorpList.aspx?sa1=cl&scsd=03/07/2017&sced=21/07/2026&sc=02586&src=MAIN&lang=EN&g_lang=en,071add775f7aa720eb324da6d348a9da937d577aa8da617cc164df764b09a200
02587,485721,HealthyWay Inc.,HealthyWay Inc.,485721,HealthyWay Inc.,False,False,https://di.hkex.com.hk/di/NSSrchCorpList.aspx?sa1=cl&scsd=03/07/2017&sced=21/07/2026&sc=02587&src=MAIN&lang=EN&g_lang=en,614a721ef555c4b239a9c20a6aeb2eb6af34063bcc7d9a5b110128fa25949c41
02588,138197,BOC Aviation Ltd.,BOC Aviation Ltd.,138197,BOC Aviation Ltd.,False,False,https://di.hkex.com.hk/di/NSSrchCorpList.aspx?sa1=cl&scsd=03/07/2017&sced=21/07/2026&sc=02588&src=MAIN&lang=EN&g_lang=en,2200a3811dbc63efd2833fe7ff3ac8c39f570905a7377a6565ba66d961146c7b
02589,501097,"Auntea Jenny (Shanghai) Industrial Co., Ltd.  - H Shares","Auntea Jenny (Shanghai) Industrial Co., Ltd.",501097|501097,"Auntea Jenny (Shanghai) Industrial Co., Ltd.  - Domestic Shares|Auntea Jenny (Shanghai) Industrial Co., Ltd.  - H Shares",True,False,https://di.hkex.com.hk/di/NSSrchCorpList.aspx?sa1=cl&scsd=03/07/2017&sced=21/07/2026&sc=02589&src=MAIN&lang=EN&g_lang=en,beba4f43dba8642f180e3bef68ca4119dc0bba47ab0f9741d0b0026818e2c561
02590,507009,"Beijing Geekplus Technology Co., Ltd. - W  - H Shares","Beijing Geekplus Technology Co., Ltd.",507009|507009,"Beijing Geekplus Technology Co., Ltd. - W  - H Shares|Beijing Geekplus Technology Co., Ltd. - W  - Others",True,False,https://di.hkex.com.hk/di/NSSrchCorpList.aspx?sa1=cl&scsd=03/07/2017&sced=21/07/2026&sc=02590&src=MAIN&lang=EN&g_lang=en,f9f06940dbf6324cfd31d8c5521fe4f190b645c13605bb4c67834ef4af8a4e14
02591,510987,"Guangzhou Innogen Pharmaceutical Group Co., Ltd. - B  - H Shares","Guangzhou Innogen Pharmaceutical Group Co., Ltd.",510987|510987|510987,"Guangzhou Innogen Pharmaceutical Group Co., Ltd. - B  - Domestic Shares|Guangzhou Innogen Pharmaceutical Group Co., Ltd. - B  - H Shares|Guangzhou Innogen Pharmaceutical Group Co., Ltd. - B  - Others",True,False,https://di.hkex.com.hk/di/NSSrchCorpList.aspx?sa1=cl&scsd=03/07/2017&sced=21/07/2026&sc=02591&src=MAIN&lang=EN&g_lang=en,ad9680259d0994f9a33db5e95681a0549f73330991bfeabd24037cb13d36deb1
02595,515600,GenFleet Therapeutics (Shanghai) Inc. - B  - H Shares,GenFleet Therapeutics (Shanghai) Inc.,515600|515600|515600,GenFleet Therapeutics (Shanghai) Inc. - B  - Domestic Shares|GenFleet Therapeutics (Shanghai) Inc. - B  - H Shares|GenFleet Therapeutics (Shanghai) Inc. - B  - Others,True,False,https://di.hkex.com.hk/di/NSSrchCorpList.aspx?sa1=cl&scsd=03/07/2017&sced=21/07/2026&sc=02595&src=MAIN&lang=EN&g_lang=en,b83fbae71601a5d488f992887021abe078a638075cfbadae7f4bd3f067fd57ea
02600,4296,Aluminum Corporation of China Ltd.  - H Shares,Aluminum Corporation of China Ltd.,4296|4296,Aluminum Corporation of China Ltd.  - A Shares|Aluminum Corporation of China Ltd.  - H Shares,True,True,https://di.hkex.com.hk/di/NSSrchCorpList.aspx?sa1=cl&scsd=03/07/2017&sced=21/07/2026&sc=02600&src=MAIN&lang=EN&g_lang=en,38af458d94cbb366f4c3ebceccf311db8812c437aeb2e829a5a977b9f0b97002
02601,40277,"China Pacific Insurance (Group) Co., Ltd.  - H Shares","China Pacific Insurance (Group) Co., Ltd.",40277|40277,"China Pacific Insurance (Group) Co., Ltd.  - A Shares|China Pacific Insurance (Group) Co., Ltd.  - H Shares",True,True,https://di.hkex.com.hk/di/NSSrchCorpList.aspx?sa1=cl&scsd=03/07/2017&sced=21/07/2026&sc=02601&src=MAIN&lang=EN&g_lang=en,717f2804b734c772f0f6079e7f86e9f2cf71428c1a92a1cd4e1da91c69331630
02602,410579,Onewo Inc.  - H Shares,Onewo Inc.,410579|410579|410579,Onewo Inc.  - Domestic Shares|Onewo Inc.  - H Shares|Onewo Inc.  - Others,True,False,https://di.hkex.com.hk/di/NSSrchCorpList.aspx?sa1=cl&scsd=03/07/2017&sced=21/07/2026&sc=02602&src=MAIN&lang=EN&g_lang=en,6541b5a86704d250f2d9c68b97d9dd3867cbb4d8a6cfda09877e640a4a7bb51e
02603,503029,"Xiamen Jihong Co., Ltd  - A Shares","Xiamen Jihong Co., Ltd",503029,"Xiamen Jihong Co., Ltd  - A Shares",False,True,https://di.hkex.com.hk/di/NSSrchCorpList.aspx?sa1=cl&scsd=03/07/2017&sced=21/07/2026&sc=02603&src=MAIN&lang=EN&g_lang=en,dff500341f440148609e0e9c232303d022b8327aaf91d7d7a3a6367d7dc9c994
02607,60436,"Shanghai Pharmaceuticals Holding Co., Ltd.  - H Shares","Shanghai Pharmaceuticals Holding Co., Ltd.",60436|60436|60436,"Shanghai Pharmaceuticals Holding Co., Ltd.  - A Shares|Shanghai Pharmaceuticals Holding Co., Ltd.  - H Shares|Shanghai Pharmaceuticals Holding Co., Ltd.  - Others",True,True,https://di.hkex.com.hk/di/NSSrchCorpList.aspx?sa1=cl&scsd=03/07/2017&sced=21/07/2026&sc=02607&src=MAIN&lang=EN&g_lang=en,0e0e57754c02653f4bcacb6ef8ebdf34a2213dc1db41a8eb7c789924c9ab2147
02609,505540,Bayzed Health Group Inc,Bayzed Health Group Inc,505540,Bayzed Health Group Inc,False,False,https://di.hkex.com.hk/di/NSSrchCorpList.aspx?sa1=cl&scsd=03/07/2017&sced=21/07/2026&sc=02609&src=MAIN&lang=EN&g_lang=en,2b962683fbbce541a6d74d620225d881ba45564c94b08593d9d3361c233e7dfb
02610,495804,Nanshan Aluminium International Holdings Ltd.,Nanshan Aluminium International Holdings Ltd.,495804,Nanshan Aluminium International Holdings Ltd.,False,False,https://di.hkex.com.hk/di/NSSrchCorpList.aspx?sa1=cl&scsd=03/07/2017&sced=21/07/2026&sc=02610&src=MAIN&lang=EN&g_lang=en,f734f1536ad5854cb69e53a0e283d1031696651a8ef4be3a0bdfc163ccc92e91
02611,151298,"Guotai Haitong Securities Co., Ltd.  - H Shares","Guotai Haitong Securities Co., Ltd.",151298|151298,"Guotai Haitong Securities Co., Ltd.  - A Shares|Guotai Haitong Securities Co., Ltd.  - H Shares",True,True,https://di.hkex.com.hk/di/NSSrchCorpList.aspx?sa1=cl&scsd=03/07/2017&sced=21/07/2026&sc=02611&src=MAIN&lang=EN&g_lang=en,e8e694871e09f8d09591aaa2e3ee9346e945e0de130ba942c81a66bc13dc8c4e
02617,505539,"TransThera Sciences (Nanjing), Inc. - B  - H Shares","TransThera Sciences (Nanjing), Inc.",505539|505539,"TransThera Sciences (Nanjing), Inc. - B  - Domestic Shares|TransThera Sciences (Nanjing), Inc. - B  - H Shares",True,False,https://di.hkex.com.hk/di/NSSrchCorpList.aspx?sa1=cl&scsd=03/07/2017&sced=21/07/2026&sc=02617&src=MAIN&lang=EN&g_lang=en,fcb4f12ae2ff5b499fce75ebf12c33e9de91d447a6ea737b83b1fb48820cea01
02618,339894,"JD Logistics, Inc.","JD Logistics, Inc.",339894,"JD Logistics, Inc.",False,False,https://di.hkex.com.hk/di/NSSrchCorpList.aspx?sa1=cl&scsd=03/07/2017&sced=21/07/2026&sc=02618&src=MAIN&lang=EN&g_lang=en,ef790d672773bd1a184b9a1cfaf4823f38832f26dd33c25cb5464c26c466f393
02628,6208,China Life Insurance Co. Ltd.  - H Shares,China Life Insurance Co. Ltd.,6208,China Life Insurance Co. Ltd.  - H Shares,True,False,https://di.hkex.com.hk/di/NSSrchCorpList.aspx?sa1=cl&scsd=03/07/2017&sced=21/07/2026&sc=02628&src=MAIN&lang=EN&g_lang=en,72fba0f77bc5249abce6d5f2e1c417a88eba58a7c15e3251d7d548a756f7f3d1
02631,511560,"SICC Co., Ltd.  - H Shares","SICC Co., Ltd.",511560|511560,"SICC Co., Ltd.  - A Shares|SICC Co., Ltd.  - H Shares",True,True,https://di.hkex.com.hk/di/NSSrchCorpList.aspx?sa1=cl&scsd=03/07/2017&sced=21/07/2026&sc=02631&src=MAIN&lang=EN&g_lang=en,3ea566b6b972fe396d20605b31bc1ffcd5339ab20cd6755da8fc67ff6f5fadf8
02635,527649,"Nuobikan AI Technology (Chengdu) Co., Ltd.  - H Shares","Nuobikan AI Technology (Chengdu) Co., Ltd.",527649|527649,"Nuobikan AI Technology (Chengdu) Co., Ltd.  - Domestic Shares|Nuobikan AI Technology (Chengdu) Co., Ltd.  - H Shares",True,False,https://di.hkex.com.hk/di/NSSrchCorpList.aspx?sa1=cl&scsd=03/07/2017&sced=21/07/2026&sc=02635&src=MAIN&lang=EN&g_lang=en,af36d4a274688fc7b96d2c1c827a317315e07aa52d030390d6c484ae1b2a3e3d
02637,519732,"Fujian Haixi Pharmaceuticals Co., Ltd.  - H Shares","Fujian Haixi Pharmaceuticals Co., Ltd.",519732,"Fujian Haixi Pharmaceuticals Co., Ltd.  - H Shares",True,False,https://di.hkex.com.hk/di/NSSrchCorpList.aspx?sa1=cl&scsd=03/07/2017&sced=21/07/2026&sc=02637&src=MAIN&lang=EN&g_lang=en,9a20ffded5a369f535683d1290effbd295fa24795dd8ee35d82ca4a9961e7582
02643,505827,CaoCao Inc.,CaoCao Inc.,505827,CaoCao Inc.,False,False,https://di.hkex.com.hk/di/NSSrchCorpList.aspx?sa1=cl&scsd=03/07/2017&sced=21/07/2026&sc=02643&src=MAIN&lang=EN&g_lang=en,7b9d81c2ea55128f8e5d878d4bac1b1b9308c152bb12211b4c187cd64cc9d1bc
02648,506614,"Anjoy Foods Group Co., Ltd.  - H Shares","Anjoy Foods Group Co., Ltd.",506614|506614,"Anjoy Foods Group Co., Ltd.  - A Shares|Anjoy Foods Group Co., Ltd.  - H Shares",True,True,https://di.hkex.com.hk/di/NSSrchCorpList.aspx?sa1=cl&scsd=03/07/2017&sced=21/07/2026&sc=02648&src=MAIN&lang=EN&g_lang=en,72de64df0c50ceac58aa1e02e06d1d3cd0d2dded98c4533f8edbcfdcc6cb50b7
02650,518427,"Shanghai Zhida Technology Development Co., Ltd.  - H Shares","Shanghai Zhida Technology Development Co., Ltd.",518427,"Shanghai Zhida Technology Development Co., Ltd.  - H Shares",True,False,https://di.hkex.com.hk/di/NSSrchCorpList.aspx?sa1=cl&scsd=03/07/2017&sced=21/07/2026&sc=02650&src=MAIN&lang=EN&g_lang=en,09f7ce6a5d9b8d8ba904a0b4dbb6e39d78ab5fe5e5cadc3fbf1a6a9e6e9813c1
02652,517807,"CF PharmTech, Inc.  - H Shares","CF PharmTech, Inc.",517807|517807|517807,"CF PharmTech, Inc.  - Domestic Shares|CF PharmTech, Inc.  - H Shares|CF PharmTech, Inc.  - Others",True,False,https://di.hkex.com.hk/di/NSSrchCorpList.aspx?sa1=cl&scsd=03/07/2017&sced=21/07/2026&sc=02652&src=MAIN&lang=EN&g_lang=en,7856927aa698479e437f827796f508098749edc1071787c11db4d0886289a0a0
02655,526855,"Guoxia Technology Co., Ltd.  - H Shares","Guoxia Technology Co., Ltd.",526855|526855,"Guoxia Technology Co., Ltd.  - H Shares|Guoxia Technology Co., Ltd.  - Others",True,False,https://di.hkex.com.hk/di/NSSrchCorpList.aspx?sa1=cl&scsd=03/07/2017&sced=21/07/2026&sc=02655&src=MAIN&lang=EN&g_lang=en,3e6702f51539ea775f30aa1c68291e6a2167838d2323bb67e11a19f7e545b216
02656,515130,160 Health International Ltd.,160 Health International Ltd.,515130,160 Health International Ltd.,False,False,https://di.hkex.com.hk/di/NSSrchCorpList.aspx?sa1=cl&scsd=03/07/2017&sced=21/07/2026&sc=02656&src=MAIN&lang=EN&g_lang=en,90e4927845c9ff96fc0d0b7686380922ac8f9095ed4073cb6417d53b5fcb515c
02659,526216,"Shanghai Bao Pharmaceuticals Co., Ltd. - B  - H Shares","Shanghai Bao Pharmaceuticals Co., Ltd.",526216|526216,"Shanghai Bao Pharmaceuticals Co., Ltd. - B  - Domestic Shares|Shanghai Bao Pharmaceuticals Co., Ltd. - B  - H Shares",True,False,https://di.hkex.com.hk/di/NSSrchCorpList.aspx?sa1=cl&scsd=03/07/2017&sced=21/07/2026&sc=02659&src=MAIN&lang=EN&g_lang=en,08316baca9f7c60c37774e9bbccfe06a5649dc5b4e210348ae601cd6f236134c
02661,527647,QingSong Health Corporation,QingSong Health Corporation,527647,QingSong Health Corporation,False,False,https://di.hkex.com.hk/di/NSSrchCorpList.aspx?sa1=cl&scsd=03/07/2017&sced=21/07/2026&sc=02661&src=MAIN&lang=EN&g_lang=en,7c013ce5fa631db0116eabef7477834c3927967783d9a79623d4a7361f555715
02665,526214,Seyond Holdings Ltd.,Seyond Holdings Ltd.,526214,Seyond Holdings Ltd.,False,False,https://di.hkex.com.hk/di/NSSrchCorpList.aspx?sa1=cl&scsd=03/07/2017&sced=21/07/2026&sc=02665&src=MAIN&lang=EN&g_lang=en,c2cdb948d572e4cbd8c5843fe25bc7722c48ebfdf012534efcaeb08940e75c0f
02666,123880,Genertec Universal Medical Group Co. Ltd.,Genertec Universal Medical Group Co. Ltd.,123880,Genertec Universal Medical Group Co. Ltd.,False,False,https://di.hkex.com.hk/di/NSSrchCorpList.aspx?sa1=cl&scsd=03/07/2017&sced=21/07/2026&sc=02666&src=MAIN&lang=EN&g_lang=en,50d7391eff8cb2f1ec8c11a930e1a0073e94fcdd7bdc01e3833ba2645f91de8c
02669,130178,China Overseas Property Holdings Ltd.,China Overseas Property Holdings Ltd.,130178,China Overseas Property Holdings Ltd.,False,False,https://di.hkex.com.hk/di/NSSrchCorpList.aspx?sa1=cl&scsd=03/07/2017&sced=21/07/2026&sc=02669&src=MAIN&lang=EN&g_lang=en,1a2b7c9ed421f4d3570b174a6ae9852ff3aa120c4ec345e3d9ab2cbebd39318f
02675,528799,"Shenzhen Edge Medical Co., Ltd. - B  - H Shares","Shenzhen Edge Medical Co., Ltd.",528799|528799,"Shenzhen Edge Medical Co., Ltd. - B  - Domestic Shares|Shenzhen Edge Medical Co., Ltd. - B  - H Shares",True,False,https://di.hkex.com.hk/di/NSSrchCorpList.aspx?sa1=cl&scsd=03/07/2017&sced=21/07/2026&sc=02675&src=MAIN&lang=EN&g_lang=en,fee4fa78a6e089a8318a6044f57bab051f9b2d9960dcfa9607223aa851d5d9d4
02676,525926,"Suzhou Novosense Microelectronics Co., Ltd.  - H Shares","Suzhou Novosense Microelectronics Co., Ltd.",525926|525926,"Suzhou Novosense Microelectronics Co., Ltd.  - A Shares|Suzhou Novosense Microelectronics Co., Ltd.  - H Shares",True,True,https://di.hkex.com.hk/di/NSSrchCorpList.aspx?sa1=cl&scsd=03/07/2017&sced=21/07/2026&sc=02676&src=MAIN&lang=EN&g_lang=en,ee99a2b1022ef69387145f5efe8b23eae9bdffc632823457509440332e186f32
02685,524945,Quantgroup Holding Ltd.,Quantgroup Holding Ltd.,524945,Quantgroup Holding Ltd.,False,False,https://di.hkex.com.hk/di/NSSrchCorpList.aspx?sa1=cl&scsd=03/07/2017&sced=21/07/2026&sc=02685&src=MAIN&lang=EN&g_lang=en,8a3f27e921c81fce9cc5d734ac6b005c7fe2f10c19e50cf159b55859a70d47a9
02687,525927,"Shanghai Able Digital Science&Tech Co., Ltd.  - H Shares","Shanghai Able Digital Science&Tech Co., Ltd.",525927|525927,"Shanghai Able Digital Science&Tech Co., Ltd.  - Domestic Shares|Shanghai Able Digital Science&Tech Co., Ltd.  - H Shares",True,False,https://di.hkex.com.hk/di/NSSrchCorpList.aspx?sa1=cl&scsd=03/07/2017&sced=21/07/2026&sc=02687&src=MAIN&lang=EN&g_lang=en,b26984b9d18d5ad6fdd242dcaafa534092aeb9f4e32d9e6faa02cdceaeff18de
02688,4298,ENN Energy Holdings Ltd.,ENN Energy Holdings Ltd.,4298,ENN Energy Holdings Ltd.,False,False,https://di.hkex.com.hk/di/NSSrchCorpList.aspx?sa1=cl&scsd=03/07/2017&sced=21/07/2026&sc=02688&src=MAIN&lang=EN&g_lang=en,6e4b330bbf28974491bee22b853a723f97960f3488ef8c6f7221be2f7bbd3cb8
02689,9970,Nine Dragons Paper (Holdings) Ltd.,Nine Dragons Paper (Holdings) Ltd.,9970,Nine Dragons Paper (Holdings) Ltd.,False,False,https://di.hkex.com.hk/di/NSSrchCorpList.aspx?sa1=cl&scsd=03/07/2017&sced=21/07/2026&sc=02689&src=MAIN&lang=EN&g_lang=en,b68e88fb1291699ae90e601a9a406d9b691bf0ce3f6def31ef11dee19df68b88
02691,527493,"Nanhua Futures Co., Ltd.  - H Shares","Nanhua Futures Co., Ltd.",527493|527493,"Nanhua Futures Co., Ltd.  - A Shares|Nanhua Futures Co., Ltd.  - H Shares",True,True,https://di.hkex.com.hk/di/NSSrchCorpList.aspx?sa1=cl&scsd=03/07/2017&sced=21/07/2026&sc=02691&src=MAIN&lang=EN&g_lang=en,8130610c1498f38fa9a51d6ad9483adfacadca6dace10a44ad9ed687a47f154f
02692,536611,"Shenzhen Zhaowei Machinery & Electronics Co., Ltd.  - H Shares","Shenzhen Zhaowei Machinery & Electronics Co., Ltd.",536611|536611,"Shenzhen Zhaowei Machinery & Electronics Co., Ltd.  - A Shares|Shenzhen Zhaowei Machinery & Electronics Co., Ltd.  - H Shares",True,True,https://di.hkex.com.hk/di/NSSrchCorpList.aspx?sa1=cl&scsd=03/07/2017&sced=21/07/2026&sc=02692&src=MAIN&lang=EN&g_lang=en,c66ef1437e395a47391130963b40e9b738b302f3940bc7fd9b5279cc94d2a033
02698,522355,Softcare Ltd.,Softcare Ltd.,522355,Softcare Ltd.,False,False,https://di.hkex.com.hk/di/NSSrchCorpList.aspx?sa1=cl&scsd=03/07/2017&sced=21/07/2026&sc=02698&src=MAIN&lang=EN&g_lang=en,ac310779f5153d39a7c4ad2657e91165435d09870782d4d893f0bf2258f95968
02701,538591,Nsing Technologies Inc.  - H Shares,Nsing Technologies Inc.,538591|538591,Nsing Technologies Inc.  - A Shares|Nsing Technologies Inc.  - H Shares,True,True,https://di.hkex.com.hk/di/NSSrchCorpList.aspx?sa1=cl&scsd=03/07/2017&sced=21/07/2026&sc=02701&src=MAIN&lang=EN&g_lang=en,0296ea519c5a2f83b2a19324aea7e75b393a7b06e7f0c8b8084b9bf362569fa3
02706,534356,"Beijing Haizhi Technology Group Co., Ltd.  - H Shares","Beijing Haizhi Technology Group Co., Ltd.",534356,"Beijing Haizhi Technology Group Co., Ltd.  - H Shares",True,False,https://di.hkex.com.hk/di/NSSrchCorpList.aspx?sa1=cl&scsd=03/07/2017&sced=21/07/2026&sc=02706&src=MAIN&lang=EN&g_lang=en,ae2536fa9f642aa31f0f085a33822eb1aa9cbb43563da650d13b5e1a3cc7e854
02714,533148,"Muyuan Foods Group Co., Ltd.  - H Shares","Muyuan Foods Group Co., Ltd.",533148|533148,"Muyuan Foods Group Co., Ltd.  - A Shares|Muyuan Foods Group Co., Ltd.  - H Shares",True,True,https://di.hkex.com.hk/di/NSSrchCorpList.aspx?sa1=cl&scsd=03/07/2017&sced=21/07/2026&sc=02714&src=MAIN&lang=EN&g_lang=en,aa4e1441c2ee513aa915313f21426e556fd773d5a86be36962dae0238d2e5b30
02715,536612,"ESTUN AUTOMATION CO., LTD  - H Shares","ESTUN AUTOMATION CO., LTD",536612|536612,"ESTUN AUTOMATION CO., LTD  - A Shares|ESTUN AUTOMATION CO., LTD  - H Shares",True,True,https://di.hkex.com.hk/di/NSSrchCorpList.aspx?sa1=cl&scsd=03/07/2017&sced=21/07/2026&sc=02715&src=MAIN&lang=EN&g_lang=en,4f45c464eaf49b050ef9978d41cec984d08a666441748474476e47a40a1539a7
02718,521559,Mininglamp Technology - W,Mininglamp Technology,521559,Mininglamp Technology - W,False,False,https://di.hkex.com.hk/di/NSSrchCorpList.aspx?sa1=cl&scsd=03/07/2017&sced=21/07/2026&sc=02718&src=MAIN&lang=EN&g_lang=en,5855ba83da9ae4984297f3eedafe6835d88ba036e8b1eb71386c51ff59445bfb
02727,8152,Shanghai Electric Group Co. Ltd.  - H Shares,Shanghai Electric Group Co. Ltd.,8152|8152,Shanghai Electric Group Co. Ltd.  - A Shares|Shanghai Electric Group Co. Ltd.  - H Shares,True,True,https://di.hkex.com.hk/di/NSSrchCorpList.aspx?sa1=cl&scsd=03/07/2017&sced=21/07/2026&sc=02727&src=MAIN&lang=EN&g_lang=en,44aadcce3935bc036a9ac73bacb0ccb0fe4122eee05d4e2e92ed25894a55fada
02768,532630,"Qingdao Gon Technology Co., Ltd.  - H Shares","Qingdao Gon Technology Co., Ltd.",532630|532630,"Qingdao Gon Technology Co., Ltd.  - A Shares|Qingdao Gon Technology Co., Ltd.  - H Shares",True,True,https://di.hkex.com.hk/di/NSSrchCorpList.aspx?sa1=cl&scsd=03/07/2017&sced=21/07/2026&sc=02768&src=MAIN&lang=EN&g_lang=en,968a527287613c04379267ad670ccbe91a1ce98ab97555896baad91ee34d98f5
02788,524279,Chuangxin Industries Holdings Ltd.,Chuangxin Industries Holdings Ltd.,524279,Chuangxin Industries Holdings Ltd.,False,False,https://di.hkex.com.hk/di/NSSrchCorpList.aspx?sa1=cl&scsd=03/07/2017&sced=21/07/2026&sc=02788&src=MAIN&lang=EN&g_lang=en,cbf89d5dd45451d9961ae4406bc67ffb012fb2a28ec99cce01f654c3c14d786a
02799,130424,"China CITIC Financial Asset Management Co., Ltd.  - H Shares","China CITIC Financial Asset Management Co., Ltd.",130424|130424|130424,"China CITIC Financial Asset Management Co., Ltd.  - A Shares|China CITIC Financial Asset Management Co., Ltd.  - Domestic Shares|China CITIC Financial Asset Management Co., Ltd.  - H Shares",True,True,https://di.hkex.com.hk/di/NSSrchCorpList.aspx?sa1=cl&scsd=03/07/2017&sced=21/07/2026&sc=02799&src=MAIN&lang=EN&g_lang=en,b772761768420a853cbc428752b5ab32efc3bae55ab4b3cca17fe433265b66ca
02858,184690,Yixin Group Ltd.,Yixin Group Ltd.,184690,Yixin Group Ltd.,False,False,https://di.hkex.com.hk/di/NSSrchCorpList.aspx?sa1=cl&scsd=03/07/2017&sced=21/07/2026&sc=02858&src=MAIN&lang=EN&g_lang=en,9a91fad1f9b6fb99667d33505eb681ff798b47a3988c77f8ef4e821aa9d9c71b
02865,501096,"Hainan Drinda New Energy Technology Co., Ltd.  - H Shares","Hainan Drinda New Energy Technology Co., Ltd.",501096|501096,"Hainan Drinda New Energy Technology Co., Ltd.  - A Shares|Hainan Drinda New Energy Technology Co., Ltd.  - H Shares",True,True,https://di.hkex.com.hk/di/NSSrchCorpList.aspx?sa1=cl&scsd=03/07/2017&sced=21/07/2026&sc=02865&src=MAIN&lang=EN&g_lang=en,ba04e341573f9ab8758a8d75244aa66b6647791e7296785fcddaf0f8145f1d94
02866,6894,"COSCO SHIPPING Development Co., Ltd.  - H Shares","COSCO SHIPPING Development Co., Ltd.",6894|6894,"COSCO SHIPPING Development Co., Ltd.  - A Shares|COSCO SHIPPING Development Co., Ltd.  - H Shares",True,True,https://di.hkex.com.hk/di/NSSrchCorpList.aspx?sa1=cl&scsd=03/07/2017&sced=21/07/2026&sc=02866&src=MAIN&lang=EN&g_lang=en,a311c1ff55146980cad158ed5811a1e90f366c3bef99a49e998d26ffff635bb2
02869,139816,Greentown Service Group Co. Ltd.,Greentown Service Group Co. Ltd.,139816,Greentown Service Group Co. Ltd.,False,False,https://di.hkex.com.hk/di/NSSrchCorpList.aspx?sa1=cl&scsd=03/07/2017&sced=21/07/2026&sc=02869&src=MAIN&lang=EN&g_lang=en,d413fa597d6297433a44ed374b21b4d7576445855db7f77da6166cfc5e0692de
02877,7540,China Shineway Pharmaceutical Group Ltd.,China Shineway Pharmaceutical Group Ltd.,7540,China Shineway Pharmaceutical Group Ltd.,False,False,https://di.hkex.com.hk/di/NSSrchCorpList.aspx?sa1=cl&scsd=03/07/2017&sced=21/07/2026&sc=02877&src=MAIN&lang=EN&g_lang=en,25b4626d20c18712ffa3218810dbef3fc34bfb014ebe292b713ed169debdc1bf
02880,10312,"Liaoning Port Co., Ltd.  - H Shares","Liaoning Port Co., Ltd.",10312|10312,"Liaoning Port Co., Ltd.  - A Shares|Liaoning Port Co., Ltd.  - H Shares",True,True,https://di.hkex.com.hk/di/NSSrchCorpList.aspx?sa1=cl&scsd=03/07/2017&sced=21/07/2026&sc=02880&src=MAIN&lang=EN&g_lang=en,d6d1faed7cdb16d2a4ce469c597ed46049662cd6a0142d8746f895ab97736193
02883,4301,China Oilfield Services Ltd.  - H Shares,China Oilfield Services Ltd.,4301,China Oilfield Services Ltd.  - H Shares,True,False,https://di.hkex.com.hk/di/NSSrchCorpList.aspx?sa1=cl&scsd=03/07/2017&sced=21/07/2026&sc=02883&src=MAIN&lang=EN&g_lang=en,9984bfd17911b7325d88015987e97277f9e226e53536a85966500ffbb6d9f214
02888,4302,Standard Chartered PLC,Standard Chartered PLC,4302,Standard Chartered PLC,False,False,https://di.hkex.com.hk/di/NSSrchCorpList.aspx?sa1=cl&scsd=03/07/2017&sced=21/07/2026&sc=02888&src=MAIN&lang=EN&g_lang=en,c72f9f6a06b3c7c0b33da6c42b3094ad6d8987e20262c8edf205545074610cbc
02889,517030,PATEO CONNECT Technology (Shanghai) Corporation  - H Shares,PATEO CONNECT Technology (Shanghai) Corporation,517030|517030,PATEO CONNECT Technology (Shanghai) Corporation  - Domestic Shares|PATEO CONNECT Technology (Shanghai) Corporation  - H Shares,True,False,https://di.hkex.com.hk/di/NSSrchCorpList.aspx?sa1=cl&scsd=03/07/2017&sced=21/07/2026&sc=02889&src=MAIN&lang=EN&g_lang=en,32358eeaf8da8f97669be11d2feab55cb3ed0628e0e628bdbf8ec342e09ea5e3
02899,6222,"Zijin Mining Group Co., Ltd.  - H Shares","Zijin Mining Group Co., Ltd.",6222|6222|6222,"Zijin Mining Group Co., Ltd.  - Domestic Shares|Zijin Mining Group Co., Ltd.  - H Shares|Zijin Mining Group Co., Ltd.  - Others",True,False,https://di.hkex.com.hk/di/NSSrchCorpList.aspx?sa1=cl&scsd=03/07/2017&sced=21/07/2026&sc=02899&src=MAIN&lang=EN&g_lang=en,f860d97d956bf701596100b84e911c75afb6af8a726bc1faa749c38a8e56ef99
03200,533152,"Shenzhen Han's CNC Technology Co., Ltd.  - H Shares","Shenzhen Han's CNC Technology Co., Ltd.",533152|533152,"Shenzhen Han's CNC Technology Co., Ltd.  - A Shares|Shenzhen Han's CNC Technology Co., Ltd.  - H Shares",True,True,https://di.hkex.com.hk/di/NSSrchCorpList.aspx?sa1=cl&scsd=03/07/2017&sced=21/07/2026&sc=03200&src=MAIN&lang=EN&g_lang=en,f81a652b777451f1edbcf2d8e74182cac4f5f758a957ddda85ec36dea88a9918
03268,536926,"MeiG Smart Technology Co., Ltd.  - H Shares","MeiG Smart Technology Co., Ltd.",536926|536926,"MeiG Smart Technology Co., Ltd.  - A Shares|MeiG Smart Technology Co., Ltd.  - H Shares",True,True,https://di.hkex.com.hk/di/NSSrchCorpList.aspx?sa1=cl&scsd=03/07/2017&sced=21/07/2026&sc=03268&src=MAIN&lang=EN&g_lang=en,b9453224c63374e58492097ad26c3a09bcb8fd52a3d69861603501fd620a702f
03288,505301,Foshan Haitian Flavouring and Food Co. Ltd.  - H Shares,Foshan Haitian Flavouring and Food Co. Ltd.,505301|505301,Foshan Haitian Flavouring and Food Co. Ltd.  - A Shares|Foshan Haitian Flavouring and Food Co. Ltd.  - H Shares,True,True,https://di.hkex.com.hk/di/NSSrchCorpList.aspx?sa1=cl&scsd=03/07/2017&sced=21/07/2026&sc=03288&src=MAIN&lang=EN&g_lang=en,ecc4a44b3a11ae9750d5b876143a1fb7ad2ca29676285fda78bede483469ac78
03296,542459,"Huaqin Co., Ltd.  - H Shares","Huaqin Co., Ltd.",542459|542459,"Huaqin Co., Ltd.  - A Shares|Huaqin Co., Ltd.  - H Shares",True,True,https://di.hkex.com.hk/di/NSSrchCorpList.aspx?sa1=cl&scsd=03/07/2017&sced=21/07/2026&sc=03296&src=MAIN&lang=EN&g_lang=en,65b3f285861db11fdcefef708dd13050dd1f1659ec642c6b8bf89949d66e1608
03306,144409,JNBY Design Ltd.,JNBY Design Ltd.,144409,JNBY Design Ltd.,False,False,https://di.hkex.com.hk/di/NSSrchCorpList.aspx?sa1=cl&scsd=03/07/2017&sced=21/07/2026&sc=03306&src=MAIN&lang=EN&g_lang=en,570cccacf291b714c0b4a9f7735763f080bf54ad9dc75b77296478a7dc8757f9
03311,8490,China State Construction International Holdings Ltd.,China State Construction International Holdings Ltd.,8490,China State Construction International Holdings Ltd.,False,False,https://di.hkex.com.hk/di/NSSrchCorpList.aspx?sa1=cl&scsd=03/07/2017&sced=21/07/2026&sc=03311&src=MAIN&lang=EN&g_lang=en,b1f165d6c7d8f479e7d1acc2bdf6133287c423aae3fb9d074a0f68b8d4acbf53
03317,527996,"Shenzhen Xunce Technology Co., Ltd.  - H Shares","Shenzhen Xunce Technology Co., Ltd.",527996|527996,"Shenzhen Xunce Technology Co., Ltd.  - H Shares|Shenzhen Xunce Technology Co., Ltd.  - Others",True,False,https://di.hkex.com.hk/di/NSSrchCorpList.aspx?sa1=cl&scsd=03/07/2017&sced=21/07/2026&sc=03317&src=MAIN&lang=EN&g_lang=en,28814a5376dbd71f491a81bebd0a77dd313b1d7262fa488a838c90d209189041
03320,144051,China Resources Pharmaceutical Group Ltd.,China Resources Pharmaceutical Group Ltd.,144051,China Resources Pharmaceutical Group Ltd.,False,False,https://di.hkex.com.hk/di/NSSrchCorpList.aspx?sa1=cl&scsd=03/07/2017&sced=21/07/2026&sc=03320&src=MAIN&lang=EN&g_lang=en,4cd13313c6fd68e94804e72c11f9606501c3a98e5a4396470ec80d72cbc025a1
03323,10071,China National Building Material Co. Ltd.  - H Shares,China National Building Material Co. Ltd.,10071|10071|10071,China National Building Material Co. Ltd.  - Domestic Shares|China National Building Material Co. Ltd.  - H Shares|China National Building Material Co. Ltd.  - Others,True,False,https://di.hkex.com.hk/di/NSSrchCorpList.aspx?sa1=cl&scsd=03/07/2017&sced=21/07/2026&sc=03323&src=MAIN&lang=EN&g_lang=en,ec1e3f218cba219cff98465ffbdc81a94759ce9fdb9ff76b9d731fe7c0a150c8
03328,8399,"Bank of Communications Co., Ltd.  - H Shares","Bank of Communications Co., Ltd.",8399|8399,"Bank of Communications Co., Ltd.  - A Shares|Bank of Communications Co., Ltd.  - H Shares",True,True,https://di.hkex.com.hk/di/NSSrchCorpList.aspx?sa1=cl&scsd=03/07/2017&sced=21/07/2026&sc=03328&src=MAIN&lang=EN&g_lang=en,5239f3e8edf926a864e37a87815252deff78af658357183c362d7ad7517bd80f
03330,9599,Lingbao Gold Group Co. Ltd.  - H Shares,Lingbao Gold Group Co. Ltd.,9599|9599,Lingbao Gold Group Co. Ltd.  - Domestic Shares|Lingbao Gold Group Co. Ltd.  - H Shares,True,False,https://di.hkex.com.hk/di/NSSrchCorpList.aspx?sa1=cl&scsd=03/07/2017&sced=21/07/2026&sc=03330&src=MAIN&lang=EN&g_lang=en,70f4c7c71dafbeb2e36f9ce83e963c0cb76306f91a9aeab58f1fe1f042be46b2
03339,9288,Lonking Holdings Ltd.,Lonking Holdings Ltd.,9288,Lonking Holdings Ltd.,False,False,https://di.hkex.com.hk/di/NSSrchCorpList.aspx?sa1=cl&scsd=03/07/2017&sced=21/07/2026&sc=03339&src=MAIN&lang=EN&g_lang=en,4a6e488659cf69754e29fc63bee393f03558b985ce3420e957d4ab8a7ddae715
03347,295132,"Hangzhou Tigermed Consulting Co., Ltd.  - H Shares","Hangzhou Tigermed Consulting Co., Ltd.",295132|295132,"Hangzhou Tigermed Consulting Co., Ltd.  - A Shares|Hangzhou Tigermed Consulting Co., Ltd.  - H Shares",True,True,https://di.hkex.com.hk/di/NSSrchCorpList.aspx?sa1=cl&scsd=03/07/2017&sced=21/07/2026&sc=03347&src=MAIN&lang=EN&g_lang=en,468e33727fb9a878b584676afdd340fc4d9055c387112f70561007bc16e637b9
03360,58898,Far East Horizon Ltd.,Far East Horizon Ltd.,58898,Far East Horizon Ltd.,False,False,https://di.hkex.com.hk/di/NSSrchCorpList.aspx?sa1=cl&scsd=03/07/2017&sced=21/07/2026&sc=03360&src=MAIN&lang=EN&g_lang=en,f7a6a98bf06823ee333f4ff74dc60ce5a8665e5d0cb972bbad0bc85d424a9b5e
03369,95225,"Qinhuangdao Port Co., Ltd.  - H Shares","Qinhuangdao Port Co., Ltd.",95225|95225,"Qinhuangdao Port Co., Ltd.  - A Shares|Qinhuangdao Port Co., Ltd.  - H Shares",True,True,https://di.hkex.com.hk/di/NSSrchCorpList.aspx?sa1=cl&scsd=03/07/2017&sced=21/07/2026&sc=03369&src=MAIN&lang=EN&g_lang=en,9d923d942a832a5a85b06ce6390634abc7f6d0ef0ba8e89ce2f24d1f30ea0b0b
03380,94916,Logan Group Co. Ltd.,Logan Group Co. Ltd.,94916,Logan Group Co. Ltd.,False,False,https://di.hkex.com.hk/di/NSSrchCorpList.aspx?sa1=cl&scsd=03/07/2017&sced=21/07/2026&sc=03380&src=MAIN&lang=EN&g_lang=en,15208cdb2f5e0a856b9bf4a980d5fa105e680bd518b41fe672ad16c6fdea3f79
03393,9441,Wasion Holdings Ltd.,Wasion Holdings Ltd.,9441,Wasion Holdings Ltd.,False,False,https://di.hkex.com.hk/di/NSSrchCorpList.aspx?sa1=cl&scsd=03/07/2017&sced=21/07/2026&sc=03393&src=MAIN&lang=EN&g_lang=en,65d571375a21cfb90a88887fc6e3910e4d0dbb0b4b19e4e710ac6f40a1208305
03396,123706,Legend Holdings Corporation  - H Shares,Legend Holdings Corporation,123706|123706,Legend Holdings Corporation  - Domestic Shares|Legend Holdings Corporation  - H Shares,True,False,https://di.hkex.com.hk/di/NSSrchCorpList.aspx?sa1=cl&scsd=03/07/2017&sced=21/07/2026&sc=03396&src=MAIN&lang=EN&g_lang=en,40a9c8a0b60e2c2320e36e9a21ee570588d4d4c3c8b4abd71a80766c4c27d5d2
03606,118450,"Fuyao Glass Industry Group Co., Ltd.  - H Shares","Fuyao Glass Industry Group Co., Ltd.",118450|118450,"Fuyao Glass Industry Group Co., Ltd.  - A Shares|Fuyao Glass Industry Group Co., Ltd.  - H Shares",True,True,https://di.hkex.com.hk/di/NSSrchCorpList.aspx?sa1=cl&scsd=03/07/2017&sced=21/07/2026&sc=03606&src=MAIN&lang=EN&g_lang=en,cdda350ec19ecfe22acda122824e618f453d38af21600db7a9cc887ea95718f3
03613,204737,Beijing Tong Ren Tang Chinese Medicine Co. Ltd.,Beijing Tong Ren Tang Chinese Medicine Co. Ltd.,204737,Beijing Tong Ren Tang Chinese Medicine Co. Ltd.,False,False,https://di.hkex.com.hk/di/NSSrchCorpList.aspx?sa1=cl&scsd=03/07/2017&sced=21/07/2026&sc=03613&src=MAIN&lang=EN&g_lang=en,26a7b53ad03c7039d2b13f1f5b973cd30a62ab652b6e2f6c2f692f60e5fb0465
03618,54753,"Chongqing Rural Commercial Bank Co., Ltd.  - H Shares","Chongqing Rural Commercial Bank Co., Ltd.",54753|54753,"Chongqing Rural Commercial Bank Co., Ltd.  - A Shares|Chongqing Rural Commercial Bank Co., Ltd.  - H Shares",True,True,https://di.hkex.com.hk/di/NSSrchCorpList.aspx?sa1=cl&scsd=03/07/2017&sced=21/07/2026&sc=03618&src=MAIN&lang=EN&g_lang=en,6b350487d18b80aa577afab929e30e0c526a00bc9ce26c7a0a1592f4dc44d2f1
03633,74366,Zhongyu Energy Holdings Ltd.,Zhongyu Energy Holdings Ltd.,74366,Zhongyu Energy Holdings Ltd.,False,False,https://di.hkex.com.hk/di/NSSrchCorpList.aspx?sa1=cl&scsd=03/07/2017&sced=21/07/2026&sc=03633&src=MAIN&lang=EN&g_lang=en,24dadc5213c79914a9659e50f66d8245d9e526e0ba92bced02ce3b675ef36712
03668,225777,Yancoal Australia Ltd,Yancoal Australia Ltd,225777,Yancoal Australia Ltd,False,False,https://di.hkex.com.hk/di/NSSrchCorpList.aspx?sa1=cl&scsd=03/07/2017&sced=21/07/2026&sc=03668&src=MAIN&lang=EN&g_lang=en,e6fa649654082b7c90545337a8cf26d0459a577dbdde52a25a0440067cc958b8
03677,498539,"Jiangsu Zenergy Battery Technologies Group Co., Ltd.  - H Shares","Jiangsu Zenergy Battery Technologies Group Co., Ltd.",498539|498539,"Jiangsu Zenergy Battery Technologies Group Co., Ltd.  - Domestic Shares|Jiangsu Zenergy Battery Technologies Group Co., Ltd.  - H Shares",True,False,https://di.hkex.com.hk/di/NSSrchCorpList.aspx?sa1=cl&scsd=03/07/2017&sced=21/07/2026&sc=03677&src=MAIN&lang=EN&g_lang=en,13fe5586126a3719bfab04389ef6cb6a01bf4c14da20ad95098a7edfbcd5362d
03678,132444,"Soho Holly Futures Co., Ltd.  - H Shares","Soho Holly Futures Co., Ltd.",132444|132444|132444,"Soho Holly Futures Co., Ltd.  - A Shares|Soho Holly Futures Co., Ltd.  - Domestic Shares|Soho Holly Futures Co., Ltd.  - H Shares",True,True,https://di.hkex.com.hk/di/NSSrchCorpList.aspx?sa1=cl&scsd=03/07/2017&sced=21/07/2026&sc=03678&src=MAIN&lang=EN&g_lang=en,5466b3738da41b60aecfa70f5d0caaf6c4ddc76f31580f144bafc8523939c63d
03690,217030,Meituan - W,Meituan,217030,Meituan - W,False,False,https://di.hkex.com.hk/di/NSSrchCorpList.aspx?sa1=cl&scsd=03/07/2017&sced=21/07/2026&sc=03690&src=MAIN&lang=EN&g_lang=en,37909dd9387f5c8acf5455a37bec54dff1bd510314b5b7bf1f2f32c4e94ad3ff
03692,244225,Hansoh Pharmaceutical Group Co. Ltd.,Hansoh Pharmaceutical Group Co. Ltd.,244225,Hansoh Pharmaceutical Group Co. Ltd.,False,False,https://di.hkex.com.hk/di/NSSrchCorpList.aspx?sa1=cl&scsd=03/07/2017&sced=21/07/2026&sc=03692&src=MAIN&lang=EN&g_lang=en,a8ff9098e0dd0d3b162e58d7f86ce412bc369ef135b09b30b323d5e2d1e81175
03696,527998,InSilico Medicine Cayman TopCo,InSilico Medicine Cayman TopCo,527998,InSilico Medicine Cayman TopCo,False,False,https://di.hkex.com.hk/di/NSSrchCorpList.aspx?sa1=cl&scsd=03/07/2017&sced=21/07/2026&sc=03696&src=MAIN&lang=EN&g_lang=en,64ff6c7abc79426bdabf7f2cc514d9c6b9e6d96f3359991a379300e91f867043
03698,93892,Huishang Bank Corporation Ltd.  - H Shares,Huishang Bank Corporation Ltd.,93892|93892,Huishang Bank Corporation Ltd.  - Domestic Shares|Huishang Bank Corporation Ltd.  - H Shares,True,False,https://di.hkex.com.hk/di/NSSrchCorpList.aspx?sa1=cl&scsd=03/07/2017&sced=21/07/2026&sc=03698&src=MAIN&lang=EN&g_lang=en,5c26e2f07c86b4f07754d089cf6441f2c37e0dd98450133e2d5e47fa837457a7
03738,189004,Vobile Group Ltd.,Vobile Group Ltd.,189004,Vobile Group Ltd.,False,False,https://di.hkex.com.hk/di/NSSrchCorpList.aspx?sa1=cl&scsd=03/07/2017&sced=21/07/2026&sc=03738&src=MAIN&lang=EN&g_lang=en,8f0fc6ffe6317cd67f2aab8f053cdc3916876a7fe54594e89d8998c120f573c5
03750,502356,"Contemporary Amperex Technology Co., Ltd.  - H Shares","Contemporary Amperex Technology Co., Ltd.",502356|502356,"Contemporary Amperex Technology Co., Ltd.  - A Shares|Contemporary Amperex Technology Co., Ltd.  - H Shares",True,True,https://di.hkex.com.hk/di/NSSrchCorpList.aspx?sa1=cl&scsd=03/07/2017&sced=21/07/2026&sc=03750&src=MAIN&lang=EN&g_lang=en,5fbe5f26dc4211fd945b06302393b30b2e66ef5615e5a21209d35ebabdef6ebd
03759,259783,"Pharmaron Beijing Co., Ltd.  - H Shares","Pharmaron Beijing Co., Ltd.",259783|259783,"Pharmaron Beijing Co., Ltd.  - A Shares|Pharmaron Beijing Co., Ltd.  - H Shares",True,True,https://di.hkex.com.hk/di/NSSrchCorpList.aspx?sa1=cl&scsd=03/07/2017&sced=21/07/2026&sc=03759&src=MAIN&lang=EN&g_lang=en,1f83147c204567ffb1af3145affb143f57d250070b5c642cee23ff978faf73e1
03800,18128,GCL Technology Holdings Ltd.,GCL Technology Holdings Ltd.,18128,GCL Technology Holdings Ltd.,False,False,https://di.hkex.com.hk/di/NSSrchCorpList.aspx?sa1=cl&scsd=03/07/2017&sced=21/07/2026&sc=03800&src=MAIN&lang=EN&g_lang=en,7804d4d924e1b2c106965f0080580caa44a415e7fa29d2b2cac26d2dfc151095
03808,18447,Sinotruk (Hong Kong) Ltd.,Sinotruk (Hong Kong) Ltd.,18447,Sinotruk (Hong Kong) Ltd.,False,False,https://di.hkex.com.hk/di/NSSrchCorpList.aspx?sa1=cl&scsd=03/07/2017&sced=21/07/2026&sc=03808&src=MAIN&lang=EN&g_lang=en,43e810f03aaae2c60e00e25aaf1a46ff7ee1059052788587b76cda0b60f24f08
03858,512470,Jiaxin International Resources Investment Ltd.,Jiaxin International Resources Investment Ltd.,512470,Jiaxin International Resources Investment Ltd.,False,False,https://di.hkex.com.hk/di/NSSrchCorpList.aspx?sa1=cl&scsd=03/07/2017&sced=21/07/2026&sc=03858&src=MAIN&lang=EN&g_lang=en,0ed940a63a73826605eef33954e7766432234450ca0f7e7a1186ba223a0c5e6f
03866,131574,"Bank of Qingdao Co., Ltd.  - H Shares","Bank of Qingdao Co., Ltd.",131574|131574|131574,"Bank of Qingdao Co., Ltd.  - A Shares|Bank of Qingdao Co., Ltd.  - Domestic Shares|Bank of Qingdao Co., Ltd.  - H Shares",True,True,https://di.hkex.com.hk/di/NSSrchCorpList.aspx?sa1=cl&scsd=03/07/2017&sced=21/07/2026&sc=03866&src=MAIN&lang=EN&g_lang=en,edc693d53b129aa67e5546a77807e0202ac94a3a7c28ce8ffd44a22173bb1555
03868,242718,Xinyi Energy Holdings Ltd.,Xinyi Energy Holdings Ltd.,242718,Xinyi Energy Holdings Ltd.,False,False,https://di.hkex.com.hk/di/NSSrchCorpList.aspx?sa1=cl&scsd=03/07/2017&sced=21/07/2026&sc=03868&src=MAIN&lang=EN&g_lang=en,1af832abd14b4ed987b62d7d5405a813fbf0984032e98f7bf70021806b060247
03877,244301,CSSC (Hong Kong) Shipping Co. Ltd.,CSSC (Hong Kong) Shipping Co. Ltd.,244301,CSSC (Hong Kong) Shipping Co. Ltd.,False,False,https://di.hkex.com.hk/di/NSSrchCorpList.aspx?sa1=cl&scsd=03/07/2017&sced=21/07/2026&sc=03877&src=MAIN&lang=EN&g_lang=en,f1ce363ad0bb90fa0ab388c1b22bfc5c6a140c98fc0f7ce060f0ab5120925db5
03881,527273,CiDi Inc.  - H Shares,CiDi Inc.,527273|527273,CiDi Inc.  - Domestic Shares|CiDi Inc.  - H Shares,True,False,https://di.hkex.com.hk/di/NSSrchCorpList.aspx?sa1=cl&scsd=03/07/2017&sced=21/07/2026&sc=03881&src=MAIN&lang=EN&g_lang=en,f67b49fd9e3d3aa1b07e47ede6d98d90be61bf5aaed1cb438fa408779289c9f5
03888,16080,Kingsoft Corporation Ltd.,Kingsoft Corporation Ltd.,16080,Kingsoft Corporation Ltd.,False,False,https://di.hkex.com.hk/di/NSSrchCorpList.aspx?sa1=cl&scsd=03/07/2017&sced=21/07/2026&sc=03888&src=MAIN&lang=EN&g_lang=en,c44c277addc3b262c2004c764e9156b2f17e59b6b4f2b955f261eec90d3636d4
03896,422330,Kingsoft Cloud Holdings Ltd.,Kingsoft Cloud Holdings Ltd.,422330,Kingsoft Cloud Holdings Ltd.,False,False,https://di.hkex.com.hk/di/NSSrchCorpList.aspx?sa1=cl&scsd=03/07/2017&sced=21/07/2026&sc=03896&src=MAIN&lang=EN&g_lang=en,e7e5cf28d35d82cbf2316ba25208ee067426d2ce7bd676b14220cc4fc6ab5890
03898,12367,"Zhuzhou CRRC Times Electric Co., Ltd.  - H Shares","Zhuzhou CRRC Times Electric Co., Ltd.",12367|12367,"Zhuzhou CRRC Times Electric Co., Ltd.  - A Shares|Zhuzhou CRRC Times Electric Co., Ltd.  - H Shares",True,True,https://di.hkex.com.hk/di/NSSrchCorpList.aspx?sa1=cl&scsd=03/07/2017&sced=21/07/2026&sc=03898&src=MAIN&lang=EN&g_lang=en,0cec2a4a2ddb14727821568b3f4f1a7e11ceece733f56d2d23427f7595ce9ba7
03899,10936,CIMC Enric Holdings Ltd.,CIMC Enric Holdings Ltd.,10936,CIMC Enric Holdings Ltd.,False,False,https://di.hkex.com.hk/di/NSSrchCorpList.aspx?sa1=cl&scsd=03/07/2017&sced=21/07/2026&sc=03899&src=MAIN&lang=EN&g_lang=en,43e9a154ae7fd92d37a832917cc4811da85ee3a59820b380f5f142027e533d9a
03900,10903,Greentown China Holdings Ltd.,Greentown China Holdings Ltd.,10903,Greentown China Holdings Ltd.,False,False,https://di.hkex.com.hk/di/NSSrchCorpList.aspx?sa1=cl&scsd=03/07/2017&sced=21/07/2026&sc=03900&src=MAIN&lang=EN&g_lang=en,de1ebcd6d869e711c0d1234c741477df41aeada33d690a0528c58c0cf96a9d96
03908,130113,China International Capital Corporation Ltd.  - H Shares,China International Capital Corporation Ltd.,130113|130113|130113,China International Capital Corporation Ltd.  - A Shares|China International Capital Corporation Ltd.  - Domestic Shares|China International Capital Corporation Ltd.  - H Shares,True,True,https://di.hkex.com.hk/di/NSSrchCorpList.aspx?sa1=cl&scsd=03/07/2017&sced=21/07/2026&sc=03908&src=MAIN&lang=EN&g_lang=en,710b65b4c72f58edf2a74a1b0859332d382995b57219a491ff29808245c13c02
03918,11340,NagaCorp Ltd.,NagaCorp Ltd.,11340,NagaCorp Ltd.,False,False,https://di.hkex.com.hk/di/NSSrchCorpList.aspx?sa1=cl&scsd=03/07/2017&sced=21/07/2026&sc=03918&src=MAIN&lang=EN&g_lang=en,e1b57de33b17730874e07225b5a34d9ec7526f12b69b8a2f3b6e114b9bd3f167
03931,411539,"CALB Group Co., Ltd.  - H Shares","CALB Group Co., Ltd.",411539|411539,"CALB Group Co., Ltd.  - Domestic Shares|CALB Group Co., Ltd.  - H Shares",True,False,https://di.hkex.com.hk/di/NSSrchCorpList.aspx?sa1=cl&scsd=03/07/2017&sced=21/07/2026&sc=03931&src=MAIN&lang=EN&g_lang=en,32d16955430a58094edc90a3dd1ad44786cd0451c41c195d0ea1bb81bf9c2947
03933,14568,"United Laboratories International Holdings Ltd., The","United Laboratories International Holdings Ltd., The",14568,"United Laboratories International Holdings Ltd., The",False,False,https://di.hkex.com.hk/di/NSSrchCorpList.aspx?sa1=cl&scsd=03/07/2017&sced=21/07/2026&sc=03933&src=MAIN&lang=EN&g_lang=en,b3384d6a40fcdb43a3f6e85f329a5612d6124eacbcb54b681ba04f8c3d0e2ab9
03939,74362,Wanguo Gold Group Ltd.,Wanguo Gold Group Ltd.,74362,Wanguo Gold Group Ltd.,False,False,https://di.hkex.com.hk/di/NSSrchCorpList.aspx?sa1=cl&scsd=03/07/2017&sced=21/07/2026&sc=03939&src=MAIN&lang=EN&g_lang=en,656dffa88304bb7ed4ba861daf410ee314fcfe55f4b5dee6416d6dd4d15a95da
03958,139564,DFZQ  - H Shares,DFZQ,139564|139564,DFZQ  - A Shares|DFZQ  - H Shares,True,True,https://di.hkex.com.hk/di/NSSrchCorpList.aspx?sa1=cl&scsd=03/07/2017&sced=21/07/2026&sc=03958&src=MAIN&lang=EN&g_lang=en,9832bf57cf347392b3da74ba9ac84788ebf4a8c7efe5093f05120305c59c6ab7
03968,11266,"China Merchants Bank Co., Ltd.  - H Shares","China Merchants Bank Co., Ltd.",11266|11266,"China Merchants Bank Co., Ltd.  - A Shares|China Merchants Bank Co., Ltd.  - H Shares",True,True,https://di.hkex.com.hk/di/NSSrchCorpList.aspx?sa1=cl&scsd=03/07/2017&sced=21/07/2026&sc=03968&src=MAIN&lang=EN&g_lang=en,b4ffab3ad27c85d91013b94f763a69e97d27379322a74b6283257ed5fd124e1d
03969,126335,China Railway Signal & Communication Corporation Ltd. s - H Shares,China Railway Signal & Communication Corporation Ltd. s,126335,China Railway Signal & Communication Corporation Ltd. s - H Shares,True,False,https://di.hkex.com.hk/di/NSSrchCorpList.aspx?sa1=cl&scsd=03/07/2017&sced=21/07/2026&sc=03969&src=MAIN&lang=EN&g_lang=en,6f4662a7352eb0030c3d16f1d3866330d91f9765479785295bf71e69c83fd506
03986,529411,GigaDevice Semiconductor Inc.  - H Shares,GigaDevice Semiconductor Inc.,529411|529411,GigaDevice Semiconductor Inc.  - A Shares|GigaDevice Semiconductor Inc.  - H Shares,True,True,https://di.hkex.com.hk/di/NSSrchCorpList.aspx?sa1=cl&scsd=03/07/2017&sced=21/07/2026&sc=03986&src=MAIN&lang=EN&g_lang=en,0c61bc1662bdd6d8d8d2225ffff738560c6da6b246d2b64b79842d883421833f
03988,10566,Bank of China Ltd.  - H Shares,Bank of China Ltd.,10566|10566,Bank of China Ltd.  - A Shares|Bank of China Ltd.  - H Shares,True,True,https://di.hkex.com.hk/di/NSSrchCorpList.aspx?sa1=cl&scsd=03/07/2017&sced=21/07/2026&sc=03988&src=MAIN&lang=EN&g_lang=en,848320b24b264df0c5daac8fcef6876a73d4cbb92a7629a649ef0626eee15475
03993,13908,CMOC Group Ltd.  - H Shares,CMOC Group Ltd.,13908|13908,CMOC Group Ltd.  - A Shares|CMOC Group Ltd.  - H Shares,True,True,https://di.hkex.com.hk/di/NSSrchCorpList.aspx?sa1=cl&scsd=03/07/2017&sced=21/07/2026&sc=03993&src=MAIN&lang=EN&g_lang=en,cd8489a749c902a61d2fc2fd2de3db056a6de5e9a1b968fc9ed9cc011a3e6628
03996,131861,China Energy Engineering Corporation Ltd.  - H Shares,China Energy Engineering Corporation Ltd.,131861|131861,China Energy Engineering Corporation Ltd.  - A Shares|China Energy Engineering Corporation Ltd.  - H Shares,True,True,https://di.hkex.com.hk/di/NSSrchCorpList.aspx?sa1=cl&scsd=03/07/2017&sced=21/07/2026&sc=03996&src=MAIN&lang=EN&g_lang=en,7d1351d0265902ac7cb2129b18b5231241b7b42b9418e6c2932b0866db1e380f
03998,16638,Bosideng International Holdings Ltd.,Bosideng International Holdings Ltd.,16638,Bosideng International Holdings Ltd.,False,False,https://di.hkex.com.hk/di/NSSrchCorpList.aspx?sa1=cl&scsd=03/07/2017&sced=21/07/2026&sc=03998&src=MAIN&lang=EN&g_lang=en,26f7ec75688be6d9dcfe7e8fdcc42f855f28a768f93d8aa6632aa64ffbb49611
06030,64946,CITIC Securities Co. Ltd.  - H Shares,CITIC Securities Co. Ltd.,64946|64946,CITIC Securities Co. Ltd.  - A Shares|CITIC Securities Co. Ltd.  - H Shares,True,True,https://di.hkex.com.hk/di/NSSrchCorpList.aspx?sa1=cl&scsd=03/07/2017&sced=21/07/2026&sc=06030&src=MAIN&lang=EN&g_lang=en,fe7a4568c4f89efd155c99fd63dcee5b7865474cc2db6be594e2fa44e5d38ea6
06031,521038,"SANY Heavy Industry Co., Ltd.  - H Shares","SANY Heavy Industry Co., Ltd.",521038|521038,"SANY Heavy Industry Co., Ltd.  - A Shares|SANY Heavy Industry Co., Ltd.  - H Shares",True,True,https://di.hkex.com.hk/di/NSSrchCorpList.aspx?sa1=cl&scsd=03/07/2017&sced=21/07/2026&sc=06031&src=MAIN&lang=EN&g_lang=en,4cd613fc43dde649d9d29092b64397b1e636b1240fce73d613667a149f17cf82
06049,261691,"Poly Property Services Co., Ltd.  - H Shares","Poly Property Services Co., Ltd.",261691|261691,"Poly Property Services Co., Ltd.  - Domestic Shares|Poly Property Services Co., Ltd.  - H Shares",True,False,https://di.hkex.com.hk/di/NSSrchCorpList.aspx?sa1=cl&scsd=03/07/2017&sced=21/07/2026&sc=06049&src=MAIN&lang=EN&g_lang=en,cc5f0a90debd11d52a8288a8f796da7c88065742ef2c6d363b631e7c6aba9d37
06055,244008,China Tobacco International (HK) Co. Ltd.,China Tobacco International (HK) Co. Ltd.,244008,China Tobacco International (HK) Co. Ltd.,False,False,https://di.hkex.com.hk/di/NSSrchCorpList.aspx?sa1=cl&scsd=03/07/2017&sced=21/07/2026&sc=06055&src=MAIN&lang=EN&g_lang=en,d8047b94401bcaf82bb0d4b00b7d38cdf45e934a44f4ec44771b24c7d92d6ff8
06060,181257,"ZhongAn Online P & C Insurance Co., Ltd.  - H Shares","ZhongAn Online P & C Insurance Co., Ltd.",181257|181257,"ZhongAn Online P & C Insurance Co., Ltd.  - Domestic Shares|ZhongAn Online P & C Insurance Co., Ltd.  - H Shares",True,False,https://di.hkex.com.hk/di/NSSrchCorpList.aspx?sa1=cl&scsd=03/07/2017&sced=21/07/2026&sc=06060&src=MAIN&lang=EN&g_lang=en,31bf747010fbaeff0e5bfdcd62bc619731dfeec5f3316a66b3e7921a54ea6757
06066,145886,"CSC Financial Co., Ltd.  - H Shares","CSC Financial Co., Ltd.",145886|145886,"CSC Financial Co., Ltd.  - A Shares|CSC Financial Co., Ltd.  - H Shares",True,True,https://di.hkex.com.hk/di/NSSrchCorpList.aspx?sa1=cl&scsd=03/07/2017&sced=21/07/2026&sc=06066&src=MAIN&lang=EN&g_lang=en,73af6950347bcfeff31edbb8473faa16472bef91df5fb646e0395c3fa8ef246b
06067,549121,"Shenzhen Senior Technology Material Co., Ltd.  - H Shares","Shenzhen Senior Technology Material Co., Ltd.",549121|549121,"Shenzhen Senior Technology Material Co., Ltd.  - A Shares|Shenzhen Senior Technology Material Co., Ltd.  - H Shares",True,True,https://di.hkex.com.hk/di/NSSrchCorpList.aspx?sa1=cl&scsd=03/07/2017&sced=21/07/2026&sc=06067&src=MAIN&lang=EN&g_lang=en,23c3b5516c7c116d39d1dbf9414a06b9f3e66357be4645ea63fba68b6158c0bc
06069,256534,SY Holdings Group Ltd.,SY Holdings Group Ltd.,256534,SY Holdings Group Ltd.,False,False,https://di.hkex.com.hk/di/NSSrchCorpList.aspx?sa1=cl&scsd=03/07/2017&sced=21/07/2026&sc=06069&src=MAIN&lang=EN&g_lang=en,887d2b0f52630f25dcf321da02fdf23f7ea8f9bd6315fc3aed8d230772157e7f
06078,287882,"Hygeia Healthcare Holdings Co., Ltd.","Hygeia Healthcare Holdings Co., Ltd.",287882,"Hygeia Healthcare Holdings Co., Ltd.",False,False,https://di.hkex.com.hk/di/NSSrchCorpList.aspx?sa1=cl&scsd=03/07/2017&sced=21/07/2026&sc=06078&src=MAIN&lang=EN&g_lang=en,79328d446283a5bfe31f2f162640d7bdcf3633dcf4b65f9fac9392b01cd8387c
06082,528197,"Shanghai Biren Technology Co., Ltd.  - H Shares","Shanghai Biren Technology Co., Ltd.",528197|528197,"Shanghai Biren Technology Co., Ltd.  - Domestic Shares|Shanghai Biren Technology Co., Ltd.  - H Shares",True,False,https://di.hkex.com.hk/di/NSSrchCorpList.aspx?sa1=cl&scsd=03/07/2017&sced=21/07/2026&sc=06082&src=MAIN&lang=EN&g_lang=en,b9ec2df3b8423ac84ea7b1483f04c2c6dc748efbf0fc9c2c2daee8bb7928c607
06088,175622,FIT Hon Teng Ltd.,FIT Hon Teng Ltd.,175622,FIT Hon Teng Ltd.,False,False,https://di.hkex.com.hk/di/NSSrchCorpList.aspx?sa1=cl&scsd=03/07/2017&sced=21/07/2026&sc=06088&src=MAIN&lang=EN&g_lang=en,6604536cde46c003c48d00f9f5d708abdc9708f9311c1de2be40aeccd1aaa637
06090,516117,BUTONG GROUP,BUTONG GROUP,516117,BUTONG GROUP,False,False,https://di.hkex.com.hk/di/NSSrchCorpList.aspx?sa1=cl&scsd=03/07/2017&sced=21/07/2026&sc=06090&src=MAIN&lang=EN&g_lang=en,3e500a26010e6b5c3780a979cfb8e9b0b10a154f6a80ca532fe33ad81173add7
06098,206444,Country Garden Services Holdings Co. Ltd.,Country Garden Services Holdings Co. Ltd.,206444,Country Garden Services Holdings Co. Ltd.,False,False,https://di.hkex.com.hk/di/NSSrchCorpList.aspx?sa1=cl&scsd=03/07/2017&sced=21/07/2026&sc=06098&src=MAIN&lang=EN&g_lang=en,32d8c4e827bad7443bb3d95199e51ede08c5d5d28a3fb2c53136b9d3898449a2
06099,143804,"China Merchants Securities Co., Ltd.  - H Shares","China Merchants Securities Co., Ltd.",143804|143804,"China Merchants Securities Co., Ltd.  - A Shares|China Merchants Securities Co., Ltd.  - H Shares",True,True,https://di.hkex.com.hk/di/NSSrchCorpList.aspx?sa1=cl&scsd=03/07/2017&sced=21/07/2026&sc=06099&src=MAIN&lang=EN&g_lang=en,ea5417e766cfe67ef276b0e78e3b15982262dac232f52f797729d4bff97d166c
06110,255361,Topsports International Holdings Ltd.,Topsports International Holdings Ltd.,255361,Topsports International Holdings Ltd.,False,False,https://di.hkex.com.hk/di/NSSrchCorpList.aspx?sa1=cl&scsd=03/07/2017&sced=21/07/2026&sc=06110&src=MAIN&lang=EN&g_lang=en,d1177170a1cd065ce9fcbb2f22737f7b12f8a36a857450e877d8233611acccb5
06127,326281,"JOINN Laboratories (China) Co., Ltd.  - H Shares","JOINN Laboratories (China) Co., Ltd.",326281|326281,"JOINN Laboratories (China) Co., Ltd.  - A Shares|JOINN Laboratories (China) Co., Ltd.  - H Shares",True,True,https://di.hkex.com.hk/di/NSSrchCorpList.aspx?sa1=cl&scsd=03/07/2017&sced=21/07/2026&sc=06127&src=MAIN&lang=EN&g_lang=en,a007f56228a73c156bfce31cde615d2ae9b360b0e454271d16d5265346133edf
06160,211760,BeOne Medicines Ltd.,BeOne Medicines Ltd.,211760,BeOne Medicines Ltd.,False,False,https://di.hkex.com.hk/di/NSSrchCorpList.aspx?sa1=cl&scsd=03/07/2017&sced=21/07/2026&sc=06160&src=MAIN&lang=EN&g_lang=en,2a8ccd9a6a0672c60b7af16d3afdbf22491509437f40d6c40c35b061fc46b592
06166,521036,"CIG SHANGHAI CO., LTD.  - H Shares","CIG SHANGHAI CO., LTD.",521036|521036,"CIG SHANGHAI CO., LTD.  - A Shares|CIG SHANGHAI CO., LTD.  - H Shares",True,True,https://di.hkex.com.hk/di/NSSrchCorpList.aspx?sa1=cl&scsd=03/07/2017&sced=21/07/2026&sc=06166&src=MAIN&lang=EN&g_lang=en,2beb2c00ea72aee9c6f92b6b7515fd668b70a3ebc9f1eb95829f3a02f6795b22
06168,505930,"Zhou Liu Fu Jewellery Co., Ltd.  - H Shares","Zhou Liu Fu Jewellery Co., Ltd.",505930|505930,"Zhou Liu Fu Jewellery Co., Ltd.  - H Shares|Zhou Liu Fu Jewellery Co., Ltd.  - Others",True,False,https://di.hkex.com.hk/di/NSSrchCorpList.aspx?sa1=cl&scsd=03/07/2017&sced=21/07/2026&sc=06168&src=MAIN&lang=EN&g_lang=en,38b86fec76f9c239a7ce2be971b1c307f4366ae0acd58a31053069169f844c08
06178,141449,Everbright Securities Co. Ltd.  - H Shares,Everbright Securities Co. Ltd.,141449|141449,Everbright Securities Co. Ltd.  - A Shares|Everbright Securities Co. Ltd.  - H Shares,True,True,https://di.hkex.com.hk/di/NSSrchCorpList.aspx?sa1=cl&scsd=03/07/2017&sced=21/07/2026&sc=06178&src=MAIN&lang=EN&g_lang=en,571cf8216502928d3428110c31d83cf94a4db4fa9bd68661b29ee8c939a1dc2b
06181,468817,"Laopu Gold Co., Ltd.  - H Shares","Laopu Gold Co., Ltd.",468817|468817,"Laopu Gold Co., Ltd.  - Domestic Shares|Laopu Gold Co., Ltd.  - H Shares",True,False,https://di.hkex.com.hk/di/NSSrchCorpList.aspx?sa1=cl&scsd=03/07/2017&sced=21/07/2026&sc=06181&src=MAIN&lang=EN&g_lang=en,8a58b54c3ccb0f55c0d94dabacce728f5a8ddf79a646654ab113252948d3df48
06185,237224,CanSino Biologics Inc.  - H Shares,CanSino Biologics Inc.,237224|237224|237224|237224,CanSino Biologics Inc.  - A Shares|CanSino Biologics Inc.  - Domestic Shares|CanSino Biologics Inc.  - H Shares|CanSino Biologics Inc.  - Others,True,True,https://di.hkex.com.hk/di/NSSrchCorpList.aspx?sa1=cl&scsd=03/07/2017&sced=21/07/2026&sc=06185&src=MAIN&lang=EN&g_lang=en,1c1cff00d3159ab158d29161290104d9ad968edcb512b79635cf1e14bf3ee64d
06186,258299,China Feihe Ltd.,China Feihe Ltd.,258299,China Feihe Ltd.,False,False,https://di.hkex.com.hk/di/NSSrchCorpList.aspx?sa1=cl&scsd=03/07/2017&sced=21/07/2026&sc=06186&src=MAIN&lang=EN&g_lang=en,9d7e19a8694b0ffe7845e45a56cdb200d5b10e668b20d5fcc75ee21da31cfec7
06196,132287,"Bank of Zhengzhou Co., Ltd.  - H Shares","Bank of Zhengzhou Co., Ltd.",132287|132287|132287,"Bank of Zhengzhou Co., Ltd.  - A Shares|Bank of Zhengzhou Co., Ltd.  - Domestic Shares|Bank of Zhengzhou Co., Ltd.  - H Shares",True,True,https://di.hkex.com.hk/di/NSSrchCorpList.aspx?sa1=cl&scsd=03/07/2017&sced=21/07/2026&sc=06196&src=MAIN&lang=EN&g_lang=en,84f97b2485ff6ebfa308943ef2ce9e26c3cc38b00859c4a7395e92a07dfa5e24
06198,104966,"Qingdao Port International Co., Ltd.  - H Shares","Qingdao Port International Co., Ltd.",104966|104966,"Qingdao Port International Co., Ltd.  - A Shares|Qingdao Port International Co., Ltd.  - H Shares",True,True,https://di.hkex.com.hk/di/NSSrchCorpList.aspx?sa1=cl&scsd=03/07/2017&sced=21/07/2026&sc=06198&src=MAIN&lang=EN&g_lang=en,84be0fd12257a9c1184f3b2cc6ed5b2f661942c6ebd921ef4529b3316812c740
06600,528001,"OneRobotics (Shenzhen) Co., Ltd.  - H Shares","OneRobotics (Shenzhen) Co., Ltd.",528001,"OneRobotics (Shenzhen) Co., Ltd.  - H Shares",True,False,https://di.hkex.com.hk/di/NSSrchCorpList.aspx?sa1=cl&scsd=03/07/2017&sced=21/07/2026&sc=06600&src=MAIN&lang=EN&g_lang=en,5a5562b9f1f905c0bad8128e3ea75f526ac5d5d7ad49a35447af3f041429c6be
06603,506207,IFBH Ltd.,IFBH Ltd.,506207,IFBH Ltd.,False,False,https://di.hkex.com.hk/di/NSSrchCorpList.aspx?sa1=cl&scsd=03/07/2017&sced=21/07/2026&sc=06603&src=MAIN&lang=EN&g_lang=en,39a52257f6126b252c99444808f647b51a95ddf6b91fa6d5c0d0c13b96582329
06613,507012,"Lens Technology Co., Ltd.  - H Shares","Lens Technology Co., Ltd.",507012|507012,"Lens Technology Co., Ltd.  - A Shares|Lens Technology Co., Ltd.  - H Shares",True,True,https://di.hkex.com.hk/di/NSSrchCorpList.aspx?sa1=cl&scsd=03/07/2017&sced=21/07/2026&sc=06613&src=MAIN&lang=EN&g_lang=en,ae75989d4538c0bc9e76752e2d3fc15e8d0423bce445c88634895c0dc8c8e6bb
06618,311541,JD Health International Inc.,JD Health International Inc.,311541,JD Health International Inc.,False,False,https://di.hkex.com.hk/di/NSSrchCorpList.aspx?sa1=cl&scsd=03/07/2017&sced=21/07/2026&sc=06618&src=MAIN&lang=EN&g_lang=en,929b256df15bf0d1076ecb783392cd6eba4205c433cb9c71e9d4d0a94f283287
06651,527997,"Beijing 51WORLD Digital Twin Technology Co., Ltd.  - H Shares","Beijing 51WORLD Digital Twin Technology Co., Ltd.",527997|527997,"Beijing 51WORLD Digital Twin Technology Co., Ltd.  - Domestic Shares|Beijing 51WORLD Digital Twin Technology Co., Ltd.  - H Shares",True,False,https://di.hkex.com.hk/di/NSSrchCorpList.aspx?sa1=cl&scsd=03/07/2017&sced=21/07/2026&sc=06651&src=MAIN&lang=EN&g_lang=en,5dda502a7b4fc136bedc1f5ad6737870a8f6f836bd340b27ca1f816d62830156
06655,389947,"HUAXIN BUILDING MATERIALS GROUP CO., LTD.  - H Shares","HUAXIN BUILDING MATERIALS GROUP CO., LTD.",389947|389947,"HUAXIN BUILDING MATERIALS GROUP CO., LTD.  - A Shares|HUAXIN BUILDING MATERIALS GROUP CO., LTD.  - H Shares",True,True,https://di.hkex.com.hk/di/NSSrchCorpList.aspx?sa1=cl&scsd=03/07/2017&sced=21/07/2026&sc=06655&src=MAIN&lang=EN&g_lang=en,50602290635533cf05dbbeeccd17ff99fab7540720d66b7e1e59ff718b888d33
06666,310840,Evergrande Property Services Group Ltd.,Evergrande Property Services Group Ltd.,310840,Evergrande Property Services Group Ltd.,False,False,https://di.hkex.com.hk/di/NSSrchCorpList.aspx?sa1=cl&scsd=03/07/2017&sced=21/07/2026&sc=06666&src=MAIN&lang=EN&g_lang=en,130dd32e7eeb861f136cf60586774cf3aa4ff64914b72e21c6313ad924122c00
06680,377140,"JL Mag Rare-Earth Co., Ltd.  - H Shares","JL Mag Rare-Earth Co., Ltd.",377140|377140,"JL Mag Rare-Earth Co., Ltd.  - A Shares|JL Mag Rare-Earth Co., Ltd.  - H Shares",True,True,https://di.hkex.com.hk/di/NSSrchCorpList.aspx?sa1=cl&scsd=03/07/2017&sced=21/07/2026&sc=06680&src=MAIN&lang=EN&g_lang=en,9d0ac73faffe97787a9ed8cf4cc32cabf7d787672e9cda96ef706fa63943e257
06681,486259,BrainAurora Medical Technology Ltd. - B,BrainAurora Medical Technology Ltd.,486259,BrainAurora Medical Technology Ltd. - B,False,False,https://di.hkex.com.hk/di/NSSrchCorpList.aspx?sa1=cl&scsd=03/07/2017&sced=21/07/2026&sc=06681&src=MAIN&lang=EN&g_lang=en,467ea439c704336f362eb2f5fd8842635e12b75247328827ecc7de40e249e0a2
06682,445971,"Phancy Group Co., Ltd.  - H Shares","Phancy Group Co., Ltd.",445971|445971,"Phancy Group Co., Ltd.  - Domestic Shares|Phancy Group Co., Ltd.  - H Shares",True,False,https://di.hkex.com.hk/di/NSSrchCorpList.aspx?sa1=cl&scsd=03/07/2017&sced=21/07/2026&sc=06682&src=MAIN&lang=EN&g_lang=en,6d6af3bba5d8a53467bff13ac188f9bc98e74abd790441a1e7138b9255415a10
06683,439795,Star Plus Legend Holdings Ltd.,Star Plus Legend Holdings Ltd.,439795,Star Plus Legend Holdings Ltd.,False,False,https://di.hkex.com.hk/di/NSSrchCorpList.aspx?sa1=cl&scsd=03/07/2017&sced=21/07/2026&sc=06683&src=MAIN&lang=EN&g_lang=en,ad4c5781606057a6758257dd6507dcb72f4e362d253a5d63d53522465d69bdd1
06687,519937,JST Group Corporation Ltd.,JST Group Corporation Ltd.,519937,JST Group Corporation Ltd.,False,False,https://di.hkex.com.hk/di/NSSrchCorpList.aspx?sa1=cl&scsd=03/07/2017&sced=21/07/2026&sc=06687&src=MAIN&lang=EN&g_lang=en,a8fe0227e09a090c6cf347ed794212e1b44a9747d00289801ef5bb9861d31732
06690,313463,"Haier Smart Home Co., Ltd.  - H Shares","Haier Smart Home Co., Ltd.",313463|313463|313463,"Haier Smart Home Co., Ltd.  - A Shares|Haier Smart Home Co., Ltd.  - H Shares|Haier Smart Home Co., Ltd.  - Others",True,True,https://di.hkex.com.hk/di/NSSrchCorpList.aspx?sa1=cl&scsd=03/07/2017&sced=21/07/2026&sc=06690&src=MAIN&lang=EN&g_lang=en,3531a1fed0a1cde503892d677499fe581853309941086cf6ae523791dc58c22d
06693,493111,Chifeng Jilong Gold Mining Group Ltd.  - H Shares,Chifeng Jilong Gold Mining Group Ltd.,493111|493111,Chifeng Jilong Gold Mining Group Ltd.  - A Shares|Chifeng Jilong Gold Mining Group Ltd.  - H Shares,True,True,https://di.hkex.com.hk/di/NSSrchCorpList.aspx?sa1=cl&scsd=03/07/2017&sced=21/07/2026&sc=06693&src=MAIN&lang=EN&g_lang=en,3e7aef0a8e8538d5910bbf2bf0d1ad4125dcf8be7403a428bb8ac090c1fff30e
06699,342290,Angelalign Technology Inc.,Angelalign Technology Inc.,342290,Angelalign Technology Inc.,False,False,https://di.hkex.com.hk/di/NSSrchCorpList.aspx?sa1=cl&scsd=03/07/2017&sced=21/07/2026&sc=06699&src=MAIN&lang=EN&g_lang=en,50e1b4960352bca474cc5c38c6ae45cbb75850c7973dfbee4391478d7050c3cd
06745,551548,"Befar Group Co., Ltd  - H Shares","Befar Group Co., Ltd",551548,"Befar Group Co., Ltd  - H Shares",True,False,https://di.hkex.com.hk/di/NSSrchCorpList.aspx?sa1=cl&scsd=03/07/2017&sced=21/07/2026&sc=06745&src=MAIN&lang=EN&g_lang=en,d46f05ecc1f31c73977a3879dd0080382910e02a990906e2cd91f6ef825ca8b5
06806,239911,"Shenwan Hongyuan Group Co., Ltd.  - H Shares","Shenwan Hongyuan Group Co., Ltd.",239911|239911,"Shenwan Hongyuan Group Co., Ltd.  - A Shares|Shenwan Hongyuan Group Co., Ltd.  - H Shares",True,True,https://di.hkex.com.hk/di/NSSrchCorpList.aspx?sa1=cl&scsd=03/07/2017&sced=21/07/2026&sc=06806&src=MAIN&lang=EN&g_lang=en,2a1a7b407829f4ba019c94d7fbe08924322a405548716f117b8e2aa2b847f6ca
06808,62065,Sun Art Retail Group Ltd.,Sun Art Retail Group Ltd.,62065,Sun Art Retail Group Ltd.,False,False,https://di.hkex.com.hk/di/NSSrchCorpList.aspx?sa1=cl&scsd=03/07/2017&sced=21/07/2026&sc=06808&src=MAIN&lang=EN&g_lang=en,1bc9bf1c31f0dcc9eaa365a2839d8183e5fe49bff9f4e45d4276d69efb209853
06809,533402,"Montage Technology Co., Ltd.  - H Shares","Montage Technology Co., Ltd.",533402|533402,"Montage Technology Co., Ltd.  - A Shares|Montage Technology Co., Ltd.  - H Shares",True,True,https://di.hkex.com.hk/di/NSSrchCorpList.aspx?sa1=cl&scsd=03/07/2017&sced=21/07/2026&sc=06809&src=MAIN&lang=EN&g_lang=en,277e826beb914c2d5f3c4812a4b5b9353d19943481b31593a6497b3472086d53
06818,74690,China Everbright Bank Co. Ltd.  - H Shares,China Everbright Bank Co. Ltd.,74690|74690,China Everbright Bank Co. Ltd.  - A Shares|China Everbright Bank Co. Ltd.  - H Shares,True,True,https://di.hkex.com.hk/di/NSSrchCorpList.aspx?sa1=cl&scsd=03/07/2017&sced=21/07/2026&sc=06818&src=MAIN&lang=EN&g_lang=en,05069ff1d4526b4a2b2008e37278c5139f89c0a96462ff25d9ac94ab2290826d
06821,371612,"Asymchem Laboratories (Tianjin) Co., Ltd.  - H Shares","Asymchem Laboratories (Tianjin) Co., Ltd.",371612|371612,"Asymchem Laboratories (Tianjin) Co., Ltd.  - A Shares|Asymchem Laboratories (Tianjin) Co., Ltd.  - H Shares",True,True,https://di.hkex.com.hk/di/NSSrchCorpList.aspx?sa1=cl&scsd=03/07/2017&sced=21/07/2026&sc=06821&src=MAIN&lang=EN&g_lang=en,3cd3a8b4eadad62fc43911a18f016e19d5ba497b8d6dfa90784070aae641a867
06826,119410,"Shanghai Haohai Biological Technology Co., Ltd.  - H Shares","Shanghai Haohai Biological Technology Co., Ltd.",119410|119410|119410,"Shanghai Haohai Biological Technology Co., Ltd.  - A Shares|Shanghai Haohai Biological Technology Co., Ltd.  - Domestic Shares|Shanghai Haohai Biological Technology Co., Ltd.  - H Shares",True,True,https://di.hkex.com.hk/di/NSSrchCorpList.aspx?sa1=cl&scsd=03/07/2017&sced=21/07/2026&sc=06826&src=MAIN&lang=EN&g_lang=en,407e3d26032f71b85a43a8c03ff85066689f3741dd947adb163201940f4643fe
06855,256780,Ascentage Pharma Group International,Ascentage Pharma Group International,256780,Ascentage Pharma Group International,False,False,https://di.hkex.com.hk/di/NSSrchCorpList.aspx?sa1=cl&scsd=03/07/2017&sced=21/07/2026&sc=06855&src=MAIN&lang=EN&g_lang=en,c78aaf38191c13ecf16e7ac32c20e6ef164058d71eaca70dcb458d06ab56573a
06862,217471,Haidilao International Holding Ltd.,Haidilao International Holding Ltd.,217471,Haidilao International Holding Ltd.,False,False,https://di.hkex.com.hk/di/NSSrchCorpList.aspx?sa1=cl&scsd=03/07/2017&sced=21/07/2026&sc=06862&src=MAIN&lang=EN&g_lang=en,e47a0ada9021b8c3f8e338c5bada445d5a5a7f11a11bbf015cbeb52fca89e135
06865,131346,"Flat Glass Group Co., Ltd.  - H Shares","Flat Glass Group Co., Ltd.",131346|131346|131346,"Flat Glass Group Co., Ltd.  - A Shares|Flat Glass Group Co., Ltd.  - H Shares|Flat Glass Group Co., Ltd.  - Others",True,True,https://di.hkex.com.hk/di/NSSrchCorpList.aspx?sa1=cl&scsd=03/07/2017&sced=21/07/2026&sc=06865&src=MAIN&lang=EN&g_lang=en,5559ed9b35b9a812afbeafa359a6edfb6c9718441089cbbf0cc75c01e5beb69a
06869,112575,Yangtze Optical Fibre and Cable Joint Stock Ltd. Co.  - H Shares,Yangtze Optical Fibre and Cable Joint Stock Ltd. Co.,112575|112575,Yangtze Optical Fibre and Cable Joint Stock Ltd. Co.  - A Shares|Yangtze Optical Fibre and Cable Joint Stock Ltd. Co.  - H Shares,True,True,https://di.hkex.com.hk/di/NSSrchCorpList.aspx?sa1=cl&scsd=03/07/2017&sced=21/07/2026&sc=06869&src=MAIN&lang=EN&g_lang=en,b910512b43be833a870365a8477eafdaa291c79ea58b8217527bb23b582d5e85
06881,85606,"China Galaxy Securities Co., Ltd.  - H Shares","China Galaxy Securities Co., Ltd.",85606|85606,"China Galaxy Securities Co., Ltd.  - A Shares|China Galaxy Securities Co., Ltd.  - H Shares",True,True,https://di.hkex.com.hk/di/NSSrchCorpList.aspx?sa1=cl&scsd=03/07/2017&sced=21/07/2026&sc=06881&src=MAIN&lang=EN&g_lang=en,40ac6beb317d91e5bc9339db0f9162d6ec4d9017d96ef76f4df4f7858d5afaae
06886,122390,"Huatai Securities Co., Ltd.  - H Shares","Huatai Securities Co., Ltd.",122390|122390,"Huatai Securities Co., Ltd.  - A Shares|Huatai Securities Co., Ltd.  - H Shares",True,True,https://di.hkex.com.hk/di/NSSrchCorpList.aspx?sa1=cl&scsd=03/07/2017&sced=21/07/2026&sc=06886&src=MAIN&lang=EN&g_lang=en,5cae476e3fd293505b157d04c89169ec1fb6424f04dbbce4fb485a220cc683ae
06936,483347,"S.F. Holding Co., Ltd.  - H Shares","S.F. Holding Co., Ltd.",483347|483347,"S.F. Holding Co., Ltd.  - A Shares|S.F. Holding Co., Ltd.  - H Shares",True,True,https://di.hkex.com.hk/di/NSSrchCorpList.aspx?sa1=cl&scsd=03/07/2017&sced=21/07/2026&sc=06936&src=MAIN&lang=EN&g_lang=en,f0bc891d1c6ae9f2f4aeac2c20354ab4fe21b78334ae0597f83008929c7c57d7
06955,422328,"Shandong Boan Biotechnology Co., Ltd.  - H Shares","Shandong Boan Biotechnology Co., Ltd.",422328,"Shandong Boan Biotechnology Co., Ltd.  - H Shares",True,False,https://di.hkex.com.hk/di/NSSrchCorpList.aspx?sa1=cl&scsd=03/07/2017&sced=21/07/2026&sc=06955&src=MAIN&lang=EN&g_lang=en,0adbc8638bdab2d9b4e6c92cf11c835d022ad2e872c9a0dfd319367a478c9ddc
06963,420600,Sunshine Insurance Group Co. Ltd.  - H Shares,Sunshine Insurance Group Co. Ltd.,420600|420600,Sunshine Insurance Group Co. Ltd.  - Domestic Shares|Sunshine Insurance Group Co. Ltd.  - H Shares,True,False,https://di.hkex.com.hk/di/NSSrchCorpList.aspx?sa1=cl&scsd=03/07/2017&sced=21/07/2026&sc=06963&src=MAIN&lang=EN&g_lang=en,6fe5975c5e29eb7ecc77311e943dad17743192c734edf391f8381135c95986ad
06969,289808,Smoore International Holdings Ltd.,Smoore International Holdings Ltd.,289808,Smoore International Holdings Ltd.,False,False,https://di.hkex.com.hk/di/NSSrchCorpList.aspx?sa1=cl&scsd=03/07/2017&sced=21/07/2026&sc=06969&src=MAIN&lang=EN&g_lang=en,5acd3c3fa281f8a51d88a362457a9f723fc877d86540d7b15999cfb77306121e
06979,433721,ZJLD Group Inc,ZJLD Group Inc,433721,ZJLD Group Inc,False,False,https://di.hkex.com.hk/di/NSSrchCorpList.aspx?sa1=cl&scsd=03/07/2017&sced=21/07/2026&sc=06979&src=MAIN&lang=EN&g_lang=en,e77b82ccadda6dd5d733866a8ce5685508cf3bd63b125e7f221fcc7b9a9173b6
06990,439537,"Sichuan Kelun-Biotech Biopharmaceutical Co., Ltd.  - H Shares","Sichuan Kelun-Biotech Biopharmaceutical Co., Ltd.",439537|439537|439537|439537,"Sichuan Kelun-Biotech Biopharmaceutical Co., Ltd.  - A Shares|Sichuan Kelun-Biotech Biopharmaceutical Co., Ltd.  - Domestic Shares|Sichuan Kelun-Biotech Biopharmaceutical Co., Ltd.  - H Shares|Sichuan Kelun-Biotech Biopharmaceutical Co., Ltd.  - Others",True,True,https://di.hkex.com.hk/di/NSSrchCorpList.aspx?sa1=cl&scsd=03/07/2017&sced=21/07/2026&sc=06990&src=MAIN&lang=EN&g_lang=en,e08596a62b08b964ccc4940296219ea2074246404edf29fd4e266d34ff4a9516
06993,312512,Blue Moon Group Holdings Ltd.,Blue Moon Group Holdings Ltd.,312512,Blue Moon Group Holdings Ltd.,False,False,https://di.hkex.com.hk/di/NSSrchCorpList.aspx?sa1=cl&scsd=03/07/2017&sced=21/07/2026&sc=06993&src=MAIN&lang=EN&g_lang=en,5d78adf874ffac7c0832e15926507aed7f654de4f45d514e5f9830f389e48a6f
07618,526352,"JINGDONG Industrials, Inc.","JINGDONG Industrials, Inc.",526352,"JINGDONG Industrials, Inc.",False,False,https://di.hkex.com.hk/di/NSSrchCorpList.aspx?sa1=cl&scsd=03/07/2017&sced=21/07/2026&sc=07618&src=MAIN&lang=EN&g_lang=en,654c98083e90dcd0313d2d56693a14d75920fe2fd6944d73280c1a8458980574
09606,498804,"Duality Biotherapeutics, Inc. - B","Duality Biotherapeutics, Inc.",498804,"Duality Biotherapeutics, Inc. - B",False,False,https://di.hkex.com.hk/di/NSSrchCorpList.aspx?sa1=cl&scsd=03/07/2017&sced=21/07/2026&sc=09606&src=MAIN&lang=EN&g_lang=en,39f67378b8aed5e30759308325d47a80849809cbae0a942a487cdd093eca0d6b
09611,530826,"Shanghai Longcheer Technology Co., Ltd.  - H Shares","Shanghai Longcheer Technology Co., Ltd.",530826|530826,"Shanghai Longcheer Technology Co., Ltd.  - A Shares|Shanghai Longcheer Technology Co., Ltd.  - H Shares",True,True,https://di.hkex.com.hk/di/NSSrchCorpList.aspx?sa1=cl&scsd=03/07/2017&sced=21/07/2026&sc=09611&src=MAIN&lang=EN&g_lang=en,7f142012d6b7d821e5eb80057a019d81aa45959a30476e77033093bc66cb09b3
09626,331630,Bilibili Inc. - W,Bilibili Inc.,331630,Bilibili Inc. - W,False,False,https://di.hkex.com.hk/di/NSSrchCorpList.aspx?sa1=cl&scsd=03/07/2017&sced=21/07/2026&sc=09626&src=MAIN&lang=EN&g_lang=en,f68356f24b059c6ad60b1cb5c49cd1d53959dc0fdfb3bb996512cf1c09ec9320
09633,299644,"Nongfu Spring Co., Ltd.  - H Shares","Nongfu Spring Co., Ltd.",299644|299644,"Nongfu Spring Co., Ltd.  - Domestic Shares|Nongfu Spring Co., Ltd.  - H Shares",True,False,https://di.hkex.com.hk/di/NSSrchCorpList.aspx?sa1=cl&scsd=03/07/2017&sced=21/07/2026&sc=09633&src=MAIN&lang=EN&g_lang=en,cafbc703f136afe8f7a8c228e482dbbe90661dc91a6d2a3f85feade241eb805c
09636,429726,JF SmartInvest Holdings Ltd,JF SmartInvest Holdings Ltd,429726,JF SmartInvest Holdings Ltd,False,False,https://di.hkex.com.hk/di/NSSrchCorpList.aspx?sa1=cl&scsd=03/07/2017&sced=21/07/2026&sc=09636&src=MAIN&lang=EN&g_lang=en,a1156696a1582b09847fa6b6621af0a4dd398cb663b26ff3ac91b3a20ffd636d
09658,422329,SUPER HI INTERNATIONAL HOLDING LTD.,SUPER HI INTERNATIONAL HOLDING LTD.,422329,SUPER HI INTERNATIONAL HOLDING LTD.,False,False,https://di.hkex.com.hk/di/NSSrchCorpList.aspx?sa1=cl&scsd=03/07/2017&sced=21/07/2026&sc=09658&src=MAIN&lang=EN&g_lang=en,bf0e57d92f496e61f07fae2b14dae0d5d78d5311410b562f4dae8cd0220e8580
09660,480567,Horizon Robotics - W,Horizon Robotics,480567,Horizon Robotics - W,False,False,https://di.hkex.com.hk/di/NSSrchCorpList.aspx?sa1=cl&scsd=03/07/2017&sced=21/07/2026&sc=09660&src=MAIN&lang=EN&g_lang=en,503b44783bece3a35a7d1a98a6429ed8c9302474d9c32356b539fa6654c03975
09678,506206,"Unisound AI Technology Co., Ltd.  - H Shares","Unisound AI Technology Co., Ltd.",506206|506206|506206,"Unisound AI Technology Co., Ltd.  - Domestic Shares|Unisound AI Technology Co., Ltd.  - H Shares|Unisound AI Technology Co., Ltd.  - Others",True,False,https://di.hkex.com.hk/di/NSSrchCorpList.aspx?sa1=cl&scsd=03/07/2017&sced=21/07/2026&sc=09678&src=MAIN&lang=EN&g_lang=en,cf8a3c63c734ac389e3f401d6c24c5b304772d698991cbd5c6d410234dca09cd
09688,301957,Zai Lab Ltd.,Zai Lab Ltd.,301957,Zai Lab Ltd.,False,False,https://di.hkex.com.hk/di/NSSrchCorpList.aspx?sa1=cl&scsd=03/07/2017&sced=21/07/2026&sc=09688&src=MAIN&lang=EN&g_lang=en,1d822532f50dc4307e2cf779b7fe18165b95ba2b65c9155f76a41c5224b3247c
09690,445711,TUHU Car Inc. - W,TUHU Car Inc.,445711,TUHU Car Inc. - W,False,False,https://di.hkex.com.hk/di/NSSrchCorpList.aspx?sa1=cl&scsd=03/07/2017&sced=21/07/2026&sc=09690&src=MAIN&lang=EN&g_lang=en,d619c3bbecdd57507eab740c525a5e58f8aa0fef7f679fb176107d7cbc700ec2
09696,401944,Tianqi Lithium Corporation  - H Shares,Tianqi Lithium Corporation,401944|401944,Tianqi Lithium Corporation  - A Shares|Tianqi Lithium Corporation  - H Shares,True,True,https://di.hkex.com.hk/di/NSSrchCorpList.aspx?sa1=cl&scsd=03/07/2017&sced=21/07/2026&sc=09696&src=MAIN&lang=EN&g_lang=en,2c25c6a3f28174a3bcd6141d578f0919f4a65ff1a35042f39e6117c594e987be
09699,372062,"Hangzhou SF Intra-city Industrial Co., Ltd.  - H Shares","Hangzhou SF Intra-city Industrial Co., Ltd.",372062|372062|372062|372062,"Hangzhou SF Intra-city Industrial Co., Ltd.  - A Shares|Hangzhou SF Intra-city Industrial Co., Ltd.  - Domestic Shares|Hangzhou SF Intra-city Industrial Co., Ltd.  - H Shares|Hangzhou SF Intra-city Industrial Co., Ltd.  - Others",True,True,https://di.hkex.com.hk/di/NSSrchCorpList.aspx?sa1=cl&scsd=03/07/2017&sced=21/07/2026&sc=09699&src=MAIN&lang=EN&g_lang=en,2ba4533d80ee26491382bab04441f5654db992b5b2031611bc2e1626faa5b900
09858,342590,China Youran Dairy Group Ltd.,China Youran Dairy Group Ltd.,342590,China Youran Dairy Group Ltd.,False,False,https://di.hkex.com.hk/di/NSSrchCorpList.aspx?sa1=cl&scsd=03/07/2017&sced=21/07/2026&sc=09858&src=MAIN&lang=EN&g_lang=en,6a07096c47a248c000ec17c85b0db77ffb888769bc9c8126d3c17791e7ee7a4c
09863,410580,"Zhejiang Leapmotor Technology Co., Ltd.  - H Shares","Zhejiang Leapmotor Technology Co., Ltd.",410580|410580,"Zhejiang Leapmotor Technology Co., Ltd.  - Domestic Shares|Zhejiang Leapmotor Technology Co., Ltd.  - H Shares",True,False,https://di.hkex.com.hk/di/NSSrchCorpList.aspx?sa1=cl&scsd=03/07/2017&sced=21/07/2026&sc=09863&src=MAIN&lang=EN&g_lang=en,779a3b15d3eec8d3a9aec5f454d5dfdda9320760e180672b60780f974f8ffb6e
09868,344879,XPeng Inc. - W,XPeng Inc.,344879,XPeng Inc. - W,False,False,https://di.hkex.com.hk/di/NSSrchCorpList.aspx?sa1=cl&scsd=03/07/2017&sced=21/07/2026&sc=09868&src=MAIN&lang=EN&g_lang=en,cc5f087d619018f1b78754f4cd140acb46fca0e90917d7a517d0ed134f2c2eb3
09880,453466,UBTECH ROBOTICS CORP LTD  - H Shares,UBTECH ROBOTICS CORP LTD,453466|453466|453466,UBTECH ROBOTICS CORP LTD  - A Shares|UBTECH ROBOTICS CORP LTD  - Domestic Shares|UBTECH ROBOTICS CORP LTD  - H Shares,True,True,https://di.hkex.com.hk/di/NSSrchCorpList.aspx?sa1=cl&scsd=03/07/2017&sced=21/07/2026&sc=09880&src=MAIN&lang=EN&g_lang=en,8bf660ae15c7c1567138ee8323c5dc9db2bb930c5e0b718c259ec7341100f952
09887,508582,"Nanjing Leads Biolabs Co., Ltd. - B  - H Shares","Nanjing Leads Biolabs Co., Ltd.",508582|508582,"Nanjing Leads Biolabs Co., Ltd. - B  - Domestic Shares|Nanjing Leads Biolabs Co., Ltd. - B  - H Shares",True,False,https://di.hkex.com.hk/di/NSSrchCorpList.aspx?sa1=cl&scsd=03/07/2017&sced=21/07/2026&sc=09887&src=MAIN&lang=EN&g_lang=en,211396372af654ece22432d33c63ee14a3e46d600c087918d4b684ab43d449e4
09890,445970,Tanwan Inc.,Tanwan Inc.,445970,Tanwan Inc.,False,False,https://di.hkex.com.hk/di/NSSrchCorpList.aspx?sa1=cl&scsd=03/07/2017&sced=21/07/2026&sc=09890&src=MAIN&lang=EN&g_lang=en,9ea455ea4cbc4cc42937888ce75c4206b42d7d8c53e4b1c03df834f63d012292
09896,401943,MINISO Group Holding Ltd.,MINISO Group Holding Ltd.,401943,MINISO Group Holding Ltd.,False,False,https://di.hkex.com.hk/di/NSSrchCorpList.aspx?sa1=cl&scsd=03/07/2017&sced=21/07/2026&sc=09896&src=MAIN&lang=EN&g_lang=en,0844efe7dbbf6c30cf0d2dd8595bde0c589cef6aff1077a7531345d68c422e5c
09899,369850,NetEase Cloud Music Inc.,NetEase Cloud Music Inc.,369850,NetEase Cloud Music Inc.,False,False,https://di.hkex.com.hk/di/NSSrchCorpList.aspx?sa1=cl&scsd=03/07/2017&sced=21/07/2026&sc=09899&src=MAIN&lang=EN&g_lang=en,9f61604e8a4e10a5f24cee9341fd50941a934c544938a930057d08d60aefce33
09903,528800,"Shanghai Iluvatar CoreX Semiconductor Co., Ltd.  - H Shares","Shanghai Iluvatar CoreX Semiconductor Co., Ltd.",528800|528800,"Shanghai Iluvatar CoreX Semiconductor Co., Ltd.  - Domestic Shares|Shanghai Iluvatar CoreX Semiconductor Co., Ltd.  - H Shares",True,False,https://di.hkex.com.hk/di/NSSrchCorpList.aspx?sa1=cl&scsd=03/07/2017&sced=21/07/2026&sc=09903&src=MAIN&lang=EN&g_lang=en,ee2ce2e83864e42f2e3c6ecc30d8813b6f5be5a0b285ebf418f3bd7db4e308f8
09911,262946,Newborn Town Inc.,Newborn Town Inc.,262946,Newborn Town Inc.,False,False,https://di.hkex.com.hk/di/NSSrchCorpList.aspx?sa1=cl&scsd=03/07/2017&sced=21/07/2026&sc=09911&src=MAIN&lang=EN&g_lang=en,9b68ac6074c8aaf4643cd1502a0dd37edb7d413508b233faee32b75989a82440
09926,279347,"Akeso, Inc.","Akeso, Inc.",279347,"Akeso, Inc.",False,False,https://di.hkex.com.hk/di/NSSrchCorpList.aspx?sa1=cl&scsd=03/07/2017&sced=21/07/2026&sc=09926&src=MAIN&lang=EN&g_lang=en,7ba24578d492607a9b0ae95616a0ed7841ce44ce55dce524bb0c5149904721f3
09927,521874,"Seres Group Co., Ltd.  - H Shares","Seres Group Co., Ltd.",521874|521874,"Seres Group Co., Ltd.  - A Shares|Seres Group Co., Ltd.  - H Shares",True,True,https://di.hkex.com.hk/di/NSSrchCorpList.aspx?sa1=cl&scsd=03/07/2017&sced=21/07/2026&sc=09927&src=MAIN&lang=EN&g_lang=en,7771a73b5d79e5f9d61b156cf6c6ce35952c88625adbc14dd63b3700352295e2
09969,274460,InnoCare Pharma Ltd.,InnoCare Pharma Ltd.,274460,InnoCare Pharma Ltd.,False,False,https://di.hkex.com.hk/di/NSSrchCorpList.aspx?sa1=cl&scsd=03/07/2017&sced=21/07/2026&sc=09969&src=MAIN&lang=EN&g_lang=en,4972261efa0e3339f93796f7d9c76b42057b52a249142820a7c88a9f8fa978e1
09973,516520,"Chery Automobile Co., Ltd.  - H Shares","Chery Automobile Co., Ltd.",516520|516520,"Chery Automobile Co., Ltd.  - H Shares|Chery Automobile Co., Ltd.  - Others",True,False,https://di.hkex.com.hk/di/NSSrchCorpList.aspx?sa1=cl&scsd=03/07/2017&sced=21/07/2026&sc=09973&src=MAIN&lang=EN&g_lang=en,95c30eade6623dc9be0a8161429725472694068b17810facadd06d8d4d77f6e3
09980,532371,"Eastroc Beverage (Group) Co., Ltd.  - H Shares","Eastroc Beverage (Group) Co., Ltd.",532371|532371,"Eastroc Beverage (Group) Co., Ltd.  - A Shares|Eastroc Beverage (Group) Co., Ltd.  - H Shares",True,True,https://di.hkex.com.hk/di/NSSrchCorpList.aspx?sa1=cl&scsd=03/07/2017&sced=21/07/2026&sc=09980&src=MAIN&lang=EN&g_lang=en,1fae61ce85492c8753ead824f047d92dfa3a9ba53683602821c6d3f3d6830493
09981,534355,"Shenzhen Woer Heat-Shrinkable Material Co., Ltd.  - H Shares","Shenzhen Woer Heat-Shrinkable Material Co., Ltd.",534355|534355,"Shenzhen Woer Heat-Shrinkable Material Co., Ltd.  - A Shares|Shenzhen Woer Heat-Shrinkable Material Co., Ltd.  - H Shares",True,True,https://di.hkex.com.hk/di/NSSrchCorpList.aspx?sa1=cl&scsd=03/07/2017&sced=21/07/2026&sc=09981&src=MAIN&lang=EN&g_lang=en,171bd416af4f59fbcf8136c505e0e4b2791ed044dbcbf6629e1f57912de35c6f
09985,421282,WEILONG Delicious Global Holdings Ltd.,WEILONG Delicious Global Holdings Ltd.,421282,WEILONG Delicious Global Holdings Ltd.,False,False,https://di.hkex.com.hk/di/NSSrchCorpList.aspx?sa1=cl&scsd=03/07/2017&sced=21/07/2026&sc=09985&src=MAIN&lang=EN&g_lang=en,4ed574b063fd77fcb906009338ece81c5fae54c0fa80698c8cfdf0f7222b9c77
09987,300033,"Yum China Holdings, Inc.","Yum China Holdings, Inc.",300033,"Yum China Holdings, Inc.",False,False,https://di.hkex.com.hk/di/NSSrchCorpList.aspx?sa1=cl&scsd=03/07/2017&sced=21/07/2026&sc=09987&src=MAIN&lang=EN&g_lang=en,d7149bbb5e93009d311e5a6080154b6e7449e950106cbf4b06aa9774e36d4198
09988,259524,Alibaba Group Holding Ltd. - W,Alibaba Group Holding Ltd.,259524,Alibaba Group Holding Ltd. - W,False,False,https://di.hkex.com.hk/di/NSSrchCorpList.aspx?sa1=cl&scsd=03/07/2017&sced=21/07/2026&sc=09988&src=MAIN&lang=EN&g_lang=en,537975b6c77d8f1e7245dbe07216f84aeffab00260c49d810386662cf770fd26
09989,289277,"Shenzhen Hepalink Pharmaceutical Group Co., Ltd.  - H Shares","Shenzhen Hepalink Pharmaceutical Group Co., Ltd.",289277|289277,"Shenzhen Hepalink Pharmaceutical Group Co., Ltd.  - A Shares|Shenzhen Hepalink Pharmaceutical Group Co., Ltd.  - H Shares",True,True,https://di.hkex.com.hk/di/NSSrchCorpList.aspx?sa1=cl&scsd=03/07/2017&sced=21/07/2026&sc=09989&src=MAIN&lang=EN&g_lang=en,40f37b468fbee4bb541b8e613e157a824c3528420c43576aa9875bba54ae5292
09992,312028,Pop Mart International Group Ltd.,Pop Mart International Group Ltd.,312028,Pop Mart International Group Ltd.,False,False,https://di.hkex.com.hk/di/NSSrchCorpList.aspx?sa1=cl&scsd=03/07/2017&sced=21/07/2026&sc=09992&src=MAIN&lang=EN&g_lang=en,7978b467ee962dfbbdc4a5ac81bfc875df07c94896beb17d51e34d42811e09d9
09993,305160,Radiance Holdings (Group) Co. Ltd.,Radiance Holdings (Group) Co. Ltd.,305160,Radiance Holdings (Group) Co. Ltd.,False,False,https://di.hkex.com.hk/di/NSSrchCorpList.aspx?sa1=cl&scsd=03/07/2017&sced=21/07/2026&sc=09993&src=MAIN&lang=EN&g_lang=en,01ba40454b0853d1ed9b5cdfee9bb7f6608726fc3b2318b63cf1be2a5c2dad81
09995,306565,"RemeGen Co., Ltd.  - H Shares","RemeGen Co., Ltd.",306565|306565|306565|306565,"RemeGen Co., Ltd.  - A Shares|RemeGen Co., Ltd.  - Domestic Shares|RemeGen Co., Ltd.  - H Shares|RemeGen Co., Ltd.  - Others",True,True,https://di.hkex.com.hk/di/NSSrchCorpList.aspx?sa1=cl&scsd=03/07/2017&sced=21/07/2026&sc=09995&src=MAIN&lang=EN&g_lang=en,7020c40cb8a0b2f4f6f728523063e49c3ed076a3f088bb3c01da61d4f521ca6d
09999,285624,"NetEase, Inc.","NetEase, Inc.",285624,"NetEase, Inc.",False,False,https://di.hkex.com.hk/di/NSSrchCorpList.aspx?sa1=cl&scsd=03/07/2017&sced=21/07/2026&sc=09999&src=MAIN&lang=EN&g_lang=en,e1dea9fef46170a6289b1965b319987a2352da3fc3aaf488c81d7304e2e30ad2
