as_of_date,symbol,board,list_date,is_st,is_suspended,event_flag_count,history_state,history_observations,history_coverage_ratio_250,history_start_date,latest_history_date,provider_id,adjustment_mode,factor_record_quality,confidence_grade,available_factor_count,missing_factor_count
2026-07-16,920000.BJ,BSE,2020-12-23,False,False,0,READY,463,1.0,2024-08-15,2026-07-16,sina_daily,qfq,VALID,A,26,0
2026-07-16,920001.BJ,BSE,2022-12-27,False,False,0,READY,463,1.0,2024-08-15,2026-07-16,sina_daily,qfq,VALID,A,26,0
2026-07-16,920002.BJ,BSE,2024-05-30,False,False,0,READY,463,1.0,2024-08-15,2026-07-16,sina_daily,qfq,VALID,A,26,0
2026-07-16,920003.BJ,BSE,2025-11-07,False,False,0,READY,167,1.0,2025-11-07,2026-07-16,sina_daily,qfq,PARTIAL,B,24,2
2026-07-16,920005.BJ,BSE,2025-07-31,False,False,0,READY,232,1.0,2025-07-31,2026-07-16,sina_daily,qfq,PARTIAL,B,24,2
2026-07-16,920006.BJ,BSE,2023-05-18,False,False,0,READY,463,1.0,2024-08-15,2026-07-16,sina_daily,qfq,VALID,A,26,0
2026-07-16,920007.BJ,BSE,2025-08-08,False,False,0,READY,226,1.0,2025-08-08,2026-07-16,sina_daily,qfq,PARTIAL,B,24,2
2026-07-16,920008.BJ,BSE,2024-08-29,False,False,0,READY,453,1.0,2024-08-29,2026-07-16,sina_daily,qfq,VALID,A,26,0
2026-07-16,920009.BJ,BSE,2025-11-03,False,False,0,READY,171,1.0,2025-11-03,2026-07-16,sina_daily,qfq,PARTIAL,B,24,2
2026-07-16,920010.BJ,BSE,2020-07-27,False,False,0,READY,463,1.0,2024-08-15,2026-07-16,sina_daily,qfq,VALID,A,26,0
2026-07-16,920011.BJ,BSE,2026-04-08,False,False,0,READY,68,1.0,2026-04-08,2026-07-16,sina_daily,qfq,PARTIAL,B,17,9
2026-07-16,920012.BJ,BSE,2026-04-13,False,False,0,READY,65,1.0,2026-04-13,2026-07-16,sina_daily,qfq,PARTIAL,B,17,9
2026-07-16,920014.BJ,BSE,2022-12-13,False,False,0,READY,463,1.0,2024-08-15,2026-07-16,sina_daily,qfq,VALID,A,26,0
2026-07-16,920015.BJ,BSE,2025-09-25,False,False,0,READY,192,1.0,2025-09-25,2026-07-16,sina_daily,qfq,PARTIAL,B,24,2
2026-07-16,920016.BJ,BSE,2024-09-13,False,False,0,READY,442,1.0,2024-09-13,2026-07-16,sina_daily,qfq,VALID,A,26,0
2026-07-16,920017.BJ,BSE,2023-05-31,False,False,0,READY,463,1.0,2024-08-15,2026-07-16,sina_daily,qfq,VALID,A,26,0
2026-07-16,920018.BJ,BSE,2025-08-20,False,False,0,READY,218,1.0,2025-08-20,2026-07-16,sina_daily,qfq,PARTIAL,B,24,2
2026-07-16,920019.BJ,BSE,2024-10-11,False,False,0,READY,429,1.0,2024-10-11,2026-07-16,sina_daily,qfq,VALID,A,26,0
2026-07-16,920020.BJ,BSE,2025-10-28,False,False,0,READY,175,1.0,2025-10-28,2026-07-16,sina_daily,qfq,PARTIAL,B,24,2
2026-07-16,920021.BJ,BSE,2020-07-27,False,False,0,READY,463,1.0,2024-08-15,2026-07-16,sina_daily,qfq,VALID,A,26,0
2026-07-16,920022.BJ,BSE,2025-09-19,False,False,0,READY,196,1.0,2025-09-19,2026-07-16,sina_daily,qfq,PARTIAL,B,24,2
2026-07-16,920023.BJ,BSE,2023-02-02,True,False,0,READY,462,0.996,2024-08-15,2026-07-16,sina_daily,qfq,VALID,A,26,0
2026-07-16,920026.BJ,BSE,2023-10-19,False,False,0,READY,463,1.0,2024-08-15,2026-07-16,sina_daily,qfq,VALID,A,26,0
2026-07-16,920027.BJ,BSE,2025-06-10,False,False,0,READY,269,1.0,2025-06-10,2026-07-16,sina_daily,qfq,VALID,A,26,0
2026-07-16,920028.BJ,BSE,2026-03-20,False,False,0,READY,80,1.0,2026-03-20,2026-07-16,sina_daily,qfq,PARTIAL,B,17,9
2026-07-16,920029.BJ,BSE,2025-03-28,False,False,0,READY,316,1.0,2025-03-28,2026-07-16,sina_daily,qfq,VALID,A,26,0
2026-07-16,920030.BJ,BSE,2020-11-27,False,False,0,READY,463,1.0,2024-08-15,2026-07-16,sina_daily,qfq,VALID,A,26,0
2026-07-16,920033.BJ,BSE,2022-12-21,False,False,0,READY,463,1.0,2024-08-15,2026-07-16,sina_daily,qfq,VALID,A,26,0
2026-07-16,920035.BJ,BSE,2025-12-02,False,False,0,READY,150,1.0,2025-12-02,2026-07-16,sina_daily,qfq,PARTIAL,B,24,2
2026-07-16,920036.BJ,BSE,2026-03-09,False,False,0,READY,89,1.0,2026-03-09,2026-07-16,sina_daily,qfq,PARTIAL,B,20,6
2026-07-16,920037.BJ,BSE,2025-06-26,False,False,0,READY,257,1.0,2025-06-26,2026-07-16,sina_daily,qfq,VALID,A,26,0
2026-07-16,920039.BJ,BSE,2021-08-18,False,False,0,READY,463,1.0,2024-08-15,2026-07-16,sina_daily,qfq,VALID,A,26,0
2026-07-16,920045.BJ,BSE,2025-12-31,False,False,0,READY,129,1.0,2025-12-31,2026-07-16,sina_daily,qfq,PARTIAL,B,24,2
2026-07-16,920046.BJ,BSE,2022-10-13,False,False,0,READY,463,1.0,2024-08-15,2026-07-16,sina_daily,qfq,VALID,A,26,0
2026-07-16,920047.BJ,BSE,2020-11-24,False,False,0,READY,463,1.0,2024-08-15,2026-07-16,sina_daily,qfq,VALID,A,26,0
2026-07-16,920050.BJ,BSE,2026-01-21,False,False,0,READY,116,1.0,2026-01-21,2026-07-16,sina_daily,qfq,PARTIAL,B,20,6
2026-07-16,920055.BJ,BSE,2026-03-31,False,False,0,READY,73,1.0,2026-03-31,2026-07-16,sina_daily,qfq,PARTIAL,B,17,9
2026-07-16,920056.BJ,BSE,2025-08-22,False,False,0,READY,216,1.0,2025-08-22,2026-07-16,sina_daily,qfq,PARTIAL,B,24,2
2026-07-16,920057.BJ,BSE,2023-03-14,False,False,0,READY,463,1.0,2024-08-15,2026-07-16,sina_daily,qfq,VALID,A,26,0
2026-07-16,920058.BJ,BSE,2023-08-10,False,False,0,READY,453,0.96,2024-08-15,2026-07-16,sina_daily,qfq,VALID,A,26,0
2026-07-16,920060.BJ,BSE,2024-11-19,False,False,0,READY,402,1.0,2024-11-19,2026-07-16,sina_daily,qfq,VALID,A,26,0
2026-07-16,920061.BJ,BSE,2023-12-21,False,False,0,READY,463,1.0,2024-08-15,2026-07-16,sina_daily,qfq,VALID,A,26,0
2026-07-16,920062.BJ,BSE,2022-07-13,False,False,0,READY,463,1.0,2024-08-15,2026-07-16,sina_daily,qfq,VALID,A,26,0
2026-07-16,920066.BJ,BSE,2024-10-31,False,False,0,READY,415,1.0,2024-10-31,2026-07-16,sina_daily,qfq,VALID,A,26,0
2026-07-16,920068.BJ,BSE,2025-05-13,False,False,0,READY,288,1.0,2025-05-13,2026-07-16,sina_daily,qfq,VALID,A,26,0
2026-07-16,920069.BJ,BSE,2026-03-27,False,False,0,READY,75,1.0,2026-03-27,2026-07-16,sina_daily,qfq,PARTIAL,B,17,9
2026-07-16,920072.BJ,BSE,2026-06-29,False,False,0,READY,14,1.0,2026-06-29,2026-07-16,sina_daily,qfq,PARTIAL,B,4,22
2026-07-16,920075.BJ,BSE,2022-12-14,False,False,0,READY,463,1.0,2024-08-15,2026-07-16,sina_daily,qfq,VALID,A,26,0
2026-07-16,920076.BJ,BSE,2026-01-22,False,False,0,READY,115,1.0,2026-01-22,2026-07-16,sina_daily,qfq,PARTIAL,B,20,6
2026-07-16,920077.BJ,BSE,2021-08-31,False,False,0,READY,463,1.0,2024-08-15,2026-07-16,sina_daily,qfq,VALID,A,26,0
2026-07-16,920078.BJ,BSE,2026-03-18,False,False,0,READY,82,1.0,2026-03-18,2026-07-16,sina_daily,qfq,PARTIAL,B,20,6
2026-07-16,920080.BJ,BSE,2025-10-10,False,False,0,READY,187,1.0,2025-10-10,2026-07-16,sina_daily,qfq,PARTIAL,B,24,2
2026-07-16,920081.BJ,BSE,2026-07-10,False,False,0,READY,5,1.0,2026-07-10,2026-07-16,sina_daily,qfq,PARTIAL,B,4,22
2026-07-16,920082.BJ,BSE,2024-12-26,False,False,0,READY,375,1.0,2024-12-26,2026-07-16,sina_daily,qfq,VALID,A,26,0
2026-07-16,920083.BJ,BSE,2026-06-11,False,False,0,READY,25,1.0,2026-06-11,2026-07-16,sina_daily,qfq,PARTIAL,B,7,19
2026-07-16,920086.BJ,BSE,2026-01-16,False,False,0,READY,119,1.0,2026-01-16,2026-07-16,sina_daily,qfq,PARTIAL,B,20,6
2026-07-16,920087.BJ,BSE,2022-12-07,False,False,0,READY,463,1.0,2024-08-15,2026-07-16,sina_daily,qfq,VALID,A,26,0
2026-07-16,920088.BJ,BSE,2024-10-29,False,False,0,READY,417,1.0,2024-10-29,2026-07-16,sina_daily,qfq,VALID,A,26,0
2026-07-16,920089.BJ,BSE,2021-11-09,False,False,0,READY,463,1.0,2024-08-15,2026-07-16,sina_daily,qfq,VALID,A,26,0
2026-07-16,920090.BJ,BSE,2021-08-09,True,False,0,READY,462,0.996,2024-08-15,2026-07-16,sina_daily,qfq,VALID,A,26,0
2026-07-16,920091.BJ,BSE,2025-11-21,False,False,0,READY,157,1.0,2025-11-21,2026-07-16,sina_daily,qfq,PARTIAL,B,24,2
2026-07-16,920092.BJ,BSE,2021-11-15,False,False,0,READY,463,1.0,2024-08-15,2026-07-16,sina_daily,qfq,VALID,A,26,0
2026-07-16,920096.BJ,BSE,2026-05-18,False,False,0,READY,43,1.0,2026-05-18,2026-07-16,sina_daily,qfq,PARTIAL,B,16,10
2026-07-16,920098.BJ,BSE,2024-12-05,False,False,0,READY,390,1.0,2024-12-05,2026-07-16,sina_daily,qfq,VALID,A,26,0
2026-07-16,920099.BJ,BSE,2024-09-25,False,False,0,READY,436,1.0,2024-09-25,2026-07-16,sina_daily,qfq,VALID,A,26,0
2026-07-16,920100.BJ,BSE,2025-09-08,False,False,0,READY,205,1.0,2025-09-08,2026-07-16,sina_daily,qfq,PARTIAL,B,24,2
2026-07-16,920101.BJ,BSE,2025-08-14,False,False,0,READY,222,1.0,2025-08-14,2026-07-16,sina_daily,qfq,PARTIAL,B,24,2
2026-07-16,920106.BJ,BSE,2024-12-18,False,False,0,READY,381,1.0,2024-12-18,2026-07-16,sina_daily,qfq,VALID,A,26,0
2026-07-16,920108.BJ,BSE,2025-02-06,False,False,0,READY,352,1.0,2025-02-06,2026-07-16,sina_daily,qfq,VALID,A,26,0
2026-07-16,920110.BJ,BSE,2022-12-06,False,False,0,READY,463,1.0,2024-08-15,2026-07-16,sina_daily,qfq,VALID,A,26,0
2026-07-16,920111.BJ,BSE,2024-11-11,False,False,0,READY,408,1.0,2024-11-11,2026-07-16,sina_daily,qfq,VALID,A,26,0
2026-07-16,920112.BJ,BSE,2025-08-28,False,False,0,READY,212,1.0,2025-08-28,2026-07-16,sina_daily,qfq,PARTIAL,B,24,2
2026-07-16,920116.BJ,BSE,2025-01-02,False,False,0,READY,371,1.0,2025-01-02,2026-07-16,sina_daily,qfq,VALID,A,26,0
2026-07-16,920117.BJ,BSE,2026-07-16,False,False,1,READY,1,1.0,2026-07-16,2026-07-16,sina_daily,qfq,PARTIAL,B,4,22
2026-07-16,920118.BJ,BSE,2024-08-22,False,False,0,READY,458,1.0,2024-08-22,2026-07-16,sina_daily,qfq,VALID,A,26,0
2026-07-16,920119.BJ,BSE,2026-01-30,False,False,0,READY,109,1.0,2026-01-30,2026-07-16,sina_daily,qfq,PARTIAL,B,20,6
2026-07-16,920121.BJ,BSE,2025-12-25,False,False,0,READY,133,1.0,2025-12-25,2026-07-16,sina_daily,qfq,PARTIAL,B,24,2
2026-07-16,920122.BJ,BSE,2022-09-27,False,False,0,READY,463,1.0,2024-08-15,2026-07-16,sina_daily,qfq,VALID,A,26,0
2026-07-16,920123.BJ,BSE,2024-03-29,False,False,0,READY,463,1.0,2024-08-15,2026-07-16,sina_daily,qfq,VALID,A,26,0
2026-07-16,920124.BJ,BSE,2025-11-27,False,False,0,READY,153,1.0,2025-11-27,2026-07-16,sina_daily,qfq,PARTIAL,B,24,2
2026-07-16,920125.BJ,BSE,2026-04-24,False,False,0,READY,56,1.0,2026-04-24,2026-07-16,sina_daily,qfq,PARTIAL,B,16,10
2026-07-16,920126.BJ,BSE,2026-06-15,False,False,0,READY,23,1.0,2026-06-15,2026-07-16,sina_daily,qfq,PARTIAL,B,7,19
2026-07-16,920128.BJ,BSE,2024-11-29,False,False,0,READY,394,1.0,2024-11-29,2026-07-16,sina_daily,qfq,VALID,A,26,0
2026-07-16,920130.BJ,BSE,2023-11-02,False,False,0,READY,463,1.0,2024-08-15,2026-07-16,sina_daily,qfq,VALID,A,26,0
2026-07-16,920132.BJ,BSE,2023-11-16,False,False,0,READY,463,1.0,2024-08-15,2026-07-16,sina_daily,qfq,VALID,A,26,0
2026-07-16,920136.BJ,BSE,2026-07-09,False,False,0,READY,6,1.0,2026-07-09,2026-07-16,sina_daily,qfq,PARTIAL,B,4,22
2026-07-16,920139.BJ,BSE,2022-10-28,False,False,0,READY,463,1.0,2024-08-15,2026-07-16,sina_daily,qfq,VALID,A,26,0
2026-07-16,920145.BJ,BSE,2021-11-15,False,False,0,READY,463,1.0,2024-08-15,2026-07-16,sina_daily,qfq,VALID,A,26,0
2026-07-16,920146.BJ,BSE,2021-07-20,False,False,0,READY,463,1.0,2024-08-15,2026-07-16,sina_daily,qfq,VALID,A,26,0
2026-07-16,920149.BJ,BSE,2020-07-27,False,False,0,READY,463,1.0,2024-08-15,2026-07-16,sina_daily,qfq,VALID,A,26,0
2026-07-16,920152.BJ,BSE,2022-09-01,False,False,0,READY,463,1.0,2024-08-15,2026-07-16,sina_daily,qfq,VALID,A,26,0
2026-07-16,920156.BJ,BSE,2026-04-27,False,False,0,READY,55,1.0,2026-04-27,2026-07-16,sina_daily,qfq,PARTIAL,B,16,10
2026-07-16,920158.BJ,BSE,2025-10-16,False,False,0,READY,183,1.0,2025-10-16,2026-07-16,sina_daily,qfq,PARTIAL,B,24,2
2026-07-16,920159.BJ,BSE,2026-01-28,False,False,0,READY,111,1.0,2026-01-28,2026-07-16,sina_daily,qfq,PARTIAL,B,20,6
2026-07-16,920160.BJ,BSE,2025-11-18,False,False,0,READY,160,1.0,2025-11-18,2026-07-16,sina_daily,qfq,PARTIAL,B,24,2
2026-07-16,920161.BJ,BSE,2026-05-27,False,False,0,READY,36,1.0,2026-05-27,2026-07-16,sina_daily,qfq,PARTIAL,B,7,19
2026-07-16,920163.BJ,BSE,2020-07-27,False,False,0,READY,463,1.0,2024-08-15,2026-07-16,sina_daily,qfq,VALID,A,26,0
2026-07-16,920166.BJ,BSE,2026-02-12,False,False,0,READY,100,1.0,2026-02-12,2026-07-16,sina_daily,qfq,PARTIAL,B,20,6
2026-07-16,920167.BJ,BSE,2020-07-27,False,False,0,READY,463,1.0,2024-08-15,2026-07-16,sina_daily,qfq,VALID,A,26,0
2026-07-16,920168.BJ,BSE,2026-02-26,False,False,0,READY,96,1.0,2026-02-26,2026-07-16,sina_daily,qfq,PARTIAL,B,20,6
2026-07-16,920169.BJ,BSE,2022-04-15,False,False,0,READY,463,1.0,2024-08-15,2026-07-16,sina_daily,qfq,VALID,A,26,0
2026-07-16,920171.BJ,BSE,2021-11-15,False,False,0,READY,463,1.0,2024-08-15,2026-07-16,sina_daily,qfq,VALID,A,26,0
2026-07-16,920174.BJ,BSE,2021-08-20,False,False,0,READY,453,1.0,2024-08-15,2026-07-16,sina_daily,qfq,VALID,A,26,0
2026-07-16,920175.BJ,BSE,2023-06-30,False,False,0,READY,463,1.0,2024-08-15,2026-07-16,sina_daily,qfq,VALID,A,26,0
2026-07-16,920177.BJ,BSE,2026-04-16,False,False,0,READY,62,1.0,2026-04-16,2026-07-16,sina_daily,qfq,PARTIAL,B,17,9
2026-07-16,920178.BJ,BSE,2026-05-15,False,False,0,READY,44,1.0,2026-05-15,2026-07-16,sina_daily,qfq,PARTIAL,B,16,10
2026-07-16,920179.BJ,BSE,2022-03-04,False,False,0,READY,458,0.98,2024-08-15,2026-07-16,sina_daily,qfq,VALID,A,26,0
2026-07-16,920180.BJ,BSE,2026-02-10,False,False,0,READY,102,1.0,2026-02-10,2026-07-16,sina_daily,qfq,PARTIAL,B,20,6
2026-07-16,920181.BJ,BSE,2026-04-10,False,False,0,READY,66,1.0,2026-04-10,2026-07-16,sina_daily,qfq,PARTIAL,B,17,9
2026-07-16,920183.BJ,BSE,2026-03-04,False,False,0,READY,92,1.0,2026-03-04,2026-07-16,sina_daily,qfq,PARTIAL,B,20,6
2026-07-16,920184.BJ,BSE,2020-07-27,False,False,0,READY,463,1.0,2024-08-15,2026-07-16,sina_daily,qfq,VALID,A,26,0
2026-07-16,920185.BJ,BSE,2020-07-27,False,False,0,READY,463,1.0,2024-08-15,2026-07-16,sina_daily,qfq,VALID,A,26,0
2026-07-16,920186.BJ,BSE,2026-04-29,False,False,0,READY,53,1.0,2026-04-29,2026-07-16,sina_daily,qfq,PARTIAL,B,16,10
2026-07-16,920187.BJ,BSE,2026-03-05,False,False,0,READY,91,1.0,2026-03-05,2026-07-16,sina_daily,qfq,PARTIAL,B,20,6
2026-07-16,920188.BJ,BSE,2026-03-30,False,False,0,READY,74,1.0,2026-03-30,2026-07-16,sina_daily,qfq,PARTIAL,B,17,9
2026-07-16,920189.BJ,BSE,2026-07-08,False,False,0,READY,7,1.0,2026-07-08,2026-07-16,sina_daily,qfq,PARTIAL,B,4,22
2026-07-16,920190.BJ,BSE,2022-12-23,False,False,0,READY,463,1.0,2024-08-15,2026-07-16,sina_daily,qfq,VALID,A,26,0
2026-07-16,920191.BJ,BSE,2026-04-20,False,False,0,READY,60,1.0,2026-04-20,2026-07-16,sina_daily,qfq,PARTIAL,B,16,10
2026-07-16,920193.BJ,BSE,2026-07-02,False,False,0,READY,11,1.0,2026-07-02,2026-07-16,sina_daily,qfq,PARTIAL,B,4,22
2026-07-16,920195.BJ,BSE,2022-12-30,False,False,0,READY,463,1.0,2024-08-15,2026-07-16,sina_daily,qfq,VALID,A,26,0
2026-07-16,920198.BJ,BSE,2020-07-27,False,False,0,READY,463,1.0,2024-08-15,2026-07-16,sina_daily,qfq,VALID,A,26,0
2026-07-16,920199.BJ,BSE,2022-12-01,False,False,0,READY,463,1.0,2024-08-15,2026-07-16,sina_daily,qfq,VALID,A,26,0
2026-07-16,920200.BJ,BSE,2026-05-07,False,False,0,READY,50,1.0,2026-05-07,2026-07-16,sina_daily,qfq,PARTIAL,B,16,10
2026-07-16,920204.BJ,BSE,2022-01-18,False,False,0,READY,463,1.0,2024-08-15,2026-07-16,sina_daily,qfq,VALID,A,26,0
2026-07-16,920206.BJ,BSE,2026-06-08,False,False,0,READY,28,1.0,2026-06-08,2026-07-16,sina_daily,qfq,PARTIAL,B,7,19
2026-07-16,920207.BJ,BSE,2022-09-23,False,False,0,READY,463,1.0,2024-08-15,2026-07-16,sina_daily,qfq,VALID,A,26,0
2026-07-16,920208.BJ,BSE,2023-06-29,False,False,0,READY,463,1.0,2024-08-15,2026-07-16,sina_daily,qfq,VALID,A,26,0
2026-07-16,920211.BJ,BSE,2026-06-05,False,False,0,READY,29,1.0,2026-06-05,2026-07-16,sina_daily,qfq,PARTIAL,B,7,19
2026-07-16,920212.BJ,BSE,2021-06-08,False,False,0,READY,463,1.0,2024-08-15,2026-07-16,sina_daily,qfq,VALID,A,26,0
2026-07-16,920218.BJ,BSE,2026-05-29,False,False,0,READY,34,1.0,2026-05-29,2026-07-16,sina_daily,qfq,PARTIAL,B,7,19
2026-07-16,920220.BJ,BSE,2026-05-22,False,False,0,READY,39,1.0,2026-05-22,2026-07-16,sina_daily,qfq,PARTIAL,B,7,19
2026-07-16,920221.BJ,BSE,2023-06-08,False,False,0,READY,463,1.0,2024-08-15,2026-07-16,sina_daily,qfq,VALID,A,26,0
2026-07-16,920222.BJ,BSE,2026-06-30,False,False,0,READY,13,1.0,2026-06-30,2026-07-16,sina_daily,qfq,PARTIAL,B,4,22
2026-07-16,920223.BJ,BSE,2022-06-09,False,False,0,READY,463,1.0,2024-08-15,2026-07-16,sina_daily,qfq,VALID,A,26,0
2026-07-16,920225.BJ,BSE,2021-02-25,False,False,0,READY,463,1.0,2024-08-15,2026-07-16,sina_daily,qfq,VALID,A,26,0
2026-07-16,920227.BJ,BSE,2022-12-28,False,False,0,READY,463,1.0,2024-08-15,2026-07-16,sina_daily,qfq,VALID,A,26,0
2026-07-16,920230.BJ,BSE,2022-12-09,False,False,0,READY,463,1.0,2024-08-15,2026-07-16,sina_daily,qfq,VALID,A,26,0
2026-07-16,920237.BJ,BSE,2022-11-25,False,False,0,READY,463,1.0,2024-08-15,2026-07-16,sina_daily,qfq,VALID,A,26,0
2026-07-16,920239.BJ,BSE,2021-02-09,False,False,0,READY,463,1.0,2024-08-15,2026-07-16,sina_daily,qfq,VALID,A,26,0
2026-07-16,920242.BJ,BSE,2020-07-27,False,False,0,READY,463,1.0,2024-08-15,2026-07-16,sina_daily,qfq,VALID,A,26,0
2026-07-16,920245.BJ,BSE,2022-01-06,False,False,0,READY,463,1.0,2024-08-15,2026-07-16,sina_daily,qfq,VALID,A,26,0
2026-07-16,920247.BJ,BSE,2022-12-23,False,False,0,READY,463,1.0,2024-08-15,2026-07-16,sina_daily,qfq,VALID,A,26,0
2026-07-16,920249.BJ,BSE,2023-02-17,False,False,0,READY,463,1.0,2024-08-15,2026-07-16,sina_daily,qfq,VALID,A,26,0
2026-07-16,920252.BJ,BSE,2023-01-19,False,False,0,READY,463,1.0,2024-08-15,2026-07-16,sina_daily,qfq,VALID,A,26,0
2026-07-16,920260.BJ,BSE,2021-11-15,False,False,0,READY,463,1.0,2024-08-15,2026-07-16,sina_daily,qfq,VALID,A,26,0
2026-07-16,920261.BJ,BSE,2023-04-03,False,False,0,READY,463,1.0,2024-08-15,2026-07-16,sina_daily,qfq,VALID,A,26,0
2026-07-16,920262.BJ,BSE,2022-12-30,False,False,0,READY,463,1.0,2024-08-15,2026-07-16,sina_daily,qfq,VALID,A,26,0
2026-07-16,920263.BJ,BSE,2020-07-27,False,False,0,READY,463,1.0,2024-08-15,2026-07-16,sina_daily,qfq,VALID,A,26,0
2026-07-16,920266.BJ,BSE,2020-07-27,False,False,0,READY,463,1.0,2024-08-15,2026-07-16,sina_daily,qfq,VALID,A,26,0
2026-07-16,920267.BJ,BSE,2022-05-27,False,False,0,READY,463,1.0,2024-08-15,2026-07-16,sina_daily,qfq,VALID,A,26,0
2026-07-16,920270.BJ,BSE,2022-09-02,False,False,0,READY,463,1.0,2024-08-15,2026-07-16,sina_daily,qfq,VALID,A,26,0
2026-07-16,920271.BJ,BSE,2022-06-02,False,False,0,READY,463,1.0,2024-08-15,2026-07-16,sina_daily,qfq,VALID,A,26,0
2026-07-16,920273.BJ,BSE,2023-02-21,False,False,0,READY,463,1.0,2024-08-15,2026-07-16,sina_daily,qfq,VALID,A,26,0
2026-07-16,920274.BJ,BSE,2023-08-18,False,False,0,READY,463,1.0,2024-08-15,2026-07-16,sina_daily,qfq,VALID,A,26,0
2026-07-16,920275.BJ,BSE,2021-01-25,False,False,0,READY,463,1.0,2024-08-15,2026-07-16,sina_daily,qfq,VALID,A,26,0
2026-07-16,920278.BJ,BSE,2020-07-27,False,False,0,READY,463,1.0,2024-08-15,2026-07-16,sina_daily,qfq,VALID,A,26,0
2026-07-16,920284.BJ,BSE,2023-12-19,False,False,0,READY,463,1.0,2024-08-15,2026-07-16,sina_daily,qfq,VALID,A,26,0
2026-07-16,920299.BJ,BSE,2022-06-10,False,False,0,READY,463,1.0,2024-08-15,2026-07-16,sina_daily,qfq,VALID,A,26,0
2026-07-16,920300.BJ,BSE,2022-12-07,False,False,0,READY,463,1.0,2024-08-15,2026-07-16,sina_daily,qfq,VALID,A,26,0
2026-07-16,920304.BJ,BSE,2023-04-18,False,False,0,READY,463,1.0,2024-08-15,2026-07-16,sina_daily,qfq,VALID,A,26,0
2026-07-16,920305.BJ,BSE,2021-08-26,False,False,0,READY,406,0.776,2024-08-15,2026-07-16,sina_daily,qfq,PARTIAL,C,26,0
2026-07-16,920339.BJ,BSE,2022-11-17,False,False,0,READY,463,1.0,2024-08-15,2026-07-16,sina_daily,qfq,VALID,A,26,0
2026-07-16,920344.BJ,BSE,2021-01-08,False,False,0,READY,463,1.0,2024-08-15,2026-07-16,sina_daily,qfq,VALID,A,26,0
2026-07-16,920346.BJ,BSE,2022-02-23,False,False,0,READY,463,1.0,2024-08-15,2026-07-16,sina_daily,qfq,VALID,A,26,0
2026-07-16,920351.BJ,BSE,2022-12-29,False,False,0,READY,463,1.0,2024-08-15,2026-07-16,sina_daily,qfq,VALID,A,26,0
2026-07-16,920357.BJ,BSE,2022-11-18,False,False,0,READY,463,1.0,2024-08-15,2026-07-16,sina_daily,qfq,VALID,A,26,0
2026-07-16,920363.BJ,BSE,2023-12-28,False,False,0,READY,463,1.0,2024-08-15,2026-07-16,sina_daily,qfq,VALID,A,26,0
2026-07-16,920367.BJ,BSE,2023-02-09,False,False,0,READY,463,1.0,2024-08-15,2026-07-16,sina_daily,qfq,VALID,A,26,0
2026-07-16,920368.BJ,BSE,2020-07-27,False,False,0,READY,463,1.0,2024-08-15,2026-07-16,sina_daily,qfq,VALID,A,26,0
2026-07-16,920370.BJ,BSE,2020-07-27,False,False,0,READY,463,1.0,2024-08-15,2026-07-16,sina_daily,qfq,VALID,A,26,0
2026-07-16,920371.BJ,BSE,2023-01-18,False,False,0,READY,463,1.0,2024-08-15,2026-07-16,sina_daily,qfq,VALID,A,26,0
2026-07-16,920374.BJ,BSE,2022-11-29,False,False,0,READY,463,1.0,2024-08-15,2026-07-16,sina_daily,qfq,VALID,A,26,0
2026-07-16,920375.BJ,BSE,2023-12-14,False,False,0,READY,463,1.0,2024-08-15,2026-07-16,sina_daily,qfq,VALID,A,26,0
2026-07-16,920378.BJ,BSE,2022-06-20,False,False,0,READY,463,1.0,2024-08-15,2026-07-16,sina_daily,qfq,VALID,A,26,0
2026-07-16,920392.BJ,BSE,2022-12-30,False,False,0,READY,463,1.0,2024-08-15,2026-07-16,sina_daily,qfq,VALID,A,26,0
2026-07-16,920394.BJ,BSE,2023-04-25,False,False,0,READY,463,1.0,2024-08-15,2026-07-16,sina_daily,qfq,VALID,A,26,0
2026-07-16,920395.BJ,BSE,2022-09-01,False,False,0,READY,463,1.0,2024-08-15,2026-07-16,sina_daily,qfq,VALID,A,26,0
2026-07-16,920396.BJ,BSE,2020-11-18,False,False,0,READY,463,1.0,2024-08-15,2026-07-16,sina_daily,qfq,VALID,A,26,0
2026-07-16,920402.BJ,BSE,2022-09-28,False,False,0,READY,463,1.0,2024-08-15,2026-07-16,sina_daily,qfq,VALID,A,26,0
2026-07-16,920403.BJ,BSE,2024-01-18,False,False,0,READY,463,1.0,2024-08-15,2026-07-16,sina_daily,qfq,VALID,A,26,0
2026-07-16,920405.BJ,BSE,2021-11-05,False,False,0,READY,463,1.0,2024-08-15,2026-07-16,sina_daily,qfq,VALID,A,26,0
2026-07-16,920407.BJ,BSE,2023-02-16,False,False,0,READY,463,1.0,2024-08-15,2026-07-16,sina_daily,qfq,VALID,A,26,0
2026-07-16,920414.BJ,BSE,2022-12-12,False,False,0,READY,463,1.0,2024-08-15,2026-07-16,sina_daily,qfq,VALID,A,26,0
2026-07-16,920415.BJ,BSE,2020-07-27,False,False,0,READY,463,1.0,2024-08-15,2026-07-16,sina_daily,qfq,VALID,A,26,0
2026-07-16,920418.BJ,BSE,2020-07-27,False,False,0,READY,463,1.0,2024-08-15,2026-07-16,sina_daily,qfq,VALID,A,26,0
2026-07-16,920419.BJ,BSE,2022-03-11,False,False,0,READY,463,1.0,2024-08-15,2026-07-16,sina_daily,qfq,VALID,A,26,0
2026-07-16,920422.BJ,BSE,2023-03-01,False,False,0,READY,463,1.0,2024-08-15,2026-07-16,sina_daily,qfq,VALID,A,26,0
2026-07-16,920425.BJ,BSE,2023-01-30,False,False,0,READY,463,1.0,2024-08-15,2026-07-16,sina_daily,qfq,VALID,A,26,0
2026-07-16,920427.BJ,BSE,2021-02-05,False,False,0,READY,463,1.0,2024-08-15,2026-07-16,sina_daily,qfq,VALID,A,26,0
2026-07-16,920429.BJ,BSE,2022-12-15,False,False,0,READY,463,1.0,2024-08-15,2026-07-16,sina_daily,qfq,VALID,A,26,0
2026-07-16,920433.BJ,BSE,2020-07-27,False,False,0,READY,463,1.0,2024-08-15,2026-07-16,sina_daily,qfq,VALID,A,26,0
2026-07-16,920436.BJ,BSE,2021-11-15,False,False,0,READY,463,1.0,2024-08-15,2026-07-16,sina_daily,qfq,VALID,A,26,0
2026-07-16,920438.BJ,BSE,2024-03-25,False,False,0,READY,463,1.0,2024-08-15,2026-07-16,sina_daily,qfq,VALID,A,26,0
2026-07-16,920445.BJ,BSE,2020-07-27,False,False,0,READY,463,1.0,2024-08-15,2026-07-16,sina_daily,qfq,VALID,A,26,0
2026-07-16,920454.BJ,BSE,2021-11-15,False,False,0,READY,463,1.0,2024-08-15,2026-07-16,sina_daily,qfq,VALID,A,26,0
2026-07-16,920455.BJ,BSE,2023-06-21,False,False,0,READY,463,1.0,2024-08-15,2026-07-16,sina_daily,qfq,VALID,A,26,0
2026-07-16,920469.BJ,BSE,2023-09-18,False,False,0,READY,463,1.0,2024-08-15,2026-07-16,sina_daily,qfq,VALID,A,26,0
2026-07-16,920471.BJ,BSE,2023-05-25,False,False,0,READY,463,1.0,2024-08-15,2026-07-16,sina_daily,qfq,VALID,A,26,0
2026-07-16,920475.BJ,BSE,2020-07-27,False,False,0,READY,463,1.0,2024-08-15,2026-07-16,sina_daily,qfq,VALID,A,26,0
2026-07-16,920476.BJ,BSE,2022-10-14,False,False,0,READY,463,1.0,2024-08-15,2026-07-16,sina_daily,qfq,VALID,A,26,0
2026-07-16,920478.BJ,BSE,2023-02-23,False,False,0,READY,463,1.0,2024-08-15,2026-07-16,sina_daily,qfq,VALID,A,26,0
2026-07-16,920489.BJ,BSE,2020-07-27,False,False,0,READY,463,1.0,2024-08-15,2026-07-16,sina_daily,qfq,VALID,A,26,0
2026-07-16,920491.BJ,BSE,2022-06-14,False,False,0,READY,463,1.0,2024-08-15,2026-07-16,sina_daily,qfq,VALID,A,26,0
2026-07-16,920493.BJ,BSE,2023-11-01,False,False,0,READY,463,1.0,2024-08-15,2026-07-16,sina_daily,qfq,VALID,A,26,0
2026-07-16,920496.BJ,BSE,2024-01-26,False,False,0,READY,463,1.0,2024-08-15,2026-07-16,sina_daily,qfq,VALID,A,26,0
2026-07-16,920504.BJ,BSE,2023-08-17,False,False,0,READY,463,1.0,2024-08-15,2026-07-16,sina_daily,qfq,VALID,A,26,0
2026-07-16,920505.BJ,BSE,2022-12-21,False,False,0,READY,463,1.0,2024-08-15,2026-07-16,sina_daily,qfq,VALID,A,26,0
2026-07-16,920508.BJ,BSE,2020-07-27,False,False,0,READY,463,1.0,2024-08-15,2026-07-16,sina_daily,qfq,VALID,A,26,0
2026-07-16,920509.BJ,BSE,2021-01-11,False,False,0,READY,463,1.0,2024-08-15,2026-07-16,sina_daily,qfq,VALID,A,26,0
2026-07-16,920510.BJ,BSE,2020-12-28,False,False,0,READY,463,1.0,2024-08-15,2026-07-16,sina_daily,qfq,VALID,A,26,0
2026-07-16,920519.BJ,BSE,2023-09-15,False,False,0,READY,463,1.0,2024-08-15,2026-07-16,sina_daily,qfq,VALID,A,26,0
2026-07-16,920522.BJ,BSE,2023-11-16,False,False,0,READY,463,1.0,2024-08-15,2026-07-16,sina_daily,qfq,VALID,A,26,0
2026-07-16,920523.BJ,BSE,2021-06-03,False,False,0,READY,463,1.0,2024-08-15,2026-07-16,sina_daily,qfq,VALID,A,26,0
2026-07-16,920526.BJ,BSE,2022-12-22,False,False,0,READY,463,1.0,2024-08-15,2026-07-16,sina_daily,qfq,VALID,A,26,0
2026-07-16,920527.BJ,BSE,2022-10-27,False,False,0,READY,463,1.0,2024-08-15,2026-07-16,sina_daily,qfq,VALID,A,26,0
2026-07-16,920533.BJ,BSE,2022-05-24,False,False,0,READY,463,1.0,2024-08-15,2026-07-16,sina_daily,qfq,VALID,A,26,0
2026-07-16,920541.BJ,BSE,2023-03-10,False,False,0,READY,463,1.0,2024-08-15,2026-07-16,sina_daily,qfq,VALID,A,26,0
2026-07-16,920547.BJ,BSE,2023-12-12,False,False,0,READY,463,1.0,2024-08-15,2026-07-16,sina_daily,qfq,VALID,A,26,0
2026-07-16,920553.BJ,BSE,2021-08-06,False,False,0,READY,463,1.0,2024-08-15,2026-07-16,sina_daily,qfq,VALID,A,26,0
2026-07-16,920556.BJ,BSE,2023-03-17,False,False,0,READY,463,1.0,2024-08-15,2026-07-16,sina_daily,qfq,VALID,A,26,0
2026-07-16,920564.BJ,BSE,2022-06-17,False,False,0,READY,463,1.0,2024-08-15,2026-07-16,sina_daily,qfq,VALID,A,26,0
2026-07-16,920566.BJ,BSE,2021-08-13,False,False,0,READY,463,1.0,2024-08-15,2026-07-16,sina_daily,qfq,VALID,A,26,0
2026-07-16,920570.BJ,BSE,2023-11-23,False,False,0,READY,463,1.0,2024-08-15,2026-07-16,sina_daily,qfq,VALID,A,26,0
2026-07-16,920571.BJ,BSE,2022-12-15,False,False,0,READY,463,1.0,2024-08-15,2026-07-16,sina_daily,qfq,VALID,A,26,0
2026-07-16,920575.BJ,BSE,2023-03-15,True,False,0,READY,462,0.996,2024-08-15,2026-07-16,sina_daily,qfq,VALID,A,26,0
2026-07-16,920576.BJ,BSE,2023-07-12,False,False,0,READY,463,1.0,2024-08-15,2026-07-16,sina_daily,qfq,VALID,A,26,0
2026-07-16,920578.BJ,BSE,2023-05-12,False,False,0,READY,463,1.0,2024-08-15,2026-07-16,sina_daily,qfq,VALID,A,26,0
2026-07-16,920579.BJ,BSE,2023-11-30,False,False,0,READY,463,1.0,2024-08-15,2026-07-16,sina_daily,qfq,VALID,A,26,0
2026-07-16,920580.BJ,BSE,2022-05-13,False,False,0,READY,463,1.0,2024-08-15,2026-07-16,sina_daily,qfq,VALID,A,26,0
2026-07-16,920592.BJ,BSE,2023-07-10,False,False,0,READY,463,1.0,2024-08-15,2026-07-16,sina_daily,qfq,VALID,A,26,0
2026-07-16,920593.BJ,BSE,2023-04-13,False,False,0,READY,463,1.0,2024-08-15,2026-07-16,sina_daily,qfq,VALID,A,26,0
2026-07-16,920599.BJ,BSE,2021-02-22,False,False,0,READY,463,1.0,2024-08-15,2026-07-16,sina_daily,qfq,VALID,A,26,0
2026-07-16,920608.BJ,BSE,2022-12-16,False,False,0,READY,463,1.0,2024-08-15,2026-07-16,sina_daily,qfq,VALID,A,26,0
2026-07-16,920627.BJ,BSE,2023-09-07,False,False,0,READY,463,1.0,2024-08-15,2026-07-16,sina_daily,qfq,VALID,A,26,0
2026-07-16,920634.BJ,BSE,2022-11-24,False,False,0,READY,463,1.0,2024-08-15,2026-07-16,sina_daily,qfq,VALID,A,26,0
2026-07-16,920639.BJ,BSE,2022-07-12,False,False,0,READY,463,1.0,2024-08-15,2026-07-16,sina_daily,qfq,VALID,A,26,0
2026-07-16,920640.BJ,BSE,2020-07-27,False,False,0,READY,463,1.0,2024-08-15,2026-07-16,sina_daily,qfq,VALID,A,26,0
2026-07-16,920641.BJ,BSE,2022-12-02,False,False,0,READY,458,0.98,2024-08-15,2026-07-16,sina_daily,qfq,VALID,A,26,0
2026-07-16,920642.BJ,BSE,2021-08-16,False,False,0,READY,463,1.0,2024-08-15,2026-07-16,sina_daily,qfq,VALID,A,26,0
2026-07-16,920651.BJ,BSE,2023-06-27,False,False,0,READY,463,1.0,2024-08-15,2026-07-16,sina_daily,qfq,VALID,A,26,0
2026-07-16,920656.BJ,BSE,2024-02-02,False,False,0,READY,463,1.0,2024-08-15,2026-07-16,sina_daily,qfq,VALID,A,26,0
2026-07-16,920662.BJ,BSE,2022-11-28,False,False,0,READY,463,1.0,2024-08-15,2026-07-16,sina_daily,qfq,VALID,A,26,0
2026-07-16,920663.BJ,BSE,2023-03-15,False,False,0,READY,463,1.0,2024-08-15,2026-07-16,sina_daily,qfq,VALID,A,26,0
2026-07-16,920665.BJ,BSE,2023-09-26,False,False,0,READY,463,1.0,2024-08-15,2026-07-16,sina_daily,qfq,VALID,A,26,0
2026-07-16,920670.BJ,BSE,2020-12-08,False,False,0,READY,463,1.0,2024-08-15,2026-07-16,sina_daily,qfq,VALID,A,26,0
2026-07-16,920675.BJ,BSE,2020-12-28,False,False,0,READY,453,0.96,2024-08-15,2026-07-16,sina_daily,qfq,VALID,A,26,0
2026-07-16,920679.BJ,BSE,2023-11-10,False,False,0,READY,463,1.0,2024-08-15,2026-07-16,sina_daily,qfq,VALID,A,26,0
2026-07-16,920682.BJ,BSE,2020-07-27,False,False,0,READY,463,1.0,2024-08-15,2026-07-16,sina_daily,qfq,VALID,A,26,0
2026-07-16,920685.BJ,BSE,2022-10-10,False,True,1,READY,462,0.996,2024-08-15,2026-07-15,sina_daily,qfq,PARTIAL,B,26,0
2026-07-16,920689.BJ,BSE,2022-03-21,False,False,0,READY,463,1.0,2024-08-15,2026-07-16,sina_daily,qfq,VALID,A,26,0
2026-07-16,920690.BJ,BSE,2024-01-05,False,False,0,READY,463,1.0,2024-08-15,2026-07-16,sina_daily,qfq,VALID,A,26,0
2026-07-16,920693.BJ,BSE,2023-10-27,False,False,0,READY,463,1.0,2024-08-15,2026-07-16,sina_daily,qfq,VALID,A,26,0
2026-07-16,920694.BJ,BSE,2023-04-24,False,False,0,READY,463,1.0,2024-08-15,2026-07-16,sina_daily,qfq,VALID,A,26,0
2026-07-16,920699.BJ,BSE,2023-05-09,False,False,0,READY,463,1.0,2024-08-15,2026-07-16,sina_daily,qfq,VALID,A,26,0
2026-07-16,920701.BJ,BSE,2023-07-19,False,False,0,READY,463,1.0,2024-08-15,2026-07-16,sina_daily,qfq,VALID,A,26,0
2026-07-16,920703.BJ,BSE,2023-12-05,False,False,0,READY,463,1.0,2024-08-15,2026-07-16,sina_daily,qfq,VALID,A,26,0
2026-07-16,920706.BJ,BSE,2024-03-08,False,False,0,READY,463,1.0,2024-08-15,2026-07-16,sina_daily,qfq,VALID,A,26,0
2026-07-16,920717.BJ,BSE,2023-07-03,False,False,0,READY,463,1.0,2024-08-15,2026-07-16,sina_daily,qfq,VALID,A,26,0
2026-07-16,920718.BJ,BSE,2022-12-22,False,False,0,READY,463,1.0,2024-08-15,2026-07-16,sina_daily,qfq,VALID,A,26,0
2026-07-16,920719.BJ,BSE,2023-05-26,False,False,0,READY,463,1.0,2024-08-15,2026-07-16,sina_daily,qfq,VALID,A,26,0
2026-07-16,920720.BJ,BSE,2021-11-24,False,False,0,READY,463,1.0,2024-08-15,2026-07-16,sina_daily,qfq,VALID,A,26,0
2026-07-16,920725.BJ,BSE,2022-07-18,False,False,0,READY,463,1.0,2024-08-15,2026-07-16,sina_daily,qfq,VALID,A,26,0
2026-07-16,920726.BJ,BSE,2021-05-27,False,False,0,READY,463,1.0,2024-08-15,2026-07-16,sina_daily,qfq,VALID,A,26,0
2026-07-16,920729.BJ,BSE,2020-07-27,False,False,0,READY,463,1.0,2024-08-15,2026-07-16,sina_daily,qfq,VALID,A,26,0
2026-07-16,920735.BJ,BSE,2021-02-19,False,False,0,READY,463,1.0,2024-08-15,2026-07-16,sina_daily,qfq,VALID,A,26,0
2026-07-16,920748.BJ,BSE,2023-08-16,False,False,0,READY,463,1.0,2024-08-15,2026-07-16,sina_daily,qfq,VALID,A,26,0
2026-07-16,920751.BJ,BSE,2023-07-17,False,False,0,READY,463,1.0,2024-08-15,2026-07-16,sina_daily,qfq,VALID,A,26,0
2026-07-16,920753.BJ,BSE,2022-10-31,False,False,0,READY,463,1.0,2024-08-15,2026-07-16,sina_daily,qfq,VALID,A,26,0
2026-07-16,920765.BJ,BSE,2021-07-05,False,False,0,READY,463,1.0,2024-08-15,2026-07-16,sina_daily,qfq,VALID,A,26,0
2026-07-16,920768.BJ,BSE,2021-06-28,False,False,0,READY,463,1.0,2024-08-15,2026-07-16,sina_daily,qfq,VALID,A,26,0
2026-07-16,920770.BJ,BSE,2023-02-28,False,False,0,READY,463,1.0,2024-08-15,2026-07-16,sina_daily,qfq,VALID,A,26,0
2026-07-16,920779.BJ,BSE,2023-06-01,False,False,0,READY,463,1.0,2024-08-15,2026-07-16,sina_daily,qfq,VALID,A,26,0
2026-07-16,920781.BJ,BSE,2022-12-26,False,False,0,READY,463,1.0,2024-08-15,2026-07-16,sina_daily,qfq,VALID,A,26,0
2026-07-16,920786.BJ,BSE,2023-10-13,False,False,0,READY,463,1.0,2024-08-15,2026-07-16,sina_daily,qfq,VALID,A,26,0
2026-07-16,920790.BJ,BSE,2022-09-02,False,False,0,READY,463,1.0,2024-08-15,2026-07-16,sina_daily,qfq,VALID,A,26,0
2026-07-16,920792.BJ,BSE,2023-03-30,False,False,0,READY,463,1.0,2024-08-15,2026-07-16,sina_daily,qfq,VALID,A,26,0
2026-07-16,920799.BJ,BSE,2020-07-27,False,False,0,READY,463,1.0,2024-08-15,2026-07-16,sina_daily,qfq,VALID,A,26,0
2026-07-16,920802.BJ,BSE,2023-02-06,False,False,0,READY,463,1.0,2024-08-15,2026-07-16,sina_daily,qfq,VALID,A,26,0
2026-07-16,920806.BJ,BSE,2024-01-11,False,False,0,READY,463,1.0,2024-08-15,2026-07-16,sina_daily,qfq,VALID,A,26,0
2026-07-16,920807.BJ,BSE,2022-12-20,False,False,0,READY,463,1.0,2024-08-15,2026-07-16,sina_daily,qfq,VALID,A,26,0
2026-07-16,920808.BJ,BSE,2022-11-18,False,False,0,READY,453,1.0,2024-08-15,2026-07-16,sina_daily,qfq,VALID,A,26,0
2026-07-16,920809.BJ,BSE,2023-03-23,False,False,0,READY,463,1.0,2024-08-15,2026-07-16,sina_daily,qfq,VALID,A,26,0
2026-07-16,920810.BJ,BSE,2022-12-16,False,False,0,READY,463,1.0,2024-08-15,2026-07-16,sina_daily,qfq,VALID,A,26,0
2026-07-16,920819.BJ,BSE,2020-07-27,False,False,0,READY,463,1.0,2024-08-15,2026-07-16,sina_daily,qfq,VALID,A,26,0
2026-07-16,920821.BJ,BSE,2022-07-06,False,False,0,READY,463,1.0,2024-08-15,2026-07-16,sina_daily,qfq,VALID,A,26,0
2026-07-16,920826.BJ,BSE,2021-01-12,False,False,0,READY,463,1.0,2024-08-15,2026-07-16,sina_daily,qfq,VALID,A,26,0
2026-07-16,920832.BJ,BSE,2021-02-23,False,False,0,READY,463,1.0,2024-08-15,2026-07-16,sina_daily,qfq,VALID,A,26,0
2026-07-16,920833.BJ,BSE,2023-11-08,False,False,0,READY,463,1.0,2024-08-15,2026-07-16,sina_daily,qfq,VALID,A,26,0
2026-07-16,920834.BJ,BSE,2022-08-22,False,False,0,READY,463,1.0,2024-08-15,2026-07-16,sina_daily,qfq,VALID,A,26,0
2026-07-16,920837.BJ,BSE,2023-05-15,False,False,0,READY,463,1.0,2024-08-15,2026-07-16,sina_daily,qfq,VALID,A,26,0
2026-07-16,920839.BJ,BSE,2020-11-09,False,False,0,READY,463,1.0,2024-08-15,2026-07-16,sina_daily,qfq,VALID,A,26,0
2026-07-16,920855.BJ,BSE,2022-12-29,False,False,0,READY,463,1.0,2024-08-15,2026-07-16,sina_daily,qfq,VALID,A,26,0
2026-07-16,920856.BJ,BSE,2020-12-25,False,False,0,READY,463,1.0,2024-08-15,2026-07-16,sina_daily,qfq,VALID,A,26,0
2026-07-16,920857.BJ,BSE,2022-02-28,False,False,0,READY,463,1.0,2024-08-15,2026-07-16,sina_daily,qfq,VALID,A,26,0
2026-07-16,920866.BJ,BSE,2022-12-09,False,False,0,READY,463,1.0,2024-08-15,2026-07-16,sina_daily,qfq,VALID,A,26,0
2026-07-16,920870.BJ,BSE,2022-07-05,False,False,0,READY,463,1.0,2024-08-15,2026-07-16,sina_daily,qfq,VALID,A,26,0
2026-07-16,920871.BJ,BSE,2022-07-22,False,False,0,READY,463,1.0,2024-08-15,2026-07-16,sina_daily,qfq,VALID,A,26,0
2026-07-16,920873.BJ,BSE,2021-11-15,False,False,0,READY,463,1.0,2024-08-15,2026-07-16,sina_daily,qfq,VALID,A,26,0
2026-07-16,920876.BJ,BSE,2022-11-09,False,False,0,READY,463,1.0,2024-08-15,2026-07-16,sina_daily,qfq,VALID,A,26,0
2026-07-16,920879.BJ,BSE,2022-12-20,False,False,0,READY,463,1.0,2024-08-15,2026-07-16,sina_daily,qfq,VALID,A,26,0
2026-07-16,920885.BJ,BSE,2021-07-08,False,False,0,READY,463,1.0,2024-08-15,2026-07-16,sina_daily,qfq,VALID,A,26,0
2026-07-16,920892.BJ,BSE,2021-10-28,False,False,0,READY,463,1.0,2024-08-15,2026-07-16,sina_daily,qfq,VALID,A,26,0
2026-07-16,920895.BJ,BSE,2023-04-06,False,False,0,READY,463,1.0,2024-08-15,2026-07-16,sina_daily,qfq,VALID,A,26,0
2026-07-16,920896.BJ,BSE,2023-04-19,False,False,0,READY,463,1.0,2024-08-15,2026-07-16,sina_daily,qfq,VALID,A,26,0
2026-07-16,920906.BJ,BSE,2023-02-22,False,False,0,READY,463,1.0,2024-08-15,2026-07-16,sina_daily,qfq,VALID,A,26,0
2026-07-16,920914.BJ,BSE,2022-11-11,False,False,0,READY,463,1.0,2024-08-15,2026-07-16,sina_daily,qfq,VALID,A,26,0
2026-07-16,920924.BJ,BSE,2021-11-03,False,False,0,READY,463,1.0,2024-08-15,2026-07-16,sina_daily,qfq,VALID,A,26,0
2026-07-16,920925.BJ,BSE,2021-10-25,False,False,0,READY,463,1.0,2024-08-15,2026-07-16,sina_daily,qfq,VALID,A,26,0
2026-07-16,920926.BJ,BSE,2023-08-08,False,False,0,READY,463,1.0,2024-08-15,2026-07-16,sina_daily,qfq,VALID,A,26,0
2026-07-16,920931.BJ,BSE,2024-04-08,False,False,0,READY,463,1.0,2024-08-15,2026-07-16,sina_daily,qfq,VALID,A,26,0
2026-07-16,920932.BJ,BSE,2021-11-15,False,False,0,READY,463,1.0,2024-08-15,2026-07-16,sina_daily,qfq,VALID,A,26,0
2026-07-16,920942.BJ,BSE,2022-12-08,False,False,0,READY,463,1.0,2024-08-15,2026-07-16,sina_daily,qfq,VALID,A,26,0
2026-07-16,920943.BJ,BSE,2022-06-24,False,False,0,READY,463,1.0,2024-08-15,2026-07-16,sina_daily,qfq,VALID,A,26,0
2026-07-16,920946.BJ,BSE,2020-07-27,False,False,0,READY,463,1.0,2024-08-15,2026-07-16,sina_daily,qfq,VALID,A,26,0
2026-07-16,920950.BJ,BSE,2023-01-11,False,False,0,READY,463,1.0,2024-08-15,2026-07-16,sina_daily,qfq,VALID,A,26,0
2026-07-16,920953.BJ,BSE,2023-08-23,False,False,0,READY,463,1.0,2024-08-15,2026-07-16,sina_daily,qfq,VALID,A,26,0
2026-07-16,920957.BJ,BSE,2022-12-14,False,False,0,READY,463,1.0,2024-08-15,2026-07-16,sina_daily,qfq,VALID,A,26,0
2026-07-16,920961.BJ,BSE,2020-07-27,False,False,0,READY,458,0.98,2024-08-15,2026-07-16,sina_daily,qfq,VALID,A,26,0
2026-07-16,920964.BJ,BSE,2020-07-27,False,False,0,READY,459,1.0,2024-08-15,2026-07-16,sina_daily,qfq,VALID,A,26,0
2026-07-16,920970.BJ,BSE,2022-05-18,False,False,0,READY,463,1.0,2024-08-15,2026-07-16,sina_daily,qfq,VALID,A,26,0
2026-07-16,920971.BJ,BSE,2022-09-27,False,False,0,READY,463,1.0,2024-08-15,2026-07-16,sina_daily,qfq,VALID,A,26,0
2026-07-16,920974.BJ,BSE,2023-03-08,False,False,0,READY,463,1.0,2024-08-15,2026-07-16,sina_daily,qfq,VALID,A,26,0
2026-07-16,920976.BJ,BSE,2023-09-01,False,False,0,READY,463,1.0,2024-08-15,2026-07-16,sina_daily,qfq,VALID,A,26,0
2026-07-16,920978.BJ,BSE,2023-09-28,False,False,0,READY,463,1.0,2024-08-15,2026-07-16,sina_daily,qfq,VALID,A,26,0
2026-07-16,920981.BJ,BSE,2021-11-15,False,False,0,READY,463,1.0,2024-08-15,2026-07-16,sina_daily,qfq,VALID,A,26,0
2026-07-16,920982.BJ,BSE,2023-07-20,False,False,0,READY,463,1.0,2024-08-15,2026-07-16,sina_daily,qfq,VALID,A,26,0
2026-07-16,920985.BJ,BSE,2022-08-08,False,False,0,READY,463,1.0,2024-08-15,2026-07-16,sina_daily,qfq,VALID,A,26,0
2026-07-16,920992.BJ,BSE,2022-10-18,False,False,0,READY,463,1.0,2024-08-15,2026-07-16,sina_daily,qfq,VALID,A,26,0
2026-07-16,300001.SZ,CHINEXT,2009-10-30,False,False,0,READY,463,1.0,2024-08-15,2026-07-16,sina_daily,qfq,VALID,A,26,0
2026-07-16,300002.SZ,CHINEXT,2009-10-30,False,False,0,READY,463,1.0,2024-08-15,2026-07-16,sina_daily,qfq,VALID,A,26,0
2026-07-16,300003.SZ,CHINEXT,2009-10-30,False,False,0,READY,463,1.0,2024-08-15,2026-07-16,sina_daily,qfq,VALID,A,26,0
2026-07-16,300004.SZ,CHINEXT,2009-10-30,False,False,0,READY,463,1.0,2024-08-15,2026-07-16,sina_daily,qfq,VALID,A,26,0
2026-07-16,300005.SZ,CHINEXT,2009-10-30,False,False,0,READY,463,1.0,2024-08-15,2026-07-16,sina_daily,qfq,VALID,A,26,0
2026-07-16,300006.SZ,CHINEXT,2009-10-30,False,False,0,READY,463,1.0,2024-08-15,2026-07-16,sina_daily,qfq,VALID,A,26,0
2026-07-16,300007.SZ,CHINEXT,2009-10-30,False,False,0,READY,463,1.0,2024-08-15,2026-07-16,sina_daily,qfq,VALID,A,26,0
2026-07-16,300008.SZ,CHINEXT,2009-10-30,False,False,0,READY,463,1.0,2024-08-15,2026-07-16,sina_daily,qfq,VALID,A,26,0
2026-07-16,300009.SZ,CHINEXT,2009-10-30,False,False,0,READY,463,1.0,2024-08-15,2026-07-16,sina_daily,qfq,VALID,A,26,0
2026-07-16,300010.SZ,CHINEXT,2009-10-30,True,False,0,READY,462,0.996,2024-08-15,2026-07-16,sina_daily,qfq,VALID,A,26,0
2026-07-16,300011.SZ,CHINEXT,2009-10-30,False,False,0,READY,463,1.0,2024-08-15,2026-07-16,sina_daily,qfq,VALID,A,26,0
2026-07-16,300012.SZ,CHINEXT,2009-10-30,False,False,0,READY,463,1.0,2024-08-15,2026-07-16,sina_daily,qfq,VALID,A,26,0
2026-07-16,300013.SZ,CHINEXT,2009-10-30,False,False,0,READY,462,1.0,2024-08-15,2026-07-16,sina_daily,qfq,VALID,A,26,0
2026-07-16,300014.SZ,CHINEXT,2009-10-30,False,False,0,READY,463,1.0,2024-08-15,2026-07-16,sina_daily,qfq,VALID,A,26,0
2026-07-16,300015.SZ,CHINEXT,2009-10-30,False,False,0,READY,463,1.0,2024-08-15,2026-07-16,sina_daily,qfq,VALID,A,26,0
2026-07-16,300016.SZ,CHINEXT,2009-10-30,False,False,0,READY,463,1.0,2024-08-15,2026-07-16,sina_daily,qfq,VALID,A,26,0
2026-07-16,300017.SZ,CHINEXT,2009-10-30,False,False,0,READY,463,1.0,2024-08-15,2026-07-16,sina_daily,qfq,VALID,A,26,0
2026-07-16,300018.SZ,CHINEXT,2009-10-30,False,False,0,READY,458,0.98,2024-08-15,2026-07-16,sina_daily,qfq,VALID,A,26,0
2026-07-16,300019.SZ,CHINEXT,2009-10-30,False,False,0,READY,463,1.0,2024-08-15,2026-07-16,sina_daily,qfq,VALID,A,26,0
2026-07-16,300020.SZ,CHINEXT,2009-10-30,True,False,0,READY,462,1.0,2024-08-15,2026-07-16,sina_daily,qfq,VALID,A,26,0
2026-07-16,300021.SZ,CHINEXT,2009-10-30,False,False,0,READY,463,1.0,2024-08-15,2026-07-16,sina_daily,qfq,VALID,A,26,0
2026-07-16,300022.SZ,CHINEXT,2009-10-30,False,False,0,READY,458,1.0,2024-08-15,2026-07-16,sina_daily,qfq,VALID,A,26,0
2026-07-16,300024.SZ,CHINEXT,2009-10-30,False,False,0,READY,463,1.0,2024-08-15,2026-07-16,sina_daily,qfq,VALID,A,26,0
2026-07-16,300025.SZ,CHINEXT,2009-10-30,False,False,0,READY,463,1.0,2024-08-15,2026-07-16,sina_daily,qfq,VALID,A,26,0
2026-07-16,300026.SZ,CHINEXT,2009-10-30,False,False,0,READY,463,1.0,2024-08-15,2026-07-16,sina_daily,qfq,VALID,A,26,0
2026-07-16,300027.SZ,CHINEXT,2009-10-30,True,False,0,READY,462,0.996,2024-08-15,2026-07-16,sina_daily,qfq,VALID,A,26,0
2026-07-16,300030.SZ,CHINEXT,2009-12-25,False,False,0,READY,463,1.0,2024-08-15,2026-07-16,sina_daily,qfq,VALID,A,26,0
2026-07-16,300031.SZ,CHINEXT,2009-12-25,False,False,0,READY,463,1.0,2024-08-15,2026-07-16,sina_daily,qfq,VALID,A,26,0
2026-07-16,300032.SZ,CHINEXT,2009-12-25,False,False,0,READY,463,1.0,2024-08-15,2026-07-16,sina_daily,qfq,VALID,A,26,0
2026-07-16,300033.SZ,CHINEXT,2009-12-25,False,False,0,READY,463,1.0,2024-08-15,2026-07-16,sina_daily,qfq,VALID,A,26,0
2026-07-16,300034.SZ,CHINEXT,2009-12-25,False,False,0,READY,463,1.0,2024-08-15,2026-07-16,sina_daily,qfq,VALID,A,26,0
2026-07-16,300035.SZ,CHINEXT,2009-12-25,False,False,0,READY,463,1.0,2024-08-15,2026-07-16,sina_daily,qfq,VALID,A,26,0
2026-07-16,300036.SZ,CHINEXT,2009-12-25,False,False,0,READY,463,1.0,2024-08-15,2026-07-16,sina_daily,qfq,VALID,A,26,0
2026-07-16,300037.SZ,CHINEXT,2010-01-08,False,False,0,READY,463,1.0,2024-08-15,2026-07-16,sina_daily,qfq,VALID,A,26,0
2026-07-16,300039.SZ,CHINEXT,2010-01-08,False,False,0,READY,463,1.0,2024-08-15,2026-07-16,sina_daily,qfq,VALID,A,26,0
2026-07-16,300040.SZ,CHINEXT,2010-01-08,False,False,0,READY,463,1.0,2024-08-15,2026-07-16,sina_daily,qfq,VALID,A,26,0
2026-07-16,300041.SZ,CHINEXT,2010-01-08,False,False,0,READY,463,1.0,2024-08-15,2026-07-16,sina_daily,qfq,VALID,A,26,0
2026-07-16,300042.SZ,CHINEXT,2010-01-08,False,False,0,READY,463,1.0,2024-08-15,2026-07-16,sina_daily,qfq,VALID,A,26,0
2026-07-16,300043.SZ,CHINEXT,2010-01-20,False,False,0,READY,463,1.0,2024-08-15,2026-07-16,sina_daily,qfq,VALID,A,26,0
2026-07-16,300044.SZ,CHINEXT,2010-01-20,True,False,0,READY,461,0.996,2024-08-15,2026-07-16,sina_daily,qfq,VALID,A,26,0
2026-07-16,300045.SZ,CHINEXT,2010-01-20,False,False,0,READY,463,1.0,2024-08-15,2026-07-16,sina_daily,qfq,VALID,A,26,0
2026-07-16,300046.SZ,CHINEXT,2010-01-20,False,False,0,READY,458,1.0,2024-08-15,2026-07-16,sina_daily,qfq,VALID,A,26,0
2026-07-16,300047.SZ,CHINEXT,2010-01-20,False,False,0,READY,463,1.0,2024-08-15,2026-07-16,sina_daily,qfq,VALID,A,26,0
2026-07-16,300048.SZ,CHINEXT,2010-01-20,False,False,0,READY,463,1.0,2024-08-15,2026-07-16,sina_daily,qfq,VALID,A,26,0
2026-07-16,300049.SZ,CHINEXT,2010-01-20,False,False,0,READY,463,1.0,2024-08-15,2026-07-16,sina_daily,qfq,VALID,A,26,0
2026-07-16,300050.SZ,CHINEXT,2010-01-20,False,False,0,READY,463,1.0,2024-08-15,2026-07-16,sina_daily,qfq,VALID,A,26,0
2026-07-16,300051.SZ,CHINEXT,2010-02-11,False,False,0,READY,453,1.0,2024-08-15,2026-07-16,sina_daily,qfq,VALID,A,26,0
2026-07-16,300052.SZ,CHINEXT,2010-02-11,False,False,0,READY,461,0.996,2024-08-15,2026-07-16,sina_daily,qfq,VALID,A,26,0
2026-07-16,300053.SZ,CHINEXT,2010-02-11,False,False,0,READY,463,1.0,2024-08-15,2026-07-16,sina_daily,qfq,VALID,A,26,0
2026-07-16,300054.SZ,CHINEXT,2010-02-11,False,False,0,READY,463,1.0,2024-08-15,2026-07-16,sina_daily,qfq,VALID,A,26,0
2026-07-16,300055.SZ,CHINEXT,2010-02-26,False,False,0,READY,463,1.0,2024-08-15,2026-07-16,sina_daily,qfq,VALID,A,26,0
2026-07-16,300056.SZ,CHINEXT,2010-02-26,False,False,0,READY,463,1.0,2024-08-15,2026-07-16,sina_daily,qfq,VALID,A,26,0
2026-07-16,300057.SZ,CHINEXT,2010-02-26,False,False,0,READY,463,1.0,2024-08-15,2026-07-16,sina_daily,qfq,VALID,A,26,0
2026-07-16,300058.SZ,CHINEXT,2010-02-26,False,False,0,READY,463,1.0,2024-08-15,2026-07-16,sina_daily,qfq,VALID,A,26,0
2026-07-16,300059.SZ,CHINEXT,2010-03-19,False,False,0,READY,463,1.0,2024-08-15,2026-07-16,sina_daily,qfq,VALID,A,26,0
2026-07-16,300061.SZ,CHINEXT,2010-03-19,False,False,0,READY,463,1.0,2024-08-15,2026-07-16,sina_daily,qfq,VALID,A,26,0
2026-07-16,300062.SZ,CHINEXT,2010-03-19,False,False,0,READY,463,1.0,2024-08-15,2026-07-16,sina_daily,qfq,VALID,A,26,0
2026-07-16,300063.SZ,CHINEXT,2010-03-26,False,False,0,READY,463,1.0,2024-08-15,2026-07-16,sina_daily,qfq,VALID,A,26,0
2026-07-16,300065.SZ,CHINEXT,2010-03-26,False,False,0,READY,453,1.0,2024-08-15,2026-07-16,sina_daily,qfq,VALID,A,26,0
2026-07-16,300066.SZ,CHINEXT,2010-03-26,False,False,0,READY,463,1.0,2024-08-15,2026-07-16,sina_daily,qfq,VALID,A,26,0
2026-07-16,300067.SZ,CHINEXT,2010-04-21,False,False,0,READY,454,0.964,2024-08-15,2026-07-16,sina_daily,qfq,VALID,A,26,0
2026-07-16,300068.SZ,CHINEXT,2010-04-21,True,False,0,READY,457,0.976,2024-08-15,2026-07-16,sina_daily,qfq,VALID,A,26,0
2026-07-16,300069.SZ,CHINEXT,2010-04-21,False,False,0,READY,443,0.96,2024-08-15,2026-07-16,sina_daily,qfq,VALID,A,26,0
2026-07-16,300070.SZ,CHINEXT,2010-04-21,False,False,0,READY,463,1.0,2024-08-15,2026-07-16,sina_daily,qfq,VALID,A,26,0
2026-07-16,300071.SZ,CHINEXT,2010-04-21,False,False,0,READY,463,1.0,2024-08-15,2026-07-16,sina_daily,qfq,VALID,A,26,0
2026-07-16,300072.SZ,CHINEXT,2010-04-27,False,False,0,READY,463,1.0,2024-08-15,2026-07-16,sina_daily,qfq,VALID,A,26,0
2026-07-16,300073.SZ,CHINEXT,2010-04-27,False,False,0,READY,463,1.0,2024-08-15,2026-07-16,sina_daily,qfq,VALID,A,26,0
2026-07-16,300074.SZ,CHINEXT,2010-04-27,False,False,0,READY,463,1.0,2024-08-15,2026-07-16,sina_daily,qfq,VALID,A,26,0
2026-07-16,300075.SZ,CHINEXT,2010-04-27,False,False,0,READY,463,1.0,2024-08-15,2026-07-16,sina_daily,qfq,VALID,A,26,0
2026-07-16,300076.SZ,CHINEXT,2010-04-30,True,False,0,READY,462,0.996,2024-08-15,2026-07-16,sina_daily,qfq,VALID,A,26,0
2026-07-16,300077.SZ,CHINEXT,2010-04-30,False,False,0,READY,463,1.0,2024-08-15,2026-07-16,sina_daily,qfq,VALID,A,26,0
2026-07-16,300078.SZ,CHINEXT,2010-04-30,False,False,0,READY,463,1.0,2024-08-15,2026-07-16,sina_daily,qfq,VALID,A,26,0
2026-07-16,300079.SZ,CHINEXT,2010-04-30,False,False,0,READY,463,1.0,2024-08-15,2026-07-16,sina_daily,qfq,VALID,A,26,0
2026-07-16,300080.SZ,CHINEXT,2010-06-25,False,False,0,READY,463,1.0,2024-08-15,2026-07-16,sina_daily,qfq,VALID,A,26,0
2026-07-16,300081.SZ,CHINEXT,2010-05-20,True,False,0,READY,462,0.996,2024-08-15,2026-07-16,sina_daily,qfq,VALID,A,26,0
2026-07-16,300082.SZ,CHINEXT,2010-05-20,False,False,0,READY,463,1.0,2024-08-15,2026-07-16,sina_daily,qfq,VALID,A,26,0
2026-07-16,300083.SZ,CHINEXT,2010-05-20,False,False,0,READY,463,1.0,2024-08-15,2026-07-16,sina_daily,qfq,VALID,A,26,0
2026-07-16,300084.SZ,CHINEXT,2010-05-20,False,False,0,READY,458,1.0,2024-08-15,2026-07-16,sina_daily,qfq,VALID,A,26,0
2026-07-16,300085.SZ,CHINEXT,2010-05-26,False,False,0,READY,463,1.0,2024-08-15,2026-07-16,sina_daily,qfq,VALID,A,26,0
2026-07-16,300086.SZ,CHINEXT,2010-05-26,False,False,0,READY,463,1.0,2024-08-15,2026-07-16,sina_daily,qfq,VALID,A,26,0
2026-07-16,300087.SZ,CHINEXT,2010-05-26,True,False,0,READY,459,0.984,2024-08-15,2026-07-16,sina_daily,qfq,VALID,A,26,0
2026-07-16,300088.SZ,CHINEXT,2010-05-26,False,False,0,READY,463,1.0,2024-08-15,2026-07-16,sina_daily,qfq,VALID,A,26,0
2026-07-16,300091.SZ,CHINEXT,2010-06-25,True,False,0,READY,461,0.992,2024-08-15,2026-07-16,sina_daily,qfq,VALID,A,26,0
2026-07-16,300092.SZ,CHINEXT,2010-07-08,False,False,0,READY,463,1.0,2024-08-15,2026-07-16,sina_daily,qfq,VALID,A,26,0
2026-07-16,300093.SZ,CHINEXT,2010-07-08,False,False,0,READY,460,0.992,2024-08-15,2026-07-16,sina_daily,qfq,VALID,A,26,0
2026-07-16,300094.SZ,CHINEXT,2010-07-08,False,False,0,READY,463,1.0,2024-08-15,2026-07-16,sina_daily,qfq,VALID,A,26,0
2026-07-16,300095.SZ,CHINEXT,2010-07-28,False,False,0,READY,463,1.0,2024-08-15,2026-07-16,sina_daily,qfq,VALID,A,26,0
2026-07-16,300096.SZ,CHINEXT,2010-07-28,True,False,0,READY,463,1.0,2024-08-15,2026-07-16,sina_daily,qfq,VALID,A,26,0
2026-07-16,300097.SZ,CHINEXT,2010-07-28,False,False,0,READY,461,0.996,2024-08-15,2026-07-16,sina_daily,qfq,VALID,A,26,0
2026-07-16,300098.SZ,CHINEXT,2010-07-28,False,False,0,READY,463,1.0,2024-08-15,2026-07-16,sina_daily,qfq,VALID,A,26,0
2026-07-16,300099.SZ,CHINEXT,2010-08-06,False,False,0,READY,463,1.0,2024-08-15,2026-07-16,sina_daily,qfq,VALID,A,26,0
2026-07-16,300100.SZ,CHINEXT,2010-08-06,False,False,0,READY,463,1.0,2024-08-15,2026-07-16,sina_daily,qfq,VALID,A,26,0
2026-07-16,300101.SZ,CHINEXT,2010-08-06,False,False,0,READY,463,1.0,2024-08-15,2026-07-16,sina_daily,qfq,VALID,A,26,0
2026-07-16,300102.SZ,CHINEXT,2010-08-12,False,False,0,READY,463,1.0,2024-08-15,2026-07-16,sina_daily,qfq,VALID,A,26,0
2026-07-16,300103.SZ,CHINEXT,2010-08-12,False,False,0,READY,458,1.0,2024-08-15,2026-07-16,sina_daily,qfq,VALID,A,26,0
2026-07-16,300105.SZ,CHINEXT,2010-08-20,False,False,0,READY,463,1.0,2024-08-15,2026-07-16,sina_daily,qfq,VALID,A,26,0
2026-07-16,300106.SZ,CHINEXT,2010-08-20,False,False,0,READY,463,1.0,2024-08-15,2026-07-16,sina_daily,qfq,VALID,A,26,0
2026-07-16,300107.SZ,CHINEXT,2010-08-20,False,False,0,READY,463,1.0,2024-08-15,2026-07-16,sina_daily,qfq,VALID,A,26,0
2026-07-16,300109.SZ,CHINEXT,2010-08-25,False,False,0,READY,463,1.0,2024-08-15,2026-07-16,sina_daily,qfq,VALID,A,26,0
2026-07-16,300110.SZ,CHINEXT,2010-08-25,False,False,0,READY,463,1.0,2024-08-15,2026-07-16,sina_daily,qfq,VALID,A,26,0
2026-07-16,300111.SZ,CHINEXT,2010-08-27,False,False,0,READY,453,0.96,2024-08-15,2026-07-16,sina_daily,qfq,VALID,A,26,0
2026-07-16,300112.SZ,CHINEXT,2010-08-27,False,False,0,READY,463,1.0,2024-08-15,2026-07-16,sina_daily,qfq,VALID,A,26,0
2026-07-16,300113.SZ,CHINEXT,2010-08-27,False,False,0,READY,463,1.0,2024-08-15,2026-07-16,sina_daily,qfq,VALID,A,26,0
2026-07-16,300115.SZ,CHINEXT,2010-09-02,False,False,0,READY,463,1.0,2024-08-15,2026-07-16,sina_daily,qfq,VALID,A,26,0
2026-07-16,300118.SZ,CHINEXT,2010-09-02,False,False,0,READY,463,1.0,2024-08-15,2026-07-16,sina_daily,qfq,VALID,A,26,0
2026-07-16,300119.SZ,CHINEXT,2010-09-17,False,False,0,READY,463,1.0,2024-08-15,2026-07-16,sina_daily,qfq,VALID,A,26,0
2026-07-16,300120.SZ,CHINEXT,2010-09-17,False,False,0,READY,463,1.0,2024-08-15,2026-07-16,sina_daily,qfq,VALID,A,26,0
2026-07-16,300121.SZ,CHINEXT,2010-09-17,False,False,0,READY,458,1.0,2024-08-15,2026-07-16,sina_daily,qfq,VALID,A,26,0
2026-07-16,300122.SZ,CHINEXT,2010-09-28,False,False,0,READY,463,1.0,2024-08-15,2026-07-16,sina_daily,qfq,VALID,A,26,0
2026-07-16,300123.SZ,CHINEXT,2010-09-28,True,False,0,READY,462,0.996,2024-08-15,2026-07-16,sina_daily,qfq,VALID,A,26,0
2026-07-16,300124.SZ,CHINEXT,2010-09-28,False,False,0,READY,463,1.0,2024-08-15,2026-07-16,sina_daily,qfq,VALID,A,26,0
2026-07-16,300125.SZ,CHINEXT,2010-10-13,True,False,0,READY,461,0.996,2024-08-15,2026-07-16,sina_daily,qfq,VALID,A,26,0
2026-07-16,300126.SZ,CHINEXT,2010-10-13,False,False,0,READY,463,1.0,2024-08-15,2026-07-16,sina_daily,qfq,VALID,A,26,0
2026-07-16,300127.SZ,CHINEXT,2010-10-13,False,False,0,READY,453,0.96,2024-08-15,2026-07-16,sina_daily,qfq,VALID,A,26,0
2026-07-16,300128.SZ,CHINEXT,2010-10-13,False,False,0,READY,463,1.0,2024-08-15,2026-07-16,sina_daily,qfq,VALID,A,26,0
2026-07-16,300129.SZ,CHINEXT,2010-10-19,False,False,0,READY,463,1.0,2024-08-15,2026-07-16,sina_daily,qfq,VALID,A,26,0
2026-07-16,300130.SZ,CHINEXT,2010-10-19,False,False,0,READY,463,1.0,2024-08-15,2026-07-16,sina_daily,qfq,VALID,A,26,0
2026-07-16,300131.SZ,CHINEXT,2010-10-19,False,False,0,READY,443,0.96,2024-08-15,2026-07-16,sina_daily,qfq,VALID,A,26,0
2026-07-16,300132.SZ,CHINEXT,2010-10-26,False,False,0,READY,463,1.0,2024-08-15,2026-07-16,sina_daily,qfq,VALID,A,26,0
2026-07-16,300133.SZ,CHINEXT,2010-10-26,False,False,0,READY,463,1.0,2024-08-15,2026-07-16,sina_daily,qfq,VALID,A,26,0
2026-07-16,300134.SZ,CHINEXT,2010-10-26,False,False,0,READY,463,1.0,2024-08-15,2026-07-16,sina_daily,qfq,VALID,A,26,0
2026-07-16,300135.SZ,CHINEXT,2010-10-26,False,False,0,READY,460,1.0,2024-08-15,2026-07-16,sina_daily,qfq,VALID,A,26,0
2026-07-16,300136.SZ,CHINEXT,2010-11-05,False,False,0,READY,463,1.0,2024-08-15,2026-07-16,sina_daily,qfq,VALID,A,26,0
2026-07-16,300137.SZ,CHINEXT,2010-11-05,False,False,0,READY,461,0.996,2024-08-15,2026-07-16,sina_daily,qfq,VALID,A,26,0
2026-07-16,300138.SZ,CHINEXT,2010-11-05,False,False,0,READY,463,1.0,2024-08-15,2026-07-16,sina_daily,qfq,VALID,A,26,0
2026-07-16,300139.SZ,CHINEXT,2010-11-12,False,False,0,READY,463,1.0,2024-08-15,2026-07-16,sina_daily,qfq,VALID,A,26,0
2026-07-16,300140.SZ,CHINEXT,2010-11-12,False,False,0,READY,463,1.0,2024-08-15,2026-07-16,sina_daily,qfq,VALID,A,26,0
2026-07-16,300141.SZ,CHINEXT,2010-11-12,False,False,0,READY,463,1.0,2024-08-15,2026-07-16,sina_daily,qfq,VALID,A,26,0
2026-07-16,300142.SZ,CHINEXT,2010-11-12,False,False,0,READY,461,0.992,2024-08-15,2026-07-16,sina_daily,qfq,VALID,A,26,0
2026-07-16,300143.SZ,CHINEXT,2010-12-09,False,False,0,READY,463,1.0,2024-08-15,2026-07-16,sina_daily,qfq,VALID,A,26,0
2026-07-16,300144.SZ,CHINEXT,2010-12-09,False,False,0,READY,463,1.0,2024-08-15,2026-07-16,sina_daily,qfq,VALID,A,26,0
2026-07-16,300145.SZ,CHINEXT,2010-12-09,False,False,0,READY,463,1.0,2024-08-15,2026-07-16,sina_daily,qfq,VALID,A,26,0
2026-07-16,300146.SZ,CHINEXT,2010-12-15,False,False,0,READY,463,1.0,2024-08-15,2026-07-16,sina_daily,qfq,VALID,A,26,0
2026-07-16,300147.SZ,CHINEXT,2010-12-15,True,False,0,READY,461,0.996,2024-08-15,2026-07-16,sina_daily,qfq,VALID,A,26,0
2026-07-16,300148.SZ,CHINEXT,2010-12-15,False,False,0,READY,463,1.0,2024-08-15,2026-07-16,sina_daily,qfq,VALID,A,26,0
2026-07-16,300149.SZ,CHINEXT,2010-12-22,False,False,0,READY,463,1.0,2024-08-15,2026-07-16,sina_daily,qfq,VALID,A,26,0
2026-07-16,300150.SZ,CHINEXT,2010-12-22,False,False,0,READY,463,1.0,2024-08-15,2026-07-16,sina_daily,qfq,VALID,A,26,0
2026-07-16,300151.SZ,CHINEXT,2010-12-22,False,False,0,READY,463,1.0,2024-08-15,2026-07-16,sina_daily,qfq,VALID,A,26,0
2026-07-16,300152.SZ,CHINEXT,2010-12-29,True,False,0,READY,461,0.996,2024-08-15,2026-07-16,sina_daily,qfq,VALID,A,26,0
2026-07-16,300153.SZ,CHINEXT,2010-12-29,False,False,0,READY,463,1.0,2024-08-15,2026-07-16,sina_daily,qfq,VALID,A,26,0
2026-07-16,300154.SZ,CHINEXT,2010-12-29,False,False,0,READY,463,1.0,2024-08-15,2026-07-16,sina_daily,qfq,VALID,A,26,0
2026-07-16,300155.SZ,CHINEXT,2011-01-07,False,False,0,READY,463,1.0,2024-08-15,2026-07-16,sina_daily,qfq,VALID,A,26,0
2026-07-16,300157.SZ,CHINEXT,2011-01-07,False,False,0,READY,463,1.0,2024-08-15,2026-07-16,sina_daily,qfq,VALID,A,26,0
2026-07-16,300158.SZ,CHINEXT,2011-01-07,False,False,0,READY,463,1.0,2024-08-15,2026-07-16,sina_daily,qfq,VALID,A,26,0
2026-07-16,300159.SZ,CHINEXT,2011-01-07,False,False,0,READY,460,0.992,2024-08-15,2026-07-16,sina_daily,qfq,VALID,A,26,0
2026-07-16,300160.SZ,CHINEXT,2011-01-13,False,False,0,READY,463,1.0,2024-08-15,2026-07-16,sina_daily,qfq,VALID,A,26,0
2026-07-16,300161.SZ,CHINEXT,2011-01-13,False,False,0,READY,463,1.0,2024-08-15,2026-07-16,sina_daily,qfq,VALID,A,26,0
2026-07-16,300162.SZ,CHINEXT,2011-01-13,False,False,0,READY,463,1.0,2024-08-15,2026-07-16,sina_daily,qfq,VALID,A,26,0
2026-07-16,300163.SZ,CHINEXT,2011-01-13,False,False,0,READY,462,1.0,2024-08-15,2026-07-16,sina_daily,qfq,VALID,A,26,0
2026-07-16,300164.SZ,CHINEXT,2011-01-13,False,False,0,READY,463,1.0,2024-08-15,2026-07-16,sina_daily,qfq,VALID,A,26,0
2026-07-16,300165.SZ,CHINEXT,2011-01-25,False,False,0,READY,456,0.976,2024-08-15,2026-07-16,sina_daily,qfq,VALID,A,26,0
2026-07-16,300166.SZ,CHINEXT,2011-01-25,False,False,0,READY,463,1.0,2024-08-15,2026-07-16,sina_daily,qfq,VALID,A,26,0
2026-07-16,300167.SZ,CHINEXT,2011-01-25,True,False,0,READY,462,1.0,2024-08-15,2026-07-16,sina_daily,qfq,VALID,A,26,0
2026-07-16,300168.SZ,CHINEXT,2011-01-25,False,False,0,READY,463,1.0,2024-08-15,2026-07-16,sina_daily,qfq,VALID,A,26,0
2026-07-16,300169.SZ,CHINEXT,2011-01-25,False,False,0,READY,458,0.98,2024-08-15,2026-07-16,sina_daily,qfq,VALID,A,26,0
2026-07-16,300170.SZ,CHINEXT,2011-02-01,False,False,0,READY,463,1.0,2024-08-15,2026-07-16,sina_daily,qfq,VALID,A,26,0
2026-07-16,300171.SZ,CHINEXT,2011-02-01,False,False,0,READY,463,1.0,2024-08-15,2026-07-16,sina_daily,qfq,VALID,A,26,0
2026-07-16,300172.SZ,CHINEXT,2011-02-01,False,False,0,READY,463,1.0,2024-08-15,2026-07-16,sina_daily,qfq,VALID,A,26,0
2026-07-16,300173.SZ,CHINEXT,2011-02-01,True,False,0,READY,462,0.996,2024-08-15,2026-07-16,sina_daily,qfq,VALID,A,26,0
2026-07-16,300174.SZ,CHINEXT,2011-02-01,False,False,0,READY,454,0.964,2024-08-15,2026-07-16,sina_daily,qfq,VALID,A,26,0
2026-07-16,300175.SZ,CHINEXT,2011-02-15,False,False,0,READY,461,0.996,2024-08-15,2026-07-16,sina_daily,qfq,VALID,A,26,0
2026-07-16,300176.SZ,CHINEXT,2011-02-15,False,False,0,READY,463,1.0,2024-08-15,2026-07-16,sina_daily,qfq,VALID,A,26,0
2026-07-16,300177.SZ,CHINEXT,2011-02-15,False,False,0,READY,463,1.0,2024-08-15,2026-07-16,sina_daily,qfq,VALID,A,26,0
2026-07-16,300179.SZ,CHINEXT,2011-02-15,False,False,0,READY,463,1.0,2024-08-15,2026-07-16,sina_daily,qfq,VALID,A,26,0
2026-07-16,300180.SZ,CHINEXT,2011-02-22,False,False,0,READY,463,1.0,2024-08-15,2026-07-16,sina_daily,qfq,VALID,A,26,0
2026-07-16,300181.SZ,CHINEXT,2011-02-22,False,False,0,READY,463,1.0,2024-08-15,2026-07-16,sina_daily,qfq,VALID,A,26,0
2026-07-16,300182.SZ,CHINEXT,2011-02-22,False,False,0,READY,463,1.0,2024-08-15,2026-07-16,sina_daily,qfq,VALID,A,26,0
2026-07-16,300183.SZ,CHINEXT,2011-02-22,False,False,0,READY,463,1.0,2024-08-15,2026-07-16,sina_daily,qfq,VALID,A,26,0
2026-07-16,300184.SZ,CHINEXT,2011-02-22,False,False,0,READY,463,1.0,2024-08-15,2026-07-16,sina_daily,qfq,VALID,A,26,0
2026-07-16,300185.SZ,CHINEXT,2011-03-08,False,False,0,READY,461,1.0,2024-08-15,2026-07-16,sina_daily,qfq,VALID,A,26,0
2026-07-16,300187.SZ,CHINEXT,2011-03-08,False,False,0,READY,463,1.0,2024-08-15,2026-07-16,sina_daily,qfq,VALID,A,26,0
2026-07-16,300188.SZ,CHINEXT,2011-03-16,False,False,0,READY,463,1.0,2024-08-15,2026-07-16,sina_daily,qfq,VALID,A,26,0
2026-07-16,300189.SZ,CHINEXT,2011-03-16,False,False,0,READY,463,1.0,2024-08-15,2026-07-16,sina_daily,qfq,VALID,A,26,0
2026-07-16,300190.SZ,CHINEXT,2011-03-16,False,False,0,READY,463,1.0,2024-08-15,2026-07-16,sina_daily,qfq,VALID,A,26,0
2026-07-16,300191.SZ,CHINEXT,2011-03-16,False,False,0,READY,463,1.0,2024-08-15,2026-07-16,sina_daily,qfq,VALID,A,26,0
2026-07-16,300192.SZ,CHINEXT,2011-03-22,False,False,0,READY,463,1.0,2024-08-15,2026-07-16,sina_daily,qfq,VALID,A,26,0
2026-07-16,300193.SZ,CHINEXT,2011-03-22,False,False,0,READY,463,1.0,2024-08-15,2026-07-16,sina_daily,qfq,VALID,A,26,0
2026-07-16,300194.SZ,CHINEXT,2011-03-22,False,False,0,READY,463,1.0,2024-08-15,2026-07-16,sina_daily,qfq,VALID,A,26,0
2026-07-16,300195.SZ,CHINEXT,2011-03-29,False,False,0,READY,463,1.0,2024-08-15,2026-07-16,sina_daily,qfq,VALID,A,26,0
2026-07-16,300196.SZ,CHINEXT,2011-03-29,False,False,0,READY,463,1.0,2024-08-15,2026-07-16,sina_daily,qfq,VALID,A,26,0
2026-07-16,300197.SZ,CHINEXT,2011-03-29,False,False,0,READY,463,1.0,2024-08-15,2026-07-16,sina_daily,qfq,VALID,A,26,0
2026-07-16,300198.SZ,CHINEXT,2011-04-07,True,False,0,READY,461,0.996,2024-08-15,2026-07-16,sina_daily,qfq,VALID,A,26,0
2026-07-16,300199.SZ,CHINEXT,2011-04-07,False,False,0,READY,463,1.0,2024-08-15,2026-07-16,sina_daily,qfq,VALID,A,26,0
2026-07-16,300200.SZ,CHINEXT,2011-04-07,False,False,0,READY,463,1.0,2024-08-15,2026-07-16,sina_daily,qfq,VALID,A,26,0
2026-07-16,300201.SZ,CHINEXT,2011-04-07,False,False,0,READY,463,1.0,2024-08-15,2026-07-16,sina_daily,qfq,VALID,A,26,0
2026-07-16,300203.SZ,CHINEXT,2011-04-15,False,False,0,READY,463,1.0,2024-08-15,2026-07-16,sina_daily,qfq,VALID,A,26,0
2026-07-16,300204.SZ,CHINEXT,2011-04-15,False,False,0,READY,463,1.0,2024-08-15,2026-07-16,sina_daily,qfq,VALID,A,26,0
2026-07-16,300205.SZ,CHINEXT,2011-04-21,True,False,0,READY,462,1.0,2024-08-15,2026-07-16,sina_daily,qfq,VALID,A,26,0
2026-07-16,300206.SZ,CHINEXT,2011-04-21,False,False,0,READY,463,1.0,2024-08-15,2026-07-16,sina_daily,qfq,VALID,A,26,0
2026-07-16,300207.SZ,CHINEXT,2011-04-21,False,False,0,READY,463,1.0,2024-08-15,2026-07-16,sina_daily,qfq,VALID,A,26,0
2026-07-16,300209.SZ,CHINEXT,2011-04-26,False,False,0,READY,461,1.0,2024-08-15,2026-07-16,sina_daily,qfq,VALID,A,26,0
2026-07-16,300210.SZ,CHINEXT,2011-04-26,False,False,0,READY,463,1.0,2024-08-15,2026-07-16,sina_daily,qfq,VALID,A,26,0
2026-07-16,300211.SZ,CHINEXT,2011-05-05,True,False,0,READY,462,1.0,2024-08-15,2026-07-16,sina_daily,qfq,VALID,A,26,0
2026-07-16,300212.SZ,CHINEXT,2011-05-05,True,False,0,READY,462,0.996,2024-08-15,2026-07-16,sina_daily,qfq,VALID,A,26,0
2026-07-16,300213.SZ,CHINEXT,2011-05-05,False,False,0,READY,463,1.0,2024-08-15,2026-07-16,sina_daily,qfq,VALID,A,26,0
2026-07-16,300214.SZ,CHINEXT,2011-05-11,False,False,0,READY,453,0.96,2024-08-15,2026-07-16,sina_daily,qfq,VALID,A,26,0
2026-07-16,300215.SZ,CHINEXT,2011-05-11,False,False,0,READY,463,1.0,2024-08-15,2026-07-16,sina_daily,qfq,VALID,A,26,0
2026-07-16,300217.SZ,CHINEXT,2011-05-18,False,False,0,READY,463,1.0,2024-08-15,2026-07-16,sina_daily,qfq,VALID,A,26,0
2026-07-16,300218.SZ,CHINEXT,2011-05-18,False,False,0,READY,463,1.0,2024-08-15,2026-07-16,sina_daily,qfq,VALID,A,26,0
2026-07-16,300219.SZ,CHINEXT,2011-05-18,False,False,0,READY,463,1.0,2024-08-15,2026-07-16,sina_daily,qfq,VALID,A,26,0
2026-07-16,300220.SZ,CHINEXT,2011-05-25,False,False,0,READY,463,1.0,2024-08-15,2026-07-16,sina_daily,qfq,VALID,A,26,0
2026-07-16,300221.SZ,CHINEXT,2011-05-25,False,False,0,READY,463,1.0,2024-08-15,2026-07-16,sina_daily,qfq,VALID,A,26,0
2026-07-16,300222.SZ,CHINEXT,2011-05-25,False,False,0,READY,463,1.0,2024-08-15,2026-07-16,sina_daily,qfq,VALID,A,26,0
2026-07-16,300223.SZ,CHINEXT,2011-05-31,False,False,0,READY,463,1.0,2024-08-15,2026-07-16,sina_daily,qfq,VALID,A,26,0
2026-07-16,300224.SZ,CHINEXT,2011-05-31,False,False,0,READY,463,1.0,2024-08-15,2026-07-16,sina_daily,qfq,VALID,A,26,0
2026-07-16,300225.SZ,CHINEXT,2011-05-31,False,False,0,READY,421,0.996,2024-08-15,2026-07-16,sina_daily,qfq,VALID,A,26,0
2026-07-16,300226.SZ,CHINEXT,2011-06-08,False,False,0,READY,463,1.0,2024-08-15,2026-07-16,sina_daily,qfq,VALID,A,26,0
2026-07-16,300227.SZ,CHINEXT,2011-06-08,False,False,0,READY,463,1.0,2024-08-15,2026-07-16,sina_daily,qfq,VALID,A,26,0
2026-07-16,300228.SZ,CHINEXT,2011-06-08,False,False,0,READY,463,1.0,2024-08-15,2026-07-16,sina_daily,qfq,VALID,A,26,0
2026-07-16,300229.SZ,CHINEXT,2011-06-15,False,False,0,READY,463,1.0,2024-08-15,2026-07-16,sina_daily,qfq,VALID,A,26,0
2026-07-16,300230.SZ,CHINEXT,2011-06-15,False,False,0,READY,463,1.0,2024-08-15,2026-07-16,sina_daily,qfq,VALID,A,26,0
2026-07-16,300231.SZ,CHINEXT,2011-06-15,False,False,0,READY,463,1.0,2024-08-15,2026-07-16,sina_daily,qfq,VALID,A,26,0
2026-07-16,300232.SZ,CHINEXT,2011-06-22,False,False,0,READY,463,1.0,2024-08-15,2026-07-16,sina_daily,qfq,VALID,A,26,0
2026-07-16,300233.SZ,CHINEXT,2011-06-22,False,False,0,READY,463,1.0,2024-08-15,2026-07-16,sina_daily,qfq,VALID,A,26,0
2026-07-16,300234.SZ,CHINEXT,2011-06-22,False,False,0,READY,463,1.0,2024-08-15,2026-07-16,sina_daily,qfq,VALID,A,26,0
2026-07-16,300235.SZ,CHINEXT,2011-06-29,False,False,0,READY,463,1.0,2024-08-15,2026-07-16,sina_daily,qfq,VALID,A,26,0
2026-07-16,300236.SZ,CHINEXT,2011-06-29,False,False,0,READY,463,1.0,2024-08-15,2026-07-16,sina_daily,qfq,VALID,A,26,0
2026-07-16,300237.SZ,CHINEXT,2011-06-29,True,False,0,READY,462,0.996,2024-08-15,2026-07-16,sina_daily,qfq,VALID,A,26,0
2026-07-16,300238.SZ,CHINEXT,2011-07-06,False,False,0,READY,463,1.0,2024-08-15,2026-07-16,sina_daily,qfq,VALID,A,26,0
2026-07-16,300239.SZ,CHINEXT,2011-07-06,False,False,0,READY,463,1.0,2024-08-15,2026-07-16,sina_daily,qfq,VALID,A,26,0
2026-07-16,300240.SZ,CHINEXT,2011-07-06,False,False,0,READY,463,1.0,2024-08-15,2026-07-16,sina_daily,qfq,VALID,A,26,0
2026-07-16,300241.SZ,CHINEXT,2011-07-12,False,False,0,READY,463,1.0,2024-08-15,2026-07-16,sina_daily,qfq,VALID,A,26,0
2026-07-16,300242.SZ,CHINEXT,2011-07-12,False,False,0,READY,463,1.0,2024-08-15,2026-07-16,sina_daily,qfq,VALID,A,26,0
2026-07-16,300243.SZ,CHINEXT,2011-07-12,False,False,0,READY,463,1.0,2024-08-15,2026-07-16,sina_daily,qfq,VALID,A,26,0
2026-07-16,300244.SZ,CHINEXT,2011-07-19,False,False,0,READY,463,1.0,2024-08-15,2026-07-16,sina_daily,qfq,VALID,A,26,0
2026-07-16,300245.SZ,CHINEXT,2011-07-19,True,False,0,READY,462,0.996,2024-08-15,2026-07-16,sina_daily,qfq,VALID,A,26,0
2026-07-16,300246.SZ,CHINEXT,2011-07-19,False,False,0,READY,463,1.0,2024-08-15,2026-07-16,sina_daily,qfq,VALID,A,26,0
2026-07-16,300247.SZ,CHINEXT,2011-07-29,False,False,0,READY,463,1.0,2024-08-15,2026-07-16,sina_daily,qfq,VALID,A,26,0
2026-07-16,300248.SZ,CHINEXT,2011-07-29,False,False,0,READY,463,1.0,2024-08-15,2026-07-16,sina_daily,qfq,VALID,A,26,0
2026-07-16,300249.SZ,CHINEXT,2011-08-03,False,False,0,READY,463,1.0,2024-08-15,2026-07-16,sina_daily,qfq,VALID,A,26,0
2026-07-16,300250.SZ,CHINEXT,2011-08-03,False,False,0,READY,463,1.0,2024-08-15,2026-07-16,sina_daily,qfq,VALID,A,26,0
2026-07-16,300251.SZ,CHINEXT,2011-08-03,False,False,0,READY,463,1.0,2024-08-15,2026-07-16,sina_daily,qfq,VALID,A,26,0
2026-07-16,300252.SZ,CHINEXT,2011-08-18,False,False,0,READY,463,1.0,2024-08-15,2026-07-16,sina_daily,qfq,VALID,A,26,0
2026-07-16,300253.SZ,CHINEXT,2011-08-18,False,False,0,READY,463,1.0,2024-08-15,2026-07-16,sina_daily,qfq,VALID,A,26,0
2026-07-16,300254.SZ,CHINEXT,2011-08-19,False,False,0,READY,463,1.0,2024-08-15,2026-07-16,sina_daily,qfq,VALID,A,26,0
2026-07-16,300255.SZ,CHINEXT,2011-08-19,False,False,0,READY,463,1.0,2024-08-15,2026-07-16,sina_daily,qfq,VALID,A,26,0
2026-07-16,300256.SZ,CHINEXT,2011-08-19,False,False,0,READY,463,1.0,2024-08-15,2026-07-16,sina_daily,qfq,VALID,A,26,0
2026-07-16,300257.SZ,CHINEXT,2011-08-19,False,False,0,READY,463,1.0,2024-08-15,2026-07-16,sina_daily,qfq,VALID,A,26,0
2026-07-16,300258.SZ,CHINEXT,2011-08-26,False,False,0,READY,463,1.0,2024-08-15,2026-07-16,sina_daily,qfq,VALID,A,26,0
2026-07-16,300259.SZ,CHINEXT,2011-08-31,False,False,0,READY,463,1.0,2024-08-15,2026-07-16,sina_daily,qfq,VALID,A,26,0
2026-07-16,300260.SZ,CHINEXT,2011-09-06,False,False,0,READY,463,1.0,2024-08-15,2026-07-16,sina_daily,qfq,VALID,A,26,0
2026-07-16,300261.SZ,CHINEXT,2011-09-06,False,False,0,READY,463,1.0,2024-08-15,2026-07-16,sina_daily,qfq,VALID,A,26,0
2026-07-16,300263.SZ,CHINEXT,2011-09-16,False,False,0,READY,463,1.0,2024-08-15,2026-07-16,sina_daily,qfq,VALID,A,26,0
2026-07-16,300264.SZ,CHINEXT,2011-09-16,False,False,0,READY,458,0.98,2024-08-15,2026-07-16,sina_daily,qfq,VALID,A,26,0
2026-07-16,300265.SZ,CHINEXT,2011-09-16,False,False,0,READY,463,1.0,2024-08-15,2026-07-16,sina_daily,qfq,VALID,A,26,0
2026-07-16,300266.SZ,CHINEXT,2011-09-27,False,False,0,READY,463,1.0,2024-08-15,2026-07-16,sina_daily,qfq,VALID,A,26,0
2026-07-16,300267.SZ,CHINEXT,2011-09-27,False,False,0,READY,463,1.0,2024-08-15,2026-07-16,sina_daily,qfq,VALID,A,26,0
2026-07-16,300268.SZ,CHINEXT,2011-09-27,False,False,0,READY,461,0.996,2024-08-15,2026-07-16,sina_daily,qfq,VALID,A,26,0
2026-07-16,300269.SZ,CHINEXT,2011-10-12,False,False,0,READY,463,1.0,2024-08-15,2026-07-16,sina_daily,qfq,VALID,A,26,0
2026-07-16,300270.SZ,CHINEXT,2011-10-12,False,False,0,READY,458,0.98,2024-08-15,2026-07-16,sina_daily,qfq,VALID,A,26,0
2026-07-16,300271.SZ,CHINEXT,2011-10-26,False,False,0,READY,463,1.0,2024-08-15,2026-07-16,sina_daily,qfq,VALID,A,26,0
2026-07-16,300272.SZ,CHINEXT,2011-11-02,False,False,0,READY,463,1.0,2024-08-15,2026-07-16,sina_daily,qfq,VALID,A,26,0
2026-07-16,300274.SZ,CHINEXT,2011-11-02,False,False,0,READY,463,1.0,2024-08-15,2026-07-16,sina_daily,qfq,VALID,A,26,0
2026-07-16,300275.SZ,CHINEXT,2011-11-02,False,False,0,READY,463,1.0,2024-08-15,2026-07-16,sina_daily,qfq,VALID,A,26,0
2026-07-16,300276.SZ,CHINEXT,2011-11-15,False,False,0,READY,463,1.0,2024-08-15,2026-07-16,sina_daily,qfq,VALID,A,26,0
2026-07-16,300277.SZ,CHINEXT,2011-11-23,False,False,0,READY,443,0.96,2024-08-15,2026-07-16,sina_daily,qfq,VALID,A,26,0
2026-07-16,300278.SZ,CHINEXT,2011-12-16,False,False,0,READY,463,1.0,2024-08-15,2026-07-16,sina_daily,qfq,VALID,A,26,0
2026-07-16,300279.SZ,CHINEXT,2011-12-29,False,False,0,READY,463,1.0,2024-08-15,2026-07-16,sina_daily,qfq,VALID,A,26,0
2026-07-16,300281.SZ,CHINEXT,2011-12-29,False,False,0,READY,463,1.0,2024-08-15,2026-07-16,sina_daily,qfq,VALID,A,26,0
2026-07-16,300283.SZ,CHINEXT,2012-01-10,False,False,0,READY,463,1.0,2024-08-15,2026-07-16,sina_daily,qfq,VALID,A,26,0
2026-07-16,300284.SZ,CHINEXT,2012-01-10,False,False,0,READY,463,1.0,2024-08-15,2026-07-16,sina_daily,qfq,VALID,A,26,0
2026-07-16,300285.SZ,CHINEXT,2012-01-13,False,False,0,READY,463,1.0,2024-08-15,2026-07-16,sina_daily,qfq,VALID,A,26,0
2026-07-16,300286.SZ,CHINEXT,2012-01-13,False,False,0,READY,463,1.0,2024-08-15,2026-07-16,sina_daily,qfq,VALID,A,26,0
2026-07-16,300287.SZ,CHINEXT,2012-02-01,False,False,0,READY,463,1.0,2024-08-15,2026-07-16,sina_daily,qfq,VALID,A,26,0
2026-07-16,300288.SZ,CHINEXT,2012-02-16,False,False,0,READY,463,1.0,2024-08-15,2026-07-16,sina_daily,qfq,VALID,A,26,0
2026-07-16,300289.SZ,CHINEXT,2012-02-16,False,False,0,READY,463,1.0,2024-08-15,2026-07-16,sina_daily,qfq,VALID,A,26,0
2026-07-16,300290.SZ,CHINEXT,2012-02-16,True,False,0,READY,462,0.996,2024-08-15,2026-07-16,sina_daily,qfq,VALID,A,26,0
2026-07-16,300291.SZ,CHINEXT,2012-02-09,False,False,0,READY,455,0.968,2024-08-15,2026-07-16,sina_daily,qfq,VALID,A,26,0
2026-07-16,300292.SZ,CHINEXT,2012-02-29,False,False,0,READY,463,1.0,2024-08-15,2026-07-16,sina_daily,qfq,VALID,A,26,0
2026-07-16,300293.SZ,CHINEXT,2012-03-08,False,False,0,READY,463,1.0,2024-08-15,2026-07-16,sina_daily,qfq,VALID,A,26,0
2026-07-16,300294.SZ,CHINEXT,2012-03-08,False,False,0,READY,463,1.0,2024-08-15,2026-07-16,sina_daily,qfq,VALID,A,26,0
2026-07-16,300295.SZ,CHINEXT,2012-03-15,True,False,0,READY,462,0.996,2024-08-15,2026-07-16,sina_daily,qfq,VALID,A,26,0
2026-07-16,300296.SZ,CHINEXT,2012-03-15,False,False,0,READY,463,1.0,2024-08-15,2026-07-16,sina_daily,qfq,VALID,A,26,0
2026-07-16,300298.SZ,CHINEXT,2012-03-19,False,False,0,READY,463,1.0,2024-08-15,2026-07-16,sina_daily,qfq,VALID,A,26,0
2026-07-16,300299.SZ,CHINEXT,2012-03-19,False,False,0,READY,463,1.0,2024-08-15,2026-07-16,sina_daily,qfq,VALID,A,26,0
2026-07-16,300300.SZ,CHINEXT,2012-03-19,False,False,0,READY,459,0.984,2024-08-15,2026-07-16,sina_daily,qfq,VALID,A,26,0
2026-07-16,300301.SZ,CHINEXT,2012-03-21,True,False,0,READY,462,0.996,2024-08-15,2026-07-16,sina_daily,qfq,VALID,A,26,0
2026-07-16,300302.SZ,CHINEXT,2012-03-21,False,False,0,READY,463,1.0,2024-08-15,2026-07-16,sina_daily,qfq,VALID,A,26,0
2026-07-16,300303.SZ,CHINEXT,2012-03-19,False,False,0,READY,463,1.0,2024-08-15,2026-07-16,sina_daily,qfq,VALID,A,26,0
2026-07-16,300304.SZ,CHINEXT,2012-03-21,False,False,0,READY,463,1.0,2024-08-15,2026-07-16,sina_daily,qfq,VALID,A,26,0
2026-07-16,300305.SZ,CHINEXT,2012-03-29,False,False,0,READY,463,1.0,2024-08-15,2026-07-16,sina_daily,qfq,VALID,A,26,0
2026-07-16,300306.SZ,CHINEXT,2012-03-29,False,False,0,READY,463,1.0,2024-08-15,2026-07-16,sina_daily,qfq,VALID,A,26,0
2026-07-16,300307.SZ,CHINEXT,2012-03-29,False,False,0,READY,443,1.0,2024-08-15,2026-07-16,sina_daily,qfq,VALID,A,26,0
2026-07-16,300308.SZ,CHINEXT,2012-04-10,False,False,0,READY,463,1.0,2024-08-15,2026-07-16,sina_daily,qfq,VALID,A,26,0
2026-07-16,300310.SZ,CHINEXT,2012-04-25,False,False,0,READY,463,1.0,2024-08-15,2026-07-16,sina_daily,qfq,VALID,A,26,0
2026-07-16,300311.SZ,CHINEXT,2012-04-25,True,False,0,READY,462,1.0,2024-08-15,2026-07-16,sina_daily,qfq,VALID,A,26,0
2026-07-16,300313.SZ,CHINEXT,2012-04-25,False,False,0,READY,461,0.996,2024-08-15,2026-07-16,sina_daily,qfq,VALID,A,26,0
2026-07-16,300314.SZ,CHINEXT,2012-05-08,False,False,0,READY,463,1.0,2024-08-15,2026-07-16,sina_daily,qfq,VALID,A,26,0
2026-07-16,300315.SZ,CHINEXT,2012-05-11,False,False,0,READY,463,1.0,2024-08-15,2026-07-16,sina_daily,qfq,VALID,A,26,0
2026-07-16,300316.SZ,CHINEXT,2012-05-11,False,False,0,READY,463,1.0,2024-08-15,2026-07-16,sina_daily,qfq,VALID,A,26,0
2026-07-16,300317.SZ,CHINEXT,2012-05-11,False,False,0,READY,463,1.0,2024-08-15,2026-07-16,sina_daily,qfq,VALID,A,26,0
2026-07-16,300318.SZ,CHINEXT,2012-05-23,False,False,0,READY,463,1.0,2024-08-15,2026-07-16,sina_daily,qfq,VALID,A,26,0
2026-07-16,300319.SZ,CHINEXT,2012-05-23,False,False,0,READY,463,1.0,2024-08-15,2026-07-16,sina_daily,qfq,VALID,A,26,0
2026-07-16,300320.SZ,CHINEXT,2012-06-01,False,False,0,READY,463,1.0,2024-08-15,2026-07-16,sina_daily,qfq,VALID,A,26,0
2026-07-16,300321.SZ,CHINEXT,2012-05-23,False,False,0,READY,463,1.0,2024-08-15,2026-07-16,sina_daily,qfq,VALID,A,26,0
2026-07-16,300322.SZ,CHINEXT,2012-06-08,False,False,0,READY,463,1.0,2024-08-15,2026-07-16,sina_daily,qfq,VALID,A,26,0
2026-07-16,300323.SZ,CHINEXT,2012-06-01,False,False,0,READY,463,1.0,2024-08-15,2026-07-16,sina_daily,qfq,VALID,A,26,0
2026-07-16,300324.SZ,CHINEXT,2012-06-08,False,False,0,READY,463,1.0,2024-08-15,2026-07-16,sina_daily,qfq,VALID,A,26,0
2026-07-16,300326.SZ,CHINEXT,2012-06-13,True,False,0,READY,459,0.988,2024-08-15,2026-07-16,sina_daily,qfq,VALID,A,26,0
2026-07-16,300327.SZ,CHINEXT,2012-06-13,False,False,0,READY,462,1.0,2024-08-15,2026-07-16,sina_daily,qfq,VALID,A,26,0
2026-07-16,300328.SZ,CHINEXT,2012-06-19,False,False,0,READY,463,1.0,2024-08-15,2026-07-16,sina_daily,qfq,VALID,A,26,0
2026-07-16,300329.SZ,CHINEXT,2012-06-19,False,False,0,READY,458,0.98,2024-08-15,2026-07-16,sina_daily,qfq,VALID,A,26,0
2026-07-16,300331.SZ,CHINEXT,2012-06-28,False,False,0,READY,463,1.0,2024-08-15,2026-07-16,sina_daily,qfq,VALID,A,26,0
2026-07-16,300332.SZ,CHINEXT,2012-06-28,False,False,0,READY,454,0.964,2024-08-15,2026-07-16,sina_daily,qfq,VALID,A,26,0
2026-07-16,300333.SZ,CHINEXT,2012-06-28,False,False,0,READY,463,1.0,2024-08-15,2026-07-16,sina_daily,qfq,VALID,A,26,0
2026-07-16,300334.SZ,CHINEXT,2012-07-05,False,False,0,READY,463,1.0,2024-08-15,2026-07-16,sina_daily,qfq,VALID,A,26,0
2026-07-16,300335.SZ,CHINEXT,2012-07-10,False,False,0,READY,463,1.0,2024-08-15,2026-07-16,sina_daily,qfq,VALID,A,26,0
2026-07-16,300337.SZ,CHINEXT,2012-07-18,False,False,0,READY,463,1.0,2024-08-15,2026-07-16,sina_daily,qfq,VALID,A,26,0
2026-07-16,300338.SZ,CHINEXT,2012-07-26,True,False,0,READY,461,0.996,2024-08-15,2026-07-16,sina_daily,qfq,VALID,A,26,0
2026-07-16,300339.SZ,CHINEXT,2012-07-18,False,False,0,READY,463,1.0,2024-08-15,2026-07-16,sina_daily,qfq,VALID,A,26,0
2026-07-16,300340.SZ,CHINEXT,2012-07-26,False,False,0,READY,463,1.0,2024-08-15,2026-07-16,sina_daily,qfq,VALID,A,26,0
2026-07-16,300341.SZ,CHINEXT,2012-07-26,False,False,0,READY,463,1.0,2024-08-15,2026-07-16,sina_daily,qfq,VALID,A,26,0
2026-07-16,300342.SZ,CHINEXT,2012-07-26,False,False,0,READY,463,1.0,2024-08-15,2026-07-16,sina_daily,qfq,VALID,A,26,0
2026-07-16,300343.SZ,CHINEXT,2012-08-01,False,False,0,READY,461,0.996,2024-08-15,2026-07-16,sina_daily,qfq,VALID,A,26,0
2026-07-16,300345.SZ,CHINEXT,2012-08-01,False,False,0,READY,463,1.0,2024-08-15,2026-07-16,sina_daily,qfq,VALID,A,26,0
2026-07-16,300346.SZ,CHINEXT,2012-08-07,False,False,0,READY,463,1.0,2024-08-15,2026-07-16,sina_daily,qfq,VALID,A,26,0
2026-07-16,300347.SZ,CHINEXT,2012-08-17,False,False,0,READY,463,1.0,2024-08-15,2026-07-16,sina_daily,qfq,VALID,A,26,0
2026-07-16,300348.SZ,CHINEXT,2012-08-17,False,False,0,READY,463,1.0,2024-08-15,2026-07-16,sina_daily,qfq,VALID,A,26,0
2026-07-16,300349.SZ,CHINEXT,2012-08-17,False,False,0,READY,463,1.0,2024-08-15,2026-07-16,sina_daily,qfq,VALID,A,26,0
2026-07-16,300350.SZ,CHINEXT,2012-08-21,False,False,0,READY,463,1.0,2024-08-15,2026-07-16,sina_daily,qfq,VALID,A,26,0
2026-07-16,300351.SZ,CHINEXT,2012-09-20,False,False,0,READY,463,1.0,2024-08-15,2026-07-16,sina_daily,qfq,VALID,A,26,0
2026-07-16,300352.SZ,CHINEXT,2012-09-12,True,False,0,READY,462,0.996,2024-08-15,2026-07-16,sina_daily,qfq,VALID,A,26,0
2026-07-16,300353.SZ,CHINEXT,2012-09-27,False,False,0,READY,454,0.964,2024-08-15,2026-07-16,sina_daily,qfq,VALID,A,26,0
2026-07-16,300354.SZ,CHINEXT,2012-09-20,False,False,0,READY,463,1.0,2024-08-15,2026-07-16,sina_daily,qfq,VALID,A,26,0
2026-07-16,300355.SZ,CHINEXT,2012-09-27,False,False,0,READY,463,1.0,2024-08-15,2026-07-16,sina_daily,qfq,VALID,A,26,0
2026-07-16,300357.SZ,CHINEXT,2014-01-21,False,False,0,READY,463,1.0,2024-08-15,2026-07-16,sina_daily,qfq,VALID,A,26,0
2026-07-16,300358.SZ,CHINEXT,2014-01-21,False,False,0,READY,463,1.0,2024-08-15,2026-07-16,sina_daily,qfq,VALID,A,26,0
2026-07-16,300359.SZ,CHINEXT,2014-01-21,False,False,0,READY,463,1.0,2024-08-15,2026-07-16,sina_daily,qfq,VALID,A,26,0
2026-07-16,300360.SZ,CHINEXT,2014-01-21,False,False,0,READY,463,1.0,2024-08-15,2026-07-16,sina_daily,qfq,VALID,A,26,0
2026-07-16,300363.SZ,CHINEXT,2014-01-29,False,False,0,READY,463,1.0,2024-08-15,2026-07-16,sina_daily,qfq,VALID,A,26,0
2026-07-16,300364.SZ,CHINEXT,2015-01-21,False,False,0,READY,463,1.0,2024-08-15,2026-07-16,sina_daily,qfq,VALID,A,26,0
2026-07-16,300365.SZ,CHINEXT,2014-01-23,False,False,0,READY,463,1.0,2024-08-15,2026-07-16,sina_daily,qfq,VALID,A,26,0
2026-07-16,300366.SZ,CHINEXT,2014-01-27,True,False,0,READY,462,0.996,2024-08-15,2026-07-16,sina_daily,qfq,VALID,A,26,0
2026-07-16,300368.SZ,CHINEXT,2014-01-23,False,False,0,READY,462,1.0,2024-08-15,2026-07-16,sina_daily,qfq,VALID,A,26,0
2026-07-16,300369.SZ,CHINEXT,2014-01-29,False,False,0,READY,463,1.0,2024-08-15,2026-07-16,sina_daily,qfq,VALID,A,26,0
2026-07-16,300370.SZ,CHINEXT,2014-01-23,False,False,0,READY,463,1.0,2024-08-15,2026-07-16,sina_daily,qfq,VALID,A,26,0
2026-07-16,300371.SZ,CHINEXT,2014-01-23,False,False,0,READY,463,1.0,2024-08-15,2026-07-16,sina_daily,qfq,VALID,A,26,0
2026-07-16,300373.SZ,CHINEXT,2014-01-23,False,False,0,READY,453,1.0,2024-08-15,2026-07-16,sina_daily,qfq,VALID,A,26,0
2026-07-16,300374.SZ,CHINEXT,2015-03-19,False,False,0,READY,463,1.0,2024-08-15,2026-07-16,sina_daily,qfq,VALID,A,26,0
2026-07-16,300375.SZ,CHINEXT,2014-01-27,False,False,0,READY,463,1.0,2024-08-15,2026-07-16,sina_daily,qfq,VALID,A,26,0
2026-07-16,300376.SZ,CHINEXT,2014-01-27,False,False,0,READY,462,0.996,2024-08-15,2026-07-16,sina_daily,qfq,VALID,A,26,0
2026-07-16,300377.SZ,CHINEXT,2014-01-27,False,False,0,READY,463,1.0,2024-08-15,2026-07-16,sina_daily,qfq,VALID,A,26,0
2026-07-16,300378.SZ,CHINEXT,2014-01-27,False,False,0,READY,463,1.0,2024-08-15,2026-07-16,sina_daily,qfq,VALID,A,26,0
2026-07-16,300380.SZ,CHINEXT,2014-01-28,False,False,0,READY,463,1.0,2024-08-15,2026-07-16,sina_daily,qfq,VALID,A,26,0
2026-07-16,300381.SZ,CHINEXT,2014-01-28,False,False,0,READY,463,1.0,2024-08-15,2026-07-16,sina_daily,qfq,VALID,A,26,0
2026-07-16,300382.SZ,CHINEXT,2014-01-29,False,False,0,READY,463,1.0,2024-08-15,2026-07-16,sina_daily,qfq,VALID,A,26,0
2026-07-16,300383.SZ,CHINEXT,2014-01-29,False,False,0,READY,463,1.0,2024-08-15,2026-07-16,sina_daily,qfq,VALID,A,26,0
2026-07-16,300384.SZ,CHINEXT,2014-08-01,False,False,0,READY,463,1.0,2024-08-15,2026-07-16,sina_daily,qfq,VALID,A,26,0
2026-07-16,300385.SZ,CHINEXT,2014-06-26,True,False,0,READY,458,0.98,2024-08-15,2026-07-16,sina_daily,qfq,VALID,A,26,0
2026-07-16,300386.SZ,CHINEXT,2014-06-26,False,False,0,READY,463,1.0,2024-08-15,2026-07-16,sina_daily,qfq,VALID,A,26,0
2026-07-16,300387.SZ,CHINEXT,2014-07-02,False,False,0,READY,463,1.0,2024-08-15,2026-07-16,sina_daily,qfq,VALID,A,26,0
2026-07-16,300388.SZ,CHINEXT,2014-08-01,False,False,0,READY,463,1.0,2024-08-15,2026-07-16,sina_daily,qfq,VALID,A,26,0
2026-07-16,300389.SZ,CHINEXT,2014-08-01,False,False,0,READY,463,1.0,2024-08-15,2026-07-16,sina_daily,qfq,VALID,A,26,0
2026-07-16,300390.SZ,CHINEXT,2014-07-31,False,False,0,READY,463,1.0,2024-08-15,2026-07-16,sina_daily,qfq,VALID,A,26,0
2026-07-16,300393.SZ,CHINEXT,2014-09-12,False,False,0,READY,463,1.0,2024-08-15,2026-07-16,sina_daily,qfq,VALID,A,26,0
2026-07-16,300394.SZ,CHINEXT,2015-02-17,False,False,0,READY,463,1.0,2024-08-15,2026-07-16,sina_daily,qfq,VALID,A,26,0
2026-07-16,300395.SZ,CHINEXT,2014-09-10,False,False,0,READY,463,1.0,2024-08-15,2026-07-16,sina_daily,qfq,VALID,A,26,0
2026-07-16,300396.SZ,CHINEXT,2014-09-10,True,False,0,READY,462,0.996,2024-08-15,2026-07-16,sina_daily,qfq,VALID,A,26,0
2026-07-16,300397.SZ,CHINEXT,2014-09-10,False,False,0,READY,463,1.0,2024-08-15,2026-07-16,sina_daily,qfq,VALID,A,26,0
2026-07-16,300398.SZ,CHINEXT,2014-10-09,False,False,0,READY,463,1.0,2024-08-15,2026-07-16,sina_daily,qfq,VALID,A,26,0
2026-07-16,300399.SZ,CHINEXT,2014-10-09,False,False,0,READY,463,1.0,2024-08-15,2026-07-16,sina_daily,qfq,VALID,A,26,0
2026-07-16,300400.SZ,CHINEXT,2014-10-10,False,False,0,READY,463,1.0,2024-08-15,2026-07-16,sina_daily,qfq,VALID,A,26,0
2026-07-16,300401.SZ,CHINEXT,2014-10-09,False,False,0,READY,463,1.0,2024-08-15,2026-07-16,sina_daily,qfq,VALID,A,26,0
2026-07-16,300402.SZ,CHINEXT,2014-10-10,False,False,0,READY,463,1.0,2024-08-15,2026-07-16,sina_daily,qfq,VALID,A,26,0
2026-07-16,300403.SZ,CHINEXT,2014-10-30,False,False,0,READY,463,1.0,2024-08-15,2026-07-16,sina_daily,qfq,VALID,A,26,0
2026-07-16,300404.SZ,CHINEXT,2015-04-24,False,False,0,READY,463,1.0,2024-08-15,2026-07-16,sina_daily,qfq,VALID,A,26,0
2026-07-16,300405.SZ,CHINEXT,2014-10-30,False,False,0,READY,463,1.0,2024-08-15,2026-07-16,sina_daily,qfq,VALID,A,26,0
2026-07-16,300406.SZ,CHINEXT,2014-10-30,False,False,0,READY,463,1.0,2024-08-15,2026-07-16,sina_daily,qfq,VALID,A,26,0
2026-07-16,300407.SZ,CHINEXT,2014-12-03,False,False,0,READY,463,1.0,2024-08-15,2026-07-16,sina_daily,qfq,VALID,A,26,0
2026-07-16,300408.SZ,CHINEXT,2014-12-03,False,False,0,READY,463,1.0,2024-08-15,2026-07-16,sina_daily,qfq,VALID,A,26,0
2026-07-16,300409.SZ,CHINEXT,2014-12-03,False,False,0,READY,463,1.0,2024-08-15,2026-07-16,sina_daily,qfq,VALID,A,26,0
2026-07-16,300410.SZ,CHINEXT,2014-12-31,False,False,0,READY,463,1.0,2024-08-15,2026-07-16,sina_daily,qfq,VALID,A,26,0
2026-07-16,300411.SZ,CHINEXT,2014-12-31,False,False,0,READY,458,0.98,2024-08-15,2026-07-16,sina_daily,qfq,VALID,A,26,0
2026-07-16,300412.SZ,CHINEXT,2014-12-31,False,False,0,READY,463,1.0,2024-08-15,2026-07-16,sina_daily,qfq,VALID,A,26,0
2026-07-16,300413.SZ,CHINEXT,2015-01-21,False,False,0,READY,463,1.0,2024-08-15,2026-07-16,sina_daily,qfq,VALID,A,26,0
2026-07-16,300414.SZ,CHINEXT,2015-05-13,False,False,0,READY,463,1.0,2024-08-15,2026-07-16,sina_daily,qfq,VALID,A,26,0
2026-07-16,300415.SZ,CHINEXT,2015-01-23,False,False,0,READY,463,1.0,2024-08-15,2026-07-16,sina_daily,qfq,VALID,A,26,0
2026-07-16,300416.SZ,CHINEXT,2015-01-22,False,False,0,READY,463,1.0,2024-08-15,2026-07-16,sina_daily,qfq,VALID,A,26,0
2026-07-16,300417.SZ,CHINEXT,2015-01-23,False,False,0,READY,463,1.0,2024-08-15,2026-07-16,sina_daily,qfq,VALID,A,26,0
2026-07-16,300418.SZ,CHINEXT,2015-01-21,False,False,0,READY,463,1.0,2024-08-15,2026-07-16,sina_daily,qfq,VALID,A,26,0
2026-07-16,300419.SZ,CHINEXT,2015-01-22,True,False,0,READY,460,0.992,2024-08-15,2026-07-16,sina_daily,qfq,VALID,A,26,0
2026-07-16,300420.SZ,CHINEXT,2015-02-17,False,False,0,READY,458,1.0,2024-08-15,2026-07-16,sina_daily,qfq,VALID,A,26,0
2026-07-16,300421.SZ,CHINEXT,2015-02-17,False,False,0,READY,463,1.0,2024-08-15,2026-07-16,sina_daily,qfq,VALID,A,26,0
2026-07-16,300422.SZ,CHINEXT,2015-02-17,False,False,0,READY,458,1.0,2024-08-15,2026-07-16,sina_daily,qfq,VALID,A,26,0
2026-07-16,300423.SZ,CHINEXT,2015-02-17,False,False,0,READY,453,1.0,2024-08-15,2026-07-16,sina_daily,qfq,VALID,A,26,0
2026-07-16,300424.SZ,CHINEXT,2015-04-22,False,False,0,READY,458,0.98,2024-08-15,2026-07-16,sina_daily,qfq,VALID,A,26,0
2026-07-16,300425.SZ,CHINEXT,2015-02-16,False,False,0,READY,463,1.0,2024-08-15,2026-07-16,sina_daily,qfq,VALID,A,26,0
2026-07-16,300426.SZ,CHINEXT,2015-02-17,False,False,0,READY,463,1.0,2024-08-15,2026-07-16,sina_daily,qfq,VALID,A,26,0
2026-07-16,300427.SZ,CHINEXT,2015-02-17,False,False,0,READY,462,1.0,2024-08-15,2026-07-16,sina_daily,qfq,VALID,A,26,0
2026-07-16,300428.SZ,CHINEXT,2015-03-19,False,False,0,READY,463,1.0,2024-08-15,2026-07-16,sina_daily,qfq,VALID,A,26,0
2026-07-16,300429.SZ,CHINEXT,2015-03-24,False,False,0,READY,463,1.0,2024-08-15,2026-07-16,sina_daily,qfq,VALID,A,26,0
2026-07-16,300430.SZ,CHINEXT,2015-03-19,True,False,0,READY,462,0.996,2024-08-15,2026-07-16,sina_daily,qfq,VALID,A,26,0
2026-07-16,300432.SZ,CHINEXT,2015-03-19,False,False,0,READY,463,1.0,2024-08-15,2026-07-16,sina_daily,qfq,VALID,A,26,0
2026-07-16,300433.SZ,CHINEXT,2015-03-18,False,False,0,READY,463,1.0,2024-08-15,2026-07-16,sina_daily,qfq,VALID,A,26,0
2026-07-16,300434.SZ,CHINEXT,2015-04-24,False,False,0,READY,463,1.0,2024-08-15,2026-07-16,sina_daily,qfq,VALID,A,26,0
2026-07-16,300435.SZ,CHINEXT,2015-03-26,False,False,0,READY,463,1.0,2024-08-15,2026-07-16,sina_daily,qfq,VALID,A,26,0
2026-07-16,300436.SZ,CHINEXT,2015-04-22,False,False,0,READY,463,1.0,2024-08-15,2026-07-16,sina_daily,qfq,VALID,A,26,0
2026-07-16,300437.SZ,CHINEXT,2015-04-23,False,False,0,READY,463,1.0,2024-08-15,2026-07-16,sina_daily,qfq,VALID,A,26,0
2026-07-16,300438.SZ,CHINEXT,2015-04-24,False,False,0,READY,463,1.0,2024-08-15,2026-07-16,sina_daily,qfq,VALID,A,26,0
2026-07-16,300439.SZ,CHINEXT,2015-04-22,False,False,0,READY,463,1.0,2024-08-15,2026-07-16,sina_daily,qfq,VALID,A,26,0
2026-07-16,300440.SZ,CHINEXT,2015-04-23,False,False,0,READY,463,1.0,2024-08-15,2026-07-16,sina_daily,qfq,VALID,A,26,0
2026-07-16,300441.SZ,CHINEXT,2015-04-23,False,False,0,READY,463,1.0,2024-08-15,2026-07-16,sina_daily,qfq,VALID,A,26,0
2026-07-16,300442.SZ,CHINEXT,2015-04-24,False,False,0,READY,457,0.976,2024-08-15,2026-07-16,sina_daily,qfq,VALID,A,26,0
2026-07-16,300443.SZ,CHINEXT,2015-04-22,False,False,0,READY,463,1.0,2024-08-15,2026-07-16,sina_daily,qfq,VALID,A,26,0
2026-07-16,300444.SZ,CHINEXT,2015-04-23,False,False,0,READY,463,1.0,2024-08-15,2026-07-16,sina_daily,qfq,VALID,A,26,0
2026-07-16,300445.SZ,CHINEXT,2015-04-24,False,False,0,READY,463,1.0,2024-08-15,2026-07-16,sina_daily,qfq,VALID,A,26,0
2026-07-16,300446.SZ,CHINEXT,2015-04-23,False,False,0,READY,463,1.0,2024-08-15,2026-07-16,sina_daily,qfq,VALID,A,26,0
2026-07-16,300447.SZ,CHINEXT,2015-04-22,False,False,0,READY,463,1.0,2024-08-15,2026-07-16,sina_daily,qfq,VALID,A,26,0
2026-07-16,300448.SZ,CHINEXT,2015-04-24,False,False,0,READY,463,1.0,2024-08-15,2026-07-16,sina_daily,qfq,VALID,A,26,0
2026-07-16,300449.SZ,CHINEXT,2015-04-22,False,False,0,READY,453,1.0,2024-08-15,2026-07-16,sina_daily,qfq,VALID,A,26,0
2026-07-16,300450.SZ,CHINEXT,2015-05-18,False,False,0,READY,463,1.0,2024-08-15,2026-07-16,sina_daily,qfq,VALID,A,26,0
2026-07-16,300451.SZ,CHINEXT,2015-05-14,False,False,0,READY,458,0.98,2024-08-15,2026-07-16,sina_daily,qfq,VALID,A,26,0
2026-07-16,300452.SZ,CHINEXT,2015-05-15,False,False,0,READY,463,1.0,2024-08-15,2026-07-16,sina_daily,qfq,VALID,A,26,0
2026-07-16,300453.SZ,CHINEXT,2015-05-15,False,False,0,READY,463,1.0,2024-08-15,2026-07-16,sina_daily,qfq,VALID,A,26,0
2026-07-16,300454.SZ,CHINEXT,2018-05-16,False,False,0,READY,463,1.0,2024-08-15,2026-07-16,sina_daily,qfq,VALID,A,26,0
2026-07-16,300455.SZ,CHINEXT,2015-05-15,False,False,0,READY,463,1.0,2024-08-15,2026-07-16,sina_daily,qfq,VALID,A,26,0
2026-07-16,300456.SZ,CHINEXT,2015-05-14,False,False,0,READY,463,1.0,2024-08-15,2026-07-16,sina_daily,qfq,VALID,A,26,0
2026-07-16,300457.SZ,CHINEXT,2015-05-14,False,False,0,READY,463,1.0,2024-08-15,2026-07-16,sina_daily,qfq,VALID,A,26,0
2026-07-16,300458.SZ,CHINEXT,2015-05-15,False,False,0,READY,463,1.0,2024-08-15,2026-07-16,sina_daily,qfq,VALID,A,26,0
2026-07-16,300459.SZ,CHINEXT,2015-05-15,False,False,0,READY,463,1.0,2024-08-15,2026-07-16,sina_daily,qfq,VALID,A,26,0
2026-07-16,300460.SZ,CHINEXT,2015-05-15,True,False,0,READY,462,0.996,2024-08-15,2026-07-16,sina_daily,qfq,VALID,A,26,0
2026-07-16,300461.SZ,CHINEXT,2015-05-19,False,False,0,READY,463,1.0,2024-08-15,2026-07-16,sina_daily,qfq,VALID,A,26,0
2026-07-16,300462.SZ,CHINEXT,2015-05-27,True,False,0,READY,462,0.996,2024-08-15,2026-07-16,sina_daily,qfq,VALID,A,26,0
2026-07-16,300463.SZ,CHINEXT,2015-05-28,False,False,0,READY,463,1.0,2024-08-15,2026-07-16,sina_daily,qfq,VALID,A,26,0
2026-07-16,300464.SZ,CHINEXT,2015-06-10,False,False,0,READY,463,1.0,2024-08-15,2026-07-16,sina_daily,qfq,VALID,A,26,0
2026-07-16,300465.SZ,CHINEXT,2015-05-28,False,False,0,READY,463,1.0,2024-08-15,2026-07-16,sina_daily,qfq,VALID,A,26,0
2026-07-16,300466.SZ,CHINEXT,2015-05-28,False,False,0,READY,463,1.0,2024-08-15,2026-07-16,sina_daily,qfq,VALID,A,26,0
2026-07-16,300467.SZ,CHINEXT,2015-05-27,False,False,0,READY,463,1.0,2024-08-15,2026-07-16,sina_daily,qfq,VALID,A,26,0
2026-07-16,300468.SZ,CHINEXT,2015-05-27,False,False,0,READY,463,1.0,2024-08-15,2026-07-16,sina_daily,qfq,VALID,A,26,0
2026-07-16,300469.SZ,CHINEXT,2015-06-11,False,False,0,READY,463,1.0,2024-08-15,2026-07-16,sina_daily,qfq,VALID,A,26,0
2026-07-16,300470.SZ,CHINEXT,2015-06-12,False,False,0,READY,463,1.0,2024-08-15,2026-07-16,sina_daily,qfq,VALID,A,26,0
2026-07-16,300471.SZ,CHINEXT,2015-06-11,False,False,0,READY,463,1.0,2024-08-15,2026-07-16,sina_daily,qfq,VALID,A,26,0
2026-07-16,300472.SZ,CHINEXT,2015-06-11,True,False,0,READY,462,1.0,2024-08-15,2026-07-16,sina_daily,qfq,VALID,A,26,0
2026-07-16,300473.SZ,CHINEXT,2015-06-12,False,False,0,READY,455,1.0,2024-08-15,2026-07-16,sina_daily,qfq,VALID,A,26,0
2026-07-16,300474.SZ,CHINEXT,2016-03-31,False,False,0,READY,463,1.0,2024-08-15,2026-07-16,sina_daily,qfq,VALID,A,26,0
2026-07-16,300475.SZ,CHINEXT,2015-06-10,False,False,0,READY,463,1.0,2024-08-15,2026-07-16,sina_daily,qfq,VALID,A,26,0
2026-07-16,300476.SZ,CHINEXT,2015-06-11,False,False,0,READY,463,1.0,2024-08-15,2026-07-16,sina_daily,qfq,VALID,A,26,0
2026-07-16,300477.SZ,CHINEXT,2015-06-10,True,False,0,READY,462,1.0,2024-08-15,2026-07-16,sina_daily,qfq,VALID,A,26,0
2026-07-16,300478.SZ,CHINEXT,2015-06-10,False,False,0,READY,461,1.0,2024-08-15,2026-07-16,sina_daily,qfq,VALID,A,26,0
2026-07-16,300479.SZ,CHINEXT,2015-06-12,False,False,0,READY,463,1.0,2024-08-15,2026-07-16,sina_daily,qfq,VALID,A,26,0
2026-07-16,300480.SZ,CHINEXT,2015-07-02,False,False,0,READY,463,1.0,2024-08-15,2026-07-16,sina_daily,qfq,VALID,A,26,0
2026-07-16,300481.SZ,CHINEXT,2015-06-30,False,False,0,READY,463,1.0,2024-08-15,2026-07-16,sina_daily,qfq,VALID,A,26,0
2026-07-16,300482.SZ,CHINEXT,2015-06-30,False,False,0,READY,463,1.0,2024-08-15,2026-07-16,sina_daily,qfq,VALID,A,26,0
2026-07-16,300483.SZ,CHINEXT,2015-06-30,False,False,0,READY,463,1.0,2024-08-15,2026-07-16,sina_daily,qfq,VALID,A,26,0
2026-07-16,300484.SZ,CHINEXT,2016-03-22,False,False,0,READY,463,1.0,2024-08-15,2026-07-16,sina_daily,qfq,VALID,A,26,0
2026-07-16,300485.SZ,CHINEXT,2015-06-26,False,False,0,READY,463,1.0,2024-08-15,2026-07-16,sina_daily,qfq,VALID,A,26,0
2026-07-16,300486.SZ,CHINEXT,2015-06-30,False,False,0,READY,448,0.94,2024-08-15,2026-07-16,sina_daily,qfq,PARTIAL,B,26,0
2026-07-16,300487.SZ,CHINEXT,2015-07-02,False,False,0,READY,463,1.0,2024-08-15,2026-07-16,sina_daily,qfq,VALID,A,26,0
2026-07-16,300488.SZ,CHINEXT,2015-07-01,False,False,0,READY,463,1.0,2024-08-15,2026-07-16,sina_daily,qfq,VALID,A,26,0
2026-07-16,300489.SZ,CHINEXT,2015-07-01,False,False,0,READY,458,1.0,2024-08-15,2026-07-16,sina_daily,qfq,VALID,A,26,0
2026-07-16,300490.SZ,CHINEXT,2015-12-31,False,False,0,READY,463,1.0,2024-08-15,2026-07-16,sina_daily,qfq,VALID,A,26,0
2026-07-16,300491.SZ,CHINEXT,2015-12-31,False,False,0,READY,463,1.0,2024-08-15,2026-07-16,sina_daily,qfq,VALID,A,26,0
2026-07-16,300492.SZ,CHINEXT,2015-12-23,False,False,0,READY,463,1.0,2024-08-15,2026-07-16,sina_daily,qfq,VALID,A,26,0
2026-07-16,300493.SZ,CHINEXT,2015-12-10,False,False,0,READY,463,1.0,2024-08-15,2026-07-16,sina_daily,qfq,VALID,A,26,0
2026-07-16,300494.SZ,CHINEXT,2015-12-31,False,False,0,READY,463,1.0,2024-08-15,2026-07-16,sina_daily,qfq,VALID,A,26,0
2026-07-16,300496.SZ,CHINEXT,2015-12-10,False,False,0,READY,463,1.0,2024-08-15,2026-07-16,sina_daily,qfq,VALID,A,26,0
2026-07-16,300497.SZ,CHINEXT,2015-12-22,False,False,0,READY,463,1.0,2024-08-15,2026-07-16,sina_daily,qfq,VALID,A,26,0
2026-07-16,300498.SZ,CHINEXT,2015-11-02,False,False,0,READY,463,1.0,2024-08-15,2026-07-16,sina_daily,qfq,VALID,A,26,0
2026-07-16,300499.SZ,CHINEXT,2016-02-02,False,False,0,READY,463,1.0,2024-08-15,2026-07-16,sina_daily,qfq,VALID,A,26,0
2026-07-16,300500.SZ,CHINEXT,2016-02-04,False,False,0,READY,463,1.0,2024-08-15,2026-07-16,sina_daily,qfq,VALID,A,26,0
2026-07-16,300501.SZ,CHINEXT,2016-02-04,False,False,0,READY,463,1.0,2024-08-15,2026-07-16,sina_daily,qfq,VALID,A,26,0
2026-07-16,300502.SZ,CHINEXT,2016-03-03,False,False,0,READY,463,1.0,2024-08-15,2026-07-16,sina_daily,qfq,VALID,A,26,0
2026-07-16,300503.SZ,CHINEXT,2016-03-09,False,False,0,READY,463,1.0,2024-08-15,2026-07-16,sina_daily,qfq,VALID,A,26,0
2026-07-16,300504.SZ,CHINEXT,2018-03-30,False,False,0,READY,463,1.0,2024-08-15,2026-07-16,sina_daily,qfq,VALID,A,26,0
2026-07-16,300505.SZ,CHINEXT,2016-03-15,False,False,0,READY,463,1.0,2024-08-15,2026-07-16,sina_daily,qfq,VALID,A,26,0
2026-07-16,300506.SZ,CHINEXT,2016-03-24,False,False,0,READY,458,0.984,2024-08-15,2026-07-16,sina_daily,qfq,VALID,A,26,0
2026-07-16,300507.SZ,CHINEXT,2016-04-29,False,False,0,READY,458,1.0,2024-08-15,2026-07-16,sina_daily,qfq,VALID,A,26,0
2026-07-16,300508.SZ,CHINEXT,2016-04-19,False,False,0,READY,463,1.0,2024-08-15,2026-07-16,sina_daily,qfq,VALID,A,26,0
2026-07-16,300509.SZ,CHINEXT,2016-04-25,False,False,0,READY,463,1.0,2024-08-15,2026-07-16,sina_daily,qfq,VALID,A,26,0
2026-07-16,300510.SZ,CHINEXT,2016-05-06,False,False,0,READY,463,1.0,2024-08-15,2026-07-16,sina_daily,qfq,VALID,A,26,0
2026-07-16,300511.SZ,CHINEXT,2016-05-04,False,False,0,READY,458,1.0,2024-08-15,2026-07-16,sina_daily,qfq,VALID,A,26,0
2026-07-16,300512.SZ,CHINEXT,2016-05-26,False,False,0,READY,463,1.0,2024-08-15,2026-07-16,sina_daily,qfq,VALID,A,26,0
2026-07-16,300513.SZ,CHINEXT,2016-05-30,False,False,0,READY,463,1.0,2024-08-15,2026-07-16,sina_daily,qfq,VALID,A,26,0
2026-07-16,300514.SZ,CHINEXT,2017-04-26,False,False,0,READY,463,1.0,2024-08-15,2026-07-16,sina_daily,qfq,VALID,A,26,0
2026-07-16,300515.SZ,CHINEXT,2016-06-08,False,False,0,READY,463,1.0,2024-08-15,2026-07-16,sina_daily,qfq,VALID,A,26,0
2026-07-16,300516.SZ,CHINEXT,2016-06-02,False,False,0,READY,463,1.0,2024-08-15,2026-07-16,sina_daily,qfq,VALID,A,26,0
2026-07-16,300517.SZ,CHINEXT,2016-07-19,False,False,0,READY,463,1.0,2024-08-15,2026-07-16,sina_daily,qfq,VALID,A,26,0
2026-07-16,300518.SZ,CHINEXT,2016-06-24,False,False,0,READY,463,1.0,2024-08-15,2026-07-16,sina_daily,qfq,VALID,A,26,0
2026-07-16,300519.SZ,CHINEXT,2016-06-24,False,False,0,READY,463,1.0,2024-08-15,2026-07-16,sina_daily,qfq,VALID,A,26,0
2026-07-16,300520.SZ,CHINEXT,2016-07-08,False,False,0,READY,463,1.0,2024-08-15,2026-07-16,sina_daily,qfq,VALID,A,26,0
2026-07-16,300521.SZ,CHINEXT,2016-07-05,False,False,0,READY,463,1.0,2024-08-15,2026-07-16,sina_daily,qfq,VALID,A,26,0
2026-07-16,300522.SZ,CHINEXT,2016-07-05,False,False,0,READY,463,1.0,2024-08-15,2026-07-16,sina_daily,qfq,VALID,A,26,0
2026-07-16,300523.SZ,CHINEXT,2016-07-26,False,False,0,READY,460,0.988,2024-08-15,2026-07-16,sina_daily,qfq,VALID,A,26,0
2026-07-16,300525.SZ,CHINEXT,2016-07-26,False,False,0,READY,463,1.0,2024-08-15,2026-07-16,sina_daily,qfq,VALID,A,26,0
2026-07-16,300527.SZ,CHINEXT,2016-08-05,True,False,0,READY,462,0.996,2024-08-15,2026-07-16,sina_daily,qfq,VALID,A,26,0
2026-07-16,300528.SZ,CHINEXT,2016-08-08,False,False,0,READY,463,1.0,2024-08-15,2026-07-16,sina_daily,qfq,VALID,A,26,0
2026-07-16,300529.SZ,CHINEXT,2016-08-02,False,False,0,READY,463,1.0,2024-08-15,2026-07-16,sina_daily,qfq,VALID,A,26,0
2026-07-16,300530.SZ,CHINEXT,2016-08-09,False,False,0,READY,463,1.0,2024-08-15,2026-07-16,sina_daily,qfq,VALID,A,26,0
2026-07-16,300531.SZ,CHINEXT,2016-08-09,False,False,0,READY,463,1.0,2024-08-15,2026-07-16,sina_daily,qfq,VALID,A,26,0
2026-07-16,300532.SZ,CHINEXT,2016-08-18,False,False,0,READY,463,1.0,2024-08-15,2026-07-16,sina_daily,qfq,VALID,A,26,0
2026-07-16,300533.SZ,CHINEXT,2016-08-18,False,False,0,READY,463,1.0,2024-08-15,2026-07-16,sina_daily,qfq,VALID,A,26,0
2026-07-16,300534.SZ,CHINEXT,2016-09-13,False,False,0,READY,463,1.0,2024-08-15,2026-07-16,sina_daily,qfq,VALID,A,26,0
2026-07-16,300535.SZ,CHINEXT,2016-08-12,False,False,0,READY,463,1.0,2024-08-15,2026-07-16,sina_daily,qfq,VALID,A,26,0
2026-07-16,300536.SZ,CHINEXT,2016-09-20,False,False,0,READY,462,1.0,2024-08-15,2026-07-16,sina_daily,qfq,VALID,A,26,0
2026-07-16,300537.SZ,CHINEXT,2016-08-30,False,False,0,READY,463,1.0,2024-08-15,2026-07-16,sina_daily,qfq,VALID,A,26,0
2026-07-16,300538.SZ,CHINEXT,2016-08-26,False,False,0,READY,463,1.0,2024-08-15,2026-07-16,sina_daily,qfq,VALID,A,26,0
2026-07-16,300539.SZ,CHINEXT,2016-08-30,False,False,0,READY,463,1.0,2024-08-15,2026-07-16,sina_daily,qfq,VALID,A,26,0
2026-07-16,300540.SZ,CHINEXT,2016-08-23,False,False,0,READY,463,1.0,2024-08-15,2026-07-16,sina_daily,qfq,VALID,A,26,0
2026-07-16,300541.SZ,CHINEXT,2016-09-13,False,False,0,READY,463,1.0,2024-08-15,2026-07-16,sina_daily,qfq,VALID,A,26,0
2026-07-16,300542.SZ,CHINEXT,2016-09-20,False,False,0,READY,453,1.0,2024-08-15,2026-07-16,sina_daily,qfq,VALID,A,26,0
2026-07-16,300543.SZ,CHINEXT,2016-09-08,False,False,0,READY,463,1.0,2024-08-15,2026-07-16,sina_daily,qfq,VALID,A,26,0
2026-07-16,300545.SZ,CHINEXT,2016-09-28,False,False,0,READY,463,1.0,2024-08-15,2026-07-16,sina_daily,qfq,VALID,A,26,0
2026-07-16,300546.SZ,CHINEXT,2016-09-28,False,False,0,READY,463,1.0,2024-08-15,2026-07-16,sina_daily,qfq,VALID,A,26,0
2026-07-16,300547.SZ,CHINEXT,2016-09-30,False,False,0,READY,463,1.0,2024-08-15,2026-07-16,sina_daily,qfq,VALID,A,26,0
2026-07-16,300548.SZ,CHINEXT,2016-10-12,False,False,0,READY,463,1.0,2024-08-15,2026-07-16,sina_daily,qfq,VALID,A,26,0
2026-07-16,300549.SZ,CHINEXT,2016-09-30,False,False,0,READY,463,1.0,2024-08-15,2026-07-16,sina_daily,qfq,VALID,A,26,0
2026-07-16,300550.SZ,CHINEXT,2016-10-18,False,False,0,READY,458,0.98,2024-08-15,2026-07-16,sina_daily,qfq,VALID,A,26,0
2026-07-16,300551.SZ,CHINEXT,2016-10-18,False,False,0,READY,458,0.98,2024-08-15,2026-07-16,sina_daily,qfq,VALID,A,26,0
2026-07-16,300552.SZ,CHINEXT,2016-10-21,False,False,0,READY,463,1.0,2024-08-15,2026-07-16,sina_daily,qfq,VALID,A,26,0
2026-07-16,300553.SZ,CHINEXT,2016-10-21,False,False,0,READY,463,1.0,2024-08-15,2026-07-16,sina_daily,qfq,VALID,A,26,0
2026-07-16,300554.SZ,CHINEXT,2017-04-21,False,False,0,READY,460,0.988,2024-08-15,2026-07-16,sina_daily,qfq,VALID,A,26,0
2026-07-16,300555.SZ,CHINEXT,2016-10-18,True,False,0,READY,463,1.0,2024-08-15,2026-07-16,sina_daily,qfq,VALID,A,26,0
2026-07-16,300556.SZ,CHINEXT,2016-11-04,False,False,0,READY,463,1.0,2024-08-15,2026-07-16,sina_daily,qfq,VALID,A,26,0
2026-07-16,300557.SZ,CHINEXT,2016-11-01,False,False,0,READY,463,1.0,2024-08-15,2026-07-16,sina_daily,qfq,VALID,A,26,0
2026-07-16,300558.SZ,CHINEXT,2016-11-07,False,False,0,READY,463,1.0,2024-08-15,2026-07-16,sina_daily,qfq,VALID,A,26,0
2026-07-16,300559.SZ,CHINEXT,2016-11-01,False,False,0,READY,463,1.0,2024-08-15,2026-07-16,sina_daily,qfq,VALID,A,26,0
2026-07-16,300560.SZ,CHINEXT,2016-11-01,False,False,0,READY,463,1.0,2024-08-15,2026-07-16,sina_daily,qfq,VALID,A,26,0
2026-07-16,300561.SZ,CHINEXT,2016-11-17,False,False,0,READY,461,0.996,2024-08-15,2026-07-16,sina_daily,qfq,VALID,A,26,0
2026-07-16,300562.SZ,CHINEXT,2016-11-16,False,False,0,READY,463,1.0,2024-08-15,2026-07-16,sina_daily,qfq,VALID,A,26,0
2026-07-16,300563.SZ,CHINEXT,2016-11-14,False,False,0,READY,463,1.0,2024-08-15,2026-07-16,sina_daily,qfq,VALID,A,26,0
2026-07-16,300564.SZ,CHINEXT,2019-11-08,False,False,0,READY,463,1.0,2024-08-15,2026-07-16,sina_daily,qfq,VALID,A,26,0
2026-07-16,300565.SZ,CHINEXT,2016-11-22,False,False,0,READY,463,1.0,2024-08-15,2026-07-16,sina_daily,qfq,VALID,A,26,0
2026-07-16,300566.SZ,CHINEXT,2016-11-15,False,False,0,READY,463,1.0,2024-08-15,2026-07-16,sina_daily,qfq,VALID,A,26,0
2026-07-16,300567.SZ,CHINEXT,2016-11-22,False,False,0,READY,458,0.98,2024-08-15,2026-07-16,sina_daily,qfq,VALID,A,26,0
2026-07-16,300568.SZ,CHINEXT,2016-12-01,False,False,0,READY,463,1.0,2024-08-15,2026-07-16,sina_daily,qfq,VALID,A,26,0
2026-07-16,300569.SZ,CHINEXT,2016-11-25,False,False,0,READY,463,1.0,2024-08-15,2026-07-16,sina_daily,qfq,VALID,A,26,0
2026-07-16,300570.SZ,CHINEXT,2016-12-06,False,False,0,READY,463,1.0,2024-08-15,2026-07-16,sina_daily,qfq,VALID,A,26,0
2026-07-16,300571.SZ,CHINEXT,2016-12-13,False,False,0,READY,463,1.0,2024-08-15,2026-07-16,sina_daily,qfq,VALID,A,26,0
2026-07-16,300572.SZ,CHINEXT,2016-12-06,False,False,0,READY,458,0.98,2024-08-15,2026-07-16,sina_daily,qfq,VALID,A,26,0
2026-07-16,300573.SZ,CHINEXT,2016-12-08,False,False,0,READY,463,1.0,2024-08-15,2026-07-16,sina_daily,qfq,VALID,A,26,0
2026-07-16,300575.SZ,CHINEXT,2016-12-20,False,False,0,READY,463,1.0,2024-08-15,2026-07-16,sina_daily,qfq,VALID,A,26,0
2026-07-16,300576.SZ,CHINEXT,2016-12-20,False,False,0,READY,463,1.0,2024-08-15,2026-07-16,sina_daily,qfq,VALID,A,26,0
2026-07-16,300577.SZ,CHINEXT,2016-12-21,False,False,0,READY,463,1.0,2024-08-15,2026-07-16,sina_daily,qfq,VALID,A,26,0
2026-07-16,300578.SZ,CHINEXT,2017-01-25,False,False,0,READY,463,1.0,2024-08-15,2026-07-16,sina_daily,qfq,VALID,A,26,0
2026-07-16,300579.SZ,CHINEXT,2016-12-23,False,False,0,READY,463,1.0,2024-08-15,2026-07-16,sina_daily,qfq,VALID,A,26,0
2026-07-16,300580.SZ,CHINEXT,2017-01-11,False,False,0,READY,463,1.0,2024-08-15,2026-07-16,sina_daily,qfq,VALID,A,26,0
2026-07-16,300581.SZ,CHINEXT,2016-12-20,False,False,0,READY,463,1.0,2024-08-15,2026-07-16,sina_daily,qfq,VALID,A,26,0
2026-07-16,300582.SZ,CHINEXT,2016-12-28,False,False,0,READY,463,1.0,2024-08-15,2026-07-16,sina_daily,qfq,VALID,A,26,0
2026-07-16,300583.SZ,CHINEXT,2017-01-06,False,False,0,READY,463,1.0,2024-08-15,2026-07-16,sina_daily,qfq,VALID,A,26,0
2026-07-16,300584.SZ,CHINEXT,2017-01-12,False,False,0,READY,463,1.0,2024-08-15,2026-07-16,sina_daily,qfq,VALID,A,26,0
2026-07-16,300585.SZ,CHINEXT,2016-12-29,False,False,0,READY,458,0.98,2024-08-15,2026-07-16,sina_daily,qfq,VALID,A,26,0
2026-07-16,300586.SZ,CHINEXT,2017-01-04,False,False,0,READY,463,1.0,2024-08-15,2026-07-16,sina_daily,qfq,VALID,A,26,0
2026-07-16,300587.SZ,CHINEXT,2017-01-05,False,False,0,READY,463,1.0,2024-08-15,2026-07-16,sina_daily,qfq,VALID,A,26,0
2026-07-16,300588.SZ,CHINEXT,2017-01-05,False,False,0,READY,458,0.98,2024-08-15,2026-07-16,sina_daily,qfq,VALID,A,26,0
2026-07-16,300589.SZ,CHINEXT,2017-01-13,False,False,0,READY,463,1.0,2024-08-15,2026-07-16,sina_daily,qfq,VALID,A,26,0
2026-07-16,300590.SZ,CHINEXT,2017-01-11,False,False,0,READY,463,1.0,2024-08-15,2026-07-16,sina_daily,qfq,VALID,A,26,0
2026-07-16,300591.SZ,CHINEXT,2017-01-10,False,False,0,READY,463,1.0,2024-08-15,2026-07-16,sina_daily,qfq,VALID,A,26,0
2026-07-16,300592.SZ,CHINEXT,2017-01-20,False,False,0,READY,463,1.0,2024-08-15,2026-07-16,sina_daily,qfq,VALID,A,26,0
2026-07-16,300593.SZ,CHINEXT,2017-01-13,False,False,0,READY,463,1.0,2024-08-15,2026-07-16,sina_daily,qfq,VALID,A,26,0
2026-07-16,300594.SZ,CHINEXT,2019-06-21,True,False,0,READY,462,0.996,2024-08-15,2026-07-16,sina_daily,qfq,VALID,A,26,0
2026-07-16,300595.SZ,CHINEXT,2017-01-17,False,False,0,READY,463,1.0,2024-08-15,2026-07-16,sina_daily,qfq,VALID,A,26,0
2026-07-16,300596.SZ,CHINEXT,2017-01-19,False,False,0,READY,463,1.0,2024-08-15,2026-07-16,sina_daily,qfq,VALID,A,26,0
2026-07-16,300597.SZ,CHINEXT,2017-01-23,False,False,0,READY,463,1.0,2024-08-15,2026-07-16,sina_daily,qfq,VALID,A,26,0
2026-07-16,300598.SZ,CHINEXT,2017-01-20,False,False,0,READY,463,1.0,2024-08-15,2026-07-16,sina_daily,qfq,VALID,A,26,0
2026-07-16,300599.SZ,CHINEXT,2017-01-23,False,False,0,READY,463,1.0,2024-08-15,2026-07-16,sina_daily,qfq,VALID,A,26,0
2026-07-16,300600.SZ,CHINEXT,2017-01-25,False,False,0,READY,462,1.0,2024-08-15,2026-07-16,sina_daily,qfq,VALID,A,26,0
2026-07-16,300601.SZ,CHINEXT,2017-02-07,False,False,0,READY,463,1.0,2024-08-15,2026-07-16,sina_daily,qfq,VALID,A,26,0
2026-07-16,300602.SZ,CHINEXT,2017-01-26,False,False,0,READY,463,1.0,2024-08-15,2026-07-16,sina_daily,qfq,VALID,A,26,0
2026-07-16,300603.SZ,CHINEXT,2017-01-26,False,False,0,READY,463,1.0,2024-08-15,2026-07-16,sina_daily,qfq,VALID,A,26,0
2026-07-16,300604.SZ,CHINEXT,2017-04-17,False,False,0,READY,463,1.0,2024-08-15,2026-07-16,sina_daily,qfq,VALID,A,26,0
2026-07-16,300605.SZ,CHINEXT,2017-02-08,False,False,0,READY,463,1.0,2024-08-15,2026-07-16,sina_daily,qfq,VALID,A,26,0
2026-07-16,300606.SZ,CHINEXT,2017-02-08,False,False,0,READY,463,1.0,2024-08-15,2026-07-16,sina_daily,qfq,VALID,A,26,0
2026-07-16,300607.SZ,CHINEXT,2017-02-09,False,False,0,READY,463,1.0,2024-08-15,2026-07-16,sina_daily,qfq,VALID,A,26,0
2026-07-16,300608.SZ,CHINEXT,2017-02-13,False,False,0,READY,463,1.0,2024-08-15,2026-07-16,sina_daily,qfq,VALID,A,26,0
2026-07-16,300609.SZ,CHINEXT,2017-02-15,False,False,0,READY,460,1.0,2024-08-15,2026-07-16,sina_daily,qfq,VALID,A,26,0
2026-07-16,300610.SZ,CHINEXT,2017-02-13,False,False,0,READY,463,1.0,2024-08-15,2026-07-16,sina_daily,qfq,VALID,A,26,0
2026-07-16,300611.SZ,CHINEXT,2017-02-20,False,False,0,READY,463,1.0,2024-08-15,2026-07-16,sina_daily,qfq,VALID,A,26,0
2026-07-16,300612.SZ,CHINEXT,2017-02-15,False,False,0,READY,463,1.0,2024-08-15,2026-07-16,sina_daily,qfq,VALID,A,26,0
2026-07-16,300613.SZ,CHINEXT,2017-02-20,False,False,0,READY,463,1.0,2024-08-15,2026-07-16,sina_daily,qfq,VALID,A,26,0
2026-07-16,300614.SZ,CHINEXT,2021-05-25,False,False,0,READY,463,1.0,2024-08-15,2026-07-16,sina_daily,qfq,VALID,A,26,0
2026-07-16,300615.SZ,CHINEXT,2017-02-15,False,False,0,READY,463,1.0,2024-08-15,2026-07-16,sina_daily,qfq,VALID,A,26,0
2026-07-16,300616.SZ,CHINEXT,2017-03-07,False,False,0,READY,463,1.0,2024-08-15,2026-07-16,sina_daily,qfq,VALID,A,26,0
2026-07-16,300617.SZ,CHINEXT,2017-02-28,False,False,0,READY,463,1.0,2024-08-15,2026-07-16,sina_daily,qfq,VALID,A,26,0
2026-07-16,300618.SZ,CHINEXT,2017-03-06,False,False,0,READY,463,1.0,2024-08-15,2026-07-16,sina_daily,qfq,VALID,A,26,0
2026-07-16,300619.SZ,CHINEXT,2017-03-01,False,False,0,READY,463,1.0,2024-08-15,2026-07-16,sina_daily,qfq,VALID,A,26,0
2026-07-16,300620.SZ,CHINEXT,2017-03-10,False,False,0,READY,453,0.96,2024-08-15,2026-07-16,sina_daily,qfq,VALID,A,26,0
2026-07-16,300621.SZ,CHINEXT,2017-03-16,False,False,0,READY,463,1.0,2024-08-15,2026-07-16,sina_daily,qfq,VALID,A,26,0
2026-07-16,300622.SZ,CHINEXT,2017-03-15,False,False,0,READY,463,1.0,2024-08-15,2026-07-16,sina_daily,qfq,VALID,A,26,0
2026-07-16,300623.SZ,CHINEXT,2017-03-14,False,False,0,READY,463,1.0,2024-08-15,2026-07-16,sina_daily,qfq,VALID,A,26,0
2026-07-16,300624.SZ,CHINEXT,2018-01-18,False,False,0,READY,463,1.0,2024-08-15,2026-07-16,sina_daily,qfq,VALID,A,26,0
2026-07-16,300625.SZ,CHINEXT,2017-03-17,False,False,0,READY,463,1.0,2024-08-15,2026-07-16,sina_daily,qfq,VALID,A,26,0
2026-07-16,300626.SZ,CHINEXT,2017-03-20,False,False,0,READY,463,1.0,2024-08-15,2026-07-16,sina_daily,qfq,VALID,A,26,0
2026-07-16,300627.SZ,CHINEXT,2017-03-21,False,False,0,READY,463,1.0,2024-08-15,2026-07-16,sina_daily,qfq,VALID,A,26,0
2026-07-16,300628.SZ,CHINEXT,2017-03-17,False,False,0,READY,463,1.0,2024-08-15,2026-07-16,sina_daily,qfq,VALID,A,26,0
2026-07-16,300629.SZ,CHINEXT,2017-03-24,False,False,0,READY,463,1.0,2024-08-15,2026-07-16,sina_daily,qfq,VALID,A,26,0
2026-07-16,300631.SZ,CHINEXT,2017-03-23,False,False,0,READY,463,1.0,2024-08-15,2026-07-16,sina_daily,qfq,VALID,A,26,0
2026-07-16,300632.SZ,CHINEXT,2017-04-06,False,False,0,READY,463,1.0,2024-08-15,2026-07-16,sina_daily,qfq,VALID,A,26,0
2026-07-16,300633.SZ,CHINEXT,2017-04-06,False,False,0,READY,463,1.0,2024-08-15,2026-07-16,sina_daily,qfq,VALID,A,26,0
2026-07-16,300634.SZ,CHINEXT,2018-03-23,False,False,0,READY,463,1.0,2024-08-15,2026-07-16,sina_daily,qfq,VALID,A,26,0
2026-07-16,300635.SZ,CHINEXT,2017-03-31,False,False,0,READY,460,1.0,2024-08-15,2026-07-16,sina_daily,qfq,VALID,A,26,0
2026-07-16,300636.SZ,CHINEXT,2017-03-31,False,False,0,READY,463,1.0,2024-08-15,2026-07-16,sina_daily,qfq,VALID,A,26,0
2026-07-16,300637.SZ,CHINEXT,2017-04-12,False,False,0,READY,463,1.0,2024-08-15,2026-07-16,sina_daily,qfq,VALID,A,26,0
2026-07-16,300638.SZ,CHINEXT,2017-04-13,False,False,0,READY,463,1.0,2024-08-15,2026-07-16,sina_daily,qfq,VALID,A,26,0
2026-07-16,300639.SZ,CHINEXT,2017-04-12,False,False,0,READY,463,1.0,2024-08-15,2026-07-16,sina_daily,qfq,VALID,A,26,0
2026-07-16,300640.SZ,CHINEXT,2017-04-17,False,False,0,READY,463,1.0,2024-08-15,2026-07-16,sina_daily,qfq,VALID,A,26,0
2026-07-16,300641.SZ,CHINEXT,2017-04-18,False,False,0,READY,463,1.0,2024-08-15,2026-07-16,sina_daily,qfq,VALID,A,26,0
2026-07-16,300642.SZ,CHINEXT,2017-04-21,False,False,0,READY,463,1.0,2024-08-15,2026-07-16,sina_daily,qfq,VALID,A,26,0
2026-07-16,300643.SZ,CHINEXT,2017-05-05,False,False,0,READY,463,1.0,2024-08-15,2026-07-16,sina_daily,qfq,VALID,A,26,0
2026-07-16,300644.SZ,CHINEXT,2018-02-06,False,False,0,READY,463,1.0,2024-08-15,2026-07-16,sina_daily,qfq,VALID,A,26,0
2026-07-16,300645.SZ,CHINEXT,2017-04-21,False,False,0,READY,463,1.0,2024-08-15,2026-07-16,sina_daily,qfq,VALID,A,26,0
2026-07-16,300647.SZ,CHINEXT,2017-05-03,False,False,0,READY,463,1.0,2024-08-15,2026-07-16,sina_daily,qfq,VALID,A,26,0
2026-07-16,300648.SZ,CHINEXT,2017-04-25,False,False,0,READY,463,1.0,2024-08-15,2026-07-16,sina_daily,qfq,VALID,A,26,0
2026-07-16,300649.SZ,CHINEXT,2017-05-05,False,False,0,READY,463,1.0,2024-08-15,2026-07-16,sina_daily,qfq,VALID,A,26,0
2026-07-16,300650.SZ,CHINEXT,2017-05-03,False,False,0,READY,463,1.0,2024-08-15,2026-07-16,sina_daily,qfq,VALID,A,26,0
2026-07-16,300651.SZ,CHINEXT,2017-05-09,False,False,0,READY,463,1.0,2024-08-15,2026-07-16,sina_daily,qfq,VALID,A,26,0
2026-07-16,300652.SZ,CHINEXT,2017-05-16,False,False,0,READY,463,1.0,2024-08-15,2026-07-16,sina_daily,qfq,VALID,A,26,0
2026-07-16,300653.SZ,CHINEXT,2017-05-16,False,False,0,READY,463,1.0,2024-08-15,2026-07-16,sina_daily,qfq,VALID,A,26,0
2026-07-16,300654.SZ,CHINEXT,2017-09-26,False,False,0,READY,463,1.0,2024-08-15,2026-07-16,sina_daily,qfq,VALID,A,26,0
2026-07-16,300655.SZ,CHINEXT,2017-05-23,False,False,0,READY,463,1.0,2024-08-15,2026-07-16,sina_daily,qfq,VALID,A,26,0
2026-07-16,300656.SZ,CHINEXT,2017-05-19,False,False,0,READY,463,1.0,2024-08-15,2026-07-16,sina_daily,qfq,VALID,A,26,0
2026-07-16,300657.SZ,CHINEXT,2017-05-23,False,False,0,READY,463,1.0,2024-08-15,2026-07-16,sina_daily,qfq,VALID,A,26,0
2026-07-16,300658.SZ,CHINEXT,2017-06-02,False,False,0,READY,453,0.96,2024-08-15,2026-07-16,sina_daily,qfq,VALID,A,26,0
2026-07-16,300659.SZ,CHINEXT,2017-05-26,False,False,0,READY,463,1.0,2024-08-15,2026-07-16,sina_daily,qfq,VALID,A,26,0
2026-07-16,300660.SZ,CHINEXT,2017-06-02,False,False,0,READY,463,1.0,2024-08-15,2026-07-16,sina_daily,qfq,VALID,A,26,0
2026-07-16,300661.SZ,CHINEXT,2017-06-06,False,False,0,READY,463,1.0,2024-08-15,2026-07-16,sina_daily,qfq,VALID,A,26,0
2026-07-16,300662.SZ,CHINEXT,2017-06-08,False,False,0,READY,463,1.0,2024-08-15,2026-07-16,sina_daily,qfq,VALID,A,26,0
2026-07-16,300663.SZ,CHINEXT,2017-06-08,False,False,0,READY,463,1.0,2024-08-15,2026-07-16,sina_daily,qfq,VALID,A,26,0
2026-07-16,300664.SZ,CHINEXT,2018-01-05,False,False,0,READY,463,1.0,2024-08-15,2026-07-16,sina_daily,qfq,VALID,A,26,0
2026-07-16,300665.SZ,CHINEXT,2017-06-13,False,False,0,READY,457,0.976,2024-08-15,2026-07-16,sina_daily,qfq,VALID,A,26,0
2026-07-16,300666.SZ,CHINEXT,2017-06-15,False,False,0,READY,458,0.98,2024-08-15,2026-07-16,sina_daily,qfq,VALID,A,26,0
2026-07-16,300667.SZ,CHINEXT,2017-06-19,False,False,0,READY,463,1.0,2024-08-15,2026-07-16,sina_daily,qfq,VALID,A,26,0
2026-07-16,300668.SZ,CHINEXT,2017-06-19,False,False,0,READY,463,1.0,2024-08-15,2026-07-16,sina_daily,qfq,VALID,A,26,0
2026-07-16,300669.SZ,CHINEXT,2017-06-29,False,False,0,READY,463,1.0,2024-08-15,2026-07-16,sina_daily,qfq,VALID,A,26,0
2026-07-16,300670.SZ,CHINEXT,2017-07-03,False,False,0,READY,463,1.0,2024-08-15,2026-07-16,sina_daily,qfq,VALID,A,26,0
2026-07-16,300671.SZ,CHINEXT,2017-07-05,False,False,0,READY,463,1.0,2024-08-15,2026-07-16,sina_daily,qfq,VALID,A,26,0
2026-07-16,300672.SZ,CHINEXT,2017-07-12,False,False,0,READY,453,1.0,2024-08-15,2026-07-16,sina_daily,qfq,VALID,A,26,0
2026-07-16,300673.SZ,CHINEXT,2017-07-11,False,False,0,READY,463,1.0,2024-08-15,2026-07-16,sina_daily,qfq,VALID,A,26,0
2026-07-16,300674.SZ,CHINEXT,2018-11-07,False,False,0,READY,463,1.0,2024-08-15,2026-07-16,sina_daily,qfq,VALID,A,26,0
2026-07-16,300675.SZ,CHINEXT,2017-07-19,False,False,0,READY,463,1.0,2024-08-15,2026-07-16,sina_daily,qfq,VALID,A,26,0
2026-07-16,300676.SZ,CHINEXT,2017-07-14,False,False,0,READY,463,1.0,2024-08-15,2026-07-16,sina_daily,qfq,VALID,A,26,0
2026-07-16,300677.SZ,CHINEXT,2017-07-21,False,False,0,READY,463,1.0,2024-08-15,2026-07-16,sina_daily,qfq,VALID,A,26,0
2026-07-16,300678.SZ,CHINEXT,2017-07-28,False,False,0,READY,463,1.0,2024-08-15,2026-07-16,sina_daily,qfq,VALID,A,26,0
2026-07-16,300679.SZ,CHINEXT,2017-07-31,False,False,0,READY,463,1.0,2024-08-15,2026-07-16,sina_daily,qfq,VALID,A,26,0
2026-07-16,300680.SZ,CHINEXT,2017-07-25,False,False,0,READY,463,1.0,2024-08-15,2026-07-16,sina_daily,qfq,VALID,A,26,0
2026-07-16,300681.SZ,CHINEXT,2017-07-25,False,False,0,READY,463,1.0,2024-08-15,2026-07-16,sina_daily,qfq,VALID,A,26,0
2026-07-16,300682.SZ,CHINEXT,2017-08-01,False,False,0,READY,463,1.0,2024-08-15,2026-07-16,sina_daily,qfq,VALID,A,26,0
2026-07-16,300683.SZ,CHINEXT,2017-08-08,False,False,0,READY,463,1.0,2024-08-15,2026-07-16,sina_daily,qfq,VALID,A,26,0
2026-07-16,300684.SZ,CHINEXT,2017-12-27,False,False,0,READY,463,1.0,2024-08-15,2026-07-16,sina_daily,qfq,VALID,A,26,0
2026-07-16,300685.SZ,CHINEXT,2017-08-02,False,False,0,READY,459,0.984,2024-08-15,2026-07-16,sina_daily,qfq,VALID,A,26,0
2026-07-16,300686.SZ,CHINEXT,2017-08-04,False,False,0,READY,463,1.0,2024-08-15,2026-07-16,sina_daily,qfq,VALID,A,26,0
2026-07-16,300687.SZ,CHINEXT,2017-08-03,False,False,0,READY,463,1.0,2024-08-15,2026-07-16,sina_daily,qfq,VALID,A,26,0
2026-07-16,300688.SZ,CHINEXT,2017-08-10,False,False,0,READY,453,1.0,2024-08-15,2026-07-16,sina_daily,qfq,VALID,A,26,0
2026-07-16,300689.SZ,CHINEXT,2017-08-09,False,False,0,READY,463,1.0,2024-08-15,2026-07-16,sina_daily,qfq,VALID,A,26,0
2026-07-16,300690.SZ,CHINEXT,2017-08-08,False,False,0,READY,463,1.0,2024-08-15,2026-07-16,sina_daily,qfq,VALID,A,26,0
2026-07-16,300691.SZ,CHINEXT,2017-08-11,False,False,0,READY,453,1.0,2024-08-15,2026-07-16,sina_daily,qfq,VALID,A,26,0
2026-07-16,300692.SZ,CHINEXT,2017-08-21,False,False,0,READY,460,0.988,2024-08-15,2026-07-16,sina_daily,qfq,VALID,A,26,0
2026-07-16,300693.SZ,CHINEXT,2017-08-22,False,False,0,READY,463,1.0,2024-08-15,2026-07-16,sina_daily,qfq,VALID,A,26,0
2026-07-16,300694.SZ,CHINEXT,2018-10-15,False,False,0,READY,463,1.0,2024-08-15,2026-07-16,sina_daily,qfq,VALID,A,26,0
2026-07-16,300695.SZ,CHINEXT,2017-09-08,False,False,0,READY,463,1.0,2024-08-15,2026-07-16,sina_daily,qfq,VALID,A,26,0
2026-07-16,300696.SZ,CHINEXT,2017-08-22,False,False,0,READY,463,1.0,2024-08-15,2026-07-16,sina_daily,qfq,VALID,A,26,0
2026-07-16,300697.SZ,CHINEXT,2017-09-07,False,False,0,READY,463,1.0,2024-08-15,2026-07-16,sina_daily,qfq,VALID,A,26,0
2026-07-16,300698.SZ,CHINEXT,2017-08-31,False,False,0,READY,463,1.0,2024-08-15,2026-07-16,sina_daily,qfq,VALID,A,26,0
2026-07-16,300699.SZ,CHINEXT,2017-09-01,False,False,0,READY,463,1.0,2024-08-15,2026-07-16,sina_daily,qfq,VALID,A,26,0
2026-07-16,300700.SZ,CHINEXT,2017-09-12,False,False,0,READY,463,1.0,2024-08-15,2026-07-16,sina_daily,qfq,VALID,A,26,0
2026-07-16,300701.SZ,CHINEXT,2017-09-15,False,False,0,READY,463,1.0,2024-08-15,2026-07-16,sina_daily,qfq,VALID,A,26,0
2026-07-16,300702.SZ,CHINEXT,2017-09-19,False,False,0,READY,463,1.0,2024-08-15,2026-07-16,sina_daily,qfq,VALID,A,26,0
2026-07-16,300703.SZ,CHINEXT,2017-09-19,False,False,0,READY,463,1.0,2024-08-15,2026-07-16,sina_daily,qfq,VALID,A,26,0
2026-07-16,300705.SZ,CHINEXT,2017-10-10,False,False,0,READY,463,1.0,2024-08-15,2026-07-16,sina_daily,qfq,VALID,A,26,0
2026-07-16,300706.SZ,CHINEXT,2017-09-26,False,False,0,READY,463,1.0,2024-08-15,2026-07-16,sina_daily,qfq,VALID,A,26,0
2026-07-16,300707.SZ,CHINEXT,2017-10-10,False,False,0,READY,463,1.0,2024-08-15,2026-07-16,sina_daily,qfq,VALID,A,26,0
2026-07-16,300708.SZ,CHINEXT,2017-10-16,False,False,0,READY,463,1.0,2024-08-15,2026-07-16,sina_daily,qfq,VALID,A,26,0
2026-07-16,300709.SZ,CHINEXT,2017-10-19,False,False,0,READY,463,1.0,2024-08-15,2026-07-16,sina_daily,qfq,VALID,A,26,0
2026-07-16,300710.SZ,CHINEXT,2017-10-19,False,False,0,READY,453,0.96,2024-08-15,2026-07-16,sina_daily,qfq,VALID,A,26,0
2026-07-16,300711.SZ,CHINEXT,2017-11-01,False,False,0,READY,463,1.0,2024-08-15,2026-07-16,sina_daily,qfq,VALID,A,26,0
2026-07-16,300712.SZ,CHINEXT,2017-10-31,False,False,0,READY,463,1.0,2024-08-15,2026-07-16,sina_daily,qfq,VALID,A,26,0
2026-07-16,300713.SZ,CHINEXT,2017-11-01,False,False,0,READY,463,1.0,2024-08-15,2026-07-16,sina_daily,qfq,VALID,A,26,0
2026-07-16,300715.SZ,CHINEXT,2017-10-26,False,False,0,READY,463,1.0,2024-08-15,2026-07-16,sina_daily,qfq,VALID,A,26,0
2026-07-16,300716.SZ,CHINEXT,2017-11-09,True,False,0,READY,461,0.996,2024-08-15,2026-07-16,sina_daily,qfq,VALID,A,26,0
2026-07-16,300717.SZ,CHINEXT,2017-11-06,False,False,0,READY,463,1.0,2024-08-15,2026-07-16,sina_daily,qfq,VALID,A,26,0
2026-07-16,300718.SZ,CHINEXT,2017-11-06,False,False,0,READY,463,1.0,2024-08-15,2026-07-16,sina_daily,qfq,VALID,A,26,0
2026-07-16,300719.SZ,CHINEXT,2017-11-09,False,False,0,READY,463,1.0,2024-08-15,2026-07-16,sina_daily,qfq,VALID,A,26,0
2026-07-16,300720.SZ,CHINEXT,2017-11-06,False,False,0,READY,463,1.0,2024-08-15,2026-07-16,sina_daily,qfq,VALID,A,26,0
2026-07-16,300721.SZ,CHINEXT,2017-11-15,False,False,0,READY,463,1.0,2024-08-15,2026-07-16,sina_daily,qfq,VALID,A,26,0
2026-07-16,300722.SZ,CHINEXT,2017-11-10,False,False,0,READY,463,1.0,2024-08-15,2026-07-16,sina_daily,qfq,VALID,A,26,0
2026-07-16,300723.SZ,CHINEXT,2017-11-16,False,False,0,READY,463,1.0,2024-08-15,2026-07-16,sina_daily,qfq,VALID,A,26,0
2026-07-16,300724.SZ,CHINEXT,2018-08-10,False,False,0,READY,463,1.0,2024-08-15,2026-07-16,sina_daily,qfq,VALID,A,26,0
2026-07-16,300725.SZ,CHINEXT,2017-11-10,False,False,0,READY,463,1.0,2024-08-15,2026-07-16,sina_daily,qfq,VALID,A,26,0
2026-07-16,300726.SZ,CHINEXT,2017-11-21,False,False,0,READY,463,1.0,2024-08-15,2026-07-16,sina_daily,qfq,VALID,A,26,0
2026-07-16,300727.SZ,CHINEXT,2017-11-27,False,False,0,READY,463,1.0,2024-08-15,2026-07-16,sina_daily,qfq,VALID,A,26,0
2026-07-16,300729.SZ,CHINEXT,2017-12-01,False,False,0,READY,463,1.0,2024-08-15,2026-07-16,sina_daily,qfq,VALID,A,26,0
2026-07-16,300730.SZ,CHINEXT,2017-12-05,False,False,0,READY,463,1.0,2024-08-15,2026-07-16,sina_daily,qfq,VALID,A,26,0
2026-07-16,300731.SZ,CHINEXT,2017-12-08,False,False,0,READY,463,1.0,2024-08-15,2026-07-16,sina_daily,qfq,VALID,A,26,0
2026-07-16,300732.SZ,CHINEXT,2017-12-12,False,False,0,READY,463,1.0,2024-08-15,2026-07-16,sina_daily,qfq,VALID,A,26,0
2026-07-16,300733.SZ,CHINEXT,2018-01-16,False,False,0,READY,463,1.0,2024-08-15,2026-07-16,sina_daily,qfq,VALID,A,26,0
2026-07-16,300735.SZ,CHINEXT,2017-12-29,False,False,0,READY,463,1.0,2024-08-15,2026-07-16,sina_daily,qfq,VALID,A,26,0
2026-07-16,300736.SZ,CHINEXT,2018-01-09,False,False,0,READY,461,0.992,2024-08-15,2026-07-16,sina_daily,qfq,VALID,A,26,0
2026-07-16,300737.SZ,CHINEXT,2018-01-25,False,False,0,READY,463,1.0,2024-08-15,2026-07-16,sina_daily,qfq,VALID,A,26,0
2026-07-16,300738.SZ,CHINEXT,2018-01-19,False,False,0,READY,463,1.0,2024-08-15,2026-07-16,sina_daily,qfq,VALID,A,26,0
2026-07-16,300739.SZ,CHINEXT,2018-02-01,False,False,0,READY,463,1.0,2024-08-15,2026-07-16,sina_daily,qfq,VALID,A,26,0
2026-07-16,300740.SZ,CHINEXT,2018-02-08,False,False,0,READY,463,1.0,2024-08-15,2026-07-16,sina_daily,qfq,VALID,A,26,0
2026-07-16,300741.SZ,CHINEXT,2018-03-01,False,False,0,READY,463,1.0,2024-08-15,2026-07-16,sina_daily,qfq,VALID,A,26,0
2026-07-16,300743.SZ,CHINEXT,2018-04-27,False,False,0,READY,463,1.0,2024-08-15,2026-07-16,sina_daily,qfq,VALID,A,26,0
2026-07-16,300745.SZ,CHINEXT,2018-05-23,False,False,0,READY,463,1.0,2024-08-15,2026-07-16,sina_daily,qfq,VALID,A,26,0
2026-07-16,300746.SZ,CHINEXT,2018-05-25,False,False,0,READY,461,1.0,2024-08-15,2026-07-16,sina_daily,qfq,VALID,A,26,0
2026-07-16,300747.SZ,CHINEXT,2018-06-25,False,False,0,READY,463,1.0,2024-08-15,2026-07-16,sina_daily,qfq,VALID,A,26,0
2026-07-16,300748.SZ,CHINEXT,2018-09-21,False,False,0,READY,463,1.0,2024-08-15,2026-07-16,sina_daily,qfq,VALID,A,26,0
2026-07-16,300749.SZ,CHINEXT,2018-09-25,False,False,0,READY,463,1.0,2024-08-15,2026-07-16,sina_daily,qfq,VALID,A,26,0
2026-07-16,300750.SZ,CHINEXT,2018-06-11,False,False,0,READY,463,1.0,2024-08-15,2026-07-16,sina_daily,qfq,VALID,A,26,0
2026-07-16,300751.SZ,CHINEXT,2018-11-09,False,False,0,READY,463,1.0,2024-08-15,2026-07-16,sina_daily,qfq,VALID,A,26,0
2026-07-16,300752.SZ,CHINEXT,2018-11-30,False,False,0,READY,463,1.0,2024-08-15,2026-07-16,sina_daily,qfq,VALID,A,26,0
2026-07-16,300753.SZ,CHINEXT,2018-12-13,False,False,0,READY,463,1.0,2024-08-15,2026-07-16,sina_daily,qfq,VALID,A,26,0
2026-07-16,300755.SZ,CHINEXT,2019-01-29,False,False,0,READY,463,1.0,2024-08-15,2026-07-16,sina_daily,qfq,VALID,A,26,0
2026-07-16,300756.SZ,CHINEXT,2018-12-28,False,False,0,READY,463,1.0,2024-08-15,2026-07-16,sina_daily,qfq,VALID,A,26,0
2026-07-16,300757.SZ,CHINEXT,2019-01-08,False,False,0,READY,463,1.0,2024-08-15,2026-07-16,sina_daily,qfq,VALID,A,26,0
2026-07-16,300758.SZ,CHINEXT,2019-02-22,False,False,0,READY,463,1.0,2024-08-15,2026-07-16,sina_daily,qfq,VALID,A,26,0
2026-07-16,300759.SZ,CHINEXT,2019-01-28,False,False,0,READY,463,1.0,2024-08-15,2026-07-16,sina_daily,qfq,VALID,A,26,0
2026-07-16,300760.SZ,CHINEXT,2018-10-16,False,False,0,READY,463,1.0,2024-08-15,2026-07-16,sina_daily,qfq,VALID,A,26,0
2026-07-16,300761.SZ,CHINEXT,2019-02-18,False,False,0,READY,463,1.0,2024-08-15,2026-07-16,sina_daily,qfq,VALID,A,26,0
2026-07-16,300762.SZ,CHINEXT,2019-03-14,False,False,0,READY,463,1.0,2024-08-15,2026-07-16,sina_daily,qfq,VALID,A,26,0
2026-07-16,300763.SZ,CHINEXT,2019-03-19,False,False,0,READY,463,1.0,2024-08-15,2026-07-16,sina_daily,qfq,VALID,A,26,0
2026-07-16,300765.SZ,CHINEXT,2019-03-22,False,False,0,READY,463,1.0,2024-08-15,2026-07-16,sina_daily,qfq,VALID,A,26,0
2026-07-16,300766.SZ,CHINEXT,2019-03-25,False,False,0,READY,463,1.0,2024-08-15,2026-07-16,sina_daily,qfq,VALID,A,26,0
2026-07-16,300767.SZ,CHINEXT,2019-03-29,False,False,0,READY,463,1.0,2024-08-15,2026-07-16,sina_daily,qfq,VALID,A,26,0
2026-07-16,300768.SZ,CHINEXT,2019-04-12,False,False,0,READY,463,1.0,2024-08-15,2026-07-16,sina_daily,qfq,VALID,A,26,0
2026-07-16,300769.SZ,CHINEXT,2019-04-15,False,False,0,READY,463,1.0,2024-08-15,2026-07-16,sina_daily,qfq,VALID,A,26,0
2026-07-16,300770.SZ,CHINEXT,2019-04-19,False,False,0,READY,463,1.0,2024-08-15,2026-07-16,sina_daily,qfq,VALID,A,26,0
2026-07-16,300771.SZ,CHINEXT,2019-04-22,False,False,0,READY,463,1.0,2024-08-15,2026-07-16,sina_daily,qfq,VALID,A,26,0
2026-07-16,300772.SZ,CHINEXT,2019-04-26,False,False,0,READY,463,1.0,2024-08-15,2026-07-16,sina_daily,qfq,VALID,A,26,0
2026-07-16,300773.SZ,CHINEXT,2019-04-25,False,False,0,READY,463,1.0,2024-08-15,2026-07-16,sina_daily,qfq,VALID,A,26,0
2026-07-16,300774.SZ,CHINEXT,2021-08-04,False,False,0,READY,463,1.0,2024-08-15,2026-07-16,sina_daily,qfq,VALID,A,26,0
2026-07-16,300775.SZ,CHINEXT,2019-05-21,False,False,0,READY,463,1.0,2024-08-15,2026-07-16,sina_daily,qfq,VALID,A,26,0
2026-07-16,300776.SZ,CHINEXT,2019-05-17,False,False,0,READY,463,1.0,2024-08-15,2026-07-16,sina_daily,qfq,VALID,A,26,0
2026-07-16,300777.SZ,CHINEXT,2019-05-16,False,False,0,READY,463,1.0,2024-08-15,2026-07-16,sina_daily,qfq,VALID,A,26,0
2026-07-16,300778.SZ,CHINEXT,2019-05-10,False,False,0,READY,463,1.0,2024-08-15,2026-07-16,sina_daily,qfq,VALID,A,26,0
2026-07-16,300779.SZ,CHINEXT,2019-05-22,False,False,0,READY,463,1.0,2024-08-15,2026-07-16,sina_daily,qfq,VALID,A,26,0
2026-07-16,300780.SZ,CHINEXT,2019-05-31,False,False,0,READY,463,1.0,2024-08-15,2026-07-16,sina_daily,qfq,VALID,A,26,0
2026-07-16,300781.SZ,CHINEXT,2019-06-06,False,False,0,READY,459,1.0,2024-08-15,2026-07-16,sina_daily,qfq,VALID,A,26,0
2026-07-16,300782.SZ,CHINEXT,2019-06-18,False,False,0,READY,463,1.0,2024-08-15,2026-07-16,sina_daily,qfq,VALID,A,26,0
2026-07-16,300783.SZ,CHINEXT,2019-07-12,False,False,0,READY,463,1.0,2024-08-15,2026-07-16,sina_daily,qfq,VALID,A,26,0
2026-07-16,300784.SZ,CHINEXT,2024-06-07,False,False,0,READY,463,1.0,2024-08-15,2026-07-16,sina_daily,qfq,VALID,A,26,0
2026-07-16,300785.SZ,CHINEXT,2019-07-15,False,False,0,READY,463,1.0,2024-08-15,2026-07-16,sina_daily,qfq,VALID,A,26,0
2026-07-16,300786.SZ,CHINEXT,2019-07-23,False,False,0,READY,463,1.0,2024-08-15,2026-07-16,sina_daily,qfq,VALID,A,26,0
2026-07-16,300787.SZ,CHINEXT,2019-08-15,False,False,0,READY,463,1.0,2024-08-15,2026-07-16,sina_daily,qfq,VALID,A,26,0
2026-07-16,300788.SZ,CHINEXT,2019-07-05,False,False,0,READY,463,1.0,2024-08-15,2026-07-16,sina_daily,qfq,VALID,A,26,0
2026-07-16,300789.SZ,CHINEXT,2019-08-28,False,False,0,READY,463,1.0,2024-08-15,2026-07-16,sina_daily,qfq,VALID,A,26,0
2026-07-16,300790.SZ,CHINEXT,2019-09-20,False,False,0,READY,463,1.0,2024-08-15,2026-07-16,sina_daily,qfq,VALID,A,26,0
2026-07-16,300791.SZ,CHINEXT,2019-09-25,False,False,0,READY,463,1.0,2024-08-15,2026-07-16,sina_daily,qfq,VALID,A,26,0
2026-07-16,300792.SZ,CHINEXT,2019-09-27,False,False,0,READY,463,1.0,2024-08-15,2026-07-16,sina_daily,qfq,VALID,A,26,0
2026-07-16,300793.SZ,CHINEXT,2019-10-18,False,False,0,READY,463,1.0,2024-08-15,2026-07-16,sina_daily,qfq,VALID,A,26,0
2026-07-16,300795.SZ,CHINEXT,2019-10-22,False,False,0,READY,463,1.0,2024-08-15,2026-07-16,sina_daily,qfq,VALID,A,26,0
2026-07-16,300796.SZ,CHINEXT,2019-11-15,False,False,0,READY,463,1.0,2024-08-15,2026-07-16,sina_daily,qfq,VALID,A,26,0
2026-07-16,300797.SZ,CHINEXT,2019-11-01,False,False,0,READY,463,1.0,2024-08-15,2026-07-16,sina_daily,qfq,VALID,A,26,0
2026-07-16,300798.SZ,CHINEXT,2019-11-22,False,False,0,READY,463,1.0,2024-08-15,2026-07-16,sina_daily,qfq,VALID,A,26,0
2026-07-16,300800.SZ,CHINEXT,2019-11-06,False,False,0,READY,463,1.0,2024-08-15,2026-07-16,sina_daily,qfq,VALID,A,26,0
2026-07-16,300801.SZ,CHINEXT,2019-11-28,False,False,0,READY,463,1.0,2024-08-15,2026-07-16,sina_daily,qfq,VALID,A,26,0
2026-07-16,300802.SZ,CHINEXT,2019-11-14,False,False,0,READY,463,1.0,2024-08-15,2026-07-16,sina_daily,qfq,VALID,A,26,0
2026-07-16,300803.SZ,CHINEXT,2019-11-18,False,False,0,READY,463,1.0,2024-08-15,2026-07-16,sina_daily,qfq,VALID,A,26,0
2026-07-16,300804.SZ,CHINEXT,2023-06-27,False,False,0,READY,463,1.0,2024-08-15,2026-07-16,sina_daily,qfq,VALID,A,26,0
2026-07-16,300805.SZ,CHINEXT,2019-11-21,False,False,0,READY,463,1.0,2024-08-15,2026-07-16,sina_daily,qfq,VALID,A,26,0
2026-07-16,300806.SZ,CHINEXT,2019-11-25,False,False,0,READY,463,1.0,2024-08-15,2026-07-16,sina_daily,qfq,VALID,A,26,0
2026-07-16,300807.SZ,CHINEXT,2019-12-19,False,False,0,READY,448,0.96,2024-08-15,2026-07-16,sina_daily,qfq,VALID,A,26,0
2026-07-16,300808.SZ,CHINEXT,2019-11-29,False,False,0,READY,463,1.0,2024-08-15,2026-07-16,sina_daily,qfq,VALID,A,26,0
2026-07-16,300809.SZ,CHINEXT,2019-12-04,False,False,0,READY,463,1.0,2024-08-15,2026-07-16,sina_daily,qfq,VALID,A,26,0
2026-07-16,300810.SZ,CHINEXT,2019-12-06,False,False,0,READY,463,1.0,2024-08-15,2026-07-16,sina_daily,qfq,VALID,A,26,0
2026-07-16,300811.SZ,CHINEXT,2019-12-30,False,False,0,READY,463,1.0,2024-08-15,2026-07-16,sina_daily,qfq,VALID,A,26,0
2026-07-16,300812.SZ,CHINEXT,2020-01-09,False,False,0,READY,463,1.0,2024-08-15,2026-07-16,sina_daily,qfq,VALID,A,26,0
2026-07-16,300813.SZ,CHINEXT,2020-01-14,False,False,0,READY,463,1.0,2024-08-15,2026-07-16,sina_daily,qfq,VALID,A,26,0
2026-07-16,300814.SZ,CHINEXT,2021-08-12,False,False,0,READY,463,1.0,2024-08-15,2026-07-16,sina_daily,qfq,VALID,A,26,0
2026-07-16,300815.SZ,CHINEXT,2020-01-23,False,False,0,READY,463,1.0,2024-08-15,2026-07-16,sina_daily,qfq,VALID,A,26,0
2026-07-16,300816.SZ,CHINEXT,2020-02-10,False,False,0,READY,463,1.0,2024-08-15,2026-07-16,sina_daily,qfq,VALID,A,26,0
2026-07-16,300817.SZ,CHINEXT,2020-02-18,False,False,0,READY,463,1.0,2024-08-15,2026-07-16,sina_daily,qfq,VALID,A,26,0
2026-07-16,300818.SZ,CHINEXT,2020-02-12,False,False,0,READY,463,1.0,2024-08-15,2026-07-16,sina_daily,qfq,VALID,A,26,0
2026-07-16,300819.SZ,CHINEXT,2020-03-12,False,False,0,READY,463,1.0,2024-08-15,2026-07-16,sina_daily,qfq,VALID,A,26,0
2026-07-16,300820.SZ,CHINEXT,2020-02-13,False,False,0,READY,463,1.0,2024-08-15,2026-07-16,sina_daily,qfq,VALID,A,26,0
2026-07-16,300821.SZ,CHINEXT,2020-03-12,False,False,0,READY,463,1.0,2024-08-15,2026-07-16,sina_daily,qfq,VALID,A,26,0
2026-07-16,300822.SZ,CHINEXT,2020-03-13,False,False,0,READY,463,1.0,2024-08-15,2026-07-16,sina_daily,qfq,VALID,A,26,0
2026-07-16,300823.SZ,CHINEXT,2020-03-19,False,False,0,READY,463,1.0,2024-08-15,2026-07-16,sina_daily,qfq,VALID,A,26,0
2026-07-16,300824.SZ,CHINEXT,2020-06-19,False,False,0,READY,463,1.0,2024-08-15,2026-07-16,sina_daily,qfq,VALID,A,26,0
2026-07-16,300825.SZ,CHINEXT,2020-03-27,False,False,0,READY,463,1.0,2024-08-15,2026-07-16,sina_daily,qfq,VALID,A,26,0
2026-07-16,300826.SZ,CHINEXT,2020-04-03,False,False,0,READY,463,1.0,2024-08-15,2026-07-16,sina_daily,qfq,VALID,A,26,0
2026-07-16,300827.SZ,CHINEXT,2020-04-10,False,False,0,READY,463,1.0,2024-08-15,2026-07-16,sina_daily,qfq,VALID,A,26,0
2026-07-16,300828.SZ,CHINEXT,2020-04-21,False,False,0,READY,453,0.96,2024-08-15,2026-07-16,sina_daily,qfq,VALID,A,26,0
2026-07-16,300829.SZ,CHINEXT,2020-04-22,False,False,0,READY,463,1.0,2024-08-15,2026-07-16,sina_daily,qfq,VALID,A,26,0
2026-07-16,300830.SZ,CHINEXT,2020-05-06,False,False,0,READY,463,1.0,2024-08-15,2026-07-16,sina_daily,qfq,VALID,A,26,0
2026-07-16,300831.SZ,CHINEXT,2020-05-07,True,False,0,READY,462,0.996,2024-08-15,2026-07-16,sina_daily,qfq,VALID,A,26,0
2026-07-16,300832.SZ,CHINEXT,2020-05-12,False,False,0,READY,463,1.0,2024-08-15,2026-07-16,sina_daily,qfq,VALID,A,26,0
2026-07-16,300833.SZ,CHINEXT,2020-05-20,False,False,0,READY,463,1.0,2024-08-15,2026-07-16,sina_daily,qfq,VALID,A,26,0
2026-07-16,300834.SZ,CHINEXT,2022-01-13,False,False,0,READY,463,1.0,2024-08-15,2026-07-16,sina_daily,qfq,VALID,A,26,0
2026-07-16,300835.SZ,CHINEXT,2020-05-25,False,False,0,READY,463,1.0,2024-08-15,2026-07-16,sina_daily,qfq,VALID,A,26,0
2026-07-16,300836.SZ,CHINEXT,2020-05-28,False,False,0,READY,463,1.0,2024-08-15,2026-07-16,sina_daily,qfq,VALID,A,26,0
2026-07-16,300837.SZ,CHINEXT,2020-06-05,False,False,0,READY,463,1.0,2024-08-15,2026-07-16,sina_daily,qfq,VALID,A,26,0
2026-07-16,300838.SZ,CHINEXT,2020-06-08,False,False,0,READY,463,1.0,2024-08-15,2026-07-16,sina_daily,qfq,VALID,A,26,0
2026-07-16,300839.SZ,CHINEXT,2020-06-30,False,False,0,READY,458,1.0,2024-08-15,2026-07-16,sina_daily,qfq,VALID,A,26,0
2026-07-16,300840.SZ,CHINEXT,2020-07-08,False,False,0,READY,463,1.0,2024-08-15,2026-07-16,sina_daily,qfq,VALID,A,26,0
2026-07-16,300841.SZ,CHINEXT,2020-06-16,False,False,0,READY,458,0.98,2024-08-15,2026-07-16,sina_daily,qfq,VALID,A,26,0
2026-07-16,300842.SZ,CHINEXT,2020-06-18,False,False,0,READY,463,1.0,2024-08-15,2026-07-16,sina_daily,qfq,VALID,A,26,0
2026-07-16,300843.SZ,CHINEXT,2020-07-02,False,False,0,READY,463,1.0,2024-08-15,2026-07-16,sina_daily,qfq,VALID,A,26,0
2026-07-16,300844.SZ,CHINEXT,2021-08-13,False,False,0,READY,463,1.0,2024-08-15,2026-07-16,sina_daily,qfq,VALID,A,26,0
2026-07-16,300845.SZ,CHINEXT,2020-07-03,False,False,0,READY,463,1.0,2024-08-15,2026-07-16,sina_daily,qfq,VALID,A,26,0
2026-07-16,300846.SZ,CHINEXT,2020-07-01,False,False,0,READY,463,1.0,2024-08-15,2026-07-16,sina_daily,qfq,VALID,A,26,0
2026-07-16,300847.SZ,CHINEXT,2020-07-09,False,False,0,READY,463,1.0,2024-08-15,2026-07-16,sina_daily,qfq,VALID,A,26,0
2026-07-16,300848.SZ,CHINEXT,2020-07-20,False,False,0,READY,463,1.0,2024-08-15,2026-07-16,sina_daily,qfq,VALID,A,26,0
2026-07-16,300849.SZ,CHINEXT,2020-07-10,False,False,0,READY,463,1.0,2024-08-15,2026-07-16,sina_daily,qfq,VALID,A,26,0
2026-07-16,300850.SZ,CHINEXT,2020-07-13,False,False,0,READY,463,1.0,2024-08-15,2026-07-16,sina_daily,qfq,VALID,A,26,0
2026-07-16,300851.SZ,CHINEXT,2020-07-17,False,False,0,READY,453,0.96,2024-08-15,2026-07-16,sina_daily,qfq,VALID,A,26,0
2026-07-16,300852.SZ,CHINEXT,2020-07-13,False,False,0,READY,463,1.0,2024-08-15,2026-07-16,sina_daily,qfq,VALID,A,26,0
2026-07-16,300853.SZ,CHINEXT,2020-07-24,False,False,0,READY,463,1.0,2024-08-15,2026-07-16,sina_daily,qfq,VALID,A,26,0
2026-07-16,300854.SZ,CHINEXT,2021-09-16,False,False,0,READY,463,1.0,2024-08-15,2026-07-16,sina_daily,qfq,VALID,A,26,0
2026-07-16,300855.SZ,CHINEXT,2020-07-23,False,False,0,READY,463,1.0,2024-08-15,2026-07-16,sina_daily,qfq,VALID,A,26,0
2026-07-16,300856.SZ,CHINEXT,2020-07-22,False,False,0,READY,463,1.0,2024-08-15,2026-07-16,sina_daily,qfq,VALID,A,26,0
2026-07-16,300857.SZ,CHINEXT,2020-07-27,False,False,0,READY,463,1.0,2024-08-15,2026-07-16,sina_daily,qfq,VALID,A,26,0
2026-07-16,300858.SZ,CHINEXT,2020-07-27,False,False,0,READY,463,1.0,2024-08-15,2026-07-16,sina_daily,qfq,VALID,A,26,0
2026-07-16,300859.SZ,CHINEXT,2020-08-06,False,False,0,READY,463,1.0,2024-08-15,2026-07-16,sina_daily,qfq,VALID,A,26,0
2026-07-16,300860.SZ,CHINEXT,2020-08-24,False,False,0,READY,463,1.0,2024-08-15,2026-07-16,sina_daily,qfq,VALID,A,26,0
2026-07-16,300861.SZ,CHINEXT,2020-08-24,False,False,0,READY,463,1.0,2024-08-15,2026-07-16,sina_daily,qfq,VALID,A,26,0
2026-07-16,300862.SZ,CHINEXT,2020-08-24,False,False,0,READY,463,1.0,2024-08-15,2026-07-16,sina_daily,qfq,VALID,A,26,0
2026-07-16,300863.SZ,CHINEXT,2020-08-24,False,False,0,READY,463,1.0,2024-08-15,2026-07-16,sina_daily,qfq,VALID,A,26,0
2026-07-16,300864.SZ,CHINEXT,2020-08-24,False,False,0,READY,463,1.0,2024-08-15,2026-07-16,sina_daily,qfq,VALID,A,26,0
2026-07-16,300865.SZ,CHINEXT,2020-08-24,False,False,0,READY,463,1.0,2024-08-15,2026-07-16,sina_daily,qfq,VALID,A,26,0
2026-07-16,300866.SZ,CHINEXT,2020-08-24,False,False,0,READY,463,1.0,2024-08-15,2026-07-16,sina_daily,qfq,VALID,A,26,0
2026-07-16,300867.SZ,CHINEXT,2020-08-24,False,False,0,READY,463,1.0,2024-08-15,2026-07-16,sina_daily,qfq,VALID,A,26,0
2026-07-16,300868.SZ,CHINEXT,2020-08-24,False,False,0,READY,463,1.0,2024-08-15,2026-07-16,sina_daily,qfq,VALID,A,26,0
2026-07-16,300869.SZ,CHINEXT,2020-08-24,False,False,0,READY,463,1.0,2024-08-15,2026-07-16,sina_daily,qfq,VALID,A,26,0
2026-07-16,300870.SZ,CHINEXT,2020-08-24,False,False,0,READY,463,1.0,2024-08-15,2026-07-16,sina_daily,qfq,VALID,A,26,0
2026-07-16,300871.SZ,CHINEXT,2020-08-24,False,False,0,READY,463,1.0,2024-08-15,2026-07-16,sina_daily,qfq,VALID,A,26,0
2026-07-16,300872.SZ,CHINEXT,2020-08-24,False,False,0,READY,463,1.0,2024-08-15,2026-07-16,sina_daily,qfq,VALID,A,26,0
2026-07-16,300873.SZ,CHINEXT,2020-08-24,False,False,0,READY,463,1.0,2024-08-15,2026-07-16,sina_daily,qfq,VALID,A,26,0
2026-07-16,300875.SZ,CHINEXT,2020-08-24,False,False,0,READY,463,1.0,2024-08-15,2026-07-16,sina_daily,qfq,VALID,A,26,0
2026-07-16,300876.SZ,CHINEXT,2020-08-24,False,False,0,READY,463,1.0,2024-08-15,2026-07-16,sina_daily,qfq,VALID,A,26,0
2026-07-16,300877.SZ,CHINEXT,2020-08-24,False,False,0,READY,463,1.0,2024-08-15,2026-07-16,sina_daily,qfq,VALID,A,26,0
2026-07-16,300878.SZ,CHINEXT,2020-08-24,False,False,0,READY,463,1.0,2024-08-15,2026-07-16,sina_daily,qfq,VALID,A,26,0
2026-07-16,300879.SZ,CHINEXT,2020-09-01,False,False,0,READY,463,1.0,2024-08-15,2026-07-16,sina_daily,qfq,VALID,A,26,0
2026-07-16,300880.SZ,CHINEXT,2020-09-01,False,False,0,READY,463,1.0,2024-08-15,2026-07-16,sina_daily,qfq,VALID,A,26,0
2026-07-16,300881.SZ,CHINEXT,2020-09-01,False,False,0,READY,463,1.0,2024-08-15,2026-07-16,sina_daily,qfq,VALID,A,26,0
2026-07-16,300882.SZ,CHINEXT,2020-09-10,False,False,0,READY,463,1.0,2024-08-15,2026-07-16,sina_daily,qfq,VALID,A,26,0
2026-07-16,300883.SZ,CHINEXT,2020-09-10,False,False,0,READY,463,1.0,2024-08-15,2026-07-16,sina_daily,qfq,VALID,A,26,0
2026-07-16,300884.SZ,CHINEXT,2020-11-12,False,False,0,READY,463,1.0,2024-08-15,2026-07-16,sina_daily,qfq,VALID,A,26,0
2026-07-16,300885.SZ,CHINEXT,2020-09-10,False,False,0,READY,463,1.0,2024-08-15,2026-07-16,sina_daily,qfq,VALID,A,26,0
2026-07-16,300886.SZ,CHINEXT,2020-09-16,False,False,0,READY,463,1.0,2024-08-15,2026-07-16,sina_daily,qfq,VALID,A,26,0
2026-07-16,300887.SZ,CHINEXT,2020-09-16,False,False,0,READY,463,1.0,2024-08-15,2026-07-16,sina_daily,qfq,VALID,A,26,0
2026-07-16,300888.SZ,CHINEXT,2020-09-17,False,False,0,READY,463,1.0,2024-08-15,2026-07-16,sina_daily,qfq,VALID,A,26,0
2026-07-16,300889.SZ,CHINEXT,2020-09-16,False,False,0,READY,453,0.96,2024-08-15,2026-07-16,sina_daily,qfq,VALID,A,26,0
2026-07-16,300890.SZ,CHINEXT,2020-09-17,False,False,0,READY,463,1.0,2024-08-15,2026-07-16,sina_daily,qfq,VALID,A,26,0
2026-07-16,300891.SZ,CHINEXT,2020-09-17,False,False,0,READY,463,1.0,2024-08-15,2026-07-16,sina_daily,qfq,VALID,A,26,0
2026-07-16,300892.SZ,CHINEXT,2020-09-24,False,False,0,READY,463,1.0,2024-08-15,2026-07-16,sina_daily,qfq,VALID,A,26,0
2026-07-16,300893.SZ,CHINEXT,2020-09-24,False,False,0,READY,463,1.0,2024-08-15,2026-07-16,sina_daily,qfq,VALID,A,26,0
2026-07-16,300894.SZ,CHINEXT,2020-12-31,False,False,0,READY,463,1.0,2024-08-15,2026-07-16,sina_daily,qfq,VALID,A,26,0
2026-07-16,300895.SZ,CHINEXT,2020-09-24,False,False,0,READY,463,1.0,2024-08-15,2026-07-16,sina_daily,qfq,VALID,A,26,0
2026-07-16,300896.SZ,CHINEXT,2020-09-28,False,False,0,READY,463,1.0,2024-08-15,2026-07-16,sina_daily,qfq,VALID,A,26,0
2026-07-16,300897.SZ,CHINEXT,2020-09-28,False,False,0,READY,458,0.98,2024-08-15,2026-07-16,sina_daily,qfq,VALID,A,26,0
2026-07-16,300898.SZ,CHINEXT,2020-10-16,False,False,0,READY,463,1.0,2024-08-15,2026-07-16,sina_daily,qfq,VALID,A,26,0
2026-07-16,300899.SZ,CHINEXT,2020-10-16,False,False,0,READY,461,0.996,2024-08-15,2026-07-16,sina_daily,qfq,VALID,A,26,0
2026-07-16,300900.SZ,CHINEXT,2020-10-29,False,False,0,READY,463,1.0,2024-08-15,2026-07-16,sina_daily,qfq,VALID,A,26,0
2026-07-16,300901.SZ,CHINEXT,2020-10-29,False,False,0,READY,463,1.0,2024-08-15,2026-07-16,sina_daily,qfq,VALID,A,26,0
2026-07-16,300902.SZ,CHINEXT,2020-10-29,False,False,0,READY,463,1.0,2024-08-15,2026-07-16,sina_daily,qfq,VALID,A,26,0
2026-07-16,300903.SZ,CHINEXT,2020-11-05,False,False,0,READY,463,1.0,2024-08-15,2026-07-16,sina_daily,qfq,VALID,A,26,0
2026-07-16,300904.SZ,CHINEXT,2023-08-09,False,False,0,READY,463,1.0,2024-08-15,2026-07-16,sina_daily,qfq,VALID,A,26,0
2026-07-16,300905.SZ,CHINEXT,2020-11-05,False,False,0,READY,463,1.0,2024-08-15,2026-07-16,sina_daily,qfq,VALID,A,26,0
2026-07-16,300906.SZ,CHINEXT,2020-11-05,False,False,0,READY,463,1.0,2024-08-15,2026-07-16,sina_daily,qfq,VALID,A,26,0
2026-07-16,300907.SZ,CHINEXT,2020-11-18,False,False,0,READY,463,1.0,2024-08-15,2026-07-16,sina_daily,qfq,VALID,A,26,0
2026-07-16,300908.SZ,CHINEXT,2020-11-23,False,False,0,READY,463,1.0,2024-08-15,2026-07-16,sina_daily,qfq,VALID,A,26,0
2026-07-16,300909.SZ,CHINEXT,2020-11-18,False,False,0,READY,463,1.0,2024-08-15,2026-07-16,sina_daily,qfq,VALID,A,26,0
2026-07-16,300910.SZ,CHINEXT,2020-11-27,False,False,0,READY,463,1.0,2024-08-15,2026-07-16,sina_daily,qfq,VALID,A,26,0
2026-07-16,300911.SZ,CHINEXT,2020-12-03,False,False,0,READY,463,1.0,2024-08-15,2026-07-16,sina_daily,qfq,VALID,A,26,0
2026-07-16,300912.SZ,CHINEXT,2020-12-07,False,False,0,READY,453,0.96,2024-08-15,2026-07-16,sina_daily,qfq,VALID,A,26,0
2026-07-16,300913.SZ,CHINEXT,2020-12-07,False,False,0,READY,463,1.0,2024-08-15,2026-07-16,sina_daily,qfq,VALID,A,26,0
2026-07-16,300915.SZ,CHINEXT,2020-12-02,False,False,0,READY,463,1.0,2024-08-15,2026-07-16,sina_daily,qfq,VALID,A,26,0
2026-07-16,300916.SZ,CHINEXT,2020-12-02,False,False,0,READY,463,1.0,2024-08-15,2026-07-16,sina_daily,qfq,VALID,A,26,0
2026-07-16,300917.SZ,CHINEXT,2020-12-21,False,False,0,READY,463,1.0,2024-08-15,2026-07-16,sina_daily,qfq,VALID,A,26,0
2026-07-16,300918.SZ,CHINEXT,2020-12-22,False,False,0,READY,463,1.0,2024-08-15,2026-07-16,sina_daily,qfq,VALID,A,26,0
2026-07-16,300919.SZ,CHINEXT,2020-12-23,False,False,0,READY,463,1.0,2024-08-15,2026-07-16,sina_daily,qfq,VALID,A,26,0
2026-07-16,300920.SZ,CHINEXT,2020-12-25,False,False,0,READY,463,1.0,2024-08-15,2026-07-16,sina_daily,qfq,VALID,A,26,0
2026-07-16,300921.SZ,CHINEXT,2020-12-22,False,False,0,READY,463,1.0,2024-08-15,2026-07-16,sina_daily,qfq,VALID,A,26,0
2026-07-16,300922.SZ,CHINEXT,2020-12-25,False,False,0,READY,463,1.0,2024-08-15,2026-07-16,sina_daily,qfq,VALID,A,26,0
2026-07-16,300923.SZ,CHINEXT,2020-12-24,False,False,0,READY,463,1.0,2024-08-15,2026-07-16,sina_daily,qfq,VALID,A,26,0
2026-07-16,300925.SZ,CHINEXT,2020-12-30,False,False,0,READY,463,1.0,2024-08-15,2026-07-16,sina_daily,qfq,VALID,A,26,0
2026-07-16,300926.SZ,CHINEXT,2021-01-07,False,False,0,READY,463,1.0,2024-08-15,2026-07-16,sina_daily,qfq,VALID,A,26,0
2026-07-16,300927.SZ,CHINEXT,2021-01-07,False,False,0,READY,463,1.0,2024-08-15,2026-07-16,sina_daily,qfq,VALID,A,26,0
2026-07-16,300928.SZ,CHINEXT,2021-01-06,False,False,0,READY,463,1.0,2024-08-15,2026-07-16,sina_daily,qfq,VALID,A,26,0
2026-07-16,300929.SZ,CHINEXT,2021-01-20,False,False,0,READY,463,1.0,2024-08-15,2026-07-16,sina_daily,qfq,VALID,A,26,0
2026-07-16,300930.SZ,CHINEXT,2021-01-21,False,False,0,READY,463,1.0,2024-08-15,2026-07-16,sina_daily,qfq,VALID,A,26,0
2026-07-16,300931.SZ,CHINEXT,2021-01-21,False,False,0,READY,463,1.0,2024-08-15,2026-07-16,sina_daily,qfq,VALID,A,26,0
2026-07-16,300932.SZ,CHINEXT,2021-01-22,False,False,0,READY,463,1.0,2024-08-15,2026-07-16,sina_daily,qfq,VALID,A,26,0
2026-07-16,300933.SZ,CHINEXT,2021-01-22,False,False,0,READY,463,1.0,2024-08-15,2026-07-16,sina_daily,qfq,VALID,A,26,0
2026-07-16,300935.SZ,CHINEXT,2021-01-20,False,False,0,READY,463,1.0,2024-08-15,2026-07-16,sina_daily,qfq,VALID,A,26,0
2026-07-16,300936.SZ,CHINEXT,2021-01-26,False,False,0,READY,463,1.0,2024-08-15,2026-07-16,sina_daily,qfq,VALID,A,26,0
2026-07-16,300937.SZ,CHINEXT,2021-01-27,False,False,0,READY,463,1.0,2024-08-15,2026-07-16,sina_daily,qfq,VALID,A,26,0
2026-07-16,300938.SZ,CHINEXT,2021-01-27,False,False,0,READY,463,1.0,2024-08-15,2026-07-16,sina_daily,qfq,VALID,A,26,0
2026-07-16,300939.SZ,CHINEXT,2021-01-28,False,False,0,READY,463,1.0,2024-08-15,2026-07-16,sina_daily,qfq,VALID,A,26,0
2026-07-16,300940.SZ,CHINEXT,2021-02-03,False,False,0,READY,463,1.0,2024-08-15,2026-07-16,sina_daily,qfq,VALID,A,26,0
2026-07-16,300941.SZ,CHINEXT,2021-02-09,False,False,0,READY,463,1.0,2024-08-15,2026-07-16,sina_daily,qfq,VALID,A,26,0
2026-07-16,300942.SZ,CHINEXT,2021-02-09,False,False,0,READY,463,1.0,2024-08-15,2026-07-16,sina_daily,qfq,VALID,A,26,0
2026-07-16,300943.SZ,CHINEXT,2021-02-10,False,False,0,READY,453,1.0,2024-08-15,2026-07-16,sina_daily,qfq,VALID,A,26,0
2026-07-16,300945.SZ,CHINEXT,2021-02-10,False,False,0,READY,463,1.0,2024-08-15,2026-07-16,sina_daily,qfq,VALID,A,26,0
2026-07-16,300946.SZ,CHINEXT,2021-02-08,False,False,0,READY,463,1.0,2024-08-15,2026-07-16,sina_daily,qfq,VALID,A,26,0
2026-07-16,300947.SZ,CHINEXT,2021-02-10,False,False,0,READY,463,1.0,2024-08-15,2026-07-16,sina_daily,qfq,VALID,A,26,0
2026-07-16,300948.SZ,CHINEXT,2021-02-25,False,False,0,READY,458,0.98,2024-08-15,2026-07-16,sina_daily,qfq,VALID,A,26,0
2026-07-16,300949.SZ,CHINEXT,2021-02-26,False,False,0,READY,463,1.0,2024-08-15,2026-07-16,sina_daily,qfq,VALID,A,26,0
2026-07-16,300950.SZ,CHINEXT,2021-03-03,False,False,0,READY,453,0.98,2024-08-15,2026-07-16,sina_daily,qfq,VALID,A,26,0
2026-07-16,300951.SZ,CHINEXT,2021-02-26,False,False,0,READY,463,1.0,2024-08-15,2026-07-16,sina_daily,qfq,VALID,A,26,0
2026-07-16,300952.SZ,CHINEXT,2021-03-11,False,False,0,READY,463,1.0,2024-08-15,2026-07-16,sina_daily,qfq,VALID,A,26,0
2026-07-16,300953.SZ,CHINEXT,2021-03-18,False,False,0,READY,463,1.0,2024-08-15,2026-07-16,sina_daily,qfq,VALID,A,26,0
2026-07-16,300955.SZ,CHINEXT,2021-03-24,False,False,0,READY,458,0.98,2024-08-15,2026-07-16,sina_daily,qfq,VALID,A,26,0
2026-07-16,300956.SZ,CHINEXT,2021-03-26,False,False,0,READY,453,1.0,2024-08-15,2026-07-16,sina_daily,qfq,VALID,A,26,0
2026-07-16,300957.SZ,CHINEXT,2021-03-25,False,False,0,READY,463,1.0,2024-08-15,2026-07-16,sina_daily,qfq,VALID,A,26,0
2026-07-16,300958.SZ,CHINEXT,2021-03-29,False,False,0,READY,463,1.0,2024-08-15,2026-07-16,sina_daily,qfq,VALID,A,26,0
2026-07-16,300959.SZ,CHINEXT,2021-03-22,False,False,0,READY,458,1.0,2024-08-15,2026-07-16,sina_daily,qfq,VALID,A,26,0
2026-07-16,300960.SZ,CHINEXT,2021-03-29,False,False,0,READY,463,1.0,2024-08-15,2026-07-16,sina_daily,qfq,VALID,A,26,0
2026-07-16,300961.SZ,CHINEXT,2021-03-30,False,False,0,READY,463,1.0,2024-08-15,2026-07-16,sina_daily,qfq,VALID,A,26,0
2026-07-16,300962.SZ,CHINEXT,2021-04-09,False,False,0,READY,463,1.0,2024-08-15,2026-07-16,sina_daily,qfq,VALID,A,26,0
2026-07-16,300963.SZ,CHINEXT,2021-04-09,False,False,0,READY,463,1.0,2024-08-15,2026-07-16,sina_daily,qfq,VALID,A,26,0
2026-07-16,300964.SZ,CHINEXT,2021-08-05,False,False,0,READY,463,1.0,2024-08-15,2026-07-16,sina_daily,qfq,VALID,A,26,0
2026-07-16,300965.SZ,CHINEXT,2021-04-02,False,False,0,READY,453,0.964,2024-08-15,2026-07-16,sina_daily,qfq,VALID,A,26,0
2026-07-16,300966.SZ,CHINEXT,2021-04-09,False,False,0,READY,463,1.0,2024-08-15,2026-07-16,sina_daily,qfq,VALID,A,26,0
2026-07-16,300967.SZ,CHINEXT,2021-04-13,False,False,0,READY,463,1.0,2024-08-15,2026-07-16,sina_daily,qfq,VALID,A,26,0
2026-07-16,300968.SZ,CHINEXT,2021-04-15,False,False,0,READY,463,1.0,2024-08-15,2026-07-16,sina_daily,qfq,VALID,A,26,0
2026-07-16,300969.SZ,CHINEXT,2021-04-12,False,False,0,READY,463,1.0,2024-08-15,2026-07-16,sina_daily,qfq,VALID,A,26,0
2026-07-16,300970.SZ,CHINEXT,2021-04-12,False,False,0,READY,463,1.0,2024-08-15,2026-07-16,sina_daily,qfq,VALID,A,26,0
2026-07-16,300971.SZ,CHINEXT,2021-04-15,False,False,0,READY,463,1.0,2024-08-15,2026-07-16,sina_daily,qfq,VALID,A,26,0
2026-07-16,300972.SZ,CHINEXT,2021-04-19,False,False,0,READY,463,1.0,2024-08-15,2026-07-16,sina_daily,qfq,VALID,A,26,0
2026-07-16,300973.SZ,CHINEXT,2021-04-15,False,False,0,READY,463,1.0,2024-08-15,2026-07-16,sina_daily,qfq,VALID,A,26,0
2026-07-16,300975.SZ,CHINEXT,2021-04-21,False,False,0,READY,463,1.0,2024-08-15,2026-07-16,sina_daily,qfq,VALID,A,26,0
2026-07-16,300976.SZ,CHINEXT,2021-04-19,False,False,0,READY,463,1.0,2024-08-15,2026-07-16,sina_daily,qfq,VALID,A,26,0
2026-07-16,300977.SZ,CHINEXT,2021-04-20,False,False,0,READY,463,1.0,2024-08-15,2026-07-16,sina_daily,qfq,VALID,A,26,0
2026-07-16,300978.SZ,CHINEXT,2021-04-26,False,False,0,READY,463,1.0,2024-08-15,2026-07-16,sina_daily,qfq,VALID,A,26,0
2026-07-16,300979.SZ,CHINEXT,2021-04-26,False,False,0,READY,463,1.0,2024-08-15,2026-07-16,sina_daily,qfq,VALID,A,26,0
2026-07-16,300980.SZ,CHINEXT,2021-04-21,False,False,0,READY,463,1.0,2024-08-15,2026-07-16,sina_daily,qfq,VALID,A,26,0
2026-07-16,300981.SZ,CHINEXT,2021-04-27,False,False,0,READY,463,1.0,2024-08-15,2026-07-16,sina_daily,qfq,VALID,A,26,0
2026-07-16,300982.SZ,CHINEXT,2021-04-27,False,False,0,READY,463,1.0,2024-08-15,2026-07-16,sina_daily,qfq,VALID,A,26,0
2026-07-16,300983.SZ,CHINEXT,2021-04-20,False,False,0,READY,463,1.0,2024-08-15,2026-07-16,sina_daily,qfq,VALID,A,26,0
2026-07-16,300984.SZ,CHINEXT,2021-06-18,False,False,0,READY,463,1.0,2024-08-15,2026-07-16,sina_daily,qfq,VALID,A,26,0
2026-07-16,300985.SZ,CHINEXT,2021-04-29,False,False,0,READY,463,1.0,2024-08-15,2026-07-16,sina_daily,qfq,VALID,A,26,0
2026-07-16,300986.SZ,CHINEXT,2021-04-30,False,False,0,READY,460,0.988,2024-08-15,2026-07-16,sina_daily,qfq,VALID,A,26,0
2026-07-16,300987.SZ,CHINEXT,2021-05-11,False,False,0,READY,463,1.0,2024-08-15,2026-07-16,sina_daily,qfq,VALID,A,26,0
2026-07-16,300988.SZ,CHINEXT,2021-05-12,False,False,0,READY,463,1.0,2024-08-15,2026-07-16,sina_daily,qfq,VALID,A,26,0
2026-07-16,300989.SZ,CHINEXT,2021-05-07,False,False,0,READY,463,1.0,2024-08-15,2026-07-16,sina_daily,qfq,VALID,A,26,0
2026-07-16,300990.SZ,CHINEXT,2021-05-12,False,False,0,READY,463,1.0,2024-08-15,2026-07-16,sina_daily,qfq,VALID,A,26,0
2026-07-16,300991.SZ,CHINEXT,2021-05-20,False,False,0,READY,463,1.0,2024-08-15,2026-07-16,sina_daily,qfq,VALID,A,26,0
2026-07-16,300992.SZ,CHINEXT,2021-05-25,False,False,0,READY,458,0.98,2024-08-15,2026-07-16,sina_daily,qfq,VALID,A,26,0
2026-07-16,300993.SZ,CHINEXT,2021-05-24,False,False,0,READY,463,1.0,2024-08-15,2026-07-16,sina_daily,qfq,VALID,A,26,0
2026-07-16,300994.SZ,CHINEXT,2021-08-12,False,False,0,READY,463,1.0,2024-08-15,2026-07-16,sina_daily,qfq,VALID,A,26,0
2026-07-16,300995.SZ,CHINEXT,2021-05-26,False,False,0,READY,463,1.0,2024-08-15,2026-07-16,sina_daily,qfq,VALID,A,26,0
2026-07-16,300996.SZ,CHINEXT,2021-06-03,False,False,0,READY,463,1.0,2024-08-15,2026-07-16,sina_daily,qfq,VALID,A,26,0
2026-07-16,300997.SZ,CHINEXT,2021-06-02,False,False,0,READY,463,1.0,2024-08-15,2026-07-16,sina_daily,qfq,VALID,A,26,0
2026-07-16,300998.SZ,CHINEXT,2021-06-02,False,False,0,READY,463,1.0,2024-08-15,2026-07-16,sina_daily,qfq,VALID,A,26,0
2026-07-16,300999.SZ,CHINEXT,2020-10-15,False,False,0,READY,463,1.0,2024-08-15,2026-07-16,sina_daily,qfq,VALID,A,26,0
2026-07-16,301000.SZ,CHINEXT,2021-05-28,False,False,0,READY,463,1.0,2024-08-15,2026-07-16,sina_daily,qfq,VALID,A,26,0
2026-07-16,301001.SZ,CHINEXT,2021-05-28,False,False,0,READY,463,1.0,2024-08-15,2026-07-16,sina_daily,qfq,VALID,A,26,0
2026-07-16,301002.SZ,CHINEXT,2021-06-07,False,False,0,READY,463,1.0,2024-08-15,2026-07-16,sina_daily,qfq,VALID,A,26,0
2026-07-16,301003.SZ,CHINEXT,2021-06-01,False,False,0,READY,463,1.0,2024-08-15,2026-07-16,sina_daily,qfq,VALID,A,26,0
2026-07-16,301004.SZ,CHINEXT,2021-06-25,False,False,0,READY,463,1.0,2024-08-15,2026-07-16,sina_daily,qfq,VALID,A,26,0
2026-07-16,301005.SZ,CHINEXT,2021-06-01,False,False,0,READY,463,1.0,2024-08-15,2026-07-16,sina_daily,qfq,VALID,A,26,0
2026-07-16,301006.SZ,CHINEXT,2021-06-07,False,False,0,READY,463,1.0,2024-08-15,2026-07-16,sina_daily,qfq,VALID,A,26,0
2026-07-16,301007.SZ,CHINEXT,2021-06-16,False,False,0,READY,461,1.0,2024-08-15,2026-07-16,sina_daily,qfq,VALID,A,26,0
2026-07-16,301008.SZ,CHINEXT,2021-06-11,False,False,0,READY,463,1.0,2024-08-15,2026-07-16,sina_daily,qfq,VALID,A,26,0
2026-07-16,301009.SZ,CHINEXT,2021-06-17,False,False,0,READY,463,1.0,2024-08-15,2026-07-16,sina_daily,qfq,VALID,A,26,0
2026-07-16,301010.SZ,CHINEXT,2021-06-18,False,False,0,READY,463,1.0,2024-08-15,2026-07-16,sina_daily,qfq,VALID,A,26,0
2026-07-16,301011.SZ,CHINEXT,2021-06-17,False,False,0,READY,463,1.0,2024-08-15,2026-07-16,sina_daily,qfq,VALID,A,26,0
2026-07-16,301012.SZ,CHINEXT,2021-06-22,False,False,0,READY,461,0.992,2024-08-15,2026-07-16,sina_daily,qfq,VALID,A,26,0
2026-07-16,301013.SZ,CHINEXT,2021-06-29,False,False,0,READY,463,1.0,2024-08-15,2026-07-16,sina_daily,qfq,VALID,A,26,0
2026-07-16,301015.SZ,CHINEXT,2021-06-30,False,False,0,READY,463,1.0,2024-08-15,2026-07-16,sina_daily,qfq,VALID,A,26,0
2026-07-16,301016.SZ,CHINEXT,2021-06-30,False,False,0,READY,463,1.0,2024-08-15,2026-07-16,sina_daily,qfq,VALID,A,26,0
2026-07-16,301017.SZ,CHINEXT,2021-07-05,False,False,0,READY,463,1.0,2024-08-15,2026-07-16,sina_daily,qfq,VALID,A,26,0
2026-07-16,301018.SZ,CHINEXT,2021-07-07,False,False,0,READY,463,1.0,2024-08-15,2026-07-16,sina_daily,qfq,VALID,A,26,0
2026-07-16,301019.SZ,CHINEXT,2021-06-28,False,False,0,READY,463,1.0,2024-08-15,2026-07-16,sina_daily,qfq,VALID,A,26,0
2026-07-16,301020.SZ,CHINEXT,2021-07-06,False,False,0,READY,463,1.0,2024-08-15,2026-07-16,sina_daily,qfq,VALID,A,26,0
2026-07-16,301021.SZ,CHINEXT,2021-07-06,False,False,0,READY,463,1.0,2024-08-15,2026-07-16,sina_daily,qfq,VALID,A,26,0
2026-07-16,301022.SZ,CHINEXT,2021-07-02,False,False,0,READY,453,0.96,2024-08-15,2026-07-16,sina_daily,qfq,VALID,A,26,0
2026-07-16,301023.SZ,CHINEXT,2021-07-07,False,False,0,READY,463,1.0,2024-08-15,2026-07-16,sina_daily,qfq,VALID,A,26,0
2026-07-16,301024.SZ,CHINEXT,2021-07-28,False,False,0,READY,463,1.0,2024-08-15,2026-07-16,sina_daily,qfq,VALID,A,26,0
2026-07-16,301025.SZ,CHINEXT,2021-07-19,False,False,0,READY,458,0.98,2024-08-15,2026-07-16,sina_daily,qfq,VALID,A,26,0
2026-07-16,301026.SZ,CHINEXT,2021-07-16,False,False,0,READY,463,1.0,2024-08-15,2026-07-16,sina_daily,qfq,VALID,A,26,0
2026-07-16,301027.SZ,CHINEXT,2021-07-15,False,False,0,READY,460,0.988,2024-08-15,2026-07-16,sina_daily,qfq,VALID,A,26,0
2026-07-16,301028.SZ,CHINEXT,2021-07-20,False,False,0,READY,463,1.0,2024-08-15,2026-07-16,sina_daily,qfq,VALID,A,26,0
2026-07-16,301029.SZ,CHINEXT,2021-07-23,False,False,0,READY,463,1.0,2024-08-15,2026-07-16,sina_daily,qfq,VALID,A,26,0
2026-07-16,301030.SZ,CHINEXT,2021-07-22,True,False,0,READY,462,0.996,2024-08-15,2026-07-16,sina_daily,qfq,VALID,A,26,0
2026-07-16,301031.SZ,CHINEXT,2021-07-15,False,False,0,READY,463,1.0,2024-08-15,2026-07-16,sina_daily,qfq,VALID,A,26,0
2026-07-16,301032.SZ,CHINEXT,2021-07-22,False,False,0,READY,463,1.0,2024-08-15,2026-07-16,sina_daily,qfq,VALID,A,26,0
2026-07-16,301033.SZ,CHINEXT,2021-07-26,False,False,0,READY,453,1.0,2024-08-15,2026-07-16,sina_daily,qfq,VALID,A,26,0
2026-07-16,301035.SZ,CHINEXT,2021-07-28,False,False,0,READY,463,1.0,2024-08-15,2026-07-16,sina_daily,qfq,VALID,A,26,0
2026-07-16,301036.SZ,CHINEXT,2021-07-29,False,False,0,READY,463,1.0,2024-08-15,2026-07-16,sina_daily,qfq,VALID,A,26,0
2026-07-16,301037.SZ,CHINEXT,2021-07-30,False,False,0,READY,463,1.0,2024-08-15,2026-07-16,sina_daily,qfq,VALID,A,26,0
2026-07-16,301038.SZ,CHINEXT,2021-08-04,False,False,0,READY,463,1.0,2024-08-15,2026-07-16,sina_daily,qfq,VALID,A,26,0
2026-07-16,301039.SZ,CHINEXT,2021-07-08,False,False,0,READY,463,1.0,2024-08-15,2026-07-16,sina_daily,qfq,VALID,A,26,0
2026-07-16,301040.SZ,CHINEXT,2021-08-03,False,False,0,READY,458,0.98,2024-08-15,2026-07-16,sina_daily,qfq,VALID,A,26,0
2026-07-16,301041.SZ,CHINEXT,2021-08-11,False,False,0,READY,463,1.0,2024-08-15,2026-07-16,sina_daily,qfq,VALID,A,26,0
2026-07-16,301042.SZ,CHINEXT,2021-08-05,False,False,0,READY,463,1.0,2024-08-15,2026-07-16,sina_daily,qfq,VALID,A,26,0
2026-07-16,301043.SZ,CHINEXT,2021-08-11,False,False,0,READY,463,1.0,2024-08-15,2026-07-16,sina_daily,qfq,VALID,A,26,0
2026-07-16,301045.SZ,CHINEXT,2021-08-13,False,False,0,READY,463,1.0,2024-08-15,2026-07-16,sina_daily,qfq,VALID,A,26,0
2026-07-16,301046.SZ,CHINEXT,2021-08-17,False,False,0,READY,463,1.0,2024-08-15,2026-07-16,sina_daily,qfq,VALID,A,26,0
2026-07-16,301047.SZ,CHINEXT,2021-08-16,False,False,0,READY,463,1.0,2024-08-15,2026-07-16,sina_daily,qfq,VALID,A,26,0
2026-07-16,301048.SZ,CHINEXT,2021-08-18,False,False,0,READY,463,1.0,2024-08-15,2026-07-16,sina_daily,qfq,VALID,A,26,0
2026-07-16,301049.SZ,CHINEXT,2021-08-24,False,False,0,READY,463,1.0,2024-08-15,2026-07-16,sina_daily,qfq,VALID,A,26,0
2026-07-16,301050.SZ,CHINEXT,2021-08-24,False,False,0,READY,463,1.0,2024-08-15,2026-07-16,sina_daily,qfq,VALID,A,26,0
2026-07-16,301051.SZ,CHINEXT,2021-08-27,False,False,0,READY,463,1.0,2024-08-15,2026-07-16,sina_daily,qfq,VALID,A,26,0
2026-07-16,301052.SZ,CHINEXT,2021-08-30,False,False,0,READY,463,1.0,2024-08-15,2026-07-16,sina_daily,qfq,VALID,A,26,0
2026-07-16,301053.SZ,CHINEXT,2021-09-01,False,False,0,READY,463,1.0,2024-08-15,2026-07-16,sina_daily,qfq,VALID,A,26,0
2026-07-16,301055.SZ,CHINEXT,2021-09-06,False,False,0,READY,463,1.0,2024-08-15,2026-07-16,sina_daily,qfq,VALID,A,26,0
2026-07-16,301056.SZ,CHINEXT,2021-09-07,False,False,0,READY,463,1.0,2024-08-15,2026-07-16,sina_daily,qfq,VALID,A,26,0
2026-07-16,301057.SZ,CHINEXT,2021-09-09,False,False,0,READY,458,0.98,2024-08-15,2026-07-16,sina_daily,qfq,VALID,A,26,0
2026-07-16,301058.SZ,CHINEXT,2021-09-09,False,False,0,READY,463,1.0,2024-08-15,2026-07-16,sina_daily,qfq,VALID,A,26,0
2026-07-16,301059.SZ,CHINEXT,2021-09-13,False,False,0,READY,463,1.0,2024-08-15,2026-07-16,sina_daily,qfq,VALID,A,26,0
2026-07-16,301060.SZ,CHINEXT,2021-09-13,False,False,0,READY,463,1.0,2024-08-15,2026-07-16,sina_daily,qfq,VALID,A,26,0
2026-07-16,301061.SZ,CHINEXT,2021-09-13,False,False,0,READY,463,1.0,2024-08-15,2026-07-16,sina_daily,qfq,VALID,A,26,0
2026-07-16,301062.SZ,CHINEXT,2021-09-14,False,False,0,READY,463,1.0,2024-08-15,2026-07-16,sina_daily,qfq,VALID,A,26,0
2026-07-16,301063.SZ,CHINEXT,2021-09-24,False,False,0,READY,463,1.0,2024-08-15,2026-07-16,sina_daily,qfq,VALID,A,26,0
2026-07-16,301065.SZ,CHINEXT,2021-09-14,False,False,0,READY,463,1.0,2024-08-15,2026-07-16,sina_daily,qfq,VALID,A,26,0
2026-07-16,301066.SZ,CHINEXT,2021-09-22,False,False,0,READY,463,1.0,2024-08-15,2026-07-16,sina_daily,qfq,VALID,A,26,0
2026-07-16,301067.SZ,CHINEXT,2021-09-22,False,False,0,READY,463,1.0,2024-08-15,2026-07-16,sina_daily,qfq,VALID,A,26,0
2026-07-16,301068.SZ,CHINEXT,2021-09-28,False,False,0,READY,463,1.0,2024-08-15,2026-07-16,sina_daily,qfq,VALID,A,26,0
2026-07-16,301069.SZ,CHINEXT,2021-09-27,False,False,0,READY,463,1.0,2024-08-15,2026-07-16,sina_daily,qfq,VALID,A,26,0
2026-07-16,301070.SZ,CHINEXT,2021-09-23,False,False,0,READY,463,1.0,2024-08-15,2026-07-16,sina_daily,qfq,VALID,A,26,0
2026-07-16,301071.SZ,CHINEXT,2021-09-24,False,False,0,READY,463,1.0,2024-08-15,2026-07-16,sina_daily,qfq,VALID,A,26,0
2026-07-16,301072.SZ,CHINEXT,2021-09-29,False,False,0,READY,463,1.0,2024-08-15,2026-07-16,sina_daily,qfq,VALID,A,26,0
2026-07-16,301073.SZ,CHINEXT,2021-09-30,False,False,0,READY,458,0.98,2024-08-15,2026-07-16,sina_daily,qfq,VALID,A,26,0
2026-07-16,301075.SZ,CHINEXT,2021-09-29,False,False,0,READY,456,0.972,2024-08-15,2026-07-16,sina_daily,qfq,VALID,A,26,0
2026-07-16,301076.SZ,CHINEXT,2021-10-11,False,False,0,READY,463,1.0,2024-08-15,2026-07-16,sina_daily,qfq,VALID,A,26,0
2026-07-16,301077.SZ,CHINEXT,2021-09-30,False,False,0,READY,463,1.0,2024-08-15,2026-07-16,sina_daily,qfq,VALID,A,26,0
2026-07-16,301078.SZ,CHINEXT,2021-10-14,False,False,0,READY,463,1.0,2024-08-15,2026-07-16,sina_daily,qfq,VALID,A,26,0
2026-07-16,301079.SZ,CHINEXT,2021-10-19,False,False,0,READY,453,1.0,2024-08-15,2026-07-16,sina_daily,qfq,VALID,A,26,0
2026-07-16,301080.SZ,CHINEXT,2021-10-18,False,False,0,READY,463,1.0,2024-08-15,2026-07-16,sina_daily,qfq,VALID,A,26,0
2026-07-16,301081.SZ,CHINEXT,2021-10-20,False,False,0,READY,463,1.0,2024-08-15,2026-07-16,sina_daily,qfq,VALID,A,26,0
2026-07-16,301082.SZ,CHINEXT,2021-10-27,False,False,0,READY,463,1.0,2024-08-15,2026-07-16,sina_daily,qfq,VALID,A,26,0
2026-07-16,301083.SZ,CHINEXT,2021-10-21,False,False,0,READY,463,1.0,2024-08-15,2026-07-16,sina_daily,qfq,VALID,A,26,0
2026-07-16,301085.SZ,CHINEXT,2021-10-18,False,False,0,READY,463,1.0,2024-08-15,2026-07-16,sina_daily,qfq,VALID,A,26,0
2026-07-16,301086.SZ,CHINEXT,2021-10-20,False,False,0,READY,463,1.0,2024-08-15,2026-07-16,sina_daily,qfq,VALID,A,26,0
2026-07-16,301087.SZ,CHINEXT,2021-10-25,False,False,0,READY,463,1.0,2024-08-15,2026-07-16,sina_daily,qfq,VALID,A,26,0
2026-07-16,301088.SZ,CHINEXT,2021-10-28,False,False,0,READY,463,1.0,2024-08-15,2026-07-16,sina_daily,qfq,VALID,A,26,0
2026-07-16,301089.SZ,CHINEXT,2021-10-27,False,False,0,READY,463,1.0,2024-08-15,2026-07-16,sina_daily,qfq,VALID,A,26,0
2026-07-16,301090.SZ,CHINEXT,2021-10-26,False,False,0,READY,463,1.0,2024-08-15,2026-07-16,sina_daily,qfq,VALID,A,26,0
2026-07-16,301091.SZ,CHINEXT,2021-10-29,False,False,0,READY,463,1.0,2024-08-15,2026-07-16,sina_daily,qfq,VALID,A,26,0
2026-07-16,301092.SZ,CHINEXT,2021-11-02,False,False,0,READY,463,1.0,2024-08-15,2026-07-16,sina_daily,qfq,VALID,A,26,0
2026-07-16,301093.SZ,CHINEXT,2021-11-01,False,False,0,READY,463,1.0,2024-08-15,2026-07-16,sina_daily,qfq,VALID,A,26,0
2026-07-16,301095.SZ,CHINEXT,2022-08-05,False,False,0,READY,463,1.0,2024-08-15,2026-07-16,sina_daily,qfq,VALID,A,26,0
2026-07-16,301096.SZ,CHINEXT,2021-12-20,False,False,0,READY,458,0.98,2024-08-15,2026-07-16,sina_daily,qfq,VALID,A,26,0
2026-07-16,301097.SZ,CHINEXT,2022-04-07,False,False,0,READY,463,1.0,2024-08-15,2026-07-16,sina_daily,qfq,VALID,A,26,0
2026-07-16,301098.SZ,CHINEXT,2021-11-12,False,False,0,READY,463,1.0,2024-08-15,2026-07-16,sina_daily,qfq,VALID,A,26,0
2026-07-16,301099.SZ,CHINEXT,2021-11-22,False,False,0,READY,463,1.0,2024-08-15,2026-07-16,sina_daily,qfq,VALID,A,26,0
2026-07-16,301100.SZ,CHINEXT,2021-12-17,False,False,0,READY,463,1.0,2024-08-15,2026-07-16,sina_daily,qfq,VALID,A,26,0
2026-07-16,301101.SZ,CHINEXT,2021-12-16,False,False,0,READY,463,1.0,2024-08-15,2026-07-16,sina_daily,qfq,VALID,A,26,0
2026-07-16,301102.SZ,CHINEXT,2022-03-28,False,False,0,READY,463,1.0,2024-08-15,2026-07-16,sina_daily,qfq,VALID,A,26,0
2026-07-16,301103.SZ,CHINEXT,2022-03-22,False,False,0,READY,463,1.0,2024-08-15,2026-07-16,sina_daily,qfq,VALID,A,26,0
2026-07-16,301105.SZ,CHINEXT,2022-12-30,False,False,0,READY,463,1.0,2024-08-15,2026-07-16,sina_daily,qfq,VALID,A,26,0
2026-07-16,301106.SZ,CHINEXT,2022-01-28,False,False,0,READY,463,1.0,2024-08-15,2026-07-16,sina_daily,qfq,VALID,A,26,0
2026-07-16,301107.SZ,CHINEXT,2022-05-24,False,False,0,READY,463,1.0,2024-08-15,2026-07-16,sina_daily,qfq,VALID,A,26,0
2026-07-16,301108.SZ,CHINEXT,2021-12-03,False,False,0,READY,463,1.0,2024-08-15,2026-07-16,sina_daily,qfq,VALID,A,26,0
2026-07-16,301109.SZ,CHINEXT,2022-04-13,False,False,0,READY,463,1.0,2024-08-15,2026-07-16,sina_daily,qfq,VALID,A,26,0
2026-07-16,301110.SZ,CHINEXT,2022-03-11,False,False,0,READY,463,1.0,2024-08-15,2026-07-16,sina_daily,qfq,VALID,A,26,0
2026-07-16,301111.SZ,CHINEXT,2021-12-07,False,False,0,READY,463,1.0,2024-08-15,2026-07-16,sina_daily,qfq,VALID,A,26,0
2026-07-16,301112.SZ,CHINEXT,2022-06-29,False,False,0,READY,453,1.0,2024-08-15,2026-07-16,sina_daily,qfq,VALID,A,26,0
2026-07-16,301113.SZ,CHINEXT,2021-12-22,False,False,0,READY,463,1.0,2024-08-15,2026-07-16,sina_daily,qfq,VALID,A,26,0
2026-07-16,301115.SZ,CHINEXT,2022-08-31,False,False,0,READY,463,1.0,2024-08-15,2026-07-16,sina_daily,qfq,VALID,A,26,0
2026-07-16,301116.SZ,CHINEXT,2022-01-18,False,False,0,READY,463,1.0,2024-08-15,2026-07-16,sina_daily,qfq,VALID,A,26,0
2026-07-16,301117.SZ,CHINEXT,2022-01-17,False,False,0,READY,463,1.0,2024-08-15,2026-07-16,sina_daily,qfq,VALID,A,26,0
2026-07-16,301118.SZ,CHINEXT,2021-11-18,False,False,0,READY,463,1.0,2024-08-15,2026-07-16,sina_daily,qfq,VALID,A,26,0
2026-07-16,301119.SZ,CHINEXT,2021-11-22,False,False,0,READY,463,1.0,2024-08-15,2026-07-16,sina_daily,qfq,VALID,A,26,0
2026-07-16,301120.SZ,CHINEXT,2022-04-19,False,False,0,READY,463,1.0,2024-08-15,2026-07-16,sina_daily,qfq,VALID,A,26,0
2026-07-16,301121.SZ,CHINEXT,2022-08-08,False,False,0,READY,463,1.0,2024-08-15,2026-07-16,sina_daily,qfq,VALID,A,26,0
2026-07-16,301122.SZ,CHINEXT,2022-01-26,False,False,0,READY,463,1.0,2024-08-15,2026-07-16,sina_daily,qfq,VALID,A,26,0
2026-07-16,301123.SZ,CHINEXT,2022-01-25,False,False,0,READY,463,1.0,2024-08-15,2026-07-16,sina_daily,qfq,VALID,A,26,0
2026-07-16,301125.SZ,CHINEXT,2022-06-08,False,False,0,READY,463,1.0,2024-08-15,2026-07-16,sina_daily,qfq,VALID,A,26,0
2026-07-16,301126.SZ,CHINEXT,2021-12-07,False,False,0,READY,463,1.0,2024-08-15,2026-07-16,sina_daily,qfq,VALID,A,26,0
2026-07-16,301127.SZ,CHINEXT,2021-12-30,False,False,0,READY,463,1.0,2024-08-15,2026-07-16,sina_daily,qfq,VALID,A,26,0
2026-07-16,301128.SZ,CHINEXT,2021-11-10,False,False,0,READY,463,1.0,2024-08-15,2026-07-16,sina_daily,qfq,VALID,A,26,0
2026-07-16,301129.SZ,CHINEXT,2021-11-02,False,False,0,READY,463,1.0,2024-08-15,2026-07-16,sina_daily,qfq,VALID,A,26,0
2026-07-16,301130.SZ,CHINEXT,2022-02-23,False,False,0,READY,463,1.0,2024-08-15,2026-07-16,sina_daily,qfq,VALID,A,26,0
2026-07-16,301131.SZ,CHINEXT,2022-03-14,False,False,0,READY,463,1.0,2024-08-15,2026-07-16,sina_daily,qfq,VALID,A,26,0
2026-07-16,301132.SZ,CHINEXT,2022-08-10,False,False,0,READY,463,1.0,2024-08-15,2026-07-16,sina_daily,qfq,VALID,A,26,0
2026-07-16,301133.SZ,CHINEXT,2021-11-26,False,False,0,READY,463,1.0,2024-08-15,2026-07-16,sina_daily,qfq,VALID,A,26,0
2026-07-16,301135.SZ,CHINEXT,2022-04-12,False,False,0,READY,463,1.0,2024-08-15,2026-07-16,sina_daily,qfq,VALID,A,26,0
2026-07-16,301136.SZ,CHINEXT,2022-01-11,False,False,0,READY,463,1.0,2024-08-15,2026-07-16,sina_daily,qfq,VALID,A,26,0
2026-07-16,301137.SZ,CHINEXT,2022-03-22,False,False,0,READY,463,1.0,2024-08-15,2026-07-16,sina_daily,qfq,VALID,A,26,0
2026-07-16,301138.SZ,CHINEXT,2021-12-15,False,False,0,READY,463,1.0,2024-08-15,2026-07-16,sina_daily,qfq,VALID,A,26,0
2026-07-16,301139.SZ,CHINEXT,2022-07-08,True,False,0,READY,462,0.996,2024-08-15,2026-07-16,sina_daily,qfq,VALID,A,26,0
2026-07-16,301141.SZ,CHINEXT,2023-04-03,False,False,0,READY,463,1.0,2024-08-15,2026-07-16,sina_daily,qfq,VALID,A,26,0
2026-07-16,301148.SZ,CHINEXT,2022-04-21,False,False,0,READY,453,0.96,2024-08-15,2026-07-16,sina_daily,qfq,VALID,A,26,0
2026-07-16,301149.SZ,CHINEXT,2021-11-10,False,False,0,READY,463,1.0,2024-08-15,2026-07-16,sina_daily,qfq,VALID,A,26,0
2026-07-16,301150.SZ,CHINEXT,2022-04-21,False,False,0,READY,463,1.0,2024-08-15,2026-07-16,sina_daily,qfq,VALID,A,26,0
2026-07-16,301151.SZ,CHINEXT,2022-04-11,False,False,0,READY,463,1.0,2024-08-15,2026-07-16,sina_daily,qfq,VALID,A,26,0
2026-07-16,301152.SZ,CHINEXT,2022-08-29,False,False,0,READY,463,1.0,2024-08-15,2026-07-16,sina_daily,qfq,VALID,A,26,0
2026-07-16,301153.SZ,CHINEXT,2022-05-18,False,False,0,READY,463,1.0,2024-08-15,2026-07-16,sina_daily,qfq,VALID,A,26,0
2026-07-16,301155.SZ,CHINEXT,2021-11-24,False,False,0,READY,463,1.0,2024-08-15,2026-07-16,sina_daily,qfq,VALID,A,26,0
2026-07-16,301156.SZ,CHINEXT,2022-06-17,False,False,0,READY,463,1.0,2024-08-15,2026-07-16,sina_daily,qfq,VALID,A,26,0
2026-07-16,301157.SZ,CHINEXT,2023-03-09,False,False,0,READY,463,1.0,2024-08-15,2026-07-16,sina_daily,qfq,VALID,A,26,0
2026-07-16,301158.SZ,CHINEXT,2022-01-17,False,False,0,READY,463,1.0,2024-08-15,2026-07-16,sina_daily,qfq,VALID,A,26,0
2026-07-16,301159.SZ,CHINEXT,2022-01-07,False,False,0,READY,463,1.0,2024-08-15,2026-07-16,sina_daily,qfq,VALID,A,26,0
2026-07-16,301160.SZ,CHINEXT,2022-06-06,False,False,0,READY,463,1.0,2024-08-15,2026-07-16,sina_daily,qfq,VALID,A,26,0
2026-07-16,301161.SZ,CHINEXT,2022-09-14,False,False,0,READY,463,1.0,2024-08-15,2026-07-16,sina_daily,qfq,VALID,A,26,0
2026-07-16,301162.SZ,CHINEXT,2022-04-29,False,False,0,READY,463,1.0,2024-08-15,2026-07-16,sina_daily,qfq,VALID,A,26,0
2026-07-16,301163.SZ,CHINEXT,2022-04-19,False,False,0,READY,463,1.0,2024-08-15,2026-07-16,sina_daily,qfq,VALID,A,26,0
2026-07-16,301165.SZ,CHINEXT,2022-11-21,False,False,0,READY,463,1.0,2024-08-15,2026-07-16,sina_daily,qfq,VALID,A,26,0
2026-07-16,301166.SZ,CHINEXT,2021-12-28,False,False,0,READY,463,1.0,2024-08-15,2026-07-16,sina_daily,qfq,VALID,A,26,0
2026-07-16,301167.SZ,CHINEXT,2021-12-06,False,False,0,READY,463,1.0,2024-08-15,2026-07-16,sina_daily,qfq,VALID,A,26,0
2026-07-16,301168.SZ,CHINEXT,2021-12-10,False,False,0,READY,463,1.0,2024-08-15,2026-07-16,sina_daily,qfq,VALID,A,26,0
2026-07-16,301169.SZ,CHINEXT,2021-11-03,False,False,0,READY,463,1.0,2024-08-15,2026-07-16,sina_daily,qfq,VALID,A,26,0
2026-07-16,301170.SZ,CHINEXT,2023-06-27,False,False,0,READY,463,1.0,2024-08-15,2026-07-16,sina_daily,qfq,VALID,A,26,0
2026-07-16,301171.SZ,CHINEXT,2022-08-19,False,False,0,READY,460,0.988,2024-08-15,2026-07-16,sina_daily,qfq,VALID,A,26,0
2026-07-16,301172.SZ,CHINEXT,2023-07-26,False,False,0,READY,463,1.0,2024-08-15,2026-07-16,sina_daily,qfq,VALID,A,26,0
2026-07-16,301173.SZ,CHINEXT,2025-03-03,False,False,0,READY,335,1.0,2025-03-03,2026-07-16,sina_daily,qfq,VALID,A,26,0
2026-07-16,301175.SZ,CHINEXT,2022-07-08,False,False,0,READY,463,1.0,2024-08-15,2026-07-16,sina_daily,qfq,VALID,A,26,0
2026-07-16,301176.SZ,CHINEXT,2022-09-28,False,False,0,READY,463,1.0,2024-08-15,2026-07-16,sina_daily,qfq,VALID,A,26,0
2026-07-16,301177.SZ,CHINEXT,2021-12-15,False,False,0,READY,463,1.0,2024-08-15,2026-07-16,sina_daily,qfq,VALID,A,26,0
2026-07-16,301178.SZ,CHINEXT,2021-11-12,False,False,0,READY,453,1.0,2024-08-15,2026-07-16,sina_daily,qfq,VALID,A,26,0
2026-07-16,301179.SZ,CHINEXT,2021-12-08,False,False,0,READY,463,1.0,2024-08-15,2026-07-16,sina_daily,qfq,VALID,A,26,0
2026-07-16,301180.SZ,CHINEXT,2021-11-16,False,False,0,READY,463,1.0,2024-08-15,2026-07-16,sina_daily,qfq,VALID,A,26,0
2026-07-16,301181.SZ,CHINEXT,2022-02-21,False,False,0,READY,458,0.98,2024-08-15,2026-07-16,sina_daily,qfq,VALID,A,26,0
2026-07-16,301182.SZ,CHINEXT,2021-12-23,False,False,0,READY,463,1.0,2024-08-15,2026-07-16,sina_daily,qfq,VALID,A,26,0
2026-07-16,301183.SZ,CHINEXT,2022-05-24,False,False,0,READY,463,1.0,2024-08-15,2026-07-16,sina_daily,qfq,VALID,A,26,0
2026-07-16,301185.SZ,CHINEXT,2021-11-19,False,False,0,READY,463,1.0,2024-08-15,2026-07-16,sina_daily,qfq,VALID,A,26,0
2026-07-16,301186.SZ,CHINEXT,2021-12-23,False,False,0,READY,461,1.0,2024-08-15,2026-07-16,sina_daily,qfq,VALID,A,26,0
2026-07-16,301187.SZ,CHINEXT,2022-04-22,False,False,0,READY,463,1.0,2024-08-15,2026-07-16,sina_daily,qfq,VALID,A,26,0
2026-07-16,301188.SZ,CHINEXT,2021-11-11,False,False,0,READY,463,1.0,2024-08-15,2026-07-16,sina_daily,qfq,VALID,A,26,0
2026-07-16,301189.SZ,CHINEXT,2021-12-28,False,False,0,READY,463,1.0,2024-08-15,2026-07-16,sina_daily,qfq,VALID,A,26,0
2026-07-16,301190.SZ,CHINEXT,2021-12-24,False,False,0,READY,463,1.0,2024-08-15,2026-07-16,sina_daily,qfq,VALID,A,26,0
2026-07-16,301191.SZ,CHINEXT,2022-05-26,False,False,0,READY,463,1.0,2024-08-15,2026-07-16,sina_daily,qfq,VALID,A,26,0
2026-07-16,301192.SZ,CHINEXT,2022-08-11,False,False,0,READY,463,1.0,2024-08-15,2026-07-16,sina_daily,qfq,VALID,A,26,0
2026-07-16,301193.SZ,CHINEXT,2021-12-09,False,False,0,READY,463,1.0,2024-08-15,2026-07-16,sina_daily,qfq,VALID,A,26,0
2026-07-16,301195.SZ,CHINEXT,2022-08-01,False,False,0,READY,463,1.0,2024-08-15,2026-07-16,sina_daily,qfq,VALID,A,26,0
2026-07-16,301196.SZ,CHINEXT,2022-01-11,False,False,0,READY,463,1.0,2024-08-15,2026-07-16,sina_daily,qfq,VALID,A,26,0
2026-07-16,301197.SZ,CHINEXT,2022-08-08,False,False,0,READY,463,1.0,2024-08-15,2026-07-16,sina_daily,qfq,VALID,A,26,0
2026-07-16,301198.SZ,CHINEXT,2021-12-02,False,False,0,READY,463,1.0,2024-08-15,2026-07-16,sina_daily,qfq,VALID,A,26,0
2026-07-16,301199.SZ,CHINEXT,2021-12-07,False,False,0,READY,463,1.0,2024-08-15,2026-07-16,sina_daily,qfq,VALID,A,26,0
2026-07-16,301200.SZ,CHINEXT,2022-02-28,False,False,0,READY,463,1.0,2024-08-15,2026-07-16,sina_daily,qfq,VALID,A,26,0
2026-07-16,301201.SZ,CHINEXT,2022-01-20,False,False,0,READY,463,1.0,2024-08-15,2026-07-16,sina_daily,qfq,VALID,A,26,0
2026-07-16,301202.SZ,CHINEXT,2023-07-05,False,False,0,READY,463,1.0,2024-08-15,2026-07-16,sina_daily,qfq,VALID,A,26,0
2026-07-16,301203.SZ,CHINEXT,2023-04-04,False,False,0,READY,463,1.0,2024-08-15,2026-07-16,sina_daily,qfq,VALID,A,26,0
2026-07-16,301205.SZ,CHINEXT,2022-09-13,False,False,0,READY,463,1.0,2024-08-15,2026-07-16,sina_daily,qfq,VALID,A,26,0
2026-07-16,301206.SZ,CHINEXT,2022-02-10,False,False,0,READY,463,1.0,2024-08-15,2026-07-16,sina_daily,qfq,VALID,A,26,0
2026-07-16,301207.SZ,CHINEXT,2022-02-18,False,False,0,READY,463,1.0,2024-08-15,2026-07-16,sina_daily,qfq,VALID,A,26,0
2026-07-16,301208.SZ,CHINEXT,2022-07-07,False,False,0,READY,463,1.0,2024-08-15,2026-07-16,sina_daily,qfq,VALID,A,26,0
2026-07-16,301209.SZ,CHINEXT,2022-08-25,False,False,0,READY,463,1.0,2024-08-15,2026-07-16,sina_daily,qfq,VALID,A,26,0
2026-07-16,301210.SZ,CHINEXT,2023-06-30,False,False,0,READY,463,1.0,2024-08-15,2026-07-16,sina_daily,qfq,VALID,A,26,0
2026-07-16,301211.SZ,CHINEXT,2021-12-22,False,False,0,READY,463,1.0,2024-08-15,2026-07-16,sina_daily,qfq,VALID,A,26,0
2026-07-16,301212.SZ,CHINEXT,2022-04-19,False,False,0,READY,463,1.0,2024-08-15,2026-07-16,sina_daily,qfq,VALID,A,26,0
2026-07-16,301213.SZ,CHINEXT,2021-12-06,False,False,0,READY,453,0.96,2024-08-15,2026-07-16,sina_daily,qfq,VALID,A,26,0
2026-07-16,301215.SZ,CHINEXT,2022-03-08,False,False,0,READY,463,1.0,2024-08-15,2026-07-16,sina_daily,qfq,VALID,A,26,0
2026-07-16,301216.SZ,CHINEXT,2022-03-29,False,False,0,READY,463,1.0,2024-08-15,2026-07-16,sina_daily,qfq,VALID,A,26,0
2026-07-16,301217.SZ,CHINEXT,2022-01-27,False,False,0,READY,463,1.0,2024-08-15,2026-07-16,sina_daily,qfq,VALID,A,26,0
2026-07-16,301218.SZ,CHINEXT,2022-03-07,False,False,0,READY,458,0.98,2024-08-15,2026-07-16,sina_daily,qfq,VALID,A,26,0
2026-07-16,301219.SZ,CHINEXT,2022-03-17,False,False,0,READY,463,1.0,2024-08-15,2026-07-16,sina_daily,qfq,VALID,A,26,0
2026-07-16,301220.SZ,CHINEXT,2022-06-22,False,False,0,READY,463,1.0,2024-08-15,2026-07-16,sina_daily,qfq,VALID,A,26,0
2026-07-16,301221.SZ,CHINEXT,2021-12-22,False,False,0,READY,463,1.0,2024-08-15,2026-07-16,sina_daily,qfq,VALID,A,26,0
2026-07-16,301222.SZ,CHINEXT,2022-03-09,False,False,0,READY,463,1.0,2024-08-15,2026-07-16,sina_daily,qfq,VALID,A,26,0
2026-07-16,301223.SZ,CHINEXT,2022-10-26,False,False,0,READY,463,1.0,2024-08-15,2026-07-16,sina_daily,qfq,VALID,A,26,0
2026-07-16,301225.SZ,CHINEXT,2023-06-16,False,False,0,READY,463,1.0,2024-08-15,2026-07-16,sina_daily,qfq,VALID,A,26,0
2026-07-16,301226.SZ,CHINEXT,2022-03-25,False,False,0,READY,463,1.0,2024-08-15,2026-07-16,sina_daily,qfq,VALID,A,26,0
2026-07-16,301227.SZ,CHINEXT,2022-09-26,False,False,0,READY,463,1.0,2024-08-15,2026-07-16,sina_daily,qfq,VALID,A,26,0
2026-07-16,301228.SZ,CHINEXT,2022-01-28,False,False,0,READY,463,1.0,2024-08-15,2026-07-16,sina_daily,qfq,VALID,A,26,0
2026-07-16,301229.SZ,CHINEXT,2022-02-22,False,False,0,READY,463,1.0,2024-08-15,2026-07-16,sina_daily,qfq,VALID,A,26,0
2026-07-16,301230.SZ,CHINEXT,2022-11-01,False,False,0,READY,463,1.0,2024-08-15,2026-07-16,sina_daily,qfq,VALID,A,26,0
2026-07-16,301231.SZ,CHINEXT,2022-09-08,False,False,0,READY,463,1.0,2024-08-15,2026-07-16,sina_daily,qfq,VALID,A,26,0
2026-07-16,301232.SZ,CHINEXT,2023-06-15,False,False,0,READY,463,1.0,2024-08-15,2026-07-16,sina_daily,qfq,VALID,A,26,0
2026-07-16,301233.SZ,CHINEXT,2022-07-06,False,False,0,READY,463,1.0,2024-08-15,2026-07-16,sina_daily,qfq,VALID,A,26,0
2026-07-16,301234.SZ,CHINEXT,2022-07-05,False,True,1,READY,456,0.972,2024-08-15,2026-07-07,sina_daily,qfq,PARTIAL,B,26,0
2026-07-16,301235.SZ,CHINEXT,2022-01-28,False,False,0,READY,463,1.0,2024-08-15,2026-07-16,sina_daily,qfq,VALID,A,26,0
2026-07-16,301236.SZ,CHINEXT,2022-03-15,False,False,0,READY,463,1.0,2024-08-15,2026-07-16,sina_daily,qfq,VALID,A,26,0
2026-07-16,301237.SZ,CHINEXT,2022-03-23,False,False,0,READY,463,1.0,2024-08-15,2026-07-16,sina_daily,qfq,VALID,A,26,0
2026-07-16,301238.SZ,CHINEXT,2022-06-17,False,False,0,READY,463,1.0,2024-08-15,2026-07-16,sina_daily,qfq,VALID,A,26,0
2026-07-16,301239.SZ,CHINEXT,2022-07-05,False,False,0,READY,463,1.0,2024-08-15,2026-07-16,sina_daily,qfq,VALID,A,26,0
2026-07-16,301246.SZ,CHINEXT,2023-03-20,False,False,0,READY,463,1.0,2024-08-15,2026-07-16,sina_daily,qfq,VALID,A,26,0
2026-07-16,301248.SZ,CHINEXT,2022-04-20,False,False,0,READY,463,1.0,2024-08-15,2026-07-16,sina_daily,qfq,VALID,A,26,0
2026-07-16,301251.SZ,CHINEXT,2023-09-06,False,False,0,READY,463,1.0,2024-08-15,2026-07-16,sina_daily,qfq,VALID,A,26,0
2026-07-16,301252.SZ,CHINEXT,2023-05-25,False,False,0,READY,463,1.0,2024-08-15,2026-07-16,sina_daily,qfq,VALID,A,26,0
2026-07-16,301255.SZ,CHINEXT,2022-12-27,False,False,0,READY,463,1.0,2024-08-15,2026-07-16,sina_daily,qfq,VALID,A,26,0
2026-07-16,301256.SZ,CHINEXT,2022-03-22,False,False,0,READY,463,1.0,2024-08-15,2026-07-16,sina_daily,qfq,VALID,A,26,0
2026-07-16,301257.SZ,CHINEXT,2022-05-17,False,False,0,READY,463,1.0,2024-08-15,2026-07-16,sina_daily,qfq,VALID,A,26,0
2026-07-16,301258.SZ,CHINEXT,2022-03-29,False,False,0,READY,463,1.0,2024-08-15,2026-07-16,sina_daily,qfq,VALID,A,26,0
2026-07-16,301259.SZ,CHINEXT,2022-04-26,False,False,0,READY,463,1.0,2024-08-15,2026-07-16,sina_daily,qfq,VALID,A,26,0
2026-07-16,301260.SZ,CHINEXT,2023-02-08,False,False,0,READY,463,1.0,2024-08-15,2026-07-16,sina_daily,qfq,VALID,A,26,0
2026-07-16,301261.SZ,CHINEXT,2023-07-10,False,False,0,READY,463,1.0,2024-08-15,2026-07-16,sina_daily,qfq,VALID,A,26,0
2026-07-16,301262.SZ,CHINEXT,2023-06-20,False,False,0,READY,463,1.0,2024-08-15,2026-07-16,sina_daily,qfq,VALID,A,26,0
2026-07-16,301263.SZ,CHINEXT,2022-03-29,False,False,0,READY,463,1.0,2024-08-15,2026-07-16,sina_daily,qfq,VALID,A,26,0
2026-07-16,301265.SZ,CHINEXT,2022-12-16,False,False,0,READY,463,1.0,2024-08-15,2026-07-16,sina_daily,qfq,VALID,A,26,0
2026-07-16,301266.SZ,CHINEXT,2022-06-08,False,False,0,READY,463,1.0,2024-08-15,2026-07-16,sina_daily,qfq,VALID,A,26,0
2026-07-16,301267.SZ,CHINEXT,2022-11-07,False,False,0,READY,463,1.0,2024-08-15,2026-07-16,sina_daily,qfq,VALID,A,26,0
2026-07-16,301268.SZ,CHINEXT,2022-04-07,False,False,0,READY,463,1.0,2024-08-15,2026-07-16,sina_daily,qfq,VALID,A,26,0
2026-07-16,301269.SZ,CHINEXT,2022-07-29,False,False,0,READY,453,1.0,2024-08-15,2026-07-16,sina_daily,qfq,VALID,A,26,0
2026-07-16,301270.SZ,CHINEXT,2022-08-31,False,False,0,READY,463,1.0,2024-08-15,2026-07-16,sina_daily,qfq,VALID,A,26,0
2026-07-16,301272.SZ,CHINEXT,2023-07-13,False,False,0,READY,463,1.0,2024-08-15,2026-07-16,sina_daily,qfq,VALID,A,26,0
2026-07-16,301273.SZ,CHINEXT,2022-10-25,False,False,0,READY,463,1.0,2024-08-15,2026-07-16,sina_daily,qfq,VALID,A,26,0
2026-07-16,301275.SZ,CHINEXT,2025-03-11,False,False,0,READY,329,1.0,2025-03-11,2026-07-16,sina_daily,qfq,VALID,A,26,0
2026-07-16,301276.SZ,CHINEXT,2022-09-09,False,False,0,READY,463,1.0,2024-08-15,2026-07-16,sina_daily,qfq,VALID,A,26,0
2026-07-16,301277.SZ,CHINEXT,2022-11-16,False,False,0,READY,463,1.0,2024-08-15,2026-07-16,sina_daily,qfq,VALID,A,26,0
2026-07-16,301278.SZ,CHINEXT,2022-08-04,False,False,0,READY,463,1.0,2024-08-15,2026-07-16,sina_daily,qfq,VALID,A,26,0
2026-07-16,301279.SZ,CHINEXT,2022-04-13,False,False,0,READY,463,1.0,2024-08-15,2026-07-16,sina_daily,qfq,VALID,A,26,0
2026-07-16,301280.SZ,CHINEXT,2022-12-26,False,False,0,READY,463,1.0,2024-08-15,2026-07-16,sina_daily,qfq,VALID,A,26,0
2026-07-16,301281.SZ,CHINEXT,2023-04-04,False,False,0,READY,453,1.0,2024-08-15,2026-07-16,sina_daily,qfq,VALID,A,26,0
2026-07-16,301282.SZ,CHINEXT,2022-08-26,False,False,0,READY,463,1.0,2024-08-15,2026-07-16,sina_daily,qfq,VALID,A,26,0
2026-07-16,301283.SZ,CHINEXT,2022-09-02,False,False,0,READY,463,1.0,2024-08-15,2026-07-16,sina_daily,qfq,VALID,A,26,0
2026-07-16,301285.SZ,CHINEXT,2022-09-28,False,False,0,READY,463,1.0,2024-08-15,2026-07-16,sina_daily,qfq,VALID,A,26,0
2026-07-16,301286.SZ,CHINEXT,2022-06-14,False,False,0,READY,463,1.0,2024-08-15,2026-07-16,sina_daily,qfq,VALID,A,26,0
2026-07-16,301287.SZ,CHINEXT,2023-06-14,False,False,0,READY,463,1.0,2024-08-15,2026-07-16,sina_daily,qfq,VALID,A,26,0
2026-07-16,301288.SZ,CHINEXT,2022-04-22,False,False,0,READY,461,0.996,2024-08-15,2026-07-16,sina_daily,qfq,VALID,A,26,0
2026-07-16,301289.SZ,CHINEXT,2022-06-22,False,False,0,READY,463,1.0,2024-08-15,2026-07-16,sina_daily,qfq,VALID,A,26,0
2026-07-16,301290.SZ,CHINEXT,2022-11-30,False,False,0,READY,463,1.0,2024-08-15,2026-07-16,sina_daily,qfq,VALID,A,26,0
2026-07-16,301291.SZ,CHINEXT,2023-06-30,False,False,0,READY,463,1.0,2024-08-15,2026-07-16,sina_daily,qfq,VALID,A,26,0
2026-07-16,301292.SZ,CHINEXT,2023-07-07,False,False,0,READY,463,1.0,2024-08-15,2026-07-16,sina_daily,qfq,VALID,A,26,0
2026-07-16,301293.SZ,CHINEXT,2023-05-05,False,False,0,READY,463,1.0,2024-08-15,2026-07-16,sina_daily,qfq,VALID,A,26,0
2026-07-16,301295.SZ,CHINEXT,2023-06-28,False,False,0,READY,463,1.0,2024-08-15,2026-07-16,sina_daily,qfq,VALID,A,26,0
2026-07-16,301296.SZ,CHINEXT,2022-09-02,False,False,0,READY,463,1.0,2024-08-15,2026-07-16,sina_daily,qfq,VALID,A,26,0
2026-07-16,301297.SZ,CHINEXT,2022-12-30,False,False,0,READY,453,1.0,2024-08-15,2026-07-16,sina_daily,qfq,VALID,A,26,0
2026-07-16,301298.SZ,CHINEXT,2022-06-06,False,False,0,READY,463,1.0,2024-08-15,2026-07-16,sina_daily,qfq,VALID,A,26,0
2026-07-16,301299.SZ,CHINEXT,2022-10-19,False,False,0,READY,463,1.0,2024-08-15,2026-07-16,sina_daily,qfq,VALID,A,26,0
2026-07-16,301300.SZ,CHINEXT,2022-08-19,False,False,0,READY,463,1.0,2024-08-15,2026-07-16,sina_daily,qfq,VALID,A,26,0
2026-07-16,301301.SZ,CHINEXT,2022-12-27,False,False,0,READY,463,1.0,2024-08-15,2026-07-16,sina_daily,qfq,VALID,A,26,0
2026-07-16,301302.SZ,CHINEXT,2022-06-23,False,False,0,READY,463,1.0,2024-08-15,2026-07-16,sina_daily,qfq,VALID,A,26,0
2026-07-16,301303.SZ,CHINEXT,2023-02-20,False,False,0,READY,463,1.0,2024-08-15,2026-07-16,sina_daily,qfq,VALID,A,26,0
2026-07-16,301305.SZ,CHINEXT,2023-05-23,False,False,0,READY,463,1.0,2024-08-15,2026-07-16,sina_daily,qfq,VALID,A,26,0
2026-07-16,301306.SZ,CHINEXT,2022-07-26,False,False,0,READY,463,1.0,2024-08-15,2026-07-16,sina_daily,qfq,VALID,A,26,0
2026-07-16,301307.SZ,CHINEXT,2023-04-24,False,False,0,READY,463,1.0,2024-08-15,2026-07-16,sina_daily,qfq,VALID,A,26,0
2026-07-16,301308.SZ,CHINEXT,2022-08-05,False,False,0,READY,463,1.0,2024-08-15,2026-07-16,sina_daily,qfq,VALID,A,26,0
2026-07-16,301309.SZ,CHINEXT,2022-09-19,False,False,0,READY,453,0.96,2024-08-15,2026-07-16,sina_daily,qfq,VALID,A,26,0
2026-07-16,301310.SZ,CHINEXT,2023-06-02,False,False,0,READY,463,1.0,2024-08-15,2026-07-16,sina_daily,qfq,VALID,A,26,0
2026-07-16,301311.SZ,CHINEXT,2022-11-30,False,False,0,READY,463,1.0,2024-08-15,2026-07-16,sina_daily,qfq,VALID,A,26,0
2026-07-16,301312.SZ,CHINEXT,2022-07-11,False,False,0,READY,463,1.0,2024-08-15,2026-07-16,sina_daily,qfq,VALID,A,26,0
2026-07-16,301313.SZ,CHINEXT,2022-09-30,False,False,0,READY,463,1.0,2024-08-15,2026-07-16,sina_daily,qfq,VALID,A,26,0
2026-07-16,301314.SZ,CHINEXT,2023-03-28,False,False,0,READY,463,1.0,2024-08-15,2026-07-16,sina_daily,qfq,VALID,A,26,0
2026-07-16,301315.SZ,CHINEXT,2023-06-21,False,False,0,READY,463,1.0,2024-08-15,2026-07-16,sina_daily,qfq,VALID,A,26,0
2026-07-16,301316.SZ,CHINEXT,2022-10-13,False,False,0,READY,453,1.0,2024-08-15,2026-07-16,sina_daily,qfq,VALID,A,26,0
2026-07-16,301317.SZ,CHINEXT,2023-01-19,False,False,0,READY,463,1.0,2024-08-15,2026-07-16,sina_daily,qfq,VALID,A,26,0
2026-07-16,301318.SZ,CHINEXT,2022-08-10,False,False,0,READY,463,1.0,2024-08-15,2026-07-16,sina_daily,qfq,VALID,A,26,0
2026-07-16,301319.SZ,CHINEXT,2022-09-29,False,False,0,READY,463,1.0,2024-08-15,2026-07-16,sina_daily,qfq,VALID,A,26,0
2026-07-16,301320.SZ,CHINEXT,2023-06-09,False,False,0,READY,463,1.0,2024-08-15,2026-07-16,sina_daily,qfq,VALID,A,26,0
2026-07-16,301321.SZ,CHINEXT,2022-08-18,False,False,0,READY,463,1.0,2024-08-15,2026-07-16,sina_daily,qfq,VALID,A,26,0
2026-07-16,301322.SZ,CHINEXT,2023-03-06,False,False,0,READY,463,1.0,2024-08-15,2026-07-16,sina_daily,qfq,VALID,A,26,0
2026-07-16,301323.SZ,CHINEXT,2023-06-06,False,False,0,READY,453,1.0,2024-08-15,2026-07-16,sina_daily,qfq,VALID,A,26,0
2026-07-16,301325.SZ,CHINEXT,2023-05-12,False,False,0,READY,463,1.0,2024-08-15,2026-07-16,sina_daily,qfq,VALID,A,26,0
2026-07-16,301326.SZ,CHINEXT,2022-09-21,False,False,0,READY,463,1.0,2024-08-15,2026-07-16,sina_daily,qfq,VALID,A,26,0
2026-07-16,301327.SZ,CHINEXT,2022-09-19,False,False,0,READY,463,1.0,2024-08-15,2026-07-16,sina_daily,qfq,VALID,A,26,0
2026-07-16,301328.SZ,CHINEXT,2022-09-08,False,False,0,READY,463,1.0,2024-08-15,2026-07-16,sina_daily,qfq,VALID,A,26,0
2026-07-16,301329.SZ,CHINEXT,2023-07-17,False,False,0,READY,463,1.0,2024-08-15,2026-07-16,sina_daily,qfq,VALID,A,26,0
2026-07-16,301330.SZ,CHINEXT,2022-08-17,False,False,0,READY,463,1.0,2024-08-15,2026-07-16,sina_daily,qfq,VALID,A,26,0
2026-07-16,301331.SZ,CHINEXT,2022-09-21,False,False,0,READY,463,1.0,2024-08-15,2026-07-16,sina_daily,qfq,VALID,A,26,0
2026-07-16,301332.SZ,CHINEXT,2023-05-18,False,False,0,READY,463,1.0,2024-08-15,2026-07-16,sina_daily,qfq,VALID,A,26,0
2026-07-16,301333.SZ,CHINEXT,2022-08-02,False,False,0,READY,463,1.0,2024-08-15,2026-07-16,sina_daily,qfq,VALID,A,26,0
2026-07-16,301335.SZ,CHINEXT,2022-11-18,False,False,0,READY,453,1.0,2024-08-15,2026-07-16,sina_daily,qfq,VALID,A,26,0
2026-07-16,301336.SZ,CHINEXT,2022-08-12,False,False,0,READY,463,1.0,2024-08-15,2026-07-16,sina_daily,qfq,VALID,A,26,0
2026-07-16,301337.SZ,CHINEXT,2023-05-26,False,False,0,READY,463,1.0,2024-08-15,2026-07-16,sina_daily,qfq,VALID,A,26,0
2026-07-16,301338.SZ,CHINEXT,2022-08-16,False,False,0,READY,463,1.0,2024-08-15,2026-07-16,sina_daily,qfq,VALID,A,26,0
2026-07-16,301339.SZ,CHINEXT,2022-09-09,False,False,0,READY,463,1.0,2024-08-15,2026-07-16,sina_daily,qfq,VALID,A,26,0
2026-07-16,301345.SZ,CHINEXT,2023-03-21,False,False,0,READY,463,1.0,2024-08-15,2026-07-16,sina_daily,qfq,VALID,A,26,0
2026-07-16,301348.SZ,CHINEXT,2023-08-10,False,False,0,READY,463,1.0,2024-08-15,2026-07-16,sina_daily,qfq,VALID,A,26,0
2026-07-16,301349.SZ,CHINEXT,2022-09-09,False,False,0,READY,463,1.0,2024-08-15,2026-07-16,sina_daily,qfq,VALID,A,26,0
2026-07-16,301353.SZ,CHINEXT,2023-05-30,False,False,0,READY,463,1.0,2024-08-15,2026-07-16,sina_daily,qfq,VALID,A,26,0
2026-07-16,301355.SZ,CHINEXT,2023-06-12,False,False,0,READY,463,1.0,2024-08-15,2026-07-16,sina_daily,qfq,VALID,A,26,0
2026-07-16,301356.SZ,CHINEXT,2022-11-14,False,False,0,READY,463,1.0,2024-08-15,2026-07-16,sina_daily,qfq,VALID,A,26,0
2026-07-16,301357.SZ,CHINEXT,2023-04-18,False,False,0,READY,453,1.0,2024-08-15,2026-07-16,sina_daily,qfq,VALID,A,26,0
2026-07-16,301358.SZ,CHINEXT,2023-02-09,False,False,0,READY,463,1.0,2024-08-15,2026-07-16,sina_daily,qfq,VALID,A,26,0
2026-07-16,301359.SZ,CHINEXT,2022-11-09,False,False,0,READY,463,1.0,2024-08-15,2026-07-16,sina_daily,qfq,VALID,A,26,0
2026-07-16,301360.SZ,CHINEXT,2023-04-25,False,False,0,READY,463,1.0,2024-08-15,2026-07-16,sina_daily,qfq,VALID,A,26,0
2026-07-16,301361.SZ,CHINEXT,2022-11-16,False,False,0,READY,463,1.0,2024-08-15,2026-07-16,sina_daily,qfq,VALID,A,26,0
2026-07-16,301362.SZ,CHINEXT,2023-08-04,False,False,0,READY,453,0.96,2024-08-15,2026-07-16,sina_daily,qfq,VALID,A,26,0
2026-07-16,301363.SZ,CHINEXT,2022-10-12,False,False,0,READY,463,1.0,2024-08-15,2026-07-16,sina_daily,qfq,VALID,A,26,0
2026-07-16,301365.SZ,CHINEXT,2022-11-22,False,False,0,READY,463,1.0,2024-08-15,2026-07-16,sina_daily,qfq,VALID,A,26,0
2026-07-16,301366.SZ,CHINEXT,2022-09-26,False,False,0,READY,463,1.0,2024-08-15,2026-07-16,sina_daily,qfq,VALID,A,26,0
2026-07-16,301367.SZ,CHINEXT,2022-11-01,False,False,0,READY,463,1.0,2024-08-15,2026-07-16,sina_daily,qfq,VALID,A,26,0
2026-07-16,301368.SZ,CHINEXT,2022-12-15,False,False,0,READY,463,1.0,2024-08-15,2026-07-16,sina_daily,qfq,VALID,A,26,0
2026-07-16,301369.SZ,CHINEXT,2022-09-22,False,False,0,READY,463,1.0,2024-08-15,2026-07-16,sina_daily,qfq,VALID,A,26,0
2026-07-16,301370.SZ,CHINEXT,2023-07-12,False,False,0,READY,463,1.0,2024-08-15,2026-07-16,sina_daily,qfq,VALID,A,26,0
2026-07-16,301371.SZ,CHINEXT,2023-08-01,False,False,0,READY,463,1.0,2024-08-15,2026-07-16,sina_daily,qfq,VALID,A,26,0
2026-07-16,301372.SZ,CHINEXT,2023-08-11,False,False,0,READY,463,1.0,2024-08-15,2026-07-16,sina_daily,qfq,VALID,A,26,0
2026-07-16,301373.SZ,CHINEXT,2023-02-08,False,False,0,READY,463,1.0,2024-08-15,2026-07-16,sina_daily,qfq,VALID,A,26,0
2026-07-16,301376.SZ,CHINEXT,2023-06-21,False,False,0,READY,463,1.0,2024-08-15,2026-07-16,sina_daily,qfq,VALID,A,26,0
2026-07-16,301377.SZ,CHINEXT,2022-11-22,False,False,0,READY,463,1.0,2024-08-15,2026-07-16,sina_daily,qfq,VALID,A,26,0
2026-07-16,301378.SZ,CHINEXT,2023-03-20,False,False,0,READY,463,1.0,2024-08-15,2026-07-16,sina_daily,qfq,VALID,A,26,0
2026-07-16,301379.SZ,CHINEXT,2022-11-01,False,False,0,READY,463,1.0,2024-08-15,2026-07-16,sina_daily,qfq,VALID,A,26,0
2026-07-16,301380.SZ,CHINEXT,2022-10-25,False,False,0,READY,463,1.0,2024-08-15,2026-07-16,sina_daily,qfq,VALID,A,26,0
2026-07-16,301381.SZ,CHINEXT,2023-07-12,False,False,0,READY,463,1.0,2024-08-15,2026-07-16,sina_daily,qfq,VALID,A,26,0
2026-07-16,301382.SZ,CHINEXT,2023-05-17,False,False,0,READY,463,1.0,2024-08-15,2026-07-16,sina_daily,qfq,VALID,A,26,0
2026-07-16,301383.SZ,CHINEXT,2023-06-09,False,False,0,READY,463,1.0,2024-08-15,2026-07-16,sina_daily,qfq,VALID,A,26,0
2026-07-16,301386.SZ,CHINEXT,2023-03-29,False,False,0,READY,463,1.0,2024-08-15,2026-07-16,sina_daily,qfq,VALID,A,26,0
2026-07-16,301387.SZ,CHINEXT,2023-04-18,False,False,0,READY,463,1.0,2024-08-15,2026-07-16,sina_daily,qfq,VALID,A,26,0
2026-07-16,301388.SZ,CHINEXT,2022-11-09,False,False,0,READY,463,1.0,2024-08-15,2026-07-16,sina_daily,qfq,VALID,A,26,0
2026-07-16,301389.SZ,CHINEXT,2022-10-31,False,False,0,READY,463,1.0,2024-08-15,2026-07-16,sina_daily,qfq,VALID,A,26,0
2026-07-16,301390.SZ,CHINEXT,2023-05-08,False,False,0,READY,463,1.0,2024-08-15,2026-07-16,sina_daily,qfq,VALID,A,26,0
2026-07-16,301391.SZ,CHINEXT,2022-12-01,False,False,0,READY,463,1.0,2024-08-15,2026-07-16,sina_daily,qfq,VALID,A,26,0
2026-07-16,301392.SZ,CHINEXT,2024-06-05,False,False,0,READY,463,1.0,2024-08-15,2026-07-16,sina_daily,qfq,VALID,A,26,0
2026-07-16,301393.SZ,CHINEXT,2023-07-12,False,False,0,READY,463,1.0,2024-08-15,2026-07-16,sina_daily,qfq,VALID,A,26,0
2026-07-16,301395.SZ,CHINEXT,2023-07-03,False,False,0,READY,463,1.0,2024-08-15,2026-07-16,sina_daily,qfq,VALID,A,26,0
2026-07-16,301396.SZ,CHINEXT,2022-11-11,False,False,0,READY,463,1.0,2024-08-15,2026-07-16,sina_daily,qfq,VALID,A,26,0
2026-07-16,301397.SZ,CHINEXT,2023-06-28,False,False,0,READY,463,1.0,2024-08-15,2026-07-16,sina_daily,qfq,VALID,A,26,0
2026-07-16,301398.SZ,CHINEXT,2022-12-15,False,False,0,READY,463,1.0,2024-08-15,2026-07-16,sina_daily,qfq,VALID,A,26,0
2026-07-16,301399.SZ,CHINEXT,2023-05-23,False,False,0,READY,463,1.0,2024-08-15,2026-07-16,sina_daily,qfq,VALID,A,26,0
2026-07-16,301408.SZ,CHINEXT,2023-03-01,False,False,0,READY,463,1.0,2024-08-15,2026-07-16,sina_daily,qfq,VALID,A,26,0
2026-07-16,301413.SZ,CHINEXT,2023-12-18,False,False,0,READY,463,1.0,2024-08-15,2026-07-16,sina_daily,qfq,VALID,A,26,0
2026-07-16,301418.SZ,CHINEXT,2023-08-21,False,False,0,READY,463,1.0,2024-08-15,2026-07-16,sina_daily,qfq,VALID,A,26,0
2026-07-16,301419.SZ,CHINEXT,2023-02-09,False,False,0,READY,463,1.0,2024-08-15,2026-07-16,sina_daily,qfq,VALID,A,26,0
2026-07-16,301421.SZ,CHINEXT,2023-08-23,False,False,0,READY,463,1.0,2024-08-15,2026-07-16,sina_daily,qfq,VALID,A,26,0
2026-07-16,301428.SZ,CHINEXT,2023-05-19,False,False,0,READY,463,1.0,2024-08-15,2026-07-16,sina_daily,qfq,VALID,A,26,0
2026-07-16,301429.SZ,CHINEXT,2023-04-17,False,False,0,READY,463,1.0,2024-08-15,2026-07-16,sina_daily,qfq,VALID,A,26,0
2026-07-16,301439.SZ,CHINEXT,2023-03-17,False,False,0,READY,463,1.0,2024-08-15,2026-07-16,sina_daily,qfq,VALID,A,26,0
2026-07-16,301446.SZ,CHINEXT,2023-07-25,False,False,0,READY,463,1.0,2024-08-15,2026-07-16,sina_daily,qfq,VALID,A,26,0
2026-07-16,301448.SZ,CHINEXT,2023-06-19,False,False,0,READY,463,1.0,2024-08-15,2026-07-16,sina_daily,qfq,VALID,A,26,0
2026-07-16,301449.SZ,CHINEXT,2025-12-23,False,False,0,READY,135,1.0,2025-12-23,2026-07-16,sina_daily,qfq,PARTIAL,B,24,2
2026-07-16,301456.SZ,CHINEXT,2023-07-14,False,False,0,READY,463,1.0,2024-08-15,2026-07-16,sina_daily,qfq,VALID,A,26,0
2026-07-16,301458.SZ,CHINEXT,2025-01-10,False,False,0,READY,365,1.0,2025-01-10,2026-07-16,sina_daily,qfq,VALID,A,26,0
2026-07-16,301459.SZ,CHINEXT,2023-12-13,False,False,0,READY,463,1.0,2024-08-15,2026-07-16,sina_daily,qfq,VALID,A,26,0
2026-07-16,301468.SZ,CHINEXT,2023-07-24,False,False,0,READY,463,1.0,2024-08-15,2026-07-16,sina_daily,qfq,VALID,A,26,0
2026-07-16,301469.SZ,CHINEXT,2023-08-22,False,False,0,READY,463,1.0,2024-08-15,2026-07-16,sina_daily,qfq,VALID,A,26,0
2026-07-16,301479.SZ,CHINEXT,2025-03-18,False,False,0,READY,324,1.0,2025-03-18,2026-07-16,sina_daily,qfq,VALID,A,26,0
2026-07-16,301486.SZ,CHINEXT,2023-07-07,False,False,0,READY,453,1.0,2024-08-15,2026-07-16,sina_daily,qfq,VALID,A,26,0
2026-07-16,301487.SZ,CHINEXT,2023-08-09,False,False,0,READY,463,1.0,2024-08-15,2026-07-16,sina_daily,qfq,VALID,A,26,0
2026-07-16,301488.SZ,CHINEXT,2023-07-04,False,False,0,READY,463,1.0,2024-08-15,2026-07-16,sina_daily,qfq,VALID,A,26,0
2026-07-16,301489.SZ,CHINEXT,2023-10-24,False,False,0,READY,463,1.0,2024-08-15,2026-07-16,sina_daily,qfq,VALID,A,26,0
2026-07-16,301491.SZ,CHINEXT,2025-08-06,False,False,0,READY,228,1.0,2025-08-06,2026-07-16,sina_daily,qfq,PARTIAL,B,24,2
2026-07-16,301498.SZ,CHINEXT,2023-08-16,False,False,0,READY,463,1.0,2024-08-15,2026-07-16,sina_daily,qfq,VALID,A,26,0
2026-07-16,301499.SZ,CHINEXT,2023-07-21,False,False,0,READY,463,1.0,2024-08-15,2026-07-16,sina_daily,qfq,VALID,A,26,0
2026-07-16,301500.SZ,CHINEXT,2023-09-21,False,False,0,READY,463,1.0,2024-08-15,2026-07-16,sina_daily,qfq,VALID,A,26,0
2026-07-16,301501.SZ,CHINEXT,2025-03-19,False,False,0,READY,323,1.0,2025-03-19,2026-07-16,sina_daily,qfq,VALID,A,26,0
2026-07-16,301502.SZ,CHINEXT,2024-02-02,False,False,0,READY,463,1.0,2024-08-15,2026-07-16,sina_daily,qfq,VALID,A,26,0
2026-07-16,301503.SZ,CHINEXT,2023-07-17,False,False,0,READY,463,1.0,2024-08-15,2026-07-16,sina_daily,qfq,VALID,A,26,0
2026-07-16,301505.SZ,CHINEXT,2023-07-19,False,False,0,READY,454,0.976,2024-08-15,2026-07-16,sina_daily,qfq,VALID,A,26,0
2026-07-16,301507.SZ,CHINEXT,2023-09-05,False,False,0,READY,463,1.0,2024-08-15,2026-07-16,sina_daily,qfq,VALID,A,26,0
2026-07-16,301508.SZ,CHINEXT,2023-12-01,False,False,0,READY,463,1.0,2024-08-15,2026-07-16,sina_daily,qfq,VALID,A,26,0
2026-07-16,301509.SZ,CHINEXT,2023-08-03,False,False,0,READY,463,1.0,2024-08-15,2026-07-16,sina_daily,qfq,VALID,A,26,0
2026-07-16,301510.SZ,CHINEXT,2023-08-15,False,False,0,READY,463,1.0,2024-08-15,2026-07-16,sina_daily,qfq,VALID,A,26,0
2026-07-16,301511.SZ,CHINEXT,2023-08-17,False,False,0,READY,463,1.0,2024-08-15,2026-07-16,sina_daily,qfq,VALID,A,26,0
2026-07-16,301512.SZ,CHINEXT,2023-07-20,False,False,0,READY,463,1.0,2024-08-15,2026-07-16,sina_daily,qfq,VALID,A,26,0
2026-07-16,301513.SZ,CHINEXT,2026-04-17,False,False,0,READY,61,1.0,2026-04-17,2026-07-16,sina_daily,qfq,PARTIAL,B,17,9
2026-07-16,301515.SZ,CHINEXT,2023-07-25,False,False,0,READY,463,1.0,2024-08-15,2026-07-16,sina_daily,qfq,VALID,A,26,0
2026-07-16,301516.SZ,CHINEXT,2023-12-08,False,False,0,READY,463,1.0,2024-08-15,2026-07-16,sina_daily,qfq,VALID,A,26,0
2026-07-16,301517.SZ,CHINEXT,2023-10-17,False,False,0,READY,454,0.964,2024-08-15,2026-07-16,sina_daily,qfq,VALID,A,26,0
2026-07-16,301518.SZ,CHINEXT,2023-08-03,False,False,0,READY,463,1.0,2024-08-15,2026-07-16,sina_daily,qfq,VALID,A,26,0
2026-07-16,301519.SZ,CHINEXT,2023-07-27,False,False,0,READY,463,1.0,2024-08-15,2026-07-16,sina_daily,qfq,VALID,A,26,0
2026-07-16,301520.SZ,CHINEXT,2023-09-25,False,False,0,READY,463,1.0,2024-08-15,2026-07-16,sina_daily,qfq,VALID,A,26,0
2026-07-16,301522.SZ,CHINEXT,2024-10-16,False,False,0,READY,426,1.0,2024-10-16,2026-07-16,sina_daily,qfq,VALID,A,26,0
2026-07-16,301525.SZ,CHINEXT,2023-08-30,False,False,0,READY,463,1.0,2024-08-15,2026-07-16,sina_daily,qfq,VALID,A,26,0
2026-07-16,301526.SZ,CHINEXT,2023-12-26,False,False,0,READY,463,1.0,2024-08-15,2026-07-16,sina_daily,qfq,VALID,A,26,0
2026-07-16,301528.SZ,CHINEXT,2023-08-28,False,False,0,READY,463,1.0,2024-08-15,2026-07-16,sina_daily,qfq,VALID,A,26,0
2026-07-16,301529.SZ,CHINEXT,2023-09-11,False,False,0,READY,463,1.0,2024-08-15,2026-07-16,sina_daily,qfq,VALID,A,26,0
2026-07-16,301531.SZ,CHINEXT,2026-05-11,False,False,0,READY,48,1.0,2026-05-11,2026-07-16,sina_daily,qfq,PARTIAL,B,16,10
2026-07-16,301533.SZ,CHINEXT,2023-08-18,False,False,0,READY,463,1.0,2024-08-15,2026-07-16,sina_daily,qfq,VALID,A,26,0
2026-07-16,301535.SZ,CHINEXT,2025-03-27,False,False,0,READY,317,1.0,2025-03-27,2026-07-16,sina_daily,qfq,VALID,A,26,0
2026-07-16,301536.SZ,CHINEXT,2024-03-28,False,False,0,READY,463,1.0,2024-08-15,2026-07-16,sina_daily,qfq,VALID,A,26,0
2026-07-16,301538.SZ,CHINEXT,2024-03-20,False,False,0,READY,463,1.0,2024-08-15,2026-07-16,sina_daily,qfq,VALID,A,26,0
2026-07-16,301539.SZ,CHINEXT,2024-04-15,False,False,0,READY,463,1.0,2024-08-15,2026-07-16,sina_daily,qfq,VALID,A,26,0
2026-07-16,301548.SZ,CHINEXT,2023-09-20,False,False,0,READY,463,1.0,2024-08-15,2026-07-16,sina_daily,qfq,VALID,A,26,0
2026-07-16,301550.SZ,CHINEXT,2023-09-15,False,False,0,READY,463,1.0,2024-08-15,2026-07-16,sina_daily,qfq,VALID,A,26,0
2026-07-16,301551.SZ,CHINEXT,2024-09-26,False,False,0,READY,435,1.0,2024-09-26,2026-07-16,sina_daily,qfq,VALID,A,26,0
2026-07-16,301552.SZ,CHINEXT,2024-07-22,False,False,0,READY,463,1.0,2024-08-15,2026-07-16,sina_daily,qfq,VALID,A,26,0
2026-07-16,301555.SZ,CHINEXT,2023-10-31,False,False,0,READY,463,1.0,2024-08-15,2026-07-16,sina_daily,qfq,VALID,A,26,0
2026-07-16,301556.SZ,CHINEXT,2024-10-17,False,False,0,READY,425,1.0,2024-10-17,2026-07-16,sina_daily,qfq,VALID,A,26,0
2026-07-16,301557.SZ,CHINEXT,2025-03-04,False,False,0,READY,334,1.0,2025-03-04,2026-07-16,sina_daily,qfq,VALID,A,26,0
2026-07-16,301558.SZ,CHINEXT,2023-09-28,False,False,0,READY,463,1.0,2024-08-15,2026-07-16,sina_daily,qfq,VALID,A,26,0
2026-07-16,301559.SZ,CHINEXT,2023-10-11,False,False,0,READY,463,1.0,2024-08-15,2026-07-16,sina_daily,qfq,VALID,A,26,0
2026-07-16,301560.SZ,CHINEXT,2025-04-25,False,False,0,READY,297,1.0,2025-04-25,2026-07-16,sina_daily,qfq,VALID,A,26,0
2026-07-16,301563.SZ,CHINEXT,2025-09-30,False,False,0,READY,189,1.0,2025-09-30,2026-07-16,sina_daily,qfq,PARTIAL,B,24,2
2026-07-16,301565.SZ,CHINEXT,2024-06-20,False,False,0,READY,463,1.0,2024-08-15,2026-07-16,sina_daily,qfq,VALID,A,26,0
2026-07-16,301566.SZ,CHINEXT,2023-12-29,False,False,0,READY,463,1.0,2024-08-15,2026-07-16,sina_daily,qfq,VALID,A,26,0
2026-07-16,301567.SZ,CHINEXT,2024-01-16,False,False,0,READY,463,1.0,2024-08-15,2026-07-16,sina_daily,qfq,VALID,A,26,0
2026-07-16,301568.SZ,CHINEXT,2023-11-28,False,False,0,READY,463,1.0,2024-08-15,2026-07-16,sina_daily,qfq,VALID,A,26,0
2026-07-16,301571.SZ,CHINEXT,2024-08-21,False,False,0,READY,459,1.0,2024-08-21,2026-07-16,sina_daily,qfq,VALID,A,26,0
2026-07-16,301575.SZ,CHINEXT,2025-09-10,False,False,0,READY,203,1.0,2025-09-10,2026-07-16,sina_daily,qfq,PARTIAL,B,24,2
2026-07-16,301577.SZ,CHINEXT,2024-01-24,False,False,0,READY,463,1.0,2024-08-15,2026-07-16,sina_daily,qfq,VALID,A,26,0
2026-07-16,301578.SZ,CHINEXT,2023-12-28,False,False,0,READY,463,1.0,2024-08-15,2026-07-16,sina_daily,qfq,VALID,A,26,0
2026-07-16,301580.SZ,CHINEXT,2024-06-26,False,False,0,READY,463,1.0,2024-08-15,2026-07-16,sina_daily,qfq,VALID,A,26,0
2026-07-16,301581.SZ,CHINEXT,2025-01-03,False,False,0,READY,370,1.0,2025-01-03,2026-07-16,sina_daily,qfq,VALID,A,26,0
2026-07-16,301583.SZ,CHINEXT,2026-07-10,False,False,0,READY,5,1.0,2026-07-10,2026-07-16,sina_daily,qfq,PARTIAL,B,4,22
2026-07-16,301584.SZ,CHINEXT,2025-09-25,False,False,0,READY,192,1.0,2025-09-25,2026-07-16,sina_daily,qfq,PARTIAL,B,24,2
2026-07-16,301585.SZ,CHINEXT,2024-12-20,False,False,0,READY,379,1.0,2024-12-20,2026-07-16,sina_daily,qfq,VALID,A,26,0
2026-07-16,301586.SZ,CHINEXT,2024-08-28,False,False,0,READY,454,1.0,2024-08-28,2026-07-16,sina_daily,qfq,VALID,A,26,0
2026-07-16,301587.SZ,CHINEXT,2024-04-08,False,False,0,READY,463,1.0,2024-08-15,2026-07-16,sina_daily,qfq,VALID,A,26,0
2026-07-16,301588.SZ,CHINEXT,2024-03-13,False,False,0,READY,463,1.0,2024-08-15,2026-07-16,sina_daily,qfq,VALID,A,26,0
2026-07-16,301589.SZ,CHINEXT,2024-02-08,False,False,0,READY,463,1.0,2024-08-15,2026-07-16,sina_daily,qfq,VALID,A,26,0
2026-07-16,301590.SZ,CHINEXT,2025-06-05,False,False,0,READY,272,1.0,2025-06-05,2026-07-16,sina_daily,qfq,VALID,A,26,0
2026-07-16,301591.SZ,CHINEXT,2024-02-28,False,False,0,READY,463,1.0,2024-08-15,2026-07-16,sina_daily,qfq,VALID,A,26,0
2026-07-16,301592.SZ,CHINEXT,2024-10-24,False,False,0,READY,420,1.0,2024-10-24,2026-07-16,sina_daily,qfq,VALID,A,26,0
2026-07-16,301595.SZ,CHINEXT,2025-05-19,False,False,0,READY,284,1.0,2025-05-19,2026-07-16,sina_daily,qfq,VALID,A,26,0
2026-07-16,301596.SZ,CHINEXT,2024-05-13,False,False,0,READY,463,1.0,2024-08-15,2026-07-16,sina_daily,qfq,VALID,A,26,0
2026-07-16,301598.SZ,CHINEXT,2024-12-20,False,False,0,READY,379,1.0,2024-12-20,2026-07-16,sina_daily,qfq,VALID,A,26,0
2026-07-16,301599.SZ,CHINEXT,2026-04-30,False,False,0,READY,52,1.0,2026-04-30,2026-07-16,sina_daily,qfq,PARTIAL,B,16,10
2026-07-16,301600.SZ,CHINEXT,2024-09-11,False,False,0,READY,444,1.0,2024-09-11,2026-07-16,sina_daily,qfq,VALID,A,26,0
2026-07-16,301601.SZ,CHINEXT,2025-01-15,False,False,0,READY,362,1.0,2025-01-15,2026-07-16,sina_daily,qfq,VALID,A,26,0
2026-07-16,301602.SZ,CHINEXT,2025-01-22,False,False,0,READY,357,1.0,2025-01-22,2026-07-16,sina_daily,qfq,VALID,A,26,0
2026-07-16,301603.SZ,CHINEXT,2024-07-10,False,False,0,READY,463,1.0,2024-08-15,2026-07-16,sina_daily,qfq,VALID,A,26,0
2026-07-16,301606.SZ,CHINEXT,2024-07-26,False,False,0,READY,463,1.0,2024-08-15,2026-07-16,sina_daily,qfq,VALID,A,26,0
2026-07-16,301607.SZ,CHINEXT,2024-09-04,False,False,0,READY,449,1.0,2024-09-04,2026-07-16,sina_daily,qfq,VALID,A,26,0
2026-07-16,301608.SZ,CHINEXT,2024-08-01,False,False,0,READY,463,1.0,2024-08-15,2026-07-16,sina_daily,qfq,VALID,A,26,0
2026-07-16,301609.SZ,CHINEXT,2025-07-23,False,False,0,READY,238,1.0,2025-07-23,2026-07-16,sina_daily,qfq,PARTIAL,B,24,2
2026-07-16,301611.SZ,CHINEXT,2024-08-16,False,False,0,READY,462,1.0,2024-08-16,2026-07-16,sina_daily,qfq,VALID,A,26,0
2026-07-16,301613.SZ,CHINEXT,2024-10-25,False,False,0,READY,409,1.0,2024-10-25,2026-07-16,sina_daily,qfq,VALID,A,26,0
2026-07-16,301616.SZ,CHINEXT,2025-03-27,False,False,0,READY,317,1.0,2025-03-27,2026-07-16,sina_daily,qfq,VALID,A,26,0
2026-07-16,301617.SZ,CHINEXT,2024-12-11,False,False,0,READY,386,1.0,2024-12-11,2026-07-16,sina_daily,qfq,VALID,A,26,0
2026-07-16,301618.SZ,CHINEXT,2024-09-30,False,False,0,READY,433,1.0,2024-09-30,2026-07-16,sina_daily,qfq,VALID,A,26,0
2026-07-16,301622.SZ,CHINEXT,2024-12-04,False,False,0,READY,391,1.0,2024-12-04,2026-07-16,sina_daily,qfq,VALID,A,26,0
2026-07-16,301626.SZ,CHINEXT,2024-10-24,False,False,0,READY,420,1.0,2024-10-24,2026-07-16,sina_daily,qfq,VALID,A,26,0
2026-07-16,301628.SZ,CHINEXT,2024-10-31,False,False,0,READY,415,1.0,2024-10-31,2026-07-16,sina_daily,qfq,VALID,A,26,0
2026-07-16,301629.SZ,CHINEXT,2025-03-24,False,False,0,READY,320,1.0,2025-03-24,2026-07-16,sina_daily,qfq,VALID,A,26,0
2026-07-16,301630.SZ,CHINEXT,2025-07-10,False,False,0,READY,247,1.0,2025-07-10,2026-07-16,sina_daily,qfq,PARTIAL,B,24,2
2026-07-16,301631.SZ,CHINEXT,2024-11-22,False,False,0,READY,399,1.0,2024-11-22,2026-07-16,sina_daily,qfq,VALID,A,26,0
2026-07-16,301632.SZ,CHINEXT,2025-08-12,False,False,0,READY,224,1.0,2025-08-12,2026-07-16,sina_daily,qfq,PARTIAL,B,24,2
2026-07-16,301633.SZ,CHINEXT,2024-11-07,False,False,0,READY,410,1.0,2024-11-07,2026-07-16,sina_daily,qfq,VALID,A,26,0
2026-07-16,301636.SZ,CHINEXT,2025-05-16,False,False,0,READY,285,1.0,2025-05-16,2026-07-16,sina_daily,qfq,VALID,A,26,0
2026-07-16,301638.SZ,CHINEXT,2025-11-18,False,False,0,READY,160,1.0,2025-11-18,2026-07-16,sina_daily,qfq,PARTIAL,B,24,2
2026-07-16,301656.SZ,CHINEXT,2025-09-25,False,False,0,READY,192,1.0,2025-09-25,2026-07-16,sina_daily,qfq,PARTIAL,B,24,2
2026-07-16,301658.SZ,CHINEXT,2025-04-02,False,False,0,READY,313,1.0,2025-04-02,2026-07-16,sina_daily,qfq,VALID,A,26,0
2026-07-16,301662.SZ,CHINEXT,2025-04-17,False,False,0,READY,303,1.0,2025-04-17,2026-07-16,sina_daily,qfq,VALID,A,26,0
2026-07-16,301665.SZ,CHINEXT,2025-04-11,False,False,0,READY,307,1.0,2025-04-11,2026-07-16,sina_daily,qfq,VALID,A,26,0
2026-07-16,301666.SZ,CHINEXT,2026-04-16,False,False,0,READY,59,0.9516129,2026-04-16,2026-07-16,sina_daily,qfq,PARTIAL,B,16,10
2026-07-16,301667.SZ,CHINEXT,2025-12-23,False,False,0,READY,135,1.0,2025-12-23,2026-07-16,sina_daily,qfq,PARTIAL,B,24,2
2026-07-16,301668.SZ,CHINEXT,2025-09-26,False,False,0,READY,191,1.0,2025-09-26,2026-07-16,sina_daily,qfq,PARTIAL,B,24,2
2026-07-16,301669.SZ,CHINEXT,2026-06-09,False,False,0,READY,27,1.0,2026-06-09,2026-07-16,sina_daily,qfq,PARTIAL,B,7,19
2026-07-16,301678.SZ,CHINEXT,2025-06-20,False,False,0,READY,261,1.0,2025-06-20,2026-07-16,sina_daily,qfq,VALID,A,26,0
2026-07-16,301680.SZ,CHINEXT,2026-03-06,False,False,0,READY,90,1.0,2026-03-06,2026-07-16,sina_daily,qfq,PARTIAL,B,20,6
2026-07-16,301682.SZ,CHINEXT,2026-03-25,False,False,0,READY,77,1.0,2026-03-25,2026-07-16,sina_daily,qfq,PARTIAL,B,17,9
2026-07-16,301683.SZ,CHINEXT,2026-04-01,False,False,0,READY,72,1.0,2026-04-01,2026-07-16,sina_daily,qfq,PARTIAL,B,17,9
2026-07-16,301687.SZ,CHINEXT,2025-12-31,False,False,0,READY,129,1.0,2025-12-31,2026-07-16,sina_daily,qfq,PARTIAL,B,24,2
2026-07-16,301696.SZ,CHINEXT,2026-04-10,False,False,0,READY,66,1.0,2026-04-10,2026-07-16,sina_daily,qfq,PARTIAL,B,17,9
2026-07-16,600000.SH,SH_MAIN,1999-11-10,False,False,0,READY,463,1.0,2024-08-15,2026-07-16,sina_daily,qfq,VALID,A,26,0
2026-07-16,600004.SH,SH_MAIN,2003-04-28,False,False,0,READY,463,1.0,2024-08-15,2026-07-16,sina_daily,qfq,VALID,A,26,0
2026-07-16,600006.SH,SH_MAIN,1999-07-27,False,False,0,READY,463,1.0,2024-08-15,2026-07-16,sina_daily,qfq,VALID,A,26,0
2026-07-16,600007.SH,SH_MAIN,1999-03-12,False,False,0,READY,463,1.0,2024-08-15,2026-07-16,sina_daily,qfq,VALID,A,26,0
2026-07-16,600008.SH,SH_MAIN,2000-04-27,False,False,0,READY,463,1.0,2024-08-15,2026-07-16,sina_daily,qfq,VALID,A,26,0
2026-07-16,600009.SH,SH_MAIN,1998-02-18,False,False,0,READY,463,1.0,2024-08-15,2026-07-16,sina_daily,qfq,VALID,A,26,0
2026-07-16,600010.SH,SH_MAIN,2001-03-09,False,False,0,READY,463,1.0,2024-08-15,2026-07-16,sina_daily,qfq,VALID,A,26,0
2026-07-16,600011.SH,SH_MAIN,2001-12-06,False,False,0,READY,463,1.0,2024-08-15,2026-07-16,sina_daily,qfq,VALID,A,26,0
2026-07-16,600012.SH,SH_MAIN,2003-01-07,False,False,0,READY,463,1.0,2024-08-15,2026-07-16,sina_daily,qfq,VALID,A,26,0
2026-07-16,600015.SH,SH_MAIN,2003-09-12,False,False,0,READY,463,1.0,2024-08-15,2026-07-16,sina_daily,qfq,VALID,A,26,0
2026-07-16,600016.SH,SH_MAIN,2000-12-19,False,False,0,READY,463,1.0,2024-08-15,2026-07-16,sina_daily,qfq,VALID,A,26,0
2026-07-16,600017.SH,SH_MAIN,2006-10-17,False,False,0,READY,463,1.0,2024-08-15,2026-07-16,sina_daily,qfq,VALID,A,26,0
2026-07-16,600018.SH,SH_MAIN,2000-07-19,False,False,0,READY,463,1.0,2024-08-15,2026-07-16,sina_daily,qfq,VALID,A,26,0
2026-07-16,600019.SH,SH_MAIN,2000-12-12,False,False,0,READY,463,1.0,2024-08-15,2026-07-16,sina_daily,qfq,VALID,A,26,0
2026-07-16,600020.SH,SH_MAIN,2003-08-08,False,False,0,READY,463,1.0,2024-08-15,2026-07-16,sina_daily,qfq,VALID,A,26,0
2026-07-16,600021.SH,SH_MAIN,2003-10-29,False,False,0,READY,463,1.0,2024-08-15,2026-07-16,sina_daily,qfq,VALID,A,26,0
2026-07-16,600022.SH,SH_MAIN,2004-06-29,False,False,0,READY,463,1.0,2024-08-15,2026-07-16,sina_daily,qfq,VALID,A,26,0
2026-07-16,600023.SH,SH_MAIN,2013-12-19,False,False,0,READY,463,1.0,2024-08-15,2026-07-16,sina_daily,qfq,VALID,A,26,0
2026-07-16,600025.SH,SH_MAIN,2017-12-15,False,False,0,READY,463,1.0,2024-08-15,2026-07-16,sina_daily,qfq,VALID,A,26,0
2026-07-16,600026.SH,SH_MAIN,2002-05-23,False,False,0,READY,463,1.0,2024-08-15,2026-07-16,sina_daily,qfq,VALID,A,26,0
2026-07-16,600027.SH,SH_MAIN,2005-02-03,False,False,0,READY,463,1.0,2024-08-15,2026-07-16,sina_daily,qfq,VALID,A,26,0
2026-07-16,600028.SH,SH_MAIN,2001-08-08,False,False,0,READY,463,1.0,2024-08-15,2026-07-16,sina_daily,qfq,VALID,A,26,0
2026-07-16,600029.SH,SH_MAIN,2003-07-25,False,False,0,READY,463,1.0,2024-08-15,2026-07-16,sina_daily,qfq,VALID,A,26,0
2026-07-16,600030.SH,SH_MAIN,2003-01-06,False,False,0,READY,463,1.0,2024-08-15,2026-07-16,sina_daily,qfq,VALID,A,26,0
2026-07-16,600031.SH,SH_MAIN,2003-07-03,False,False,0,READY,463,1.0,2024-08-15,2026-07-16,sina_daily,qfq,VALID,A,26,0
2026-07-16,600032.SH,SH_MAIN,2021-05-25,False,False,0,READY,463,1.0,2024-08-15,2026-07-16,sina_daily,qfq,VALID,A,26,0
2026-07-16,600033.SH,SH_MAIN,2001-02-09,False,False,0,READY,463,1.0,2024-08-15,2026-07-16,sina_daily,qfq,VALID,A,26,0
2026-07-16,600035.SH,SH_MAIN,2004-03-10,False,False,0,READY,463,1.0,2024-08-15,2026-07-16,sina_daily,qfq,VALID,A,26,0
2026-07-16,600036.SH,SH_MAIN,2002-04-09,False,False,0,READY,463,1.0,2024-08-15,2026-07-16,sina_daily,qfq,VALID,A,26,0
2026-07-16,600037.SH,SH_MAIN,2001-02-08,False,False,0,READY,463,1.0,2024-08-15,2026-07-16,sina_daily,qfq,VALID,A,26,0
2026-07-16,600038.SH,SH_MAIN,2000-12-18,False,False,0,READY,463,1.0,2024-08-15,2026-07-16,sina_daily,qfq,VALID,A,26,0
2026-07-16,600039.SH,SH_MAIN,2003-03-25,False,False,0,READY,463,1.0,2024-08-15,2026-07-16,sina_daily,qfq,VALID,A,26,0
2026-07-16,600048.SH,SH_MAIN,2006-07-31,False,False,0,READY,463,1.0,2024-08-15,2026-07-16,sina_daily,qfq,VALID,A,26,0
2026-07-16,600050.SH,SH_MAIN,2002-10-09,False,False,0,READY,463,1.0,2024-08-15,2026-07-16,sina_daily,qfq,VALID,A,26,0
2026-07-16,600051.SH,SH_MAIN,1997-04-10,False,False,0,READY,463,1.0,2024-08-15,2026-07-16,sina_daily,qfq,VALID,A,26,0
2026-07-16,600052.SH,SH_MAIN,1997-04-15,False,False,0,READY,463,1.0,2024-08-15,2026-07-16,sina_daily,qfq,VALID,A,26,0
2026-07-16,600053.SH,SH_MAIN,1997-04-18,True,False,0,READY,462,0.996,2024-08-15,2026-07-16,sina_daily,qfq,VALID,A,26,0
2026-07-16,600054.SH,SH_MAIN,1997-05-06,False,False,0,READY,463,1.0,2024-08-15,2026-07-16,sina_daily,qfq,VALID,A,26,0
2026-07-16,600055.SH,SH_MAIN,1997-05-19,False,False,0,READY,463,1.0,2024-08-15,2026-07-16,sina_daily,qfq,VALID,A,26,0
2026-07-16,600056.SH,SH_MAIN,1997-05-15,False,False,0,READY,463,1.0,2024-08-15,2026-07-16,sina_daily,qfq,VALID,A,26,0
2026-07-16,600057.SH,SH_MAIN,1997-06-04,False,False,0,READY,463,1.0,2024-08-15,2026-07-16,sina_daily,qfq,VALID,A,26,0
2026-07-16,600058.SH,SH_MAIN,1997-05-28,False,False,0,READY,453,0.96,2024-08-15,2026-07-16,sina_daily,qfq,VALID,A,26,0
2026-07-16,600059.SH,SH_MAIN,1997-05-16,False,False,0,READY,463,1.0,2024-08-15,2026-07-16,sina_daily,qfq,VALID,A,26,0
2026-07-16,600060.SH,SH_MAIN,1997-04-22,False,False,0,READY,463,1.0,2024-08-15,2026-07-16,sina_daily,qfq,VALID,A,26,0
2026-07-16,600061.SH,SH_MAIN,1997-05-19,False,False,0,READY,463,1.0,2024-08-15,2026-07-16,sina_daily,qfq,VALID,A,26,0
2026-07-16,600062.SH,SH_MAIN,1997-05-22,False,False,0,READY,463,1.0,2024-08-15,2026-07-16,sina_daily,qfq,VALID,A,26,0
2026-07-16,600063.SH,SH_MAIN,1997-05-28,False,False,0,READY,463,1.0,2024-08-15,2026-07-16,sina_daily,qfq,VALID,A,26,0
2026-07-16,600064.SH,SH_MAIN,1997-05-06,False,False,0,READY,463,1.0,2024-08-15,2026-07-16,sina_daily,qfq,VALID,A,26,0
2026-07-16,600066.SH,SH_MAIN,1997-05-08,False,False,0,READY,463,1.0,2024-08-15,2026-07-16,sina_daily,qfq,VALID,A,26,0
2026-07-16,600067.SH,SH_MAIN,1997-05-08,False,False,0,READY,463,1.0,2024-08-15,2026-07-16,sina_daily,qfq,VALID,A,26,0
2026-07-16,600071.SH,SH_MAIN,1997-05-28,False,False,0,READY,463,1.0,2024-08-15,2026-07-16,sina_daily,qfq,VALID,A,26,0
2026-07-16,600072.SH,SH_MAIN,1997-06-03,False,False,0,READY,463,1.0,2024-08-15,2026-07-16,sina_daily,qfq,VALID,A,26,0
2026-07-16,600073.SH,SH_MAIN,1997-07-04,False,False,0,READY,463,1.0,2024-08-15,2026-07-16,sina_daily,qfq,VALID,A,26,0
2026-07-16,600075.SH,SH_MAIN,1997-06-17,False,False,0,READY,463,1.0,2024-08-15,2026-07-16,sina_daily,qfq,VALID,A,26,0
2026-07-16,600076.SH,SH_MAIN,1997-05-26,False,False,0,READY,463,1.0,2024-08-15,2026-07-16,sina_daily,qfq,VALID,A,26,0
2026-07-16,600078.SH,SH_MAIN,1997-06-27,False,False,0,READY,463,1.0,2024-08-15,2026-07-16,sina_daily,qfq,VALID,A,26,0
2026-07-16,600079.SH,SH_MAIN,1997-06-06,True,False,0,READY,462,0.996,2024-08-15,2026-07-16,sina_daily,qfq,VALID,A,26,0
2026-07-16,600080.SH,SH_MAIN,1997-06-12,True,False,0,READY,462,0.996,2024-08-15,2026-07-16,sina_daily,qfq,VALID,A,26,0
2026-07-16,600081.SH,SH_MAIN,1997-07-03,False,False,0,READY,463,1.0,2024-08-15,2026-07-16,sina_daily,qfq,VALID,A,26,0
2026-07-16,600082.SH,SH_MAIN,1997-06-20,True,False,0,READY,462,0.996,2024-08-15,2026-07-16,sina_daily,qfq,VALID,A,26,0
2026-07-16,600084.SH,SH_MAIN,1997-07-11,True,False,0,READY,462,0.996,2024-08-15,2026-07-16,sina_daily,qfq,VALID,A,26,0
2026-07-16,600085.SH,SH_MAIN,1997-06-25,False,False,0,READY,463,1.0,2024-08-15,2026-07-16,sina_daily,qfq,VALID,A,26,0
2026-07-16,600088.SH,SH_MAIN,1997-06-16,False,False,0,READY,463,1.0,2024-08-15,2026-07-16,sina_daily,qfq,VALID,A,26,0
2026-07-16,600089.SH,SH_MAIN,1997-06-18,False,False,0,READY,463,1.0,2024-08-15,2026-07-16,sina_daily,qfq,VALID,A,26,0
2026-07-16,600094.SH,SH_MAIN,1997-07-03,False,False,0,READY,463,1.0,2024-08-15,2026-07-16,sina_daily,qfq,VALID,A,26,0
2026-07-16,600095.SH,SH_MAIN,1997-07-08,False,False,0,READY,454,1.0,2024-08-15,2026-07-16,sina_daily,qfq,VALID,A,26,0
2026-07-16,600096.SH,SH_MAIN,1997-07-09,False,False,0,READY,463,1.0,2024-08-15,2026-07-16,sina_daily,qfq,VALID,A,26,0
2026-07-16,600097.SH,SH_MAIN,1997-06-19,False,False,0,READY,463,1.0,2024-08-15,2026-07-16,sina_daily,qfq,VALID,A,26,0
2026-07-16,600098.SH,SH_MAIN,1997-07-18,False,False,0,READY,463,1.0,2024-08-15,2026-07-16,sina_daily,qfq,VALID,A,26,0
2026-07-16,600099.SH,SH_MAIN,1997-07-04,False,False,0,READY,463,1.0,2024-08-15,2026-07-16,sina_daily,qfq,VALID,A,26,0
2026-07-16,600100.SH,SH_MAIN,1997-06-27,False,False,0,READY,463,1.0,2024-08-15,2026-07-16,sina_daily,qfq,VALID,A,26,0
2026-07-16,600101.SH,SH_MAIN,1997-06-27,False,False,0,READY,463,1.0,2024-08-15,2026-07-16,sina_daily,qfq,VALID,A,26,0
2026-07-16,600103.SH,SH_MAIN,1997-07-03,False,False,0,READY,463,1.0,2024-08-15,2026-07-16,sina_daily,qfq,VALID,A,26,0
2026-07-16,600104.SH,SH_MAIN,1997-11-25,False,False,0,READY,463,1.0,2024-08-15,2026-07-16,sina_daily,qfq,VALID,A,26,0
2026-07-16,600105.SH,SH_MAIN,1997-09-29,False,False,0,READY,463,1.0,2024-08-15,2026-07-16,sina_daily,qfq,VALID,A,26,0
2026-07-16,600106.SH,SH_MAIN,1997-06-18,False,False,0,READY,463,1.0,2024-08-15,2026-07-16,sina_daily,qfq,VALID,A,26,0
2026-07-16,600107.SH,SH_MAIN,1997-11-06,True,False,0,READY,461,0.996,2024-08-15,2026-07-16,sina_daily,qfq,VALID,A,26,0
2026-07-16,600108.SH,SH_MAIN,1997-08-18,False,False,0,READY,463,1.0,2024-08-15,2026-07-16,sina_daily,qfq,VALID,A,26,0
2026-07-16,600109.SH,SH_MAIN,1997-08-07,False,False,0,READY,463,1.0,2024-08-15,2026-07-16,sina_daily,qfq,VALID,A,26,0
2026-07-16,600110.SH,SH_MAIN,1997-10-07,False,False,0,READY,463,1.0,2024-08-15,2026-07-16,sina_daily,qfq,VALID,A,26,0
2026-07-16,600111.SH,SH_MAIN,1997-09-24,False,False,0,READY,463,1.0,2024-08-15,2026-07-16,sina_daily,qfq,VALID,A,26,0
2026-07-16,600113.SH,SH_MAIN,1997-10-21,False,False,0,READY,463,1.0,2024-08-15,2026-07-16,sina_daily,qfq,VALID,A,26,0
2026-07-16,600114.SH,SH_MAIN,2004-05-11,False,False,0,READY,453,1.0,2024-08-15,2026-07-16,sina_daily,qfq,VALID,A,26,0
2026-07-16,600115.SH,SH_MAIN,1997-11-05,False,False,0,READY,463,1.0,2024-08-15,2026-07-16,sina_daily,qfq,VALID,A,26,0
2026-07-16,600116.SH,SH_MAIN,1997-08-04,False,False,0,READY,463,1.0,2024-08-15,2026-07-16,sina_daily,qfq,VALID,A,26,0
2026-07-16,600117.SH,SH_MAIN,1997-10-15,False,False,0,READY,463,1.0,2024-08-15,2026-07-16,sina_daily,qfq,VALID,A,26,0
2026-07-16,600118.SH,SH_MAIN,1997-09-08,False,False,0,READY,463,1.0,2024-08-15,2026-07-16,sina_daily,qfq,VALID,A,26,0
2026-07-16,600119.SH,SH_MAIN,1998-01-15,True,False,0,READY,462,0.996,2024-08-15,2026-07-16,sina_daily,qfq,VALID,A,26,0
2026-07-16,600120.SH,SH_MAIN,1997-12-01,False,False,0,READY,463,1.0,2024-08-15,2026-07-16,sina_daily,qfq,VALID,A,26,0
2026-07-16,600121.SH,SH_MAIN,1998-01-07,False,False,0,READY,463,1.0,2024-08-15,2026-07-16,sina_daily,qfq,VALID,A,26,0
2026-07-16,600123.SH,SH_MAIN,1998-12-17,False,False,0,READY,463,1.0,2024-08-15,2026-07-16,sina_daily,qfq,VALID,A,26,0
2026-07-16,600125.SH,SH_MAIN,1998-05-11,False,False,0,READY,463,1.0,2024-08-15,2026-07-16,sina_daily,qfq,VALID,A,26,0
2026-07-16,600126.SH,SH_MAIN,1998-03-11,False,False,0,READY,463,1.0,2024-08-15,2026-07-16,sina_daily,qfq,VALID,A,26,0
2026-07-16,600127.SH,SH_MAIN,1998-05-06,False,False,0,READY,463,1.0,2024-08-15,2026-07-16,sina_daily,qfq,VALID,A,26,0
2026-07-16,600128.SH,SH_MAIN,1997-09-01,False,False,0,READY,463,1.0,2024-08-15,2026-07-16,sina_daily,qfq,VALID,A,26,0
2026-07-16,600129.SH,SH_MAIN,1997-11-18,False,False,0,READY,463,1.0,2024-08-15,2026-07-16,sina_daily,qfq,VALID,A,26,0
2026-07-16,600130.SH,SH_MAIN,2000-07-06,False,False,0,READY,461,0.996,2024-08-15,2026-07-16,sina_daily,qfq,VALID,A,26,0
2026-07-16,600131.SH,SH_MAIN,1998-04-02,False,False,0,READY,463,1.0,2024-08-15,2026-07-16,sina_daily,qfq,VALID,A,26,0
2026-07-16,600132.SH,SH_MAIN,1997-10-30,False,False,0,READY,463,1.0,2024-08-15,2026-07-16,sina_daily,qfq,VALID,A,26,0
2026-07-16,600133.SH,SH_MAIN,1998-02-12,False,False,0,READY,463,1.0,2024-08-15,2026-07-16,sina_daily,qfq,VALID,A,26,0
2026-07-16,600135.SH,SH_MAIN,1998-01-22,False,False,0,READY,463,1.0,2024-08-15,2026-07-16,sina_daily,qfq,VALID,A,26,0
2026-07-16,600136.SH,SH_MAIN,1998-03-03,True,False,0,READY,463,1.0,2024-08-15,2026-07-16,sina_daily,qfq,VALID,A,26,0
2026-07-16,600137.SH,SH_MAIN,1998-04-16,False,False,0,READY,463,1.0,2024-08-15,2026-07-16,sina_daily,qfq,VALID,A,26,0
2026-07-16,600138.SH,SH_MAIN,1997-12-03,False,False,0,READY,463,1.0,2024-08-15,2026-07-16,sina_daily,qfq,VALID,A,26,0
2026-07-16,600141.SH,SH_MAIN,1999-06-16,False,False,0,READY,463,1.0,2024-08-15,2026-07-16,sina_daily,qfq,VALID,A,26,0
2026-07-16,600143.SH,SH_MAIN,2004-06-23,False,False,0,READY,463,1.0,2024-08-15,2026-07-16,sina_daily,qfq,VALID,A,26,0
2026-07-16,600148.SH,SH_MAIN,1998-05-20,False,False,0,READY,463,1.0,2024-08-15,2026-07-16,sina_daily,qfq,VALID,A,26,0
2026-07-16,600149.SH,SH_MAIN,1999-10-14,False,False,0,READY,463,1.0,2024-08-15,2026-07-16,sina_daily,qfq,VALID,A,26,0
2026-07-16,600150.SH,SH_MAIN,1998-05-20,False,False,0,READY,449,0.984,2024-08-15,2026-07-16,sina_daily,qfq,VALID,A,26,0
2026-07-16,600151.SH,SH_MAIN,1998-06-05,False,False,0,READY,463,1.0,2024-08-15,2026-07-16,sina_daily,qfq,VALID,A,26,0
2026-07-16,600152.SH,SH_MAIN,1998-06-09,False,False,0,READY,463,1.0,2024-08-15,2026-07-16,sina_daily,qfq,VALID,A,26,0
2026-07-16,600153.SH,SH_MAIN,1998-06-16,False,False,0,READY,463,1.0,2024-08-15,2026-07-16,sina_daily,qfq,VALID,A,26,0
2026-07-16,600155.SH,SH_MAIN,1998-09-18,False,False,0,READY,463,1.0,2024-08-15,2026-07-16,sina_daily,qfq,VALID,A,26,0
2026-07-16,600156.SH,SH_MAIN,1998-05-27,False,False,0,READY,453,1.0,2024-08-15,2026-07-16,sina_daily,qfq,VALID,A,26,0
2026-07-16,600157.SH,SH_MAIN,1998-05-13,False,False,0,READY,463,1.0,2024-08-15,2026-07-16,sina_daily,qfq,VALID,A,26,0
2026-07-16,600158.SH,SH_MAIN,1998-03-27,False,False,0,READY,463,1.0,2024-08-15,2026-07-16,sina_daily,qfq,VALID,A,26,0
2026-07-16,600159.SH,SH_MAIN,1998-05-26,False,False,0,READY,463,1.0,2024-08-15,2026-07-16,sina_daily,qfq,VALID,A,26,0
2026-07-16,600160.SH,SH_MAIN,1998-06-26,False,False,0,READY,463,1.0,2024-08-15,2026-07-16,sina_daily,qfq,VALID,A,26,0
2026-07-16,600161.SH,SH_MAIN,1998-06-16,False,False,0,READY,463,1.0,2024-08-15,2026-07-16,sina_daily,qfq,VALID,A,26,0
2026-07-16,600162.SH,SH_MAIN,1998-06-09,False,False,0,READY,463,1.0,2024-08-15,2026-07-16,sina_daily,qfq,VALID,A,26,0
2026-07-16,600163.SH,SH_MAIN,1998-06-02,False,False,0,READY,463,1.0,2024-08-15,2026-07-16,sina_daily,qfq,VALID,A,26,0
2026-07-16,600165.SH,SH_MAIN,1998-05-29,True,False,0,READY,459,0.988,2024-08-15,2026-07-16,sina_daily,qfq,VALID,A,26,0
2026-07-16,600166.SH,SH_MAIN,1998-06-02,False,False,0,READY,463,1.0,2024-08-15,2026-07-16,sina_daily,qfq,VALID,A,26,0
2026-07-16,600167.SH,SH_MAIN,1999-01-28,False,False,0,READY,463,1.0,2024-08-15,2026-07-16,sina_daily,qfq,VALID,A,26,0
2026-07-16,600168.SH,SH_MAIN,1998-04-27,False,False,0,READY,453,1.0,2024-08-15,2026-07-16,sina_daily,qfq,VALID,A,26,0
2026-07-16,600169.SH,SH_MAIN,1998-09-04,True,False,0,READY,462,0.996,2024-08-15,2026-07-16,sina_daily,qfq,VALID,A,26,0
2026-07-16,600170.SH,SH_MAIN,1998-06-23,False,False,0,READY,463,1.0,2024-08-15,2026-07-16,sina_daily,qfq,VALID,A,26,0
2026-07-16,600171.SH,SH_MAIN,1998-09-24,False,False,0,READY,463,1.0,2024-08-15,2026-07-16,sina_daily,qfq,VALID,A,26,0
2026-07-16,600172.SH,SH_MAIN,1998-11-26,False,False,0,READY,463,1.0,2024-08-15,2026-07-16,sina_daily,qfq,VALID,A,26,0
2026-07-16,600173.SH,SH_MAIN,1999-04-15,False,False,0,READY,463,1.0,2024-08-15,2026-07-16,sina_daily,qfq,VALID,A,26,0
2026-07-16,600176.SH,SH_MAIN,1999-04-22,False,False,0,READY,463,1.0,2024-08-15,2026-07-16,sina_daily,qfq,VALID,A,26,0
2026-07-16,600177.SH,SH_MAIN,1998-11-19,False,False,0,READY,463,1.0,2024-08-15,2026-07-16,sina_daily,qfq,VALID,A,26,0
2026-07-16,600178.SH,SH_MAIN,1998-10-14,False,False,0,READY,463,1.0,2024-08-15,2026-07-16,sina_daily,qfq,VALID,A,26,0
2026-07-16,600179.SH,SH_MAIN,1998-11-04,False,False,0,READY,463,1.0,2024-08-15,2026-07-16,sina_daily,qfq,VALID,A,26,0
2026-07-16,600180.SH,SH_MAIN,1998-07-03,True,False,0,READY,462,0.996,2024-08-15,2026-07-16,sina_daily,qfq,VALID,A,26,0
2026-07-16,600182.SH,SH_MAIN,1999-05-07,False,False,0,READY,463,1.0,2024-08-15,2026-07-16,sina_daily,qfq,VALID,A,26,0
2026-07-16,600183.SH,SH_MAIN,1998-10-28,False,False,0,READY,463,1.0,2024-08-15,2026-07-16,sina_daily,qfq,VALID,A,26,0
2026-07-16,600184.SH,SH_MAIN,2003-11-06,False,False,0,READY,463,1.0,2024-08-15,2026-07-16,sina_daily,qfq,VALID,A,26,0
2026-07-16,600185.SH,SH_MAIN,1999-06-11,False,False,0,READY,463,1.0,2024-08-15,2026-07-16,sina_daily,qfq,VALID,A,26,0
2026-07-16,600186.SH,SH_MAIN,1998-08-25,False,False,0,READY,463,1.0,2024-08-15,2026-07-16,sina_daily,qfq,VALID,A,26,0
2026-07-16,600187.SH,SH_MAIN,1998-11-11,True,False,0,READY,462,0.996,2024-08-15,2026-07-16,sina_daily,qfq,VALID,A,26,0
2026-07-16,600188.SH,SH_MAIN,1998-07-01,False,False,0,READY,463,1.0,2024-08-15,2026-07-16,sina_daily,qfq,VALID,A,26,0
2026-07-16,600189.SH,SH_MAIN,1998-10-07,False,False,0,READY,463,1.0,2024-08-15,2026-07-16,sina_daily,qfq,VALID,A,26,0
2026-07-16,600191.SH,SH_MAIN,1998-12-10,False,False,0,READY,462,1.0,2024-08-15,2026-07-16,sina_daily,qfq,VALID,A,26,0
2026-07-16,600192.SH,SH_MAIN,1998-12-24,False,False,0,READY,463,1.0,2024-08-15,2026-07-16,sina_daily,qfq,VALID,A,26,0
2026-07-16,600195.SH,SH_MAIN,1999-01-07,False,False,0,READY,463,1.0,2024-08-15,2026-07-16,sina_daily,qfq,VALID,A,26,0
2026-07-16,600196.SH,SH_MAIN,1998-08-07,False,False,0,READY,463,1.0,2024-08-15,2026-07-16,sina_daily,qfq,VALID,A,26,0
2026-07-16,600197.SH,SH_MAIN,1999-09-16,False,False,0,READY,463,1.0,2024-08-15,2026-07-16,sina_daily,qfq,VALID,A,26,0
2026-07-16,600198.SH,SH_MAIN,1998-10-21,False,False,0,READY,463,1.0,2024-08-15,2026-07-16,sina_daily,qfq,VALID,A,26,0
2026-07-16,600199.SH,SH_MAIN,1998-08-12,False,False,0,READY,463,1.0,2024-08-15,2026-07-16,sina_daily,qfq,VALID,A,26,0
2026-07-16,600201.SH,SH_MAIN,1999-01-15,False,False,0,READY,463,1.0,2024-08-15,2026-07-16,sina_daily,qfq,VALID,A,26,0
2026-07-16,600202.SH,SH_MAIN,1999-06-03,False,False,0,READY,463,1.0,2024-08-15,2026-07-16,sina_daily,qfq,VALID,A,26,0
2026-07-16,600203.SH,SH_MAIN,1999-05-14,False,False,0,READY,463,1.0,2024-08-15,2026-07-16,sina_daily,qfq,VALID,A,26,0
2026-07-16,600206.SH,SH_MAIN,1999-03-19,False,False,0,READY,463,1.0,2024-08-15,2026-07-16,sina_daily,qfq,VALID,A,26,0
2026-07-16,600207.SH,SH_MAIN,1999-07-14,False,False,0,READY,463,1.0,2024-08-15,2026-07-16,sina_daily,qfq,VALID,A,26,0
2026-07-16,600208.SH,SH_MAIN,1999-06-23,False,False,0,READY,453,0.96,2024-08-15,2026-07-16,sina_daily,qfq,VALID,A,26,0
2026-07-16,600210.SH,SH_MAIN,1999-08-24,False,False,0,READY,463,1.0,2024-08-15,2026-07-16,sina_daily,qfq,VALID,A,26,0
2026-07-16,600211.SH,SH_MAIN,1999-07-21,False,False,0,READY,463,1.0,2024-08-15,2026-07-16,sina_daily,qfq,VALID,A,26,0
2026-07-16,600212.SH,SH_MAIN,1999-08-17,False,False,0,READY,463,1.0,2024-08-15,2026-07-16,sina_daily,qfq,VALID,A,26,0
2026-07-16,600215.SH,SH_MAIN,1999-09-09,False,False,0,READY,463,1.0,2024-08-15,2026-07-16,sina_daily,qfq,VALID,A,26,0
2026-07-16,600216.SH,SH_MAIN,1999-10-21,False,False,0,READY,463,1.0,2024-08-15,2026-07-16,sina_daily,qfq,VALID,A,26,0
2026-07-16,600217.SH,SH_MAIN,1999-12-16,False,False,0,READY,463,1.0,2024-08-15,2026-07-16,sina_daily,qfq,VALID,A,26,0
2026-07-16,600218.SH,SH_MAIN,1998-12-03,False,False,0,READY,463,1.0,2024-08-15,2026-07-16,sina_daily,qfq,VALID,A,26,0
2026-07-16,600219.SH,SH_MAIN,1999-12-23,False,False,0,READY,463,1.0,2024-08-15,2026-07-16,sina_daily,qfq,VALID,A,26,0
2026-07-16,600221.SH,SH_MAIN,1999-11-25,False,False,0,READY,463,1.0,2024-08-15,2026-07-16,sina_daily,qfq,VALID,A,26,0
2026-07-16,600222.SH,SH_MAIN,1999-11-05,False,False,0,READY,458,0.98,2024-08-15,2026-07-16,sina_daily,qfq,VALID,A,26,0
2026-07-16,600223.SH,SH_MAIN,2000-01-13,False,False,0,READY,463,1.0,2024-08-15,2026-07-16,sina_daily,qfq,VALID,A,26,0
2026-07-16,600226.SH,SH_MAIN,1999-11-16,False,False,0,READY,463,1.0,2024-08-15,2026-07-16,sina_daily,qfq,VALID,A,26,0
2026-07-16,600227.SH,SH_MAIN,2000-02-21,False,False,0,READY,463,1.0,2024-08-15,2026-07-16,sina_daily,qfq,VALID,A,26,0
2026-07-16,600228.SH,SH_MAIN,1999-01-19,False,False,0,READY,456,0.976,2024-08-15,2026-07-16,sina_daily,qfq,VALID,A,26,0
2026-07-16,600229.SH,SH_MAIN,2000-03-09,False,False,0,READY,463,1.0,2024-08-15,2026-07-16,sina_daily,qfq,VALID,A,26,0
2026-07-16,600230.SH,SH_MAIN,2000-04-06,False,False,0,READY,463,1.0,2024-08-15,2026-07-16,sina_daily,qfq,VALID,A,26,0
2026-07-16,600231.SH,SH_MAIN,2000-05-11,False,False,0,READY,463,1.0,2024-08-15,2026-07-16,sina_daily,qfq,VALID,A,26,0
2026-07-16,600232.SH,SH_MAIN,2000-06-02,False,False,0,READY,463,1.0,2024-08-15,2026-07-16,sina_daily,qfq,VALID,A,26,0
2026-07-16,600233.SH,SH_MAIN,2000-06-08,False,False,0,READY,463,1.0,2024-08-15,2026-07-16,sina_daily,qfq,VALID,A,26,0
2026-07-16,600234.SH,SH_MAIN,2000-06-15,False,False,0,READY,462,1.0,2024-08-15,2026-07-16,sina_daily,qfq,VALID,A,26,0
2026-07-16,600235.SH,SH_MAIN,2000-06-15,False,False,0,READY,463,1.0,2024-08-15,2026-07-16,sina_daily,qfq,VALID,A,26,0
2026-07-16,600236.SH,SH_MAIN,2000-03-23,False,False,0,READY,463,1.0,2024-08-15,2026-07-16,sina_daily,qfq,VALID,A,26,0
2026-07-16,600237.SH,SH_MAIN,2000-06-09,False,False,0,READY,463,1.0,2024-08-15,2026-07-16,sina_daily,qfq,VALID,A,26,0
2026-07-16,600238.SH,SH_MAIN,2000-01-20,True,False,0,READY,462,1.0,2024-08-15,2026-07-16,sina_daily,qfq,VALID,A,26,0
2026-07-16,600239.SH,SH_MAIN,1999-12-02,True,False,0,READY,462,0.996,2024-08-15,2026-07-16,sina_daily,qfq,VALID,A,26,0
2026-07-16,600241.SH,SH_MAIN,2000-11-28,False,False,0,READY,463,1.0,2024-08-15,2026-07-16,sina_daily,qfq,VALID,A,26,0
2026-07-16,600243.SH,SH_MAIN,2000-11-20,True,False,0,READY,457,0.98,2024-08-15,2026-07-16,sina_daily,qfq,VALID,A,26,0
2026-07-16,600246.SH,SH_MAIN,2000-09-22,False,False,0,READY,463,1.0,2024-08-15,2026-07-16,sina_daily,qfq,VALID,A,26,0
2026-07-16,600248.SH,SH_MAIN,2000-06-22,False,False,0,READY,463,1.0,2024-08-15,2026-07-16,sina_daily,qfq,VALID,A,26,0
2026-07-16,600249.SH,SH_MAIN,2004-01-30,False,False,0,READY,461,0.992,2024-08-15,2026-07-16,sina_daily,qfq,VALID,A,26,0
2026-07-16,600250.SH,SH_MAIN,2001-03-06,False,False,0,READY,458,1.0,2024-08-15,2026-07-16,sina_daily,qfq,VALID,A,26,0
2026-07-16,600251.SH,SH_MAIN,2003-06-09,False,False,0,READY,463,1.0,2024-08-15,2026-07-16,sina_daily,qfq,VALID,A,26,0
2026-07-16,600252.SH,SH_MAIN,2000-11-30,False,False,0,READY,463,1.0,2024-08-15,2026-07-16,sina_daily,qfq,VALID,A,26,0
2026-07-16,600255.SH,SH_MAIN,2000-11-22,False,False,0,READY,463,1.0,2024-08-15,2026-07-16,sina_daily,qfq,VALID,A,26,0
2026-07-16,600256.SH,SH_MAIN,2000-05-26,False,False,0,READY,463,1.0,2024-08-15,2026-07-16,sina_daily,qfq,VALID,A,26,0
2026-07-16,600257.SH,SH_MAIN,2000-06-12,False,False,0,READY,463,1.0,2024-08-15,2026-07-16,sina_daily,qfq,VALID,A,26,0
2026-07-16,600258.SH,SH_MAIN,2000-06-01,False,False,0,READY,463,1.0,2024-08-15,2026-07-16,sina_daily,qfq,VALID,A,26,0
2026-07-16,600259.SH,SH_MAIN,2000-05-25,False,False,0,READY,463,1.0,2024-08-15,2026-07-16,sina_daily,qfq,VALID,A,26,0
2026-07-16,600261.SH,SH_MAIN,2000-07-20,False,False,0,READY,463,1.0,2024-08-15,2026-07-16,sina_daily,qfq,VALID,A,26,0
2026-07-16,600262.SH,SH_MAIN,2000-06-30,False,False,0,READY,463,1.0,2024-08-15,2026-07-16,sina_daily,qfq,VALID,A,26,0
2026-07-16,600265.SH,SH_MAIN,2000-08-25,True,False,0,READY,461,0.996,2024-08-15,2026-07-16,sina_daily,qfq,VALID,A,26,0
2026-07-16,600266.SH,SH_MAIN,1999-02-03,False,False,0,READY,463,1.0,2024-08-15,2026-07-16,sina_daily,qfq,VALID,A,26,0
2026-07-16,600267.SH,SH_MAIN,2000-07-25,False,False,0,READY,463,1.0,2024-08-15,2026-07-16,sina_daily,qfq,VALID,A,26,0
2026-07-16,600268.SH,SH_MAIN,1999-11-18,False,False,0,READY,463,1.0,2024-08-15,2026-07-16,sina_daily,qfq,VALID,A,26,0
2026-07-16,600269.SH,SH_MAIN,2000-05-18,False,False,0,READY,463,1.0,2024-08-15,2026-07-16,sina_daily,qfq,VALID,A,26,0
2026-07-16,600271.SH,SH_MAIN,2003-07-11,False,False,0,READY,463,1.0,2024-08-15,2026-07-16,sina_daily,qfq,VALID,A,26,0
2026-07-16,600272.SH,SH_MAIN,2001-02-28,False,False,0,READY,463,1.0,2024-08-15,2026-07-16,sina_daily,qfq,VALID,A,26,0
2026-07-16,600273.SH,SH_MAIN,2003-06-27,False,False,0,READY,463,1.0,2024-08-15,2026-07-16,sina_daily,qfq,VALID,A,26,0
2026-07-16,600276.SH,SH_MAIN,2000-10-18,False,False,0,READY,463,1.0,2024-08-15,2026-07-16,sina_daily,qfq,VALID,A,26,0
2026-07-16,600278.SH,SH_MAIN,2000-07-12,False,False,0,READY,463,1.0,2024-08-15,2026-07-16,sina_daily,qfq,VALID,A,26,0
2026-07-16,600279.SH,SH_MAIN,2000-07-31,False,False,0,READY,463,1.0,2024-08-15,2026-07-16,sina_daily,qfq,VALID,A,26,0
2026-07-16,600280.SH,SH_MAIN,2000-09-26,False,False,0,READY,463,1.0,2024-08-15,2026-07-16,sina_daily,qfq,VALID,A,26,0
2026-07-16,600281.SH,SH_MAIN,2000-11-09,False,False,0,READY,463,1.0,2024-08-15,2026-07-16,sina_daily,qfq,VALID,A,26,0
2026-07-16,600282.SH,SH_MAIN,2000-09-19,False,False,0,READY,463,1.0,2024-08-15,2026-07-16,sina_daily,qfq,VALID,A,26,0
2026-07-16,600283.SH,SH_MAIN,2000-10-18,False,False,0,READY,463,1.0,2024-08-15,2026-07-16,sina_daily,qfq,VALID,A,26,0
2026-07-16,600284.SH,SH_MAIN,2004-03-16,False,False,0,READY,463,1.0,2024-08-15,2026-07-16,sina_daily,qfq,VALID,A,26,0
2026-07-16,600285.SH,SH_MAIN,2000-10-18,False,False,0,READY,463,1.0,2024-08-15,2026-07-16,sina_daily,qfq,VALID,A,26,0
2026-07-16,600287.SH,SH_MAIN,2000-09-01,False,False,0,READY,462,0.996,2024-08-15,2026-07-16,sina_daily,qfq,VALID,A,26,0
2026-07-16,600288.SH,SH_MAIN,2000-11-29,False,False,0,READY,463,1.0,2024-08-15,2026-07-16,sina_daily,qfq,VALID,A,26,0
2026-07-16,600289.SH,SH_MAIN,2000-07-20,True,False,0,READY,414,0.996,2024-08-15,2026-07-16,sina_daily,qfq,VALID,A,26,0
2026-07-16,600292.SH,SH_MAIN,2000-11-01,False,False,0,READY,453,1.0,2024-08-15,2026-07-16,sina_daily,qfq,VALID,A,26,0
2026-07-16,600293.SH,SH_MAIN,2000-09-19,False,False,0,READY,463,1.0,2024-08-15,2026-07-16,sina_daily,qfq,VALID,A,26,0
2026-07-16,600295.SH,SH_MAIN,2001-04-26,False,False,0,READY,463,1.0,2024-08-15,2026-07-16,sina_daily,qfq,VALID,A,26,0
2026-07-16,600298.SH,SH_MAIN,2000-08-18,False,False,0,READY,463,1.0,2024-08-15,2026-07-16,sina_daily,qfq,VALID,A,26,0
2026-07-16,600299.SH,SH_MAIN,2000-04-20,False,False,0,READY,463,1.0,2024-08-15,2026-07-16,sina_daily,qfq,VALID,A,26,0
2026-07-16,600300.SH,SH_MAIN,2000-06-30,False,False,0,READY,463,1.0,2024-08-15,2026-07-16,sina_daily,qfq,VALID,A,26,0
2026-07-16,600301.SH,SH_MAIN,2000-07-12,False,False,0,READY,463,1.0,2024-08-15,2026-07-16,sina_daily,qfq,VALID,A,26,0
2026-07-16,600302.SH,SH_MAIN,2000-12-13,True,False,0,READY,457,0.976,2024-08-15,2026-07-16,sina_daily,qfq,VALID,A,26,0
2026-07-16,600303.SH,SH_MAIN,2000-12-26,False,False,0,READY,462,1.0,2024-08-15,2026-07-16,sina_daily,qfq,VALID,A,26,0
2026-07-16,600305.SH,SH_MAIN,2001-02-06,False,False,0,READY,463,1.0,2024-08-15,2026-07-16,sina_daily,qfq,VALID,A,26,0
2026-07-16,600307.SH,SH_MAIN,2000-12-20,False,False,0,READY,463,1.0,2024-08-15,2026-07-16,sina_daily,qfq,VALID,A,26,0
2026-07-16,600308.SH,SH_MAIN,2000-09-28,False,False,0,READY,463,1.0,2024-08-15,2026-07-16,sina_daily,qfq,VALID,A,26,0
2026-07-16,600309.SH,SH_MAIN,2001-01-05,False,False,0,READY,463,1.0,2024-08-15,2026-07-16,sina_daily,qfq,VALID,A,26,0
2026-07-16,600310.SH,SH_MAIN,2001-02-28,False,False,0,READY,463,1.0,2024-08-15,2026-07-16,sina_daily,qfq,VALID,A,26,0
2026-07-16,600312.SH,SH_MAIN,2001-02-21,False,False,0,READY,463,1.0,2024-08-15,2026-07-16,sina_daily,qfq,VALID,A,26,0
2026-07-16,600313.SH,SH_MAIN,2001-01-19,False,False,0,READY,463,1.0,2024-08-15,2026-07-16,sina_daily,qfq,VALID,A,26,0
2026-07-16,600315.SH,SH_MAIN,2001-03-15,False,False,0,READY,463,1.0,2024-08-15,2026-07-16,sina_daily,qfq,VALID,A,26,0
2026-07-16,600316.SH,SH_MAIN,2000-12-15,False,False,0,READY,463,1.0,2024-08-15,2026-07-16,sina_daily,qfq,VALID,A,26,0
2026-07-16,600318.SH,SH_MAIN,2000-12-08,False,False,0,READY,463,1.0,2024-08-15,2026-07-16,sina_daily,qfq,VALID,A,26,0
2026-07-16,600319.SH,SH_MAIN,2001-03-26,False,False,0,READY,453,0.96,2024-08-15,2026-07-16,sina_daily,qfq,VALID,A,26,0
2026-07-16,600320.SH,SH_MAIN,2000-12-21,False,False,0,READY,463,1.0,2024-08-15,2026-07-16,sina_daily,qfq,VALID,A,26,0
2026-07-16,600322.SH,SH_MAIN,2001-09-10,False,False,0,READY,453,1.0,2024-08-15,2026-07-16,sina_daily,qfq,VALID,A,26,0
2026-07-16,600323.SH,SH_MAIN,2000-12-25,False,False,0,READY,461,0.992,2024-08-15,2026-07-16,sina_daily,qfq,VALID,A,26,0
2026-07-16,600325.SH,SH_MAIN,2004-02-25,False,False,0,READY,463,1.0,2024-08-15,2026-07-16,sina_daily,qfq,VALID,A,26,0
2026-07-16,600326.SH,SH_MAIN,2001-01-16,False,False,0,READY,463,1.0,2024-08-15,2026-07-16,sina_daily,qfq,VALID,A,26,0
2026-07-16,600327.SH,SH_MAIN,2002-06-25,False,False,0,READY,463,1.0,2024-08-15,2026-07-16,sina_daily,qfq,VALID,A,26,0
2026-07-16,600328.SH,SH_MAIN,2000-12-22,False,False,0,READY,463,1.0,2024-08-15,2026-07-16,sina_daily,qfq,VALID,A,26,0
2026-07-16,600329.SH,SH_MAIN,2001-06-06,False,False,0,READY,463,1.0,2024-08-15,2026-07-16,sina_daily,qfq,VALID,A,26,0
2026-07-16,600330.SH,SH_MAIN,2001-01-18,False,False,0,READY,463,1.0,2024-08-15,2026-07-16,sina_daily,qfq,VALID,A,26,0
2026-07-16,600331.SH,SH_MAIN,2001-12-20,False,False,0,READY,462,1.0,2024-08-15,2026-07-16,sina_daily,qfq,VALID,A,26,0
2026-07-16,600332.SH,SH_MAIN,2001-02-06,False,False,0,READY,463,1.0,2024-08-15,2026-07-16,sina_daily,qfq,VALID,A,26,0
2026-07-16,600333.SH,SH_MAIN,2000-12-11,False,False,0,READY,463,1.0,2024-08-15,2026-07-16,sina_daily,qfq,VALID,A,26,0
2026-07-16,600335.SH,SH_MAIN,2001-03-05,False,False,0,READY,463,1.0,2024-08-15,2026-07-16,sina_daily,qfq,VALID,A,26,0
2026-07-16,600336.SH,SH_MAIN,2000-12-29,False,False,0,READY,463,1.0,2024-08-15,2026-07-16,sina_daily,qfq,VALID,A,26,0
2026-07-16,600337.SH,SH_MAIN,2000-11-27,True,False,0,READY,452,0.956,2024-08-15,2026-07-16,sina_daily,qfq,VALID,A,26,0
2026-07-16,600338.SH,SH_MAIN,2000-12-27,False,False,0,READY,463,1.0,2024-08-15,2026-07-16,sina_daily,qfq,VALID,A,26,0
2026-07-16,600339.SH,SH_MAIN,2000-12-25,False,False,0,READY,463,1.0,2024-08-15,2026-07-16,sina_daily,qfq,VALID,A,26,0
2026-07-16,600340.SH,SH_MAIN,2003-12-30,True,False,0,READY,462,0.996,2024-08-15,2026-07-16,sina_daily,qfq,VALID,A,26,0
2026-07-16,600343.SH,SH_MAIN,2003-04-08,False,False,0,READY,463,1.0,2024-08-15,2026-07-16,sina_daily,qfq,VALID,A,26,0
2026-07-16,600345.SH,SH_MAIN,2000-12-22,False,False,0,READY,463,1.0,2024-08-15,2026-07-16,sina_daily,qfq,VALID,A,26,0
2026-07-16,600346.SH,SH_MAIN,2001-08-20,False,False,0,READY,463,1.0,2024-08-15,2026-07-16,sina_daily,qfq,VALID,A,26,0
2026-07-16,600348.SH,SH_MAIN,2003-08-21,False,False,0,READY,463,1.0,2024-08-15,2026-07-16,sina_daily,qfq,VALID,A,26,0
2026-07-16,600350.SH,SH_MAIN,2002-03-18,False,False,0,READY,463,1.0,2024-08-15,2026-07-16,sina_daily,qfq,VALID,A,26,0
2026-07-16,600351.SH,SH_MAIN,2002-09-26,False,False,0,READY,463,1.0,2024-08-15,2026-07-16,sina_daily,qfq,VALID,A,26,0
2026-07-16,600352.SH,SH_MAIN,2003-08-01,False,False,0,READY,463,1.0,2024-08-15,2026-07-16,sina_daily,qfq,VALID,A,26,0
2026-07-16,600353.SH,SH_MAIN,2002-11-20,False,False,0,READY,463,1.0,2024-08-15,2026-07-16,sina_daily,qfq,VALID,A,26,0
2026-07-16,600354.SH,SH_MAIN,2004-01-15,False,False,0,READY,463,1.0,2024-08-15,2026-07-16,sina_daily,qfq,VALID,A,26,0
2026-07-16,600356.SH,SH_MAIN,2001-04-19,False,False,0,READY,454,1.0,2024-08-15,2026-07-16,sina_daily,qfq,VALID,A,26,0
2026-07-16,600358.SH,SH_MAIN,2000-09-22,False,False,0,READY,452,0.996,2024-08-15,2026-07-16,sina_daily,qfq,VALID,A,26,0
2026-07-16,600359.SH,SH_MAIN,1999-04-29,False,False,0,READY,463,1.0,2024-08-15,2026-07-16,sina_daily,qfq,VALID,A,26,0
2026-07-16,600360.SH,SH_MAIN,2001-03-16,False,False,0,READY,452,0.98,2024-08-15,2026-07-16,sina_daily,qfq,VALID,A,26,0
2026-07-16,600361.SH,SH_MAIN,2001-11-29,False,False,0,READY,463,1.0,2024-08-15,2026-07-16,sina_daily,qfq,VALID,A,26,0
2026-07-16,600362.SH,SH_MAIN,2002-01-11,False,False,0,READY,463,1.0,2024-08-15,2026-07-16,sina_daily,qfq,VALID,A,26,0
2026-07-16,600363.SH,SH_MAIN,2001-03-29,False,False,0,READY,463,1.0,2024-08-15,2026-07-16,sina_daily,qfq,VALID,A,26,0
2026-07-16,600365.SH,SH_MAIN,2001-01-15,True,False,0,READY,463,1.0,2024-08-15,2026-07-16,sina_daily,qfq,VALID,A,26,0
2026-07-16,600366.SH,SH_MAIN,2000-10-30,False,False,0,READY,463,1.0,2024-08-15,2026-07-16,sina_daily,qfq,VALID,A,26,0
2026-07-16,600367.SH,SH_MAIN,2001-03-20,False,False,0,READY,463,1.0,2024-08-15,2026-07-16,sina_daily,qfq,VALID,A,26,0
2026-07-16,600368.SH,SH_MAIN,2000-12-21,False,False,0,READY,463,1.0,2024-08-15,2026-07-16,sina_daily,qfq,VALID,A,26,0
2026-07-16,600369.SH,SH_MAIN,2001-01-09,False,False,0,READY,463,1.0,2024-08-15,2026-07-16,sina_daily,qfq,VALID,A,26,0
2026-07-16,600370.SH,SH_MAIN,2003-03-06,True,False,0,READY,462,0.996,2024-08-15,2026-07-16,sina_daily,qfq,VALID,A,26,0
2026-07-16,600371.SH,SH_MAIN,2002-09-16,False,False,0,READY,463,1.0,2024-08-15,2026-07-16,sina_daily,qfq,VALID,A,26,0
2026-07-16,600372.SH,SH_MAIN,2001-07-06,False,False,0,READY,463,1.0,2024-08-15,2026-07-16,sina_daily,qfq,VALID,A,26,0
2026-07-16,600373.SH,SH_MAIN,2002-03-04,False,False,0,READY,463,1.0,2024-08-15,2026-07-16,sina_daily,qfq,VALID,A,26,0
2026-07-16,600375.SH,SH_MAIN,2003-04-01,False,False,0,READY,461,1.0,2024-08-15,2026-07-16,sina_daily,qfq,VALID,A,26,0
2026-07-16,600376.SH,SH_MAIN,2001-03-12,False,False,0,READY,463,1.0,2024-08-15,2026-07-16,sina_daily,qfq,VALID,A,26,0
2026-07-16,600377.SH,SH_MAIN,2001-01-16,False,False,0,READY,463,1.0,2024-08-15,2026-07-16,sina_daily,qfq,VALID,A,26,0
2026-07-16,600378.SH,SH_MAIN,2001-01-11,False,False,0,READY,463,1.0,2024-08-15,2026-07-16,sina_daily,qfq,VALID,A,26,0
2026-07-16,600379.SH,SH_MAIN,2002-01-16,False,False,0,READY,463,1.0,2024-08-15,2026-07-16,sina_daily,qfq,VALID,A,26,0
2026-07-16,600380.SH,SH_MAIN,2001-06-08,False,False,0,READY,463,1.0,2024-08-15,2026-07-16,sina_daily,qfq,VALID,A,26,0
2026-07-16,600381.SH,SH_MAIN,2001-05-08,True,False,0,READY,462,1.0,2024-08-15,2026-07-16,sina_daily,qfq,VALID,A,26,0
2026-07-16,600382.SH,SH_MAIN,2001-01-18,False,False,0,READY,463,1.0,2024-08-15,2026-07-16,sina_daily,qfq,VALID,A,26,0
2026-07-16,600383.SH,SH_MAIN,2001-04-12,False,False,0,READY,463,1.0,2024-08-15,2026-07-16,sina_daily,qfq,VALID,A,26,0
2026-07-16,600386.SH,SH_MAIN,2001-02-16,False,False,0,READY,463,1.0,2024-08-15,2026-07-16,sina_daily,qfq,VALID,A,26,0
2026-07-16,600388.SH,SH_MAIN,2000-12-29,False,False,0,READY,463,1.0,2024-08-15,2026-07-16,sina_daily,qfq,VALID,A,26,0
2026-07-16,600389.SH,SH_MAIN,2001-01-10,False,False,0,READY,463,1.0,2024-08-15,2026-07-16,sina_daily,qfq,VALID,A,26,0
2026-07-16,600390.SH,SH_MAIN,2001-01-15,False,False,0,READY,463,1.0,2024-08-15,2026-07-16,sina_daily,qfq,VALID,A,26,0
2026-07-16,600391.SH,SH_MAIN,2001-12-12,False,False,0,READY,463,1.0,2024-08-15,2026-07-16,sina_daily,qfq,VALID,A,26,0
2026-07-16,600392.SH,SH_MAIN,2003-05-29,False,False,0,READY,463,1.0,2024-08-15,2026-07-16,sina_daily,qfq,VALID,A,26,0
2026-07-16,600395.SH,SH_MAIN,2001-05-31,False,False,0,READY,463,1.0,2024-08-15,2026-07-16,sina_daily,qfq,VALID,A,26,0
2026-07-16,600396.SH,SH_MAIN,2001-03-28,False,False,0,READY,463,1.0,2024-08-15,2026-07-16,sina_daily,qfq,VALID,A,26,0
2026-07-16,600397.SH,SH_MAIN,2002-07-02,False,False,0,READY,463,1.0,2024-08-15,2026-07-16,sina_daily,qfq,VALID,A,26,0
2026-07-16,600398.SH,SH_MAIN,2000-12-28,False,False,0,READY,463,1.0,2024-08-15,2026-07-16,sina_daily,qfq,VALID,A,26,0
2026-07-16,600399.SH,SH_MAIN,2000-12-29,False,False,0,READY,462,0.996,2024-08-15,2026-07-16,sina_daily,qfq,VALID,A,26,0
2026-07-16,600400.SH,SH_MAIN,2001-01-08,False,False,0,READY,463,1.0,2024-08-15,2026-07-16,sina_daily,qfq,VALID,A,26,0
2026-07-16,600403.SH,SH_MAIN,2003-10-09,False,False,0,READY,463,1.0,2024-08-15,2026-07-16,sina_daily,qfq,VALID,A,26,0
2026-07-16,600405.SH,SH_MAIN,2004-04-01,False,False,0,READY,458,0.98,2024-08-15,2026-07-16,sina_daily,qfq,VALID,A,26,0
2026-07-16,600406.SH,SH_MAIN,2003-10-16,False,False,0,READY,463,1.0,2024-08-15,2026-07-16,sina_daily,qfq,VALID,A,26,0
2026-07-16,600408.SH,SH_MAIN,2003-02-12,False,False,0,READY,463,1.0,2024-08-15,2026-07-16,sina_daily,qfq,VALID,A,26,0
2026-07-16,600409.SH,SH_MAIN,2003-06-18,False,False,0,READY,463,1.0,2024-08-15,2026-07-16,sina_daily,qfq,VALID,A,26,0
2026-07-16,600410.SH,SH_MAIN,2004-04-27,False,False,0,READY,463,1.0,2024-08-15,2026-07-16,sina_daily,qfq,VALID,A,26,0
2026-07-16,600415.SH,SH_MAIN,2002-05-09,False,False,0,READY,463,1.0,2024-08-15,2026-07-16,sina_daily,qfq,VALID,A,26,0
2026-07-16,600416.SH,SH_MAIN,2002-07-18,False,False,0,READY,463,1.0,2024-08-15,2026-07-16,sina_daily,qfq,VALID,A,26,0
2026-07-16,600418.SH,SH_MAIN,2001-08-24,False,False,0,READY,463,1.0,2024-08-15,2026-07-16,sina_daily,qfq,VALID,A,26,0
2026-07-16,600419.SH,SH_MAIN,2001-06-28,False,False,0,READY,463,1.0,2024-08-15,2026-07-16,sina_daily,qfq,VALID,A,26,0
2026-07-16,600420.SH,SH_MAIN,2004-06-16,False,False,0,READY,463,1.0,2024-08-15,2026-07-16,sina_daily,qfq,VALID,A,26,0
2026-07-16,600422.SH,SH_MAIN,2000-12-06,False,False,0,READY,463,1.0,2024-08-15,2026-07-16,sina_daily,qfq,VALID,A,26,0
2026-07-16,600423.SH,SH_MAIN,2003-07-17,True,False,0,READY,462,0.996,2024-08-15,2026-07-16,sina_daily,qfq,VALID,A,26,0
2026-07-16,600425.SH,SH_MAIN,2003-07-24,False,False,0,READY,463,1.0,2024-08-15,2026-07-16,sina_daily,qfq,VALID,A,26,0
2026-07-16,600426.SH,SH_MAIN,2002-06-20,False,False,0,READY,463,1.0,2024-08-15,2026-07-16,sina_daily,qfq,VALID,A,26,0
2026-07-16,600428.SH,SH_MAIN,2002-04-18,False,False,0,READY,463,1.0,2024-08-15,2026-07-16,sina_daily,qfq,VALID,A,26,0
2026-07-16,600429.SH,SH_MAIN,2003-09-15,False,False,0,READY,463,1.0,2024-08-15,2026-07-16,sina_daily,qfq,VALID,A,26,0
2026-07-16,600433.SH,SH_MAIN,2003-06-19,False,False,0,READY,463,1.0,2024-08-15,2026-07-16,sina_daily,qfq,VALID,A,26,0
2026-07-16,600435.SH,SH_MAIN,2003-07-04,False,False,0,READY,463,1.0,2024-08-15,2026-07-16,sina_daily,qfq,VALID,A,26,0
2026-07-16,600436.SH,SH_MAIN,2003-06-16,False,False,0,READY,463,1.0,2024-08-15,2026-07-16,sina_daily,qfq,VALID,A,26,0
2026-07-16,600438.SH,SH_MAIN,2004-03-02,False,False,0,READY,453,0.96,2024-08-15,2026-07-16,sina_daily,qfq,VALID,A,26,0
2026-07-16,600439.SH,SH_MAIN,2003-07-10,False,False,0,READY,463,1.0,2024-08-15,2026-07-16,sina_daily,qfq,VALID,A,26,0
2026-07-16,600444.SH,SH_MAIN,2004-02-19,False,False,0,READY,463,1.0,2024-08-15,2026-07-16,sina_daily,qfq,VALID,A,26,0
2026-07-16,600446.SH,SH_MAIN,2003-12-24,False,False,0,READY,458,1.0,2024-08-15,2026-07-16,sina_daily,qfq,VALID,A,26,0
2026-07-16,600448.SH,SH_MAIN,2001-09-03,False,False,0,READY,463,1.0,2024-08-15,2026-07-16,sina_daily,qfq,VALID,A,26,0
2026-07-16,600449.SH,SH_MAIN,2003-08-29,False,False,0,READY,463,1.0,2024-08-15,2026-07-16,sina_daily,qfq,VALID,A,26,0
2026-07-16,600452.SH,SH_MAIN,2004-03-03,False,False,0,READY,463,1.0,2024-08-15,2026-07-16,sina_daily,qfq,VALID,A,26,0
2026-07-16,600455.SH,SH_MAIN,2004-03-29,False,False,0,READY,463,1.0,2024-08-15,2026-07-16,sina_daily,qfq,VALID,A,26,0
2026-07-16,600456.SH,SH_MAIN,2002-04-12,False,False,0,READY,463,1.0,2024-08-15,2026-07-16,sina_daily,qfq,VALID,A,26,0
2026-07-16,600458.SH,SH_MAIN,2002-12-19,False,False,0,READY,463,1.0,2024-08-15,2026-07-16,sina_daily,qfq,VALID,A,26,0
2026-07-16,600459.SH,SH_MAIN,2003-05-16,False,False,0,READY,463,1.0,2024-08-15,2026-07-16,sina_daily,qfq,VALID,A,26,0
2026-07-16,600460.SH,SH_MAIN,2003-03-11,False,False,0,READY,463,1.0,2024-08-15,2026-07-16,sina_daily,qfq,VALID,A,26,0
2026-07-16,600461.SH,SH_MAIN,2004-06-01,False,False,0,READY,463,1.0,2024-08-15,2026-07-16,sina_daily,qfq,VALID,A,26,0
2026-07-16,600463.SH,SH_MAIN,2004-03-18,False,False,0,READY,463,1.0,2024-08-15,2026-07-16,sina_daily,qfq,VALID,A,26,0
2026-07-16,600467.SH,SH_MAIN,2004-04-05,False,False,0,READY,463,1.0,2024-08-15,2026-07-16,sina_daily,qfq,VALID,A,26,0
2026-07-16,600468.SH,SH_MAIN,2001-06-15,False,False,0,READY,463,1.0,2024-08-15,2026-07-16,sina_daily,qfq,VALID,A,26,0
2026-07-16,600469.SH,SH_MAIN,2003-10-21,False,False,0,READY,463,1.0,2024-08-15,2026-07-16,sina_daily,qfq,VALID,A,26,0
2026-07-16,600470.SH,SH_MAIN,2004-03-05,False,False,0,READY,463,1.0,2024-08-15,2026-07-16,sina_daily,qfq,VALID,A,26,0
2026-07-16,600475.SH,SH_MAIN,2003-07-21,False,False,0,READY,463,1.0,2024-08-15,2026-07-16,sina_daily,qfq,VALID,A,26,0
2026-07-16,600476.SH,SH_MAIN,2003-12-10,True,False,0,READY,462,0.996,2024-08-15,2026-07-16,sina_daily,qfq,VALID,A,26,0
2026-07-16,600477.SH,SH_MAIN,2003-11-10,False,False,0,READY,463,1.0,2024-08-15,2026-07-16,sina_daily,qfq,VALID,A,26,0
2026-07-16,600478.SH,SH_MAIN,2003-09-18,False,False,0,READY,463,1.0,2024-08-15,2026-07-16,sina_daily,qfq,VALID,A,26,0
2026-07-16,600479.SH,SH_MAIN,2004-03-12,False,False,0,READY,454,1.0,2024-08-15,2026-07-16,sina_daily,qfq,VALID,A,26,0
2026-07-16,600480.SH,SH_MAIN,2003-08-15,False,False,0,READY,463,1.0,2024-08-15,2026-07-16,sina_daily,qfq,VALID,A,26,0
2026-07-16,600481.SH,SH_MAIN,2003-04-22,False,False,0,READY,463,1.0,2024-08-15,2026-07-16,sina_daily,qfq,VALID,A,26,0
2026-07-16,600482.SH,SH_MAIN,2004-07-14,False,False,0,READY,453,1.0,2024-08-15,2026-07-16,sina_daily,qfq,VALID,A,26,0
2026-07-16,600483.SH,SH_MAIN,2004-05-31,False,False,0,READY,463,1.0,2024-08-15,2026-07-16,sina_daily,qfq,VALID,A,26,0
2026-07-16,600486.SH,SH_MAIN,2002-04-25,False,False,0,READY,463,1.0,2024-08-15,2026-07-16,sina_daily,qfq,VALID,A,26,0
2026-07-16,600487.SH,SH_MAIN,2003-08-22,False,False,0,READY,463,1.0,2024-08-15,2026-07-16,sina_daily,qfq,VALID,A,26,0
2026-07-16,600488.SH,SH_MAIN,2001-06-18,False,False,0,READY,463,1.0,2024-08-15,2026-07-16,sina_daily,qfq,VALID,A,26,0
2026-07-16,600489.SH,SH_MAIN,2003-08-14,False,False,0,READY,463,1.0,2024-08-15,2026-07-16,sina_daily,qfq,VALID,A,26,0
2026-07-16,600490.SH,SH_MAIN,2003-06-26,False,False,0,READY,463,1.0,2024-08-15,2026-07-16,sina_daily,qfq,VALID,A,26,0
2026-07-16,600491.SH,SH_MAIN,2004-05-24,True,False,0,READY,457,0.976,2024-08-15,2026-07-16,sina_daily,qfq,VALID,A,26,0
2026-07-16,600493.SH,SH_MAIN,2004-04-21,False,False,0,READY,463,1.0,2024-08-15,2026-07-16,sina_daily,qfq,VALID,A,26,0
2026-07-16,600495.SH,SH_MAIN,2004-05-26,False,False,0,READY,463,1.0,2024-08-15,2026-07-16,sina_daily,qfq,VALID,A,26,0
2026-07-16,600496.SH,SH_MAIN,2002-06-05,False,False,0,READY,463,1.0,2024-08-15,2026-07-16,sina_daily,qfq,VALID,A,26,0
2026-07-16,600497.SH,SH_MAIN,2004-04-20,False,False,0,READY,463,1.0,2024-08-15,2026-07-16,sina_daily,qfq,VALID,A,26,0
2026-07-16,600498.SH,SH_MAIN,2001-08-23,False,False,0,READY,463,1.0,2024-08-15,2026-07-16,sina_daily,qfq,VALID,A,26,0
2026-07-16,600499.SH,SH_MAIN,2002-10-10,False,False,0,READY,453,0.96,2024-08-15,2026-07-16,sina_daily,qfq,VALID,A,26,0
2026-07-16,600500.SH,SH_MAIN,2000-03-01,False,False,0,READY,454,0.964,2024-08-15,2026-07-16,sina_daily,qfq,VALID,A,26,0
2026-07-16,600501.SH,SH_MAIN,2001-06-15,False,False,0,READY,463,1.0,2024-08-15,2026-07-16,sina_daily,qfq,VALID,A,26,0
2026-07-16,600502.SH,SH_MAIN,2003-04-15,False,False,0,READY,463,1.0,2024-08-15,2026-07-16,sina_daily,qfq,VALID,A,26,0
2026-07-16,600503.SH,SH_MAIN,2002-07-09,False,False,0,READY,463,1.0,2024-08-15,2026-07-16,sina_daily,qfq,VALID,A,26,0
2026-07-16,600505.SH,SH_MAIN,2002-05-30,False,False,0,READY,463,1.0,2024-08-15,2026-07-16,sina_daily,qfq,VALID,A,26,0
2026-07-16,600506.SH,SH_MAIN,2001-12-26,False,False,0,READY,463,1.0,2024-08-15,2026-07-16,sina_daily,qfq,VALID,A,26,0
2026-07-16,600507.SH,SH_MAIN,2003-09-30,False,False,0,READY,463,1.0,2024-08-15,2026-07-16,sina_daily,qfq,VALID,A,26,0
2026-07-16,600508.SH,SH_MAIN,2001-08-29,False,False,0,READY,463,1.0,2024-08-15,2026-07-16,sina_daily,qfq,VALID,A,26,0
2026-07-16,600509.SH,SH_MAIN,2002-02-28,False,False,0,READY,463,1.0,2024-08-15,2026-07-16,sina_daily,qfq,VALID,A,26,0
2026-07-16,600510.SH,SH_MAIN,2002-06-18,False,False,0,READY,463,1.0,2024-08-15,2026-07-16,sina_daily,qfq,VALID,A,26,0
2026-07-16,600511.SH,SH_MAIN,2002-11-27,False,False,0,READY,463,1.0,2024-08-15,2026-07-16,sina_daily,qfq,VALID,A,26,0
2026-07-16,600512.SH,SH_MAIN,2002-12-26,False,False,0,READY,463,1.0,2024-08-15,2026-07-16,sina_daily,qfq,VALID,A,26,0
2026-07-16,600513.SH,SH_MAIN,2003-03-19,False,False,0,READY,463,1.0,2024-08-15,2026-07-16,sina_daily,qfq,VALID,A,26,0
2026-07-16,600515.SH,SH_MAIN,2002-08-06,False,False,0,READY,463,1.0,2024-08-15,2026-07-16,sina_daily,qfq,VALID,A,26,0
2026-07-16,600516.SH,SH_MAIN,2002-08-30,False,False,0,READY,463,1.0,2024-08-15,2026-07-16,sina_daily,qfq,VALID,A,26,0
2026-07-16,600517.SH,SH_MAIN,2003-10-10,False,False,0,READY,463,1.0,2024-08-15,2026-07-16,sina_daily,qfq,VALID,A,26,0
2026-07-16,600518.SH,SH_MAIN,2001-03-19,False,False,0,READY,463,1.0,2024-08-15,2026-07-16,sina_daily,qfq,VALID,A,26,0
2026-07-16,600519.SH,SH_MAIN,2001-08-27,False,False,0,READY,463,1.0,2024-08-15,2026-07-16,sina_daily,qfq,VALID,A,26,0
2026-07-16,600520.SH,SH_MAIN,2002-01-08,False,False,0,READY,458,1.0,2024-08-15,2026-07-16,sina_daily,qfq,VALID,A,26,0
2026-07-16,600521.SH,SH_MAIN,2003-03-04,False,False,0,READY,463,1.0,2024-08-15,2026-07-16,sina_daily,qfq,VALID,A,26,0
2026-07-16,600522.SH,SH_MAIN,2002-10-24,False,False,0,READY,463,1.0,2024-08-15,2026-07-16,sina_daily,qfq,VALID,A,26,0
2026-07-16,600523.SH,SH_MAIN,2001-12-27,False,False,0,READY,463,1.0,2024-08-15,2026-07-16,sina_daily,qfq,VALID,A,26,0
2026-07-16,600525.SH,SH_MAIN,2002-12-02,True,False,0,READY,462,1.0,2024-08-15,2026-07-16,sina_daily,qfq,VALID,A,26,0
2026-07-16,600526.SH,SH_MAIN,2002-07-22,False,False,0,READY,463,1.0,2024-08-15,2026-07-16,sina_daily,qfq,VALID,A,26,0
2026-07-16,600527.SH,SH_MAIN,2003-11-27,False,False,0,READY,463,1.0,2024-08-15,2026-07-16,sina_daily,qfq,VALID,A,26,0
2026-07-16,600528.SH,SH_MAIN,2001-05-28,False,False,0,READY,463,1.0,2024-08-15,2026-07-16,sina_daily,qfq,VALID,A,26,0
2026-07-16,600529.SH,SH_MAIN,2002-06-03,False,False,0,READY,463,1.0,2024-08-15,2026-07-16,sina_daily,qfq,VALID,A,26,0
2026-07-16,600530.SH,SH_MAIN,2001-07-02,False,False,0,READY,462,1.0,2024-08-15,2026-07-16,sina_daily,qfq,VALID,A,26,0
2026-07-16,600531.SH,SH_MAIN,2002-07-30,False,False,0,READY,463,1.0,2024-08-15,2026-07-16,sina_daily,qfq,VALID,A,26,0
2026-07-16,600533.SH,SH_MAIN,2002-03-28,False,False,0,READY,463,1.0,2024-08-15,2026-07-16,sina_daily,qfq,VALID,A,26,0
2026-07-16,600535.SH,SH_MAIN,2002-08-23,False,False,0,READY,463,1.0,2024-08-15,2026-07-16,sina_daily,qfq,VALID,A,26,0
2026-07-16,600536.SH,SH_MAIN,2002-05-17,False,False,0,READY,463,1.0,2024-08-15,2026-07-16,sina_daily,qfq,VALID,A,26,0
2026-07-16,600537.SH,SH_MAIN,2003-01-23,True,False,0,READY,462,0.996,2024-08-15,2026-07-16,sina_daily,qfq,VALID,A,26,0
2026-07-16,600538.SH,SH_MAIN,2003-01-14,False,False,0,READY,463,1.0,2024-08-15,2026-07-16,sina_daily,qfq,VALID,A,26,0
2026-07-16,600539.SH,SH_MAIN,2001-08-24,False,False,0,READY,453,1.0,2024-08-15,2026-07-16,sina_daily,qfq,VALID,A,26,0
2026-07-16,600540.SH,SH_MAIN,2004-01-07,False,False,0,READY,463,1.0,2024-08-15,2026-07-16,sina_daily,qfq,VALID,A,26,0
2026-07-16,600543.SH,SH_MAIN,2004-03-24,True,False,0,READY,462,0.996,2024-08-15,2026-07-16,sina_daily,qfq,VALID,A,26,0
2026-07-16,600545.SH,SH_MAIN,2003-12-03,False,False,0,READY,463,1.0,2024-08-15,2026-07-16,sina_daily,qfq,VALID,A,26,0
2026-07-16,600546.SH,SH_MAIN,2003-07-31,False,False,0,READY,463,1.0,2024-08-15,2026-07-16,sina_daily,qfq,VALID,A,26,0
2026-07-16,600547.SH,SH_MAIN,2003-08-28,False,False,0,READY,463,1.0,2024-08-15,2026-07-16,sina_daily,qfq,VALID,A,26,0
2026-07-16,600548.SH,SH_MAIN,2001-12-25,False,False,0,READY,463,1.0,2024-08-15,2026-07-16,sina_daily,qfq,VALID,A,26,0
2026-07-16,600549.SH,SH_MAIN,2002-11-07,False,False,0,READY,463,1.0,2024-08-15,2026-07-16,sina_daily,qfq,VALID,A,26,0
2026-07-16,600550.SH,SH_MAIN,2001-02-28,False,False,0,READY,463,1.0,2024-08-15,2026-07-16,sina_daily,qfq,VALID,A,26,0
2026-07-16,600551.SH,SH_MAIN,2002-09-05,False,False,0,READY,463,1.0,2024-08-15,2026-07-16,sina_daily,qfq,VALID,A,26,0
2026-07-16,600552.SH,SH_MAIN,2002-11-08,False,False,0,READY,463,1.0,2024-08-15,2026-07-16,sina_daily,qfq,VALID,A,26,0
2026-07-16,600556.SH,SH_MAIN,2001-08-07,False,False,0,READY,463,1.0,2024-08-15,2026-07-16,sina_daily,qfq,VALID,A,26,0
2026-07-16,600557.SH,SH_MAIN,2002-09-18,False,False,0,READY,463,1.0,2024-08-15,2026-07-16,sina_daily,qfq,VALID,A,26,0
2026-07-16,600558.SH,SH_MAIN,2001-02-27,False,False,0,READY,463,1.0,2024-08-15,2026-07-16,sina_daily,qfq,VALID,A,26,0
2026-07-16,600559.SH,SH_MAIN,2002-10-29,False,False,0,READY,463,1.0,2024-08-15,2026-07-16,sina_daily,qfq,VALID,A,26,0
2026-07-16,600560.SH,SH_MAIN,2002-09-19,False,False,0,READY,463,1.0,2024-08-15,2026-07-16,sina_daily,qfq,VALID,A,26,0
2026-07-16,600561.SH,SH_MAIN,2002-07-16,False,False,0,READY,463,1.0,2024-08-15,2026-07-16,sina_daily,qfq,VALID,A,26,0
2026-07-16,600562.SH,SH_MAIN,2003-01-28,False,False,0,READY,463,1.0,2024-08-15,2026-07-16,sina_daily,qfq,VALID,A,26,0
2026-07-16,600563.SH,SH_MAIN,2002-12-10,False,False,0,READY,463,1.0,2024-08-15,2026-07-16,sina_daily,qfq,VALID,A,26,0
2026-07-16,600566.SH,SH_MAIN,2001-08-22,False,False,0,READY,462,0.996,2024-08-15,2026-07-16,sina_daily,qfq,VALID,A,26,0
2026-07-16,600567.SH,SH_MAIN,2001-12-18,False,False,0,READY,463,1.0,2024-08-15,2026-07-16,sina_daily,qfq,VALID,A,26,0
2026-07-16,600568.SH,SH_MAIN,2001-05-18,True,False,0,READY,463,1.0,2024-08-15,2026-07-16,sina_daily,qfq,VALID,A,26,0
2026-07-16,600569.SH,SH_MAIN,2001-08-20,False,False,0,READY,463,1.0,2024-08-15,2026-07-16,sina_daily,qfq,VALID,A,26,0
2026-07-16,600570.SH,SH_MAIN,2003-12-16,False,False,0,READY,463,1.0,2024-08-15,2026-07-16,sina_daily,qfq,VALID,A,26,0
2026-07-16,600571.SH,SH_MAIN,2002-11-01,False,False,0,READY,463,1.0,2024-08-15,2026-07-16,sina_daily,qfq,VALID,A,26,0
2026-07-16,600572.SH,SH_MAIN,2004-04-12,False,False,0,READY,463,1.0,2024-08-15,2026-07-16,sina_daily,qfq,VALID,A,26,0
2026-07-16,600573.SH,SH_MAIN,2003-02-26,False,False,0,READY,463,1.0,2024-08-15,2026-07-16,sina_daily,qfq,VALID,A,26,0
2026-07-16,600575.SH,SH_MAIN,2003-03-28,False,False,0,READY,453,1.0,2024-08-15,2026-07-16,sina_daily,qfq,VALID,A,26,0
2026-07-16,600576.SH,SH_MAIN,2003-02-20,False,False,0,READY,463,1.0,2024-08-15,2026-07-16,sina_daily,qfq,VALID,A,26,0
2026-07-16,600577.SH,SH_MAIN,2002-09-11,False,False,0,READY,463,1.0,2024-08-15,2026-07-16,sina_daily,qfq,VALID,A,26,0
2026-07-16,600578.SH,SH_MAIN,2002-05-10,False,False,0,READY,463,1.0,2024-08-15,2026-07-16,sina_daily,qfq,VALID,A,26,0
2026-07-16,600579.SH,SH_MAIN,2002-08-09,False,False,0,READY,453,0.96,2024-08-15,2026-07-16,sina_daily,qfq,VALID,A,26,0
2026-07-16,600580.SH,SH_MAIN,2002-06-06,False,False,0,READY,463,1.0,2024-08-15,2026-07-16,sina_daily,qfq,VALID,A,26,0
2026-07-16,600581.SH,SH_MAIN,2002-08-16,True,False,0,READY,462,0.996,2024-08-15,2026-07-16,sina_daily,qfq,VALID,A,26,0
2026-07-16,600582.SH,SH_MAIN,2002-05-15,False,False,0,READY,463,1.0,2024-08-15,2026-07-16,sina_daily,qfq,VALID,A,26,0
2026-07-16,600583.SH,SH_MAIN,2002-02-05,False,False,0,READY,463,1.0,2024-08-15,2026-07-16,sina_daily,qfq,VALID,A,26,0
2026-07-16,600584.SH,SH_MAIN,2003-06-03,False,False,0,READY,463,1.0,2024-08-15,2026-07-16,sina_daily,qfq,VALID,A,26,0
2026-07-16,600585.SH,SH_MAIN,2002-02-07,False,False,0,READY,463,1.0,2024-08-15,2026-07-16,sina_daily,qfq,VALID,A,26,0
2026-07-16,600586.SH,SH_MAIN,2002-08-15,False,False,0,READY,463,1.0,2024-08-15,2026-07-16,sina_daily,qfq,VALID,A,26,0
2026-07-16,600587.SH,SH_MAIN,2002-09-27,False,False,0,READY,463,1.0,2024-08-15,2026-07-16,sina_daily,qfq,VALID,A,26,0
2026-07-16,600588.SH,SH_MAIN,2001-05-18,False,False,0,READY,463,1.0,2024-08-15,2026-07-16,sina_daily,qfq,VALID,A,26,0
2026-07-16,600589.SH,SH_MAIN,2001-06-12,False,False,0,READY,463,1.0,2024-08-15,2026-07-16,sina_daily,qfq,VALID,A,26,0
2026-07-16,600590.SH,SH_MAIN,2002-07-03,False,False,0,READY,453,1.0,2024-08-15,2026-07-16,sina_daily,qfq,VALID,A,26,0
2026-07-16,600592.SH,SH_MAIN,2002-08-05,False,False,0,READY,463,1.0,2024-08-15,2026-07-16,sina_daily,qfq,VALID,A,26,0
2026-07-16,600593.SH,SH_MAIN,2002-07-11,False,False,0,READY,458,0.98,2024-08-15,2026-07-16,sina_daily,qfq,VALID,A,26,0
2026-07-16,600594.SH,SH_MAIN,2004-03-23,False,False,0,READY,463,1.0,2024-08-15,2026-07-16,sina_daily,qfq,VALID,A,26,0
2026-07-16,600595.SH,SH_MAIN,2002-06-26,False,False,0,READY,463,1.0,2024-08-15,2026-07-16,sina_daily,qfq,VALID,A,26,0
2026-07-16,600596.SH,SH_MAIN,2001-09-06,False,False,0,READY,463,1.0,2024-08-15,2026-07-16,sina_daily,qfq,VALID,A,26,0
2026-07-16,600597.SH,SH_MAIN,2002-08-28,False,False,0,READY,463,1.0,2024-08-15,2026-07-16,sina_daily,qfq,VALID,A,26,0
2026-07-16,600598.SH,SH_MAIN,2002-03-29,False,False,0,READY,463,1.0,2024-08-15,2026-07-16,sina_daily,qfq,VALID,A,26,0
2026-07-16,600600.SH,SH_MAIN,1993-08-27,False,False,0,READY,463,1.0,2024-08-15,2026-07-16,sina_daily,qfq,VALID,A,26,0
2026-07-16,600601.SH,SH_MAIN,1990-12-19,False,False,0,READY,463,1.0,2024-08-15,2026-07-16,sina_daily,qfq,VALID,A,26,0
2026-07-16,600602.SH,SH_MAIN,1990-12-19,False,False,0,READY,463,1.0,2024-08-15,2026-07-16,sina_daily,qfq,VALID,A,26,0
2026-07-16,600603.SH,SH_MAIN,1992-01-13,False,False,0,READY,461,0.996,2024-08-15,2026-07-16,sina_daily,qfq,VALID,A,26,0
2026-07-16,600604.SH,SH_MAIN,1992-03-27,False,False,0,READY,463,1.0,2024-08-15,2026-07-16,sina_daily,qfq,VALID,A,26,0
2026-07-16,600605.SH,SH_MAIN,1992-03-27,False,False,0,READY,463,1.0,2024-08-15,2026-07-16,sina_daily,qfq,VALID,A,26,0
2026-07-16,600606.SH,SH_MAIN,1992-03-27,False,False,0,READY,463,1.0,2024-08-15,2026-07-16,sina_daily,qfq,VALID,A,26,0
2026-07-16,600609.SH,SH_MAIN,1992-07-24,False,False,0,READY,463,1.0,2024-08-15,2026-07-16,sina_daily,qfq,VALID,A,26,0
2026-07-16,600610.SH,SH_MAIN,1992-08-05,False,False,0,READY,463,1.0,2024-08-15,2026-07-16,sina_daily,qfq,VALID,A,26,0
2026-07-16,600611.SH,SH_MAIN,1992-08-07,False,False,0,READY,463,1.0,2024-08-15,2026-07-16,sina_daily,qfq,VALID,A,26,0
2026-07-16,600612.SH,SH_MAIN,1992-08-14,False,False,0,READY,463,1.0,2024-08-15,2026-07-16,sina_daily,qfq,VALID,A,26,0
2026-07-16,600613.SH,SH_MAIN,1992-08-20,False,False,0,READY,463,1.0,2024-08-15,2026-07-16,sina_daily,qfq,VALID,A,26,0
2026-07-16,600615.SH,SH_MAIN,1992-09-10,False,False,0,READY,463,1.0,2024-08-15,2026-07-16,sina_daily,qfq,VALID,A,26,0
2026-07-16,600616.SH,SH_MAIN,1992-09-29,False,False,0,READY,463,1.0,2024-08-15,2026-07-16,sina_daily,qfq,VALID,A,26,0
2026-07-16,600617.SH,SH_MAIN,1992-10-13,False,False,0,READY,463,1.0,2024-08-15,2026-07-16,sina_daily,qfq,VALID,A,26,0
2026-07-16,600618.SH,SH_MAIN,1992-11-13,False,False,0,READY,463,1.0,2024-08-15,2026-07-16,sina_daily,qfq,VALID,A,26,0
2026-07-16,600619.SH,SH_MAIN,1992-11-16,False,False,0,READY,463,1.0,2024-08-15,2026-07-16,sina_daily,qfq,VALID,A,26,0
2026-07-16,600620.SH,SH_MAIN,1992-11-17,False,False,0,READY,463,1.0,2024-08-15,2026-07-16,sina_daily,qfq,VALID,A,26,0
2026-07-16,600621.SH,SH_MAIN,1992-12-02,False,False,0,READY,463,1.0,2024-08-15,2026-07-16,sina_daily,qfq,VALID,A,26,0
2026-07-16,600622.SH,SH_MAIN,1992-12-03,False,False,0,READY,463,1.0,2024-08-15,2026-07-16,sina_daily,qfq,VALID,A,26,0
2026-07-16,600623.SH,SH_MAIN,1992-12-04,False,False,0,READY,463,1.0,2024-08-15,2026-07-16,sina_daily,qfq,VALID,A,26,0
2026-07-16,600624.SH,SH_MAIN,1993-01-05,True,False,0,READY,462,0.996,2024-08-15,2026-07-16,sina_daily,qfq,VALID,A,26,0
2026-07-16,600626.SH,SH_MAIN,1993-01-07,False,False,0,READY,463,1.0,2024-08-15,2026-07-16,sina_daily,qfq,VALID,A,26,0
2026-07-16,600628.SH,SH_MAIN,1993-01-19,False,False,0,READY,463,1.0,2024-08-15,2026-07-16,sina_daily,qfq,VALID,A,26,0
2026-07-16,600629.SH,SH_MAIN,1993-02-09,False,False,0,READY,463,1.0,2024-08-15,2026-07-16,sina_daily,qfq,VALID,A,26,0
2026-07-16,600630.SH,SH_MAIN,1993-02-09,False,False,0,READY,463,1.0,2024-08-15,2026-07-16,sina_daily,qfq,VALID,A,26,0
2026-07-16,600633.SH,SH_MAIN,1993-03-04,False,False,0,READY,463,1.0,2024-08-15,2026-07-16,sina_daily,qfq,VALID,A,26,0
2026-07-16,600635.SH,SH_MAIN,1993-03-04,False,False,0,READY,463,1.0,2024-08-15,2026-07-16,sina_daily,qfq,VALID,A,26,0
2026-07-16,600637.SH,SH_MAIN,1993-03-16,False,False,0,READY,463,1.0,2024-08-15,2026-07-16,sina_daily,qfq,VALID,A,26,0
2026-07-16,600638.SH,SH_MAIN,1993-03-26,False,False,0,READY,463,1.0,2024-08-15,2026-07-16,sina_daily,qfq,VALID,A,26,0
2026-07-16,600639.SH,SH_MAIN,1993-03-26,False,False,0,READY,463,1.0,2024-08-15,2026-07-16,sina_daily,qfq,VALID,A,26,0
2026-07-16,600640.SH,SH_MAIN,1993-04-07,False,False,0,READY,463,1.0,2024-08-15,2026-07-16,sina_daily,qfq,VALID,A,26,0
2026-07-16,600641.SH,SH_MAIN,1993-04-07,False,False,0,READY,462,1.0,2024-08-15,2026-07-16,sina_daily,qfq,VALID,A,26,0
2026-07-16,600642.SH,SH_MAIN,1993-04-16,False,False,0,READY,463,1.0,2024-08-15,2026-07-16,sina_daily,qfq,VALID,A,26,0
2026-07-16,600643.SH,SH_MAIN,1993-04-26,False,False,0,READY,463,1.0,2024-08-15,2026-07-16,sina_daily,qfq,VALID,A,26,0
2026-07-16,600644.SH,SH_MAIN,1993-04-26,False,False,0,READY,463,1.0,2024-08-15,2026-07-16,sina_daily,qfq,VALID,A,26,0
2026-07-16,600645.SH,SH_MAIN,1993-05-04,False,False,0,READY,463,1.0,2024-08-15,2026-07-16,sina_daily,qfq,VALID,A,26,0
2026-07-16,600648.SH,SH_MAIN,1993-05-04,False,False,0,READY,463,1.0,2024-08-15,2026-07-16,sina_daily,qfq,VALID,A,26,0
2026-07-16,600649.SH,SH_MAIN,1993-05-18,False,False,0,READY,463,1.0,2024-08-15,2026-07-16,sina_daily,qfq,VALID,A,26,0
2026-07-16,600650.SH,SH_MAIN,1993-06-07,False,False,0,READY,463,1.0,2024-08-15,2026-07-16,sina_daily,qfq,VALID,A,26,0
2026-07-16,600651.SH,SH_MAIN,1990-12-19,False,False,0,READY,463,1.0,2024-08-15,2026-07-16,sina_daily,qfq,VALID,A,26,0
2026-07-16,600653.SH,SH_MAIN,1990-12-19,False,False,0,READY,463,1.0,2024-08-15,2026-07-16,sina_daily,qfq,VALID,A,26,0
2026-07-16,600654.SH,SH_MAIN,1990-12-19,False,False,0,READY,463,1.0,2024-08-15,2026-07-16,sina_daily,qfq,VALID,A,26,0
2026-07-16,600655.SH,SH_MAIN,1992-09-02,False,False,0,READY,463,1.0,2024-08-15,2026-07-16,sina_daily,qfq,VALID,A,26,0
2026-07-16,600657.SH,SH_MAIN,1993-05-24,False,False,0,READY,463,1.0,2024-08-15,2026-07-16,sina_daily,qfq,VALID,A,26,0
2026-07-16,600658.SH,SH_MAIN,1993-05-24,False,False,0,READY,463,1.0,2024-08-15,2026-07-16,sina_daily,qfq,VALID,A,26,0
2026-07-16,600660.SH,SH_MAIN,1993-06-10,False,False,0,READY,463,1.0,2024-08-15,2026-07-16,sina_daily,qfq,VALID,A,26,0
2026-07-16,600661.SH,SH_MAIN,1993-06-14,False,False,0,READY,463,1.0,2024-08-15,2026-07-16,sina_daily,qfq,VALID,A,26,0
2026-07-16,600662.SH,SH_MAIN,1993-06-14,False,False,0,READY,463,1.0,2024-08-15,2026-07-16,sina_daily,qfq,VALID,A,26,0
2026-07-16,600663.SH,SH_MAIN,1993-06-28,False,False,0,READY,463,1.0,2024-08-15,2026-07-16,sina_daily,qfq,VALID,A,26,0
2026-07-16,600664.SH,SH_MAIN,1993-06-29,False,False,0,READY,463,1.0,2024-08-15,2026-07-16,sina_daily,qfq,VALID,A,26,0
2026-07-16,600665.SH,SH_MAIN,1993-07-09,False,False,0,READY,463,1.0,2024-08-15,2026-07-16,sina_daily,qfq,VALID,A,26,0
2026-07-16,600666.SH,SH_MAIN,1993-07-12,False,False,0,READY,462,1.0,2024-08-15,2026-07-16,sina_daily,qfq,VALID,A,26,0
2026-07-16,600667.SH,SH_MAIN,1993-07-28,False,False,0,READY,463,1.0,2024-08-15,2026-07-16,sina_daily,qfq,VALID,A,26,0
2026-07-16,600668.SH,SH_MAIN,1993-07-28,False,False,0,READY,463,1.0,2024-08-15,2026-07-16,sina_daily,qfq,VALID,A,26,0
2026-07-16,600671.SH,SH_MAIN,1993-08-23,False,False,0,READY,462,1.0,2024-08-15,2026-07-16,sina_daily,qfq,VALID,A,26,0
2026-07-16,600673.SH,SH_MAIN,1993-09-17,False,False,0,READY,454,0.964,2024-08-15,2026-07-16,sina_daily,qfq,VALID,A,26,0
2026-07-16,600674.SH,SH_MAIN,1993-09-24,False,False,0,READY,463,1.0,2024-08-15,2026-07-16,sina_daily,qfq,VALID,A,26,0
2026-07-16,600675.SH,SH_MAIN,1993-09-24,False,False,0,READY,463,1.0,2024-08-15,2026-07-16,sina_daily,qfq,VALID,A,26,0
2026-07-16,600676.SH,SH_MAIN,1993-09-28,False,False,0,READY,463,1.0,2024-08-15,2026-07-16,sina_daily,qfq,VALID,A,26,0
2026-07-16,600678.SH,SH_MAIN,1993-10-08,True,False,0,READY,462,0.996,2024-08-15,2026-07-16,sina_daily,qfq,VALID,A,26,0
2026-07-16,600679.SH,SH_MAIN,1993-10-08,False,False,0,READY,463,1.0,2024-08-15,2026-07-16,sina_daily,qfq,VALID,A,26,0
2026-07-16,600681.SH,SH_MAIN,1993-10-18,False,False,0,READY,463,1.0,2024-08-15,2026-07-16,sina_daily,qfq,VALID,A,26,0
2026-07-16,600682.SH,SH_MAIN,1993-10-18,False,False,0,READY,463,1.0,2024-08-15,2026-07-16,sina_daily,qfq,VALID,A,26,0
2026-07-16,600683.SH,SH_MAIN,1993-10-25,False,False,0,READY,463,1.0,2024-08-15,2026-07-16,sina_daily,qfq,VALID,A,26,0
2026-07-16,600684.SH,SH_MAIN,1993-10-28,False,False,0,READY,463,1.0,2024-08-15,2026-07-16,sina_daily,qfq,VALID,A,26,0
2026-07-16,600685.SH,SH_MAIN,1993-10-28,False,False,0,READY,463,1.0,2024-08-15,2026-07-16,sina_daily,qfq,VALID,A,26,0
2026-07-16,600686.SH,SH_MAIN,1993-11-08,False,False,0,READY,463,1.0,2024-08-15,2026-07-16,sina_daily,qfq,VALID,A,26,0
2026-07-16,600688.SH,SH_MAIN,1993-11-08,False,False,0,READY,463,1.0,2024-08-15,2026-07-16,sina_daily,qfq,VALID,A,26,0
2026-07-16,600689.SH,SH_MAIN,1993-11-08,False,False,0,READY,463,1.0,2024-08-15,2026-07-16,sina_daily,qfq,VALID,A,26,0
2026-07-16,600690.SH,SH_MAIN,1993-11-19,False,False,0,READY,463,1.0,2024-08-15,2026-07-16,sina_daily,qfq,VALID,A,26,0
2026-07-16,600691.SH,SH_MAIN,1993-11-19,False,False,0,READY,463,1.0,2024-08-15,2026-07-16,sina_daily,qfq,VALID,A,26,0
2026-07-16,600692.SH,SH_MAIN,1993-11-19,False,False,0,READY,463,1.0,2024-08-15,2026-07-16,sina_daily,qfq,VALID,A,26,0
2026-07-16,600693.SH,SH_MAIN,1993-11-22,False,False,0,READY,463,1.0,2024-08-15,2026-07-16,sina_daily,qfq,VALID,A,26,0
2026-07-16,600694.SH,SH_MAIN,1993-11-22,False,False,0,READY,463,1.0,2024-08-15,2026-07-16,sina_daily,qfq,VALID,A,26,0
2026-07-16,600697.SH,SH_MAIN,1993-12-06,False,False,0,READY,463,1.0,2024-08-15,2026-07-16,sina_daily,qfq,VALID,A,26,0
2026-07-16,600698.SH,SH_MAIN,1993-12-06,False,False,0,READY,463,1.0,2024-08-15,2026-07-16,sina_daily,qfq,VALID,A,26,0
2026-07-16,600699.SH,SH_MAIN,1993-12-06,False,False,0,READY,463,1.0,2024-08-15,2026-07-16,sina_daily,qfq,VALID,A,26,0
2026-07-16,600702.SH,SH_MAIN,1996-05-24,False,False,0,READY,463,1.0,2024-08-15,2026-07-16,sina_daily,qfq,VALID,A,26,0
2026-07-16,600703.SH,SH_MAIN,1996-05-28,False,False,0,READY,463,1.0,2024-08-15,2026-07-16,sina_daily,qfq,VALID,A,26,0
2026-07-16,600704.SH,SH_MAIN,1996-06-06,False,False,0,READY,463,1.0,2024-08-15,2026-07-16,sina_daily,qfq,VALID,A,26,0
2026-07-16,600706.SH,SH_MAIN,1996-05-16,False,False,0,READY,463,1.0,2024-08-15,2026-07-16,sina_daily,qfq,VALID,A,26,0
2026-07-16,600707.SH,SH_MAIN,1996-05-20,False,False,0,READY,463,1.0,2024-08-15,2026-07-16,sina_daily,qfq,VALID,A,26,0
2026-07-16,600708.SH,SH_MAIN,1996-06-06,False,False,0,READY,463,1.0,2024-08-15,2026-07-16,sina_daily,qfq,VALID,A,26,0
2026-07-16,600710.SH,SH_MAIN,1996-07-01,False,False,0,READY,463,1.0,2024-08-15,2026-07-16,sina_daily,qfq,VALID,A,26,0
2026-07-16,600711.SH,SH_MAIN,1996-05-31,False,False,0,READY,462,0.996,2024-08-15,2026-07-16,sina_daily,qfq,VALID,A,26,0
2026-07-16,600712.SH,SH_MAIN,1996-06-26,False,False,0,READY,463,1.0,2024-08-15,2026-07-16,sina_daily,qfq,VALID,A,26,0
2026-07-16,600713.SH,SH_MAIN,1996-07-01,False,False,0,READY,463,1.0,2024-08-15,2026-07-16,sina_daily,qfq,VALID,A,26,0
2026-07-16,600714.SH,SH_MAIN,1996-06-06,False,False,0,READY,463,1.0,2024-08-15,2026-07-16,sina_daily,qfq,VALID,A,26,0
2026-07-16,600715.SH,SH_MAIN,1996-07-01,False,False,0,READY,461,1.0,2024-08-15,2026-07-16,sina_daily,qfq,VALID,A,26,0
2026-07-16,600716.SH,SH_MAIN,1996-07-02,False,False,0,READY,463,1.0,2024-08-15,2026-07-16,sina_daily,qfq,VALID,A,26,0
2026-07-16,600717.SH,SH_MAIN,1996-06-14,False,False,0,READY,455,0.968,2024-08-15,2026-07-16,sina_daily,qfq,VALID,A,26,0
2026-07-16,600718.SH,SH_MAIN,1996-06-18,False,False,0,READY,453,1.0,2024-08-15,2026-07-16,sina_daily,qfq,VALID,A,26,0
2026-07-16,600719.SH,SH_MAIN,1996-07-16,False,False,0,READY,463,1.0,2024-08-15,2026-07-16,sina_daily,qfq,VALID,A,26,0
2026-07-16,600720.SH,SH_MAIN,1996-07-16,False,False,0,READY,463,1.0,2024-08-15,2026-07-16,sina_daily,qfq,VALID,A,26,0
2026-07-16,600721.SH,SH_MAIN,1996-06-26,False,False,0,READY,453,0.96,2024-08-15,2026-07-16,sina_daily,qfq,VALID,A,26,0
2026-07-16,600722.SH,SH_MAIN,1996-06-26,False,False,0,READY,463,1.0,2024-08-15,2026-07-16,sina_daily,qfq,VALID,A,26,0
2026-07-16,600724.SH,SH_MAIN,1996-07-16,False,False,0,READY,463,1.0,2024-08-15,2026-07-16,sina_daily,qfq,VALID,A,26,0
2026-07-16,600725.SH,SH_MAIN,1996-07-02,False,False,0,READY,453,1.0,2024-08-15,2026-07-16,sina_daily,qfq,VALID,A,26,0
2026-07-16,600726.SH,SH_MAIN,1996-07-01,False,False,0,READY,463,1.0,2024-08-15,2026-07-16,sina_daily,qfq,VALID,A,26,0
2026-07-16,600727.SH,SH_MAIN,1996-07-02,False,False,0,READY,463,1.0,2024-08-15,2026-07-16,sina_daily,qfq,VALID,A,26,0
2026-07-16,600728.SH,SH_MAIN,1996-07-16,False,False,0,READY,463,1.0,2024-08-15,2026-07-16,sina_daily,qfq,VALID,A,26,0
2026-07-16,600729.SH,SH_MAIN,1996-07-02,False,False,0,READY,463,1.0,2024-08-15,2026-07-16,sina_daily,qfq,VALID,A,26,0
2026-07-16,600730.SH,SH_MAIN,1996-07-26,True,False,0,READY,457,0.976,2024-08-15,2026-07-16,sina_daily,qfq,VALID,A,26,0
2026-07-16,600731.SH,SH_MAIN,1996-08-02,False,False,0,READY,463,1.0,2024-08-15,2026-07-16,sina_daily,qfq,VALID,A,26,0
2026-07-16,600732.SH,SH_MAIN,1996-08-16,False,False,0,READY,463,1.0,2024-08-15,2026-07-16,sina_daily,qfq,VALID,A,26,0
2026-07-16,600733.SH,SH_MAIN,1996-08-16,False,False,0,READY,463,1.0,2024-08-15,2026-07-16,sina_daily,qfq,VALID,A,26,0
2026-07-16,600734.SH,SH_MAIN,1996-08-08,True,False,0,READY,462,0.996,2024-08-15,2026-07-16,sina_daily,qfq,VALID,A,26,0
2026-07-16,600735.SH,SH_MAIN,1996-07-26,True,False,0,READY,421,0.832,2024-08-15,2026-07-16,sina_daily,qfq,PARTIAL,B,26,0
2026-07-16,600736.SH,SH_MAIN,1996-08-15,False,False,0,READY,463,1.0,2024-08-15,2026-07-16,sina_daily,qfq,VALID,A,26,0
2026-07-16,600737.SH,SH_MAIN,1996-07-31,False,False,0,READY,463,1.0,2024-08-15,2026-07-16,sina_daily,qfq,VALID,A,26,0
2026-07-16,600738.SH,SH_MAIN,1996-08-02,False,False,0,READY,463,1.0,2024-08-15,2026-07-16,sina_daily,qfq,VALID,A,26,0
2026-07-16,600739.SH,SH_MAIN,1996-08-19,False,False,0,READY,463,1.0,2024-08-15,2026-07-16,sina_daily,qfq,VALID,A,26,0
2026-07-16,600740.SH,SH_MAIN,1996-08-08,False,False,0,READY,463,1.0,2024-08-15,2026-07-16,sina_daily,qfq,VALID,A,26,0
2026-07-16,600741.SH,SH_MAIN,1996-08-26,False,False,0,READY,463,1.0,2024-08-15,2026-07-16,sina_daily,qfq,VALID,A,26,0
2026-07-16,600742.SH,SH_MAIN,1996-08-26,False,False,0,READY,463,1.0,2024-08-15,2026-07-16,sina_daily,qfq,VALID,A,26,0
2026-07-16,600743.SH,SH_MAIN,1996-09-09,False,False,0,READY,463,1.0,2024-08-15,2026-07-16,sina_daily,qfq,VALID,A,26,0
2026-07-16,600744.SH,SH_MAIN,1996-09-05,False,False,0,READY,463,1.0,2024-08-15,2026-07-16,sina_daily,qfq,VALID,A,26,0
2026-07-16,600745.SH,SH_MAIN,1996-08-28,True,False,0,READY,460,0.988,2024-08-15,2026-07-16,sina_daily,qfq,VALID,A,26,0
2026-07-16,600746.SH,SH_MAIN,1996-09-18,False,False,0,READY,463,1.0,2024-08-15,2026-07-16,sina_daily,qfq,VALID,A,26,0
2026-07-16,600748.SH,SH_MAIN,1996-09-25,False,False,0,READY,463,1.0,2024-08-15,2026-07-16,sina_daily,qfq,VALID,A,26,0
2026-07-16,600749.SH,SH_MAIN,1996-10-15,False,False,0,READY,463,1.0,2024-08-15,2026-07-16,sina_daily,qfq,VALID,A,26,0
2026-07-16,600750.SH,SH_MAIN,1996-09-23,False,False,0,READY,463,1.0,2024-08-15,2026-07-16,sina_daily,qfq,VALID,A,26,0
2026-07-16,600751.SH,SH_MAIN,1996-09-09,False,False,0,READY,463,1.0,2024-08-15,2026-07-16,sina_daily,qfq,VALID,A,26,0
2026-07-16,600753.SH,SH_MAIN,1996-09-27,True,False,0,READY,461,0.996,2024-08-15,2026-07-16,sina_daily,qfq,VALID,A,26,0
2026-07-16,600754.SH,SH_MAIN,1996-10-11,False,False,0,READY,463,1.0,2024-08-15,2026-07-16,sina_daily,qfq,VALID,A,26,0
2026-07-16,600755.SH,SH_MAIN,1996-10-03,False,False,0,READY,463,1.0,2024-08-15,2026-07-16,sina_daily,qfq,VALID,A,26,0
2026-07-16,600756.SH,SH_MAIN,1996-09-23,False,False,0,READY,463,1.0,2024-08-15,2026-07-16,sina_daily,qfq,VALID,A,26,0
2026-07-16,600757.SH,SH_MAIN,1996-10-03,False,False,0,READY,463,1.0,2024-08-15,2026-07-16,sina_daily,qfq,VALID,A,26,0
2026-07-16,600758.SH,SH_MAIN,1996-10-29,False,False,0,READY,463,1.0,2024-08-15,2026-07-16,sina_daily,qfq,VALID,A,26,0
2026-07-16,600759.SH,SH_MAIN,1996-10-08,True,False,0,READY,462,0.996,2024-08-15,2026-07-16,sina_daily,qfq,VALID,A,26,0
2026-07-16,600760.SH,SH_MAIN,1996-10-11,False,False,0,READY,463,1.0,2024-08-15,2026-07-16,sina_daily,qfq,VALID,A,26,0
2026-07-16,600761.SH,SH_MAIN,1996-10-09,False,False,0,READY,463,1.0,2024-08-15,2026-07-16,sina_daily,qfq,VALID,A,26,0
2026-07-16,600763.SH,SH_MAIN,1996-10-30,False,False,0,READY,463,1.0,2024-08-15,2026-07-16,sina_daily,qfq,VALID,A,26,0
2026-07-16,600764.SH,SH_MAIN,1996-11-04,False,False,0,READY,463,1.0,2024-08-15,2026-07-16,sina_daily,qfq,VALID,A,26,0
2026-07-16,600765.SH,SH_MAIN,1996-11-06,False,False,0,READY,463,1.0,2024-08-15,2026-07-16,sina_daily,qfq,VALID,A,26,0
2026-07-16,600768.SH,SH_MAIN,1996-11-11,False,False,0,READY,463,1.0,2024-08-15,2026-07-16,sina_daily,qfq,VALID,A,26,0
2026-07-16,600769.SH,SH_MAIN,1996-11-01,False,False,0,READY,463,1.0,2024-08-15,2026-07-16,sina_daily,qfq,VALID,A,26,0
2026-07-16,600770.SH,SH_MAIN,1996-11-20,False,False,0,READY,463,1.0,2024-08-15,2026-07-16,sina_daily,qfq,VALID,A,26,0
2026-07-16,600771.SH,SH_MAIN,1996-11-05,False,False,0,READY,463,1.0,2024-08-15,2026-07-16,sina_daily,qfq,VALID,A,26,0
2026-07-16,600773.SH,SH_MAIN,1996-11-08,False,False,0,READY,463,1.0,2024-08-15,2026-07-16,sina_daily,qfq,VALID,A,26,0
2026-07-16,600774.SH,SH_MAIN,1996-11-08,False,False,0,READY,463,1.0,2024-08-15,2026-07-16,sina_daily,qfq,VALID,A,26,0
2026-07-16,600775.SH,SH_MAIN,1996-11-18,False,False,0,READY,463,1.0,2024-08-15,2026-07-16,sina_daily,qfq,VALID,A,26,0
2026-07-16,600776.SH,SH_MAIN,1996-11-26,False,False,0,READY,463,1.0,2024-08-15,2026-07-16,sina_daily,qfq,VALID,A,26,0
2026-07-16,600777.SH,SH_MAIN,1996-11-21,False,False,0,READY,415,0.992,2024-08-15,2026-07-16,sina_daily,qfq,VALID,A,26,0
2026-07-16,600778.SH,SH_MAIN,1996-12-03,False,False,0,READY,463,1.0,2024-08-15,2026-07-16,sina_daily,qfq,VALID,A,26,0
2026-07-16,600779.SH,SH_MAIN,1996-12-06,False,False,0,READY,463,1.0,2024-08-15,2026-07-16,sina_daily,qfq,VALID,A,26,0
2026-07-16,600780.SH,SH_MAIN,1996-12-05,False,False,0,READY,463,1.0,2024-08-15,2026-07-16,sina_daily,qfq,VALID,A,26,0
2026-07-16,600782.SH,SH_MAIN,1996-12-25,False,False,0,READY,463,1.0,2024-08-15,2026-07-16,sina_daily,qfq,VALID,A,26,0
2026-07-16,600783.SH,SH_MAIN,1996-12-25,False,False,0,READY,463,1.0,2024-08-15,2026-07-16,sina_daily,qfq,VALID,A,26,0
2026-07-16,600784.SH,SH_MAIN,1996-12-25,False,False,0,READY,463,1.0,2024-08-15,2026-07-16,sina_daily,qfq,VALID,A,26,0
2026-07-16,600785.SH,SH_MAIN,1997-01-08,False,False,0,READY,463,1.0,2024-08-15,2026-07-16,sina_daily,qfq,VALID,A,26,0
2026-07-16,600787.SH,SH_MAIN,1997-01-21,False,False,0,READY,463,1.0,2024-08-15,2026-07-16,sina_daily,qfq,VALID,A,26,0
2026-07-16,600789.SH,SH_MAIN,1997-02-26,False,False,0,READY,463,1.0,2024-08-15,2026-07-16,sina_daily,qfq,VALID,A,26,0
2026-07-16,600790.SH,SH_MAIN,1997-02-28,False,False,0,READY,463,1.0,2024-08-15,2026-07-16,sina_daily,qfq,VALID,A,26,0
2026-07-16,600791.SH,SH_MAIN,1997-01-30,False,False,0,READY,463,1.0,2024-08-15,2026-07-16,sina_daily,qfq,VALID,A,26,0
2026-07-16,600792.SH,SH_MAIN,1997-01-23,False,False,0,READY,463,1.0,2024-08-15,2026-07-16,sina_daily,qfq,VALID,A,26,0
2026-07-16,600793.SH,SH_MAIN,1997-02-20,False,False,0,READY,463,1.0,2024-08-15,2026-07-16,sina_daily,qfq,VALID,A,26,0
2026-07-16,600794.SH,SH_MAIN,1997-03-06,False,False,0,READY,463,1.0,2024-08-15,2026-07-16,sina_daily,qfq,VALID,A,26,0
2026-07-16,600795.SH,SH_MAIN,1997-03-18,False,False,0,READY,463,1.0,2024-08-15,2026-07-16,sina_daily,qfq,VALID,A,26,0
2026-07-16,600796.SH,SH_MAIN,1997-04-08,False,False,0,READY,463,1.0,2024-08-15,2026-07-16,sina_daily,qfq,VALID,A,26,0
2026-07-16,600797.SH,SH_MAIN,1997-04-18,False,False,0,READY,463,1.0,2024-08-15,2026-07-16,sina_daily,qfq,VALID,A,26,0
2026-07-16,600798.SH,SH_MAIN,1997-04-23,False,False,0,READY,463,1.0,2024-08-15,2026-07-16,sina_daily,qfq,VALID,A,26,0
2026-07-16,600800.SH,SH_MAIN,1993-12-06,False,False,0,READY,453,0.96,2024-08-15,2026-07-16,sina_daily,qfq,VALID,A,26,0
2026-07-16,600801.SH,SH_MAIN,1994-01-03,False,False,0,READY,463,1.0,2024-08-15,2026-07-16,sina_daily,qfq,VALID,A,26,0
2026-07-16,600802.SH,SH_MAIN,1994-01-03,False,False,0,READY,463,1.0,2024-08-15,2026-07-16,sina_daily,qfq,VALID,A,26,0
2026-07-16,600803.SH,SH_MAIN,1994-01-03,False,False,0,READY,457,1.0,2024-08-15,2026-07-16,sina_daily,qfq,VALID,A,26,0
2026-07-16,600805.SH,SH_MAIN,1994-01-03,False,False,0,READY,463,1.0,2024-08-15,2026-07-16,sina_daily,qfq,VALID,A,26,0
2026-07-16,600807.SH,SH_MAIN,1994-01-03,False,False,0,READY,463,1.0,2024-08-15,2026-07-16,sina_daily,qfq,VALID,A,26,0
2026-07-16,600808.SH,SH_MAIN,1994-01-06,False,False,0,READY,463,1.0,2024-08-15,2026-07-16,sina_daily,qfq,VALID,A,26,0
2026-07-16,600809.SH,SH_MAIN,1994-01-06,False,False,0,READY,463,1.0,2024-08-15,2026-07-16,sina_daily,qfq,VALID,A,26,0
2026-07-16,600810.SH,SH_MAIN,1994-01-06,False,False,0,READY,463,1.0,2024-08-15,2026-07-16,sina_daily,qfq,VALID,A,26,0
2026-07-16,600812.SH,SH_MAIN,1994-01-14,False,False,0,READY,463,1.0,2024-08-15,2026-07-16,sina_daily,qfq,VALID,A,26,0
2026-07-16,600814.SH,SH_MAIN,1994-01-14,False,False,0,READY,463,1.0,2024-08-15,2026-07-16,sina_daily,qfq,VALID,A,26,0
2026-07-16,600815.SH,SH_MAIN,1994-01-28,False,False,0,READY,463,1.0,2024-08-15,2026-07-16,sina_daily,qfq,VALID,A,26,0
2026-07-16,600816.SH,SH_MAIN,1994-01-28,False,False,0,READY,463,1.0,2024-08-15,2026-07-16,sina_daily,qfq,VALID,A,26,0
2026-07-16,600817.SH,SH_MAIN,1994-01-28,False,False,0,READY,463,1.0,2024-08-15,2026-07-16,sina_daily,qfq,VALID,A,26,0
2026-07-16,600818.SH,SH_MAIN,1994-01-28,True,False,0,READY,462,0.996,2024-08-15,2026-07-16,sina_daily,qfq,VALID,A,26,0
2026-07-16,600819.SH,SH_MAIN,1994-01-28,False,False,0,READY,463,1.0,2024-08-15,2026-07-16,sina_daily,qfq,VALID,A,26,0
2026-07-16,600820.SH,SH_MAIN,1994-01-28,False,False,0,READY,463,1.0,2024-08-15,2026-07-16,sina_daily,qfq,VALID,A,26,0
2026-07-16,600821.SH,SH_MAIN,1994-01-28,False,False,0,READY,463,1.0,2024-08-15,2026-07-16,sina_daily,qfq,VALID,A,26,0
2026-07-16,600822.SH,SH_MAIN,1994-02-04,False,False,0,READY,463,1.0,2024-08-15,2026-07-16,sina_daily,qfq,VALID,A,26,0
2026-07-16,600824.SH,SH_MAIN,1994-02-04,False,False,0,READY,463,1.0,2024-08-15,2026-07-16,sina_daily,qfq,VALID,A,26,0
2026-07-16,600825.SH,SH_MAIN,1994-02-04,False,False,0,READY,463,1.0,2024-08-15,2026-07-16,sina_daily,qfq,VALID,A,26,0
2026-07-16,600826.SH,SH_MAIN,1994-02-04,False,False,0,READY,463,1.0,2024-08-15,2026-07-16,sina_daily,qfq,VALID,A,26,0
2026-07-16,600827.SH,SH_MAIN,1994-02-04,False,False,0,READY,463,1.0,2024-08-15,2026-07-16,sina_daily,qfq,VALID,A,26,0
2026-07-16,600828.SH,SH_MAIN,1994-02-24,False,False,0,READY,463,1.0,2024-08-15,2026-07-16,sina_daily,qfq,VALID,A,26,0
2026-07-16,600829.SH,SH_MAIN,1994-02-24,False,False,0,READY,463,1.0,2024-08-15,2026-07-16,sina_daily,qfq,VALID,A,26,0
2026-07-16,600830.SH,SH_MAIN,1994-02-24,False,False,0,READY,463,1.0,2024-08-15,2026-07-16,sina_daily,qfq,VALID,A,26,0
2026-07-16,600831.SH,SH_MAIN,1994-02-24,False,False,0,READY,462,0.996,2024-08-15,2026-07-16,sina_daily,qfq,VALID,A,26,0
2026-07-16,600833.SH,SH_MAIN,1994-02-24,False,False,0,READY,463,1.0,2024-08-15,2026-07-16,sina_daily,qfq,VALID,A,26,0
2026-07-16,600834.SH,SH_MAIN,1994-02-24,False,False,0,READY,463,1.0,2024-08-15,2026-07-16,sina_daily,qfq,VALID,A,26,0
2026-07-16,600835.SH,SH_MAIN,1994-02-24,False,False,0,READY,463,1.0,2024-08-15,2026-07-16,sina_daily,qfq,VALID,A,26,0
2026-07-16,600838.SH,SH_MAIN,1994-02-24,False,False,0,READY,463,1.0,2024-08-15,2026-07-16,sina_daily,qfq,VALID,A,26,0
2026-07-16,600839.SH,SH_MAIN,1994-03-11,False,False,0,READY,463,1.0,2024-08-15,2026-07-16,sina_daily,qfq,VALID,A,26,0
2026-07-16,600841.SH,SH_MAIN,1994-03-11,False,False,0,READY,463,1.0,2024-08-15,2026-07-16,sina_daily,qfq,VALID,A,26,0
2026-07-16,600843.SH,SH_MAIN,1994-03-11,False,False,0,READY,462,1.0,2024-08-15,2026-07-16,sina_daily,qfq,VALID,A,26,0
2026-07-16,600844.SH,SH_MAIN,1994-03-11,False,False,0,READY,463,1.0,2024-08-15,2026-07-16,sina_daily,qfq,VALID,A,26,0
2026-07-16,600845.SH,SH_MAIN,1994-03-11,False,False,0,READY,463,1.0,2024-08-15,2026-07-16,sina_daily,qfq,VALID,A,26,0
2026-07-16,600846.SH,SH_MAIN,1994-03-11,False,False,0,READY,463,1.0,2024-08-15,2026-07-16,sina_daily,qfq,VALID,A,26,0
2026-07-16,600847.SH,SH_MAIN,1994-03-24,False,False,0,READY,462,1.0,2024-08-15,2026-07-16,sina_daily,qfq,VALID,A,26,0
2026-07-16,600848.SH,SH_MAIN,1994-03-24,False,False,0,READY,463,1.0,2024-08-15,2026-07-16,sina_daily,qfq,VALID,A,26,0
2026-07-16,600850.SH,SH_MAIN,1994-03-24,False,False,0,READY,463,1.0,2024-08-15,2026-07-16,sina_daily,qfq,VALID,A,26,0
2026-07-16,600851.SH,SH_MAIN,1994-04-04,False,False,0,READY,463,1.0,2024-08-15,2026-07-16,sina_daily,qfq,VALID,A,26,0
2026-07-16,600853.SH,SH_MAIN,1994-04-04,False,False,0,READY,463,1.0,2024-08-15,2026-07-16,sina_daily,qfq,VALID,A,26,0
2026-07-16,600854.SH,SH_MAIN,1994-04-25,False,False,0,READY,463,1.0,2024-08-15,2026-07-16,sina_daily,qfq,VALID,A,26,0
2026-07-16,600855.SH,SH_MAIN,1994-04-25,False,False,0,READY,463,1.0,2024-08-15,2026-07-16,sina_daily,qfq,VALID,A,26,0
2026-07-16,600857.SH,SH_MAIN,1994-04-25,False,False,0,READY,463,1.0,2024-08-15,2026-07-16,sina_daily,qfq,VALID,A,26,0
2026-07-16,600858.SH,SH_MAIN,1994-05-06,False,False,0,READY,463,1.0,2024-08-15,2026-07-16,sina_daily,qfq,VALID,A,26,0
2026-07-16,600859.SH,SH_MAIN,1994-05-06,False,False,0,READY,463,1.0,2024-08-15,2026-07-16,sina_daily,qfq,VALID,A,26,0
2026-07-16,600860.SH,SH_MAIN,1994-05-06,False,False,0,READY,463,1.0,2024-08-15,2026-07-16,sina_daily,qfq,VALID,A,26,0
2026-07-16,600861.SH,SH_MAIN,1994-05-20,False,False,0,READY,463,1.0,2024-08-15,2026-07-16,sina_daily,qfq,VALID,A,26,0
2026-07-16,600862.SH,SH_MAIN,1994-05-20,False,False,0,READY,463,1.0,2024-08-15,2026-07-16,sina_daily,qfq,VALID,A,26,0
2026-07-16,600863.SH,SH_MAIN,1994-05-20,False,False,0,READY,455,1.0,2024-08-15,2026-07-16,sina_daily,qfq,VALID,A,26,0
2026-07-16,600864.SH,SH_MAIN,1994-08-09,False,False,0,READY,463,1.0,2024-08-15,2026-07-16,sina_daily,qfq,VALID,A,26,0
2026-07-16,600865.SH,SH_MAIN,1994-08-09,False,False,0,READY,463,1.0,2024-08-15,2026-07-16,sina_daily,qfq,VALID,A,26,0
2026-07-16,600866.SH,SH_MAIN,1994-08-18,False,False,0,READY,463,1.0,2024-08-15,2026-07-16,sina_daily,qfq,VALID,A,26,0
2026-07-16,600867.SH,SH_MAIN,1994-08-24,False,False,0,READY,463,1.0,2024-08-15,2026-07-16,sina_daily,qfq,VALID,A,26,0
2026-07-16,600868.SH,SH_MAIN,1994-09-12,False,False,0,READY,463,1.0,2024-08-15,2026-07-16,sina_daily,qfq,VALID,A,26,0
2026-07-16,600869.SH,SH_MAIN,1995-02-06,False,False,0,READY,463,1.0,2024-08-15,2026-07-16,sina_daily,qfq,VALID,A,26,0
2026-07-16,600871.SH,SH_MAIN,1995-04-11,False,False,0,READY,463,1.0,2024-08-15,2026-07-16,sina_daily,qfq,VALID,A,26,0
2026-07-16,600872.SH,SH_MAIN,1995-01-24,False,False,0,READY,463,1.0,2024-08-15,2026-07-16,sina_daily,qfq,VALID,A,26,0
2026-07-16,600873.SH,SH_MAIN,1995-02-17,False,False,0,READY,463,1.0,2024-08-15,2026-07-16,sina_daily,qfq,VALID,A,26,0
2026-07-16,600874.SH,SH_MAIN,1995-06-30,False,False,0,READY,463,1.0,2024-08-15,2026-07-16,sina_daily,qfq,VALID,A,26,0
2026-07-16,600875.SH,SH_MAIN,1995-10-10,False,False,0,READY,463,1.0,2024-08-15,2026-07-16,sina_daily,qfq,VALID,A,26,0
2026-07-16,600876.SH,SH_MAIN,1995-10-31,False,False,0,READY,463,1.0,2024-08-15,2026-07-16,sina_daily,qfq,VALID,A,26,0
2026-07-16,600877.SH,SH_MAIN,1995-10-13,False,False,0,READY,463,1.0,2024-08-15,2026-07-16,sina_daily,qfq,VALID,A,26,0
2026-07-16,600879.SH,SH_MAIN,1995-11-15,False,False,0,READY,463,1.0,2024-08-15,2026-07-16,sina_daily,qfq,VALID,A,26,0
2026-07-16,600880.SH,SH_MAIN,1995-11-15,False,False,0,READY,463,1.0,2024-08-15,2026-07-16,sina_daily,qfq,VALID,A,26,0
2026-07-16,600881.SH,SH_MAIN,1995-11-15,False,False,0,READY,463,1.0,2024-08-15,2026-07-16,sina_daily,qfq,VALID,A,26,0
2026-07-16,600882.SH,SH_MAIN,1995-12-06,False,False,0,READY,463,1.0,2024-08-15,2026-07-16,sina_daily,qfq,VALID,A,26,0
2026-07-16,600883.SH,SH_MAIN,1995-12-08,False,False,0,READY,463,1.0,2024-08-15,2026-07-16,sina_daily,qfq,VALID,A,26,0
2026-07-16,600884.SH,SH_MAIN,1996-01-30,False,False,0,READY,463,1.0,2024-08-15,2026-07-16,sina_daily,qfq,VALID,A,26,0
2026-07-16,600885.SH,SH_MAIN,1996-02-05,False,False,0,READY,463,1.0,2024-08-15,2026-07-16,sina_daily,qfq,VALID,A,26,0
2026-07-16,600886.SH,SH_MAIN,1996-01-18,False,False,0,READY,463,1.0,2024-08-15,2026-07-16,sina_daily,qfq,VALID,A,26,0
2026-07-16,600887.SH,SH_MAIN,1996-03-12,False,False,0,READY,463,1.0,2024-08-15,2026-07-16,sina_daily,qfq,VALID,A,26,0
2026-07-16,600888.SH,SH_MAIN,1996-02-15,False,False,0,READY,463,1.0,2024-08-15,2026-07-16,sina_daily,qfq,VALID,A,26,0
2026-07-16,600889.SH,SH_MAIN,1996-03-08,True,False,0,READY,452,0.996,2024-08-15,2026-07-16,sina_daily,qfq,VALID,A,26,0
2026-07-16,600892.SH,SH_MAIN,1996-03-15,False,False,0,READY,461,0.996,2024-08-15,2026-07-16,sina_daily,qfq,VALID,A,26,0
2026-07-16,600893.SH,SH_MAIN,1996-04-08,False,False,0,READY,463,1.0,2024-08-15,2026-07-16,sina_daily,qfq,VALID,A,26,0
2026-07-16,600894.SH,SH_MAIN,1996-03-28,False,False,0,READY,463,1.0,2024-08-15,2026-07-16,sina_daily,qfq,VALID,A,26,0
2026-07-16,600895.SH,SH_MAIN,1996-04-22,False,False,0,READY,463,1.0,2024-08-15,2026-07-16,sina_daily,qfq,VALID,A,26,0
2026-07-16,600897.SH,SH_MAIN,1996-05-31,False,False,0,READY,463,1.0,2024-08-15,2026-07-16,sina_daily,qfq,VALID,A,26,0
2026-07-16,600900.SH,SH_MAIN,2003-11-18,False,False,0,READY,463,1.0,2024-08-15,2026-07-16,sina_daily,qfq,VALID,A,26,0
2026-07-16,600901.SH,SH_MAIN,2018-03-01,False,False,0,READY,463,1.0,2024-08-15,2026-07-16,sina_daily,qfq,VALID,A,26,0
2026-07-16,600903.SH,SH_MAIN,2017-11-07,False,False,0,READY,457,1.0,2024-08-15,2026-07-16,sina_daily,qfq,VALID,A,26,0
2026-07-16,600905.SH,SH_MAIN,2021-06-10,False,False,0,READY,463,1.0,2024-08-15,2026-07-16,sina_daily,qfq,VALID,A,26,0
2026-07-16,600906.SH,SH_MAIN,2021-05-07,False,False,0,READY,463,1.0,2024-08-15,2026-07-16,sina_daily,qfq,VALID,A,26,0
2026-07-16,600908.SH,SH_MAIN,2016-09-23,False,False,0,READY,463,1.0,2024-08-15,2026-07-16,sina_daily,qfq,VALID,A,26,0
2026-07-16,600909.SH,SH_MAIN,2016-12-06,False,False,0,READY,463,1.0,2024-08-15,2026-07-16,sina_daily,qfq,VALID,A,26,0
2026-07-16,600916.SH,SH_MAIN,2021-02-05,False,False,0,READY,463,1.0,2024-08-15,2026-07-16,sina_daily,qfq,VALID,A,26,0
2026-07-16,600917.SH,SH_MAIN,2014-09-30,False,False,0,READY,463,1.0,2024-08-15,2026-07-16,sina_daily,qfq,VALID,A,26,0
2026-07-16,600918.SH,SH_MAIN,2020-06-03,False,False,0,READY,463,1.0,2024-08-15,2026-07-16,sina_daily,qfq,VALID,A,26,0
2026-07-16,600919.SH,SH_MAIN,2016-08-02,False,False,0,READY,463,1.0,2024-08-15,2026-07-16,sina_daily,qfq,VALID,A,26,0
2026-07-16,600925.SH,SH_MAIN,2023-03-29,False,False,0,READY,463,1.0,2024-08-15,2026-07-16,sina_daily,qfq,VALID,A,26,0
2026-07-16,600926.SH,SH_MAIN,2016-10-27,False,False,0,READY,463,1.0,2024-08-15,2026-07-16,sina_daily,qfq,VALID,A,26,0
2026-07-16,600927.SH,SH_MAIN,2021-12-23,False,False,0,READY,463,1.0,2024-08-15,2026-07-16,sina_daily,qfq,VALID,A,26,0
2026-07-16,600928.SH,SH_MAIN,2019-03-01,False,False,0,READY,463,1.0,2024-08-15,2026-07-16,sina_daily,qfq,VALID,A,26,0
2026-07-16,600929.SH,SH_MAIN,2018-03-26,False,False,0,READY,463,1.0,2024-08-15,2026-07-16,sina_daily,qfq,VALID,A,26,0
2026-07-16,600930.SH,SH_MAIN,2025-07-16,False,False,0,READY,243,1.0,2025-07-16,2026-07-16,sina_daily,qfq,PARTIAL,B,24,2
2026-07-16,600933.SH,SH_MAIN,2017-11-17,False,False,0,READY,455,1.0,2024-08-15,2026-07-16,sina_daily,qfq,VALID,A,26,0
2026-07-16,600935.SH,SH_MAIN,2021-11-26,False,False,0,READY,463,1.0,2024-08-15,2026-07-16,sina_daily,qfq,VALID,A,26,0
2026-07-16,600936.SH,SH_MAIN,2016-08-15,False,False,0,READY,463,1.0,2024-08-15,2026-07-16,sina_daily,qfq,VALID,A,26,0
2026-07-16,600938.SH,SH_MAIN,2022-04-21,False,False,0,READY,463,1.0,2024-08-15,2026-07-16,sina_daily,qfq,VALID,A,26,0
2026-07-16,600939.SH,SH_MAIN,2017-02-21,False,False,0,READY,463,1.0,2024-08-15,2026-07-16,sina_daily,qfq,VALID,A,26,0
2026-07-16,600941.SH,SH_MAIN,2022-01-05,False,False,0,READY,463,1.0,2024-08-15,2026-07-16,sina_daily,qfq,VALID,A,26,0
2026-07-16,600955.SH,SH_MAIN,2021-09-15,False,False,0,READY,463,1.0,2024-08-15,2026-07-16,sina_daily,qfq,VALID,A,26,0
2026-07-16,600956.SH,SH_MAIN,2020-06-29,False,False,0,READY,463,1.0,2024-08-15,2026-07-16,sina_daily,qfq,VALID,A,26,0
2026-07-16,600958.SH,SH_MAIN,2015-03-23,False,False,0,READY,453,0.96,2024-08-15,2026-07-16,sina_daily,qfq,VALID,A,26,0
2026-07-16,600959.SH,SH_MAIN,2015-04-28,False,False,0,READY,463,1.0,2024-08-15,2026-07-16,sina_daily,qfq,VALID,A,26,0
2026-07-16,600960.SH,SH_MAIN,2004-04-07,False,False,0,READY,453,1.0,2024-08-15,2026-07-16,sina_daily,qfq,VALID,A,26,0
2026-07-16,600961.SH,SH_MAIN,2004-08-30,False,False,0,READY,463,1.0,2024-08-15,2026-07-16,sina_daily,qfq,VALID,A,26,0
2026-07-16,600962.SH,SH_MAIN,2004-06-22,False,False,0,READY,453,1.0,2024-08-15,2026-07-16,sina_daily,qfq,VALID,A,26,0
2026-07-16,600963.SH,SH_MAIN,2004-05-25,False,False,0,READY,463,1.0,2024-08-15,2026-07-16,sina_daily,qfq,VALID,A,26,0
2026-07-16,600965.SH,SH_MAIN,2004-07-13,True,False,0,READY,462,0.996,2024-08-15,2026-07-16,sina_daily,qfq,VALID,A,26,0
2026-07-16,600966.SH,SH_MAIN,2004-06-08,False,False,0,READY,463,1.0,2024-08-15,2026-07-16,sina_daily,qfq,VALID,A,26,0
2026-07-16,600967.SH,SH_MAIN,2004-05-18,False,False,0,READY,463,1.0,2024-08-15,2026-07-16,sina_daily,qfq,VALID,A,26,0
2026-07-16,600968.SH,SH_MAIN,2019-06-26,False,False,0,READY,463,1.0,2024-08-15,2026-07-16,sina_daily,qfq,VALID,A,26,0
2026-07-16,600969.SH,SH_MAIN,2004-04-08,False,False,0,READY,463,1.0,2024-08-15,2026-07-16,sina_daily,qfq,VALID,A,26,0
2026-07-16,600970.SH,SH_MAIN,2005-04-12,False,False,0,READY,463,1.0,2024-08-15,2026-07-16,sina_daily,qfq,VALID,A,26,0
2026-07-16,600971.SH,SH_MAIN,2004-08-17,False,False,0,READY,463,1.0,2024-08-15,2026-07-16,sina_daily,qfq,VALID,A,26,0
2026-07-16,600973.SH,SH_MAIN,2004-08-02,False,False,0,READY,463,1.0,2024-08-15,2026-07-16,sina_daily,qfq,VALID,A,26,0
2026-07-16,600975.SH,SH_MAIN,2004-06-09,False,False,0,READY,463,1.0,2024-08-15,2026-07-16,sina_daily,qfq,VALID,A,26,0
2026-07-16,600976.SH,SH_MAIN,2004-04-19,False,False,0,READY,463,1.0,2024-08-15,2026-07-16,sina_daily,qfq,VALID,A,26,0
2026-07-16,600977.SH,SH_MAIN,2016-08-09,False,False,0,READY,463,1.0,2024-08-15,2026-07-16,sina_daily,qfq,VALID,A,26,0
2026-07-16,600979.SH,SH_MAIN,2004-09-06,False,False,0,READY,463,1.0,2024-08-15,2026-07-16,sina_daily,qfq,VALID,A,26,0
2026-07-16,600980.SH,SH_MAIN,2004-05-12,False,False,0,READY,463,1.0,2024-08-15,2026-07-16,sina_daily,qfq,VALID,A,26,0
2026-07-16,600981.SH,SH_MAIN,2004-06-30,False,False,0,READY,463,1.0,2024-08-15,2026-07-16,sina_daily,qfq,VALID,A,26,0
2026-07-16,600982.SH,SH_MAIN,2004-07-06,False,False,0,READY,463,1.0,2024-08-15,2026-07-16,sina_daily,qfq,VALID,A,26,0
2026-07-16,600983.SH,SH_MAIN,2004-07-27,False,False,0,READY,462,0.996,2024-08-15,2026-07-16,sina_daily,qfq,VALID,A,26,0
2026-07-16,600984.SH,SH_MAIN,2004-07-07,False,False,0,READY,463,1.0,2024-08-15,2026-07-16,sina_daily,qfq,VALID,A,26,0
2026-07-16,600985.SH,SH_MAIN,2004-04-28,False,False,0,READY,463,1.0,2024-08-15,2026-07-16,sina_daily,qfq,VALID,A,26,0
2026-07-16,600986.SH,SH_MAIN,2004-04-26,False,False,0,READY,463,1.0,2024-08-15,2026-07-16,sina_daily,qfq,VALID,A,26,0
2026-07-16,600987.SH,SH_MAIN,2004-08-09,False,False,0,READY,463,1.0,2024-08-15,2026-07-16,sina_daily,qfq,VALID,A,26,0
2026-07-16,600988.SH,SH_MAIN,2004-04-14,False,False,0,READY,461,0.992,2024-08-15,2026-07-16,sina_daily,qfq,VALID,A,26,0
2026-07-16,600989.SH,SH_MAIN,2019-05-16,False,False,0,READY,463,1.0,2024-08-15,2026-07-16,sina_daily,qfq,VALID,A,26,0
2026-07-16,600990.SH,SH_MAIN,2004-05-10,False,False,0,READY,463,1.0,2024-08-15,2026-07-16,sina_daily,qfq,VALID,A,26,0
2026-07-16,600992.SH,SH_MAIN,2004-05-14,False,False,0,READY,463,1.0,2024-08-15,2026-07-16,sina_daily,qfq,VALID,A,26,0
2026-07-16,600993.SH,SH_MAIN,2004-05-17,False,False,0,READY,463,1.0,2024-08-15,2026-07-16,sina_daily,qfq,VALID,A,26,0
2026-07-16,600995.SH,SH_MAIN,2004-06-15,False,False,0,READY,463,1.0,2024-08-15,2026-07-16,sina_daily,qfq,VALID,A,26,0
2026-07-16,600996.SH,SH_MAIN,2016-12-26,False,False,0,READY,463,1.0,2024-08-15,2026-07-16,sina_daily,qfq,VALID,A,26,0
2026-07-16,600997.SH,SH_MAIN,2004-06-02,False,False,0,READY,463,1.0,2024-08-15,2026-07-16,sina_daily,qfq,VALID,A,26,0
2026-07-16,600998.SH,SH_MAIN,2010-11-02,False,False,0,READY,463,1.0,2024-08-15,2026-07-16,sina_daily,qfq,VALID,A,26,0
2026-07-16,600999.SH,SH_MAIN,2009-11-17,False,False,0,READY,463,1.0,2024-08-15,2026-07-16,sina_daily,qfq,VALID,A,26,0
2026-07-16,601000.SH,SH_MAIN,2010-07-05,False,False,0,READY,463,1.0,2024-08-15,2026-07-16,sina_daily,qfq,VALID,A,26,0
2026-07-16,601001.SH,SH_MAIN,2006-06-23,False,False,0,READY,463,1.0,2024-08-15,2026-07-16,sina_daily,qfq,VALID,A,26,0
2026-07-16,601002.SH,SH_MAIN,2007-01-26,False,False,0,READY,463,1.0,2024-08-15,2026-07-16,sina_daily,qfq,VALID,A,26,0
2026-07-16,601003.SH,SH_MAIN,2007-02-27,False,False,0,READY,455,0.968,2024-08-15,2026-07-16,sina_daily,qfq,VALID,A,26,0
2026-07-16,601005.SH,SH_MAIN,2007-02-28,False,False,0,READY,463,1.0,2024-08-15,2026-07-16,sina_daily,qfq,VALID,A,26,0
2026-07-16,601006.SH,SH_MAIN,2006-08-01,False,False,0,READY,463,1.0,2024-08-15,2026-07-16,sina_daily,qfq,VALID,A,26,0
2026-07-16,601007.SH,SH_MAIN,2007-04-06,False,False,0,READY,463,1.0,2024-08-15,2026-07-16,sina_daily,qfq,VALID,A,26,0
2026-07-16,601008.SH,SH_MAIN,2007-04-26,False,False,0,READY,463,1.0,2024-08-15,2026-07-16,sina_daily,qfq,VALID,A,26,0
2026-07-16,601009.SH,SH_MAIN,2007-07-19,False,False,0,READY,463,1.0,2024-08-15,2026-07-16,sina_daily,qfq,VALID,A,26,0
2026-07-16,601010.SH,SH_MAIN,2011-06-03,True,False,0,READY,460,0.988,2024-08-15,2026-07-16,sina_daily,qfq,VALID,A,26,0
2026-07-16,601011.SH,SH_MAIN,2011-03-09,False,False,0,READY,463,1.0,2024-08-15,2026-07-16,sina_daily,qfq,VALID,A,26,0
2026-07-16,601012.SH,SH_MAIN,2012-04-11,False,False,0,READY,463,1.0,2024-08-15,2026-07-16,sina_daily,qfq,VALID,A,26,0
2026-07-16,601015.SH,SH_MAIN,2014-11-05,False,False,0,READY,463,1.0,2024-08-15,2026-07-16,sina_daily,qfq,VALID,A,26,0
2026-07-16,601016.SH,SH_MAIN,2014-09-29,False,False,0,READY,463,1.0,2024-08-15,2026-07-16,sina_daily,qfq,VALID,A,26,0
2026-07-16,601018.SH,SH_MAIN,2010-09-28,False,False,0,READY,463,1.0,2024-08-15,2026-07-16,sina_daily,qfq,VALID,A,26,0
2026-07-16,601019.SH,SH_MAIN,2017-11-22,False,False,0,READY,463,1.0,2024-08-15,2026-07-16,sina_daily,qfq,VALID,A,26,0
2026-07-16,601020.SH,SH_MAIN,2016-03-16,False,False,0,READY,458,0.98,2024-08-15,2026-07-16,sina_daily,qfq,VALID,A,26,0
2026-07-16,601021.SH,SH_MAIN,2015-01-21,False,False,0,READY,463,1.0,2024-08-15,2026-07-16,sina_daily,qfq,VALID,A,26,0
2026-07-16,601022.SH,SH_MAIN,2022-12-08,False,False,0,READY,463,1.0,2024-08-15,2026-07-16,sina_daily,qfq,VALID,A,26,0
2026-07-16,601026.SH,SH_MAIN,2025-10-17,False,False,0,READY,182,1.0,2025-10-17,2026-07-16,sina_daily,qfq,PARTIAL,B,24,2
2026-07-16,601033.SH,SH_MAIN,2024-01-18,False,False,0,READY,463,1.0,2024-08-15,2026-07-16,sina_daily,qfq,VALID,A,26,0
2026-07-16,601038.SH,SH_MAIN,2012-08-08,False,False,0,READY,463,1.0,2024-08-15,2026-07-16,sina_daily,qfq,VALID,A,26,0
2026-07-16,601058.SH,SH_MAIN,2011-06-30,False,False,0,READY,463,1.0,2024-08-15,2026-07-16,sina_daily,qfq,VALID,A,26,0
2026-07-16,601059.SH,SH_MAIN,2023-02-01,False,False,0,READY,443,0.92,2024-08-15,2026-07-16,sina_daily,qfq,PARTIAL,B,26,0
2026-07-16,601061.SH,SH_MAIN,2023-04-10,False,False,0,READY,463,1.0,2024-08-15,2026-07-16,sina_daily,qfq,VALID,A,26,0
2026-07-16,601065.SH,SH_MAIN,2023-04-10,False,False,0,READY,463,1.0,2024-08-15,2026-07-16,sina_daily,qfq,VALID,A,26,0
2026-07-16,601066.SH,SH_MAIN,2018-06-20,False,False,0,READY,463,1.0,2024-08-15,2026-07-16,sina_daily,qfq,VALID,A,26,0
2026-07-16,601068.SH,SH_MAIN,2018-08-31,False,False,0,READY,463,1.0,2024-08-15,2026-07-16,sina_daily,qfq,VALID,A,26,0
2026-07-16,601069.SH,SH_MAIN,2015-01-22,False,False,0,READY,463,1.0,2024-08-15,2026-07-16,sina_daily,qfq,VALID,A,26,0
2026-07-16,601077.SH,SH_MAIN,2019-10-29,False,False,0,READY,463,1.0,2024-08-15,2026-07-16,sina_daily,qfq,VALID,A,26,0
2026-07-16,601083.SH,SH_MAIN,2023-12-05,False,False,0,READY,463,1.0,2024-08-15,2026-07-16,sina_daily,qfq,VALID,A,26,0
2026-07-16,601086.SH,SH_MAIN,2017-09-29,False,False,0,READY,463,1.0,2024-08-15,2026-07-16,sina_daily,qfq,VALID,A,26,0
2026-07-16,601088.SH,SH_MAIN,2007-10-09,False,False,0,READY,453,0.96,2024-08-15,2026-07-16,sina_daily,qfq,VALID,A,26,0
2026-07-16,601089.SH,SH_MAIN,2022-06-30,False,False,0,READY,463,1.0,2024-08-15,2026-07-16,sina_daily,qfq,VALID,A,26,0
2026-07-16,601096.SH,SH_MAIN,2023-12-22,False,False,0,READY,463,1.0,2024-08-15,2026-07-16,sina_daily,qfq,VALID,A,26,0
2026-07-16,601098.SH,SH_MAIN,2010-10-28,False,False,0,READY,463,1.0,2024-08-15,2026-07-16,sina_daily,qfq,VALID,A,26,0
2026-07-16,601099.SH,SH_MAIN,2007-12-28,False,False,0,READY,463,1.0,2024-08-15,2026-07-16,sina_daily,qfq,VALID,A,26,0
2026-07-16,601100.SH,SH_MAIN,2011-10-28,False,False,0,READY,463,1.0,2024-08-15,2026-07-16,sina_daily,qfq,VALID,A,26,0
2026-07-16,601101.SH,SH_MAIN,2010-03-31,False,False,0,READY,463,1.0,2024-08-15,2026-07-16,sina_daily,qfq,VALID,A,26,0
2026-07-16,601106.SH,SH_MAIN,2010-02-09,False,False,0,READY,463,1.0,2024-08-15,2026-07-16,sina_daily,qfq,VALID,A,26,0
2026-07-16,601107.SH,SH_MAIN,2009-07-27,False,False,0,READY,463,1.0,2024-08-15,2026-07-16,sina_daily,qfq,VALID,A,26,0
2026-07-16,601108.SH,SH_MAIN,2017-10-24,False,False,0,READY,463,1.0,2024-08-15,2026-07-16,sina_daily,qfq,VALID,A,26,0
2026-07-16,601111.SH,SH_MAIN,2006-08-18,False,False,0,READY,463,1.0,2024-08-15,2026-07-16,sina_daily,qfq,VALID,A,26,0
2026-07-16,601112.SH,SH_MAIN,2026-01-29,False,False,0,READY,110,1.0,2026-01-29,2026-07-16,sina_daily,qfq,PARTIAL,B,20,6
2026-07-16,601113.SH,SH_MAIN,2011-05-09,False,False,0,READY,463,1.0,2024-08-15,2026-07-16,sina_daily,qfq,VALID,A,26,0
2026-07-16,601116.SH,SH_MAIN,2011-03-02,False,False,0,READY,463,1.0,2024-08-15,2026-07-16,sina_daily,qfq,VALID,A,26,0
2026-07-16,601117.SH,SH_MAIN,2010-01-07,False,False,0,READY,463,1.0,2024-08-15,2026-07-16,sina_daily,qfq,VALID,A,26,0
2026-07-16,601118.SH,SH_MAIN,2011-01-07,False,False,0,READY,463,1.0,2024-08-15,2026-07-16,sina_daily,qfq,VALID,A,26,0
2026-07-16,601121.SH,SH_MAIN,2023-03-10,False,False,0,READY,459,1.0,2024-08-15,2026-07-16,sina_daily,qfq,VALID,A,26,0
2026-07-16,601126.SH,SH_MAIN,2010-12-31,False,False,0,READY,463,1.0,2024-08-15,2026-07-16,sina_daily,qfq,VALID,A,26,0
2026-07-16,601127.SH,SH_MAIN,2016-06-15,False,False,0,READY,463,1.0,2024-08-15,2026-07-16,sina_daily,qfq,VALID,A,26,0
2026-07-16,601128.SH,SH_MAIN,2016-09-30,False,False,0,READY,463,1.0,2024-08-15,2026-07-16,sina_daily,qfq,VALID,A,26,0
2026-07-16,601133.SH,SH_MAIN,2023-04-10,False,False,0,READY,460,0.988,2024-08-15,2026-07-16,sina_daily,qfq,VALID,A,26,0
2026-07-16,601136.SH,SH_MAIN,2022-12-22,False,False,0,READY,463,1.0,2024-08-15,2026-07-16,sina_daily,qfq,VALID,A,26,0
2026-07-16,601137.SH,SH_MAIN,2011-01-27,False,False,0,READY,463,1.0,2024-08-15,2026-07-16,sina_daily,qfq,VALID,A,26,0
2026-07-16,601138.SH,SH_MAIN,2018-06-08,False,False,0,READY,463,1.0,2024-08-15,2026-07-16,sina_daily,qfq,VALID,A,26,0
2026-07-16,601139.SH,SH_MAIN,2009-12-25,False,False,0,READY,463,1.0,2024-08-15,2026-07-16,sina_daily,qfq,VALID,A,26,0
2026-07-16,601155.SH,SH_MAIN,2015-12-04,False,False,0,READY,463,1.0,2024-08-15,2026-07-16,sina_daily,qfq,VALID,A,26,0
2026-07-16,601156.SH,SH_MAIN,2021-06-09,False,False,0,READY,463,1.0,2024-08-15,2026-07-16,sina_daily,qfq,VALID,A,26,0
2026-07-16,601158.SH,SH_MAIN,2010-03-29,False,False,0,READY,463,1.0,2024-08-15,2026-07-16,sina_daily,qfq,VALID,A,26,0
2026-07-16,601162.SH,SH_MAIN,2018-10-19,False,False,0,READY,463,1.0,2024-08-15,2026-07-16,sina_daily,qfq,VALID,A,26,0
2026-07-16,601163.SH,SH_MAIN,2016-09-09,False,False,0,READY,463,1.0,2024-08-15,2026-07-16,sina_daily,qfq,VALID,A,26,0
2026-07-16,601166.SH,SH_MAIN,2007-02-05,False,False,0,READY,463,1.0,2024-08-15,2026-07-16,sina_daily,qfq,VALID,A,26,0
2026-07-16,601168.SH,SH_MAIN,2007-07-12,False,False,0,READY,463,1.0,2024-08-15,2026-07-16,sina_daily,qfq,VALID,A,26,0
2026-07-16,601169.SH,SH_MAIN,2007-09-19,False,False,0,READY,463,1.0,2024-08-15,2026-07-16,sina_daily,qfq,VALID,A,26,0
2026-07-16,601177.SH,SH_MAIN,2010-10-11,False,False,0,READY,463,1.0,2024-08-15,2026-07-16,sina_daily,qfq,VALID,A,26,0
2026-07-16,601179.SH,SH_MAIN,2010-01-28,False,False,0,READY,463,1.0,2024-08-15,2026-07-16,sina_daily,qfq,VALID,A,26,0
2026-07-16,601186.SH,SH_MAIN,2008-03-10,False,False,0,READY,463,1.0,2024-08-15,2026-07-16,sina_daily,qfq,VALID,A,26,0
2026-07-16,601187.SH,SH_MAIN,2020-10-27,False,False,0,READY,463,1.0,2024-08-15,2026-07-16,sina_daily,qfq,VALID,A,26,0
2026-07-16,601188.SH,SH_MAIN,2010-03-19,False,False,0,READY,463,1.0,2024-08-15,2026-07-16,sina_daily,qfq,VALID,A,26,0
2026-07-16,601198.SH,SH_MAIN,2015-02-26,False,False,0,READY,443,0.92,2024-08-15,2026-07-16,sina_daily,qfq,PARTIAL,B,26,0
2026-07-16,601199.SH,SH_MAIN,2011-03-17,False,False,0,READY,463,1.0,2024-08-15,2026-07-16,sina_daily,qfq,VALID,A,26,0
2026-07-16,601200.SH,SH_MAIN,2017-03-31,False,False,0,READY,463,1.0,2024-08-15,2026-07-16,sina_daily,qfq,VALID,A,26,0
2026-07-16,601208.SH,SH_MAIN,2011-05-20,False,False,0,READY,463,1.0,2024-08-15,2026-07-16,sina_daily,qfq,VALID,A,26,0
2026-07-16,601211.SH,SH_MAIN,2015-06-26,False,False,0,READY,444,1.0,2024-08-15,2026-07-16,sina_daily,qfq,VALID,A,26,0
2026-07-16,601212.SH,SH_MAIN,2017-02-15,False,False,0,READY,463,1.0,2024-08-15,2026-07-16,sina_daily,qfq,VALID,A,26,0
2026-07-16,601216.SH,SH_MAIN,2011-02-22,False,False,0,READY,463,1.0,2024-08-15,2026-07-16,sina_daily,qfq,VALID,A,26,0
2026-07-16,601218.SH,SH_MAIN,2011-05-06,False,False,0,READY,463,1.0,2024-08-15,2026-07-16,sina_daily,qfq,VALID,A,26,0
2026-07-16,601222.SH,SH_MAIN,2011-08-08,False,False,0,READY,463,1.0,2024-08-15,2026-07-16,sina_daily,qfq,VALID,A,26,0
2026-07-16,601225.SH,SH_MAIN,2014-01-28,False,False,0,READY,463,1.0,2024-08-15,2026-07-16,sina_daily,qfq,VALID,A,26,0
2026-07-16,601226.SH,SH_MAIN,2014-12-11,False,False,0,READY,463,1.0,2024-08-15,2026-07-16,sina_daily,qfq,VALID,A,26,0
2026-07-16,601228.SH,SH_MAIN,2017-03-29,False,False,0,READY,463,1.0,2024-08-15,2026-07-16,sina_daily,qfq,VALID,A,26,0
2026-07-16,601229.SH,SH_MAIN,2016-11-16,False,False,0,READY,463,1.0,2024-08-15,2026-07-16,sina_daily,qfq,VALID,A,26,0
2026-07-16,601231.SH,SH_MAIN,2012-02-20,False,False,0,READY,463,1.0,2024-08-15,2026-07-16,sina_daily,qfq,VALID,A,26,0
2026-07-16,601233.SH,SH_MAIN,2011-05-18,False,False,0,READY,463,1.0,2024-08-15,2026-07-16,sina_daily,qfq,VALID,A,26,0
2026-07-16,601236.SH,SH_MAIN,2019-07-05,False,False,0,READY,463,1.0,2024-08-15,2026-07-16,sina_daily,qfq,VALID,A,26,0
2026-07-16,601238.SH,SH_MAIN,2012-03-29,False,False,0,READY,463,1.0,2024-08-15,2026-07-16,sina_daily,qfq,VALID,A,26,0
2026-07-16,601279.SH,SH_MAIN,2021-04-15,False,False,0,READY,463,1.0,2024-08-15,2026-07-16,sina_daily,qfq,VALID,A,26,0
2026-07-16,601288.SH,SH_MAIN,2010-07-15,False,False,0,READY,463,1.0,2024-08-15,2026-07-16,sina_daily,qfq,VALID,A,26,0
2026-07-16,601298.SH,SH_MAIN,2019-01-21,False,False,0,READY,463,1.0,2024-08-15,2026-07-16,sina_daily,qfq,VALID,A,26,0
2026-07-16,601311.SH,SH_MAIN,2011-06-02,False,False,0,READY,463,1.0,2024-08-15,2026-07-16,sina_daily,qfq,VALID,A,26,0
2026-07-16,601318.SH,SH_MAIN,2007-03-01,False,False,0,READY,463,1.0,2024-08-15,2026-07-16,sina_daily,qfq,VALID,A,26,0
2026-07-16,601319.SH,SH_MAIN,2018-11-16,False,False,0,READY,463,1.0,2024-08-15,2026-07-16,sina_daily,qfq,VALID,A,26,0
2026-07-16,601326.SH,SH_MAIN,2017-08-16,False,False,0,READY,463,1.0,2024-08-15,2026-07-16,sina_daily,qfq,VALID,A,26,0
2026-07-16,601328.SH,SH_MAIN,2007-05-15,False,False,0,READY,463,1.0,2024-08-15,2026-07-16,sina_daily,qfq,VALID,A,26,0
2026-07-16,601330.SH,SH_MAIN,2018-06-11,False,False,0,READY,463,1.0,2024-08-15,2026-07-16,sina_daily,qfq,VALID,A,26,0
2026-07-16,601333.SH,SH_MAIN,2006-12-22,False,False,0,READY,463,1.0,2024-08-15,2026-07-16,sina_daily,qfq,VALID,A,26,0
2026-07-16,601336.SH,SH_MAIN,2011-12-16,False,False,0,READY,463,1.0,2024-08-15,2026-07-16,sina_daily,qfq,VALID,A,26,0
2026-07-16,601339.SH,SH_MAIN,2012-06-12,False,False,0,READY,463,1.0,2024-08-15,2026-07-16,sina_daily,qfq,VALID,A,26,0
2026-07-16,601360.SH,SH_MAIN,2012-01-16,False,False,0,READY,463,1.0,2024-08-15,2026-07-16,sina_daily,qfq,VALID,A,26,0
2026-07-16,601366.SH,SH_MAIN,2017-04-12,False,False,0,READY,463,1.0,2024-08-15,2026-07-16,sina_daily,qfq,VALID,A,26,0
2026-07-16,601368.SH,SH_MAIN,2015-06-12,False,False,0,READY,463,1.0,2024-08-15,2026-07-16,sina_daily,qfq,VALID,A,26,0
2026-07-16,601369.SH,SH_MAIN,2010-04-28,False,False,0,READY,453,0.96,2024-08-15,2026-07-16,sina_daily,qfq,VALID,A,26,0
2026-07-16,601375.SH,SH_MAIN,2017-01-03,False,False,0,READY,463,1.0,2024-08-15,2026-07-16,sina_daily,qfq,VALID,A,26,0
2026-07-16,601377.SH,SH_MAIN,2010-10-13,False,False,0,READY,463,1.0,2024-08-15,2026-07-16,sina_daily,qfq,VALID,A,26,0
2026-07-16,601388.SH,SH_MAIN,2012-04-23,False,False,0,READY,463,1.0,2024-08-15,2026-07-16,sina_daily,qfq,VALID,A,26,0
2026-07-16,601390.SH,SH_MAIN,2007-12-03,False,False,0,READY,463,1.0,2024-08-15,2026-07-16,sina_daily,qfq,VALID,A,26,0
2026-07-16,601398.SH,SH_MAIN,2006-10-27,False,False,0,READY,463,1.0,2024-08-15,2026-07-16,sina_daily,qfq,VALID,A,26,0
2026-07-16,601399.SH,SH_MAIN,2020-06-08,False,False,0,READY,463,1.0,2024-08-15,2026-07-16,sina_daily,qfq,VALID,A,26,0
2026-07-16,601456.SH,SH_MAIN,2020-07-31,False,False,0,READY,463,1.0,2024-08-15,2026-07-16,sina_daily,qfq,VALID,A,26,0
2026-07-16,601500.SH,SH_MAIN,2016-09-19,False,False,0,READY,459,1.0,2024-08-15,2026-07-16,sina_daily,qfq,VALID,A,26,0
2026-07-16,601512.SH,SH_MAIN,2019-12-20,False,False,0,READY,463,1.0,2024-08-15,2026-07-16,sina_daily,qfq,VALID,A,26,0
2026-07-16,601515.SH,SH_MAIN,2012-02-16,False,False,0,READY,461,1.0,2024-08-15,2026-07-16,sina_daily,qfq,VALID,A,26,0
2026-07-16,601518.SH,SH_MAIN,2010-03-19,False,False,0,READY,463,1.0,2024-08-15,2026-07-16,sina_daily,qfq,VALID,A,26,0
2026-07-16,601519.SH,SH_MAIN,2011-01-28,False,False,0,READY,454,1.0,2024-08-15,2026-07-16,sina_daily,qfq,VALID,A,26,0
2026-07-16,601528.SH,SH_MAIN,2021-06-25,False,False,0,READY,463,1.0,2024-08-15,2026-07-16,sina_daily,qfq,VALID,A,26,0
2026-07-16,601555.SH,SH_MAIN,2011-12-12,False,False,0,READY,453,0.96,2024-08-15,2026-07-16,sina_daily,qfq,VALID,A,26,0
2026-07-16,601566.SH,SH_MAIN,2011-05-30,False,False,0,READY,463,1.0,2024-08-15,2026-07-16,sina_daily,qfq,VALID,A,26,0
2026-07-16,601567.SH,SH_MAIN,2011-06-15,False,False,0,READY,463,1.0,2024-08-15,2026-07-16,sina_daily,qfq,VALID,A,26,0
2026-07-16,601568.SH,SH_MAIN,2020-10-20,False,False,0,READY,463,1.0,2024-08-15,2026-07-16,sina_daily,qfq,VALID,A,26,0
2026-07-16,601577.SH,SH_MAIN,2018-09-26,False,False,0,READY,463,1.0,2024-08-15,2026-07-16,sina_daily,qfq,VALID,A,26,0
2026-07-16,601579.SH,SH_MAIN,2014-08-25,False,False,0,READY,463,1.0,2024-08-15,2026-07-16,sina_daily,qfq,VALID,A,26,0
2026-07-16,601588.SH,SH_MAIN,2006-10-16,False,False,0,READY,463,1.0,2024-08-15,2026-07-16,sina_daily,qfq,VALID,A,26,0
2026-07-16,601595.SH,SH_MAIN,2016-08-17,False,False,0,READY,463,1.0,2024-08-15,2026-07-16,sina_daily,qfq,VALID,A,26,0
2026-07-16,601598.SH,SH_MAIN,2019-01-18,False,False,0,READY,463,1.0,2024-08-15,2026-07-16,sina_daily,qfq,VALID,A,26,0
2026-07-16,601599.SH,SH_MAIN,2011-05-27,False,False,0,READY,463,1.0,2024-08-15,2026-07-16,sina_daily,qfq,VALID,A,26,0
2026-07-16,601600.SH,SH_MAIN,2007-04-30,False,False,0,READY,463,1.0,2024-08-15,2026-07-16,sina_daily,qfq,VALID,A,26,0
2026-07-16,601601.SH,SH_MAIN,2007-12-25,False,False,0,READY,463,1.0,2024-08-15,2026-07-16,sina_daily,qfq,VALID,A,26,0
2026-07-16,601606.SH,SH_MAIN,2018-08-06,False,False,0,READY,463,1.0,2024-08-15,2026-07-16,sina_daily,qfq,VALID,A,26,0
2026-07-16,601607.SH,SH_MAIN,1994-03-24,False,False,0,READY,463,1.0,2024-08-15,2026-07-16,sina_daily,qfq,VALID,A,26,0
2026-07-16,601608.SH,SH_MAIN,2012-07-06,False,False,0,READY,463,1.0,2024-08-15,2026-07-16,sina_daily,qfq,VALID,A,26,0
2026-07-16,601609.SH,SH_MAIN,2020-04-22,False,False,0,READY,463,1.0,2024-08-15,2026-07-16,sina_daily,qfq,VALID,A,26,0
2026-07-16,601611.SH,SH_MAIN,2016-06-06,False,False,0,READY,463,1.0,2024-08-15,2026-07-16,sina_daily,qfq,VALID,A,26,0
2026-07-16,601615.SH,SH_MAIN,2019-01-23,False,False,0,READY,455,0.968,2024-08-15,2026-07-16,sina_daily,qfq,VALID,A,26,0
2026-07-16,601616.SH,SH_MAIN,2011-02-01,False,False,0,READY,463,1.0,2024-08-15,2026-07-16,sina_daily,qfq,VALID,A,26,0
2026-07-16,601618.SH,SH_MAIN,2009-09-21,False,False,0,READY,463,1.0,2024-08-15,2026-07-16,sina_daily,qfq,VALID,A,26,0
2026-07-16,601619.SH,SH_MAIN,2017-07-20,False,False,0,READY,463,1.0,2024-08-15,2026-07-16,sina_daily,qfq,VALID,A,26,0
2026-07-16,601628.SH,SH_MAIN,2007-01-09,False,False,0,READY,463,1.0,2024-08-15,2026-07-16,sina_daily,qfq,VALID,A,26,0
2026-07-16,601633.SH,SH_MAIN,2011-09-28,False,False,0,READY,463,1.0,2024-08-15,2026-07-16,sina_daily,qfq,VALID,A,26,0
2026-07-16,601636.SH,SH_MAIN,2011-08-12,False,False,0,READY,463,1.0,2024-08-15,2026-07-16,sina_daily,qfq,VALID,A,26,0
2026-07-16,601658.SH,SH_MAIN,2019-12-10,False,False,0,READY,463,1.0,2024-08-15,2026-07-16,sina_daily,qfq,VALID,A,26,0
2026-07-16,601665.SH,SH_MAIN,2021-06-18,False,False,0,READY,463,1.0,2024-08-15,2026-07-16,sina_daily,qfq,VALID,A,26,0
2026-07-16,601666.SH,SH_MAIN,2006-11-23,False,False,0,READY,463,1.0,2024-08-15,2026-07-16,sina_daily,qfq,VALID,A,26,0
2026-07-16,601668.SH,SH_MAIN,2009-07-29,False,False,0,READY,463,1.0,2024-08-15,2026-07-16,sina_daily,qfq,VALID,A,26,0
2026-07-16,601669.SH,SH_MAIN,2011-10-18,False,False,0,READY,463,1.0,2024-08-15,2026-07-16,sina_daily,qfq,VALID,A,26,0
2026-07-16,601677.SH,SH_MAIN,2011-09-19,False,False,0,READY,463,1.0,2024-08-15,2026-07-16,sina_daily,qfq,VALID,A,26,0
2026-07-16,601678.SH,SH_MAIN,2010-02-23,False,False,0,READY,463,1.0,2024-08-15,2026-07-16,sina_daily,qfq,VALID,A,26,0
2026-07-16,601686.SH,SH_MAIN,2020-12-04,False,False,0,READY,463,1.0,2024-08-15,2026-07-16,sina_daily,qfq,VALID,A,26,0
2026-07-16,601688.SH,SH_MAIN,2010-02-26,False,False,0,READY,463,1.0,2024-08-15,2026-07-16,sina_daily,qfq,VALID,A,26,0
2026-07-16,601689.SH,SH_MAIN,2015-03-19,False,False,0,READY,463,1.0,2024-08-15,2026-07-16,sina_daily,qfq,VALID,A,26,0
2026-07-16,601696.SH,SH_MAIN,2020-02-26,False,False,0,READY,463,1.0,2024-08-15,2026-07-16,sina_daily,qfq,VALID,A,26,0
2026-07-16,601698.SH,SH_MAIN,2019-06-28,False,False,0,READY,463,1.0,2024-08-15,2026-07-16,sina_daily,qfq,VALID,A,26,0
2026-07-16,601699.SH,SH_MAIN,2006-09-22,False,False,0,READY,463,1.0,2024-08-15,2026-07-16,sina_daily,qfq,VALID,A,26,0
2026-07-16,601700.SH,SH_MAIN,2011-01-18,False,False,0,READY,463,1.0,2024-08-15,2026-07-16,sina_daily,qfq,VALID,A,26,0
2026-07-16,601702.SH,SH_MAIN,2020-09-07,False,False,0,READY,463,1.0,2024-08-15,2026-07-16,sina_daily,qfq,VALID,A,26,0
2026-07-16,601717.SH,SH_MAIN,2010-08-03,False,False,0,READY,463,1.0,2024-08-15,2026-07-16,sina_daily,qfq,VALID,A,26,0
2026-07-16,601718.SH,SH_MAIN,2010-08-16,True,False,0,READY,463,1.0,2024-08-15,2026-07-16,sina_daily,qfq,VALID,A,26,0
2026-07-16,601727.SH,SH_MAIN,2008-12-05,False,False,0,READY,463,1.0,2024-08-15,2026-07-16,sina_daily,qfq,VALID,A,26,0
2026-07-16,601728.SH,SH_MAIN,2021-08-20,False,False,0,READY,463,1.0,2024-08-15,2026-07-16,sina_daily,qfq,VALID,A,26,0
2026-07-16,601766.SH,SH_MAIN,2008-08-18,False,False,0,READY,463,1.0,2024-08-15,2026-07-16,sina_daily,qfq,VALID,A,26,0
2026-07-16,601777.SH,SH_MAIN,2010-11-25,False,False,0,READY,463,1.0,2024-08-15,2026-07-16,sina_daily,qfq,VALID,A,26,0
2026-07-16,601778.SH,SH_MAIN,2020-05-19,False,False,0,READY,463,1.0,2024-08-15,2026-07-16,sina_daily,qfq,VALID,A,26,0
2026-07-16,601788.SH,SH_MAIN,2009-08-18,False,False,0,READY,463,1.0,2024-08-15,2026-07-16,sina_daily,qfq,VALID,A,26,0
2026-07-16,601789.SH,SH_MAIN,2011-08-16,False,False,0,READY,463,1.0,2024-08-15,2026-07-16,sina_daily,qfq,VALID,A,26,0
2026-07-16,601798.SH,SH_MAIN,2011-06-22,False,False,0,READY,463,1.0,2024-08-15,2026-07-16,sina_daily,qfq,VALID,A,26,0
2026-07-16,601799.SH,SH_MAIN,2011-02-01,False,False,0,READY,463,1.0,2024-08-15,2026-07-16,sina_daily,qfq,VALID,A,26,0
2026-07-16,601800.SH,SH_MAIN,2012-03-09,False,False,0,READY,463,1.0,2024-08-15,2026-07-16,sina_daily,qfq,VALID,A,26,0
2026-07-16,601801.SH,SH_MAIN,2010-01-18,False,False,0,READY,463,1.0,2024-08-15,2026-07-16,sina_daily,qfq,VALID,A,26,0
2026-07-16,601808.SH,SH_MAIN,2007-09-28,False,False,0,READY,463,1.0,2024-08-15,2026-07-16,sina_daily,qfq,VALID,A,26,0
2026-07-16,601811.SH,SH_MAIN,2016-08-08,False,False,0,READY,463,1.0,2024-08-15,2026-07-16,sina_daily,qfq,VALID,A,26,0
2026-07-16,601816.SH,SH_MAIN,2020-01-16,False,False,0,READY,463,1.0,2024-08-15,2026-07-16,sina_daily,qfq,VALID,A,26,0
2026-07-16,601818.SH,SH_MAIN,2010-08-18,False,False,0,READY,463,1.0,2024-08-15,2026-07-16,sina_daily,qfq,VALID,A,26,0
2026-07-16,601825.SH,SH_MAIN,2021-08-19,False,False,0,READY,463,1.0,2024-08-15,2026-07-16,sina_daily,qfq,VALID,A,26,0
2026-07-16,601827.SH,SH_MAIN,2020-06-05,False,False,0,READY,463,1.0,2024-08-15,2026-07-16,sina_daily,qfq,VALID,A,26,0
2026-07-16,601828.SH,SH_MAIN,2018-01-17,False,False,0,READY,463,1.0,2024-08-15,2026-07-16,sina_daily,qfq,VALID,A,26,0
2026-07-16,601838.SH,SH_MAIN,2018-01-31,False,False,0,READY,463,1.0,2024-08-15,2026-07-16,sina_daily,qfq,VALID,A,26,0
2026-07-16,601857.SH,SH_MAIN,2007-11-05,False,False,0,READY,463,1.0,2024-08-15,2026-07-16,sina_daily,qfq,VALID,A,26,0
2026-07-16,601858.SH,SH_MAIN,2017-01-18,False,False,0,READY,463,1.0,2024-08-15,2026-07-16,sina_daily,qfq,VALID,A,26,0
2026-07-16,601860.SH,SH_MAIN,2019-01-03,False,False,0,READY,463,1.0,2024-08-15,2026-07-16,sina_daily,qfq,VALID,A,26,0
2026-07-16,601865.SH,SH_MAIN,2019-02-15,False,False,0,READY,463,1.0,2024-08-15,2026-07-16,sina_daily,qfq,VALID,A,26,0
2026-07-16,601866.SH,SH_MAIN,2007-12-12,False,False,0,READY,463,1.0,2024-08-15,2026-07-16,sina_daily,qfq,VALID,A,26,0
2026-07-16,601868.SH,SH_MAIN,2021-09-28,False,False,0,READY,463,1.0,2024-08-15,2026-07-16,sina_daily,qfq,VALID,A,26,0
2026-07-16,601869.SH,SH_MAIN,2018-07-20,False,False,0,READY,463,1.0,2024-08-15,2026-07-16,sina_daily,qfq,VALID,A,26,0
2026-07-16,601872.SH,SH_MAIN,2006-12-01,False,False,0,READY,463,1.0,2024-08-15,2026-07-16,sina_daily,qfq,VALID,A,26,0
2026-07-16,601877.SH,SH_MAIN,2010-01-21,False,False,0,READY,463,1.0,2024-08-15,2026-07-16,sina_daily,qfq,VALID,A,26,0
2026-07-16,601878.SH,SH_MAIN,2017-06-26,False,False,0,READY,463,1.0,2024-08-15,2026-07-16,sina_daily,qfq,VALID,A,26,0
2026-07-16,601880.SH,SH_MAIN,2010-12-06,False,False,0,READY,463,1.0,2024-08-15,2026-07-16,sina_daily,qfq,VALID,A,26,0
2026-07-16,601881.SH,SH_MAIN,2017-01-23,False,False,0,READY,463,1.0,2024-08-15,2026-07-16,sina_daily,qfq,VALID,A,26,0
2026-07-16,601882.SH,SH_MAIN,2016-11-07,False,False,0,READY,463,1.0,2024-08-15,2026-07-16,sina_daily,qfq,VALID,A,26,0
2026-07-16,601886.SH,SH_MAIN,2011-08-18,False,False,0,READY,463,1.0,2024-08-15,2026-07-16,sina_daily,qfq,VALID,A,26,0
2026-07-16,601888.SH,SH_MAIN,2009-10-15,False,False,0,READY,463,1.0,2024-08-15,2026-07-16,sina_daily,qfq,VALID,A,26,0
2026-07-16,601890.SH,SH_MAIN,2010-12-28,False,False,0,READY,463,1.0,2024-08-15,2026-07-16,sina_daily,qfq,VALID,A,26,0
2026-07-16,601898.SH,SH_MAIN,2008-02-01,False,False,0,READY,463,1.0,2024-08-15,2026-07-16,sina_daily,qfq,VALID,A,26,0
2026-07-16,601899.SH,SH_MAIN,2008-04-25,False,False,0,READY,463,1.0,2024-08-15,2026-07-16,sina_daily,qfq,VALID,A,26,0
2026-07-16,601900.SH,SH_MAIN,2016-02-15,False,False,0,READY,463,1.0,2024-08-15,2026-07-16,sina_daily,qfq,VALID,A,26,0
2026-07-16,601901.SH,SH_MAIN,2011-08-10,False,False,0,READY,463,1.0,2024-08-15,2026-07-16,sina_daily,qfq,VALID,A,26,0
2026-07-16,601908.SH,SH_MAIN,2011-09-08,False,False,0,READY,463,1.0,2024-08-15,2026-07-16,sina_daily,qfq,VALID,A,26,0
2026-07-16,601916.SH,SH_MAIN,2019-11-26,False,False,0,READY,463,1.0,2024-08-15,2026-07-16,sina_daily,qfq,VALID,A,26,0
2026-07-16,601918.SH,SH_MAIN,2007-12-19,False,False,0,READY,463,1.0,2024-08-15,2026-07-16,sina_daily,qfq,VALID,A,26,0
2026-07-16,601919.SH,SH_MAIN,2007-06-26,False,False,0,READY,463,1.0,2024-08-15,2026-07-16,sina_daily,qfq,VALID,A,26,0
2026-07-16,601921.SH,SH_MAIN,2021-07-23,False,False,0,READY,463,1.0,2024-08-15,2026-07-16,sina_daily,qfq,VALID,A,26,0
2026-07-16,601928.SH,SH_MAIN,2011-11-30,False,False,0,READY,463,1.0,2024-08-15,2026-07-16,sina_daily,qfq,VALID,A,26,0
2026-07-16,601929.SH,SH_MAIN,2012-02-23,False,False,0,READY,463,1.0,2024-08-15,2026-07-16,sina_daily,qfq,VALID,A,26,0
2026-07-16,601933.SH,SH_MAIN,2010-12-15,False,False,0,READY,463,1.0,2024-08-15,2026-07-16,sina_daily,qfq,VALID,A,26,0
2026-07-16,601939.SH,SH_MAIN,2007-09-25,False,False,0,READY,463,1.0,2024-08-15,2026-07-16,sina_daily,qfq,VALID,A,26,0
2026-07-16,601949.SH,SH_MAIN,2017-08-21,False,False,0,READY,463,1.0,2024-08-15,2026-07-16,sina_daily,qfq,VALID,A,26,0
2026-07-16,601952.SH,SH_MAIN,2017-05-15,False,False,0,READY,463,1.0,2024-08-15,2026-07-16,sina_daily,qfq,VALID,A,26,0
2026-07-16,601956.SH,SH_MAIN,2020-12-25,False,False,0,READY,463,1.0,2024-08-15,2026-07-16,sina_daily,qfq,VALID,A,26,0
2026-07-16,601958.SH,SH_MAIN,2008-04-17,False,False,0,READY,463,1.0,2024-08-15,2026-07-16,sina_daily,qfq,VALID,A,26,0
2026-07-16,601963.SH,SH_MAIN,2021-02-05,False,False,0,READY,463,1.0,2024-08-15,2026-07-16,sina_daily,qfq,VALID,A,26,0
2026-07-16,601965.SH,SH_MAIN,2012-06-11,False,False,0,READY,463,1.0,2024-08-15,2026-07-16,sina_daily,qfq,VALID,A,26,0
2026-07-16,601966.SH,SH_MAIN,2016-07-06,False,False,0,READY,463,1.0,2024-08-15,2026-07-16,sina_daily,qfq,VALID,A,26,0
2026-07-16,601968.SH,SH_MAIN,2015-06-11,False,False,0,READY,463,1.0,2024-08-15,2026-07-16,sina_daily,qfq,VALID,A,26,0
2026-07-16,601969.SH,SH_MAIN,2014-12-09,False,False,0,READY,455,0.968,2024-08-15,2026-07-16,sina_daily,qfq,VALID,A,26,0
2026-07-16,601975.SH,SH_MAIN,2019-01-08,False,False,0,READY,463,1.0,2024-08-15,2026-07-16,sina_daily,qfq,VALID,A,26,0
2026-07-16,601985.SH,SH_MAIN,2015-06-10,False,False,0,READY,463,1.0,2024-08-15,2026-07-16,sina_daily,qfq,VALID,A,26,0
2026-07-16,601988.SH,SH_MAIN,2006-07-05,False,False,0,READY,463,1.0,2024-08-15,2026-07-16,sina_daily,qfq,VALID,A,26,0
2026-07-16,601990.SH,SH_MAIN,2018-06-13,False,False,0,READY,463,1.0,2024-08-15,2026-07-16,sina_daily,qfq,VALID,A,26,0
2026-07-16,601991.SH,SH_MAIN,2006-12-20,False,False,0,READY,463,1.0,2024-08-15,2026-07-16,sina_daily,qfq,VALID,A,26,0
2026-07-16,601992.SH,SH_MAIN,2011-03-01,False,False,0,READY,463,1.0,2024-08-15,2026-07-16,sina_daily,qfq,VALID,A,26,0
2026-07-16,601995.SH,SH_MAIN,2020-11-02,False,False,0,READY,443,0.92,2024-08-15,2026-07-16,sina_daily,qfq,PARTIAL,B,26,0
2026-07-16,601996.SH,SH_MAIN,2011-09-29,False,False,0,READY,463,1.0,2024-08-15,2026-07-16,sina_daily,qfq,VALID,A,26,0
2026-07-16,601997.SH,SH_MAIN,2016-08-16,False,False,0,READY,463,1.0,2024-08-15,2026-07-16,sina_daily,qfq,VALID,A,26,0
2026-07-16,601998.SH,SH_MAIN,2007-04-27,False,False,0,READY,463,1.0,2024-08-15,2026-07-16,sina_daily,qfq,VALID,A,26,0
2026-07-16,601999.SH,SH_MAIN,2007-12-21,False,False,0,READY,463,1.0,2024-08-15,2026-07-16,sina_daily,qfq,VALID,A,26,0
2026-07-16,603000.SH,SH_MAIN,2012-04-27,False,False,0,READY,463,1.0,2024-08-15,2026-07-16,sina_daily,qfq,VALID,A,26,0
2026-07-16,603001.SH,SH_MAIN,2012-04-26,False,False,0,READY,448,0.98,2024-08-15,2026-07-16,sina_daily,qfq,VALID,A,26,0
2026-07-16,603002.SH,SH_MAIN,2012-05-18,False,False,0,READY,463,1.0,2024-08-15,2026-07-16,sina_daily,qfq,VALID,A,26,0
2026-07-16,603004.SH,SH_MAIN,2023-12-27,False,False,0,READY,463,1.0,2024-08-15,2026-07-16,sina_daily,qfq,VALID,A,26,0
2026-07-16,603005.SH,SH_MAIN,2014-02-10,False,False,0,READY,463,1.0,2024-08-15,2026-07-16,sina_daily,qfq,VALID,A,26,0
2026-07-16,603006.SH,SH_MAIN,2014-06-30,False,False,0,READY,463,1.0,2024-08-15,2026-07-16,sina_daily,qfq,VALID,A,26,0
2026-07-16,603007.SH,SH_MAIN,2016-08-26,False,False,0,READY,458,0.996,2024-08-15,2026-07-16,sina_daily,qfq,VALID,A,26,0
2026-07-16,603008.SH,SH_MAIN,2012-07-17,True,False,0,READY,462,0.996,2024-08-15,2026-07-16,sina_daily,qfq,VALID,A,26,0
2026-07-16,603009.SH,SH_MAIN,2014-07-18,False,False,0,READY,463,1.0,2024-08-15,2026-07-16,sina_daily,qfq,VALID,A,26,0
2026-07-16,603010.SH,SH_MAIN,2014-10-10,False,False,0,READY,463,1.0,2024-08-15,2026-07-16,sina_daily,qfq,VALID,A,26,0
2026-07-16,603011.SH,SH_MAIN,2014-11-07,False,False,0,READY,463,1.0,2024-08-15,2026-07-16,sina_daily,qfq,VALID,A,26,0
2026-07-16,603012.SH,SH_MAIN,2015-03-20,False,False,0,READY,463,1.0,2024-08-15,2026-07-16,sina_daily,qfq,VALID,A,26,0
2026-07-16,603013.SH,SH_MAIN,2018-05-09,False,False,0,READY,463,1.0,2024-08-15,2026-07-16,sina_daily,qfq,VALID,A,26,0
2026-07-16,603014.SH,SH_MAIN,2025-05-19,False,False,0,READY,274,0.96,2025-05-19,2026-07-16,sina_daily,qfq,VALID,A,26,0
2026-07-16,603015.SH,SH_MAIN,2015-03-03,False,False,0,READY,463,1.0,2024-08-15,2026-07-16,sina_daily,qfq,VALID,A,26,0
2026-07-16,603016.SH,SH_MAIN,2016-07-01,False,False,0,READY,463,1.0,2024-08-15,2026-07-16,sina_daily,qfq,VALID,A,26,0
2026-07-16,603017.SH,SH_MAIN,2014-12-31,False,False,0,READY,463,1.0,2024-08-15,2026-07-16,sina_daily,qfq,VALID,A,26,0
2026-07-16,603018.SH,SH_MAIN,2014-10-13,False,False,0,READY,463,1.0,2024-08-15,2026-07-16,sina_daily,qfq,VALID,A,26,0
2026-07-16,603019.SH,SH_MAIN,2014-11-06,False,False,0,READY,453,1.0,2024-08-15,2026-07-16,sina_daily,qfq,VALID,A,26,0
2026-07-16,603020.SH,SH_MAIN,2015-03-25,False,False,0,READY,463,1.0,2024-08-15,2026-07-16,sina_daily,qfq,VALID,A,26,0
2026-07-16,603021.SH,SH_MAIN,2015-04-23,True,False,0,READY,461,0.996,2024-08-15,2026-07-16,sina_daily,qfq,VALID,A,26,0
2026-07-16,603022.SH,SH_MAIN,2015-05-18,False,False,0,READY,463,1.0,2024-08-15,2026-07-16,sina_daily,qfq,VALID,A,26,0
2026-07-16,603023.SH,SH_MAIN,2015-05-27,False,False,0,READY,462,1.0,2024-08-15,2026-07-16,sina_daily,qfq,VALID,A,26,0
2026-07-16,603025.SH,SH_MAIN,2015-04-22,False,False,0,READY,463,1.0,2024-08-15,2026-07-16,sina_daily,qfq,VALID,A,26,0
2026-07-16,603026.SH,SH_MAIN,2015-05-29,False,False,0,READY,463,1.0,2024-08-15,2026-07-16,sina_daily,qfq,VALID,A,26,0
2026-07-16,603027.SH,SH_MAIN,2016-03-07,False,False,0,READY,463,1.0,2024-08-15,2026-07-16,sina_daily,qfq,VALID,A,26,0
2026-07-16,603028.SH,SH_MAIN,2016-03-31,False,False,0,READY,463,1.0,2024-08-15,2026-07-16,sina_daily,qfq,VALID,A,26,0
2026-07-16,603029.SH,SH_MAIN,2016-04-27,False,False,0,READY,463,1.0,2024-08-15,2026-07-16,sina_daily,qfq,VALID,A,26,0
2026-07-16,603030.SH,SH_MAIN,2015-03-20,False,False,0,READY,463,1.0,2024-08-15,2026-07-16,sina_daily,qfq,VALID,A,26,0
2026-07-16,603031.SH,SH_MAIN,2016-08-22,False,False,0,READY,463,1.0,2024-08-15,2026-07-16,sina_daily,qfq,VALID,A,26,0
2026-07-16,603032.SH,SH_MAIN,2017-01-05,False,False,0,READY,463,1.0,2024-08-15,2026-07-16,sina_daily,qfq,VALID,A,26,0
2026-07-16,603033.SH,SH_MAIN,2016-12-07,False,False,0,READY,463,1.0,2024-08-15,2026-07-16,sina_daily,qfq,VALID,A,26,0
2026-07-16,603035.SH,SH_MAIN,2017-01-05,False,False,0,READY,463,1.0,2024-08-15,2026-07-16,sina_daily,qfq,VALID,A,26,0
2026-07-16,603036.SH,SH_MAIN,2016-12-09,False,False,0,READY,463,1.0,2024-08-15,2026-07-16,sina_daily,qfq,VALID,A,26,0
2026-07-16,603037.SH,SH_MAIN,2017-01-20,False,False,0,READY,458,0.98,2024-08-15,2026-07-16,sina_daily,qfq,VALID,A,26,0
2026-07-16,603038.SH,SH_MAIN,2017-01-16,False,False,0,READY,463,1.0,2024-08-15,2026-07-16,sina_daily,qfq,VALID,A,26,0
2026-07-16,603039.SH,SH_MAIN,2017-01-13,False,False,0,READY,463,1.0,2024-08-15,2026-07-16,sina_daily,qfq,VALID,A,26,0
2026-07-16,603040.SH,SH_MAIN,2017-02-09,False,False,0,READY,463,1.0,2024-08-15,2026-07-16,sina_daily,qfq,VALID,A,26,0
2026-07-16,603041.SH,SH_MAIN,2017-03-30,False,False,0,READY,463,1.0,2024-08-15,2026-07-16,sina_daily,qfq,VALID,A,26,0
2026-07-16,603042.SH,SH_MAIN,2017-06-02,False,False,0,READY,458,0.98,2024-08-15,2026-07-16,sina_daily,qfq,VALID,A,26,0
2026-07-16,603043.SH,SH_MAIN,2017-06-27,False,False,0,READY,463,1.0,2024-08-15,2026-07-16,sina_daily,qfq,VALID,A,26,0
2026-07-16,603045.SH,SH_MAIN,2018-05-17,False,False,0,READY,463,1.0,2024-08-15,2026-07-16,sina_daily,qfq,VALID,A,26,0
2026-07-16,603048.SH,SH_MAIN,2021-11-16,False,False,0,READY,463,1.0,2024-08-15,2026-07-16,sina_daily,qfq,VALID,A,26,0
2026-07-16,603049.SH,SH_MAIN,2025-06-05,False,False,0,READY,272,1.0,2025-06-05,2026-07-16,sina_daily,qfq,VALID,A,26,0
2026-07-16,603050.SH,SH_MAIN,2017-04-14,False,False,0,READY,463,1.0,2024-08-15,2026-07-16,sina_daily,qfq,VALID,A,26,0
2026-07-16,603051.SH,SH_MAIN,2022-03-25,False,False,0,READY,463,1.0,2024-08-15,2026-07-16,sina_daily,qfq,VALID,A,26,0
2026-07-16,603052.SH,SH_MAIN,2022-10-11,False,False,0,READY,463,1.0,2024-08-15,2026-07-16,sina_daily,qfq,VALID,A,26,0
2026-07-16,603053.SH,SH_MAIN,2019-12-17,False,False,0,READY,463,1.0,2024-08-15,2026-07-16,sina_daily,qfq,VALID,A,26,0
2026-07-16,603055.SH,SH_MAIN,2017-09-21,False,False,0,READY,463,1.0,2024-08-15,2026-07-16,sina_daily,qfq,VALID,A,26,0
2026-07-16,603057.SH,SH_MAIN,2022-09-26,False,False,0,READY,463,1.0,2024-08-15,2026-07-16,sina_daily,qfq,VALID,A,26,0
2026-07-16,603058.SH,SH_MAIN,2016-12-23,False,False,0,READY,453,0.96,2024-08-15,2026-07-16,sina_daily,qfq,VALID,A,26,0
2026-07-16,603059.SH,SH_MAIN,2018-03-02,False,False,0,READY,463,1.0,2024-08-15,2026-07-16,sina_daily,qfq,VALID,A,26,0
2026-07-16,603060.SH,SH_MAIN,2016-11-09,False,False,0,READY,463,1.0,2024-08-15,2026-07-16,sina_daily,qfq,VALID,A,26,0
2026-07-16,603061.SH,SH_MAIN,2023-03-03,False,False,0,READY,463,1.0,2024-08-15,2026-07-16,sina_daily,qfq,VALID,A,26,0
2026-07-16,603062.SH,SH_MAIN,2023-11-07,False,False,0,READY,463,1.0,2024-08-15,2026-07-16,sina_daily,qfq,VALID,A,26,0
2026-07-16,603063.SH,SH_MAIN,2017-07-28,False,False,0,READY,463,1.0,2024-08-15,2026-07-16,sina_daily,qfq,VALID,A,26,0
2026-07-16,603065.SH,SH_MAIN,2023-03-21,False,False,0,READY,463,1.0,2024-08-15,2026-07-16,sina_daily,qfq,VALID,A,26,0
2026-07-16,603066.SH,SH_MAIN,2015-06-11,False,False,0,READY,463,1.0,2024-08-15,2026-07-16,sina_daily,qfq,VALID,A,26,0
2026-07-16,603067.SH,SH_MAIN,2016-09-13,False,False,0,READY,463,1.0,2024-08-15,2026-07-16,sina_daily,qfq,VALID,A,26,0
2026-07-16,603068.SH,SH_MAIN,2019-04-15,False,False,0,READY,463,1.0,2024-08-15,2026-07-16,sina_daily,qfq,VALID,A,26,0
2026-07-16,603069.SH,SH_MAIN,2016-07-12,False,False,0,READY,463,1.0,2024-08-15,2026-07-16,sina_daily,qfq,VALID,A,26,0
2026-07-16,603070.SH,SH_MAIN,2022-03-10,False,False,0,READY,463,1.0,2024-08-15,2026-07-16,sina_daily,qfq,VALID,A,26,0
2026-07-16,603071.SH,SH_MAIN,2021-12-16,False,False,0,READY,463,1.0,2024-08-15,2026-07-16,sina_daily,qfq,VALID,A,26,0
2026-07-16,603072.SH,SH_MAIN,2025-01-03,False,False,0,READY,370,1.0,2025-01-03,2026-07-16,sina_daily,qfq,VALID,A,26,0
2026-07-16,603073.SH,SH_MAIN,2023-03-16,False,False,0,READY,463,1.0,2024-08-15,2026-07-16,sina_daily,qfq,VALID,A,26,0
2026-07-16,603075.SH,SH_MAIN,2023-09-11,False,False,0,READY,463,1.0,2024-08-15,2026-07-16,sina_daily,qfq,VALID,A,26,0
2026-07-16,603076.SH,SH_MAIN,2017-11-13,False,False,0,READY,463,1.0,2024-08-15,2026-07-16,sina_daily,qfq,VALID,A,26,0
2026-07-16,603077.SH,SH_MAIN,2012-07-31,False,False,0,READY,463,1.0,2024-08-15,2026-07-16,sina_daily,qfq,VALID,A,26,0
2026-07-16,603078.SH,SH_MAIN,2017-04-10,False,False,0,READY,458,0.98,2024-08-15,2026-07-16,sina_daily,qfq,VALID,A,26,0
2026-07-16,603079.SH,SH_MAIN,2017-08-23,False,False,0,READY,463,1.0,2024-08-15,2026-07-16,sina_daily,qfq,VALID,A,26,0
2026-07-16,603080.SH,SH_MAIN,2018-01-03,False,False,0,READY,463,1.0,2024-08-15,2026-07-16,sina_daily,qfq,VALID,A,26,0
2026-07-16,603081.SH,SH_MAIN,2017-04-20,False,False,0,READY,463,1.0,2024-08-15,2026-07-16,sina_daily,qfq,VALID,A,26,0
2026-07-16,603082.SH,SH_MAIN,2024-01-30,False,False,0,READY,458,1.0,2024-08-15,2026-07-16,sina_daily,qfq,VALID,A,26,0
2026-07-16,603083.SH,SH_MAIN,2017-11-10,False,False,0,READY,463,1.0,2024-08-15,2026-07-16,sina_daily,qfq,VALID,A,26,0
2026-07-16,603085.SH,SH_MAIN,2015-06-30,False,False,0,READY,463,1.0,2024-08-15,2026-07-16,sina_daily,qfq,VALID,A,26,0
2026-07-16,603086.SH,SH_MAIN,2017-05-11,False,False,0,READY,463,1.0,2024-08-15,2026-07-16,sina_daily,qfq,VALID,A,26,0
2026-07-16,603087.SH,SH_MAIN,2020-06-29,False,False,0,READY,463,1.0,2024-08-15,2026-07-16,sina_daily,qfq,VALID,A,26,0
2026-07-16,603088.SH,SH_MAIN,2014-11-11,False,False,0,READY,463,1.0,2024-08-15,2026-07-16,sina_daily,qfq,VALID,A,26,0
2026-07-16,603089.SH,SH_MAIN,2017-01-26,False,False,0,READY,463,1.0,2024-08-15,2026-07-16,sina_daily,qfq,VALID,A,26,0
2026-07-16,603090.SH,SH_MAIN,2016-08-31,False,False,0,READY,463,1.0,2024-08-15,2026-07-16,sina_daily,qfq,VALID,A,26,0
2026-07-16,603091.SH,SH_MAIN,2024-09-20,False,False,0,READY,439,1.0,2024-09-20,2026-07-16,sina_daily,qfq,VALID,A,26,0
2026-07-16,603092.SH,SH_MAIN,2025-11-07,False,False,0,READY,167,1.0,2025-11-07,2026-07-16,sina_daily,qfq,PARTIAL,B,24,2
2026-07-16,603093.SH,SH_MAIN,2019-08-30,False,False,0,READY,463,1.0,2024-08-15,2026-07-16,sina_daily,qfq,VALID,A,26,0
2026-07-16,603095.SH,SH_MAIN,2020-04-15,False,False,0,READY,463,1.0,2024-08-15,2026-07-16,sina_daily,qfq,VALID,A,26,0
2026-07-16,603096.SH,SH_MAIN,2017-04-25,False,False,0,READY,463,1.0,2024-08-15,2026-07-16,sina_daily,qfq,VALID,A,26,0
2026-07-16,603097.SH,SH_MAIN,2022-05-12,False,False,0,READY,463,1.0,2024-08-15,2026-07-16,sina_daily,qfq,VALID,A,26,0
2026-07-16,603098.SH,SH_MAIN,2016-12-16,False,False,0,READY,463,1.0,2024-08-15,2026-07-16,sina_daily,qfq,VALID,A,26,0
2026-07-16,603099.SH,SH_MAIN,2014-08-22,False,False,0,READY,463,1.0,2024-08-15,2026-07-16,sina_daily,qfq,VALID,A,26,0
2026-07-16,603100.SH,SH_MAIN,2014-08-05,False,False,0,READY,463,1.0,2024-08-15,2026-07-16,sina_daily,qfq,VALID,A,26,0
2026-07-16,603101.SH,SH_MAIN,2016-05-06,False,False,0,READY,463,1.0,2024-08-15,2026-07-16,sina_daily,qfq,VALID,A,26,0
2026-07-16,603102.SH,SH_MAIN,2022-01-25,False,False,0,READY,463,1.0,2024-08-15,2026-07-16,sina_daily,qfq,VALID,A,26,0
2026-07-16,603103.SH,SH_MAIN,2017-10-12,False,False,0,READY,463,1.0,2024-08-15,2026-07-16,sina_daily,qfq,VALID,A,26,0
2026-07-16,603105.SH,SH_MAIN,2018-07-09,False,False,0,READY,463,1.0,2024-08-15,2026-07-16,sina_daily,qfq,VALID,A,26,0
2026-07-16,603106.SH,SH_MAIN,2017-09-20,False,False,0,READY,463,1.0,2024-08-15,2026-07-16,sina_daily,qfq,VALID,A,26,0
2026-07-16,603107.SH,SH_MAIN,2023-11-01,False,False,0,READY,463,1.0,2024-08-15,2026-07-16,sina_daily,qfq,VALID,A,26,0
2026-07-16,603108.SH,SH_MAIN,2015-05-27,False,False,0,READY,463,1.0,2024-08-15,2026-07-16,sina_daily,qfq,VALID,A,26,0
2026-07-16,603109.SH,SH_MAIN,2019-12-31,False,False,0,READY,463,1.0,2024-08-15,2026-07-16,sina_daily,qfq,VALID,A,26,0
2026-07-16,603110.SH,SH_MAIN,2017-10-13,False,False,0,READY,463,1.0,2024-08-15,2026-07-16,sina_daily,qfq,VALID,A,26,0
2026-07-16,603111.SH,SH_MAIN,2014-08-01,False,False,0,READY,463,1.0,2024-08-15,2026-07-16,sina_daily,qfq,VALID,A,26,0
2026-07-16,603112.SH,SH_MAIN,2020-09-17,False,False,0,READY,463,1.0,2024-08-15,2026-07-16,sina_daily,qfq,VALID,A,26,0
2026-07-16,603113.SH,SH_MAIN,2017-05-11,False,False,0,READY,463,1.0,2024-08-15,2026-07-16,sina_daily,qfq,VALID,A,26,0
2026-07-16,603115.SH,SH_MAIN,2019-08-09,False,False,0,READY,463,1.0,2024-08-15,2026-07-16,sina_daily,qfq,VALID,A,26,0
2026-07-16,603116.SH,SH_MAIN,2015-06-29,False,False,0,READY,463,1.0,2024-08-15,2026-07-16,sina_daily,qfq,VALID,A,26,0
2026-07-16,603117.SH,SH_MAIN,2015-06-29,False,False,0,READY,463,1.0,2024-08-15,2026-07-16,sina_daily,qfq,VALID,A,26,0
2026-07-16,603118.SH,SH_MAIN,2015-02-25,False,False,0,READY,458,0.98,2024-08-15,2026-07-16,sina_daily,qfq,VALID,A,26,0
2026-07-16,603119.SH,SH_MAIN,2023-08-01,False,False,0,READY,463,1.0,2024-08-15,2026-07-16,sina_daily,qfq,VALID,A,26,0
2026-07-16,603120.SH,SH_MAIN,2025-04-16,False,False,0,READY,304,1.0,2025-04-16,2026-07-16,sina_daily,qfq,VALID,A,26,0
2026-07-16,603121.SH,SH_MAIN,2019-01-11,False,False,0,READY,453,0.96,2024-08-15,2026-07-16,sina_daily,qfq,VALID,A,26,0
2026-07-16,603122.SH,SH_MAIN,2022-02-16,False,False,0,READY,460,0.988,2024-08-15,2026-07-16,sina_daily,qfq,VALID,A,26,0
2026-07-16,603123.SH,SH_MAIN,2012-05-03,False,False,0,READY,463,1.0,2024-08-15,2026-07-16,sina_daily,qfq,VALID,A,26,0
2026-07-16,603124.SH,SH_MAIN,2025-03-20,False,False,0,READY,322,1.0,2025-03-20,2026-07-16,sina_daily,qfq,VALID,A,26,0
2026-07-16,603125.SH,SH_MAIN,2023-04-10,False,False,0,READY,463,1.0,2024-08-15,2026-07-16,sina_daily,qfq,VALID,A,26,0
2026-07-16,603126.SH,SH_MAIN,2014-07-31,False,False,0,READY,463,1.0,2024-08-15,2026-07-16,sina_daily,qfq,VALID,A,26,0
2026-07-16,603127.SH,SH_MAIN,2017-08-25,False,False,0,READY,463,1.0,2024-08-15,2026-07-16,sina_daily,qfq,VALID,A,26,0
2026-07-16,603128.SH,SH_MAIN,2012-05-29,False,False,0,READY,463,1.0,2024-08-15,2026-07-16,sina_daily,qfq,VALID,A,26,0
2026-07-16,603129.SH,SH_MAIN,2017-08-18,False,False,0,READY,463,1.0,2024-08-15,2026-07-16,sina_daily,qfq,VALID,A,26,0
2026-07-16,603130.SH,SH_MAIN,2022-11-18,False,False,0,READY,463,1.0,2024-08-15,2026-07-16,sina_daily,qfq,VALID,A,26,0
2026-07-16,603131.SH,SH_MAIN,2016-06-07,False,False,0,READY,463,1.0,2024-08-15,2026-07-16,sina_daily,qfq,VALID,A,26,0
2026-07-16,603132.SH,SH_MAIN,2022-02-22,False,False,0,READY,463,1.0,2024-08-15,2026-07-16,sina_daily,qfq,VALID,A,26,0
2026-07-16,603135.SH,SH_MAIN,2023-04-10,False,False,0,READY,463,1.0,2024-08-15,2026-07-16,sina_daily,qfq,VALID,A,26,0
2026-07-16,603136.SH,SH_MAIN,2017-09-27,False,False,0,READY,463,1.0,2024-08-15,2026-07-16,sina_daily,qfq,VALID,A,26,0
2026-07-16,603137.SH,SH_MAIN,2023-04-19,False,False,0,READY,453,0.96,2024-08-15,2026-07-16,sina_daily,qfq,VALID,A,26,0
2026-07-16,603138.SH,SH_MAIN,2017-03-06,False,False,0,READY,463,1.0,2024-08-15,2026-07-16,sina_daily,qfq,VALID,A,26,0
2026-07-16,603139.SH,SH_MAIN,2017-04-21,False,False,0,READY,461,1.0,2024-08-15,2026-07-16,sina_daily,qfq,VALID,A,26,0
2026-07-16,603150.SH,SH_MAIN,2022-01-24,False,False,0,READY,463,1.0,2024-08-15,2026-07-16,sina_daily,qfq,VALID,A,26,0
2026-07-16,603151.SH,SH_MAIN,2022-10-19,False,False,0,READY,456,1.0,2024-08-15,2026-07-16,sina_daily,qfq,VALID,A,26,0
2026-07-16,603153.SH,SH_MAIN,2023-03-13,False,False,0,READY,463,1.0,2024-08-15,2026-07-16,sina_daily,qfq,VALID,A,26,0
2026-07-16,603155.SH,SH_MAIN,2020-09-01,False,False,0,READY,463,1.0,2024-08-15,2026-07-16,sina_daily,qfq,VALID,A,26,0
2026-07-16,603156.SH,SH_MAIN,2018-02-12,False,False,0,READY,463,1.0,2024-08-15,2026-07-16,sina_daily,qfq,VALID,A,26,0
2026-07-16,603158.SH,SH_MAIN,2015-03-20,False,False,0,READY,463,1.0,2024-08-15,2026-07-16,sina_daily,qfq,VALID,A,26,0
2026-07-16,603159.SH,SH_MAIN,2016-08-12,False,False,0,READY,458,0.98,2024-08-15,2026-07-16,sina_daily,qfq,VALID,A,26,0
2026-07-16,603160.SH,SH_MAIN,2016-10-17,False,False,0,READY,453,1.0,2024-08-15,2026-07-16,sina_daily,qfq,VALID,A,26,0
2026-07-16,603161.SH,SH_MAIN,2018-01-05,False,False,0,READY,458,0.98,2024-08-15,2026-07-16,sina_daily,qfq,VALID,A,26,0
2026-07-16,603162.SH,SH_MAIN,2023-03-29,False,False,0,READY,463,1.0,2024-08-15,2026-07-16,sina_daily,qfq,VALID,A,26,0
2026-07-16,603163.SH,SH_MAIN,2022-10-13,False,False,0,READY,463,1.0,2024-08-15,2026-07-16,sina_daily,qfq,VALID,A,26,0
2026-07-16,603165.SH,SH_MAIN,2017-01-17,False,False,0,READY,463,1.0,2024-08-15,2026-07-16,sina_daily,qfq,VALID,A,26,0
2026-07-16,603166.SH,SH_MAIN,2014-11-27,False,False,0,READY,463,1.0,2024-08-15,2026-07-16,sina_daily,qfq,VALID,A,26,0
2026-07-16,603167.SH,SH_MAIN,2012-09-06,False,False,0,READY,463,1.0,2024-08-15,2026-07-16,sina_daily,qfq,VALID,A,26,0
2026-07-16,603168.SH,SH_MAIN,2014-07-02,False,False,0,READY,463,1.0,2024-08-15,2026-07-16,sina_daily,qfq,VALID,A,26,0
2026-07-16,603169.SH,SH_MAIN,2014-10-09,False,False,0,READY,463,1.0,2024-08-15,2026-07-16,sina_daily,qfq,VALID,A,26,0
2026-07-16,603170.SH,SH_MAIN,2022-07-15,False,False,0,READY,463,1.0,2024-08-15,2026-07-16,sina_daily,qfq,VALID,A,26,0
2026-07-16,603171.SH,SH_MAIN,2021-06-30,False,False,0,READY,463,1.0,2024-08-15,2026-07-16,sina_daily,qfq,VALID,A,26,0
2026-07-16,603172.SH,SH_MAIN,2023-05-10,False,False,0,READY,463,1.0,2024-08-15,2026-07-16,sina_daily,qfq,VALID,A,26,0
2026-07-16,603173.SH,SH_MAIN,2023-01-30,False,False,0,READY,463,1.0,2024-08-15,2026-07-16,sina_daily,qfq,VALID,A,26,0
2026-07-16,603175.SH,SH_MAIN,2025-10-24,False,False,0,READY,177,1.0,2025-10-24,2026-07-16,sina_daily,qfq,PARTIAL,B,24,2
2026-07-16,603176.SH,SH_MAIN,2021-12-31,False,False,0,READY,463,1.0,2024-08-15,2026-07-16,sina_daily,qfq,VALID,A,26,0
2026-07-16,603177.SH,SH_MAIN,2017-02-07,False,False,0,READY,463,1.0,2024-08-15,2026-07-16,sina_daily,qfq,VALID,A,26,0
2026-07-16,603178.SH,SH_MAIN,2017-03-28,False,False,0,READY,463,1.0,2024-08-15,2026-07-16,sina_daily,qfq,VALID,A,26,0
2026-07-16,603179.SH,SH_MAIN,2017-03-17,False,False,0,READY,463,1.0,2024-08-15,2026-07-16,sina_daily,qfq,VALID,A,26,0
2026-07-16,603180.SH,SH_MAIN,2017-05-12,False,False,0,READY,463,1.0,2024-08-15,2026-07-16,sina_daily,qfq,VALID,A,26,0
2026-07-16,603181.SH,SH_MAIN,2017-08-24,False,False,0,READY,463,1.0,2024-08-15,2026-07-16,sina_daily,qfq,VALID,A,26,0
2026-07-16,603182.SH,SH_MAIN,2022-09-09,False,False,0,READY,458,0.98,2024-08-15,2026-07-16,sina_daily,qfq,VALID,A,26,0
2026-07-16,603183.SH,SH_MAIN,2017-09-05,False,False,0,READY,463,1.0,2024-08-15,2026-07-16,sina_daily,qfq,VALID,A,26,0
2026-07-16,603185.SH,SH_MAIN,2018-12-28,False,False,0,READY,463,1.0,2024-08-15,2026-07-16,sina_daily,qfq,VALID,A,26,0
2026-07-16,603186.SH,SH_MAIN,2017-01-03,False,False,0,READY,463,1.0,2024-08-15,2026-07-16,sina_daily,qfq,VALID,A,26,0
2026-07-16,603187.SH,SH_MAIN,2018-11-29,False,False,0,READY,463,1.0,2024-08-15,2026-07-16,sina_daily,qfq,VALID,A,26,0
2026-07-16,603188.SH,SH_MAIN,2014-09-09,False,False,0,READY,463,1.0,2024-08-15,2026-07-16,sina_daily,qfq,VALID,A,26,0
2026-07-16,603189.SH,SH_MAIN,2016-09-14,True,False,0,READY,462,0.996,2024-08-15,2026-07-16,sina_daily,qfq,VALID,A,26,0
2026-07-16,603190.SH,SH_MAIN,2023-02-17,False,False,0,READY,463,1.0,2024-08-15,2026-07-16,sina_daily,qfq,VALID,A,26,0
2026-07-16,603191.SH,SH_MAIN,2022-04-28,False,False,0,READY,463,1.0,2024-08-15,2026-07-16,sina_daily,qfq,VALID,A,26,0
2026-07-16,603192.SH,SH_MAIN,2018-08-28,False,False,0,READY,463,1.0,2024-08-15,2026-07-16,sina_daily,qfq,VALID,A,26,0
2026-07-16,603193.SH,SH_MAIN,2023-10-17,False,False,0,READY,463,1.0,2024-08-15,2026-07-16,sina_daily,qfq,VALID,A,26,0
2026-07-16,603194.SH,SH_MAIN,2024-12-24,False,False,0,READY,377,1.0,2024-12-24,2026-07-16,sina_daily,qfq,VALID,A,26,0
2026-07-16,603195.SH,SH_MAIN,2020-02-06,False,False,0,READY,463,1.0,2024-08-15,2026-07-16,sina_daily,qfq,VALID,A,26,0
2026-07-16,603196.SH,SH_MAIN,2017-05-31,False,False,0,READY,453,1.0,2024-08-15,2026-07-16,sina_daily,qfq,VALID,A,26,0
2026-07-16,603197.SH,SH_MAIN,2017-05-19,False,False,0,READY,463,1.0,2024-08-15,2026-07-16,sina_daily,qfq,VALID,A,26,0
2026-07-16,603198.SH,SH_MAIN,2015-05-28,False,False,0,READY,463,1.0,2024-08-15,2026-07-16,sina_daily,qfq,VALID,A,26,0
2026-07-16,603199.SH,SH_MAIN,2015-03-26,False,False,0,READY,463,1.0,2024-08-15,2026-07-16,sina_daily,qfq,VALID,A,26,0
2026-07-16,603200.SH,SH_MAIN,2017-06-01,False,False,0,READY,463,1.0,2024-08-15,2026-07-16,sina_daily,qfq,VALID,A,26,0
2026-07-16,603201.SH,SH_MAIN,2022-07-29,False,False,0,READY,463,1.0,2024-08-15,2026-07-16,sina_daily,qfq,VALID,A,26,0
2026-07-16,603202.SH,SH_MAIN,2025-04-24,False,False,0,READY,298,1.0,2025-04-24,2026-07-16,sina_daily,qfq,VALID,A,26,0
2026-07-16,603203.SH,SH_MAIN,2016-11-08,False,False,0,READY,463,1.0,2024-08-15,2026-07-16,sina_daily,qfq,VALID,A,26,0
2026-07-16,603205.SH,SH_MAIN,2024-11-07,False,False,0,READY,410,1.0,2024-11-07,2026-07-16,sina_daily,qfq,VALID,A,26,0
2026-07-16,603206.SH,SH_MAIN,2022-05-06,False,False,0,READY,463,1.0,2024-08-15,2026-07-16,sina_daily,qfq,VALID,A,26,0
2026-07-16,603207.SH,SH_MAIN,2024-08-26,False,False,0,READY,456,1.0,2024-08-26,2026-07-16,sina_daily,qfq,VALID,A,26,0
2026-07-16,603208.SH,SH_MAIN,2017-02-10,False,False,0,READY,463,1.0,2024-08-15,2026-07-16,sina_daily,qfq,VALID,A,26,0
2026-07-16,603209.SH,SH_MAIN,2022-03-24,False,False,0,READY,463,1.0,2024-08-15,2026-07-16,sina_daily,qfq,VALID,A,26,0
2026-07-16,603210.SH,SH_MAIN,2025-04-09,False,False,0,READY,309,1.0,2025-04-09,2026-07-16,sina_daily,qfq,VALID,A,26,0
2026-07-16,603211.SH,SH_MAIN,2022-07-25,False,False,0,READY,463,1.0,2024-08-15,2026-07-16,sina_daily,qfq,VALID,A,26,0
2026-07-16,603212.SH,SH_MAIN,2020-04-30,False,False,0,READY,463,1.0,2024-08-15,2026-07-16,sina_daily,qfq,VALID,A,26,0
2026-07-16,603213.SH,SH_MAIN,2021-11-11,False,False,0,READY,454,0.964,2024-08-15,2026-07-16,sina_daily,qfq,VALID,A,26,0
2026-07-16,603214.SH,SH_MAIN,2018-03-30,False,False,0,READY,463,1.0,2024-08-15,2026-07-16,sina_daily,qfq,VALID,A,26,0
2026-07-16,603215.SH,SH_MAIN,2022-02-18,False,False,0,READY,463,1.0,2024-08-15,2026-07-16,sina_daily,qfq,VALID,A,26,0
2026-07-16,603216.SH,SH_MAIN,2021-12-15,False,False,0,READY,454,0.964,2024-08-15,2026-07-16,sina_daily,qfq,VALID,A,26,0
2026-07-16,603217.SH,SH_MAIN,2019-06-20,False,False,0,READY,463,1.0,2024-08-15,2026-07-16,sina_daily,qfq,VALID,A,26,0
2026-07-16,603218.SH,SH_MAIN,2016-12-28,False,False,0,READY,463,1.0,2024-08-15,2026-07-16,sina_daily,qfq,VALID,A,26,0
2026-07-16,603219.SH,SH_MAIN,2021-11-22,False,False,0,READY,463,1.0,2024-08-15,2026-07-16,sina_daily,qfq,VALID,A,26,0
2026-07-16,603220.SH,SH_MAIN,2018-11-15,False,False,0,READY,463,1.0,2024-08-15,2026-07-16,sina_daily,qfq,VALID,A,26,0
2026-07-16,603221.SH,SH_MAIN,2020-03-23,False,False,0,READY,463,1.0,2024-08-15,2026-07-16,sina_daily,qfq,VALID,A,26,0
2026-07-16,603222.SH,SH_MAIN,2015-02-17,False,False,0,READY,463,1.0,2024-08-15,2026-07-16,sina_daily,qfq,VALID,A,26,0
2026-07-16,603223.SH,SH_MAIN,2015-06-30,False,False,0,READY,462,1.0,2024-08-15,2026-07-16,sina_daily,qfq,VALID,A,26,0
2026-07-16,603225.SH,SH_MAIN,2017-04-18,False,False,0,READY,463,1.0,2024-08-15,2026-07-16,sina_daily,qfq,VALID,A,26,0
2026-07-16,603226.SH,SH_MAIN,2017-06-15,False,False,0,READY,459,1.0,2024-08-15,2026-07-16,sina_daily,qfq,VALID,A,26,0
2026-07-16,603227.SH,SH_MAIN,2015-05-15,False,False,0,READY,463,1.0,2024-08-15,2026-07-16,sina_daily,qfq,VALID,A,26,0
2026-07-16,603228.SH,SH_MAIN,2017-01-06,False,False,0,READY,463,1.0,2024-08-15,2026-07-16,sina_daily,qfq,VALID,A,26,0
2026-07-16,603229.SH,SH_MAIN,2017-05-09,False,False,0,READY,463,1.0,2024-08-15,2026-07-16,sina_daily,qfq,VALID,A,26,0
2026-07-16,603230.SH,SH_MAIN,2021-12-24,False,False,0,READY,463,1.0,2024-08-15,2026-07-16,sina_daily,qfq,VALID,A,26,0
2026-07-16,603231.SH,SH_MAIN,2023-12-15,False,False,0,READY,463,1.0,2024-08-15,2026-07-16,sina_daily,qfq,VALID,A,26,0
2026-07-16,603232.SH,SH_MAIN,2017-04-21,False,False,0,READY,463,1.0,2024-08-15,2026-07-16,sina_daily,qfq,VALID,A,26,0
2026-07-16,603233.SH,SH_MAIN,2017-07-31,False,False,0,READY,463,1.0,2024-08-15,2026-07-16,sina_daily,qfq,VALID,A,26,0
2026-07-16,603235.SH,SH_MAIN,2022-07-12,False,False,0,READY,463,1.0,2024-08-15,2026-07-16,sina_daily,qfq,VALID,A,26,0
2026-07-16,603236.SH,SH_MAIN,2019-07-16,False,False,0,READY,463,1.0,2024-08-15,2026-07-16,sina_daily,qfq,VALID,A,26,0
2026-07-16,603237.SH,SH_MAIN,2022-08-31,False,False,0,READY,463,1.0,2024-08-15,2026-07-16,sina_daily,qfq,VALID,A,26,0
2026-07-16,603238.SH,SH_MAIN,2017-02-22,False,False,0,READY,463,1.0,2024-08-15,2026-07-16,sina_daily,qfq,VALID,A,26,0
2026-07-16,603239.SH,SH_MAIN,2016-12-30,False,False,0,READY,463,1.0,2024-08-15,2026-07-16,sina_daily,qfq,VALID,A,26,0
2026-07-16,603248.SH,SH_MAIN,2025-12-23,False,False,0,READY,135,1.0,2025-12-23,2026-07-16,sina_daily,qfq,PARTIAL,B,24,2
2026-07-16,603255.SH,SH_MAIN,2022-08-18,False,False,0,READY,463,1.0,2024-08-15,2026-07-16,sina_daily,qfq,VALID,A,26,0
2026-07-16,603256.SH,SH_MAIN,2019-07-19,False,False,0,READY,463,1.0,2024-08-15,2026-07-16,sina_daily,qfq,VALID,A,26,0
2026-07-16,603257.SH,SH_MAIN,2025-04-08,False,False,0,READY,310,1.0,2025-04-08,2026-07-16,sina_daily,qfq,VALID,A,26,0
2026-07-16,603258.SH,SH_MAIN,2016-10-26,False,False,0,READY,463,1.0,2024-08-15,2026-07-16,sina_daily,qfq,VALID,A,26,0
2026-07-16,603259.SH,SH_MAIN,2018-05-08,False,False,0,READY,463,1.0,2024-08-15,2026-07-16,sina_daily,qfq,VALID,A,26,0
2026-07-16,603260.SH,SH_MAIN,2017-10-30,False,False,0,READY,463,1.0,2024-08-15,2026-07-16,sina_daily,qfq,VALID,A,26,0
2026-07-16,603261.SH,SH_MAIN,2022-03-15,False,False,0,READY,461,0.996,2024-08-15,2026-07-16,sina_daily,qfq,VALID,A,26,0
2026-07-16,603262.SH,SH_MAIN,2025-07-23,False,False,0,READY,238,1.0,2025-07-23,2026-07-16,sina_daily,qfq,PARTIAL,B,24,2
2026-07-16,603266.SH,SH_MAIN,2017-01-10,False,False,0,READY,463,1.0,2024-08-15,2026-07-16,sina_daily,qfq,VALID,A,26,0
2026-07-16,603267.SH,SH_MAIN,2019-05-15,False,False,0,READY,463,1.0,2024-08-15,2026-07-16,sina_daily,qfq,VALID,A,26,0
2026-07-16,603268.SH,SH_MAIN,2015-03-19,False,False,0,READY,453,0.996,2024-08-15,2026-07-16,sina_daily,qfq,VALID,A,26,0
2026-07-16,603269.SH,SH_MAIN,2017-05-17,False,False,0,READY,463,1.0,2024-08-15,2026-07-16,sina_daily,qfq,VALID,A,26,0
2026-07-16,603270.SH,SH_MAIN,2023-09-01,False,False,0,READY,463,1.0,2024-08-15,2026-07-16,sina_daily,qfq,VALID,A,26,0
2026-07-16,603271.SH,SH_MAIN,2025-03-11,False,False,0,READY,329,1.0,2025-03-11,2026-07-16,sina_daily,qfq,VALID,A,26,0
2026-07-16,603272.SH,SH_MAIN,2022-05-20,True,False,0,READY,462,0.996,2024-08-15,2026-07-16,sina_daily,qfq,VALID,A,26,0
2026-07-16,603273.SH,SH_MAIN,2023-10-23,False,False,0,READY,463,1.0,2024-08-15,2026-07-16,sina_daily,qfq,VALID,A,26,0
2026-07-16,603275.SH,SH_MAIN,2023-08-23,False,False,0,READY,463,1.0,2024-08-15,2026-07-16,sina_daily,qfq,VALID,A,26,0
2026-07-16,603276.SH,SH_MAIN,2023-09-25,False,False,0,READY,463,1.0,2024-08-15,2026-07-16,sina_daily,qfq,VALID,A,26,0
2026-07-16,603277.SH,SH_MAIN,2017-09-11,False,False,0,READY,463,1.0,2024-08-15,2026-07-16,sina_daily,qfq,VALID,A,26,0
2026-07-16,603278.SH,SH_MAIN,2017-11-13,False,False,0,READY,463,1.0,2024-08-15,2026-07-16,sina_daily,qfq,VALID,A,26,0
2026-07-16,603279.SH,SH_MAIN,2019-07-29,False,False,0,READY,463,1.0,2024-08-15,2026-07-16,sina_daily,qfq,VALID,A,26,0
2026-07-16,603280.SH,SH_MAIN,2022-11-08,False,False,0,READY,463,1.0,2024-08-15,2026-07-16,sina_daily,qfq,VALID,A,26,0
2026-07-16,603281.SH,SH_MAIN,2023-01-31,False,False,0,READY,463,1.0,2024-08-15,2026-07-16,sina_daily,qfq,VALID,A,26,0
2026-07-16,603282.SH,SH_MAIN,2023-03-15,False,False,0,READY,463,1.0,2024-08-15,2026-07-16,sina_daily,qfq,VALID,A,26,0
2026-07-16,603283.SH,SH_MAIN,2017-12-25,False,False,0,READY,463,1.0,2024-08-15,2026-07-16,sina_daily,qfq,VALID,A,26,0
2026-07-16,603284.SH,SH_MAIN,2026-02-10,False,False,0,READY,102,1.0,2026-02-10,2026-07-16,sina_daily,qfq,PARTIAL,B,20,6
2026-07-16,603285.SH,SH_MAIN,2024-07-05,False,False,0,READY,463,1.0,2024-08-15,2026-07-16,sina_daily,qfq,VALID,A,26,0
2026-07-16,603286.SH,SH_MAIN,2017-06-27,False,False,0,READY,463,1.0,2024-08-15,2026-07-16,sina_daily,qfq,VALID,A,26,0
2026-07-16,603288.SH,SH_MAIN,2014-02-11,False,False,0,READY,463,1.0,2024-08-15,2026-07-16,sina_daily,qfq,VALID,A,26,0
2026-07-16,603289.SH,SH_MAIN,2017-10-31,False,False,0,READY,463,1.0,2024-08-15,2026-07-16,sina_daily,qfq,VALID,A,26,0
2026-07-16,603290.SH,SH_MAIN,2020-02-04,False,False,0,READY,463,1.0,2024-08-15,2026-07-16,sina_daily,qfq,VALID,A,26,0
2026-07-16,603291.SH,SH_MAIN,2023-03-27,False,False,0,READY,463,1.0,2024-08-15,2026-07-16,sina_daily,qfq,VALID,A,26,0
2026-07-16,603293.SH,SH_MAIN,2026-04-16,False,False,0,READY,62,1.0,2026-04-16,2026-07-16,sina_daily,qfq,PARTIAL,B,17,9
2026-07-16,603296.SH,SH_MAIN,2023-08-08,False,False,0,READY,463,1.0,2024-08-15,2026-07-16,sina_daily,qfq,VALID,A,26,0
2026-07-16,603297.SH,SH_MAIN,2018-09-10,False,False,0,READY,463,1.0,2024-08-15,2026-07-16,sina_daily,qfq,VALID,A,26,0
2026-07-16,603298.SH,SH_MAIN,2016-12-27,False,False,0,READY,463,1.0,2024-08-15,2026-07-16,sina_daily,qfq,VALID,A,26,0
2026-07-16,603299.SH,SH_MAIN,2015-12-31,False,False,0,READY,463,1.0,2024-08-15,2026-07-16,sina_daily,qfq,VALID,A,26,0
2026-07-16,603300.SH,SH_MAIN,2015-05-29,False,False,0,READY,463,1.0,2024-08-15,2026-07-16,sina_daily,qfq,VALID,A,26,0
2026-07-16,603301.SH,SH_MAIN,2018-04-12,False,False,0,READY,463,1.0,2024-08-15,2026-07-16,sina_daily,qfq,VALID,A,26,0
2026-07-16,603303.SH,SH_MAIN,2017-03-30,False,False,0,READY,463,1.0,2024-08-15,2026-07-16,sina_daily,qfq,VALID,A,26,0
2026-07-16,603305.SH,SH_MAIN,2017-07-10,False,False,0,READY,456,0.992,2024-08-15,2026-07-16,sina_daily,qfq,VALID,A,26,0
2026-07-16,603306.SH,SH_MAIN,2014-09-26,False,False,0,READY,453,1.0,2024-08-15,2026-07-16,sina_daily,qfq,VALID,A,26,0
2026-07-16,603307.SH,SH_MAIN,2023-02-16,False,False,0,READY,463,1.0,2024-08-15,2026-07-16,sina_daily,qfq,VALID,A,26,0
2026-07-16,603308.SH,SH_MAIN,2014-01-22,False,False,0,READY,463,1.0,2024-08-15,2026-07-16,sina_daily,qfq,VALID,A,26,0
2026-07-16,603309.SH,SH_MAIN,2015-03-02,False,False,0,READY,463,1.0,2024-08-15,2026-07-16,sina_daily,qfq,VALID,A,26,0
2026-07-16,603310.SH,SH_MAIN,2024-08-14,False,False,0,READY,463,1.0,2024-08-15,2026-07-16,sina_daily,qfq,VALID,A,26,0
2026-07-16,603311.SH,SH_MAIN,2015-05-18,False,False,0,READY,458,0.98,2024-08-15,2026-07-16,sina_daily,qfq,VALID,A,26,0
2026-07-16,603312.SH,SH_MAIN,2024-01-11,False,False,0,READY,463,1.0,2024-08-15,2026-07-16,sina_daily,qfq,VALID,A,26,0
2026-07-16,603313.SH,SH_MAIN,2016-10-13,False,False,0,READY,463,1.0,2024-08-15,2026-07-16,sina_daily,qfq,VALID,A,26,0
2026-07-16,603315.SH,SH_MAIN,2015-04-24,False,False,0,READY,463,1.0,2024-08-15,2026-07-16,sina_daily,qfq,VALID,A,26,0
2026-07-16,603316.SH,SH_MAIN,2017-06-19,False,False,0,READY,463,1.0,2024-08-15,2026-07-16,sina_daily,qfq,VALID,A,26,0
2026-07-16,603317.SH,SH_MAIN,2019-04-16,False,False,0,READY,463,1.0,2024-08-15,2026-07-16,sina_daily,qfq,VALID,A,26,0
2026-07-16,603318.SH,SH_MAIN,2015-04-24,False,False,0,READY,463,1.0,2024-08-15,2026-07-16,sina_daily,qfq,VALID,A,26,0
2026-07-16,603319.SH,SH_MAIN,2016-11-30,False,False,0,READY,463,1.0,2024-08-15,2026-07-16,sina_daily,qfq,VALID,A,26,0
2026-07-16,603320.SH,SH_MAIN,2017-05-02,False,False,0,READY,463,1.0,2024-08-15,2026-07-16,sina_daily,qfq,VALID,A,26,0
2026-07-16,603321.SH,SH_MAIN,2017-09-15,False,False,0,READY,463,1.0,2024-08-15,2026-07-16,sina_daily,qfq,VALID,A,26,0
2026-07-16,603322.SH,SH_MAIN,2016-07-28,False,False,0,READY,463,1.0,2024-08-15,2026-07-16,sina_daily,qfq,VALID,A,26,0
2026-07-16,603323.SH,SH_MAIN,2016-11-29,False,False,0,READY,463,1.0,2024-08-15,2026-07-16,sina_daily,qfq,VALID,A,26,0
2026-07-16,603324.SH,SH_MAIN,2021-04-07,False,False,0,READY,463,1.0,2024-08-15,2026-07-16,sina_daily,qfq,VALID,A,26,0
2026-07-16,603325.SH,SH_MAIN,2024-01-10,False,False,0,READY,463,1.0,2024-08-15,2026-07-16,sina_daily,qfq,VALID,A,26,0
2026-07-16,603326.SH,SH_MAIN,2017-06-16,False,False,0,READY,463,1.0,2024-08-15,2026-07-16,sina_daily,qfq,VALID,A,26,0
2026-07-16,603327.SH,SH_MAIN,2019-05-23,False,False,0,READY,463,1.0,2024-08-15,2026-07-16,sina_daily,qfq,VALID,A,26,0
2026-07-16,603328.SH,SH_MAIN,2014-07-01,False,False,0,READY,463,1.0,2024-08-15,2026-07-16,sina_daily,qfq,VALID,A,26,0
2026-07-16,603329.SH,SH_MAIN,2017-12-29,False,False,0,READY,463,1.0,2024-08-15,2026-07-16,sina_daily,qfq,VALID,A,26,0
2026-07-16,603330.SH,SH_MAIN,2017-02-13,False,False,0,READY,459,1.0,2024-08-15,2026-07-16,sina_daily,qfq,VALID,A,26,0
2026-07-16,603331.SH,SH_MAIN,2017-07-05,False,False,0,READY,463,1.0,2024-08-15,2026-07-16,sina_daily,qfq,VALID,A,26,0
2026-07-16,603332.SH,SH_MAIN,2019-01-17,False,False,0,READY,463,1.0,2024-08-15,2026-07-16,sina_daily,qfq,VALID,A,26,0
2026-07-16,603333.SH,SH_MAIN,2012-05-07,False,False,0,READY,463,1.0,2024-08-15,2026-07-16,sina_daily,qfq,VALID,A,26,0
2026-07-16,603334.SH,SH_MAIN,2025-11-05,False,False,0,READY,169,1.0,2025-11-05,2026-07-16,sina_daily,qfq,PARTIAL,B,24,2
2026-07-16,603335.SH,SH_MAIN,2017-06-20,False,False,0,READY,463,1.0,2024-08-15,2026-07-16,sina_daily,qfq,VALID,A,26,0
2026-07-16,603336.SH,SH_MAIN,2016-11-24,False,False,0,READY,458,1.0,2024-08-15,2026-07-16,sina_daily,qfq,VALID,A,26,0
2026-07-16,603337.SH,SH_MAIN,2017-01-19,False,False,0,READY,463,1.0,2024-08-15,2026-07-16,sina_daily,qfq,VALID,A,26,0
2026-07-16,603338.SH,SH_MAIN,2015-03-25,False,False,0,READY,463,1.0,2024-08-15,2026-07-16,sina_daily,qfq,VALID,A,26,0
2026-07-16,603339.SH,SH_MAIN,2016-05-19,False,False,0,READY,463,1.0,2024-08-15,2026-07-16,sina_daily,qfq,VALID,A,26,0
2026-07-16,603341.SH,SH_MAIN,2024-03-01,False,False,0,READY,463,1.0,2024-08-15,2026-07-16,sina_daily,qfq,VALID,A,26,0
2026-07-16,603344.SH,SH_MAIN,2024-03-20,False,False,0,READY,463,1.0,2024-08-15,2026-07-16,sina_daily,qfq,VALID,A,26,0
2026-07-16,603345.SH,SH_MAIN,2017-02-22,False,False,0,READY,463,1.0,2024-08-15,2026-07-16,sina_daily,qfq,VALID,A,26,0
2026-07-16,603348.SH,SH_MAIN,2018-04-26,False,False,0,READY,463,1.0,2024-08-15,2026-07-16,sina_daily,qfq,VALID,A,26,0
2026-07-16,603350.SH,SH_MAIN,2024-07-03,False,False,0,READY,463,1.0,2024-08-15,2026-07-16,sina_daily,qfq,VALID,A,26,0
2026-07-16,603351.SH,SH_MAIN,2019-01-30,False,False,0,READY,463,1.0,2024-08-15,2026-07-16,sina_daily,qfq,VALID,A,26,0
2026-07-16,603352.SH,SH_MAIN,2026-01-15,False,False,0,READY,120,1.0,2026-01-15,2026-07-16,sina_daily,qfq,PARTIAL,B,23,3
2026-07-16,603353.SH,SH_MAIN,2020-04-07,False,False,0,READY,463,1.0,2024-08-15,2026-07-16,sina_daily,qfq,VALID,A,26,0
2026-07-16,603355.SH,SH_MAIN,2015-05-13,False,False,0,READY,463,1.0,2024-08-15,2026-07-16,sina_daily,qfq,VALID,A,26,0
2026-07-16,603356.SH,SH_MAIN,2018-01-24,False,False,0,READY,458,1.0,2024-08-15,2026-07-16,sina_daily,qfq,VALID,A,26,0
2026-07-16,603357.SH,SH_MAIN,2017-08-01,False,False,0,READY,463,1.0,2024-08-15,2026-07-16,sina_daily,qfq,VALID,A,26,0
2026-07-16,603358.SH,SH_MAIN,2017-01-25,False,False,0,READY,463,1.0,2024-08-15,2026-07-16,sina_daily,qfq,VALID,A,26,0
2026-07-16,603359.SH,SH_MAIN,2017-09-01,True,False,0,READY,452,0.956,2024-08-15,2026-07-16,sina_daily,qfq,VALID,A,26,0
2026-07-16,603360.SH,SH_MAIN,2017-02-06,False,False,0,READY,463,1.0,2024-08-15,2026-07-16,sina_daily,qfq,VALID,A,26,0
2026-07-16,603363.SH,SH_MAIN,2017-09-26,False,False,0,READY,462,1.0,2024-08-15,2026-07-16,sina_daily,qfq,VALID,A,26,0
2026-07-16,603365.SH,SH_MAIN,2017-11-20,False,False,0,READY,463,1.0,2024-08-15,2026-07-16,sina_daily,qfq,VALID,A,26,0
2026-07-16,603366.SH,SH_MAIN,2012-05-21,False,False,0,READY,463,1.0,2024-08-15,2026-07-16,sina_daily,qfq,VALID,A,26,0
2026-07-16,603367.SH,SH_MAIN,2017-09-29,False,False,0,READY,463,1.0,2024-08-15,2026-07-16,sina_daily,qfq,VALID,A,26,0
2026-07-16,603368.SH,SH_MAIN,2014-12-04,False,False,0,READY,463,1.0,2024-08-15,2026-07-16,sina_daily,qfq,VALID,A,26,0
2026-07-16,603369.SH,SH_MAIN,2014-07-03,False,False,0,READY,463,1.0,2024-08-15,2026-07-16,sina_daily,qfq,VALID,A,26,0
2026-07-16,603370.SH,SH_MAIN,2025-09-05,False,False,0,READY,206,1.0,2025-09-05,2026-07-16,sina_daily,qfq,PARTIAL,B,24,2
2026-07-16,603373.SH,SH_MAIN,2023-12-20,False,False,0,READY,463,1.0,2024-08-15,2026-07-16,sina_daily,qfq,VALID,A,26,0
2026-07-16,603375.SH,SH_MAIN,2024-01-24,False,False,0,READY,463,1.0,2024-08-15,2026-07-16,sina_daily,qfq,VALID,A,26,0
2026-07-16,603376.SH,SH_MAIN,2025-11-06,False,False,0,READY,168,1.0,2025-11-06,2026-07-16,sina_daily,qfq,PARTIAL,B,24,2
2026-07-16,603377.SH,SH_MAIN,2016-02-05,True,False,0,READY,421,0.876,2024-08-15,2026-07-16,sina_daily,qfq,PARTIAL,B,26,0
2026-07-16,603378.SH,SH_MAIN,2017-09-28,True,False,0,READY,462,0.996,2024-08-15,2026-07-16,sina_daily,qfq,VALID,A,26,0
2026-07-16,603379.SH,SH_MAIN,2019-04-02,False,False,0,READY,463,1.0,2024-08-15,2026-07-16,sina_daily,qfq,VALID,A,26,0
2026-07-16,603380.SH,SH_MAIN,2017-06-22,False,False,0,READY,463,1.0,2024-08-15,2026-07-16,sina_daily,qfq,VALID,A,26,0
2026-07-16,603381.SH,SH_MAIN,2024-06-26,False,False,0,READY,463,1.0,2024-08-15,2026-07-16,sina_daily,qfq,VALID,A,26,0
2026-07-16,603382.SH,SH_MAIN,2025-06-12,False,False,0,READY,267,1.0,2025-06-12,2026-07-16,sina_daily,qfq,VALID,A,26,0
2026-07-16,603383.SH,SH_MAIN,2017-05-22,False,False,0,READY,463,1.0,2024-08-15,2026-07-16,sina_daily,qfq,VALID,A,26,0
2026-07-16,603385.SH,SH_MAIN,2017-04-05,False,False,0,READY,463,1.0,2024-08-15,2026-07-16,sina_daily,qfq,VALID,A,26,0
2026-07-16,603386.SH,SH_MAIN,2017-09-12,False,False,0,READY,463,1.0,2024-08-15,2026-07-16,sina_daily,qfq,VALID,A,26,0
2026-07-16,603387.SH,SH_MAIN,2017-07-17,False,False,0,READY,463,1.0,2024-08-15,2026-07-16,sina_daily,qfq,VALID,A,26,0
2026-07-16,603389.SH,SH_MAIN,2016-12-15,False,False,0,READY,430,0.94,2024-08-15,2026-07-16,sina_daily,qfq,PARTIAL,B,26,0
2026-07-16,603390.SH,SH_MAIN,2019-11-25,False,False,0,READY,463,1.0,2024-08-15,2026-07-16,sina_daily,qfq,VALID,A,26,0
2026-07-16,603391.SH,SH_MAIN,2024-07-31,False,False,0,READY,463,1.0,2024-08-15,2026-07-16,sina_daily,qfq,VALID,A,26,0
2026-07-16,603392.SH,SH_MAIN,2020-04-29,False,False,0,READY,463,1.0,2024-08-15,2026-07-16,sina_daily,qfq,VALID,A,26,0
2026-07-16,603393.SH,SH_MAIN,2016-09-12,False,False,0,READY,463,1.0,2024-08-15,2026-07-16,sina_daily,qfq,VALID,A,26,0
2026-07-16,603395.SH,SH_MAIN,2024-11-26,False,False,0,READY,397,1.0,2024-11-26,2026-07-16,sina_daily,qfq,VALID,A,26,0
2026-07-16,603396.SH,SH_MAIN,2017-10-18,False,False,0,READY,463,1.0,2024-08-15,2026-07-16,sina_daily,qfq,VALID,A,26,0
2026-07-16,603398.SH,SH_MAIN,2015-12-09,True,False,0,READY,462,1.0,2024-08-15,2026-07-16,sina_daily,qfq,VALID,A,26,0
2026-07-16,603399.SH,SH_MAIN,2012-08-24,False,False,0,READY,463,1.0,2024-08-15,2026-07-16,sina_daily,qfq,VALID,A,26,0
2026-07-16,603400.SH,SH_MAIN,2025-06-20,False,False,0,READY,261,1.0,2025-06-20,2026-07-16,sina_daily,qfq,VALID,A,26,0
2026-07-16,603402.SH,SH_MAIN,2026-01-06,False,False,0,READY,127,1.0,2026-01-06,2026-07-16,sina_daily,qfq,PARTIAL,B,24,2
2026-07-16,603406.SH,SH_MAIN,2025-08-08,False,False,0,READY,226,1.0,2025-08-08,2026-07-16,sina_daily,qfq,PARTIAL,B,24,2
2026-07-16,603407.SH,SH_MAIN,2026-05-11,False,False,0,READY,48,1.0,2026-05-11,2026-07-16,sina_daily,qfq,PARTIAL,B,16,10
2026-07-16,603408.SH,SH_MAIN,2020-07-30,False,False,0,READY,463,1.0,2024-08-15,2026-07-16,sina_daily,qfq,VALID,A,26,0
2026-07-16,603409.SH,SH_MAIN,2025-03-04,False,False,0,READY,334,1.0,2025-03-04,2026-07-16,sina_daily,qfq,VALID,A,26,0
2026-07-16,603416.SH,SH_MAIN,2016-12-21,False,False,0,READY,463,1.0,2024-08-15,2026-07-16,sina_daily,qfq,VALID,A,26,0
2026-07-16,603418.SH,SH_MAIN,2025-09-23,False,False,0,READY,194,1.0,2025-09-23,2026-07-16,sina_daily,qfq,PARTIAL,B,24,2
2026-07-16,603421.SH,SH_MAIN,2016-10-11,False,False,0,READY,463,1.0,2024-08-15,2026-07-16,sina_daily,qfq,VALID,A,26,0
2026-07-16,603429.SH,SH_MAIN,2017-01-24,True,False,0,READY,462,0.996,2024-08-15,2026-07-16,sina_daily,qfq,VALID,A,26,0
2026-07-16,603435.SH,SH_MAIN,2026-05-22,False,False,0,READY,39,1.0,2026-05-22,2026-07-16,sina_daily,qfq,PARTIAL,B,7,19
2026-07-16,603439.SH,SH_MAIN,2020-04-28,False,False,0,READY,463,1.0,2024-08-15,2026-07-16,sina_daily,qfq,VALID,A,26,0
2026-07-16,603444.SH,SH_MAIN,2017-01-04,False,False,0,READY,463,1.0,2024-08-15,2026-07-16,sina_daily,qfq,VALID,A,26,0
2026-07-16,603456.SH,SH_MAIN,2014-10-10,False,False,0,READY,463,1.0,2024-08-15,2026-07-16,sina_daily,qfq,VALID,A,26,0
2026-07-16,603458.SH,SH_MAIN,2017-08-09,False,False,0,READY,463,1.0,2024-08-15,2026-07-16,sina_daily,qfq,VALID,A,26,0
2026-07-16,603459.SH,SH_MAIN,2026-04-08,False,False,0,READY,68,1.0,2026-04-08,2026-07-16,sina_daily,qfq,PARTIAL,B,17,9
2026-07-16,603466.SH,SH_MAIN,2017-10-20,False,False,0,READY,463,1.0,2024-08-15,2026-07-16,sina_daily,qfq,VALID,A,26,0
2026-07-16,603477.SH,SH_MAIN,2017-12-18,False,False,0,READY,463,1.0,2024-08-15,2026-07-16,sina_daily,qfq,VALID,A,26,0
2026-07-16,603486.SH,SH_MAIN,2018-05-28,False,False,0,READY,463,1.0,2024-08-15,2026-07-16,sina_daily,qfq,VALID,A,26,0
2026-07-16,603488.SH,SH_MAIN,2017-05-16,False,False,0,READY,463,1.0,2024-08-15,2026-07-16,sina_daily,qfq,VALID,A,26,0
2026-07-16,603489.SH,SH_MAIN,2019-11-11,False,False,0,READY,463,1.0,2024-08-15,2026-07-16,sina_daily,qfq,VALID,A,26,0
2026-07-16,603496.SH,SH_MAIN,2017-06-07,False,False,0,READY,454,0.964,2024-08-15,2026-07-16,sina_daily,qfq,VALID,A,26,0
2026-07-16,603499.SH,SH_MAIN,2017-10-16,False,False,0,READY,463,1.0,2024-08-15,2026-07-16,sina_daily,qfq,VALID,A,26,0
2026-07-16,603500.SH,SH_MAIN,2017-09-04,False,False,0,READY,463,1.0,2024-08-15,2026-07-16,sina_daily,qfq,VALID,A,26,0
2026-07-16,603501.SH,SH_MAIN,2017-05-04,False,False,0,READY,463,1.0,2024-08-15,2026-07-16,sina_daily,qfq,VALID,A,26,0
2026-07-16,603505.SH,SH_MAIN,2017-05-03,False,False,0,READY,463,1.0,2024-08-15,2026-07-16,sina_daily,qfq,VALID,A,26,0
2026-07-16,603506.SH,SH_MAIN,2018-02-01,False,False,0,READY,463,1.0,2024-08-15,2026-07-16,sina_daily,qfq,VALID,A,26,0
2026-07-16,603507.SH,SH_MAIN,2017-11-06,False,False,0,READY,463,1.0,2024-08-15,2026-07-16,sina_daily,qfq,VALID,A,26,0
2026-07-16,603508.SH,SH_MAIN,2015-12-24,False,False,0,READY,458,0.98,2024-08-15,2026-07-16,sina_daily,qfq,VALID,A,26,0
2026-07-16,603511.SH,SH_MAIN,2021-05-31,False,False,0,READY,463,1.0,2024-08-15,2026-07-16,sina_daily,qfq,VALID,A,26,0
2026-07-16,603515.SH,SH_MAIN,2016-08-19,False,False,0,READY,463,1.0,2024-08-15,2026-07-16,sina_daily,qfq,VALID,A,26,0
2026-07-16,603516.SH,SH_MAIN,2018-02-02,False,False,0,READY,463,1.0,2024-08-15,2026-07-16,sina_daily,qfq,VALID,A,26,0
2026-07-16,603517.SH,SH_MAIN,2017-03-17,True,False,0,READY,462,0.996,2024-08-15,2026-07-16,sina_daily,qfq,VALID,A,26,0
2026-07-16,603518.SH,SH_MAIN,2014-12-03,False,False,0,READY,463,1.0,2024-08-15,2026-07-16,sina_daily,qfq,VALID,A,26,0
2026-07-16,603519.SH,SH_MAIN,2015-03-19,False,False,0,READY,463,1.0,2024-08-15,2026-07-16,sina_daily,qfq,VALID,A,26,0
2026-07-16,603520.SH,SH_MAIN,2016-03-09,False,False,0,READY,463,1.0,2024-08-15,2026-07-16,sina_daily,qfq,VALID,A,26,0
2026-07-16,603527.SH,SH_MAIN,2017-09-07,False,False,0,READY,463,1.0,2024-08-15,2026-07-16,sina_daily,qfq,VALID,A,26,0
2026-07-16,603528.SH,SH_MAIN,2016-05-03,False,False,0,READY,463,1.0,2024-08-15,2026-07-16,sina_daily,qfq,VALID,A,26,0
2026-07-16,603529.SH,SH_MAIN,2021-06-15,False,False,0,READY,463,1.0,2024-08-15,2026-07-16,sina_daily,qfq,VALID,A,26,0
2026-07-16,603530.SH,SH_MAIN,2019-08-05,False,False,0,READY,463,1.0,2024-08-15,2026-07-16,sina_daily,qfq,VALID,A,26,0
2026-07-16,603533.SH,SH_MAIN,2017-09-21,False,False,0,READY,463,1.0,2024-08-15,2026-07-16,sina_daily,qfq,VALID,A,26,0
2026-07-16,603535.SH,SH_MAIN,2017-08-08,False,False,0,READY,463,1.0,2024-08-15,2026-07-16,sina_daily,qfq,VALID,A,26,0
2026-07-16,603536.SH,SH_MAIN,2017-06-13,False,False,0,READY,463,1.0,2024-08-15,2026-07-16,sina_daily,qfq,VALID,A,26,0
2026-07-16,603538.SH,SH_MAIN,2017-04-07,False,False,0,READY,463,1.0,2024-08-15,2026-07-16,sina_daily,qfq,VALID,A,26,0
2026-07-16,603551.SH,SH_MAIN,2020-01-15,False,False,0,READY,463,1.0,2024-08-15,2026-07-16,sina_daily,qfq,VALID,A,26,0
2026-07-16,603556.SH,SH_MAIN,2016-11-10,False,False,0,READY,463,1.0,2024-08-15,2026-07-16,sina_daily,qfq,VALID,A,26,0
2026-07-16,603557.SH,SH_MAIN,2017-08-18,True,False,0,READY,462,0.996,2024-08-15,2026-07-16,sina_daily,qfq,VALID,A,26,0
2026-07-16,603558.SH,SH_MAIN,2015-01-27,False,False,0,READY,463,1.0,2024-08-15,2026-07-16,sina_daily,qfq,VALID,A,26,0
2026-07-16,603559.SH,SH_MAIN,2016-12-02,False,False,0,READY,460,0.996,2024-08-15,2026-07-16,sina_daily,qfq,VALID,A,26,0
2026-07-16,603565.SH,SH_MAIN,2020-09-25,False,False,0,READY,463,1.0,2024-08-15,2026-07-16,sina_daily,qfq,VALID,A,26,0
2026-07-16,603566.SH,SH_MAIN,2015-05-18,False,False,0,READY,463,1.0,2024-08-15,2026-07-16,sina_daily,qfq,VALID,A,26,0
2026-07-16,603567.SH,SH_MAIN,2015-04-24,False,False,0,READY,463,1.0,2024-08-15,2026-07-16,sina_daily,qfq,VALID,A,26,0
2026-07-16,603568.SH,SH_MAIN,2015-05-28,False,False,0,READY,463,1.0,2024-08-15,2026-07-16,sina_daily,qfq,VALID,A,26,0
2026-07-16,603569.SH,SH_MAIN,2016-08-10,False,False,0,READY,463,1.0,2024-08-15,2026-07-16,sina_daily,qfq,VALID,A,26,0
2026-07-16,603577.SH,SH_MAIN,2016-12-22,False,False,0,READY,463,1.0,2024-08-15,2026-07-16,sina_daily,qfq,VALID,A,26,0
2026-07-16,603578.SH,SH_MAIN,2017-03-06,False,False,0,READY,463,1.0,2024-08-15,2026-07-16,sina_daily,qfq,VALID,A,26,0
2026-07-16,603579.SH,SH_MAIN,2017-01-11,False,False,0,READY,463,1.0,2024-08-15,2026-07-16,sina_daily,qfq,VALID,A,26,0
2026-07-16,603580.SH,SH_MAIN,2017-05-25,False,False,0,READY,457,0.976,2024-08-15,2026-07-16,sina_daily,qfq,VALID,A,26,0
2026-07-16,603583.SH,SH_MAIN,2018-09-21,False,False,0,READY,463,1.0,2024-08-15,2026-07-16,sina_daily,qfq,VALID,A,26,0
2026-07-16,603585.SH,SH_MAIN,2016-12-14,False,False,0,READY,463,1.0,2024-08-15,2026-07-16,sina_daily,qfq,VALID,A,26,0
2026-07-16,603586.SH,SH_MAIN,2017-04-06,False,False,0,READY,463,1.0,2024-08-15,2026-07-16,sina_daily,qfq,VALID,A,26,0
2026-07-16,603587.SH,SH_MAIN,2018-06-22,False,False,0,READY,463,1.0,2024-08-15,2026-07-16,sina_daily,qfq,VALID,A,26,0
2026-07-16,603588.SH,SH_MAIN,2014-12-29,False,False,0,READY,463,1.0,2024-08-15,2026-07-16,sina_daily,qfq,VALID,A,26,0
2026-07-16,603589.SH,SH_MAIN,2015-06-29,False,False,0,READY,463,1.0,2024-08-15,2026-07-16,sina_daily,qfq,VALID,A,26,0
2026-07-16,603590.SH,SH_MAIN,2018-08-27,False,False,0,READY,463,1.0,2024-08-15,2026-07-16,sina_daily,qfq,VALID,A,26,0
2026-07-16,603595.SH,SH_MAIN,2017-07-12,True,False,0,READY,462,0.996,2024-08-15,2026-07-16,sina_daily,qfq,VALID,A,26,0
2026-07-16,603596.SH,SH_MAIN,2018-04-27,False,False,0,READY,463,1.0,2024-08-15,2026-07-16,sina_daily,qfq,VALID,A,26,0
2026-07-16,603598.SH,SH_MAIN,2015-05-27,False,False,0,READY,463,1.0,2024-08-15,2026-07-16,sina_daily,qfq,VALID,A,26,0
2026-07-16,603599.SH,SH_MAIN,2015-05-13,False,False,0,READY,463,1.0,2024-08-15,2026-07-16,sina_daily,qfq,VALID,A,26,0
2026-07-16,603600.SH,SH_MAIN,2015-01-23,False,False,0,READY,463,1.0,2024-08-15,2026-07-16,sina_daily,qfq,VALID,A,26,0
2026-07-16,603601.SH,SH_MAIN,2015-01-22,False,False,0,READY,463,1.0,2024-08-15,2026-07-16,sina_daily,qfq,VALID,A,26,0
2026-07-16,603602.SH,SH_MAIN,2017-08-10,False,False,0,READY,463,1.0,2024-08-15,2026-07-16,sina_daily,qfq,VALID,A,26,0
2026-07-16,603605.SH,SH_MAIN,2017-11-15,False,False,0,READY,463,1.0,2024-08-15,2026-07-16,sina_daily,qfq,VALID,A,26,0
2026-07-16,603606.SH,SH_MAIN,2014-10-15,False,False,0,READY,463,1.0,2024-08-15,2026-07-16,sina_daily,qfq,VALID,A,26,0
2026-07-16,603607.SH,SH_MAIN,2017-10-25,False,False,0,READY,463,1.0,2024-08-15,2026-07-16,sina_daily,qfq,VALID,A,26,0
2026-07-16,603608.SH,SH_MAIN,2016-02-18,False,False,0,READY,457,0.98,2024-08-15,2026-07-16,sina_daily,qfq,VALID,A,26,0
2026-07-16,603609.SH,SH_MAIN,2014-08-08,False,False,0,READY,463,1.0,2024-08-15,2026-07-16,sina_daily,qfq,VALID,A,26,0
2026-07-16,603610.SH,SH_MAIN,2019-10-29,False,False,0,READY,463,1.0,2024-08-15,2026-07-16,sina_daily,qfq,VALID,A,26,0
2026-07-16,603611.SH,SH_MAIN,2015-01-28,False,False,0,READY,463,1.0,2024-08-15,2026-07-16,sina_daily,qfq,VALID,A,26,0
2026-07-16,603612.SH,SH_MAIN,2017-07-18,False,False,0,READY,463,1.0,2024-08-15,2026-07-16,sina_daily,qfq,VALID,A,26,0
2026-07-16,603613.SH,SH_MAIN,2019-07-30,False,False,0,READY,463,1.0,2024-08-15,2026-07-16,sina_daily,qfq,VALID,A,26,0
2026-07-16,603615.SH,SH_MAIN,2017-02-13,False,False,0,READY,463,1.0,2024-08-15,2026-07-16,sina_daily,qfq,VALID,A,26,0
2026-07-16,603616.SH,SH_MAIN,2015-06-11,False,False,0,READY,453,0.96,2024-08-15,2026-07-16,sina_daily,qfq,VALID,A,26,0
2026-07-16,603617.SH,SH_MAIN,2017-07-03,False,False,0,READY,463,1.0,2024-08-15,2026-07-16,sina_daily,qfq,VALID,A,26,0
2026-07-16,603618.SH,SH_MAIN,2015-02-17,False,False,0,READY,463,1.0,2024-08-15,2026-07-16,sina_daily,qfq,VALID,A,26,0
2026-07-16,603619.SH,SH_MAIN,2017-11-17,False,False,0,READY,463,1.0,2024-08-15,2026-07-16,sina_daily,qfq,VALID,A,26,0
2026-07-16,603626.SH,SH_MAIN,2017-02-09,False,False,0,READY,463,1.0,2024-08-15,2026-07-16,sina_daily,qfq,VALID,A,26,0
2026-07-16,603628.SH,SH_MAIN,2017-01-12,False,False,0,READY,463,1.0,2024-08-15,2026-07-16,sina_daily,qfq,VALID,A,26,0
2026-07-16,603629.SH,SH_MAIN,2018-12-24,False,False,0,READY,463,1.0,2024-08-15,2026-07-16,sina_daily,qfq,VALID,A,26,0
2026-07-16,603630.SH,SH_MAIN,2017-03-13,False,False,0,READY,463,1.0,2024-08-15,2026-07-16,sina_daily,qfq,VALID,A,26,0
2026-07-16,603633.SH,SH_MAIN,2016-11-17,False,False,0,READY,463,1.0,2024-08-15,2026-07-16,sina_daily,qfq,VALID,A,26,0
2026-07-16,603636.SH,SH_MAIN,2014-12-30,False,False,0,READY,463,1.0,2024-08-15,2026-07-16,sina_daily,qfq,VALID,A,26,0
2026-07-16,603637.SH,SH_MAIN,2017-02-08,False,False,0,READY,463,1.0,2024-08-15,2026-07-16,sina_daily,qfq,VALID,A,26,0
2026-07-16,603638.SH,SH_MAIN,2017-01-20,False,False,0,READY,463,1.0,2024-08-15,2026-07-16,sina_daily,qfq,VALID,A,26,0
2026-07-16,603639.SH,SH_MAIN,2017-01-12,False,False,0,READY,463,1.0,2024-08-15,2026-07-16,sina_daily,qfq,VALID,A,26,0
2026-07-16,603648.SH,SH_MAIN,2017-09-13,False,False,0,READY,463,1.0,2024-08-15,2026-07-16,sina_daily,qfq,VALID,A,26,0
2026-07-16,603650.SH,SH_MAIN,2018-06-27,False,False,0,READY,463,1.0,2024-08-15,2026-07-16,sina_daily,qfq,VALID,A,26,0
2026-07-16,603655.SH,SH_MAIN,2017-12-29,False,False,0,READY,463,1.0,2024-08-15,2026-07-16,sina_daily,qfq,VALID,A,26,0
2026-07-16,603656.SH,SH_MAIN,2017-03-21,False,False,0,READY,463,1.0,2024-08-15,2026-07-16,sina_daily,qfq,VALID,A,26,0
2026-07-16,603657.SH,SH_MAIN,2018-07-30,False,False,0,READY,463,1.0,2024-08-15,2026-07-16,sina_daily,qfq,VALID,A,26,0
2026-07-16,603658.SH,SH_MAIN,2016-09-01,False,False,0,READY,463,1.0,2024-08-15,2026-07-16,sina_daily,qfq,VALID,A,26,0
2026-07-16,603659.SH,SH_MAIN,2017-11-03,False,False,0,READY,463,1.0,2024-08-15,2026-07-16,sina_daily,qfq,VALID,A,26,0
2026-07-16,603660.SH,SH_MAIN,2016-12-01,False,False,0,READY,463,1.0,2024-08-15,2026-07-16,sina_daily,qfq,VALID,A,26,0
2026-07-16,603661.SH,SH_MAIN,2017-11-21,False,False,0,READY,463,1.0,2024-08-15,2026-07-16,sina_daily,qfq,VALID,A,26,0
2026-07-16,603662.SH,SH_MAIN,2019-08-06,False,False,0,READY,463,1.0,2024-08-15,2026-07-16,sina_daily,qfq,VALID,A,26,0
2026-07-16,603663.SH,SH_MAIN,2016-08-01,False,False,0,READY,463,1.0,2024-08-15,2026-07-16,sina_daily,qfq,VALID,A,26,0
2026-07-16,603665.SH,SH_MAIN,2017-03-13,False,False,0,READY,463,1.0,2024-08-15,2026-07-16,sina_daily,qfq,VALID,A,26,0
2026-07-16,603666.SH,SH_MAIN,2018-06-12,False,False,0,READY,463,1.0,2024-08-15,2026-07-16,sina_daily,qfq,VALID,A,26,0
2026-07-16,603667.SH,SH_MAIN,2016-10-25,False,False,0,READY,463,1.0,2024-08-15,2026-07-16,sina_daily,qfq,VALID,A,26,0
2026-07-16,603668.SH,SH_MAIN,2017-01-17,False,False,0,READY,463,1.0,2024-08-15,2026-07-16,sina_daily,qfq,VALID,A,26,0
2026-07-16,603669.SH,SH_MAIN,2015-05-28,False,False,0,READY,463,1.0,2024-08-15,2026-07-16,sina_daily,qfq,VALID,A,26,0
2026-07-16,603676.SH,SH_MAIN,2017-07-21,False,False,0,READY,463,1.0,2024-08-15,2026-07-16,sina_daily,qfq,VALID,A,26,0
2026-07-16,603677.SH,SH_MAIN,2017-02-06,False,False,0,READY,463,1.0,2024-08-15,2026-07-16,sina_daily,qfq,VALID,A,26,0
2026-07-16,603678.SH,SH_MAIN,2015-01-26,False,False,0,READY,463,1.0,2024-08-15,2026-07-16,sina_daily,qfq,VALID,A,26,0
2026-07-16,603679.SH,SH_MAIN,2017-06-21,False,False,0,READY,463,1.0,2024-08-15,2026-07-16,sina_daily,qfq,VALID,A,26,0
2026-07-16,603680.SH,SH_MAIN,2018-02-27,False,False,0,READY,463,1.0,2024-08-15,2026-07-16,sina_daily,qfq,VALID,A,26,0
2026-07-16,603681.SH,SH_MAIN,2019-03-26,False,False,0,READY,463,1.0,2024-08-15,2026-07-16,sina_daily,qfq,VALID,A,26,0
2026-07-16,603682.SH,SH_MAIN,2020-04-21,False,False,0,READY,463,1.0,2024-08-15,2026-07-16,sina_daily,qfq,VALID,A,26,0
2026-07-16,603683.SH,SH_MAIN,2017-10-20,False,False,0,READY,463,1.0,2024-08-15,2026-07-16,sina_daily,qfq,VALID,A,26,0
2026-07-16,603685.SH,SH_MAIN,2017-11-27,False,False,0,READY,463,1.0,2024-08-15,2026-07-16,sina_daily,qfq,VALID,A,26,0
2026-07-16,603686.SH,SH_MAIN,2015-01-26,False,False,0,READY,463,1.0,2024-08-15,2026-07-16,sina_daily,qfq,VALID,A,26,0
2026-07-16,603687.SH,SH_MAIN,2019-07-26,False,False,0,READY,463,1.0,2024-08-15,2026-07-16,sina_daily,qfq,VALID,A,26,0
2026-07-16,603688.SH,SH_MAIN,2014-10-31,False,False,0,READY,463,1.0,2024-08-15,2026-07-16,sina_daily,qfq,VALID,A,26,0
2026-07-16,603689.SH,SH_MAIN,2017-01-10,False,False,0,READY,463,1.0,2024-08-15,2026-07-16,sina_daily,qfq,VALID,A,26,0
2026-07-16,603690.SH,SH_MAIN,2017-01-13,False,False,0,READY,454,1.0,2024-08-15,2026-07-16,sina_daily,qfq,VALID,A,26,0
2026-07-16,603693.SH,SH_MAIN,2018-07-03,False,False,0,READY,463,1.0,2024-08-15,2026-07-16,sina_daily,qfq,VALID,A,26,0
2026-07-16,603696.SH,SH_MAIN,2015-12-09,False,False,0,READY,463,1.0,2024-08-15,2026-07-16,sina_daily,qfq,VALID,A,26,0
2026-07-16,603697.SH,SH_MAIN,2019-05-08,False,False,0,READY,463,1.0,2024-08-15,2026-07-16,sina_daily,qfq,VALID,A,26,0
2026-07-16,603698.SH,SH_MAIN,2015-01-28,False,False,0,READY,463,1.0,2024-08-15,2026-07-16,sina_daily,qfq,VALID,A,26,0
2026-07-16,603699.SH,SH_MAIN,2014-01-17,False,False,0,READY,463,1.0,2024-08-15,2026-07-16,sina_daily,qfq,VALID,A,26,0
2026-07-16,603700.SH,SH_MAIN,2019-01-22,False,False,0,READY,463,1.0,2024-08-15,2026-07-16,sina_daily,qfq,VALID,A,26,0
2026-07-16,603701.SH,SH_MAIN,2016-04-12,False,False,0,READY,463,1.0,2024-08-15,2026-07-16,sina_daily,qfq,VALID,A,26,0
2026-07-16,603703.SH,SH_MAIN,2015-04-23,False,False,0,READY,463,1.0,2024-08-15,2026-07-16,sina_daily,qfq,VALID,A,26,0
2026-07-16,603706.SH,SH_MAIN,2018-07-09,False,False,0,READY,463,1.0,2024-08-15,2026-07-16,sina_daily,qfq,VALID,A,26,0
2026-07-16,603707.SH,SH_MAIN,2017-07-19,False,False,0,READY,463,1.0,2024-08-15,2026-07-16,sina_daily,qfq,VALID,A,26,0
2026-07-16,603708.SH,SH_MAIN,2016-12-13,False,False,0,READY,463,1.0,2024-08-15,2026-07-16,sina_daily,qfq,VALID,A,26,0
2026-07-16,603709.SH,SH_MAIN,2018-02-08,False,False,0,READY,463,1.0,2024-08-15,2026-07-16,sina_daily,qfq,VALID,A,26,0
2026-07-16,603711.SH,SH_MAIN,2017-11-30,False,False,0,READY,463,1.0,2024-08-15,2026-07-16,sina_daily,qfq,VALID,A,26,0
2026-07-16,603712.SH,SH_MAIN,2018-02-26,False,False,0,READY,463,1.0,2024-08-15,2026-07-16,sina_daily,qfq,VALID,A,26,0
2026-07-16,603713.SH,SH_MAIN,2018-07-13,False,False,0,READY,463,1.0,2024-08-15,2026-07-16,sina_daily,qfq,VALID,A,26,0
2026-07-16,603716.SH,SH_MAIN,2016-10-31,False,False,0,READY,463,1.0,2024-08-15,2026-07-16,sina_daily,qfq,VALID,A,26,0
2026-07-16,603717.SH,SH_MAIN,2017-03-27,False,False,0,READY,463,1.0,2024-08-15,2026-07-16,sina_daily,qfq,VALID,A,26,0
2026-07-16,603718.SH,SH_MAIN,2015-05-15,True,False,0,READY,463,1.0,2024-08-15,2026-07-16,sina_daily,qfq,VALID,A,26,0
2026-07-16,603719.SH,SH_MAIN,2020-02-24,False,False,0,READY,458,0.98,2024-08-15,2026-07-16,sina_daily,qfq,VALID,A,26,0
2026-07-16,603721.SH,SH_MAIN,2017-08-11,False,False,0,READY,456,0.976,2024-08-15,2026-07-16,sina_daily,qfq,VALID,A,26,0
2026-07-16,603722.SH,SH_MAIN,2017-10-25,False,False,0,READY,458,0.98,2024-08-15,2026-07-16,sina_daily,qfq,VALID,A,26,0
2026-07-16,603725.SH,SH_MAIN,2017-09-06,False,False,0,READY,463,1.0,2024-08-15,2026-07-16,sina_daily,qfq,VALID,A,26,0
2026-07-16,603726.SH,SH_MAIN,2016-04-21,False,False,0,READY,463,1.0,2024-08-15,2026-07-16,sina_daily,qfq,VALID,A,26,0
2026-07-16,603727.SH,SH_MAIN,2016-11-22,False,False,0,READY,463,1.0,2024-08-15,2026-07-16,sina_daily,qfq,VALID,A,26,0
2026-07-16,603728.SH,SH_MAIN,2017-05-09,False,False,0,READY,463,1.0,2024-08-15,2026-07-16,sina_daily,qfq,VALID,A,26,0
2026-07-16,603729.SH,SH_MAIN,2015-03-24,True,False,0,READY,452,0.956,2024-08-15,2026-07-16,sina_daily,qfq,VALID,A,26,0
2026-07-16,603730.SH,SH_MAIN,2017-07-28,False,False,0,READY,463,1.0,2024-08-15,2026-07-16,sina_daily,qfq,VALID,A,26,0
2026-07-16,603733.SH,SH_MAIN,2018-04-20,False,False,0,READY,463,1.0,2024-08-15,2026-07-16,sina_daily,qfq,VALID,A,26,0
2026-07-16,603737.SH,SH_MAIN,2016-06-03,False,False,0,READY,463,1.0,2024-08-15,2026-07-16,sina_daily,qfq,VALID,A,26,0
2026-07-16,603738.SH,SH_MAIN,2016-09-28,False,False,0,READY,463,1.0,2024-08-15,2026-07-16,sina_daily,qfq,VALID,A,26,0
2026-07-16,603739.SH,SH_MAIN,2019-01-16,False,False,0,READY,463,1.0,2024-08-15,2026-07-16,sina_daily,qfq,VALID,A,26,0
2026-07-16,603755.SH,SH_MAIN,2019-08-28,False,False,0,READY,463,1.0,2024-08-15,2026-07-16,sina_daily,qfq,VALID,A,26,0
2026-07-16,603757.SH,SH_MAIN,2017-07-11,False,False,0,READY,463,1.0,2024-08-15,2026-07-16,sina_daily,qfq,VALID,A,26,0
2026-07-16,603758.SH,SH_MAIN,2017-05-17,False,False,0,READY,454,0.984,2024-08-15,2026-07-16,sina_daily,qfq,VALID,A,26,0
2026-07-16,603759.SH,SH_MAIN,2021-03-26,False,False,0,READY,463,1.0,2024-08-15,2026-07-16,sina_daily,qfq,VALID,A,26,0
2026-07-16,603766.SH,SH_MAIN,2012-08-10,False,False,0,READY,463,1.0,2024-08-15,2026-07-16,sina_daily,qfq,VALID,A,26,0
2026-07-16,603767.SH,SH_MAIN,2017-06-13,False,False,0,READY,463,1.0,2024-08-15,2026-07-16,sina_daily,qfq,VALID,A,26,0
2026-07-16,603768.SH,SH_MAIN,2017-03-24,False,False,0,READY,463,1.0,2024-08-15,2026-07-16,sina_daily,qfq,VALID,A,26,0
2026-07-16,603773.SH,SH_MAIN,2018-04-17,False,False,0,READY,463,1.0,2024-08-15,2026-07-16,sina_daily,qfq,VALID,A,26,0
2026-07-16,603776.SH,SH_MAIN,2017-08-17,False,False,0,READY,448,1.0,2024-08-15,2026-07-16,sina_daily,qfq,VALID,A,26,0
2026-07-16,603777.SH,SH_MAIN,2016-10-12,False,False,0,READY,463,1.0,2024-08-15,2026-07-16,sina_daily,qfq,VALID,A,26,0
2026-07-16,603778.SH,SH_MAIN,2015-12-31,False,False,0,READY,460,0.988,2024-08-15,2026-07-16,sina_daily,qfq,VALID,A,26,0
2026-07-16,603779.SH,SH_MAIN,2016-05-16,False,False,0,READY,458,0.98,2024-08-15,2026-07-16,sina_daily,qfq,VALID,A,26,0
2026-07-16,603786.SH,SH_MAIN,2019-10-15,False,False,0,READY,463,1.0,2024-08-15,2026-07-16,sina_daily,qfq,VALID,A,26,0
2026-07-16,603787.SH,SH_MAIN,2017-04-27,False,False,0,READY,463,1.0,2024-08-15,2026-07-16,sina_daily,qfq,VALID,A,26,0
2026-07-16,603788.SH,SH_MAIN,2015-01-20,False,False,0,READY,463,1.0,2024-08-15,2026-07-16,sina_daily,qfq,VALID,A,26,0
2026-07-16,603789.SH,SH_MAIN,2015-04-27,True,False,0,READY,456,0.976,2024-08-15,2026-07-16,sina_daily,qfq,VALID,A,26,0
2026-07-16,603790.SH,SH_MAIN,2018-09-12,False,False,0,READY,463,1.0,2024-08-15,2026-07-16,sina_daily,qfq,VALID,A,26,0
2026-07-16,603797.SH,SH_MAIN,2017-04-13,False,False,0,READY,463,1.0,2024-08-15,2026-07-16,sina_daily,qfq,VALID,A,26,0
2026-07-16,603798.SH,SH_MAIN,2016-04-06,False,False,0,READY,462,0.996,2024-08-15,2026-07-16,sina_daily,qfq,VALID,A,26,0
2026-07-16,603799.SH,SH_MAIN,2015-01-29,False,False,0,READY,463,1.0,2024-08-15,2026-07-16,sina_daily,qfq,VALID,A,26,0
2026-07-16,603800.SH,SH_MAIN,2015-12-10,False,False,0,READY,463,1.0,2024-08-15,2026-07-16,sina_daily,qfq,VALID,A,26,0
2026-07-16,603801.SH,SH_MAIN,2017-06-30,False,False,0,READY,463,1.0,2024-08-15,2026-07-16,sina_daily,qfq,VALID,A,26,0
2026-07-16,603803.SH,SH_MAIN,2017-04-20,False,False,0,READY,463,1.0,2024-08-15,2026-07-16,sina_daily,qfq,VALID,A,26,0
2026-07-16,603806.SH,SH_MAIN,2014-09-05,False,False,0,READY,463,1.0,2024-08-15,2026-07-16,sina_daily,qfq,VALID,A,26,0
2026-07-16,603808.SH,SH_MAIN,2015-04-22,False,False,0,READY,463,1.0,2024-08-15,2026-07-16,sina_daily,qfq,VALID,A,26,0
2026-07-16,603809.SH,SH_MAIN,2017-11-28,False,False,0,READY,463,1.0,2024-08-15,2026-07-16,sina_daily,qfq,VALID,A,26,0
2026-07-16,603810.SH,SH_MAIN,2018-09-17,False,False,0,READY,463,1.0,2024-08-15,2026-07-16,sina_daily,qfq,VALID,A,26,0
2026-07-16,603811.SH,SH_MAIN,2017-03-15,False,False,0,READY,463,1.0,2024-08-15,2026-07-16,sina_daily,qfq,VALID,A,26,0
2026-07-16,603813.SH,SH_MAIN,2017-09-18,False,False,0,READY,462,0.996,2024-08-15,2026-07-16,sina_daily,qfq,VALID,A,26,0
2026-07-16,603815.SH,SH_MAIN,2019-10-21,False,False,0,READY,463,1.0,2024-08-15,2026-07-16,sina_daily,qfq,VALID,A,26,0
2026-07-16,603816.SH,SH_MAIN,2016-10-14,False,False,0,READY,463,1.0,2024-08-15,2026-07-16,sina_daily,qfq,VALID,A,26,0
2026-07-16,603817.SH,SH_MAIN,2017-02-20,False,False,0,READY,463,1.0,2024-08-15,2026-07-16,sina_daily,qfq,VALID,A,26,0
2026-07-16,603818.SH,SH_MAIN,2015-04-22,False,False,0,READY,463,1.0,2024-08-15,2026-07-16,sina_daily,qfq,VALID,A,26,0
2026-07-16,603819.SH,SH_MAIN,2016-11-25,False,False,0,READY,461,1.0,2024-08-15,2026-07-16,sina_daily,qfq,VALID,A,26,0
2026-07-16,603822.SH,SH_MAIN,2016-04-28,True,False,0,READY,462,0.996,2024-08-15,2026-07-16,sina_daily,qfq,VALID,A,26,0
2026-07-16,603823.SH,SH_MAIN,2016-12-20,False,False,0,READY,463,1.0,2024-08-15,2026-07-16,sina_daily,qfq,VALID,A,26,0
2026-07-16,603825.SH,SH_MAIN,2017-08-02,True,False,0,READY,462,0.996,2024-08-15,2026-07-16,sina_daily,qfq,VALID,A,26,0
2026-07-16,603826.SH,SH_MAIN,2017-04-14,False,False,0,READY,463,1.0,2024-08-15,2026-07-16,sina_daily,qfq,VALID,A,26,0
2026-07-16,603828.SH,SH_MAIN,2015-02-26,True,False,0,READY,457,0.976,2024-08-15,2026-07-16,sina_daily,qfq,VALID,A,26,0
2026-07-16,603829.SH,SH_MAIN,2017-10-17,False,False,0,READY,463,1.0,2024-08-15,2026-07-16,sina_daily,qfq,VALID,A,26,0
2026-07-16,603833.SH,SH_MAIN,2017-03-28,False,False,0,READY,463,1.0,2024-08-15,2026-07-16,sina_daily,qfq,VALID,A,26,0
2026-07-16,603836.SH,SH_MAIN,2021-05-26,False,False,0,READY,463,1.0,2024-08-15,2026-07-16,sina_daily,qfq,VALID,A,26,0
2026-07-16,603838.SH,SH_MAIN,2015-07-01,True,False,0,READY,462,1.0,2024-08-15,2026-07-16,sina_daily,qfq,VALID,A,26,0
2026-07-16,603839.SH,SH_MAIN,2017-02-14,False,False,0,READY,463,1.0,2024-08-15,2026-07-16,sina_daily,qfq,VALID,A,26,0
2026-07-16,603843.SH,SH_MAIN,2016-09-05,True,False,0,READY,432,0.88,2024-08-15,2026-07-16,sina_daily,qfq,PARTIAL,B,26,0
2026-07-16,603848.SH,SH_MAIN,2017-12-01,False,False,0,READY,463,1.0,2024-08-15,2026-07-16,sina_daily,qfq,VALID,A,26,0
2026-07-16,603855.SH,SH_MAIN,2017-05-24,False,False,0,READY,463,1.0,2024-08-15,2026-07-16,sina_daily,qfq,VALID,A,26,0
2026-07-16,603856.SH,SH_MAIN,2017-11-06,False,False,0,READY,463,1.0,2024-08-15,2026-07-16,sina_daily,qfq,VALID,A,26,0
2026-07-16,603858.SH,SH_MAIN,2016-11-18,False,False,0,READY,463,1.0,2024-08-15,2026-07-16,sina_daily,qfq,VALID,A,26,0
2026-07-16,603859.SH,SH_MAIN,2016-10-21,False,False,0,READY,463,1.0,2024-08-15,2026-07-16,sina_daily,qfq,VALID,A,26,0
2026-07-16,603860.SH,SH_MAIN,2017-08-02,False,False,0,READY,463,1.0,2024-08-15,2026-07-16,sina_daily,qfq,VALID,A,26,0
2026-07-16,603861.SH,SH_MAIN,2016-03-22,False,False,0,READY,463,1.0,2024-08-15,2026-07-16,sina_daily,qfq,VALID,A,26,0
2026-07-16,603863.SH,SH_MAIN,2019-06-21,False,False,0,READY,458,1.0,2024-08-15,2026-07-16,sina_daily,qfq,VALID,A,26,0
2026-07-16,603866.SH,SH_MAIN,2015-12-22,False,False,0,READY,463,1.0,2024-08-15,2026-07-16,sina_daily,qfq,VALID,A,26,0
2026-07-16,603867.SH,SH_MAIN,2019-06-27,False,False,0,READY,463,1.0,2024-08-15,2026-07-16,sina_daily,qfq,VALID,A,26,0
2026-07-16,603868.SH,SH_MAIN,2016-04-18,False,False,0,READY,463,1.0,2024-08-15,2026-07-16,sina_daily,qfq,VALID,A,26,0
2026-07-16,603869.SH,SH_MAIN,2015-03-26,True,False,0,READY,463,1.0,2024-08-15,2026-07-16,sina_daily,qfq,VALID,A,26,0
2026-07-16,603871.SH,SH_MAIN,2018-02-06,False,False,0,READY,463,1.0,2024-08-15,2026-07-16,sina_daily,qfq,VALID,A,26,0
2026-07-16,603876.SH,SH_MAIN,2018-04-18,False,False,0,READY,463,1.0,2024-08-15,2026-07-16,sina_daily,qfq,VALID,A,26,0
2026-07-16,603877.SH,SH_MAIN,2017-01-09,False,False,0,READY,463,1.0,2024-08-15,2026-07-16,sina_daily,qfq,VALID,A,26,0
2026-07-16,603878.SH,SH_MAIN,2016-12-19,False,False,0,READY,463,1.0,2024-08-15,2026-07-16,sina_daily,qfq,VALID,A,26,0
2026-07-16,603879.SH,SH_MAIN,2017-06-14,False,False,0,READY,462,1.0,2024-08-15,2026-07-16,sina_daily,qfq,VALID,A,26,0
2026-07-16,603880.SH,SH_MAIN,2017-08-07,False,False,0,READY,463,1.0,2024-08-15,2026-07-16,sina_daily,qfq,VALID,A,26,0
2026-07-16,603881.SH,SH_MAIN,2017-02-08,False,False,0,READY,463,1.0,2024-08-15,2026-07-16,sina_daily,qfq,VALID,A,26,0
2026-07-16,603882.SH,SH_MAIN,2017-09-08,False,False,0,READY,463,1.0,2024-08-15,2026-07-16,sina_daily,qfq,VALID,A,26,0
2026-07-16,603883.SH,SH_MAIN,2015-04-23,False,False,0,READY,463,1.0,2024-08-15,2026-07-16,sina_daily,qfq,VALID,A,26,0
2026-07-16,603885.SH,SH_MAIN,2015-05-27,False,False,0,READY,463,1.0,2024-08-15,2026-07-16,sina_daily,qfq,VALID,A,26,0
2026-07-16,603886.SH,SH_MAIN,2016-12-28,False,False,0,READY,463,1.0,2024-08-15,2026-07-16,sina_daily,qfq,VALID,A,26,0
2026-07-16,603887.SH,SH_MAIN,2016-10-10,False,False,0,READY,458,1.0,2024-08-15,2026-07-16,sina_daily,qfq,VALID,A,26,0
2026-07-16,603888.SH,SH_MAIN,2016-10-28,False,False,0,READY,463,1.0,2024-08-15,2026-07-16,sina_daily,qfq,VALID,A,26,0
2026-07-16,603889.SH,SH_MAIN,2014-12-31,False,False,0,READY,463,1.0,2024-08-15,2026-07-16,sina_daily,qfq,VALID,A,26,0
2026-07-16,603890.SH,SH_MAIN,2017-12-12,False,False,0,READY,463,1.0,2024-08-15,2026-07-16,sina_daily,qfq,VALID,A,26,0
2026-07-16,603893.SH,SH_MAIN,2020-02-07,False,False,0,READY,463,1.0,2024-08-15,2026-07-16,sina_daily,qfq,VALID,A,26,0
2026-07-16,603895.SH,SH_MAIN,2018-01-22,False,False,0,READY,463,1.0,2024-08-15,2026-07-16,sina_daily,qfq,VALID,A,26,0
2026-07-16,603896.SH,SH_MAIN,2017-05-10,False,False,0,READY,463,1.0,2024-08-15,2026-07-16,sina_daily,qfq,VALID,A,26,0
2026-07-16,603897.SH,SH_MAIN,2018-04-10,False,False,0,READY,458,0.98,2024-08-15,2026-07-16,sina_daily,qfq,VALID,A,26,0
2026-07-16,603898.SH,SH_MAIN,2015-02-17,False,False,0,READY,463,1.0,2024-08-15,2026-07-16,sina_daily,qfq,VALID,A,26,0
2026-07-16,603899.SH,SH_MAIN,2015-01-27,False,False,0,READY,463,1.0,2024-08-15,2026-07-16,sina_daily,qfq,VALID,A,26,0
2026-07-16,603900.SH,SH_MAIN,2016-11-23,False,False,0,READY,463,1.0,2024-08-15,2026-07-16,sina_daily,qfq,VALID,A,26,0
2026-07-16,603901.SH,SH_MAIN,2015-05-29,False,False,0,READY,463,1.0,2024-08-15,2026-07-16,sina_daily,qfq,VALID,A,26,0
2026-07-16,603903.SH,SH_MAIN,2017-03-14,False,False,0,READY,463,1.0,2024-08-15,2026-07-16,sina_daily,qfq,VALID,A,26,0
2026-07-16,603906.SH,SH_MAIN,2017-04-10,False,False,0,READY,463,1.0,2024-08-15,2026-07-16,sina_daily,qfq,VALID,A,26,0
2026-07-16,603908.SH,SH_MAIN,2017-03-07,False,False,0,READY,463,1.0,2024-08-15,2026-07-16,sina_daily,qfq,VALID,A,26,0
2026-07-16,603909.SH,SH_MAIN,2016-06-28,False,False,0,READY,463,1.0,2024-08-15,2026-07-16,sina_daily,qfq,VALID,A,26,0
2026-07-16,603912.SH,SH_MAIN,2017-11-01,False,False,0,READY,463,1.0,2024-08-15,2026-07-16,sina_daily,qfq,VALID,A,26,0
2026-07-16,603915.SH,SH_MAIN,2019-06-14,False,False,0,READY,463,1.0,2024-08-15,2026-07-16,sina_daily,qfq,VALID,A,26,0
2026-07-16,603916.SH,SH_MAIN,2017-11-10,False,False,0,READY,463,1.0,2024-08-15,2026-07-16,sina_daily,qfq,VALID,A,26,0
2026-07-16,603917.SH,SH_MAIN,2017-12-04,False,False,0,READY,463,1.0,2024-08-15,2026-07-16,sina_daily,qfq,VALID,A,26,0
2026-07-16,603918.SH,SH_MAIN,2015-05-28,False,False,0,READY,463,1.0,2024-08-15,2026-07-16,sina_daily,qfq,VALID,A,26,0
2026-07-16,603919.SH,SH_MAIN,2016-03-10,False,False,0,READY,463,1.0,2024-08-15,2026-07-16,sina_daily,qfq,VALID,A,26,0
2026-07-16,603920.SH,SH_MAIN,2017-04-26,False,False,0,READY,463,1.0,2024-08-15,2026-07-16,sina_daily,qfq,VALID,A,26,0
2026-07-16,603922.SH,SH_MAIN,2017-10-23,True,False,0,READY,452,0.996,2024-08-15,2026-07-16,sina_daily,qfq,VALID,A,26,0
2026-07-16,603926.SH,SH_MAIN,2017-05-10,False,False,0,READY,463,1.0,2024-08-15,2026-07-16,sina_daily,qfq,VALID,A,26,0
2026-07-16,603927.SH,SH_MAIN,2019-09-09,False,False,0,READY,463,1.0,2024-08-15,2026-07-16,sina_daily,qfq,VALID,A,26,0
2026-07-16,603928.SH,SH_MAIN,2016-12-12,False,False,0,READY,463,1.0,2024-08-15,2026-07-16,sina_daily,qfq,VALID,A,26,0
2026-07-16,603929.SH,SH_MAIN,2016-12-30,False,False,0,READY,463,1.0,2024-08-15,2026-07-16,sina_daily,qfq,VALID,A,26,0
2026-07-16,603931.SH,SH_MAIN,2020-08-19,False,False,0,READY,463,1.0,2024-08-15,2026-07-16,sina_daily,qfq,VALID,A,26,0
2026-07-16,603933.SH,SH_MAIN,2017-07-06,False,False,0,READY,453,0.96,2024-08-15,2026-07-16,sina_daily,qfq,VALID,A,26,0
2026-07-16,603936.SH,SH_MAIN,2015-12-09,False,False,0,READY,463,1.0,2024-08-15,2026-07-16,sina_daily,qfq,VALID,A,26,0
2026-07-16,603937.SH,SH_MAIN,2017-11-02,False,False,0,READY,463,1.0,2024-08-15,2026-07-16,sina_daily,qfq,VALID,A,26,0
2026-07-16,603938.SH,SH_MAIN,2017-06-28,False,False,0,READY,463,1.0,2024-08-15,2026-07-16,sina_daily,qfq,VALID,A,26,0
2026-07-16,603939.SH,SH_MAIN,2015-02-17,False,False,0,READY,463,1.0,2024-08-15,2026-07-16,sina_daily,qfq,VALID,A,26,0
2026-07-16,603948.SH,SH_MAIN,2020-03-02,False,False,0,READY,463,1.0,2024-08-15,2026-07-16,sina_daily,qfq,VALID,A,26,0
2026-07-16,603949.SH,SH_MAIN,2020-03-10,False,False,0,READY,463,1.0,2024-08-15,2026-07-16,sina_daily,qfq,VALID,A,26,0
2026-07-16,603950.SH,SH_MAIN,2020-05-26,False,False,0,READY,453,0.96,2024-08-15,2026-07-16,sina_daily,qfq,VALID,A,26,0
2026-07-16,603955.SH,SH_MAIN,2017-03-10,False,False,0,READY,462,1.0,2024-08-15,2026-07-16,sina_daily,qfq,VALID,A,26,0
2026-07-16,603956.SH,SH_MAIN,2019-02-22,False,False,0,READY,463,1.0,2024-08-15,2026-07-16,sina_daily,qfq,VALID,A,26,0
2026-07-16,603958.SH,SH_MAIN,2016-06-29,False,False,0,READY,453,1.0,2024-08-15,2026-07-16,sina_daily,qfq,VALID,A,26,0
2026-07-16,603959.SH,SH_MAIN,2016-05-17,True,False,0,READY,461,0.992,2024-08-15,2026-07-16,sina_daily,qfq,VALID,A,26,0
2026-07-16,603960.SH,SH_MAIN,2017-03-14,False,False,0,READY,463,1.0,2024-08-15,2026-07-16,sina_daily,qfq,VALID,A,26,0
2026-07-16,603966.SH,SH_MAIN,2017-01-25,False,False,0,READY,460,0.988,2024-08-15,2026-07-16,sina_daily,qfq,VALID,A,26,0
2026-07-16,603967.SH,SH_MAIN,2019-04-29,False,False,0,READY,463,1.0,2024-08-15,2026-07-16,sina_daily,qfq,VALID,A,26,0
2026-07-16,603968.SH,SH_MAIN,2015-05-18,False,False,0,READY,463,1.0,2024-08-15,2026-07-16,sina_daily,qfq,VALID,A,26,0
2026-07-16,603969.SH,SH_MAIN,2015-02-27,False,False,0,READY,463,1.0,2024-08-15,2026-07-16,sina_daily,qfq,VALID,A,26,0
2026-07-16,603970.SH,SH_MAIN,2017-11-16,False,False,0,READY,463,1.0,2024-08-15,2026-07-16,sina_daily,qfq,VALID,A,26,0
2026-07-16,603976.SH,SH_MAIN,2017-08-22,False,False,0,READY,463,1.0,2024-08-15,2026-07-16,sina_daily,qfq,VALID,A,26,0
2026-07-16,603977.SH,SH_MAIN,2016-11-11,False,False,0,READY,463,1.0,2024-08-15,2026-07-16,sina_daily,qfq,VALID,A,26,0
2026-07-16,603978.SH,SH_MAIN,2017-08-07,False,False,0,READY,463,1.0,2024-08-15,2026-07-16,sina_daily,qfq,VALID,A,26,0
2026-07-16,603979.SH,SH_MAIN,2015-06-30,False,False,0,READY,463,1.0,2024-08-15,2026-07-16,sina_daily,qfq,VALID,A,26,0
2026-07-16,603980.SH,SH_MAIN,2017-06-15,False,False,0,READY,458,0.98,2024-08-15,2026-07-16,sina_daily,qfq,VALID,A,26,0
2026-07-16,603982.SH,SH_MAIN,2019-05-22,False,False,0,READY,463,1.0,2024-08-15,2026-07-16,sina_daily,qfq,VALID,A,26,0
2026-07-16,603983.SH,SH_MAIN,2019-07-25,False,False,0,READY,463,1.0,2024-08-15,2026-07-16,sina_daily,qfq,VALID,A,26,0
2026-07-16,603985.SH,SH_MAIN,2017-05-05,False,False,0,READY,463,1.0,2024-08-15,2026-07-16,sina_daily,qfq,VALID,A,26,0
2026-07-16,603986.SH,SH_MAIN,2016-08-18,False,False,0,READY,463,1.0,2024-08-15,2026-07-16,sina_daily,qfq,VALID,A,26,0
2026-07-16,603987.SH,SH_MAIN,2016-11-21,False,False,0,READY,463,1.0,2024-08-15,2026-07-16,sina_daily,qfq,VALID,A,26,0
2026-07-16,603988.SH,SH_MAIN,2014-11-04,False,False,0,READY,463,1.0,2024-08-15,2026-07-16,sina_daily,qfq,VALID,A,26,0
2026-07-16,603989.SH,SH_MAIN,2015-05-15,False,False,0,READY,463,1.0,2024-08-15,2026-07-16,sina_daily,qfq,VALID,A,26,0
2026-07-16,603990.SH,SH_MAIN,2016-12-08,False,False,0,READY,463,1.0,2024-08-15,2026-07-16,sina_daily,qfq,VALID,A,26,0
2026-07-16,603991.SH,SH_MAIN,2017-03-08,False,False,0,READY,454,1.0,2024-08-15,2026-07-16,sina_daily,qfq,VALID,A,26,0
2026-07-16,603992.SH,SH_MAIN,2019-08-26,False,False,0,READY,463,1.0,2024-08-15,2026-07-16,sina_daily,qfq,VALID,A,26,0
2026-07-16,603993.SH,SH_MAIN,2012-10-09,False,False,0,READY,463,1.0,2024-08-15,2026-07-16,sina_daily,qfq,VALID,A,26,0
2026-07-16,603995.SH,SH_MAIN,2019-12-24,False,False,0,READY,463,1.0,2024-08-15,2026-07-16,sina_daily,qfq,VALID,A,26,0
2026-07-16,603997.SH,SH_MAIN,2015-03-02,False,False,0,READY,463,1.0,2024-08-15,2026-07-16,sina_daily,qfq,VALID,A,26,0
2026-07-16,603998.SH,SH_MAIN,2014-12-05,False,False,0,READY,463,1.0,2024-08-15,2026-07-16,sina_daily,qfq,VALID,A,26,0
2026-07-16,603999.SH,SH_MAIN,2015-12-10,False,False,0,READY,463,1.0,2024-08-15,2026-07-16,sina_daily,qfq,VALID,A,26,0
2026-07-16,605001.SH,SH_MAIN,2020-05-22,False,False,0,READY,463,1.0,2024-08-15,2026-07-16,sina_daily,qfq,VALID,A,26,0
2026-07-16,605003.SH,SH_MAIN,2020-09-08,False,False,0,READY,463,1.0,2024-08-15,2026-07-16,sina_daily,qfq,VALID,A,26,0
2026-07-16,605005.SH,SH_MAIN,2021-01-19,False,False,0,READY,463,1.0,2024-08-15,2026-07-16,sina_daily,qfq,VALID,A,26,0
2026-07-16,605006.SH,SH_MAIN,2020-09-03,False,False,0,READY,463,1.0,2024-08-15,2026-07-16,sina_daily,qfq,VALID,A,26,0
2026-07-16,605007.SH,SH_MAIN,2020-11-10,False,False,0,READY,463,1.0,2024-08-15,2026-07-16,sina_daily,qfq,VALID,A,26,0
2026-07-16,605008.SH,SH_MAIN,2020-08-21,False,False,0,READY,454,0.964,2024-08-15,2026-07-16,sina_daily,qfq,VALID,A,26,0
2026-07-16,605009.SH,SH_MAIN,2020-09-11,False,False,0,READY,463,1.0,2024-08-15,2026-07-16,sina_daily,qfq,VALID,A,26,0
2026-07-16,605011.SH,SH_MAIN,2021-06-30,False,False,0,READY,463,1.0,2024-08-15,2026-07-16,sina_daily,qfq,VALID,A,26,0
2026-07-16,605016.SH,SH_MAIN,2021-04-21,False,False,0,READY,463,1.0,2024-08-15,2026-07-16,sina_daily,qfq,VALID,A,26,0
2026-07-16,605018.SH,SH_MAIN,2020-09-29,False,False,0,READY,463,1.0,2024-08-15,2026-07-16,sina_daily,qfq,VALID,A,26,0
2026-07-16,605020.SH,SH_MAIN,2021-07-09,False,False,0,READY,463,1.0,2024-08-15,2026-07-16,sina_daily,qfq,VALID,A,26,0
2026-07-16,605028.SH,SH_MAIN,2021-07-12,False,False,0,READY,454,0.98,2024-08-15,2026-07-16,sina_daily,qfq,VALID,A,26,0
2026-07-16,605033.SH,SH_MAIN,2021-09-16,False,False,0,READY,463,1.0,2024-08-15,2026-07-16,sina_daily,qfq,VALID,A,26,0
2026-07-16,605050.SH,SH_MAIN,2020-09-24,False,False,0,READY,463,1.0,2024-08-15,2026-07-16,sina_daily,qfq,VALID,A,26,0
2026-07-16,605055.SH,SH_MAIN,2021-01-29,False,False,0,READY,463,1.0,2024-08-15,2026-07-16,sina_daily,qfq,VALID,A,26,0
2026-07-16,605056.SH,SH_MAIN,2021-07-20,False,False,0,READY,463,1.0,2024-08-15,2026-07-16,sina_daily,qfq,VALID,A,26,0
2026-07-16,605058.SH,SH_MAIN,2020-10-21,False,False,0,READY,463,1.0,2024-08-15,2026-07-16,sina_daily,qfq,VALID,A,26,0
2026-07-16,605060.SH,SH_MAIN,2021-03-01,False,False,0,READY,463,1.0,2024-08-15,2026-07-16,sina_daily,qfq,VALID,A,26,0
2026-07-16,605066.SH,SH_MAIN,2020-08-07,False,False,0,READY,463,1.0,2024-08-15,2026-07-16,sina_daily,qfq,VALID,A,26,0
2026-07-16,605068.SH,SH_MAIN,2020-11-23,False,False,0,READY,463,1.0,2024-08-15,2026-07-16,sina_daily,qfq,VALID,A,26,0
2026-07-16,605069.SH,SH_MAIN,2021-08-16,False,False,0,READY,463,1.0,2024-08-15,2026-07-16,sina_daily,qfq,VALID,A,26,0
2026-07-16,605077.SH,SH_MAIN,2021-02-09,False,False,0,READY,458,1.0,2024-08-15,2026-07-16,sina_daily,qfq,VALID,A,26,0
2026-07-16,605080.SH,SH_MAIN,2021-05-06,False,False,0,READY,463,1.0,2024-08-15,2026-07-16,sina_daily,qfq,VALID,A,26,0
2026-07-16,605086.SH,SH_MAIN,2021-04-16,False,False,0,READY,463,1.0,2024-08-15,2026-07-16,sina_daily,qfq,VALID,A,26,0
2026-07-16,605088.SH,SH_MAIN,2020-08-17,False,False,0,READY,463,1.0,2024-08-15,2026-07-16,sina_daily,qfq,VALID,A,26,0
2026-07-16,605089.SH,SH_MAIN,2021-04-27,False,False,0,READY,463,1.0,2024-08-15,2026-07-16,sina_daily,qfq,VALID,A,26,0
2026-07-16,605090.SH,SH_MAIN,2021-05-25,False,False,0,READY,463,1.0,2024-08-15,2026-07-16,sina_daily,qfq,VALID,A,26,0
2026-07-16,605098.SH,SH_MAIN,2021-04-21,False,False,0,READY,463,1.0,2024-08-15,2026-07-16,sina_daily,qfq,VALID,A,26,0
2026-07-16,605099.SH,SH_MAIN,2020-09-30,False,False,0,READY,463,1.0,2024-08-15,2026-07-16,sina_daily,qfq,VALID,A,26,0
2026-07-16,605100.SH,SH_MAIN,2020-08-11,False,False,0,READY,463,1.0,2024-08-15,2026-07-16,sina_daily,qfq,VALID,A,26,0
2026-07-16,605108.SH,SH_MAIN,2020-07-16,False,False,0,READY,463,1.0,2024-08-15,2026-07-16,sina_daily,qfq,VALID,A,26,0
2026-07-16,605111.SH,SH_MAIN,2020-09-28,False,False,0,READY,463,1.0,2024-08-15,2026-07-16,sina_daily,qfq,VALID,A,26,0
2026-07-16,605116.SH,SH_MAIN,2020-09-21,False,False,0,READY,463,1.0,2024-08-15,2026-07-16,sina_daily,qfq,VALID,A,26,0
2026-07-16,605117.SH,SH_MAIN,2021-04-20,False,False,0,READY,463,1.0,2024-08-15,2026-07-16,sina_daily,qfq,VALID,A,26,0
2026-07-16,605118.SH,SH_MAIN,2020-07-30,False,False,0,READY,463,1.0,2024-08-15,2026-07-16,sina_daily,qfq,VALID,A,26,0
2026-07-16,605122.SH,SH_MAIN,2021-03-10,False,False,0,READY,463,1.0,2024-08-15,2026-07-16,sina_daily,qfq,VALID,A,26,0
2026-07-16,605123.SH,SH_MAIN,2020-08-25,False,False,0,READY,463,1.0,2024-08-15,2026-07-16,sina_daily,qfq,VALID,A,26,0
2026-07-16,605128.SH,SH_MAIN,2020-09-15,False,False,0,READY,463,1.0,2024-08-15,2026-07-16,sina_daily,qfq,VALID,A,26,0
2026-07-16,605133.SH,SH_MAIN,2021-02-24,False,False,0,READY,463,1.0,2024-08-15,2026-07-16,sina_daily,qfq,VALID,A,26,0
2026-07-16,605136.SH,SH_MAIN,2020-09-29,False,False,0,READY,463,1.0,2024-08-15,2026-07-16,sina_daily,qfq,VALID,A,26,0
2026-07-16,605138.SH,SH_MAIN,2021-10-27,False,False,0,READY,463,1.0,2024-08-15,2026-07-16,sina_daily,qfq,VALID,A,26,0
2026-07-16,605151.SH,SH_MAIN,2020-12-15,False,False,0,READY,463,1.0,2024-08-15,2026-07-16,sina_daily,qfq,VALID,A,26,0
2026-07-16,605155.SH,SH_MAIN,2020-12-31,False,False,0,READY,463,1.0,2024-08-15,2026-07-16,sina_daily,qfq,VALID,A,26,0
2026-07-16,605158.SH,SH_MAIN,2020-08-05,False,False,0,READY,463,1.0,2024-08-15,2026-07-16,sina_daily,qfq,VALID,A,26,0
2026-07-16,605162.SH,SH_MAIN,2021-07-07,False,False,0,READY,463,1.0,2024-08-15,2026-07-16,sina_daily,qfq,VALID,A,26,0
2026-07-16,605166.SH,SH_MAIN,2020-06-18,False,False,0,READY,463,1.0,2024-08-15,2026-07-16,sina_daily,qfq,VALID,A,26,0
2026-07-16,605167.SH,SH_MAIN,2021-07-26,False,False,0,READY,463,1.0,2024-08-15,2026-07-16,sina_daily,qfq,VALID,A,26,0
2026-07-16,605168.SH,SH_MAIN,2020-05-28,False,False,0,READY,463,1.0,2024-08-15,2026-07-16,sina_daily,qfq,VALID,A,26,0
2026-07-16,605169.SH,SH_MAIN,2020-10-30,False,False,0,READY,463,1.0,2024-08-15,2026-07-16,sina_daily,qfq,VALID,A,26,0
2026-07-16,605177.SH,SH_MAIN,2020-11-25,False,False,0,READY,463,1.0,2024-08-15,2026-07-16,sina_daily,qfq,VALID,A,26,0
2026-07-16,605178.SH,SH_MAIN,2020-08-21,False,False,0,READY,450,0.948,2024-08-15,2026-07-16,sina_daily,qfq,PARTIAL,B,26,0
2026-07-16,605179.SH,SH_MAIN,2020-12-28,False,False,0,READY,463,1.0,2024-08-15,2026-07-16,sina_daily,qfq,VALID,A,26,0
2026-07-16,605180.SH,SH_MAIN,2021-04-30,False,False,0,READY,463,1.0,2024-08-15,2026-07-16,sina_daily,qfq,VALID,A,26,0
2026-07-16,605183.SH,SH_MAIN,2020-12-07,False,False,0,READY,463,1.0,2024-08-15,2026-07-16,sina_daily,qfq,VALID,A,26,0
2026-07-16,605186.SH,SH_MAIN,2020-12-22,False,False,0,READY,463,1.0,2024-08-15,2026-07-16,sina_daily,qfq,VALID,A,26,0
2026-07-16,605188.SH,SH_MAIN,2020-07-28,False,False,0,READY,463,1.0,2024-08-15,2026-07-16,sina_daily,qfq,VALID,A,26,0
2026-07-16,605189.SH,SH_MAIN,2021-05-28,False,False,0,READY,463,1.0,2024-08-15,2026-07-16,sina_daily,qfq,VALID,A,26,0
2026-07-16,605196.SH,SH_MAIN,2021-05-11,False,False,0,READY,463,1.0,2024-08-15,2026-07-16,sina_daily,qfq,VALID,A,26,0
2026-07-16,605198.SH,SH_MAIN,2020-09-18,False,False,0,READY,463,1.0,2024-08-15,2026-07-16,sina_daily,qfq,VALID,A,26,0
2026-07-16,605199.SH,SH_MAIN,2020-07-10,True,False,0,READY,462,1.0,2024-08-15,2026-07-16,sina_daily,qfq,VALID,A,26,0
2026-07-16,605208.SH,SH_MAIN,2021-03-08,False,False,0,READY,463,1.0,2024-08-15,2026-07-16,sina_daily,qfq,VALID,A,26,0
2026-07-16,605218.SH,SH_MAIN,2020-09-28,False,False,0,READY,463,1.0,2024-08-15,2026-07-16,sina_daily,qfq,VALID,A,26,0
2026-07-16,605222.SH,SH_MAIN,2020-07-31,False,False,0,READY,463,1.0,2024-08-15,2026-07-16,sina_daily,qfq,VALID,A,26,0
2026-07-16,605228.SH,SH_MAIN,2021-01-20,False,False,0,READY,463,1.0,2024-08-15,2026-07-16,sina_daily,qfq,VALID,A,26,0
2026-07-16,605255.SH,SH_MAIN,2020-08-25,False,False,0,READY,430,0.868,2024-08-15,2026-07-16,sina_daily,qfq,PARTIAL,B,26,0
2026-07-16,605258.SH,SH_MAIN,2020-12-03,False,False,0,READY,463,1.0,2024-08-15,2026-07-16,sina_daily,qfq,VALID,A,26,0
2026-07-16,605259.SH,SH_MAIN,2021-06-15,False,False,0,READY,463,1.0,2024-08-15,2026-07-16,sina_daily,qfq,VALID,A,26,0
2026-07-16,605266.SH,SH_MAIN,2020-12-01,False,False,0,READY,463,1.0,2024-08-15,2026-07-16,sina_daily,qfq,VALID,A,26,0
2026-07-16,605268.SH,SH_MAIN,2021-02-24,False,False,0,READY,463,1.0,2024-08-15,2026-07-16,sina_daily,qfq,VALID,A,26,0
2026-07-16,605277.SH,SH_MAIN,2021-01-06,False,False,0,READY,463,1.0,2024-08-15,2026-07-16,sina_daily,qfq,VALID,A,26,0
2026-07-16,605286.SH,SH_MAIN,2021-03-22,False,False,0,READY,463,1.0,2024-08-15,2026-07-16,sina_daily,qfq,VALID,A,26,0
2026-07-16,605287.SH,SH_MAIN,2021-07-06,False,False,0,READY,463,1.0,2024-08-15,2026-07-16,sina_daily,qfq,VALID,A,26,0
2026-07-16,605288.SH,SH_MAIN,2020-06-01,False,False,0,READY,463,1.0,2024-08-15,2026-07-16,sina_daily,qfq,VALID,A,26,0
2026-07-16,605289.SH,SH_MAIN,2021-04-26,False,False,0,READY,463,1.0,2024-08-15,2026-07-16,sina_daily,qfq,VALID,A,26,0
2026-07-16,605296.SH,SH_MAIN,2021-05-28,False,False,0,READY,463,1.0,2024-08-15,2026-07-16,sina_daily,qfq,VALID,A,26,0
2026-07-16,605298.SH,SH_MAIN,2021-03-01,False,False,0,READY,463,1.0,2024-08-15,2026-07-16,sina_daily,qfq,VALID,A,26,0
2026-07-16,605299.SH,SH_MAIN,2020-12-15,False,False,0,READY,463,1.0,2024-08-15,2026-07-16,sina_daily,qfq,VALID,A,26,0
2026-07-16,605300.SH,SH_MAIN,2021-04-30,False,False,0,READY,463,1.0,2024-08-15,2026-07-16,sina_daily,qfq,VALID,A,26,0
2026-07-16,605303.SH,SH_MAIN,2021-03-01,False,False,0,READY,463,1.0,2024-08-15,2026-07-16,sina_daily,qfq,VALID,A,26,0
2026-07-16,605305.SH,SH_MAIN,2021-05-06,False,False,0,READY,463,1.0,2024-08-15,2026-07-16,sina_daily,qfq,VALID,A,26,0
2026-07-16,605318.SH,SH_MAIN,2020-08-03,False,False,0,READY,462,0.996,2024-08-15,2026-07-16,sina_daily,qfq,VALID,A,26,0
2026-07-16,605319.SH,SH_MAIN,2021-06-07,False,False,0,READY,463,1.0,2024-08-15,2026-07-16,sina_daily,qfq,VALID,A,26,0
2026-07-16,605333.SH,SH_MAIN,2020-08-18,False,False,0,READY,463,1.0,2024-08-15,2026-07-16,sina_daily,qfq,VALID,A,26,0
2026-07-16,605336.SH,SH_MAIN,2020-10-19,True,False,0,READY,462,0.996,2024-08-15,2026-07-16,sina_daily,qfq,VALID,A,26,0
2026-07-16,605337.SH,SH_MAIN,2021-02-08,False,False,0,READY,463,1.0,2024-08-15,2026-07-16,sina_daily,qfq,VALID,A,26,0
2026-07-16,605338.SH,SH_MAIN,2020-10-12,False,False,0,READY,463,1.0,2024-08-15,2026-07-16,sina_daily,qfq,VALID,A,26,0
2026-07-16,605339.SH,SH_MAIN,2021-05-18,False,False,0,READY,463,1.0,2024-08-15,2026-07-16,sina_daily,qfq,VALID,A,26,0
2026-07-16,605358.SH,SH_MAIN,2020-09-11,False,False,0,READY,463,1.0,2024-08-15,2026-07-16,sina_daily,qfq,VALID,A,26,0
2026-07-16,605365.SH,SH_MAIN,2021-07-20,False,False,0,READY,463,1.0,2024-08-15,2026-07-16,sina_daily,qfq,VALID,A,26,0
2026-07-16,605366.SH,SH_MAIN,2020-08-12,False,False,0,READY,463,1.0,2024-08-15,2026-07-16,sina_daily,qfq,VALID,A,26,0
2026-07-16,605368.SH,SH_MAIN,2021-01-29,False,False,0,READY,463,1.0,2024-08-15,2026-07-16,sina_daily,qfq,VALID,A,26,0
2026-07-16,605369.SH,SH_MAIN,2020-09-16,False,False,0,READY,463,1.0,2024-08-15,2026-07-16,sina_daily,qfq,VALID,A,26,0
2026-07-16,605376.SH,SH_MAIN,2020-12-08,False,False,0,READY,463,1.0,2024-08-15,2026-07-16,sina_daily,qfq,VALID,A,26,0
2026-07-16,605377.SH,SH_MAIN,2020-12-28,False,False,0,READY,463,1.0,2024-08-15,2026-07-16,sina_daily,qfq,VALID,A,26,0
2026-07-16,605378.SH,SH_MAIN,2021-04-12,False,False,0,READY,463,1.0,2024-08-15,2026-07-16,sina_daily,qfq,VALID,A,26,0
2026-07-16,605388.SH,SH_MAIN,2020-08-18,False,False,0,READY,463,1.0,2024-08-15,2026-07-16,sina_daily,qfq,VALID,A,26,0
2026-07-16,605389.SH,SH_MAIN,2021-03-22,False,False,0,READY,455,0.98,2024-08-15,2026-07-16,sina_daily,qfq,VALID,A,26,0
2026-07-16,605398.SH,SH_MAIN,2021-01-21,False,False,0,READY,463,1.0,2024-08-15,2026-07-16,sina_daily,qfq,VALID,A,26,0
2026-07-16,605399.SH,SH_MAIN,2020-08-04,False,False,0,READY,463,1.0,2024-08-15,2026-07-16,sina_daily,qfq,VALID,A,26,0
2026-07-16,605488.SH,SH_MAIN,2021-05-13,False,False,0,READY,463,1.0,2024-08-15,2026-07-16,sina_daily,qfq,VALID,A,26,0
2026-07-16,605499.SH,SH_MAIN,2021-05-27,False,False,0,READY,463,1.0,2024-08-15,2026-07-16,sina_daily,qfq,VALID,A,26,0
2026-07-16,605500.SH,SH_MAIN,2020-12-22,False,False,0,READY,463,1.0,2024-08-15,2026-07-16,sina_daily,qfq,VALID,A,26,0
2026-07-16,605507.SH,SH_MAIN,2021-08-02,False,False,0,READY,463,1.0,2024-08-15,2026-07-16,sina_daily,qfq,VALID,A,26,0
2026-07-16,605555.SH,SH_MAIN,2021-10-21,False,False,0,READY,459,0.984,2024-08-15,2026-07-16,sina_daily,qfq,VALID,A,26,0
2026-07-16,605566.SH,SH_MAIN,2021-10-25,False,False,0,READY,463,1.0,2024-08-15,2026-07-16,sina_daily,qfq,VALID,A,26,0
2026-07-16,605567.SH,SH_MAIN,2021-10-13,False,False,0,READY,463,1.0,2024-08-15,2026-07-16,sina_daily,qfq,VALID,A,26,0
2026-07-16,605577.SH,SH_MAIN,2021-08-24,False,False,0,READY,463,1.0,2024-08-15,2026-07-16,sina_daily,qfq,VALID,A,26,0
2026-07-16,605580.SH,SH_MAIN,2021-08-19,False,False,0,READY,463,1.0,2024-08-15,2026-07-16,sina_daily,qfq,VALID,A,26,0
2026-07-16,605588.SH,SH_MAIN,2021-08-12,False,False,0,READY,463,1.0,2024-08-15,2026-07-16,sina_daily,qfq,VALID,A,26,0
2026-07-16,605589.SH,SH_MAIN,2021-08-10,False,False,0,READY,463,1.0,2024-08-15,2026-07-16,sina_daily,qfq,VALID,A,26,0
2026-07-16,605598.SH,SH_MAIN,2021-09-17,False,False,0,READY,463,1.0,2024-08-15,2026-07-16,sina_daily,qfq,VALID,A,26,0
2026-07-16,605599.SH,SH_MAIN,2021-09-09,False,False,0,READY,463,1.0,2024-08-15,2026-07-16,sina_daily,qfq,VALID,A,26,0
2026-07-16,688001.SH,STAR,2019-07-22,False,False,0,READY,463,1.0,2024-08-15,2026-07-16,sina_daily,qfq,VALID,A,26,0
2026-07-16,688002.SH,STAR,2019-07-22,False,False,0,READY,463,1.0,2024-08-15,2026-07-16,sina_daily,qfq,VALID,A,26,0
2026-07-16,688003.SH,STAR,2019-07-22,False,False,0,READY,463,1.0,2024-08-15,2026-07-16,sina_daily,qfq,VALID,A,26,0
2026-07-16,688004.SH,STAR,2020-06-12,False,False,0,READY,463,1.0,2024-08-15,2026-07-16,sina_daily,qfq,VALID,A,26,0
2026-07-16,688005.SH,STAR,2019-07-22,False,False,0,READY,460,0.988,2024-08-15,2026-07-16,sina_daily,qfq,VALID,A,26,0
2026-07-16,688006.SH,STAR,2019-07-22,False,False,0,READY,463,1.0,2024-08-15,2026-07-16,sina_daily,qfq,VALID,A,26,0
2026-07-16,688007.SH,STAR,2019-07-22,False,False,0,READY,463,1.0,2024-08-15,2026-07-16,sina_daily,qfq,VALID,A,26,0
2026-07-16,688008.SH,STAR,2019-07-22,False,False,0,READY,463,1.0,2024-08-15,2026-07-16,sina_daily,qfq,VALID,A,26,0
2026-07-16,688009.SH,STAR,2019-07-22,False,False,0,READY,463,1.0,2024-08-15,2026-07-16,sina_daily,qfq,VALID,A,26,0
2026-07-16,688010.SH,STAR,2019-07-22,False,False,0,READY,463,1.0,2024-08-15,2026-07-16,sina_daily,qfq,VALID,A,26,0
2026-07-16,688011.SH,STAR,2019-07-22,False,False,0,READY,463,1.0,2024-08-15,2026-07-16,sina_daily,qfq,VALID,A,26,0
2026-07-16,688012.SH,STAR,2019-07-22,False,False,0,READY,454,0.964,2024-08-15,2026-07-16,sina_daily,qfq,VALID,A,26,0
2026-07-16,688013.SH,STAR,2020-09-28,False,False,0,READY,463,1.0,2024-08-15,2026-07-16,sina_daily,qfq,VALID,A,26,0
2026-07-16,688015.SH,STAR,2019-07-22,False,False,0,READY,463,1.0,2024-08-15,2026-07-16,sina_daily,qfq,VALID,A,26,0
2026-07-16,688016.SH,STAR,2019-07-22,False,False,0,READY,463,1.0,2024-08-15,2026-07-16,sina_daily,qfq,VALID,A,26,0
2026-07-16,688017.SH,STAR,2020-08-28,False,False,0,READY,463,1.0,2024-08-15,2026-07-16,sina_daily,qfq,VALID,A,26,0
2026-07-16,688018.SH,STAR,2019-07-22,False,False,0,READY,463,1.0,2024-08-15,2026-07-16,sina_daily,qfq,VALID,A,26,0
2026-07-16,688019.SH,STAR,2019-07-22,False,False,0,READY,463,1.0,2024-08-15,2026-07-16,sina_daily,qfq,VALID,A,26,0
2026-07-16,688020.SH,STAR,2019-07-22,False,False,0,READY,463,1.0,2024-08-15,2026-07-16,sina_daily,qfq,VALID,A,26,0
2026-07-16,688021.SH,STAR,2019-11-06,False,False,0,READY,463,1.0,2024-08-15,2026-07-16,sina_daily,qfq,VALID,A,26,0
2026-07-16,688022.SH,STAR,2019-07-22,True,False,0,READY,462,0.996,2024-08-15,2026-07-16,sina_daily,qfq,VALID,A,26,0
2026-07-16,688023.SH,STAR,2019-11-05,False,False,0,READY,463,1.0,2024-08-15,2026-07-16,sina_daily,qfq,VALID,A,26,0
2026-07-16,688025.SH,STAR,2019-10-31,False,False,0,READY,463,1.0,2024-08-15,2026-07-16,sina_daily,qfq,VALID,A,26,0
2026-07-16,688026.SH,STAR,2020-01-22,False,False,0,READY,463,1.0,2024-08-15,2026-07-16,sina_daily,qfq,VALID,A,26,0
2026-07-16,688027.SH,STAR,2020-07-09,False,False,0,READY,463,1.0,2024-08-15,2026-07-16,sina_daily,qfq,VALID,A,26,0
2026-07-16,688028.SH,STAR,2019-07-22,False,False,0,READY,463,1.0,2024-08-15,2026-07-16,sina_daily,qfq,VALID,A,26,0
2026-07-16,688029.SH,STAR,2019-07-22,False,False,0,READY,463,1.0,2024-08-15,2026-07-16,sina_daily,qfq,VALID,A,26,0
2026-07-16,688030.SH,STAR,2019-09-30,False,False,0,READY,463,1.0,2024-08-15,2026-07-16,sina_daily,qfq,VALID,A,26,0
2026-07-16,688031.SH,STAR,2022-10-18,False,False,0,READY,463,1.0,2024-08-15,2026-07-16,sina_daily,qfq,VALID,A,26,0
2026-07-16,688032.SH,STAR,2021-12-20,False,False,0,READY,463,1.0,2024-08-15,2026-07-16,sina_daily,qfq,VALID,A,26,0
2026-07-16,688033.SH,STAR,2019-07-22,True,False,0,READY,462,0.996,2024-08-15,2026-07-16,sina_daily,qfq,VALID,A,26,0
2026-07-16,688035.SH,STAR,2022-09-19,False,False,0,READY,463,1.0,2024-08-15,2026-07-16,sina_daily,qfq,VALID,A,26,0
2026-07-16,688036.SH,STAR,2019-09-30,False,False,0,READY,463,1.0,2024-08-15,2026-07-16,sina_daily,qfq,VALID,A,26,0
2026-07-16,688037.SH,STAR,2019-12-16,False,False,0,READY,460,1.0,2024-08-15,2026-07-16,sina_daily,qfq,VALID,A,26,0
2026-07-16,688038.SH,STAR,2021-07-13,False,False,0,READY,453,1.0,2024-08-15,2026-07-16,sina_daily,qfq,VALID,A,26,0
2026-07-16,688039.SH,STAR,2019-12-11,False,False,0,READY,463,1.0,2024-08-15,2026-07-16,sina_daily,qfq,VALID,A,26,0
2026-07-16,688041.SH,STAR,2022-08-12,False,False,0,READY,453,1.0,2024-08-15,2026-07-16,sina_daily,qfq,VALID,A,26,0
2026-07-16,688045.SH,STAR,2022-05-26,False,False,0,READY,463,1.0,2024-08-15,2026-07-16,sina_daily,qfq,VALID,A,26,0
2026-07-16,688046.SH,STAR,2022-04-25,False,False,0,READY,463,1.0,2024-08-15,2026-07-16,sina_daily,qfq,VALID,A,26,0
2026-07-16,688047.SH,STAR,2022-06-24,False,False,0,READY,463,1.0,2024-08-15,2026-07-16,sina_daily,qfq,VALID,A,26,0
2026-07-16,688048.SH,STAR,2022-04-01,False,False,0,READY,463,1.0,2024-08-15,2026-07-16,sina_daily,qfq,VALID,A,26,0
2026-07-16,688049.SH,STAR,2021-11-29,False,False,0,READY,463,1.0,2024-08-15,2026-07-16,sina_daily,qfq,VALID,A,26,0
2026-07-16,688050.SH,STAR,2020-07-29,False,False,0,READY,463,1.0,2024-08-15,2026-07-16,sina_daily,qfq,VALID,A,26,0
2026-07-16,688051.SH,STAR,2020-03-20,False,False,0,READY,453,0.96,2024-08-15,2026-07-16,sina_daily,qfq,VALID,A,26,0
2026-07-16,688052.SH,STAR,2022-04-22,False,False,0,READY,463,1.0,2024-08-15,2026-07-16,sina_daily,qfq,VALID,A,26,0
2026-07-16,688053.SH,STAR,2022-07-08,True,False,0,READY,462,0.996,2024-08-15,2026-07-16,sina_daily,qfq,VALID,A,26,0
2026-07-16,688055.SH,STAR,2020-08-17,False,False,0,READY,463,1.0,2024-08-15,2026-07-16,sina_daily,qfq,VALID,A,26,0
2026-07-16,688056.SH,STAR,2020-09-02,False,False,0,READY,463,1.0,2024-08-15,2026-07-16,sina_daily,qfq,VALID,A,26,0
2026-07-16,688057.SH,STAR,2020-11-11,False,False,0,READY,463,1.0,2024-08-15,2026-07-16,sina_daily,qfq,VALID,A,26,0
2026-07-16,688058.SH,STAR,2019-11-01,False,False,0,READY,463,1.0,2024-08-15,2026-07-16,sina_daily,qfq,VALID,A,26,0
2026-07-16,688059.SH,STAR,2021-02-08,False,False,0,READY,463,1.0,2024-08-15,2026-07-16,sina_daily,qfq,VALID,A,26,0
2026-07-16,688060.SH,STAR,2020-07-10,False,False,0,READY,463,1.0,2024-08-15,2026-07-16,sina_daily,qfq,VALID,A,26,0
2026-07-16,688061.SH,STAR,2022-10-18,False,False,0,READY,463,1.0,2024-08-15,2026-07-16,sina_daily,qfq,VALID,A,26,0
2026-07-16,688062.SH,STAR,2022-01-18,False,False,0,READY,463,1.0,2024-08-15,2026-07-16,sina_daily,qfq,VALID,A,26,0
2026-07-16,688063.SH,STAR,2020-12-30,False,False,0,READY,463,1.0,2024-08-15,2026-07-16,sina_daily,qfq,VALID,A,26,0
2026-07-16,688065.SH,STAR,2020-08-12,False,False,0,READY,463,1.0,2024-08-15,2026-07-16,sina_daily,qfq,VALID,A,26,0
2026-07-16,688066.SH,STAR,2019-07-22,True,False,0,READY,462,0.996,2024-08-15,2026-07-16,sina_daily,qfq,VALID,A,26,0
2026-07-16,688067.SH,STAR,2021-06-16,False,False,0,READY,463,1.0,2024-08-15,2026-07-16,sina_daily,qfq,VALID,A,26,0
2026-07-16,688068.SH,STAR,2019-09-30,False,False,0,READY,463,1.0,2024-08-15,2026-07-16,sina_daily,qfq,VALID,A,26,0
2026-07-16,688069.SH,STAR,2020-07-22,False,False,0,READY,463,1.0,2024-08-15,2026-07-16,sina_daily,qfq,VALID,A,26,0
2026-07-16,688070.SH,STAR,2021-02-10,False,False,0,READY,463,1.0,2024-08-15,2026-07-16,sina_daily,qfq,VALID,A,26,0
2026-07-16,688071.SH,STAR,2021-07-29,False,False,0,READY,463,1.0,2024-08-15,2026-07-16,sina_daily,qfq,VALID,A,26,0
2026-07-16,688072.SH,STAR,2022-04-20,False,False,0,READY,453,0.96,2024-08-15,2026-07-16,sina_daily,qfq,VALID,A,26,0
2026-07-16,688073.SH,STAR,2022-10-11,False,False,0,READY,453,1.0,2024-08-15,2026-07-16,sina_daily,qfq,VALID,A,26,0
2026-07-16,688075.SH,STAR,2021-11-18,False,False,0,READY,463,1.0,2024-08-15,2026-07-16,sina_daily,qfq,VALID,A,26,0
2026-07-16,688076.SH,STAR,2021-05-20,True,False,0,READY,462,0.996,2024-08-15,2026-07-16,sina_daily,qfq,VALID,A,26,0
2026-07-16,688077.SH,STAR,2020-07-22,False,False,0,READY,463,1.0,2024-08-15,2026-07-16,sina_daily,qfq,VALID,A,26,0
2026-07-16,688078.SH,STAR,2019-12-30,False,False,0,READY,463,1.0,2024-08-15,2026-07-16,sina_daily,qfq,VALID,A,26,0
2026-07-16,688079.SH,STAR,2021-03-02,False,False,0,READY,463,1.0,2024-08-15,2026-07-16,sina_daily,qfq,VALID,A,26,0
2026-07-16,688080.SH,STAR,2020-02-12,False,False,0,READY,463,1.0,2024-08-15,2026-07-16,sina_daily,qfq,VALID,A,26,0
2026-07-16,688081.SH,STAR,2020-01-06,False,False,0,READY,463,1.0,2024-08-15,2026-07-16,sina_daily,qfq,VALID,A,26,0
2026-07-16,688082.SH,STAR,2021-11-18,False,False,0,READY,463,1.0,2024-08-15,2026-07-16,sina_daily,qfq,VALID,A,26,0
2026-07-16,688083.SH,STAR,2021-03-11,False,False,0,READY,463,1.0,2024-08-15,2026-07-16,sina_daily,qfq,VALID,A,26,0
2026-07-16,688084.SH,STAR,2022-12-08,False,False,0,READY,463,1.0,2024-08-15,2026-07-16,sina_daily,qfq,VALID,A,26,0
2026-07-16,688085.SH,STAR,2020-04-09,False,False,0,READY,463,1.0,2024-08-15,2026-07-16,sina_daily,qfq,VALID,A,26,0
2026-07-16,688087.SH,STAR,2021-07-09,False,False,0,READY,463,1.0,2024-08-15,2026-07-16,sina_daily,qfq,VALID,A,26,0
2026-07-16,688088.SH,STAR,2019-07-22,False,False,0,READY,463,1.0,2024-08-15,2026-07-16,sina_daily,qfq,VALID,A,26,0
2026-07-16,688089.SH,STAR,2019-12-19,False,False,0,QUARANTINED,0,,,,sina_daily,,BLOCKED,D,0,26
2026-07-16,688090.SH,STAR,2020-02-17,False,False,0,READY,463,1.0,2024-08-15,2026-07-16,sina_daily,qfq,VALID,A,26,0
2026-07-16,688091.SH,STAR,2021-09-09,False,False,0,READY,463,1.0,2024-08-15,2026-07-16,sina_daily,qfq,VALID,A,26,0
2026-07-16,688092.SH,STAR,2021-03-19,False,False,0,READY,463,1.0,2024-08-15,2026-07-16,sina_daily,qfq,VALID,A,26,0
2026-07-16,688093.SH,STAR,2020-09-30,False,False,0,READY,463,1.0,2024-08-15,2026-07-16,sina_daily,qfq,VALID,A,26,0
2026-07-16,688095.SH,STAR,2020-09-08,False,False,0,READY,463,1.0,2024-08-15,2026-07-16,sina_daily,qfq,VALID,A,26,0
2026-07-16,688096.SH,STAR,2020-04-09,False,False,0,READY,463,1.0,2024-08-15,2026-07-16,sina_daily,qfq,VALID,A,26,0
2026-07-16,688097.SH,STAR,2021-05-12,False,False,0,READY,463,1.0,2024-08-15,2026-07-16,sina_daily,qfq,VALID,A,26,0
2026-07-16,688098.SH,STAR,2019-10-28,False,False,0,READY,463,1.0,2024-08-15,2026-07-16,sina_daily,qfq,VALID,A,26,0
2026-07-16,688099.SH,STAR,2019-08-08,False,False,0,READY,463,1.0,2024-08-15,2026-07-16,sina_daily,qfq,VALID,A,26,0
2026-07-16,688100.SH,STAR,2020-01-21,False,False,0,READY,463,1.0,2024-08-15,2026-07-16,sina_daily,qfq,VALID,A,26,0
2026-07-16,688101.SH,STAR,2019-11-15,False,False,0,READY,463,1.0,2024-08-15,2026-07-16,sina_daily,qfq,VALID,A,26,0
2026-07-16,688102.SH,STAR,2022-03-16,False,False,0,READY,463,1.0,2024-08-15,2026-07-16,sina_daily,qfq,VALID,A,26,0
2026-07-16,688103.SH,STAR,2021-09-10,False,False,0,READY,463,1.0,2024-08-15,2026-07-16,sina_daily,qfq,VALID,A,26,0
2026-07-16,688105.SH,STAR,2021-11-15,False,False,0,READY,463,1.0,2024-08-15,2026-07-16,sina_daily,qfq,VALID,A,26,0
2026-07-16,688106.SH,STAR,2020-06-16,False,False,0,READY,463,1.0,2024-08-15,2026-07-16,sina_daily,qfq,VALID,A,26,0
2026-07-16,688107.SH,STAR,2021-11-12,False,False,0,READY,463,1.0,2024-08-15,2026-07-16,sina_daily,qfq,VALID,A,26,0
2026-07-16,688108.SH,STAR,2019-10-30,False,False,0,READY,463,1.0,2024-08-15,2026-07-16,sina_daily,qfq,VALID,A,26,0
2026-07-16,688109.SH,STAR,2021-03-30,False,False,0,READY,458,0.98,2024-08-15,2026-07-16,sina_daily,qfq,VALID,A,26,0
2026-07-16,688110.SH,STAR,2021-12-10,False,False,0,READY,460,0.988,2024-08-15,2026-07-16,sina_daily,qfq,VALID,A,26,0
2026-07-16,688111.SH,STAR,2019-11-18,False,False,0,READY,463,1.0,2024-08-15,2026-07-16,sina_daily,qfq,VALID,A,26,0
2026-07-16,688112.SH,STAR,2021-12-01,False,False,0,READY,463,1.0,2024-08-15,2026-07-16,sina_daily,qfq,VALID,A,26,0
2026-07-16,688113.SH,STAR,2021-05-06,False,False,0,READY,463,1.0,2024-08-15,2026-07-16,sina_daily,qfq,VALID,A,26,0
2026-07-16,688114.SH,STAR,2022-09-09,False,False,0,READY,463,1.0,2024-08-15,2026-07-16,sina_daily,qfq,VALID,A,26,0
2026-07-16,688115.SH,STAR,2022-03-14,False,False,0,READY,453,1.0,2024-08-15,2026-07-16,sina_daily,qfq,VALID,A,26,0
2026-07-16,688116.SH,STAR,2019-09-25,False,False,0,READY,463,1.0,2024-08-15,2026-07-16,sina_daily,qfq,VALID,A,26,0
2026-07-16,688117.SH,STAR,2021-06-03,False,False,0,READY,463,1.0,2024-08-15,2026-07-16,sina_daily,qfq,VALID,A,26,0
2026-07-16,688118.SH,STAR,2019-12-04,False,False,0,READY,463,1.0,2024-08-15,2026-07-16,sina_daily,qfq,VALID,A,26,0
2026-07-16,688119.SH,STAR,2022-06-06,False,False,0,READY,463,1.0,2024-08-15,2026-07-16,sina_daily,qfq,VALID,A,26,0
2026-07-16,688120.SH,STAR,2022-06-08,False,False,0,READY,463,1.0,2024-08-15,2026-07-16,sina_daily,qfq,VALID,A,26,0
2026-07-16,688121.SH,STAR,2021-09-06,True,False,0,READY,420,0.828,2024-08-15,2026-07-16,sina_daily,qfq,PARTIAL,B,26,0
2026-07-16,688122.SH,STAR,2019-07-22,False,False,0,READY,463,1.0,2024-08-15,2026-07-16,sina_daily,qfq,VALID,A,26,0
2026-07-16,688123.SH,STAR,2019-12-23,False,False,0,READY,463,1.0,2024-08-15,2026-07-16,sina_daily,qfq,VALID,A,26,0
2026-07-16,688125.SH,STAR,2022-04-15,False,False,0,READY,463,1.0,2024-08-15,2026-07-16,sina_daily,qfq,VALID,A,26,0
2026-07-16,688126.SH,STAR,2020-04-20,False,False,0,READY,453,1.0,2024-08-15,2026-07-16,sina_daily,qfq,VALID,A,26,0
2026-07-16,688127.SH,STAR,2020-09-21,False,False,0,READY,463,1.0,2024-08-15,2026-07-16,sina_daily,qfq,VALID,A,26,0
2026-07-16,688128.SH,STAR,2019-11-05,False,False,0,READY,463,1.0,2024-08-15,2026-07-16,sina_daily,qfq,VALID,A,26,0
2026-07-16,688129.SH,STAR,2020-10-23,False,False,0,READY,463,1.0,2024-08-15,2026-07-16,sina_daily,qfq,VALID,A,26,0
2026-07-16,688130.SH,STAR,2022-07-29,False,False,0,READY,463,1.0,2024-08-15,2026-07-16,sina_daily,qfq,VALID,A,26,0
2026-07-16,688131.SH,STAR,2021-06-08,False,False,0,READY,463,1.0,2024-08-15,2026-07-16,sina_daily,qfq,VALID,A,26,0
2026-07-16,688132.SH,STAR,2022-09-23,False,False,0,READY,457,1.0,2024-08-15,2026-07-16,sina_daily,qfq,VALID,A,26,0
2026-07-16,688133.SH,STAR,2020-10-30,False,False,0,READY,463,1.0,2024-08-15,2026-07-16,sina_daily,qfq,VALID,A,26,0
2026-07-16,688135.SH,STAR,2020-11-11,False,False,0,READY,463,1.0,2024-08-15,2026-07-16,sina_daily,qfq,VALID,A,26,0
2026-07-16,688136.SH,STAR,2020-12-14,False,False,0,READY,463,1.0,2024-08-15,2026-07-16,sina_daily,qfq,VALID,A,26,0
2026-07-16,688137.SH,STAR,2022-09-29,False,False,0,READY,463,1.0,2024-08-15,2026-07-16,sina_daily,qfq,VALID,A,26,0
2026-07-16,688138.SH,STAR,2019-11-20,False,False,0,READY,463,1.0,2024-08-15,2026-07-16,sina_daily,qfq,VALID,A,26,0
2026-07-16,688139.SH,STAR,2019-10-25,False,False,0,READY,453,1.0,2024-08-15,2026-07-16,sina_daily,qfq,VALID,A,26,0
2026-07-16,688141.SH,STAR,2022-12-23,False,False,0,READY,463,1.0,2024-08-15,2026-07-16,sina_daily,qfq,VALID,A,26,0
2026-07-16,688143.SH,STAR,2022-12-12,False,False,0,QUARANTINED,0,,,,sina_daily,,BLOCKED,D,0,26
2026-07-16,688146.SH,STAR,2023-04-21,False,False,0,READY,460,0.988,2024-08-15,2026-07-16,sina_daily,qfq,VALID,A,26,0
2026-07-16,688147.SH,STAR,2022-12-23,False,False,0,READY,463,1.0,2024-08-15,2026-07-16,sina_daily,qfq,VALID,A,26,0
2026-07-16,688148.SH,STAR,2021-08-06,False,False,0,READY,463,1.0,2024-08-15,2026-07-16,sina_daily,qfq,VALID,A,26,0
2026-07-16,688150.SH,STAR,2022-03-18,False,False,0,READY,463,1.0,2024-08-15,2026-07-16,sina_daily,qfq,VALID,A,26,0
2026-07-16,688151.SH,STAR,2021-12-06,False,False,0,READY,463,1.0,2024-08-15,2026-07-16,sina_daily,qfq,VALID,A,26,0
2026-07-16,688152.SH,STAR,2022-10-28,False,False,0,READY,463,1.0,2024-08-15,2026-07-16,sina_daily,qfq,VALID,A,26,0
2026-07-16,688153.SH,STAR,2022-04-12,False,False,0,READY,463,1.0,2024-08-15,2026-07-16,sina_daily,qfq,VALID,A,26,0
2026-07-16,688155.SH,STAR,2020-08-11,False,False,0,READY,463,1.0,2024-08-15,2026-07-16,sina_daily,qfq,VALID,A,26,0
2026-07-16,688156.SH,STAR,2020-09-22,False,False,0,READY,463,1.0,2024-08-15,2026-07-16,sina_daily,qfq,VALID,A,26,0
2026-07-16,688157.SH,STAR,2020-06-09,False,False,0,READY,463,1.0,2024-08-15,2026-07-16,sina_daily,qfq,VALID,A,26,0
2026-07-16,688158.SH,STAR,2020-01-20,False,False,0,READY,463,1.0,2024-08-15,2026-07-16,sina_daily,qfq,VALID,A,26,0
2026-07-16,688159.SH,STAR,2020-01-23,False,False,0,READY,463,1.0,2024-08-15,2026-07-16,sina_daily,qfq,VALID,A,26,0
2026-07-16,688160.SH,STAR,2020-11-12,False,False,0,READY,463,1.0,2024-08-15,2026-07-16,sina_daily,qfq,VALID,A,26,0
2026-07-16,688161.SH,STAR,2021-06-30,False,False,0,READY,463,1.0,2024-08-15,2026-07-16,sina_daily,qfq,VALID,A,26,0
2026-07-16,688162.SH,STAR,2021-11-10,False,False,0,READY,463,1.0,2024-08-15,2026-07-16,sina_daily,qfq,VALID,A,26,0
2026-07-16,688163.SH,STAR,2022-03-11,False,False,0,READY,463,1.0,2024-08-15,2026-07-16,sina_daily,qfq,VALID,A,26,0
2026-07-16,688165.SH,STAR,2020-07-15,False,False,0,READY,453,0.96,2024-08-15,2026-07-16,sina_daily,qfq,VALID,A,26,0
2026-07-16,688166.SH,STAR,2019-11-08,False,False,0,READY,463,1.0,2024-08-15,2026-07-16,sina_daily,qfq,VALID,A,26,0
2026-07-16,688167.SH,STAR,2021-12-24,False,False,0,READY,463,1.0,2024-08-15,2026-07-16,sina_daily,qfq,VALID,A,26,0
2026-07-16,688168.SH,STAR,2019-09-06,False,False,0,READY,463,1.0,2024-08-15,2026-07-16,sina_daily,qfq,VALID,A,26,0
2026-07-16,688169.SH,STAR,2020-02-21,False,False,0,READY,463,1.0,2024-08-15,2026-07-16,sina_daily,qfq,VALID,A,26,0
2026-07-16,688170.SH,STAR,2022-04-29,False,False,0,READY,463,1.0,2024-08-15,2026-07-16,sina_daily,qfq,VALID,A,26,0
2026-07-16,688171.SH,STAR,2022-01-27,False,False,0,READY,463,1.0,2024-08-15,2026-07-16,sina_daily,qfq,VALID,A,26,0
2026-07-16,688172.SH,STAR,2022-12-16,False,False,0,READY,463,1.0,2024-08-15,2026-07-16,sina_daily,qfq,VALID,A,26,0
2026-07-16,688173.SH,STAR,2022-01-21,False,False,0,QUARANTINED,0,,,,sina_daily,,BLOCKED,D,0,26
2026-07-16,688175.SH,STAR,2022-03-15,False,False,0,READY,445,0.96,2024-08-15,2026-07-16,sina_daily,qfq,VALID,A,26,0
2026-07-16,688176.SH,STAR,2022-01-07,False,False,0,READY,463,1.0,2024-08-15,2026-07-16,sina_daily,qfq,VALID,A,26,0
2026-07-16,688177.SH,STAR,2020-02-21,False,False,0,READY,463,1.0,2024-08-15,2026-07-16,sina_daily,qfq,VALID,A,26,0
2026-07-16,688178.SH,STAR,2020-01-14,False,False,0,READY,458,1.0,2024-08-15,2026-07-16,sina_daily,qfq,VALID,A,26,0
2026-07-16,688179.SH,STAR,2020-10-26,False,False,0,READY,463,1.0,2024-08-15,2026-07-16,sina_daily,qfq,VALID,A,26,0
2026-07-16,688180.SH,STAR,2020-07-15,False,False,0,READY,463,1.0,2024-08-15,2026-07-16,sina_daily,qfq,VALID,A,26,0
2026-07-16,688181.SH,STAR,2020-01-06,False,False,0,READY,463,1.0,2024-08-15,2026-07-16,sina_daily,qfq,VALID,A,26,0
2026-07-16,688182.SH,STAR,2021-11-16,False,False,0,READY,463,1.0,2024-08-15,2026-07-16,sina_daily,qfq,VALID,A,26,0
2026-07-16,688183.SH,STAR,2021-02-25,False,False,0,READY,463,1.0,2024-08-15,2026-07-16,sina_daily,qfq,VALID,A,26,0
2026-07-16,688184.SH,STAR,2022-09-19,True,False,0,READY,462,1.0,2024-08-15,2026-07-16,sina_daily,qfq,VALID,A,26,0
2026-07-16,688185.SH,STAR,2020-08-13,False,False,0,READY,463,1.0,2024-08-15,2026-07-16,sina_daily,qfq,VALID,A,26,0
2026-07-16,688186.SH,STAR,2020-02-11,False,False,0,READY,463,1.0,2024-08-15,2026-07-16,sina_daily,qfq,VALID,A,26,0
2026-07-16,688187.SH,STAR,2021-09-07,False,False,0,READY,463,1.0,2024-08-15,2026-07-16,sina_daily,qfq,VALID,A,26,0
2026-07-16,688188.SH,STAR,2019-08-08,False,False,0,READY,463,1.0,2024-08-15,2026-07-16,sina_daily,qfq,VALID,A,26,0
2026-07-16,688189.SH,STAR,2020-03-26,True,False,0,READY,463,1.0,2024-08-15,2026-07-16,sina_daily,qfq,VALID,A,26,0
2026-07-16,688190.SH,STAR,2021-11-26,False,False,0,READY,463,1.0,2024-08-15,2026-07-16,sina_daily,qfq,VALID,A,26,0
2026-07-16,688191.SH,STAR,2021-04-08,False,False,0,READY,453,0.96,2024-08-15,2026-07-16,sina_daily,qfq,VALID,A,26,0
2026-07-16,688192.SH,STAR,2021-12-10,False,False,0,READY,463,1.0,2024-08-15,2026-07-16,sina_daily,qfq,VALID,A,26,0
2026-07-16,688193.SH,STAR,2022-03-30,False,False,0,READY,458,0.98,2024-08-15,2026-07-16,sina_daily,qfq,VALID,A,26,0
2026-07-16,688195.SH,STAR,2021-03-26,False,False,0,READY,453,1.0,2024-08-15,2026-07-16,sina_daily,qfq,VALID,A,26,0
2026-07-16,688196.SH,STAR,2019-11-21,False,False,0,READY,463,1.0,2024-08-15,2026-07-16,sina_daily,qfq,VALID,A,26,0
2026-07-16,688197.SH,STAR,2022-03-23,False,False,0,READY,463,1.0,2024-08-15,2026-07-16,sina_daily,qfq,VALID,A,26,0
2026-07-16,688198.SH,STAR,2019-12-09,False,False,0,READY,463,1.0,2024-08-15,2026-07-16,sina_daily,qfq,VALID,A,26,0
2026-07-16,688199.SH,STAR,2019-11-05,False,False,0,READY,463,1.0,2024-08-15,2026-07-16,sina_daily,qfq,VALID,A,26,0
2026-07-16,688200.SH,STAR,2020-02-18,False,False,0,READY,463,1.0,2024-08-15,2026-07-16,sina_daily,qfq,VALID,A,26,0
2026-07-16,688201.SH,STAR,2021-04-21,True,False,0,READY,462,0.996,2024-08-15,2026-07-16,sina_daily,qfq,VALID,A,26,0
2026-07-16,688202.SH,STAR,2019-11-05,False,False,0,READY,463,1.0,2024-08-15,2026-07-16,sina_daily,qfq,VALID,A,26,0
2026-07-16,688203.SH,STAR,2022-08-16,False,False,0,READY,463,1.0,2024-08-15,2026-07-16,sina_daily,qfq,VALID,A,26,0
2026-07-16,688205.SH,STAR,2022-08-09,False,False,0,READY,463,1.0,2024-08-15,2026-07-16,sina_daily,qfq,VALID,A,26,0
2026-07-16,688206.SH,STAR,2021-12-28,False,False,0,READY,453,1.0,2024-08-15,2026-07-16,sina_daily,qfq,VALID,A,26,0
2026-07-16,688207.SH,STAR,2022-03-17,False,False,0,READY,463,1.0,2024-08-15,2026-07-16,sina_daily,qfq,VALID,A,26,0
2026-07-16,688208.SH,STAR,2020-02-13,False,False,0,READY,463,1.0,2024-08-15,2026-07-16,sina_daily,qfq,VALID,A,26,0
2026-07-16,688209.SH,STAR,2022-04-19,False,False,0,READY,453,1.0,2024-08-15,2026-07-16,sina_daily,qfq,VALID,A,26,0
2026-07-16,688210.SH,STAR,2021-12-27,False,False,0,READY,463,1.0,2024-08-15,2026-07-16,sina_daily,qfq,VALID,A,26,0
2026-07-16,688211.SH,STAR,2021-10-26,False,False,0,READY,463,1.0,2024-08-15,2026-07-16,sina_daily,qfq,VALID,A,26,0
2026-07-16,688212.SH,STAR,2021-11-15,False,False,0,READY,463,1.0,2024-08-15,2026-07-16,sina_daily,qfq,VALID,A,26,0
2026-07-16,688213.SH,STAR,2022-05-20,False,False,0,READY,463,1.0,2024-08-15,2026-07-16,sina_daily,qfq,VALID,A,26,0
2026-07-16,688215.SH,STAR,2020-08-28,False,False,0,READY,463,1.0,2024-08-15,2026-07-16,sina_daily,qfq,VALID,A,26,0
2026-07-16,688216.SH,STAR,2021-06-23,False,False,0,READY,463,1.0,2024-08-15,2026-07-16,sina_daily,qfq,VALID,A,26,0
2026-07-16,688217.SH,STAR,2021-05-17,False,False,0,READY,463,1.0,2024-08-15,2026-07-16,sina_daily,qfq,VALID,A,26,0
2026-07-16,688218.SH,STAR,2019-12-11,False,False,0,READY,463,1.0,2024-08-15,2026-07-16,sina_daily,qfq,VALID,A,26,0
2026-07-16,688219.SH,STAR,2020-11-18,False,False,0,READY,463,1.0,2024-08-15,2026-07-16,sina_daily,qfq,VALID,A,26,0
2026-07-16,688220.SH,STAR,2022-01-14,False,False,0,READY,463,1.0,2024-08-15,2026-07-16,sina_daily,qfq,VALID,A,26,0
2026-07-16,688221.SH,STAR,2020-10-28,False,False,0,READY,463,1.0,2024-08-15,2026-07-16,sina_daily,qfq,VALID,A,26,0
2026-07-16,688222.SH,STAR,2020-04-16,False,False,0,READY,463,1.0,2024-08-15,2026-07-16,sina_daily,qfq,VALID,A,26,0
2026-07-16,688223.SH,STAR,2022-01-26,False,False,0,READY,463,1.0,2024-08-15,2026-07-16,sina_daily,qfq,VALID,A,26,0
2026-07-16,688225.SH,STAR,2022-02-09,False,False,0,READY,463,1.0,2024-08-15,2026-07-16,sina_daily,qfq,VALID,A,26,0
2026-07-16,688226.SH,STAR,2021-07-07,False,False,0,READY,463,1.0,2024-08-15,2026-07-16,sina_daily,qfq,VALID,A,26,0
2026-07-16,688227.SH,STAR,2021-12-30,False,False,0,READY,463,1.0,2024-08-15,2026-07-16,sina_daily,qfq,VALID,A,26,0
2026-07-16,688228.SH,STAR,2020-03-27,False,False,0,READY,453,0.96,2024-08-15,2026-07-16,sina_daily,qfq,VALID,A,26,0
2026-07-16,688229.SH,STAR,2020-08-17,False,False,0,READY,463,1.0,2024-08-15,2026-07-16,sina_daily,qfq,VALID,A,26,0
2026-07-16,688230.SH,STAR,2021-12-01,False,False,0,READY,463,1.0,2024-08-15,2026-07-16,sina_daily,qfq,VALID,A,26,0
2026-07-16,688231.SH,STAR,2022-07-22,False,False,0,READY,463,1.0,2024-08-15,2026-07-16,sina_daily,qfq,VALID,A,26,0
2026-07-16,688232.SH,STAR,2021-11-17,False,False,0,READY,463,1.0,2024-08-15,2026-07-16,sina_daily,qfq,VALID,A,26,0
2026-07-16,688233.SH,STAR,2020-02-21,False,False,0,READY,463,1.0,2024-08-15,2026-07-16,sina_daily,qfq,VALID,A,26,0
2026-07-16,688234.SH,STAR,2022-01-12,False,False,0,READY,463,1.0,2024-08-15,2026-07-16,sina_daily,qfq,VALID,A,26,0
2026-07-16,688235.SH,STAR,2021-12-15,False,False,0,READY,463,1.0,2024-08-15,2026-07-16,sina_daily,qfq,VALID,A,26,0
2026-07-16,688236.SH,STAR,2021-12-30,False,False,0,READY,463,1.0,2024-08-15,2026-07-16,sina_daily,qfq,VALID,A,26,0
2026-07-16,688237.SH,STAR,2022-07-01,False,False,1,READY,457,0.976,2024-08-15,2026-07-15,sina_daily,qfq,PARTIAL,B,26,0
2026-07-16,688238.SH,STAR,2022-03-22,False,False,0,READY,463,1.0,2024-08-15,2026-07-16,sina_daily,qfq,VALID,A,26,0
2026-07-16,688239.SH,STAR,2021-07-05,False,False,0,READY,463,1.0,2024-08-15,2026-07-16,sina_daily,qfq,VALID,A,26,0
2026-07-16,688244.SH,STAR,2022-10-19,False,False,0,READY,463,1.0,2024-08-15,2026-07-16,sina_daily,qfq,VALID,A,26,0
2026-07-16,688246.SH,STAR,2021-12-14,False,False,0,READY,463,1.0,2024-08-15,2026-07-16,sina_daily,qfq,VALID,A,26,0
2026-07-16,688247.SH,STAR,2022-08-25,False,False,0,READY,463,1.0,2024-08-15,2026-07-16,sina_daily,qfq,VALID,A,26,0
2026-07-16,688248.SH,STAR,2021-12-22,False,False,0,READY,463,1.0,2024-08-15,2026-07-16,sina_daily,qfq,VALID,A,26,0
2026-07-16,688249.SH,STAR,2023-05-05,False,False,0,READY,463,1.0,2024-08-15,2026-07-16,sina_daily,qfq,VALID,A,26,0
2026-07-16,688251.SH,STAR,2022-06-06,False,False,0,READY,463,1.0,2024-08-15,2026-07-16,sina_daily,qfq,VALID,A,26,0
2026-07-16,688252.SH,STAR,2022-09-27,False,False,0,READY,463,1.0,2024-08-15,2026-07-16,sina_daily,qfq,VALID,A,26,0
2026-07-16,688253.SH,STAR,2022-07-28,False,False,0,READY,463,1.0,2024-08-15,2026-07-16,sina_daily,qfq,VALID,A,26,0
2026-07-16,688255.SH,STAR,2021-10-25,False,False,0,READY,463,1.0,2024-08-15,2026-07-16,sina_daily,qfq,VALID,A,26,0
2026-07-16,688256.SH,STAR,2020-07-20,False,False,0,READY,463,1.0,2024-08-15,2026-07-16,sina_daily,qfq,VALID,A,26,0
2026-07-16,688257.SH,STAR,2021-10-27,False,False,0,READY,463,1.0,2024-08-15,2026-07-16,sina_daily,qfq,VALID,A,26,0
2026-07-16,688258.SH,STAR,2019-12-09,False,False,0,READY,463,1.0,2024-08-15,2026-07-16,sina_daily,qfq,VALID,A,26,0
2026-07-16,688259.SH,STAR,2022-01-12,False,False,0,READY,463,1.0,2024-08-15,2026-07-16,sina_daily,qfq,VALID,A,26,0
2026-07-16,688260.SH,STAR,2021-04-06,False,False,0,READY,460,0.988,2024-08-15,2026-07-16,sina_daily,qfq,VALID,A,26,0
2026-07-16,688261.SH,STAR,2022-02-10,False,False,0,READY,463,1.0,2024-08-15,2026-07-16,sina_daily,qfq,VALID,A,26,0
2026-07-16,688262.SH,STAR,2022-01-06,False,False,0,READY,463,1.0,2024-08-15,2026-07-16,sina_daily,qfq,VALID,A,26,0
2026-07-16,688265.SH,STAR,2021-12-28,False,False,0,READY,463,1.0,2024-08-15,2026-07-16,sina_daily,qfq,VALID,A,26,0
2026-07-16,688266.SH,STAR,2020-01-23,False,False,0,READY,463,1.0,2024-08-15,2026-07-16,sina_daily,qfq,VALID,A,26,0
2026-07-16,688267.SH,STAR,2022-02-16,False,False,0,READY,463,1.0,2024-08-15,2026-07-16,sina_daily,qfq,VALID,A,26,0
2026-07-16,688268.SH,STAR,2019-12-26,False,False,0,READY,463,1.0,2024-08-15,2026-07-16,sina_daily,qfq,VALID,A,26,0
2026-07-16,688269.SH,STAR,2021-06-09,False,False,0,READY,463,1.0,2024-08-15,2026-07-16,sina_daily,qfq,VALID,A,26,0
2026-07-16,688270.SH,STAR,2022-01-27,True,False,0,READY,462,0.996,2024-08-15,2026-07-16,sina_daily,qfq,VALID,A,26,0
2026-07-16,688271.SH,STAR,2022-08-22,False,False,0,READY,463,1.0,2024-08-15,2026-07-16,sina_daily,qfq,VALID,A,26,0
2026-07-16,688272.SH,STAR,2021-10-18,False,False,0,READY,463,1.0,2024-08-15,2026-07-16,sina_daily,qfq,VALID,A,26,0
2026-07-16,688273.SH,STAR,2022-08-11,False,False,0,READY,463,1.0,2024-08-15,2026-07-16,sina_daily,qfq,VALID,A,26,0
2026-07-16,688275.SH,STAR,2022-09-29,False,False,0,READY,463,1.0,2024-08-15,2026-07-16,sina_daily,qfq,VALID,A,26,0
2026-07-16,688276.SH,STAR,2021-06-25,False,False,0,READY,463,1.0,2024-08-15,2026-07-16,sina_daily,qfq,VALID,A,26,0
2026-07-16,688277.SH,STAR,2020-07-07,False,False,1,READY,462,0.996,2024-08-15,2026-07-15,sina_daily,qfq,PARTIAL,B,26,0
2026-07-16,688278.SH,STAR,2020-01-17,False,False,0,READY,463,1.0,2024-08-15,2026-07-16,sina_daily,qfq,VALID,A,26,0
2026-07-16,688279.SH,STAR,2022-04-20,False,False,0,READY,463,1.0,2024-08-15,2026-07-16,sina_daily,qfq,VALID,A,26,0
2026-07-16,688280.SH,STAR,2021-10-27,False,False,0,READY,463,1.0,2024-08-15,2026-07-16,sina_daily,qfq,VALID,A,26,0
2026-07-16,688281.SH,STAR,2022-03-07,False,False,0,READY,463,1.0,2024-08-15,2026-07-16,sina_daily,qfq,VALID,A,26,0
2026-07-16,688282.SH,STAR,2022-03-18,False,False,0,READY,462,1.0,2024-08-15,2026-07-16,sina_daily,qfq,VALID,A,26,0
2026-07-16,688283.SH,STAR,2022-02-15,False,False,0,READY,463,1.0,2024-08-15,2026-07-16,sina_daily,qfq,VALID,A,26,0
2026-07-16,688285.SH,STAR,2021-10-20,False,False,0,READY,463,1.0,2024-08-15,2026-07-16,sina_daily,qfq,VALID,A,26,0
2026-07-16,688286.SH,STAR,2020-08-10,False,False,0,READY,463,1.0,2024-08-15,2026-07-16,sina_daily,qfq,VALID,A,26,0
2026-07-16,688288.SH,STAR,2019-11-06,False,False,0,READY,463,1.0,2024-08-15,2026-07-16,sina_daily,qfq,VALID,A,26,0
2026-07-16,688289.SH,STAR,2020-08-28,False,False,0,READY,463,1.0,2024-08-15,2026-07-16,sina_daily,qfq,VALID,A,26,0
2026-07-16,688290.SH,STAR,2022-04-29,False,False,0,READY,463,1.0,2024-08-15,2026-07-16,sina_daily,qfq,VALID,A,26,0
2026-07-16,688291.SH,STAR,2022-10-26,False,False,0,READY,454,0.964,2024-08-15,2026-07-16,sina_daily,qfq,VALID,A,26,0
2026-07-16,688292.SH,STAR,2022-08-18,False,False,0,READY,463,1.0,2024-08-15,2026-07-16,sina_daily,qfq,VALID,A,26,0
2026-07-16,688293.SH,STAR,2022-09-02,False,False,0,READY,453,1.0,2024-08-15,2026-07-16,sina_daily,qfq,VALID,A,26,0
2026-07-16,688295.SH,STAR,2022-04-06,False,False,0,READY,463,1.0,2024-08-15,2026-07-16,sina_daily,qfq,VALID,A,26,0
2026-07-16,688296.SH,STAR,2021-07-27,False,False,0,READY,463,1.0,2024-08-15,2026-07-16,sina_daily,qfq,VALID,A,26,0
2026-07-16,688297.SH,STAR,2022-06-29,False,False,0,READY,463,1.0,2024-08-15,2026-07-16,sina_daily,qfq,VALID,A,26,0
2026-07-16,688298.SH,STAR,2020-02-05,False,False,0,READY,463,1.0,2024-08-15,2026-07-16,sina_daily,qfq,VALID,A,26,0
2026-07-16,688299.SH,STAR,2019-11-06,False,False,0,READY,463,1.0,2024-08-15,2026-07-16,sina_daily,qfq,VALID,A,26,0
2026-07-16,688300.SH,STAR,2019-11-15,False,False,0,READY,463,1.0,2024-08-15,2026-07-16,sina_daily,qfq,VALID,A,26,0
2026-07-16,688301.SH,STAR,2020-09-18,False,False,0,READY,463,1.0,2024-08-15,2026-07-16,sina_daily,qfq,VALID,A,26,0
2026-07-16,688302.SH,STAR,2022-04-12,False,False,0,READY,463,1.0,2024-08-15,2026-07-16,sina_daily,qfq,VALID,A,26,0
2026-07-16,688303.SH,STAR,2021-07-22,False,False,0,READY,463,1.0,2024-08-15,2026-07-16,sina_daily,qfq,VALID,A,26,0
2026-07-16,688305.SH,STAR,2021-07-09,False,False,0,READY,463,1.0,2024-08-15,2026-07-16,sina_daily,qfq,VALID,A,26,0
2026-07-16,688306.SH,STAR,2022-03-22,False,False,0,READY,463,1.0,2024-08-15,2026-07-16,sina_daily,qfq,VALID,A,26,0
2026-07-16,688307.SH,STAR,2023-02-16,False,False,0,READY,463,1.0,2024-08-15,2026-07-16,sina_daily,qfq,VALID,A,26,0
2026-07-16,688308.SH,STAR,2020-12-10,False,False,0,READY,463,1.0,2024-08-15,2026-07-16,sina_daily,qfq,VALID,A,26,0
2026-07-16,688309.SH,STAR,2020-07-14,False,False,0,READY,463,1.0,2024-08-15,2026-07-16,sina_daily,qfq,VALID,A,26,0
2026-07-16,688310.SH,STAR,2019-12-03,False,False,0,READY,463,1.0,2024-08-15,2026-07-16,sina_daily,qfq,VALID,A,26,0
2026-07-16,688311.SH,STAR,2020-07-31,False,False,0,READY,463,1.0,2024-08-15,2026-07-16,sina_daily,qfq,VALID,A,26,0
2026-07-16,688312.SH,STAR,2020-06-08,False,False,0,READY,463,1.0,2024-08-15,2026-07-16,sina_daily,qfq,VALID,A,26,0
2026-07-16,688313.SH,STAR,2020-08-12,False,False,0,READY,454,0.984,2024-08-15,2026-07-16,sina_daily,qfq,VALID,A,26,0
2026-07-16,688314.SH,STAR,2021-05-18,False,False,0,READY,463,1.0,2024-08-15,2026-07-16,sina_daily,qfq,VALID,A,26,0
2026-07-16,688315.SH,STAR,2021-04-13,False,False,0,READY,463,1.0,2024-08-15,2026-07-16,sina_daily,qfq,VALID,A,26,0
2026-07-16,688316.SH,STAR,2021-03-16,False,False,0,READY,463,1.0,2024-08-15,2026-07-16,sina_daily,qfq,VALID,A,26,0
2026-07-16,688317.SH,STAR,2021-01-18,False,False,0,READY,463,1.0,2024-08-15,2026-07-16,sina_daily,qfq,VALID,A,26,0
2026-07-16,688318.SH,STAR,2020-04-27,False,False,0,READY,463,1.0,2024-08-15,2026-07-16,sina_daily,qfq,VALID,A,26,0
2026-07-16,688319.SH,STAR,2021-06-08,False,False,0,READY,463,1.0,2024-08-15,2026-07-16,sina_daily,qfq,VALID,A,26,0
2026-07-16,688320.SH,STAR,2022-04-28,False,False,0,READY,463,1.0,2024-08-15,2026-07-16,sina_daily,qfq,VALID,A,26,0
2026-07-16,688321.SH,STAR,2019-08-12,False,False,0,READY,463,1.0,2024-08-15,2026-07-16,sina_daily,qfq,VALID,A,26,0
2026-07-16,688322.SH,STAR,2022-07-07,False,False,0,READY,463,1.0,2024-08-15,2026-07-16,sina_daily,qfq,VALID,A,26,0
2026-07-16,688323.SH,STAR,2021-04-28,False,False,0,READY,463,1.0,2024-08-15,2026-07-16,sina_daily,qfq,VALID,A,26,0
2026-07-16,688325.SH,STAR,2022-04-22,False,False,0,READY,463,1.0,2024-08-15,2026-07-16,sina_daily,qfq,VALID,A,26,0
2026-07-16,688326.SH,STAR,2022-04-19,False,False,0,READY,463,1.0,2024-08-15,2026-07-16,sina_daily,qfq,VALID,A,26,0
2026-07-16,688327.SH,STAR,2022-05-27,False,False,0,READY,463,1.0,2024-08-15,2026-07-16,sina_daily,qfq,VALID,A,26,0
2026-07-16,688328.SH,STAR,2021-03-09,False,False,0,READY,463,1.0,2024-08-15,2026-07-16,sina_daily,qfq,VALID,A,26,0
2026-07-16,688329.SH,STAR,2021-03-29,False,False,0,READY,463,1.0,2024-08-15,2026-07-16,sina_daily,qfq,VALID,A,26,0
2026-07-16,688330.SH,STAR,2020-10-15,False,False,0,READY,463,1.0,2024-08-15,2026-07-16,sina_daily,qfq,VALID,A,26,0
2026-07-16,688331.SH,STAR,2022-03-31,False,False,0,READY,463,1.0,2024-08-15,2026-07-16,sina_daily,qfq,VALID,A,26,0
2026-07-16,688332.SH,STAR,2022-07-15,False,False,0,READY,463,1.0,2024-08-15,2026-07-16,sina_daily,qfq,VALID,A,26,0
2026-07-16,688333.SH,STAR,2019-07-22,False,False,0,READY,463,1.0,2024-08-15,2026-07-16,sina_daily,qfq,VALID,A,26,0
2026-07-16,688334.SH,STAR,2023-06-19,False,False,0,READY,463,1.0,2024-08-15,2026-07-16,sina_daily,qfq,VALID,A,26,0
2026-07-16,688335.SH,STAR,2020-08-17,False,False,0,READY,463,1.0,2024-08-15,2026-07-16,sina_daily,qfq,VALID,A,26,0
2026-07-16,688336.SH,STAR,2020-07-22,False,False,0,READY,463,1.0,2024-08-15,2026-07-16,sina_daily,qfq,VALID,A,26,0
2026-07-16,688337.SH,STAR,2022-04-08,False,False,0,READY,463,1.0,2024-08-15,2026-07-16,sina_daily,qfq,VALID,A,26,0
2026-07-16,688338.SH,STAR,2020-08-06,False,False,0,READY,463,1.0,2024-08-15,2026-07-16,sina_daily,qfq,VALID,A,26,0
2026-07-16,688339.SH,STAR,2020-08-10,False,False,0,READY,453,1.0,2024-08-15,2026-07-16,sina_daily,qfq,VALID,A,26,0
2026-07-16,688343.SH,STAR,2023-04-04,False,False,0,READY,463,1.0,2024-08-15,2026-07-16,sina_daily,qfq,VALID,A,26,0
2026-07-16,688345.SH,STAR,2021-06-11,False,False,0,READY,463,1.0,2024-08-15,2026-07-16,sina_daily,qfq,VALID,A,26,0
2026-07-16,688347.SH,STAR,2023-08-07,False,False,0,READY,453,0.96,2024-08-15,2026-07-16,sina_daily,qfq,VALID,A,26,0
2026-07-16,688348.SH,STAR,2022-06-08,False,False,0,READY,463,1.0,2024-08-15,2026-07-16,sina_daily,qfq,VALID,A,26,0
2026-07-16,688349.SH,STAR,2022-06-22,False,False,0,READY,463,1.0,2024-08-15,2026-07-16,sina_daily,qfq,VALID,A,26,0
2026-07-16,688350.SH,STAR,2021-01-28,False,False,0,READY,458,1.0,2024-08-15,2026-07-16,sina_daily,qfq,VALID,A,26,0
2026-07-16,688351.SH,STAR,2022-08-31,False,False,0,READY,463,1.0,2024-08-15,2026-07-16,sina_daily,qfq,VALID,A,26,0
2026-07-16,688352.SH,STAR,2023-04-20,False,False,0,READY,463,1.0,2024-08-15,2026-07-16,sina_daily,qfq,VALID,A,26,0
2026-07-16,688353.SH,STAR,2022-07-13,False,False,0,READY,463,1.0,2024-08-15,2026-07-16,sina_daily,qfq,VALID,A,26,0
2026-07-16,688355.SH,STAR,2021-05-12,False,False,0,READY,463,1.0,2024-08-15,2026-07-16,sina_daily,qfq,VALID,A,26,0
2026-07-16,688356.SH,STAR,2020-08-26,False,False,0,READY,463,1.0,2024-08-15,2026-07-16,sina_daily,qfq,VALID,A,26,0
2026-07-16,688357.SH,STAR,2019-12-04,False,False,0,READY,463,1.0,2024-08-15,2026-07-16,sina_daily,qfq,VALID,A,26,0
2026-07-16,688358.SH,STAR,2019-12-03,False,False,0,READY,463,1.0,2024-08-15,2026-07-16,sina_daily,qfq,VALID,A,26,0
2026-07-16,688359.SH,STAR,2021-05-21,False,False,0,READY,463,1.0,2024-08-15,2026-07-16,sina_daily,qfq,VALID,A,26,0
2026-07-16,688360.SH,STAR,2020-06-02,False,False,0,READY,463,1.0,2024-08-15,2026-07-16,sina_daily,qfq,VALID,A,26,0
2026-07-16,688361.SH,STAR,2023-05-19,False,False,0,READY,463,1.0,2024-08-15,2026-07-16,sina_daily,qfq,VALID,A,26,0
2026-07-16,688362.SH,STAR,2022-11-16,False,False,0,READY,463,1.0,2024-08-15,2026-07-16,sina_daily,qfq,VALID,A,26,0
2026-07-16,688363.SH,STAR,2019-11-06,False,False,0,READY,463,1.0,2024-08-15,2026-07-16,sina_daily,qfq,VALID,A,26,0
2026-07-16,688365.SH,STAR,2020-04-29,False,False,0,READY,463,1.0,2024-08-15,2026-07-16,sina_daily,qfq,VALID,A,26,0
2026-07-16,688366.SH,STAR,2019-10-30,False,False,0,READY,463,1.0,2024-08-15,2026-07-16,sina_daily,qfq,VALID,A,26,0
2026-07-16,688367.SH,STAR,2021-06-28,False,False,0,READY,463,1.0,2024-08-15,2026-07-16,sina_daily,qfq,VALID,A,26,0
2026-07-16,688368.SH,STAR,2019-10-14,False,False,0,READY,453,1.0,2024-08-15,2026-07-16,sina_daily,qfq,VALID,A,26,0
2026-07-16,688369.SH,STAR,2019-10-31,False,False,0,READY,463,1.0,2024-08-15,2026-07-16,sina_daily,qfq,VALID,A,26,0
2026-07-16,688370.SH,STAR,2022-08-25,False,False,0,READY,463,1.0,2024-08-15,2026-07-16,sina_daily,qfq,VALID,A,26,0
2026-07-16,688371.SH,STAR,2022-08-02,False,False,0,READY,463,1.0,2024-08-15,2026-07-16,sina_daily,qfq,VALID,A,26,0
2026-07-16,688372.SH,STAR,2022-10-26,False,False,0,READY,463,1.0,2024-08-15,2026-07-16,sina_daily,qfq,VALID,A,26,0
2026-07-16,688373.SH,STAR,2022-08-05,False,False,0,READY,463,1.0,2024-08-15,2026-07-16,sina_daily,qfq,VALID,A,26,0
2026-07-16,688375.SH,STAR,2022-07-22,False,False,0,READY,463,1.0,2024-08-15,2026-07-16,sina_daily,qfq,VALID,A,26,0
2026-07-16,688376.SH,STAR,2022-11-18,False,False,0,READY,463,1.0,2024-08-15,2026-07-16,sina_daily,qfq,VALID,A,26,0
2026-07-16,688377.SH,STAR,2020-07-08,False,False,0,READY,463,1.0,2024-08-15,2026-07-16,sina_daily,qfq,VALID,A,26,0
2026-07-16,688378.SH,STAR,2020-09-03,False,False,0,READY,463,1.0,2024-08-15,2026-07-16,sina_daily,qfq,VALID,A,26,0
2026-07-16,688379.SH,STAR,2020-08-19,False,False,0,READY,463,1.0,2024-08-15,2026-07-16,sina_daily,qfq,VALID,A,26,0
2026-07-16,688380.SH,STAR,2022-08-05,False,False,0,READY,463,1.0,2024-08-15,2026-07-16,sina_daily,qfq,VALID,A,26,0
2026-07-16,688381.SH,STAR,2022-08-23,False,False,0,READY,453,0.96,2024-08-15,2026-07-16,sina_daily,qfq,VALID,A,26,0
2026-07-16,688382.SH,STAR,2022-07-25,False,False,0,READY,463,1.0,2024-08-15,2026-07-16,sina_daily,qfq,VALID,A,26,0
2026-07-16,688383.SH,STAR,2021-04-28,False,False,0,READY,463,1.0,2024-08-15,2026-07-16,sina_daily,qfq,VALID,A,26,0
2026-07-16,688385.SH,STAR,2021-08-04,False,False,0,READY,463,1.0,2024-08-15,2026-07-16,sina_daily,qfq,VALID,A,26,0
2026-07-16,688386.SH,STAR,2020-10-16,False,False,0,READY,463,1.0,2024-08-15,2026-07-16,sina_daily,qfq,VALID,A,26,0
2026-07-16,688387.SH,STAR,2022-09-26,False,False,0,READY,463,1.0,2024-08-15,2026-07-16,sina_daily,qfq,VALID,A,26,0
2026-07-16,688388.SH,STAR,2019-07-22,False,False,0,READY,463,1.0,2024-08-15,2026-07-16,sina_daily,qfq,VALID,A,26,0
2026-07-16,688389.SH,STAR,2019-11-05,False,False,0,READY,463,1.0,2024-08-15,2026-07-16,sina_daily,qfq,VALID,A,26,0
2026-07-16,688390.SH,STAR,2020-09-04,False,False,0,READY,463,1.0,2024-08-15,2026-07-16,sina_daily,qfq,VALID,A,26,0
2026-07-16,688391.SH,STAR,2022-09-13,False,False,0,READY,463,1.0,2024-08-15,2026-07-16,sina_daily,qfq,VALID,A,26,0
2026-07-16,688392.SH,STAR,2022-09-27,False,False,0,READY,463,1.0,2024-08-15,2026-07-16,sina_daily,qfq,VALID,A,26,0
2026-07-16,688393.SH,STAR,2020-08-20,False,False,0,READY,463,1.0,2024-08-15,2026-07-16,sina_daily,qfq,VALID,A,26,0
2026-07-16,688395.SH,STAR,2021-04-29,False,False,0,READY,463,1.0,2024-08-15,2026-07-16,sina_daily,qfq,VALID,A,26,0
2026-07-16,688396.SH,STAR,2020-02-27,False,False,0,READY,463,1.0,2024-08-15,2026-07-16,sina_daily,qfq,VALID,A,26,0
2026-07-16,688398.SH,STAR,2020-02-11,False,False,0,READY,463,1.0,2024-08-15,2026-07-16,sina_daily,qfq,VALID,A,26,0
2026-07-16,688399.SH,STAR,2019-12-05,False,False,0,READY,463,1.0,2024-08-15,2026-07-16,sina_daily,qfq,VALID,A,26,0
2026-07-16,688400.SH,STAR,2022-07-06,False,False,0,READY,463,1.0,2024-08-15,2026-07-16,sina_daily,qfq,VALID,A,26,0
2026-07-16,688401.SH,STAR,2022-08-17,False,False,0,READY,463,1.0,2024-08-15,2026-07-16,sina_daily,qfq,VALID,A,26,0
2026-07-16,688403.SH,STAR,2022-08-18,False,False,0,READY,463,1.0,2024-08-15,2026-07-16,sina_daily,qfq,VALID,A,26,0
2026-07-16,688408.SH,STAR,2020-08-28,False,False,0,READY,463,1.0,2024-08-15,2026-07-16,sina_daily,qfq,VALID,A,26,0
2026-07-16,688409.SH,STAR,2022-10-10,False,False,0,READY,463,1.0,2024-08-15,2026-07-16,sina_daily,qfq,VALID,A,26,0
2026-07-16,688410.SH,STAR,2022-12-26,False,False,0,READY,463,1.0,2024-08-15,2026-07-16,sina_daily,qfq,VALID,A,26,0
2026-07-16,688411.SH,STAR,2025-01-27,False,False,0,READY,354,1.0,2025-01-27,2026-07-16,sina_daily,qfq,VALID,A,26,0
2026-07-16,688416.SH,STAR,2022-08-29,False,False,0,READY,463,1.0,2024-08-15,2026-07-16,sina_daily,qfq,VALID,A,26,0
2026-07-16,688418.SH,STAR,2020-07-22,False,False,0,READY,463,1.0,2024-08-15,2026-07-16,sina_daily,qfq,VALID,A,26,0
2026-07-16,688419.SH,STAR,2022-11-07,False,False,0,READY,463,1.0,2024-08-15,2026-07-16,sina_daily,qfq,VALID,A,26,0
2026-07-16,688420.SH,STAR,2022-12-09,False,False,0,READY,463,1.0,2024-08-15,2026-07-16,sina_daily,qfq,VALID,A,26,0
2026-07-16,688425.SH,STAR,2021-06-22,False,False,0,READY,463,1.0,2024-08-15,2026-07-16,sina_daily,qfq,VALID,A,26,0
2026-07-16,688426.SH,STAR,2022-10-25,False,False,0,READY,463,1.0,2024-08-15,2026-07-16,sina_daily,qfq,VALID,A,26,0
2026-07-16,688428.SH,STAR,2022-09-21,False,False,0,READY,463,1.0,2024-08-15,2026-07-16,sina_daily,qfq,VALID,A,26,0
2026-07-16,688429.SH,STAR,2023-06-29,False,False,0,READY,463,1.0,2024-08-15,2026-07-16,sina_daily,qfq,VALID,A,26,0
2026-07-16,688432.SH,STAR,2022-11-10,False,False,0,READY,463,1.0,2024-08-15,2026-07-16,sina_daily,qfq,VALID,A,26,0
2026-07-16,688433.SH,STAR,2023-04-17,False,False,0,READY,463,1.0,2024-08-15,2026-07-16,sina_daily,qfq,VALID,A,26,0
2026-07-16,688435.SH,STAR,2023-01-19,False,False,0,READY,463,1.0,2024-08-15,2026-07-16,sina_daily,qfq,VALID,A,26,0
2026-07-16,688439.SH,STAR,2022-08-26,False,False,0,READY,463,1.0,2024-08-15,2026-07-16,sina_daily,qfq,VALID,A,26,0
2026-07-16,688443.SH,STAR,2023-06-20,False,False,0,READY,463,1.0,2024-08-15,2026-07-16,sina_daily,qfq,VALID,A,26,0
2026-07-16,688448.SH,STAR,2022-09-21,False,False,0,READY,463,1.0,2024-08-15,2026-07-16,sina_daily,qfq,VALID,A,26,0
2026-07-16,688449.SH,STAR,2024-11-29,False,False,0,READY,394,1.0,2024-11-29,2026-07-16,sina_daily,qfq,VALID,A,26,0
2026-07-16,688450.SH,STAR,2023-07-24,False,False,0,READY,463,1.0,2024-08-15,2026-07-16,sina_daily,qfq,VALID,A,26,0
2026-07-16,688455.SH,STAR,2022-09-15,False,False,0,READY,463,1.0,2024-08-15,2026-07-16,sina_daily,qfq,VALID,A,26,0
2026-07-16,688456.SH,STAR,2021-03-17,False,False,0,READY,463,1.0,2024-08-15,2026-07-16,sina_daily,qfq,VALID,A,26,0
2026-07-16,688458.SH,STAR,2023-05-22,False,False,0,READY,463,1.0,2024-08-15,2026-07-16,sina_daily,qfq,VALID,A,26,0
2026-07-16,688459.SH,STAR,2022-10-12,False,False,0,READY,463,1.0,2024-08-15,2026-07-16,sina_daily,qfq,VALID,A,26,0
2026-07-16,688466.SH,STAR,2020-05-08,False,False,0,READY,463,1.0,2024-08-15,2026-07-16,sina_daily,qfq,VALID,A,26,0
2026-07-16,688468.SH,STAR,2021-04-09,False,False,0,READY,463,1.0,2024-08-15,2026-07-16,sina_daily,qfq,VALID,A,26,0
2026-07-16,688469.SH,STAR,2023-05-10,False,False,0,READY,463,1.0,2024-08-15,2026-07-16,sina_daily,qfq,VALID,A,26,0
2026-07-16,688472.SH,STAR,2023-06-09,False,False,0,READY,463,1.0,2024-08-15,2026-07-16,sina_daily,qfq,VALID,A,26,0
2026-07-16,688475.SH,STAR,2022-12-28,False,False,0,READY,463,1.0,2024-08-15,2026-07-16,sina_daily,qfq,VALID,A,26,0
2026-07-16,688478.SH,STAR,2023-04-24,False,False,0,READY,453,0.96,2024-08-15,2026-07-16,sina_daily,qfq,VALID,A,26,0
2026-07-16,688479.SH,STAR,2023-05-11,False,False,0,READY,463,1.0,2024-08-15,2026-07-16,sina_daily,qfq,VALID,A,26,0
2026-07-16,688480.SH,STAR,2022-11-25,False,False,0,READY,463,1.0,2024-08-15,2026-07-16,sina_daily,qfq,VALID,A,26,0
2026-07-16,688484.SH,STAR,2023-04-07,False,False,0,READY,463,1.0,2024-08-15,2026-07-16,sina_daily,qfq,VALID,A,26,0
2026-07-16,688485.SH,STAR,2023-01-18,False,False,0,READY,463,1.0,2024-08-15,2026-07-16,sina_daily,qfq,VALID,A,26,0
2026-07-16,688486.SH,STAR,2023-02-21,False,False,0,READY,463,1.0,2024-08-15,2026-07-16,sina_daily,qfq,VALID,A,26,0
2026-07-16,688488.SH,STAR,2020-07-20,False,False,0,READY,463,1.0,2024-08-15,2026-07-16,sina_daily,qfq,VALID,A,26,0
2026-07-16,688489.SH,STAR,2022-12-02,False,False,0,READY,463,1.0,2024-08-15,2026-07-16,sina_daily,qfq,VALID,A,26,0
2026-07-16,688496.SH,STAR,2022-12-28,True,False,0,READY,461,0.992,2024-08-15,2026-07-16,sina_daily,qfq,VALID,A,26,0
2026-07-16,688498.SH,STAR,2022-12-21,False,False,0,READY,463,1.0,2024-08-15,2026-07-16,sina_daily,qfq,VALID,A,26,0
2026-07-16,688499.SH,STAR,2021-07-01,False,False,0,READY,463,1.0,2024-08-15,2026-07-16,sina_daily,qfq,VALID,A,26,0
2026-07-16,688500.SH,STAR,2020-07-16,False,False,0,READY,463,1.0,2024-08-15,2026-07-16,sina_daily,qfq,VALID,A,26,0
2026-07-16,688501.SH,STAR,2021-07-16,False,False,0,READY,463,1.0,2024-08-15,2026-07-16,sina_daily,qfq,VALID,A,26,0
2026-07-16,688502.SH,STAR,2023-03-09,False,False,0,READY,463,1.0,2024-08-15,2026-07-16,sina_daily,qfq,VALID,A,26,0
2026-07-16,688503.SH,STAR,2022-12-09,False,False,0,READY,463,1.0,2024-08-15,2026-07-16,sina_daily,qfq,VALID,A,26,0
2026-07-16,688505.SH,STAR,2020-06-19,False,False,0,READY,463,1.0,2024-08-15,2026-07-16,sina_daily,qfq,VALID,A,26,0
2026-07-16,688506.SH,STAR,2023-01-06,False,False,0,READY,463,1.0,2024-08-15,2026-07-16,sina_daily,qfq,VALID,A,26,0
2026-07-16,688507.SH,STAR,2023-04-18,False,False,0,READY,463,1.0,2024-08-15,2026-07-16,sina_daily,qfq,VALID,A,26,0
2026-07-16,688508.SH,STAR,2020-07-22,False,False,0,READY,463,1.0,2024-08-15,2026-07-16,sina_daily,qfq,VALID,A,26,0
2026-07-16,688509.SH,STAR,2021-07-30,False,False,0,READY,463,1.0,2024-08-15,2026-07-16,sina_daily,qfq,VALID,A,26,0
2026-07-16,688510.SH,STAR,2020-12-16,False,False,0,READY,463,1.0,2024-08-15,2026-07-16,sina_daily,qfq,VALID,A,26,0
2026-07-16,688511.SH,STAR,2021-07-30,False,False,0,READY,461,0.996,2024-08-15,2026-07-16,sina_daily,qfq,VALID,A,26,0
2026-07-16,688512.SH,STAR,2023-05-16,False,False,0,READY,463,1.0,2024-08-15,2026-07-16,sina_daily,qfq,VALID,A,26,0
2026-07-16,688513.SH,STAR,2020-09-02,False,False,0,READY,463,1.0,2024-08-15,2026-07-16,sina_daily,qfq,VALID,A,26,0
2026-07-16,688515.SH,STAR,2023-02-10,False,False,0,READY,463,1.0,2024-08-15,2026-07-16,sina_daily,qfq,VALID,A,26,0
2026-07-16,688516.SH,STAR,2020-05-21,False,False,0,READY,463,1.0,2024-08-15,2026-07-16,sina_daily,qfq,VALID,A,26,0
2026-07-16,688517.SH,STAR,2021-06-18,False,False,0,READY,463,1.0,2024-08-15,2026-07-16,sina_daily,qfq,VALID,A,26,0
2026-07-16,688518.SH,STAR,2020-06-22,False,False,0,READY,463,1.0,2024-08-15,2026-07-16,sina_daily,qfq,VALID,A,26,0
2026-07-16,688519.SH,STAR,2020-08-18,False,False,0,READY,463,1.0,2024-08-15,2026-07-16,sina_daily,qfq,VALID,A,26,0
2026-07-16,688520.SH,STAR,2020-06-22,False,False,0,READY,463,1.0,2024-08-15,2026-07-16,sina_daily,qfq,VALID,A,26,0
2026-07-16,688521.SH,STAR,2020-08-18,False,False,0,READY,453,0.96,2024-08-15,2026-07-16,sina_daily,qfq,VALID,A,26,0
2026-07-16,688522.SH,STAR,2023-03-01,False,False,0,READY,453,1.0,2024-08-15,2026-07-16,sina_daily,qfq,VALID,A,26,0
2026-07-16,688523.SH,STAR,2023-06-02,False,False,0,READY,463,1.0,2024-08-15,2026-07-16,sina_daily,qfq,VALID,A,26,0
2026-07-16,688525.SH,STAR,2022-12-30,False,False,0,READY,463,1.0,2024-08-15,2026-07-16,sina_daily,qfq,VALID,A,26,0
2026-07-16,688526.SH,STAR,2020-09-22,False,False,0,READY,463,1.0,2024-08-15,2026-07-16,sina_daily,qfq,VALID,A,26,0
2026-07-16,688528.SH,STAR,2020-07-01,False,False,0,READY,463,1.0,2024-08-15,2026-07-16,sina_daily,qfq,VALID,A,26,0
2026-07-16,688529.SH,STAR,2020-11-09,False,False,0,READY,463,1.0,2024-08-15,2026-07-16,sina_daily,qfq,VALID,A,26,0
2026-07-16,688530.SH,STAR,2024-05-09,False,False,0,READY,463,1.0,2024-08-15,2026-07-16,sina_daily,qfq,VALID,A,26,0
2026-07-16,688531.SH,STAR,2023-03-31,False,False,0,READY,453,0.96,2024-08-15,2026-07-16,sina_daily,qfq,VALID,A,26,0
2026-07-16,688533.SH,STAR,2021-04-19,False,False,0,READY,463,1.0,2024-08-15,2026-07-16,sina_daily,qfq,VALID,A,26,0
2026-07-16,688535.SH,STAR,2023-04-04,False,False,0,READY,453,1.0,2024-08-15,2026-07-16,sina_daily,qfq,VALID,A,26,0
2026-07-16,688536.SH,STAR,2020-09-21,False,False,0,READY,453,0.96,2024-08-15,2026-07-16,sina_daily,qfq,VALID,A,26,0
2026-07-16,688538.SH,STAR,2021-05-28,False,False,0,READY,463,1.0,2024-08-15,2026-07-16,sina_daily,qfq,VALID,A,26,0
2026-07-16,688539.SH,STAR,2023-04-18,False,False,0,READY,463,1.0,2024-08-15,2026-07-16,sina_daily,qfq,VALID,A,26,0
2026-07-16,688543.SH,STAR,2023-06-21,False,False,0,READY,463,1.0,2024-08-15,2026-07-16,sina_daily,qfq,VALID,A,26,0
2026-07-16,688545.SH,STAR,2025-01-22,False,False,0,READY,357,1.0,2025-01-22,2026-07-16,sina_daily,qfq,VALID,A,26,0
2026-07-16,688548.SH,STAR,2023-08-15,False,False,0,READY,463,1.0,2024-08-15,2026-07-16,sina_daily,qfq,VALID,A,26,0
2026-07-16,688549.SH,STAR,2023-09-08,False,False,0,READY,463,1.0,2024-08-15,2026-07-16,sina_daily,qfq,VALID,A,26,0
2026-07-16,688550.SH,STAR,2020-09-02,False,False,0,READY,463,1.0,2024-08-15,2026-07-16,sina_daily,qfq,VALID,A,26,0
2026-07-16,688551.SH,STAR,2020-09-10,False,False,0,READY,463,1.0,2024-08-15,2026-07-16,sina_daily,qfq,VALID,A,26,0
2026-07-16,688552.SH,STAR,2023-05-18,False,False,0,READY,463,1.0,2024-08-15,2026-07-16,sina_daily,qfq,VALID,A,26,0
2026-07-16,688553.SH,STAR,2021-10-26,False,False,0,READY,463,1.0,2024-08-15,2026-07-16,sina_daily,qfq,VALID,A,26,0
2026-07-16,688556.SH,STAR,2020-08-07,False,False,0,READY,463,1.0,2024-08-15,2026-07-16,sina_daily,qfq,VALID,A,26,0
2026-07-16,688557.SH,STAR,2020-12-02,False,False,0,READY,463,1.0,2024-08-15,2026-07-16,sina_daily,qfq,VALID,A,26,0
2026-07-16,688558.SH,STAR,2020-06-30,False,False,0,READY,463,1.0,2024-08-15,2026-07-16,sina_daily,qfq,VALID,A,26,0
2026-07-16,688559.SH,STAR,2020-09-09,False,False,0,READY,463,1.0,2024-08-15,2026-07-16,sina_daily,qfq,VALID,A,26,0
2026-07-16,688560.SH,STAR,2020-12-24,False,False,0,READY,463,1.0,2024-08-15,2026-07-16,sina_daily,qfq,VALID,A,26,0
2026-07-16,688561.SH,STAR,2020-07-22,False,False,0,READY,463,1.0,2024-08-15,2026-07-16,sina_daily,qfq,VALID,A,26,0
2026-07-16,688562.SH,STAR,2023-05-24,False,False,0,READY,463,1.0,2024-08-15,2026-07-16,sina_daily,qfq,VALID,A,26,0
2026-07-16,688563.SH,STAR,2023-07-19,False,False,0,READY,463,1.0,2024-08-15,2026-07-16,sina_daily,qfq,VALID,A,26,0
2026-07-16,688565.SH,STAR,2021-05-13,False,False,0,READY,463,1.0,2024-08-15,2026-07-16,sina_daily,qfq,VALID,A,26,0
2026-07-16,688566.SH,STAR,2020-05-18,False,False,0,READY,463,1.0,2024-08-15,2026-07-16,sina_daily,qfq,VALID,A,26,0
2026-07-16,688567.SH,STAR,2020-07-17,False,False,0,READY,461,1.0,2024-08-15,2026-07-16,sina_daily,qfq,VALID,A,26,0
2026-07-16,688568.SH,STAR,2020-07-08,False,False,0,READY,463,1.0,2024-08-15,2026-07-16,sina_daily,qfq,VALID,A,26,0
2026-07-16,688569.SH,STAR,2020-08-31,False,False,0,READY,463,1.0,2024-08-15,2026-07-16,sina_daily,qfq,VALID,A,26,0
2026-07-16,688570.SH,STAR,2023-06-05,False,False,0,READY,463,1.0,2024-08-15,2026-07-16,sina_daily,qfq,VALID,A,26,0
2026-07-16,688571.SH,STAR,2020-12-11,False,False,0,READY,463,1.0,2024-08-15,2026-07-16,sina_daily,qfq,VALID,A,26,0
2026-07-16,688573.SH,STAR,2023-08-17,False,False,0,READY,463,1.0,2024-08-15,2026-07-16,sina_daily,qfq,VALID,A,26,0
2026-07-16,688575.SH,STAR,2021-05-17,False,False,0,READY,463,1.0,2024-08-15,2026-07-16,sina_daily,qfq,VALID,A,26,0
2026-07-16,688576.SH,STAR,2023-06-06,False,False,0,READY,463,1.0,2024-08-15,2026-07-16,sina_daily,qfq,VALID,A,26,0
2026-07-16,688577.SH,STAR,2020-09-16,False,False,0,READY,463,1.0,2024-08-15,2026-07-16,sina_daily,qfq,VALID,A,26,0
2026-07-16,688578.SH,STAR,2020-12-02,False,False,0,READY,463,1.0,2024-08-15,2026-07-16,sina_daily,qfq,VALID,A,26,0
2026-07-16,688579.SH,STAR,2020-07-17,False,False,0,READY,463,1.0,2024-08-15,2026-07-16,sina_daily,qfq,VALID,A,26,0
2026-07-16,688580.SH,STAR,2020-07-21,False,False,0,READY,463,1.0,2024-08-15,2026-07-16,sina_daily,qfq,VALID,A,26,0
2026-07-16,688581.SH,STAR,2023-05-19,False,False,0,READY,463,1.0,2024-08-15,2026-07-16,sina_daily,qfq,VALID,A,26,0
2026-07-16,688582.SH,STAR,2023-06-30,False,False,0,READY,463,1.0,2024-08-15,2026-07-16,sina_daily,qfq,VALID,A,26,0
2026-07-16,688583.SH,STAR,2025-01-15,False,False,0,READY,362,1.0,2025-01-15,2026-07-16,sina_daily,qfq,VALID,A,26,0
2026-07-16,688584.SH,STAR,2024-02-08,False,False,0,READY,463,1.0,2024-08-15,2026-07-16,sina_daily,qfq,VALID,A,26,0
2026-07-16,688585.SH,STAR,2020-09-28,False,False,0,READY,449,0.956,2024-08-15,2026-07-16,sina_daily,qfq,VALID,A,26,0
2026-07-16,688586.SH,STAR,2020-07-31,False,False,0,READY,463,1.0,2024-08-15,2026-07-16,sina_daily,qfq,VALID,A,26,0
2026-07-16,688588.SH,STAR,2020-05-11,False,False,0,READY,453,0.96,2024-08-15,2026-07-16,sina_daily,qfq,VALID,A,26,0
2026-07-16,688589.SH,STAR,2020-07-22,False,False,0,READY,463,1.0,2024-08-15,2026-07-16,sina_daily,qfq,VALID,A,26,0
2026-07-16,688590.SH,STAR,2020-12-07,False,False,0,READY,463,1.0,2024-08-15,2026-07-16,sina_daily,qfq,VALID,A,26,0
2026-07-16,688591.SH,STAR,2023-08-25,False,False,0,READY,458,0.98,2024-08-15,2026-07-16,sina_daily,qfq,VALID,A,26,0
2026-07-16,688592.SH,STAR,2023-08-16,False,False,0,READY,463,1.0,2024-08-15,2026-07-16,sina_daily,qfq,VALID,A,26,0
2026-07-16,688593.SH,STAR,2023-06-01,False,False,0,READY,453,1.0,2024-08-15,2026-07-16,sina_daily,qfq,VALID,A,26,0
2026-07-16,688595.SH,STAR,2020-09-28,False,False,0,READY,463,1.0,2024-08-15,2026-07-16,sina_daily,qfq,VALID,A,26,0
2026-07-16,688596.SH,STAR,2020-08-20,False,False,0,READY,463,1.0,2024-08-15,2026-07-16,sina_daily,qfq,VALID,A,26,0
2026-07-16,688597.SH,STAR,2021-06-17,False,False,0,READY,463,1.0,2024-08-15,2026-07-16,sina_daily,qfq,VALID,A,26,0
2026-07-16,688598.SH,STAR,2020-05-18,False,False,0,READY,463,1.0,2024-08-15,2026-07-16,sina_daily,qfq,VALID,A,26,0
2026-07-16,688599.SH,STAR,2020-06-10,False,False,0,READY,463,1.0,2024-08-15,2026-07-16,sina_daily,qfq,VALID,A,26,0
2026-07-16,688600.SH,STAR,2020-07-03,False,False,0,READY,463,1.0,2024-08-15,2026-07-16,sina_daily,qfq,VALID,A,26,0
2026-07-16,688601.SH,STAR,2021-06-28,False,False,0,READY,463,1.0,2024-08-15,2026-07-16,sina_daily,qfq,VALID,A,26,0
2026-07-16,688602.SH,STAR,2023-07-20,False,False,0,READY,463,1.0,2024-08-15,2026-07-16,sina_daily,qfq,VALID,A,26,0
2026-07-16,688603.SH,STAR,2023-07-10,False,False,0,READY,463,1.0,2024-08-15,2026-07-16,sina_daily,qfq,VALID,A,26,0
2026-07-16,688605.SH,STAR,2024-12-12,False,False,0,READY,385,1.0,2024-12-12,2026-07-16,sina_daily,qfq,VALID,A,26,0
2026-07-16,688606.SH,STAR,2021-03-25,False,False,0,READY,463,1.0,2024-08-15,2026-07-16,sina_daily,qfq,VALID,A,26,0
2026-07-16,688607.SH,STAR,2021-02-01,False,False,0,READY,463,1.0,2024-08-15,2026-07-16,sina_daily,qfq,VALID,A,26,0
2026-07-16,688608.SH,STAR,2020-12-16,False,False,0,READY,463,1.0,2024-08-15,2026-07-16,sina_daily,qfq,VALID,A,26,0
2026-07-16,688609.SH,STAR,2021-03-23,False,False,0,READY,463,1.0,2024-08-15,2026-07-16,sina_daily,qfq,VALID,A,26,0
2026-07-16,688610.SH,STAR,2023-07-19,False,False,0,READY,463,1.0,2024-08-15,2026-07-16,sina_daily,qfq,VALID,A,26,0
2026-07-16,688611.SH,STAR,2021-04-12,False,False,0,READY,463,1.0,2024-08-15,2026-07-16,sina_daily,qfq,VALID,A,26,0
2026-07-16,688612.SH,STAR,2023-07-26,False,False,0,READY,463,1.0,2024-08-15,2026-07-16,sina_daily,qfq,VALID,A,26,0
2026-07-16,688613.SH,STAR,2021-05-21,False,False,0,READY,463,1.0,2024-08-15,2026-07-16,sina_daily,qfq,VALID,A,26,0
2026-07-16,688615.SH,STAR,2024-09-26,False,False,0,READY,435,1.0,2024-09-26,2026-07-16,sina_daily,qfq,VALID,A,26,0
2026-07-16,688616.SH,STAR,2021-03-18,False,False,0,READY,463,1.0,2024-08-15,2026-07-16,sina_daily,qfq,VALID,A,26,0
2026-07-16,688617.SH,STAR,2021-01-07,False,False,0,READY,463,1.0,2024-08-15,2026-07-16,sina_daily,qfq,VALID,A,26,0
2026-07-16,688618.SH,STAR,2020-12-30,False,False,0,READY,463,1.0,2024-08-15,2026-07-16,sina_daily,qfq,VALID,A,26,0
2026-07-16,688619.SH,STAR,2021-02-23,False,False,0,READY,463,1.0,2024-08-15,2026-07-16,sina_daily,qfq,VALID,A,26,0
2026-07-16,688620.SH,STAR,2023-06-27,False,False,0,READY,463,1.0,2024-08-15,2026-07-16,sina_daily,qfq,VALID,A,26,0
2026-07-16,688621.SH,STAR,2021-06-21,False,False,0,READY,454,1.0,2024-08-15,2026-07-16,sina_daily,qfq,VALID,A,26,0
2026-07-16,688622.SH,STAR,2021-09-13,True,False,0,READY,453,0.996,2024-08-15,2026-07-16,sina_daily,qfq,VALID,A,26,0
2026-07-16,688623.SH,STAR,2023-06-08,False,False,0,READY,463,1.0,2024-08-15,2026-07-16,sina_daily,qfq,VALID,A,26,0
2026-07-16,688625.SH,STAR,2021-06-07,False,False,0,READY,463,1.0,2024-08-15,2026-07-16,sina_daily,qfq,VALID,A,26,0
2026-07-16,688626.SH,STAR,2021-03-31,False,False,0,READY,463,1.0,2024-08-15,2026-07-16,sina_daily,qfq,VALID,A,26,0
2026-07-16,688627.SH,STAR,2023-07-18,False,False,0,READY,463,1.0,2024-08-15,2026-07-16,sina_daily,qfq,VALID,A,26,0
2026-07-16,688628.SH,STAR,2021-02-01,False,False,0,READY,463,1.0,2024-08-15,2026-07-16,sina_daily,qfq,VALID,A,26,0
2026-07-16,688629.SH,STAR,2023-06-27,False,False,0,READY,463,1.0,2024-08-15,2026-07-16,sina_daily,qfq,VALID,A,26,0
2026-07-16,688630.SH,STAR,2021-04-01,False,False,0,READY,463,1.0,2024-08-15,2026-07-16,sina_daily,qfq,VALID,A,26,0
2026-07-16,688631.SH,STAR,2023-06-28,False,False,0,READY,463,1.0,2024-08-15,2026-07-16,sina_daily,qfq,VALID,A,26,0
2026-07-16,688633.SH,STAR,2021-03-24,False,False,0,READY,463,1.0,2024-08-15,2026-07-16,sina_daily,qfq,VALID,A,26,0
2026-07-16,688635.SH,STAR,2026-05-27,False,False,0,READY,36,1.0,2026-05-27,2026-07-16,sina_daily,qfq,PARTIAL,B,7,19
2026-07-16,688636.SH,STAR,2021-04-08,False,False,0,READY,463,1.0,2024-08-15,2026-07-16,sina_daily,qfq,VALID,A,26,0
2026-07-16,688638.SH,STAR,2023-07-12,False,False,0,READY,463,1.0,2024-08-15,2026-07-16,sina_daily,qfq,VALID,A,26,0
2026-07-16,688639.SH,STAR,2021-04-22,False,False,0,READY,463,1.0,2024-08-15,2026-07-16,sina_daily,qfq,VALID,A,26,0
2026-07-16,688646.SH,STAR,2023-07-28,True,False,0,READY,462,1.0,2024-08-15,2026-07-16,sina_daily,qfq,VALID,A,26,0
2026-07-16,688648.SH,STAR,2023-11-13,False,False,0,READY,463,1.0,2024-08-15,2026-07-16,sina_daily,qfq,VALID,A,26,0
2026-07-16,688651.SH,STAR,2023-07-26,False,False,0,READY,463,1.0,2024-08-15,2026-07-16,sina_daily,qfq,VALID,A,26,0
2026-07-16,688652.SH,STAR,2023-11-29,False,False,0,READY,463,1.0,2024-08-15,2026-07-16,sina_daily,qfq,VALID,A,26,0
2026-07-16,688653.SH,STAR,2023-11-17,False,False,0,READY,463,1.0,2024-08-15,2026-07-16,sina_daily,qfq,VALID,A,26,0
2026-07-16,688655.SH,STAR,2021-05-11,False,False,0,READY,454,1.0,2024-08-15,2026-07-16,sina_daily,qfq,VALID,A,26,0
2026-07-16,688656.SH,STAR,2021-01-13,False,False,0,READY,454,1.0,2024-08-15,2026-07-16,sina_daily,qfq,VALID,A,26,0
2026-07-16,688657.SH,STAR,2023-10-10,False,False,0,READY,463,1.0,2024-08-15,2026-07-16,sina_daily,qfq,VALID,A,26,0
2026-07-16,688658.SH,STAR,2020-12-24,False,False,0,READY,463,1.0,2024-08-15,2026-07-16,sina_daily,qfq,VALID,A,26,0
2026-07-16,688659.SH,STAR,2021-03-31,False,False,0,READY,463,1.0,2024-08-15,2026-07-16,sina_daily,qfq,VALID,A,26,0
2026-07-16,688660.SH,STAR,2021-05-19,False,False,0,READY,463,1.0,2024-08-15,2026-07-16,sina_daily,qfq,VALID,A,26,0
2026-07-16,688661.SH,STAR,2021-03-29,False,False,0,READY,463,1.0,2024-08-15,2026-07-16,sina_daily,qfq,VALID,A,26,0
2026-07-16,688662.SH,STAR,2021-04-01,False,False,0,READY,463,1.0,2024-08-15,2026-07-16,sina_daily,qfq,VALID,A,26,0
2026-07-16,688663.SH,STAR,2021-04-13,False,False,0,READY,463,1.0,2024-08-15,2026-07-16,sina_daily,qfq,VALID,A,26,0
2026-07-16,688665.SH,STAR,2021-02-09,False,False,0,READY,463,1.0,2024-08-15,2026-07-16,sina_daily,qfq,VALID,A,26,0
2026-07-16,688667.SH,STAR,2021-03-12,False,False,0,READY,454,1.0,2024-08-15,2026-07-16,sina_daily,qfq,VALID,A,26,0
2026-07-16,688668.SH,STAR,2020-12-21,False,False,0,READY,463,1.0,2024-08-15,2026-07-16,sina_daily,qfq,VALID,A,26,0
2026-07-16,688669.SH,STAR,2021-01-25,False,False,0,READY,463,1.0,2024-08-15,2026-07-16,sina_daily,qfq,VALID,A,26,0
2026-07-16,688670.SH,STAR,2021-08-02,False,False,0,READY,463,1.0,2024-08-15,2026-07-16,sina_daily,qfq,VALID,A,26,0
2026-07-16,688671.SH,STAR,2023-08-09,False,False,0,READY,463,1.0,2024-08-15,2026-07-16,sina_daily,qfq,VALID,A,26,0
2026-07-16,688676.SH,STAR,2021-03-09,False,False,0,READY,463,1.0,2024-08-15,2026-07-16,sina_daily,qfq,VALID,A,26,0
2026-07-16,688677.SH,STAR,2021-02-26,False,False,0,READY,463,1.0,2024-08-15,2026-07-16,sina_daily,qfq,VALID,A,26,0
2026-07-16,688678.SH,STAR,2020-12-23,False,False,0,READY,463,1.0,2024-08-15,2026-07-16,sina_daily,qfq,VALID,A,26,0
2026-07-16,688679.SH,STAR,2020-12-25,False,False,0,READY,463,1.0,2024-08-15,2026-07-16,sina_daily,qfq,VALID,A,26,0
2026-07-16,688680.SH,STAR,2021-01-22,False,False,0,READY,463,1.0,2024-08-15,2026-07-16,sina_daily,qfq,VALID,A,26,0
2026-07-16,688681.SH,STAR,2021-06-16,False,False,0,READY,463,1.0,2024-08-15,2026-07-16,sina_daily,qfq,VALID,A,26,0
2026-07-16,688682.SH,STAR,2021-04-20,False,False,0,READY,463,1.0,2024-08-15,2026-07-16,sina_daily,qfq,VALID,A,26,0
2026-07-16,688683.SH,STAR,2021-04-12,False,False,0,READY,463,1.0,2024-08-15,2026-07-16,sina_daily,qfq,VALID,A,26,0
2026-07-16,688685.SH,STAR,2021-05-13,False,False,0,READY,463,1.0,2024-08-15,2026-07-16,sina_daily,qfq,VALID,A,26,0
2026-07-16,688686.SH,STAR,2020-12-31,False,False,0,READY,463,1.0,2024-08-15,2026-07-16,sina_daily,qfq,VALID,A,26,0
2026-07-16,688687.SH,STAR,2021-02-08,False,False,0,READY,463,1.0,2024-08-15,2026-07-16,sina_daily,qfq,VALID,A,26,0
2026-07-16,688689.SH,STAR,2021-01-27,False,False,0,READY,453,0.96,2024-08-15,2026-07-16,sina_daily,qfq,VALID,A,26,0
2026-07-16,688690.SH,STAR,2021-06-23,False,False,0,READY,463,1.0,2024-08-15,2026-07-16,sina_daily,qfq,VALID,A,26,0
2026-07-16,688691.SH,STAR,2024-04-11,False,False,0,READY,463,1.0,2024-08-15,2026-07-16,sina_daily,qfq,VALID,A,26,0
2026-07-16,688692.SH,STAR,2024-06-12,False,False,0,READY,463,1.0,2024-08-15,2026-07-16,sina_daily,qfq,VALID,A,26,0
2026-07-16,688693.SH,STAR,2023-08-18,False,False,0,READY,454,0.964,2024-08-15,2026-07-16,sina_daily,qfq,VALID,A,26,0
2026-07-16,688695.SH,STAR,2024-03-13,False,False,0,READY,463,1.0,2024-08-15,2026-07-16,sina_daily,qfq,VALID,A,26,0
2026-07-16,688696.SH,STAR,2021-03-03,False,False,0,READY,463,1.0,2024-08-15,2026-07-16,sina_daily,qfq,VALID,A,26,0
2026-07-16,688697.SH,STAR,2021-09-17,False,False,0,READY,463,1.0,2024-08-15,2026-07-16,sina_daily,qfq,VALID,A,26,0
2026-07-16,688698.SH,STAR,2020-12-29,False,False,0,READY,463,1.0,2024-08-15,2026-07-16,sina_daily,qfq,VALID,A,26,0
2026-07-16,688699.SH,STAR,2020-12-18,False,False,0,READY,463,1.0,2024-08-15,2026-07-16,sina_daily,qfq,VALID,A,26,0
2026-07-16,688700.SH,STAR,2021-06-15,False,False,0,READY,463,1.0,2024-08-15,2026-07-16,sina_daily,qfq,VALID,A,26,0
2026-07-16,688701.SH,STAR,2021-09-16,False,False,0,READY,463,1.0,2024-08-15,2026-07-16,sina_daily,qfq,VALID,A,26,0
2026-07-16,688702.SH,STAR,2023-09-14,False,False,0,READY,463,1.0,2024-08-15,2026-07-16,sina_daily,qfq,VALID,A,26,0
2026-07-16,688707.SH,STAR,2021-09-14,False,False,0,READY,463,1.0,2024-08-15,2026-07-16,sina_daily,qfq,VALID,A,26,0
2026-07-16,688708.SH,STAR,2024-12-05,False,False,0,READY,390,1.0,2024-12-05,2026-07-16,sina_daily,qfq,VALID,A,26,0
2026-07-16,688709.SH,STAR,2024-02-07,False,False,0,READY,463,1.0,2024-08-15,2026-07-16,sina_daily,qfq,VALID,A,26,0
2026-07-16,688710.SH,STAR,2024-09-03,False,False,0,READY,450,1.0,2024-09-03,2026-07-16,sina_daily,qfq,VALID,A,26,0
2026-07-16,688711.SH,STAR,2021-09-01,False,False,0,READY,463,1.0,2024-08-15,2026-07-16,sina_daily,qfq,VALID,A,26,0
2026-07-16,688712.SH,STAR,2026-02-05,False,False,0,READY,105,1.0,2026-02-05,2026-07-16,sina_daily,qfq,PARTIAL,B,20,6
2026-07-16,688716.SH,STAR,2023-09-20,False,False,0,READY,463,1.0,2024-08-15,2026-07-16,sina_daily,qfq,VALID,A,26,0
2026-07-16,688717.SH,STAR,2024-01-03,False,False,0,READY,463,1.0,2024-08-15,2026-07-16,sina_daily,qfq,VALID,A,26,0
2026-07-16,688718.SH,STAR,2021-07-28,False,False,0,READY,463,1.0,2024-08-15,2026-07-16,sina_daily,qfq,VALID,A,26,0
2026-07-16,688719.SH,STAR,2023-09-28,False,False,0,READY,463,1.0,2024-08-15,2026-07-16,sina_daily,qfq,VALID,A,26,0
2026-07-16,688720.SH,STAR,2023-12-06,False,False,0,READY,453,1.0,2024-08-15,2026-07-16,sina_daily,qfq,VALID,A,26,0
2026-07-16,688721.SH,STAR,2024-08-06,False,False,0,READY,463,1.0,2024-08-15,2026-07-16,sina_daily,qfq,VALID,A,26,0
2026-07-16,688722.SH,STAR,2021-10-19,False,False,0,READY,463,1.0,2024-08-15,2026-07-16,sina_daily,qfq,VALID,A,26,0
2026-07-16,688726.SH,STAR,2024-10-29,False,False,0,READY,417,1.0,2024-10-29,2026-07-16,sina_daily,qfq,VALID,A,26,0
2026-07-16,688727.SH,STAR,2025-11-18,False,False,0,READY,160,1.0,2025-11-18,2026-07-16,sina_daily,qfq,PARTIAL,B,24,2
2026-07-16,688728.SH,STAR,2021-08-18,False,False,0,READY,463,1.0,2024-08-15,2026-07-16,sina_daily,qfq,VALID,A,26,0
2026-07-16,688729.SH,STAR,2025-07-08,False,False,0,READY,249,1.0,2025-07-08,2026-07-16,sina_daily,qfq,PARTIAL,B,24,2
2026-07-16,688733.SH,STAR,2021-08-17,False,False,0,READY,463,1.0,2024-08-15,2026-07-16,sina_daily,qfq,VALID,A,26,0
2026-07-16,688737.SH,STAR,2021-10-22,False,False,0,READY,463,1.0,2024-08-15,2026-07-16,sina_daily,qfq,VALID,A,26,0
2026-07-16,688739.SH,STAR,2021-10-28,False,False,0,READY,460,1.0,2024-08-15,2026-07-16,sina_daily,qfq,VALID,A,26,0
2026-07-16,688750.SH,STAR,2024-11-20,False,False,0,READY,401,1.0,2024-11-20,2026-07-16,sina_daily,qfq,VALID,A,26,0
2026-07-16,688755.SH,STAR,2025-05-16,False,False,0,READY,285,1.0,2025-05-16,2026-07-16,sina_daily,qfq,VALID,A,26,0
2026-07-16,688757.SH,STAR,2025-03-25,False,False,0,READY,319,1.0,2025-03-25,2026-07-16,sina_daily,qfq,VALID,A,26,0
2026-07-16,688758.SH,STAR,2025-01-10,False,False,0,READY,365,1.0,2025-01-10,2026-07-16,sina_daily,qfq,VALID,A,26,0
2026-07-16,688759.SH,STAR,2025-10-28,False,False,0,READY,175,1.0,2025-10-28,2026-07-16,sina_daily,qfq,PARTIAL,B,24,2
2026-07-16,688765.SH,STAR,2025-10-28,False,False,0,READY,175,1.0,2025-10-28,2026-07-16,sina_daily,qfq,PARTIAL,B,24,2
2026-07-16,688766.SH,STAR,2021-08-23,False,False,0,READY,453,0.96,2024-08-15,2026-07-16,sina_daily,qfq,VALID,A,26,0
2026-07-16,688767.SH,STAR,2021-09-08,False,False,0,READY,463,1.0,2024-08-15,2026-07-16,sina_daily,qfq,VALID,A,26,0
2026-07-16,688768.SH,STAR,2021-07-26,False,False,0,READY,463,1.0,2024-08-15,2026-07-16,sina_daily,qfq,VALID,A,26,0
2026-07-16,688772.SH,STAR,2021-10-15,False,False,0,READY,463,1.0,2024-08-15,2026-07-16,sina_daily,qfq,VALID,A,26,0
2026-07-16,688775.SH,STAR,2025-06-11,False,False,0,READY,268,1.0,2025-06-11,2026-07-16,sina_daily,qfq,VALID,A,26,0
2026-07-16,688776.SH,STAR,2021-08-31,False,False,0,READY,463,1.0,2024-08-15,2026-07-16,sina_daily,qfq,VALID,A,26,0
2026-07-16,688777.SH,STAR,2020-11-24,False,False,0,READY,463,1.0,2024-08-15,2026-07-16,sina_daily,qfq,VALID,A,26,0
2026-07-16,688778.SH,STAR,2021-08-05,False,False,0,READY,463,1.0,2024-08-15,2026-07-16,sina_daily,qfq,VALID,A,26,0
2026-07-16,688779.SH,STAR,2021-08-11,False,False,0,READY,463,1.0,2024-08-15,2026-07-16,sina_daily,qfq,VALID,A,26,0
2026-07-16,688781.SH,STAR,2026-03-25,False,False,0,READY,77,1.0,2026-03-25,2026-07-16,sina_daily,qfq,PARTIAL,B,17,9
2026-07-16,688783.SH,STAR,2025-10-28,False,False,0,READY,175,1.0,2025-10-28,2026-07-16,sina_daily,qfq,PARTIAL,B,24,2
2026-07-16,688785.SH,STAR,2026-01-28,False,False,0,READY,111,1.0,2026-01-28,2026-07-16,sina_daily,qfq,PARTIAL,B,20,6
2026-07-16,688786.SH,STAR,2021-08-26,False,False,0,READY,463,1.0,2024-08-15,2026-07-16,sina_daily,qfq,VALID,A,26,0
2026-07-16,688787.SH,STAR,2021-08-13,False,False,0,READY,463,1.0,2024-08-15,2026-07-16,sina_daily,qfq,VALID,A,26,0
2026-07-16,688788.SH,STAR,2020-10-22,False,False,0,READY,463,1.0,2024-08-15,2026-07-16,sina_daily,qfq,VALID,A,26,0
2026-07-16,688789.SH,STAR,2021-07-08,False,False,0,READY,463,1.0,2024-08-15,2026-07-16,sina_daily,qfq,VALID,A,26,0
2026-07-16,688790.SH,STAR,2025-12-16,False,False,0,READY,140,1.0,2025-12-16,2026-07-16,sina_daily,qfq,PARTIAL,B,24,2
2026-07-16,688793.SH,STAR,2021-07-15,False,False,0,READY,463,1.0,2024-08-15,2026-07-16,sina_daily,qfq,VALID,A,26,0
2026-07-16,688795.SH,STAR,2025-12-05,False,False,0,READY,147,1.0,2025-12-05,2026-07-16,sina_daily,qfq,PARTIAL,B,24,2
2026-07-16,688796.SH,STAR,2025-12-10,False,False,0,READY,144,1.0,2025-12-10,2026-07-16,sina_daily,qfq,PARTIAL,B,24,2
2026-07-16,688797.SH,STAR,2026-06-24,False,False,0,READY,17,1.0,2026-06-24,2026-07-16,sina_daily,qfq,PARTIAL,B,6,20
2026-07-16,688798.SH,STAR,2021-08-16,False,False,0,READY,463,1.0,2024-08-15,2026-07-16,sina_daily,qfq,VALID,A,26,0
2026-07-16,688799.SH,STAR,2021-07-13,False,False,0,READY,463,1.0,2024-08-15,2026-07-16,sina_daily,qfq,VALID,A,26,0
2026-07-16,688800.SH,STAR,2021-07-22,False,False,0,READY,463,1.0,2024-08-15,2026-07-16,sina_daily,qfq,VALID,A,26,0
2026-07-16,688802.SH,STAR,2025-12-17,False,False,0,READY,139,1.0,2025-12-17,2026-07-16,sina_daily,qfq,PARTIAL,B,24,2
2026-07-16,688805.SH,STAR,2025-12-24,False,False,0,READY,134,1.0,2025-12-24,2026-07-16,sina_daily,qfq,PARTIAL,B,24,2
2026-07-16,688807.SH,STAR,2025-12-19,False,False,0,READY,137,1.0,2025-12-19,2026-07-16,sina_daily,qfq,PARTIAL,B,24,2
2026-07-16,688808.SH,STAR,2026-04-24,False,False,0,READY,56,1.0,2026-04-24,2026-07-16,sina_daily,qfq,PARTIAL,B,16,10
2026-07-16,688809.SH,STAR,2025-12-30,False,False,0,READY,130,1.0,2025-12-30,2026-07-16,sina_daily,qfq,PARTIAL,B,24,2
2026-07-16,688811.SH,STAR,2026-04-10,False,False,0,READY,66,1.0,2026-04-10,2026-07-16,sina_daily,qfq,PARTIAL,B,17,9
2026-07-16,688813.SH,STAR,2026-03-31,False,False,0,READY,73,1.0,2026-03-31,2026-07-16,sina_daily,qfq,PARTIAL,B,17,9
2026-07-16,688816.SH,STAR,2026-02-11,False,False,0,READY,101,1.0,2026-02-11,2026-07-16,sina_daily,qfq,PARTIAL,B,20,6
2026-07-16,688818.SH,STAR,2026-02-10,False,False,0,READY,102,1.0,2026-02-10,2026-07-16,sina_daily,qfq,PARTIAL,B,20,6
2026-07-16,688819.SH,STAR,2021-01-18,False,False,0,READY,463,1.0,2024-08-15,2026-07-16,sina_daily,qfq,VALID,A,26,0
2026-07-16,688820.SH,STAR,2026-04-21,False,False,0,READY,59,1.0,2026-04-21,2026-07-16,sina_daily,qfq,PARTIAL,B,16,10
2026-07-16,688981.SH,STAR,2020-07-16,False,False,0,READY,457,0.976,2024-08-15,2026-07-16,sina_daily,qfq,VALID,A,26,0
2026-07-16,689009.SH,STAR,2020-10-29,False,True,1,QUARANTINED,0,,,,sina_daily,,BLOCKED,D,0,26
2026-07-16,000001.SZ,SZ_MAIN,1991-04-03,False,False,0,READY,463,1.0,2024-08-15,2026-07-16,sina_daily,qfq,VALID,A,26,0
2026-07-16,000002.SZ,SZ_MAIN,1991-01-29,False,False,0,READY,463,1.0,2024-08-15,2026-07-16,sina_daily,qfq,VALID,A,26,0
2026-07-16,000006.SZ,SZ_MAIN,1992-04-27,False,False,0,READY,463,1.0,2024-08-15,2026-07-16,sina_daily,qfq,VALID,A,26,0
2026-07-16,000007.SZ,SZ_MAIN,1992-04-13,False,False,0,READY,463,1.0,2024-08-15,2026-07-16,sina_daily,qfq,VALID,A,26,0
2026-07-16,000008.SZ,SZ_MAIN,1992-05-07,False,False,0,READY,458,0.98,2024-08-15,2026-07-16,sina_daily,qfq,VALID,A,26,0
2026-07-16,000009.SZ,SZ_MAIN,1991-06-25,False,False,0,READY,463,1.0,2024-08-15,2026-07-16,sina_daily,qfq,VALID,A,26,0
2026-07-16,000010.SZ,SZ_MAIN,1995-10-27,True,False,0,READY,462,0.996,2024-08-15,2026-07-16,sina_daily,qfq,VALID,A,26,0
2026-07-16,000011.SZ,SZ_MAIN,1992-03-30,False,False,0,READY,463,1.0,2024-08-15,2026-07-16,sina_daily,qfq,VALID,A,26,0
2026-07-16,000012.SZ,SZ_MAIN,1992-02-28,False,False,0,READY,463,1.0,2024-08-15,2026-07-16,sina_daily,qfq,VALID,A,26,0
2026-07-16,000014.SZ,SZ_MAIN,1992-06-02,False,False,0,READY,463,1.0,2024-08-15,2026-07-16,sina_daily,qfq,VALID,A,26,0
2026-07-16,000016.SZ,SZ_MAIN,1992-03-27,True,False,0,READY,452,0.996,2024-08-15,2026-07-16,sina_daily,qfq,VALID,A,26,0
2026-07-16,000017.SZ,SZ_MAIN,1992-03-31,False,False,0,READY,463,1.0,2024-08-15,2026-07-16,sina_daily,qfq,VALID,A,26,0
2026-07-16,000019.SZ,SZ_MAIN,1992-10-12,False,False,0,READY,463,1.0,2024-08-15,2026-07-16,sina_daily,qfq,VALID,A,26,0
2026-07-16,000020.SZ,SZ_MAIN,1992-04-28,False,False,0,READY,463,1.0,2024-08-15,2026-07-16,sina_daily,qfq,VALID,A,26,0
2026-07-16,000021.SZ,SZ_MAIN,1994-02-02,False,False,0,READY,463,1.0,2024-08-15,2026-07-16,sina_daily,qfq,VALID,A,26,0
2026-07-16,000025.SZ,SZ_MAIN,1993-06-21,False,False,0,READY,463,1.0,2024-08-15,2026-07-16,sina_daily,qfq,VALID,A,26,0
2026-07-16,000026.SZ,SZ_MAIN,1993-06-03,False,False,0,READY,463,1.0,2024-08-15,2026-07-16,sina_daily,qfq,VALID,A,26,0
2026-07-16,000027.SZ,SZ_MAIN,1993-09-03,False,False,0,READY,463,1.0,2024-08-15,2026-07-16,sina_daily,qfq,VALID,A,26,0
2026-07-16,000028.SZ,SZ_MAIN,1993-08-09,False,False,0,READY,463,1.0,2024-08-15,2026-07-16,sina_daily,qfq,VALID,A,26,0
2026-07-16,000029.SZ,SZ_MAIN,1993-09-15,False,False,0,READY,463,1.0,2024-08-15,2026-07-16,sina_daily,qfq,VALID,A,26,0
2026-07-16,000030.SZ,SZ_MAIN,1993-09-29,False,False,0,READY,463,1.0,2024-08-15,2026-07-16,sina_daily,qfq,VALID,A,26,0
2026-07-16,000031.SZ,SZ_MAIN,1993-10-08,False,False,0,READY,463,1.0,2024-08-15,2026-07-16,sina_daily,qfq,VALID,A,26,0
2026-07-16,000032.SZ,SZ_MAIN,1993-10-28,False,False,0,READY,463,1.0,2024-08-15,2026-07-16,sina_daily,qfq,VALID,A,26,0
2026-07-16,000034.SZ,SZ_MAIN,1994-05-09,False,False,0,READY,463,1.0,2024-08-15,2026-07-16,sina_daily,qfq,VALID,A,26,0
2026-07-16,000035.SZ,SZ_MAIN,1994-04-08,False,False,0,READY,463,1.0,2024-08-15,2026-07-16,sina_daily,qfq,VALID,A,26,0
2026-07-16,000036.SZ,SZ_MAIN,1994-06-17,False,False,0,READY,463,1.0,2024-08-15,2026-07-16,sina_daily,qfq,VALID,A,26,0
2026-07-16,000037.SZ,SZ_MAIN,1994-07-01,False,False,0,READY,463,1.0,2024-08-15,2026-07-16,sina_daily,qfq,VALID,A,26,0
2026-07-16,000039.SZ,SZ_MAIN,1994-04-08,False,False,0,READY,463,1.0,2024-08-15,2026-07-16,sina_daily,qfq,VALID,A,26,0
2026-07-16,000042.SZ,SZ_MAIN,1994-09-21,False,False,0,READY,463,1.0,2024-08-15,2026-07-16,sina_daily,qfq,VALID,A,26,0
2026-07-16,000045.SZ,SZ_MAIN,1994-08-15,False,False,0,READY,463,1.0,2024-08-15,2026-07-16,sina_daily,qfq,VALID,A,26,0
2026-07-16,000048.SZ,SZ_MAIN,1994-11-01,False,False,0,READY,463,1.0,2024-08-15,2026-07-16,sina_daily,qfq,VALID,A,26,0
2026-07-16,000049.SZ,SZ_MAIN,1995-03-20,False,False,0,READY,463,1.0,2024-08-15,2026-07-16,sina_daily,qfq,VALID,A,26,0
2026-07-16,000050.SZ,SZ_MAIN,1995-03-15,False,False,0,READY,463,1.0,2024-08-15,2026-07-16,sina_daily,qfq,VALID,A,26,0
2026-07-16,000055.SZ,SZ_MAIN,1996-04-15,False,False,0,READY,463,1.0,2024-08-15,2026-07-16,sina_daily,qfq,VALID,A,26,0
2026-07-16,000056.SZ,SZ_MAIN,1996-07-08,True,False,0,READY,462,0.996,2024-08-15,2026-07-16,sina_daily,qfq,VALID,A,26,0
2026-07-16,000058.SZ,SZ_MAIN,1996-12-26,False,False,0,READY,463,1.0,2024-08-15,2026-07-16,sina_daily,qfq,VALID,A,26,0
2026-07-16,000059.SZ,SZ_MAIN,1997-01-30,False,False,0,READY,463,1.0,2024-08-15,2026-07-16,sina_daily,qfq,VALID,A,26,0
2026-07-16,000060.SZ,SZ_MAIN,1997-01-23,False,False,0,READY,463,1.0,2024-08-15,2026-07-16,sina_daily,qfq,VALID,A,26,0
2026-07-16,000061.SZ,SZ_MAIN,1997-01-10,False,False,0,READY,463,1.0,2024-08-15,2026-07-16,sina_daily,qfq,VALID,A,26,0
2026-07-16,000062.SZ,SZ_MAIN,1997-01-30,False,False,0,READY,463,1.0,2024-08-15,2026-07-16,sina_daily,qfq,VALID,A,26,0
2026-07-16,000063.SZ,SZ_MAIN,1997-11-18,False,False,0,READY,463,1.0,2024-08-15,2026-07-16,sina_daily,qfq,VALID,A,26,0
2026-07-16,000065.SZ,SZ_MAIN,1998-06-05,False,False,0,READY,463,1.0,2024-08-15,2026-07-16,sina_daily,qfq,VALID,A,26,0
2026-07-16,000066.SZ,SZ_MAIN,1997-06-26,False,False,0,READY,463,1.0,2024-08-15,2026-07-16,sina_daily,qfq,VALID,A,26,0
2026-07-16,000068.SZ,SZ_MAIN,1997-06-11,False,False,0,READY,463,1.0,2024-08-15,2026-07-16,sina_daily,qfq,VALID,A,26,0
2026-07-16,000069.SZ,SZ_MAIN,1997-09-10,False,False,0,READY,463,1.0,2024-08-15,2026-07-16,sina_daily,qfq,VALID,A,26,0
2026-07-16,000070.SZ,SZ_MAIN,2000-05-11,False,False,0,READY,462,0.996,2024-08-15,2026-07-16,sina_daily,qfq,VALID,A,26,0
2026-07-16,000078.SZ,SZ_MAIN,1998-12-18,True,False,0,READY,462,0.996,2024-08-15,2026-07-16,sina_daily,qfq,VALID,A,26,0
2026-07-16,000088.SZ,SZ_MAIN,1997-07-28,False,False,0,READY,463,1.0,2024-08-15,2026-07-16,sina_daily,qfq,VALID,A,26,0
2026-07-16,000089.SZ,SZ_MAIN,1998-04-20,False,False,0,READY,463,1.0,2024-08-15,2026-07-16,sina_daily,qfq,VALID,A,26,0
2026-07-16,000090.SZ,SZ_MAIN,1999-07-21,False,False,0,READY,463,1.0,2024-08-15,2026-07-16,sina_daily,qfq,VALID,A,26,0
2026-07-16,000096.SZ,SZ_MAIN,2000-07-24,False,False,0,READY,463,1.0,2024-08-15,2026-07-16,sina_daily,qfq,VALID,A,26,0
2026-07-16,000099.SZ,SZ_MAIN,2000-07-31,False,False,0,READY,463,1.0,2024-08-15,2026-07-16,sina_daily,qfq,VALID,A,26,0
2026-07-16,000100.SZ,SZ_MAIN,2004-01-30,False,False,0,READY,463,1.0,2024-08-15,2026-07-16,sina_daily,qfq,VALID,A,26,0
2026-07-16,000151.SZ,SZ_MAIN,2000-09-06,False,False,0,READY,455,1.0,2024-08-15,2026-07-16,sina_daily,qfq,VALID,A,26,0
2026-07-16,000153.SZ,SZ_MAIN,2000-09-20,False,False,0,READY,463,1.0,2024-08-15,2026-07-16,sina_daily,qfq,VALID,A,26,0
2026-07-16,000155.SZ,SZ_MAIN,2000-09-26,False,False,0,READY,463,1.0,2024-08-15,2026-07-16,sina_daily,qfq,VALID,A,26,0
2026-07-16,000156.SZ,SZ_MAIN,2000-09-06,False,False,0,READY,463,1.0,2024-08-15,2026-07-16,sina_daily,qfq,VALID,A,26,0
2026-07-16,000157.SZ,SZ_MAIN,2000-10-12,False,False,0,READY,463,1.0,2024-08-15,2026-07-16,sina_daily,qfq,VALID,A,26,0
2026-07-16,000158.SZ,SZ_MAIN,2000-07-24,False,False,0,READY,463,1.0,2024-08-15,2026-07-16,sina_daily,qfq,VALID,A,26,0
2026-07-16,000159.SZ,SZ_MAIN,2000-09-26,False,False,0,READY,463,1.0,2024-08-15,2026-07-16,sina_daily,qfq,VALID,A,26,0
2026-07-16,000166.SZ,SZ_MAIN,2015-01-26,False,False,0,READY,463,1.0,2024-08-15,2026-07-16,sina_daily,qfq,VALID,A,26,0
2026-07-16,000301.SZ,SZ_MAIN,2000-05-29,False,False,0,READY,463,1.0,2024-08-15,2026-07-16,sina_daily,qfq,VALID,A,26,0
2026-07-16,000333.SZ,SZ_MAIN,2013-09-18,False,False,0,READY,463,1.0,2024-08-15,2026-07-16,sina_daily,qfq,VALID,A,26,0
2026-07-16,000338.SZ,SZ_MAIN,2007-04-30,False,False,0,READY,463,1.0,2024-08-15,2026-07-16,sina_daily,qfq,VALID,A,26,0
2026-07-16,000400.SZ,SZ_MAIN,1997-04-18,False,False,0,READY,463,1.0,2024-08-15,2026-07-16,sina_daily,qfq,VALID,A,26,0
2026-07-16,000401.SZ,SZ_MAIN,1996-06-14,False,False,0,READY,463,1.0,2024-08-15,2026-07-16,sina_daily,qfq,VALID,A,26,0
2026-07-16,000402.SZ,SZ_MAIN,1996-06-26,False,False,0,READY,463,1.0,2024-08-15,2026-07-16,sina_daily,qfq,VALID,A,26,0
2026-07-16,000403.SZ,SZ_MAIN,1996-06-28,False,False,0,READY,461,1.0,2024-08-15,2026-07-16,sina_daily,qfq,VALID,A,26,0
2026-07-16,000404.SZ,SZ_MAIN,1996-06-19,False,False,0,READY,463,1.0,2024-08-15,2026-07-16,sina_daily,qfq,VALID,A,26,0
2026-07-16,000407.SZ,SZ_MAIN,1996-07-03,False,False,0,READY,453,0.96,2024-08-15,2026-07-16,sina_daily,qfq,VALID,A,26,0
2026-07-16,000408.SZ,SZ_MAIN,1996-06-28,False,False,0,READY,458,1.0,2024-08-15,2026-07-16,sina_daily,qfq,VALID,A,26,0
2026-07-16,000409.SZ,SZ_MAIN,1996-06-27,False,False,0,READY,463,1.0,2024-08-15,2026-07-16,sina_daily,qfq,VALID,A,26,0
2026-07-16,000410.SZ,SZ_MAIN,1996-07-18,False,False,0,READY,463,1.0,2024-08-15,2026-07-16,sina_daily,qfq,VALID,A,26,0
2026-07-16,000411.SZ,SZ_MAIN,1996-07-16,False,False,0,READY,463,1.0,2024-08-15,2026-07-16,sina_daily,qfq,VALID,A,26,0
2026-07-16,000415.SZ,SZ_MAIN,1996-07-16,False,False,0,READY,463,1.0,2024-08-15,2026-07-16,sina_daily,qfq,VALID,A,26,0
2026-07-16,000417.SZ,SZ_MAIN,1996-08-12,False,False,0,READY,463,1.0,2024-08-15,2026-07-16,sina_daily,qfq,VALID,A,26,0
2026-07-16,000419.SZ,SZ_MAIN,1996-08-16,False,False,0,READY,463,1.0,2024-08-15,2026-07-16,sina_daily,qfq,VALID,A,26,0
2026-07-16,000420.SZ,SZ_MAIN,1996-08-02,False,False,0,READY,463,1.0,2024-08-15,2026-07-16,sina_daily,qfq,VALID,A,26,0
2026-07-16,000421.SZ,SZ_MAIN,1996-08-06,False,False,0,READY,453,1.0,2024-08-15,2026-07-16,sina_daily,qfq,VALID,A,26,0
2026-07-16,000422.SZ,SZ_MAIN,1996-08-15,False,False,0,READY,463,1.0,2024-08-15,2026-07-16,sina_daily,qfq,VALID,A,26,0
2026-07-16,000423.SZ,SZ_MAIN,1996-07-29,False,False,0,READY,463,1.0,2024-08-15,2026-07-16,sina_daily,qfq,VALID,A,26,0
2026-07-16,000425.SZ,SZ_MAIN,1996-08-28,False,False,0,READY,463,1.0,2024-08-15,2026-07-16,sina_daily,qfq,VALID,A,26,0
2026-07-16,000426.SZ,SZ_MAIN,1996-08-28,False,False,0,READY,463,1.0,2024-08-15,2026-07-16,sina_daily,qfq,VALID,A,26,0
2026-07-16,000428.SZ,SZ_MAIN,1996-08-08,False,False,0,READY,463,1.0,2024-08-15,2026-07-16,sina_daily,qfq,VALID,A,26,0
2026-07-16,000429.SZ,SZ_MAIN,1998-02-20,False,False,0,READY,463,1.0,2024-08-15,2026-07-16,sina_daily,qfq,VALID,A,26,0
2026-07-16,000430.SZ,SZ_MAIN,1996-08-29,False,False,0,READY,458,0.984,2024-08-15,2026-07-16,sina_daily,qfq,VALID,A,26,0
2026-07-16,000488.SZ,SZ_MAIN,2000-11-20,True,False,0,READY,462,1.0,2024-08-15,2026-07-16,sina_daily,qfq,VALID,A,26,0
2026-07-16,000498.SZ,SZ_MAIN,1997-06-09,False,False,0,READY,463,1.0,2024-08-15,2026-07-16,sina_daily,qfq,VALID,A,26,0
2026-07-16,000501.SZ,SZ_MAIN,1992-11-20,False,False,0,READY,463,1.0,2024-08-15,2026-07-16,sina_daily,qfq,VALID,A,26,0
2026-07-16,000503.SZ,SZ_MAIN,1992-11-30,False,False,0,READY,463,1.0,2024-08-15,2026-07-16,sina_daily,qfq,VALID,A,26,0
2026-07-16,000504.SZ,SZ_MAIN,1992-12-08,False,False,0,READY,461,0.996,2024-08-15,2026-07-16,sina_daily,qfq,VALID,A,26,0
2026-07-16,000505.SZ,SZ_MAIN,1992-12-21,False,False,0,READY,463,1.0,2024-08-15,2026-07-16,sina_daily,qfq,VALID,A,26,0
2026-07-16,000506.SZ,SZ_MAIN,1993-03-12,False,False,0,READY,457,1.0,2024-08-15,2026-07-16,sina_daily,qfq,VALID,A,26,0
2026-07-16,000507.SZ,SZ_MAIN,1993-03-26,False,False,0,READY,463,1.0,2024-08-15,2026-07-16,sina_daily,qfq,VALID,A,26,0
2026-07-16,000509.SZ,SZ_MAIN,1993-05-07,False,False,0,READY,463,1.0,2024-08-15,2026-07-16,sina_daily,qfq,VALID,A,26,0
2026-07-16,000510.SZ,SZ_MAIN,1993-05-07,False,False,0,READY,463,1.0,2024-08-15,2026-07-16,sina_daily,qfq,VALID,A,26,0
2026-07-16,000513.SZ,SZ_MAIN,1993-10-28,False,False,0,READY,463,1.0,2024-08-15,2026-07-16,sina_daily,qfq,VALID,A,26,0
2026-07-16,000514.SZ,SZ_MAIN,1993-07-12,False,False,0,READY,463,1.0,2024-08-15,2026-07-16,sina_daily,qfq,VALID,A,26,0
2026-07-16,000516.SZ,SZ_MAIN,1993-08-09,False,False,0,READY,463,1.0,2024-08-15,2026-07-16,sina_daily,qfq,VALID,A,26,0
2026-07-16,000517.SZ,SZ_MAIN,1993-08-06,False,False,0,READY,463,1.0,2024-08-15,2026-07-16,sina_daily,qfq,VALID,A,26,0
2026-07-16,000518.SZ,SZ_MAIN,1993-09-08,False,False,0,READY,461,0.996,2024-08-15,2026-07-16,sina_daily,qfq,VALID,A,26,0
2026-07-16,000519.SZ,SZ_MAIN,1993-10-08,False,False,0,READY,463,1.0,2024-08-15,2026-07-16,sina_daily,qfq,VALID,A,26,0
2026-07-16,000520.SZ,SZ_MAIN,1993-10-25,False,False,0,READY,463,1.0,2024-08-15,2026-07-16,sina_daily,qfq,VALID,A,26,0
2026-07-16,000521.SZ,SZ_MAIN,1993-10-18,False,False,0,READY,463,1.0,2024-08-15,2026-07-16,sina_daily,qfq,VALID,A,26,0
2026-07-16,000523.SZ,SZ_MAIN,1993-11-08,False,False,0,READY,463,1.0,2024-08-15,2026-07-16,sina_daily,qfq,VALID,A,26,0
2026-07-16,000524.SZ,SZ_MAIN,1993-11-18,False,False,0,READY,453,0.96,2024-08-15,2026-07-16,sina_daily,qfq,VALID,A,26,0
2026-07-16,000525.SZ,SZ_MAIN,1993-10-28,False,False,0,READY,436,1.0,2024-08-15,2026-07-16,sina_daily,qfq,VALID,A,26,0
2026-07-16,000526.SZ,SZ_MAIN,1993-11-01,False,False,0,READY,463,1.0,2024-08-15,2026-07-16,sina_daily,qfq,VALID,A,26,0
2026-07-16,000528.SZ,SZ_MAIN,1993-11-18,False,False,0,READY,463,1.0,2024-08-15,2026-07-16,sina_daily,qfq,VALID,A,26,0
2026-07-16,000529.SZ,SZ_MAIN,1993-11-18,False,False,0,READY,463,1.0,2024-08-15,2026-07-16,sina_daily,qfq,VALID,A,26,0
2026-07-16,000530.SZ,SZ_MAIN,1993-12-08,False,False,0,READY,463,1.0,2024-08-15,2026-07-16,sina_daily,qfq,VALID,A,26,0
2026-07-16,000531.SZ,SZ_MAIN,1994-01-06,False,False,0,READY,463,1.0,2024-08-15,2026-07-16,sina_daily,qfq,VALID,A,26,0
2026-07-16,000532.SZ,SZ_MAIN,1994-01-03,False,False,0,READY,463,1.0,2024-08-15,2026-07-16,sina_daily,qfq,VALID,A,26,0
2026-07-16,000533.SZ,SZ_MAIN,1994-01-03,False,False,0,READY,463,1.0,2024-08-15,2026-07-16,sina_daily,qfq,VALID,A,26,0
2026-07-16,000534.SZ,SZ_MAIN,1994-01-10,False,False,0,READY,463,1.0,2024-08-15,2026-07-16,sina_daily,qfq,VALID,A,26,0
2026-07-16,000536.SZ,SZ_MAIN,1993-11-26,False,False,0,READY,463,1.0,2024-08-15,2026-07-16,sina_daily,qfq,VALID,A,26,0
2026-07-16,000537.SZ,SZ_MAIN,1993-12-10,False,False,0,READY,463,1.0,2024-08-15,2026-07-16,sina_daily,qfq,VALID,A,26,0
2026-07-16,000538.SZ,SZ_MAIN,1993-12-15,False,False,0,READY,463,1.0,2024-08-15,2026-07-16,sina_daily,qfq,VALID,A,26,0
2026-07-16,000539.SZ,SZ_MAIN,1993-11-26,False,False,0,READY,463,1.0,2024-08-15,2026-07-16,sina_daily,qfq,VALID,A,26,0
2026-07-16,000541.SZ,SZ_MAIN,1993-11-23,False,False,0,READY,463,1.0,2024-08-15,2026-07-16,sina_daily,qfq,VALID,A,26,0
2026-07-16,000543.SZ,SZ_MAIN,1993-12-20,False,False,0,READY,463,1.0,2024-08-15,2026-07-16,sina_daily,qfq,VALID,A,26,0
2026-07-16,000544.SZ,SZ_MAIN,1993-12-08,False,False,0,READY,463,1.0,2024-08-15,2026-07-16,sina_daily,qfq,VALID,A,26,0
2026-07-16,000545.SZ,SZ_MAIN,1993-12-15,False,False,0,READY,453,0.976,2024-08-15,2026-07-16,sina_daily,qfq,VALID,A,26,0
2026-07-16,000546.SZ,SZ_MAIN,1993-12-15,False,False,0,READY,463,1.0,2024-08-15,2026-07-16,sina_daily,qfq,VALID,A,26,0
2026-07-16,000547.SZ,SZ_MAIN,1993-11-30,False,False,0,READY,463,1.0,2024-08-15,2026-07-16,sina_daily,qfq,VALID,A,26,0
2026-07-16,000548.SZ,SZ_MAIN,1993-12-20,False,False,0,READY,463,1.0,2024-08-15,2026-07-16,sina_daily,qfq,VALID,A,26,0
2026-07-16,000550.SZ,SZ_MAIN,1993-12-01,False,False,0,READY,463,1.0,2024-08-15,2026-07-16,sina_daily,qfq,VALID,A,26,0
2026-07-16,000551.SZ,SZ_MAIN,1994-01-06,False,False,0,READY,463,1.0,2024-08-15,2026-07-16,sina_daily,qfq,VALID,A,26,0
2026-07-16,000552.SZ,SZ_MAIN,1994-01-06,False,False,0,READY,453,0.96,2024-08-15,2026-07-16,sina_daily,qfq,VALID,A,26,0
2026-07-16,000553.SZ,SZ_MAIN,1993-12-03,False,False,0,READY,463,1.0,2024-08-15,2026-07-16,sina_daily,qfq,VALID,A,26,0
2026-07-16,000554.SZ,SZ_MAIN,1993-12-15,False,False,0,READY,463,1.0,2024-08-15,2026-07-16,sina_daily,qfq,VALID,A,26,0
2026-07-16,000555.SZ,SZ_MAIN,1994-04-08,False,False,0,READY,463,1.0,2024-08-15,2026-07-16,sina_daily,qfq,VALID,A,26,0
2026-07-16,000557.SZ,SZ_MAIN,1994-06-17,False,False,0,READY,463,1.0,2024-08-15,2026-07-16,sina_daily,qfq,VALID,A,26,0
2026-07-16,000558.SZ,SZ_MAIN,1994-05-09,False,False,0,READY,463,1.0,2024-08-15,2026-07-16,sina_daily,qfq,VALID,A,26,0
2026-07-16,000559.SZ,SZ_MAIN,1994-01-10,False,False,0,READY,463,1.0,2024-08-15,2026-07-16,sina_daily,qfq,VALID,A,26,0
2026-07-16,000560.SZ,SZ_MAIN,1994-02-02,False,False,0,READY,463,1.0,2024-08-15,2026-07-16,sina_daily,qfq,VALID,A,26,0
2026-07-16,000561.SZ,SZ_MAIN,1994-05-09,False,False,0,READY,463,1.0,2024-08-15,2026-07-16,sina_daily,qfq,VALID,A,26,0
2026-07-16,000563.SZ,SZ_MAIN,1994-01-10,False,False,0,READY,463,1.0,2024-08-15,2026-07-16,sina_daily,qfq,VALID,A,26,0
2026-07-16,000564.SZ,SZ_MAIN,1994-01-10,False,False,0,READY,463,1.0,2024-08-15,2026-07-16,sina_daily,qfq,VALID,A,26,0
2026-07-16,000565.SZ,SZ_MAIN,1994-04-08,False,False,0,READY,463,1.0,2024-08-15,2026-07-16,sina_daily,qfq,VALID,A,26,0
2026-07-16,000566.SZ,SZ_MAIN,1994-05-25,False,False,0,READY,463,1.0,2024-08-15,2026-07-16,sina_daily,qfq,VALID,A,26,0
2026-07-16,000567.SZ,SZ_MAIN,1994-05-25,False,False,0,READY,463,1.0,2024-08-15,2026-07-16,sina_daily,qfq,VALID,A,26,0
2026-07-16,000568.SZ,SZ_MAIN,1994-05-09,False,False,0,READY,463,1.0,2024-08-15,2026-07-16,sina_daily,qfq,VALID,A,26,0
2026-07-16,000570.SZ,SZ_MAIN,1994-07-01,False,False,0,READY,463,1.0,2024-08-15,2026-07-16,sina_daily,qfq,VALID,A,26,0
2026-07-16,000571.SZ,SZ_MAIN,1994-05-25,False,False,0,READY,463,1.0,2024-08-15,2026-07-16,sina_daily,qfq,VALID,A,26,0
2026-07-16,000572.SZ,SZ_MAIN,1994-08-08,False,False,0,READY,463,1.0,2024-08-15,2026-07-16,sina_daily,qfq,VALID,A,26,0
2026-07-16,000573.SZ,SZ_MAIN,1994-08-15,False,False,0,READY,463,1.0,2024-08-15,2026-07-16,sina_daily,qfq,VALID,A,26,0
2026-07-16,000576.SZ,SZ_MAIN,1994-09-07,False,False,0,READY,463,1.0,2024-08-15,2026-07-16,sina_daily,qfq,VALID,A,26,0
2026-07-16,000581.SZ,SZ_MAIN,1998-09-24,False,False,0,READY,463,1.0,2024-08-15,2026-07-16,sina_daily,qfq,VALID,A,26,0
2026-07-16,000582.SZ,SZ_MAIN,1995-11-02,False,False,0,READY,463,1.0,2024-08-15,2026-07-16,sina_daily,qfq,VALID,A,26,0
2026-07-16,000586.SZ,SZ_MAIN,1995-12-20,False,False,0,READY,458,0.98,2024-08-15,2026-07-16,sina_daily,qfq,VALID,A,26,0
2026-07-16,000589.SZ,SZ_MAIN,1996-03-08,False,False,0,READY,463,1.0,2024-08-15,2026-07-16,sina_daily,qfq,VALID,A,26,0
2026-07-16,000590.SZ,SZ_MAIN,1996-01-19,False,False,0,READY,463,1.0,2024-08-15,2026-07-16,sina_daily,qfq,VALID,A,26,0
2026-07-16,000591.SZ,SZ_MAIN,1996-02-08,False,False,0,READY,463,1.0,2024-08-15,2026-07-16,sina_daily,qfq,VALID,A,26,0
2026-07-16,000592.SZ,SZ_MAIN,1996-03-27,False,False,0,READY,460,0.988,2024-08-15,2026-07-16,sina_daily,qfq,VALID,A,26,0
2026-07-16,000593.SZ,SZ_MAIN,1996-03-12,False,False,0,READY,461,0.992,2024-08-15,2026-07-16,sina_daily,qfq,VALID,A,26,0
2026-07-16,000595.SZ,SZ_MAIN,1996-04-19,False,False,0,READY,461,0.996,2024-08-15,2026-07-16,sina_daily,qfq,VALID,A,26,0
2026-07-16,000596.SZ,SZ_MAIN,1996-09-27,False,False,0,READY,463,1.0,2024-08-15,2026-07-16,sina_daily,qfq,VALID,A,26,0
2026-07-16,000597.SZ,SZ_MAIN,1996-05-23,False,False,0,READY,463,1.0,2024-08-15,2026-07-16,sina_daily,qfq,VALID,A,26,0
2026-07-16,000598.SZ,SZ_MAIN,1996-05-29,False,False,0,READY,463,1.0,2024-08-15,2026-07-16,sina_daily,qfq,VALID,A,26,0
2026-07-16,000599.SZ,SZ_MAIN,1996-04-30,False,False,0,READY,463,1.0,2024-08-15,2026-07-16,sina_daily,qfq,VALID,A,26,0
2026-07-16,000600.SZ,SZ_MAIN,1996-06-06,False,False,0,READY,463,1.0,2024-08-15,2026-07-16,sina_daily,qfq,VALID,A,26,0
2026-07-16,000601.SZ,SZ_MAIN,1996-08-30,False,False,0,READY,463,1.0,2024-08-15,2026-07-16,sina_daily,qfq,VALID,A,26,0
2026-07-16,000603.SZ,SZ_MAIN,1996-08-23,False,False,0,READY,455,1.0,2024-08-15,2026-07-16,sina_daily,qfq,VALID,A,26,0
2026-07-16,000605.SZ,SZ_MAIN,1996-09-13,False,False,0,READY,463,1.0,2024-08-15,2026-07-16,sina_daily,qfq,VALID,A,26,0
2026-07-16,000607.SZ,SZ_MAIN,1996-08-30,False,False,0,READY,463,1.0,2024-08-15,2026-07-16,sina_daily,qfq,VALID,A,26,0
2026-07-16,000608.SZ,SZ_MAIN,1996-09-19,False,False,0,READY,456,0.976,2024-08-15,2026-07-16,sina_daily,qfq,VALID,A,26,0
2026-07-16,000609.SZ,SZ_MAIN,1996-10-10,True,False,0,READY,458,0.984,2024-08-15,2026-07-16,sina_daily,qfq,VALID,A,26,0
2026-07-16,000610.SZ,SZ_MAIN,1996-09-26,True,False,0,READY,462,0.996,2024-08-15,2026-07-16,sina_daily,qfq,VALID,A,26,0
2026-07-16,000612.SZ,SZ_MAIN,1996-09-26,False,False,0,READY,453,1.0,2024-08-15,2026-07-16,sina_daily,qfq,VALID,A,26,0
2026-07-16,000615.SZ,SZ_MAIN,1996-10-16,True,False,0,READY,461,0.996,2024-08-15,2026-07-16,sina_daily,qfq,VALID,A,26,0
2026-07-16,000617.SZ,SZ_MAIN,1996-10-22,False,False,0,READY,463,1.0,2024-08-15,2026-07-16,sina_daily,qfq,VALID,A,26,0
2026-07-16,000619.SZ,SZ_MAIN,1996-10-23,False,False,0,READY,463,1.0,2024-08-15,2026-07-16,sina_daily,qfq,VALID,A,26,0
2026-07-16,000620.SZ,SZ_MAIN,1996-10-29,False,False,0,READY,463,1.0,2024-08-15,2026-07-16,sina_daily,qfq,VALID,A,26,0
2026-07-16,000623.SZ,SZ_MAIN,1996-10-28,False,False,0,READY,463,1.0,2024-08-15,2026-07-16,sina_daily,qfq,VALID,A,26,0
2026-07-16,000625.SZ,SZ_MAIN,1997-06-10,False,False,0,READY,463,1.0,2024-08-15,2026-07-16,sina_daily,qfq,VALID,A,26,0
2026-07-16,000626.SZ,SZ_MAIN,1996-11-28,False,False,0,READY,463,1.0,2024-08-15,2026-07-16,sina_daily,qfq,VALID,A,26,0
2026-07-16,000628.SZ,SZ_MAIN,1996-11-18,False,False,0,READY,463,1.0,2024-08-15,2026-07-16,sina_daily,qfq,VALID,A,26,0
2026-07-16,000629.SZ,SZ_MAIN,1996-11-15,False,False,0,READY,463,1.0,2024-08-15,2026-07-16,sina_daily,qfq,VALID,A,26,0
2026-07-16,000630.SZ,SZ_MAIN,1996-11-20,False,False,0,READY,463,1.0,2024-08-15,2026-07-16,sina_daily,qfq,VALID,A,26,0
2026-07-16,000631.SZ,SZ_MAIN,1996-11-22,False,False,0,READY,463,1.0,2024-08-15,2026-07-16,sina_daily,qfq,VALID,A,26,0
2026-07-16,000632.SZ,SZ_MAIN,1996-11-21,True,False,0,READY,462,0.996,2024-08-15,2026-07-16,sina_daily,qfq,VALID,A,26,0
2026-07-16,000633.SZ,SZ_MAIN,1996-11-12,False,False,0,READY,458,1.0,2024-08-15,2026-07-16,sina_daily,qfq,VALID,A,26,0
2026-07-16,000635.SZ,SZ_MAIN,1996-11-20,False,False,0,READY,463,1.0,2024-08-15,2026-07-16,sina_daily,qfq,VALID,A,26,0
2026-07-16,000636.SZ,SZ_MAIN,1996-11-29,False,False,0,READY,463,1.0,2024-08-15,2026-07-16,sina_daily,qfq,VALID,A,26,0
2026-07-16,000637.SZ,SZ_MAIN,1996-11-14,False,False,0,READY,463,1.0,2024-08-15,2026-07-16,sina_daily,qfq,VALID,A,26,0
2026-07-16,000639.SZ,SZ_MAIN,1996-11-26,True,False,0,READY,462,0.996,2024-08-15,2026-07-16,sina_daily,qfq,VALID,A,26,0
2026-07-16,000650.SZ,SZ_MAIN,1996-12-10,False,False,0,READY,463,1.0,2024-08-15,2026-07-16,sina_daily,qfq,VALID,A,26,0
2026-07-16,000651.SZ,SZ_MAIN,1996-11-18,False,False,0,READY,463,1.0,2024-08-15,2026-07-16,sina_daily,qfq,VALID,A,26,0
2026-07-16,000652.SZ,SZ_MAIN,1996-11-28,False,False,0,READY,463,1.0,2024-08-15,2026-07-16,sina_daily,qfq,VALID,A,26,0
2026-07-16,000655.SZ,SZ_MAIN,1996-11-28,False,False,0,READY,463,1.0,2024-08-15,2026-07-16,sina_daily,qfq,VALID,A,26,0
2026-07-16,000656.SZ,SZ_MAIN,1996-11-28,False,False,0,READY,461,0.992,2024-08-15,2026-07-16,sina_daily,qfq,VALID,A,26,0
2026-07-16,000657.SZ,SZ_MAIN,1996-12-05,False,False,0,READY,463,1.0,2024-08-15,2026-07-16,sina_daily,qfq,VALID,A,26,0
2026-07-16,000659.SZ,SZ_MAIN,1996-12-03,False,False,0,READY,461,0.992,2024-08-15,2026-07-16,sina_daily,qfq,VALID,A,26,0
2026-07-16,000661.SZ,SZ_MAIN,1996-12-18,False,False,0,READY,463,1.0,2024-08-15,2026-07-16,sina_daily,qfq,VALID,A,26,0
2026-07-16,000663.SZ,SZ_MAIN,1996-12-06,False,False,0,READY,463,1.0,2024-08-15,2026-07-16,sina_daily,qfq,VALID,A,26,0
2026-07-16,000665.SZ,SZ_MAIN,1996-12-10,False,False,0,READY,463,1.0,2024-08-15,2026-07-16,sina_daily,qfq,VALID,A,26,0
2026-07-16,000668.SZ,SZ_MAIN,1996-12-10,False,False,0,READY,461,0.996,2024-08-15,2026-07-16,sina_daily,qfq,VALID,A,26,0
2026-07-16,000669.SZ,SZ_MAIN,1996-12-10,True,False,0,READY,463,1.0,2024-08-15,2026-07-16,sina_daily,qfq,VALID,A,26,0
2026-07-16,000670.SZ,SZ_MAIN,1996-12-17,False,False,0,READY,453,0.96,2024-08-15,2026-07-16,sina_daily,qfq,VALID,A,26,0
2026-07-16,000672.SZ,SZ_MAIN,1996-12-18,False,False,0,READY,463,1.0,2024-08-15,2026-07-16,sina_daily,qfq,VALID,A,26,0
2026-07-16,000676.SZ,SZ_MAIN,1996-12-24,False,False,0,READY,463,1.0,2024-08-15,2026-07-16,sina_daily,qfq,VALID,A,26,0
2026-07-16,000677.SZ,SZ_MAIN,1996-12-26,True,False,0,READY,462,0.996,2024-08-15,2026-07-16,sina_daily,qfq,VALID,A,26,0
2026-07-16,000678.SZ,SZ_MAIN,1997-01-06,False,False,0,READY,463,1.0,2024-08-15,2026-07-16,sina_daily,qfq,VALID,A,26,0
2026-07-16,000679.SZ,SZ_MAIN,1997-01-24,False,False,0,READY,463,1.0,2024-08-15,2026-07-16,sina_daily,qfq,VALID,A,26,0
2026-07-16,000680.SZ,SZ_MAIN,1997-01-22,False,False,0,READY,463,1.0,2024-08-15,2026-07-16,sina_daily,qfq,VALID,A,26,0
2026-07-16,000681.SZ,SZ_MAIN,1997-01-21,False,False,0,READY,463,1.0,2024-08-15,2026-07-16,sina_daily,qfq,VALID,A,26,0
2026-07-16,000682.SZ,SZ_MAIN,1997-01-21,False,False,0,READY,463,1.0,2024-08-15,2026-07-16,sina_daily,qfq,VALID,A,26,0
2026-07-16,000683.SZ,SZ_MAIN,1997-01-31,False,False,0,READY,463,1.0,2024-08-15,2026-07-16,sina_daily,qfq,VALID,A,26,0
2026-07-16,000685.SZ,SZ_MAIN,1997-01-23,False,False,0,READY,463,1.0,2024-08-15,2026-07-16,sina_daily,qfq,VALID,A,26,0
2026-07-16,000686.SZ,SZ_MAIN,1997-02-27,False,False,0,READY,463,1.0,2024-08-15,2026-07-16,sina_daily,qfq,VALID,A,26,0
2026-07-16,000688.SZ,SZ_MAIN,1997-01-20,False,False,0,READY,463,1.0,2024-08-15,2026-07-16,sina_daily,qfq,VALID,A,26,0
2026-07-16,000690.SZ,SZ_MAIN,1997-01-28,False,False,0,READY,463,1.0,2024-08-15,2026-07-16,sina_daily,qfq,VALID,A,26,0
2026-07-16,000691.SZ,SZ_MAIN,1997-02-28,False,False,0,READY,460,0.992,2024-08-15,2026-07-16,sina_daily,qfq,VALID,A,26,0
2026-07-16,000692.SZ,SZ_MAIN,1997-02-27,False,False,0,READY,463,1.0,2024-08-15,2026-07-16,sina_daily,qfq,VALID,A,26,0
2026-07-16,000695.SZ,SZ_MAIN,1997-02-18,False,False,0,READY,453,1.0,2024-08-15,2026-07-16,sina_daily,qfq,VALID,A,26,0
2026-07-16,000697.SZ,SZ_MAIN,1997-03-25,False,False,0,READY,458,0.984,2024-08-15,2026-07-16,sina_daily,qfq,VALID,A,26,0
2026-07-16,000698.SZ,SZ_MAIN,1997-02-20,True,False,0,READY,462,0.996,2024-08-15,2026-07-16,sina_daily,qfq,VALID,A,26,0
2026-07-16,000700.SZ,SZ_MAIN,1997-02-28,False,False,0,READY,463,1.0,2024-08-15,2026-07-16,sina_daily,qfq,VALID,A,26,0
2026-07-16,000701.SZ,SZ_MAIN,1997-02-26,False,False,0,READY,463,1.0,2024-08-15,2026-07-16,sina_daily,qfq,VALID,A,26,0
2026-07-16,000702.SZ,SZ_MAIN,1997-03-18,False,False,0,READY,463,1.0,2024-08-15,2026-07-16,sina_daily,qfq,VALID,A,26,0
2026-07-16,000703.SZ,SZ_MAIN,1997-03-28,False,False,0,READY,463,1.0,2024-08-15,2026-07-16,sina_daily,qfq,VALID,A,26,0
2026-07-16,000705.SZ,SZ_MAIN,1997-04-10,False,False,0,READY,463,1.0,2024-08-15,2026-07-16,sina_daily,qfq,VALID,A,26,0
2026-07-16,000707.SZ,SZ_MAIN,1997-04-15,False,False,0,READY,463,1.0,2024-08-15,2026-07-16,sina_daily,qfq,VALID,A,26,0
2026-07-16,000708.SZ,SZ_MAIN,1997-03-26,False,False,0,READY,463,1.0,2024-08-15,2026-07-16,sina_daily,qfq,VALID,A,26,0
2026-07-16,000709.SZ,SZ_MAIN,1997-04-16,False,False,0,READY,463,1.0,2024-08-15,2026-07-16,sina_daily,qfq,VALID,A,26,0
2026-07-16,000710.SZ,SZ_MAIN,1997-04-22,False,False,0,READY,463,1.0,2024-08-15,2026-07-16,sina_daily,qfq,VALID,A,26,0
2026-07-16,000711.SZ,SZ_MAIN,1997-04-11,True,False,0,READY,454,0.964,2024-08-15,2026-07-16,sina_daily,qfq,VALID,A,26,0
2026-07-16,000712.SZ,SZ_MAIN,1997-04-15,False,False,0,READY,463,1.0,2024-08-15,2026-07-16,sina_daily,qfq,VALID,A,26,0
2026-07-16,000713.SZ,SZ_MAIN,1997-04-22,False,False,0,READY,463,1.0,2024-08-15,2026-07-16,sina_daily,qfq,VALID,A,26,0
2026-07-16,000715.SZ,SZ_MAIN,1997-05-08,False,False,0,READY,463,1.0,2024-08-15,2026-07-16,sina_daily,qfq,VALID,A,26,0
2026-07-16,000716.SZ,SZ_MAIN,1997-04-18,False,False,0,READY,458,0.98,2024-08-15,2026-07-16,sina_daily,qfq,VALID,A,26,0
2026-07-16,000717.SZ,SZ_MAIN,1997-05-08,False,False,0,READY,463,1.0,2024-08-15,2026-07-16,sina_daily,qfq,VALID,A,26,0
2026-07-16,000718.SZ,SZ_MAIN,1997-04-08,False,False,0,READY,463,1.0,2024-08-15,2026-07-16,sina_daily,qfq,VALID,A,26,0
2026-07-16,000719.SZ,SZ_MAIN,1997-03-31,False,False,0,READY,463,1.0,2024-08-15,2026-07-16,sina_daily,qfq,VALID,A,26,0
2026-07-16,000720.SZ,SZ_MAIN,1997-05-09,False,False,0,READY,463,1.0,2024-08-15,2026-07-16,sina_daily,qfq,VALID,A,26,0
2026-07-16,000721.SZ,SZ_MAIN,1997-04-30,False,False,0,READY,463,1.0,2024-08-15,2026-07-16,sina_daily,qfq,VALID,A,26,0
2026-07-16,000722.SZ,SZ_MAIN,1997-05-22,False,False,0,READY,453,1.0,2024-08-15,2026-07-16,sina_daily,qfq,VALID,A,26,0
2026-07-16,000723.SZ,SZ_MAIN,1997-05-15,False,False,0,READY,463,1.0,2024-08-15,2026-07-16,sina_daily,qfq,VALID,A,26,0
2026-07-16,000725.SZ,SZ_MAIN,2001-01-12,False,False,0,READY,463,1.0,2024-08-15,2026-07-16,sina_daily,qfq,VALID,A,26,0
2026-07-16,000726.SZ,SZ_MAIN,2000-12-25,False,False,0,READY,463,1.0,2024-08-15,2026-07-16,sina_daily,qfq,VALID,A,26,0
2026-07-16,000727.SZ,SZ_MAIN,1997-05-20,False,False,0,READY,463,1.0,2024-08-15,2026-07-16,sina_daily,qfq,VALID,A,26,0
2026-07-16,000728.SZ,SZ_MAIN,1997-06-16,False,False,0,READY,463,1.0,2024-08-15,2026-07-16,sina_daily,qfq,VALID,A,26,0
2026-07-16,000729.SZ,SZ_MAIN,1997-07-16,False,False,0,READY,463,1.0,2024-08-15,2026-07-16,sina_daily,qfq,VALID,A,26,0
2026-07-16,000731.SZ,SZ_MAIN,1997-06-17,False,False,0,READY,463,1.0,2024-08-15,2026-07-16,sina_daily,qfq,VALID,A,26,0
2026-07-16,000733.SZ,SZ_MAIN,1997-07-03,False,False,0,READY,463,1.0,2024-08-15,2026-07-16,sina_daily,qfq,VALID,A,26,0
2026-07-16,000735.SZ,SZ_MAIN,1997-06-11,False,False,0,READY,463,1.0,2024-08-15,2026-07-16,sina_daily,qfq,VALID,A,26,0
2026-07-16,000736.SZ,SZ_MAIN,1997-04-25,False,False,0,READY,461,0.996,2024-08-15,2026-07-16,sina_daily,qfq,VALID,A,26,0
2026-07-16,000737.SZ,SZ_MAIN,1997-04-28,False,False,0,READY,463,1.0,2024-08-15,2026-07-16,sina_daily,qfq,VALID,A,26,0
2026-07-16,000738.SZ,SZ_MAIN,1997-06-26,False,False,0,READY,463,1.0,2024-08-15,2026-07-16,sina_daily,qfq,VALID,A,26,0
2026-07-16,000739.SZ,SZ_MAIN,1997-05-09,False,False,0,READY,463,1.0,2024-08-15,2026-07-16,sina_daily,qfq,VALID,A,26,0
2026-07-16,000750.SZ,SZ_MAIN,1997-07-09,False,False,0,READY,463,1.0,2024-08-15,2026-07-16,sina_daily,qfq,VALID,A,26,0
2026-07-16,000751.SZ,SZ_MAIN,1997-06-26,False,False,0,READY,463,1.0,2024-08-15,2026-07-16,sina_daily,qfq,VALID,A,26,0
2026-07-16,000752.SZ,SZ_MAIN,1997-06-25,True,False,0,READY,462,0.996,2024-08-15,2026-07-16,sina_daily,qfq,VALID,A,26,0
2026-07-16,000753.SZ,SZ_MAIN,1997-06-26,False,False,0,READY,463,1.0,2024-08-15,2026-07-16,sina_daily,qfq,VALID,A,26,0
2026-07-16,000755.SZ,SZ_MAIN,1997-06-27,False,False,0,READY,463,1.0,2024-08-15,2026-07-16,sina_daily,qfq,VALID,A,26,0
2026-07-16,000756.SZ,SZ_MAIN,1997-08-06,False,False,0,READY,463,1.0,2024-08-15,2026-07-16,sina_daily,qfq,VALID,A,26,0
2026-07-16,000757.SZ,SZ_MAIN,1997-06-27,False,False,0,READY,463,1.0,2024-08-15,2026-07-16,sina_daily,qfq,VALID,A,26,0
2026-07-16,000758.SZ,SZ_MAIN,1997-04-16,False,False,0,READY,463,1.0,2024-08-15,2026-07-16,sina_daily,qfq,VALID,A,26,0
2026-07-16,000759.SZ,SZ_MAIN,1997-05-19,False,False,0,READY,463,1.0,2024-08-15,2026-07-16,sina_daily,qfq,VALID,A,26,0
2026-07-16,000761.SZ,SZ_MAIN,1998-01-15,False,False,0,READY,463,1.0,2024-08-15,2026-07-16,sina_daily,qfq,VALID,A,26,0
2026-07-16,000762.SZ,SZ_MAIN,1997-07-08,False,False,0,READY,463,1.0,2024-08-15,2026-07-16,sina_daily,qfq,VALID,A,26,0
2026-07-16,000766.SZ,SZ_MAIN,1997-04-30,False,False,0,READY,463,1.0,2024-08-15,2026-07-16,sina_daily,qfq,VALID,A,26,0
2026-07-16,000767.SZ,SZ_MAIN,1997-06-09,False,False,0,READY,463,1.0,2024-08-15,2026-07-16,sina_daily,qfq,VALID,A,26,0
2026-07-16,000768.SZ,SZ_MAIN,1997-06-26,False,False,0,READY,463,1.0,2024-08-15,2026-07-16,sina_daily,qfq,VALID,A,26,0
2026-07-16,000776.SZ,SZ_MAIN,1997-06-11,False,False,0,READY,463,1.0,2024-08-15,2026-07-16,sina_daily,qfq,VALID,A,26,0
2026-07-16,000777.SZ,SZ_MAIN,1997-07-10,False,False,0,READY,453,1.0,2024-08-15,2026-07-16,sina_daily,qfq,VALID,A,26,0
2026-07-16,000778.SZ,SZ_MAIN,1997-06-06,False,False,0,READY,463,1.0,2024-08-15,2026-07-16,sina_daily,qfq,VALID,A,26,0
2026-07-16,000779.SZ,SZ_MAIN,1997-05-28,False,False,0,READY,463,1.0,2024-08-15,2026-07-16,sina_daily,qfq,VALID,A,26,0
2026-07-16,000782.SZ,SZ_MAIN,1997-06-19,False,False,0,READY,463,1.0,2024-08-15,2026-07-16,sina_daily,qfq,VALID,A,26,0
2026-07-16,000783.SZ,SZ_MAIN,1997-07-31,False,False,0,READY,463,1.0,2024-08-15,2026-07-16,sina_daily,qfq,VALID,A,26,0
2026-07-16,000785.SZ,SZ_MAIN,1997-07-11,False,False,0,READY,463,1.0,2024-08-15,2026-07-16,sina_daily,qfq,VALID,A,26,0
2026-07-16,000786.SZ,SZ_MAIN,1997-06-06,False,False,0,READY,463,1.0,2024-08-15,2026-07-16,sina_daily,qfq,VALID,A,26,0
2026-07-16,000788.SZ,SZ_MAIN,1997-06-16,False,False,0,READY,463,1.0,2024-08-15,2026-07-16,sina_daily,qfq,VALID,A,26,0
2026-07-16,000789.SZ,SZ_MAIN,1997-09-23,False,False,0,READY,463,1.0,2024-08-15,2026-07-16,sina_daily,qfq,VALID,A,26,0
2026-07-16,000790.SZ,SZ_MAIN,1998-03-27,False,False,0,READY,463,1.0,2024-08-15,2026-07-16,sina_daily,qfq,VALID,A,26,0
2026-07-16,000791.SZ,SZ_MAIN,1997-10-14,False,False,0,READY,463,1.0,2024-08-15,2026-07-16,sina_daily,qfq,VALID,A,26,0
2026-07-16,000792.SZ,SZ_MAIN,1997-09-04,False,False,0,READY,463,1.0,2024-08-15,2026-07-16,sina_daily,qfq,VALID,A,26,0
2026-07-16,000793.SZ,SZ_MAIN,1997-07-29,True,False,0,READY,460,0.992,2024-08-15,2026-07-16,sina_daily,qfq,VALID,A,26,0
2026-07-16,000795.SZ,SZ_MAIN,1997-08-08,False,False,0,READY,463,1.0,2024-08-15,2026-07-16,sina_daily,qfq,VALID,A,26,0
2026-07-16,000796.SZ,SZ_MAIN,1997-07-03,False,False,0,READY,462,1.0,2024-08-15,2026-07-16,sina_daily,qfq,VALID,A,26,0
2026-07-16,000797.SZ,SZ_MAIN,1997-07-15,False,False,0,READY,463,1.0,2024-08-15,2026-07-16,sina_daily,qfq,VALID,A,26,0
2026-07-16,000798.SZ,SZ_MAIN,1998-02-12,False,False,0,READY,463,1.0,2024-08-15,2026-07-16,sina_daily,qfq,VALID,A,26,0
2026-07-16,000799.SZ,SZ_MAIN,1997-07-18,False,False,0,READY,463,1.0,2024-08-15,2026-07-16,sina_daily,qfq,VALID,A,26,0
2026-07-16,000800.SZ,SZ_MAIN,1997-06-18,False,False,0,READY,463,1.0,2024-08-15,2026-07-16,sina_daily,qfq,VALID,A,26,0
2026-07-16,000801.SZ,SZ_MAIN,1998-05-06,False,False,0,READY,463,1.0,2024-08-15,2026-07-16,sina_daily,qfq,VALID,A,26,0
2026-07-16,000802.SZ,SZ_MAIN,1998-01-08,False,False,0,READY,463,1.0,2024-08-15,2026-07-16,sina_daily,qfq,VALID,A,26,0
2026-07-16,000803.SZ,SZ_MAIN,1998-03-03,False,False,0,READY,463,1.0,2024-08-15,2026-07-16,sina_daily,qfq,VALID,A,26,0
2026-07-16,000807.SZ,SZ_MAIN,1998-04-08,False,False,0,READY,463,1.0,2024-08-15,2026-07-16,sina_daily,qfq,VALID,A,26,0
2026-07-16,000809.SZ,SZ_MAIN,1998-06-16,False,False,0,READY,462,1.0,2024-08-15,2026-07-16,sina_daily,qfq,VALID,A,26,0
2026-07-16,000810.SZ,SZ_MAIN,1998-06-02,False,False,0,READY,463,1.0,2024-08-15,2026-07-16,sina_daily,qfq,VALID,A,26,0
2026-07-16,000811.SZ,SZ_MAIN,1998-05-28,False,False,0,READY,463,1.0,2024-08-15,2026-07-16,sina_daily,qfq,VALID,A,26,0
2026-07-16,000812.SZ,SZ_MAIN,1998-06-23,False,False,0,READY,463,1.0,2024-08-15,2026-07-16,sina_daily,qfq,VALID,A,26,0
2026-07-16,000813.SZ,SZ_MAIN,1998-05-19,False,False,0,READY,463,1.0,2024-08-15,2026-07-16,sina_daily,qfq,VALID,A,26,0
2026-07-16,000815.SZ,SZ_MAIN,1998-06-09,False,False,0,READY,463,1.0,2024-08-15,2026-07-16,sina_daily,qfq,VALID,A,26,0
2026-07-16,000816.SZ,SZ_MAIN,1997-08-18,False,False,0,READY,463,1.0,2024-08-15,2026-07-16,sina_daily,qfq,VALID,A,26,0
2026-07-16,000818.SZ,SZ_MAIN,1997-10-17,False,False,0,READY,463,1.0,2024-08-15,2026-07-16,sina_daily,qfq,VALID,A,26,0
2026-07-16,000819.SZ,SZ_MAIN,1997-06-25,False,False,0,READY,463,1.0,2024-08-15,2026-07-16,sina_daily,qfq,VALID,A,26,0
2026-07-16,000820.SZ,SZ_MAIN,1998-06-30,True,False,0,READY,460,0.992,2024-08-15,2026-07-16,sina_daily,qfq,VALID,A,26,0
2026-07-16,000821.SZ,SZ_MAIN,1998-06-26,True,False,0,READY,462,0.996,2024-08-15,2026-07-16,sina_daily,qfq,VALID,A,26,0
2026-07-16,000822.SZ,SZ_MAIN,1998-07-03,False,False,0,READY,463,1.0,2024-08-15,2026-07-16,sina_daily,qfq,VALID,A,26,0
2026-07-16,000823.SZ,SZ_MAIN,1997-10-08,False,False,0,READY,463,1.0,2024-08-15,2026-07-16,sina_daily,qfq,VALID,A,26,0
2026-07-16,000825.SZ,SZ_MAIN,1998-10-21,False,False,0,READY,463,1.0,2024-08-15,2026-07-16,sina_daily,qfq,VALID,A,26,0
2026-07-16,000826.SZ,SZ_MAIN,1998-02-25,True,False,0,READY,462,0.996,2024-08-15,2026-07-16,sina_daily,qfq,VALID,A,26,0
2026-07-16,000828.SZ,SZ_MAIN,1997-06-17,False,False,0,READY,463,1.0,2024-08-15,2026-07-16,sina_daily,qfq,VALID,A,26,0
2026-07-16,000829.SZ,SZ_MAIN,1997-12-02,False,False,0,READY,463,1.0,2024-08-15,2026-07-16,sina_daily,qfq,VALID,A,26,0
2026-07-16,000830.SZ,SZ_MAIN,1998-08-07,False,False,0,READY,463,1.0,2024-08-15,2026-07-16,sina_daily,qfq,VALID,A,26,0
2026-07-16,000831.SZ,SZ_MAIN,1998-09-11,False,False,0,READY,463,1.0,2024-08-15,2026-07-16,sina_daily,qfq,VALID,A,26,0
2026-07-16,000833.SZ,SZ_MAIN,1998-11-11,False,False,0,READY,463,1.0,2024-08-15,2026-07-16,sina_daily,qfq,VALID,A,26,0
2026-07-16,000837.SZ,SZ_MAIN,1998-09-28,False,False,0,READY,463,1.0,2024-08-15,2026-07-16,sina_daily,qfq,VALID,A,26,0
2026-07-16,000838.SZ,SZ_MAIN,1997-06-26,True,False,0,READY,462,0.996,2024-08-15,2026-07-16,sina_daily,qfq,VALID,A,26,0
2026-07-16,000839.SZ,SZ_MAIN,1997-10-31,False,False,0,READY,463,1.0,2024-08-15,2026-07-16,sina_daily,qfq,VALID,A,26,0
2026-07-16,000848.SZ,SZ_MAIN,1997-11-13,False,False,0,READY,463,1.0,2024-08-15,2026-07-16,sina_daily,qfq,VALID,A,26,0
2026-07-16,000850.SZ,SZ_MAIN,1998-10-07,False,False,0,READY,463,1.0,2024-08-15,2026-07-16,sina_daily,qfq,VALID,A,26,0
2026-07-16,000852.SZ,SZ_MAIN,1998-11-26,False,False,0,READY,463,1.0,2024-08-15,2026-07-16,sina_daily,qfq,VALID,A,26,0
2026-07-16,000856.SZ,SZ_MAIN,1998-08-13,False,False,0,READY,463,1.0,2024-08-15,2026-07-16,sina_daily,qfq,VALID,A,26,0
2026-07-16,000858.SZ,SZ_MAIN,1998-04-27,False,False,0,READY,463,1.0,2024-08-15,2026-07-16,sina_daily,qfq,VALID,A,26,0
2026-07-16,000859.SZ,SZ_MAIN,1998-11-19,False,False,0,READY,453,1.0,2024-08-15,2026-07-16,sina_daily,qfq,VALID,A,26,0
2026-07-16,000860.SZ,SZ_MAIN,1998-11-04,False,False,0,READY,463,1.0,2024-08-15,2026-07-16,sina_daily,qfq,VALID,A,26,0
2026-07-16,000862.SZ,SZ_MAIN,1998-09-15,False,False,0,READY,463,1.0,2024-08-15,2026-07-16,sina_daily,qfq,VALID,A,26,0
2026-07-16,000863.SZ,SZ_MAIN,1997-09-25,False,False,0,READY,463,1.0,2024-08-15,2026-07-16,sina_daily,qfq,VALID,A,26,0
2026-07-16,000868.SZ,SZ_MAIN,1997-07-25,False,False,0,READY,463,1.0,2024-08-15,2026-07-16,sina_daily,qfq,VALID,A,26,0
2026-07-16,000869.SZ,SZ_MAIN,2000-10-26,False,False,0,READY,463,1.0,2024-08-15,2026-07-16,sina_daily,qfq,VALID,A,26,0
2026-07-16,000875.SZ,SZ_MAIN,2002-09-26,False,False,0,READY,463,1.0,2024-08-15,2026-07-16,sina_daily,qfq,VALID,A,26,0
2026-07-16,000876.SZ,SZ_MAIN,1998-03-11,False,False,0,READY,463,1.0,2024-08-15,2026-07-16,sina_daily,qfq,VALID,A,26,0
2026-07-16,000877.SZ,SZ_MAIN,1999-01-07,False,False,0,READY,463,1.0,2024-08-15,2026-07-16,sina_daily,qfq,VALID,A,26,0
2026-07-16,000878.SZ,SZ_MAIN,1998-06-02,False,False,0,READY,454,1.0,2024-08-15,2026-07-16,sina_daily,qfq,VALID,A,26,0
2026-07-16,000880.SZ,SZ_MAIN,1998-04-02,False,False,0,READY,463,1.0,2024-08-15,2026-07-16,sina_daily,qfq,VALID,A,26,0
2026-07-16,000881.SZ,SZ_MAIN,1998-09-02,False,False,0,READY,463,1.0,2024-08-15,2026-07-16,sina_daily,qfq,VALID,A,26,0
2026-07-16,000882.SZ,SZ_MAIN,1998-06-16,False,False,0,READY,463,1.0,2024-08-15,2026-07-16,sina_daily,qfq,VALID,A,26,0
2026-07-16,000883.SZ,SZ_MAIN,1998-05-19,False,False,0,READY,463,1.0,2024-08-15,2026-07-16,sina_daily,qfq,VALID,A,26,0
2026-07-16,000885.SZ,SZ_MAIN,1999-03-19,False,False,0,READY,463,1.0,2024-08-15,2026-07-16,sina_daily,qfq,VALID,A,26,0
2026-07-16,000886.SZ,SZ_MAIN,1998-01-23,False,False,0,READY,463,1.0,2024-08-15,2026-07-16,sina_daily,qfq,VALID,A,26,0
2026-07-16,000887.SZ,SZ_MAIN,1998-12-03,False,False,0,READY,463,1.0,2024-08-15,2026-07-16,sina_daily,qfq,VALID,A,26,0
2026-07-16,000888.SZ,SZ_MAIN,1997-10-21,False,False,0,READY,463,1.0,2024-08-15,2026-07-16,sina_daily,qfq,VALID,A,26,0
2026-07-16,000889.SZ,SZ_MAIN,1997-12-18,False,False,0,READY,462,1.0,2024-08-15,2026-07-16,sina_daily,qfq,VALID,A,26,0
2026-07-16,000890.SZ,SZ_MAIN,1999-01-19,False,False,0,READY,463,1.0,2024-08-15,2026-07-16,sina_daily,qfq,VALID,A,26,0
2026-07-16,000892.SZ,SZ_MAIN,1999-01-15,False,False,0,READY,463,1.0,2024-08-15,2026-07-16,sina_daily,qfq,VALID,A,26,0
2026-07-16,000893.SZ,SZ_MAIN,1998-12-24,False,False,0,READY,463,1.0,2024-08-15,2026-07-16,sina_daily,qfq,VALID,A,26,0
2026-07-16,000895.SZ,SZ_MAIN,1998-12-10,False,False,0,READY,463,1.0,2024-08-15,2026-07-16,sina_daily,qfq,VALID,A,26,0
2026-07-16,000897.SZ,SZ_MAIN,1999-04-22,False,False,0,READY,463,1.0,2024-08-15,2026-07-16,sina_daily,qfq,VALID,A,26,0
2026-07-16,000898.SZ,SZ_MAIN,1997-12-25,False,False,0,READY,463,1.0,2024-08-15,2026-07-16,sina_daily,qfq,VALID,A,26,0
2026-07-16,000899.SZ,SZ_MAIN,1997-11-26,False,False,0,READY,463,1.0,2024-08-15,2026-07-16,sina_daily,qfq,VALID,A,26,0
2026-07-16,000900.SZ,SZ_MAIN,1999-01-28,False,False,0,READY,463,1.0,2024-08-15,2026-07-16,sina_daily,qfq,VALID,A,26,0
2026-07-16,000901.SZ,SZ_MAIN,1999-04-01,False,False,0,READY,463,1.0,2024-08-15,2026-07-16,sina_daily,qfq,VALID,A,26,0
2026-07-16,000902.SZ,SZ_MAIN,1999-04-08,False,False,0,READY,463,1.0,2024-08-15,2026-07-16,sina_daily,qfq,VALID,A,26,0
2026-07-16,000903.SZ,SZ_MAIN,1999-04-15,True,False,0,READY,462,0.996,2024-08-15,2026-07-16,sina_daily,qfq,VALID,A,26,0
2026-07-16,000905.SZ,SZ_MAIN,1999-04-29,False,False,0,READY,458,1.0,2024-08-15,2026-07-16,sina_daily,qfq,VALID,A,26,0
2026-07-16,000906.SZ,SZ_MAIN,1999-07-07,False,False,0,READY,463,1.0,2024-08-15,2026-07-16,sina_daily,qfq,VALID,A,26,0
2026-07-16,000908.SZ,SZ_MAIN,1999-02-03,False,False,0,READY,455,0.984,2024-08-15,2026-07-16,sina_daily,qfq,VALID,A,26,0
2026-07-16,000909.SZ,SZ_MAIN,1999-05-07,True,False,0,READY,462,0.996,2024-08-15,2026-07-16,sina_daily,qfq,VALID,A,26,0
2026-07-16,000910.SZ,SZ_MAIN,1999-06-30,False,False,0,READY,463,1.0,2024-08-15,2026-07-16,sina_daily,qfq,VALID,A,26,0
2026-07-16,000911.SZ,SZ_MAIN,1999-05-27,True,False,0,READY,462,0.996,2024-08-15,2026-07-16,sina_daily,qfq,VALID,A,26,0
2026-07-16,000912.SZ,SZ_MAIN,1999-06-03,False,False,0,READY,463,1.0,2024-08-15,2026-07-16,sina_daily,qfq,VALID,A,26,0
2026-07-16,000913.SZ,SZ_MAIN,1999-05-14,False,False,0,READY,463,1.0,2024-08-15,2026-07-16,sina_daily,qfq,VALID,A,26,0
2026-07-16,000915.SZ,SZ_MAIN,1999-06-09,False,False,0,READY,463,1.0,2024-08-15,2026-07-16,sina_daily,qfq,VALID,A,26,0
2026-07-16,000917.SZ,SZ_MAIN,1999-03-25,False,False,0,READY,463,1.0,2024-08-15,2026-07-16,sina_daily,qfq,VALID,A,26,0
2026-07-16,000919.SZ,SZ_MAIN,1999-11-18,False,False,0,READY,463,1.0,2024-08-15,2026-07-16,sina_daily,qfq,VALID,A,26,0
2026-07-16,000920.SZ,SZ_MAIN,1999-06-16,False,False,0,READY,463,1.0,2024-08-15,2026-07-16,sina_daily,qfq,VALID,A,26,0
2026-07-16,000921.SZ,SZ_MAIN,1999-07-13,False,False,0,READY,463,1.0,2024-08-15,2026-07-16,sina_daily,qfq,VALID,A,26,0
2026-07-16,000922.SZ,SZ_MAIN,1999-06-18,False,False,0,READY,463,1.0,2024-08-15,2026-07-16,sina_daily,qfq,VALID,A,26,0
2026-07-16,000923.SZ,SZ_MAIN,1999-07-14,False,False,0,READY,463,1.0,2024-08-15,2026-07-16,sina_daily,qfq,VALID,A,26,0
2026-07-16,000925.SZ,SZ_MAIN,1999-06-11,False,False,0,READY,463,1.0,2024-08-15,2026-07-16,sina_daily,qfq,VALID,A,26,0
2026-07-16,000926.SZ,SZ_MAIN,1999-06-18,False,False,0,READY,463,1.0,2024-08-15,2026-07-16,sina_daily,qfq,VALID,A,26,0
2026-07-16,000927.SZ,SZ_MAIN,1999-07-27,False,False,0,READY,463,1.0,2024-08-15,2026-07-16,sina_daily,qfq,VALID,A,26,0
2026-07-16,000928.SZ,SZ_MAIN,1999-03-12,False,False,0,READY,463,1.0,2024-08-15,2026-07-16,sina_daily,qfq,VALID,A,26,0
2026-07-16,000929.SZ,SZ_MAIN,1999-06-23,False,False,0,READY,456,0.996,2024-08-15,2026-07-16,sina_daily,qfq,VALID,A,26,0
2026-07-16,000930.SZ,SZ_MAIN,1999-07-12,False,False,0,READY,463,1.0,2024-08-15,2026-07-16,sina_daily,qfq,VALID,A,26,0
2026-07-16,000931.SZ,SZ_MAIN,1999-07-12,False,False,0,READY,463,1.0,2024-08-15,2026-07-16,sina_daily,qfq,VALID,A,26,0
2026-07-16,000932.SZ,SZ_MAIN,1999-08-03,False,False,0,READY,463,1.0,2024-08-15,2026-07-16,sina_daily,qfq,VALID,A,26,0
2026-07-16,000933.SZ,SZ_MAIN,1999-08-31,False,False,0,READY,463,1.0,2024-08-15,2026-07-16,sina_daily,qfq,VALID,A,26,0
2026-07-16,000935.SZ,SZ_MAIN,1999-08-24,False,False,0,READY,463,1.0,2024-08-15,2026-07-16,sina_daily,qfq,VALID,A,26,0
2026-07-16,000936.SZ,SZ_MAIN,1999-08-10,False,False,0,READY,463,1.0,2024-08-15,2026-07-16,sina_daily,qfq,VALID,A,26,0
2026-07-16,000937.SZ,SZ_MAIN,1999-09-09,False,False,0,READY,463,1.0,2024-08-15,2026-07-16,sina_daily,qfq,VALID,A,26,0
2026-07-16,000938.SZ,SZ_MAIN,1999-11-04,False,False,0,READY,463,1.0,2024-08-15,2026-07-16,sina_daily,qfq,VALID,A,26,0
2026-07-16,000948.SZ,SZ_MAIN,1999-10-14,False,False,0,READY,463,1.0,2024-08-15,2026-07-16,sina_daily,qfq,VALID,A,26,0
2026-07-16,000949.SZ,SZ_MAIN,1999-10-21,False,False,0,READY,463,1.0,2024-08-15,2026-07-16,sina_daily,qfq,VALID,A,26,0
2026-07-16,000950.SZ,SZ_MAIN,1999-09-16,False,False,0,READY,463,1.0,2024-08-15,2026-07-16,sina_daily,qfq,VALID,A,26,0
2026-07-16,000951.SZ,SZ_MAIN,1999-11-25,False,False,0,READY,463,1.0,2024-08-15,2026-07-16,sina_daily,qfq,VALID,A,26,0
2026-07-16,000952.SZ,SZ_MAIN,1999-11-12,False,False,0,READY,463,1.0,2024-08-15,2026-07-16,sina_daily,qfq,VALID,A,26,0
2026-07-16,000953.SZ,SZ_MAIN,1999-12-02,False,False,0,READY,458,0.98,2024-08-15,2026-07-16,sina_daily,qfq,VALID,A,26,0
2026-07-16,000955.SZ,SZ_MAIN,1999-12-09,False,False,0,READY,463,1.0,2024-08-15,2026-07-16,sina_daily,qfq,VALID,A,26,0
2026-07-16,000957.SZ,SZ_MAIN,2000-01-13,False,False,0,READY,463,1.0,2024-08-15,2026-07-16,sina_daily,qfq,VALID,A,26,0
2026-07-16,000958.SZ,SZ_MAIN,1999-12-23,False,False,0,READY,453,1.0,2024-08-15,2026-07-16,sina_daily,qfq,VALID,A,26,0
2026-07-16,000959.SZ,SZ_MAIN,1999-12-16,False,False,0,READY,453,0.96,2024-08-15,2026-07-16,sina_daily,qfq,VALID,A,26,0
2026-07-16,000960.SZ,SZ_MAIN,2000-02-21,False,False,0,READY,463,1.0,2024-08-15,2026-07-16,sina_daily,qfq,VALID,A,26,0
2026-07-16,000962.SZ,SZ_MAIN,2000-01-20,False,False,0,READY,463,1.0,2024-08-15,2026-07-16,sina_daily,qfq,VALID,A,26,0
2026-07-16,000963.SZ,SZ_MAIN,2000-01-27,False,False,0,READY,463,1.0,2024-08-15,2026-07-16,sina_daily,qfq,VALID,A,26,0
2026-07-16,000965.SZ,SZ_MAIN,2000-04-06,False,False,0,READY,463,1.0,2024-08-15,2026-07-16,sina_daily,qfq,VALID,A,26,0
2026-07-16,000966.SZ,SZ_MAIN,2000-03-16,False,False,0,READY,463,1.0,2024-08-15,2026-07-16,sina_daily,qfq,VALID,A,26,0
2026-07-16,000967.SZ,SZ_MAIN,2000-03-30,False,False,0,READY,463,1.0,2024-08-15,2026-07-16,sina_daily,qfq,VALID,A,26,0
2026-07-16,000968.SZ,SZ_MAIN,2000-06-22,False,False,0,READY,463,1.0,2024-08-15,2026-07-16,sina_daily,qfq,VALID,A,26,0
2026-07-16,000969.SZ,SZ_MAIN,2000-05-29,False,False,0,READY,463,1.0,2024-08-15,2026-07-16,sina_daily,qfq,VALID,A,26,0
2026-07-16,000970.SZ,SZ_MAIN,2000-04-20,False,False,0,READY,463,1.0,2024-08-15,2026-07-16,sina_daily,qfq,VALID,A,26,0
2026-07-16,000972.SZ,SZ_MAIN,2000-09-26,False,False,0,READY,451,0.996,2024-08-15,2026-07-16,sina_daily,qfq,VALID,A,26,0
2026-07-16,000973.SZ,SZ_MAIN,2000-05-25,False,False,0,READY,453,1.0,2024-08-15,2026-07-16,sina_daily,qfq,VALID,A,26,0
2026-07-16,000975.SZ,SZ_MAIN,2000-06-08,False,False,0,READY,463,1.0,2024-08-15,2026-07-16,sina_daily,qfq,VALID,A,26,0
2026-07-16,000977.SZ,SZ_MAIN,2000-06-08,False,False,0,READY,463,1.0,2024-08-15,2026-07-16,sina_daily,qfq,VALID,A,26,0
2026-07-16,000978.SZ,SZ_MAIN,2000-05-18,False,False,0,READY,463,1.0,2024-08-15,2026-07-16,sina_daily,qfq,VALID,A,26,0
2026-07-16,000980.SZ,SZ_MAIN,2000-06-16,False,False,0,READY,463,1.0,2024-08-15,2026-07-16,sina_daily,qfq,VALID,A,26,0
2026-07-16,000981.SZ,SZ_MAIN,2000-06-22,False,False,0,READY,463,1.0,2024-08-15,2026-07-16,sina_daily,qfq,VALID,A,26,0
2026-07-16,000983.SZ,SZ_MAIN,2000-07-26,False,False,0,READY,463,1.0,2024-08-15,2026-07-16,sina_daily,qfq,VALID,A,26,0
2026-07-16,000985.SZ,SZ_MAIN,2000-07-26,False,False,0,READY,463,1.0,2024-08-15,2026-07-16,sina_daily,qfq,VALID,A,26,0
2026-07-16,000987.SZ,SZ_MAIN,2000-07-18,False,False,0,READY,463,1.0,2024-08-15,2026-07-16,sina_daily,qfq,VALID,A,26,0
2026-07-16,000988.SZ,SZ_MAIN,2000-06-08,False,False,0,READY,463,1.0,2024-08-15,2026-07-16,sina_daily,qfq,VALID,A,26,0
2026-07-16,000989.SZ,SZ_MAIN,2000-06-28,False,False,0,READY,462,1.0,2024-08-15,2026-07-16,sina_daily,qfq,VALID,A,26,0
2026-07-16,000990.SZ,SZ_MAIN,2000-07-06,False,False,0,READY,463,1.0,2024-08-15,2026-07-16,sina_daily,qfq,VALID,A,26,0
2026-07-16,000993.SZ,SZ_MAIN,2000-07-31,False,False,0,READY,463,1.0,2024-08-15,2026-07-16,sina_daily,qfq,VALID,A,26,0
2026-07-16,000995.SZ,SZ_MAIN,2000-08-07,False,False,0,READY,463,1.0,2024-08-15,2026-07-16,sina_daily,qfq,VALID,A,26,0
2026-07-16,000997.SZ,SZ_MAIN,2000-08-07,False,False,0,READY,463,1.0,2024-08-15,2026-07-16,sina_daily,qfq,VALID,A,26,0
2026-07-16,000998.SZ,SZ_MAIN,2000-12-11,False,False,0,READY,463,1.0,2024-08-15,2026-07-16,sina_daily,qfq,VALID,A,26,0
2026-07-16,000999.SZ,SZ_MAIN,2000-03-09,False,False,0,READY,463,1.0,2024-08-15,2026-07-16,sina_daily,qfq,VALID,A,26,0
2026-07-16,001201.SZ,SZ_MAIN,2021-04-28,False,False,0,READY,463,1.0,2024-08-15,2026-07-16,sina_daily,qfq,VALID,A,26,0
2026-07-16,001202.SZ,SZ_MAIN,2021-04-29,False,False,0,READY,463,1.0,2024-08-15,2026-07-16,sina_daily,qfq,VALID,A,26,0
2026-07-16,001203.SZ,SZ_MAIN,2021-05-10,False,False,0,READY,463,1.0,2024-08-15,2026-07-16,sina_daily,qfq,VALID,A,26,0
2026-07-16,001205.SZ,SZ_MAIN,2021-05-13,False,False,0,READY,463,1.0,2024-08-15,2026-07-16,sina_daily,qfq,VALID,A,26,0
2026-07-16,001206.SZ,SZ_MAIN,2021-05-18,False,False,0,READY,454,0.964,2024-08-15,2026-07-16,sina_daily,qfq,VALID,A,26,0
2026-07-16,001207.SZ,SZ_MAIN,2021-06-23,False,False,0,READY,463,1.0,2024-08-15,2026-07-16,sina_daily,qfq,VALID,A,26,0
2026-07-16,001208.SZ,SZ_MAIN,2021-06-24,False,False,0,READY,463,1.0,2024-08-15,2026-07-16,sina_daily,qfq,VALID,A,26,0
2026-07-16,001209.SZ,SZ_MAIN,2021-07-23,False,False,0,READY,463,1.0,2024-08-15,2026-07-16,sina_daily,qfq,VALID,A,26,0
2026-07-16,001210.SZ,SZ_MAIN,2021-07-29,False,False,0,READY,463,1.0,2024-08-15,2026-07-16,sina_daily,qfq,VALID,A,26,0
2026-07-16,001211.SZ,SZ_MAIN,2021-08-05,False,False,0,READY,463,1.0,2024-08-15,2026-07-16,sina_daily,qfq,VALID,A,26,0
2026-07-16,001212.SZ,SZ_MAIN,2021-08-23,False,False,0,READY,461,1.0,2024-08-15,2026-07-16,sina_daily,qfq,VALID,A,26,0
2026-07-16,001213.SZ,SZ_MAIN,2021-09-08,False,False,0,READY,463,1.0,2024-08-15,2026-07-16,sina_daily,qfq,VALID,A,26,0
2026-07-16,001215.SZ,SZ_MAIN,2021-09-06,False,False,0,READY,463,1.0,2024-08-15,2026-07-16,sina_daily,qfq,VALID,A,26,0
2026-07-16,001216.SZ,SZ_MAIN,2021-10-19,False,False,0,READY,463,1.0,2024-08-15,2026-07-16,sina_daily,qfq,VALID,A,26,0
2026-07-16,001217.SZ,SZ_MAIN,2021-09-29,False,False,0,READY,463,1.0,2024-08-15,2026-07-16,sina_daily,qfq,VALID,A,26,0
2026-07-16,001218.SZ,SZ_MAIN,2021-10-15,False,False,0,READY,463,1.0,2024-08-15,2026-07-16,sina_daily,qfq,VALID,A,26,0
2026-07-16,001219.SZ,SZ_MAIN,2021-10-21,False,False,0,READY,463,1.0,2024-08-15,2026-07-16,sina_daily,qfq,VALID,A,26,0
2026-07-16,001220.SZ,SZ_MAIN,2026-02-03,False,False,0,READY,107,1.0,2026-02-03,2026-07-16,sina_daily,qfq,PARTIAL,B,20,6
2026-07-16,001221.SZ,SZ_MAIN,2025-07-30,False,False,0,READY,233,1.0,2025-07-30,2026-07-16,sina_daily,qfq,PARTIAL,B,24,2
2026-07-16,001222.SZ,SZ_MAIN,2022-08-18,False,False,0,READY,463,1.0,2024-08-15,2026-07-16,sina_daily,qfq,VALID,A,26,0
2026-07-16,001223.SZ,SZ_MAIN,2022-12-12,False,False,0,READY,463,1.0,2024-08-15,2026-07-16,sina_daily,qfq,VALID,A,26,0
2026-07-16,001225.SZ,SZ_MAIN,2023-02-22,False,False,0,READY,463,1.0,2024-08-15,2026-07-16,sina_daily,qfq,VALID,A,26,0
2026-07-16,001226.SZ,SZ_MAIN,2022-06-22,False,False,0,READY,463,1.0,2024-08-15,2026-07-16,sina_daily,qfq,VALID,A,26,0
2026-07-16,001227.SZ,SZ_MAIN,2022-01-17,False,False,0,READY,463,1.0,2024-08-15,2026-07-16,sina_daily,qfq,VALID,A,26,0
2026-07-16,001228.SZ,SZ_MAIN,2022-04-29,False,False,0,READY,463,1.0,2024-08-15,2026-07-16,sina_daily,qfq,VALID,A,26,0
2026-07-16,001229.SZ,SZ_MAIN,2022-08-08,False,False,0,READY,463,1.0,2024-08-15,2026-07-16,sina_daily,qfq,VALID,A,26,0
2026-07-16,001230.SZ,SZ_MAIN,2022-07-15,False,False,0,READY,463,1.0,2024-08-15,2026-07-16,sina_daily,qfq,VALID,A,26,0
2026-07-16,001231.SZ,SZ_MAIN,2022-08-19,False,False,0,READY,463,1.0,2024-08-15,2026-07-16,sina_daily,qfq,VALID,A,26,0
2026-07-16,001233.SZ,SZ_MAIN,2025-11-25,False,False,0,READY,155,1.0,2025-11-25,2026-07-16,sina_daily,qfq,PARTIAL,B,24,2
2026-07-16,001234.SZ,SZ_MAIN,2022-01-11,False,False,0,READY,463,1.0,2024-08-15,2026-07-16,sina_daily,qfq,VALID,A,26,0
2026-07-16,001236.SZ,SZ_MAIN,2022-08-05,False,False,0,READY,463,1.0,2024-08-15,2026-07-16,sina_daily,qfq,VALID,A,26,0
2026-07-16,001237.SZ,SZ_MAIN,2026-05-22,False,False,0,READY,39,1.0,2026-05-22,2026-07-16,sina_daily,qfq,PARTIAL,B,7,19
2026-07-16,001238.SZ,SZ_MAIN,2022-09-19,False,False,0,READY,463,1.0,2024-08-15,2026-07-16,sina_daily,qfq,VALID,A,26,0
2026-07-16,001239.SZ,SZ_MAIN,2023-12-12,False,False,0,READY,463,1.0,2024-08-15,2026-07-16,sina_daily,qfq,VALID,A,26,0
2026-07-16,001248.SZ,SZ_MAIN,2026-07-02,False,False,0,READY,11,1.0,2026-07-02,2026-07-16,sina_daily,qfq,PARTIAL,B,4,22
2026-07-16,001255.SZ,SZ_MAIN,2022-09-30,False,False,0,READY,463,1.0,2024-08-15,2026-07-16,sina_daily,qfq,VALID,A,26,0
2026-07-16,001256.SZ,SZ_MAIN,2022-12-05,False,False,0,READY,463,1.0,2024-08-15,2026-07-16,sina_daily,qfq,VALID,A,26,0
2026-07-16,001257.SZ,SZ_MAIN,2026-03-31,False,False,0,READY,73,1.0,2026-03-31,2026-07-16,sina_daily,qfq,PARTIAL,B,17,9
2026-07-16,001258.SZ,SZ_MAIN,2022-07-27,False,False,0,READY,463,1.0,2024-08-15,2026-07-16,sina_daily,qfq,VALID,A,26,0
2026-07-16,001259.SZ,SZ_MAIN,2022-08-31,False,False,0,READY,463,1.0,2024-08-15,2026-07-16,sina_daily,qfq,VALID,A,26,0
2026-07-16,001260.SZ,SZ_MAIN,2023-02-16,False,False,0,READY,463,1.0,2024-08-15,2026-07-16,sina_daily,qfq,VALID,A,26,0
2026-07-16,001266.SZ,SZ_MAIN,2022-02-28,False,False,0,READY,463,1.0,2024-08-15,2026-07-16,sina_daily,qfq,VALID,A,26,0
2026-07-16,001267.SZ,SZ_MAIN,2021-11-17,False,False,0,READY,459,0.984,2024-08-15,2026-07-16,sina_daily,qfq,VALID,A,26,0
2026-07-16,001268.SZ,SZ_MAIN,2022-06-30,False,False,0,READY,463,1.0,2024-08-15,2026-07-16,sina_daily,qfq,VALID,A,26,0
2026-07-16,001269.SZ,SZ_MAIN,2022-09-30,False,False,0,READY,463,1.0,2024-08-15,2026-07-16,sina_daily,qfq,VALID,A,26,0
2026-07-16,001270.SZ,SZ_MAIN,2022-06-06,False,False,0,READY,458,0.984,2024-08-15,2026-07-16,sina_daily,qfq,VALID,A,26,0
2026-07-16,001277.SZ,SZ_MAIN,2024-09-03,False,False,0,READY,450,1.0,2024-09-03,2026-07-16,sina_daily,qfq,VALID,A,26,0
2026-07-16,001278.SZ,SZ_MAIN,2023-03-08,False,False,0,READY,463,1.0,2024-08-15,2026-07-16,sina_daily,qfq,VALID,A,26,0
2026-07-16,001279.SZ,SZ_MAIN,2024-10-11,False,False,0,READY,429,1.0,2024-10-11,2026-07-16,sina_daily,qfq,VALID,A,26,0
2026-07-16,001280.SZ,SZ_MAIN,2025-12-03,False,False,0,READY,149,1.0,2025-12-03,2026-07-16,sina_daily,qfq,PARTIAL,B,24,2
2026-07-16,001282.SZ,SZ_MAIN,2023-05-24,False,False,0,READY,463,1.0,2024-08-15,2026-07-16,sina_daily,qfq,VALID,A,26,0
2026-07-16,001283.SZ,SZ_MAIN,2022-09-05,False,False,0,READY,463,1.0,2024-08-15,2026-07-16,sina_daily,qfq,VALID,A,26,0
2026-07-16,001285.SZ,SZ_MAIN,2025-09-30,False,False,0,READY,179,0.94708995,2025-09-30,2026-07-16,sina_daily,qfq,PARTIAL,B,24,2
2026-07-16,001286.SZ,SZ_MAIN,2023-04-10,False,False,0,READY,463,1.0,2024-08-15,2026-07-16,sina_daily,qfq,VALID,A,26,0
2026-07-16,001287.SZ,SZ_MAIN,2023-04-10,False,False,0,READY,463,1.0,2024-08-15,2026-07-16,sina_daily,qfq,VALID,A,26,0
2026-07-16,001288.SZ,SZ_MAIN,2021-11-01,False,False,0,READY,463,1.0,2024-08-15,2026-07-16,sina_daily,qfq,VALID,A,26,0
2026-07-16,001289.SZ,SZ_MAIN,2022-01-24,False,False,0,READY,463,1.0,2024-08-15,2026-07-16,sina_daily,qfq,VALID,A,26,0
2026-07-16,001296.SZ,SZ_MAIN,2021-12-24,False,False,0,READY,463,1.0,2024-08-15,2026-07-16,sina_daily,qfq,VALID,A,26,0
2026-07-16,001298.SZ,SZ_MAIN,2022-10-31,False,False,0,READY,463,1.0,2024-08-15,2026-07-16,sina_daily,qfq,VALID,A,26,0
2026-07-16,001299.SZ,SZ_MAIN,2022-10-31,False,False,0,READY,463,1.0,2024-08-15,2026-07-16,sina_daily,qfq,VALID,A,26,0
2026-07-16,001300.SZ,SZ_MAIN,2022-10-19,False,False,0,READY,463,1.0,2024-08-15,2026-07-16,sina_daily,qfq,VALID,A,26,0
2026-07-16,001301.SZ,SZ_MAIN,2022-12-28,False,False,0,READY,463,1.0,2024-08-15,2026-07-16,sina_daily,qfq,VALID,A,26,0
2026-07-16,001306.SZ,SZ_MAIN,2023-11-16,False,False,0,READY,463,1.0,2024-08-15,2026-07-16,sina_daily,qfq,VALID,A,26,0
2026-07-16,001308.SZ,SZ_MAIN,2022-03-18,False,False,0,READY,463,1.0,2024-08-15,2026-07-16,sina_daily,qfq,VALID,A,26,0
2026-07-16,001309.SZ,SZ_MAIN,2022-07-01,False,False,0,READY,463,1.0,2024-08-15,2026-07-16,sina_daily,qfq,VALID,A,26,0
2026-07-16,001311.SZ,SZ_MAIN,2023-02-27,False,False,0,READY,463,1.0,2024-08-15,2026-07-16,sina_daily,qfq,VALID,A,26,0
2026-07-16,001312.SZ,SZ_MAIN,2026-04-21,False,False,0,READY,59,1.0,2026-04-21,2026-07-16,sina_daily,qfq,PARTIAL,B,16,10
2026-07-16,001313.SZ,SZ_MAIN,2022-02-16,False,False,0,READY,463,1.0,2024-08-15,2026-07-16,sina_daily,qfq,VALID,A,26,0
2026-07-16,001314.SZ,SZ_MAIN,2023-02-14,False,False,0,READY,454,0.964,2024-08-15,2026-07-16,sina_daily,qfq,VALID,A,26,0
2026-07-16,001316.SZ,SZ_MAIN,2022-06-24,False,False,0,READY,463,1.0,2024-08-15,2026-07-16,sina_daily,qfq,VALID,A,26,0
2026-07-16,001317.SZ,SZ_MAIN,2021-11-30,False,False,0,READY,463,1.0,2024-08-15,2026-07-16,sina_daily,qfq,VALID,A,26,0
2026-07-16,001318.SZ,SZ_MAIN,2022-05-20,False,False,0,READY,463,1.0,2024-08-15,2026-07-16,sina_daily,qfq,VALID,A,26,0
2026-07-16,001319.SZ,SZ_MAIN,2022-05-12,False,False,0,READY,463,1.0,2024-08-15,2026-07-16,sina_daily,qfq,VALID,A,26,0
2026-07-16,001322.SZ,SZ_MAIN,2022-10-26,False,False,0,READY,463,1.0,2024-08-15,2026-07-16,sina_daily,qfq,VALID,A,26,0
2026-07-16,001323.SZ,SZ_MAIN,2022-06-23,False,False,0,READY,463,1.0,2024-08-15,2026-07-16,sina_daily,qfq,VALID,A,26,0
2026-07-16,001324.SZ,SZ_MAIN,2023-05-22,False,False,0,READY,463,1.0,2024-08-15,2026-07-16,sina_daily,qfq,VALID,A,26,0
2026-07-16,001325.SZ,SZ_MAIN,2025-12-18,False,False,0,READY,138,1.0,2025-12-18,2026-07-16,sina_daily,qfq,PARTIAL,B,24,2
2026-07-16,001326.SZ,SZ_MAIN,2023-11-09,False,False,0,READY,463,1.0,2024-08-15,2026-07-16,sina_daily,qfq,VALID,A,26,0
2026-07-16,001328.SZ,SZ_MAIN,2023-04-10,False,False,0,READY,463,1.0,2024-08-15,2026-07-16,sina_daily,qfq,VALID,A,26,0
2026-07-16,001330.SZ,SZ_MAIN,2022-08-18,False,False,0,READY,463,1.0,2024-08-15,2026-07-16,sina_daily,qfq,VALID,A,26,0
2026-07-16,001331.SZ,SZ_MAIN,2022-09-08,False,False,0,READY,434,0.884,2024-08-15,2026-07-16,sina_daily,qfq,PARTIAL,B,26,0
2026-07-16,001332.SZ,SZ_MAIN,2022-09-20,False,False,0,READY,463,1.0,2024-08-15,2026-07-16,sina_daily,qfq,VALID,A,26,0
2026-07-16,001333.SZ,SZ_MAIN,2022-12-08,False,False,0,READY,463,1.0,2024-08-15,2026-07-16,sina_daily,qfq,VALID,A,26,0
2026-07-16,001335.SZ,SZ_MAIN,2025-04-15,False,False,0,READY,305,1.0,2025-04-15,2026-07-16,sina_daily,qfq,VALID,A,26,0
2026-07-16,001336.SZ,SZ_MAIN,2022-07-25,False,False,0,READY,463,1.0,2024-08-15,2026-07-16,sina_daily,qfq,VALID,A,26,0
2026-07-16,001337.SZ,SZ_MAIN,2023-03-03,False,False,0,READY,463,1.0,2024-08-15,2026-07-16,sina_daily,qfq,VALID,A,26,0
2026-07-16,001338.SZ,SZ_MAIN,2022-11-16,False,False,0,READY,463,1.0,2024-08-15,2026-07-16,sina_daily,qfq,VALID,A,26,0
2026-07-16,001339.SZ,SZ_MAIN,2022-08-15,False,False,0,READY,463,1.0,2024-08-15,2026-07-16,sina_daily,qfq,VALID,A,26,0
2026-07-16,001356.SZ,SZ_MAIN,2025-01-23,False,False,0,READY,356,1.0,2025-01-23,2026-07-16,sina_daily,qfq,VALID,A,26,0
2026-07-16,001358.SZ,SZ_MAIN,2023-12-21,False,False,0,READY,463,1.0,2024-08-15,2026-07-16,sina_daily,qfq,VALID,A,26,0
2026-07-16,001359.SZ,SZ_MAIN,2024-03-28,False,False,0,READY,463,1.0,2024-08-15,2026-07-16,sina_daily,qfq,VALID,A,26,0
2026-07-16,001360.SZ,SZ_MAIN,2023-04-10,False,False,0,READY,463,1.0,2024-08-15,2026-07-16,sina_daily,qfq,VALID,A,26,0
2026-07-16,001365.SZ,SZ_MAIN,2026-05-18,False,False,0,READY,43,1.0,2026-05-18,2026-07-16,sina_daily,qfq,PARTIAL,B,16,10
2026-07-16,001366.SZ,SZ_MAIN,2023-03-07,False,False,0,READY,463,1.0,2024-08-15,2026-07-16,sina_daily,qfq,VALID,A,26,0
2026-07-16,001367.SZ,SZ_MAIN,2023-04-10,False,False,0,READY,463,1.0,2024-08-15,2026-07-16,sina_daily,qfq,VALID,A,26,0
2026-07-16,001368.SZ,SZ_MAIN,2023-03-13,False,False,0,READY,463,1.0,2024-08-15,2026-07-16,sina_daily,qfq,VALID,A,26,0
2026-07-16,001369.SZ,SZ_MAIN,2025-12-30,False,False,0,READY,130,1.0,2025-12-30,2026-07-16,sina_daily,qfq,PARTIAL,B,24,2
2026-07-16,001373.SZ,SZ_MAIN,2023-06-01,False,False,0,READY,463,1.0,2024-08-15,2026-07-16,sina_daily,qfq,VALID,A,26,0
2026-07-16,001376.SZ,SZ_MAIN,2023-11-03,False,False,0,READY,463,1.0,2024-08-15,2026-07-16,sina_daily,qfq,VALID,A,26,0
2026-07-16,001378.SZ,SZ_MAIN,2023-10-30,False,False,0,READY,463,1.0,2024-08-15,2026-07-16,sina_daily,qfq,VALID,A,26,0
2026-07-16,001379.SZ,SZ_MAIN,2024-01-19,False,False,0,READY,463,1.0,2024-08-15,2026-07-16,sina_daily,qfq,VALID,A,26,0
2026-07-16,001380.SZ,SZ_MAIN,2023-05-16,False,False,0,READY,463,1.0,2024-08-15,2026-07-16,sina_daily,qfq,VALID,A,26,0
2026-07-16,001382.SZ,SZ_MAIN,2025-03-21,False,False,0,READY,321,1.0,2025-03-21,2026-07-16,sina_daily,qfq,VALID,A,26,0
2026-07-16,001386.SZ,SZ_MAIN,2025-10-22,False,False,0,READY,179,1.0,2025-10-22,2026-07-16,sina_daily,qfq,PARTIAL,B,24,2
2026-07-16,001387.SZ,SZ_MAIN,2024-01-11,False,False,0,READY,463,1.0,2024-08-15,2026-07-16,sina_daily,qfq,VALID,A,26,0
2026-07-16,001388.SZ,SZ_MAIN,2025-07-01,False,False,0,READY,254,1.0,2025-07-01,2026-07-16,sina_daily,qfq,VALID,A,26,0
2026-07-16,001389.SZ,SZ_MAIN,2024-04-02,False,False,0,READY,463,1.0,2024-08-15,2026-07-16,sina_daily,qfq,VALID,A,26,0
2026-07-16,001390.SZ,SZ_MAIN,2025-05-29,False,False,0,READY,276,1.0,2025-05-29,2026-07-16,sina_daily,qfq,VALID,A,26,0
2026-07-16,001391.SZ,SZ_MAIN,2024-12-30,False,False,0,READY,373,1.0,2024-12-30,2026-07-16,sina_daily,qfq,VALID,A,26,0
2026-07-16,001393.SZ,SZ_MAIN,2026-05-15,False,False,0,READY,44,1.0,2026-05-15,2026-07-16,sina_daily,qfq,PARTIAL,B,16,10
2026-07-16,001395.SZ,SZ_MAIN,2025-01-27,False,False,0,READY,354,1.0,2025-01-27,2026-07-16,sina_daily,qfq,VALID,A,26,0
2026-07-16,001396.SZ,SZ_MAIN,2025-12-30,False,False,0,READY,130,1.0,2025-12-30,2026-07-16,sina_daily,qfq,PARTIAL,B,24,2
2026-07-16,001399.SZ,SZ_MAIN,2026-06-26,False,False,0,READY,15,1.0,2026-06-26,2026-07-16,sina_daily,qfq,PARTIAL,B,4,22
2026-07-16,001400.SZ,SZ_MAIN,2025-04-24,False,False,0,READY,298,1.0,2025-04-24,2026-07-16,sina_daily,qfq,VALID,A,26,0
2026-07-16,001696.SZ,SZ_MAIN,1997-03-06,False,False,0,READY,463,1.0,2024-08-15,2026-07-16,sina_daily,qfq,VALID,A,26,0
2026-07-16,001872.SZ,SZ_MAIN,1993-05-05,False,False,0,READY,463,1.0,2024-08-15,2026-07-16,sina_daily,qfq,VALID,A,26,0
2026-07-16,001896.SZ,SZ_MAIN,1998-01-22,False,False,0,READY,463,1.0,2024-08-15,2026-07-16,sina_daily,qfq,VALID,A,26,0
2026-07-16,001914.SZ,SZ_MAIN,1994-09-28,False,False,0,READY,463,1.0,2024-08-15,2026-07-16,sina_daily,qfq,VALID,A,26,0
2026-07-16,001965.SZ,SZ_MAIN,2017-12-25,False,False,0,READY,463,1.0,2024-08-15,2026-07-16,sina_daily,qfq,VALID,A,26,0
2026-07-16,001979.SZ,SZ_MAIN,2015-12-30,False,False,0,READY,463,1.0,2024-08-15,2026-07-16,sina_daily,qfq,VALID,A,26,0
2026-07-16,002001.SZ,SZ_MAIN,2004-06-25,False,False,0,READY,463,1.0,2024-08-15,2026-07-16,sina_daily,qfq,VALID,A,26,0
2026-07-16,002003.SZ,SZ_MAIN,2004-06-25,False,False,0,READY,463,1.0,2024-08-15,2026-07-16,sina_daily,qfq,VALID,A,26,0
2026-07-16,002004.SZ,SZ_MAIN,2004-06-25,False,False,0,READY,463,1.0,2024-08-15,2026-07-16,sina_daily,qfq,VALID,A,26,0
2026-07-16,002005.SZ,SZ_MAIN,2004-06-25,False,False,0,READY,462,0.996,2024-08-15,2026-07-16,sina_daily,qfq,VALID,A,26,0
2026-07-16,002006.SZ,SZ_MAIN,2004-06-25,False,False,0,READY,463,1.0,2024-08-15,2026-07-16,sina_daily,qfq,VALID,A,26,0
2026-07-16,002007.SZ,SZ_MAIN,2004-06-25,False,False,0,READY,463,1.0,2024-08-15,2026-07-16,sina_daily,qfq,VALID,A,26,0
2026-07-16,002008.SZ,SZ_MAIN,2004-06-25,False,False,0,READY,463,1.0,2024-08-15,2026-07-16,sina_daily,qfq,VALID,A,26,0
2026-07-16,002009.SZ,SZ_MAIN,2004-06-29,False,False,0,READY,463,1.0,2024-08-15,2026-07-16,sina_daily,qfq,VALID,A,26,0
2026-07-16,002010.SZ,SZ_MAIN,2004-06-29,False,False,0,READY,463,1.0,2024-08-15,2026-07-16,sina_daily,qfq,VALID,A,26,0
2026-07-16,002011.SZ,SZ_MAIN,2004-07-05,False,False,0,READY,463,1.0,2024-08-15,2026-07-16,sina_daily,qfq,VALID,A,26,0
2026-07-16,002012.SZ,SZ_MAIN,2004-07-05,False,False,0,READY,463,1.0,2024-08-15,2026-07-16,sina_daily,qfq,VALID,A,26,0
2026-07-16,002014.SZ,SZ_MAIN,2004-07-08,False,False,0,READY,463,1.0,2024-08-15,2026-07-16,sina_daily,qfq,VALID,A,26,0
2026-07-16,002015.SZ,SZ_MAIN,2004-07-08,False,False,0,READY,463,1.0,2024-08-15,2026-07-16,sina_daily,qfq,VALID,A,26,0
2026-07-16,002016.SZ,SZ_MAIN,2004-07-08,False,False,0,READY,459,1.0,2024-08-15,2026-07-16,sina_daily,qfq,VALID,A,26,0
2026-07-16,002017.SZ,SZ_MAIN,2004-07-13,False,False,0,READY,463,1.0,2024-08-15,2026-07-16,sina_daily,qfq,VALID,A,26,0
2026-07-16,002019.SZ,SZ_MAIN,2004-07-13,False,False,0,READY,463,1.0,2024-08-15,2026-07-16,sina_daily,qfq,VALID,A,26,0
2026-07-16,002020.SZ,SZ_MAIN,2004-07-15,False,False,0,READY,463,1.0,2024-08-15,2026-07-16,sina_daily,qfq,VALID,A,26,0
2026-07-16,002021.SZ,SZ_MAIN,2004-07-15,False,False,0,READY,463,1.0,2024-08-15,2026-07-16,sina_daily,qfq,VALID,A,26,0
2026-07-16,002022.SZ,SZ_MAIN,2004-07-21,False,False,0,READY,463,1.0,2024-08-15,2026-07-16,sina_daily,qfq,VALID,A,26,0
2026-07-16,002023.SZ,SZ_MAIN,2004-07-21,False,False,0,READY,463,1.0,2024-08-15,2026-07-16,sina_daily,qfq,VALID,A,26,0
2026-07-16,002024.SZ,SZ_MAIN,2004-07-21,True,False,0,READY,463,1.0,2024-08-15,2026-07-16,sina_daily,qfq,VALID,A,26,0
2026-07-16,002025.SZ,SZ_MAIN,2004-07-26,False,False,0,READY,463,1.0,2024-08-15,2026-07-16,sina_daily,qfq,VALID,A,26,0
2026-07-16,002026.SZ,SZ_MAIN,2004-07-27,False,False,0,READY,463,1.0,2024-08-15,2026-07-16,sina_daily,qfq,VALID,A,26,0
2026-07-16,002027.SZ,SZ_MAIN,2004-08-04,False,False,0,READY,463,1.0,2024-08-15,2026-07-16,sina_daily,qfq,VALID,A,26,0
2026-07-16,002028.SZ,SZ_MAIN,2004-08-05,False,False,0,READY,463,1.0,2024-08-15,2026-07-16,sina_daily,qfq,VALID,A,26,0
2026-07-16,002029.SZ,SZ_MAIN,2004-08-06,False,False,0,READY,463,1.0,2024-08-15,2026-07-16,sina_daily,qfq,VALID,A,26,0
2026-07-16,002030.SZ,SZ_MAIN,2004-08-09,False,False,0,READY,463,1.0,2024-08-15,2026-07-16,sina_daily,qfq,VALID,A,26,0
2026-07-16,002031.SZ,SZ_MAIN,2004-08-16,False,False,0,READY,463,1.0,2024-08-15,2026-07-16,sina_daily,qfq,VALID,A,26,0
2026-07-16,002032.SZ,SZ_MAIN,2004-08-17,False,False,0,READY,463,1.0,2024-08-15,2026-07-16,sina_daily,qfq,VALID,A,26,0
2026-07-16,002033.SZ,SZ_MAIN,2004-08-25,False,False,0,READY,463,1.0,2024-08-15,2026-07-16,sina_daily,qfq,VALID,A,26,0
2026-07-16,002034.SZ,SZ_MAIN,2004-08-26,False,False,0,READY,463,1.0,2024-08-15,2026-07-16,sina_daily,qfq,VALID,A,26,0
2026-07-16,002035.SZ,SZ_MAIN,2004-09-01,False,False,0,READY,463,1.0,2024-08-15,2026-07-16,sina_daily,qfq,VALID,A,26,0
2026-07-16,002036.SZ,SZ_MAIN,2004-09-03,False,False,0,READY,458,0.98,2024-08-15,2026-07-16,sina_daily,qfq,VALID,A,26,0
2026-07-16,002037.SZ,SZ_MAIN,2004-09-08,False,False,0,READY,463,1.0,2024-08-15,2026-07-16,sina_daily,qfq,VALID,A,26,0
2026-07-16,002038.SZ,SZ_MAIN,2004-09-09,False,False,0,READY,463,1.0,2024-08-15,2026-07-16,sina_daily,qfq,VALID,A,26,0
2026-07-16,002039.SZ,SZ_MAIN,2005-03-03,False,False,0,READY,463,1.0,2024-08-15,2026-07-16,sina_daily,qfq,VALID,A,26,0
2026-07-16,002040.SZ,SZ_MAIN,2005-03-25,False,False,0,READY,463,1.0,2024-08-15,2026-07-16,sina_daily,qfq,VALID,A,26,0
2026-07-16,002041.SZ,SZ_MAIN,2005-04-18,False,False,0,READY,463,1.0,2024-08-15,2026-07-16,sina_daily,qfq,VALID,A,26,0
2026-07-16,002042.SZ,SZ_MAIN,2005-04-27,False,False,0,READY,463,1.0,2024-08-15,2026-07-16,sina_daily,qfq,VALID,A,26,0
2026-07-16,002043.SZ,SZ_MAIN,2005-05-10,False,False,0,READY,463,1.0,2024-08-15,2026-07-16,sina_daily,qfq,VALID,A,26,0
2026-07-16,002044.SZ,SZ_MAIN,2005-05-18,False,False,0,READY,463,1.0,2024-08-15,2026-07-16,sina_daily,qfq,VALID,A,26,0
2026-07-16,002045.SZ,SZ_MAIN,2005-05-23,False,False,0,READY,463,1.0,2024-08-15,2026-07-16,sina_daily,qfq,VALID,A,26,0
2026-07-16,002046.SZ,SZ_MAIN,2005-05-26,False,False,0,READY,463,1.0,2024-08-15,2026-07-16,sina_daily,qfq,VALID,A,26,0
2026-07-16,002047.SZ,SZ_MAIN,2005-05-31,False,False,0,READY,452,0.976,2024-08-15,2026-07-16,sina_daily,qfq,VALID,A,26,0
2026-07-16,002048.SZ,SZ_MAIN,2005-06-03,False,False,0,READY,463,1.0,2024-08-15,2026-07-16,sina_daily,qfq,VALID,A,26,0
2026-07-16,002049.SZ,SZ_MAIN,2005-06-06,False,False,0,READY,453,0.96,2024-08-15,2026-07-16,sina_daily,qfq,VALID,A,26,0
2026-07-16,002050.SZ,SZ_MAIN,2005-06-07,False,False,0,READY,463,1.0,2024-08-15,2026-07-16,sina_daily,qfq,VALID,A,26,0
2026-07-16,002051.SZ,SZ_MAIN,2006-06-19,False,False,0,READY,463,1.0,2024-08-15,2026-07-16,sina_daily,qfq,VALID,A,26,0
2026-07-16,002052.SZ,SZ_MAIN,2006-06-27,False,False,0,READY,462,1.0,2024-08-15,2026-07-16,sina_daily,qfq,VALID,A,26,0
2026-07-16,002053.SZ,SZ_MAIN,2006-06-27,False,False,0,READY,463,1.0,2024-08-15,2026-07-16,sina_daily,qfq,VALID,A,26,0
2026-07-16,002054.SZ,SZ_MAIN,2006-07-25,False,False,0,READY,463,1.0,2024-08-15,2026-07-16,sina_daily,qfq,VALID,A,26,0
2026-07-16,002055.SZ,SZ_MAIN,2006-07-25,True,False,0,READY,462,0.996,2024-08-15,2026-07-16,sina_daily,qfq,VALID,A,26,0
2026-07-16,002056.SZ,SZ_MAIN,2006-08-02,False,False,0,READY,463,1.0,2024-08-15,2026-07-16,sina_daily,qfq,VALID,A,26,0
2026-07-16,002057.SZ,SZ_MAIN,2006-08-02,False,False,0,READY,463,1.0,2024-08-15,2026-07-16,sina_daily,qfq,VALID,A,26,0
2026-07-16,002058.SZ,SZ_MAIN,2006-08-02,False,False,0,READY,461,0.996,2024-08-15,2026-07-16,sina_daily,qfq,VALID,A,26,0
2026-07-16,002059.SZ,SZ_MAIN,2006-08-10,False,False,0,READY,463,1.0,2024-08-15,2026-07-16,sina_daily,qfq,VALID,A,26,0
2026-07-16,002060.SZ,SZ_MAIN,2006-08-10,False,False,0,READY,463,1.0,2024-08-15,2026-07-16,sina_daily,qfq,VALID,A,26,0
2026-07-16,002061.SZ,SZ_MAIN,2006-08-16,False,False,0,READY,463,1.0,2024-08-15,2026-07-16,sina_daily,qfq,VALID,A,26,0
2026-07-16,002062.SZ,SZ_MAIN,2006-08-16,False,False,0,READY,463,1.0,2024-08-15,2026-07-16,sina_daily,qfq,VALID,A,26,0
2026-07-16,002063.SZ,SZ_MAIN,2006-08-23,False,False,0,READY,463,1.0,2024-08-15,2026-07-16,sina_daily,qfq,VALID,A,26,0
2026-07-16,002064.SZ,SZ_MAIN,2006-08-23,False,False,0,READY,459,1.0,2024-08-15,2026-07-16,sina_daily,qfq,VALID,A,26,0
2026-07-16,002065.SZ,SZ_MAIN,2006-08-23,False,False,0,READY,463,1.0,2024-08-15,2026-07-16,sina_daily,qfq,VALID,A,26,0
2026-07-16,002066.SZ,SZ_MAIN,2006-08-23,False,False,0,READY,463,1.0,2024-08-15,2026-07-16,sina_daily,qfq,VALID,A,26,0
2026-07-16,002067.SZ,SZ_MAIN,2006-09-15,False,False,0,READY,463,1.0,2024-08-15,2026-07-16,sina_daily,qfq,VALID,A,26,0
2026-07-16,002068.SZ,SZ_MAIN,2006-09-15,False,False,0,READY,463,1.0,2024-08-15,2026-07-16,sina_daily,qfq,VALID,A,26,0
2026-07-16,002069.SZ,SZ_MAIN,2006-09-28,False,False,0,READY,463,1.0,2024-08-15,2026-07-16,sina_daily,qfq,VALID,A,26,0
2026-07-16,002072.SZ,SZ_MAIN,2006-10-18,False,False,0,READY,463,1.0,2024-08-15,2026-07-16,sina_daily,qfq,VALID,A,26,0
2026-07-16,002073.SZ,SZ_MAIN,2006-10-18,False,False,0,READY,463,1.0,2024-08-15,2026-07-16,sina_daily,qfq,VALID,A,26,0
2026-07-16,002074.SZ,SZ_MAIN,2006-10-18,False,False,0,READY,463,1.0,2024-08-15,2026-07-16,sina_daily,qfq,VALID,A,26,0
2026-07-16,002075.SZ,SZ_MAIN,2006-10-25,False,False,0,READY,463,1.0,2024-08-15,2026-07-16,sina_daily,qfq,VALID,A,26,0
2026-07-16,002076.SZ,SZ_MAIN,2006-10-25,False,False,0,READY,461,0.996,2024-08-15,2026-07-16,sina_daily,qfq,VALID,A,26,0
2026-07-16,002077.SZ,SZ_MAIN,2006-11-16,False,False,0,READY,463,1.0,2024-08-15,2026-07-16,sina_daily,qfq,VALID,A,26,0
2026-07-16,002078.SZ,SZ_MAIN,2006-11-16,False,False,0,READY,463,1.0,2024-08-15,2026-07-16,sina_daily,qfq,VALID,A,26,0
2026-07-16,002079.SZ,SZ_MAIN,2006-11-16,False,False,0,READY,463,1.0,2024-08-15,2026-07-16,sina_daily,qfq,VALID,A,26,0
2026-07-16,002080.SZ,SZ_MAIN,2006-11-20,False,False,0,READY,463,1.0,2024-08-15,2026-07-16,sina_daily,qfq,VALID,A,26,0
2026-07-16,002081.SZ,SZ_MAIN,2006-11-20,False,False,0,READY,463,1.0,2024-08-15,2026-07-16,sina_daily,qfq,VALID,A,26,0
2026-07-16,002082.SZ,SZ_MAIN,2006-11-20,True,False,0,READY,462,0.996,2024-08-15,2026-07-16,sina_daily,qfq,VALID,A,26,0
2026-07-16,002083.SZ,SZ_MAIN,2006-11-24,False,False,0,READY,463,1.0,2024-08-15,2026-07-16,sina_daily,qfq,VALID,A,26,0
2026-07-16,002084.SZ,SZ_MAIN,2006-11-24,False,False,0,READY,463,1.0,2024-08-15,2026-07-16,sina_daily,qfq,VALID,A,26,0
2026-07-16,002085.SZ,SZ_MAIN,2006-11-28,False,False,0,READY,463,1.0,2024-08-15,2026-07-16,sina_daily,qfq,VALID,A,26,0
2026-07-16,002086.SZ,SZ_MAIN,2006-11-28,False,False,0,READY,463,1.0,2024-08-15,2026-07-16,sina_daily,qfq,VALID,A,26,0
2026-07-16,002088.SZ,SZ_MAIN,2006-11-30,False,False,0,READY,463,1.0,2024-08-15,2026-07-16,sina_daily,qfq,VALID,A,26,0
2026-07-16,002090.SZ,SZ_MAIN,2006-12-08,False,False,0,READY,461,0.992,2024-08-15,2026-07-16,sina_daily,qfq,VALID,A,26,0
2026-07-16,002091.SZ,SZ_MAIN,2006-12-08,False,False,0,READY,463,1.0,2024-08-15,2026-07-16,sina_daily,qfq,VALID,A,26,0
2026-07-16,002092.SZ,SZ_MAIN,2006-12-08,False,False,0,READY,462,1.0,2024-08-15,2026-07-16,sina_daily,qfq,VALID,A,26,0
2026-07-16,002093.SZ,SZ_MAIN,2006-12-15,False,False,0,READY,463,1.0,2024-08-15,2026-07-16,sina_daily,qfq,VALID,A,26,0
2026-07-16,002094.SZ,SZ_MAIN,2006-12-15,False,False,0,READY,463,1.0,2024-08-15,2026-07-16,sina_daily,qfq,VALID,A,26,0
2026-07-16,002095.SZ,SZ_MAIN,2006-12-15,False,False,0,READY,463,1.0,2024-08-15,2026-07-16,sina_daily,qfq,VALID,A,26,0
2026-07-16,002096.SZ,SZ_MAIN,2006-12-22,False,False,0,READY,463,1.0,2024-08-15,2026-07-16,sina_daily,qfq,VALID,A,26,0
2026-07-16,002097.SZ,SZ_MAIN,2006-12-22,False,False,0,READY,463,1.0,2024-08-15,2026-07-16,sina_daily,qfq,VALID,A,26,0
2026-07-16,002098.SZ,SZ_MAIN,2006-12-22,False,False,0,READY,463,1.0,2024-08-15,2026-07-16,sina_daily,qfq,VALID,A,26,0
2026-07-16,002099.SZ,SZ_MAIN,2006-12-26,False,False,0,READY,463,1.0,2024-08-15,2026-07-16,sina_daily,qfq,VALID,A,26,0
2026-07-16,002100.SZ,SZ_MAIN,2006-12-26,False,False,0,READY,463,1.0,2024-08-15,2026-07-16,sina_daily,qfq,VALID,A,26,0
2026-07-16,002101.SZ,SZ_MAIN,2006-12-29,False,False,0,READY,463,1.0,2024-08-15,2026-07-16,sina_daily,qfq,VALID,A,26,0
2026-07-16,002102.SZ,SZ_MAIN,2006-12-29,True,False,0,READY,462,0.996,2024-08-15,2026-07-16,sina_daily,qfq,VALID,A,26,0
2026-07-16,002103.SZ,SZ_MAIN,2007-01-10,False,False,0,READY,463,1.0,2024-08-15,2026-07-16,sina_daily,qfq,VALID,A,26,0
2026-07-16,002104.SZ,SZ_MAIN,2007-01-10,False,False,0,READY,463,1.0,2024-08-15,2026-07-16,sina_daily,qfq,VALID,A,26,0
2026-07-16,002105.SZ,SZ_MAIN,2007-01-12,False,False,0,READY,463,1.0,2024-08-15,2026-07-16,sina_daily,qfq,VALID,A,26,0
2026-07-16,002106.SZ,SZ_MAIN,2007-01-12,False,False,0,READY,463,1.0,2024-08-15,2026-07-16,sina_daily,qfq,VALID,A,26,0
2026-07-16,002107.SZ,SZ_MAIN,2007-01-24,False,False,0,READY,463,1.0,2024-08-15,2026-07-16,sina_daily,qfq,VALID,A,26,0
2026-07-16,002108.SZ,SZ_MAIN,2007-01-24,False,False,0,READY,463,1.0,2024-08-15,2026-07-16,sina_daily,qfq,VALID,A,26,0
2026-07-16,002109.SZ,SZ_MAIN,2007-01-26,True,False,0,READY,462,0.996,2024-08-15,2026-07-16,sina_daily,qfq,VALID,A,26,0
2026-07-16,002110.SZ,SZ_MAIN,2007-01-26,False,False,0,READY,463,1.0,2024-08-15,2026-07-16,sina_daily,qfq,VALID,A,26,0
2026-07-16,002111.SZ,SZ_MAIN,2007-01-26,False,False,0,READY,463,1.0,2024-08-15,2026-07-16,sina_daily,qfq,VALID,A,26,0
2026-07-16,002112.SZ,SZ_MAIN,2007-02-08,False,False,0,READY,463,1.0,2024-08-15,2026-07-16,sina_daily,qfq,VALID,A,26,0
2026-07-16,002114.SZ,SZ_MAIN,2007-02-15,False,False,0,READY,459,1.0,2024-08-15,2026-07-16,sina_daily,qfq,VALID,A,26,0
2026-07-16,002115.SZ,SZ_MAIN,2007-02-15,False,False,0,READY,463,1.0,2024-08-15,2026-07-16,sina_daily,qfq,VALID,A,26,0
2026-07-16,002116.SZ,SZ_MAIN,2007-02-15,False,False,0,READY,463,1.0,2024-08-15,2026-07-16,sina_daily,qfq,VALID,A,26,0
2026-07-16,002117.SZ,SZ_MAIN,2007-03-02,False,False,0,READY,463,1.0,2024-08-15,2026-07-16,sina_daily,qfq,VALID,A,26,0
2026-07-16,002119.SZ,SZ_MAIN,2007-03-02,False,False,0,READY,463,1.0,2024-08-15,2026-07-16,sina_daily,qfq,VALID,A,26,0
2026-07-16,002120.SZ,SZ_MAIN,2007-03-06,False,False,0,READY,463,1.0,2024-08-15,2026-07-16,sina_daily,qfq,VALID,A,26,0
2026-07-16,002121.SZ,SZ_MAIN,2007-03-06,False,False,0,READY,463,1.0,2024-08-15,2026-07-16,sina_daily,qfq,VALID,A,26,0
2026-07-16,002122.SZ,SZ_MAIN,2007-03-28,True,False,0,READY,462,0.996,2024-08-15,2026-07-16,sina_daily,qfq,VALID,A,26,0
2026-07-16,002123.SZ,SZ_MAIN,2007-03-28,False,False,0,READY,453,1.0,2024-08-15,2026-07-16,sina_daily,qfq,VALID,A,26,0
2026-07-16,002124.SZ,SZ_MAIN,2007-04-03,False,False,0,READY,462,1.0,2024-08-15,2026-07-16,sina_daily,qfq,VALID,A,26,0
2026-07-16,002125.SZ,SZ_MAIN,2007-04-03,False,False,0,READY,463,1.0,2024-08-15,2026-07-16,sina_daily,qfq,VALID,A,26,0
2026-07-16,002126.SZ,SZ_MAIN,2007-04-18,False,False,0,READY,463,1.0,2024-08-15,2026-07-16,sina_daily,qfq,VALID,A,26,0
2026-07-16,002127.SZ,SZ_MAIN,2007-04-18,False,False,0,READY,463,1.0,2024-08-15,2026-07-16,sina_daily,qfq,VALID,A,26,0
2026-07-16,002128.SZ,SZ_MAIN,2007-04-18,False,False,0,READY,454,1.0,2024-08-15,2026-07-16,sina_daily,qfq,VALID,A,26,0
2026-07-16,002129.SZ,SZ_MAIN,2007-04-20,False,False,0,READY,463,1.0,2024-08-15,2026-07-16,sina_daily,qfq,VALID,A,26,0
2026-07-16,002130.SZ,SZ_MAIN,2007-04-20,False,False,0,READY,463,1.0,2024-08-15,2026-07-16,sina_daily,qfq,VALID,A,26,0
2026-07-16,002131.SZ,SZ_MAIN,2007-04-27,False,False,0,READY,460,0.988,2024-08-15,2026-07-16,sina_daily,qfq,VALID,A,26,0
2026-07-16,002132.SZ,SZ_MAIN,2007-04-27,False,False,0,READY,463,1.0,2024-08-15,2026-07-16,sina_daily,qfq,VALID,A,26,0
2026-07-16,002133.SZ,SZ_MAIN,2007-04-27,False,False,0,READY,463,1.0,2024-08-15,2026-07-16,sina_daily,qfq,VALID,A,26,0
2026-07-16,002134.SZ,SZ_MAIN,2007-05-16,False,False,0,READY,463,1.0,2024-08-15,2026-07-16,sina_daily,qfq,VALID,A,26,0
2026-07-16,002135.SZ,SZ_MAIN,2007-05-30,False,False,0,READY,463,1.0,2024-08-15,2026-07-16,sina_daily,qfq,VALID,A,26,0
2026-07-16,002136.SZ,SZ_MAIN,2007-05-30,False,False,0,READY,463,1.0,2024-08-15,2026-07-16,sina_daily,qfq,VALID,A,26,0
2026-07-16,002137.SZ,SZ_MAIN,2007-06-13,False,False,0,READY,463,1.0,2024-08-15,2026-07-16,sina_daily,qfq,VALID,A,26,0
2026-07-16,002138.SZ,SZ_MAIN,2007-06-13,False,False,0,READY,463,1.0,2024-08-15,2026-07-16,sina_daily,qfq,VALID,A,26,0
2026-07-16,002139.SZ,SZ_MAIN,2007-06-29,False,False,0,READY,463,1.0,2024-08-15,2026-07-16,sina_daily,qfq,VALID,A,26,0
2026-07-16,002140.SZ,SZ_MAIN,2007-07-12,False,False,0,READY,463,1.0,2024-08-15,2026-07-16,sina_daily,qfq,VALID,A,26,0
2026-07-16,002141.SZ,SZ_MAIN,2007-07-20,False,False,0,READY,462,1.0,2024-08-15,2026-07-16,sina_daily,qfq,VALID,A,26,0
2026-07-16,002142.SZ,SZ_MAIN,2007-07-19,False,False,0,READY,463,1.0,2024-08-15,2026-07-16,sina_daily,qfq,VALID,A,26,0
2026-07-16,002144.SZ,SZ_MAIN,2007-08-03,False,False,0,READY,463,1.0,2024-08-15,2026-07-16,sina_daily,qfq,VALID,A,26,0
2026-07-16,002145.SZ,SZ_MAIN,2007-08-03,False,False,0,READY,463,1.0,2024-08-15,2026-07-16,sina_daily,qfq,VALID,A,26,0
2026-07-16,002146.SZ,SZ_MAIN,2007-08-08,False,False,0,READY,463,1.0,2024-08-15,2026-07-16,sina_daily,qfq,VALID,A,26,0
2026-07-16,002148.SZ,SZ_MAIN,2007-08-10,False,False,0,READY,463,1.0,2024-08-15,2026-07-16,sina_daily,qfq,VALID,A,26,0
2026-07-16,002149.SZ,SZ_MAIN,2007-08-10,False,False,0,READY,463,1.0,2024-08-15,2026-07-16,sina_daily,qfq,VALID,A,26,0
2026-07-16,002150.SZ,SZ_MAIN,2007-08-10,False,False,0,READY,463,1.0,2024-08-15,2026-07-16,sina_daily,qfq,VALID,A,26,0
2026-07-16,002151.SZ,SZ_MAIN,2007-08-13,False,False,0,READY,463,1.0,2024-08-15,2026-07-16,sina_daily,qfq,VALID,A,26,0
2026-07-16,002152.SZ,SZ_MAIN,2007-08-13,False,False,0,READY,463,1.0,2024-08-15,2026-07-16,sina_daily,qfq,VALID,A,26,0
2026-07-16,002153.SZ,SZ_MAIN,2007-08-13,False,False,0,READY,460,1.0,2024-08-15,2026-07-16,sina_daily,qfq,VALID,A,26,0
2026-07-16,002154.SZ,SZ_MAIN,2007-08-16,False,False,0,READY,463,1.0,2024-08-15,2026-07-16,sina_daily,qfq,VALID,A,26,0
2026-07-16,002155.SZ,SZ_MAIN,2007-08-16,False,False,0,READY,453,0.96,2024-08-15,2026-07-16,sina_daily,qfq,VALID,A,26,0
2026-07-16,002156.SZ,SZ_MAIN,2007-08-16,False,False,0,READY,463,1.0,2024-08-15,2026-07-16,sina_daily,qfq,VALID,A,26,0
2026-07-16,002157.SZ,SZ_MAIN,2007-08-17,False,False,0,READY,463,1.0,2024-08-15,2026-07-16,sina_daily,qfq,VALID,A,26,0
2026-07-16,002158.SZ,SZ_MAIN,2007-08-17,False,False,0,READY,463,1.0,2024-08-15,2026-07-16,sina_daily,qfq,VALID,A,26,0
2026-07-16,002159.SZ,SZ_MAIN,2007-08-17,False,False,0,READY,463,1.0,2024-08-15,2026-07-16,sina_daily,qfq,VALID,A,26,0
2026-07-16,002160.SZ,SZ_MAIN,2007-08-21,False,False,0,READY,458,0.98,2024-08-15,2026-07-16,sina_daily,qfq,VALID,A,26,0
2026-07-16,002161.SZ,SZ_MAIN,2007-08-21,False,False,0,READY,463,1.0,2024-08-15,2026-07-16,sina_daily,qfq,VALID,A,26,0
2026-07-16,002162.SZ,SZ_MAIN,2007-08-23,False,False,0,READY,463,1.0,2024-08-15,2026-07-16,sina_daily,qfq,VALID,A,26,0
2026-07-16,002163.SZ,SZ_MAIN,2007-08-23,False,False,0,READY,463,1.0,2024-08-15,2026-07-16,sina_daily,qfq,VALID,A,26,0
2026-07-16,002164.SZ,SZ_MAIN,2007-08-23,False,False,0,READY,463,1.0,2024-08-15,2026-07-16,sina_daily,qfq,VALID,A,26,0
2026-07-16,002165.SZ,SZ_MAIN,2007-09-13,False,False,0,READY,463,1.0,2024-08-15,2026-07-16,sina_daily,qfq,VALID,A,26,0
2026-07-16,002166.SZ,SZ_MAIN,2007-09-13,False,False,0,READY,453,0.96,2024-08-15,2026-07-16,sina_daily,qfq,VALID,A,26,0
2026-07-16,002167.SZ,SZ_MAIN,2007-09-13,False,False,0,READY,463,1.0,2024-08-15,2026-07-16,sina_daily,qfq,VALID,A,26,0
2026-07-16,002168.SZ,SZ_MAIN,2007-09-19,True,False,0,READY,460,0.996,2024-08-15,2026-07-16,sina_daily,qfq,VALID,A,26,0
2026-07-16,002169.SZ,SZ_MAIN,2007-09-19,False,False,0,READY,455,0.968,2024-08-15,2026-07-16,sina_daily,qfq,VALID,A,26,0
2026-07-16,002170.SZ,SZ_MAIN,2007-09-19,False,False,0,READY,463,1.0,2024-08-15,2026-07-16,sina_daily,qfq,VALID,A,26,0
2026-07-16,002171.SZ,SZ_MAIN,2007-09-21,False,False,0,READY,463,1.0,2024-08-15,2026-07-16,sina_daily,qfq,VALID,A,26,0
2026-07-16,002172.SZ,SZ_MAIN,2007-09-21,False,False,0,READY,458,0.98,2024-08-15,2026-07-16,sina_daily,qfq,VALID,A,26,0
2026-07-16,002173.SZ,SZ_MAIN,2007-09-25,False,False,0,READY,463,1.0,2024-08-15,2026-07-16,sina_daily,qfq,VALID,A,26,0
2026-07-16,002174.SZ,SZ_MAIN,2007-09-25,False,False,0,READY,463,1.0,2024-08-15,2026-07-16,sina_daily,qfq,VALID,A,26,0
2026-07-16,002175.SZ,SZ_MAIN,2007-10-12,True,False,0,READY,452,0.956,2024-08-15,2026-07-16,sina_daily,qfq,VALID,A,26,0
2026-07-16,002176.SZ,SZ_MAIN,2007-10-12,False,False,0,READY,458,0.98,2024-08-15,2026-07-16,sina_daily,qfq,VALID,A,26,0
2026-07-16,002177.SZ,SZ_MAIN,2007-11-01,False,False,0,READY,463,1.0,2024-08-15,2026-07-16,sina_daily,qfq,VALID,A,26,0
2026-07-16,002178.SZ,SZ_MAIN,2007-11-01,False,False,0,READY,463,1.0,2024-08-15,2026-07-16,sina_daily,qfq,VALID,A,26,0
2026-07-16,002179.SZ,SZ_MAIN,2007-11-01,False,False,0,READY,463,1.0,2024-08-15,2026-07-16,sina_daily,qfq,VALID,A,26,0
2026-07-16,002180.SZ,SZ_MAIN,2007-11-13,False,False,0,READY,463,1.0,2024-08-15,2026-07-16,sina_daily,qfq,VALID,A,26,0
2026-07-16,002181.SZ,SZ_MAIN,2007-11-16,False,False,0,READY,463,1.0,2024-08-15,2026-07-16,sina_daily,qfq,VALID,A,26,0
2026-07-16,002182.SZ,SZ_MAIN,2007-11-13,False,False,0,READY,463,1.0,2024-08-15,2026-07-16,sina_daily,qfq,VALID,A,26,0
2026-07-16,002183.SZ,SZ_MAIN,2007-11-13,False,False,0,READY,463,1.0,2024-08-15,2026-07-16,sina_daily,qfq,VALID,A,26,0
2026-07-16,002184.SZ,SZ_MAIN,2007-11-16,False,False,0,READY,463,1.0,2024-08-15,2026-07-16,sina_daily,qfq,VALID,A,26,0
2026-07-16,002185.SZ,SZ_MAIN,2007-11-20,False,False,0,READY,453,0.96,2024-08-15,2026-07-16,sina_daily,qfq,VALID,A,26,0
2026-07-16,002186.SZ,SZ_MAIN,2007-11-20,False,False,0,READY,463,1.0,2024-08-15,2026-07-16,sina_daily,qfq,VALID,A,26,0
2026-07-16,002187.SZ,SZ_MAIN,2007-11-22,False,False,0,READY,463,1.0,2024-08-15,2026-07-16,sina_daily,qfq,VALID,A,26,0
2026-07-16,002188.SZ,SZ_MAIN,2007-11-22,False,False,0,READY,463,1.0,2024-08-15,2026-07-16,sina_daily,qfq,VALID,A,26,0
2026-07-16,002189.SZ,SZ_MAIN,2007-12-03,False,False,0,READY,463,1.0,2024-08-15,2026-07-16,sina_daily,qfq,VALID,A,26,0
2026-07-16,002190.SZ,SZ_MAIN,2007-12-03,False,False,0,READY,463,1.0,2024-08-15,2026-07-16,sina_daily,qfq,VALID,A,26,0
2026-07-16,002191.SZ,SZ_MAIN,2007-12-05,False,False,0,READY,463,1.0,2024-08-15,2026-07-16,sina_daily,qfq,VALID,A,26,0
2026-07-16,002192.SZ,SZ_MAIN,2007-12-05,False,False,0,READY,463,1.0,2024-08-15,2026-07-16,sina_daily,qfq,VALID,A,26,0
2026-07-16,002193.SZ,SZ_MAIN,2007-12-07,True,False,0,READY,462,0.996,2024-08-15,2026-07-16,sina_daily,qfq,VALID,A,26,0
2026-07-16,002194.SZ,SZ_MAIN,2007-12-07,False,False,0,READY,463,1.0,2024-08-15,2026-07-16,sina_daily,qfq,VALID,A,26,0
2026-07-16,002195.SZ,SZ_MAIN,2007-12-12,False,False,0,READY,463,1.0,2024-08-15,2026-07-16,sina_daily,qfq,VALID,A,26,0
2026-07-16,002196.SZ,SZ_MAIN,2007-12-12,False,False,0,READY,463,1.0,2024-08-15,2026-07-16,sina_daily,qfq,VALID,A,26,0
2026-07-16,002197.SZ,SZ_MAIN,2007-12-18,False,False,0,READY,462,0.996,2024-08-15,2026-07-16,sina_daily,qfq,VALID,A,26,0
2026-07-16,002198.SZ,SZ_MAIN,2007-12-18,True,False,0,READY,462,0.996,2024-08-15,2026-07-16,sina_daily,qfq,VALID,A,26,0
2026-07-16,002199.SZ,SZ_MAIN,2007-12-21,True,False,0,READY,457,1.0,2024-08-15,2026-07-16,sina_daily,qfq,VALID,A,26,0
2026-07-16,002200.SZ,SZ_MAIN,2007-12-21,False,False,0,READY,460,0.992,2024-08-15,2026-07-16,sina_daily,qfq,VALID,A,26,0
2026-07-16,002201.SZ,SZ_MAIN,2007-12-26,False,False,0,READY,463,1.0,2024-08-15,2026-07-16,sina_daily,qfq,VALID,A,26,0
2026-07-16,002202.SZ,SZ_MAIN,2007-12-26,False,False,0,READY,463,1.0,2024-08-15,2026-07-16,sina_daily,qfq,VALID,A,26,0
2026-07-16,002203.SZ,SZ_MAIN,2008-01-16,False,False,0,READY,463,1.0,2024-08-15,2026-07-16,sina_daily,qfq,VALID,A,26,0
2026-07-16,002204.SZ,SZ_MAIN,2008-01-16,False,False,0,READY,463,1.0,2024-08-15,2026-07-16,sina_daily,qfq,VALID,A,26,0
2026-07-16,002205.SZ,SZ_MAIN,2008-01-23,False,False,0,READY,463,1.0,2024-08-15,2026-07-16,sina_daily,qfq,VALID,A,26,0
2026-07-16,002206.SZ,SZ_MAIN,2008-01-23,False,False,0,READY,463,1.0,2024-08-15,2026-07-16,sina_daily,qfq,VALID,A,26,0
2026-07-16,002207.SZ,SZ_MAIN,2008-01-28,True,False,0,READY,462,0.996,2024-08-15,2026-07-16,sina_daily,qfq,VALID,A,26,0
2026-07-16,002208.SZ,SZ_MAIN,2008-01-28,False,False,0,READY,453,1.0,2024-08-15,2026-07-16,sina_daily,qfq,VALID,A,26,0
2026-07-16,002209.SZ,SZ_MAIN,2008-01-30,False,False,0,READY,463,1.0,2024-08-15,2026-07-16,sina_daily,qfq,VALID,A,26,0
2026-07-16,002210.SZ,SZ_MAIN,2008-01-30,False,False,0,READY,463,1.0,2024-08-15,2026-07-16,sina_daily,qfq,VALID,A,26,0
2026-07-16,002211.SZ,SZ_MAIN,2008-02-01,True,False,0,READY,462,1.0,2024-08-15,2026-07-16,sina_daily,qfq,VALID,A,26,0
2026-07-16,002212.SZ,SZ_MAIN,2008-02-01,False,False,0,READY,463,1.0,2024-08-15,2026-07-16,sina_daily,qfq,VALID,A,26,0
2026-07-16,002213.SZ,SZ_MAIN,2008-02-01,False,False,0,READY,463,1.0,2024-08-15,2026-07-16,sina_daily,qfq,VALID,A,26,0
2026-07-16,002214.SZ,SZ_MAIN,2008-02-18,True,False,0,READY,462,1.0,2024-08-15,2026-07-16,sina_daily,qfq,VALID,A,26,0
2026-07-16,002215.SZ,SZ_MAIN,2008-02-18,False,False,0,READY,463,1.0,2024-08-15,2026-07-16,sina_daily,qfq,VALID,A,26,0
2026-07-16,002216.SZ,SZ_MAIN,2008-02-20,False,False,0,READY,463,1.0,2024-08-15,2026-07-16,sina_daily,qfq,VALID,A,26,0
2026-07-16,002217.SZ,SZ_MAIN,2008-02-20,True,False,0,READY,460,0.996,2024-08-15,2026-07-16,sina_daily,qfq,VALID,A,26,0
2026-07-16,002218.SZ,SZ_MAIN,2008-02-28,False,False,0,READY,463,1.0,2024-08-15,2026-07-16,sina_daily,qfq,VALID,A,26,0
2026-07-16,002219.SZ,SZ_MAIN,2008-03-06,False,False,0,READY,463,1.0,2024-08-15,2026-07-16,sina_daily,qfq,VALID,A,26,0
2026-07-16,002221.SZ,SZ_MAIN,2008-03-06,False,False,0,READY,463,1.0,2024-08-15,2026-07-16,sina_daily,qfq,VALID,A,26,0
2026-07-16,002222.SZ,SZ_MAIN,2008-03-19,False,False,0,READY,463,1.0,2024-08-15,2026-07-16,sina_daily,qfq,VALID,A,26,0
2026-07-16,002223.SZ,SZ_MAIN,2008-04-18,False,False,0,READY,463,1.0,2024-08-15,2026-07-16,sina_daily,qfq,VALID,A,26,0
2026-07-16,002224.SZ,SZ_MAIN,2008-04-25,False,False,0,READY,463,1.0,2024-08-15,2026-07-16,sina_daily,qfq,VALID,A,26,0
2026-07-16,002225.SZ,SZ_MAIN,2008-04-25,False,False,0,READY,463,1.0,2024-08-15,2026-07-16,sina_daily,qfq,VALID,A,26,0
2026-07-16,002226.SZ,SZ_MAIN,2008-05-06,False,False,0,READY,463,1.0,2024-08-15,2026-07-16,sina_daily,qfq,VALID,A,26,0
2026-07-16,002227.SZ,SZ_MAIN,2008-05-06,True,False,0,READY,462,0.996,2024-08-15,2026-07-16,sina_daily,qfq,VALID,A,26,0
2026-07-16,002228.SZ,SZ_MAIN,2008-05-08,False,False,0,READY,463,1.0,2024-08-15,2026-07-16,sina_daily,qfq,VALID,A,26,0
2026-07-16,002229.SZ,SZ_MAIN,2008-05-08,False,False,0,READY,463,1.0,2024-08-15,2026-07-16,sina_daily,qfq,VALID,A,26,0
2026-07-16,002230.SZ,SZ_MAIN,2008-05-12,False,False,0,READY,463,1.0,2024-08-15,2026-07-16,sina_daily,qfq,VALID,A,26,0
2026-07-16,002232.SZ,SZ_MAIN,2008-05-09,False,False,0,READY,463,1.0,2024-08-15,2026-07-16,sina_daily,qfq,VALID,A,26,0
2026-07-16,002233.SZ,SZ_MAIN,2008-05-16,False,False,0,READY,463,1.0,2024-08-15,2026-07-16,sina_daily,qfq,VALID,A,26,0
2026-07-16,002234.SZ,SZ_MAIN,2008-05-16,False,False,0,READY,463,1.0,2024-08-15,2026-07-16,sina_daily,qfq,VALID,A,26,0
2026-07-16,002235.SZ,SZ_MAIN,2008-05-16,False,False,0,READY,458,0.98,2024-08-15,2026-07-16,sina_daily,qfq,VALID,A,26,0
2026-07-16,002236.SZ,SZ_MAIN,2008-05-20,False,False,0,READY,463,1.0,2024-08-15,2026-07-16,sina_daily,qfq,VALID,A,26,0
2026-07-16,002237.SZ,SZ_MAIN,2008-05-20,False,False,0,READY,463,1.0,2024-08-15,2026-07-16,sina_daily,qfq,VALID,A,26,0
2026-07-16,002238.SZ,SZ_MAIN,2008-05-26,False,False,0,READY,463,1.0,2024-08-15,2026-07-16,sina_daily,qfq,VALID,A,26,0
2026-07-16,002239.SZ,SZ_MAIN,2008-05-22,False,False,0,READY,463,1.0,2024-08-15,2026-07-16,sina_daily,qfq,VALID,A,26,0
2026-07-16,002240.SZ,SZ_MAIN,2008-05-23,False,False,0,READY,463,1.0,2024-08-15,2026-07-16,sina_daily,qfq,VALID,A,26,0
2026-07-16,002241.SZ,SZ_MAIN,2008-05-22,False,False,0,READY,463,1.0,2024-08-15,2026-07-16,sina_daily,qfq,VALID,A,26,0
2026-07-16,002242.SZ,SZ_MAIN,2008-05-28,False,False,0,READY,463,1.0,2024-08-15,2026-07-16,sina_daily,qfq,VALID,A,26,0
2026-07-16,002243.SZ,SZ_MAIN,2008-05-28,False,False,0,READY,463,1.0,2024-08-15,2026-07-16,sina_daily,qfq,VALID,A,26,0
2026-07-16,002244.SZ,SZ_MAIN,2008-05-29,False,False,0,READY,463,1.0,2024-08-15,2026-07-16,sina_daily,qfq,VALID,A,26,0
2026-07-16,002245.SZ,SZ_MAIN,2008-06-05,False,False,0,READY,463,1.0,2024-08-15,2026-07-16,sina_daily,qfq,VALID,A,26,0
2026-07-16,002246.SZ,SZ_MAIN,2008-06-05,False,False,0,READY,463,1.0,2024-08-15,2026-07-16,sina_daily,qfq,VALID,A,26,0
2026-07-16,002247.SZ,SZ_MAIN,2008-06-12,False,False,0,READY,463,1.0,2024-08-15,2026-07-16,sina_daily,qfq,VALID,A,26,0
2026-07-16,002248.SZ,SZ_MAIN,2008-06-12,False,False,0,READY,463,1.0,2024-08-15,2026-07-16,sina_daily,qfq,VALID,A,26,0
2026-07-16,002249.SZ,SZ_MAIN,2008-06-19,False,False,0,READY,463,1.0,2024-08-15,2026-07-16,sina_daily,qfq,VALID,A,26,0
2026-07-16,002250.SZ,SZ_MAIN,2008-06-19,False,False,0,READY,463,1.0,2024-08-15,2026-07-16,sina_daily,qfq,VALID,A,26,0
2026-07-16,002251.SZ,SZ_MAIN,2008-06-19,False,False,0,READY,461,1.0,2024-08-15,2026-07-16,sina_daily,qfq,VALID,A,26,0
2026-07-16,002252.SZ,SZ_MAIN,2008-06-23,False,False,0,READY,453,1.0,2024-08-15,2026-07-16,sina_daily,qfq,VALID,A,26,0
2026-07-16,002253.SZ,SZ_MAIN,2008-06-23,False,False,0,READY,461,0.996,2024-08-15,2026-07-16,sina_daily,qfq,VALID,A,26,0
2026-07-16,002254.SZ,SZ_MAIN,2008-06-25,False,False,0,READY,463,1.0,2024-08-15,2026-07-16,sina_daily,qfq,VALID,A,26,0
2026-07-16,002255.SZ,SZ_MAIN,2008-06-25,False,False,0,READY,463,1.0,2024-08-15,2026-07-16,sina_daily,qfq,VALID,A,26,0
2026-07-16,002256.SZ,SZ_MAIN,2008-06-25,False,False,0,READY,463,1.0,2024-08-15,2026-07-16,sina_daily,qfq,VALID,A,26,0
2026-07-16,002258.SZ,SZ_MAIN,2008-07-08,False,False,0,READY,463,1.0,2024-08-15,2026-07-16,sina_daily,qfq,VALID,A,26,0
2026-07-16,002259.SZ,SZ_MAIN,2008-07-16,False,False,0,READY,462,1.0,2024-08-15,2026-07-16,sina_daily,qfq,VALID,A,26,0
2026-07-16,002261.SZ,SZ_MAIN,2008-07-23,False,False,0,READY,463,1.0,2024-08-15,2026-07-16,sina_daily,qfq,VALID,A,26,0
2026-07-16,002262.SZ,SZ_MAIN,2008-07-23,False,False,0,READY,463,1.0,2024-08-15,2026-07-16,sina_daily,qfq,VALID,A,26,0
2026-07-16,002263.SZ,SZ_MAIN,2008-07-28,False,False,0,READY,463,1.0,2024-08-15,2026-07-16,sina_daily,qfq,VALID,A,26,0
2026-07-16,002264.SZ,SZ_MAIN,2008-07-31,False,False,0,READY,463,1.0,2024-08-15,2026-07-16,sina_daily,qfq,VALID,A,26,0
2026-07-16,002265.SZ,SZ_MAIN,2008-08-06,False,False,0,READY,463,1.0,2024-08-15,2026-07-16,sina_daily,qfq,VALID,A,26,0
2026-07-16,002266.SZ,SZ_MAIN,2008-08-06,False,False,0,READY,463,1.0,2024-08-15,2026-07-16,sina_daily,qfq,VALID,A,26,0
2026-07-16,002267.SZ,SZ_MAIN,2008-08-13,False,False,0,READY,463,1.0,2024-08-15,2026-07-16,sina_daily,qfq,VALID,A,26,0
2026-07-16,002268.SZ,SZ_MAIN,2008-08-11,False,False,0,READY,463,1.0,2024-08-15,2026-07-16,sina_daily,qfq,VALID,A,26,0
2026-07-16,002269.SZ,SZ_MAIN,2008-08-28,False,False,0,READY,463,1.0,2024-08-15,2026-07-16,sina_daily,qfq,VALID,A,26,0
2026-07-16,002270.SZ,SZ_MAIN,2008-09-05,False,False,0,READY,463,1.0,2024-08-15,2026-07-16,sina_daily,qfq,VALID,A,26,0
2026-07-16,002271.SZ,SZ_MAIN,2008-09-10,False,False,0,READY,463,1.0,2024-08-15,2026-07-16,sina_daily,qfq,VALID,A,26,0
2026-07-16,002272.SZ,SZ_MAIN,2008-09-19,False,False,0,READY,463,1.0,2024-08-15,2026-07-16,sina_daily,qfq,VALID,A,26,0
2026-07-16,002273.SZ,SZ_MAIN,2008-09-19,False,False,0,READY,463,1.0,2024-08-15,2026-07-16,sina_daily,qfq,VALID,A,26,0
2026-07-16,002274.SZ,SZ_MAIN,2008-09-25,False,False,0,READY,463,1.0,2024-08-15,2026-07-16,sina_daily,qfq,VALID,A,26,0
2026-07-16,002275.SZ,SZ_MAIN,2009-07-10,False,False,0,READY,463,1.0,2024-08-15,2026-07-16,sina_daily,qfq,VALID,A,26,0
2026-07-16,002276.SZ,SZ_MAIN,2009-07-10,False,False,0,READY,463,1.0,2024-08-15,2026-07-16,sina_daily,qfq,VALID,A,26,0
2026-07-16,002277.SZ,SZ_MAIN,2009-07-17,False,False,0,READY,453,1.0,2024-08-15,2026-07-16,sina_daily,qfq,VALID,A,26,0
2026-07-16,002278.SZ,SZ_MAIN,2009-08-11,False,False,0,READY,463,1.0,2024-08-15,2026-07-16,sina_daily,qfq,VALID,A,26,0
2026-07-16,002279.SZ,SZ_MAIN,2009-08-11,False,False,0,READY,463,1.0,2024-08-15,2026-07-16,sina_daily,qfq,VALID,A,26,0
2026-07-16,002281.SZ,SZ_MAIN,2009-08-21,False,False,0,READY,463,1.0,2024-08-15,2026-07-16,sina_daily,qfq,VALID,A,26,0
2026-07-16,002282.SZ,SZ_MAIN,2009-08-21,False,False,0,READY,463,1.0,2024-08-15,2026-07-16,sina_daily,qfq,VALID,A,26,0
2026-07-16,002283.SZ,SZ_MAIN,2009-08-21,False,False,0,READY,463,1.0,2024-08-15,2026-07-16,sina_daily,qfq,VALID,A,26,0
2026-07-16,002284.SZ,SZ_MAIN,2009-08-28,False,False,0,READY,463,1.0,2024-08-15,2026-07-16,sina_daily,qfq,VALID,A,26,0
2026-07-16,002285.SZ,SZ_MAIN,2009-08-28,False,False,0,READY,463,1.0,2024-08-15,2026-07-16,sina_daily,qfq,VALID,A,26,0
2026-07-16,002286.SZ,SZ_MAIN,2009-08-28,False,False,0,READY,463,1.0,2024-08-15,2026-07-16,sina_daily,qfq,VALID,A,26,0
2026-07-16,002287.SZ,SZ_MAIN,2009-08-28,False,False,0,READY,463,1.0,2024-08-15,2026-07-16,sina_daily,qfq,VALID,A,26,0
2026-07-16,002289.SZ,SZ_MAIN,2009-09-03,False,False,0,READY,458,0.996,2024-08-15,2026-07-16,sina_daily,qfq,VALID,A,26,0
2026-07-16,002290.SZ,SZ_MAIN,2009-09-03,False,False,0,READY,463,1.0,2024-08-15,2026-07-16,sina_daily,qfq,VALID,A,26,0
2026-07-16,002291.SZ,SZ_MAIN,2009-09-03,False,False,0,READY,463,1.0,2024-08-15,2026-07-16,sina_daily,qfq,VALID,A,26,0
2026-07-16,002292.SZ,SZ_MAIN,2009-09-10,False,False,0,READY,463,1.0,2024-08-15,2026-07-16,sina_daily,qfq,VALID,A,26,0
2026-07-16,002293.SZ,SZ_MAIN,2009-09-10,False,False,0,READY,463,1.0,2024-08-15,2026-07-16,sina_daily,qfq,VALID,A,26,0
2026-07-16,002294.SZ,SZ_MAIN,2009-09-10,False,False,0,READY,463,1.0,2024-08-15,2026-07-16,sina_daily,qfq,VALID,A,26,0
2026-07-16,002295.SZ,SZ_MAIN,2009-09-29,False,False,0,READY,463,1.0,2024-08-15,2026-07-16,sina_daily,qfq,VALID,A,26,0
2026-07-16,002296.SZ,SZ_MAIN,2009-09-29,False,False,0,READY,463,1.0,2024-08-15,2026-07-16,sina_daily,qfq,VALID,A,26,0
2026-07-16,002297.SZ,SZ_MAIN,2009-09-29,False,False,0,READY,463,1.0,2024-08-15,2026-07-16,sina_daily,qfq,VALID,A,26,0
2026-07-16,002298.SZ,SZ_MAIN,2009-09-29,False,False,0,READY,463,1.0,2024-08-15,2026-07-16,sina_daily,qfq,VALID,A,26,0
2026-07-16,002299.SZ,SZ_MAIN,2009-10-21,False,False,0,READY,463,1.0,2024-08-15,2026-07-16,sina_daily,qfq,VALID,A,26,0
2026-07-16,002300.SZ,SZ_MAIN,2009-10-21,False,False,0,READY,463,1.0,2024-08-15,2026-07-16,sina_daily,qfq,VALID,A,26,0
2026-07-16,002301.SZ,SZ_MAIN,2009-10-21,False,False,0,READY,463,1.0,2024-08-15,2026-07-16,sina_daily,qfq,VALID,A,26,0
2026-07-16,002302.SZ,SZ_MAIN,2009-11-03,False,False,0,READY,463,1.0,2024-08-15,2026-07-16,sina_daily,qfq,VALID,A,26,0
2026-07-16,002303.SZ,SZ_MAIN,2009-11-03,False,False,0,READY,463,1.0,2024-08-15,2026-07-16,sina_daily,qfq,VALID,A,26,0
2026-07-16,002304.SZ,SZ_MAIN,2009-11-06,False,False,0,READY,463,1.0,2024-08-15,2026-07-16,sina_daily,qfq,VALID,A,26,0
2026-07-16,002305.SZ,SZ_MAIN,2009-11-06,True,False,0,READY,462,1.0,2024-08-15,2026-07-16,sina_daily,qfq,VALID,A,26,0
2026-07-16,002306.SZ,SZ_MAIN,2009-11-11,True,False,0,READY,461,0.996,2024-08-15,2026-07-16,sina_daily,qfq,VALID,A,26,0
2026-07-16,002307.SZ,SZ_MAIN,2009-11-11,False,False,0,READY,463,1.0,2024-08-15,2026-07-16,sina_daily,qfq,VALID,A,26,0
2026-07-16,002309.SZ,SZ_MAIN,2009-11-27,False,False,0,READY,419,0.996,2024-08-15,2026-07-16,sina_daily,qfq,VALID,A,26,0
2026-07-16,002310.SZ,SZ_MAIN,2009-11-27,False,False,0,READY,461,1.0,2024-08-15,2026-07-16,sina_daily,qfq,VALID,A,26,0
2026-07-16,002311.SZ,SZ_MAIN,2009-11-27,False,False,0,READY,463,1.0,2024-08-15,2026-07-16,sina_daily,qfq,VALID,A,26,0
2026-07-16,002312.SZ,SZ_MAIN,2009-12-03,False,False,0,READY,463,1.0,2024-08-15,2026-07-16,sina_daily,qfq,VALID,A,26,0
2026-07-16,002313.SZ,SZ_MAIN,2009-12-03,False,False,0,READY,463,1.0,2024-08-15,2026-07-16,sina_daily,qfq,VALID,A,26,0
2026-07-16,002314.SZ,SZ_MAIN,2009-12-03,False,False,0,READY,463,1.0,2024-08-15,2026-07-16,sina_daily,qfq,VALID,A,26,0
2026-07-16,002315.SZ,SZ_MAIN,2009-12-09,False,False,0,READY,463,1.0,2024-08-15,2026-07-16,sina_daily,qfq,VALID,A,26,0
2026-07-16,002316.SZ,SZ_MAIN,2009-12-09,False,False,0,READY,462,0.996,2024-08-15,2026-07-16,sina_daily,qfq,VALID,A,26,0
2026-07-16,002317.SZ,SZ_MAIN,2009-12-11,False,False,0,READY,463,1.0,2024-08-15,2026-07-16,sina_daily,qfq,VALID,A,26,0
2026-07-16,002318.SZ,SZ_MAIN,2009-12-11,False,False,0,READY,463,1.0,2024-08-15,2026-07-16,sina_daily,qfq,VALID,A,26,0
2026-07-16,002319.SZ,SZ_MAIN,2009-12-11,False,False,0,READY,463,1.0,2024-08-15,2026-07-16,sina_daily,qfq,VALID,A,26,0
2026-07-16,002320.SZ,SZ_MAIN,2009-12-16,False,False,0,READY,463,1.0,2024-08-15,2026-07-16,sina_daily,qfq,VALID,A,26,0
2026-07-16,002321.SZ,SZ_MAIN,2009-12-16,False,False,0,READY,463,1.0,2024-08-15,2026-07-16,sina_daily,qfq,VALID,A,26,0
2026-07-16,002322.SZ,SZ_MAIN,2009-12-18,False,False,0,READY,463,1.0,2024-08-15,2026-07-16,sina_daily,qfq,VALID,A,26,0
2026-07-16,002323.SZ,SZ_MAIN,2009-12-18,True,False,0,READY,462,0.996,2024-08-15,2026-07-16,sina_daily,qfq,VALID,A,26,0
2026-07-16,002324.SZ,SZ_MAIN,2009-12-18,False,False,0,READY,463,1.0,2024-08-15,2026-07-16,sina_daily,qfq,VALID,A,26,0
2026-07-16,002326.SZ,SZ_MAIN,2009-12-22,False,False,0,READY,458,0.98,2024-08-15,2026-07-16,sina_daily,qfq,VALID,A,26,0
2026-07-16,002327.SZ,SZ_MAIN,2009-12-30,False,False,0,READY,463,1.0,2024-08-15,2026-07-16,sina_daily,qfq,VALID,A,26,0
2026-07-16,002328.SZ,SZ_MAIN,2009-12-30,False,False,0,READY,463,1.0,2024-08-15,2026-07-16,sina_daily,qfq,VALID,A,26,0
2026-07-16,002329.SZ,SZ_MAIN,2010-01-06,False,False,0,READY,463,1.0,2024-08-15,2026-07-16,sina_daily,qfq,VALID,A,26,0
2026-07-16,002330.SZ,SZ_MAIN,2010-01-06,False,False,0,READY,463,1.0,2024-08-15,2026-07-16,sina_daily,qfq,VALID,A,26,0
2026-07-16,002331.SZ,SZ_MAIN,2010-01-06,False,False,0,READY,463,1.0,2024-08-15,2026-07-16,sina_daily,qfq,VALID,A,26,0
2026-07-16,002332.SZ,SZ_MAIN,2010-01-12,False,False,0,READY,463,1.0,2024-08-15,2026-07-16,sina_daily,qfq,VALID,A,26,0
2026-07-16,002333.SZ,SZ_MAIN,2010-01-12,False,False,0,READY,463,1.0,2024-08-15,2026-07-16,sina_daily,qfq,VALID,A,26,0
2026-07-16,002334.SZ,SZ_MAIN,2010-01-13,False,False,0,READY,463,1.0,2024-08-15,2026-07-16,sina_daily,qfq,VALID,A,26,0
2026-07-16,002335.SZ,SZ_MAIN,2010-01-13,False,False,0,READY,463,1.0,2024-08-15,2026-07-16,sina_daily,qfq,VALID,A,26,0
2026-07-16,002337.SZ,SZ_MAIN,2010-01-15,False,False,0,READY,463,1.0,2024-08-15,2026-07-16,sina_daily,qfq,VALID,A,26,0
2026-07-16,002338.SZ,SZ_MAIN,2010-01-15,False,False,0,READY,463,1.0,2024-08-15,2026-07-16,sina_daily,qfq,VALID,A,26,0
2026-07-16,002339.SZ,SZ_MAIN,2010-01-22,False,False,0,READY,463,1.0,2024-08-15,2026-07-16,sina_daily,qfq,VALID,A,26,0
2026-07-16,002340.SZ,SZ_MAIN,2010-01-22,False,False,0,READY,463,1.0,2024-08-15,2026-07-16,sina_daily,qfq,VALID,A,26,0
2026-07-16,002342.SZ,SZ_MAIN,2010-01-26,False,False,0,READY,463,1.0,2024-08-15,2026-07-16,sina_daily,qfq,VALID,A,26,0
2026-07-16,002343.SZ,SZ_MAIN,2010-01-26,False,False,0,READY,463,1.0,2024-08-15,2026-07-16,sina_daily,qfq,VALID,A,26,0
2026-07-16,002344.SZ,SZ_MAIN,2010-01-26,False,False,0,READY,463,1.0,2024-08-15,2026-07-16,sina_daily,qfq,VALID,A,26,0
2026-07-16,002345.SZ,SZ_MAIN,2010-01-28,False,False,0,READY,463,1.0,2024-08-15,2026-07-16,sina_daily,qfq,VALID,A,26,0
2026-07-16,002346.SZ,SZ_MAIN,2010-01-28,False,False,0,READY,463,1.0,2024-08-15,2026-07-16,sina_daily,qfq,VALID,A,26,0
2026-07-16,002347.SZ,SZ_MAIN,2010-01-28,False,False,0,READY,463,1.0,2024-08-15,2026-07-16,sina_daily,qfq,VALID,A,26,0
2026-07-16,002348.SZ,SZ_MAIN,2010-02-03,False,False,0,READY,458,0.98,2024-08-15,2026-07-16,sina_daily,qfq,VALID,A,26,0
2026-07-16,002349.SZ,SZ_MAIN,2010-02-03,False,False,0,READY,463,1.0,2024-08-15,2026-07-16,sina_daily,qfq,VALID,A,26,0
2026-07-16,002350.SZ,SZ_MAIN,2010-02-03,False,False,0,READY,463,1.0,2024-08-15,2026-07-16,sina_daily,qfq,VALID,A,26,0
2026-07-16,002351.SZ,SZ_MAIN,2010-02-05,False,False,0,READY,463,1.0,2024-08-15,2026-07-16,sina_daily,qfq,VALID,A,26,0
2026-07-16,002352.SZ,SZ_MAIN,2010-02-05,False,False,0,READY,463,1.0,2024-08-15,2026-07-16,sina_daily,qfq,VALID,A,26,0
2026-07-16,002353.SZ,SZ_MAIN,2010-02-05,False,False,0,READY,463,1.0,2024-08-15,2026-07-16,sina_daily,qfq,VALID,A,26,0
2026-07-16,002354.SZ,SZ_MAIN,2010-02-09,False,False,0,READY,463,1.0,2024-08-15,2026-07-16,sina_daily,qfq,VALID,A,26,0
2026-07-16,002355.SZ,SZ_MAIN,2010-02-09,False,False,0,READY,463,1.0,2024-08-15,2026-07-16,sina_daily,qfq,VALID,A,26,0
2026-07-16,002356.SZ,SZ_MAIN,2010-02-09,False,False,0,READY,463,1.0,2024-08-15,2026-07-16,sina_daily,qfq,VALID,A,26,0
2026-07-16,002357.SZ,SZ_MAIN,2010-02-10,False,False,0,READY,458,0.98,2024-08-15,2026-07-16,sina_daily,qfq,VALID,A,26,0
2026-07-16,002358.SZ,SZ_MAIN,2010-02-10,False,False,0,READY,463,1.0,2024-08-15,2026-07-16,sina_daily,qfq,VALID,A,26,0
2026-07-16,002360.SZ,SZ_MAIN,2010-03-03,True,False,0,READY,462,0.996,2024-08-15,2026-07-16,sina_daily,qfq,VALID,A,26,0
2026-07-16,002361.SZ,SZ_MAIN,2010-03-03,False,False,0,READY,463,1.0,2024-08-15,2026-07-16,sina_daily,qfq,VALID,A,26,0
2026-07-16,002362.SZ,SZ_MAIN,2010-03-03,False,False,0,READY,463,1.0,2024-08-15,2026-07-16,sina_daily,qfq,VALID,A,26,0
2026-07-16,002363.SZ,SZ_MAIN,2010-03-05,False,False,0,READY,463,1.0,2024-08-15,2026-07-16,sina_daily,qfq,VALID,A,26,0
2026-07-16,002364.SZ,SZ_MAIN,2010-03-05,False,False,0,READY,463,1.0,2024-08-15,2026-07-16,sina_daily,qfq,VALID,A,26,0
2026-07-16,002365.SZ,SZ_MAIN,2010-03-05,False,False,0,READY,463,1.0,2024-08-15,2026-07-16,sina_daily,qfq,VALID,A,26,0
2026-07-16,002366.SZ,SZ_MAIN,2010-03-12,False,False,0,READY,463,1.0,2024-08-15,2026-07-16,sina_daily,qfq,VALID,A,26,0
2026-07-16,002367.SZ,SZ_MAIN,2010-03-12,False,False,0,READY,463,1.0,2024-08-15,2026-07-16,sina_daily,qfq,VALID,A,26,0
2026-07-16,002368.SZ,SZ_MAIN,2010-03-12,False,False,0,READY,463,1.0,2024-08-15,2026-07-16,sina_daily,qfq,VALID,A,26,0
2026-07-16,002369.SZ,SZ_MAIN,2010-03-16,False,False,0,READY,463,1.0,2024-08-15,2026-07-16,sina_daily,qfq,VALID,A,26,0
2026-07-16,002370.SZ,SZ_MAIN,2010-03-16,False,False,0,READY,458,0.98,2024-08-15,2026-07-16,sina_daily,qfq,VALID,A,26,0
2026-07-16,002371.SZ,SZ_MAIN,2010-03-16,False,False,0,READY,463,1.0,2024-08-15,2026-07-16,sina_daily,qfq,VALID,A,26,0
2026-07-16,002372.SZ,SZ_MAIN,2010-03-18,False,False,0,READY,463,1.0,2024-08-15,2026-07-16,sina_daily,qfq,VALID,A,26,0
2026-07-16,002373.SZ,SZ_MAIN,2010-03-18,False,False,0,READY,463,1.0,2024-08-15,2026-07-16,sina_daily,qfq,VALID,A,26,0
2026-07-16,002374.SZ,SZ_MAIN,2010-03-18,False,False,0,READY,463,1.0,2024-08-15,2026-07-16,sina_daily,qfq,VALID,A,26,0
2026-07-16,002375.SZ,SZ_MAIN,2010-03-23,False,False,0,READY,463,1.0,2024-08-15,2026-07-16,sina_daily,qfq,VALID,A,26,0
2026-07-16,002376.SZ,SZ_MAIN,2010-03-23,False,False,0,READY,463,1.0,2024-08-15,2026-07-16,sina_daily,qfq,VALID,A,26,0
2026-07-16,002377.SZ,SZ_MAIN,2010-03-23,False,False,0,READY,463,1.0,2024-08-15,2026-07-16,sina_daily,qfq,VALID,A,26,0
2026-07-16,002378.SZ,SZ_MAIN,2010-03-31,False,False,0,READY,463,1.0,2024-08-15,2026-07-16,sina_daily,qfq,VALID,A,26,0
2026-07-16,002379.SZ,SZ_MAIN,2010-03-31,False,False,0,READY,453,1.0,2024-08-15,2026-07-16,sina_daily,qfq,VALID,A,26,0
2026-07-16,002380.SZ,SZ_MAIN,2010-03-31,False,False,0,READY,463,1.0,2024-08-15,2026-07-16,sina_daily,qfq,VALID,A,26,0
2026-07-16,002381.SZ,SZ_MAIN,2010-04-02,False,False,0,READY,463,1.0,2024-08-15,2026-07-16,sina_daily,qfq,VALID,A,26,0
2026-07-16,002382.SZ,SZ_MAIN,2010-04-02,False,False,0,READY,463,1.0,2024-08-15,2026-07-16,sina_daily,qfq,VALID,A,26,0
2026-07-16,002383.SZ,SZ_MAIN,2010-04-02,False,False,0,READY,463,1.0,2024-08-15,2026-07-16,sina_daily,qfq,VALID,A,26,0
2026-07-16,002384.SZ,SZ_MAIN,2010-04-09,False,False,0,READY,463,1.0,2024-08-15,2026-07-16,sina_daily,qfq,VALID,A,26,0
2026-07-16,002385.SZ,SZ_MAIN,2010-04-09,False,False,0,READY,463,1.0,2024-08-15,2026-07-16,sina_daily,qfq,VALID,A,26,0
2026-07-16,002386.SZ,SZ_MAIN,2010-04-09,False,False,0,READY,463,1.0,2024-08-15,2026-07-16,sina_daily,qfq,VALID,A,26,0
2026-07-16,002387.SZ,SZ_MAIN,2010-04-13,False,False,0,READY,458,0.98,2024-08-15,2026-07-16,sina_daily,qfq,VALID,A,26,0
2026-07-16,002388.SZ,SZ_MAIN,2010-04-13,False,False,0,READY,461,0.996,2024-08-15,2026-07-16,sina_daily,qfq,VALID,A,26,0
2026-07-16,002389.SZ,SZ_MAIN,2010-04-13,False,False,0,READY,463,1.0,2024-08-15,2026-07-16,sina_daily,qfq,VALID,A,26,0
2026-07-16,002390.SZ,SZ_MAIN,2010-04-16,False,False,0,READY,463,1.0,2024-08-15,2026-07-16,sina_daily,qfq,VALID,A,26,0
2026-07-16,002391.SZ,SZ_MAIN,2010-04-16,False,False,0,READY,463,1.0,2024-08-15,2026-07-16,sina_daily,qfq,VALID,A,26,0
2026-07-16,002392.SZ,SZ_MAIN,2010-04-23,False,False,0,READY,463,1.0,2024-08-15,2026-07-16,sina_daily,qfq,VALID,A,26,0
2026-07-16,002393.SZ,SZ_MAIN,2010-04-23,False,False,0,READY,463,1.0,2024-08-15,2026-07-16,sina_daily,qfq,VALID,A,26,0
2026-07-16,002394.SZ,SZ_MAIN,2010-04-23,False,False,0,READY,463,1.0,2024-08-15,2026-07-16,sina_daily,qfq,VALID,A,26,0
2026-07-16,002395.SZ,SZ_MAIN,2010-04-29,False,False,0,READY,463,1.0,2024-08-15,2026-07-16,sina_daily,qfq,VALID,A,26,0
2026-07-16,002396.SZ,SZ_MAIN,2010-06-23,False,False,0,READY,463,1.0,2024-08-15,2026-07-16,sina_daily,qfq,VALID,A,26,0
2026-07-16,002397.SZ,SZ_MAIN,2010-04-29,False,False,0,READY,463,1.0,2024-08-15,2026-07-16,sina_daily,qfq,VALID,A,26,0
2026-07-16,002398.SZ,SZ_MAIN,2010-05-06,False,False,0,READY,463,1.0,2024-08-15,2026-07-16,sina_daily,qfq,VALID,A,26,0
2026-07-16,002399.SZ,SZ_MAIN,2010-05-06,False,False,0,READY,463,1.0,2024-08-15,2026-07-16,sina_daily,qfq,VALID,A,26,0
2026-07-16,002400.SZ,SZ_MAIN,2010-05-06,False,False,0,READY,463,1.0,2024-08-15,2026-07-16,sina_daily,qfq,VALID,A,26,0
2026-07-16,002401.SZ,SZ_MAIN,2010-05-06,False,False,0,READY,463,1.0,2024-08-15,2026-07-16,sina_daily,qfq,VALID,A,26,0
2026-07-16,002402.SZ,SZ_MAIN,2010-05-11,False,False,0,READY,463,1.0,2024-08-15,2026-07-16,sina_daily,qfq,VALID,A,26,0
2026-07-16,002403.SZ,SZ_MAIN,2010-05-11,False,False,0,READY,463,1.0,2024-08-15,2026-07-16,sina_daily,qfq,VALID,A,26,0
2026-07-16,002404.SZ,SZ_MAIN,2010-05-11,False,False,0,READY,463,1.0,2024-08-15,2026-07-16,sina_daily,qfq,VALID,A,26,0
2026-07-16,002405.SZ,SZ_MAIN,2010-05-18,False,False,0,READY,463,1.0,2024-08-15,2026-07-16,sina_daily,qfq,VALID,A,26,0
2026-07-16,002406.SZ,SZ_MAIN,2010-05-18,False,False,0,READY,463,1.0,2024-08-15,2026-07-16,sina_daily,qfq,VALID,A,26,0
2026-07-16,002407.SZ,SZ_MAIN,2010-05-18,False,False,0,READY,463,1.0,2024-08-15,2026-07-16,sina_daily,qfq,VALID,A,26,0
2026-07-16,002408.SZ,SZ_MAIN,2010-05-18,False,False,0,READY,463,1.0,2024-08-15,2026-07-16,sina_daily,qfq,VALID,A,26,0
2026-07-16,002409.SZ,SZ_MAIN,2010-05-25,False,False,0,READY,463,1.0,2024-08-15,2026-07-16,sina_daily,qfq,VALID,A,26,0
2026-07-16,002410.SZ,SZ_MAIN,2010-05-25,False,False,0,READY,463,1.0,2024-08-15,2026-07-16,sina_daily,qfq,VALID,A,26,0
2026-07-16,002412.SZ,SZ_MAIN,2010-05-25,False,False,0,READY,463,1.0,2024-08-15,2026-07-16,sina_daily,qfq,VALID,A,26,0
2026-07-16,002413.SZ,SZ_MAIN,2010-05-28,False,False,0,READY,463,1.0,2024-08-15,2026-07-16,sina_daily,qfq,VALID,A,26,0
2026-07-16,002414.SZ,SZ_MAIN,2010-07-16,False,False,0,READY,463,1.0,2024-08-15,2026-07-16,sina_daily,qfq,VALID,A,26,0
2026-07-16,002415.SZ,SZ_MAIN,2010-05-28,False,False,0,READY,463,1.0,2024-08-15,2026-07-16,sina_daily,qfq,VALID,A,26,0
2026-07-16,002416.SZ,SZ_MAIN,2010-05-28,False,False,0,READY,463,1.0,2024-08-15,2026-07-16,sina_daily,qfq,VALID,A,26,0
2026-07-16,002418.SZ,SZ_MAIN,2010-06-01,False,False,0,READY,463,1.0,2024-08-15,2026-07-16,sina_daily,qfq,VALID,A,26,0
2026-07-16,002419.SZ,SZ_MAIN,2010-06-01,False,False,0,READY,463,1.0,2024-08-15,2026-07-16,sina_daily,qfq,VALID,A,26,0
2026-07-16,002420.SZ,SZ_MAIN,2010-06-01,False,False,0,READY,460,0.988,2024-08-15,2026-07-16,sina_daily,qfq,VALID,A,26,0
2026-07-16,002421.SZ,SZ_MAIN,2010-06-03,False,False,0,READY,463,1.0,2024-08-15,2026-07-16,sina_daily,qfq,VALID,A,26,0
2026-07-16,002422.SZ,SZ_MAIN,2010-06-03,False,False,0,READY,463,1.0,2024-08-15,2026-07-16,sina_daily,qfq,VALID,A,26,0
2026-07-16,002423.SZ,SZ_MAIN,2010-06-03,False,False,0,READY,463,1.0,2024-08-15,2026-07-16,sina_daily,qfq,VALID,A,26,0
2026-07-16,002424.SZ,SZ_MAIN,2010-06-03,True,False,0,READY,461,0.996,2024-08-15,2026-07-16,sina_daily,qfq,VALID,A,26,0
2026-07-16,002425.SZ,SZ_MAIN,2010-06-08,False,False,0,READY,461,0.996,2024-08-15,2026-07-16,sina_daily,qfq,VALID,A,26,0
2026-07-16,002426.SZ,SZ_MAIN,2010-06-08,False,False,0,READY,463,1.0,2024-08-15,2026-07-16,sina_daily,qfq,VALID,A,26,0
2026-07-16,002427.SZ,SZ_MAIN,2010-06-08,False,False,0,READY,463,1.0,2024-08-15,2026-07-16,sina_daily,qfq,VALID,A,26,0
2026-07-16,002428.SZ,SZ_MAIN,2010-06-08,False,False,0,READY,463,1.0,2024-08-15,2026-07-16,sina_daily,qfq,VALID,A,26,0
2026-07-16,002429.SZ,SZ_MAIN,2010-06-10,False,False,0,READY,463,1.0,2024-08-15,2026-07-16,sina_daily,qfq,VALID,A,26,0
2026-07-16,002430.SZ,SZ_MAIN,2010-06-10,False,False,0,READY,463,1.0,2024-08-15,2026-07-16,sina_daily,qfq,VALID,A,26,0
2026-07-16,002431.SZ,SZ_MAIN,2010-06-10,True,False,0,READY,462,0.996,2024-08-15,2026-07-16,sina_daily,qfq,VALID,A,26,0
2026-07-16,002432.SZ,SZ_MAIN,2010-06-10,False,False,0,READY,463,1.0,2024-08-15,2026-07-16,sina_daily,qfq,VALID,A,26,0
2026-07-16,002434.SZ,SZ_MAIN,2010-06-18,False,False,0,READY,463,1.0,2024-08-15,2026-07-16,sina_daily,qfq,VALID,A,26,0
2026-07-16,002436.SZ,SZ_MAIN,2010-06-18,False,False,0,READY,463,1.0,2024-08-15,2026-07-16,sina_daily,qfq,VALID,A,26,0
2026-07-16,002437.SZ,SZ_MAIN,2010-06-23,False,False,0,READY,463,1.0,2024-08-15,2026-07-16,sina_daily,qfq,VALID,A,26,0
2026-07-16,002438.SZ,SZ_MAIN,2010-06-23,False,False,0,READY,463,1.0,2024-08-15,2026-07-16,sina_daily,qfq,VALID,A,26,0
2026-07-16,002439.SZ,SZ_MAIN,2010-06-23,False,False,0,READY,463,1.0,2024-08-15,2026-07-16,sina_daily,qfq,VALID,A,26,0
2026-07-16,002440.SZ,SZ_MAIN,2010-07-06,False,False,0,READY,463,1.0,2024-08-15,2026-07-16,sina_daily,qfq,VALID,A,26,0
2026-07-16,002441.SZ,SZ_MAIN,2010-07-06,False,False,0,READY,463,1.0,2024-08-15,2026-07-16,sina_daily,qfq,VALID,A,26,0
2026-07-16,002442.SZ,SZ_MAIN,2010-07-06,False,False,0,READY,463,1.0,2024-08-15,2026-07-16,sina_daily,qfq,VALID,A,26,0
2026-07-16,002443.SZ,SZ_MAIN,2010-07-06,False,False,0,READY,463,1.0,2024-08-15,2026-07-16,sina_daily,qfq,VALID,A,26,0
2026-07-16,002444.SZ,SZ_MAIN,2010-07-13,False,False,0,READY,463,1.0,2024-08-15,2026-07-16,sina_daily,qfq,VALID,A,26,0
2026-07-16,002445.SZ,SZ_MAIN,2010-07-13,False,False,0,READY,453,0.96,2024-08-15,2026-07-16,sina_daily,qfq,VALID,A,26,0
2026-07-16,002446.SZ,SZ_MAIN,2010-07-13,False,False,0,READY,463,1.0,2024-08-15,2026-07-16,sina_daily,qfq,VALID,A,26,0
2026-07-16,002448.SZ,SZ_MAIN,2010-07-16,False,False,0,READY,463,1.0,2024-08-15,2026-07-16,sina_daily,qfq,VALID,A,26,0
2026-07-16,002449.SZ,SZ_MAIN,2010-07-16,False,False,0,READY,463,1.0,2024-08-15,2026-07-16,sina_daily,qfq,VALID,A,26,0
2026-07-16,002451.SZ,SZ_MAIN,2010-07-20,False,False,0,READY,463,1.0,2024-08-15,2026-07-16,sina_daily,qfq,VALID,A,26,0
2026-07-16,002452.SZ,SZ_MAIN,2010-07-20,False,False,0,READY,463,1.0,2024-08-15,2026-07-16,sina_daily,qfq,VALID,A,26,0
2026-07-16,002453.SZ,SZ_MAIN,2010-07-20,False,False,0,READY,463,1.0,2024-08-15,2026-07-16,sina_daily,qfq,VALID,A,26,0
2026-07-16,002454.SZ,SZ_MAIN,2010-07-20,False,False,0,READY,463,1.0,2024-08-15,2026-07-16,sina_daily,qfq,VALID,A,26,0
2026-07-16,002455.SZ,SZ_MAIN,2010-08-03,False,False,0,READY,463,1.0,2024-08-15,2026-07-16,sina_daily,qfq,VALID,A,26,0
2026-07-16,002456.SZ,SZ_MAIN,2010-08-03,False,False,0,READY,453,1.0,2024-08-15,2026-07-16,sina_daily,qfq,VALID,A,26,0
2026-07-16,002457.SZ,SZ_MAIN,2010-08-03,False,False,0,READY,463,1.0,2024-08-15,2026-07-16,sina_daily,qfq,VALID,A,26,0
2026-07-16,002458.SZ,SZ_MAIN,2010-08-10,False,False,0,READY,463,1.0,2024-08-15,2026-07-16,sina_daily,qfq,VALID,A,26,0
2026-07-16,002459.SZ,SZ_MAIN,2010-08-10,False,False,0,READY,463,1.0,2024-08-15,2026-07-16,sina_daily,qfq,VALID,A,26,0
2026-07-16,002460.SZ,SZ_MAIN,2010-08-10,False,False,0,READY,463,1.0,2024-08-15,2026-07-16,sina_daily,qfq,VALID,A,26,0
2026-07-16,002461.SZ,SZ_MAIN,2010-08-18,False,False,0,READY,463,1.0,2024-08-15,2026-07-16,sina_daily,qfq,VALID,A,26,0
2026-07-16,002462.SZ,SZ_MAIN,2010-08-18,False,False,0,READY,458,0.98,2024-08-15,2026-07-16,sina_daily,qfq,VALID,A,26,0
2026-07-16,002463.SZ,SZ_MAIN,2010-08-18,False,False,0,READY,463,1.0,2024-08-15,2026-07-16,sina_daily,qfq,VALID,A,26,0
2026-07-16,002465.SZ,SZ_MAIN,2010-08-31,False,False,0,READY,463,1.0,2024-08-15,2026-07-16,sina_daily,qfq,VALID,A,26,0
2026-07-16,002466.SZ,SZ_MAIN,2010-08-31,False,False,0,READY,463,1.0,2024-08-15,2026-07-16,sina_daily,qfq,VALID,A,26,0
2026-07-16,002467.SZ,SZ_MAIN,2010-09-08,False,False,0,READY,463,1.0,2024-08-15,2026-07-16,sina_daily,qfq,VALID,A,26,0
2026-07-16,002468.SZ,SZ_MAIN,2010-09-08,False,False,0,READY,463,1.0,2024-08-15,2026-07-16,sina_daily,qfq,VALID,A,26,0
2026-07-16,002469.SZ,SZ_MAIN,2010-09-08,False,False,0,READY,463,1.0,2024-08-15,2026-07-16,sina_daily,qfq,VALID,A,26,0
2026-07-16,002470.SZ,SZ_MAIN,2010-09-08,False,False,0,READY,463,1.0,2024-08-15,2026-07-16,sina_daily,qfq,VALID,A,26,0
2026-07-16,002471.SZ,SZ_MAIN,2010-09-10,False,False,0,READY,463,1.0,2024-08-15,2026-07-16,sina_daily,qfq,VALID,A,26,0
2026-07-16,002472.SZ,SZ_MAIN,2010-09-10,False,False,0,READY,463,1.0,2024-08-15,2026-07-16,sina_daily,qfq,VALID,A,26,0
2026-07-16,002474.SZ,SZ_MAIN,2010-09-15,False,False,0,READY,463,1.0,2024-08-15,2026-07-16,sina_daily,qfq,VALID,A,26,0
2026-07-16,002475.SZ,SZ_MAIN,2010-09-15,False,False,0,READY,463,1.0,2024-08-15,2026-07-16,sina_daily,qfq,VALID,A,26,0
2026-07-16,002476.SZ,SZ_MAIN,2010-09-15,False,False,0,READY,463,1.0,2024-08-15,2026-07-16,sina_daily,qfq,VALID,A,26,0
2026-07-16,002478.SZ,SZ_MAIN,2010-09-21,False,False,0,READY,463,1.0,2024-08-15,2026-07-16,sina_daily,qfq,VALID,A,26,0
2026-07-16,002479.SZ,SZ_MAIN,2010-09-21,False,False,0,READY,463,1.0,2024-08-15,2026-07-16,sina_daily,qfq,VALID,A,26,0
2026-07-16,002480.SZ,SZ_MAIN,2010-09-21,False,False,0,READY,453,1.0,2024-08-15,2026-07-16,sina_daily,qfq,VALID,A,26,0
2026-07-16,002481.SZ,SZ_MAIN,2010-09-21,False,False,0,READY,463,1.0,2024-08-15,2026-07-16,sina_daily,qfq,VALID,A,26,0
2026-07-16,002482.SZ,SZ_MAIN,2010-09-29,False,False,0,READY,463,1.0,2024-08-15,2026-07-16,sina_daily,qfq,VALID,A,26,0
2026-07-16,002483.SZ,SZ_MAIN,2010-09-29,False,False,0,READY,463,1.0,2024-08-15,2026-07-16,sina_daily,qfq,VALID,A,26,0
2026-07-16,002484.SZ,SZ_MAIN,2010-09-29,False,False,0,READY,463,1.0,2024-08-15,2026-07-16,sina_daily,qfq,VALID,A,26,0
2026-07-16,002485.SZ,SZ_MAIN,2010-10-15,True,False,0,READY,463,1.0,2024-08-15,2026-07-16,sina_daily,qfq,VALID,A,26,0
2026-07-16,002486.SZ,SZ_MAIN,2010-10-15,False,False,0,READY,463,1.0,2024-08-15,2026-07-16,sina_daily,qfq,VALID,A,26,0
2026-07-16,002487.SZ,SZ_MAIN,2010-10-15,False,False,0,READY,463,1.0,2024-08-15,2026-07-16,sina_daily,qfq,VALID,A,26,0
2026-07-16,002488.SZ,SZ_MAIN,2010-10-21,False,False,0,READY,463,1.0,2024-08-15,2026-07-16,sina_daily,qfq,VALID,A,26,0
2026-07-16,002489.SZ,SZ_MAIN,2010-10-21,False,False,0,READY,463,1.0,2024-08-15,2026-07-16,sina_daily,qfq,VALID,A,26,0
2026-07-16,002490.SZ,SZ_MAIN,2010-10-21,False,False,0,READY,462,1.0,2024-08-15,2026-07-16,sina_daily,qfq,VALID,A,26,0
2026-07-16,002491.SZ,SZ_MAIN,2010-10-21,False,False,0,READY,463,1.0,2024-08-15,2026-07-16,sina_daily,qfq,VALID,A,26,0
2026-07-16,002492.SZ,SZ_MAIN,2010-11-02,False,False,0,READY,463,1.0,2024-08-15,2026-07-16,sina_daily,qfq,VALID,A,26,0
2026-07-16,002493.SZ,SZ_MAIN,2010-11-02,False,False,0,READY,463,1.0,2024-08-15,2026-07-16,sina_daily,qfq,VALID,A,26,0
2026-07-16,002494.SZ,SZ_MAIN,2010-11-02,False,False,0,READY,453,1.0,2024-08-15,2026-07-16,sina_daily,qfq,VALID,A,26,0
2026-07-16,002495.SZ,SZ_MAIN,2010-11-02,False,False,0,READY,463,1.0,2024-08-15,2026-07-16,sina_daily,qfq,VALID,A,26,0
2026-07-16,002496.SZ,SZ_MAIN,2010-11-09,False,False,0,READY,461,0.996,2024-08-15,2026-07-16,sina_daily,qfq,VALID,A,26,0
2026-07-16,002497.SZ,SZ_MAIN,2010-11-09,False,False,0,READY,463,1.0,2024-08-15,2026-07-16,sina_daily,qfq,VALID,A,26,0
2026-07-16,002498.SZ,SZ_MAIN,2010-11-09,False,False,0,READY,463,1.0,2024-08-15,2026-07-16,sina_daily,qfq,VALID,A,26,0
2026-07-16,002500.SZ,SZ_MAIN,2010-11-15,False,False,0,READY,463,1.0,2024-08-15,2026-07-16,sina_daily,qfq,VALID,A,26,0
2026-07-16,002501.SZ,SZ_MAIN,2010-11-17,True,False,0,READY,462,0.996,2024-08-15,2026-07-16,sina_daily,qfq,VALID,A,26,0
2026-07-16,002506.SZ,SZ_MAIN,2010-11-18,False,False,0,READY,463,1.0,2024-08-15,2026-07-16,sina_daily,qfq,VALID,A,26,0
2026-07-16,002507.SZ,SZ_MAIN,2010-11-23,False,False,0,READY,463,1.0,2024-08-15,2026-07-16,sina_daily,qfq,VALID,A,26,0
2026-07-16,002508.SZ,SZ_MAIN,2010-11-23,False,False,0,READY,463,1.0,2024-08-15,2026-07-16,sina_daily,qfq,VALID,A,26,0
2026-07-16,002510.SZ,SZ_MAIN,2010-11-25,False,False,0,READY,459,0.984,2024-08-15,2026-07-16,sina_daily,qfq,VALID,A,26,0
2026-07-16,002511.SZ,SZ_MAIN,2010-11-25,False,False,0,READY,463,1.0,2024-08-15,2026-07-16,sina_daily,qfq,VALID,A,26,0
2026-07-16,002512.SZ,SZ_MAIN,2010-12-03,True,False,0,READY,462,0.996,2024-08-15,2026-07-16,sina_daily,qfq,VALID,A,26,0
2026-07-16,002513.SZ,SZ_MAIN,2010-12-03,False,False,0,READY,463,1.0,2024-08-15,2026-07-16,sina_daily,qfq,VALID,A,26,0
2026-07-16,002514.SZ,SZ_MAIN,2010-12-03,True,False,0,READY,462,0.996,2024-08-15,2026-07-16,sina_daily,qfq,VALID,A,26,0
2026-07-16,002515.SZ,SZ_MAIN,2010-12-03,False,False,0,READY,458,1.0,2024-08-15,2026-07-16,sina_daily,qfq,VALID,A,26,0
2026-07-16,002516.SZ,SZ_MAIN,2010-12-07,False,False,0,READY,458,0.98,2024-08-15,2026-07-16,sina_daily,qfq,VALID,A,26,0
2026-07-16,002517.SZ,SZ_MAIN,2010-12-07,False,False,0,READY,463,1.0,2024-08-15,2026-07-16,sina_daily,qfq,VALID,A,26,0
2026-07-16,002518.SZ,SZ_MAIN,2010-12-07,False,False,0,READY,463,1.0,2024-08-15,2026-07-16,sina_daily,qfq,VALID,A,26,0
2026-07-16,002519.SZ,SZ_MAIN,2010-12-07,False,False,0,READY,463,1.0,2024-08-15,2026-07-16,sina_daily,qfq,VALID,A,26,0
2026-07-16,002520.SZ,SZ_MAIN,2010-12-10,False,False,0,READY,463,1.0,2024-08-15,2026-07-16,sina_daily,qfq,VALID,A,26,0
2026-07-16,002521.SZ,SZ_MAIN,2010-12-10,False,False,0,READY,463,1.0,2024-08-15,2026-07-16,sina_daily,qfq,VALID,A,26,0
2026-07-16,002522.SZ,SZ_MAIN,2010-12-10,False,False,0,READY,463,1.0,2024-08-15,2026-07-16,sina_daily,qfq,VALID,A,26,0
2026-07-16,002523.SZ,SZ_MAIN,2010-12-10,False,False,0,READY,463,1.0,2024-08-15,2026-07-16,sina_daily,qfq,VALID,A,26,0
2026-07-16,002524.SZ,SZ_MAIN,2010-12-17,False,False,0,READY,463,1.0,2024-08-15,2026-07-16,sina_daily,qfq,VALID,A,26,0
2026-07-16,002526.SZ,SZ_MAIN,2010-12-17,False,False,0,READY,463,1.0,2024-08-15,2026-07-16,sina_daily,qfq,VALID,A,26,0
2026-07-16,002527.SZ,SZ_MAIN,2010-12-24,False,False,0,READY,458,1.0,2024-08-15,2026-07-16,sina_daily,qfq,VALID,A,26,0
2026-07-16,002528.SZ,SZ_MAIN,2010-12-24,True,False,0,READY,462,0.996,2024-08-15,2026-07-16,sina_daily,qfq,VALID,A,26,0
2026-07-16,002529.SZ,SZ_MAIN,2010-12-24,False,False,0,READY,456,0.996,2024-08-15,2026-07-16,sina_daily,qfq,VALID,A,26,0
2026-07-16,002530.SZ,SZ_MAIN,2010-12-31,False,False,0,READY,463,1.0,2024-08-15,2026-07-16,sina_daily,qfq,VALID,A,26,0
2026-07-16,002531.SZ,SZ_MAIN,2010-12-31,False,False,0,READY,463,1.0,2024-08-15,2026-07-16,sina_daily,qfq,VALID,A,26,0
2026-07-16,002532.SZ,SZ_MAIN,2010-12-31,False,False,0,READY,463,1.0,2024-08-15,2026-07-16,sina_daily,qfq,VALID,A,26,0
2026-07-16,002533.SZ,SZ_MAIN,2010-12-31,False,False,0,READY,463,1.0,2024-08-15,2026-07-16,sina_daily,qfq,VALID,A,26,0
2026-07-16,002534.SZ,SZ_MAIN,2011-01-10,False,False,0,READY,463,1.0,2024-08-15,2026-07-16,sina_daily,qfq,VALID,A,26,0
2026-07-16,002535.SZ,SZ_MAIN,2011-01-11,False,False,0,READY,463,1.0,2024-08-15,2026-07-16,sina_daily,qfq,VALID,A,26,0
2026-07-16,002536.SZ,SZ_MAIN,2011-01-11,False,False,0,READY,463,1.0,2024-08-15,2026-07-16,sina_daily,qfq,VALID,A,26,0
2026-07-16,002537.SZ,SZ_MAIN,2011-01-10,False,False,0,READY,463,1.0,2024-08-15,2026-07-16,sina_daily,qfq,VALID,A,26,0
2026-07-16,002538.SZ,SZ_MAIN,2011-01-18,True,False,0,READY,462,0.996,2024-08-15,2026-07-16,sina_daily,qfq,VALID,A,26,0
2026-07-16,002539.SZ,SZ_MAIN,2011-01-18,False,False,0,READY,463,1.0,2024-08-15,2026-07-16,sina_daily,qfq,VALID,A,26,0
2026-07-16,002540.SZ,SZ_MAIN,2011-01-18,False,False,0,READY,463,1.0,2024-08-15,2026-07-16,sina_daily,qfq,VALID,A,26,0
2026-07-16,002541.SZ,SZ_MAIN,2011-01-18,False,False,0,READY,463,1.0,2024-08-15,2026-07-16,sina_daily,qfq,VALID,A,26,0
2026-07-16,002542.SZ,SZ_MAIN,2011-01-28,True,False,0,READY,462,0.996,2024-08-15,2026-07-16,sina_daily,qfq,VALID,A,26,0
2026-07-16,002543.SZ,SZ_MAIN,2011-01-28,False,False,0,READY,463,1.0,2024-08-15,2026-07-16,sina_daily,qfq,VALID,A,26,0
2026-07-16,002544.SZ,SZ_MAIN,2011-01-28,False,False,0,READY,463,1.0,2024-08-15,2026-07-16,sina_daily,qfq,VALID,A,26,0
2026-07-16,002545.SZ,SZ_MAIN,2011-02-11,False,False,0,READY,463,1.0,2024-08-15,2026-07-16,sina_daily,qfq,VALID,A,26,0
2026-07-16,002546.SZ,SZ_MAIN,2011-02-11,False,False,0,READY,463,1.0,2024-08-15,2026-07-16,sina_daily,qfq,VALID,A,26,0
2026-07-16,002547.SZ,SZ_MAIN,2011-02-18,True,False,0,READY,462,0.996,2024-08-15,2026-07-16,sina_daily,qfq,VALID,A,26,0
2026-07-16,002548.SZ,SZ_MAIN,2011-02-18,False,False,0,READY,463,1.0,2024-08-15,2026-07-16,sina_daily,qfq,VALID,A,26,0
2026-07-16,002549.SZ,SZ_MAIN,2011-02-18,False,False,0,READY,463,1.0,2024-08-15,2026-07-16,sina_daily,qfq,VALID,A,26,0
2026-07-16,002550.SZ,SZ_MAIN,2011-02-18,False,False,0,READY,463,1.0,2024-08-15,2026-07-16,sina_daily,qfq,VALID,A,26,0
2026-07-16,002551.SZ,SZ_MAIN,2011-02-25,False,False,0,READY,463,1.0,2024-08-15,2026-07-16,sina_daily,qfq,VALID,A,26,0
2026-07-16,002552.SZ,SZ_MAIN,2011-02-25,False,False,0,READY,463,1.0,2024-08-15,2026-07-16,sina_daily,qfq,VALID,A,26,0
2026-07-16,002553.SZ,SZ_MAIN,2011-02-25,False,False,0,READY,463,1.0,2024-08-15,2026-07-16,sina_daily,qfq,VALID,A,26,0
2026-07-16,002554.SZ,SZ_MAIN,2011-02-25,False,False,0,READY,459,0.984,2024-08-15,2026-07-16,sina_daily,qfq,VALID,A,26,0
2026-07-16,002555.SZ,SZ_MAIN,2011-03-02,False,False,0,READY,463,1.0,2024-08-15,2026-07-16,sina_daily,qfq,VALID,A,26,0
2026-07-16,002556.SZ,SZ_MAIN,2011-03-02,False,False,0,READY,463,1.0,2024-08-15,2026-07-16,sina_daily,qfq,VALID,A,26,0
2026-07-16,002557.SZ,SZ_MAIN,2011-03-02,False,False,0,READY,463,1.0,2024-08-15,2026-07-16,sina_daily,qfq,VALID,A,26,0
2026-07-16,002558.SZ,SZ_MAIN,2011-03-02,False,False,0,READY,463,1.0,2024-08-15,2026-07-16,sina_daily,qfq,VALID,A,26,0
2026-07-16,002559.SZ,SZ_MAIN,2011-03-03,False,False,0,READY,463,1.0,2024-08-15,2026-07-16,sina_daily,qfq,VALID,A,26,0
2026-07-16,002560.SZ,SZ_MAIN,2011-03-03,False,False,0,READY,463,1.0,2024-08-15,2026-07-16,sina_daily,qfq,VALID,A,26,0
2026-07-16,002561.SZ,SZ_MAIN,2011-03-03,False,False,0,READY,463,1.0,2024-08-15,2026-07-16,sina_daily,qfq,VALID,A,26,0
2026-07-16,002562.SZ,SZ_MAIN,2011-03-10,False,False,0,READY,463,1.0,2024-08-15,2026-07-16,sina_daily,qfq,VALID,A,26,0
2026-07-16,002563.SZ,SZ_MAIN,2011-03-11,False,False,0,READY,463,1.0,2024-08-15,2026-07-16,sina_daily,qfq,VALID,A,26,0
2026-07-16,002564.SZ,SZ_MAIN,2011-03-10,False,False,0,READY,462,1.0,2024-08-15,2026-07-16,sina_daily,qfq,VALID,A,26,0
2026-07-16,002565.SZ,SZ_MAIN,2011-03-18,False,False,0,READY,463,1.0,2024-08-15,2026-07-16,sina_daily,qfq,VALID,A,26,0
2026-07-16,002566.SZ,SZ_MAIN,2011-03-18,False,False,0,READY,463,1.0,2024-08-15,2026-07-16,sina_daily,qfq,VALID,A,26,0
2026-07-16,002567.SZ,SZ_MAIN,2011-03-25,False,False,0,READY,463,1.0,2024-08-15,2026-07-16,sina_daily,qfq,VALID,A,26,0
2026-07-16,002568.SZ,SZ_MAIN,2011-03-25,False,False,0,READY,463,1.0,2024-08-15,2026-07-16,sina_daily,qfq,VALID,A,26,0
2026-07-16,002569.SZ,SZ_MAIN,2011-04-12,True,False,0,READY,457,0.98,2024-08-15,2026-07-16,sina_daily,qfq,VALID,A,26,0
2026-07-16,002570.SZ,SZ_MAIN,2011-04-12,False,False,0,READY,463,1.0,2024-08-15,2026-07-16,sina_daily,qfq,VALID,A,26,0
2026-07-16,002571.SZ,SZ_MAIN,2011-04-12,False,False,0,READY,458,0.98,2024-08-15,2026-07-16,sina_daily,qfq,VALID,A,26,0
2026-07-16,002572.SZ,SZ_MAIN,2011-04-12,False,False,0,READY,463,1.0,2024-08-15,2026-07-16,sina_daily,qfq,VALID,A,26,0
2026-07-16,002573.SZ,SZ_MAIN,2011-04-22,False,False,0,READY,463,1.0,2024-08-15,2026-07-16,sina_daily,qfq,VALID,A,26,0
2026-07-16,002574.SZ,SZ_MAIN,2011-04-22,False,False,0,READY,463,1.0,2024-08-15,2026-07-16,sina_daily,qfq,VALID,A,26,0
2026-07-16,002575.SZ,SZ_MAIN,2011-04-22,False,False,0,READY,463,1.0,2024-08-15,2026-07-16,sina_daily,qfq,VALID,A,26,0
2026-07-16,002576.SZ,SZ_MAIN,2011-04-28,False,False,0,READY,463,1.0,2024-08-15,2026-07-16,sina_daily,qfq,VALID,A,26,0
2026-07-16,002577.SZ,SZ_MAIN,2011-04-28,False,False,0,READY,463,1.0,2024-08-15,2026-07-16,sina_daily,qfq,VALID,A,26,0
2026-07-16,002578.SZ,SZ_MAIN,2011-04-28,False,False,0,READY,463,1.0,2024-08-15,2026-07-16,sina_daily,qfq,VALID,A,26,0
2026-07-16,002579.SZ,SZ_MAIN,2011-05-06,False,False,0,READY,463,1.0,2024-08-15,2026-07-16,sina_daily,qfq,VALID,A,26,0
2026-07-16,002580.SZ,SZ_MAIN,2011-05-06,False,False,0,READY,463,1.0,2024-08-15,2026-07-16,sina_daily,qfq,VALID,A,26,0
2026-07-16,002581.SZ,SZ_MAIN,2011-05-20,True,False,0,READY,461,0.992,2024-08-15,2026-07-16,sina_daily,qfq,VALID,A,26,0
2026-07-16,002582.SZ,SZ_MAIN,2011-05-20,False,False,0,READY,463,1.0,2024-08-15,2026-07-16,sina_daily,qfq,VALID,A,26,0
2026-07-16,002583.SZ,SZ_MAIN,2011-05-27,False,False,0,READY,463,1.0,2024-08-15,2026-07-16,sina_daily,qfq,VALID,A,26,0
2026-07-16,002584.SZ,SZ_MAIN,2011-06-02,False,False,0,READY,463,1.0,2024-08-15,2026-07-16,sina_daily,qfq,VALID,A,26,0
2026-07-16,002585.SZ,SZ_MAIN,2011-06-02,False,False,0,READY,463,1.0,2024-08-15,2026-07-16,sina_daily,qfq,VALID,A,26,0
2026-07-16,002586.SZ,SZ_MAIN,2011-06-02,True,False,0,READY,462,0.996,2024-08-15,2026-07-16,sina_daily,qfq,VALID,A,26,0
2026-07-16,002587.SZ,SZ_MAIN,2011-06-10,False,False,0,READY,463,1.0,2024-08-15,2026-07-16,sina_daily,qfq,VALID,A,26,0
2026-07-16,002588.SZ,SZ_MAIN,2011-06-10,False,False,0,READY,463,1.0,2024-08-15,2026-07-16,sina_daily,qfq,VALID,A,26,0
2026-07-16,002589.SZ,SZ_MAIN,2011-06-10,False,False,0,READY,463,1.0,2024-08-15,2026-07-16,sina_daily,qfq,VALID,A,26,0
2026-07-16,002590.SZ,SZ_MAIN,2011-06-10,False,False,0,READY,463,1.0,2024-08-15,2026-07-16,sina_daily,qfq,VALID,A,26,0
2026-07-16,002591.SZ,SZ_MAIN,2011-06-21,False,False,0,READY,463,1.0,2024-08-15,2026-07-16,sina_daily,qfq,VALID,A,26,0
2026-07-16,002592.SZ,SZ_MAIN,2011-11-11,True,False,0,READY,463,1.0,2024-08-15,2026-07-16,sina_daily,qfq,VALID,A,26,0
2026-07-16,002593.SZ,SZ_MAIN,2011-06-28,False,False,0,READY,463,1.0,2024-08-15,2026-07-16,sina_daily,qfq,VALID,A,26,0
2026-07-16,002594.SZ,SZ_MAIN,2011-06-30,False,False,0,READY,463,1.0,2024-08-15,2026-07-16,sina_daily,qfq,VALID,A,26,0
2026-07-16,002595.SZ,SZ_MAIN,2011-06-28,False,False,0,READY,463,1.0,2024-08-15,2026-07-16,sina_daily,qfq,VALID,A,26,0
2026-07-16,002596.SZ,SZ_MAIN,2011-07-07,False,False,0,READY,463,1.0,2024-08-15,2026-07-16,sina_daily,qfq,VALID,A,26,0
2026-07-16,002597.SZ,SZ_MAIN,2011-07-07,False,False,0,READY,463,1.0,2024-08-15,2026-07-16,sina_daily,qfq,VALID,A,26,0
2026-07-16,002598.SZ,SZ_MAIN,2011-07-07,True,False,0,READY,462,0.996,2024-08-15,2026-07-16,sina_daily,qfq,VALID,A,26,0
2026-07-16,002599.SZ,SZ_MAIN,2011-07-15,False,False,0,READY,463,1.0,2024-08-15,2026-07-16,sina_daily,qfq,VALID,A,26,0
2026-07-16,002600.SZ,SZ_MAIN,2011-07-15,False,False,0,READY,463,1.0,2024-08-15,2026-07-16,sina_daily,qfq,VALID,A,26,0
2026-07-16,002601.SZ,SZ_MAIN,2011-07-15,False,False,0,READY,463,1.0,2024-08-15,2026-07-16,sina_daily,qfq,VALID,A,26,0
2026-07-16,002602.SZ,SZ_MAIN,2011-07-28,False,False,0,READY,461,0.996,2024-08-15,2026-07-16,sina_daily,qfq,VALID,A,26,0
2026-07-16,002603.SZ,SZ_MAIN,2011-07-28,False,False,0,READY,463,1.0,2024-08-15,2026-07-16,sina_daily,qfq,VALID,A,26,0
2026-07-16,002605.SZ,SZ_MAIN,2011-08-05,False,False,0,READY,463,1.0,2024-08-15,2026-07-16,sina_daily,qfq,VALID,A,26,0
2026-07-16,002606.SZ,SZ_MAIN,2011-08-05,False,False,0,READY,463,1.0,2024-08-15,2026-07-16,sina_daily,qfq,VALID,A,26,0
2026-07-16,002607.SZ,SZ_MAIN,2011-08-10,False,False,0,READY,463,1.0,2024-08-15,2026-07-16,sina_daily,qfq,VALID,A,26,0
2026-07-16,002608.SZ,SZ_MAIN,2011-08-10,False,False,0,READY,463,1.0,2024-08-15,2026-07-16,sina_daily,qfq,VALID,A,26,0
2026-07-16,002609.SZ,SZ_MAIN,2011-08-15,False,False,0,READY,463,1.0,2024-08-15,2026-07-16,sina_daily,qfq,VALID,A,26,0
2026-07-16,002611.SZ,SZ_MAIN,2011-08-30,False,False,0,READY,463,1.0,2024-08-15,2026-07-16,sina_daily,qfq,VALID,A,26,0
2026-07-16,002612.SZ,SZ_MAIN,2011-08-30,False,False,0,READY,463,1.0,2024-08-15,2026-07-16,sina_daily,qfq,VALID,A,26,0
2026-07-16,002613.SZ,SZ_MAIN,2011-08-30,False,False,0,READY,463,1.0,2024-08-15,2026-07-16,sina_daily,qfq,VALID,A,26,0
2026-07-16,002614.SZ,SZ_MAIN,2011-09-09,False,False,0,READY,463,1.0,2024-08-15,2026-07-16,sina_daily,qfq,VALID,A,26,0
2026-07-16,002615.SZ,SZ_MAIN,2011-09-09,False,False,0,READY,463,1.0,2024-08-15,2026-07-16,sina_daily,qfq,VALID,A,26,0
2026-07-16,002616.SZ,SZ_MAIN,2011-09-20,False,False,0,READY,463,1.0,2024-08-15,2026-07-16,sina_daily,qfq,VALID,A,26,0
2026-07-16,002617.SZ,SZ_MAIN,2011-09-20,False,False,0,READY,463,1.0,2024-08-15,2026-07-16,sina_daily,qfq,VALID,A,26,0
2026-07-16,002620.SZ,SZ_MAIN,2011-09-29,True,False,0,READY,461,0.996,2024-08-15,2026-07-16,sina_daily,qfq,VALID,A,26,0
2026-07-16,002622.SZ,SZ_MAIN,2011-10-18,False,False,0,READY,463,1.0,2024-08-15,2026-07-16,sina_daily,qfq,VALID,A,26,0
2026-07-16,002623.SZ,SZ_MAIN,2011-10-13,False,False,0,READY,463,1.0,2024-08-15,2026-07-16,sina_daily,qfq,VALID,A,26,0
2026-07-16,002624.SZ,SZ_MAIN,2011-10-28,False,False,0,READY,463,1.0,2024-08-15,2026-07-16,sina_daily,qfq,VALID,A,26,0
2026-07-16,002625.SZ,SZ_MAIN,2011-11-03,False,False,0,READY,463,1.0,2024-08-15,2026-07-16,sina_daily,qfq,VALID,A,26,0
2026-07-16,002626.SZ,SZ_MAIN,2011-10-28,False,False,0,READY,463,1.0,2024-08-15,2026-07-16,sina_daily,qfq,VALID,A,26,0
2026-07-16,002627.SZ,SZ_MAIN,2011-11-03,False,False,0,READY,463,1.0,2024-08-15,2026-07-16,sina_daily,qfq,VALID,A,26,0
2026-07-16,002628.SZ,SZ_MAIN,2011-11-03,False,False,0,READY,463,1.0,2024-08-15,2026-07-16,sina_daily,qfq,VALID,A,26,0
2026-07-16,002629.SZ,SZ_MAIN,2011-11-03,False,False,0,READY,458,0.98,2024-08-15,2026-07-16,sina_daily,qfq,VALID,A,26,0
2026-07-16,002630.SZ,SZ_MAIN,2011-11-11,True,False,0,READY,461,0.996,2024-08-15,2026-07-16,sina_daily,qfq,VALID,A,26,0
2026-07-16,002631.SZ,SZ_MAIN,2011-11-11,False,False,0,READY,463,1.0,2024-08-15,2026-07-16,sina_daily,qfq,VALID,A,26,0
2026-07-16,002632.SZ,SZ_MAIN,2011-11-22,False,False,0,READY,463,1.0,2024-08-15,2026-07-16,sina_daily,qfq,VALID,A,26,0
2026-07-16,002633.SZ,SZ_MAIN,2011-11-22,False,False,0,READY,460,0.988,2024-08-15,2026-07-16,sina_daily,qfq,VALID,A,26,0
2026-07-16,002634.SZ,SZ_MAIN,2011-12-05,True,False,0,READY,462,0.996,2024-08-15,2026-07-16,sina_daily,qfq,VALID,A,26,0
2026-07-16,002635.SZ,SZ_MAIN,2011-11-25,False,False,0,READY,463,1.0,2024-08-15,2026-07-16,sina_daily,qfq,VALID,A,26,0
2026-07-16,002636.SZ,SZ_MAIN,2011-11-25,False,False,0,READY,463,1.0,2024-08-15,2026-07-16,sina_daily,qfq,VALID,A,26,0
2026-07-16,002637.SZ,SZ_MAIN,2011-11-25,False,False,0,READY,463,1.0,2024-08-15,2026-07-16,sina_daily,qfq,VALID,A,26,0
2026-07-16,002638.SZ,SZ_MAIN,2011-11-25,False,False,0,READY,463,1.0,2024-08-15,2026-07-16,sina_daily,qfq,VALID,A,26,0
2026-07-16,002639.SZ,SZ_MAIN,2011-12-05,False,False,0,READY,463,1.0,2024-08-15,2026-07-16,sina_daily,qfq,VALID,A,26,0
2026-07-16,002640.SZ,SZ_MAIN,2011-12-08,False,False,0,READY,463,1.0,2024-08-15,2026-07-16,sina_daily,qfq,VALID,A,26,0
2026-07-16,002641.SZ,SZ_MAIN,2011-12-08,False,False,0,READY,463,1.0,2024-08-15,2026-07-16,sina_daily,qfq,VALID,A,26,0
2026-07-16,002642.SZ,SZ_MAIN,2011-12-20,False,False,0,READY,463,1.0,2024-08-15,2026-07-16,sina_daily,qfq,VALID,A,26,0
2026-07-16,002643.SZ,SZ_MAIN,2011-12-20,False,False,0,READY,463,1.0,2024-08-15,2026-07-16,sina_daily,qfq,VALID,A,26,0
2026-07-16,002644.SZ,SZ_MAIN,2011-12-22,False,False,0,READY,463,1.0,2024-08-15,2026-07-16,sina_daily,qfq,VALID,A,26,0
2026-07-16,002645.SZ,SZ_MAIN,2011-12-20,False,False,0,READY,463,1.0,2024-08-15,2026-07-16,sina_daily,qfq,VALID,A,26,0
2026-07-16,002646.SZ,SZ_MAIN,2011-12-22,False,False,0,READY,463,1.0,2024-08-15,2026-07-16,sina_daily,qfq,VALID,A,26,0
2026-07-16,002647.SZ,SZ_MAIN,2011-12-28,False,False,0,READY,460,0.996,2024-08-15,2026-07-16,sina_daily,qfq,VALID,A,26,0
2026-07-16,002648.SZ,SZ_MAIN,2011-12-28,False,False,0,READY,463,1.0,2024-08-15,2026-07-16,sina_daily,qfq,VALID,A,26,0
2026-07-16,002649.SZ,SZ_MAIN,2012-01-06,False,False,0,READY,463,1.0,2024-08-15,2026-07-16,sina_daily,qfq,VALID,A,26,0
2026-07-16,002650.SZ,SZ_MAIN,2012-01-06,True,False,0,READY,463,1.0,2024-08-15,2026-07-16,sina_daily,qfq,VALID,A,26,0
2026-07-16,002651.SZ,SZ_MAIN,2012-01-06,False,False,0,READY,463,1.0,2024-08-15,2026-07-16,sina_daily,qfq,VALID,A,26,0
2026-07-16,002652.SZ,SZ_MAIN,2012-01-19,False,False,0,READY,463,1.0,2024-08-15,2026-07-16,sina_daily,qfq,VALID,A,26,0
2026-07-16,002653.SZ,SZ_MAIN,2012-01-17,False,False,0,READY,463,1.0,2024-08-15,2026-07-16,sina_daily,qfq,VALID,A,26,0
2026-07-16,002654.SZ,SZ_MAIN,2012-02-17,False,False,0,READY,463,1.0,2024-08-15,2026-07-16,sina_daily,qfq,VALID,A,26,0
2026-07-16,002655.SZ,SZ_MAIN,2012-02-17,False,False,0,READY,463,1.0,2024-08-15,2026-07-16,sina_daily,qfq,VALID,A,26,0
2026-07-16,002656.SZ,SZ_MAIN,2012-02-28,True,False,0,READY,416,1.0,2024-08-15,2026-07-16,sina_daily,qfq,VALID,A,26,0
2026-07-16,002657.SZ,SZ_MAIN,2012-02-28,False,False,0,READY,463,1.0,2024-08-15,2026-07-16,sina_daily,qfq,VALID,A,26,0
2026-07-16,002658.SZ,SZ_MAIN,2012-03-09,False,False,0,READY,463,1.0,2024-08-15,2026-07-16,sina_daily,qfq,VALID,A,26,0
2026-07-16,002659.SZ,SZ_MAIN,2012-03-09,False,False,0,READY,463,1.0,2024-08-15,2026-07-16,sina_daily,qfq,VALID,A,26,0
2026-07-16,002660.SZ,SZ_MAIN,2012-03-16,False,False,0,READY,463,1.0,2024-08-15,2026-07-16,sina_daily,qfq,VALID,A,26,0
2026-07-16,002661.SZ,SZ_MAIN,2012-03-16,False,False,0,READY,463,1.0,2024-08-15,2026-07-16,sina_daily,qfq,VALID,A,26,0
2026-07-16,002662.SZ,SZ_MAIN,2012-03-09,False,False,0,READY,463,1.0,2024-08-15,2026-07-16,sina_daily,qfq,VALID,A,26,0
2026-07-16,002663.SZ,SZ_MAIN,2012-03-16,False,False,0,READY,463,1.0,2024-08-15,2026-07-16,sina_daily,qfq,VALID,A,26,0
2026-07-16,002664.SZ,SZ_MAIN,2012-03-16,False,False,0,READY,463,1.0,2024-08-15,2026-07-16,sina_daily,qfq,VALID,A,26,0
2026-07-16,002666.SZ,SZ_MAIN,2012-03-27,False,False,0,READY,463,1.0,2024-08-15,2026-07-16,sina_daily,qfq,VALID,A,26,0
2026-07-16,002667.SZ,SZ_MAIN,2012-03-29,True,False,0,READY,457,0.976,2024-08-15,2026-07-16,sina_daily,qfq,VALID,A,26,0
2026-07-16,002668.SZ,SZ_MAIN,2012-04-16,False,False,0,READY,463,1.0,2024-08-15,2026-07-16,sina_daily,qfq,VALID,A,26,0
2026-07-16,002669.SZ,SZ_MAIN,2012-04-16,False,False,0,READY,463,1.0,2024-08-15,2026-07-16,sina_daily,qfq,VALID,A,26,0
2026-07-16,002670.SZ,SZ_MAIN,2012-04-16,False,False,0,READY,463,1.0,2024-08-15,2026-07-16,sina_daily,qfq,VALID,A,26,0
2026-07-16,002671.SZ,SZ_MAIN,2012-04-26,False,False,0,READY,463,1.0,2024-08-15,2026-07-16,sina_daily,qfq,VALID,A,26,0
2026-07-16,002672.SZ,SZ_MAIN,2012-04-26,False,False,0,READY,463,1.0,2024-08-15,2026-07-16,sina_daily,qfq,VALID,A,26,0
2026-07-16,002673.SZ,SZ_MAIN,2012-05-03,False,False,0,READY,463,1.0,2024-08-15,2026-07-16,sina_daily,qfq,VALID,A,26,0
2026-07-16,002674.SZ,SZ_MAIN,2012-05-07,False,False,0,READY,463,1.0,2024-08-15,2026-07-16,sina_daily,qfq,VALID,A,26,0
2026-07-16,002675.SZ,SZ_MAIN,2012-05-25,False,False,0,READY,463,1.0,2024-08-15,2026-07-16,sina_daily,qfq,VALID,A,26,0
2026-07-16,002676.SZ,SZ_MAIN,2012-05-25,False,False,0,READY,463,1.0,2024-08-15,2026-07-16,sina_daily,qfq,VALID,A,26,0
2026-07-16,002677.SZ,SZ_MAIN,2012-05-25,False,True,1,READY,458,0.98,2024-08-15,2026-07-09,sina_daily,qfq,PARTIAL,B,26,0
2026-07-16,002678.SZ,SZ_MAIN,2012-05-30,False,False,0,READY,463,1.0,2024-08-15,2026-07-16,sina_daily,qfq,VALID,A,26,0
2026-07-16,002679.SZ,SZ_MAIN,2012-06-05,False,False,0,READY,463,1.0,2024-08-15,2026-07-16,sina_daily,qfq,VALID,A,26,0
2026-07-16,002681.SZ,SZ_MAIN,2012-06-05,False,False,0,READY,463,1.0,2024-08-15,2026-07-16,sina_daily,qfq,VALID,A,26,0
2026-07-16,002682.SZ,SZ_MAIN,2012-06-12,False,False,0,READY,463,1.0,2024-08-15,2026-07-16,sina_daily,qfq,VALID,A,26,0
2026-07-16,002683.SZ,SZ_MAIN,2012-06-12,False,False,0,READY,463,1.0,2024-08-15,2026-07-16,sina_daily,qfq,VALID,A,26,0
2026-07-16,002685.SZ,SZ_MAIN,2012-06-12,False,False,0,READY,463,1.0,2024-08-15,2026-07-16,sina_daily,qfq,VALID,A,26,0
2026-07-16,002686.SZ,SZ_MAIN,2012-07-03,False,False,0,READY,459,0.984,2024-08-15,2026-07-16,sina_daily,qfq,VALID,A,26,0
2026-07-16,002687.SZ,SZ_MAIN,2012-07-13,False,False,0,READY,463,1.0,2024-08-15,2026-07-16,sina_daily,qfq,VALID,A,26,0
2026-07-16,002688.SZ,SZ_MAIN,2012-07-13,False,False,0,READY,463,1.0,2024-08-15,2026-07-16,sina_daily,qfq,VALID,A,26,0
2026-07-16,002689.SZ,SZ_MAIN,2012-07-17,True,False,0,READY,462,0.996,2024-08-15,2026-07-16,sina_daily,qfq,VALID,A,26,0
2026-07-16,002690.SZ,SZ_MAIN,2012-07-31,False,False,0,READY,463,1.0,2024-08-15,2026-07-16,sina_daily,qfq,VALID,A,26,0
2026-07-16,002691.SZ,SZ_MAIN,2012-07-31,True,False,0,READY,462,0.996,2024-08-15,2026-07-16,sina_daily,qfq,VALID,A,26,0
2026-07-16,002692.SZ,SZ_MAIN,2012-08-08,False,False,0,READY,463,1.0,2024-08-15,2026-07-16,sina_daily,qfq,VALID,A,26,0
2026-07-16,002693.SZ,SZ_MAIN,2012-08-08,False,False,0,READY,451,0.996,2024-08-15,2026-07-16,sina_daily,qfq,VALID,A,26,0
2026-07-16,002694.SZ,SZ_MAIN,2012-08-16,True,False,0,READY,462,0.996,2024-08-15,2026-07-16,sina_daily,qfq,VALID,A,26,0
2026-07-16,002695.SZ,SZ_MAIN,2012-09-05,False,False,0,READY,463,1.0,2024-08-15,2026-07-16,sina_daily,qfq,VALID,A,26,0
2026-07-16,002696.SZ,SZ_MAIN,2012-09-05,False,False,0,READY,463,1.0,2024-08-15,2026-07-16,sina_daily,qfq,VALID,A,26,0
2026-07-16,002697.SZ,SZ_MAIN,2012-09-05,False,False,0,READY,463,1.0,2024-08-15,2026-07-16,sina_daily,qfq,VALID,A,26,0
2026-07-16,002698.SZ,SZ_MAIN,2012-09-11,False,False,0,READY,463,1.0,2024-08-15,2026-07-16,sina_daily,qfq,VALID,A,26,0
2026-07-16,002700.SZ,SZ_MAIN,2012-09-21,False,False,0,READY,462,1.0,2024-08-15,2026-07-16,sina_daily,qfq,VALID,A,26,0
2026-07-16,002701.SZ,SZ_MAIN,2012-10-11,False,False,0,READY,463,1.0,2024-08-15,2026-07-16,sina_daily,qfq,VALID,A,26,0
2026-07-16,002702.SZ,SZ_MAIN,2012-10-11,False,False,0,READY,463,1.0,2024-08-15,2026-07-16,sina_daily,qfq,VALID,A,26,0
2026-07-16,002703.SZ,SZ_MAIN,2012-11-02,False,False,0,READY,463,1.0,2024-08-15,2026-07-16,sina_daily,qfq,VALID,A,26,0
2026-07-16,002705.SZ,SZ_MAIN,2014-01-21,False,False,0,READY,463,1.0,2024-08-15,2026-07-16,sina_daily,qfq,VALID,A,26,0
2026-07-16,002706.SZ,SZ_MAIN,2014-01-21,False,False,0,READY,463,1.0,2024-08-15,2026-07-16,sina_daily,qfq,VALID,A,26,0
2026-07-16,002707.SZ,SZ_MAIN,2014-01-23,False,False,0,READY,463,1.0,2024-08-15,2026-07-16,sina_daily,qfq,VALID,A,26,0
2026-07-16,002708.SZ,SZ_MAIN,2014-01-21,False,False,0,READY,454,1.0,2024-08-15,2026-07-16,sina_daily,qfq,VALID,A,26,0
2026-07-16,002709.SZ,SZ_MAIN,2014-01-23,False,False,0,READY,463,1.0,2024-08-15,2026-07-16,sina_daily,qfq,VALID,A,26,0
2026-07-16,002712.SZ,SZ_MAIN,2014-01-23,False,False,0,READY,463,1.0,2024-08-15,2026-07-16,sina_daily,qfq,VALID,A,26,0
2026-07-16,002713.SZ,SZ_MAIN,2014-02-19,True,False,0,READY,458,0.984,2024-08-15,2026-07-16,sina_daily,qfq,VALID,A,26,0
2026-07-16,002714.SZ,SZ_MAIN,2014-01-28,False,False,0,READY,463,1.0,2024-08-15,2026-07-16,sina_daily,qfq,VALID,A,26,0
2026-07-16,002715.SZ,SZ_MAIN,2014-02-19,False,False,0,READY,463,1.0,2024-08-15,2026-07-16,sina_daily,qfq,VALID,A,26,0
2026-07-16,002716.SZ,SZ_MAIN,2014-01-28,False,False,0,READY,463,1.0,2024-08-15,2026-07-16,sina_daily,qfq,VALID,A,26,0
2026-07-16,002717.SZ,SZ_MAIN,2014-02-19,True,False,0,READY,461,0.996,2024-08-15,2026-07-16,sina_daily,qfq,VALID,A,26,0
2026-07-16,002718.SZ,SZ_MAIN,2014-01-28,False,False,0,READY,453,0.96,2024-08-15,2026-07-16,sina_daily,qfq,VALID,A,26,0
2026-07-16,002719.SZ,SZ_MAIN,2014-01-28,True,False,0,READY,462,0.996,2024-08-15,2026-07-16,sina_daily,qfq,VALID,A,26,0
2026-07-16,002721.SZ,SZ_MAIN,2014-01-27,False,False,0,READY,462,1.0,2024-08-15,2026-07-16,sina_daily,qfq,VALID,A,26,0
2026-07-16,002722.SZ,SZ_MAIN,2014-01-28,False,False,0,READY,463,1.0,2024-08-15,2026-07-16,sina_daily,qfq,VALID,A,26,0
2026-07-16,002723.SZ,SZ_MAIN,2014-01-29,False,False,0,READY,463,1.0,2024-08-15,2026-07-16,sina_daily,qfq,VALID,A,26,0
2026-07-16,002724.SZ,SZ_MAIN,2014-11-04,False,False,0,READY,463,1.0,2024-08-15,2026-07-16,sina_daily,qfq,VALID,A,26,0
2026-07-16,002725.SZ,SZ_MAIN,2014-01-29,False,False,0,READY,458,1.0,2024-08-15,2026-07-16,sina_daily,qfq,VALID,A,26,0
2026-07-16,002726.SZ,SZ_MAIN,2014-06-26,True,False,0,READY,462,0.996,2024-08-15,2026-07-16,sina_daily,qfq,VALID,A,26,0
2026-07-16,002727.SZ,SZ_MAIN,2014-07-02,False,False,0,READY,463,1.0,2024-08-15,2026-07-16,sina_daily,qfq,VALID,A,26,0
2026-07-16,002728.SZ,SZ_MAIN,2014-07-31,False,False,0,READY,463,1.0,2024-08-15,2026-07-16,sina_daily,qfq,VALID,A,26,0
2026-07-16,002729.SZ,SZ_MAIN,2014-09-12,False,False,0,READY,458,0.98,2024-08-15,2026-07-16,sina_daily,qfq,VALID,A,26,0
2026-07-16,002730.SZ,SZ_MAIN,2014-10-09,False,False,0,READY,463,1.0,2024-08-15,2026-07-16,sina_daily,qfq,VALID,A,26,0
2026-07-16,002731.SZ,SZ_MAIN,2014-11-04,True,False,0,READY,419,0.824,2024-08-15,2026-07-16,sina_daily,qfq,PARTIAL,B,26,0
2026-07-16,002732.SZ,SZ_MAIN,2014-12-05,False,False,0,READY,463,1.0,2024-08-15,2026-07-16,sina_daily,qfq,VALID,A,26,0
2026-07-16,002733.SZ,SZ_MAIN,2014-12-03,False,False,0,READY,463,1.0,2024-08-15,2026-07-16,sina_daily,qfq,VALID,A,26,0
2026-07-16,002734.SZ,SZ_MAIN,2015-01-27,False,False,0,READY,463,1.0,2024-08-15,2026-07-16,sina_daily,qfq,VALID,A,26,0
2026-07-16,002735.SZ,SZ_MAIN,2014-12-03,False,False,0,READY,463,1.0,2024-08-15,2026-07-16,sina_daily,qfq,VALID,A,26,0
2026-07-16,002736.SZ,SZ_MAIN,2014-12-29,False,False,0,READY,453,1.0,2024-08-15,2026-07-16,sina_daily,qfq,VALID,A,26,0
2026-07-16,002737.SZ,SZ_MAIN,2014-12-30,False,False,0,READY,463,1.0,2024-08-15,2026-07-16,sina_daily,qfq,VALID,A,26,0
2026-07-16,002738.SZ,SZ_MAIN,2014-12-30,False,False,0,READY,463,1.0,2024-08-15,2026-07-16,sina_daily,qfq,VALID,A,26,0
2026-07-16,002739.SZ,SZ_MAIN,2015-01-22,False,False,0,READY,463,1.0,2024-08-15,2026-07-16,sina_daily,qfq,VALID,A,26,0
2026-07-16,002741.SZ,SZ_MAIN,2015-02-16,False,False,0,READY,463,1.0,2024-08-15,2026-07-16,sina_daily,qfq,VALID,A,26,0
2026-07-16,002742.SZ,SZ_MAIN,2015-02-17,False,False,0,READY,460,0.992,2024-08-15,2026-07-16,sina_daily,qfq,VALID,A,26,0
2026-07-16,002743.SZ,SZ_MAIN,2015-02-17,False,False,0,READY,453,1.0,2024-08-15,2026-07-16,sina_daily,qfq,VALID,A,26,0
2026-07-16,002745.SZ,SZ_MAIN,2015-02-17,False,False,0,READY,463,1.0,2024-08-15,2026-07-16,sina_daily,qfq,VALID,A,26,0
2026-07-16,002746.SZ,SZ_MAIN,2015-02-16,False,False,0,READY,463,1.0,2024-08-15,2026-07-16,sina_daily,qfq,VALID,A,26,0
2026-07-16,002747.SZ,SZ_MAIN,2015-03-20,False,False,0,READY,463,1.0,2024-08-15,2026-07-16,sina_daily,qfq,VALID,A,26,0
2026-07-16,002748.SZ,SZ_MAIN,2015-03-19,False,False,0,READY,462,1.0,2024-08-15,2026-07-16,sina_daily,qfq,VALID,A,26,0
2026-07-16,002749.SZ,SZ_MAIN,2015-03-20,False,False,0,READY,463,1.0,2024-08-15,2026-07-16,sina_daily,qfq,VALID,A,26,0
2026-07-16,002752.SZ,SZ_MAIN,2015-04-22,False,False,0,READY,463,1.0,2024-08-15,2026-07-16,sina_daily,qfq,VALID,A,26,0
2026-07-16,002753.SZ,SZ_MAIN,2015-05-19,False,False,0,READY,463,1.0,2024-08-15,2026-07-16,sina_daily,qfq,VALID,A,26,0
2026-07-16,002755.SZ,SZ_MAIN,2015-05-15,False,False,0,READY,463,1.0,2024-08-15,2026-07-16,sina_daily,qfq,VALID,A,26,0
2026-07-16,002756.SZ,SZ_MAIN,2015-05-15,False,False,0,READY,463,1.0,2024-08-15,2026-07-16,sina_daily,qfq,VALID,A,26,0
2026-07-16,002757.SZ,SZ_MAIN,2015-05-27,False,False,0,READY,463,1.0,2024-08-15,2026-07-16,sina_daily,qfq,VALID,A,26,0
2026-07-16,002758.SZ,SZ_MAIN,2015-05-27,False,False,0,READY,463,1.0,2024-08-15,2026-07-16,sina_daily,qfq,VALID,A,26,0
2026-07-16,002759.SZ,SZ_MAIN,2015-05-28,True,False,0,READY,462,0.996,2024-08-15,2026-07-16,sina_daily,qfq,VALID,A,26,0
2026-07-16,002760.SZ,SZ_MAIN,2015-06-11,False,False,0,READY,463,1.0,2024-08-15,2026-07-16,sina_daily,qfq,VALID,A,26,0
2026-07-16,002761.SZ,SZ_MAIN,2015-06-10,False,False,0,READY,453,1.0,2024-08-15,2026-07-16,sina_daily,qfq,VALID,A,26,0
2026-07-16,002762.SZ,SZ_MAIN,2015-06-10,False,False,0,READY,456,0.996,2024-08-15,2026-07-16,sina_daily,qfq,VALID,A,26,0
2026-07-16,002763.SZ,SZ_MAIN,2015-06-10,False,False,0,READY,463,1.0,2024-08-15,2026-07-16,sina_daily,qfq,VALID,A,26,0
2026-07-16,002765.SZ,SZ_MAIN,2015-06-12,False,False,0,READY,461,0.992,2024-08-15,2026-07-16,sina_daily,qfq,VALID,A,26,0
2026-07-16,002766.SZ,SZ_MAIN,2015-06-11,False,False,0,READY,463,1.0,2024-08-15,2026-07-16,sina_daily,qfq,VALID,A,26,0
2026-07-16,002767.SZ,SZ_MAIN,2015-06-12,False,False,0,READY,463,1.0,2024-08-15,2026-07-16,sina_daily,qfq,VALID,A,26,0
2026-07-16,002768.SZ,SZ_MAIN,2015-06-30,False,False,0,READY,463,1.0,2024-08-15,2026-07-16,sina_daily,qfq,VALID,A,26,0
2026-07-16,002769.SZ,SZ_MAIN,2015-06-29,False,False,0,READY,453,0.96,2024-08-15,2026-07-16,sina_daily,qfq,VALID,A,26,0
2026-07-16,002771.SZ,SZ_MAIN,2015-06-29,False,False,0,READY,463,1.0,2024-08-15,2026-07-16,sina_daily,qfq,VALID,A,26,0
2026-07-16,002772.SZ,SZ_MAIN,2015-06-26,False,False,0,READY,463,1.0,2024-08-15,2026-07-16,sina_daily,qfq,VALID,A,26,0
2026-07-16,002773.SZ,SZ_MAIN,2015-06-26,False,False,0,READY,463,1.0,2024-08-15,2026-07-16,sina_daily,qfq,VALID,A,26,0
2026-07-16,002774.SZ,SZ_MAIN,2017-03-24,False,False,0,READY,463,1.0,2024-08-15,2026-07-16,sina_daily,qfq,VALID,A,26,0
2026-07-16,002775.SZ,SZ_MAIN,2015-06-29,False,False,0,READY,463,1.0,2024-08-15,2026-07-16,sina_daily,qfq,VALID,A,26,0
2026-07-16,002777.SZ,SZ_MAIN,2015-12-31,False,False,0,READY,463,1.0,2024-08-15,2026-07-16,sina_daily,qfq,VALID,A,26,0
2026-07-16,002778.SZ,SZ_MAIN,2016-01-06,False,False,0,READY,458,0.98,2024-08-15,2026-07-16,sina_daily,qfq,VALID,A,26,0
2026-07-16,002779.SZ,SZ_MAIN,2015-12-09,False,False,0,READY,463,1.0,2024-08-15,2026-07-16,sina_daily,qfq,VALID,A,26,0
2026-07-16,002780.SZ,SZ_MAIN,2015-12-09,False,False,0,READY,463,1.0,2024-08-15,2026-07-16,sina_daily,qfq,VALID,A,26,0
2026-07-16,002782.SZ,SZ_MAIN,2015-12-22,False,False,0,READY,463,1.0,2024-08-15,2026-07-16,sina_daily,qfq,VALID,A,26,0
2026-07-16,002783.SZ,SZ_MAIN,2015-12-09,False,False,0,READY,463,1.0,2024-08-15,2026-07-16,sina_daily,qfq,VALID,A,26,0
2026-07-16,002785.SZ,SZ_MAIN,2015-12-23,False,False,0,READY,463,1.0,2024-08-15,2026-07-16,sina_daily,qfq,VALID,A,26,0
2026-07-16,002786.SZ,SZ_MAIN,2015-12-23,False,False,0,READY,463,1.0,2024-08-15,2026-07-16,sina_daily,qfq,VALID,A,26,0
2026-07-16,002787.SZ,SZ_MAIN,2015-12-31,False,False,0,READY,463,1.0,2024-08-15,2026-07-16,sina_daily,qfq,VALID,A,26,0
2026-07-16,002788.SZ,SZ_MAIN,2016-02-18,False,False,0,READY,463,1.0,2024-08-15,2026-07-16,sina_daily,qfq,VALID,A,26,0
2026-07-16,002789.SZ,SZ_MAIN,2016-03-11,True,False,0,READY,462,1.0,2024-08-15,2026-07-16,sina_daily,qfq,VALID,A,26,0
2026-07-16,002790.SZ,SZ_MAIN,2016-03-08,False,False,0,READY,463,1.0,2024-08-15,2026-07-16,sina_daily,qfq,VALID,A,26,0
2026-07-16,002791.SZ,SZ_MAIN,2016-03-29,False,False,0,READY,463,1.0,2024-08-15,2026-07-16,sina_daily,qfq,VALID,A,26,0
2026-07-16,002792.SZ,SZ_MAIN,2016-03-28,False,False,0,READY,463,1.0,2024-08-15,2026-07-16,sina_daily,qfq,VALID,A,26,0
2026-07-16,002793.SZ,SZ_MAIN,2016-04-15,False,False,0,READY,463,1.0,2024-08-15,2026-07-16,sina_daily,qfq,VALID,A,26,0
2026-07-16,002795.SZ,SZ_MAIN,2016-04-28,False,False,0,READY,463,1.0,2024-08-15,2026-07-16,sina_daily,qfq,VALID,A,26,0
2026-07-16,002796.SZ,SZ_MAIN,2016-05-10,False,False,0,READY,463,1.0,2024-08-15,2026-07-16,sina_daily,qfq,VALID,A,26,0
2026-07-16,002797.SZ,SZ_MAIN,2016-05-11,False,False,0,READY,463,1.0,2024-08-15,2026-07-16,sina_daily,qfq,VALID,A,26,0
2026-07-16,002798.SZ,SZ_MAIN,2016-05-25,False,False,0,READY,461,1.0,2024-08-15,2026-07-16,sina_daily,qfq,VALID,A,26,0
2026-07-16,002799.SZ,SZ_MAIN,2016-06-08,False,False,0,READY,463,1.0,2024-08-15,2026-07-16,sina_daily,qfq,VALID,A,26,0
2026-07-16,002800.SZ,SZ_MAIN,2016-05-30,False,False,0,READY,463,1.0,2024-08-15,2026-07-16,sina_daily,qfq,VALID,A,26,0
2026-07-16,002801.SZ,SZ_MAIN,2016-06-22,False,False,0,READY,463,1.0,2024-08-15,2026-07-16,sina_daily,qfq,VALID,A,26,0
2026-07-16,002802.SZ,SZ_MAIN,2016-06-29,False,False,0,READY,463,1.0,2024-08-15,2026-07-16,sina_daily,qfq,VALID,A,26,0
2026-07-16,002803.SZ,SZ_MAIN,2016-07-12,False,False,0,READY,463,1.0,2024-08-15,2026-07-16,sina_daily,qfq,VALID,A,26,0
2026-07-16,002805.SZ,SZ_MAIN,2016-07-07,False,False,0,READY,463,1.0,2024-08-15,2026-07-16,sina_daily,qfq,VALID,A,26,0
2026-07-16,002806.SZ,SZ_MAIN,2016-07-26,False,False,0,READY,458,0.98,2024-08-15,2026-07-16,sina_daily,qfq,VALID,A,26,0
2026-07-16,002807.SZ,SZ_MAIN,2016-09-02,False,False,0,READY,463,1.0,2024-08-15,2026-07-16,sina_daily,qfq,VALID,A,26,0
2026-07-16,002809.SZ,SZ_MAIN,2016-08-23,False,False,0,READY,463,1.0,2024-08-15,2026-07-16,sina_daily,qfq,VALID,A,26,0
2026-07-16,002810.SZ,SZ_MAIN,2016-08-26,False,False,0,READY,463,1.0,2024-08-15,2026-07-16,sina_daily,qfq,VALID,A,26,0
2026-07-16,002811.SZ,SZ_MAIN,2016-09-08,False,False,0,READY,463,1.0,2024-08-15,2026-07-16,sina_daily,qfq,VALID,A,26,0
2026-07-16,002812.SZ,SZ_MAIN,2016-09-14,False,False,0,READY,453,0.96,2024-08-15,2026-07-16,sina_daily,qfq,VALID,A,26,0
2026-07-16,002813.SZ,SZ_MAIN,2016-10-12,False,False,0,READY,463,1.0,2024-08-15,2026-07-16,sina_daily,qfq,VALID,A,26,0
2026-07-16,002815.SZ,SZ_MAIN,2016-10-12,False,False,0,READY,463,1.0,2024-08-15,2026-07-16,sina_daily,qfq,VALID,A,26,0
2026-07-16,002816.SZ,SZ_MAIN,2016-10-25,True,False,0,READY,461,1.0,2024-08-15,2026-07-16,sina_daily,qfq,VALID,A,26,0
2026-07-16,002817.SZ,SZ_MAIN,2016-10-25,False,False,0,READY,463,1.0,2024-08-15,2026-07-16,sina_daily,qfq,VALID,A,26,0
2026-07-16,002818.SZ,SZ_MAIN,2016-11-09,False,False,0,READY,463,1.0,2024-08-15,2026-07-16,sina_daily,qfq,VALID,A,26,0
2026-07-16,002819.SZ,SZ_MAIN,2016-11-11,False,False,0,READY,463,1.0,2024-08-15,2026-07-16,sina_daily,qfq,VALID,A,26,0
2026-07-16,002820.SZ,SZ_MAIN,2016-11-18,False,False,0,READY,463,1.0,2024-08-15,2026-07-16,sina_daily,qfq,VALID,A,26,0
2026-07-16,002821.SZ,SZ_MAIN,2016-11-18,False,False,0,READY,463,1.0,2024-08-15,2026-07-16,sina_daily,qfq,VALID,A,26,0
2026-07-16,002822.SZ,SZ_MAIN,2016-11-29,True,False,0,READY,460,0.988,2024-08-15,2026-07-16,sina_daily,qfq,VALID,A,26,0
2026-07-16,002823.SZ,SZ_MAIN,2016-11-24,False,False,0,READY,463,1.0,2024-08-15,2026-07-16,sina_daily,qfq,VALID,A,26,0
2026-07-16,002824.SZ,SZ_MAIN,2017-01-12,False,False,0,READY,463,1.0,2024-08-15,2026-07-16,sina_daily,qfq,VALID,A,26,0
2026-07-16,002825.SZ,SZ_MAIN,2016-11-29,False,False,0,READY,463,1.0,2024-08-15,2026-07-16,sina_daily,qfq,VALID,A,26,0
2026-07-16,002826.SZ,SZ_MAIN,2016-12-09,False,False,0,READY,458,1.0,2024-08-15,2026-07-16,sina_daily,qfq,VALID,A,26,0
2026-07-16,002827.SZ,SZ_MAIN,2016-12-09,False,False,0,READY,463,1.0,2024-08-15,2026-07-16,sina_daily,qfq,VALID,A,26,0
2026-07-16,002828.SZ,SZ_MAIN,2016-12-08,False,False,0,READY,458,1.0,2024-08-15,2026-07-16,sina_daily,qfq,VALID,A,26,0
2026-07-16,002829.SZ,SZ_MAIN,2016-12-13,False,False,0,READY,463,1.0,2024-08-15,2026-07-16,sina_daily,qfq,VALID,A,26,0
2026-07-16,002830.SZ,SZ_MAIN,2016-12-13,False,False,0,READY,463,1.0,2024-08-15,2026-07-16,sina_daily,qfq,VALID,A,26,0
2026-07-16,002831.SZ,SZ_MAIN,2016-12-16,False,False,0,READY,463,1.0,2024-08-15,2026-07-16,sina_daily,qfq,VALID,A,26,0
2026-07-16,002832.SZ,SZ_MAIN,2016-12-23,False,False,0,READY,463,1.0,2024-08-15,2026-07-16,sina_daily,qfq,VALID,A,26,0
2026-07-16,002833.SZ,SZ_MAIN,2016-12-28,False,False,0,READY,463,1.0,2024-08-15,2026-07-16,sina_daily,qfq,VALID,A,26,0
2026-07-16,002835.SZ,SZ_MAIN,2016-12-28,False,False,0,READY,463,1.0,2024-08-15,2026-07-16,sina_daily,qfq,VALID,A,26,0
2026-07-16,002836.SZ,SZ_MAIN,2016-12-29,False,False,0,READY,463,1.0,2024-08-15,2026-07-16,sina_daily,qfq,VALID,A,26,0
2026-07-16,002837.SZ,SZ_MAIN,2016-12-29,False,False,0,READY,463,1.0,2024-08-15,2026-07-16,sina_daily,qfq,VALID,A,26,0
2026-07-16,002838.SZ,SZ_MAIN,2017-01-06,False,False,0,READY,453,1.0,2024-08-15,2026-07-16,sina_daily,qfq,VALID,A,26,0
2026-07-16,002839.SZ,SZ_MAIN,2017-01-24,False,False,0,READY,463,1.0,2024-08-15,2026-07-16,sina_daily,qfq,VALID,A,26,0
2026-07-16,002840.SZ,SZ_MAIN,2017-01-10,False,False,0,READY,463,1.0,2024-08-15,2026-07-16,sina_daily,qfq,VALID,A,26,0
2026-07-16,002841.SZ,SZ_MAIN,2017-01-19,False,False,0,READY,463,1.0,2024-08-15,2026-07-16,sina_daily,qfq,VALID,A,26,0
2026-07-16,002842.SZ,SZ_MAIN,2017-01-19,False,False,0,READY,463,1.0,2024-08-15,2026-07-16,sina_daily,qfq,VALID,A,26,0
2026-07-16,002843.SZ,SZ_MAIN,2017-01-20,False,False,0,READY,463,1.0,2024-08-15,2026-07-16,sina_daily,qfq,VALID,A,26,0
2026-07-16,002845.SZ,SZ_MAIN,2017-01-25,False,False,0,READY,463,1.0,2024-08-15,2026-07-16,sina_daily,qfq,VALID,A,26,0
2026-07-16,002846.SZ,SZ_MAIN,2017-02-07,False,False,0,READY,463,1.0,2024-08-15,2026-07-16,sina_daily,qfq,VALID,A,26,0
2026-07-16,002847.SZ,SZ_MAIN,2017-02-08,False,False,0,READY,463,1.0,2024-08-15,2026-07-16,sina_daily,qfq,VALID,A,26,0
2026-07-16,002848.SZ,SZ_MAIN,2017-02-13,False,False,0,READY,461,0.996,2024-08-15,2026-07-16,sina_daily,qfq,VALID,A,26,0
2026-07-16,002849.SZ,SZ_MAIN,2017-02-17,False,False,0,READY,463,1.0,2024-08-15,2026-07-16,sina_daily,qfq,VALID,A,26,0
2026-07-16,002850.SZ,SZ_MAIN,2017-03-02,False,False,0,READY,463,1.0,2024-08-15,2026-07-16,sina_daily,qfq,VALID,A,26,0
2026-07-16,002851.SZ,SZ_MAIN,2017-03-06,False,False,0,READY,463,1.0,2024-08-15,2026-07-16,sina_daily,qfq,VALID,A,26,0
2026-07-16,002852.SZ,SZ_MAIN,2017-03-10,False,False,0,READY,463,1.0,2024-08-15,2026-07-16,sina_daily,qfq,VALID,A,26,0
2026-07-16,002853.SZ,SZ_MAIN,2017-03-10,False,False,0,READY,458,0.98,2024-08-15,2026-07-16,sina_daily,qfq,VALID,A,26,0
2026-07-16,002855.SZ,SZ_MAIN,2017-03-21,False,False,0,READY,463,1.0,2024-08-15,2026-07-16,sina_daily,qfq,VALID,A,26,0
2026-07-16,002856.SZ,SZ_MAIN,2017-03-20,True,False,0,READY,462,0.996,2024-08-15,2026-07-16,sina_daily,qfq,VALID,A,26,0
2026-07-16,002857.SZ,SZ_MAIN,2017-03-23,False,False,0,READY,463,1.0,2024-08-15,2026-07-16,sina_daily,qfq,VALID,A,26,0
2026-07-16,002858.SZ,SZ_MAIN,2017-03-24,False,False,0,READY,463,1.0,2024-08-15,2026-07-16,sina_daily,qfq,VALID,A,26,0
2026-07-16,002859.SZ,SZ_MAIN,2017-04-07,False,False,0,READY,453,0.96,2024-08-15,2026-07-16,sina_daily,qfq,VALID,A,26,0
2026-07-16,002860.SZ,SZ_MAIN,2017-04-12,False,False,0,READY,463,1.0,2024-08-15,2026-07-16,sina_daily,qfq,VALID,A,26,0
2026-07-16,002861.SZ,SZ_MAIN,2017-04-13,False,False,0,READY,463,1.0,2024-08-15,2026-07-16,sina_daily,qfq,VALID,A,26,0
2026-07-16,002862.SZ,SZ_MAIN,2017-04-11,False,False,0,READY,463,1.0,2024-08-15,2026-07-16,sina_daily,qfq,VALID,A,26,0
2026-07-16,002863.SZ,SZ_MAIN,2017-04-18,False,False,0,READY,463,1.0,2024-08-15,2026-07-16,sina_daily,qfq,VALID,A,26,0
2026-07-16,002864.SZ,SZ_MAIN,2017-11-16,False,False,0,READY,463,1.0,2024-08-15,2026-07-16,sina_daily,qfq,VALID,A,26,0
2026-07-16,002865.SZ,SZ_MAIN,2017-04-25,False,False,0,READY,463,1.0,2024-08-15,2026-07-16,sina_daily,qfq,VALID,A,26,0
2026-07-16,002866.SZ,SZ_MAIN,2017-04-26,False,False,0,READY,463,1.0,2024-08-15,2026-07-16,sina_daily,qfq,VALID,A,26,0
2026-07-16,002867.SZ,SZ_MAIN,2017-04-27,False,False,0,READY,463,1.0,2024-08-15,2026-07-16,sina_daily,qfq,VALID,A,26,0
2026-07-16,002868.SZ,SZ_MAIN,2017-05-03,False,False,0,READY,457,0.996,2024-08-15,2026-07-16,sina_daily,qfq,VALID,A,26,0
2026-07-16,002869.SZ,SZ_MAIN,2017-05-15,False,False,0,READY,463,1.0,2024-08-15,2026-07-16,sina_daily,qfq,VALID,A,26,0
2026-07-16,002870.SZ,SZ_MAIN,2017-05-15,False,False,0,READY,463,1.0,2024-08-15,2026-07-16,sina_daily,qfq,VALID,A,26,0
2026-07-16,002871.SZ,SZ_MAIN,2017-05-11,False,False,0,READY,463,1.0,2024-08-15,2026-07-16,sina_daily,qfq,VALID,A,26,0
2026-07-16,002872.SZ,SZ_MAIN,2017-05-19,True,False,0,READY,463,1.0,2024-08-15,2026-07-16,sina_daily,qfq,VALID,A,26,0
2026-07-16,002873.SZ,SZ_MAIN,2017-05-19,False,False,0,READY,463,1.0,2024-08-15,2026-07-16,sina_daily,qfq,VALID,A,26,0
2026-07-16,002875.SZ,SZ_MAIN,2017-06-01,False,False,0,READY,458,1.0,2024-08-15,2026-07-16,sina_daily,qfq,VALID,A,26,0
2026-07-16,002876.SZ,SZ_MAIN,2017-05-25,False,False,0,READY,463,1.0,2024-08-15,2026-07-16,sina_daily,qfq,VALID,A,26,0
2026-07-16,002877.SZ,SZ_MAIN,2017-06-05,False,False,0,READY,463,1.0,2024-08-15,2026-07-16,sina_daily,qfq,VALID,A,26,0
2026-07-16,002878.SZ,SZ_MAIN,2017-06-06,False,False,0,READY,463,1.0,2024-08-15,2026-07-16,sina_daily,qfq,VALID,A,26,0
2026-07-16,002879.SZ,SZ_MAIN,2017-07-07,False,False,0,READY,463,1.0,2024-08-15,2026-07-16,sina_daily,qfq,VALID,A,26,0
2026-07-16,002880.SZ,SZ_MAIN,2017-06-16,False,False,0,READY,463,1.0,2024-08-15,2026-07-16,sina_daily,qfq,VALID,A,26,0
2026-07-16,002881.SZ,SZ_MAIN,2017-06-22,False,False,0,READY,463,1.0,2024-08-15,2026-07-16,sina_daily,qfq,VALID,A,26,0
2026-07-16,002882.SZ,SZ_MAIN,2017-07-17,False,False,0,READY,463,1.0,2024-08-15,2026-07-16,sina_daily,qfq,VALID,A,26,0
2026-07-16,002883.SZ,SZ_MAIN,2017-06-20,True,False,0,READY,462,0.996,2024-08-15,2026-07-16,sina_daily,qfq,VALID,A,26,0
2026-07-16,002884.SZ,SZ_MAIN,2017-07-11,False,False,0,READY,463,1.0,2024-08-15,2026-07-16,sina_daily,qfq,VALID,A,26,0
2026-07-16,002885.SZ,SZ_MAIN,2017-06-27,False,False,0,READY,463,1.0,2024-08-15,2026-07-16,sina_daily,qfq,VALID,A,26,0
2026-07-16,002886.SZ,SZ_MAIN,2017-06-27,False,False,0,READY,463,1.0,2024-08-15,2026-07-16,sina_daily,qfq,VALID,A,26,0
2026-07-16,002887.SZ,SZ_MAIN,2017-08-01,False,False,0,READY,463,1.0,2024-08-15,2026-07-16,sina_daily,qfq,VALID,A,26,0
2026-07-16,002888.SZ,SZ_MAIN,2017-07-21,False,False,0,READY,463,1.0,2024-08-15,2026-07-16,sina_daily,qfq,VALID,A,26,0
2026-07-16,002889.SZ,SZ_MAIN,2017-07-31,False,False,0,READY,463,1.0,2024-08-15,2026-07-16,sina_daily,qfq,VALID,A,26,0
2026-07-16,002890.SZ,SZ_MAIN,2017-08-02,False,False,0,READY,463,1.0,2024-08-15,2026-07-16,sina_daily,qfq,VALID,A,26,0
2026-07-16,002891.SZ,SZ_MAIN,2017-08-21,False,False,0,READY,463,1.0,2024-08-15,2026-07-16,sina_daily,qfq,VALID,A,26,0
2026-07-16,002892.SZ,SZ_MAIN,2017-08-17,False,False,0,READY,463,1.0,2024-08-15,2026-07-16,sina_daily,qfq,VALID,A,26,0
2026-07-16,002893.SZ,SZ_MAIN,2017-09-15,False,False,0,READY,463,1.0,2024-08-15,2026-07-16,sina_daily,qfq,VALID,A,26,0
2026-07-16,002895.SZ,SZ_MAIN,2017-08-25,False,False,0,READY,463,1.0,2024-08-15,2026-07-16,sina_daily,qfq,VALID,A,26,0
2026-07-16,002896.SZ,SZ_MAIN,2017-08-29,False,False,0,READY,463,1.0,2024-08-15,2026-07-16,sina_daily,qfq,VALID,A,26,0
2026-07-16,002897.SZ,SZ_MAIN,2017-09-07,False,False,0,READY,463,1.0,2024-08-15,2026-07-16,sina_daily,qfq,VALID,A,26,0
2026-07-16,002898.SZ,SZ_MAIN,2017-09-12,False,False,0,PARTIAL_FALLBACK_PRICE_AMOUNT,426,0.856,2024-08-15,2026-07-16,tencent_hist,qfq,PARTIAL,B,25,1
2026-07-16,002899.SZ,SZ_MAIN,2017-09-15,False,False,0,READY,463,1.0,2024-08-15,2026-07-16,sina_daily,qfq,VALID,A,26,0
2026-07-16,002900.SZ,SZ_MAIN,2017-09-22,False,False,0,READY,463,1.0,2024-08-15,2026-07-16,sina_daily,qfq,VALID,A,26,0
2026-07-16,002901.SZ,SZ_MAIN,2017-09-22,False,False,0,READY,463,1.0,2024-08-15,2026-07-16,sina_daily,qfq,VALID,A,26,0
2026-07-16,002902.SZ,SZ_MAIN,2017-09-29,False,False,0,READY,463,1.0,2024-08-15,2026-07-16,sina_daily,qfq,VALID,A,26,0
2026-07-16,002903.SZ,SZ_MAIN,2017-10-13,False,False,0,READY,463,1.0,2024-08-15,2026-07-16,sina_daily,qfq,VALID,A,26,0
2026-07-16,002905.SZ,SZ_MAIN,2017-10-16,False,False,0,READY,463,1.0,2024-08-15,2026-07-16,sina_daily,qfq,VALID,A,26,0
2026-07-16,002906.SZ,SZ_MAIN,2017-10-13,False,False,0,READY,463,1.0,2024-08-15,2026-07-16,sina_daily,qfq,VALID,A,26,0
2026-07-16,002907.SZ,SZ_MAIN,2017-10-20,False,False,0,READY,463,1.0,2024-08-15,2026-07-16,sina_daily,qfq,VALID,A,26,0
2026-07-16,002908.SZ,SZ_MAIN,2017-10-20,False,False,0,READY,463,1.0,2024-08-15,2026-07-16,sina_daily,qfq,VALID,A,26,0
2026-07-16,002909.SZ,SZ_MAIN,2017-10-26,False,False,0,READY,463,1.0,2024-08-15,2026-07-16,sina_daily,qfq,VALID,A,26,0
2026-07-16,002910.SZ,SZ_MAIN,2017-10-31,False,False,0,READY,463,1.0,2024-08-15,2026-07-16,sina_daily,qfq,VALID,A,26,0
2026-07-16,002911.SZ,SZ_MAIN,2017-11-22,False,False,0,READY,463,1.0,2024-08-15,2026-07-16,sina_daily,qfq,VALID,A,26,0
2026-07-16,002912.SZ,SZ_MAIN,2017-11-21,False,False,0,READY,463,1.0,2024-08-15,2026-07-16,sina_daily,qfq,VALID,A,26,0
2026-07-16,002913.SZ,SZ_MAIN,2017-12-01,False,False,0,READY,463,1.0,2024-08-15,2026-07-16,sina_daily,qfq,VALID,A,26,0
2026-07-16,002915.SZ,SZ_MAIN,2017-12-05,False,False,0,READY,463,1.0,2024-08-15,2026-07-16,sina_daily,qfq,VALID,A,26,0
2026-07-16,002916.SZ,SZ_MAIN,2017-12-13,False,False,0,READY,463,1.0,2024-08-15,2026-07-16,sina_daily,qfq,VALID,A,26,0
2026-07-16,002917.SZ,SZ_MAIN,2017-12-08,False,False,0,READY,463,1.0,2024-08-15,2026-07-16,sina_daily,qfq,VALID,A,26,0
2026-07-16,002918.SZ,SZ_MAIN,2017-12-19,False,False,0,READY,463,1.0,2024-08-15,2026-07-16,sina_daily,qfq,VALID,A,26,0
2026-07-16,002919.SZ,SZ_MAIN,2017-12-18,False,False,0,READY,463,1.0,2024-08-15,2026-07-16,sina_daily,qfq,VALID,A,26,0
2026-07-16,002920.SZ,SZ_MAIN,2017-12-26,False,False,0,READY,463,1.0,2024-08-15,2026-07-16,sina_daily,qfq,VALID,A,26,0
2026-07-16,002921.SZ,SZ_MAIN,2017-12-27,False,False,0,READY,463,1.0,2024-08-15,2026-07-16,sina_daily,qfq,VALID,A,26,0
2026-07-16,002922.SZ,SZ_MAIN,2017-12-29,False,False,0,READY,463,1.0,2024-08-15,2026-07-16,sina_daily,qfq,VALID,A,26,0
2026-07-16,002923.SZ,SZ_MAIN,2018-01-05,False,False,0,READY,463,1.0,2024-08-15,2026-07-16,sina_daily,qfq,VALID,A,26,0
2026-07-16,002925.SZ,SZ_MAIN,2018-01-15,False,False,0,READY,463,1.0,2024-08-15,2026-07-16,sina_daily,qfq,VALID,A,26,0
2026-07-16,002926.SZ,SZ_MAIN,2018-02-05,False,False,0,READY,463,1.0,2024-08-15,2026-07-16,sina_daily,qfq,VALID,A,26,0
2026-07-16,002927.SZ,SZ_MAIN,2018-02-23,False,False,0,READY,463,1.0,2024-08-15,2026-07-16,sina_daily,qfq,VALID,A,26,0
2026-07-16,002928.SZ,SZ_MAIN,2018-03-02,False,False,0,READY,463,1.0,2024-08-15,2026-07-16,sina_daily,qfq,VALID,A,26,0
2026-07-16,002929.SZ,SZ_MAIN,2018-03-01,False,False,0,READY,463,1.0,2024-08-15,2026-07-16,sina_daily,qfq,VALID,A,26,0
2026-07-16,002930.SZ,SZ_MAIN,2018-03-28,False,False,0,READY,463,1.0,2024-08-15,2026-07-16,sina_daily,qfq,VALID,A,26,0
2026-07-16,002931.SZ,SZ_MAIN,2018-04-03,False,False,0,READY,446,0.932,2024-08-15,2026-07-16,sina_daily,qfq,PARTIAL,B,26,0
2026-07-16,002932.SZ,SZ_MAIN,2018-07-10,True,False,0,READY,462,0.996,2024-08-15,2026-07-16,sina_daily,qfq,VALID,A,26,0
2026-07-16,002933.SZ,SZ_MAIN,2018-08-28,False,False,0,READY,463,1.0,2024-08-15,2026-07-16,sina_daily,qfq,VALID,A,26,0
2026-07-16,002935.SZ,SZ_MAIN,2018-09-03,False,False,0,READY,463,1.0,2024-08-15,2026-07-16,sina_daily,qfq,VALID,A,26,0
2026-07-16,002936.SZ,SZ_MAIN,2018-09-19,False,False,0,READY,463,1.0,2024-08-15,2026-07-16,sina_daily,qfq,VALID,A,26,0
2026-07-16,002937.SZ,SZ_MAIN,2018-09-26,False,False,0,READY,463,1.0,2024-08-15,2026-07-16,sina_daily,qfq,VALID,A,26,0
2026-07-16,002938.SZ,SZ_MAIN,2018-09-18,False,False,0,READY,463,1.0,2024-08-15,2026-07-16,sina_daily,qfq,VALID,A,26,0
2026-07-16,002939.SZ,SZ_MAIN,2018-10-26,False,False,0,READY,463,1.0,2024-08-15,2026-07-16,sina_daily,qfq,VALID,A,26,0
2026-07-16,002940.SZ,SZ_MAIN,2018-10-23,False,False,0,READY,463,1.0,2024-08-15,2026-07-16,sina_daily,qfq,VALID,A,26,0
2026-07-16,002941.SZ,SZ_MAIN,2018-11-28,False,False,0,READY,463,1.0,2024-08-15,2026-07-16,sina_daily,qfq,VALID,A,26,0
2026-07-16,002942.SZ,SZ_MAIN,2018-12-05,False,False,0,READY,463,1.0,2024-08-15,2026-07-16,sina_daily,qfq,VALID,A,26,0
2026-07-16,002943.SZ,SZ_MAIN,2018-11-29,False,False,0,READY,463,1.0,2024-08-15,2026-07-16,sina_daily,qfq,VALID,A,26,0
2026-07-16,002945.SZ,SZ_MAIN,2019-01-17,False,False,0,READY,463,1.0,2024-08-15,2026-07-16,sina_daily,qfq,VALID,A,26,0
2026-07-16,002946.SZ,SZ_MAIN,2019-01-25,False,False,0,READY,463,1.0,2024-08-15,2026-07-16,sina_daily,qfq,VALID,A,26,0
2026-07-16,002947.SZ,SZ_MAIN,2019-02-01,False,False,0,READY,463,1.0,2024-08-15,2026-07-16,sina_daily,qfq,VALID,A,26,0
2026-07-16,002948.SZ,SZ_MAIN,2019-01-16,False,False,0,READY,463,1.0,2024-08-15,2026-07-16,sina_daily,qfq,VALID,A,26,0
2026-07-16,002949.SZ,SZ_MAIN,2019-02-26,False,False,0,READY,463,1.0,2024-08-15,2026-07-16,sina_daily,qfq,VALID,A,26,0
2026-07-16,002950.SZ,SZ_MAIN,2019-03-11,False,False,0,READY,463,1.0,2024-08-15,2026-07-16,sina_daily,qfq,VALID,A,26,0
2026-07-16,002951.SZ,SZ_MAIN,2019-03-15,False,False,0,READY,462,1.0,2024-08-15,2026-07-16,sina_daily,qfq,VALID,A,26,0
2026-07-16,002952.SZ,SZ_MAIN,2019-03-28,False,False,0,READY,463,1.0,2024-08-15,2026-07-16,sina_daily,qfq,VALID,A,26,0
2026-07-16,002953.SZ,SZ_MAIN,2019-05-09,False,False,0,READY,463,1.0,2024-08-15,2026-07-16,sina_daily,qfq,VALID,A,26,0
2026-07-16,002955.SZ,SZ_MAIN,2019-05-23,False,False,0,READY,459,1.0,2024-08-15,2026-07-16,sina_daily,qfq,VALID,A,26,0
2026-07-16,002956.SZ,SZ_MAIN,2019-06-19,False,False,0,READY,463,1.0,2024-08-15,2026-07-16,sina_daily,qfq,VALID,A,26,0
2026-07-16,002957.SZ,SZ_MAIN,2019-07-26,False,False,0,READY,463,1.0,2024-08-15,2026-07-16,sina_daily,qfq,VALID,A,26,0
2026-07-16,002958.SZ,SZ_MAIN,2019-03-26,False,False,0,READY,463,1.0,2024-08-15,2026-07-16,sina_daily,qfq,VALID,A,26,0
2026-07-16,002959.SZ,SZ_MAIN,2019-08-23,False,False,0,READY,463,1.0,2024-08-15,2026-07-16,sina_daily,qfq,VALID,A,26,0
2026-07-16,002960.SZ,SZ_MAIN,2019-08-09,False,False,0,READY,463,1.0,2024-08-15,2026-07-16,sina_daily,qfq,VALID,A,26,0
2026-07-16,002961.SZ,SZ_MAIN,2019-09-05,False,False,0,READY,463,1.0,2024-08-15,2026-07-16,sina_daily,qfq,VALID,A,26,0
2026-07-16,002962.SZ,SZ_MAIN,2019-09-17,False,False,0,READY,463,1.0,2024-08-15,2026-07-16,sina_daily,qfq,VALID,A,26,0
2026-07-16,002963.SZ,SZ_MAIN,2019-10-28,False,False,0,READY,463,1.0,2024-08-15,2026-07-16,sina_daily,qfq,VALID,A,26,0
2026-07-16,002965.SZ,SZ_MAIN,2019-10-25,False,False,0,READY,463,1.0,2024-08-15,2026-07-16,sina_daily,qfq,VALID,A,26,0
2026-07-16,002966.SZ,SZ_MAIN,2019-08-02,False,False,0,READY,463,1.0,2024-08-15,2026-07-16,sina_daily,qfq,VALID,A,26,0
2026-07-16,002967.SZ,SZ_MAIN,2019-11-08,False,False,0,READY,463,1.0,2024-08-15,2026-07-16,sina_daily,qfq,VALID,A,26,0
2026-07-16,002968.SZ,SZ_MAIN,2019-12-03,False,False,0,READY,453,0.96,2024-08-15,2026-07-16,sina_daily,qfq,VALID,A,26,0
2026-07-16,002969.SZ,SZ_MAIN,2019-12-02,False,False,0,READY,446,0.932,2024-08-15,2026-07-16,sina_daily,qfq,PARTIAL,B,26,0
2026-07-16,002970.SZ,SZ_MAIN,2019-12-17,False,False,0,READY,463,1.0,2024-08-15,2026-07-16,sina_daily,qfq,VALID,A,26,0
2026-07-16,002971.SZ,SZ_MAIN,2020-01-13,False,False,0,READY,463,1.0,2024-08-15,2026-07-16,sina_daily,qfq,VALID,A,26,0
2026-07-16,002972.SZ,SZ_MAIN,2019-12-27,False,False,0,READY,463,1.0,2024-08-15,2026-07-16,sina_daily,qfq,VALID,A,26,0
2026-07-16,002973.SZ,SZ_MAIN,2020-01-06,False,False,0,READY,463,1.0,2024-08-15,2026-07-16,sina_daily,qfq,VALID,A,26,0
2026-07-16,002975.SZ,SZ_MAIN,2020-02-05,False,False,0,READY,463,1.0,2024-08-15,2026-07-16,sina_daily,qfq,VALID,A,26,0
2026-07-16,002976.SZ,SZ_MAIN,2020-03-06,False,False,0,READY,463,1.0,2024-08-15,2026-07-16,sina_daily,qfq,VALID,A,26,0
2026-07-16,002977.SZ,SZ_MAIN,2020-03-17,True,False,0,READY,462,0.996,2024-08-15,2026-07-16,sina_daily,qfq,VALID,A,26,0
2026-07-16,002978.SZ,SZ_MAIN,2020-04-17,False,False,0,READY,463,1.0,2024-08-15,2026-07-16,sina_daily,qfq,VALID,A,26,0
2026-07-16,002979.SZ,SZ_MAIN,2020-04-08,False,False,0,READY,463,1.0,2024-08-15,2026-07-16,sina_daily,qfq,VALID,A,26,0
2026-07-16,002980.SZ,SZ_MAIN,2020-04-15,False,False,0,READY,463,1.0,2024-08-15,2026-07-16,sina_daily,qfq,VALID,A,26,0
2026-07-16,002981.SZ,SZ_MAIN,2020-04-17,False,False,0,READY,463,1.0,2024-08-15,2026-07-16,sina_daily,qfq,VALID,A,26,0
2026-07-16,002982.SZ,SZ_MAIN,2020-04-24,False,False,0,READY,463,1.0,2024-08-15,2026-07-16,sina_daily,qfq,VALID,A,26,0
2026-07-16,002983.SZ,SZ_MAIN,2020-04-28,False,False,0,READY,463,1.0,2024-08-15,2026-07-16,sina_daily,qfq,VALID,A,26,0
2026-07-16,002984.SZ,SZ_MAIN,2020-09-11,False,False,0,READY,463,1.0,2024-08-15,2026-07-16,sina_daily,qfq,VALID,A,26,0
2026-07-16,002985.SZ,SZ_MAIN,2020-04-29,False,False,0,READY,463,1.0,2024-08-15,2026-07-16,sina_daily,qfq,VALID,A,26,0
2026-07-16,002986.SZ,SZ_MAIN,2020-06-02,False,False,0,READY,463,1.0,2024-08-15,2026-07-16,sina_daily,qfq,VALID,A,26,0
2026-07-16,002987.SZ,SZ_MAIN,2020-05-07,False,False,0,READY,463,1.0,2024-08-15,2026-07-16,sina_daily,qfq,VALID,A,26,0
2026-07-16,002988.SZ,SZ_MAIN,2020-05-18,False,False,0,READY,463,1.0,2024-08-15,2026-07-16,sina_daily,qfq,VALID,A,26,0
2026-07-16,002989.SZ,SZ_MAIN,2020-06-10,False,False,0,READY,463,1.0,2024-08-15,2026-07-16,sina_daily,qfq,VALID,A,26,0
2026-07-16,002990.SZ,SZ_MAIN,2020-05-25,False,False,0,READY,463,1.0,2024-08-15,2026-07-16,sina_daily,qfq,VALID,A,26,0
2026-07-16,002991.SZ,SZ_MAIN,2020-07-31,False,False,0,READY,463,1.0,2024-08-15,2026-07-16,sina_daily,qfq,VALID,A,26,0
2026-07-16,002992.SZ,SZ_MAIN,2020-08-03,False,False,0,READY,463,1.0,2024-08-15,2026-07-16,sina_daily,qfq,VALID,A,26,0
2026-07-16,002993.SZ,SZ_MAIN,2020-08-17,False,False,0,READY,463,1.0,2024-08-15,2026-07-16,sina_daily,qfq,VALID,A,26,0
2026-07-16,002995.SZ,SZ_MAIN,2020-08-05,False,False,0,READY,459,1.0,2024-08-15,2026-07-16,sina_daily,qfq,VALID,A,26,0
2026-07-16,002996.SZ,SZ_MAIN,2020-08-28,False,False,0,READY,463,1.0,2024-08-15,2026-07-16,sina_daily,qfq,VALID,A,26,0
2026-07-16,002997.SZ,SZ_MAIN,2020-09-03,False,False,0,READY,463,1.0,2024-08-15,2026-07-16,sina_daily,qfq,VALID,A,26,0
2026-07-16,002998.SZ,SZ_MAIN,2020-09-25,False,False,0,READY,463,1.0,2024-08-15,2026-07-16,sina_daily,qfq,VALID,A,26,0
2026-07-16,002999.SZ,SZ_MAIN,2020-09-03,False,False,0,READY,463,1.0,2024-08-15,2026-07-16,sina_daily,qfq,VALID,A,26,0
2026-07-16,003000.SZ,SZ_MAIN,2020-09-14,False,False,0,READY,463,1.0,2024-08-15,2026-07-16,sina_daily,qfq,VALID,A,26,0
2026-07-16,003001.SZ,SZ_MAIN,2020-10-13,False,False,0,READY,463,1.0,2024-08-15,2026-07-16,sina_daily,qfq,VALID,A,26,0
2026-07-16,003002.SZ,SZ_MAIN,2020-09-22,False,False,0,READY,463,1.0,2024-08-15,2026-07-16,sina_daily,qfq,VALID,A,26,0
2026-07-16,003003.SZ,SZ_MAIN,2020-09-21,False,False,0,READY,463,1.0,2024-08-15,2026-07-16,sina_daily,qfq,VALID,A,26,0
2026-07-16,003004.SZ,SZ_MAIN,2020-11-26,False,False,0,READY,461,0.996,2024-08-15,2026-07-16,sina_daily,qfq,VALID,A,26,0
2026-07-16,003005.SZ,SZ_MAIN,2020-09-22,False,False,0,READY,463,1.0,2024-08-15,2026-07-16,sina_daily,qfq,VALID,A,26,0
2026-07-16,003006.SZ,SZ_MAIN,2020-09-21,False,False,0,READY,463,1.0,2024-08-15,2026-07-16,sina_daily,qfq,VALID,A,26,0
2026-07-16,003007.SZ,SZ_MAIN,2020-09-23,False,False,0,READY,463,1.0,2024-08-15,2026-07-16,sina_daily,qfq,VALID,A,26,0
2026-07-16,003008.SZ,SZ_MAIN,2020-09-23,False,False,0,READY,463,1.0,2024-08-15,2026-07-16,sina_daily,qfq,VALID,A,26,0
2026-07-16,003009.SZ,SZ_MAIN,2020-09-25,False,False,0,READY,463,1.0,2024-08-15,2026-07-16,sina_daily,qfq,VALID,A,26,0
2026-07-16,003010.SZ,SZ_MAIN,2020-09-25,False,False,0,READY,463,1.0,2024-08-15,2026-07-16,sina_daily,qfq,VALID,A,26,0
2026-07-16,003011.SZ,SZ_MAIN,2020-09-30,False,False,0,READY,463,1.0,2024-08-15,2026-07-16,sina_daily,qfq,VALID,A,26,0
2026-07-16,003012.SZ,SZ_MAIN,2020-10-19,False,False,0,READY,463,1.0,2024-08-15,2026-07-16,sina_daily,qfq,VALID,A,26,0
2026-07-16,003013.SZ,SZ_MAIN,2020-10-22,False,False,0,READY,453,1.0,2024-08-15,2026-07-16,sina_daily,qfq,VALID,A,26,0
2026-07-16,003015.SZ,SZ_MAIN,2020-10-21,False,False,0,READY,463,1.0,2024-08-15,2026-07-16,sina_daily,qfq,VALID,A,26,0
2026-07-16,003016.SZ,SZ_MAIN,2020-10-26,False,False,0,READY,463,1.0,2024-08-15,2026-07-16,sina_daily,qfq,VALID,A,26,0
2026-07-16,003017.SZ,SZ_MAIN,2020-10-26,False,False,0,READY,463,1.0,2024-08-15,2026-07-16,sina_daily,qfq,VALID,A,26,0
2026-07-16,003018.SZ,SZ_MAIN,2020-11-06,False,False,0,READY,463,1.0,2024-08-15,2026-07-16,sina_daily,qfq,VALID,A,26,0
2026-07-16,003019.SZ,SZ_MAIN,2020-11-17,False,False,0,READY,463,1.0,2024-08-15,2026-07-16,sina_daily,qfq,VALID,A,26,0
2026-07-16,003020.SZ,SZ_MAIN,2020-12-15,False,False,0,READY,463,1.0,2024-08-15,2026-07-16,sina_daily,qfq,VALID,A,26,0
2026-07-16,003021.SZ,SZ_MAIN,2020-12-04,False,False,0,READY,463,1.0,2024-08-15,2026-07-16,sina_daily,qfq,VALID,A,26,0
2026-07-16,003022.SZ,SZ_MAIN,2020-12-08,False,False,0,READY,463,1.0,2024-08-15,2026-07-16,sina_daily,qfq,VALID,A,26,0
2026-07-16,003023.SZ,SZ_MAIN,2020-12-11,False,False,0,READY,463,1.0,2024-08-15,2026-07-16,sina_daily,qfq,VALID,A,26,0
2026-07-16,003025.SZ,SZ_MAIN,2020-12-11,False,False,0,READY,463,1.0,2024-08-15,2026-07-16,sina_daily,qfq,VALID,A,26,0
2026-07-16,003026.SZ,SZ_MAIN,2020-12-18,False,False,0,READY,463,1.0,2024-08-15,2026-07-16,sina_daily,qfq,VALID,A,26,0
2026-07-16,003027.SZ,SZ_MAIN,2020-12-18,False,False,0,READY,463,1.0,2024-08-15,2026-07-16,sina_daily,qfq,VALID,A,26,0
2026-07-16,003028.SZ,SZ_MAIN,2020-12-28,False,False,0,READY,463,1.0,2024-08-15,2026-07-16,sina_daily,qfq,VALID,A,26,0
2026-07-16,003029.SZ,SZ_MAIN,2020-12-24,False,False,0,READY,463,1.0,2024-08-15,2026-07-16,sina_daily,qfq,VALID,A,26,0
2026-07-16,003030.SZ,SZ_MAIN,2021-01-06,False,False,0,READY,463,1.0,2024-08-15,2026-07-16,sina_daily,qfq,VALID,A,26,0
2026-07-16,003031.SZ,SZ_MAIN,2021-01-04,False,False,0,READY,463,1.0,2024-08-15,2026-07-16,sina_daily,qfq,VALID,A,26,0
2026-07-16,003032.SZ,SZ_MAIN,2021-01-12,False,False,0,READY,461,0.996,2024-08-15,2026-07-16,sina_daily,qfq,VALID,A,26,0
2026-07-16,003033.SZ,SZ_MAIN,2021-01-11,False,False,0,READY,463,1.0,2024-08-15,2026-07-16,sina_daily,qfq,VALID,A,26,0
2026-07-16,003035.SZ,SZ_MAIN,2021-01-19,False,False,0,READY,463,1.0,2024-08-15,2026-07-16,sina_daily,qfq,VALID,A,26,0
2026-07-16,003036.SZ,SZ_MAIN,2021-01-28,False,False,0,READY,463,1.0,2024-08-15,2026-07-16,sina_daily,qfq,VALID,A,26,0
2026-07-16,003037.SZ,SZ_MAIN,2021-02-04,False,False,0,READY,463,1.0,2024-08-15,2026-07-16,sina_daily,qfq,VALID,A,26,0
2026-07-16,003038.SZ,SZ_MAIN,2021-02-10,False,False,0,READY,463,1.0,2024-08-15,2026-07-16,sina_daily,qfq,VALID,A,26,0
2026-07-16,003039.SZ,SZ_MAIN,2021-03-08,False,False,0,READY,463,1.0,2024-08-15,2026-07-16,sina_daily,qfq,VALID,A,26,0
2026-07-16,003040.SZ,SZ_MAIN,2021-03-22,False,False,0,READY,463,1.0,2024-08-15,2026-07-16,sina_daily,qfq,VALID,A,26,0
2026-07-16,003041.SZ,SZ_MAIN,2021-04-06,False,False,0,READY,454,0.964,2024-08-15,2026-07-16,sina_daily,qfq,VALID,A,26,0
2026-07-16,003042.SZ,SZ_MAIN,2021-04-06,False,False,0,READY,463,1.0,2024-08-15,2026-07-16,sina_daily,qfq,VALID,A,26,0
2026-07-16,003043.SZ,SZ_MAIN,2021-04-06,False,False,0,READY,463,1.0,2024-08-15,2026-07-16,sina_daily,qfq,VALID,A,26,0
2026-07-16,003816.SZ,SZ_MAIN,2019-08-26,False,False,0,READY,463,1.0,2024-08-15,2026-07-16,sina_daily,qfq,VALID,A,26,0
2026-07-16,302132.SZ,UNKNOWN,2010-08-27,False,False,0,READY,463,1.0,2024-08-15,2026-07-16,sina_daily,qfq,VALID,A,26,0
