issuer_id,issuer_name_en,issuer_type,issuer_status,primary_security_id,member_security_count,member_security_ids,official_name_variants,identity_basis
HKEX-FUND:049007d34d9db961,GX MSCI CHINA,FUND,CONFIRMED,HKEX:03040,1,HKEX:03040,GX MSCI CHINA,HKEX_SECURITY_MASTER_ISIN_CONFIRMED
HKEX-FUND:052b9b3a1319b95d,CSOP HSI ETF,FUND,CONFIRMED,HKEX:03037,1,HKEX:03037,CSOP HSI ETF,HKEX_SECURITY_MASTER_ISIN_CONFIRMED
HKEX-FUND:1b2e107d996e26d7,CSOP HKKRTECH,FUND,CONFIRMED,HKEX:03431,1,HKEX:03431,CSOP HKKRTECH,HKEX_SECURITY_MASTER_ISIN_CONFIRMED
HKEX-FUND:1ec61c8e4c960af0,CAM HSBIOTECH,FUND,CONFIRMED,HKEX:03069,1,HKEX:03069,CAM HSBIOTECH,HKEX_SECURITY_MASTER_ISIN_CONFIRMED
HKEX-FUND:26e3a8fef6b90bc8,BOS CSOE HIDV,FUND,CONFIRMED,HKEX:03437,1,HKEX:03437,BOS CSOE HIDV,HKEX_SECURITY_MASTER_ISIN_CONFIRMED
HKEX-FUND:26eb99fd1d1ecf09,ICBCCSOPCHINA,FUND,CONFIRMED,HKEX:03167,1,HKEX:03167,ICBCCSOPCHINA,HKEX_SECURITY_MASTER_ISIN_CONFIRMED
HKEX-FUND:2f2cf5d46b123d39,PA TECHSELECT,FUND,CONFIRMED,HKEX:03406,1,HKEX:03406,PA TECHSELECT,HKEX_SECURITY_MASTER_ISIN_CONFIRMED
HKEX-FUND:2f9dda876790cea5,CAM HSI ESG,FUND,CONFIRMED,HKEX:03403,1,HKEX:03403,CAM HSI ESG,HKEX_SECURITY_MASTER_ISIN_CONFIRMED
HKEX-FUND:30cd853e004cd0ed,ISHARESHSTECH,FUND,CONFIRMED,HKEX:03067,1,HKEX:03067,ISHARESHSTECH,HKEX_SECURITY_MASTER_ISIN_CONFIRMED
HKEX-FUND:37215109b3e96394,CSOP HKUSTECH,FUND,CONFIRMED,HKEX:03442,1,HKEX:03442,CSOP HKUSTECH,HKEX_SECURITY_MASTER_ISIN_CONFIRMED
HKEX-FUND:376b4dd5fec28b2e,CSOP HS TECH,FUND,CONFIRMED,HKEX:03033,1,HKEX:03033,CSOP HS TECH,HKEX_SECURITY_MASTER_ISIN_CONFIRMED
HKEX-FUND:3f431e3b1d093603,HSCEI ETF,FUND,CONFIRMED,HKEX:02828,1,HKEX:02828,HSCEI ETF,HKEX_SECURITY_MASTER_ISIN_CONFIRMED
HKEX-FUND:4cb9813cf2e2062a,CAM HS TECH,FUND,CONFIRMED,HKEX:03088,1,HKEX:03088,CAM HS TECH,HKEX_SECURITY_MASTER_ISIN_CONFIRMED
HKEX-FUND:52c41ce2eb3f1f24,EFUNDHSIESG,FUND,CONFIRMED,HKEX:03039,1,HKEX:03039,EFUNDHSIESG,HKEX_SECURITY_MASTER_ISIN_CONFIRMED
HKEX-FUND:5c74621ded06b82f,HSTECH ETF,FUND,CONFIRMED,HKEX:03032,1,HKEX:03032,HSTECH ETF,HKEX_SECURITY_MASTER_ISIN_CONFIRMED
HKEX-FUND:6092fabb6a34676c,PING AN HKDIV,FUND,CONFIRMED,HKEX:03070,1,HKEX:03070,PING AN HKDIV,HKEX_SECURITY_MASTER_ISIN_CONFIRMED
HKEX-FUND:684d20245a533ef1,CSOP HSBIOTECH,FUND,CONFIRMED,HKEX:03174,1,HKEX:03174,CSOP HSBIOTECH,HKEX_SECURITY_MASTER_ISIN_CONFIRMED
HKEX-FUND:7918897d828c44e7,TRACKER FUND,FUND,CONFIRMED,HKEX:02800,1,HKEX:02800,TRACKER FUND,HKEX_SECURITY_MASTER_ISIN_CONFIRMED
HKEX-FUND:7b5a785bed225667,GX HS TECH,FUND,CONFIRMED,HKEX:02837,1,HKEX:02837,GX HS TECH,HKEX_SECURITY_MASTER_ISIN_CONFIRMED
HKEX-FUND:8a9420086d6efaf9,CSOP EWSELECT,FUND,CONFIRMED,HKEX:03441,1,HKEX:03441,CSOP EWSELECT,HKEX_SECURITY_MASTER_ISIN_CONFIRMED
HKEX-FUND:940181366f8a68eb,WISECSIHK100ETF,FUND,CONFIRMED,HKEX:02825,1,HKEX:02825,WISECSIHK100ETF,HKEX_SECURITY_MASTER_ISIN_CONFIRMED
HKEX-FUND:955401da53d53118,EFUND APAC HD,FUND,CONFIRMED,HKEX:03483,1,HKEX:03483,EFUND APAC HD,HKEX_SECURITY_MASTER_ISIN_CONFIRMED
HKEX-FUND:a69d81546465ae37,CSOP SCHIGHDIV,FUND,CONFIRMED,HKEX:03469,1,HKEX:03469,CSOP SCHIGHDIV,HKEX_SECURITY_MASTER_ISIN_CONFIRMED
HKEX-FUND:acb8d3e30c0705ae,PA EW SELECT,FUND,CONFIRMED,HKEX:03477,1,HKEX:03477,PA EW SELECT,HKEX_SECURITY_MASTER_ISIN_CONFIRMED
HKEX-FUND:af3b8f9caca5dc81,ISHARESHSI,FUND,CONFIRMED,HKEX:03115,1,HKEX:03115,ISHARESHSI,HKEX_SECURITY_MASTER_ISIN_CONFIRMED
HKEX-FUND:b79971eea0ed4bd9,ISHARES CHINA,FUND,CONFIRMED,HKEX:02801,1,HKEX:02801,ISHARES CHINA,HKEX_SECURITY_MASTER_ISIN_CONFIRMED
HKEX-FUND:bf1ba0804db86de7,CMS HS TECH,FUND,CONFIRMED,HKEX:03423,1,HKEX:03423,CMS HS TECH,HKEX_SECURITY_MASTER_ISIN_CONFIRMED
HKEX-FUND:d97f9f1ac95fd100,GX HS HIGHDIV,FUND,CONFIRMED,HKEX:03110,1,HKEX:03110,GX HS HIGHDIV,HKEX_SECURITY_MASTER_ISIN_CONFIRMED
HKEX-FUND:f04e50cce4eea2d9,CSOP HK EQUITY,FUND,CONFIRMED,HKEX:03443,1,HKEX:03443,CSOP HK EQUITY,HKEX_SECURITY_MASTER_ISIN_CONFIRMED
HKEX-FUND:f1130e961d7b9f47,CSOP HKCNCON,FUND,CONFIRMED,HKEX:03432,1,HKEX:03432,CSOP HKCNCON,HKEX_SECURITY_MASTER_ISIN_CONFIRMED
HKEX-FUND:f19cdf0745648b56,EFUND AI,FUND,CONFIRMED,HKEX:03489,1,HKEX:03489,EFUND AI,HKEX_SECURITY_MASTER_ISIN_CONFIRMED
HKEX-ISSUER-UNRESOLVED:937933f5b8674a03,HESAI,CORPORATE,UNRESOLVED,HKEX:02983,1,HKEX:02983,HESAI-W,SECURITY_ANCHORED_UNRESOLVED
HKEX-ISSUER:0074238f49da475b,Crystal International Group Ltd.,CORPORATE,CONFIRMED,HKEX:02232,1,HKEX:02232,Crystal International Group Ltd.,HKEX_DI_STOCK_CODE_CONFIRMED
HKEX-ISSUER:00ac449e7c4e65b6,Fibocom Wireless Inc.,CORPORATE,CONFIRMED,HKEX:00638,1,HKEX:00638,Fibocom Wireless Inc.  - H Shares,HKEX_DI_STOCK_CODE_CONFIRMED
HKEX-ISSUER:00fcd2387a837295,"Shenzhen Edge Medical Co., Ltd.",CORPORATE,CONFIRMED,HKEX:02675,1,HKEX:02675,"Shenzhen Edge Medical Co., Ltd. - B  - H Shares",HKEX_DI_STOCK_CODE_CONFIRMED
HKEX-ISSUER:011902f6a16ee1fc,GenFleet Therapeutics (Shanghai) Inc.,CORPORATE,CONFIRMED,HKEX:02595,1,HKEX:02595,GenFleet Therapeutics (Shanghai) Inc. - B  - H Shares,HKEX_DI_STOCK_CODE_CONFIRMED
HKEX-ISSUER:01b731816acf7762,JST Group Corporation Ltd.,CORPORATE,CONFIRMED,HKEX:06687,1,HKEX:06687,JST Group Corporation Ltd.,HKEX_DI_STOCK_CODE_CONFIRMED
HKEX-ISSUER:01e6e54d5a389886,Dongjiang Environmental Co. Ltd.,CORPORATE,CONFIRMED,HKEX:00895,1,HKEX:00895,Dongjiang Environmental Co. Ltd.  - H Shares,HKEX_DI_STOCK_CODE_CONFIRMED
HKEX-ISSUER:020a5d1a8a2111a0,West China Cement Ltd.,CORPORATE,CONFIRMED,HKEX:02233,1,HKEX:02233,West China Cement Ltd.,HKEX_DI_STOCK_CODE_CONFIRMED
HKEX-ISSUER:02514108a421291b,Sinopharm Group Co. Ltd.,CORPORATE,CONFIRMED,HKEX:01099,1,HKEX:01099,Sinopharm Group Co. Ltd.  - H Shares,HKEX_DI_STOCK_CODE_CONFIRMED
HKEX-ISSUER:02e809a44c49ea4b,"S.F. Holding Co., Ltd.",CORPORATE,CONFIRMED,HKEX:06936,1,HKEX:06936,"S.F. Holding Co., Ltd.  - H Shares",HKEX_DI_STOCK_CODE_CONFIRMED
HKEX-ISSUER:03739a22c5e6eb4b,"Jiangsu Guofu Hydrogen Energy Equipment Co., Ltd.",CORPORATE,CONFIRMED,HKEX:02582,1,HKEX:02582,"Jiangsu Guofu Hydrogen Energy Equipment Co., Ltd.  - H Shares",HKEX_DI_STOCK_CODE_CONFIRMED
HKEX-ISSUER:037ec0971b358a16,"Nuobikan AI Technology (Chengdu) Co., Ltd.",CORPORATE,CONFIRMED,HKEX:02635,1,HKEX:02635,"Nuobikan AI Technology (Chengdu) Co., Ltd.  - H Shares",HKEX_DI_STOCK_CODE_CONFIRMED
HKEX-ISSUER:038d62d402ce9025,"Aux Electric Co., Ltd.",CORPORATE,CONFIRMED,HKEX:02580,1,HKEX:02580,"Aux Electric Co., Ltd.",HKEX_DI_STOCK_CODE_CONFIRMED
HKEX-ISSUER:048d41cc813b72af,"Wuxi Lead Intelligent Equipment Co., Ltd.",CORPORATE,CONFIRMED,HKEX:00470,1,HKEX:00470,"Wuxi Lead Intelligent Equipment Co., Ltd.  - H Shares",HKEX_DI_STOCK_CODE_CONFIRMED
HKEX-ISSUER:056e4fe999bdd6eb,Bloks Group Ltd.,CORPORATE,CONFIRMED,HKEX:00325,1,HKEX:00325,Bloks Group Ltd.,HKEX_DI_STOCK_CODE_CONFIRMED
HKEX-ISSUER:0577d6a082f43be3,"Shanghai Pharmaceuticals Holding Co., Ltd.",CORPORATE,CONFIRMED,HKEX:02607,1,HKEX:02607,"Shanghai Pharmaceuticals Holding Co., Ltd.  - H Shares",HKEX_DI_STOCK_CODE_CONFIRMED
HKEX-ISSUER:05e0004f28d95465,"Shanghai Conant Optical Co., Ltd.",CORPORATE,CONFIRMED,HKEX:02276,1,HKEX:02276,"Shanghai Conant Optical Co., Ltd.  - H Shares",HKEX_DI_STOCK_CODE_CONFIRMED
HKEX-ISSUER:06058c7c706fc68b,Greentown Service Group Co. Ltd.,CORPORATE,CONFIRMED,HKEX:02869,1,HKEX:02869,Greentown Service Group Co. Ltd.,HKEX_DI_STOCK_CODE_CONFIRMED
HKEX-ISSUER:0636f00fe6ff913a,Mobvista Inc.,CORPORATE,CONFIRMED,HKEX:01860,1,HKEX:01860,Mobvista Inc.,HKEX_DI_STOCK_CODE_CONFIRMED
HKEX-ISSUER:064b441f1155675f,Nexteer Automotive Group Ltd.,CORPORATE,CONFIRMED,HKEX:01316,1,HKEX:01316,Nexteer Automotive Group Ltd.,HKEX_DI_STOCK_CODE_CONFIRMED
HKEX-ISSUER:06f1b5d5048dc137,Wanguo Gold Group Ltd.,CORPORATE,CONFIRMED,HKEX:03939,1,HKEX:03939,Wanguo Gold Group Ltd.,HKEX_DI_STOCK_CODE_CONFIRMED
HKEX-ISSUER:071f25d9d7f02999,"Beijing SinoHytec Co., Ltd.",CORPORATE,CONFIRMED,HKEX:02402,1,HKEX:02402,"Beijing SinoHytec Co., Ltd.  - H Shares",HKEX_DI_STOCK_CODE_CONFIRMED
HKEX-ISSUER:0865825fc328b41a,WuXi Biologics (Cayman) Inc.,CORPORATE,CONFIRMED,HKEX:02269,1,HKEX:02269,WuXi Biologics (Cayman) Inc.,HKEX_DI_STOCK_CODE_CONFIRMED
HKEX-ISSUER:08897ff44b68e63e,Smoore International Holdings Ltd.,CORPORATE,CONFIRMED,HKEX:06969,1,HKEX:06969,Smoore International Holdings Ltd.,HKEX_DI_STOCK_CODE_CONFIRMED
HKEX-ISSUER:08b1da644e95246c,"Soho Holly Futures Co., Ltd.",CORPORATE,CONFIRMED,HKEX:03678,1,HKEX:03678,"Soho Holly Futures Co., Ltd.  - H Shares",HKEX_DI_STOCK_CODE_CONFIRMED
HKEX-ISSUER:094beb8dd7587d82,BYD Electronic (International) Co. Ltd.,CORPORATE,CONFIRMED,HKEX:00285,1,HKEX:00285,BYD Electronic (International) Co. Ltd.,HKEX_DI_STOCK_CODE_CONFIRMED
HKEX-ISSUER:09df9424f38c5541,"Shandong Gold Mining Co., Ltd.",CORPORATE,CONFIRMED,HKEX:01787,1,HKEX:01787,"Shandong Gold Mining Co., Ltd.  - H Shares",HKEX_DI_STOCK_CODE_CONFIRMED
HKEX-ISSUER:0a1b3aac06399a29,Shanghai Industrial Holdings Ltd.,CORPORATE,CONFIRMED,HKEX:00363,1,HKEX:00363,Shanghai Industrial Holdings Ltd.,HKEX_DI_STOCK_CODE_CONFIRMED
HKEX-ISSUER:0a4c8f1525dcbefb,Johnson Electric Holdings Ltd.,CORPORATE,CONFIRMED,HKEX:00179,1,HKEX:00179,Johnson Electric Holdings Ltd.,HKEX_DI_STOCK_CODE_CONFIRMED
HKEX-ISSUER:0a74b65a8fe324c8,CIMC Enric Holdings Ltd.,CORPORATE,CONFIRMED,HKEX:03899,1,HKEX:03899,CIMC Enric Holdings Ltd.,HKEX_DI_STOCK_CODE_CONFIRMED
HKEX-ISSUER:0a81ad597545604b,"Biocytogen Pharmaceuticals (Beijing) Co., Ltd.",CORPORATE,CONFIRMED,HKEX:02315,1,HKEX:02315,"Biocytogen Pharmaceuticals (Beijing) Co., Ltd.- B  - H Shares",HKEX_DI_STOCK_CODE_CONFIRMED
HKEX-ISSUER:0bacbe556963baad,JF SmartInvest Holdings Ltd,CORPORATE,CONFIRMED,HKEX:09636,1,HKEX:09636,JF SmartInvest Holdings Ltd,HKEX_DI_STOCK_CODE_CONFIRMED
HKEX-ISSUER:0bb22179017b2cbf,Ningbo Joyson Electronic Corp.,CORPORATE,CONFIRMED,HKEX:00699,1,HKEX:00699,Ningbo Joyson Electronic Corp.  - H Shares,HKEX_DI_STOCK_CODE_CONFIRMED
HKEX-ISSUER:0bb99c396fc3f7c7,Yancoal Australia Ltd,CORPORATE,CONFIRMED,HKEX:03668,1,HKEX:03668,Yancoal Australia Ltd,HKEX_DI_STOCK_CODE_CONFIRMED
HKEX-ISSUER:0bc1159690ae2260,The People's Insurance Co. (Group) of China Ltd.,CORPORATE,CONFIRMED,HKEX:01339,1,HKEX:01339,The People's Insurance Co. (Group) of China Ltd.  - H Shares,HKEX_DI_STOCK_CODE_CONFIRMED
HKEX-ISSUER:0c147c34e966aaee,Mongolian Mining Corporation,CORPORATE,CONFIRMED,HKEX:00975,1,HKEX:00975,Mongolian Mining Corporation,HKEX_DI_STOCK_CODE_CONFIRMED
HKEX-ISSUER:0c3b0712f86a8ae4,Minth Group Ltd.,CORPORATE,CONFIRMED,HKEX:00425,1,HKEX:00425,Minth Group Ltd.,HKEX_DI_STOCK_CODE_CONFIRMED
HKEX-ISSUER:0c5f4fbaf12ea650,"InnoScience (Suzhou) Technology Holding Co., Ltd.",CORPORATE,CONFIRMED,HKEX:02577,1,HKEX:02577,"InnoScience (Suzhou) Technology Holding Co., Ltd.  - H Shares",HKEX_DI_STOCK_CODE_CONFIRMED
HKEX-ISSUER:0cfe00c53911df8d,China Coal Energy Co. Ltd.,CORPORATE,CONFIRMED,HKEX:01898,1,HKEX:01898,China Coal Energy Co. Ltd.  - H Shares,HKEX_DI_STOCK_CODE_CONFIRMED
HKEX-ISSUER:0d73112047e1f165,China Education Group Holdings Ltd.,CORPORATE,CONFIRMED,HKEX:00839,1,HKEX:00839,China Education Group Holdings Ltd.,HKEX_DI_STOCK_CODE_CONFIRMED
HKEX-ISSUER:0d782f7db1ce3810,KE Holdings Inc.,CORPORATE,CONFIRMED,HKEX:02423,1,HKEX:02423,KE Holdings Inc. - W,HKEX_DI_STOCK_CODE_CONFIRMED
HKEX-ISSUER:0dd14b154ebf5449,Yue Yuen Industrial (Holdings) Ltd.,CORPORATE,CONFIRMED,HKEX:00551,1,HKEX:00551,Yue Yuen Industrial (Holdings) Ltd.,HKEX_DI_STOCK_CODE_CONFIRMED
HKEX-ISSUER:0e225c6a82ff51bf,Country Garden Services Holdings Co. Ltd.,CORPORATE,CONFIRMED,HKEX:06098,1,HKEX:06098,Country Garden Services Holdings Co. Ltd.,HKEX_DI_STOCK_CODE_CONFIRMED
HKEX-ISSUER:0e4c2c10a9faaef1,Weimob Inc.,CORPORATE,CONFIRMED,HKEX:02013,1,HKEX:02013,Weimob Inc.,HKEX_DI_STOCK_CODE_CONFIRMED
HKEX-ISSUER:0f1f8593a24411e5,CTF Services Ltd.,CORPORATE,CONFIRMED,HKEX:00659,1,HKEX:00659,CTF Services Ltd.,HKEX_DI_STOCK_CODE_CONFIRMED
HKEX-ISSUER:0f6c6978cf7da4b3,China Everbright Ltd.,CORPORATE,CONFIRMED,HKEX:00165,1,HKEX:00165,China Everbright Ltd.,HKEX_DI_STOCK_CODE_CONFIRMED
HKEX-ISSUER:0fb2c56b1617475f,Haidilao International Holding Ltd.,CORPORATE,CONFIRMED,HKEX:06862,1,HKEX:06862,Haidilao International Holding Ltd.,HKEX_DI_STOCK_CODE_CONFIRMED
HKEX-ISSUER:10089ead5193c763,"Huatai Securities Co., Ltd.",CORPORATE,CONFIRMED,HKEX:06886,1,HKEX:06886,"Huatai Securities Co., Ltd.  - H Shares",HKEX_DI_STOCK_CODE_CONFIRMED
HKEX-ISSUER:10143c65683a6eaa,FWD Group Holdings Ltd.,CORPORATE,CONFIRMED,HKEX:01828,1,HKEX:01828,FWD Group Holdings Ltd.,HKEX_DI_STOCK_CODE_CONFIRMED
HKEX-ISSUER:1057e7b717272e53,"Qingdao Port International Co., Ltd.",CORPORATE,CONFIRMED,HKEX:06198,1,HKEX:06198,"Qingdao Port International Co., Ltd.  - H Shares",HKEX_DI_STOCK_CODE_CONFIRMED
HKEX-ISSUER:121c5635641ccc17,AAC Technologies Holdings Inc.,CORPORATE,CONFIRMED,HKEX:02018,1,HKEX:02018,AAC Technologies Holdings Inc.,HKEX_DI_STOCK_CODE_CONFIRMED
HKEX-ISSUER:1244911df31057af,"China Pacific Insurance (Group) Co., Ltd.",CORPORATE,CONFIRMED,HKEX:02601,1,HKEX:02601,"China Pacific Insurance (Group) Co., Ltd.  - H Shares",HKEX_DI_STOCK_CODE_CONFIRMED
HKEX-ISSUER:12d60ce5438fc9b9,Tingyi (Cayman Islands) Holding Corp.,CORPORATE,CONFIRMED,HKEX:00322,1,HKEX:00322,Tingyi (Cayman Islands) Holding Corp.,HKEX_DI_STOCK_CODE_CONFIRMED
HKEX-ISSUER:155cbc3951caf2a3,Shenzhen Expressway Corporation Ltd.,CORPORATE,CONFIRMED,HKEX:00548,1,HKEX:00548,Shenzhen Expressway Corporation Ltd.  - H Shares,HKEX_DI_STOCK_CODE_CONFIRMED
HKEX-ISSUER:16cd7b138bede3a6,Weichai Power Co. Ltd.,CORPORATE,CONFIRMED,HKEX:02338,1,HKEX:02338,Weichai Power Co. Ltd.  - H Shares,HKEX_DI_STOCK_CODE_CONFIRMED
HKEX-ISSUER:17516e790ece92c5,New World Development Co. Ltd.,CORPORATE,CONFIRMED,HKEX:00017,1,HKEX:00017,New World Development Co. Ltd.,HKEX_DI_STOCK_CODE_CONFIRMED
HKEX-ISSUER:17963c10ace57283,"Cofoe Medical Technology Co., Ltd.",CORPORATE,CONFIRMED,HKEX:01187,1,HKEX:01187,"Cofoe Medical Technology Co., Ltd.  - H Shares",HKEX_DI_STOCK_CODE_CONFIRMED
HKEX-ISSUER:18183f058804e828,SY Holdings Group Ltd.,CORPORATE,CONFIRMED,HKEX:06069,1,HKEX:06069,SY Holdings Group Ltd.,HKEX_DI_STOCK_CODE_CONFIRMED
HKEX-ISSUER:188f366dc053df25,Angang Steel Co. Ltd.,CORPORATE,CONFIRMED,HKEX:00347,1,HKEX:00347,Angang Steel Co. Ltd.  - H Shares,HKEX_DI_STOCK_CODE_CONFIRMED
HKEX-ISSUER:18b34bff85ce6389,Kingdee International Software Group Co. Ltd.,CORPORATE,CONFIRMED,HKEX:00268,1,HKEX:00268,Kingdee International Software Group Co. Ltd.,HKEX_DI_STOCK_CODE_CONFIRMED
HKEX-ISSUER:18e7f4a8b35db173,Yuexiu Property Co. Ltd.,CORPORATE,CONFIRMED,HKEX:00123,1,HKEX:00123,Yuexiu Property Co. Ltd.,HKEX_DI_STOCK_CODE_CONFIRMED
HKEX-ISSUER:19754862f63b5046,China Jinmao Holdings Group Ltd.,CORPORATE,CONFIRMED,HKEX:00817,1,HKEX:00817,China Jinmao Holdings Group Ltd.,HKEX_DI_STOCK_CODE_CONFIRMED
HKEX-ISSUER:1989d7fac3f0702f,"RIGOL Technologies Co., Ltd.",CORPORATE,CONFIRMED,HKEX:00537,1,HKEX:00537,"RIGOL Technologies Co., Ltd.  - H Shares",HKEX_DI_STOCK_CODE_CONFIRMED
HKEX-ISSUER:198f87df0cbfdeb6,Towngas Smart Energy Co. Ltd.,CORPORATE,CONFIRMED,HKEX:01083,1,HKEX:01083,Towngas Smart Energy Co. Ltd.,HKEX_DI_STOCK_CODE_CONFIRMED
HKEX-ISSUER:1993c95480155abb,Shandong Molong Petroleum Machinery Co. Ltd.,CORPORATE,CONFIRMED,HKEX:00568,1,HKEX:00568,Shandong Molong Petroleum Machinery Co. Ltd.  - H Shares,HKEX_DI_STOCK_CODE_CONFIRMED
HKEX-ISSUER:1aa6bca14531e8e5,Marketingforce Management Ltd,CORPORATE,CONFIRMED,HKEX:02556,1,HKEX:02556,Marketingforce Management Ltd,HKEX_DI_STOCK_CODE_CONFIRMED
HKEX-ISSUER:1abb1b518194915b,WeRide Inc.,CORPORATE,CONFIRMED,HKEX:00800,1,HKEX:00800,WeRide Inc. - W,HKEX_DI_STOCK_CODE_CONFIRMED
HKEX-ISSUER:1ac1831e3c439392,LifeTech Scientific Corporation,CORPORATE,CONFIRMED,HKEX:01302,1,HKEX:01302,LifeTech Scientific Corporation,HKEX_DI_STOCK_CODE_CONFIRMED
HKEX-ISSUER:1b1f2ef4f019c0a7,Huabao International Holdings Ltd.,CORPORATE,CONFIRMED,HKEX:00336,1,HKEX:00336,Huabao International Holdings Ltd.,HKEX_DI_STOCK_CODE_CONFIRMED
HKEX-ISSUER:1ba82258303c9760,China Petroleum & Chemical Corporation,CORPORATE,CONFIRMED,HKEX:00386,1,HKEX:00386,China Petroleum & Chemical Corporation  - H Shares,HKEX_DI_STOCK_CODE_CONFIRMED
HKEX-ISSUER:1cc5d88528537071,East Buy Holding Ltd.,CORPORATE,CONFIRMED,HKEX:01797,1,HKEX:01797,East Buy Holding Ltd.,HKEX_DI_STOCK_CODE_CONFIRMED
HKEX-ISSUER:1d1c984048171adc,ZCZL Industrial Technology Group Co. Ltd.,CORPORATE,CONFIRMED,HKEX:00564,1,HKEX:00564,ZCZL Industrial Technology Group Co. Ltd.  - H Shares,HKEX_DI_STOCK_CODE_CONFIRMED
HKEX-ISSUER:1d35d5090e602fbd,BrainAurora Medical Technology Ltd.,CORPORATE,CONFIRMED,HKEX:06681,1,HKEX:06681,BrainAurora Medical Technology Ltd. - B,HKEX_DI_STOCK_CODE_CONFIRMED
HKEX-ISSUER:1f32e63a6af6f6b4,"Beijing 51WORLD Digital Twin Technology Co., Ltd.",CORPORATE,CONFIRMED,HKEX:06651,1,HKEX:06651,"Beijing 51WORLD Digital Twin Technology Co., Ltd.  - H Shares",HKEX_DI_STOCK_CODE_CONFIRMED
HKEX-ISSUER:205d0a34fea30468,"CSC Financial Co., Ltd.",CORPORATE,CONFIRMED,HKEX:06066,1,HKEX:06066,"CSC Financial Co., Ltd.  - H Shares",HKEX_DI_STOCK_CODE_CONFIRMED
HKEX-ISSUER:2114a42529babd89,Guangzhou Baiyunshan Pharmaceutical Holdings Co. Ltd.,CORPORATE,CONFIRMED,HKEX:00874,1,HKEX:00874,Guangzhou Baiyunshan Pharmaceutical Holdings Co. Ltd. - H Shares,HKEX_DI_STOCK_CODE_CONFIRMED
HKEX-ISSUER:213460c1b8196a6e,Luk Fook Holdings (International) Ltd.,CORPORATE,CONFIRMED,HKEX:00590,1,HKEX:00590,Luk Fook Holdings (International) Ltd.,HKEX_DI_STOCK_CODE_CONFIRMED
HKEX-ISSUER:2182b437ddca6ecc,"Shanghai Biren Technology Co., Ltd.",CORPORATE,CONFIRMED,HKEX:06082,1,HKEX:06082,"Shanghai Biren Technology Co., Ltd.  - H Shares",HKEX_DI_STOCK_CODE_CONFIRMED
HKEX-ISSUER:2246874aaaecf7cc,China Feihe Ltd.,CORPORATE,CONFIRMED,HKEX:06186,1,HKEX:06186,China Feihe Ltd.,HKEX_DI_STOCK_CODE_CONFIRMED
HKEX-ISSUER:22bb8c92484168a7,CMOC Group Ltd.,CORPORATE,CONFIRMED,HKEX:03993,1,HKEX:03993,CMOC Group Ltd.  - H Shares,HKEX_DI_STOCK_CODE_CONFIRMED
HKEX-ISSUER:230273fe643ff99a,Huadian Power International Corporation Ltd.,CORPORATE,CONFIRMED,HKEX:01071,1,HKEX:01071,Huadian Power International Corporation Ltd.  - H Shares,HKEX_DI_STOCK_CODE_CONFIRMED
HKEX-ISSUER:2318d2db9e6e5059,CLP Holdings Ltd.,CORPORATE,CONFIRMED,HKEX:00002,1,HKEX:00002,CLP Holdings Ltd.,HKEX_DI_STOCK_CODE_CONFIRMED
HKEX-ISSUER:233827b6a69d03e9,"RoboSense Technology Co., Ltd",CORPORATE,CONFIRMED,HKEX:02498,1,HKEX:02498,"RoboSense Technology Co., Ltd",HKEX_DI_STOCK_CODE_CONFIRMED
HKEX-ISSUER:2370ea76d6012d48,Xinyi Glass Holdings Ltd.,CORPORATE,CONFIRMED,HKEX:00868,1,HKEX:00868,Xinyi Glass Holdings Ltd.,HKEX_DI_STOCK_CODE_CONFIRMED
HKEX-ISSUER:2377a541b899b6d4,"Duality Biotherapeutics, Inc.",CORPORATE,CONFIRMED,HKEX:09606,1,HKEX:09606,"Duality Biotherapeutics, Inc. - B",HKEX_DI_STOCK_CODE_CONFIRMED
HKEX-ISSUER:2454a897e2251855,Ascentage Pharma Group International,CORPORATE,CONFIRMED,HKEX:06855,1,HKEX:06855,Ascentage Pharma Group International,HKEX_DI_STOCK_CODE_CONFIRMED
HKEX-ISSUER:2475ca56cc4b6e41,"Unisound AI Technology Co., Ltd.",CORPORATE,CONFIRMED,HKEX:09678,1,HKEX:09678,"Unisound AI Technology Co., Ltd.  - H Shares",HKEX_DI_STOCK_CODE_CONFIRMED
HKEX-ISSUER:24cb4ee850760ab9,"TYK Medicines, Inc",CORPORATE,CONFIRMED,HKEX:02410,1,HKEX:02410,"TYK Medicines, Inc - B  - H Shares",HKEX_DI_STOCK_CODE_CONFIRMED
HKEX-ISSUER:2538129ebfa3a483,Great Wall Motor Co. Ltd.,CORPORATE,CONFIRMED,HKEX:02333,1,HKEX:02333,Great Wall Motor Co. Ltd.  - H Shares,HKEX_DI_STOCK_CODE_CONFIRMED
HKEX-ISSUER:261587bd76c81913,Cirrus Aircraft Ltd.,CORPORATE,CONFIRMED,HKEX:02507,1,HKEX:02507,Cirrus Aircraft Ltd.,HKEX_DI_STOCK_CODE_CONFIRMED
HKEX-ISSUER:2698d78611a617b9,"Fortior Technology (Shenzhen) Co., Ltd.",CORPORATE,CONFIRMED,HKEX:01304,1,HKEX:01304,"Fortior Technology (Shenzhen) Co., Ltd.  - H Shares",HKEX_DI_STOCK_CODE_CONFIRMED
HKEX-ISSUER:274a366de0d7e5a9,"LEPU ScienTech Medical Technology (Shanghai) Co., Ltd.",CORPORATE,CONFIRMED,HKEX:02291,1,HKEX:02291,"LEPU ScienTech Medical Technology (Shanghai) Co., Ltd.  - H Shares",HKEX_DI_STOCK_CODE_CONFIRMED
HKEX-ISSUER:2760341f44b3d835,MINISO Group Holding Ltd.,CORPORATE,CONFIRMED,HKEX:09896,1,HKEX:09896,MINISO Group Holding Ltd.,HKEX_DI_STOCK_CODE_CONFIRMED
HKEX-ISSUER:27d8fb4d430df2c4,T.S. Lines Ltd.,CORPORATE,CONFIRMED,HKEX:02510,1,HKEX:02510,T.S. Lines Ltd.,HKEX_DI_STOCK_CODE_CONFIRMED
HKEX-ISSUER:27f3f30e7bfe4034,Tsingtao Brewery Co. Ltd.,CORPORATE,CONFIRMED,HKEX:00168,1,HKEX:00168,Tsingtao Brewery Co. Ltd.  - H Shares,HKEX_DI_STOCK_CODE_CONFIRMED
HKEX-ISSUER:27fa3106fe3ec126,GigaDevice Semiconductor Inc.,CORPORATE,CONFIRMED,HKEX:03986,1,HKEX:03986,GigaDevice Semiconductor Inc.  - H Shares,HKEX_DI_STOCK_CODE_CONFIRMED
HKEX-ISSUER:2822618700c86276,"Hainan Drinda New Energy Technology Co., Ltd.",CORPORATE,CONFIRMED,HKEX:02865,1,HKEX:02865,"Hainan Drinda New Energy Technology Co., Ltd.  - H Shares",HKEX_DI_STOCK_CODE_CONFIRMED
HKEX-ISSUER:282ff2fd6e9e74b7,China Resources Building Materials Technology Holdings Ltd.,CORPORATE,CONFIRMED,HKEX:01313,1,HKEX:01313,China Resources Building Materials Technology Holdings Ltd.,HKEX_DI_STOCK_CODE_CONFIRMED
HKEX-ISSUER:287b5d8ba718f3da,ASMPT Ltd.,CORPORATE,CONFIRMED,HKEX:00522,1,HKEX:00522,ASMPT Ltd.,HKEX_DI_STOCK_CODE_CONFIRMED
HKEX-ISSUER:293dea15dab05835,"MeiG Smart Technology Co., Ltd.",CORPORATE,CONFIRMED,HKEX:03268,1,HKEX:03268,"MeiG Smart Technology Co., Ltd.  - H Shares",HKEX_DI_STOCK_CODE_CONFIRMED
HKEX-ISSUER:29825738caa4f407,Zijin Gold International Co. Ltd.,CORPORATE,CONFIRMED,HKEX:02259,1,HKEX:02259,Zijin Gold International Co. Ltd.,HKEX_DI_STOCK_CODE_CONFIRMED
HKEX-ISSUER:2a2ef41cf2bbaf16,Dongyue Group Ltd.,CORPORATE,CONFIRMED,HKEX:00189,1,HKEX:00189,Dongyue Group Ltd.,HKEX_DI_STOCK_CODE_CONFIRMED
HKEX-ISSUER:2a446c86520011cc,China Communications Construction Co. Ltd.,CORPORATE,CONFIRMED,HKEX:01800,1,HKEX:01800,China Communications Construction Co. Ltd.  - H Shares,HKEX_DI_STOCK_CODE_CONFIRMED
HKEX-ISSUER:2ac900813d73a56f,Stella International Holdings Ltd.,CORPORATE,CONFIRMED,HKEX:01836,1,HKEX:01836,Stella International Holdings Ltd.,HKEX_DI_STOCK_CODE_CONFIRMED
HKEX-ISSUER:2b061659b11b7ba5,XtalPi Holdings Ltd.,CORPORATE,CONFIRMED,HKEX:02228,1,HKEX:02228,XtalPi Holdings Ltd.,HKEX_DI_STOCK_CODE_CONFIRMED
HKEX-ISSUER:2b7834d829da81aa,Tianqi Lithium Corporation,CORPORATE,CONFIRMED,HKEX:09696,1,HKEX:09696,Tianqi Lithium Corporation  - H Shares,HKEX_DI_STOCK_CODE_CONFIRMED
HKEX-ISSUER:2c333148d7addba4,Bank of China Ltd.,CORPORATE,CONFIRMED,HKEX:03988,1,HKEX:03988,Bank of China Ltd.  - H Shares,HKEX_DI_STOCK_CODE_CONFIRMED
HKEX-ISSUER:2c5f7fdc7b9ecda1,Evergrande Property Services Group Ltd.,CORPORATE,CONFIRMED,HKEX:06666,1,HKEX:06666,Evergrande Property Services Group Ltd.,HKEX_DI_STOCK_CODE_CONFIRMED
HKEX-ISSUER:2c90aae1b3b28d74,Orient Overseas (International) Ltd.,CORPORATE,CONFIRMED,HKEX:00316,1,HKEX:00316,Orient Overseas (International) Ltd.,HKEX_DI_STOCK_CODE_CONFIRMED
HKEX-ISSUER:2cb6d09823ed3e79,Chow Tai Fook Jewellery Group Ltd.,CORPORATE,CONFIRMED,HKEX:01929,1,HKEX:01929,Chow Tai Fook Jewellery Group Ltd.,HKEX_DI_STOCK_CODE_CONFIRMED
HKEX-ISSUER:2cd9dce5e6b650a2,BYD Co. Ltd.,CORPORATE,CONFIRMED,HKEX:01211,1,HKEX:01211,BYD Co. Ltd.  - H Shares,HKEX_DI_STOCK_CODE_CONFIRMED
HKEX-ISSUER:2d33d297f2927dc7,CSSC (Hong Kong) Shipping Co. Ltd.,CORPORATE,CONFIRMED,HKEX:03877,1,HKEX:03877,CSSC (Hong Kong) Shipping Co. Ltd.,HKEX_DI_STOCK_CODE_CONFIRMED
HKEX-ISSUER:2d930457ee2118db,New China Life Insurance Co. Ltd.,CORPORATE,CONFIRMED,HKEX:01336,1,HKEX:01336,New China Life Insurance Co. Ltd.  - H Shares,HKEX_DI_STOCK_CODE_CONFIRMED
HKEX-ISSUER:2e3726c5140ed144,Tanwan Inc.,CORPORATE,CONFIRMED,HKEX:09890,1,HKEX:09890,Tanwan Inc.,HKEX_DI_STOCK_CODE_CONFIRMED
HKEX-ISSUER:2f0d89540e6d54cd,"Lepu Biopharma Co., Ltd.",CORPORATE,CONFIRMED,HKEX:02157,1,HKEX:02157,"Lepu Biopharma Co., Ltd.  - H Shares",HKEX_DI_STOCK_CODE_CONFIRMED
HKEX-ISSUER:2f14a608b294dc48,Air China Ltd.,CORPORATE,CONFIRMED,HKEX:00753,1,HKEX:00753,Air China Ltd.  - H Shares,HKEX_DI_STOCK_CODE_CONFIRMED
HKEX-ISSUER:306b0a456f7030dc,China Resources Pharmaceutical Group Ltd.,CORPORATE,CONFIRMED,HKEX:03320,1,HKEX:03320,China Resources Pharmaceutical Group Ltd.,HKEX_DI_STOCK_CODE_CONFIRMED
HKEX-ISSUER:30e58bd5863aed62,China East Education Holdings Ltd.,CORPORATE,CONFIRMED,HKEX:00667,1,HKEX:00667,China East Education Holdings Ltd.,HKEX_DI_STOCK_CODE_CONFIRMED
HKEX-ISSUER:31c8fe2d6f7ad879,Shenzhou International Group Holdings Ltd.,CORPORATE,CONFIRMED,HKEX:02313,1,HKEX:02313,Shenzhou International Group Holdings Ltd.,HKEX_DI_STOCK_CODE_CONFIRMED
HKEX-ISSUER:32434499c8fc5f8f,China Nonferrous Mining Corporation Ltd.,CORPORATE,CONFIRMED,HKEX:01258,1,HKEX:01258,China Nonferrous Mining Corporation Ltd.,HKEX_DI_STOCK_CODE_CONFIRMED
HKEX-ISSUER:3264bd8d39f7c27a,Brilliance China Automotive Holdings Ltd.,CORPORATE,CONFIRMED,HKEX:01114,1,HKEX:01114,Brilliance China Automotive Holdings Ltd.,HKEX_DI_STOCK_CODE_CONFIRMED
HKEX-ISSUER:328da8af3a6e101c,"Shanghai Dazhong Public Utilities (Group) Co., Ltd.",CORPORATE,CONFIRMED,HKEX:01635,1,HKEX:01635,"Shanghai Dazhong Public Utilities (Group) Co., Ltd.  - H Shares",HKEX_DI_STOCK_CODE_CONFIRMED
HKEX-ISSUER:32f0354917906732,Tianjin Capital Environmental Protection Group Co. Ltd.,CORPORATE,CONFIRMED,HKEX:01065,1,HKEX:01065,Tianjin Capital Environmental Protection Group Co. Ltd. - H Shares,HKEX_DI_STOCK_CODE_CONFIRMED
HKEX-ISSUER:32f5b7bad874b79b,Time Interconnect Technology Ltd.,CORPORATE,CONFIRMED,HKEX:01729,1,HKEX:01729,Time Interconnect Technology Ltd.,HKEX_DI_STOCK_CODE_CONFIRMED
HKEX-ISSUER:33323613b230e316,"REPT BATTERO Energy Co., Ltd.",CORPORATE,CONFIRMED,HKEX:00666,1,HKEX:00666,"REPT BATTERO Energy Co., Ltd.  - H Shares",HKEX_DI_STOCK_CODE_CONFIRMED
HKEX-ISSUER:3465182a53336de7,"TransThera Sciences (Nanjing), Inc.",CORPORATE,CONFIRMED,HKEX:02617,1,HKEX:02617,"TransThera Sciences (Nanjing), Inc. - B  - H Shares",HKEX_DI_STOCK_CODE_CONFIRMED
HKEX-ISSUER:346b6f0cdb9cff58,Shanghai Fudan Microelectronics Group Co. Ltd.,CORPORATE,CONFIRMED,HKEX:01385,1,HKEX:01385,Shanghai Fudan Microelectronics Group Co. Ltd.  - H Shares,HKEX_DI_STOCK_CODE_CONFIRMED
HKEX-ISSUER:346ea05397749c40,China Everbright Environment Group Ltd.,CORPORATE,CONFIRMED,HKEX:00257,1,HKEX:00257,China Everbright Environment Group Ltd.,HKEX_DI_STOCK_CODE_CONFIRMED
HKEX-ISSUER:34d1af8413425cd6,Damai Entertainment Holdings Ltd.,CORPORATE,CONFIRMED,HKEX:01060,1,HKEX:01060,Damai Entertainment Holdings Ltd.,HKEX_DI_STOCK_CODE_CONFIRMED
HKEX-ISSUER:359d56efab306857,"SICC Co., Ltd.",CORPORATE,CONFIRMED,HKEX:02631,1,HKEX:02631,"SICC Co., Ltd.  - H Shares",HKEX_DI_STOCK_CODE_CONFIRMED
HKEX-ISSUER:359ebaf3d46992eb,Kingboard Holdings Ltd.,CORPORATE,CONFIRMED,HKEX:00148,1,HKEX:00148,Kingboard Holdings Ltd.,HKEX_DI_STOCK_CODE_CONFIRMED
HKEX-ISSUER:35ca2b6e8513a497,"China CITIC Financial Asset Management Co., Ltd.",CORPORATE,CONFIRMED,HKEX:02799,1,HKEX:02799,"China CITIC Financial Asset Management Co., Ltd.  - H Shares",HKEX_DI_STOCK_CODE_CONFIRMED
HKEX-ISSUER:3612b92a3ed90a14,"NetEase, Inc.",CORPORATE,CONFIRMED,HKEX:09999,1,HKEX:09999,"NetEase, Inc.",HKEX_DI_STOCK_CODE_CONFIRMED
HKEX-ISSUER:36d77c56d83c43c1,China Resources Beverage (Holdings) Co. Ltd.,CORPORATE,CONFIRMED,HKEX:02460,1,HKEX:02460,China Resources Beverage (Holdings) Co. Ltd.,HKEX_DI_STOCK_CODE_CONFIRMED
HKEX-ISSUER:38668b842e2a728b,China Ruyi Holdings Ltd.,CORPORATE,CONFIRMED,HKEX:00136,1,HKEX:00136,China Ruyi Holdings Ltd.,HKEX_DI_STOCK_CODE_CONFIRMED
HKEX-ISSUER:393015873784815f,Livzon Pharmaceutical Group Inc.,CORPORATE,CONFIRMED,HKEX:01513,1,HKEX:01513,Livzon Pharmaceutical Group Inc.  - H Shares,HKEX_DI_STOCK_CODE_CONFIRMED
HKEX-ISSUER:3a3f37470fad7374,QingSong Health Corporation,CORPORATE,CONFIRMED,HKEX:02661,1,HKEX:02661,QingSong Health Corporation,HKEX_DI_STOCK_CODE_CONFIRMED
HKEX-ISSUER:3a517f3586296eb4,"COSCO SHIPPING Holdings Co., Ltd.",CORPORATE,CONFIRMED,HKEX:01919,1,HKEX:01919,"COSCO SHIPPING Holdings Co., Ltd.  - H Shares",HKEX_DI_STOCK_CODE_CONFIRMED
HKEX-ISSUER:3a8185f37d8c1130,CITIC Securities Co. Ltd.,CORPORATE,CONFIRMED,HKEX:06030,1,HKEX:06030,CITIC Securities Co. Ltd.  - H Shares,HKEX_DI_STOCK_CODE_CONFIRMED
HKEX-ISSUER:3ade9bfd1e385d23,Sun Hung Kai Properties Ltd.,CORPORATE,CONFIRMED,HKEX:00016,1,HKEX:00016,Sun Hung Kai Properties Ltd.,HKEX_DI_STOCK_CODE_CONFIRMED
HKEX-ISSUER:3d468e709b5ee5ea,PATEO CONNECT Technology (Shanghai) Corporation,CORPORATE,CONFIRMED,HKEX:02889,1,HKEX:02889,PATEO CONNECT Technology (Shanghai) Corporation  - H Shares,HKEX_DI_STOCK_CODE_CONFIRMED
HKEX-ISSUER:3d5e5b68f141a0a9,China Power International Development Ltd.,CORPORATE,CONFIRMED,HKEX:02380,1,HKEX:02380,China Power International Development Ltd.,HKEX_DI_STOCK_CODE_CONFIRMED
HKEX-ISSUER:3e6d9b5c982657ea,"Shanghai Fosun Pharmaceutical (Group) Co., Ltd.",CORPORATE,CONFIRMED,HKEX:02196,1,HKEX:02196,"Shanghai Fosun Pharmaceutical (Group) Co., Ltd.  - H Shares",HKEX_DI_STOCK_CODE_CONFIRMED
HKEX-ISSUER:3e7a47200b8b2d61,Genertec Universal Medical Group Co. Ltd.,CORPORATE,CONFIRMED,HKEX:02666,1,HKEX:02666,Genertec Universal Medical Group Co. Ltd.,HKEX_DI_STOCK_CODE_CONFIRMED
HKEX-ISSUER:3ed2a3277abab7e4,Sinopec Oilfield Service Corporation,CORPORATE,CONFIRMED,HKEX:01033,1,HKEX:01033,Sinopec Oilfield Service Corporation  - H Shares,HKEX_DI_STOCK_CODE_CONFIRMED
HKEX-ISSUER:4265bc9d4f226783,CGN Mining Co. Ltd.,CORPORATE,CONFIRMED,HKEX:01164,1,HKEX:01164,CGN Mining Co. Ltd.,HKEX_DI_STOCK_CODE_CONFIRMED
HKEX-ISSUER:4270f063af45555c,China Railway Construction Corporation Ltd.,CORPORATE,CONFIRMED,HKEX:01186,1,HKEX:01186,China Railway Construction Corporation Ltd.  - H Shares,HKEX_DI_STOCK_CODE_CONFIRMED
HKEX-ISSUER:42c556fa7d55ae17,Sany Heavy Equipment International Holdings Co. Ltd.,CORPORATE,CONFIRMED,HKEX:00631,1,HKEX:00631,Sany Heavy Equipment International Holdings Co. Ltd.,HKEX_DI_STOCK_CODE_CONFIRMED
HKEX-ISSUER:43792ec190510e43,Fosun International Ltd.,CORPORATE,CONFIRMED,HKEX:00656,1,HKEX:00656,Fosun International Ltd.,HKEX_DI_STOCK_CODE_CONFIRMED
HKEX-ISSUER:4423d44043c391d9,HealthyWay Inc.,CORPORATE,CONFIRMED,HKEX:02587,1,HKEX:02587,HealthyWay Inc.,HKEX_DI_STOCK_CODE_CONFIRMED
HKEX-ISSUER:44890a9642632a81,China Energy Engineering Corporation Ltd.,CORPORATE,CONFIRMED,HKEX:03996,1,HKEX:03996,China Energy Engineering Corporation Ltd.  - H Shares,HKEX_DI_STOCK_CODE_CONFIRMED
HKEX-ISSUER:448a5572af4291d8,Nsing Technologies Inc.,CORPORATE,CONFIRMED,HKEX:02701,1,HKEX:02701,Nsing Technologies Inc.  - H Shares,HKEX_DI_STOCK_CODE_CONFIRMED
HKEX-ISSUER:44b23d4de36fd665,PetroChina Co. Ltd.,CORPORATE,CONFIRMED,HKEX:00857,1,HKEX:00857,PetroChina Co. Ltd.  - H Shares,HKEX_DI_STOCK_CODE_CONFIRMED
HKEX-ISSUER:44f5e6f8da8a9926,Pop Mart International Group Ltd.,CORPORATE,CONFIRMED,HKEX:09992,1,HKEX:09992,Pop Mart International Group Ltd.,HKEX_DI_STOCK_CODE_CONFIRMED
HKEX-ISSUER:44f9b000241f3614,Power Assets Holdings Ltd.,CORPORATE,CONFIRMED,HKEX:00006,1,HKEX:00006,Power Assets Holdings Ltd.,HKEX_DI_STOCK_CODE_CONFIRMED
HKEX-ISSUER:45434f8460d61f85,"China Galaxy Securities Co., Ltd.",CORPORATE,CONFIRMED,HKEX:06881,1,HKEX:06881,"China Galaxy Securities Co., Ltd.  - H Shares",HKEX_DI_STOCK_CODE_CONFIRMED
HKEX-ISSUER:454f15b50bc43d37,"Pharmaron Beijing Co., Ltd.",CORPORATE,CONFIRMED,HKEX:03759,1,HKEX:03759,"Pharmaron Beijing Co., Ltd.  - H Shares",HKEX_DI_STOCK_CODE_CONFIRMED
HKEX-ISSUER:4759053a88b9fd46,LINGYI iTECH (GUANGDONG) COMPANY,CORPORATE,CONFIRMED,HKEX:01688,1,HKEX:01688,LINGYI iTECH (GUANGDONG) COMPANY  - H Shares,HKEX_DI_STOCK_CODE_CONFIRMED
HKEX-ISSUER:47af12fb311d8ee7,China Railway Group Ltd.,CORPORATE,CONFIRMED,HKEX:00390,1,HKEX:00390,China Railway Group Ltd.  - H Shares,HKEX_DI_STOCK_CODE_CONFIRMED
HKEX-ISSUER:484db0970594badf,Jiangxi Copper Co. Ltd.,CORPORATE,CONFIRMED,HKEX:00358,1,HKEX:00358,Jiangxi Copper Co. Ltd.  - H Shares,HKEX_DI_STOCK_CODE_CONFIRMED
HKEX-ISSUER:4907ad08635ecedc,Kingsoft Corporation Ltd.,CORPORATE,CONFIRMED,HKEX:03888,1,HKEX:03888,Kingsoft Corporation Ltd.,HKEX_DI_STOCK_CODE_CONFIRMED
HKEX-ISSUER:49551336e987a409,"Wharf (Holdings) Ltd., The",CORPORATE,CONFIRMED,HKEX:00004,1,HKEX:00004,"Wharf (Holdings) Ltd., The",HKEX_DI_STOCK_CODE_CONFIRMED
HKEX-ISSUER:495a1bdefa94078f,361 Degrees International Ltd.,CORPORATE,CONFIRMED,HKEX:01361,1,HKEX:01361,361 Degrees International Ltd.,HKEX_DI_STOCK_CODE_CONFIRMED
HKEX-ISSUER:4b23377994b11759,"Hygeia Healthcare Holdings Co., Ltd.",CORPORATE,CONFIRMED,HKEX:06078,1,HKEX:06078,"Hygeia Healthcare Holdings Co., Ltd.",HKEX_DI_STOCK_CODE_CONFIRMED
HKEX-ISSUER:4b347f328578cee3,China Shenhua Energy Co. Ltd.,CORPORATE,CONFIRMED,HKEX:01088,1,HKEX:01088,China Shenhua Energy Co. Ltd.  - H Shares,HKEX_DI_STOCK_CODE_CONFIRMED
HKEX-ISSUER:4b459b6a11efb623,ENN Energy Holdings Ltd.,CORPORATE,CONFIRMED,HKEX:02688,1,HKEX:02688,ENN Energy Holdings Ltd.,HKEX_DI_STOCK_CODE_CONFIRMED
HKEX-ISSUER:4ba601479d8ad187,China Telecom Corporation Ltd.,CORPORATE,CONFIRMED,HKEX:00728,1,HKEX:00728,China Telecom Corporation Ltd.  - H Shares,HKEX_DI_STOCK_CODE_CONFIRMED
HKEX-ISSUER:4bb6b205852c1c30,Triumph New Energy Co. Ltd.,CORPORATE,CONFIRMED,HKEX:01108,1,HKEX:01108,Triumph New Energy Co. Ltd.  - H Shares,HKEX_DI_STOCK_CODE_CONFIRMED
HKEX-ISSUER:4bf6b7e454922665,"Bank of East Asia, Ltd., The",CORPORATE,CONFIRMED,HKEX:00023,1,HKEX:00023,"Bank of East Asia, Ltd., The",HKEX_DI_STOCK_CODE_CONFIRMED
HKEX-ISSUER:4c8918b20d3bc263,Yuexiu Transport Infrastructure Ltd.,CORPORATE,CONFIRMED,HKEX:01052,1,HKEX:01052,Yuexiu Transport Infrastructure Ltd.,HKEX_DI_STOCK_CODE_CONFIRMED
HKEX-ISSUER:4cc141cca0cf3b2b,AviChina Industry & Technology Co. Ltd.,CORPORATE,CONFIRMED,HKEX:02357,1,HKEX:02357,AviChina Industry & Technology Co. Ltd.  - H Shares,HKEX_DI_STOCK_CODE_CONFIRMED
HKEX-ISSUER:4d1fac591de26227,United Energy Group Ltd.,CORPORATE,CONFIRMED,HKEX:00467,1,HKEX:00467,United Energy Group Ltd.,HKEX_DI_STOCK_CODE_CONFIRMED
HKEX-ISSUER:4d2963dade99af07,JNBY Design Ltd.,CORPORATE,CONFIRMED,HKEX:03306,1,HKEX:03306,JNBY Design Ltd.,HKEX_DI_STOCK_CODE_CONFIRMED
HKEX-ISSUER:4d583d8f722c2442,Beijing Enterprises Water Group Ltd.,CORPORATE,CONFIRMED,HKEX:00371,1,HKEX:00371,Beijing Enterprises Water Group Ltd.,HKEX_DI_STOCK_CODE_CONFIRMED
HKEX-ISSUER:4dbacb40d8dc016b,Haichang Ocean Park Holdings Ltd.,CORPORATE,CONFIRMED,HKEX:02255,1,HKEX:02255,Haichang Ocean Park Holdings Ltd.,HKEX_DI_STOCK_CODE_CONFIRMED
HKEX-ISSUER:4e902f9818b2cc15,China Communications Services Corporation Ltd.,CORPORATE,CONFIRMED,HKEX:00552,1,HKEX:00552,China Communications Services Corporation Ltd.  - H Shares,HKEX_DI_STOCK_CODE_CONFIRMED
HKEX-ISSUER:4f817c66c26308cb,"Shandong Boan Biotechnology Co., Ltd.",CORPORATE,CONFIRMED,HKEX:06955,1,HKEX:06955,"Shandong Boan Biotechnology Co., Ltd.  - H Shares",HKEX_DI_STOCK_CODE_CONFIRMED
HKEX-ISSUER:500fee9eaf401923,"OmniVision Integrated Circuits Group, Inc.",CORPORATE,CONFIRMED,HKEX:00501,1,HKEX:00501,"OmniVision Integrated Circuits Group, Inc.  - H Shares",HKEX_DI_STOCK_CODE_CONFIRMED
HKEX-ISSUER:50301a1d1ce39334,China State Construction International Holdings Ltd.,CORPORATE,CONFIRMED,HKEX:03311,1,HKEX:03311,China State Construction International Holdings Ltd.,HKEX_DI_STOCK_CODE_CONFIRMED
HKEX-ISSUER:503995ae8ea0551c,JD Health International Inc.,CORPORATE,CONFIRMED,HKEX:06618,1,HKEX:06618,JD Health International Inc.,HKEX_DI_STOCK_CODE_CONFIRMED
HKEX-ISSUER:508116ebc1658bcc,Consun Pharmaceutical Group Ltd.,CORPORATE,CONFIRMED,HKEX:01681,1,HKEX:01681,Consun Pharmaceutical Group Ltd.,HKEX_DI_STOCK_CODE_CONFIRMED
HKEX-ISSUER:5081ef4fb59837ac,HUTCHMED (China) Ltd.,CORPORATE,CONFIRMED,HKEX:00013,1,HKEX:00013,HUTCHMED (China) Ltd.,HKEX_DI_STOCK_CODE_CONFIRMED
HKEX-ISSUER:5105f21f9a5eaa6d,"Haier Smart Home Co., Ltd.",CORPORATE,CONFIRMED,HKEX:06690,1,HKEX:06690,"Haier Smart Home Co., Ltd.  - H Shares",HKEX_DI_STOCK_CODE_CONFIRMED
HKEX-ISSUER:513cf85fb0395280,"Wynn Macau, Ltd.",CORPORATE,CONFIRMED,HKEX:01128,1,HKEX:01128,"Wynn Macau, Ltd.",HKEX_DI_STOCK_CODE_CONFIRMED
HKEX-ISSUER:51818b9efa38c77c,Sands China Ltd.,CORPORATE,CONFIRMED,HKEX:01928,1,HKEX:01928,Sands China Ltd.,HKEX_DI_STOCK_CODE_CONFIRMED
HKEX-ISSUER:52707d8bca95f4d5,Shandong Weigao Group Medical Polymer Co. Ltd.,CORPORATE,CONFIRMED,HKEX:01066,1,HKEX:01066,Shandong Weigao Group Medical Polymer Co. Ltd.  - H Shares,HKEX_DI_STOCK_CODE_CONFIRMED
HKEX-ISSUER:52a7eb282d4603c0,"Shanghai Bao Pharmaceuticals Co., Ltd.",CORPORATE,CONFIRMED,HKEX:02659,1,HKEX:02659,"Shanghai Bao Pharmaceuticals Co., Ltd. - B  - H Shares",HKEX_DI_STOCK_CODE_CONFIRMED
HKEX-ISSUER:52ea5556bb7868cd,Lee & Man Paper Manufacturing Ltd.,CORPORATE,CONFIRMED,HKEX:02314,1,HKEX:02314,Lee & Man Paper Manufacturing Ltd.,HKEX_DI_STOCK_CODE_CONFIRMED
HKEX-ISSUER:53162ca7497395a0,"Nongfu Spring Co., Ltd.",CORPORATE,CONFIRMED,HKEX:09633,1,HKEX:09633,"Nongfu Spring Co., Ltd.  - H Shares",HKEX_DI_STOCK_CODE_CONFIRMED
HKEX-ISSUER:534fd3ae72cb09fe,InnoCare Pharma Ltd.,CORPORATE,CONFIRMED,HKEX:09969,1,HKEX:09969,InnoCare Pharma Ltd.,HKEX_DI_STOCK_CODE_CONFIRMED
HKEX-ISSUER:53581a1a70d9aef7,Chongqing Iron & Steel Co. Ltd.,CORPORATE,CONFIRMED,HKEX:01053,1,HKEX:01053,Chongqing Iron & Steel Co. Ltd.  - H Shares,HKEX_DI_STOCK_CODE_CONFIRMED
HKEX-ISSUER:544589b0c1553815,IFBH Ltd.,CORPORATE,CONFIRMED,HKEX:06603,1,HKEX:06603,IFBH Ltd.,HKEX_DI_STOCK_CODE_CONFIRMED
HKEX-ISSUER:5456f55a3a799449,Beijing Enterprises Holdings Ltd.,CORPORATE,CONFIRMED,HKEX:00392,1,HKEX:00392,Beijing Enterprises Holdings Ltd.,HKEX_DI_STOCK_CODE_CONFIRMED
HKEX-ISSUER:546f0945d0b5924c,Bosideng International Holdings Ltd.,CORPORATE,CONFIRMED,HKEX:03998,1,HKEX:03998,Bosideng International Holdings Ltd.,HKEX_DI_STOCK_CODE_CONFIRMED
HKEX-ISSUER:548ba18e4e9e8c84,"JL Mag Rare-Earth Co., Ltd.",CORPORATE,CONFIRMED,HKEX:06680,1,HKEX:06680,"JL Mag Rare-Earth Co., Ltd.  - H Shares",HKEX_DI_STOCK_CODE_CONFIRMED
HKEX-ISSUER:54f54b40ba2309c4,Lonking Holdings Ltd.,CORPORATE,CONFIRMED,HKEX:03339,1,HKEX:03339,Lonking Holdings Ltd.,HKEX_DI_STOCK_CODE_CONFIRMED
HKEX-ISSUER:550096026471e1ac,VTech Holdings Ltd.,CORPORATE,CONFIRMED,HKEX:00303,1,HKEX:00303,VTech Holdings Ltd.,HKEX_DI_STOCK_CODE_CONFIRMED
HKEX-ISSUER:552c73b74e203166,Xiaomi Corporation,CORPORATE,CONFIRMED,HKEX:01810,1,HKEX:01810,Xiaomi Corporation - W,HKEX_DI_STOCK_CODE_CONFIRMED
HKEX-ISSUER:5602a9a2c90259b1,"Busy Ming Group Co., Ltd.",CORPORATE,CONFIRMED,HKEX:01768,1,HKEX:01768,"Busy Ming Group Co., Ltd.  - H Shares",HKEX_DI_STOCK_CODE_CONFIRMED
HKEX-ISSUER:579f3f41e54200fe,JS Global Lifestyle Co. Ltd.,CORPORATE,CONFIRMED,HKEX:01691,1,HKEX:01691,JS Global Lifestyle Co. Ltd.,HKEX_DI_STOCK_CODE_CONFIRMED
HKEX-ISSUER:5917cdcbed37405d,Hysan Development Co. Ltd.,CORPORATE,CONFIRMED,HKEX:00014,1,HKEX:00014,Hysan Development Co. Ltd.,HKEX_DI_STOCK_CODE_CONFIRMED
HKEX-ISSUER:5973162bd5a61c8a,"Shanghai Chicmax Cosmetic Co., Ltd.",CORPORATE,CONFIRMED,HKEX:02145,1,HKEX:02145,"Shanghai Chicmax Cosmetic Co., Ltd.  - H Shares",HKEX_DI_STOCK_CODE_CONFIRMED
HKEX-ISSUER:5987b84130d54ca5,CK Hutchison Holdings Ltd.,CORPORATE,CONFIRMED,HKEX:00001,1,HKEX:00001,CK Hutchison Holdings Ltd.,HKEX_DI_STOCK_CODE_CONFIRMED
HKEX-ISSUER:59d71873bcbd3c69,"United Laboratories International Holdings Ltd., The",CORPORATE,CONFIRMED,HKEX:03933,1,HKEX:03933,"United Laboratories International Holdings Ltd., The",HKEX_DI_STOCK_CODE_CONFIRMED
HKEX-ISSUER:5aff30a5dd63de87,"Ganfeng Lithium Group Co., Ltd.",CORPORATE,CONFIRMED,HKEX:01772,1,HKEX:01772,"Ganfeng Lithium Group Co., Ltd.  - H Shares",HKEX_DI_STOCK_CODE_CONFIRMED
HKEX-ISSUER:5b542e3140baaec8,Standard Chartered PLC,CORPORATE,CONFIRMED,HKEX:02888,1,HKEX:02888,Standard Chartered PLC,HKEX_DI_STOCK_CODE_CONFIRMED
HKEX-ISSUER:5b6c0872a27b68bb,Topsports International Holdings Ltd.,CORPORATE,CONFIRMED,HKEX:06110,1,HKEX:06110,Topsports International Holdings Ltd.,HKEX_DI_STOCK_CODE_CONFIRMED
HKEX-ISSUER:5b6ffec31e688a85,Hua Hong Grace Semiconductor Ltd.,CORPORATE,CONFIRMED,HKEX:01347,1,HKEX:01347,Hua Hong Grace Semiconductor Ltd.,HKEX_DI_STOCK_CODE_CONFIRMED
HKEX-ISSUER:5bad3f8c34dab180,Yankuang Energy Group Co. Ltd.,CORPORATE,CONFIRMED,HKEX:01171,1,HKEX:01171,Yankuang Energy Group Co. Ltd.  - H Shares,HKEX_DI_STOCK_CODE_CONFIRMED
HKEX-ISSUER:5bd40b4b9e3d181f,ANTA Sports Products Ltd.,CORPORATE,CONFIRMED,HKEX:02020,1,HKEX:02020,ANTA Sports Products Ltd.,HKEX_DI_STOCK_CODE_CONFIRMED
HKEX-ISSUER:5c7923ec79437192,"Poly Property Group Co., Ltd.",CORPORATE,CONFIRMED,HKEX:00119,1,HKEX:00119,"Poly Property Group Co., Ltd.",HKEX_DI_STOCK_CODE_CONFIRMED
HKEX-ISSUER:5cc4406c07401bd4,BUTONG GROUP,CORPORATE,CONFIRMED,HKEX:06090,1,HKEX:06090,BUTONG GROUP,HKEX_DI_STOCK_CODE_CONFIRMED
HKEX-ISSUER:5cfa016d582f81de,"Shanghai Haohai Biological Technology Co., Ltd.",CORPORATE,CONFIRMED,HKEX:06826,1,HKEX:06826,"Shanghai Haohai Biological Technology Co., Ltd.  - H Shares",HKEX_DI_STOCK_CODE_CONFIRMED
HKEX-ISSUER:5d7e2203632345e3,"Shanghai Zhida Technology Development Co., Ltd.",CORPORATE,CONFIRMED,HKEX:02650,1,HKEX:02650,"Shanghai Zhida Technology Development Co., Ltd.  - H Shares",HKEX_DI_STOCK_CODE_CONFIRMED
HKEX-ISSUER:5d85ca3c2d009729,ZTO Express (Cayman) Inc.,CORPORATE,CONFIRMED,HKEX:02057,1,HKEX:02057,ZTO Express (Cayman) Inc. - W,HKEX_DI_STOCK_CODE_CONFIRMED
HKEX-ISSUER:5e3110502e3aa8a7,Meituan,CORPORATE,CONFIRMED,HKEX:03690,1,HKEX:03690,Meituan - W,HKEX_DI_STOCK_CODE_CONFIRMED
HKEX-ISSUER:5ebb0277799f852c,"Nanhua Futures Co., Ltd.",CORPORATE,CONFIRMED,HKEX:02691,1,HKEX:02691,"Nanhua Futures Co., Ltd.  - H Shares",HKEX_DI_STOCK_CODE_CONFIRMED
HKEX-ISSUER:5f4a11ee5fe9b5ba,Cowell e Holdings Inc.,CORPORATE,CONFIRMED,HKEX:01415,1,HKEX:01415,Cowell e Holdings Inc.,HKEX_DI_STOCK_CODE_CONFIRMED
HKEX-ISSUER:5fa72320fd0b24e5,"JD Logistics, Inc.",CORPORATE,CONFIRMED,HKEX:02618,1,HKEX:02618,"JD Logistics, Inc.",HKEX_DI_STOCK_CODE_CONFIRMED
HKEX-ISSUER:5fdde8bf9b122c78,First Tractor Co Ltd.,CORPORATE,CONFIRMED,HKEX:00038,1,HKEX:00038,First Tractor Co Ltd.  - H Shares,HKEX_DI_STOCK_CODE_CONFIRMED
HKEX-ISSUER:5ffeed1d1102f12b,"Jiangsu Lopal Tech. Group Co., Ltd.",CORPORATE,CONFIRMED,HKEX:02465,1,HKEX:02465,"Jiangsu Lopal Tech. Group Co., Ltd.  - H Shares",HKEX_DI_STOCK_CODE_CONFIRMED
HKEX-ISSUER:6267ce0bbd5b4058,Wasion Holdings Ltd.,CORPORATE,CONFIRMED,HKEX:03393,1,HKEX:03393,Wasion Holdings Ltd.,HKEX_DI_STOCK_CODE_CONFIRMED
HKEX-ISSUER:631e2a1eca5aa634,"Mabwell (Shanghai) Bioscience Co., Ltd.",CORPORATE,CONFIRMED,HKEX:02493,1,HKEX:02493,"Mabwell (Shanghai) Bioscience Co., Ltd. - B  - H Shares",HKEX_DI_STOCK_CODE_CONFIRMED
HKEX-ISSUER:63589ad67b5a0b4d,Xtep International Holdings Ltd.,CORPORATE,CONFIRMED,HKEX:01368,1,HKEX:01368,Xtep International Holdings Ltd.,HKEX_DI_STOCK_CODE_CONFIRMED
HKEX-ISSUER:635c61b9163d84dd,Kingboard Laminates Holdings Ltd.,CORPORATE,CONFIRMED,HKEX:01888,1,HKEX:01888,Kingboard Laminates Holdings Ltd.,HKEX_DI_STOCK_CODE_CONFIRMED
HKEX-ISSUER:637fc096ade05449,GCL Technology Holdings Ltd.,CORPORATE,CONFIRMED,HKEX:03800,1,HKEX:03800,GCL Technology Holdings Ltd.,HKEX_DI_STOCK_CODE_CONFIRMED
HKEX-ISSUER:637ff7d0a469890a,Logan Group Co. Ltd.,CORPORATE,CONFIRMED,HKEX:03380,1,HKEX:03380,Logan Group Co. Ltd.,HKEX_DI_STOCK_CODE_CONFIRMED
HKEX-ISSUER:6447dc75aa674148,Foshan Haitian Flavouring and Food Co. Ltd.,CORPORATE,CONFIRMED,HKEX:03288,1,HKEX:03288,Foshan Haitian Flavouring and Food Co. Ltd.  - H Shares,HKEX_DI_STOCK_CODE_CONFIRMED
HKEX-ISSUER:65033137109224d6,"Akeso, Inc.",CORPORATE,CONFIRMED,HKEX:09926,1,HKEX:09926,"Akeso, Inc.",HKEX_DI_STOCK_CODE_CONFIRMED
HKEX-ISSUER:65b12e509c97df0f,"Jiangsu Hengrui Pharmaceuticals Co., Ltd.",CORPORATE,CONFIRMED,HKEX:01276,1,HKEX:01276,"Jiangsu Hengrui Pharmaceuticals Co., Ltd.  - H Shares",HKEX_DI_STOCK_CODE_CONFIRMED
HKEX-ISSUER:662bedb98dae831e,SUPER HI INTERNATIONAL HOLDING LTD.,CORPORATE,CONFIRMED,HKEX:09658,1,HKEX:09658,SUPER HI INTERNATIONAL HOLDING LTD.,HKEX_DI_STOCK_CODE_CONFIRMED
HKEX-ISSUER:66917b4d9e679a52,Guangdong Investment Ltd.,CORPORATE,CONFIRMED,HKEX:00270,1,HKEX:00270,Guangdong Investment Ltd.,HKEX_DI_STOCK_CODE_CONFIRMED
HKEX-ISSUER:66b30b84bd46da02,"Bank of Chongqing Co., Ltd.",CORPORATE,CONFIRMED,HKEX:01963,1,HKEX:01963,"Bank of Chongqing Co., Ltd.  - H Shares",HKEX_DI_STOCK_CODE_CONFIRMED
HKEX-ISSUER:67a490cfad252b66,Yangtze Optical Fibre and Cable Joint Stock Ltd. Co.,CORPORATE,CONFIRMED,HKEX:06869,1,HKEX:06869,Yangtze Optical Fibre and Cable Joint Stock Ltd. Co.  - H Shares,HKEX_DI_STOCK_CODE_CONFIRMED
HKEX-ISSUER:67c22586e78c6ef2,"Xunfei Healthcare Technology Co., Ltd.",CORPORATE,CONFIRMED,HKEX:02506,1,HKEX:02506,"Xunfei Healthcare Technology Co., Ltd.  - H Shares",HKEX_DI_STOCK_CODE_CONFIRMED
HKEX-ISSUER:67db242a598510c1,"Shenzhen Woer Heat-Shrinkable Material Co., Ltd.",CORPORATE,CONFIRMED,HKEX:09981,1,HKEX:09981,"Shenzhen Woer Heat-Shrinkable Material Co., Ltd.  - H Shares",HKEX_DI_STOCK_CODE_CONFIRMED
HKEX-ISSUER:67e8659624c24601,"Suzhou Novosense Microelectronics Co., Ltd.",CORPORATE,CONFIRMED,HKEX:02676,1,HKEX:02676,"Suzhou Novosense Microelectronics Co., Ltd.  - H Shares",HKEX_DI_STOCK_CODE_CONFIRMED
HKEX-ISSUER:682dc28d534cc649,"Breton Technology Co., Ltd.",CORPORATE,CONFIRMED,HKEX:01333,1,HKEX:01333,"Breton Technology Co., Ltd.  - H Shares",HKEX_DI_STOCK_CODE_CONFIRMED
HKEX-ISSUER:6856ddaaa02a917d,China Overseas Grand Oceans Group Ltd.,CORPORATE,CONFIRMED,HKEX:00081,1,HKEX:00081,China Overseas Grand Oceans Group Ltd.,HKEX_DI_STOCK_CODE_CONFIRMED
HKEX-ISSUER:685c92279ac5a26f,"Central China Securities Co., Ltd.",CORPORATE,CONFIRMED,HKEX:01375,1,HKEX:01375,"Central China Securities Co., Ltd.  - H Shares",HKEX_DI_STOCK_CODE_CONFIRMED
HKEX-ISSUER:68c0ffe0adbf4053,Beijing Jingcheng Machinery Electric Co. Ltd.,CORPORATE,CONFIRMED,HKEX:00187,1,HKEX:00187,Beijing Jingcheng Machinery Electric Co. Ltd.  - H Shares,HKEX_DI_STOCK_CODE_CONFIRMED
HKEX-ISSUER:692500430a254fad,MGM China Holdings Ltd.,CORPORATE,CONFIRMED,HKEX:02282,1,HKEX:02282,MGM China Holdings Ltd.,HKEX_DI_STOCK_CODE_CONFIRMED
HKEX-ISSUER:6980487b2e30b475,ZTE Corporation,CORPORATE,CONFIRMED,HKEX:00763,1,HKEX:00763,ZTE Corporation  - H Shares,HKEX_DI_STOCK_CODE_CONFIRMED
HKEX-ISSUER:69ee482af0ee9616,"Hong Kong and China Gas Co. Ltd., The",CORPORATE,CONFIRMED,HKEX:00003,1,HKEX:00003,"Hong Kong and China Gas Co. Ltd., The",HKEX_DI_STOCK_CODE_CONFIRMED
HKEX-ISSUER:6a2f82f0b3ab5c25,Budweiser Brewing Co. APAC Ltd.,CORPORATE,CONFIRMED,HKEX:01876,1,HKEX:01876,Budweiser Brewing Co. APAC Ltd.,HKEX_DI_STOCK_CODE_CONFIRMED
HKEX-ISSUER:6a4f602968c2935f,Yadea Group Holdings Ltd.,CORPORATE,CONFIRMED,HKEX:01585,1,HKEX:01585,Yadea Group Holdings Ltd.,HKEX_DI_STOCK_CODE_CONFIRMED
HKEX-ISSUER:6a6b1b8144ae3e47,Far East Horizon Ltd.,CORPORATE,CONFIRMED,HKEX:03360,1,HKEX:03360,Far East Horizon Ltd.,HKEX_DI_STOCK_CODE_CONFIRMED
HKEX-ISSUER:6af63d5e3ca1cbd1,Sinotruk (Hong Kong) Ltd.,CORPORATE,CONFIRMED,HKEX:03808,1,HKEX:03808,Sinotruk (Hong Kong) Ltd.,HKEX_DI_STOCK_CODE_CONFIRMED
HKEX-ISSUER:6b11141104d888c2,"Guangdong Dtech Technology Co., Ltd.",CORPORATE,CONFIRMED,HKEX:01377,1,HKEX:01377,"Guangdong Dtech Technology Co., Ltd.  - H Shares",HKEX_DI_STOCK_CODE_CONFIRMED
HKEX-ISSUER:6b1f01fa37c30c35,"Sichuan Baicha Baidao Industrial Co., Ltd.",CORPORATE,CONFIRMED,HKEX:02555,1,HKEX:02555,"Sichuan Baicha Baidao Industrial Co., Ltd.  - H Shares",HKEX_DI_STOCK_CODE_CONFIRMED
HKEX-ISSUER:6ba8c5d97d8634f7,"COSCO SHIPPING Energy Transportation Co., Ltd.",CORPORATE,CONFIRMED,HKEX:01138,1,HKEX:01138,"COSCO SHIPPING Energy Transportation Co., Ltd.  - H Shares",HKEX_DI_STOCK_CODE_CONFIRMED
HKEX-ISSUER:6bae08933bd146dd,"Shenzhen Senior Technology Material Co., Ltd.",CORPORATE,CONFIRMED,HKEX:06067,1,HKEX:06067,"Shenzhen Senior Technology Material Co., Ltd.  - H Shares",HKEX_DI_STOCK_CODE_CONFIRMED
HKEX-ISSUER:6bc07b9cb337b46e,China Construction Bank Corporation,CORPORATE,CONFIRMED,HKEX:00939,1,HKEX:00939,China Construction Bank Corporation  - H Shares,HKEX_DI_STOCK_CODE_CONFIRMED
HKEX-ISSUER:6c0d8d2820d249bd,"Shanghai Longcheer Technology Co., Ltd.",CORPORATE,CONFIRMED,HKEX:09611,1,HKEX:09611,"Shanghai Longcheer Technology Co., Ltd.  - H Shares",HKEX_DI_STOCK_CODE_CONFIRMED
HKEX-ISSUER:6c3e4aeb137009b2,"WellCell Holdings Co., Ltd.",CORPORATE,CONFIRMED,HKEX:02477,1,HKEX:02477,"WellCell Holdings Co., Ltd.",HKEX_DI_STOCK_CODE_CONFIRMED
HKEX-ISSUER:6c8c01747c9669fe,Synagistics Ltd.,CORPORATE,CONFIRMED,HKEX:02562,1,HKEX:02562,Synagistics Ltd.,HKEX_DI_STOCK_CODE_CONFIRMED
HKEX-ISSUER:6cb278aa8f09561f,Galaxy Entertainment Group Ltd.,CORPORATE,CONFIRMED,HKEX:00027,1,HKEX:00027,Galaxy Entertainment Group Ltd.,HKEX_DI_STOCK_CODE_CONFIRMED
HKEX-ISSUER:6d206a172533ecb8,Shougang Fushan Resources Group Ltd.,CORPORATE,CONFIRMED,HKEX:00639,1,HKEX:00639,Shougang Fushan Resources Group Ltd.,HKEX_DI_STOCK_CODE_CONFIRMED
HKEX-ISSUER:6d96fc5275624843,"ESTUN AUTOMATION CO., LTD",CORPORATE,CONFIRMED,HKEX:02715,1,HKEX:02715,"ESTUN AUTOMATION CO., LTD  - H Shares",HKEX_DI_STOCK_CODE_CONFIRMED
HKEX-ISSUER:6e115db19741daf0,Guotai Junan International Holdings Ltd.,CORPORATE,CONFIRMED,HKEX:01788,1,HKEX:01788,Guotai Junan International Holdings Ltd.,HKEX_DI_STOCK_CODE_CONFIRMED
HKEX-ISSUER:6e44cec169ae8ea6,Xiaocaiyuan International Holding Ltd.,CORPORATE,CONFIRMED,HKEX:00999,1,HKEX:00999,Xiaocaiyuan International Holding Ltd.,HKEX_DI_STOCK_CODE_CONFIRMED
HKEX-ISSUER:6e9b02957081567c,CanSino Biologics Inc.,CORPORATE,CONFIRMED,HKEX:06185,1,HKEX:06185,CanSino Biologics Inc.  - H Shares,HKEX_DI_STOCK_CODE_CONFIRMED
HKEX-ISSUER:6f3e2c22a8562dee,Radiance Holdings (Group) Co. Ltd.,CORPORATE,CONFIRMED,HKEX:09993,1,HKEX:09993,Radiance Holdings (Group) Co. Ltd.,HKEX_DI_STOCK_CODE_CONFIRMED
HKEX-ISSUER:6f9f3d8cc1db1e4d,"Chery Automobile Co., Ltd.",CORPORATE,CONFIRMED,HKEX:09973,1,HKEX:09973,"Chery Automobile Co., Ltd.  - H Shares",HKEX_DI_STOCK_CODE_CONFIRMED
HKEX-ISSUER:6fd72c63023e309f,China Gas Holdings Ltd.,CORPORATE,CONFIRMED,HKEX:00384,1,HKEX:00384,China Gas Holdings Ltd.,HKEX_DI_STOCK_CODE_CONFIRMED
HKEX-ISSUER:6ff83f4462f25751,"Contemporary Amperex Technology Co., Ltd.",CORPORATE,CONFIRMED,HKEX:03750,1,HKEX:03750,"Contemporary Amperex Technology Co., Ltd.  - H Shares",HKEX_DI_STOCK_CODE_CONFIRMED
HKEX-ISSUER:7032e9f06ed614b3,Newborn Town Inc.,CORPORATE,CONFIRMED,HKEX:09911,1,HKEX:09911,Newborn Town Inc.,HKEX_DI_STOCK_CODE_CONFIRMED
HKEX-ISSUER:70855afb2b50d814,Star Plus Legend Holdings Ltd.,CORPORATE,CONFIRMED,HKEX:06683,1,HKEX:06683,Star Plus Legend Holdings Ltd.,HKEX_DI_STOCK_CODE_CONFIRMED
HKEX-ISSUER:709541410394eb9e,Longfor Group Holdings Ltd.,CORPORATE,CONFIRMED,HKEX:00960,1,HKEX:00960,Longfor Group Holdings Ltd.,HKEX_DI_STOCK_CODE_CONFIRMED
HKEX-ISSUER:70b4ee30619cbaa5,"Xiamen Jihong Co., Ltd",CORPORATE,CONFIRMED,HKEX:02603,1,HKEX:02603,"Xiamen Jihong Co., Ltd  - A Shares",HKEX_DI_STOCK_CODE_CONFIRMED
HKEX-ISSUER:711cc3474a7b0b89,WH Group Ltd.,CORPORATE,CONFIRMED,HKEX:00288,1,HKEX:00288,WH Group Ltd.,HKEX_DI_STOCK_CODE_CONFIRMED
HKEX-ISSUER:72c4f650b8ec0159,Shandong Xinhua Pharmaceutical Co. Ltd.,CORPORATE,CONFIRMED,HKEX:00719,1,HKEX:00719,Shandong Xinhua Pharmaceutical Co. Ltd.  - H Shares,HKEX_DI_STOCK_CODE_CONFIRMED
HKEX-ISSUER:7328414f281413f7,"China Vanke Co., Ltd.",CORPORATE,CONFIRMED,HKEX:02202,1,HKEX:02202,"China Vanke Co., Ltd.  - H Shares",HKEX_DI_STOCK_CODE_CONFIRMED
HKEX-ISSUER:73731de18c84290b,FIT Hon Teng Ltd.,CORPORATE,CONFIRMED,HKEX:06088,1,HKEX:06088,FIT Hon Teng Ltd.,HKEX_DI_STOCK_CODE_CONFIRMED
HKEX-ISSUER:73ba0c8d0dda0ca2,"China Minsheng Banking Corp., Ltd.",CORPORATE,CONFIRMED,HKEX:01988,1,HKEX:01988,"China Minsheng Banking Corp., Ltd.  - H Shares",HKEX_DI_STOCK_CODE_CONFIRMED
HKEX-ISSUER:73c5a8b1824f605d,"Beijing Geekplus Technology Co., Ltd.",CORPORATE,CONFIRMED,HKEX:02590,1,HKEX:02590,"Beijing Geekplus Technology Co., Ltd. - W  - H Shares",HKEX_DI_STOCK_CODE_CONFIRMED
HKEX-ISSUER:7414ac20943d5c5f,China Resources Land Ltd.,CORPORATE,CONFIRMED,HKEX:01109,1,HKEX:01109,China Resources Land Ltd.,HKEX_DI_STOCK_CODE_CONFIRMED
HKEX-ISSUER:743118627091393b,AK Medical Holdings Ltd.,CORPORATE,CONFIRMED,HKEX:01789,1,HKEX:01789,AK Medical Holdings Ltd.,HKEX_DI_STOCK_CODE_CONFIRMED
HKEX-ISSUER:74975e2573f21a4c,China Travel International Investment Hong Kong Ltd.,CORPORATE,CONFIRMED,HKEX:00308,1,HKEX:00308,China Travel International Investment Hong Kong Ltd.,HKEX_DI_STOCK_CODE_CONFIRMED
HKEX-ISSUER:751d56957a2bc596,K. Wah International Holdings Ltd.,CORPORATE,CONFIRMED,HKEX:00173,1,HKEX:00173,K. Wah International Holdings Ltd.,HKEX_DI_STOCK_CODE_CONFIRMED
HKEX-ISSUER:755f924ee472607a,Dongfang Electric Corporation Ltd.,CORPORATE,CONFIRMED,HKEX:01072,1,HKEX:01072,Dongfang Electric Corporation Ltd.  - H Shares,HKEX_DI_STOCK_CODE_CONFIRMED
HKEX-ISSUER:75a2ff15652fd256,Seyond Holdings Ltd.,CORPORATE,CONFIRMED,HKEX:02665,1,HKEX:02665,Seyond Holdings Ltd.,HKEX_DI_STOCK_CODE_CONFIRMED
HKEX-ISSUER:766ab0026c790a7c,China Water Affairs Group Ltd.,CORPORATE,CONFIRMED,HKEX:00855,1,HKEX:00855,China Water Affairs Group Ltd.,HKEX_DI_STOCK_CODE_CONFIRMED
HKEX-ISSUER:76e739cafc2784c9,China Overseas Land & Investment Ltd.,CORPORATE,CONFIRMED,HKEX:00688,1,HKEX:00688,China Overseas Land & Investment Ltd.,HKEX_DI_STOCK_CODE_CONFIRMED
HKEX-ISSUER:778a963c3b58cbc8,China Life Insurance Co. Ltd.,CORPORATE,CONFIRMED,HKEX:02628,1,HKEX:02628,China Life Insurance Co. Ltd.  - H Shares,HKEX_DI_STOCK_CODE_CONFIRMED
HKEX-ISSUER:77b3260702e0cb50,BOC Aviation Ltd.,CORPORATE,CONFIRMED,HKEX:02588,1,HKEX:02588,BOC Aviation Ltd.,HKEX_DI_STOCK_CODE_CONFIRMED
HKEX-ISSUER:78a94725a21ff7b9,"ZhongAn Online P & C Insurance Co., Ltd.",CORPORATE,CONFIRMED,HKEX:06060,1,HKEX:06060,"ZhongAn Online P & C Insurance Co., Ltd.  - H Shares",HKEX_DI_STOCK_CODE_CONFIRMED
HKEX-ISSUER:78c10bc7bfa78526,"China Merchants Securities Co., Ltd.",CORPORATE,CONFIRMED,HKEX:06099,1,HKEX:06099,"China Merchants Securities Co., Ltd.  - H Shares",HKEX_DI_STOCK_CODE_CONFIRMED
HKEX-ISSUER:78c4d41922b844e8,Sihuan Pharmaceutical Holdings Group Ltd.,CORPORATE,CONFIRMED,HKEX:00460,1,HKEX:00460,Sihuan Pharmaceutical Holdings Group Ltd.,HKEX_DI_STOCK_CODE_CONFIRMED
HKEX-ISSUER:78e914133ed572ff,Horizon Robotics,CORPORATE,CONFIRMED,HKEX:09660,1,HKEX:09660,Horizon Robotics - W,HKEX_DI_STOCK_CODE_CONFIRMED
HKEX-ISSUER:78f26418a732c2fe,"Z.AI Co., Ltd.",CORPORATE,CONFIRMED,HKEX:02513,1,HKEX:02513,"Z.AI Co., Ltd.  - H Shares",HKEX_DI_STOCK_CODE_CONFIRMED
HKEX-ISSUER:79650ed12626d04f,Zhejiang Shibao Co. Ltd.,CORPORATE,CONFIRMED,HKEX:01057,1,HKEX:01057,Zhejiang Shibao Co. Ltd.  - H Shares,HKEX_DI_STOCK_CODE_CONFIRMED
HKEX-ISSUER:7a01ad3422de949c,"Meitu, Inc.",CORPORATE,CONFIRMED,HKEX:01357,1,HKEX:01357,"Meitu, Inc.",HKEX_DI_STOCK_CODE_CONFIRMED
HKEX-ISSUER:7a15ba46a6ed1e14,China Resources Beer (Holdings) Co. Ltd.,CORPORATE,CONFIRMED,HKEX:00291,1,HKEX:00291,China Resources Beer (Holdings) Co. Ltd.,HKEX_DI_STOCK_CODE_CONFIRMED
HKEX-ISSUER:7a1a3b6b918be9a4,China Tourism Group Duty Free Corporation Ltd.,CORPORATE,CONFIRMED,HKEX:01880,1,HKEX:01880,China Tourism Group Duty Free Corporation Ltd.  - H Shares,HKEX_DI_STOCK_CODE_CONFIRMED
HKEX-ISSUER:7a49105a2b0f7970,"Seres Group Co., Ltd.",CORPORATE,CONFIRMED,HKEX:09927,1,HKEX:09927,"Seres Group Co., Ltd.  - H Shares",HKEX_DI_STOCK_CODE_CONFIRMED
HKEX-ISSUER:7a5cc397d26a4f4c,Sino Land Co. Ltd.,CORPORATE,CONFIRMED,HKEX:00083,1,HKEX:00083,Sino Land Co. Ltd.,HKEX_DI_STOCK_CODE_CONFIRMED
HKEX-ISSUER:7b5a6b83bf4b0493,Yixin Group Ltd.,CORPORATE,CONFIRMED,HKEX:02858,1,HKEX:02858,Yixin Group Ltd.,HKEX_DI_STOCK_CODE_CONFIRMED
HKEX-ISSUER:7b6bcc6a4e43931d,CNOOC Ltd.,CORPORATE,CONFIRMED,HKEX:00883,1,HKEX:00883,CNOOC Ltd.,HKEX_DI_STOCK_CODE_CONFIRMED
HKEX-ISSUER:7bdb2aaacf1c7606,TUHU Car Inc.,CORPORATE,CONFIRMED,HKEX:09690,1,HKEX:09690,TUHU Car Inc. - W,HKEX_DI_STOCK_CODE_CONFIRMED
HKEX-ISSUER:7c517e06976348e7,Li Ning Co. Ltd.,CORPORATE,CONFIRMED,HKEX:02331,1,HKEX:02331,Li Ning Co. Ltd.,HKEX_DI_STOCK_CODE_CONFIRMED
HKEX-ISSUER:7c7b2d3f52817ecb,CaoCao Inc.,CORPORATE,CONFIRMED,HKEX:02643,1,HKEX:02643,CaoCao Inc.,HKEX_DI_STOCK_CODE_CONFIRMED
HKEX-ISSUER:7cd3846b3630bcac,Hang Lung Properties Ltd.,CORPORATE,CONFIRMED,HKEX:00101,1,HKEX:00101,Hang Lung Properties Ltd.,HKEX_DI_STOCK_CODE_CONFIRMED
HKEX-ISSUER:7cff8bb0546d9629,China Railway Signal & Communication Corporation Ltd. s,CORPORATE,CONFIRMED,HKEX:03969,1,HKEX:03969,China Railway Signal & Communication Corporation Ltd. s - H Shares,HKEX_DI_STOCK_CODE_CONFIRMED
HKEX-ISSUER:7d1dde36adfb0593,"RemeGen Co., Ltd.",CORPORATE,CONFIRMED,HKEX:09995,1,HKEX:09995,"RemeGen Co., Ltd.  - H Shares",HKEX_DI_STOCK_CODE_CONFIRMED
HKEX-ISSUER:7d66dfe97a064ff3,Kinetic Development Group Ltd.,CORPORATE,CONFIRMED,HKEX:01277,1,HKEX:01277,Kinetic Development Group Ltd.,HKEX_DI_STOCK_CODE_CONFIRMED
HKEX-ISSUER:7d8850be0b60eaef,China Oilfield Services Ltd.,CORPORATE,CONFIRMED,HKEX:02883,1,HKEX:02883,China Oilfield Services Ltd.  - H Shares,HKEX_DI_STOCK_CODE_CONFIRMED
HKEX-ISSUER:7d955b0fbd1333fa,MicroPort NeuroScientific Corporation,CORPORATE,CONFIRMED,HKEX:02172,1,HKEX:02172,MicroPort NeuroScientific Corporation,HKEX_DI_STOCK_CODE_CONFIRMED
HKEX-ISSUER:7dc88461b9d4225f,Xinyi Solar Holdings Ltd.,CORPORATE,CONFIRMED,HKEX:00968,1,HKEX:00968,Xinyi Solar Holdings Ltd.,HKEX_DI_STOCK_CODE_CONFIRMED
HKEX-ISSUER:7e68514e75b843f0,160 Health International Ltd.,CORPORATE,CONFIRMED,HKEX:02656,1,HKEX:02656,160 Health International Ltd.,HKEX_DI_STOCK_CODE_CONFIRMED
HKEX-ISSUER:8073add03a7f6cc2,"Shanghai MicroPort MedBot (Group) Co., Ltd.",CORPORATE,CONFIRMED,HKEX:02252,1,HKEX:02252,"Shanghai MicroPort MedBot (Group) Co., Ltd. - B  - H Shares",HKEX_DI_STOCK_CODE_CONFIRMED
HKEX-ISSUER:80cf791eb04ed5dd,"Hangzhou SF Intra-city Industrial Co., Ltd.",CORPORATE,CONFIRMED,HKEX:09699,1,HKEX:09699,"Hangzhou SF Intra-city Industrial Co., Ltd.  - H Shares",HKEX_DI_STOCK_CODE_CONFIRMED
HKEX-ISSUER:80d80c5c08464f8e,CITIC Ltd.,CORPORATE,CONFIRMED,HKEX:00267,1,HKEX:00267,CITIC Ltd.,HKEX_DI_STOCK_CODE_CONFIRMED
HKEX-ISSUER:81f6a64fccd7710f,Xinyi Energy Holdings Ltd.,CORPORATE,CONFIRMED,HKEX:03868,1,HKEX:03868,Xinyi Energy Holdings Ltd.,HKEX_DI_STOCK_CODE_CONFIRMED
HKEX-ISSUER:82448f29b4fc4181,Sunac China Holdings Ltd.,CORPORATE,CONFIRMED,HKEX:01918,1,HKEX:01918,Sunac China Holdings Ltd.,HKEX_DI_STOCK_CODE_CONFIRMED
HKEX-ISSUER:82738300d8971a8d,VSTECS Holdings Ltd.,CORPORATE,CONFIRMED,HKEX:00856,1,HKEX:00856,VSTECS Holdings Ltd.,HKEX_DI_STOCK_CODE_CONFIRMED
HKEX-ISSUER:82d307279799a0f4,Country Garden Holdings Co. Ltd.,CORPORATE,CONFIRMED,HKEX:02007,1,HKEX:02007,Country Garden Holdings Co. Ltd.,HKEX_DI_STOCK_CODE_CONFIRMED
HKEX-ISSUER:8321e2a6cc077483,"Xinhua Winshare Publishing and Media Co., Ltd.",CORPORATE,CONFIRMED,HKEX:00811,1,HKEX:00811,"Xinhua Winshare Publishing and Media Co., Ltd.  - H Shares",HKEX_DI_STOCK_CODE_CONFIRMED
HKEX-ISSUER:8453b49c19912561,Hengan International Group Co. Ltd.,CORPORATE,CONFIRMED,HKEX:01044,1,HKEX:01044,Hengan International Group Co. Ltd.,HKEX_DI_STOCK_CODE_CONFIRMED
HKEX-ISSUER:84702f88c3b2173b,Beijing North Star Co. Ltd.,CORPORATE,CONFIRMED,HKEX:00588,1,HKEX:00588,Beijing North Star Co. Ltd.  - A Shares,HKEX_DI_STOCK_CODE_CONFIRMED
HKEX-ISSUER:84aa37d524499e53,C&D International Investment Group Ltd.,CORPORATE,CONFIRMED,HKEX:01908,1,HKEX:01908,C&D International Investment Group Ltd.,HKEX_DI_STOCK_CODE_CONFIRMED
HKEX-ISSUER:8509653f0951d15c,Wharf Real Estate Investment Co. Ltd.,CORPORATE,CONFIRMED,HKEX:01997,1,HKEX:01997,Wharf Real Estate Investment Co. Ltd.,HKEX_DI_STOCK_CODE_CONFIRMED
HKEX-ISSUER:85c00275b3f35f46,"Zoomlion Heavy Industry Science and Technology Co., Ltd",CORPORATE,CONFIRMED,HKEX:01157,1,HKEX:01157,"Zoomlion Heavy Industry Science and Technology Co., Ltd - H Shares",HKEX_DI_STOCK_CODE_CONFIRMED
HKEX-ISSUER:85e5cec9dc97b5b9,China Overseas Property Holdings Ltd.,CORPORATE,CONFIRMED,HKEX:02669,1,HKEX:02669,China Overseas Property Holdings Ltd.,HKEX_DI_STOCK_CODE_CONFIRMED
HKEX-ISSUER:8602c20422c80b3f,Yihai International Holding Ltd.,CORPORATE,CONFIRMED,HKEX:01579,1,HKEX:01579,Yihai International Holding Ltd.,HKEX_DI_STOCK_CODE_CONFIRMED
HKEX-ISSUER:863a487e60746ef9,Keymed Biosciences Inc.,CORPORATE,CONFIRMED,HKEX:02162,1,HKEX:02162,Keymed Biosciences Inc. - B,HKEX_DI_STOCK_CODE_CONFIRMED
HKEX-ISSUER:86633295b7ee5e06,"Jiangsu Zenergy Battery Technologies Group Co., Ltd.",CORPORATE,CONFIRMED,HKEX:03677,1,HKEX:03677,"Jiangsu Zenergy Battery Technologies Group Co., Ltd.  - H Shares",HKEX_DI_STOCK_CODE_CONFIRMED
HKEX-ISSUER:86a48e942532e1f6,Skyworth Group Ltd.,CORPORATE,CONFIRMED,HKEX:00751,1,HKEX:00751,Skyworth Group Ltd.,HKEX_DI_STOCK_CODE_CONFIRMED
HKEX-ISSUER:8763acf3796c78b3,"Guotai Haitong Securities Co., Ltd.",CORPORATE,CONFIRMED,HKEX:02611,1,HKEX:02611,"Guotai Haitong Securities Co., Ltd.  - H Shares",HKEX_DI_STOCK_CODE_CONFIRMED
HKEX-ISSUER:8893acea4b70f1d5,"Liaoning Port Co., Ltd.",CORPORATE,CONFIRMED,HKEX:02880,1,HKEX:02880,"Liaoning Port Co., Ltd.  - H Shares",HKEX_DI_STOCK_CODE_CONFIRMED
HKEX-ISSUER:8a06e62d158aaced,Lingbao Gold Group Co. Ltd.,CORPORATE,CONFIRMED,HKEX:03330,1,HKEX:03330,Lingbao Gold Group Co. Ltd.  - H Shares,HKEX_DI_STOCK_CODE_CONFIRMED
HKEX-ISSUER:8b6b6b0ff6544d61,Yidu Tech Inc.,CORPORATE,CONFIRMED,HKEX:02158,1,HKEX:02158,Yidu Tech Inc.,HKEX_DI_STOCK_CODE_CONFIRMED
HKEX-ISSUER:8bcf5299e95e685d,Fufeng Group Ltd.,CORPORATE,CONFIRMED,HKEX:00546,1,HKEX:00546,Fufeng Group Ltd.,HKEX_DI_STOCK_CODE_CONFIRMED
HKEX-ISSUER:8bdd8601294dcc16,Delton Technology (Guangzhou) Inc.,CORPORATE,CONFIRMED,HKEX:01989,1,HKEX:01989,Delton Technology (Guangzhou) Inc.  - H Shares,HKEX_DI_STOCK_CODE_CONFIRMED
HKEX-ISSUER:8be38a839f339e8d,Aluminum Corporation of China Ltd.,CORPORATE,CONFIRMED,HKEX:02600,1,HKEX:02600,Aluminum Corporation of China Ltd.  - H Shares,HKEX_DI_STOCK_CODE_CONFIRMED
HKEX-ISSUER:8c292ea42f65f72f,Zhongyu Energy Holdings Ltd.,CORPORATE,CONFIRMED,HKEX:03633,1,HKEX:03633,Zhongyu Energy Holdings Ltd.,HKEX_DI_STOCK_CODE_CONFIRMED
HKEX-ISSUER:8d10691ff35bfa2e,Greentown China Holdings Ltd.,CORPORATE,CONFIRMED,HKEX:03900,1,HKEX:03900,Greentown China Holdings Ltd.,HKEX_DI_STOCK_CODE_CONFIRMED
HKEX-ISSUER:8d112a14e9609719,SUNeVision Holdings Ltd.,CORPORATE,CONFIRMED,HKEX:01686,1,HKEX:01686,SUNeVision Holdings Ltd.,HKEX_DI_STOCK_CODE_CONFIRMED
HKEX-ISSUER:8e388261c17853f4,Nanshan Aluminium International Holdings Ltd.,CORPORATE,CONFIRMED,HKEX:02610,1,HKEX:02610,Nanshan Aluminium International Holdings Ltd.,HKEX_DI_STOCK_CODE_CONFIRMED
HKEX-ISSUER:8e84a7309a4b052b,"Beijing Chunlizhengda Medical Instruments Co., Ltd.",CORPORATE,CONFIRMED,HKEX:01858,1,HKEX:01858,"Beijing Chunlizhengda Medical Instruments Co., Ltd.  - H Shares",HKEX_DI_STOCK_CODE_CONFIRMED
HKEX-ISSUER:8f2e3479c100e95e,"Postal Savings Bank of China Co., Ltd.",CORPORATE,CONFIRMED,HKEX:01658,1,HKEX:01658,"Postal Savings Bank of China Co., Ltd.  - H Shares",HKEX_DI_STOCK_CODE_CONFIRMED
HKEX-ISSUER:8f9e4b58461cd839,"Deepexi Technology Co., Ltd.",CORPORATE,CONFIRMED,HKEX:01384,1,HKEX:01384,"Deepexi Technology Co., Ltd.  - H Shares",HKEX_DI_STOCK_CODE_CONFIRMED
HKEX-ISSUER:906034fc535ec96b,Prudential plc,CORPORATE,CONFIRMED,HKEX:02378,1,HKEX:02378,Prudential plc,HKEX_DI_STOCK_CODE_CONFIRMED
HKEX-ISSUER:90719cf1d7a191a5,"Dajin Heavy Industry Co., Ltd.",CORPORATE,CONFIRMED,HKEX:01081,1,HKEX:01081,"Dajin Heavy Industry Co., Ltd.  - H Shares",HKEX_DI_STOCK_CODE_CONFIRMED
HKEX-ISSUER:91c5314d290b939d,Shenzhen Dobot Corp Ltd,CORPORATE,CONFIRMED,HKEX:02432,1,HKEX:02432,Shenzhen Dobot Corp Ltd  - H Shares,HKEX_DI_STOCK_CODE_CONFIRMED
HKEX-ISSUER:920343c4dfb898a1,HKBN Ltd.,CORPORATE,CONFIRMED,HKEX:01310,1,HKEX:01310,HKBN Ltd.,HKEX_DI_STOCK_CODE_CONFIRMED
HKEX-ISSUER:92781a684c3dbcf7,Kingsoft Cloud Holdings Ltd.,CORPORATE,CONFIRMED,HKEX:03896,1,HKEX:03896,Kingsoft Cloud Holdings Ltd.,HKEX_DI_STOCK_CODE_CONFIRMED
HKEX-ISSUER:928eeea5156a1b9f,"Asymchem Laboratories (Tianjin) Co., Ltd.",CORPORATE,CONFIRMED,HKEX:06821,1,HKEX:06821,"Asymchem Laboratories (Tianjin) Co., Ltd.  - H Shares",HKEX_DI_STOCK_CODE_CONFIRMED
HKEX-ISSUER:92c86d8a381d16c0,Sichuan Expressway Co. Ltd.,CORPORATE,CONFIRMED,HKEX:00107,1,HKEX:00107,Sichuan Expressway Co. Ltd.  - H Shares,HKEX_DI_STOCK_CODE_CONFIRMED
HKEX-ISSUER:9361580035a7f657,ZJLD Group Inc,CORPORATE,CONFIRMED,HKEX:06979,1,HKEX:06979,ZJLD Group Inc,HKEX_DI_STOCK_CODE_CONFIRMED
HKEX-ISSUER:9452b2c283e42b2a,Pacific Basin Shipping Ltd.,CORPORATE,CONFIRMED,HKEX:02343,1,HKEX:02343,Pacific Basin Shipping Ltd.,HKEX_DI_STOCK_CODE_CONFIRMED
HKEX-ISSUER:962f97021223307f,China Traditional Chinese Medicine Holdings Co. Ltd.,CORPORATE,CONFIRMED,HKEX:00570,1,HKEX:00570,China Traditional Chinese Medicine Holdings Co. Ltd.,HKEX_DI_STOCK_CODE_CONFIRMED
HKEX-ISSUER:96a458826be77c46,Deep Source Holdings Ltd.,CORPORATE,CONFIRMED,HKEX:00990,1,HKEX:00990,Deep Source Holdings Ltd.,HKEX_DI_STOCK_CODE_CONFIRMED
HKEX-ISSUER:96cc4965ea163a66,AIA Group Ltd.,CORPORATE,CONFIRMED,HKEX:01299,1,HKEX:01299,AIA Group Ltd.,HKEX_DI_STOCK_CODE_CONFIRMED
HKEX-ISSUER:96e9013ef232cb4a,Dalipal Holdings Ltd.,CORPORATE,CONFIRMED,HKEX:01921,1,HKEX:01921,Dalipal Holdings Ltd.,HKEX_DI_STOCK_CODE_CONFIRMED
HKEX-ISSUER:970ad2c0613ca55a,WEILONG Delicious Global Holdings Ltd.,CORPORATE,CONFIRMED,HKEX:09985,1,HKEX:09985,WEILONG Delicious Global Holdings Ltd.,HKEX_DI_STOCK_CODE_CONFIRMED
HKEX-ISSUER:9711946b47b249e7,Zai Lab Ltd.,CORPORATE,CONFIRMED,HKEX:09688,1,HKEX:09688,Zai Lab Ltd.,HKEX_DI_STOCK_CODE_CONFIRMED
HKEX-ISSUER:975fb01c4b2d6f4e,Tiangong International Co. Ltd.,CORPORATE,CONFIRMED,HKEX:00826,1,HKEX:00826,Tiangong International Co. Ltd.,HKEX_DI_STOCK_CODE_CONFIRMED
HKEX-ISSUER:97d5e94111fcf163,Chuangxin Industries Holdings Ltd.,CORPORATE,CONFIRMED,HKEX:02788,1,HKEX:02788,Chuangxin Industries Holdings Ltd.,HKEX_DI_STOCK_CODE_CONFIRMED
HKEX-ISSUER:9808c8ad2245e8ce,China CITIC Bank Corporation Ltd.,CORPORATE,CONFIRMED,HKEX:00998,1,HKEX:00998,China CITIC Bank Corporation Ltd.  - H Shares,HKEX_DI_STOCK_CODE_CONFIRMED
HKEX-ISSUER:9831389c94c5b42b,Tencent Holdings Ltd.,CORPORATE,CONFIRMED,HKEX:00700,1,HKEX:00700,Tencent Holdings Ltd.,HKEX_DI_STOCK_CODE_CONFIRMED
HKEX-ISSUER:98b5ef2254a0a65b,Henderson Land Development Co. Ltd.,CORPORATE,CONFIRMED,HKEX:00012,1,HKEX:00012,Henderson Land Development Co. Ltd.,HKEX_DI_STOCK_CODE_CONFIRMED
HKEX-ISSUER:98d320f9ccef2788,"Innovent Biologics, Inc.",CORPORATE,CONFIRMED,HKEX:01801,1,HKEX:01801,"Innovent Biologics, Inc.",HKEX_DI_STOCK_CODE_CONFIRMED
HKEX-ISSUER:99728e3533234101,Mininglamp Technology,CORPORATE,CONFIRMED,HKEX:02718,1,HKEX:02718,Mininglamp Technology - W,HKEX_DI_STOCK_CODE_CONFIRMED
HKEX-ISSUER:99a8e96ff5bde946,China Lesso Group Holdings Ltd.,CORPORATE,CONFIRMED,HKEX:02128,1,HKEX:02128,China Lesso Group Holdings Ltd.,HKEX_DI_STOCK_CODE_CONFIRMED
HKEX-ISSUER:99ad77cc3c1594ba,"Xuanzhu Biopharmaceutical Co., Ltd.",CORPORATE,CONFIRMED,HKEX:02575,1,HKEX:02575,"Xuanzhu Biopharmaceutical Co., Ltd. - B  - H Shares",HKEX_DI_STOCK_CODE_CONFIRMED
HKEX-ISSUER:9a43d4bd78201bf2,China Merchants Port Holdings Co. Ltd.,CORPORATE,CONFIRMED,HKEX:00144,1,HKEX:00144,China Merchants Port Holdings Co. Ltd.,HKEX_DI_STOCK_CODE_CONFIRMED
HKEX-ISSUER:9b2df45225097e60,PCCW Ltd.,CORPORATE,CONFIRMED,HKEX:00008,1,HKEX:00008,PCCW Ltd.,HKEX_DI_STOCK_CODE_CONFIRMED
HKEX-ISSUER:9b5cdcfce06f509d,Vitasoy International Holdings Ltd.,CORPORATE,CONFIRMED,HKEX:00345,1,HKEX:00345,Vitasoy International Holdings Ltd.,HKEX_DI_STOCK_CODE_CONFIRMED
HKEX-ISSUER:9bb2c545ccba6abd,"GF Securities Co., Ltd.",CORPORATE,CONFIRMED,HKEX:01776,1,HKEX:01776,"GF Securities Co., Ltd.  - H Shares",HKEX_DI_STOCK_CODE_CONFIRMED
HKEX-ISSUER:9c98f41ab97e1a47,Everest Medicines Ltd.,CORPORATE,CONFIRMED,HKEX:01952,1,HKEX:01952,Everest Medicines Ltd.,HKEX_DI_STOCK_CODE_CONFIRMED
HKEX-ISSUER:9d2c35c8540f904e,"Guoquan Food (Shanghai) Co., Ltd.",CORPORATE,CONFIRMED,HKEX:02517,1,HKEX:02517,"Guoquan Food (Shanghai) Co., Ltd.  - H Shares",HKEX_DI_STOCK_CODE_CONFIRMED
HKEX-ISSUER:9dec6b9cbda1bf60,Chervon Holdings Ltd.,CORPORATE,CONFIRMED,HKEX:02285,1,HKEX:02285,Chervon Holdings Ltd.,HKEX_DI_STOCK_CODE_CONFIRMED
HKEX-ISSUER:9e237cfb7e84d516,"Auntea Jenny (Shanghai) Industrial Co., Ltd.",CORPORATE,CONFIRMED,HKEX:02589,1,HKEX:02589,"Auntea Jenny (Shanghai) Industrial Co., Ltd.  - H Shares",HKEX_DI_STOCK_CODE_CONFIRMED
HKEX-ISSUER:9e9749edfedad7bf,Tianneng Power International Ltd.,CORPORATE,CONFIRMED,HKEX:00819,1,HKEX:00819,Tianneng Power International Ltd.,HKEX_DI_STOCK_CODE_CONFIRMED
HKEX-ISSUER:9ecf889104441c6a,"Zijin Mining Group Co., Ltd.",CORPORATE,CONFIRMED,HKEX:02899,1,HKEX:02899,"Zijin Mining Group Co., Ltd.  - H Shares",HKEX_DI_STOCK_CODE_CONFIRMED
HKEX-ISSUER:9f37a3679eef6d58,Maanshan Iron & Steel Co. Ltd.,CORPORATE,CONFIRMED,HKEX:00323,1,HKEX:00323,Maanshan Iron & Steel Co. Ltd.  - H Shares,HKEX_DI_STOCK_CODE_CONFIRMED
HKEX-ISSUER:9f9b4e211620b688,NagaCorp Ltd.,CORPORATE,CONFIRMED,HKEX:03918,1,HKEX:03918,NagaCorp Ltd.,HKEX_DI_STOCK_CODE_CONFIRMED
HKEX-ISSUER:9facf387a53e2963,Metallurgical Corporation of China Ltd.,CORPORATE,CONFIRMED,HKEX:01618,1,HKEX:01618,Metallurgical Corporation of China Ltd.  - H Shares,HKEX_DI_STOCK_CODE_CONFIRMED
HKEX-ISSUER:9fcf82791077e7ed,Nanjing Panda Electronics Co. Ltd.,CORPORATE,CONFIRMED,HKEX:00553,1,HKEX:00553,Nanjing Panda Electronics Co. Ltd.  - H Shares,HKEX_DI_STOCK_CODE_CONFIRMED
HKEX-ISSUER:a014088749ebd65c,"Zhuzhou CRRC Times Electric Co., Ltd.",CORPORATE,CONFIRMED,HKEX:03898,1,HKEX:03898,"Zhuzhou CRRC Times Electric Co., Ltd.  - H Shares",HKEX_DI_STOCK_CODE_CONFIRMED
HKEX-ISSUER:a06052f2a6c2eae1,Vobile Group Ltd.,CORPORATE,CONFIRMED,HKEX:03738,1,HKEX:03738,Vobile Group Ltd.,HKEX_DI_STOCK_CODE_CONFIRMED
HKEX-ISSUER:a152e44b20285944,HSBC Holdings plc,CORPORATE,CONFIRMED,HKEX:00005,1,HKEX:00005,HSBC Holdings plc,HKEX_DI_STOCK_CODE_CONFIRMED
HKEX-ISSUER:a177395cc371ce22,Alibaba Group Holding Ltd.,CORPORATE,CONFIRMED,HKEX:09988,1,HKEX:09988,Alibaba Group Holding Ltd. - W,HKEX_DI_STOCK_CODE_CONFIRMED
HKEX-ISSUER:a1857bcdd347ec24,China Mengniu Dairy Co. Ltd.,CORPORATE,CONFIRMED,HKEX:02319,1,HKEX:02319,China Mengniu Dairy Co. Ltd.,HKEX_DI_STOCK_CODE_CONFIRMED
HKEX-ISSUER:a211431de1d18e35,Sinopec Kantons Holdings Ltd.,CORPORATE,CONFIRMED,HKEX:00934,1,HKEX:00934,Sinopec Kantons Holdings Ltd.,HKEX_DI_STOCK_CODE_CONFIRMED
HKEX-ISSUER:a25242e88015046b,"Goldwind Science & Technology Co., Ltd.",CORPORATE,CONFIRMED,HKEX:02208,1,HKEX:02208,"Goldwind Science & Technology Co., Ltd.  - H Shares",HKEX_DI_STOCK_CODE_CONFIRMED
HKEX-ISSUER:a2731b80972dd8c6,China Tower Corporation Ltd.,CORPORATE,CONFIRMED,HKEX:00788,1,HKEX:00788,China Tower Corporation Ltd.  - H Shares,HKEX_DI_STOCK_CODE_CONFIRMED
HKEX-ISSUER:a369791bb373c240,Chifeng Jilong Gold Mining Group Ltd.,CORPORATE,CONFIRMED,HKEX:06693,1,HKEX:06693,Chifeng Jilong Gold Mining Group Ltd.  - H Shares,HKEX_DI_STOCK_CODE_CONFIRMED
HKEX-ISSUER:a3ce9fa2998c67b9,China Resources Power Holdings Co. Ltd.,CORPORATE,CONFIRMED,HKEX:00836,1,HKEX:00836,China Resources Power Holdings Co. Ltd.,HKEX_DI_STOCK_CODE_CONFIRMED
HKEX-ISSUER:a4258ed644fa68c3,DPC Dash Ltd,CORPORATE,CONFIRMED,HKEX:01405,1,HKEX:01405,DPC Dash Ltd,HKEX_DI_STOCK_CODE_CONFIRMED
HKEX-ISSUER:a4ffba97f901389b,"Nanjing Leads Biolabs Co., Ltd.",CORPORATE,CONFIRMED,HKEX:09887,1,HKEX:09887,"Nanjing Leads Biolabs Co., Ltd. - B  - H Shares",HKEX_DI_STOCK_CODE_CONFIRMED
HKEX-ISSUER:a525ab8282a0d79e,Sunshine Insurance Group Co. Ltd.,CORPORATE,CONFIRMED,HKEX:06963,1,HKEX:06963,Sunshine Insurance Group Co. Ltd.  - H Shares,HKEX_DI_STOCK_CODE_CONFIRMED
HKEX-ISSUER:a5d46316152d481e,Agricultural Bank of China Ltd.,CORPORATE,CONFIRMED,HKEX:01288,1,HKEX:01288,Agricultural Bank of China Ltd.  - H Shares,HKEX_DI_STOCK_CODE_CONFIRMED
HKEX-ISSUER:a623fdfae00ef65b,China Mobile Ltd.,CORPORATE,CONFIRMED,HKEX:00941,1,HKEX:00941,China Mobile Ltd.,HKEX_DI_STOCK_CODE_CONFIRMED
HKEX-ISSUER:a789a677f7ffca7d,MMG Ltd.,CORPORATE,CONFIRMED,HKEX:01208,1,HKEX:01208,MMG Ltd.,HKEX_DI_STOCK_CODE_CONFIRMED
HKEX-ISSUER:a819862dac12118b,China Tobacco International (HK) Co. Ltd.,CORPORATE,CONFIRMED,HKEX:06055,1,HKEX:06055,China Tobacco International (HK) Co. Ltd.,HKEX_DI_STOCK_CODE_CONFIRMED
HKEX-ISSUER:a898db67db489d95,COSCO SHIPPING Ports Ltd.,CORPORATE,CONFIRMED,HKEX:01199,1,HKEX:01199,COSCO SHIPPING Ports Ltd.,HKEX_DI_STOCK_CODE_CONFIRMED
HKEX-ISSUER:a8e312349aed60bd,"Mao Geping Cosmetics Co., Ltd.",CORPORATE,CONFIRMED,HKEX:01318,1,HKEX:01318,"Mao Geping Cosmetics Co., Ltd.  - H Shares",HKEX_DI_STOCK_CODE_CONFIRMED
HKEX-ISSUER:a9acbc71a63b5da1,"China Zheshang Bank Co., Ltd.",CORPORATE,CONFIRMED,HKEX:02016,1,HKEX:02016,"China Zheshang Bank Co., Ltd.  - H Shares",HKEX_DI_STOCK_CODE_CONFIRMED
HKEX-ISSUER:a9c6c230cb244dc1,Shanghai Fudan-Zhangjiang Bio-Pharmaceutical Co. Ltd. s,CORPORATE,CONFIRMED,HKEX:01349,1,HKEX:01349,Shanghai Fudan-Zhangjiang Bio-Pharmaceutical Co. Ltd. s - H Shares,HKEX_DI_STOCK_CODE_CONFIRMED
HKEX-ISSUER:a9d0f4c07b19d208,CRRC Corporation Ltd.,CORPORATE,CONFIRMED,HKEX:01766,1,HKEX:01766,CRRC Corporation Ltd.  - H Shares,HKEX_DI_STOCK_CODE_CONFIRMED
HKEX-ISSUER:aa2a9bd680b3e431,"CIG SHANGHAI CO., LTD.",CORPORATE,CONFIRMED,HKEX:06166,1,HKEX:06166,"CIG SHANGHAI CO., LTD.  - H Shares",HKEX_DI_STOCK_CODE_CONFIRMED
HKEX-ISSUER:aa66df37aeaa9fdd,"Medlive Technology Co., Ltd.",CORPORATE,CONFIRMED,HKEX:02192,1,HKEX:02192,"Medlive Technology Co., Ltd.",HKEX_DI_STOCK_CODE_CONFIRMED
HKEX-ISSUER:aa7d6d495450c204,SenseTime Group Inc.,CORPORATE,CONFIRMED,HKEX:00020,1,HKEX:00020,SenseTime Group Inc. - W,HKEX_DI_STOCK_CODE_CONFIRMED
HKEX-ISSUER:aa954b4be9e5b1d6,"Befar Group Co., Ltd",CORPORATE,CONFIRMED,HKEX:06745,1,HKEX:06745,"Befar Group Co., Ltd  - H Shares",HKEX_DI_STOCK_CODE_CONFIRMED
HKEX-ISSUER:ab2978ce39608ddf,"Yum China Holdings, Inc.",CORPORATE,CONFIRMED,HKEX:09987,1,HKEX:09987,"Yum China Holdings, Inc.",HKEX_DI_STOCK_CODE_CONFIRMED
HKEX-ISSUER:ab419773dd084744,Semiconductor Manufacturing International Corporation,CORPORATE,CONFIRMED,HKEX:00981,1,HKEX:00981,Semiconductor Manufacturing International Corporation,HKEX_DI_STOCK_CODE_CONFIRMED
HKEX-ISSUER:ab9ef72cc9ecfd99,Swire Pacific Ltd.,CORPORATE,CONFIRMED,HKEX:00019,2,HKEX:00019|HKEX:00087,Swire Pacific Ltd. 'A'|Swire Pacific Ltd. 'B',HKEX_DI_STOCK_CODE_CONFIRMED
HKEX-ISSUER:abd4984f4bafde6e,Chinasoft International Ltd.,CORPORATE,CONFIRMED,HKEX:00354,1,HKEX:00354,Chinasoft International Ltd.,HKEX_DI_STOCK_CODE_CONFIRMED
HKEX-ISSUER:acbc71a1f887e556,Samsonite Group S.A.,CORPORATE,CONFIRMED,HKEX:01910,1,HKEX:01910,Samsonite Group S.A.,HKEX_DI_STOCK_CODE_CONFIRMED
HKEX-ISSUER:ad53eb5d0c72d4ac,Shanghai Electric Group Co. Ltd.,CORPORATE,CONFIRMED,HKEX:02727,1,HKEX:02727,Shanghai Electric Group Co. Ltd.  - H Shares,HKEX_DI_STOCK_CODE_CONFIRMED
HKEX-ISSUER:ad5a514fa614d6df,MTR Corporation Ltd.,CORPORATE,CONFIRMED,HKEX:00066,1,HKEX:00066,MTR Corporation Ltd.,HKEX_DI_STOCK_CODE_CONFIRMED
HKEX-ISSUER:ada29d49b40b3edd,Anhui Expressway Co. Ltd.,CORPORATE,CONFIRMED,HKEX:00995,1,HKEX:00995,Anhui Expressway Co. Ltd.  - H Shares,HKEX_DI_STOCK_CODE_CONFIRMED
HKEX-ISSUER:afa1029afc983ea7,"Bank of Communications Co., Ltd.",CORPORATE,CONFIRMED,HKEX:03328,1,HKEX:03328,"Bank of Communications Co., Ltd.  - H Shares",HKEX_DI_STOCK_CODE_CONFIRMED
HKEX-ISSUER:aff8bbccb3d8cee0,Legend Holdings Corporation,CORPORATE,CONFIRMED,HKEX:03396,1,HKEX:03396,Legend Holdings Corporation  - H Shares,HKEX_DI_STOCK_CODE_CONFIRMED
HKEX-ISSUER:b038d95cd93e2c97,China Literature Ltd.,CORPORATE,CONFIRMED,HKEX:00772,1,HKEX:00772,China Literature Ltd.,HKEX_DI_STOCK_CODE_CONFIRMED
HKEX-ISSUER:b0900b1d7d9ecf75,CARsgen Therapeutics Holdings Ltd.,CORPORATE,CONFIRMED,HKEX:02171,1,HKEX:02171,CARsgen Therapeutics Holdings Ltd. - B,HKEX_DI_STOCK_CODE_CONFIRMED
HKEX-ISSUER:b0b3cb94f10e3cc8,Seazen Group Ltd.,CORPORATE,CONFIRMED,HKEX:01030,1,HKEX:01030,Seazen Group Ltd.,HKEX_DI_STOCK_CODE_CONFIRMED
HKEX-ISSUER:b0b5750dc9d4bbc2,Kunlun Energy Co. Ltd.,CORPORATE,CONFIRMED,HKEX:00135,1,HKEX:00135,Kunlun Energy Co. Ltd.,HKEX_DI_STOCK_CODE_CONFIRMED
HKEX-ISSUER:b148bbebe399a902,"China Cinda Asset Management Co., Ltd.",CORPORATE,CONFIRMED,HKEX:01359,1,HKEX:01359,"China Cinda Asset Management Co., Ltd.  - H Shares",HKEX_DI_STOCK_CODE_CONFIRMED
HKEX-ISSUER:b1689a5f39632e33,XPeng Inc.,CORPORATE,CONFIRMED,HKEX:09868,1,HKEX:09868,XPeng Inc. - W,HKEX_DI_STOCK_CODE_CONFIRMED
HKEX-ISSUER:b1a286983e511309,Alibaba Health Information Technology Ltd.,CORPORATE,CONFIRMED,HKEX:00241,1,HKEX:00241,Alibaba Health Information Technology Ltd.,HKEX_DI_STOCK_CODE_CONFIRMED
HKEX-ISSUER:b1e8946fe4f175e6,"Guoxia Technology Co., Ltd.",CORPORATE,CONFIRMED,HKEX:02655,1,HKEX:02655,"Guoxia Technology Co., Ltd.  - H Shares",HKEX_DI_STOCK_CODE_CONFIRMED
HKEX-ISSUER:b23c3f919498cb98,BeOne Medicines Ltd.,CORPORATE,CONFIRMED,HKEX:06160,1,HKEX:06160,BeOne Medicines Ltd.,HKEX_DI_STOCK_CODE_CONFIRMED
HKEX-ISSUER:b2e868932a45e8fa,"Lens Technology Co., Ltd.",CORPORATE,CONFIRMED,HKEX:06613,1,HKEX:06613,"Lens Technology Co., Ltd.  - H Shares",HKEX_DI_STOCK_CODE_CONFIRMED
HKEX-ISSUER:b3a73a966b9c2e48,China Youran Dairy Group Ltd.,CORPORATE,CONFIRMED,HKEX:09858,1,HKEX:09858,China Youran Dairy Group Ltd.,HKEX_DI_STOCK_CODE_CONFIRMED
HKEX-ISSUER:b3c974229789f87a,"Guangzhou Automobile Group Co., Ltd.",CORPORATE,CONFIRMED,HKEX:02238,1,HKEX:02238,"Guangzhou Automobile Group Co., Ltd.  - H Shares",HKEX_DI_STOCK_CODE_CONFIRMED
HKEX-ISSUER:b3dbb6926dccf154,Shoucheng Holdings Ltd.,CORPORATE,CONFIRMED,HKEX:00697,1,HKEX:00697,Shoucheng Holdings Ltd.,HKEX_DI_STOCK_CODE_CONFIRMED
HKEX-ISSUER:b49885d08b2ad32f,"Flat Glass Group Co., Ltd.",CORPORATE,CONFIRMED,HKEX:06865,1,HKEX:06865,"Flat Glass Group Co., Ltd.  - H Shares",HKEX_DI_STOCK_CODE_CONFIRMED
HKEX-ISSUER:b4e138fde5b0c120,"China Int'l Marine Containers (Group) Co., Ltd.",CORPORATE,CONFIRMED,HKEX:02039,1,HKEX:02039,"China Int'l Marine Containers (Group) Co., Ltd.  - H Shares",HKEX_DI_STOCK_CODE_CONFIRMED
HKEX-ISSUER:b56e211b2a77b3bb,"Midea Group Co., Ltd.",CORPORATE,CONFIRMED,HKEX:00300,1,HKEX:00300,"Midea Group Co., Ltd.  - H Shares",HKEX_DI_STOCK_CODE_CONFIRMED
HKEX-ISSUER:b5c62ae17eaaa581,China Eastern Airlines Corporation Ltd.,CORPORATE,CONFIRMED,HKEX:00670,1,HKEX:00670,China Eastern Airlines Corporation Ltd.  - H Shares,HKEX_DI_STOCK_CODE_CONFIRMED
HKEX-ISSUER:b623435c9915000b,Hansoh Pharmaceutical Group Co. Ltd.,CORPORATE,CONFIRMED,HKEX:03692,1,HKEX:03692,Hansoh Pharmaceutical Group Co. Ltd.,HKEX_DI_STOCK_CODE_CONFIRMED
HKEX-ISSUER:b64971f273b8ad73,"Poly Property Services Co., Ltd.",CORPORATE,CONFIRMED,HKEX:06049,1,HKEX:06049,"Poly Property Services Co., Ltd.  - H Shares",HKEX_DI_STOCK_CODE_CONFIRMED
HKEX-ISSUER:b723afb9d67e4163,"Shenzhen Zhaowei Machinery & Electronics Co., Ltd.",CORPORATE,CONFIRMED,HKEX:02692,1,HKEX:02692,"Shenzhen Zhaowei Machinery & Electronics Co., Ltd.  - H Shares",HKEX_DI_STOCK_CODE_CONFIRMED
HKEX-ISSUER:b7a59938b4c3d6e4,China Shineway Pharmaceutical Group Ltd.,CORPORATE,CONFIRMED,HKEX:02877,1,HKEX:02877,China Shineway Pharmaceutical Group Ltd.,HKEX_DI_STOCK_CODE_CONFIRMED
HKEX-ISSUER:b80dc38120707537,Dekon Food and Agriculture Group,CORPORATE,CONFIRMED,HKEX:02419,1,HKEX:02419,Dekon Food and Agriculture Group  - H Shares,HKEX_DI_STOCK_CODE_CONFIRMED
HKEX-ISSUER:b836647de9ec1693,Simcere Pharmaceutical Group Ltd.,CORPORATE,CONFIRMED,HKEX:02096,1,HKEX:02096,Simcere Pharmaceutical Group Ltd.,HKEX_DI_STOCK_CODE_CONFIRMED
HKEX-ISSUER:b8ae5f4a09994568,NetEase Cloud Music Inc.,CORPORATE,CONFIRMED,HKEX:09899,1,HKEX:09899,NetEase Cloud Music Inc.,HKEX_DI_STOCK_CODE_CONFIRMED
HKEX-ISSUER:b8c5cf34b374bdda,"Laopu Gold Co., Ltd.",CORPORATE,CONFIRMED,HKEX:06181,1,HKEX:06181,"Laopu Gold Co., Ltd.  - H Shares",HKEX_DI_STOCK_CODE_CONFIRMED
HKEX-ISSUER:ba03855366cdcad4,Dmall Inc.,CORPORATE,CONFIRMED,HKEX:02586,1,HKEX:02586,Dmall Inc.,HKEX_DI_STOCK_CODE_CONFIRMED
HKEX-ISSUER:ba72d1bc2ecfd6b7,XD Inc.,CORPORATE,CONFIRMED,HKEX:02400,1,HKEX:02400,XD Inc.,HKEX_DI_STOCK_CODE_CONFIRMED
HKEX-ISSUER:ba7fcb4352969703,Anhui Conch Cement Co. Ltd.,CORPORATE,CONFIRMED,HKEX:00914,1,HKEX:00914,Anhui Conch Cement Co. Ltd.  - H Shares,HKEX_DI_STOCK_CODE_CONFIRMED
HKEX-ISSUER:babadf31bc5f5806,China National Building Material Co. Ltd.,CORPORATE,CONFIRMED,HKEX:03323,1,HKEX:03323,China National Building Material Co. Ltd.  - H Shares,HKEX_DI_STOCK_CODE_CONFIRMED
HKEX-ISSUER:bb167070c010564e,Shenzhen International Holdings Ltd.,CORPORATE,CONFIRMED,HKEX:00152,1,HKEX:00152,Shenzhen International Holdings Ltd.,HKEX_DI_STOCK_CODE_CONFIRMED
HKEX-ISSUER:bb7d6d66b3ba56ba,"Montage Technology Co., Ltd.",CORPORATE,CONFIRMED,HKEX:06809,1,HKEX:06809,"Montage Technology Co., Ltd.  - H Shares",HKEX_DI_STOCK_CODE_CONFIRMED
HKEX-ISSUER:bbb920d3b7a9869f,China Resources Gas Group Ltd.,CORPORATE,CONFIRMED,HKEX:01193,1,HKEX:01193,China Resources Gas Group Ltd.,HKEX_DI_STOCK_CODE_CONFIRMED
HKEX-ISSUER:bbd977f1e7e3ee29,"Zhejiang Sanhua Intelligent Controls Co., Ltd.",CORPORATE,CONFIRMED,HKEX:02050,1,HKEX:02050,"Zhejiang Sanhua Intelligent Controls Co., Ltd.  - H Shares",HKEX_DI_STOCK_CODE_CONFIRMED
HKEX-ISSUER:bc05e8e11494a199,Hong Kong Exchanges and Clearing Ltd.,CORPORATE,CONFIRMED,HKEX:00388,1,HKEX:00388,Hong Kong Exchanges and Clearing Ltd.,HKEX_DI_STOCK_CODE_CONFIRMED
HKEX-ISSUER:bc6c34d7b3d04980,"Eastroc Beverage (Group) Co., Ltd.",CORPORATE,CONFIRMED,HKEX:09980,1,HKEX:09980,"Eastroc Beverage (Group) Co., Ltd.  - H Shares",HKEX_DI_STOCK_CODE_CONFIRMED
HKEX-ISSUER:bd0cab2981a115fe,"Zhejiang Leapmotor Technology Co., Ltd.",CORPORATE,CONFIRMED,HKEX:09863,1,HKEX:09863,"Zhejiang Leapmotor Technology Co., Ltd.  - H Shares",HKEX_DI_STOCK_CODE_CONFIRMED
HKEX-ISSUER:bd0d2e9120188af6,Qunabox Group Ltd.,CORPORATE,CONFIRMED,HKEX:00917,1,HKEX:00917,Qunabox Group Ltd.,HKEX_DI_STOCK_CODE_CONFIRMED
HKEX-ISSUER:bd67441a75d26b61,KLN Logistics Group Ltd.,CORPORATE,CONFIRMED,HKEX:00636,1,HKEX:00636,KLN Logistics Group Ltd.,HKEX_DI_STOCK_CODE_CONFIRMED
HKEX-ISSUER:be2081e2070cd099,"China Merchants Bank Co., Ltd.",CORPORATE,CONFIRMED,HKEX:03968,1,HKEX:03968,"China Merchants Bank Co., Ltd.  - H Shares",HKEX_DI_STOCK_CODE_CONFIRMED
HKEX-ISSUER:bf7c3eb95c885e91,"CGN New Energy Holdings Co., Ltd.",CORPORATE,CONFIRMED,HKEX:01811,1,HKEX:01811,"CGN New Energy Holdings Co., Ltd.",HKEX_DI_STOCK_CODE_CONFIRMED
HKEX-ISSUER:bfa1752bc8c3fc80,Huishang Bank Corporation Ltd.,CORPORATE,CONFIRMED,HKEX:03698,1,HKEX:03698,Huishang Bank Corporation Ltd.  - H Shares,HKEX_DI_STOCK_CODE_CONFIRMED
HKEX-ISSUER:c03a432fdefb5335,Q Technology (Group) Co. Ltd.,CORPORATE,CONFIRMED,HKEX:01478,1,HKEX:01478,Q Technology (Group) Co. Ltd.,HKEX_DI_STOCK_CODE_CONFIRMED
HKEX-ISSUER:c09ceb2a58f21798,CITIC Telecom International Holdings Ltd.,CORPORATE,CONFIRMED,HKEX:01883,1,HKEX:01883,CITIC Telecom International Holdings Ltd.,HKEX_DI_STOCK_CODE_CONFIRMED
HKEX-ISSUER:c10724cf46cc7ea6,InSilico Medicine Cayman TopCo,CORPORATE,CONFIRMED,HKEX:03696,1,HKEX:03696,InSilico Medicine Cayman TopCo,HKEX_DI_STOCK_CODE_CONFIRMED
HKEX-ISSUER:c10ccfd77ca329ef,Lenovo Group Ltd.,CORPORATE,CONFIRMED,HKEX:00992,1,HKEX:00992,Lenovo Group Ltd.,HKEX_DI_STOCK_CODE_CONFIRMED
HKEX-ISSUER:c2129333f5287071,China Longyuan Power Group Corporation Ltd.,CORPORATE,CONFIRMED,HKEX:00916,1,HKEX:00916,China Longyuan Power Group Corporation Ltd.  - H Shares,HKEX_DI_STOCK_CODE_CONFIRMED
HKEX-ISSUER:c259595db2fd8254,Envision Greenwise Holdings Ltd.,CORPORATE,CONFIRMED,HKEX:01783,1,HKEX:01783,Envision Greenwise Holdings Ltd.,HKEX_DI_STOCK_CODE_CONFIRMED
HKEX-ISSUER:c26bdaea94fd2cc7,Guolian Minsheng Securities Co. Ltd.,CORPORATE,CONFIRMED,HKEX:01456,1,HKEX:01456,Guolian Minsheng Securities Co. Ltd.  - H Shares,HKEX_DI_STOCK_CODE_CONFIRMED
HKEX-ISSUER:c337061b38a31f57,J&T Global Express Ltd.,CORPORATE,CONFIRMED,HKEX:01519,1,HKEX:01519,J&T Global Express Ltd. - W,HKEX_DI_STOCK_CODE_CONFIRMED
HKEX-ISSUER:c3a6d535a8acb7d6,"Guangzhou Innogen Pharmaceutical Group Co., Ltd.",CORPORATE,CONFIRMED,HKEX:02591,1,HKEX:02591,"Guangzhou Innogen Pharmaceutical Group Co., Ltd. - B  - H Shares",HKEX_DI_STOCK_CODE_CONFIRMED
HKEX-ISSUER:c3b4c391b0bb1a7c,XXF Group Holdings Ltd.,CORPORATE,CONFIRMED,HKEX:02473,1,HKEX:02473,XXF Group Holdings Ltd.,HKEX_DI_STOCK_CODE_CONFIRMED
HKEX-ISSUER:c3b4c772e378ee67,China Everbright Bank Co. Ltd.,CORPORATE,CONFIRMED,HKEX:06818,1,HKEX:06818,China Everbright Bank Co. Ltd.  - H Shares,HKEX_DI_STOCK_CODE_CONFIRMED
HKEX-ISSUER:c3da3360e1f9f420,"Huaneng Power International, Inc.",CORPORATE,CONFIRMED,HKEX:00902,1,HKEX:00902,"Huaneng Power International, Inc.  - H Shares",HKEX_DI_STOCK_CODE_CONFIRMED
HKEX-ISSUER:c402333077b4f2e6,BBMG Corporation,CORPORATE,CONFIRMED,HKEX:02009,1,HKEX:02009,BBMG Corporation  - H Shares,HKEX_DI_STOCK_CODE_CONFIRMED
HKEX-ISSUER:c7338f6704b9a4be,Shanghai REFIRE Group Ltd.,CORPORATE,CONFIRMED,HKEX:02570,1,HKEX:02570,Shanghai REFIRE Group Ltd.  - H Shares,HKEX_DI_STOCK_CODE_CONFIRMED
HKEX-ISSUER:c9970f30e44333a5,Tianli International Holdings Ltd.,CORPORATE,CONFIRMED,HKEX:01773,1,HKEX:01773,Tianli International Holdings Ltd.,HKEX_DI_STOCK_CODE_CONFIRMED
HKEX-ISSUER:ca2919ac5eda9efe,"Zhou Liu Fu Jewellery Co., Ltd.",CORPORATE,CONFIRMED,HKEX:06168,1,HKEX:06168,"Zhou Liu Fu Jewellery Co., Ltd.  - H Shares",HKEX_DI_STOCK_CODE_CONFIRMED
HKEX-ISSUER:ca39b7d7467d397f,Jiangsu Expressway Co. Ltd.,CORPORATE,CONFIRMED,HKEX:00177,1,HKEX:00177,Jiangsu Expressway Co. Ltd.  - H Shares,HKEX_DI_STOCK_CODE_CONFIRMED
HKEX-ISSUER:ca7e7c670282ff6d,Melco International Development Ltd.,CORPORATE,CONFIRMED,HKEX:00200,1,HKEX:00200,Melco International Development Ltd.,HKEX_DI_STOCK_CODE_CONFIRMED
HKEX-ISSUER:cacbe375d0fc63dc,"Chongqing Rural Commercial Bank Co., Ltd.",CORPORATE,CONFIRMED,HKEX:03618,1,HKEX:03618,"Chongqing Rural Commercial Bank Co., Ltd.  - H Shares",HKEX_DI_STOCK_CODE_CONFIRMED
HKEX-ISSUER:cae3cf301057b79b,"Bank of Qingdao Co., Ltd.",CORPORATE,CONFIRMED,HKEX:03866,1,HKEX:03866,"Bank of Qingdao Co., Ltd.  - H Shares",HKEX_DI_STOCK_CODE_CONFIRMED
HKEX-ISSUER:cb3cee84dcb7d9bc,SSY Group Ltd.,CORPORATE,CONFIRMED,HKEX:02005,1,HKEX:02005,SSY Group Ltd.,HKEX_DI_STOCK_CODE_CONFIRMED
HKEX-ISSUER:cb5aacfd958d46aa,China Taiping Insurance Holdings Co. Ltd.,CORPORATE,CONFIRMED,HKEX:00966,1,HKEX:00966,China Taiping Insurance Holdings Co. Ltd.,HKEX_DI_STOCK_CODE_CONFIRMED
HKEX-ISSUER:cbf9fa9dcd8c6d14,Sinofert Holdings Ltd.,CORPORATE,CONFIRMED,HKEX:00297,1,HKEX:00297,Sinofert Holdings Ltd.,HKEX_DI_STOCK_CODE_CONFIRMED
HKEX-ISSUER:ccb1acc625a59876,Sinotrans Ltd.,CORPORATE,CONFIRMED,HKEX:00598,1,HKEX:00598,Sinotrans Ltd.  - H Shares,HKEX_DI_STOCK_CODE_CONFIRMED
HKEX-ISSUER:cd3688f4771b9a42,"Shenzhen Hepalink Pharmaceutical Group Co., Ltd.",CORPORATE,CONFIRMED,HKEX:09989,1,HKEX:09989,"Shenzhen Hepalink Pharmaceutical Group Co., Ltd.  - H Shares",HKEX_DI_STOCK_CODE_CONFIRMED
HKEX-ISSUER:cdab2c771ba3e171,"Shenwan Hongyuan Group Co., Ltd.",CORPORATE,CONFIRMED,HKEX:06806,1,HKEX:06806,"Shenwan Hongyuan Group Co., Ltd.  - H Shares",HKEX_DI_STOCK_CODE_CONFIRMED
HKEX-ISSUER:cdbfb33a5ab0fe61,"Shanghai Able Digital Science&Tech Co., Ltd.",CORPORATE,CONFIRMED,HKEX:02687,1,HKEX:02687,"Shanghai Able Digital Science&Tech Co., Ltd.  - H Shares",HKEX_DI_STOCK_CODE_CONFIRMED
HKEX-ISSUER:ce33524185b6be60,SITC International Holdings Co. Ltd.,CORPORATE,CONFIRMED,HKEX:01308,1,HKEX:01308,SITC International Holdings Co. Ltd.,HKEX_DI_STOCK_CODE_CONFIRMED
HKEX-ISSUER:ce69217b0566b01c,"Shenzhen Han's CNC Technology Co., Ltd.",CORPORATE,CONFIRMED,HKEX:03200,1,HKEX:03200,"Shenzhen Han's CNC Technology Co., Ltd.  - H Shares",HKEX_DI_STOCK_CODE_CONFIRMED
HKEX-ISSUER:ceab0ba894521810,Softcare Ltd.,CORPORATE,CONFIRMED,HKEX:02698,1,HKEX:02698,Softcare Ltd.,HKEX_DI_STOCK_CODE_CONFIRMED
HKEX-ISSUER:cf089eb00eea66d2,UBTECH ROBOTICS CORP LTD,CORPORATE,CONFIRMED,HKEX:09880,1,HKEX:09880,UBTECH ROBOTICS CORP LTD  - H Shares,HKEX_DI_STOCK_CODE_CONFIRMED
HKEX-ISSUER:cf7cf73c087e09bb,"Qinhuangdao Port Co., Ltd.",CORPORATE,CONFIRMED,HKEX:03369,1,HKEX:03369,"Qinhuangdao Port Co., Ltd.  - H Shares",HKEX_DI_STOCK_CODE_CONFIRMED
HKEX-ISSUER:cfc629e8c966e496,Uni-President China Holdings Ltd.,CORPORATE,CONFIRMED,HKEX:00220,1,HKEX:00220,Uni-President China Holdings Ltd.,HKEX_DI_STOCK_CODE_CONFIRMED
HKEX-ISSUER:d083e67f13de9353,"Huaqin Co., Ltd.",CORPORATE,CONFIRMED,HKEX:03296,1,HKEX:03296,"Huaqin Co., Ltd.  - H Shares",HKEX_DI_STOCK_CODE_CONFIRMED
HKEX-ISSUER:d166691aa16b977c,China Modern Dairy Holdings Ltd.,CORPORATE,CONFIRMED,HKEX:01117,1,HKEX:01117,China Modern Dairy Holdings Ltd.,HKEX_DI_STOCK_CODE_CONFIRMED
HKEX-ISSUER:d1907fd5996dcf58,Red Star Macalline Group Corporation Ltd.,CORPORATE,CONFIRMED,HKEX:01528,1,HKEX:01528,Red Star Macalline Group Corporation Ltd.  - H Shares,HKEX_DI_STOCK_CODE_CONFIRMED
HKEX-ISSUER:d1c1606a717a86ff,"SANY Heavy Industry Co., Ltd.",CORPORATE,CONFIRMED,HKEX:06031,1,HKEX:06031,"SANY Heavy Industry Co., Ltd.  - H Shares",HKEX_DI_STOCK_CODE_CONFIRMED
HKEX-ISSUER:d3a69f8213d2419e,Kerry Properties Ltd.,CORPORATE,CONFIRMED,HKEX:00683,1,HKEX:00683,Kerry Properties Ltd.,HKEX_DI_STOCK_CODE_CONFIRMED
HKEX-ISSUER:d3e7917abaef0ff9,China Foods Ltd.,CORPORATE,CONFIRMED,HKEX:00506,1,HKEX:00506,China Foods Ltd.,HKEX_DI_STOCK_CODE_CONFIRMED
HKEX-ISSUER:d42384b337683355,Zhongsheng Group Holdings Ltd.,CORPORATE,CONFIRMED,HKEX:00881,1,HKEX:00881,Zhongsheng Group Holdings Ltd.,HKEX_DI_STOCK_CODE_CONFIRMED
HKEX-ISSUER:d4a755f1b9a81eda,"WuXi AppTec Co., Ltd.",CORPORATE,CONFIRMED,HKEX:02359,1,HKEX:02359,"WuXi AppTec Co., Ltd.  - H Shares",HKEX_DI_STOCK_CODE_CONFIRMED
HKEX-ISSUER:d4b378a8ddb9ab58,FIH Mobile Ltd.,CORPORATE,CONFIRMED,HKEX:02038,1,HKEX:02038,FIH Mobile Ltd.,HKEX_DI_STOCK_CODE_CONFIRMED
HKEX-ISSUER:d4f4272c47544144,"Shenzhen Hipine Precision Technology Co., Ltd.",CORPORATE,CONFIRMED,HKEX:02583,1,HKEX:02583,"Shenzhen Hipine Precision Technology Co., Ltd.  - H Shares",HKEX_DI_STOCK_CODE_CONFIRMED
HKEX-ISSUER:d5127afad0166d5b,"Giant Biogene Holding Co., Ltd",CORPORATE,CONFIRMED,HKEX:02367,1,HKEX:02367,"Giant Biogene Holding Co., Ltd",HKEX_DI_STOCK_CODE_CONFIRMED
HKEX-ISSUER:d55be72843d00ad4,BOC Hong Kong (Holdings) Ltd.,CORPORATE,CONFIRMED,HKEX:02388,1,HKEX:02388,BOC Hong Kong (Holdings) Ltd.,HKEX_DI_STOCK_CODE_CONFIRMED
HKEX-ISSUER:d58d0403280bedd7,"Phancy Group Co., Ltd.",CORPORATE,CONFIRMED,HKEX:06682,1,HKEX:06682,"Phancy Group Co., Ltd.  - H Shares",HKEX_DI_STOCK_CODE_CONFIRMED
HKEX-ISSUER:d5b277a67355870a,Quantgroup Holding Ltd.,CORPORATE,CONFIRMED,HKEX:02685,1,HKEX:02685,Quantgroup Holding Ltd.,HKEX_DI_STOCK_CODE_CONFIRMED
HKEX-ISSUER:d65338aaf8152da2,"JINGDONG Industrials, Inc.",CORPORATE,CONFIRMED,HKEX:07618,1,HKEX:07618,"JINGDONG Industrials, Inc.",HKEX_DI_STOCK_CODE_CONFIRMED
HKEX-ISSUER:d67d25fe149e54bd,"Shanghai Junshi Biosciences Co., Ltd.",CORPORATE,CONFIRMED,HKEX:01877,1,HKEX:01877,"Shanghai Junshi Biosciences Co., Ltd.  - H Shares",HKEX_DI_STOCK_CODE_CONFIRMED
HKEX-ISSUER:d73cb3103f2e0f0d,Sinopec Shanghai Petrochemical Co. Ltd.,CORPORATE,CONFIRMED,HKEX:00338,1,HKEX:00338,Sinopec Shanghai Petrochemical Co. Ltd.  - H Shares,HKEX_DI_STOCK_CODE_CONFIRMED
HKEX-ISSUER:d77752ec826f48a7,China Aluminum International Engineering Corp. Ltd.,CORPORATE,CONFIRMED,HKEX:02068,1,HKEX:02068,China Aluminum International Engineering Corp. Ltd. - H Shares,HKEX_DI_STOCK_CODE_CONFIRMED
HKEX-ISSUER:d85e9df3bcd0ef1c,Ping An Healthcare and Technology Co. Ltd.,CORPORATE,CONFIRMED,HKEX:01833,1,HKEX:01833,Ping An Healthcare and Technology Co. Ltd.,HKEX_DI_STOCK_CODE_CONFIRMED
HKEX-ISSUER:d8af53df8288ddae,"PegBio Co., Ltd.",CORPORATE,CONFIRMED,HKEX:02565,1,HKEX:02565,"PegBio Co., Ltd. - B  - H Shares",HKEX_DI_STOCK_CODE_CONFIRMED
HKEX-ISSUER:d8fe51617ad05967,"Fuyao Glass Industry Group Co., Ltd.",CORPORATE,CONFIRMED,HKEX:03606,1,HKEX:03606,"Fuyao Glass Industry Group Co., Ltd.  - H Shares",HKEX_DI_STOCK_CODE_CONFIRMED
HKEX-ISSUER:d9743d6ecd07950b,GoFintech Quantum Innovation Ltd.,CORPORATE,CONFIRMED,HKEX:00290,1,HKEX:00290,GoFintech Quantum Innovation Ltd.,HKEX_DI_STOCK_CODE_CONFIRMED
HKEX-ISSUER:d97f9f58c3db4af4,Haitian International Holdings Ltd.,CORPORATE,CONFIRMED,HKEX:01882,1,HKEX:01882,Haitian International Holdings Ltd.,HKEX_DI_STOCK_CODE_CONFIRMED
HKEX-ISSUER:d9887b3728661358,"Sichuan Kelun-Biotech Biopharmaceutical Co., Ltd.",CORPORATE,CONFIRMED,HKEX:06990,1,HKEX:06990,"Sichuan Kelun-Biotech Biopharmaceutical Co., Ltd.  - H Shares",HKEX_DI_STOCK_CODE_CONFIRMED
HKEX-ISSUER:d98f5adbea442579,China Southern Airlines Co. Ltd.,CORPORATE,CONFIRMED,HKEX:01055,1,HKEX:01055,China Southern Airlines Co. Ltd.  - H Shares,HKEX_DI_STOCK_CODE_CONFIRMED
HKEX-ISSUER:d9b40f0e9877e198,Nissin Foods Co. Ltd.,CORPORATE,CONFIRMED,HKEX:01475,1,HKEX:01475,Nissin Foods Co. Ltd.,HKEX_DI_STOCK_CODE_CONFIRMED
HKEX-ISSUER:d9bcefc12b7cafa8,China Hongqiao Group Ltd.,CORPORATE,CONFIRMED,HKEX:01378,1,HKEX:01378,China Hongqiao Group Ltd.,HKEX_DI_STOCK_CODE_CONFIRMED
HKEX-ISSUER:da371406e11a7750,SJM Holdings Ltd.,CORPORATE,CONFIRMED,HKEX:00880,1,HKEX:00880,SJM Holdings Ltd.,HKEX_DI_STOCK_CODE_CONFIRMED
HKEX-ISSUER:db3332d6528798d2,CK Asset Holdings Ltd.,CORPORATE,CONFIRMED,HKEX:01113,1,HKEX:01113,CK Asset Holdings Ltd.,HKEX_DI_STOCK_CODE_CONFIRMED
HKEX-ISSUER:dbb7e37a75cd7e02,"CGN Power Co., Ltd.",CORPORATE,CONFIRMED,HKEX:01816,1,HKEX:01816,"CGN Power Co., Ltd.  - H Shares",HKEX_DI_STOCK_CODE_CONFIRMED
HKEX-ISSUER:dbdd175b56045ab4,"Ping An Insurance (Group) Co. of China, Ltd.",CORPORATE,CONFIRMED,HKEX:02318,1,HKEX:02318,"Ping An Insurance (Group) Co. of China, Ltd.  - H Shares",HKEX_DI_STOCK_CODE_CONFIRMED
HKEX-ISSUER:dbdd1b2af200888a,Yantai North Andre Juice Co. Ltd.,CORPORATE,CONFIRMED,HKEX:02218,1,HKEX:02218,Yantai North Andre Juice Co. Ltd.  - H Shares,HKEX_DI_STOCK_CODE_CONFIRMED
HKEX-ISSUER:dc28ab500fb3849b,Cathay Pacific Airways Ltd.,CORPORATE,CONFIRMED,HKEX:00293,1,HKEX:00293,Cathay Pacific Airways Ltd.,HKEX_DI_STOCK_CODE_CONFIRMED
HKEX-ISSUER:dcab54ac09b5aa67,Sino Biopharmaceutical Ltd.,CORPORATE,CONFIRMED,HKEX:01177,1,HKEX:01177,Sino Biopharmaceutical Ltd.,HKEX_DI_STOCK_CODE_CONFIRMED
HKEX-ISSUER:dcccf1f9d21629fc,Grand Pharmaceutical Group Ltd.,CORPORATE,CONFIRMED,HKEX:00512,1,HKEX:00512,Grand Pharmaceutical Group Ltd.,HKEX_DI_STOCK_CODE_CONFIRMED
HKEX-ISSUER:dd32086d01b84406,Central New Energy Holding Group Ltd.,CORPORATE,CONFIRMED,HKEX:01735,1,HKEX:01735,Central New Energy Holding Group Ltd.,HKEX_DI_STOCK_CODE_CONFIRMED
HKEX-ISSUER:ddfb6aa25274b148,Maoyan Entertainment,CORPORATE,CONFIRMED,HKEX:01896,1,HKEX:01896,Maoyan Entertainment,HKEX_DI_STOCK_CODE_CONFIRMED
HKEX-ISSUER:de568f3166189e5c,China Unicom (Hong Kong) Ltd.,CORPORATE,CONFIRMED,HKEX:00762,1,HKEX:00762,China Unicom (Hong Kong) Ltd.,HKEX_DI_STOCK_CODE_CONFIRMED
HKEX-ISSUER:dec73d83070b2b39,WuXi XDC Cayman Inc.,CORPORATE,CONFIRMED,HKEX:02268,1,HKEX:02268,WuXi XDC Cayman Inc.,HKEX_DI_STOCK_CODE_CONFIRMED
HKEX-ISSUER:df15eadd4986a971,TCL Electronics Holdings Ltd.,CORPORATE,CONFIRMED,HKEX:01070,1,HKEX:01070,TCL Electronics Holdings Ltd.,HKEX_DI_STOCK_CODE_CONFIRMED
HKEX-ISSUER:df33d1b19d966334,Blue Moon Group Holdings Ltd.,CORPORATE,CONFIRMED,HKEX:06993,1,HKEX:06993,Blue Moon Group Holdings Ltd.,HKEX_DI_STOCK_CODE_CONFIRMED
HKEX-ISSUER:dff1d8774ea00238,Man Wah Holdings Ltd.,CORPORATE,CONFIRMED,HKEX:01999,1,HKEX:01999,Man Wah Holdings Ltd.,HKEX_DI_STOCK_CODE_CONFIRMED
HKEX-ISSUER:e001707894f35bc9,Guangshen Railway Co. Ltd.,CORPORATE,CONFIRMED,HKEX:00525,1,HKEX:00525,Guangshen Railway Co. Ltd.  - H Shares,HKEX_DI_STOCK_CODE_CONFIRMED
HKEX-ISSUER:e0497bd112098552,Dah Sing Financial Holdings Ltd.,CORPORATE,CONFIRMED,HKEX:00440,1,HKEX:00440,Dah Sing Financial Holdings Ltd.,HKEX_DI_STOCK_CODE_CONFIRMED
HKEX-ISSUER:e04ca552c1423794,China Suntien Green Energy Corporation Ltd.,CORPORATE,CONFIRMED,HKEX:00956,1,HKEX:00956,China Suntien Green Energy Corporation Ltd.  - H Shares,HKEX_DI_STOCK_CODE_CONFIRMED
HKEX-ISSUER:e0663111149762d6,Geely Automobile Holdings Ltd.,CORPORATE,CONFIRMED,HKEX:00175,1,HKEX:00175,Geely Automobile Holdings Ltd.,HKEX_DI_STOCK_CODE_CONFIRMED
HKEX-ISSUER:e06a6a8957565cbc,3SBio Inc.,CORPORATE,CONFIRMED,HKEX:01530,1,HKEX:01530,3SBio Inc.,HKEX_DI_STOCK_CODE_CONFIRMED
HKEX-ISSUER:e0da8aa97c45caab,Techtronic Industries Co. Ltd.,CORPORATE,CONFIRMED,HKEX:00669,1,HKEX:00669,Techtronic Industries Co. Ltd.,HKEX_DI_STOCK_CODE_CONFIRMED
HKEX-ISSUER:e0e4f93981ced164,Want Want China Holdings Ltd.,CORPORATE,CONFIRMED,HKEX:00151,1,HKEX:00151,Want Want China Holdings Ltd.,HKEX_DI_STOCK_CODE_CONFIRMED
HKEX-ISSUER:e0eb84dc496f1cee,Sunny Optical Technology (Group) Co. Ltd.,CORPORATE,CONFIRMED,HKEX:02382,1,HKEX:02382,Sunny Optical Technology (Group) Co. Ltd.,HKEX_DI_STOCK_CODE_CONFIRMED
HKEX-ISSUER:e10e9beea723eda9,"Hisense Home Appliances Group Co., Ltd.",CORPORATE,CONFIRMED,HKEX:00921,1,HKEX:00921,"Hisense Home Appliances Group Co., Ltd.  - H Shares",HKEX_DI_STOCK_CODE_CONFIRMED
HKEX-ISSUER:e11a04aea5c75e72,TravelSky Technology Ltd.,CORPORATE,CONFIRMED,HKEX:00696,1,HKEX:00696,TravelSky Technology Ltd.  - H Shares,HKEX_DI_STOCK_CODE_CONFIRMED
HKEX-ISSUER:e20afead8fb91de9,Health and Happiness (H&H) International Holdings Ltd.,CORPORATE,CONFIRMED,HKEX:01112,1,HKEX:01112,Health and Happiness (H&H) International Holdings Ltd.,HKEX_DI_STOCK_CODE_CONFIRMED
HKEX-ISSUER:e28e0efd9a394e4e,Bilibili Inc.,CORPORATE,CONFIRMED,HKEX:09626,1,HKEX:09626,Bilibili Inc. - W,HKEX_DI_STOCK_CODE_CONFIRMED
HKEX-ISSUER:e298dfc2c2b84f6c,Sun Art Retail Group Ltd.,CORPORATE,CONFIRMED,HKEX:06808,1,HKEX:06808,Sun Art Retail Group Ltd.,HKEX_DI_STOCK_CODE_CONFIRMED
HKEX-ISSUER:e2d1fb422737391d,Zhaojin Mining Industry Co. Ltd.,CORPORATE,CONFIRMED,HKEX:01818,1,HKEX:01818,Zhaojin Mining Industry Co. Ltd.  - H Shares,HKEX_DI_STOCK_CODE_CONFIRMED
HKEX-ISSUER:e2d4fedc205a8a7f,Luye Pharma Group Ltd.,CORPORATE,CONFIRMED,HKEX:02186,1,HKEX:02186,Luye Pharma Group Ltd.,HKEX_DI_STOCK_CODE_CONFIRMED
HKEX-ISSUER:e321949bdad29ec6,Jinxin Fertility Group Ltd.,CORPORATE,CONFIRMED,HKEX:01951,1,HKEX:01951,Jinxin Fertility Group Ltd.,HKEX_DI_STOCK_CODE_CONFIRMED
HKEX-ISSUER:e3e584161ae77d19,AsiaInfo Technologies Ltd.,CORPORATE,CONFIRMED,HKEX:01675,1,HKEX:01675,AsiaInfo Technologies Ltd.,HKEX_DI_STOCK_CODE_CONFIRMED
HKEX-ISSUER:e4939a06c4fdfd8c,Ming Yuan Cloud Group Holdings Ltd.,CORPORATE,CONFIRMED,HKEX:00909,1,HKEX:00909,Ming Yuan Cloud Group Holdings Ltd.,HKEX_DI_STOCK_CODE_CONFIRMED
HKEX-ISSUER:e4c9fbac6708221e,MicroPort Scientific Corporation,CORPORATE,CONFIRMED,HKEX:00853,1,HKEX:00853,MicroPort Scientific Corporation,HKEX_DI_STOCK_CODE_CONFIRMED
HKEX-ISSUER:e4f47b59c4579932,Realord Technology Co. Ltd.,CORPORATE,CONFIRMED,HKEX:01196,1,HKEX:01196,Realord Technology Co. Ltd.,HKEX_DI_STOCK_CODE_CONFIRMED
HKEX-ISSUER:e51ebc1113554da8,"SINOPEC Engineering (Group) Co., Ltd.",CORPORATE,CONFIRMED,HKEX:02386,1,HKEX:02386,"SINOPEC Engineering (Group) Co., Ltd.  - H Shares",HKEX_DI_STOCK_CODE_CONFIRMED
HKEX-ISSUER:e541b36256e23be4,CiDi Inc.,CORPORATE,CONFIRMED,HKEX:03881,1,HKEX:03881,CiDi Inc.  - H Shares,HKEX_DI_STOCK_CODE_CONFIRMED
HKEX-ISSUER:e559f8b8f4471045,Pony AI Inc.,CORPORATE,CONFIRMED,HKEX:02026,1,HKEX:02026,Pony AI Inc. - W,HKEX_DI_STOCK_CODE_CONFIRMED
HKEX-ISSUER:e5ff14be5fc01a49,Gushengtang Holdings Ltd.,CORPORATE,CONFIRMED,HKEX:02273,1,HKEX:02273,Gushengtang Holdings Ltd.,HKEX_DI_STOCK_CODE_CONFIRMED
HKEX-ISSUER:e60e40000f1fc687,"Fujian Haixi Pharmaceuticals Co., Ltd.",CORPORATE,CONFIRMED,HKEX:02637,1,HKEX:02637,"Fujian Haixi Pharmaceuticals Co., Ltd.  - H Shares",HKEX_DI_STOCK_CODE_CONFIRMED
HKEX-ISSUER:e68a48ddc6e502c6,Nine Dragons Paper (Holdings) Ltd.,CORPORATE,CONFIRMED,HKEX:02689,1,HKEX:02689,Nine Dragons Paper (Holdings) Ltd.,HKEX_DI_STOCK_CODE_CONFIRMED
HKEX-ISSUER:e71140f2287a2b7b,Kuaishou Technology,CORPORATE,CONFIRMED,HKEX:01024,1,HKEX:01024,Kuaishou Technology - W,HKEX_DI_STOCK_CODE_CONFIRMED
HKEX-ISSUER:e71bd5dcdcc0d33a,Dah Sing Banking Group Ltd.,CORPORATE,CONFIRMED,HKEX:02356,1,HKEX:02356,Dah Sing Banking Group Ltd.,HKEX_DI_STOCK_CODE_CONFIRMED
HKEX-ISSUER:e7469e7242d4c006,"Anjoy Foods Group Co., Ltd.",CORPORATE,CONFIRMED,HKEX:02648,1,HKEX:02648,"Anjoy Foods Group Co., Ltd.  - H Shares",HKEX_DI_STOCK_CODE_CONFIRMED
HKEX-ISSUER:e853a5683334121f,"OneRobotics (Shenzhen) Co., Ltd.",CORPORATE,CONFIRMED,HKEX:06600,1,HKEX:06600,"OneRobotics (Shenzhen) Co., Ltd.  - H Shares",HKEX_DI_STOCK_CODE_CONFIRMED
HKEX-ISSUER:e8d494903f806606,"Datang International Power Generation Co., Ltd.",CORPORATE,CONFIRMED,HKEX:00991,1,HKEX:00991,"Datang International Power Generation Co., Ltd.  - H Shares",HKEX_DI_STOCK_CODE_CONFIRMED
HKEX-ISSUER:e8e5ce8ba504b357,Industrial and Commercial Bank of China Ltd.,CORPORATE,CONFIRMED,HKEX:01398,1,HKEX:01398,Industrial and Commercial Bank of China Ltd.  - H Shares,HKEX_DI_STOCK_CODE_CONFIRMED
HKEX-ISSUER:e924bdf38950580d,China Gold International Resources Corp. Ltd.,CORPORATE,CONFIRMED,HKEX:02099,1,HKEX:02099,China Gold International Resources Corp. Ltd.,HKEX_DI_STOCK_CODE_CONFIRMED
HKEX-ISSUER:e99d2fe77cea96a7,Beijing Tong Ren Tang Chinese Medicine Co. Ltd.,CORPORATE,CONFIRMED,HKEX:03613,1,HKEX:03613,Beijing Tong Ren Tang Chinese Medicine Co. Ltd.,HKEX_DI_STOCK_CODE_CONFIRMED
HKEX-ISSUER:e9a33cc3c080bf91,"Minieye Technology Co., Ltd",CORPORATE,CONFIRMED,HKEX:02431,1,HKEX:02431,"Minieye Technology Co., Ltd  - H Shares",HKEX_DI_STOCK_CODE_CONFIRMED
HKEX-ISSUER:e9c81ccf6b8ff574,"HUAXIN BUILDING MATERIALS GROUP CO., LTD.",CORPORATE,CONFIRMED,HKEX:06655,1,HKEX:06655,"HUAXIN BUILDING MATERIALS GROUP CO., LTD.  - H Shares",HKEX_DI_STOCK_CODE_CONFIRMED
HKEX-ISSUER:ea18d29b7474c529,Li Auto Inc.,CORPORATE,CONFIRMED,HKEX:02015,1,HKEX:02015,Li Auto Inc. - W,HKEX_DI_STOCK_CODE_CONFIRMED
HKEX-ISSUER:ea5d838f03c01d9d,CSPC Pharmaceutical Group Ltd.,CORPORATE,CONFIRMED,HKEX:01093,1,HKEX:01093,CSPC Pharmaceutical Group Ltd.,HKEX_DI_STOCK_CODE_CONFIRMED
HKEX-ISSUER:ea9c04350e3a52f2,"JOINN Laboratories (China) Co., Ltd.",CORPORATE,CONFIRMED,HKEX:06127,1,HKEX:06127,"JOINN Laboratories (China) Co., Ltd.  - H Shares",HKEX_DI_STOCK_CODE_CONFIRMED
HKEX-ISSUER:ebd9df2132f9fe5a,Hang Lung Group Ltd.,CORPORATE,CONFIRMED,HKEX:00010,1,HKEX:00010,Hang Lung Group Ltd.,HKEX_DI_STOCK_CODE_CONFIRMED
HKEX-ISSUER:ee9a79a294a0ffcb,Great Eagle Holdings Ltd.,CORPORATE,CONFIRMED,HKEX:00041,1,HKEX:00041,Great Eagle Holdings Ltd.,HKEX_DI_STOCK_CODE_CONFIRMED
HKEX-ISSUER:ef883f2ade09fff4,"CALB Group Co., Ltd.",CORPORATE,CONFIRMED,HKEX:03931,1,HKEX:03931,"CALB Group Co., Ltd.  - H Shares",HKEX_DI_STOCK_CODE_CONFIRMED
HKEX-ISSUER:efac4a82c2008a50,"CNGR Advanced Material Co., Ltd.",CORPORATE,CONFIRMED,HKEX:02579,1,HKEX:02579,"CNGR Advanced Material Co., Ltd.  - H Shares",HKEX_DI_STOCK_CODE_CONFIRMED
HKEX-ISSUER:efe9c1464b7596e3,China Risun Group Ltd.,CORPORATE,CONFIRMED,HKEX:01907,1,HKEX:01907,China Risun Group Ltd.,HKEX_DI_STOCK_CODE_CONFIRMED
HKEX-ISSUER:f00ad48ca2e7ba5a,First Pacific Co. Ltd.,CORPORATE,CONFIRMED,HKEX:00142,1,HKEX:00142,First Pacific Co. Ltd.,HKEX_DI_STOCK_CODE_CONFIRMED
HKEX-ISSUER:f04fecce47c97d65,"Dynagreen Environmental Protection Group Co., Ltd.",CORPORATE,CONFIRMED,HKEX:01330,1,HKEX:01330,"Dynagreen Environmental Protection Group Co., Ltd.  - H Shares",HKEX_DI_STOCK_CODE_CONFIRMED
HKEX-ISSUER:f069397099dc41a9,Zhejiang Expressway Co. Ltd.,CORPORATE,CONFIRMED,HKEX:00576,1,HKEX:00576,Zhejiang Expressway Co. Ltd.  - H Shares,HKEX_DI_STOCK_CODE_CONFIRMED
HKEX-ISSUER:f0e0dbab20c55007,"Victory Giant Technology (HuiZhou) Co., Ltd.",CORPORATE,CONFIRMED,HKEX:02476,1,HKEX:02476,"Victory Giant Technology (HuiZhou) Co., Ltd.  - H Shares",HKEX_DI_STOCK_CODE_CONFIRMED
HKEX-ISSUER:f1143c2a15925451,Bayzed Health Group Inc,CORPORATE,CONFIRMED,HKEX:02609,1,HKEX:02609,Bayzed Health Group Inc,HKEX_DI_STOCK_CODE_CONFIRMED
HKEX-ISSUER:f1e28e3bed57de35,"COSCO SHIPPING Development Co., Ltd.",CORPORATE,CONFIRMED,HKEX:02866,1,HKEX:02866,"COSCO SHIPPING Development Co., Ltd.  - H Shares",HKEX_DI_STOCK_CODE_CONFIRMED
HKEX-ISSUER:f3db53a4c1d8e5a2,Angelalign Technology Inc.,CORPORATE,CONFIRMED,HKEX:06699,1,HKEX:06699,Angelalign Technology Inc.,HKEX_DI_STOCK_CODE_CONFIRMED
HKEX-ISSUER:f3ff5d43d40d3af4,"Shenzhen Xunce Technology Co., Ltd.",CORPORATE,CONFIRMED,HKEX:03317,1,HKEX:03317,"Shenzhen Xunce Technology Co., Ltd.  - H Shares",HKEX_DI_STOCK_CODE_CONFIRMED
HKEX-ISSUER:f4064f2aecde448d,China Conch Venture Holdings Ltd.,CORPORATE,CONFIRMED,HKEX:00586,1,HKEX:00586,China Conch Venture Holdings Ltd.,HKEX_DI_STOCK_CODE_CONFIRMED
HKEX-ISSUER:f49b6b2f3b87523a,Everbright Securities Co. Ltd.,CORPORATE,CONFIRMED,HKEX:06178,1,HKEX:06178,Everbright Securities Co. Ltd.  - H Shares,HKEX_DI_STOCK_CODE_CONFIRMED
HKEX-ISSUER:f4bbd8065c296038,CK Infrastructure Holdings Ltd.,CORPORATE,CONFIRMED,HKEX:01038,1,HKEX:01038,CK Infrastructure Holdings Ltd.,HKEX_DI_STOCK_CODE_CONFIRMED
HKEX-ISSUER:f562281125a3a546,China International Capital Corporation Ltd.,CORPORATE,CONFIRMED,HKEX:03908,1,HKEX:03908,China International Capital Corporation Ltd.  - H Shares,HKEX_DI_STOCK_CODE_CONFIRMED
HKEX-ISSUER:f5dfd187dddb329c,Genscript Biotech Corporation,CORPORATE,CONFIRMED,HKEX:01548,1,HKEX:01548,Genscript Biotech Corporation,HKEX_DI_STOCK_CODE_CONFIRMED
HKEX-ISSUER:f63296a97d99736a,Bright Smart Securities & Commodities Group Ltd.,CORPORATE,CONFIRMED,HKEX:01428,1,HKEX:01428,Bright Smart Securities & Commodities Group Ltd.,HKEX_DI_STOCK_CODE_CONFIRMED
HKEX-ISSUER:f710109f0a7b476a,DFZQ,CORPORATE,CONFIRMED,HKEX:03958,1,HKEX:03958,DFZQ  - H Shares,HKEX_DI_STOCK_CODE_CONFIRMED
HKEX-ISSUER:f8537681afa18820,Guming Holdings Ltd.,CORPORATE,CONFIRMED,HKEX:01364,1,HKEX:01364,Guming Holdings Ltd.,HKEX_DI_STOCK_CODE_CONFIRMED
HKEX-ISSUER:f881b8322eb03185,Onewo Inc.,CORPORATE,CONFIRMED,HKEX:02602,1,HKEX:02602,Onewo Inc.  - H Shares,HKEX_DI_STOCK_CODE_CONFIRMED
HKEX-ISSUER:f8ee9f28d102d410,"Qingdao Gon Technology Co., Ltd.",CORPORATE,CONFIRMED,HKEX:02768,1,HKEX:02768,"Qingdao Gon Technology Co., Ltd.  - H Shares",HKEX_DI_STOCK_CODE_CONFIRMED
HKEX-ISSUER:f91d05baca5ae103,Black Sesame International Holding Ltd.,CORPORATE,CONFIRMED,HKEX:02533,1,HKEX:02533,Black Sesame International Holding Ltd.,HKEX_DI_STOCK_CODE_CONFIRMED
HKEX-ISSUER:f94b47c8209cbd8d,Shenzhen Investment Ltd.,CORPORATE,CONFIRMED,HKEX:00604,1,HKEX:00604,Shenzhen Investment Ltd.,HKEX_DI_STOCK_CODE_CONFIRMED
HKEX-ISSUER:f993d776e637522d,China Resources Mixc Lifestyle Services Ltd.,CORPORATE,CONFIRMED,HKEX:01209,1,HKEX:01209,China Resources Mixc Lifestyle Services Ltd.,HKEX_DI_STOCK_CODE_CONFIRMED
HKEX-ISSUER:f9a9f3a45e1e0a57,MIXUE Group,CORPORATE,CONFIRMED,HKEX:02097,1,HKEX:02097,MIXUE Group  - H Shares,HKEX_DI_STOCK_CODE_CONFIRMED
HKEX-ISSUER:f9f7c3239ee77d28,Swire Properties Ltd.,CORPORATE,CONFIRMED,HKEX:01972,1,HKEX:01972,Swire Properties Ltd.,HKEX_DI_STOCK_CODE_CONFIRMED
HKEX-ISSUER:fa09c3081c9ad5e2,COFCO Joycome Foods Ltd.,CORPORATE,CONFIRMED,HKEX:01610,1,HKEX:01610,COFCO Joycome Foods Ltd.,HKEX_DI_STOCK_CODE_CONFIRMED
HKEX-ISSUER:fa7b84cc1738a9da,Jiaxin International Resources Investment Ltd.,CORPORATE,CONFIRMED,HKEX:03858,1,HKEX:03858,Jiaxin International Resources Investment Ltd.,HKEX_DI_STOCK_CODE_CONFIRMED
HKEX-ISSUER:faa0706e406233b7,"Muyuan Foods Group Co., Ltd.",CORPORATE,CONFIRMED,HKEX:02714,1,HKEX:02714,"Muyuan Foods Group Co., Ltd.  - H Shares",HKEX_DI_STOCK_CODE_CONFIRMED
HKEX-ISSUER:faad3d2cc06c9259,China Medical System Holdings Ltd.,CORPORATE,CONFIRMED,HKEX:00867,1,HKEX:00867,China Medical System Holdings Ltd.,HKEX_DI_STOCK_CODE_CONFIRMED
HKEX-ISSUER:fac7b0c82ab29727,PICC Property and Casualty Co. Ltd.,CORPORATE,CONFIRMED,HKEX:02328,1,HKEX:02328,PICC Property and Casualty Co. Ltd.  - H Shares,HKEX_DI_STOCK_CODE_CONFIRMED
HKEX-ISSUER:fb0f957514a0840e,Tongcheng Travel Holdings Ltd.,CORPORATE,CONFIRMED,HKEX:00780,1,HKEX:00780,Tongcheng Travel Holdings Ltd.,HKEX_DI_STOCK_CODE_CONFIRMED
HKEX-ISSUER:fbb94d646e60fc8f,"Hangzhou Tigermed Consulting Co., Ltd.",CORPORATE,CONFIRMED,HKEX:03347,1,HKEX:03347,"Hangzhou Tigermed Consulting Co., Ltd.  - H Shares",HKEX_DI_STOCK_CODE_CONFIRMED
HKEX-ISSUER:fce17d54c1b97800,CSSC Offshore & Marine Engineering (Group) Co. Ltd.,CORPORATE,CONFIRMED,HKEX:00317,1,HKEX:00317,CSSC Offshore & Marine Engineering (Group) Co. Ltd.  - H Shares,HKEX_DI_STOCK_CODE_CONFIRMED
HKEX-ISSUER:fd815992144ef7b0,"Bank of Zhengzhou Co., Ltd.",CORPORATE,CONFIRMED,HKEX:06196,1,HKEX:06196,"Bank of Zhengzhou Co., Ltd.  - H Shares",HKEX_DI_STOCK_CODE_CONFIRMED
HKEX-ISSUER:fe082e90dd7e0ffe,"Beijing Haizhi Technology Group Co., Ltd.",CORPORATE,CONFIRMED,HKEX:02706,1,HKEX:02706,"Beijing Haizhi Technology Group Co., Ltd.  - H Shares",HKEX_DI_STOCK_CODE_CONFIRMED
HKEX-ISSUER:fea3c7d4b8525ec0,Morimatsu International Holdings Co. Ltd.,CORPORATE,CONFIRMED,HKEX:02155,1,HKEX:02155,Morimatsu International Holdings Co. Ltd.,HKEX_DI_STOCK_CODE_CONFIRMED
HKEX-ISSUER:ff74aaacfcbf20ac,"CF PharmTech, Inc.",CORPORATE,CONFIRMED,HKEX:02652,1,HKEX:02652,"CF PharmTech, Inc.  - H Shares",HKEX_DI_STOCK_CODE_CONFIRMED
HKEX-ISSUER:ffbdd270623427f9,"Shanghai Iluvatar CoreX Semiconductor Co., Ltd.",CORPORATE,CONFIRMED,HKEX:09903,1,HKEX:09903,"Shanghai Iluvatar CoreX Semiconductor Co., Ltd.  - H Shares",HKEX_DI_STOCK_CODE_CONFIRMED
