symbol,board,attempt_count,elapsed_seconds,provider_row_count,normalized_ledger_row_count,invalid_source_row_count,future_share_row_count,capitalization_state,source_error_type,source_error_message,retrieved_at,authority,trade_authority
000001.SZ,SZ_MAIN,1,0.486582,63,63,0,0,VALID,,,2026-08-31T19:21:06+08:00,DATA_AND_RESEARCH_EVIDENCE_ONLY,NONE
000002.SZ,SZ_MAIN,1,0.604937,162,162,0,0,VALID,,,2026-08-31T19:18:01+08:00,DATA_AND_RESEARCH_EVIDENCE_ONLY,NONE
000006.SZ,SZ_MAIN,1,0.822531,56,56,0,0,VALID,,,2026-08-31T19:22:06+08:00,DATA_AND_RESEARCH_EVIDENCE_ONLY,NONE
000007.SZ,SZ_MAIN,1,0.712463,22,22,0,0,VALID,,,2026-08-31T19:22:08+08:00,DATA_AND_RESEARCH_EVIDENCE_ONLY,NONE
000008.SZ,SZ_MAIN,1,0.644342,74,74,0,0,VALID,,,2026-08-31T19:17:56+08:00,DATA_AND_RESEARCH_EVIDENCE_ONLY,NONE
000009.SZ,SZ_MAIN,1,0.746561,59,59,0,0,VALID,,,2026-08-31T19:17:56+08:00,DATA_AND_RESEARCH_EVIDENCE_ONLY,NONE
000010.SZ,SZ_MAIN,1,0.430388,43,43,0,0,VALID,,,2026-08-31T19:17:54+08:00,DATA_AND_RESEARCH_EVIDENCE_ONLY,NONE
000011.SZ,SZ_MAIN,1,0.400747,29,29,0,0,VALID,,,2026-08-31T19:21:33+08:00,DATA_AND_RESEARCH_EVIDENCE_ONLY,NONE
000012.SZ,SZ_MAIN,1,0.46316,83,83,0,0,VALID,,,2026-08-31T19:17:54+08:00,DATA_AND_RESEARCH_EVIDENCE_ONLY,NONE
000014.SZ,SZ_MAIN,1,0.933319,22,22,0,0,VALID,,,2026-08-31T19:21:08+08:00,DATA_AND_RESEARCH_EVIDENCE_ONLY,NONE
000016.SZ,SZ_MAIN,1,0.27286,30,30,0,0,VALID,,,2026-08-31T19:17:56+08:00,DATA_AND_RESEARCH_EVIDENCE_ONLY,NONE
000017.SZ,SZ_MAIN,1,0.377787,27,27,0,0,VALID,,,2026-08-31T19:21:07+08:00,DATA_AND_RESEARCH_EVIDENCE_ONLY,NONE
000019.SZ,SZ_MAIN,1,0.400512,31,31,0,0,VALID,,,2026-08-31T19:21:13+08:00,DATA_AND_RESEARCH_EVIDENCE_ONLY,NONE
000020.SZ,SZ_MAIN,1,0.591121,10,10,0,0,VALID,,,2026-08-31T19:18:27+08:00,DATA_AND_RESEARCH_EVIDENCE_ONLY,NONE
000021.SZ,SZ_MAIN,1,0.481995,53,53,0,0,VALID,,,2026-08-31T19:17:56+08:00,DATA_AND_RESEARCH_EVIDENCE_ONLY,NONE
000025.SZ,SZ_MAIN,1,0.791274,11,11,0,0,VALID,,,2026-08-31T19:21:21+08:00,DATA_AND_RESEARCH_EVIDENCE_ONLY,NONE
000026.SZ,SZ_MAIN,1,0.367787,60,60,0,0,VALID,,,2026-08-31T19:17:57+08:00,DATA_AND_RESEARCH_EVIDENCE_ONLY,NONE
000027.SZ,SZ_MAIN,1,0.343807,22,22,0,0,VALID,,,2026-08-31T19:17:58+08:00,DATA_AND_RESEARCH_EVIDENCE_ONLY,NONE
000028.SZ,SZ_MAIN,1,0.436897,27,27,0,0,VALID,,,2026-08-31T19:18:28+08:00,DATA_AND_RESEARCH_EVIDENCE_ONLY,NONE
000029.SZ,SZ_MAIN,1,0.569951,11,11,0,0,VALID,,,2026-08-31T19:22:08+08:00,DATA_AND_RESEARCH_EVIDENCE_ONLY,NONE
000030.SZ,SZ_MAIN,1,0.399392,42,42,0,0,VALID,,,2026-08-31T19:17:57+08:00,DATA_AND_RESEARCH_EVIDENCE_ONLY,NONE
000031.SZ,SZ_MAIN,1,0.520821,35,34,1,0,VALID,,,2026-08-31T19:17:58+08:00,DATA_AND_RESEARCH_EVIDENCE_ONLY,NONE
000032.SZ,SZ_MAIN,1,0.456769,37,37,0,0,VALID,,,2026-08-31T19:21:11+08:00,DATA_AND_RESEARCH_EVIDENCE_ONLY,NONE
000034.SZ,SZ_MAIN,1,0.319574,90,90,0,0,VALID,,,2026-08-31T19:21:07+08:00,DATA_AND_RESEARCH_EVIDENCE_ONLY,NONE
000035.SZ,SZ_MAIN,1,1.119749,41,40,1,0,VALID,,,2026-08-31T19:21:32+08:00,DATA_AND_RESEARCH_EVIDENCE_ONLY,NONE
000036.SZ,SZ_MAIN,1,0.393473,39,38,1,0,VALID,,,2026-08-31T19:21:35+08:00,DATA_AND_RESEARCH_EVIDENCE_ONLY,NONE
000037.SZ,SZ_MAIN,1,0.391431,29,29,0,0,VALID,,,2026-08-31T19:21:12+08:00,DATA_AND_RESEARCH_EVIDENCE_ONLY,NONE
000039.SZ,SZ_MAIN,1,0.509716,120,119,1,0,VALID,,,2026-08-31T19:17:56+08:00,DATA_AND_RESEARCH_EVIDENCE_ONLY,NONE
000042.SZ,SZ_MAIN,1,0.325299,42,42,0,0,VALID,,,2026-08-31T19:21:08+08:00,DATA_AND_RESEARCH_EVIDENCE_ONLY,NONE
000045.SZ,SZ_MAIN,1,0.371035,33,32,1,0,VALID,,,2026-08-31T19:18:02+08:00,DATA_AND_RESEARCH_EVIDENCE_ONLY,NONE
000048.SZ,SZ_MAIN,1,0.421926,40,39,1,0,VALID,,,2026-08-31T19:17:57+08:00,DATA_AND_RESEARCH_EVIDENCE_ONLY,NONE
000049.SZ,SZ_MAIN,1,0.612551,30,30,0,0,VALID,,,2026-08-31T19:21:22+08:00,DATA_AND_RESEARCH_EVIDENCE_ONLY,NONE
000050.SZ,SZ_MAIN,1,0.770306,60,60,0,0,VALID,,,2026-08-31T19:22:09+08:00,DATA_AND_RESEARCH_EVIDENCE_ONLY,NONE
000055.SZ,SZ_MAIN,1,0.349086,40,39,1,0,VALID,,,2026-08-31T19:21:14+08:00,DATA_AND_RESEARCH_EVIDENCE_ONLY,NONE
000056.SZ,SZ_MAIN,1,0.521924,33,32,1,0,VALID,,,2026-08-31T19:18:29+08:00,DATA_AND_RESEARCH_EVIDENCE_ONLY,NONE
000058.SZ,SZ_MAIN,1,0.561133,39,37,2,0,VALID,,,2026-08-31T19:22:10+08:00,DATA_AND_RESEARCH_EVIDENCE_ONLY,NONE
000059.SZ,SZ_MAIN,1,0.531151,23,22,1,0,VALID,,,2026-08-31T19:17:58+08:00,DATA_AND_RESEARCH_EVIDENCE_ONLY,NONE
000060.SZ,SZ_MAIN,1,0.276462,84,83,1,0,VALID,,,2026-08-31T19:21:35+08:00,DATA_AND_RESEARCH_EVIDENCE_ONLY,NONE
000061.SZ,SZ_MAIN,1,0.312547,58,57,1,0,VALID,,,2026-08-31T19:21:08+08:00,DATA_AND_RESEARCH_EVIDENCE_ONLY,NONE
000062.SZ,SZ_MAIN,1,0.267853,34,33,1,0,VALID,,,2026-08-31T19:17:57+08:00,DATA_AND_RESEARCH_EVIDENCE_ONLY,NONE
000063.SZ,SZ_MAIN,1,0.690576,123,122,1,0,VALID,,,2026-08-31T19:22:10+08:00,DATA_AND_RESEARCH_EVIDENCE_ONLY,NONE
000065.SZ,SZ_MAIN,1,0.438979,58,57,1,0,VALID,,,2026-08-31T19:18:03+08:00,DATA_AND_RESEARCH_EVIDENCE_ONLY,NONE
000066.SZ,SZ_MAIN,1,0.324655,47,46,1,0,VALID,,,2026-08-31T19:21:23+08:00,DATA_AND_RESEARCH_EVIDENCE_ONLY,NONE
000068.SZ,SZ_MAIN,1,0.45446,21,20,1,0,VALID,,,2026-08-31T19:17:52+08:00,DATA_AND_RESEARCH_EVIDENCE_ONLY,NONE
000069.SZ,SZ_MAIN,1,1.032887,77,76,1,0,VALID,,,2026-08-31T19:17:57+08:00,DATA_AND_RESEARCH_EVIDENCE_ONLY,NONE
000070.SZ,SZ_MAIN,1,0.382413,60,59,1,0,VALID,,,2026-08-31T19:18:03+08:00,DATA_AND_RESEARCH_EVIDENCE_ONLY,NONE
000078.SZ,SZ_MAIN,1,0.828026,48,47,1,0,VALID,,,2026-08-31T19:18:57+08:00,DATA_AND_RESEARCH_EVIDENCE_ONLY,NONE
000088.SZ,SZ_MAIN,1,0.731626,28,27,1,0,VALID,,,2026-08-31T19:21:14+08:00,DATA_AND_RESEARCH_EVIDENCE_ONLY,NONE
000089.SZ,SZ_MAIN,1,0.387488,26,25,1,0,VALID,,,2026-08-31T19:21:12+08:00,DATA_AND_RESEARCH_EVIDENCE_ONLY,NONE
000090.SZ,SZ_MAIN,1,0.297914,42,41,1,0,VALID,,,2026-08-31T19:21:15+08:00,DATA_AND_RESEARCH_EVIDENCE_ONLY,NONE
000096.SZ,SZ_MAIN,1,0.349199,12,11,1,0,VALID,,,2026-08-31T19:17:58+08:00,DATA_AND_RESEARCH_EVIDENCE_ONLY,NONE
000099.SZ,SZ_MAIN,1,0.822647,20,19,1,0,VALID,,,2026-08-31T19:21:09+08:00,DATA_AND_RESEARCH_EVIDENCE_ONLY,NONE
000100.SZ,SZ_MAIN,1,0.277584,128,127,1,1,VALID,,,2026-08-31T19:21:35+08:00,DATA_AND_RESEARCH_EVIDENCE_ONLY,NONE
000151.SZ,SZ_MAIN,1,0.510908,12,11,1,0,VALID,,,2026-08-31T19:21:09+08:00,DATA_AND_RESEARCH_EVIDENCE_ONLY,NONE
000153.SZ,SZ_MAIN,1,0.344526,33,32,1,0,VALID,,,2026-08-31T19:21:13+08:00,DATA_AND_RESEARCH_EVIDENCE_ONLY,NONE
000155.SZ,SZ_MAIN,1,0.300261,22,21,1,0,VALID,,,2026-08-31T19:21:09+08:00,DATA_AND_RESEARCH_EVIDENCE_ONLY,NONE
000156.SZ,SZ_MAIN,1,0.375302,21,20,1,0,VALID,,,2026-08-31T19:17:56+08:00,DATA_AND_RESEARCH_EVIDENCE_ONLY,NONE
000157.SZ,SZ_MAIN,1,0.393787,100,99,1,0,VALID,,,2026-08-31T19:18:29+08:00,DATA_AND_RESEARCH_EVIDENCE_ONLY,NONE
000158.SZ,SZ_MAIN,1,0.304352,42,41,1,0,VALID,,,2026-08-31T19:21:23+08:00,DATA_AND_RESEARCH_EVIDENCE_ONLY,NONE
000159.SZ,SZ_MAIN,1,0.386796,12,11,1,0,VALID,,,2026-08-31T19:18:58+08:00,DATA_AND_RESEARCH_EVIDENCE_ONLY,NONE
000166.SZ,SZ_MAIN,1,0.271646,22,19,3,0,VALID,,,2026-08-31T19:17:58+08:00,DATA_AND_RESEARCH_EVIDENCE_ONLY,NONE
000301.SZ,SZ_MAIN,1,0.344798,82,81,1,0,VALID,,,2026-08-31T19:21:36+08:00,DATA_AND_RESEARCH_EVIDENCE_ONLY,NONE
000333.SZ,SZ_MAIN,1,1.8933,654,649,5,0,VALID,,,2026-08-31T19:21:35+08:00,DATA_AND_RESEARCH_EVIDENCE_ONLY,NONE
000338.SZ,SZ_MAIN,1,0.499024,57,55,2,0,VALID,,,2026-08-31T19:21:36+08:00,DATA_AND_RESEARCH_EVIDENCE_ONLY,NONE
000400.SZ,SZ_MAIN,1,0.553553,48,47,1,0,VALID,,,2026-08-31T19:22:11+08:00,DATA_AND_RESEARCH_EVIDENCE_ONLY,NONE
000401.SZ,SZ_MAIN,1,0.391454,79,78,1,0,VALID,,,2026-08-31T19:21:13+08:00,DATA_AND_RESEARCH_EVIDENCE_ONLY,NONE
000402.SZ,SZ_MAIN,1,0.733314,48,47,1,0,VALID,,,2026-08-31T19:21:14+08:00,DATA_AND_RESEARCH_EVIDENCE_ONLY,NONE
000403.SZ,SZ_MAIN,1,0.741144,96,95,1,0,VALID,,,2026-08-31T19:21:10+08:00,DATA_AND_RESEARCH_EVIDENCE_ONLY,NONE
000404.SZ,SZ_MAIN,1,0.38547,40,39,1,0,VALID,,,2026-08-31T19:17:54+08:00,DATA_AND_RESEARCH_EVIDENCE_ONLY,NONE
000407.SZ,SZ_MAIN,1,0.395455,48,48,0,0,VALID,,,2026-08-31T19:18:59+08:00,DATA_AND_RESEARCH_EVIDENCE_ONLY,NONE
000408.SZ,SZ_MAIN,1,0.319254,46,45,1,0,VALID,,,2026-08-31T19:18:30+08:00,DATA_AND_RESEARCH_EVIDENCE_ONLY,NONE
000409.SZ,SZ_MAIN,1,0.325992,68,67,1,0,VALID,,,2026-08-31T19:18:59+08:00,DATA_AND_RESEARCH_EVIDENCE_ONLY,NONE
000410.SZ,SZ_MAIN,1,0.286038,61,60,1,0,VALID,,,2026-08-31T19:19:00+08:00,DATA_AND_RESEARCH_EVIDENCE_ONLY,NONE
000411.SZ,SZ_MAIN,1,0.796136,73,72,1,0,VALID,,,2026-08-31T19:21:15+08:00,DATA_AND_RESEARCH_EVIDENCE_ONLY,NONE
000415.SZ,SZ_MAIN,1,0.26593,53,52,1,0,VALID,,,2026-08-31T19:21:37+08:00,DATA_AND_RESEARCH_EVIDENCE_ONLY,NONE
000417.SZ,SZ_MAIN,1,0.396987,37,36,1,0,VALID,,,2026-08-31T19:21:16+08:00,DATA_AND_RESEARCH_EVIDENCE_ONLY,NONE
000419.SZ,SZ_MAIN,1,0.343916,26,25,1,0,VALID,,,2026-08-31T19:21:14+08:00,DATA_AND_RESEARCH_EVIDENCE_ONLY,NONE
000420.SZ,SZ_MAIN,1,0.446508,57,56,1,0,VALID,,,2026-08-31T19:21:37+08:00,DATA_AND_RESEARCH_EVIDENCE_ONLY,NONE
000421.SZ,SZ_MAIN,1,0.270119,34,33,1,0,VALID,,,2026-08-31T19:17:59+08:00,DATA_AND_RESEARCH_EVIDENCE_ONLY,NONE
000422.SZ,SZ_MAIN,1,0.300572,50,49,1,0,VALID,,,2026-08-31T19:21:09+08:00,DATA_AND_RESEARCH_EVIDENCE_ONLY,NONE
000423.SZ,SZ_MAIN,1,0.316465,32,32,0,0,VALID,,,2026-08-31T19:22:12+08:00,DATA_AND_RESEARCH_EVIDENCE_ONLY,NONE
000425.SZ,SZ_MAIN,1,0.530697,82,81,1,0,VALID,,,2026-08-31T19:17:58+08:00,DATA_AND_RESEARCH_EVIDENCE_ONLY,NONE
000426.SZ,SZ_MAIN,1,0.310839,58,57,1,0,VALID,,,2026-08-31T19:21:17+08:00,DATA_AND_RESEARCH_EVIDENCE_ONLY,NONE
000428.SZ,SZ_MAIN,1,0.51851,40,39,1,0,VALID,,,2026-08-31T19:17:54+08:00,DATA_AND_RESEARCH_EVIDENCE_ONLY,NONE
000429.SZ,SZ_MAIN,1,0.330298,66,63,3,0,VALID,,,2026-08-31T19:17:59+08:00,DATA_AND_RESEARCH_EVIDENCE_ONLY,NONE
000430.SZ,SZ_MAIN,1,0.639318,22,22,0,0,VALID,,,2026-08-31T19:21:17+08:00,DATA_AND_RESEARCH_EVIDENCE_ONLY,NONE
000488.SZ,SZ_MAIN,1,0.269827,62,60,2,0,VALID,,,2026-08-31T19:17:59+08:00,DATA_AND_RESEARCH_EVIDENCE_ONLY,NONE
000498.SZ,SZ_MAIN,1,0.87583,67,66,1,0,VALID,,,2026-08-31T19:21:37+08:00,DATA_AND_RESEARCH_EVIDENCE_ONLY,NONE
000501.SZ,SZ_MAIN,1,0.547843,44,44,0,0,VALID,,,2026-08-31T19:17:55+08:00,DATA_AND_RESEARCH_EVIDENCE_ONLY,NONE
000503.SZ,SZ_MAIN,1,0.486116,29,29,0,0,VALID,,,2026-08-31T19:21:10+08:00,DATA_AND_RESEARCH_EVIDENCE_ONLY,NONE
000504.SZ,SZ_MAIN,1,0.259539,20,20,0,0,VALID,,,2026-08-31T19:21:37+08:00,DATA_AND_RESEARCH_EVIDENCE_ONLY,NONE
000505.SZ,SZ_MAIN,1,0.569707,32,32,0,0,VALID,,,2026-08-31T19:22:12+08:00,DATA_AND_RESEARCH_EVIDENCE_ONLY,NONE
000506.SZ,SZ_MAIN,1,0.303704,36,36,0,0,VALID,,,2026-08-31T19:21:10+08:00,DATA_AND_RESEARCH_EVIDENCE_ONLY,NONE
000507.SZ,SZ_MAIN,1,1.191182,27,27,0,0,VALID,,,2026-08-31T19:21:38+08:00,DATA_AND_RESEARCH_EVIDENCE_ONLY,NONE
000509.SZ,SZ_MAIN,1,0.565976,26,26,0,0,VALID,,,2026-08-31T19:21:39+08:00,DATA_AND_RESEARCH_EVIDENCE_ONLY,NONE
000510.SZ,SZ_MAIN,1,0.345585,40,40,0,0,VALID,,,2026-08-31T19:21:15+08:00,DATA_AND_RESEARCH_EVIDENCE_ONLY,NONE
000513.SZ,SZ_MAIN,1,0.561465,179,178,1,0,VALID,,,2026-08-31T19:22:12+08:00,DATA_AND_RESEARCH_EVIDENCE_ONLY,NONE
000514.SZ,SZ_MAIN,1,0.294728,24,24,0,0,VALID,,,2026-08-31T19:21:24+08:00,DATA_AND_RESEARCH_EVIDENCE_ONLY,NONE
000516.SZ,SZ_MAIN,1,0.282366,61,61,0,0,VALID,,,2026-08-31T19:19:00+08:00,DATA_AND_RESEARCH_EVIDENCE_ONLY,NONE
000517.SZ,SZ_MAIN,1,0.37031,36,36,0,0,VALID,,,2026-08-31T19:21:15+08:00,DATA_AND_RESEARCH_EVIDENCE_ONLY,NONE
000518.SZ,SZ_MAIN,1,0.719822,12,12,0,0,VALID,,,2026-08-31T19:21:16+08:00,DATA_AND_RESEARCH_EVIDENCE_ONLY,NONE
000519.SZ,SZ_MAIN,1,0.706237,34,34,0,0,VALID,,,2026-08-31T19:21:18+08:00,DATA_AND_RESEARCH_EVIDENCE_ONLY,NONE
000520.SZ,SZ_MAIN,1,0.678678,17,17,0,0,VALID,,,2026-08-31T19:21:16+08:00,DATA_AND_RESEARCH_EVIDENCE_ONLY,NONE
000521.SZ,SZ_MAIN,1,0.314373,66,66,0,0,VALID,,,2026-08-31T19:21:24+08:00,DATA_AND_RESEARCH_EVIDENCE_ONLY,NONE
000523.SZ,SZ_MAIN,1,0.321142,51,51,0,0,VALID,,,2026-08-31T19:19:00+08:00,DATA_AND_RESEARCH_EVIDENCE_ONLY,NONE
000524.SZ,SZ_MAIN,1,0.503122,33,33,0,0,VALID,,,2026-08-31T19:17:56+08:00,DATA_AND_RESEARCH_EVIDENCE_ONLY,NONE
000525.SZ,SZ_MAIN,1,0.298003,38,38,0,0,VALID,,,2026-08-31T19:21:24+08:00,DATA_AND_RESEARCH_EVIDENCE_ONLY,NONE
000526.SZ,SZ_MAIN,1,0.317288,37,37,0,0,VALID,,,2026-08-31T19:17:59+08:00,DATA_AND_RESEARCH_EVIDENCE_ONLY,NONE
000528.SZ,SZ_MAIN,1,0.415199,100,100,0,0,VALID,,,2026-08-31T19:18:30+08:00,DATA_AND_RESEARCH_EVIDENCE_ONLY,NONE
000529.SZ,SZ_MAIN,1,0.484456,26,26,0,0,VALID,,,2026-08-31T19:21:38+08:00,DATA_AND_RESEARCH_EVIDENCE_ONLY,NONE
000530.SZ,SZ_MAIN,1,0.314615,57,57,0,0,VALID,,,2026-08-31T19:17:57+08:00,DATA_AND_RESEARCH_EVIDENCE_ONLY,NONE
000531.SZ,SZ_MAIN,1,0.522339,27,26,1,0,VALID,,,2026-08-31T19:21:25+08:00,DATA_AND_RESEARCH_EVIDENCE_ONLY,NONE
000532.SZ,SZ_MAIN,1,0.387,35,34,1,0,VALID,,,2026-08-31T19:19:01+08:00,DATA_AND_RESEARCH_EVIDENCE_ONLY,NONE
000533.SZ,SZ_MAIN,1,0.361227,21,20,1,0,VALID,,,2026-08-31T19:19:01+08:00,DATA_AND_RESEARCH_EVIDENCE_ONLY,NONE
000534.SZ,SZ_MAIN,1,0.439773,88,87,1,2,VALID,,,2026-08-31T19:21:40+08:00,DATA_AND_RESEARCH_EVIDENCE_ONLY,NONE
000536.SZ,SZ_MAIN,1,0.278373,43,43,0,0,VALID,,,2026-08-31T19:19:01+08:00,DATA_AND_RESEARCH_EVIDENCE_ONLY,NONE
000537.SZ,SZ_MAIN,1,0.840688,31,30,1,0,VALID,,,2026-08-31T19:18:00+08:00,DATA_AND_RESEARCH_EVIDENCE_ONLY,NONE
000538.SZ,SZ_MAIN,1,0.723038,54,53,1,0,VALID,,,2026-08-31T19:21:10+08:00,DATA_AND_RESEARCH_EVIDENCE_ONLY,NONE
000539.SZ,SZ_MAIN,1,0.519296,51,50,1,0,VALID,,,2026-08-31T19:21:17+08:00,DATA_AND_RESEARCH_EVIDENCE_ONLY,NONE
000541.SZ,SZ_MAIN,1,0.301237,68,67,1,0,VALID,,,2026-08-31T19:17:57+08:00,DATA_AND_RESEARCH_EVIDENCE_ONLY,NONE
000543.SZ,SZ_MAIN,1,0.293632,24,23,1,0,VALID,,,2026-08-31T19:21:18+08:00,DATA_AND_RESEARCH_EVIDENCE_ONLY,NONE
000544.SZ,SZ_MAIN,1,0.421466,20,19,1,0,VALID,,,2026-08-31T19:21:19+08:00,DATA_AND_RESEARCH_EVIDENCE_ONLY,NONE
000545.SZ,SZ_MAIN,1,0.30784,28,27,1,0,VALID,,,2026-08-31T19:17:58+08:00,DATA_AND_RESEARCH_EVIDENCE_ONLY,NONE
000546.SZ,SZ_MAIN,1,0.382177,56,55,1,0,VALID,,,2026-08-31T19:21:17+08:00,DATA_AND_RESEARCH_EVIDENCE_ONLY,NONE
000547.SZ,SZ_MAIN,1,0.309721,56,55,1,0,VALID,,,2026-08-31T19:21:11+08:00,DATA_AND_RESEARCH_EVIDENCE_ONLY,NONE
000548.SZ,SZ_MAIN,1,0.400412,29,28,1,0,VALID,,,2026-08-31T19:21:11+08:00,DATA_AND_RESEARCH_EVIDENCE_ONLY,NONE
000550.SZ,SZ_MAIN,1,0.349544,42,41,1,0,VALID,,,2026-08-31T19:17:58+08:00,DATA_AND_RESEARCH_EVIDENCE_ONLY,NONE
000551.SZ,SZ_MAIN,1,0.39141,33,32,1,0,VALID,,,2026-08-31T19:18:31+08:00,DATA_AND_RESEARCH_EVIDENCE_ONLY,NONE
000552.SZ,SZ_MAIN,1,0.52294,61,60,1,0,VALID,,,2026-08-31T19:17:58+08:00,DATA_AND_RESEARCH_EVIDENCE_ONLY,NONE
000553.SZ,SZ_MAIN,1,0.289775,34,33,1,0,VALID,,,2026-08-31T19:21:25+08:00,DATA_AND_RESEARCH_EVIDENCE_ONLY,NONE
000554.SZ,SZ_MAIN,1,0.318096,18,17,1,0,VALID,,,2026-08-31T19:18:31+08:00,DATA_AND_RESEARCH_EVIDENCE_ONLY,NONE
000555.SZ,SZ_MAIN,1,0.555494,60,59,1,0,VALID,,,2026-08-31T19:22:13+08:00,DATA_AND_RESEARCH_EVIDENCE_ONLY,NONE
000557.SZ,SZ_MAIN,1,0.340177,31,30,1,0,VALID,,,2026-08-31T19:17:59+08:00,DATA_AND_RESEARCH_EVIDENCE_ONLY,NONE
000558.SZ,SZ_MAIN,1,0.384959,51,51,0,0,VALID,,,2026-08-31T19:17:59+08:00,DATA_AND_RESEARCH_EVIDENCE_ONLY,NONE
000559.SZ,SZ_MAIN,1,0.714343,42,41,1,0,VALID,,,2026-08-31T19:21:40+08:00,DATA_AND_RESEARCH_EVIDENCE_ONLY,NONE
000560.SZ,SZ_MAIN,1,0.297487,54,53,1,0,VALID,,,2026-08-31T19:21:19+08:00,DATA_AND_RESEARCH_EVIDENCE_ONLY,NONE
000561.SZ,SZ_MAIN,1,0.385879,58,57,1,0,VALID,,,2026-08-31T19:18:01+08:00,DATA_AND_RESEARCH_EVIDENCE_ONLY,NONE
000563.SZ,SZ_MAIN,1,0.310481,26,26,0,0,VALID,,,2026-08-31T19:21:12+08:00,DATA_AND_RESEARCH_EVIDENCE_ONLY,NONE
000564.SZ,SZ_MAIN,1,0.360461,82,82,0,0,VALID,,,2026-08-31T19:21:11+08:00,DATA_AND_RESEARCH_EVIDENCE_ONLY,NONE
000565.SZ,SZ_MAIN,1,0.393488,14,14,0,0,VALID,,,2026-08-31T19:18:01+08:00,DATA_AND_RESEARCH_EVIDENCE_ONLY,NONE
000566.SZ,SZ_MAIN,1,0.303548,64,63,1,0,VALID,,,2026-08-31T19:21:12+08:00,DATA_AND_RESEARCH_EVIDENCE_ONLY,NONE
000567.SZ,SZ_MAIN,1,0.266357,39,38,1,0,VALID,,,2026-08-31T19:21:38+08:00,DATA_AND_RESEARCH_EVIDENCE_ONLY,NONE
000568.SZ,SZ_MAIN,1,0.481945,60,59,1,0,VALID,,,2026-08-31T19:19:02+08:00,DATA_AND_RESEARCH_EVIDENCE_ONLY,NONE
000570.SZ,SZ_MAIN,1,0.391853,23,22,1,0,VALID,,,2026-08-31T19:21:26+08:00,DATA_AND_RESEARCH_EVIDENCE_ONLY,NONE
000571.SZ,SZ_MAIN,1,0.327951,50,50,0,0,VALID,,,2026-08-31T19:18:31+08:00,DATA_AND_RESEARCH_EVIDENCE_ONLY,NONE
000572.SZ,SZ_MAIN,1,0.295664,54,54,0,0,VALID,,,2026-08-31T19:21:19+08:00,DATA_AND_RESEARCH_EVIDENCE_ONLY,NONE
000573.SZ,SZ_MAIN,1,0.660664,40,39,1,0,VALID,,,2026-08-31T19:21:20+08:00,DATA_AND_RESEARCH_EVIDENCE_ONLY,NONE
000576.SZ,SZ_MAIN,1,1.1057,52,51,1,0,VALID,,,2026-08-31T19:21:41+08:00,DATA_AND_RESEARCH_EVIDENCE_ONLY,NONE
000581.SZ,SZ_MAIN,1,0.383735,55,54,1,0,VALID,,,2026-08-31T19:21:12+08:00,DATA_AND_RESEARCH_EVIDENCE_ONLY,NONE
000582.SZ,SZ_MAIN,1,0.304971,93,93,0,0,VALID,,,2026-08-31T19:21:26+08:00,DATA_AND_RESEARCH_EVIDENCE_ONLY,NONE
000586.SZ,SZ_MAIN,1,0.376488,25,25,0,0,VALID,,,2026-08-31T19:17:59+08:00,DATA_AND_RESEARCH_EVIDENCE_ONLY,NONE
000589.SZ,SZ_MAIN,1,0.569224,60,60,0,0,VALID,,,2026-08-31T19:21:12+08:00,DATA_AND_RESEARCH_EVIDENCE_ONLY,NONE
000590.SZ,SZ_MAIN,1,0.276364,29,29,0,0,VALID,,,2026-08-31T19:19:02+08:00,DATA_AND_RESEARCH_EVIDENCE_ONLY,NONE
000591.SZ,SZ_MAIN,1,0.284284,52,52,0,0,VALID,,,2026-08-31T19:19:02+08:00,DATA_AND_RESEARCH_EVIDENCE_ONLY,NONE
000592.SZ,SZ_MAIN,1,0.416734,44,43,1,0,VALID,,,2026-08-31T19:17:59+08:00,DATA_AND_RESEARCH_EVIDENCE_ONLY,NONE
000593.SZ,SZ_MAIN,1,0.359954,35,35,0,0,VALID,,,2026-08-31T19:22:14+08:00,DATA_AND_RESEARCH_EVIDENCE_ONLY,NONE
000595.SZ,SZ_MAIN,1,0.486291,49,48,1,0,VALID,,,2026-08-31T19:18:00+08:00,DATA_AND_RESEARCH_EVIDENCE_ONLY,NONE
000596.SZ,SZ_MAIN,1,0.36695,22,21,1,0,VALID,,,2026-08-31T19:18:03+08:00,DATA_AND_RESEARCH_EVIDENCE_ONLY,NONE
000597.SZ,SZ_MAIN,1,0.86436,80,79,1,0,VALID,,,2026-08-31T19:21:42+08:00,DATA_AND_RESEARCH_EVIDENCE_ONLY,NONE
000598.SZ,SZ_MAIN,1,0.383289,33,32,1,0,VALID,,,2026-08-31T19:21:18+08:00,DATA_AND_RESEARCH_EVIDENCE_ONLY,NONE
000599.SZ,SZ_MAIN,1,0.387106,52,51,1,0,VALID,,,2026-08-31T19:21:13+08:00,DATA_AND_RESEARCH_EVIDENCE_ONLY,NONE
000600.SZ,SZ_MAIN,1,0.619899,30,29,1,0,VALID,,,2026-08-31T19:18:00+08:00,DATA_AND_RESEARCH_EVIDENCE_ONLY,NONE
000601.SZ,SZ_MAIN,1,0.41115,64,63,1,0,VALID,,,2026-08-31T19:18:32+08:00,DATA_AND_RESEARCH_EVIDENCE_ONLY,NONE
000603.SZ,SZ_MAIN,1,0.302471,38,37,1,0,VALID,,,2026-08-31T19:17:55+08:00,DATA_AND_RESEARCH_EVIDENCE_ONLY,NONE
000605.SZ,SZ_MAIN,1,0.72735,24,23,1,0,VALID,,,2026-08-31T19:21:20+08:00,DATA_AND_RESEARCH_EVIDENCE_ONLY,NONE
000607.SZ,SZ_MAIN,1,0.299982,35,34,1,0,VALID,,,2026-08-31T19:21:12+08:00,DATA_AND_RESEARCH_EVIDENCE_ONLY,NONE
000608.SZ,SZ_MAIN,1,0.416041,31,30,1,0,VALID,,,2026-08-31T19:18:32+08:00,DATA_AND_RESEARCH_EVIDENCE_ONLY,NONE
000609.SZ,SZ_MAIN,1,0.277425,53,52,1,0,VALID,,,2026-08-31T19:18:00+08:00,DATA_AND_RESEARCH_EVIDENCE_ONLY,NONE
000610.SZ,SZ_MAIN,1,0.324618,59,58,1,0,VALID,,,2026-08-31T19:22:14+08:00,DATA_AND_RESEARCH_EVIDENCE_ONLY,NONE
000612.SZ,SZ_MAIN,1,0.286211,45,44,1,0,VALID,,,2026-08-31T19:18:00+08:00,DATA_AND_RESEARCH_EVIDENCE_ONLY,NONE
000615.SZ,SZ_MAIN,1,0.308021,66,65,1,0,VALID,,,2026-08-31T19:17:55+08:00,DATA_AND_RESEARCH_EVIDENCE_ONLY,NONE
000617.SZ,SZ_MAIN,1,0.33178,22,21,1,0,VALID,,,2026-08-31T19:19:03+08:00,DATA_AND_RESEARCH_EVIDENCE_ONLY,NONE
000619.SZ,SZ_MAIN,1,0.38401,14,13,1,0,VALID,,,2026-08-31T19:19:03+08:00,DATA_AND_RESEARCH_EVIDENCE_ONLY,NONE
000620.SZ,SZ_MAIN,1,0.350426,31,31,0,0,VALID,,,2026-08-31T19:17:59+08:00,DATA_AND_RESEARCH_EVIDENCE_ONLY,NONE
000623.SZ,SZ_MAIN,1,0.346444,99,98,1,0,VALID,,,2026-08-31T19:21:13+08:00,DATA_AND_RESEARCH_EVIDENCE_ONLY,NONE
000625.SZ,SZ_MAIN,1,0.476961,69,67,2,0,VALID,,,2026-08-31T19:17:59+08:00,DATA_AND_RESEARCH_EVIDENCE_ONLY,NONE
000626.SZ,SZ_MAIN,1,0.356307,36,35,1,0,VALID,,,2026-08-31T19:18:00+08:00,DATA_AND_RESEARCH_EVIDENCE_ONLY,NONE
000628.SZ,SZ_MAIN,1,0.455213,39,38,1,0,VALID,,,2026-08-31T19:18:04+08:00,DATA_AND_RESEARCH_EVIDENCE_ONLY,NONE
000629.SZ,SZ_MAIN,1,0.40445,61,60,1,0,VALID,,,2026-08-31T19:19:03+08:00,DATA_AND_RESEARCH_EVIDENCE_ONLY,NONE
000630.SZ,SZ_MAIN,1,0.3497,79,76,3,0,VALID,,,2026-08-31T19:18:00+08:00,DATA_AND_RESEARCH_EVIDENCE_ONLY,NONE
000631.SZ,SZ_MAIN,1,0.489108,21,20,1,0,VALID,,,2026-08-31T19:18:04+08:00,DATA_AND_RESEARCH_EVIDENCE_ONLY,NONE
000632.SZ,SZ_MAIN,1,0.401371,18,17,1,0,VALID,,,2026-08-31T19:21:18+08:00,DATA_AND_RESEARCH_EVIDENCE_ONLY,NONE
000633.SZ,SZ_MAIN,1,0.465493,23,23,0,0,VALID,,,2026-08-31T19:19:04+08:00,DATA_AND_RESEARCH_EVIDENCE_ONLY,NONE
000635.SZ,SZ_MAIN,1,0.372216,30,29,1,0,PRICE_UNAVAILABLE,,,2026-08-31T19:18:01+08:00,DATA_AND_RESEARCH_EVIDENCE_ONLY,NONE
000636.SZ,SZ_MAIN,1,0.38729,46,45,1,0,VALID,,,2026-08-31T19:21:12+08:00,DATA_AND_RESEARCH_EVIDENCE_ONLY,NONE
000637.SZ,SZ_MAIN,1,0.336707,31,31,0,0,VALID,,,2026-08-31T19:18:32+08:00,DATA_AND_RESEARCH_EVIDENCE_ONLY,NONE
000639.SZ,SZ_MAIN,1,0.385341,40,40,0,0,VALID,,,2026-08-31T19:19:04+08:00,DATA_AND_RESEARCH_EVIDENCE_ONLY,NONE
000650.SZ,SZ_MAIN,1,0.34358,30,29,1,0,VALID,,,2026-08-31T19:18:05+08:00,DATA_AND_RESEARCH_EVIDENCE_ONLY,NONE
000651.SZ,SZ_MAIN,1,0.457286,63,63,0,0,VALID,,,2026-08-31T19:21:14+08:00,DATA_AND_RESEARCH_EVIDENCE_ONLY,NONE
000652.SZ,SZ_MAIN,1,0.306044,55,55,0,0,VALID,,,2026-08-31T19:21:26+08:00,DATA_AND_RESEARCH_EVIDENCE_ONLY,NONE
000655.SZ,SZ_MAIN,1,0.480643,16,16,0,0,VALID,,,2026-08-31T19:18:01+08:00,DATA_AND_RESEARCH_EVIDENCE_ONLY,NONE
000656.SZ,SZ_MAIN,1,0.63861,70,70,0,0,VALID,,,2026-08-31T19:18:01+08:00,DATA_AND_RESEARCH_EVIDENCE_ONLY,NONE
000657.SZ,SZ_MAIN,1,0.417455,42,41,1,0,VALID,,,2026-08-31T19:21:21+08:00,DATA_AND_RESEARCH_EVIDENCE_ONLY,NONE
000659.SZ,SZ_MAIN,1,0.302113,16,16,0,0,VALID,,,2026-08-31T19:18:00+08:00,DATA_AND_RESEARCH_EVIDENCE_ONLY,NONE
000661.SZ,SZ_MAIN,1,0.640446,63,61,2,0,VALID,,,2026-08-31T19:18:05+08:00,DATA_AND_RESEARCH_EVIDENCE_ONLY,NONE
000663.SZ,SZ_MAIN,1,0.874511,41,40,1,0,VALID,,,2026-08-31T19:21:43+08:00,DATA_AND_RESEARCH_EVIDENCE_ONLY,NONE
000665.SZ,SZ_MAIN,1,0.266004,57,57,0,0,VALID,,,2026-08-31T19:21:38+08:00,DATA_AND_RESEARCH_EVIDENCE_ONLY,NONE
000668.SZ,SZ_MAIN,1,0.343025,25,25,0,0,VALID,,,2026-08-31T19:21:19+08:00,DATA_AND_RESEARCH_EVIDENCE_ONLY,NONE
000669.SZ,SZ_MAIN,1,0.472341,27,25,2,0,VALID,,,2026-08-31T19:21:19+08:00,DATA_AND_RESEARCH_EVIDENCE_ONLY,NONE
000670.SZ,SZ_MAIN,1,0.624991,29,29,0,0,VALID,,,2026-08-31T19:17:56+08:00,DATA_AND_RESEARCH_EVIDENCE_ONLY,NONE
000672.SZ,SZ_MAIN,1,0.324704,20,20,0,0,VALID,,,2026-08-31T19:17:56+08:00,DATA_AND_RESEARCH_EVIDENCE_ONLY,NONE
000676.SZ,SZ_MAIN,1,0.369163,53,52,1,0,VALID,,,2026-08-31T19:18:00+08:00,DATA_AND_RESEARCH_EVIDENCE_ONLY,NONE
000677.SZ,SZ_MAIN,1,0.317695,32,32,0,0,VALID,,,2026-08-31T19:18:06+08:00,DATA_AND_RESEARCH_EVIDENCE_ONLY,NONE
000678.SZ,SZ_MAIN,1,0.302255,21,19,2,0,VALID,,,2026-08-31T19:21:21+08:00,DATA_AND_RESEARCH_EVIDENCE_ONLY,NONE
000679.SZ,SZ_MAIN,1,0.430116,20,19,1,0,VALID,,,2026-08-31T19:18:02+08:00,DATA_AND_RESEARCH_EVIDENCE_ONLY,NONE
000680.SZ,SZ_MAIN,1,0.366745,62,61,1,0,VALID,,,2026-08-31T19:21:19+08:00,DATA_AND_RESEARCH_EVIDENCE_ONLY,NONE
000681.SZ,SZ_MAIN,1,0.505726,43,40,3,0,VALID,,,2026-08-31T19:18:01+08:00,DATA_AND_RESEARCH_EVIDENCE_ONLY,NONE
000682.SZ,SZ_MAIN,1,0.285516,35,34,1,0,VALID,,,2026-08-31T19:18:02+08:00,DATA_AND_RESEARCH_EVIDENCE_ONLY,NONE
000683.SZ,SZ_MAIN,1,0.381006,77,76,1,0,VALID,,,2026-08-31T19:18:01+08:00,DATA_AND_RESEARCH_EVIDENCE_ONLY,NONE
000685.SZ,SZ_MAIN,1,0.443281,55,54,1,0,VALID,,,2026-08-31T19:21:27+08:00,DATA_AND_RESEARCH_EVIDENCE_ONLY,NONE
000686.SZ,SZ_MAIN,1,0.473413,29,28,1,0,VALID,,,2026-08-31T19:18:01+08:00,DATA_AND_RESEARCH_EVIDENCE_ONLY,NONE
000688.SZ,SZ_MAIN,1,0.39402,43,43,0,0,VALID,,,2026-08-31T19:18:02+08:00,DATA_AND_RESEARCH_EVIDENCE_ONLY,NONE
000690.SZ,SZ_MAIN,1,0.266728,48,47,1,0,VALID,,,2026-08-31T19:18:03+08:00,DATA_AND_RESEARCH_EVIDENCE_ONLY,NONE
000691.SZ,SZ_MAIN,1,0.518993,19,16,3,0,VALID,,,2026-08-31T19:18:02+08:00,DATA_AND_RESEARCH_EVIDENCE_ONLY,NONE
000692.SZ,SZ_MAIN,1,0.278515,33,31,2,0,VALID,,,2026-08-31T19:18:03+08:00,DATA_AND_RESEARCH_EVIDENCE_ONLY,NONE
000695.SZ,SZ_MAIN,1,0.561062,18,18,0,0,VALID,,,2026-08-31T19:22:14+08:00,DATA_AND_RESEARCH_EVIDENCE_ONLY,NONE
000697.SZ,SZ_MAIN,1,0.327067,42,41,1,0,VALID,,,2026-08-31T19:21:27+08:00,DATA_AND_RESEARCH_EVIDENCE_ONLY,NONE
000698.SZ,SZ_MAIN,1,0.851917,28,27,1,0,VALID,,,2026-08-31T19:18:03+08:00,DATA_AND_RESEARCH_EVIDENCE_ONLY,NONE
000700.SZ,SZ_MAIN,1,0.300221,37,37,0,0,VALID,,,2026-08-31T19:21:13+08:00,DATA_AND_RESEARCH_EVIDENCE_ONLY,NONE
000701.SZ,SZ_MAIN,1,0.519947,49,49,0,0,VALID,,,2026-08-31T19:21:20+08:00,DATA_AND_RESEARCH_EVIDENCE_ONLY,NONE
000702.SZ,SZ_MAIN,1,0.296545,29,28,1,0,VALID,,,2026-08-31T19:18:01+08:00,DATA_AND_RESEARCH_EVIDENCE_ONLY,NONE
000703.SZ,SZ_MAIN,1,0.303603,90,90,0,0,VALID,,,2026-08-31T19:18:02+08:00,DATA_AND_RESEARCH_EVIDENCE_ONLY,NONE
000705.SZ,SZ_MAIN,1,0.39826,35,35,0,0,VALID,,,2026-08-31T19:21:20+08:00,DATA_AND_RESEARCH_EVIDENCE_ONLY,NONE
000707.SZ,SZ_MAIN,1,0.718394,25,24,1,0,VALID,,,2026-08-31T19:19:05+08:00,DATA_AND_RESEARCH_EVIDENCE_ONLY,NONE
000708.SZ,SZ_MAIN,1,0.296718,47,46,1,0,VALID,,,2026-08-31T19:21:22+08:00,DATA_AND_RESEARCH_EVIDENCE_ONLY,NONE
000709.SZ,SZ_MAIN,1,0.773607,47,46,1,0,VALID,,,2026-08-31T19:21:39+08:00,DATA_AND_RESEARCH_EVIDENCE_ONLY,NONE
000710.SZ,SZ_MAIN,1,0.3522,30,29,1,0,VALID,,,2026-08-31T19:22:15+08:00,DATA_AND_RESEARCH_EVIDENCE_ONLY,NONE
000711.SZ,SZ_MAIN,1,0.40516,53,52,1,0,PRICE_UNAVAILABLE,,,2026-08-31T19:17:57+08:00,DATA_AND_RESEARCH_EVIDENCE_ONLY,NONE
000712.SZ,SZ_MAIN,1,0.330137,34,33,1,0,VALID,,,2026-08-31T19:18:02+08:00,DATA_AND_RESEARCH_EVIDENCE_ONLY,NONE
000713.SZ,SZ_MAIN,1,0.709832,30,29,1,0,VALID,,,2026-08-31T19:18:03+08:00,DATA_AND_RESEARCH_EVIDENCE_ONLY,NONE
000715.SZ,SZ_MAIN,1,0.631825,33,32,1,0,VALID,,,2026-08-31T19:18:02+08:00,DATA_AND_RESEARCH_EVIDENCE_ONLY,NONE
000716.SZ,SZ_MAIN,1,0.739455,79,77,2,0,VALID,,,2026-08-31T19:21:22+08:00,DATA_AND_RESEARCH_EVIDENCE_ONLY,NONE
000717.SZ,SZ_MAIN,1,0.381179,41,40,1,0,VALID,,,2026-08-31T19:21:14+08:00,DATA_AND_RESEARCH_EVIDENCE_ONLY,NONE
000718.SZ,SZ_MAIN,1,0.413392,54,54,0,0,VALID,,,2026-08-31T19:19:05+08:00,DATA_AND_RESEARCH_EVIDENCE_ONLY,NONE
000719.SZ,SZ_MAIN,1,0.404008,21,21,0,0,VALID,,,2026-08-31T19:17:57+08:00,DATA_AND_RESEARCH_EVIDENCE_ONLY,NONE
000720.SZ,SZ_MAIN,1,0.532606,24,24,0,0,VALID,,,2026-08-31T19:17:58+08:00,DATA_AND_RESEARCH_EVIDENCE_ONLY,NONE
000721.SZ,SZ_MAIN,1,0.542914,38,38,0,0,VALID,,,2026-08-31T19:22:15+08:00,DATA_AND_RESEARCH_EVIDENCE_ONLY,NONE
000722.SZ,SZ_MAIN,1,0.283742,29,29,0,0,VALID,,,2026-08-31T19:19:06+08:00,DATA_AND_RESEARCH_EVIDENCE_ONLY,NONE
000723.SZ,SZ_MAIN,1,0.494776,65,65,0,0,VALID,,,2026-08-31T19:18:03+08:00,DATA_AND_RESEARCH_EVIDENCE_ONLY,NONE
000725.SZ,SZ_MAIN,1,0.347323,86,82,4,0,VALID,,,2026-08-31T19:21:15+08:00,DATA_AND_RESEARCH_EVIDENCE_ONLY,NONE
000726.SZ,SZ_MAIN,1,0.390924,94,92,2,0,VALID,,,2026-08-31T19:21:39+08:00,DATA_AND_RESEARCH_EVIDENCE_ONLY,NONE
000727.SZ,SZ_MAIN,1,0.380102,33,32,1,0,VALID,,,2026-08-31T19:21:15+08:00,DATA_AND_RESEARCH_EVIDENCE_ONLY,NONE
000728.SZ,SZ_MAIN,1,1.066248,22,21,1,0,VALID,,,2026-08-31T19:18:04+08:00,DATA_AND_RESEARCH_EVIDENCE_ONLY,NONE
000729.SZ,SZ_MAIN,1,0.573176,68,67,1,0,VALID,,,2026-08-31T19:18:05+08:00,DATA_AND_RESEARCH_EVIDENCE_ONLY,NONE
000731.SZ,SZ_MAIN,1,0.392011,31,30,1,0,VALID,,,2026-08-31T19:21:40+08:00,DATA_AND_RESEARCH_EVIDENCE_ONLY,NONE
000733.SZ,SZ_MAIN,1,0.323496,30,30,0,0,VALID,,,2026-08-31T19:18:06+08:00,DATA_AND_RESEARCH_EVIDENCE_ONLY,NONE
000735.SZ,SZ_MAIN,1,0.286078,27,27,0,0,VALID,,,2026-08-31T19:21:13+08:00,DATA_AND_RESEARCH_EVIDENCE_ONLY,NONE
000736.SZ,SZ_MAIN,1,0.435887,28,28,0,0,VALID,,,2026-08-31T19:18:06+08:00,DATA_AND_RESEARCH_EVIDENCE_ONLY,NONE
000737.SZ,SZ_MAIN,1,0.387908,40,40,0,0,VALID,,,2026-08-31T19:18:02+08:00,DATA_AND_RESEARCH_EVIDENCE_ONLY,NONE
000738.SZ,SZ_MAIN,1,0.3287,27,27,0,0,VALID,,,2026-08-31T19:21:40+08:00,DATA_AND_RESEARCH_EVIDENCE_ONLY,NONE
000739.SZ,SZ_MAIN,1,0.454818,45,45,0,0,VALID,,,2026-08-31T19:18:06+08:00,DATA_AND_RESEARCH_EVIDENCE_ONLY,NONE
000750.SZ,SZ_MAIN,1,0.6168,28,28,0,0,VALID,,,2026-08-31T19:21:27+08:00,DATA_AND_RESEARCH_EVIDENCE_ONLY,NONE
000751.SZ,SZ_MAIN,1,0.363074,38,38,0,0,VALID,,,2026-08-31T19:18:03+08:00,DATA_AND_RESEARCH_EVIDENCE_ONLY,NONE
000752.SZ,SZ_MAIN,1,0.761888,19,18,1,0,VALID,,,2026-08-31T19:22:16+08:00,DATA_AND_RESEARCH_EVIDENCE_ONLY,NONE
000753.SZ,SZ_MAIN,1,0.268664,24,23,1,0,VALID,,,2026-08-31T19:18:06+08:00,DATA_AND_RESEARCH_EVIDENCE_ONLY,NONE
000755.SZ,SZ_MAIN,1,0.621004,28,28,0,0,VALID,,,2026-08-31T19:21:15+08:00,DATA_AND_RESEARCH_EVIDENCE_ONLY,NONE
000756.SZ,SZ_MAIN,1,0.323125,37,36,1,0,VALID,,,2026-08-31T19:21:41+08:00,DATA_AND_RESEARCH_EVIDENCE_ONLY,NONE
000757.SZ,SZ_MAIN,1,0.726602,41,41,0,0,VALID,,,2026-08-31T19:17:58+08:00,DATA_AND_RESEARCH_EVIDENCE_ONLY,NONE
000758.SZ,SZ_MAIN,1,0.302784,44,44,0,0,VALID,,,2026-08-31T19:21:13+08:00,DATA_AND_RESEARCH_EVIDENCE_ONLY,NONE
000759.SZ,SZ_MAIN,1,0.37779,44,44,0,0,VALID,,,2026-08-31T19:18:03+08:00,DATA_AND_RESEARCH_EVIDENCE_ONLY,NONE
000761.SZ,SZ_MAIN,1,0.915583,48,46,2,0,VALID,,,2026-08-31T19:18:04+08:00,DATA_AND_RESEARCH_EVIDENCE_ONLY,NONE
000762.SZ,SZ_MAIN,1,0.400035,34,33,1,0,VALID,,,2026-08-31T19:21:21+08:00,DATA_AND_RESEARCH_EVIDENCE_ONLY,NONE
000766.SZ,SZ_MAIN,1,0.729092,42,41,1,0,VALID,,,2026-08-31T19:21:44+08:00,DATA_AND_RESEARCH_EVIDENCE_ONLY,NONE
000767.SZ,SZ_MAIN,1,1.104228,39,38,1,0,VALID,,,2026-08-31T19:19:06+08:00,DATA_AND_RESEARCH_EVIDENCE_ONLY,NONE
000768.SZ,SZ_MAIN,1,0.270813,57,56,1,0,VALID,,,2026-08-31T19:21:41+08:00,DATA_AND_RESEARCH_EVIDENCE_ONLY,NONE
000776.SZ,SZ_MAIN,1,0.398607,21,20,1,0,VALID,,,2026-08-31T19:18:07+08:00,DATA_AND_RESEARCH_EVIDENCE_ONLY,NONE
000777.SZ,SZ_MAIN,1,0.371092,29,28,1,0,VALID,,,2026-08-31T19:18:04+08:00,DATA_AND_RESEARCH_EVIDENCE_ONLY,NONE
000778.SZ,SZ_MAIN,1,0.393151,64,63,1,0,VALID,,,2026-08-31T19:18:02+08:00,DATA_AND_RESEARCH_EVIDENCE_ONLY,NONE
000779.SZ,SZ_MAIN,1,0.87841,42,41,1,0,VALID,,,2026-08-31T19:21:44+08:00,DATA_AND_RESEARCH_EVIDENCE_ONLY,NONE
000782.SZ,SZ_MAIN,1,0.266896,27,26,1,0,VALID,,,2026-08-31T19:18:07+08:00,DATA_AND_RESEARCH_EVIDENCE_ONLY,NONE
000783.SZ,SZ_MAIN,1,0.29027,50,49,1,0,VALID,,,2026-08-31T19:18:07+08:00,DATA_AND_RESEARCH_EVIDENCE_ONLY,NONE
000785.SZ,SZ_MAIN,1,1.021686,42,42,0,0,VALID,,,2026-08-31T19:21:45+08:00,DATA_AND_RESEARCH_EVIDENCE_ONLY,NONE
000786.SZ,SZ_MAIN,1,0.541617,37,37,0,0,VALID,,,2026-08-31T19:21:16+08:00,DATA_AND_RESEARCH_EVIDENCE_ONLY,NONE
000788.SZ,SZ_MAIN,1,0.39969,27,26,1,0,VALID,,,2026-08-31T19:21:21+08:00,DATA_AND_RESEARCH_EVIDENCE_ONLY,NONE
000789.SZ,SZ_MAIN,1,0.302518,41,40,1,0,VALID,,,2026-08-31T19:21:28+08:00,DATA_AND_RESEARCH_EVIDENCE_ONLY,NONE
000790.SZ,SZ_MAIN,1,0.486116,63,63,0,0,VALID,,,2026-08-31T19:21:23+08:00,DATA_AND_RESEARCH_EVIDENCE_ONLY,NONE
000791.SZ,SZ_MAIN,1,0.348742,35,34,1,0,VALID,,,2026-08-31T19:18:33+08:00,DATA_AND_RESEARCH_EVIDENCE_ONLY,NONE
000792.SZ,SZ_MAIN,1,0.277778,52,51,1,0,VALID,,,2026-08-31T19:18:07+08:00,DATA_AND_RESEARCH_EVIDENCE_ONLY,NONE
000793.SZ,SZ_MAIN,1,0.350484,51,51,0,0,VALID,,,2026-08-31T19:21:22+08:00,DATA_AND_RESEARCH_EVIDENCE_ONLY,NONE
000795.SZ,SZ_MAIN,1,0.418258,32,31,1,0,VALID,,,2026-08-31T19:21:14+08:00,DATA_AND_RESEARCH_EVIDENCE_ONLY,NONE
000796.SZ,SZ_MAIN,1,0.303179,44,44,0,0,VALID,,,2026-08-31T19:18:07+08:00,DATA_AND_RESEARCH_EVIDENCE_ONLY,NONE
000797.SZ,SZ_MAIN,1,0.644426,58,57,1,0,VALID,,,2026-08-31T19:18:08+08:00,DATA_AND_RESEARCH_EVIDENCE_ONLY,NONE
000798.SZ,SZ_MAIN,1,2.468448,30,29,1,0,VALID,,,2026-08-31T19:18:04+08:00,DATA_AND_RESEARCH_EVIDENCE_ONLY,NONE
000799.SZ,SZ_MAIN,1,0.29819,18,17,1,0,VALID,,,2026-08-31T19:21:28+08:00,DATA_AND_RESEARCH_EVIDENCE_ONLY,NONE
000800.SZ,SZ_MAIN,1,0.546538,45,44,1,0,VALID,,,2026-08-31T19:22:17+08:00,DATA_AND_RESEARCH_EVIDENCE_ONLY,NONE
000801.SZ,SZ_MAIN,1,0.265878,26,26,0,0,VALID,,,2026-08-31T19:18:08+08:00,DATA_AND_RESEARCH_EVIDENCE_ONLY,NONE
000802.SZ,SZ_MAIN,1,0.332196,53,52,1,0,VALID,,,2026-08-31T19:21:41+08:00,DATA_AND_RESEARCH_EVIDENCE_ONLY,NONE
000803.SZ,SZ_MAIN,1,0.334083,57,57,0,0,VALID,,,2026-08-31T19:18:33+08:00,DATA_AND_RESEARCH_EVIDENCE_ONLY,NONE
000807.SZ,SZ_MAIN,1,0.37681,68,67,1,0,VALID,,,2026-08-31T19:21:29+08:00,DATA_AND_RESEARCH_EVIDENCE_ONLY,NONE
000809.SZ,SZ_MAIN,1,0.358451,16,16,0,0,VALID,,,2026-08-31T19:18:07+08:00,DATA_AND_RESEARCH_EVIDENCE_ONLY,NONE
000810.SZ,SZ_MAIN,1,0.30329,79,79,0,0,VALID,,,2026-08-31T19:21:14+08:00,DATA_AND_RESEARCH_EVIDENCE_ONLY,NONE
000811.SZ,SZ_MAIN,1,0.351386,54,54,0,0,VALID,,,2026-08-31T19:21:15+08:00,DATA_AND_RESEARCH_EVIDENCE_ONLY,NONE
000812.SZ,SZ_MAIN,1,0.286317,45,44,1,0,VALID,,,2026-08-31T19:21:46+08:00,DATA_AND_RESEARCH_EVIDENCE_ONLY,NONE
000813.SZ,SZ_MAIN,1,0.271373,44,43,1,0,VALID,,,2026-08-31T19:18:08+08:00,DATA_AND_RESEARCH_EVIDENCE_ONLY,NONE
000815.SZ,SZ_MAIN,1,0.67736,31,30,1,0,VALID,,,2026-08-31T19:22:17+08:00,DATA_AND_RESEARCH_EVIDENCE_ONLY,NONE
000816.SZ,SZ_MAIN,1,0.449968,44,43,1,0,VALID,,,2026-08-31T19:21:47+08:00,DATA_AND_RESEARCH_EVIDENCE_ONLY,NONE
000818.SZ,SZ_MAIN,1,0.350863,60,59,1,0,VALID,,,2026-08-31T19:21:16+08:00,DATA_AND_RESEARCH_EVIDENCE_ONLY,NONE
000819.SZ,SZ_MAIN,1,0.443664,36,36,0,0,VALID,,,2026-08-31T19:21:47+08:00,DATA_AND_RESEARCH_EVIDENCE_ONLY,NONE
000820.SZ,SZ_MAIN,1,0.373452,36,34,2,0,VALID,,,2026-08-31T19:21:23+08:00,DATA_AND_RESEARCH_EVIDENCE_ONLY,NONE
000821.SZ,SZ_MAIN,1,0.300502,39,37,2,0,VALID,,,2026-08-31T19:21:15+08:00,DATA_AND_RESEARCH_EVIDENCE_ONLY,NONE
000822.SZ,SZ_MAIN,1,0.296108,27,26,1,0,VALID,,,2026-08-31T19:21:15+08:00,DATA_AND_RESEARCH_EVIDENCE_ONLY,NONE
000823.SZ,SZ_MAIN,1,0.270549,51,50,1,0,VALID,,,2026-08-31T19:21:42+08:00,DATA_AND_RESEARCH_EVIDENCE_ONLY,NONE
000825.SZ,SZ_MAIN,1,0.2734,37,36,1,0,VALID,,,2026-08-31T19:18:09+08:00,DATA_AND_RESEARCH_EVIDENCE_ONLY,NONE
000826.SZ,SZ_MAIN,1,0.291906,53,52,1,0,VALID,,,2026-08-31T19:18:03+08:00,DATA_AND_RESEARCH_EVIDENCE_ONLY,NONE
000828.SZ,SZ_MAIN,1,0.27081,16,15,1,0,VALID,,,2026-08-31T19:18:34+08:00,DATA_AND_RESEARCH_EVIDENCE_ONLY,NONE
000829.SZ,SZ_MAIN,1,0.339714,50,49,1,0,VALID,,,2026-08-31T19:19:07+08:00,DATA_AND_RESEARCH_EVIDENCE_ONLY,NONE
000830.SZ,SZ_MAIN,1,0.504527,49,48,1,0,VALID,,,2026-08-31T19:21:48+08:00,DATA_AND_RESEARCH_EVIDENCE_ONLY,NONE
000831.SZ,SZ_MAIN,1,0.610282,38,37,1,0,VALID,,,2026-08-31T19:21:24+08:00,DATA_AND_RESEARCH_EVIDENCE_ONLY,NONE
000833.SZ,SZ_MAIN,1,0.444951,27,26,1,0,VALID,,,2026-08-31T19:18:08+08:00,DATA_AND_RESEARCH_EVIDENCE_ONLY,NONE
000837.SZ,SZ_MAIN,1,0.443237,55,54,1,0,VALID,,,2026-08-31T19:21:17+08:00,DATA_AND_RESEARCH_EVIDENCE_ONLY,NONE
000838.SZ,SZ_MAIN,1,0.490122,29,29,0,0,VALID,,,2026-08-31T19:21:22+08:00,DATA_AND_RESEARCH_EVIDENCE_ONLY,NONE
000839.SZ,SZ_MAIN,1,0.321802,20,19,1,0,VALID,,,2026-08-31T19:18:08+08:00,DATA_AND_RESEARCH_EVIDENCE_ONLY,NONE
000848.SZ,SZ_MAIN,1,0.340479,45,44,1,0,VALID,,,2026-08-31T19:21:17+08:00,DATA_AND_RESEARCH_EVIDENCE_ONLY,NONE
000850.SZ,SZ_MAIN,1,0.324762,32,31,1,0,VALID,,,2026-08-31T19:18:03+08:00,DATA_AND_RESEARCH_EVIDENCE_ONLY,NONE
000852.SZ,SZ_MAIN,1,0.919541,38,37,1,0,VALID,,,2026-08-31T19:21:48+08:00,DATA_AND_RESEARCH_EVIDENCE_ONLY,NONE
000856.SZ,SZ_MAIN,1,0.297266,10,9,1,0,VALID,,,2026-08-31T19:21:16+08:00,DATA_AND_RESEARCH_EVIDENCE_ONLY,NONE
000858.SZ,SZ_MAIN,1,0.3748,42,41,1,0,VALID,,,2026-08-31T19:18:05+08:00,DATA_AND_RESEARCH_EVIDENCE_ONLY,NONE
000859.SZ,SZ_MAIN,1,0.605663,36,35,1,0,VALID,,,2026-08-31T19:18:09+08:00,DATA_AND_RESEARCH_EVIDENCE_ONLY,NONE
000860.SZ,SZ_MAIN,1,0.402745,26,25,1,0,VALID,,,2026-08-31T19:21:18+08:00,DATA_AND_RESEARCH_EVIDENCE_ONLY,NONE
000862.SZ,SZ_MAIN,1,0.488084,19,18,1,0,VALID,,,2026-08-31T19:18:05+08:00,DATA_AND_RESEARCH_EVIDENCE_ONLY,NONE
000863.SZ,SZ_MAIN,1,0.295603,46,45,1,0,VALID,,,2026-08-31T19:21:24+08:00,DATA_AND_RESEARCH_EVIDENCE_ONLY,NONE
000868.SZ,SZ_MAIN,1,0.266487,35,35,0,0,VALID,,,2026-08-31T19:18:34+08:00,DATA_AND_RESEARCH_EVIDENCE_ONLY,NONE
000869.SZ,SZ_MAIN,1,0.383694,26,25,1,0,VALID,,,2026-08-31T19:18:09+08:00,DATA_AND_RESEARCH_EVIDENCE_ONLY,NONE
000875.SZ,SZ_MAIN,1,0.499961,52,52,0,0,VALID,,,2026-08-31T19:19:08+08:00,DATA_AND_RESEARCH_EVIDENCE_ONLY,NONE
000876.SZ,SZ_MAIN,1,0.391509,107,106,1,1,VALID,,,2026-08-31T19:18:06+08:00,DATA_AND_RESEARCH_EVIDENCE_ONLY,NONE
000877.SZ,SZ_MAIN,1,0.635252,51,50,1,0,VALID,,,2026-08-31T19:17:59+08:00,DATA_AND_RESEARCH_EVIDENCE_ONLY,NONE
000878.SZ,SZ_MAIN,1,0.279256,40,39,1,0,VALID,,,2026-08-31T19:18:34+08:00,DATA_AND_RESEARCH_EVIDENCE_ONLY,NONE
000880.SZ,SZ_MAIN,1,0.303102,11,10,1,0,VALID,,,2026-08-31T19:17:59+08:00,DATA_AND_RESEARCH_EVIDENCE_ONLY,NONE
000881.SZ,SZ_MAIN,1,0.26988,41,39,2,0,VALID,,,2026-08-31T19:21:42+08:00,DATA_AND_RESEARCH_EVIDENCE_ONLY,NONE
000882.SZ,SZ_MAIN,1,0.294566,37,36,1,0,VALID,,,2026-08-31T19:21:25+08:00,DATA_AND_RESEARCH_EVIDENCE_ONLY,NONE
000883.SZ,SZ_MAIN,1,0.607941,64,63,1,0,VALID,,,2026-08-31T19:18:10+08:00,DATA_AND_RESEARCH_EVIDENCE_ONLY,NONE
000885.SZ,SZ_MAIN,1,0.439207,27,26,1,0,VALID,,,2026-08-31T19:21:49+08:00,DATA_AND_RESEARCH_EVIDENCE_ONLY,NONE
000886.SZ,SZ_MAIN,1,0.484429,45,43,2,0,VALID,,,2026-08-31T19:18:03+08:00,DATA_AND_RESEARCH_EVIDENCE_ONLY,NONE
000887.SZ,SZ_MAIN,1,0.273905,62,61,1,0,VALID,,,2026-08-31T19:18:09+08:00,DATA_AND_RESEARCH_EVIDENCE_ONLY,NONE
000888.SZ,SZ_MAIN,1,0.340627,24,23,1,0,VALID,,,2026-08-31T19:18:34+08:00,DATA_AND_RESEARCH_EVIDENCE_ONLY,NONE
000889.SZ,SZ_MAIN,1,0.557567,26,25,1,0,VALID,,,2026-08-31T19:22:18+08:00,DATA_AND_RESEARCH_EVIDENCE_ONLY,NONE
000890.SZ,SZ_MAIN,1,0.550035,37,36,1,0,VALID,,,2026-08-31T19:22:18+08:00,DATA_AND_RESEARCH_EVIDENCE_ONLY,NONE
000892.SZ,SZ_MAIN,1,0.315741,38,37,1,0,VALID,,,2026-08-31T19:21:29+08:00,DATA_AND_RESEARCH_EVIDENCE_ONLY,NONE
000893.SZ,SZ_MAIN,1,0.305278,63,62,1,0,VALID,,,2026-08-31T19:21:42+08:00,DATA_AND_RESEARCH_EVIDENCE_ONLY,NONE
000895.SZ,SZ_MAIN,1,0.394771,47,46,1,0,VALID,,,2026-08-31T19:18:04+08:00,DATA_AND_RESEARCH_EVIDENCE_ONLY,NONE
000897.SZ,SZ_MAIN,1,0.395138,31,30,1,0,VALID,,,2026-08-31T19:18:05+08:00,DATA_AND_RESEARCH_EVIDENCE_ONLY,NONE
000898.SZ,SZ_MAIN,1,0.329871,72,70,2,0,VALID,,,2026-08-31T19:21:42+08:00,DATA_AND_RESEARCH_EVIDENCE_ONLY,NONE
000899.SZ,SZ_MAIN,1,0.663605,34,33,1,0,VALID,,,2026-08-31T19:21:23+08:00,DATA_AND_RESEARCH_EVIDENCE_ONLY,NONE
000900.SZ,SZ_MAIN,1,0.307038,41,40,1,0,VALID,,,2026-08-31T19:18:00+08:00,DATA_AND_RESEARCH_EVIDENCE_ONLY,NONE
000901.SZ,SZ_MAIN,1,0.301855,26,25,1,0,VALID,,,2026-08-31T19:18:00+08:00,DATA_AND_RESEARCH_EVIDENCE_ONLY,NONE
000902.SZ,SZ_MAIN,1,0.382014,50,49,1,0,VALID,,,2026-08-31T19:21:18+08:00,DATA_AND_RESEARCH_EVIDENCE_ONLY,NONE
000903.SZ,SZ_MAIN,1,0.416058,25,24,1,0,VALID,,,2026-08-31T19:21:29+08:00,DATA_AND_RESEARCH_EVIDENCE_ONLY,NONE
000905.SZ,SZ_MAIN,1,0.302004,19,18,1,0,VALID,,,2026-08-31T19:21:16+08:00,DATA_AND_RESEARCH_EVIDENCE_ONLY,NONE
000906.SZ,SZ_MAIN,1,0.305128,41,40,1,0,VALID,,,2026-08-31T19:18:00+08:00,DATA_AND_RESEARCH_EVIDENCE_ONLY,NONE
000908.SZ,SZ_MAIN,1,0.299584,50,49,1,0,VALID,,,2026-08-31T19:21:30+08:00,DATA_AND_RESEARCH_EVIDENCE_ONLY,NONE
000909.SZ,SZ_MAIN,1,0.315701,19,18,1,0,VALID,,,2026-08-31T19:18:07+08:00,DATA_AND_RESEARCH_EVIDENCE_ONLY,NONE
000910.SZ,SZ_MAIN,1,0.267811,34,33,1,0,VALID,,,2026-08-31T19:18:09+08:00,DATA_AND_RESEARCH_EVIDENCE_ONLY,NONE
000911.SZ,SZ_MAIN,1,0.433391,15,14,1,0,VALID,,,2026-08-31T19:18:35+08:00,DATA_AND_RESEARCH_EVIDENCE_ONLY,NONE
000912.SZ,SZ_MAIN,1,0.362494,10,9,1,0,VALID,,,2026-08-31T19:22:19+08:00,DATA_AND_RESEARCH_EVIDENCE_ONLY,NONE
000913.SZ,SZ_MAIN,1,0.27724,37,36,1,0,VALID,,,2026-08-31T19:18:35+08:00,DATA_AND_RESEARCH_EVIDENCE_ONLY,NONE
000915.SZ,SZ_MAIN,1,0.513149,32,31,1,0,VALID,,,2026-08-31T19:21:30+08:00,DATA_AND_RESEARCH_EVIDENCE_ONLY,NONE
000917.SZ,SZ_MAIN,1,1.022886,45,44,1,0,VALID,,,2026-08-31T19:21:49+08:00,DATA_AND_RESEARCH_EVIDENCE_ONLY,NONE
000919.SZ,SZ_MAIN,1,0.326119,55,54,1,0,VALID,,,2026-08-31T19:21:23+08:00,DATA_AND_RESEARCH_EVIDENCE_ONLY,NONE
000920.SZ,SZ_MAIN,1,0.302079,18,17,1,0,VALID,,,2026-08-31T19:18:04+08:00,DATA_AND_RESEARCH_EVIDENCE_ONLY,NONE
000921.SZ,SZ_MAIN,1,0.293504,40,40,0,0,VALID,,,2026-08-31T19:18:04+08:00,DATA_AND_RESEARCH_EVIDENCE_ONLY,NONE
000922.SZ,SZ_MAIN,1,0.301523,50,49,1,0,VALID,,,2026-08-31T19:21:25+08:00,DATA_AND_RESEARCH_EVIDENCE_ONLY,NONE
000923.SZ,SZ_MAIN,1,0.558479,23,22,1,0,VALID,,,2026-08-31T19:18:10+08:00,DATA_AND_RESEARCH_EVIDENCE_ONLY,NONE
000925.SZ,SZ_MAIN,1,0.302181,77,76,1,0,VALID,,,2026-08-31T19:21:31+08:00,DATA_AND_RESEARCH_EVIDENCE_ONLY,NONE
000926.SZ,SZ_MAIN,1,0.429367,53,52,1,0,VALID,,,2026-08-31T19:18:07+08:00,DATA_AND_RESEARCH_EVIDENCE_ONLY,NONE
000927.SZ,SZ_MAIN,1,0.405329,18,17,1,0,VALID,,,2026-08-31T19:21:24+08:00,DATA_AND_RESEARCH_EVIDENCE_ONLY,NONE
000928.SZ,SZ_MAIN,1,0.271306,42,41,1,0,VALID,,,2026-08-31T19:18:35+08:00,DATA_AND_RESEARCH_EVIDENCE_ONLY,NONE
000929.SZ,SZ_MAIN,1,0.475048,13,12,1,0,VALID,,,2026-08-31T19:18:08+08:00,DATA_AND_RESEARCH_EVIDENCE_ONLY,NONE
000930.SZ,SZ_MAIN,1,0.340697,45,44,1,0,VALID,,,2026-08-31T19:18:36+08:00,DATA_AND_RESEARCH_EVIDENCE_ONLY,NONE
000931.SZ,SZ_MAIN,1,0.575149,25,25,0,0,VALID,,,2026-08-31T19:21:25+08:00,DATA_AND_RESEARCH_EVIDENCE_ONLY,NONE
000932.SZ,SZ_MAIN,1,0.303708,57,56,1,0,VALID,,,2026-08-31T19:21:31+08:00,DATA_AND_RESEARCH_EVIDENCE_ONLY,NONE
000933.SZ,SZ_MAIN,1,0.313199,51,50,1,0,VALID,,,2026-08-31T19:21:16+08:00,DATA_AND_RESEARCH_EVIDENCE_ONLY,NONE
000935.SZ,SZ_MAIN,1,0.816791,21,20,1,0,VALID,,,2026-08-31T19:22:19+08:00,DATA_AND_RESEARCH_EVIDENCE_ONLY,NONE
000936.SZ,SZ_MAIN,1,0.306772,38,37,1,0,VALID,,,2026-08-31T19:18:11+08:00,DATA_AND_RESEARCH_EVIDENCE_ONLY,NONE
000937.SZ,SZ_MAIN,1,0.313842,44,43,1,0,VALID,,,2026-08-31T19:18:36+08:00,DATA_AND_RESEARCH_EVIDENCE_ONLY,NONE
000938.SZ,SZ_MAIN,1,0.299453,23,22,1,0,VALID,,,2026-08-31T19:21:26+08:00,DATA_AND_RESEARCH_EVIDENCE_ONLY,NONE
000948.SZ,SZ_MAIN,1,0.626648,64,63,1,0,VALID,,,2026-08-31T19:21:26+08:00,DATA_AND_RESEARCH_EVIDENCE_ONLY,NONE
000949.SZ,SZ_MAIN,1,0.393533,52,51,1,0,VALID,,,2026-08-31T19:18:11+08:00,DATA_AND_RESEARCH_EVIDENCE_ONLY,NONE
000950.SZ,SZ_MAIN,1,0.276986,25,24,1,0,VALID,,,2026-08-31T19:18:11+08:00,DATA_AND_RESEARCH_EVIDENCE_ONLY,NONE
000951.SZ,SZ_MAIN,1,0.765109,23,22,1,0,VALID,,,2026-08-31T19:21:18+08:00,DATA_AND_RESEARCH_EVIDENCE_ONLY,NONE
000952.SZ,SZ_MAIN,1,0.328295,34,33,1,0,VALID,,,2026-08-31T19:18:12+08:00,DATA_AND_RESEARCH_EVIDENCE_ONLY,NONE
000953.SZ,SZ_MAIN,1,0.413966,29,28,1,0,VALID,,,2026-08-31T19:21:27+08:00,DATA_AND_RESEARCH_EVIDENCE_ONLY,NONE
000955.SZ,SZ_MAIN,1,0.31305,40,39,1,0,VALID,,,2026-08-31T19:18:36+08:00,DATA_AND_RESEARCH_EVIDENCE_ONLY,NONE
000957.SZ,SZ_MAIN,1,0.265321,24,23,1,0,VALID,,,2026-08-31T19:18:37+08:00,DATA_AND_RESEARCH_EVIDENCE_ONLY,NONE
000958.SZ,SZ_MAIN,1,0.328003,32,31,1,0,VALID,,,2026-08-31T19:21:19+08:00,DATA_AND_RESEARCH_EVIDENCE_ONLY,NONE
000959.SZ,SZ_MAIN,1,0.356174,47,46,1,0,VALID,,,2026-08-31T19:21:27+08:00,DATA_AND_RESEARCH_EVIDENCE_ONLY,NONE
000960.SZ,SZ_MAIN,1,0.338697,50,49,1,0,VALID,,,2026-08-31T19:18:37+08:00,DATA_AND_RESEARCH_EVIDENCE_ONLY,NONE
000962.SZ,SZ_MAIN,1,0.656622,44,43,1,0,VALID,,,2026-08-31T19:18:10+08:00,DATA_AND_RESEARCH_EVIDENCE_ONLY,NONE
000963.SZ,SZ_MAIN,1,0.308716,44,44,0,0,VALID,,,2026-08-31T19:22:20+08:00,DATA_AND_RESEARCH_EVIDENCE_ONLY,NONE
000965.SZ,SZ_MAIN,1,0.326598,12,11,1,0,VALID,,,2026-08-31T19:19:08+08:00,DATA_AND_RESEARCH_EVIDENCE_ONLY,NONE
000966.SZ,SZ_MAIN,1,0.380267,24,23,1,0,VALID,,,2026-08-31T19:18:12+08:00,DATA_AND_RESEARCH_EVIDENCE_ONLY,NONE
000967.SZ,SZ_MAIN,1,0.280005,65,64,1,0,VALID,,,2026-08-31T19:18:37+08:00,DATA_AND_RESEARCH_EVIDENCE_ONLY,NONE
000968.SZ,SZ_MAIN,1,0.333691,24,23,1,0,VALID,,,2026-08-31T19:18:38+08:00,DATA_AND_RESEARCH_EVIDENCE_ONLY,NONE
000969.SZ,SZ_MAIN,1,0.34071,70,69,1,0,VALID,,,2026-08-31T19:21:43+08:00,DATA_AND_RESEARCH_EVIDENCE_ONLY,NONE
000970.SZ,SZ_MAIN,1,0.295231,14,13,1,0,VALID,,,2026-08-31T19:21:28+08:00,DATA_AND_RESEARCH_EVIDENCE_ONLY,NONE
000972.SZ,SZ_MAIN,1,0.375927,28,27,1,0,VALID,,,2026-08-31T19:18:12+08:00,DATA_AND_RESEARCH_EVIDENCE_ONLY,NONE
000973.SZ,SZ_MAIN,1,0.304475,30,29,1,0,VALID,,,2026-08-31T19:21:31+08:00,DATA_AND_RESEARCH_EVIDENCE_ONLY,NONE
000975.SZ,SZ_MAIN,1,0.308703,45,44,1,0,VALID,,,2026-08-31T19:21:32+08:00,DATA_AND_RESEARCH_EVIDENCE_ONLY,NONE
000977.SZ,SZ_MAIN,1,0.276499,35,34,1,0,VALID,,,2026-08-31T19:18:08+08:00,DATA_AND_RESEARCH_EVIDENCE_ONLY,NONE
000978.SZ,SZ_MAIN,1,0.332435,25,23,2,0,VALID,,,2026-08-31T19:18:38+08:00,DATA_AND_RESEARCH_EVIDENCE_ONLY,NONE
000980.SZ,SZ_MAIN,1,0.300686,37,36,1,0,VALID,,,2026-08-31T19:18:01+08:00,DATA_AND_RESEARCH_EVIDENCE_ONLY,NONE
000981.SZ,SZ_MAIN,1,0.375424,24,23,1,0,VALID,,,2026-08-31T19:18:13+08:00,DATA_AND_RESEARCH_EVIDENCE_ONLY,NONE
000983.SZ,SZ_MAIN,1,0.570846,39,38,1,0,VALID,,,2026-08-31T19:21:20+08:00,DATA_AND_RESEARCH_EVIDENCE_ONLY,NONE
000985.SZ,SZ_MAIN,1,0.314483,6,5,1,0,VALID,,,2026-08-31T19:21:24+08:00,DATA_AND_RESEARCH_EVIDENCE_ONLY,NONE
000987.SZ,SZ_MAIN,1,0.38492,54,53,1,0,VALID,,,2026-08-31T19:18:13+08:00,DATA_AND_RESEARCH_EVIDENCE_ONLY,NONE
000988.SZ,SZ_MAIN,1,0.373669,26,25,1,0,VALID,,,2026-08-31T19:21:20+08:00,DATA_AND_RESEARCH_EVIDENCE_ONLY,NONE
000989.SZ,SZ_MAIN,1,0.898839,40,39,1,0,VALID,,,2026-08-31T19:21:50+08:00,DATA_AND_RESEARCH_EVIDENCE_ONLY,NONE
000990.SZ,SZ_MAIN,1,0.374227,35,34,1,0,VALID,,,2026-08-31T19:18:08+08:00,DATA_AND_RESEARCH_EVIDENCE_ONLY,NONE
000993.SZ,SZ_MAIN,1,0.324823,11,10,1,0,VALID,,,2026-08-31T19:21:24+08:00,DATA_AND_RESEARCH_EVIDENCE_ONLY,NONE
000995.SZ,SZ_MAIN,1,0.602267,17,16,1,0,VALID,,,2026-08-31T19:18:06+08:00,DATA_AND_RESEARCH_EVIDENCE_ONLY,NONE
000997.SZ,SZ_MAIN,1,0.449125,77,76,1,0,VALID,,,2026-08-31T19:19:09+08:00,DATA_AND_RESEARCH_EVIDENCE_ONLY,NONE
000998.SZ,SZ_MAIN,1,0.459421,51,50,1,0,VALID,,,2026-08-31T19:18:05+08:00,DATA_AND_RESEARCH_EVIDENCE_ONLY,NONE
000999.SZ,SZ_MAIN,1,0.317962,39,38,1,0,VALID,,,2026-08-31T19:18:09+08:00,DATA_AND_RESEARCH_EVIDENCE_ONLY,NONE
001201.SZ,SZ_MAIN,1,0.406212,20,19,1,0,VALID,,,2026-08-31T19:21:17+08:00,DATA_AND_RESEARCH_EVIDENCE_ONLY,NONE
001202.SZ,SZ_MAIN,1,0.299719,14,12,2,0,VALID,,,2026-08-31T19:21:32+08:00,DATA_AND_RESEARCH_EVIDENCE_ONLY,NONE
001203.SZ,SZ_MAIN,1,0.570022,24,22,2,0,VALID,,,2026-08-31T19:18:14+08:00,DATA_AND_RESEARCH_EVIDENCE_ONLY,NONE
001205.SZ,SZ_MAIN,1,0.430957,45,43,2,0,VALID,,,2026-08-31T19:18:38+08:00,DATA_AND_RESEARCH_EVIDENCE_ONLY,NONE
001206.SZ,SZ_MAIN,1,0.289235,20,17,3,0,VALID,,,2026-08-31T19:22:20+08:00,DATA_AND_RESEARCH_EVIDENCE_ONLY,NONE
001207.SZ,SZ_MAIN,1,0.364486,26,25,1,0,VALID,,,2026-08-31T19:18:09+08:00,DATA_AND_RESEARCH_EVIDENCE_ONLY,NONE
001208.SZ,SZ_MAIN,1,0.407184,12,11,1,0,VALID,,,2026-08-31T19:21:32+08:00,DATA_AND_RESEARCH_EVIDENCE_ONLY,NONE
001209.SZ,SZ_MAIN,1,0.446769,8,7,1,0,VALID,,,2026-08-31T19:22:21+08:00,DATA_AND_RESEARCH_EVIDENCE_ONLY,NONE
001210.SZ,SZ_MAIN,1,0.329127,17,15,2,0,VALID,,,2026-08-31T19:21:43+08:00,DATA_AND_RESEARCH_EVIDENCE_ONLY,NONE
001211.SZ,SZ_MAIN,1,0.405622,14,13,1,0,VALID,,,2026-08-31T19:18:06+08:00,DATA_AND_RESEARCH_EVIDENCE_ONLY,NONE
001212.SZ,SZ_MAIN,1,0.58041,39,38,1,0,VALID,,,2026-08-31T19:18:01+08:00,DATA_AND_RESEARCH_EVIDENCE_ONLY,NONE
001213.SZ,SZ_MAIN,1,0.570844,5,4,1,0,VALID,,,2026-08-31T19:21:25+08:00,DATA_AND_RESEARCH_EVIDENCE_ONLY,NONE
001215.SZ,SZ_MAIN,1,0.403513,25,24,1,0,VALID,,,2026-08-31T19:21:44+08:00,DATA_AND_RESEARCH_EVIDENCE_ONLY,NONE
001216.SZ,SZ_MAIN,1,0.300166,7,6,1,0,VALID,,,2026-08-31T19:21:17+08:00,DATA_AND_RESEARCH_EVIDENCE_ONLY,NONE
001217.SZ,SZ_MAIN,1,0.361758,12,11,1,0,VALID,,,2026-08-31T19:18:07+08:00,DATA_AND_RESEARCH_EVIDENCE_ONLY,NONE
001218.SZ,SZ_MAIN,1,0.306143,21,19,2,0,VALID,,,2026-08-31T19:18:02+08:00,DATA_AND_RESEARCH_EVIDENCE_ONLY,NONE
001219.SZ,SZ_MAIN,1,0.434853,36,35,1,0,VALID,,,2026-08-31T19:18:05+08:00,DATA_AND_RESEARCH_EVIDENCE_ONLY,NONE
001220.SZ,SZ_MAIN,1,0.295927,4,2,2,0,VALID,,,2026-08-31T19:18:02+08:00,DATA_AND_RESEARCH_EVIDENCE_ONLY,NONE
001221.SZ,SZ_MAIN,1,0.560176,4,3,1,0,VALID,,,2026-08-31T19:22:21+08:00,DATA_AND_RESEARCH_EVIDENCE_ONLY,NONE
001222.SZ,SZ_MAIN,1,0.325583,10,9,1,0,VALID,,,2026-08-31T19:18:09+08:00,DATA_AND_RESEARCH_EVIDENCE_ONLY,NONE
001223.SZ,SZ_MAIN,1,0.269671,6,5,1,0,VALID,,,2026-08-31T19:19:09+08:00,DATA_AND_RESEARCH_EVIDENCE_ONLY,NONE
001225.SZ,SZ_MAIN,1,0.480046,8,7,1,0,VALID,,,2026-08-31T19:22:22+08:00,DATA_AND_RESEARCH_EVIDENCE_ONLY,NONE
001226.SZ,SZ_MAIN,1,0.272795,5,4,1,0,VALID,,,2026-08-31T19:18:10+08:00,DATA_AND_RESEARCH_EVIDENCE_ONLY,NONE
001227.SZ,SZ_MAIN,1,0.338828,33,21,12,0,VALID,,,2026-08-31T19:21:44+08:00,DATA_AND_RESEARCH_EVIDENCE_ONLY,NONE
001228.SZ,SZ_MAIN,1,0.296022,5,4,1,0,VALID,,,2026-08-31T19:21:33+08:00,DATA_AND_RESEARCH_EVIDENCE_ONLY,NONE
001229.SZ,SZ_MAIN,1,0.329972,8,7,1,0,VALID,,,2026-08-31T19:21:25+08:00,DATA_AND_RESEARCH_EVIDENCE_ONLY,NONE
001230.SZ,SZ_MAIN,1,0.512928,11,10,1,0,VALID,,,2026-08-31T19:18:10+08:00,DATA_AND_RESEARCH_EVIDENCE_ONLY,NONE
001231.SZ,SZ_MAIN,1,0.369525,13,12,1,0,VALID,,,2026-08-31T19:18:14+08:00,DATA_AND_RESEARCH_EVIDENCE_ONLY,NONE
001232.SZ,SZ_MAIN,1,0.337637,3,1,2,0,VALID,,,2026-08-31T19:18:07+08:00,DATA_AND_RESEARCH_EVIDENCE_ONLY,NONE
001233.SZ,SZ_MAIN,1,0.633211,4,3,1,0,VALID,,,2026-08-31T19:18:11+08:00,DATA_AND_RESEARCH_EVIDENCE_ONLY,NONE
001234.SZ,SZ_MAIN,1,0.288783,13,12,1,0,VALID,,,2026-08-31T19:21:28+08:00,DATA_AND_RESEARCH_EVIDENCE_ONLY,NONE
001236.SZ,SZ_MAIN,1,0.845584,5,3,2,0,VALID,,,2026-08-31T19:21:21+08:00,DATA_AND_RESEARCH_EVIDENCE_ONLY,NONE
001237.SZ,SZ_MAIN,1,0.320741,3,2,1,0,VALID,,,2026-08-31T19:21:33+08:00,DATA_AND_RESEARCH_EVIDENCE_ONLY,NONE
001238.SZ,SZ_MAIN,1,0.546522,10,8,2,0,VALID,,,2026-08-31T19:21:51+08:00,DATA_AND_RESEARCH_EVIDENCE_ONLY,NONE
001239.SZ,SZ_MAIN,1,0.347761,8,7,1,0,VALID,,,2026-08-31T19:18:06+08:00,DATA_AND_RESEARCH_EVIDENCE_ONLY,NONE
001248.SZ,SZ_MAIN,1,0.267213,3,2,1,0,VALID,,,2026-08-31T19:21:44+08:00,DATA_AND_RESEARCH_EVIDENCE_ONLY,NONE
001255.SZ,SZ_MAIN,1,0.331875,10,9,1,0,VALID,,,2026-08-31T19:19:09+08:00,DATA_AND_RESEARCH_EVIDENCE_ONLY,NONE
001256.SZ,SZ_MAIN,1,0.686009,9,8,1,0,VALID,,,2026-08-31T19:21:28+08:00,DATA_AND_RESEARCH_EVIDENCE_ONLY,NONE
001257.SZ,SZ_MAIN,1,0.735433,3,2,1,0,VALID,,,2026-08-31T19:19:10+08:00,DATA_AND_RESEARCH_EVIDENCE_ONLY,NONE
001258.SZ,SZ_MAIN,1,0.339148,10,9,1,0,VALID,,,2026-08-31T19:21:29+08:00,DATA_AND_RESEARCH_EVIDENCE_ONLY,NONE
001259.SZ,SZ_MAIN,1,0.268875,8,5,3,0,VALID,,,2026-08-31T19:19:10+08:00,DATA_AND_RESEARCH_EVIDENCE_ONLY,NONE
001260.SZ,SZ_MAIN,1,0.479787,5,4,1,0,VALID,,,2026-08-31T19:18:39+08:00,DATA_AND_RESEARCH_EVIDENCE_ONLY,NONE
001266.SZ,SZ_MAIN,1,0.33151,16,15,1,0,VALID,,,2026-08-31T19:19:11+08:00,DATA_AND_RESEARCH_EVIDENCE_ONLY,NONE
001267.SZ,SZ_MAIN,1,0.319565,49,49,0,0,VALID,,,2026-08-31T19:18:10+08:00,DATA_AND_RESEARCH_EVIDENCE_ONLY,NONE
001268.SZ,SZ_MAIN,1,0.55609,14,13,1,0,VALID,,,2026-08-31T19:18:15+08:00,DATA_AND_RESEARCH_EVIDENCE_ONLY,NONE
001269.SZ,SZ_MAIN,1,0.37857,22,19,3,0,VALID,,,2026-08-31T19:21:52+08:00,DATA_AND_RESEARCH_EVIDENCE_ONLY,NONE
001270.SZ,SZ_MAIN,1,0.74565,13,12,1,0,VALID,,,2026-08-31T19:18:08+08:00,DATA_AND_RESEARCH_EVIDENCE_ONLY,NONE
001277.SZ,SZ_MAIN,1,0.31969,11,7,4,0,VALID,,,2026-08-31T19:18:15+08:00,DATA_AND_RESEARCH_EVIDENCE_ONLY,NONE
001278.SZ,SZ_MAIN,1,0.334651,15,12,3,0,VALID,,,2026-08-31T19:21:21+08:00,DATA_AND_RESEARCH_EVIDENCE_ONLY,NONE
001279.SZ,SZ_MAIN,1,0.31609,5,4,1,0,VALID,,,2026-08-31T19:18:02+08:00,DATA_AND_RESEARCH_EVIDENCE_ONLY,NONE
001280.SZ,SZ_MAIN,1,0.390735,5,4,1,0,VALID,,,2026-08-31T19:21:26+08:00,DATA_AND_RESEARCH_EVIDENCE_ONLY,NONE
001282.SZ,SZ_MAIN,1,0.267587,9,8,1,0,VALID,,,2026-08-31T19:19:11+08:00,DATA_AND_RESEARCH_EVIDENCE_ONLY,NONE
001283.SZ,SZ_MAIN,1,0.271799,30,29,1,0,VALID,,,2026-08-31T19:18:11+08:00,DATA_AND_RESEARCH_EVIDENCE_ONLY,NONE
001285.SZ,SZ_MAIN,1,0.370656,12,11,1,0,VALID,,,2026-08-31T19:21:26+08:00,DATA_AND_RESEARCH_EVIDENCE_ONLY,NONE
001286.SZ,SZ_MAIN,1,0.299469,8,7,1,0,VALID,,,2026-08-31T19:21:33+08:00,DATA_AND_RESEARCH_EVIDENCE_ONLY,NONE
001287.SZ,SZ_MAIN,1,0.469821,6,5,1,0,VALID,,,2026-08-31T19:18:06+08:00,DATA_AND_RESEARCH_EVIDENCE_ONLY,NONE
001288.SZ,SZ_MAIN,1,0.299608,56,55,1,0,VALID,,,2026-08-31T19:18:03+08:00,DATA_AND_RESEARCH_EVIDENCE_ONLY,NONE
001289.SZ,SZ_MAIN,1,0.266892,8,5,3,0,VALID,,,2026-08-31T19:18:11+08:00,DATA_AND_RESEARCH_EVIDENCE_ONLY,NONE
001296.SZ,SZ_MAIN,1,0.265919,20,19,1,0,VALID,,,2026-08-31T19:18:39+08:00,DATA_AND_RESEARCH_EVIDENCE_ONLY,NONE
001298.SZ,SZ_MAIN,1,0.716009,22,21,1,0,VALID,,,2026-08-31T19:21:52+08:00,DATA_AND_RESEARCH_EVIDENCE_ONLY,NONE
001299.SZ,SZ_MAIN,1,0.297513,18,15,3,0,VALID,,,2026-08-31T19:22:22+08:00,DATA_AND_RESEARCH_EVIDENCE_ONLY,NONE
001300.SZ,SZ_MAIN,1,0.317336,4,3,1,0,VALID,,,2026-08-31T19:18:15+08:00,DATA_AND_RESEARCH_EVIDENCE_ONLY,NONE
001301.SZ,SZ_MAIN,1,0.292828,29,28,1,1,VALID,,,2026-08-31T19:21:29+08:00,DATA_AND_RESEARCH_EVIDENCE_ONLY,NONE
001306.SZ,SZ_MAIN,1,0.715333,8,7,1,0,VALID,,,2026-08-31T19:21:53+08:00,DATA_AND_RESEARCH_EVIDENCE_ONLY,NONE
001308.SZ,SZ_MAIN,1,0.544494,31,30,1,0,VALID,,,2026-08-31T19:22:23+08:00,DATA_AND_RESEARCH_EVIDENCE_ONLY,NONE
001309.SZ,SZ_MAIN,1,0.681277,37,36,1,1,VALID,,,2026-08-31T19:21:30+08:00,DATA_AND_RESEARCH_EVIDENCE_ONLY,NONE
001311.SZ,SZ_MAIN,1,0.402876,14,13,1,0,VALID,,,2026-08-31T19:21:17+08:00,DATA_AND_RESEARCH_EVIDENCE_ONLY,NONE
001312.SZ,SZ_MAIN,1,0.338934,3,2,1,0,VALID,,,2026-08-31T19:21:22+08:00,DATA_AND_RESEARCH_EVIDENCE_ONLY,NONE
001313.SZ,SZ_MAIN,1,0.271714,10,9,1,0,VALID,,,2026-08-31T19:21:45+08:00,DATA_AND_RESEARCH_EVIDENCE_ONLY,NONE
001314.SZ,SZ_MAIN,1,0.715355,24,22,2,0,VALID,,,2026-08-31T19:21:30+08:00,DATA_AND_RESEARCH_EVIDENCE_ONLY,NONE
001316.SZ,SZ_MAIN,1,0.396961,22,21,1,0,VALID,,,2026-08-31T19:21:22+08:00,DATA_AND_RESEARCH_EVIDENCE_ONLY,NONE
001317.SZ,SZ_MAIN,1,0.308153,28,25,3,0,VALID,,,2026-08-31T19:18:03+08:00,DATA_AND_RESEARCH_EVIDENCE_ONLY,NONE
001318.SZ,SZ_MAIN,1,0.369586,4,3,1,0,VALID,,,2026-08-31T19:21:26+08:00,DATA_AND_RESEARCH_EVIDENCE_ONLY,NONE
001319.SZ,SZ_MAIN,1,0.815805,12,10,2,0,VALID,,,2026-08-31T19:21:54+08:00,DATA_AND_RESEARCH_EVIDENCE_ONLY,NONE
001322.SZ,SZ_MAIN,1,0.266491,11,10,1,0,VALID,,,2026-08-31T19:18:40+08:00,DATA_AND_RESEARCH_EVIDENCE_ONLY,NONE
001323.SZ,SZ_MAIN,1,0.29725,11,10,1,0,VALID,,,2026-08-31T19:21:31+08:00,DATA_AND_RESEARCH_EVIDENCE_ONLY,NONE
001324.SZ,SZ_MAIN,1,0.364641,6,5,1,0,VALID,,,2026-08-31T19:18:07+08:00,DATA_AND_RESEARCH_EVIDENCE_ONLY,NONE
001325.SZ,SZ_MAIN,1,0.294544,2,1,1,0,VALID,,,2026-08-31T19:21:34+08:00,DATA_AND_RESEARCH_EVIDENCE_ONLY,NONE
001326.SZ,SZ_MAIN,1,0.282507,8,7,1,0,VALID,,,2026-08-31T19:18:07+08:00,DATA_AND_RESEARCH_EVIDENCE_ONLY,NONE
001328.SZ,SZ_MAIN,1,0.405187,6,5,1,0,VALID,,,2026-08-31T19:18:16+08:00,DATA_AND_RESEARCH_EVIDENCE_ONLY,NONE
001330.SZ,SZ_MAIN,1,0.315805,7,5,2,0,VALID,,,2026-08-31T19:21:18+08:00,DATA_AND_RESEARCH_EVIDENCE_ONLY,NONE
001331.SZ,SZ_MAIN,1,0.719552,8,7,1,0,VALID,,,2026-08-31T19:21:31+08:00,DATA_AND_RESEARCH_EVIDENCE_ONLY,NONE
001332.SZ,SZ_MAIN,1,0.298354,9,8,1,0,VALID,,,2026-08-31T19:21:18+08:00,DATA_AND_RESEARCH_EVIDENCE_ONLY,NONE
001333.SZ,SZ_MAIN,1,0.318609,5,4,1,0,VALID,,,2026-08-31T19:18:16+08:00,DATA_AND_RESEARCH_EVIDENCE_ONLY,NONE
001335.SZ,SZ_MAIN,1,0.31125,5,4,1,0,VALID,,,2026-08-31T19:18:17+08:00,DATA_AND_RESEARCH_EVIDENCE_ONLY,NONE
001336.SZ,SZ_MAIN,1,0.343135,9,8,1,0,VALID,,,2026-08-31T19:21:22+08:00,DATA_AND_RESEARCH_EVIDENCE_ONLY,NONE
001337.SZ,SZ_MAIN,1,0.591227,5,4,1,0,VALID,,,2026-08-31T19:21:45+08:00,DATA_AND_RESEARCH_EVIDENCE_ONLY,NONE
001338.SZ,SZ_MAIN,1,0.29228,5,4,1,0,VALID,,,2026-08-31T19:21:34+08:00,DATA_AND_RESEARCH_EVIDENCE_ONLY,NONE
001339.SZ,SZ_MAIN,1,0.366246,39,38,1,0,VALID,,,2026-08-31T19:21:23+08:00,DATA_AND_RESEARCH_EVIDENCE_ONLY,NONE
001356.SZ,SZ_MAIN,1,0.287633,6,5,1,0,VALID,,,2026-08-31T19:21:34+08:00,DATA_AND_RESEARCH_EVIDENCE_ONLY,NONE
001358.SZ,SZ_MAIN,1,0.673578,11,10,1,0,VALID,,,2026-08-31T19:22:23+08:00,DATA_AND_RESEARCH_EVIDENCE_ONLY,NONE
001359.SZ,SZ_MAIN,1,0.31988,7,6,1,0,VALID,,,2026-08-31T19:18:08+08:00,DATA_AND_RESEARCH_EVIDENCE_ONLY,NONE
001360.SZ,SZ_MAIN,1,0.409139,7,6,1,0,VALID,,,2026-08-31T19:21:32+08:00,DATA_AND_RESEARCH_EVIDENCE_ONLY,NONE
001365.SZ,SZ_MAIN,1,0.42436,3,2,1,0,VALID,,,2026-08-31T19:18:40+08:00,DATA_AND_RESEARCH_EVIDENCE_ONLY,NONE
001366.SZ,SZ_MAIN,1,0.279216,4,3,1,0,VALID,,,2026-08-31T19:21:55+08:00,DATA_AND_RESEARCH_EVIDENCE_ONLY,NONE
001367.SZ,SZ_MAIN,1,0.392095,14,13,1,0,VALID,,,2026-08-31T19:21:27+08:00,DATA_AND_RESEARCH_EVIDENCE_ONLY,NONE
001368.SZ,SZ_MAIN,1,0.363421,16,15,1,0,VALID,,,2026-08-31T19:21:23+08:00,DATA_AND_RESEARCH_EVIDENCE_ONLY,NONE
001369.SZ,SZ_MAIN,1,0.639283,4,3,1,0,VALID,,,2026-08-31T19:18:12+08:00,DATA_AND_RESEARCH_EVIDENCE_ONLY,NONE
001373.SZ,SZ_MAIN,1,0.67259,5,4,1,0,VALID,,,2026-08-31T19:22:24+08:00,DATA_AND_RESEARCH_EVIDENCE_ONLY,NONE
001376.SZ,SZ_MAIN,1,0.303455,39,38,1,0,VALID,,,2026-08-31T19:22:24+08:00,DATA_AND_RESEARCH_EVIDENCE_ONLY,NONE
001378.SZ,SZ_MAIN,1,0.336487,14,13,1,0,VALID,,,2026-08-31T19:18:07+08:00,DATA_AND_RESEARCH_EVIDENCE_ONLY,NONE
001379.SZ,SZ_MAIN,1,0.386637,8,7,1,0,VALID,,,2026-08-31T19:18:17+08:00,DATA_AND_RESEARCH_EVIDENCE_ONLY,NONE
001380.SZ,SZ_MAIN,1,0.300873,13,12,1,0,VALID,,,2026-08-31T19:21:34+08:00,DATA_AND_RESEARCH_EVIDENCE_ONLY,NONE
001382.SZ,SZ_MAIN,1,0.312524,5,4,1,0,VALID,,,2026-08-31T19:18:03+08:00,DATA_AND_RESEARCH_EVIDENCE_ONLY,NONE
001386.SZ,SZ_MAIN,1,0.329103,5,4,1,0,VALID,,,2026-08-31T19:18:11+08:00,DATA_AND_RESEARCH_EVIDENCE_ONLY,NONE
001387.SZ,SZ_MAIN,1,0.65346,12,11,1,0,VALID,,,2026-08-31T19:22:25+08:00,DATA_AND_RESEARCH_EVIDENCE_ONLY,NONE
001388.SZ,SZ_MAIN,1,0.834474,18,16,2,0,VALID,,,2026-08-31T19:22:25+08:00,DATA_AND_RESEARCH_EVIDENCE_ONLY,NONE
001389.SZ,SZ_MAIN,1,0.260003,24,21,3,0,VALID,,,2026-08-31T19:18:40+08:00,DATA_AND_RESEARCH_EVIDENCE_ONLY,NONE
001390.SZ,SZ_MAIN,1,0.387287,17,14,3,0,VALID,,,2026-08-31T19:18:41+08:00,DATA_AND_RESEARCH_EVIDENCE_ONLY,NONE
001391.SZ,SZ_MAIN,1,0.310788,7,5,2,0,VALID,,,2026-08-31T19:18:11+08:00,DATA_AND_RESEARCH_EVIDENCE_ONLY,NONE
001393.SZ,SZ_MAIN,1,0.422064,3,2,1,0,VALID,,,2026-08-31T19:18:04+08:00,DATA_AND_RESEARCH_EVIDENCE_ONLY,NONE
001395.SZ,SZ_MAIN,1,0.362802,9,7,2,0,VALID,,,2026-08-31T19:18:41+08:00,DATA_AND_RESEARCH_EVIDENCE_ONLY,NONE
001396.SZ,SZ_MAIN,1,0.455109,3,2,1,0,VALID,,,2026-08-31T19:18:09+08:00,DATA_AND_RESEARCH_EVIDENCE_ONLY,NONE
001399.SZ,SZ_MAIN,1,0.394648,4,2,2,0,VALID,,,2026-08-31T19:21:27+08:00,DATA_AND_RESEARCH_EVIDENCE_ONLY,NONE
001400.SZ,SZ_MAIN,1,0.531261,5,4,1,0,VALID,,,2026-08-31T19:21:27+08:00,DATA_AND_RESEARCH_EVIDENCE_ONLY,NONE
001696.SZ,SZ_MAIN,1,0.314247,49,49,0,0,VALID,,,2026-08-31T19:21:18+08:00,DATA_AND_RESEARCH_EVIDENCE_ONLY,NONE
001872.SZ,SZ_MAIN,1,0.428203,62,62,0,0,VALID,,,2026-08-31T19:18:11+08:00,DATA_AND_RESEARCH_EVIDENCE_ONLY,NONE
001896.SZ,SZ_MAIN,1,0.383539,27,26,1,0,VALID,,,2026-08-31T19:19:11+08:00,DATA_AND_RESEARCH_EVIDENCE_ONLY,NONE
001914.SZ,SZ_MAIN,1,0.31225,44,43,1,0,VALID,,,2026-08-31T19:18:09+08:00,DATA_AND_RESEARCH_EVIDENCE_ONLY,NONE
001965.SZ,SZ_MAIN,1,0.389653,27,27,0,0,VALID,,,2026-08-31T19:18:17+08:00,DATA_AND_RESEARCH_EVIDENCE_ONLY,NONE
001979.SZ,SZ_MAIN,1,0.26311,42,42,0,0,VALID,,,2026-08-31T19:18:12+08:00,DATA_AND_RESEARCH_EVIDENCE_ONLY,NONE
002001.SZ,SZ_MAIN,1,0.30811,48,47,1,0,VALID,,,2026-08-31T19:21:19+08:00,DATA_AND_RESEARCH_EVIDENCE_ONLY,NONE
002003.SZ,SZ_MAIN,1,0.319736,83,82,1,0,VALID,,,2026-08-31T19:18:08+08:00,DATA_AND_RESEARCH_EVIDENCE_ONLY,NONE
002004.SZ,SZ_MAIN,1,0.308173,72,71,1,0,VALID,,,2026-08-31T19:18:12+08:00,DATA_AND_RESEARCH_EVIDENCE_ONLY,NONE
002005.SZ,SZ_MAIN,1,0.307043,40,39,1,0,VALID,,,2026-08-31T19:21:55+08:00,DATA_AND_RESEARCH_EVIDENCE_ONLY,NONE
002006.SZ,SZ_MAIN,1,0.299842,25,24,1,0,VALID,,,2026-08-31T19:21:19+08:00,DATA_AND_RESEARCH_EVIDENCE_ONLY,NONE
002007.SZ,SZ_MAIN,1,0.30343,72,71,1,0,VALID,,,2026-08-31T19:21:32+08:00,DATA_AND_RESEARCH_EVIDENCE_ONLY,NONE
002008.SZ,SZ_MAIN,1,0.320399,102,101,1,0,VALID,,,2026-08-31T19:21:35+08:00,DATA_AND_RESEARCH_EVIDENCE_ONLY,NONE
002009.SZ,SZ_MAIN,1,0.506321,48,47,1,0,VALID,,,2026-08-31T19:18:12+08:00,DATA_AND_RESEARCH_EVIDENCE_ONLY,NONE
002010.SZ,SZ_MAIN,1,0.585176,44,43,1,0,VALID,,,2026-08-31T19:21:55+08:00,DATA_AND_RESEARCH_EVIDENCE_ONLY,NONE
002011.SZ,SZ_MAIN,1,0.745716,61,60,1,0,VALID,,,2026-08-31T19:18:09+08:00,DATA_AND_RESEARCH_EVIDENCE_ONLY,NONE
002012.SZ,SZ_MAIN,1,0.30744,20,19,1,0,VALID,,,2026-08-31T19:18:04+08:00,DATA_AND_RESEARCH_EVIDENCE_ONLY,NONE
002014.SZ,SZ_MAIN,1,0.581456,59,58,1,0,VALID,,,2026-08-31T19:21:24+08:00,DATA_AND_RESEARCH_EVIDENCE_ONLY,NONE
002015.SZ,SZ_MAIN,1,0.486327,39,38,1,0,VALID,,,2026-08-31T19:21:24+08:00,DATA_AND_RESEARCH_EVIDENCE_ONLY,NONE
002016.SZ,SZ_MAIN,1,0.396201,30,29,1,0,VALID,,,2026-08-31T19:18:10+08:00,DATA_AND_RESEARCH_EVIDENCE_ONLY,NONE
002017.SZ,SZ_MAIN,1,0.292778,49,48,1,0,VALID,,,2026-08-31T19:21:33+08:00,DATA_AND_RESEARCH_EVIDENCE_ONLY,NONE
002019.SZ,SZ_MAIN,1,0.267938,57,56,1,0,VALID,,,2026-08-31T19:21:45+08:00,DATA_AND_RESEARCH_EVIDENCE_ONLY,NONE
002020.SZ,SZ_MAIN,1,0.302114,55,54,1,0,VALID,,,2026-08-31T19:18:04+08:00,DATA_AND_RESEARCH_EVIDENCE_ONLY,NONE
002021.SZ,SZ_MAIN,1,0.343722,29,28,1,0,VALID,,,2026-08-31T19:21:25+08:00,DATA_AND_RESEARCH_EVIDENCE_ONLY,NONE
002022.SZ,SZ_MAIN,1,0.354073,89,88,1,0,VALID,,,2026-08-31T19:21:25+08:00,DATA_AND_RESEARCH_EVIDENCE_ONLY,NONE
002023.SZ,SZ_MAIN,1,0.298387,36,35,1,0,VALID,,,2026-08-31T19:18:05+08:00,DATA_AND_RESEARCH_EVIDENCE_ONLY,NONE
002024.SZ,SZ_MAIN,1,0.524973,55,54,1,0,VALID,,,2026-08-31T19:21:19+08:00,DATA_AND_RESEARCH_EVIDENCE_ONLY,NONE
002025.SZ,SZ_MAIN,1,0.362456,38,37,1,0,VALID,,,2026-08-31T19:21:28+08:00,DATA_AND_RESEARCH_EVIDENCE_ONLY,NONE
002026.SZ,SZ_MAIN,1,0.472949,47,46,1,0,VALID,,,2026-08-31T19:18:08+08:00,DATA_AND_RESEARCH_EVIDENCE_ONLY,NONE
002027.SZ,SZ_MAIN,1,0.385782,35,34,1,0,VALID,,,2026-08-31T19:18:18+08:00,DATA_AND_RESEARCH_EVIDENCE_ONLY,NONE
002028.SZ,SZ_MAIN,1,0.321088,159,158,1,0,VALID,,,2026-08-31T19:22:26+08:00,DATA_AND_RESEARCH_EVIDENCE_ONLY,NONE
002029.SZ,SZ_MAIN,1,0.331678,29,28,1,0,VALID,,,2026-08-31T19:21:46+08:00,DATA_AND_RESEARCH_EVIDENCE_ONLY,NONE
002030.SZ,SZ_MAIN,1,0.26146,37,36,1,0,VALID,,,2026-08-31T19:21:46+08:00,DATA_AND_RESEARCH_EVIDENCE_ONLY,NONE
002031.SZ,SZ_MAIN,1,0.271816,61,60,1,0,VALID,,,2026-08-31T19:19:12+08:00,DATA_AND_RESEARCH_EVIDENCE_ONLY,NONE
002032.SZ,SZ_MAIN,1,0.294483,111,110,1,0,VALID,,,2026-08-31T19:18:13+08:00,DATA_AND_RESEARCH_EVIDENCE_ONLY,NONE
002033.SZ,SZ_MAIN,1,0.375944,22,21,1,0,VALID,,,2026-08-31T19:21:25+08:00,DATA_AND_RESEARCH_EVIDENCE_ONLY,NONE
002034.SZ,SZ_MAIN,1,0.300932,77,76,1,0,VALID,,,2026-08-31T19:21:20+08:00,DATA_AND_RESEARCH_EVIDENCE_ONLY,NONE
002035.SZ,SZ_MAIN,1,0.656431,64,63,1,0,VALID,,,2026-08-31T19:18:05+08:00,DATA_AND_RESEARCH_EVIDENCE_ONLY,NONE
002036.SZ,SZ_MAIN,1,0.298861,103,102,1,0,VALID,,,2026-08-31T19:21:33+08:00,DATA_AND_RESEARCH_EVIDENCE_ONLY,NONE
002037.SZ,SZ_MAIN,1,0.299189,18,17,1,0,VALID,,,2026-08-31T19:18:06+08:00,DATA_AND_RESEARCH_EVIDENCE_ONLY,NONE
002038.SZ,SZ_MAIN,1,0.276176,58,57,1,0,VALID,,,2026-08-31T19:18:13+08:00,DATA_AND_RESEARCH_EVIDENCE_ONLY,NONE
002039.SZ,SZ_MAIN,1,0.484438,35,34,1,0,VALID,,,2026-08-31T19:18:06+08:00,DATA_AND_RESEARCH_EVIDENCE_ONLY,NONE
002040.SZ,SZ_MAIN,1,0.328813,21,20,1,0,VALID,,,2026-08-31T19:21:46+08:00,DATA_AND_RESEARCH_EVIDENCE_ONLY,NONE
002041.SZ,SZ_MAIN,1,0.405501,26,25,1,0,VALID,,,2026-08-31T19:18:13+08:00,DATA_AND_RESEARCH_EVIDENCE_ONLY,NONE
002042.SZ,SZ_MAIN,1,0.7738,52,51,1,0,VALID,,,2026-08-31T19:21:33+08:00,DATA_AND_RESEARCH_EVIDENCE_ONLY,NONE
002043.SZ,SZ_MAIN,1,0.508106,65,64,1,0,VALID,,,2026-08-31T19:18:41+08:00,DATA_AND_RESEARCH_EVIDENCE_ONLY,NONE
002044.SZ,SZ_MAIN,1,0.654404,58,57,1,0,VALID,,,2026-08-31T19:18:14+08:00,DATA_AND_RESEARCH_EVIDENCE_ONLY,NONE
002045.SZ,SZ_MAIN,1,0.296103,49,48,1,0,VALID,,,2026-08-31T19:21:20+08:00,DATA_AND_RESEARCH_EVIDENCE_ONLY,NONE
002046.SZ,SZ_MAIN,1,0.276352,36,35,1,0,VALID,,,2026-08-31T19:18:18+08:00,DATA_AND_RESEARCH_EVIDENCE_ONLY,NONE
002047.SZ,SZ_MAIN,1,0.301929,35,34,1,0,VALID,,,2026-08-31T19:21:35+08:00,DATA_AND_RESEARCH_EVIDENCE_ONLY,NONE
002048.SZ,SZ_MAIN,1,0.60104,54,53,1,0,VALID,,,2026-08-31T19:21:35+08:00,DATA_AND_RESEARCH_EVIDENCE_ONLY,NONE
002049.SZ,SZ_MAIN,1,0.412591,70,69,1,0,VALID,,,2026-08-31T19:21:28+08:00,DATA_AND_RESEARCH_EVIDENCE_ONLY,NONE
002050.SZ,SZ_MAIN,1,0.512023,88,87,1,0,VALID,,,2026-08-31T19:18:06+08:00,DATA_AND_RESEARCH_EVIDENCE_ONLY,NONE
002051.SZ,SZ_MAIN,1,0.279175,58,57,1,0,VALID,,,2026-08-31T19:19:12+08:00,DATA_AND_RESEARCH_EVIDENCE_ONLY,NONE
002052.SZ,SZ_MAIN,1,0.372223,47,46,1,0,VALID,,,2026-08-31T19:18:11+08:00,DATA_AND_RESEARCH_EVIDENCE_ONLY,NONE
002053.SZ,SZ_MAIN,1,0.48419,20,19,1,0,VALID,,,2026-08-31T19:18:08+08:00,DATA_AND_RESEARCH_EVIDENCE_ONLY,NONE
002054.SZ,SZ_MAIN,1,0.27483,46,45,1,0,VALID,,,2026-08-31T19:18:14+08:00,DATA_AND_RESEARCH_EVIDENCE_ONLY,NONE
002055.SZ,SZ_MAIN,1,0.30075,54,53,1,0,VALID,,,2026-08-31T19:21:34+08:00,DATA_AND_RESEARCH_EVIDENCE_ONLY,NONE
002056.SZ,SZ_MAIN,1,0.265149,37,36,1,0,VALID,,,2026-08-31T19:18:15+08:00,DATA_AND_RESEARCH_EVIDENCE_ONLY,NONE
002057.SZ,SZ_MAIN,1,0.371988,36,35,1,0,VALID,,,2026-08-31T19:18:18+08:00,DATA_AND_RESEARCH_EVIDENCE_ONLY,NONE
002058.SZ,SZ_MAIN,1,0.758455,30,29,1,0,VALID,,,2026-08-31T19:21:56+08:00,DATA_AND_RESEARCH_EVIDENCE_ONLY,NONE
002059.SZ,SZ_MAIN,1,0.306544,22,21,1,0,VALID,,,2026-08-31T19:21:20+08:00,DATA_AND_RESEARCH_EVIDENCE_ONLY,NONE
002060.SZ,SZ_MAIN,1,0.299267,39,38,1,0,VALID,,,2026-08-31T19:21:21+08:00,DATA_AND_RESEARCH_EVIDENCE_ONLY,NONE
002061.SZ,SZ_MAIN,1,0.322302,53,52,1,0,VALID,,,2026-08-31T19:21:47+08:00,DATA_AND_RESEARCH_EVIDENCE_ONLY,NONE
002062.SZ,SZ_MAIN,1,0.467385,45,44,1,0,VALID,,,2026-08-31T19:18:09+08:00,DATA_AND_RESEARCH_EVIDENCE_ONLY,NONE
002063.SZ,SZ_MAIN,1,0.276434,108,107,1,0,VALID,,,2026-08-31T19:18:15+08:00,DATA_AND_RESEARCH_EVIDENCE_ONLY,NONE
002064.SZ,SZ_MAIN,1,0.292856,45,44,1,0,VALID,,,2026-08-31T19:21:34+08:00,DATA_AND_RESEARCH_EVIDENCE_ONLY,NONE
002065.SZ,SZ_MAIN,1,0.357079,71,70,1,0,VALID,,,2026-08-31T19:22:27+08:00,DATA_AND_RESEARCH_EVIDENCE_ONLY,NONE
002066.SZ,SZ_MAIN,1,0.296746,21,20,1,0,VALID,,,2026-08-31T19:21:21+08:00,DATA_AND_RESEARCH_EVIDENCE_ONLY,NONE
002067.SZ,SZ_MAIN,1,0.288492,47,46,1,0,VALID,,,2026-08-31T19:19:12+08:00,DATA_AND_RESEARCH_EVIDENCE_ONLY,NONE
002068.SZ,SZ_MAIN,1,0.272465,55,54,1,0,VALID,,,2026-08-31T19:18:15+08:00,DATA_AND_RESEARCH_EVIDENCE_ONLY,NONE
002069.SZ,SZ_MAIN,1,0.286972,34,33,1,0,VALID,,,2026-08-31T19:21:47+08:00,DATA_AND_RESEARCH_EVIDENCE_ONLY,NONE
002072.SZ,SZ_MAIN,1,0.270041,26,25,1,0,VALID,,,2026-08-31T19:18:42+08:00,DATA_AND_RESEARCH_EVIDENCE_ONLY,NONE
002073.SZ,SZ_MAIN,1,0.320716,78,77,1,0,VALID,,,2026-08-31T19:21:21+08:00,DATA_AND_RESEARCH_EVIDENCE_ONLY,NONE
002074.SZ,SZ_MAIN,1,0.303688,90,89,1,0,VALID,,,2026-08-31T19:21:35+08:00,DATA_AND_RESEARCH_EVIDENCE_ONLY,NONE
002075.SZ,SZ_MAIN,1,0.305588,23,22,1,0,VALID,,,2026-08-31T19:21:22+08:00,DATA_AND_RESEARCH_EVIDENCE_ONLY,NONE
002076.SZ,SZ_MAIN,1,0.382198,64,63,1,0,VALID,,,2026-08-31T19:18:13+08:00,DATA_AND_RESEARCH_EVIDENCE_ONLY,NONE
002077.SZ,SZ_MAIN,1,0.42019,24,23,1,0,VALID,,,2026-08-31T19:18:11+08:00,DATA_AND_RESEARCH_EVIDENCE_ONLY,NONE
002078.SZ,SZ_MAIN,1,0.285439,96,95,1,0,VALID,,,2026-08-31T19:18:16+08:00,DATA_AND_RESEARCH_EVIDENCE_ONLY,NONE
002079.SZ,SZ_MAIN,1,0.381287,68,67,1,0,VALID,,,2026-08-31T19:18:19+08:00,DATA_AND_RESEARCH_EVIDENCE_ONLY,NONE
002080.SZ,SZ_MAIN,1,0.398935,16,15,1,0,VALID,,,2026-08-31T19:21:26+08:00,DATA_AND_RESEARCH_EVIDENCE_ONLY,NONE
002081.SZ,SZ_MAIN,1,0.274144,72,71,1,0,VALID,,,2026-08-31T19:18:42+08:00,DATA_AND_RESEARCH_EVIDENCE_ONLY,NONE
002082.SZ,SZ_MAIN,1,0.318534,41,40,1,0,VALID,,,2026-08-31T19:18:16+08:00,DATA_AND_RESEARCH_EVIDENCE_ONLY,NONE
002083.SZ,SZ_MAIN,1,0.342936,68,67,1,0,VALID,,,2026-08-31T19:21:29+08:00,DATA_AND_RESEARCH_EVIDENCE_ONLY,NONE
002084.SZ,SZ_MAIN,1,0.361549,57,56,1,0,VALID,,,2026-08-31T19:21:29+08:00,DATA_AND_RESEARCH_EVIDENCE_ONLY,NONE
002085.SZ,SZ_MAIN,1,0.297673,35,34,1,0,VALID,,,2026-08-31T19:21:36+08:00,DATA_AND_RESEARCH_EVIDENCE_ONLY,NONE
002086.SZ,SZ_MAIN,1,0.268079,38,37,1,0,VALID,,,2026-08-31T19:19:12+08:00,DATA_AND_RESEARCH_EVIDENCE_ONLY,NONE
002088.SZ,SZ_MAIN,1,0.659328,62,61,1,0,VALID,,,2026-08-31T19:18:16+08:00,DATA_AND_RESEARCH_EVIDENCE_ONLY,NONE
002090.SZ,SZ_MAIN,1,0.307145,127,126,1,0,VALID,,,2026-08-31T19:18:07+08:00,DATA_AND_RESEARCH_EVIDENCE_ONLY,NONE
002091.SZ,SZ_MAIN,1,0.390069,182,181,1,0,VALID,,,2026-08-31T19:18:09+08:00,DATA_AND_RESEARCH_EVIDENCE_ONLY,NONE
002092.SZ,SZ_MAIN,1,0.30287,65,64,1,0,VALID,,,2026-08-31T19:18:07+08:00,DATA_AND_RESEARCH_EVIDENCE_ONLY,NONE
002093.SZ,SZ_MAIN,1,0.295815,44,43,1,0,VALID,,,2026-08-31T19:21:22+08:00,DATA_AND_RESEARCH_EVIDENCE_ONLY,NONE
002094.SZ,SZ_MAIN,1,0.259872,23,22,1,0,VALID,,,2026-08-31T19:18:13+08:00,DATA_AND_RESEARCH_EVIDENCE_ONLY,NONE
002095.SZ,SZ_MAIN,1,0.271595,22,21,1,0,VALID,,,2026-08-31T19:18:42+08:00,DATA_AND_RESEARCH_EVIDENCE_ONLY,NONE
002096.SZ,SZ_MAIN,1,0.30054,33,32,1,0,VALID,,,2026-08-31T19:22:27+08:00,DATA_AND_RESEARCH_EVIDENCE_ONLY,NONE
002097.SZ,SZ_MAIN,1,0.299585,52,51,1,0,VALID,,,2026-08-31T19:18:13+08:00,DATA_AND_RESEARCH_EVIDENCE_ONLY,NONE
002098.SZ,SZ_MAIN,1,0.296843,16,15,1,0,VALID,,,2026-08-31T19:18:08+08:00,DATA_AND_RESEARCH_EVIDENCE_ONLY,NONE
002099.SZ,SZ_MAIN,1,0.315099,65,64,1,0,VALID,,,2026-08-31T19:21:56+08:00,DATA_AND_RESEARCH_EVIDENCE_ONLY,NONE
002100.SZ,SZ_MAIN,1,0.302274,63,62,1,0,VALID,,,2026-08-31T19:21:35+08:00,DATA_AND_RESEARCH_EVIDENCE_ONLY,NONE
002101.SZ,SZ_MAIN,1,0.344938,48,47,1,0,VALID,,,2026-08-31T19:21:26+08:00,DATA_AND_RESEARCH_EVIDENCE_ONLY,NONE
002102.SZ,SZ_MAIN,1,0.655454,44,43,1,0,VALID,,,2026-08-31T19:21:27+08:00,DATA_AND_RESEARCH_EVIDENCE_ONLY,NONE
002103.SZ,SZ_MAIN,1,0.380183,38,37,1,0,VALID,,,2026-08-31T19:18:19+08:00,DATA_AND_RESEARCH_EVIDENCE_ONLY,NONE
002104.SZ,SZ_MAIN,1,0.334127,61,60,1,0,VALID,,,2026-08-31T19:21:27+08:00,DATA_AND_RESEARCH_EVIDENCE_ONLY,NONE
002105.SZ,SZ_MAIN,1,0.346318,17,16,1,0,VALID,,,2026-08-31T19:22:27+08:00,DATA_AND_RESEARCH_EVIDENCE_ONLY,NONE
002106.SZ,SZ_MAIN,1,0.303335,53,52,1,0,VALID,,,2026-08-31T19:22:28+08:00,DATA_AND_RESEARCH_EVIDENCE_ONLY,NONE
002107.SZ,SZ_MAIN,1,0.744602,33,32,1,0,VALID,,,2026-08-31T19:21:57+08:00,DATA_AND_RESEARCH_EVIDENCE_ONLY,NONE
002108.SZ,SZ_MAIN,1,0.296837,33,32,1,0,VALID,,,2026-08-31T19:21:35+08:00,DATA_AND_RESEARCH_EVIDENCE_ONLY,NONE
002109.SZ,SZ_MAIN,1,0.267252,18,17,1,0,VALID,,,2026-08-31T19:18:17+08:00,DATA_AND_RESEARCH_EVIDENCE_ONLY,NONE
002110.SZ,SZ_MAIN,1,0.44035,20,19,1,0,VALID,,,2026-08-31T19:21:30+08:00,DATA_AND_RESEARCH_EVIDENCE_ONLY,NONE
002111.SZ,SZ_MAIN,1,0.280573,57,56,1,0,VALID,,,2026-08-31T19:21:47+08:00,DATA_AND_RESEARCH_EVIDENCE_ONLY,NONE
002112.SZ,SZ_MAIN,1,0.302758,22,21,1,0,VALID,,,2026-08-31T19:21:22+08:00,DATA_AND_RESEARCH_EVIDENCE_ONLY,NONE
002114.SZ,SZ_MAIN,1,0.514739,24,23,1,0,VALID,,,2026-08-31T19:21:30+08:00,DATA_AND_RESEARCH_EVIDENCE_ONLY,NONE
002115.SZ,SZ_MAIN,1,0.404015,79,78,1,0,VALID,,,2026-08-31T19:21:30+08:00,DATA_AND_RESEARCH_EVIDENCE_ONLY,NONE
002116.SZ,SZ_MAIN,1,0.778152,158,157,1,0,VALID,,,2026-08-31T19:22:28+08:00,DATA_AND_RESEARCH_EVIDENCE_ONLY,NONE
002117.SZ,SZ_MAIN,1,0.290901,31,30,1,0,VALID,,,2026-08-31T19:21:23+08:00,DATA_AND_RESEARCH_EVIDENCE_ONLY,NONE
002119.SZ,SZ_MAIN,1,0.551319,19,18,1,0,VALID,,,2026-08-31T19:22:29+08:00,DATA_AND_RESEARCH_EVIDENCE_ONLY,NONE
002120.SZ,SZ_MAIN,1,0.312365,71,70,1,0,VALID,,,2026-08-31T19:18:17+08:00,DATA_AND_RESEARCH_EVIDENCE_ONLY,NONE
002121.SZ,SZ_MAIN,1,0.311612,140,139,1,0,VALID,,,2026-08-31T19:18:19+08:00,DATA_AND_RESEARCH_EVIDENCE_ONLY,NONE
002122.SZ,SZ_MAIN,1,0.468973,56,55,1,0,VALID,,,2026-08-31T19:21:31+08:00,DATA_AND_RESEARCH_EVIDENCE_ONLY,NONE
002123.SZ,SZ_MAIN,1,0.339129,77,76,1,0,VALID,,,2026-08-31T19:21:31+08:00,DATA_AND_RESEARCH_EVIDENCE_ONLY,NONE
002124.SZ,SZ_MAIN,1,0.304017,55,54,1,0,VALID,,,2026-08-31T19:22:29+08:00,DATA_AND_RESEARCH_EVIDENCE_ONLY,NONE
002125.SZ,SZ_MAIN,1,0.321241,29,28,1,0,VALID,,,2026-08-31T19:18:10+08:00,DATA_AND_RESEARCH_EVIDENCE_ONLY,NONE
002126.SZ,SZ_MAIN,1,0.342002,69,68,1,0,VALID,,,2026-08-31T19:21:48+08:00,DATA_AND_RESEARCH_EVIDENCE_ONLY,NONE
002127.SZ,SZ_MAIN,1,0.295979,47,46,1,0,VALID,,,2026-08-31T19:21:36+08:00,DATA_AND_RESEARCH_EVIDENCE_ONLY,NONE
002128.SZ,SZ_MAIN,1,0.317995,36,35,1,0,VALID,,,2026-08-31T19:18:13+08:00,DATA_AND_RESEARCH_EVIDENCE_ONLY,NONE
002129.SZ,SZ_MAIN,1,0.672208,51,50,1,0,VALID,,,2026-08-31T19:18:10+08:00,DATA_AND_RESEARCH_EVIDENCE_ONLY,NONE
002130.SZ,SZ_MAIN,1,0.261028,61,60,1,0,VALID,,,2026-08-31T19:19:13+08:00,DATA_AND_RESEARCH_EVIDENCE_ONLY,NONE
002131.SZ,SZ_MAIN,1,0.310873,97,96,1,0,VALID,,,2026-08-31T19:21:37+08:00,DATA_AND_RESEARCH_EVIDENCE_ONLY,NONE
002132.SZ,SZ_MAIN,1,0.381989,54,53,1,0,VALID,,,2026-08-31T19:19:13+08:00,DATA_AND_RESEARCH_EVIDENCE_ONLY,NONE
002133.SZ,SZ_MAIN,1,0.356829,35,34,1,0,VALID,,,2026-08-31T19:21:32+08:00,DATA_AND_RESEARCH_EVIDENCE_ONLY,NONE
002134.SZ,SZ_MAIN,1,0.306033,16,15,1,0,VALID,,,2026-08-31T19:22:30+08:00,DATA_AND_RESEARCH_EVIDENCE_ONLY,NONE
002135.SZ,SZ_MAIN,1,0.414559,47,46,1,0,VALID,,,2026-08-31T19:19:13+08:00,DATA_AND_RESEARCH_EVIDENCE_ONLY,NONE
002136.SZ,SZ_MAIN,1,0.297312,37,36,1,0,VALID,,,2026-08-31T19:21:58+08:00,DATA_AND_RESEARCH_EVIDENCE_ONLY,NONE
002137.SZ,SZ_MAIN,1,0.348987,67,66,1,0,VALID,,,2026-08-31T19:21:28+08:00,DATA_AND_RESEARCH_EVIDENCE_ONLY,NONE
002138.SZ,SZ_MAIN,1,0.49105,59,58,1,0,VALID,,,2026-08-31T19:21:36+08:00,DATA_AND_RESEARCH_EVIDENCE_ONLY,NONE
002139.SZ,SZ_MAIN,1,0.281554,92,91,1,0,VALID,,,2026-08-31T19:19:14+08:00,DATA_AND_RESEARCH_EVIDENCE_ONLY,NONE
002140.SZ,SZ_MAIN,1,0.387113,60,59,1,0,VALID,,,2026-08-31T19:21:28+08:00,DATA_AND_RESEARCH_EVIDENCE_ONLY,NONE
002141.SZ,SZ_MAIN,1,0.288044,17,16,1,0,VALID,,,2026-08-31T19:21:58+08:00,DATA_AND_RESEARCH_EVIDENCE_ONLY,NONE
002142.SZ,SZ_MAIN,1,0.313376,108,107,1,0,VALID,,,2026-08-31T19:21:37+08:00,DATA_AND_RESEARCH_EVIDENCE_ONLY,NONE
002144.SZ,SZ_MAIN,1,0.264181,48,47,1,0,VALID,,,2026-08-31T19:21:48+08:00,DATA_AND_RESEARCH_EVIDENCE_ONLY,NONE
002145.SZ,SZ_MAIN,1,0.305872,62,61,1,0,VALID,,,2026-08-31T19:21:37+08:00,DATA_AND_RESEARCH_EVIDENCE_ONLY,NONE
002146.SZ,SZ_MAIN,1,0.360834,54,53,1,0,VALID,,,2026-08-31T19:18:11+08:00,DATA_AND_RESEARCH_EVIDENCE_ONLY,NONE
002148.SZ,SZ_MAIN,1,0.375299,58,57,1,0,VALID,,,2026-08-31T19:18:12+08:00,DATA_AND_RESEARCH_EVIDENCE_ONLY,NONE
002149.SZ,SZ_MAIN,1,0.387181,20,19,1,0,VALID,,,2026-08-31T19:21:32+08:00,DATA_AND_RESEARCH_EVIDENCE_ONLY,NONE
002150.SZ,SZ_MAIN,1,0.292871,28,27,1,0,VALID,,,2026-08-31T19:21:23+08:00,DATA_AND_RESEARCH_EVIDENCE_ONLY,NONE
002151.SZ,SZ_MAIN,1,0.272506,100,99,1,0,VALID,,,2026-08-31T19:18:14+08:00,DATA_AND_RESEARCH_EVIDENCE_ONLY,NONE
002152.SZ,SZ_MAIN,1,0.390966,41,40,1,0,VALID,,,2026-08-31T19:18:12+08:00,DATA_AND_RESEARCH_EVIDENCE_ONLY,NONE
002153.SZ,SZ_MAIN,1,0.471294,31,30,1,0,VALID,,,2026-08-31T19:21:33+08:00,DATA_AND_RESEARCH_EVIDENCE_ONLY,NONE
002154.SZ,SZ_MAIN,1,0.366891,56,55,1,0,VALID,,,2026-08-31T19:22:30+08:00,DATA_AND_RESEARCH_EVIDENCE_ONLY,NONE
002155.SZ,SZ_MAIN,1,0.295155,36,35,1,0,VALID,,,2026-08-31T19:19:14+08:00,DATA_AND_RESEARCH_EVIDENCE_ONLY,NONE
002156.SZ,SZ_MAIN,1,0.307828,33,32,1,0,VALID,,,2026-08-31T19:18:08+08:00,DATA_AND_RESEARCH_EVIDENCE_ONLY,NONE
002157.SZ,SZ_MAIN,1,0.31104,146,145,1,0,VALID,,,2026-08-31T19:21:38+08:00,DATA_AND_RESEARCH_EVIDENCE_ONLY,NONE
002158.SZ,SZ_MAIN,1,0.342687,41,40,1,0,VALID,,,2026-08-31T19:18:13+08:00,DATA_AND_RESEARCH_EVIDENCE_ONLY,NONE
002159.SZ,SZ_MAIN,1,0.416611,28,27,1,0,VALID,,,2026-08-31T19:18:14+08:00,DATA_AND_RESEARCH_EVIDENCE_ONLY,NONE
002160.SZ,SZ_MAIN,1,0.506022,48,47,1,0,VALID,,,2026-08-31T19:21:36+08:00,DATA_AND_RESEARCH_EVIDENCE_ONLY,NONE
002161.SZ,SZ_MAIN,1,0.50532,42,41,1,0,VALID,,,2026-08-31T19:18:08+08:00,DATA_AND_RESEARCH_EVIDENCE_ONLY,NONE
002162.SZ,SZ_MAIN,1,0.379177,33,32,1,0,VALID,,,2026-08-31T19:18:11+08:00,DATA_AND_RESEARCH_EVIDENCE_ONLY,NONE
002163.SZ,SZ_MAIN,1,0.761662,39,38,1,0,VALID,,,2026-08-31T19:21:58+08:00,DATA_AND_RESEARCH_EVIDENCE_ONLY,NONE
002164.SZ,SZ_MAIN,1,0.350686,29,28,1,0,VALID,,,2026-08-31T19:22:30+08:00,DATA_AND_RESEARCH_EVIDENCE_ONLY,NONE
002165.SZ,SZ_MAIN,1,0.29778,42,41,1,0,VALID,,,2026-08-31T19:21:37+08:00,DATA_AND_RESEARCH_EVIDENCE_ONLY,NONE
002166.SZ,SZ_MAIN,1,0.273437,43,42,1,0,VALID,,,2026-08-31T19:19:15+08:00,DATA_AND_RESEARCH_EVIDENCE_ONLY,NONE
002167.SZ,SZ_MAIN,1,0.314151,56,55,1,0,VALID,,,2026-08-31T19:21:37+08:00,DATA_AND_RESEARCH_EVIDENCE_ONLY,NONE
002168.SZ,SZ_MAIN,1,0.295732,71,70,1,0,VALID,,,2026-08-31T19:18:15+08:00,DATA_AND_RESEARCH_EVIDENCE_ONLY,NONE
002169.SZ,SZ_MAIN,1,0.715846,43,42,1,0,VALID,,,2026-08-31T19:21:59+08:00,DATA_AND_RESEARCH_EVIDENCE_ONLY,NONE
002170.SZ,SZ_MAIN,1,0.297604,76,75,1,0,VALID,,,2026-08-31T19:18:09+08:00,DATA_AND_RESEARCH_EVIDENCE_ONLY,NONE
002171.SZ,SZ_MAIN,1,0.473393,91,90,1,0,VALID,,,2026-08-31T19:21:37+08:00,DATA_AND_RESEARCH_EVIDENCE_ONLY,NONE
002172.SZ,SZ_MAIN,1,0.669151,49,48,1,0,VALID,,,2026-08-31T19:21:28+08:00,DATA_AND_RESEARCH_EVIDENCE_ONLY,NONE
002173.SZ,SZ_MAIN,1,0.307105,50,49,1,0,VALID,,,2026-08-31T19:21:23+08:00,DATA_AND_RESEARCH_EVIDENCE_ONLY,NONE
002174.SZ,SZ_MAIN,1,0.275628,54,53,1,0,VALID,,,2026-08-31T19:18:20+08:00,DATA_AND_RESEARCH_EVIDENCE_ONLY,NONE
002175.SZ,SZ_MAIN,1,0.319931,45,44,1,0,VALID,,,2026-08-31T19:18:11+08:00,DATA_AND_RESEARCH_EVIDENCE_ONLY,NONE
002176.SZ,SZ_MAIN,1,0.734146,59,58,1,0,VALID,,,2026-08-31T19:18:15+08:00,DATA_AND_RESEARCH_EVIDENCE_ONLY,NONE
002177.SZ,SZ_MAIN,1,0.352613,29,28,1,0,VALID,,,2026-08-31T19:21:29+08:00,DATA_AND_RESEARCH_EVIDENCE_ONLY,NONE
002178.SZ,SZ_MAIN,1,0.673274,42,41,1,0,VALID,,,2026-08-31T19:21:29+08:00,DATA_AND_RESEARCH_EVIDENCE_ONLY,NONE
002179.SZ,SZ_MAIN,1,0.551023,96,95,1,0,VALID,,,2026-08-31T19:22:31+08:00,DATA_AND_RESEARCH_EVIDENCE_ONLY,NONE
002180.SZ,SZ_MAIN,1,0.327539,79,78,1,0,VALID,,,2026-08-31T19:21:48+08:00,DATA_AND_RESEARCH_EVIDENCE_ONLY,NONE
002181.SZ,SZ_MAIN,1,0.4996,18,17,1,0,VALID,,,2026-08-31T19:18:13+08:00,DATA_AND_RESEARCH_EVIDENCE_ONLY,NONE
002182.SZ,SZ_MAIN,1,0.406047,43,42,1,0,VALID,,,2026-08-31T19:18:13+08:00,DATA_AND_RESEARCH_EVIDENCE_ONLY,NONE
002183.SZ,SZ_MAIN,1,0.347488,190,189,1,0,VALID,,,2026-08-31T19:21:38+08:00,DATA_AND_RESEARCH_EVIDENCE_ONLY,NONE
002184.SZ,SZ_MAIN,1,0.449471,44,43,1,0,VALID,,,2026-08-31T19:22:00+08:00,DATA_AND_RESEARCH_EVIDENCE_ONLY,NONE
002185.SZ,SZ_MAIN,1,0.271747,50,49,1,0,VALID,,,2026-08-31T19:18:17+08:00,DATA_AND_RESEARCH_EVIDENCE_ONLY,NONE
002186.SZ,SZ_MAIN,1,0.379111,30,29,1,0,VALID,,,2026-08-31T19:18:16+08:00,DATA_AND_RESEARCH_EVIDENCE_ONLY,NONE
002187.SZ,SZ_MAIN,1,0.29929,23,22,1,0,VALID,,,2026-08-31T19:21:24+08:00,DATA_AND_RESEARCH_EVIDENCE_ONLY,NONE
002188.SZ,SZ_MAIN,1,0.283829,49,48,1,0,VALID,,,2026-08-31T19:18:43+08:00,DATA_AND_RESEARCH_EVIDENCE_ONLY,NONE
002189.SZ,SZ_MAIN,1,0.644722,40,39,1,0,VALID,,,2026-08-31T19:18:18+08:00,DATA_AND_RESEARCH_EVIDENCE_ONLY,NONE
002190.SZ,SZ_MAIN,1,0.606695,12,11,1,0,VALID,,,2026-08-31T19:21:49+08:00,DATA_AND_RESEARCH_EVIDENCE_ONLY,NONE
002191.SZ,SZ_MAIN,1,0.329871,46,45,1,0,VALID,,,2026-08-31T19:18:43+08:00,DATA_AND_RESEARCH_EVIDENCE_ONLY,NONE
002192.SZ,SZ_MAIN,1,0.329837,37,36,1,0,VALID,,,2026-08-31T19:21:30+08:00,DATA_AND_RESEARCH_EVIDENCE_ONLY,NONE
002193.SZ,SZ_MAIN,1,0.367933,30,29,1,0,VALID,,,2026-08-31T19:18:11+08:00,DATA_AND_RESEARCH_EVIDENCE_ONLY,NONE
002194.SZ,SZ_MAIN,1,0.401411,60,59,1,0,VALID,,,2026-08-31T19:21:33+08:00,DATA_AND_RESEARCH_EVIDENCE_ONLY,NONE
002195.SZ,SZ_MAIN,1,0.41803,94,93,1,0,VALID,,,2026-08-31T19:21:38+08:00,DATA_AND_RESEARCH_EVIDENCE_ONLY,NONE
002196.SZ,SZ_MAIN,1,0.307843,70,69,1,0,VALID,,,2026-08-31T19:18:09+08:00,DATA_AND_RESEARCH_EVIDENCE_ONLY,NONE
002197.SZ,SZ_MAIN,1,0.623146,48,47,1,0,VALID,,,2026-08-31T19:18:16+08:00,DATA_AND_RESEARCH_EVIDENCE_ONLY,NONE
002198.SZ,SZ_MAIN,1,0.305428,28,27,1,0,VALID,,,2026-08-31T19:18:12+08:00,DATA_AND_RESEARCH_EVIDENCE_ONLY,NONE
002199.SZ,SZ_MAIN,1,0.318647,29,28,1,0,VALID,,,2026-08-31T19:18:20+08:00,DATA_AND_RESEARCH_EVIDENCE_ONLY,NONE
002200.SZ,SZ_MAIN,1,0.922027,24,23,1,0,VALID,,,2026-08-31T19:22:31+08:00,DATA_AND_RESEARCH_EVIDENCE_ONLY,NONE
002201.SZ,SZ_MAIN,1,0.300006,40,39,1,0,VALID,,,2026-08-31T19:21:24+08:00,DATA_AND_RESEARCH_EVIDENCE_ONLY,NONE
002202.SZ,SZ_MAIN,1,0.274048,51,50,1,0,VALID,,,2026-08-31T19:18:18+08:00,DATA_AND_RESEARCH_EVIDENCE_ONLY,NONE
002203.SZ,SZ_MAIN,1,0.322152,81,80,1,0,VALID,,,2026-08-31T19:21:33+08:00,DATA_AND_RESEARCH_EVIDENCE_ONLY,NONE
002204.SZ,SZ_MAIN,1,0.286866,10,9,1,0,VALID,,,2026-08-31T19:21:24+08:00,DATA_AND_RESEARCH_EVIDENCE_ONLY,NONE
002205.SZ,SZ_MAIN,1,0.270882,18,17,1,0,VALID,,,2026-08-31T19:21:49+08:00,DATA_AND_RESEARCH_EVIDENCE_ONLY,NONE
002206.SZ,SZ_MAIN,1,0.256797,56,55,1,0,VALID,,,2026-08-31T19:18:43+08:00,DATA_AND_RESEARCH_EVIDENCE_ONLY,NONE
002207.SZ,SZ_MAIN,1,0.298048,37,36,1,0,VALID,,,2026-08-31T19:18:09+08:00,DATA_AND_RESEARCH_EVIDENCE_ONLY,NONE
002208.SZ,SZ_MAIN,1,0.323975,38,37,1,0,VALID,,,2026-08-31T19:21:30+08:00,DATA_AND_RESEARCH_EVIDENCE_ONLY,NONE
002209.SZ,SZ_MAIN,1,0.452952,40,39,1,0,VALID,,,2026-08-31T19:19:15+08:00,DATA_AND_RESEARCH_EVIDENCE_ONLY,NONE
002210.SZ,SZ_MAIN,1,0.340355,40,39,1,0,VALID,,,2026-08-31T19:21:31+08:00,DATA_AND_RESEARCH_EVIDENCE_ONLY,NONE
002211.SZ,SZ_MAIN,1,0.325609,34,33,1,0,VALID,,,2026-08-31T19:18:12+08:00,DATA_AND_RESEARCH_EVIDENCE_ONLY,NONE
002212.SZ,SZ_MAIN,1,0.370692,67,66,1,0,VALID,,,2026-08-31T19:21:34+08:00,DATA_AND_RESEARCH_EVIDENCE_ONLY,NONE
002213.SZ,SZ_MAIN,1,0.321717,47,46,1,0,VALID,,,2026-08-31T19:21:24+08:00,DATA_AND_RESEARCH_EVIDENCE_ONLY,NONE
002214.SZ,SZ_MAIN,1,0.316175,33,32,1,0,VALID,,,2026-08-31T19:21:34+08:00,DATA_AND_RESEARCH_EVIDENCE_ONLY,NONE
002215.SZ,SZ_MAIN,1,0.322405,90,89,1,0,VALID,,,2026-08-31T19:18:20+08:00,DATA_AND_RESEARCH_EVIDENCE_ONLY,NONE
002216.SZ,SZ_MAIN,1,0.457626,46,45,1,0,VALID,,,2026-08-31T19:21:25+08:00,DATA_AND_RESEARCH_EVIDENCE_ONLY,NONE
002217.SZ,SZ_MAIN,1,0.413771,56,55,1,0,VALID,,,2026-08-31T19:18:10+08:00,DATA_AND_RESEARCH_EVIDENCE_ONLY,NONE
002218.SZ,SZ_MAIN,1,0.297202,26,25,1,0,VALID,,,2026-08-31T19:22:32+08:00,DATA_AND_RESEARCH_EVIDENCE_ONLY,NONE
002219.SZ,SZ_MAIN,1,0.357323,62,61,1,0,VALID,,,2026-08-31T19:22:32+08:00,DATA_AND_RESEARCH_EVIDENCE_ONLY,NONE
002221.SZ,SZ_MAIN,1,0.339827,56,55,1,0,VALID,,,2026-08-31T19:19:15+08:00,DATA_AND_RESEARCH_EVIDENCE_ONLY,NONE
002222.SZ,SZ_MAIN,1,0.274523,24,23,1,0,VALID,,,2026-08-31T19:18:44+08:00,DATA_AND_RESEARCH_EVIDENCE_ONLY,NONE
002223.SZ,SZ_MAIN,1,0.332783,39,38,1,0,VALID,,,2026-08-31T19:18:17+08:00,DATA_AND_RESEARCH_EVIDENCE_ONLY,NONE
002224.SZ,SZ_MAIN,1,0.33025,75,74,1,0,VALID,,,2026-08-31T19:21:35+08:00,DATA_AND_RESEARCH_EVIDENCE_ONLY,NONE
002225.SZ,SZ_MAIN,1,0.981781,91,90,1,0,VALID,,,2026-08-31T19:22:00+08:00,DATA_AND_RESEARCH_EVIDENCE_ONLY,NONE
002226.SZ,SZ_MAIN,1,0.293398,46,45,1,0,VALID,,,2026-08-31T19:21:38+08:00,DATA_AND_RESEARCH_EVIDENCE_ONLY,NONE
002227.SZ,SZ_MAIN,1,0.286751,48,47,1,0,VALID,,,2026-08-31T19:19:16+08:00,DATA_AND_RESEARCH_EVIDENCE_ONLY,NONE
002228.SZ,SZ_MAIN,1,0.72369,49,48,1,0,VALID,,,2026-08-31T19:22:01+08:00,DATA_AND_RESEARCH_EVIDENCE_ONLY,NONE
002229.SZ,SZ_MAIN,1,0.441871,52,51,1,0,VALID,,,2026-08-31T19:18:19+08:00,DATA_AND_RESEARCH_EVIDENCE_ONLY,NONE
002230.SZ,SZ_MAIN,1,0.325464,165,164,1,0,VALID,,,2026-08-31T19:18:17+08:00,DATA_AND_RESEARCH_EVIDENCE_ONLY,NONE
002232.SZ,SZ_MAIN,1,0.314808,25,24,1,0,VALID,,,2026-08-31T19:18:12+08:00,DATA_AND_RESEARCH_EVIDENCE_ONLY,NONE
002233.SZ,SZ_MAIN,1,0.369399,42,41,1,0,VALID,,,2026-08-31T19:21:31+08:00,DATA_AND_RESEARCH_EVIDENCE_ONLY,NONE
002234.SZ,SZ_MAIN,1,0.545949,26,25,1,0,VALID,,,2026-08-31T19:22:33+08:00,DATA_AND_RESEARCH_EVIDENCE_ONLY,NONE
002235.SZ,SZ_MAIN,1,0.292416,56,55,1,0,VALID,,,2026-08-31T19:18:17+08:00,DATA_AND_RESEARCH_EVIDENCE_ONLY,NONE
002236.SZ,SZ_MAIN,1,0.308733,94,93,1,0,VALID,,,2026-08-31T19:21:39+08:00,DATA_AND_RESEARCH_EVIDENCE_ONLY,NONE
002237.SZ,SZ_MAIN,1,0.437862,49,48,1,0,VALID,,,2026-08-31T19:18:21+08:00,DATA_AND_RESEARCH_EVIDENCE_ONLY,NONE
002238.SZ,SZ_MAIN,1,0.272035,19,18,1,0,VALID,,,2026-08-31T19:21:50+08:00,DATA_AND_RESEARCH_EVIDENCE_ONLY,NONE
002239.SZ,SZ_MAIN,1,0.410918,58,57,1,0,VALID,,,2026-08-31T19:21:39+08:00,DATA_AND_RESEARCH_EVIDENCE_ONLY,NONE
002240.SZ,SZ_MAIN,1,0.276317,67,66,1,0,VALID,,,2026-08-31T19:18:19+08:00,DATA_AND_RESEARCH_EVIDENCE_ONLY,NONE
002241.SZ,SZ_MAIN,1,0.306396,184,183,1,0,VALID,,,2026-08-31T19:18:13+08:00,DATA_AND_RESEARCH_EVIDENCE_ONLY,NONE
002242.SZ,SZ_MAIN,1,0.386437,42,41,1,0,VALID,,,2026-08-31T19:21:32+08:00,DATA_AND_RESEARCH_EVIDENCE_ONLY,NONE
002243.SZ,SZ_MAIN,1,0.438352,29,28,1,0,VALID,,,2026-08-31T19:18:10+08:00,DATA_AND_RESEARCH_EVIDENCE_ONLY,NONE
002244.SZ,SZ_MAIN,1,0.335339,21,20,1,0,VALID,,,2026-08-31T19:19:16+08:00,DATA_AND_RESEARCH_EVIDENCE_ONLY,NONE
002245.SZ,SZ_MAIN,1,0.31005,104,103,1,0,VALID,,,2026-08-31T19:18:11+08:00,DATA_AND_RESEARCH_EVIDENCE_ONLY,NONE
002246.SZ,SZ_MAIN,1,0.299039,12,11,1,0,VALID,,,2026-08-31T19:18:11+08:00,DATA_AND_RESEARCH_EVIDENCE_ONLY,NONE
002247.SZ,SZ_MAIN,1,0.305159,53,52,1,0,VALID,,,2026-08-31T19:18:11+08:00,DATA_AND_RESEARCH_EVIDENCE_ONLY,NONE
002248.SZ,SZ_MAIN,1,0.630161,22,21,1,0,VALID,,,2026-08-31T19:18:19+08:00,DATA_AND_RESEARCH_EVIDENCE_ONLY,NONE
002249.SZ,SZ_MAIN,1,0.367158,182,181,1,0,VALID,,,2026-08-31T19:18:14+08:00,DATA_AND_RESEARCH_EVIDENCE_ONLY,NONE
002250.SZ,SZ_MAIN,1,0.302107,70,69,1,0,VALID,,,2026-08-31T19:22:33+08:00,DATA_AND_RESEARCH_EVIDENCE_ONLY,NONE
002251.SZ,SZ_MAIN,1,0.298896,35,34,1,0,VALID,,,2026-08-31T19:21:39+08:00,DATA_AND_RESEARCH_EVIDENCE_ONLY,NONE
002252.SZ,SZ_MAIN,1,0.534701,49,48,1,0,VALID,,,2026-08-31T19:21:50+08:00,DATA_AND_RESEARCH_EVIDENCE_ONLY,NONE
002253.SZ,SZ_MAIN,1,0.454763,38,37,1,0,VALID,,,2026-08-31T19:22:02+08:00,DATA_AND_RESEARCH_EVIDENCE_ONLY,NONE
002254.SZ,SZ_MAIN,1,0.358229,56,55,1,0,VALID,,,2026-08-31T19:22:02+08:00,DATA_AND_RESEARCH_EVIDENCE_ONLY,NONE
002255.SZ,SZ_MAIN,1,0.259507,42,41,1,0,VALID,,,2026-08-31T19:21:50+08:00,DATA_AND_RESEARCH_EVIDENCE_ONLY,NONE
002256.SZ,SZ_MAIN,1,0.289203,47,46,1,0,VALID,,,2026-08-31T19:18:13+08:00,DATA_AND_RESEARCH_EVIDENCE_ONLY,NONE
002258.SZ,SZ_MAIN,1,0.378219,54,53,1,0,VALID,,,2026-08-31T19:18:13+08:00,DATA_AND_RESEARCH_EVIDENCE_ONLY,NONE
002259.SZ,SZ_MAIN,1,0.306669,30,29,1,0,VALID,,,2026-08-31T19:21:25+08:00,DATA_AND_RESEARCH_EVIDENCE_ONLY,NONE
002261.SZ,SZ_MAIN,1,0.275518,92,91,1,0,VALID,,,2026-08-31T19:19:16+08:00,DATA_AND_RESEARCH_EVIDENCE_ONLY,NONE
002262.SZ,SZ_MAIN,1,0.471503,49,48,1,0,VALID,,,2026-08-31T19:21:32+08:00,DATA_AND_RESEARCH_EVIDENCE_ONLY,NONE
002263.SZ,SZ_MAIN,1,0.308,33,32,1,0,VALID,,,2026-08-31T19:18:44+08:00,DATA_AND_RESEARCH_EVIDENCE_ONLY,NONE
002264.SZ,SZ_MAIN,1,0.372034,74,73,1,0,VALID,,,2026-08-31T19:18:14+08:00,DATA_AND_RESEARCH_EVIDENCE_ONLY,NONE
002265.SZ,SZ_MAIN,1,0.29264,24,23,1,0,VALID,,,2026-08-31T19:18:21+08:00,DATA_AND_RESEARCH_EVIDENCE_ONLY,NONE
002266.SZ,SZ_MAIN,1,0.277212,48,47,1,0,VALID,,,2026-08-31T19:18:14+08:00,DATA_AND_RESEARCH_EVIDENCE_ONLY,NONE
002267.SZ,SZ_MAIN,1,0.371854,14,13,1,0,VALID,,,2026-08-31T19:18:14+08:00,DATA_AND_RESEARCH_EVIDENCE_ONLY,NONE
002268.SZ,SZ_MAIN,1,0.388608,53,52,1,0,VALID,,,2026-08-31T19:18:22+08:00,DATA_AND_RESEARCH_EVIDENCE_ONLY,NONE
002269.SZ,SZ_MAIN,1,0.294752,10,9,1,0,VALID,,,2026-08-31T19:21:26+08:00,DATA_AND_RESEARCH_EVIDENCE_ONLY,NONE
002270.SZ,SZ_MAIN,1,0.307671,33,32,1,0,VALID,,,2026-08-31T19:21:26+08:00,DATA_AND_RESEARCH_EVIDENCE_ONLY,NONE
002271.SZ,SZ_MAIN,1,0.301098,146,145,1,0,VALID,,,2026-08-31T19:21:26+08:00,DATA_AND_RESEARCH_EVIDENCE_ONLY,NONE
002272.SZ,SZ_MAIN,1,0.308324,56,55,1,0,VALID,,,2026-08-31T19:22:03+08:00,DATA_AND_RESEARCH_EVIDENCE_ONLY,NONE
002273.SZ,SZ_MAIN,1,0.391157,108,107,1,0,VALID,,,2026-08-31T19:21:51+08:00,DATA_AND_RESEARCH_EVIDENCE_ONLY,NONE
002274.SZ,SZ_MAIN,1,0.33561,15,14,1,0,PRICE_UNAVAILABLE,,,2026-08-31T19:18:22+08:00,DATA_AND_RESEARCH_EVIDENCE_ONLY,NONE
002275.SZ,SZ_MAIN,1,0.375523,33,32,1,0,VALID,,,2026-08-31T19:18:18+08:00,DATA_AND_RESEARCH_EVIDENCE_ONLY,NONE
002276.SZ,SZ_MAIN,1,0.269726,62,61,1,0,VALID,,,2026-08-31T19:19:17+08:00,DATA_AND_RESEARCH_EVIDENCE_ONLY,NONE
002277.SZ,SZ_MAIN,1,0.284677,16,15,1,0,VALID,,,2026-08-31T19:18:18+08:00,DATA_AND_RESEARCH_EVIDENCE_ONLY,NONE
002278.SZ,SZ_MAIN,1,0.293002,36,35,1,0,VALID,,,2026-08-31T19:22:03+08:00,DATA_AND_RESEARCH_EVIDENCE_ONLY,NONE
002279.SZ,SZ_MAIN,1,0.353494,106,106,0,0,VALID,,,2026-08-31T19:18:15+08:00,DATA_AND_RESEARCH_EVIDENCE_ONLY,NONE
002281.SZ,SZ_MAIN,1,0.414142,84,83,1,0,VALID,,,2026-08-31T19:21:27+08:00,DATA_AND_RESEARCH_EVIDENCE_ONLY,NONE
002282.SZ,SZ_MAIN,1,0.296642,51,50,1,0,VALID,,,2026-08-31T19:21:27+08:00,DATA_AND_RESEARCH_EVIDENCE_ONLY,NONE
002283.SZ,SZ_MAIN,1,0.355926,178,177,1,0,VALID,,,2026-08-31T19:18:15+08:00,DATA_AND_RESEARCH_EVIDENCE_ONLY,NONE
002284.SZ,SZ_MAIN,1,0.298747,101,100,1,0,VALID,,,2026-08-31T19:21:27+08:00,DATA_AND_RESEARCH_EVIDENCE_ONLY,NONE
002285.SZ,SZ_MAIN,1,0.359334,54,53,1,0,VALID,,,2026-08-31T19:18:16+08:00,DATA_AND_RESEARCH_EVIDENCE_ONLY,NONE
002286.SZ,SZ_MAIN,1,0.376047,46,45,1,0,VALID,,,2026-08-31T19:21:32+08:00,DATA_AND_RESEARCH_EVIDENCE_ONLY,NONE
002287.SZ,SZ_MAIN,1,0.383075,76,75,1,0,VALID,,,2026-08-31T19:18:22+08:00,DATA_AND_RESEARCH_EVIDENCE_ONLY,NONE
002289.SZ,SZ_MAIN,1,0.438047,43,42,1,0,VALID,,,2026-08-31T19:21:33+08:00,DATA_AND_RESEARCH_EVIDENCE_ONLY,NONE
002290.SZ,SZ_MAIN,1,0.333618,40,39,1,0,VALID,,,2026-08-31T19:19:17+08:00,DATA_AND_RESEARCH_EVIDENCE_ONLY,NONE
002291.SZ,SZ_MAIN,1,0.270197,49,48,1,0,VALID,,,2026-08-31T19:18:44+08:00,DATA_AND_RESEARCH_EVIDENCE_ONLY,NONE
002292.SZ,SZ_MAIN,1,0.446887,60,59,1,0,VALID,,,2026-08-31T19:22:03+08:00,DATA_AND_RESEARCH_EVIDENCE_ONLY,NONE
002293.SZ,SZ_MAIN,1,0.307296,78,77,1,0,VALID,,,2026-08-31T19:21:38+08:00,DATA_AND_RESEARCH_EVIDENCE_ONLY,NONE
002294.SZ,SZ_MAIN,1,0.323132,29,28,1,0,VALID,,,2026-08-31T19:18:18+08:00,DATA_AND_RESEARCH_EVIDENCE_ONLY,NONE
002295.SZ,SZ_MAIN,1,0.267785,42,41,1,0,VALID,,,2026-08-31T19:18:20+08:00,DATA_AND_RESEARCH_EVIDENCE_ONLY,NONE
002296.SZ,SZ_MAIN,1,0.435361,53,52,1,0,VALID,,,2026-08-31T19:18:16+08:00,DATA_AND_RESEARCH_EVIDENCE_ONLY,NONE
002297.SZ,SZ_MAIN,1,0.469128,33,32,1,0,VALID,,,2026-08-31T19:21:51+08:00,DATA_AND_RESEARCH_EVIDENCE_ONLY,NONE
002298.SZ,SZ_MAIN,1,0.264295,53,52,1,0,VALID,,,2026-08-31T19:19:17+08:00,DATA_AND_RESEARCH_EVIDENCE_ONLY,NONE
002299.SZ,SZ_MAIN,1,0.667736,69,68,1,0,VALID,,,2026-08-31T19:21:40+08:00,DATA_AND_RESEARCH_EVIDENCE_ONLY,NONE
002300.SZ,SZ_MAIN,1,0.322953,35,34,1,0,VALID,,,2026-08-31T19:18:19+08:00,DATA_AND_RESEARCH_EVIDENCE_ONLY,NONE
002301.SZ,SZ_MAIN,1,0.36701,41,40,1,0,VALID,,,2026-08-31T19:18:16+08:00,DATA_AND_RESEARCH_EVIDENCE_ONLY,NONE
002302.SZ,SZ_MAIN,1,0.373777,21,20,1,0,VALID,,,2026-08-31T19:18:23+08:00,DATA_AND_RESEARCH_EVIDENCE_ONLY,NONE
002303.SZ,SZ_MAIN,1,0.298099,30,29,1,0,VALID,,,2026-08-31T19:21:39+08:00,DATA_AND_RESEARCH_EVIDENCE_ONLY,NONE
002304.SZ,SZ_MAIN,1,0.411402,39,38,1,0,VALID,,,2026-08-31T19:18:12+08:00,DATA_AND_RESEARCH_EVIDENCE_ONLY,NONE
002305.SZ,SZ_MAIN,1,0.369546,49,48,1,0,VALID,,,2026-08-31T19:18:17+08:00,DATA_AND_RESEARCH_EVIDENCE_ONLY,NONE
002306.SZ,SZ_MAIN,1,0.312201,43,42,1,0,VALID,,,2026-08-31T19:18:23+08:00,DATA_AND_RESEARCH_EVIDENCE_ONLY,NONE
002307.SZ,SZ_MAIN,1,0.741813,31,30,1,0,VALID,,,2026-08-31T19:22:04+08:00,DATA_AND_RESEARCH_EVIDENCE_ONLY,NONE
002309.SZ,SZ_MAIN,1,0.299505,53,52,1,0,VALID,,,2026-08-31T19:21:40+08:00,DATA_AND_RESEARCH_EVIDENCE_ONLY,NONE
002310.SZ,SZ_MAIN,1,0.521871,63,62,1,0,VALID,,,2026-08-31T19:21:28+08:00,DATA_AND_RESEARCH_EVIDENCE_ONLY,NONE
002311.SZ,SZ_MAIN,1,0.312834,184,183,1,0,VALID,,,2026-08-31T19:21:28+08:00,DATA_AND_RESEARCH_EVIDENCE_ONLY,NONE
002312.SZ,SZ_MAIN,1,0.393545,84,83,1,0,VALID,,,2026-08-31T19:18:12+08:00,DATA_AND_RESEARCH_EVIDENCE_ONLY,NONE
002313.SZ,SZ_MAIN,1,0.339395,37,36,1,0,VALID,,,2026-08-31T19:19:17+08:00,DATA_AND_RESEARCH_EVIDENCE_ONLY,NONE
002314.SZ,SZ_MAIN,1,0.298405,37,36,1,0,VALID,,,2026-08-31T19:21:41+08:00,DATA_AND_RESEARCH_EVIDENCE_ONLY,NONE
002315.SZ,SZ_MAIN,1,0.31053,46,45,1,1,VALID,,,2026-08-31T19:21:39+08:00,DATA_AND_RESEARCH_EVIDENCE_ONLY,NONE
002316.SZ,SZ_MAIN,1,0.299538,29,28,1,0,VALID,,,2026-08-31T19:21:29+08:00,DATA_AND_RESEARCH_EVIDENCE_ONLY,NONE
002317.SZ,SZ_MAIN,1,0.291469,49,48,1,0,VALID,,,2026-08-31T19:21:41+08:00,DATA_AND_RESEARCH_EVIDENCE_ONLY,NONE
002318.SZ,SZ_MAIN,1,0.333449,66,65,1,0,VALID,,,2026-08-31T19:21:33+08:00,DATA_AND_RESEARCH_EVIDENCE_ONLY,NONE
002319.SZ,SZ_MAIN,1,0.268095,19,18,1,0,VALID,,,2026-08-31T19:18:45+08:00,DATA_AND_RESEARCH_EVIDENCE_ONLY,NONE
002320.SZ,SZ_MAIN,1,0.388593,42,41,1,0,VALID,,,2026-08-31T19:18:19+08:00,DATA_AND_RESEARCH_EVIDENCE_ONLY,NONE
002321.SZ,SZ_MAIN,1,0.33102,29,28,1,0,VALID,,,2026-08-31T19:18:17+08:00,DATA_AND_RESEARCH_EVIDENCE_ONLY,NONE
002322.SZ,SZ_MAIN,1,0.498165,60,59,1,0,VALID,,,2026-08-31T19:18:15+08:00,DATA_AND_RESEARCH_EVIDENCE_ONLY,NONE
002323.SZ,SZ_MAIN,1,0.269862,31,30,1,0,VALID,,,2026-08-31T19:21:52+08:00,DATA_AND_RESEARCH_EVIDENCE_ONLY,NONE
002324.SZ,SZ_MAIN,1,0.320835,47,46,1,0,VALID,,,2026-08-31T19:22:34+08:00,DATA_AND_RESEARCH_EVIDENCE_ONLY,NONE
002326.SZ,SZ_MAIN,1,0.292735,73,72,1,0,VALID,,,2026-08-31T19:18:20+08:00,DATA_AND_RESEARCH_EVIDENCE_ONLY,NONE
002327.SZ,SZ_MAIN,1,0.310096,117,116,1,0,VALID,,,2026-08-31T19:21:41+08:00,DATA_AND_RESEARCH_EVIDENCE_ONLY,NONE
002328.SZ,SZ_MAIN,1,0.63621,37,36,1,0,VALID,,,2026-08-31T19:18:21+08:00,DATA_AND_RESEARCH_EVIDENCE_ONLY,NONE
002329.SZ,SZ_MAIN,1,0.88925,50,49,1,0,VALID,,,2026-08-31T19:21:34+08:00,DATA_AND_RESEARCH_EVIDENCE_ONLY,NONE
002330.SZ,SZ_MAIN,1,0.297444,27,26,1,0,VALID,,,2026-08-31T19:18:12+08:00,DATA_AND_RESEARCH_EVIDENCE_ONLY,NONE
002331.SZ,SZ_MAIN,1,0.308396,65,64,1,0,VALID,,,2026-08-31T19:21:39+08:00,DATA_AND_RESEARCH_EVIDENCE_ONLY,NONE
002332.SZ,SZ_MAIN,1,0.310358,34,33,1,0,VALID,,,2026-08-31T19:21:40+08:00,DATA_AND_RESEARCH_EVIDENCE_ONLY,NONE
002333.SZ,SZ_MAIN,1,0.420062,32,31,1,0,VALID,,,2026-08-31T19:22:34+08:00,DATA_AND_RESEARCH_EVIDENCE_ONLY,NONE
002334.SZ,SZ_MAIN,1,0.351853,200,199,1,0,VALID,,,2026-08-31T19:21:35+08:00,DATA_AND_RESEARCH_EVIDENCE_ONLY,NONE
002335.SZ,SZ_MAIN,1,0.336135,192,191,1,0,VALID,,,2026-08-31T19:18:17+08:00,DATA_AND_RESEARCH_EVIDENCE_ONLY,NONE
002337.SZ,SZ_MAIN,1,0.340205,27,26,1,0,VALID,,,2026-08-31T19:21:35+08:00,DATA_AND_RESEARCH_EVIDENCE_ONLY,NONE
002338.SZ,SZ_MAIN,1,0.374604,18,16,2,0,VALID,,,2026-08-31T19:18:45+08:00,DATA_AND_RESEARCH_EVIDENCE_ONLY,NONE
002339.SZ,SZ_MAIN,1,0.813269,36,35,1,0,VALID,,,2026-08-31T19:22:05+08:00,DATA_AND_RESEARCH_EVIDENCE_ONLY,NONE
002340.SZ,SZ_MAIN,1,0.396992,88,87,1,0,VALID,,,2026-08-31T19:18:19+08:00,DATA_AND_RESEARCH_EVIDENCE_ONLY,NONE
002342.SZ,SZ_MAIN,1,0.546752,27,26,1,0,VALID,,,2026-08-31T19:22:34+08:00,DATA_AND_RESEARCH_EVIDENCE_ONLY,NONE
002343.SZ,SZ_MAIN,1,0.324456,37,36,1,0,VALID,,,2026-08-31T19:18:20+08:00,DATA_AND_RESEARCH_EVIDENCE_ONLY,NONE
002344.SZ,SZ_MAIN,1,0.284639,30,29,1,0,VALID,,,2026-08-31T19:18:20+08:00,DATA_AND_RESEARCH_EVIDENCE_ONLY,NONE
002345.SZ,SZ_MAIN,1,0.310449,34,33,1,0,VALID,,,2026-08-31T19:21:40+08:00,DATA_AND_RESEARCH_EVIDENCE_ONLY,NONE
002346.SZ,SZ_MAIN,1,0.308639,20,19,1,0,VALID,,,2026-08-31T19:21:29+08:00,DATA_AND_RESEARCH_EVIDENCE_ONLY,NONE
002347.SZ,SZ_MAIN,1,0.279507,32,31,1,0,VALID,,,2026-08-31T19:18:45+08:00,DATA_AND_RESEARCH_EVIDENCE_ONLY,NONE
002348.SZ,SZ_MAIN,1,0.300936,25,24,1,0,VALID,,,2026-08-31T19:21:40+08:00,DATA_AND_RESEARCH_EVIDENCE_ONLY,NONE
002349.SZ,SZ_MAIN,1,0.682432,39,38,1,0,VALID,,,2026-08-31T19:19:18+08:00,DATA_AND_RESEARCH_EVIDENCE_ONLY,NONE
002350.SZ,SZ_MAIN,1,0.300023,37,36,1,0,VALID,,,2026-08-31T19:21:42+08:00,DATA_AND_RESEARCH_EVIDENCE_ONLY,NONE
002351.SZ,SZ_MAIN,1,0.328117,39,38,1,0,VALID,,,2026-08-31T19:21:42+08:00,DATA_AND_RESEARCH_EVIDENCE_ONLY,NONE
002352.SZ,SZ_MAIN,1,0.296427,76,75,1,0,VALID,,,2026-08-31T19:21:42+08:00,DATA_AND_RESEARCH_EVIDENCE_ONLY,NONE
002353.SZ,SZ_MAIN,1,0.282613,49,48,1,0,VALID,,,2026-08-31T19:18:23+08:00,DATA_AND_RESEARCH_EVIDENCE_ONLY,NONE
002354.SZ,SZ_MAIN,1,0.509327,74,73,1,0,VALID,,,2026-08-31T19:18:18+08:00,DATA_AND_RESEARCH_EVIDENCE_ONLY,NONE
002355.SZ,SZ_MAIN,1,0.270633,37,36,1,0,VALID,,,2026-08-31T19:18:45+08:00,DATA_AND_RESEARCH_EVIDENCE_ONLY,NONE
002356.SZ,SZ_MAIN,1,0.64753,18,17,1,0,VALID,,,2026-08-31T19:18:24+08:00,DATA_AND_RESEARCH_EVIDENCE_ONLY,NONE
002357.SZ,SZ_MAIN,1,0.259304,26,25,1,0,VALID,,,2026-08-31T19:18:21+08:00,DATA_AND_RESEARCH_EVIDENCE_ONLY,NONE
002358.SZ,SZ_MAIN,1,0.275009,29,28,1,0,VALID,,,2026-08-31T19:21:52+08:00,DATA_AND_RESEARCH_EVIDENCE_ONLY,NONE
002360.SZ,SZ_MAIN,1,0.292379,43,42,1,0,VALID,,,2026-08-31T19:22:35+08:00,DATA_AND_RESEARCH_EVIDENCE_ONLY,NONE
002361.SZ,SZ_MAIN,1,0.512758,37,36,1,0,VALID,,,2026-08-31T19:18:20+08:00,DATA_AND_RESEARCH_EVIDENCE_ONLY,NONE
002362.SZ,SZ_MAIN,1,0.432281,39,38,1,0,VALID,,,2026-08-31T19:18:24+08:00,DATA_AND_RESEARCH_EVIDENCE_ONLY,NONE
002363.SZ,SZ_MAIN,1,0.301018,24,23,1,0,VALID,,,2026-08-31T19:21:29+08:00,DATA_AND_RESEARCH_EVIDENCE_ONLY,NONE
002364.SZ,SZ_MAIN,1,0.346262,64,63,1,0,VALID,,,2026-08-31T19:18:18+08:00,DATA_AND_RESEARCH_EVIDENCE_ONLY,NONE
002365.SZ,SZ_MAIN,1,0.300622,37,36,1,0,VALID,,,2026-08-31T19:18:13+08:00,DATA_AND_RESEARCH_EVIDENCE_ONLY,NONE
002366.SZ,SZ_MAIN,1,0.30229,42,41,1,0,VALID,,,2026-08-31T19:18:13+08:00,DATA_AND_RESEARCH_EVIDENCE_ONLY,NONE
002367.SZ,SZ_MAIN,1,0.304733,62,61,1,0,VALID,,,2026-08-31T19:21:41+08:00,DATA_AND_RESEARCH_EVIDENCE_ONLY,NONE
002368.SZ,SZ_MAIN,1,0.290711,65,64,1,0,VALID,,,2026-08-31T19:18:25+08:00,DATA_AND_RESEARCH_EVIDENCE_ONLY,NONE
002369.SZ,SZ_MAIN,1,0.365762,49,48,1,0,VALID,,,2026-08-31T19:18:21+08:00,DATA_AND_RESEARCH_EVIDENCE_ONLY,NONE
002370.SZ,SZ_MAIN,1,0.348895,46,45,1,0,VALID,,,2026-08-31T19:21:35+08:00,DATA_AND_RESEARCH_EVIDENCE_ONLY,NONE
002371.SZ,SZ_MAIN,1,0.397789,96,93,3,0,VALID,,,2026-08-31T19:21:35+08:00,DATA_AND_RESEARCH_EVIDENCE_ONLY,NONE
002372.SZ,SZ_MAIN,1,0.299159,48,47,1,0,VALID,,,2026-08-31T19:21:41+08:00,DATA_AND_RESEARCH_EVIDENCE_ONLY,NONE
002373.SZ,SZ_MAIN,1,0.58684,60,59,1,0,VALID,,,2026-08-31T19:21:36+08:00,DATA_AND_RESEARCH_EVIDENCE_ONLY,NONE
002374.SZ,SZ_MAIN,1,0.349685,45,44,1,0,VALID,,,2026-08-31T19:22:35+08:00,DATA_AND_RESEARCH_EVIDENCE_ONLY,NONE
002375.SZ,SZ_MAIN,1,0.292846,39,38,1,0,VALID,,,2026-08-31T19:18:21+08:00,DATA_AND_RESEARCH_EVIDENCE_ONLY,NONE
002376.SZ,SZ_MAIN,1,0.301652,68,67,1,0,VALID,,,2026-08-31T19:21:29+08:00,DATA_AND_RESEARCH_EVIDENCE_ONLY,NONE
002377.SZ,SZ_MAIN,1,0.382549,33,32,1,0,VALID,,,2026-08-31T19:21:36+08:00,DATA_AND_RESEARCH_EVIDENCE_ONLY,NONE
002378.SZ,SZ_MAIN,1,0.298531,34,33,1,0,VALID,,,2026-08-31T19:18:15+08:00,DATA_AND_RESEARCH_EVIDENCE_ONLY,NONE
002379.SZ,SZ_MAIN,1,0.302196,34,33,1,0,VALID,,,2026-08-31T19:22:36+08:00,DATA_AND_RESEARCH_EVIDENCE_ONLY,NONE
002380.SZ,SZ_MAIN,1,0.493756,22,21,1,0,VALID,,,2026-08-31T19:18:22+08:00,DATA_AND_RESEARCH_EVIDENCE_ONLY,NONE
002381.SZ,SZ_MAIN,1,0.30373,40,39,1,0,VALID,,,2026-08-31T19:18:13+08:00,DATA_AND_RESEARCH_EVIDENCE_ONLY,NONE
002382.SZ,SZ_MAIN,1,0.528082,73,72,1,0,VALID,,,2026-08-31T19:21:35+08:00,DATA_AND_RESEARCH_EVIDENCE_ONLY,NONE
002383.SZ,SZ_MAIN,1,0.294541,48,47,1,0,VALID,,,2026-08-31T19:21:43+08:00,DATA_AND_RESEARCH_EVIDENCE_ONLY,NONE
002384.SZ,SZ_MAIN,1,0.264353,39,38,1,0,VALID,,,2026-08-31T19:21:52+08:00,DATA_AND_RESEARCH_EVIDENCE_ONLY,NONE
002385.SZ,SZ_MAIN,1,0.72829,69,68,1,0,VALID,,,2026-08-31T19:22:05+08:00,DATA_AND_RESEARCH_EVIDENCE_ONLY,NONE
002386.SZ,SZ_MAIN,1,0.314979,39,38,1,0,VALID,,,2026-08-31T19:18:19+08:00,DATA_AND_RESEARCH_EVIDENCE_ONLY,NONE
002387.SZ,SZ_MAIN,1,0.294177,72,71,1,0,VALID,,,2026-08-31T19:21:52+08:00,DATA_AND_RESEARCH_EVIDENCE_ONLY,NONE
002388.SZ,SZ_MAIN,1,0.37359,29,28,1,0,VALID,,,2026-08-31T19:18:22+08:00,DATA_AND_RESEARCH_EVIDENCE_ONLY,NONE
002389.SZ,SZ_MAIN,1,0.701171,64,63,1,0,VALID,,,2026-08-31T19:22:06+08:00,DATA_AND_RESEARCH_EVIDENCE_ONLY,NONE
002390.SZ,SZ_MAIN,1,0.309093,53,52,1,0,VALID,,,2026-08-31T19:18:15+08:00,DATA_AND_RESEARCH_EVIDENCE_ONLY,NONE
002391.SZ,SZ_MAIN,1,0.386333,50,49,1,0,VALID,,,2026-08-31T19:21:36+08:00,DATA_AND_RESEARCH_EVIDENCE_ONLY,NONE
002392.SZ,SZ_MAIN,1,0.326332,62,61,1,0,VALID,,,2026-08-31T19:18:46+08:00,DATA_AND_RESEARCH_EVIDENCE_ONLY,NONE
002393.SZ,SZ_MAIN,1,0.299581,36,35,1,0,VALID,,,2026-08-31T19:22:36+08:00,DATA_AND_RESEARCH_EVIDENCE_ONLY,NONE
002394.SZ,SZ_MAIN,1,0.269325,23,22,1,0,VALID,,,2026-08-31T19:18:22+08:00,DATA_AND_RESEARCH_EVIDENCE_ONLY,NONE
002395.SZ,SZ_MAIN,1,0.299372,14,13,1,0,VALID,,,2026-08-31T19:21:30+08:00,DATA_AND_RESEARCH_EVIDENCE_ONLY,NONE
002396.SZ,SZ_MAIN,1,0.28947,22,21,1,1,VALID,,,2026-08-31T19:18:22+08:00,DATA_AND_RESEARCH_EVIDENCE_ONLY,NONE
002397.SZ,SZ_MAIN,1,0.518376,188,187,1,0,VALID,,,2026-08-31T19:19:19+08:00,DATA_AND_RESEARCH_EVIDENCE_ONLY,NONE
002398.SZ,SZ_MAIN,1,0.302426,78,77,1,0,VALID,,,2026-08-31T19:21:43+08:00,DATA_AND_RESEARCH_EVIDENCE_ONLY,NONE
002399.SZ,SZ_MAIN,1,0.298121,10,9,1,0,VALID,,,2026-08-31T19:21:41+08:00,DATA_AND_RESEARCH_EVIDENCE_ONLY,NONE
002400.SZ,SZ_MAIN,1,0.381969,37,36,1,0,VALID,,,2026-08-31T19:19:19+08:00,DATA_AND_RESEARCH_EVIDENCE_ONLY,NONE
002401.SZ,SZ_MAIN,1,0.290436,47,46,1,0,VALID,,,2026-08-31T19:18:22+08:00,DATA_AND_RESEARCH_EVIDENCE_ONLY,NONE
002402.SZ,SZ_MAIN,1,0.731803,66,65,1,0,VALID,,,2026-08-31T19:18:16+08:00,DATA_AND_RESEARCH_EVIDENCE_ONLY,NONE
002403.SZ,SZ_MAIN,1,0.296739,16,15,1,0,VALID,,,2026-08-31T19:21:30+08:00,DATA_AND_RESEARCH_EVIDENCE_ONLY,NONE
002404.SZ,SZ_MAIN,1,0.499042,36,35,1,0,VALID,,,2026-08-31T19:22:36+08:00,DATA_AND_RESEARCH_EVIDENCE_ONLY,NONE
002405.SZ,SZ_MAIN,1,0.323866,108,107,1,0,VALID,,,2026-08-31T19:18:23+08:00,DATA_AND_RESEARCH_EVIDENCE_ONLY,NONE
002406.SZ,SZ_MAIN,1,0.613632,44,43,1,0,VALID,,,2026-08-31T19:18:14+08:00,DATA_AND_RESEARCH_EVIDENCE_ONLY,NONE
002407.SZ,SZ_MAIN,1,0.281776,70,69,1,0,VALID,,,2026-08-31T19:19:20+08:00,DATA_AND_RESEARCH_EVIDENCE_ONLY,NONE
002408.SZ,SZ_MAIN,1,0.283078,64,63,1,0,VALID,,,2026-08-31T19:19:20+08:00,DATA_AND_RESEARCH_EVIDENCE_ONLY,NONE
002409.SZ,SZ_MAIN,1,0.357908,30,29,1,0,VALID,,,2026-08-31T19:18:19+08:00,DATA_AND_RESEARCH_EVIDENCE_ONLY,NONE
002410.SZ,SZ_MAIN,1,0.387285,106,105,1,0,VALID,,,2026-08-31T19:18:23+08:00,DATA_AND_RESEARCH_EVIDENCE_ONLY,NONE
002412.SZ,SZ_MAIN,1,0.427054,14,13,1,0,VALID,,,2026-08-31T19:18:16+08:00,DATA_AND_RESEARCH_EVIDENCE_ONLY,NONE
002413.SZ,SZ_MAIN,1,0.272346,69,68,1,0,VALID,,,2026-08-31T19:18:46+08:00,DATA_AND_RESEARCH_EVIDENCE_ONLY,NONE
002414.SZ,SZ_MAIN,1,0.267599,41,40,1,0,VALID,,,2026-08-31T19:19:20+08:00,DATA_AND_RESEARCH_EVIDENCE_ONLY,NONE
002415.SZ,SZ_MAIN,1,0.376763,82,81,1,0,VALID,,,2026-08-31T19:18:19+08:00,DATA_AND_RESEARCH_EVIDENCE_ONLY,NONE
002416.SZ,SZ_MAIN,1,0.2971,37,36,1,0,VALID,,,2026-08-31T19:21:30+08:00,DATA_AND_RESEARCH_EVIDENCE_ONLY,NONE
002418.SZ,SZ_MAIN,1,0.382267,28,27,1,0,VALID,,,2026-08-31T19:21:37+08:00,DATA_AND_RESEARCH_EVIDENCE_ONLY,NONE
002419.SZ,SZ_MAIN,1,0.288597,29,28,1,0,VALID,,,2026-08-31T19:22:07+08:00,DATA_AND_RESEARCH_EVIDENCE_ONLY,NONE
002420.SZ,SZ_MAIN,1,0.745106,35,34,1,0,VALID,,,2026-08-31T19:22:07+08:00,DATA_AND_RESEARCH_EVIDENCE_ONLY,NONE
002421.SZ,SZ_MAIN,1,0.331973,76,75,1,0,VALID,,,2026-08-31T19:21:31+08:00,DATA_AND_RESEARCH_EVIDENCE_ONLY,NONE
002422.SZ,SZ_MAIN,1,0.393866,95,94,1,0,VALID,,,2026-08-31T19:21:36+08:00,DATA_AND_RESEARCH_EVIDENCE_ONLY,NONE
002423.SZ,SZ_MAIN,1,0.29362,11,10,1,0,VALID,,,2026-08-31T19:21:31+08:00,DATA_AND_RESEARCH_EVIDENCE_ONLY,NONE
002424.SZ,SZ_MAIN,1,0.286749,29,28,1,0,VALID,,,2026-08-31T19:18:14+08:00,DATA_AND_RESEARCH_EVIDENCE_ONLY,NONE
002425.SZ,SZ_MAIN,1,0.311105,33,32,1,0,VALID,,,2026-08-31T19:21:53+08:00,DATA_AND_RESEARCH_EVIDENCE_ONLY,NONE
002426.SZ,SZ_MAIN,1,0.758081,49,48,1,0,VALID,,,2026-08-31T19:22:08+08:00,DATA_AND_RESEARCH_EVIDENCE_ONLY,NONE
002427.SZ,SZ_MAIN,1,0.644156,35,34,1,0,VALID,,,2026-08-31T19:18:22+08:00,DATA_AND_RESEARCH_EVIDENCE_ONLY,NONE
002428.SZ,SZ_MAIN,1,0.338787,31,30,1,0,VALID,,,2026-08-31T19:21:37+08:00,DATA_AND_RESEARCH_EVIDENCE_ONLY,NONE
002429.SZ,SZ_MAIN,1,0.368499,46,45,1,0,VALID,,,2026-08-31T19:21:37+08:00,DATA_AND_RESEARCH_EVIDENCE_ONLY,NONE
002430.SZ,SZ_MAIN,1,0.449556,65,64,1,0,VALID,,,2026-08-31T19:22:09+08:00,DATA_AND_RESEARCH_EVIDENCE_ONLY,NONE
002431.SZ,SZ_MAIN,1,0.288329,39,38,1,0,VALID,,,2026-08-31T19:18:15+08:00,DATA_AND_RESEARCH_EVIDENCE_ONLY,NONE
002432.SZ,SZ_MAIN,1,0.326192,60,59,1,0,VALID,,,2026-08-31T19:21:38+08:00,DATA_AND_RESEARCH_EVIDENCE_ONLY,NONE
002434.SZ,SZ_MAIN,1,0.505912,39,38,1,0,VALID,,,2026-08-31T19:18:46+08:00,DATA_AND_RESEARCH_EVIDENCE_ONLY,NONE
002436.SZ,SZ_MAIN,1,0.314929,63,58,5,0,VALID,,,2026-08-31T19:21:43+08:00,DATA_AND_RESEARCH_EVIDENCE_ONLY,NONE
002437.SZ,SZ_MAIN,1,0.334612,59,58,1,0,VALID,,,2026-08-31T19:18:17+08:00,DATA_AND_RESEARCH_EVIDENCE_ONLY,NONE
002438.SZ,SZ_MAIN,1,0.345926,48,47,1,0,VALID,,,2026-08-31T19:19:20+08:00,DATA_AND_RESEARCH_EVIDENCE_ONLY,NONE
002439.SZ,SZ_MAIN,1,0.339653,49,48,1,0,VALID,,,2026-08-31T19:21:53+08:00,DATA_AND_RESEARCH_EVIDENCE_ONLY,NONE
002440.SZ,SZ_MAIN,1,0.551122,36,35,1,0,VALID,,,2026-08-31T19:22:37+08:00,DATA_AND_RESEARCH_EVIDENCE_ONLY,NONE
002441.SZ,SZ_MAIN,1,0.36454,59,58,1,0,VALID,,,2026-08-31T19:18:24+08:00,DATA_AND_RESEARCH_EVIDENCE_ONLY,NONE
002442.SZ,SZ_MAIN,1,0.375026,56,55,1,0,VALID,,,2026-08-31T19:21:38+08:00,DATA_AND_RESEARCH_EVIDENCE_ONLY,NONE
002443.SZ,SZ_MAIN,1,0.336735,37,36,1,0,VALID,,,2026-08-31T19:18:25+08:00,DATA_AND_RESEARCH_EVIDENCE_ONLY,NONE
002444.SZ,SZ_MAIN,1,0.384888,39,38,1,0,VALID,,,2026-08-31T19:21:39+08:00,DATA_AND_RESEARCH_EVIDENCE_ONLY,NONE
002445.SZ,SZ_MAIN,1,0.332256,53,52,1,0,VALID,,,2026-08-31T19:21:53+08:00,DATA_AND_RESEARCH_EVIDENCE_ONLY,NONE
002446.SZ,SZ_MAIN,1,0.270705,84,83,1,0,VALID,,,2026-08-31T19:19:21+08:00,DATA_AND_RESEARCH_EVIDENCE_ONLY,NONE
002448.SZ,SZ_MAIN,1,0.299094,41,40,1,0,VALID,,,2026-08-31T19:21:42+08:00,DATA_AND_RESEARCH_EVIDENCE_ONLY,NONE
002449.SZ,SZ_MAIN,1,0.401197,31,30,1,0,VALID,,,2026-08-31T19:18:24+08:00,DATA_AND_RESEARCH_EVIDENCE_ONLY,NONE
002451.SZ,SZ_MAIN,1,0.374097,20,19,1,0,VALID,,,2026-08-31T19:18:20+08:00,DATA_AND_RESEARCH_EVIDENCE_ONLY,NONE
002452.SZ,SZ_MAIN,1,0.322983,67,66,1,0,VALID,,,2026-08-31T19:21:37+08:00,DATA_AND_RESEARCH_EVIDENCE_ONLY,NONE
002453.SZ,SZ_MAIN,1,0.345125,39,38,1,0,VALID,,,2026-08-31T19:18:25+08:00,DATA_AND_RESEARCH_EVIDENCE_ONLY,NONE
002454.SZ,SZ_MAIN,1,0.337248,45,44,1,0,VALID,,,2026-08-31T19:19:21+08:00,DATA_AND_RESEARCH_EVIDENCE_ONLY,NONE
002455.SZ,SZ_MAIN,1,0.296637,64,63,1,0,VALID,,,2026-08-31T19:22:09+08:00,DATA_AND_RESEARCH_EVIDENCE_ONLY,NONE
002456.SZ,SZ_MAIN,1,0.319587,88,87,1,0,VALID,,,2026-08-31T19:18:20+08:00,DATA_AND_RESEARCH_EVIDENCE_ONLY,NONE
002457.SZ,SZ_MAIN,1,0.270252,33,32,1,0,VALID,,,2026-08-31T19:18:24+08:00,DATA_AND_RESEARCH_EVIDENCE_ONLY,NONE
002458.SZ,SZ_MAIN,1,0.40521,46,45,1,0,VALID,,,2026-08-31T19:21:39+08:00,DATA_AND_RESEARCH_EVIDENCE_ONLY,NONE
002459.SZ,SZ_MAIN,1,0.602346,106,105,1,0,VALID,,,2026-08-31T19:18:15+08:00,DATA_AND_RESEARCH_EVIDENCE_ONLY,NONE
002460.SZ,SZ_MAIN,1,0.387211,145,144,1,0,VALID,,,2026-08-31T19:18:25+08:00,DATA_AND_RESEARCH_EVIDENCE_ONLY,NONE
002461.SZ,SZ_MAIN,1,0.26526,21,17,4,0,VALID,,,2026-08-31T19:21:54+08:00,DATA_AND_RESEARCH_EVIDENCE_ONLY,NONE
002462.SZ,SZ_MAIN,1,0.296467,34,33,1,0,VALID,,,2026-08-31T19:21:42+08:00,DATA_AND_RESEARCH_EVIDENCE_ONLY,NONE
002463.SZ,SZ_MAIN,1,0.322184,68,67,1,0,VALID,,,2026-08-31T19:18:25+08:00,DATA_AND_RESEARCH_EVIDENCE_ONLY,NONE
002465.SZ,SZ_MAIN,1,0.307261,44,43,1,0,VALID,,,2026-08-31T19:18:16+08:00,DATA_AND_RESEARCH_EVIDENCE_ONLY,NONE
002466.SZ,SZ_MAIN,1,0.274476,53,52,1,0,VALID,,,2026-08-31T19:18:25+08:00,DATA_AND_RESEARCH_EVIDENCE_ONLY,NONE
002467.SZ,SZ_MAIN,1,0.302958,78,77,1,0,VALID,,,2026-08-31T19:18:17+08:00,DATA_AND_RESEARCH_EVIDENCE_ONLY,NONE
002468.SZ,SZ_MAIN,1,0.292124,16,15,1,0,VALID,,,2026-08-31T19:21:44+08:00,DATA_AND_RESEARCH_EVIDENCE_ONLY,NONE
002469.SZ,SZ_MAIN,1,0.672281,42,41,1,0,VALID,,,2026-08-31T19:22:37+08:00,DATA_AND_RESEARCH_EVIDENCE_ONLY,NONE
002470.SZ,SZ_MAIN,1,0.314794,143,142,1,0,VALID,,,2026-08-31T19:18:17+08:00,DATA_AND_RESEARCH_EVIDENCE_ONLY,NONE
002471.SZ,SZ_MAIN,1,0.322317,50,49,1,0,VALID,,,2026-08-31T19:21:37+08:00,DATA_AND_RESEARCH_EVIDENCE_ONLY,NONE
002472.SZ,SZ_MAIN,1,0.625325,126,125,1,0,VALID,,,2026-08-31T19:18:21+08:00,DATA_AND_RESEARCH_EVIDENCE_ONLY,NONE
002474.SZ,SZ_MAIN,1,0.671795,34,33,1,0,VALID,,,2026-08-31T19:21:37+08:00,DATA_AND_RESEARCH_EVIDENCE_ONLY,NONE
002475.SZ,SZ_MAIN,1,0.481603,93,92,1,0,VALID,,,2026-08-31T19:18:47+08:00,DATA_AND_RESEARCH_EVIDENCE_ONLY,NONE
002476.SZ,SZ_MAIN,1,0.279485,23,22,1,0,VALID,,,2026-08-31T19:18:26+08:00,DATA_AND_RESEARCH_EVIDENCE_ONLY,NONE
002478.SZ,SZ_MAIN,1,0.302031,59,58,1,0,VALID,,,2026-08-31T19:22:09+08:00,DATA_AND_RESEARCH_EVIDENCE_ONLY,NONE
002479.SZ,SZ_MAIN,1,0.306026,35,34,1,0,VALID,,,2026-08-31T19:18:26+08:00,DATA_AND_RESEARCH_EVIDENCE_ONLY,NONE
002480.SZ,SZ_MAIN,1,0.718432,44,43,1,0,VALID,,,2026-08-31T19:18:21+08:00,DATA_AND_RESEARCH_EVIDENCE_ONLY,NONE
002481.SZ,SZ_MAIN,1,0.653924,34,33,1,0,VALID,,,2026-08-31T19:18:23+08:00,DATA_AND_RESEARCH_EVIDENCE_ONLY,NONE
002482.SZ,SZ_MAIN,1,0.369433,50,49,1,0,VALID,,,2026-08-31T19:18:22+08:00,DATA_AND_RESEARCH_EVIDENCE_ONLY,NONE
002483.SZ,SZ_MAIN,1,0.330005,23,22,1,0,VALID,,,2026-08-31T19:18:47+08:00,DATA_AND_RESEARCH_EVIDENCE_ONLY,NONE
002484.SZ,SZ_MAIN,1,0.357254,51,50,1,0,VALID,,,2026-08-31T19:21:38+08:00,DATA_AND_RESEARCH_EVIDENCE_ONLY,NONE
002485.SZ,SZ_MAIN,1,0.337634,16,15,1,0,VALID,,,2026-08-31T19:21:39+08:00,DATA_AND_RESEARCH_EVIDENCE_ONLY,NONE
002486.SZ,SZ_MAIN,1,0.299649,22,21,1,0,VALID,,,2026-08-31T19:21:42+08:00,DATA_AND_RESEARCH_EVIDENCE_ONLY,NONE
002487.SZ,SZ_MAIN,1,0.310259,46,45,1,0,VALID,,,2026-08-31T19:18:16+08:00,DATA_AND_RESEARCH_EVIDENCE_ONLY,NONE
002488.SZ,SZ_MAIN,1,0.298106,45,44,1,0,VALID,,,2026-08-31T19:21:44+08:00,DATA_AND_RESEARCH_EVIDENCE_ONLY,NONE
002489.SZ,SZ_MAIN,1,0.718707,32,31,1,0,VALID,,,2026-08-31T19:18:24+08:00,DATA_AND_RESEARCH_EVIDENCE_ONLY,NONE
002490.SZ,SZ_MAIN,1,0.339428,21,20,1,0,VALID,,,2026-08-31T19:21:38+08:00,DATA_AND_RESEARCH_EVIDENCE_ONLY,NONE
002491.SZ,SZ_MAIN,1,0.326743,53,52,1,0,VALID,,,2026-08-31T19:18:26+08:00,DATA_AND_RESEARCH_EVIDENCE_ONLY,NONE
002492.SZ,SZ_MAIN,1,0.273783,16,15,1,0,VALID,,,2026-08-31T19:18:26+08:00,DATA_AND_RESEARCH_EVIDENCE_ONLY,NONE
002493.SZ,SZ_MAIN,1,0.29823,26,25,1,0,VALID,,,2026-08-31T19:21:31+08:00,DATA_AND_RESEARCH_EVIDENCE_ONLY,NONE
002494.SZ,SZ_MAIN,1,0.704692,30,29,1,0,VALID,,,2026-08-31T19:22:10+08:00,DATA_AND_RESEARCH_EVIDENCE_ONLY,NONE
002495.SZ,SZ_MAIN,1,0.295333,28,27,1,0,VALID,,,2026-08-31T19:21:43+08:00,DATA_AND_RESEARCH_EVIDENCE_ONLY,NONE
002496.SZ,SZ_MAIN,1,0.654242,64,63,1,0,VALID,,,2026-08-31T19:21:39+08:00,DATA_AND_RESEARCH_EVIDENCE_ONLY,NONE
002497.SZ,SZ_MAIN,1,0.303659,44,43,1,0,VALID,,,2026-08-31T19:21:43+08:00,DATA_AND_RESEARCH_EVIDENCE_ONLY,NONE
002498.SZ,SZ_MAIN,1,0.294735,14,13,1,0,VALID,,,2026-08-31T19:18:27+08:00,DATA_AND_RESEARCH_EVIDENCE_ONLY,NONE
002500.SZ,SZ_MAIN,1,0.347132,16,11,5,0,VALID,,,2026-08-31T19:19:21+08:00,DATA_AND_RESEARCH_EVIDENCE_ONLY,NONE
002501.SZ,SZ_MAIN,1,0.514868,36,35,1,0,VALID,,,2026-08-31T19:18:22+08:00,DATA_AND_RESEARCH_EVIDENCE_ONLY,NONE
002506.SZ,SZ_MAIN,1,0.275844,55,54,1,0,VALID,,,2026-08-31T19:18:18+08:00,DATA_AND_RESEARCH_EVIDENCE_ONLY,NONE
002507.SZ,SZ_MAIN,1,0.35499,55,54,1,0,VALID,,,2026-08-31T19:22:38+08:00,DATA_AND_RESEARCH_EVIDENCE_ONLY,NONE
002508.SZ,SZ_MAIN,1,0.348352,44,43,1,0,VALID,,,2026-08-31T19:18:23+08:00,DATA_AND_RESEARCH_EVIDENCE_ONLY,NONE
002510.SZ,SZ_MAIN,1,0.576882,103,102,1,0,VALID,,,2026-08-31T19:22:38+08:00,DATA_AND_RESEARCH_EVIDENCE_ONLY,NONE
002511.SZ,SZ_MAIN,1,0.342827,92,91,1,0,VALID,,,2026-08-31T19:19:22+08:00,DATA_AND_RESEARCH_EVIDENCE_ONLY,NONE
002512.SZ,SZ_MAIN,1,0.350705,49,48,1,0,VALID,,,2026-08-31T19:19:22+08:00,DATA_AND_RESEARCH_EVIDENCE_ONLY,NONE
002513.SZ,SZ_MAIN,1,0.291681,35,34,1,0,VALID,,,2026-08-31T19:21:32+08:00,DATA_AND_RESEARCH_EVIDENCE_ONLY,NONE
002514.SZ,SZ_MAIN,1,0.300834,27,26,1,0,VALID,,,2026-08-31T19:21:32+08:00,DATA_AND_RESEARCH_EVIDENCE_ONLY,NONE
002515.SZ,SZ_MAIN,1,0.349937,44,43,1,0,VALID,,,2026-08-31T19:22:39+08:00,DATA_AND_RESEARCH_EVIDENCE_ONLY,NONE
002516.SZ,SZ_MAIN,1,0.397075,42,41,1,0,VALID,,,2026-08-31T19:21:43+08:00,DATA_AND_RESEARCH_EVIDENCE_ONLY,NONE
002517.SZ,SZ_MAIN,1,0.355172,65,64,1,0,VALID,,,2026-08-31T19:22:39+08:00,DATA_AND_RESEARCH_EVIDENCE_ONLY,NONE
002518.SZ,SZ_MAIN,1,0.277546,51,50,1,0,VALID,,,2026-08-31T19:18:26+08:00,DATA_AND_RESEARCH_EVIDENCE_ONLY,NONE
002519.SZ,SZ_MAIN,1,0.274639,62,61,1,0,VALID,,,2026-08-31T19:18:18+08:00,DATA_AND_RESEARCH_EVIDENCE_ONLY,NONE
002520.SZ,SZ_MAIN,1,0.426603,32,31,1,0,VALID,,,2026-08-31T19:22:40+08:00,DATA_AND_RESEARCH_EVIDENCE_ONLY,NONE
002521.SZ,SZ_MAIN,1,0.259804,34,33,1,0,VALID,,,2026-08-31T19:18:24+08:00,DATA_AND_RESEARCH_EVIDENCE_ONLY,NONE
002522.SZ,SZ_MAIN,1,0.281635,31,30,1,0,VALID,,,2026-08-31T19:19:23+08:00,DATA_AND_RESEARCH_EVIDENCE_ONLY,NONE
002523.SZ,SZ_MAIN,1,0.771571,48,47,1,0,VALID,,,2026-08-31T19:21:40+08:00,DATA_AND_RESEARCH_EVIDENCE_ONLY,NONE
002524.SZ,SZ_MAIN,1,0.303918,60,59,1,0,VALID,,,2026-08-31T19:18:16+08:00,DATA_AND_RESEARCH_EVIDENCE_ONLY,NONE
002526.SZ,SZ_MAIN,1,0.439853,36,35,1,0,VALID,,,2026-08-31T19:18:27+08:00,DATA_AND_RESEARCH_EVIDENCE_ONLY,NONE
002527.SZ,SZ_MAIN,1,0.306708,124,123,1,0,VALID,,,2026-08-31T19:22:40+08:00,DATA_AND_RESEARCH_EVIDENCE_ONLY,NONE
002528.SZ,SZ_MAIN,1,0.774915,167,166,1,0,VALID,,,2026-08-31T19:18:27+08:00,DATA_AND_RESEARCH_EVIDENCE_ONLY,NONE
002529.SZ,SZ_MAIN,1,0.303282,12,10,2,0,VALID,,,2026-08-31T19:18:17+08:00,DATA_AND_RESEARCH_EVIDENCE_ONLY,NONE
002530.SZ,SZ_MAIN,1,0.304297,33,32,1,0,VALID,,,2026-08-31T19:21:44+08:00,DATA_AND_RESEARCH_EVIDENCE_ONLY,NONE
002531.SZ,SZ_MAIN,1,0.512382,34,33,1,0,VALID,,,2026-08-31T19:18:23+08:00,DATA_AND_RESEARCH_EVIDENCE_ONLY,NONE
002532.SZ,SZ_MAIN,1,0.297872,82,81,1,0,VALID,,,2026-08-31T19:21:32+08:00,DATA_AND_RESEARCH_EVIDENCE_ONLY,NONE
002533.SZ,SZ_MAIN,1,0.366759,62,61,1,0,VALID,,,2026-08-31T19:21:44+08:00,DATA_AND_RESEARCH_EVIDENCE_ONLY,NONE
002534.SZ,SZ_MAIN,1,0.354628,61,60,1,0,VALID,,,2026-08-31T19:22:41+08:00,DATA_AND_RESEARCH_EVIDENCE_ONLY,NONE
002535.SZ,SZ_MAIN,1,0.274249,37,36,1,0,VALID,,,2026-08-31T19:19:23+08:00,DATA_AND_RESEARCH_EVIDENCE_ONLY,NONE
002536.SZ,SZ_MAIN,1,0.4636,36,35,1,0,VALID,,,2026-08-31T19:18:18+08:00,DATA_AND_RESEARCH_EVIDENCE_ONLY,NONE
002537.SZ,SZ_MAIN,1,0.584507,33,32,1,0,VALID,,,2026-08-31T19:21:44+08:00,DATA_AND_RESEARCH_EVIDENCE_ONLY,NONE
002538.SZ,SZ_MAIN,1,0.745755,37,36,1,0,VALID,,,2026-08-31T19:21:40+08:00,DATA_AND_RESEARCH_EVIDENCE_ONLY,NONE
002539.SZ,SZ_MAIN,1,0.26883,37,36,1,0,VALID,,,2026-08-31T19:19:23+08:00,DATA_AND_RESEARCH_EVIDENCE_ONLY,NONE
002540.SZ,SZ_MAIN,1,0.696133,55,54,1,0,VALID,,,2026-08-31T19:21:41+08:00,DATA_AND_RESEARCH_EVIDENCE_ONLY,NONE
002541.SZ,SZ_MAIN,1,0.350252,40,39,1,0,VALID,,,2026-08-31T19:21:44+08:00,DATA_AND_RESEARCH_EVIDENCE_ONLY,NONE
002542.SZ,SZ_MAIN,1,0.419354,80,79,1,0,VALID,,,2026-08-31T19:21:33+08:00,DATA_AND_RESEARCH_EVIDENCE_ONLY,NONE
002543.SZ,SZ_MAIN,1,0.370086,19,18,1,0,VALID,,,2026-08-31T19:18:28+08:00,DATA_AND_RESEARCH_EVIDENCE_ONLY,NONE
002544.SZ,SZ_MAIN,1,0.387813,56,55,1,0,VALID,,,2026-08-31T19:21:45+08:00,DATA_AND_RESEARCH_EVIDENCE_ONLY,NONE
002545.SZ,SZ_MAIN,1,0.28425,26,25,1,0,VALID,,,2026-08-31T19:22:10+08:00,DATA_AND_RESEARCH_EVIDENCE_ONLY,NONE
002546.SZ,SZ_MAIN,1,0.394387,26,25,1,0,VALID,,,2026-08-31T19:18:48+08:00,DATA_AND_RESEARCH_EVIDENCE_ONLY,NONE
002547.SZ,SZ_MAIN,1,0.33209,30,29,1,0,VALID,,,2026-08-31T19:19:23+08:00,DATA_AND_RESEARCH_EVIDENCE_ONLY,NONE
002548.SZ,SZ_MAIN,1,0.365923,94,93,1,0,VALID,,,2026-08-31T19:21:33+08:00,DATA_AND_RESEARCH_EVIDENCE_ONLY,NONE
002549.SZ,SZ_MAIN,1,0.289968,25,24,1,0,VALID,,,2026-08-31T19:18:26+08:00,DATA_AND_RESEARCH_EVIDENCE_ONLY,NONE
002550.SZ,SZ_MAIN,1,0.318561,38,37,1,0,VALID,,,2026-08-31T19:21:39+08:00,DATA_AND_RESEARCH_EVIDENCE_ONLY,NONE
002551.SZ,SZ_MAIN,1,0.391513,83,82,1,0,VALID,,,2026-08-31T19:21:42+08:00,DATA_AND_RESEARCH_EVIDENCE_ONLY,NONE
002552.SZ,SZ_MAIN,1,0.269193,25,24,1,0,VALID,,,2026-08-31T19:18:48+08:00,DATA_AND_RESEARCH_EVIDENCE_ONLY,NONE
002553.SZ,SZ_MAIN,1,0.421526,18,17,1,0,VALID,,,2026-08-31T19:21:45+08:00,DATA_AND_RESEARCH_EVIDENCE_ONLY,NONE
002554.SZ,SZ_MAIN,1,0.349637,45,44,1,0,VALID,,,2026-08-31T19:21:42+08:00,DATA_AND_RESEARCH_EVIDENCE_ONLY,NONE
002555.SZ,SZ_MAIN,1,0.325523,54,53,1,0,VALID,,,2026-08-31T19:21:43+08:00,DATA_AND_RESEARCH_EVIDENCE_ONLY,NONE
002556.SZ,SZ_MAIN,1,0.353022,56,55,1,0,VALID,,,2026-08-31T19:21:40+08:00,DATA_AND_RESEARCH_EVIDENCE_ONLY,NONE
002557.SZ,SZ_MAIN,1,0.513734,33,32,1,0,VALID,,,2026-08-31T19:22:11+08:00,DATA_AND_RESEARCH_EVIDENCE_ONLY,NONE
002558.SZ,SZ_MAIN,1,0.344379,25,24,1,0,VALID,,,2026-08-31T19:21:54+08:00,DATA_AND_RESEARCH_EVIDENCE_ONLY,NONE
002559.SZ,SZ_MAIN,1,0.341379,62,61,1,0,VALID,,,2026-08-31T19:18:48+08:00,DATA_AND_RESEARCH_EVIDENCE_ONLY,NONE
002560.SZ,SZ_MAIN,1,0.346351,55,54,1,0,VALID,,,2026-08-31T19:22:41+08:00,DATA_AND_RESEARCH_EVIDENCE_ONLY,NONE
002561.SZ,SZ_MAIN,1,0.30554,21,20,1,0,VALID,,,2026-08-31T19:21:33+08:00,DATA_AND_RESEARCH_EVIDENCE_ONLY,NONE
002562.SZ,SZ_MAIN,1,0.300659,72,71,1,0,VALID,,,2026-08-31T19:21:54+08:00,DATA_AND_RESEARCH_EVIDENCE_ONLY,NONE
002563.SZ,SZ_MAIN,1,0.299522,40,39,1,0,VALID,,,2026-08-31T19:18:17+08:00,DATA_AND_RESEARCH_EVIDENCE_ONLY,NONE
002564.SZ,SZ_MAIN,1,0.298581,42,41,1,0,VALID,,,2026-08-31T19:22:11+08:00,DATA_AND_RESEARCH_EVIDENCE_ONLY,NONE
002565.SZ,SZ_MAIN,1,0.334848,36,35,1,0,VALID,,,2026-08-31T19:18:49+08:00,DATA_AND_RESEARCH_EVIDENCE_ONLY,NONE
002566.SZ,SZ_MAIN,1,0.367302,26,25,1,0,VALID,,,2026-08-31T19:18:24+08:00,DATA_AND_RESEARCH_EVIDENCE_ONLY,NONE
002567.SZ,SZ_MAIN,1,0.539131,49,48,1,0,VALID,,,2026-08-31T19:19:24+08:00,DATA_AND_RESEARCH_EVIDENCE_ONLY,NONE
002568.SZ,SZ_MAIN,1,0.268428,56,55,1,0,VALID,,,2026-08-31T19:19:24+08:00,DATA_AND_RESEARCH_EVIDENCE_ONLY,NONE
002569.SZ,SZ_MAIN,1,0.317275,28,27,1,0,VALID,,,2026-08-31T19:18:29+08:00,DATA_AND_RESEARCH_EVIDENCE_ONLY,NONE
002570.SZ,SZ_MAIN,1,0.271052,34,33,1,0,VALID,,,2026-08-31T19:18:49+08:00,DATA_AND_RESEARCH_EVIDENCE_ONLY,NONE
002571.SZ,SZ_MAIN,1,0.339552,27,26,1,0,VALID,,,2026-08-31T19:19:25+08:00,DATA_AND_RESEARCH_EVIDENCE_ONLY,NONE
002572.SZ,SZ_MAIN,1,0.677324,40,39,1,0,VALID,,,2026-08-31T19:22:41+08:00,DATA_AND_RESEARCH_EVIDENCE_ONLY,NONE
002573.SZ,SZ_MAIN,1,0.322804,146,141,5,0,VALID,,,2026-08-31T19:18:29+08:00,DATA_AND_RESEARCH_EVIDENCE_ONLY,NONE
002574.SZ,SZ_MAIN,1,0.284136,6,5,1,0,VALID,,,2026-08-31T19:18:29+08:00,DATA_AND_RESEARCH_EVIDENCE_ONLY,NONE
002575.SZ,SZ_MAIN,1,0.614842,27,26,1,0,VALID,,,2026-08-31T19:21:40+08:00,DATA_AND_RESEARCH_EVIDENCE_ONLY,NONE
002576.SZ,SZ_MAIN,1,0.737014,22,21,1,0,VALID,,,2026-08-31T19:22:12+08:00,DATA_AND_RESEARCH_EVIDENCE_ONLY,NONE
002577.SZ,SZ_MAIN,1,0.338173,21,20,1,0,VALID,,,2026-08-31T19:18:30+08:00,DATA_AND_RESEARCH_EVIDENCE_ONLY,NONE
002578.SZ,SZ_MAIN,1,0.455418,21,20,1,0,VALID,,,2026-08-31T19:18:25+08:00,DATA_AND_RESEARCH_EVIDENCE_ONLY,NONE
002579.SZ,SZ_MAIN,1,0.310264,73,72,1,0,VALID,,,2026-08-31T19:21:34+08:00,DATA_AND_RESEARCH_EVIDENCE_ONLY,NONE
002580.SZ,SZ_MAIN,1,0.345339,57,56,1,0,VALID,,,2026-08-31T19:21:45+08:00,DATA_AND_RESEARCH_EVIDENCE_ONLY,NONE
002581.SZ,SZ_MAIN,1,0.300694,29,28,1,0,VALID,,,2026-08-31T19:21:45+08:00,DATA_AND_RESEARCH_EVIDENCE_ONLY,NONE
002582.SZ,SZ_MAIN,1,0.312714,50,49,1,0,VALID,,,2026-08-31T19:18:17+08:00,DATA_AND_RESEARCH_EVIDENCE_ONLY,NONE
002583.SZ,SZ_MAIN,1,0.306733,145,139,6,0,VALID,,,2026-08-31T19:18:17+08:00,DATA_AND_RESEARCH_EVIDENCE_ONLY,NONE
002584.SZ,SZ_MAIN,1,0.312192,34,33,1,0,VALID,,,2026-08-31T19:22:42+08:00,DATA_AND_RESEARCH_EVIDENCE_ONLY,NONE
002585.SZ,SZ_MAIN,1,0.54954,32,31,1,0,VALID,,,2026-08-31T19:21:41+08:00,DATA_AND_RESEARCH_EVIDENCE_ONLY,NONE
002586.SZ,SZ_MAIN,1,0.303902,40,39,1,0,PRICE_UNAVAILABLE,,,2026-08-31T19:18:18+08:00,DATA_AND_RESEARCH_EVIDENCE_ONLY,NONE
002587.SZ,SZ_MAIN,1,0.309833,80,79,1,0,VALID,,,2026-08-31T19:18:19+08:00,DATA_AND_RESEARCH_EVIDENCE_ONLY,NONE
002588.SZ,SZ_MAIN,1,0.26411,51,50,1,0,VALID,,,2026-08-31T19:18:27+08:00,DATA_AND_RESEARCH_EVIDENCE_ONLY,NONE
002589.SZ,SZ_MAIN,1,0.770285,30,29,1,0,VALID,,,2026-08-31T19:22:12+08:00,DATA_AND_RESEARCH_EVIDENCE_ONLY,NONE
002590.SZ,SZ_MAIN,1,0.32892,25,24,1,0,VALID,,,2026-08-31T19:18:24+08:00,DATA_AND_RESEARCH_EVIDENCE_ONLY,NONE
002591.SZ,SZ_MAIN,1,0.279558,48,47,1,0,VALID,,,2026-08-31T19:19:25+08:00,DATA_AND_RESEARCH_EVIDENCE_ONLY,NONE
002592.SZ,SZ_MAIN,1,0.381354,33,32,1,0,VALID,,,2026-08-31T19:21:43+08:00,DATA_AND_RESEARCH_EVIDENCE_ONLY,NONE
002593.SZ,SZ_MAIN,1,0.334284,37,36,1,0,VALID,,,2026-08-31T19:21:43+08:00,DATA_AND_RESEARCH_EVIDENCE_ONLY,NONE
002594.SZ,SZ_MAIN,1,0.339567,40,39,1,0,VALID,,,2026-08-31T19:18:49+08:00,DATA_AND_RESEARCH_EVIDENCE_ONLY,NONE
002595.SZ,SZ_MAIN,1,0.290222,30,29,1,0,VALID,,,2026-08-31T19:21:34+08:00,DATA_AND_RESEARCH_EVIDENCE_ONLY,NONE
002596.SZ,SZ_MAIN,1,0.634458,69,68,1,0,VALID,,,2026-08-31T19:18:25+08:00,DATA_AND_RESEARCH_EVIDENCE_ONLY,NONE
002597.SZ,SZ_MAIN,1,0.324035,82,81,1,0,VALID,,,2026-08-31T19:21:34+08:00,DATA_AND_RESEARCH_EVIDENCE_ONLY,NONE
002598.SZ,SZ_MAIN,1,0.341791,36,35,1,0,VALID,,,2026-08-31T19:21:41+08:00,DATA_AND_RESEARCH_EVIDENCE_ONLY,NONE
002599.SZ,SZ_MAIN,1,0.348592,61,60,1,0,VALID,,,2026-08-31T19:18:50+08:00,DATA_AND_RESEARCH_EVIDENCE_ONLY,NONE
002600.SZ,SZ_MAIN,1,0.303899,81,80,1,0,VALID,,,2026-08-31T19:21:46+08:00,DATA_AND_RESEARCH_EVIDENCE_ONLY,NONE
002601.SZ,SZ_MAIN,1,0.344514,72,71,1,0,VALID,,,2026-08-31T19:18:24+08:00,DATA_AND_RESEARCH_EVIDENCE_ONLY,NONE
002602.SZ,SZ_MAIN,1,0.305605,46,45,1,0,VALID,,,2026-08-31T19:22:42+08:00,DATA_AND_RESEARCH_EVIDENCE_ONLY,NONE
002603.SZ,SZ_MAIN,1,0.315194,113,112,1,0,VALID,,,2026-08-31T19:21:35+08:00,DATA_AND_RESEARCH_EVIDENCE_ONLY,NONE
002605.SZ,SZ_MAIN,1,0.275024,101,100,1,0,VALID,,,2026-08-31T19:18:26+08:00,DATA_AND_RESEARCH_EVIDENCE_ONLY,NONE
002606.SZ,SZ_MAIN,1,0.310488,46,45,1,0,VALID,,,2026-08-31T19:22:43+08:00,DATA_AND_RESEARCH_EVIDENCE_ONLY,NONE
002607.SZ,SZ_MAIN,1,0.708338,44,43,1,0,VALID,,,2026-08-31T19:22:13+08:00,DATA_AND_RESEARCH_EVIDENCE_ONLY,NONE
002608.SZ,SZ_MAIN,1,0.329511,26,25,1,0,VALID,,,2026-08-31T19:19:25+08:00,DATA_AND_RESEARCH_EVIDENCE_ONLY,NONE
002609.SZ,SZ_MAIN,1,0.321757,114,113,1,0,VALID,,,2026-08-31T19:21:35+08:00,DATA_AND_RESEARCH_EVIDENCE_ONLY,NONE
002611.SZ,SZ_MAIN,1,0.337332,76,75,1,0,VALID,,,2026-08-31T19:21:44+08:00,DATA_AND_RESEARCH_EVIDENCE_ONLY,NONE
002612.SZ,SZ_MAIN,1,0.3419,32,31,1,0,VALID,,,2026-08-31T19:21:42+08:00,DATA_AND_RESEARCH_EVIDENCE_ONLY,NONE
002613.SZ,SZ_MAIN,1,0.30905,42,41,1,0,VALID,,,2026-08-31T19:19:26+08:00,DATA_AND_RESEARCH_EVIDENCE_ONLY,NONE
002614.SZ,SZ_MAIN,1,0.310836,96,95,1,0,VALID,,,2026-08-31T19:21:45+08:00,DATA_AND_RESEARCH_EVIDENCE_ONLY,NONE
002615.SZ,SZ_MAIN,1,0.279128,72,71,1,0,VALID,,,2026-08-31T19:18:30+08:00,DATA_AND_RESEARCH_EVIDENCE_ONLY,NONE
002616.SZ,SZ_MAIN,1,0.354829,76,75,1,0,VALID,,,2026-08-31T19:18:25+08:00,DATA_AND_RESEARCH_EVIDENCE_ONLY,NONE
002617.SZ,SZ_MAIN,1,0.310841,37,36,1,0,VALID,,,2026-08-31T19:21:46+08:00,DATA_AND_RESEARCH_EVIDENCE_ONLY,NONE
002620.SZ,SZ_MAIN,1,0.350318,44,43,1,0,VALID,,,2026-08-31T19:18:30+08:00,DATA_AND_RESEARCH_EVIDENCE_ONLY,NONE
002622.SZ,SZ_MAIN,1,0.399482,19,18,1,0,VALID,,,2026-08-31T19:18:27+08:00,DATA_AND_RESEARCH_EVIDENCE_ONLY,NONE
002623.SZ,SZ_MAIN,1,0.273408,12,11,1,0,VALID,,,2026-08-31T19:19:26+08:00,DATA_AND_RESEARCH_EVIDENCE_ONLY,NONE
002624.SZ,SZ_MAIN,1,0.446034,78,77,1,0,VALID,,,2026-08-31T19:18:18+08:00,DATA_AND_RESEARCH_EVIDENCE_ONLY,NONE
002625.SZ,SZ_MAIN,1,0.326016,41,40,1,0,VALID,,,2026-08-31T19:18:25+08:00,DATA_AND_RESEARCH_EVIDENCE_ONLY,NONE
002626.SZ,SZ_MAIN,1,0.307816,31,30,1,0,VALID,,,2026-08-31T19:22:14+08:00,DATA_AND_RESEARCH_EVIDENCE_ONLY,NONE
002627.SZ,SZ_MAIN,1,0.266557,54,53,1,0,VALID,,,2026-08-31T19:18:50+08:00,DATA_AND_RESEARCH_EVIDENCE_ONLY,NONE
002628.SZ,SZ_MAIN,1,0.270844,44,43,1,0,VALID,,,2026-08-31T19:18:26+08:00,DATA_AND_RESEARCH_EVIDENCE_ONLY,NONE
002629.SZ,SZ_MAIN,1,0.279213,40,39,1,0,VALID,,,2026-08-31T19:18:26+08:00,DATA_AND_RESEARCH_EVIDENCE_ONLY,NONE
002630.SZ,SZ_MAIN,1,0.366893,36,35,1,0,VALID,,,2026-08-31T19:18:27+08:00,DATA_AND_RESEARCH_EVIDENCE_ONLY,NONE
002631.SZ,SZ_MAIN,1,0.552286,76,75,1,0,VALID,,,2026-08-31T19:22:43+08:00,DATA_AND_RESEARCH_EVIDENCE_ONLY,NONE
002632.SZ,SZ_MAIN,1,0.345591,33,32,1,0,VALID,,,2026-08-31T19:22:43+08:00,DATA_AND_RESEARCH_EVIDENCE_ONLY,NONE
002633.SZ,SZ_MAIN,1,0.330999,20,19,1,0,VALID,,,2026-08-31T19:21:55+08:00,DATA_AND_RESEARCH_EVIDENCE_ONLY,NONE
002634.SZ,SZ_MAIN,1,0.405503,34,33,1,0,VALID,,,2026-08-31T19:18:31+08:00,DATA_AND_RESEARCH_EVIDENCE_ONLY,NONE
002635.SZ,SZ_MAIN,1,0.370281,71,70,1,0,VALID,,,2026-08-31T19:21:42+08:00,DATA_AND_RESEARCH_EVIDENCE_ONLY,NONE
002636.SZ,SZ_MAIN,1,0.353252,19,18,1,0,VALID,,,2026-08-31T19:22:44+08:00,DATA_AND_RESEARCH_EVIDENCE_ONLY,NONE
002637.SZ,SZ_MAIN,1,0.292264,46,45,1,0,VALID,,,2026-08-31T19:21:46+08:00,DATA_AND_RESEARCH_EVIDENCE_ONLY,NONE
002638.SZ,SZ_MAIN,1,0.299552,39,38,1,0,VALID,,,2026-08-31T19:18:19+08:00,DATA_AND_RESEARCH_EVIDENCE_ONLY,NONE
002639.SZ,SZ_MAIN,1,0.30563,40,39,1,0,VALID,,,2026-08-31T19:21:35+08:00,DATA_AND_RESEARCH_EVIDENCE_ONLY,NONE
002640.SZ,SZ_MAIN,1,0.289527,67,66,1,0,VALID,,,2026-08-31T19:18:27+08:00,DATA_AND_RESEARCH_EVIDENCE_ONLY,NONE
002641.SZ,SZ_MAIN,1,0.371688,32,31,1,0,VALID,,,2026-08-31T19:18:28+08:00,DATA_AND_RESEARCH_EVIDENCE_ONLY,NONE
002642.SZ,SZ_MAIN,1,0.394441,62,61,1,0,VALID,,,2026-08-31T19:21:46+08:00,DATA_AND_RESEARCH_EVIDENCE_ONLY,NONE
002643.SZ,SZ_MAIN,1,0.655299,49,48,1,0,VALID,,,2026-08-31T19:22:44+08:00,DATA_AND_RESEARCH_EVIDENCE_ONLY,NONE
002644.SZ,SZ_MAIN,1,0.28925,10,9,1,0,VALID,,,2026-08-31T19:21:46+08:00,DATA_AND_RESEARCH_EVIDENCE_ONLY,NONE
002645.SZ,SZ_MAIN,1,0.303967,66,65,1,0,VALID,,,2026-08-31T19:21:36+08:00,DATA_AND_RESEARCH_EVIDENCE_ONLY,NONE
002646.SZ,SZ_MAIN,1,0.327002,26,25,1,0,VALID,,,2026-08-31T19:22:45+08:00,DATA_AND_RESEARCH_EVIDENCE_ONLY,NONE
002647.SZ,SZ_MAIN,1,0.332605,15,14,1,0,VALID,,,2026-08-31T19:21:42+08:00,DATA_AND_RESEARCH_EVIDENCE_ONLY,NONE
002648.SZ,SZ_MAIN,1,0.278786,61,60,1,0,VALID,,,2026-08-31T19:18:27+08:00,DATA_AND_RESEARCH_EVIDENCE_ONLY,NONE
002649.SZ,SZ_MAIN,1,0.373202,68,67,1,0,VALID,,,2026-08-31T19:18:19+08:00,DATA_AND_RESEARCH_EVIDENCE_ONLY,NONE
002650.SZ,SZ_MAIN,1,0.393709,22,21,1,0,VALID,,,2026-08-31T19:21:43+08:00,DATA_AND_RESEARCH_EVIDENCE_ONLY,NONE
002651.SZ,SZ_MAIN,1,0.270668,22,21,1,0,VALID,,,2026-08-31T19:21:55+08:00,DATA_AND_RESEARCH_EVIDENCE_ONLY,NONE
002652.SZ,SZ_MAIN,1,0.273169,28,27,1,0,VALID,,,2026-08-31T19:18:31+08:00,DATA_AND_RESEARCH_EVIDENCE_ONLY,NONE
002653.SZ,SZ_MAIN,1,0.304693,55,54,1,0,VALID,,,2026-08-31T19:21:36+08:00,DATA_AND_RESEARCH_EVIDENCE_ONLY,NONE
002654.SZ,SZ_MAIN,1,0.337205,53,51,2,0,VALID,,,2026-08-31T19:19:26+08:00,DATA_AND_RESEARCH_EVIDENCE_ONLY,NONE
002655.SZ,SZ_MAIN,1,0.379338,29,27,2,0,VALID,,,2026-08-31T19:21:47+08:00,DATA_AND_RESEARCH_EVIDENCE_ONLY,NONE
002656.SZ,SZ_MAIN,1,0.279785,39,38,1,0,VALID,,,2026-08-31T19:22:14+08:00,DATA_AND_RESEARCH_EVIDENCE_ONLY,NONE
002657.SZ,SZ_MAIN,1,0.51859,45,44,1,0,VALID,,,2026-08-31T19:21:43+08:00,DATA_AND_RESEARCH_EVIDENCE_ONLY,NONE
002658.SZ,SZ_MAIN,1,0.311252,78,77,1,0,VALID,,,2026-08-31T19:18:19+08:00,DATA_AND_RESEARCH_EVIDENCE_ONLY,NONE
002659.SZ,SZ_MAIN,1,0.284258,24,23,1,0,VALID,,,2026-08-31T19:18:50+08:00,DATA_AND_RESEARCH_EVIDENCE_ONLY,NONE
002660.SZ,SZ_MAIN,1,0.269478,42,41,1,0,VALID,,,2026-08-31T19:18:27+08:00,DATA_AND_RESEARCH_EVIDENCE_ONLY,NONE
002661.SZ,SZ_MAIN,1,0.27115,91,90,1,0,VALID,,,2026-08-31T19:21:55+08:00,DATA_AND_RESEARCH_EVIDENCE_ONLY,NONE
002662.SZ,SZ_MAIN,1,0.338411,21,20,1,0,VALID,,,2026-08-31T19:18:31+08:00,DATA_AND_RESEARCH_EVIDENCE_ONLY,NONE
002663.SZ,SZ_MAIN,1,0.686679,89,84,5,0,VALID,,,2026-08-31T19:18:26+08:00,DATA_AND_RESEARCH_EVIDENCE_ONLY,NONE
002664.SZ,SZ_MAIN,1,0.360232,53,52,1,0,VALID,,,2026-08-31T19:22:45+08:00,DATA_AND_RESEARCH_EVIDENCE_ONLY,NONE
002666.SZ,SZ_MAIN,1,0.301736,37,36,1,0,VALID,,,2026-08-31T19:21:47+08:00,DATA_AND_RESEARCH_EVIDENCE_ONLY,NONE
002667.SZ,SZ_MAIN,1,0.300389,32,31,1,0,VALID,,,2026-08-31T19:21:47+08:00,DATA_AND_RESEARCH_EVIDENCE_ONLY,NONE
002668.SZ,SZ_MAIN,1,0.301768,36,35,1,0,VALID,,,2026-08-31T19:22:14+08:00,DATA_AND_RESEARCH_EVIDENCE_ONLY,NONE
002669.SZ,SZ_MAIN,1,0.267876,38,37,1,0,VALID,,,2026-08-31T19:19:27+08:00,DATA_AND_RESEARCH_EVIDENCE_ONLY,NONE
002670.SZ,SZ_MAIN,1,0.301671,32,31,1,0,VALID,,,2026-08-31T19:18:28+08:00,DATA_AND_RESEARCH_EVIDENCE_ONLY,NONE
002671.SZ,SZ_MAIN,1,0.304115,77,76,1,0,VALID,,,2026-08-31T19:21:36+08:00,DATA_AND_RESEARCH_EVIDENCE_ONLY,NONE
002672.SZ,SZ_MAIN,1,0.366376,58,57,1,0,VALID,,,2026-08-31T19:21:44+08:00,DATA_AND_RESEARCH_EVIDENCE_ONLY,NONE
002673.SZ,SZ_MAIN,1,0.523895,22,20,2,0,VALID,,,2026-08-31T19:21:37+08:00,DATA_AND_RESEARCH_EVIDENCE_ONLY,NONE
002674.SZ,SZ_MAIN,1,0.298563,27,26,1,0,VALID,,,2026-08-31T19:21:37+08:00,DATA_AND_RESEARCH_EVIDENCE_ONLY,NONE
002675.SZ,SZ_MAIN,1,0.346088,46,45,1,0,VALID,,,2026-08-31T19:18:32+08:00,DATA_AND_RESEARCH_EVIDENCE_ONLY,NONE
002676.SZ,SZ_MAIN,1,0.296304,15,14,1,0,VALID,,,2026-08-31T19:18:19+08:00,DATA_AND_RESEARCH_EVIDENCE_ONLY,NONE
002677.SZ,SZ_MAIN,1,0.411058,24,23,1,0,VALID,,,2026-08-31T19:18:28+08:00,DATA_AND_RESEARCH_EVIDENCE_ONLY,NONE
002678.SZ,SZ_MAIN,1,0.278134,31,30,1,0,VALID,,,2026-08-31T19:22:15+08:00,DATA_AND_RESEARCH_EVIDENCE_ONLY,NONE
002679.SZ,SZ_MAIN,1,0.359403,5,4,1,0,VALID,,,2026-08-31T19:18:29+08:00,DATA_AND_RESEARCH_EVIDENCE_ONLY,NONE
002681.SZ,SZ_MAIN,1,0.439302,69,68,1,0,VALID,,,2026-08-31T19:19:27+08:00,DATA_AND_RESEARCH_EVIDENCE_ONLY,NONE
002682.SZ,SZ_MAIN,1,0.343752,36,35,1,0,VALID,,,2026-08-31T19:21:44+08:00,DATA_AND_RESEARCH_EVIDENCE_ONLY,NONE
002683.SZ,SZ_MAIN,1,0.403035,62,58,4,0,VALID,,,2026-08-31T19:21:44+08:00,DATA_AND_RESEARCH_EVIDENCE_ONLY,NONE
002685.SZ,SZ_MAIN,1,0.267449,31,30,1,0,VALID,,,2026-08-31T19:21:56+08:00,DATA_AND_RESEARCH_EVIDENCE_ONLY,NONE
002686.SZ,SZ_MAIN,1,0.322636,38,37,1,0,VALID,,,2026-08-31T19:18:26+08:00,DATA_AND_RESEARCH_EVIDENCE_ONLY,NONE
002687.SZ,SZ_MAIN,1,0.354221,33,32,1,0,VALID,,,2026-08-31T19:21:45+08:00,DATA_AND_RESEARCH_EVIDENCE_ONLY,NONE
002688.SZ,SZ_MAIN,1,0.29256,36,35,1,0,VALID,,,2026-08-31T19:18:29+08:00,DATA_AND_RESEARCH_EVIDENCE_ONLY,NONE
002689.SZ,SZ_MAIN,1,0.273091,32,31,1,0,VALID,,,2026-08-31T19:18:27+08:00,DATA_AND_RESEARCH_EVIDENCE_ONLY,NONE
002690.SZ,SZ_MAIN,1,0.294375,46,45,1,0,VALID,,,2026-08-31T19:18:32+08:00,DATA_AND_RESEARCH_EVIDENCE_ONLY,NONE
002691.SZ,SZ_MAIN,1,0.303489,27,26,1,0,VALID,,,2026-08-31T19:21:47+08:00,DATA_AND_RESEARCH_EVIDENCE_ONLY,NONE
002692.SZ,SZ_MAIN,1,0.298221,23,22,1,0,VALID,,,2026-08-31T19:21:47+08:00,DATA_AND_RESEARCH_EVIDENCE_ONLY,NONE
002693.SZ,SZ_MAIN,1,0.495925,28,27,1,0,VALID,,,2026-08-31T19:21:45+08:00,DATA_AND_RESEARCH_EVIDENCE_ONLY,NONE
002694.SZ,SZ_MAIN,1,0.292379,35,34,1,0,VALID,,,2026-08-31T19:18:20+08:00,DATA_AND_RESEARCH_EVIDENCE_ONLY,NONE
002695.SZ,SZ_MAIN,1,0.426283,38,37,1,0,VALID,,,2026-08-31T19:21:45+08:00,DATA_AND_RESEARCH_EVIDENCE_ONLY,NONE
002696.SZ,SZ_MAIN,1,0.308424,37,36,1,0,VALID,,,2026-08-31T19:18:32+08:00,DATA_AND_RESEARCH_EVIDENCE_ONLY,NONE
002697.SZ,SZ_MAIN,1,0.345123,27,26,1,0,VALID,,,2026-08-31T19:21:46+08:00,DATA_AND_RESEARCH_EVIDENCE_ONLY,NONE
002698.SZ,SZ_MAIN,1,0.298369,37,36,1,0,VALID,,,2026-08-31T19:21:38+08:00,DATA_AND_RESEARCH_EVIDENCE_ONLY,NONE
002700.SZ,SZ_MAIN,1,0.264734,26,25,1,0,VALID,,,2026-08-31T19:18:28+08:00,DATA_AND_RESEARCH_EVIDENCE_ONLY,NONE
002701.SZ,SZ_MAIN,1,0.39467,37,36,1,0,VALID,,,2026-08-31T19:21:46+08:00,DATA_AND_RESEARCH_EVIDENCE_ONLY,NONE
002702.SZ,SZ_MAIN,1,0.257349,25,24,1,0,VALID,,,2026-08-31T19:18:51+08:00,DATA_AND_RESEARCH_EVIDENCE_ONLY,NONE
002703.SZ,SZ_MAIN,1,0.361413,15,14,1,0,VALID,,,2026-08-31T19:21:47+08:00,DATA_AND_RESEARCH_EVIDENCE_ONLY,NONE
002705.SZ,SZ_MAIN,1,0.264715,34,32,2,0,VALID,,,2026-08-31T19:19:27+08:00,DATA_AND_RESEARCH_EVIDENCE_ONLY,NONE
002706.SZ,SZ_MAIN,1,0.515594,60,59,1,0,VALID,,,2026-08-31T19:21:47+08:00,DATA_AND_RESEARCH_EVIDENCE_ONLY,NONE
002707.SZ,SZ_MAIN,1,0.315523,96,95,1,0,VALID,,,2026-08-31T19:18:20+08:00,DATA_AND_RESEARCH_EVIDENCE_ONLY,NONE
002708.SZ,SZ_MAIN,1,0.326158,48,47,1,0,VALID,,,2026-08-31T19:21:45+08:00,DATA_AND_RESEARCH_EVIDENCE_ONLY,NONE
002709.SZ,SZ_MAIN,1,0.304717,96,93,3,0,VALID,,,2026-08-31T19:18:33+08:00,DATA_AND_RESEARCH_EVIDENCE_ONLY,NONE
002712.SZ,SZ_MAIN,1,0.350993,52,51,1,0,VALID,,,2026-08-31T19:18:51+08:00,DATA_AND_RESEARCH_EVIDENCE_ONLY,NONE
002713.SZ,SZ_MAIN,1,0.551456,41,40,1,0,VALID,,,2026-08-31T19:21:45+08:00,DATA_AND_RESEARCH_EVIDENCE_ONLY,NONE
002714.SZ,SZ_MAIN,1,0.366306,128,127,1,0,VALID,,,2026-08-31T19:22:46+08:00,DATA_AND_RESEARCH_EVIDENCE_ONLY,NONE
002715.SZ,SZ_MAIN,1,0.290821,18,17,1,0,VALID,,,2026-08-31T19:18:20+08:00,DATA_AND_RESEARCH_EVIDENCE_ONLY,NONE
002716.SZ,SZ_MAIN,1,0.545089,44,43,1,0,VALID,,,2026-08-31T19:22:46+08:00,DATA_AND_RESEARCH_EVIDENCE_ONLY,NONE
002717.SZ,SZ_MAIN,1,0.35925,198,197,1,0,VALID,,,2026-08-31T19:22:47+08:00,DATA_AND_RESEARCH_EVIDENCE_ONLY,NONE
002718.SZ,SZ_MAIN,1,0.264398,26,25,1,0,VALID,,,2026-08-31T19:18:51+08:00,DATA_AND_RESEARCH_EVIDENCE_ONLY,NONE
002719.SZ,SZ_MAIN,1,0.792412,25,24,1,0,VALID,,,2026-08-31T19:18:28+08:00,DATA_AND_RESEARCH_EVIDENCE_ONLY,NONE
002721.SZ,SZ_MAIN,1,0.343421,49,48,1,0,VALID,,,2026-08-31T19:21:45+08:00,DATA_AND_RESEARCH_EVIDENCE_ONLY,NONE
002722.SZ,SZ_MAIN,1,0.376238,49,48,1,0,VALID,,,2026-08-31T19:21:46+08:00,DATA_AND_RESEARCH_EVIDENCE_ONLY,NONE
002723.SZ,SZ_MAIN,1,0.31128,45,44,1,0,VALID,,,2026-08-31T19:18:20+08:00,DATA_AND_RESEARCH_EVIDENCE_ONLY,NONE
002724.SZ,SZ_MAIN,1,0.402096,38,37,1,0,VALID,,,2026-08-31T19:18:33+08:00,DATA_AND_RESEARCH_EVIDENCE_ONLY,NONE
002725.SZ,SZ_MAIN,1,0.3843,21,20,1,0,VALID,,,2026-08-31T19:21:46+08:00,DATA_AND_RESEARCH_EVIDENCE_ONLY,NONE
002726.SZ,SZ_MAIN,1,0.368527,71,70,1,0,VALID,,,2026-08-31T19:18:33+08:00,DATA_AND_RESEARCH_EVIDENCE_ONLY,NONE
002727.SZ,SZ_MAIN,1,0.407822,56,55,1,0,VALID,,,2026-08-31T19:21:48+08:00,DATA_AND_RESEARCH_EVIDENCE_ONLY,NONE
002728.SZ,SZ_MAIN,1,0.386465,72,70,2,0,VALID,,,2026-08-31T19:21:47+08:00,DATA_AND_RESEARCH_EVIDENCE_ONLY,NONE
002729.SZ,SZ_MAIN,1,0.311159,12,11,1,0,VALID,,,2026-08-31T19:21:47+08:00,DATA_AND_RESEARCH_EVIDENCE_ONLY,NONE
002730.SZ,SZ_MAIN,1,0.389455,10,9,1,0,VALID,,,2026-08-31T19:21:47+08:00,DATA_AND_RESEARCH_EVIDENCE_ONLY,NONE
002731.SZ,SZ_MAIN,1,0.300046,16,15,1,0,VALID,,,2026-08-31T19:21:38+08:00,DATA_AND_RESEARCH_EVIDENCE_ONLY,NONE
002732.SZ,SZ_MAIN,1,0.38858,21,20,1,0,VALID,,,2026-08-31T19:21:47+08:00,DATA_AND_RESEARCH_EVIDENCE_ONLY,NONE
002733.SZ,SZ_MAIN,1,0.303994,32,28,4,0,VALID,,,2026-08-31T19:21:48+08:00,DATA_AND_RESEARCH_EVIDENCE_ONLY,NONE
002734.SZ,SZ_MAIN,1,0.337387,71,70,1,0,VALID,,,2026-08-31T19:21:56+08:00,DATA_AND_RESEARCH_EVIDENCE_ONLY,NONE
002735.SZ,SZ_MAIN,1,0.333122,42,41,1,0,VALID,,,2026-08-31T19:18:20+08:00,DATA_AND_RESEARCH_EVIDENCE_ONLY,NONE
002736.SZ,SZ_MAIN,1,0.2655,15,9,6,0,VALID,,,2026-08-31T19:18:29+08:00,DATA_AND_RESEARCH_EVIDENCE_ONLY,NONE
002737.SZ,SZ_MAIN,1,0.330119,22,21,1,0,VALID,,,2026-08-31T19:19:28+08:00,DATA_AND_RESEARCH_EVIDENCE_ONLY,NONE
002738.SZ,SZ_MAIN,1,0.333985,114,112,2,0,VALID,,,2026-08-31T19:18:27+08:00,DATA_AND_RESEARCH_EVIDENCE_ONLY,NONE
002739.SZ,SZ_MAIN,1,0.300973,32,31,1,0,VALID,,,2026-08-31T19:21:38+08:00,DATA_AND_RESEARCH_EVIDENCE_ONLY,NONE
002741.SZ,SZ_MAIN,1,0.265276,40,39,1,0,VALID,,,2026-08-31T19:18:29+08:00,DATA_AND_RESEARCH_EVIDENCE_ONLY,NONE
002742.SZ,SZ_MAIN,1,0.277362,26,25,1,0,VALID,,,2026-08-31T19:18:52+08:00,DATA_AND_RESEARCH_EVIDENCE_ONLY,NONE
002743.SZ,SZ_MAIN,1,0.354578,27,26,1,0,VALID,,,2026-08-31T19:21:47+08:00,DATA_AND_RESEARCH_EVIDENCE_ONLY,NONE
002745.SZ,SZ_MAIN,1,0.467064,31,29,2,0,VALID,,,2026-08-31T19:21:48+08:00,DATA_AND_RESEARCH_EVIDENCE_ONLY,NONE
002746.SZ,SZ_MAIN,1,0.264827,16,15,1,0,VALID,,,2026-08-31T19:18:29+08:00,DATA_AND_RESEARCH_EVIDENCE_ONLY,NONE
002747.SZ,SZ_MAIN,1,0.291992,71,70,1,2,VALID,,,2026-08-31T19:21:56+08:00,DATA_AND_RESEARCH_EVIDENCE_ONLY,NONE
002748.SZ,SZ_MAIN,1,0.301719,7,6,1,0,VALID,,,2026-08-31T19:18:21+08:00,DATA_AND_RESEARCH_EVIDENCE_ONLY,NONE
002749.SZ,SZ_MAIN,1,0.30561,59,58,1,0,VALID,,,2026-08-31T19:18:21+08:00,DATA_AND_RESEARCH_EVIDENCE_ONLY,NONE
002752.SZ,SZ_MAIN,1,0.304054,32,31,1,0,VALID,,,2026-08-31T19:21:39+08:00,DATA_AND_RESEARCH_EVIDENCE_ONLY,NONE
002753.SZ,SZ_MAIN,1,0.343773,68,67,1,0,VALID,,,2026-08-31T19:18:29+08:00,DATA_AND_RESEARCH_EVIDENCE_ONLY,NONE
002755.SZ,SZ_MAIN,1,0.296136,21,20,1,0,VALID,,,2026-08-31T19:22:15+08:00,DATA_AND_RESEARCH_EVIDENCE_ONLY,NONE
002756.SZ,SZ_MAIN,1,0.342202,38,36,2,0,VALID,,,2026-08-31T19:22:47+08:00,DATA_AND_RESEARCH_EVIDENCE_ONLY,NONE
002757.SZ,SZ_MAIN,1,0.456119,42,41,1,0,VALID,,,2026-08-31T19:21:48+08:00,DATA_AND_RESEARCH_EVIDENCE_ONLY,NONE
002758.SZ,SZ_MAIN,1,0.308619,50,49,1,0,VALID,,,2026-08-31T19:18:21+08:00,DATA_AND_RESEARCH_EVIDENCE_ONLY,NONE
002759.SZ,SZ_MAIN,1,0.297195,32,31,1,0,VALID,,,2026-08-31T19:22:15+08:00,DATA_AND_RESEARCH_EVIDENCE_ONLY,NONE
002760.SZ,SZ_MAIN,1,0.292111,16,15,1,0,VALID,,,2026-08-31T19:21:48+08:00,DATA_AND_RESEARCH_EVIDENCE_ONLY,NONE
002761.SZ,SZ_MAIN,1,0.297003,34,33,1,0,VALID,,,2026-08-31T19:21:39+08:00,DATA_AND_RESEARCH_EVIDENCE_ONLY,NONE
002762.SZ,SZ_MAIN,1,0.311483,25,24,1,0,VALID,,,2026-08-31T19:21:48+08:00,DATA_AND_RESEARCH_EVIDENCE_ONLY,NONE
002763.SZ,SZ_MAIN,1,0.299317,27,26,1,0,VALID,,,2026-08-31T19:21:49+08:00,DATA_AND_RESEARCH_EVIDENCE_ONLY,NONE
002765.SZ,SZ_MAIN,1,0.307989,61,60,1,0,VALID,,,2026-08-31T19:21:39+08:00,DATA_AND_RESEARCH_EVIDENCE_ONLY,NONE
002766.SZ,SZ_MAIN,1,0.396172,67,66,1,0,VALID,,,2026-08-31T19:21:48+08:00,DATA_AND_RESEARCH_EVIDENCE_ONLY,NONE
002767.SZ,SZ_MAIN,1,0.340792,17,16,1,0,VALID,,,2026-08-31T19:18:22+08:00,DATA_AND_RESEARCH_EVIDENCE_ONLY,NONE
002768.SZ,SZ_MAIN,1,0.328075,20,19,1,0,VALID,,,2026-08-31T19:21:48+08:00,DATA_AND_RESEARCH_EVIDENCE_ONLY,NONE
002769.SZ,SZ_MAIN,1,0.289958,34,32,2,0,VALID,,,2026-08-31T19:21:49+08:00,DATA_AND_RESEARCH_EVIDENCE_ONLY,NONE
002771.SZ,SZ_MAIN,1,0.298785,38,37,1,0,VALID,,,2026-08-31T19:21:48+08:00,DATA_AND_RESEARCH_EVIDENCE_ONLY,NONE
002772.SZ,SZ_MAIN,1,0.456894,108,107,1,0,VALID,,,2026-08-31T19:22:47+08:00,DATA_AND_RESEARCH_EVIDENCE_ONLY,NONE
002773.SZ,SZ_MAIN,1,0.332933,44,41,3,0,VALID,,,2026-08-31T19:21:57+08:00,DATA_AND_RESEARCH_EVIDENCE_ONLY,NONE
002774.SZ,SZ_MAIN,1,0.435193,19,18,1,0,VALID,,,2026-08-31T19:18:30+08:00,DATA_AND_RESEARCH_EVIDENCE_ONLY,NONE
002775.SZ,SZ_MAIN,1,0.308487,53,52,1,0,VALID,,,2026-08-31T19:18:22+08:00,DATA_AND_RESEARCH_EVIDENCE_ONLY,NONE
002777.SZ,SZ_MAIN,1,0.366307,28,27,1,0,VALID,,,2026-08-31T19:21:49+08:00,DATA_AND_RESEARCH_EVIDENCE_ONLY,NONE
002778.SZ,SZ_MAIN,1,0.306164,16,14,2,0,VALID,,,2026-08-31T19:21:39+08:00,DATA_AND_RESEARCH_EVIDENCE_ONLY,NONE
002779.SZ,SZ_MAIN,1,0.39304,7,6,1,0,VALID,,,2026-08-31T19:21:48+08:00,DATA_AND_RESEARCH_EVIDENCE_ONLY,NONE
002780.SZ,SZ_MAIN,1,0.370992,45,44,1,0,VALID,,,2026-08-31T19:22:16+08:00,DATA_AND_RESEARCH_EVIDENCE_ONLY,NONE
002782.SZ,SZ_MAIN,1,0.369666,32,31,1,0,VALID,,,2026-08-31T19:18:34+08:00,DATA_AND_RESEARCH_EVIDENCE_ONLY,NONE
002783.SZ,SZ_MAIN,1,0.303287,57,56,1,0,VALID,,,2026-08-31T19:21:49+08:00,DATA_AND_RESEARCH_EVIDENCE_ONLY,NONE
002785.SZ,SZ_MAIN,1,0.730708,20,19,1,0,VALID,,,2026-08-31T19:22:16+08:00,DATA_AND_RESEARCH_EVIDENCE_ONLY,NONE
002786.SZ,SZ_MAIN,1,0.361739,15,14,1,0,VALID,,,2026-08-31T19:18:27+08:00,DATA_AND_RESEARCH_EVIDENCE_ONLY,NONE
002787.SZ,SZ_MAIN,1,0.270475,49,48,1,0,VALID,,,2026-08-31T19:18:30+08:00,DATA_AND_RESEARCH_EVIDENCE_ONLY,NONE
002788.SZ,SZ_MAIN,1,0.722873,21,20,1,0,VALID,,,2026-08-31T19:22:17+08:00,DATA_AND_RESEARCH_EVIDENCE_ONLY,NONE
002789.SZ,SZ_MAIN,1,0.269647,29,27,2,0,VALID,,,2026-08-31T19:18:30+08:00,DATA_AND_RESEARCH_EVIDENCE_ONLY,NONE
002790.SZ,SZ_MAIN,1,0.332306,17,16,1,0,VALID,,,2026-08-31T19:21:57+08:00,DATA_AND_RESEARCH_EVIDENCE_ONLY,NONE
002791.SZ,SZ_MAIN,1,0.722981,22,21,1,0,VALID,,,2026-08-31T19:18:22+08:00,DATA_AND_RESEARCH_EVIDENCE_ONLY,NONE
002792.SZ,SZ_MAIN,1,0.297213,40,38,2,0,VALID,,,2026-08-31T19:21:49+08:00,DATA_AND_RESEARCH_EVIDENCE_ONLY,NONE
002793.SZ,SZ_MAIN,1,0.388676,47,46,1,0,VALID,,,2026-08-31T19:18:34+08:00,DATA_AND_RESEARCH_EVIDENCE_ONLY,NONE
002795.SZ,SZ_MAIN,1,0.33517,26,25,1,0,VALID,,,2026-08-31T19:21:57+08:00,DATA_AND_RESEARCH_EVIDENCE_ONLY,NONE
002796.SZ,SZ_MAIN,1,0.291285,53,52,1,0,VALID,,,2026-08-31T19:18:20+08:00,DATA_AND_RESEARCH_EVIDENCE_ONLY,NONE
002797.SZ,SZ_MAIN,1,0.377741,15,10,5,0,VALID,,,2026-08-31T19:18:35+08:00,DATA_AND_RESEARCH_EVIDENCE_ONLY,NONE
002798.SZ,SZ_MAIN,1,0.33446,70,69,1,0,VALID,,,2026-08-31T19:18:27+08:00,DATA_AND_RESEARCH_EVIDENCE_ONLY,NONE
002799.SZ,SZ_MAIN,1,0.312003,15,14,1,0,VALID,,,2026-08-31T19:21:48+08:00,DATA_AND_RESEARCH_EVIDENCE_ONLY,NONE
002800.SZ,SZ_MAIN,1,0.367639,20,19,1,0,VALID,,,2026-08-31T19:18:20+08:00,DATA_AND_RESEARCH_EVIDENCE_ONLY,NONE
002801.SZ,SZ_MAIN,1,0.275982,12,11,1,0,VALID,,,2026-08-31T19:21:58+08:00,DATA_AND_RESEARCH_EVIDENCE_ONLY,NONE
002802.SZ,SZ_MAIN,1,0.281125,40,39,1,0,VALID,,,2026-08-31T19:19:28+08:00,DATA_AND_RESEARCH_EVIDENCE_ONLY,NONE
002803.SZ,SZ_MAIN,1,0.264923,33,32,1,0,VALID,,,2026-08-31T19:21:58+08:00,DATA_AND_RESEARCH_EVIDENCE_ONLY,NONE
002805.SZ,SZ_MAIN,1,0.317876,25,23,2,0,VALID,,,2026-08-31T19:22:17+08:00,DATA_AND_RESEARCH_EVIDENCE_ONLY,NONE
002806.SZ,SZ_MAIN,1,0.292617,74,73,1,0,VALID,,,2026-08-31T19:18:35+08:00,DATA_AND_RESEARCH_EVIDENCE_ONLY,NONE
002807.SZ,SZ_MAIN,1,0.268055,82,80,2,0,VALID,,,2026-08-31T19:19:28+08:00,DATA_AND_RESEARCH_EVIDENCE_ONLY,NONE
002809.SZ,SZ_MAIN,1,0.317782,48,47,1,0,VALID,,,2026-08-31T19:21:40+08:00,DATA_AND_RESEARCH_EVIDENCE_ONLY,NONE
002810.SZ,SZ_MAIN,1,0.331208,71,70,1,0,VALID,,,2026-08-31T19:21:58+08:00,DATA_AND_RESEARCH_EVIDENCE_ONLY,NONE
002811.SZ,SZ_MAIN,1,0.334729,30,29,1,0,VALID,,,2026-08-31T19:21:58+08:00,DATA_AND_RESEARCH_EVIDENCE_ONLY,NONE
002812.SZ,SZ_MAIN,1,0.312696,107,106,1,0,VALID,,,2026-08-31T19:21:50+08:00,DATA_AND_RESEARCH_EVIDENCE_ONLY,NONE
002813.SZ,SZ_MAIN,1,0.532569,17,16,1,0,VALID,,,2026-08-31T19:18:52+08:00,DATA_AND_RESEARCH_EVIDENCE_ONLY,NONE
002815.SZ,SZ_MAIN,1,0.307141,103,101,2,1,VALID,,,2026-08-31T19:21:50+08:00,DATA_AND_RESEARCH_EVIDENCE_ONLY,NONE
002816.SZ,SZ_MAIN,1,0.310035,14,13,1,0,VALID,,,2026-08-31T19:18:35+08:00,DATA_AND_RESEARCH_EVIDENCE_ONLY,NONE
002817.SZ,SZ_MAIN,1,0.369967,12,11,1,0,VALID,,,2026-08-31T19:18:21+08:00,DATA_AND_RESEARCH_EVIDENCE_ONLY,NONE
002818.SZ,SZ_MAIN,1,0.277066,30,28,2,0,VALID,,,2026-08-31T19:18:36+08:00,DATA_AND_RESEARCH_EVIDENCE_ONLY,NONE
002819.SZ,SZ_MAIN,1,0.556511,73,72,1,0,VALID,,,2026-08-31T19:18:30+08:00,DATA_AND_RESEARCH_EVIDENCE_ONLY,NONE
002820.SZ,SZ_MAIN,1,0.262469,20,19,1,0,VALID,,,2026-08-31T19:18:30+08:00,DATA_AND_RESEARCH_EVIDENCE_ONLY,NONE
002821.SZ,SZ_MAIN,1,0.274675,77,76,1,0,VALID,,,2026-08-31T19:18:31+08:00,DATA_AND_RESEARCH_EVIDENCE_ONLY,NONE
002822.SZ,SZ_MAIN,1,0.47251,72,71,1,0,VALID,,,2026-08-31T19:18:30+08:00,DATA_AND_RESEARCH_EVIDENCE_ONLY,NONE
002823.SZ,SZ_MAIN,1,0.423432,56,55,1,0,VALID,,,2026-08-31T19:21:49+08:00,DATA_AND_RESEARCH_EVIDENCE_ONLY,NONE
002824.SZ,SZ_MAIN,1,0.460068,48,47,1,0,VALID,,,2026-08-31T19:21:49+08:00,DATA_AND_RESEARCH_EVIDENCE_ONLY,NONE
002825.SZ,SZ_MAIN,1,0.371375,55,54,1,0,VALID,,,2026-08-31T19:18:36+08:00,DATA_AND_RESEARCH_EVIDENCE_ONLY,NONE
002826.SZ,SZ_MAIN,1,0.387073,35,34,1,0,VALID,,,2026-08-31T19:18:36+08:00,DATA_AND_RESEARCH_EVIDENCE_ONLY,NONE
002827.SZ,SZ_MAIN,1,0.320758,13,12,1,0,VALID,,,2026-08-31T19:18:31+08:00,DATA_AND_RESEARCH_EVIDENCE_ONLY,NONE
002828.SZ,SZ_MAIN,1,0.299007,31,30,1,0,VALID,,,2026-08-31T19:22:48+08:00,DATA_AND_RESEARCH_EVIDENCE_ONLY,NONE
002829.SZ,SZ_MAIN,1,0.638241,37,35,2,0,VALID,,,2026-08-31T19:18:31+08:00,DATA_AND_RESEARCH_EVIDENCE_ONLY,NONE
002830.SZ,SZ_MAIN,1,0.273544,12,10,2,0,VALID,,,2026-08-31T19:18:32+08:00,DATA_AND_RESEARCH_EVIDENCE_ONLY,NONE
002831.SZ,SZ_MAIN,1,0.401139,37,27,10,0,VALID,,,2026-08-31T19:21:50+08:00,DATA_AND_RESEARCH_EVIDENCE_ONLY,NONE
002832.SZ,SZ_MAIN,1,0.546945,22,21,1,0,VALID,,,2026-08-31T19:22:48+08:00,DATA_AND_RESEARCH_EVIDENCE_ONLY,NONE
002833.SZ,SZ_MAIN,1,0.465504,50,49,1,0,VALID,,,2026-08-31T19:21:40+08:00,DATA_AND_RESEARCH_EVIDENCE_ONLY,NONE
002835.SZ,SZ_MAIN,1,0.300733,31,30,1,0,VALID,,,2026-08-31T19:21:41+08:00,DATA_AND_RESEARCH_EVIDENCE_ONLY,NONE
002836.SZ,SZ_MAIN,1,0.294933,7,6,1,0,VALID,,,2026-08-31T19:21:50+08:00,DATA_AND_RESEARCH_EVIDENCE_ONLY,NONE
002837.SZ,SZ_MAIN,1,0.298281,64,63,1,0,VALID,,,2026-08-31T19:21:50+08:00,DATA_AND_RESEARCH_EVIDENCE_ONLY,NONE
002838.SZ,SZ_MAIN,1,0.442717,72,70,2,0,VALID,,,2026-08-31T19:18:52+08:00,DATA_AND_RESEARCH_EVIDENCE_ONLY,NONE
002839.SZ,SZ_MAIN,1,0.27544,70,69,1,0,VALID,,,2026-08-31T19:18:32+08:00,DATA_AND_RESEARCH_EVIDENCE_ONLY,NONE
002840.SZ,SZ_MAIN,1,0.641715,54,53,1,0,VALID,,,2026-08-31T19:18:33+08:00,DATA_AND_RESEARCH_EVIDENCE_ONLY,NONE
002841.SZ,SZ_MAIN,1,0.406129,54,52,2,0,VALID,,,2026-08-31T19:21:51+08:00,DATA_AND_RESEARCH_EVIDENCE_ONLY,NONE
002842.SZ,SZ_MAIN,1,0.310377,57,56,1,0,VALID,,,2026-08-31T19:21:49+08:00,DATA_AND_RESEARCH_EVIDENCE_ONLY,NONE
002843.SZ,SZ_MAIN,1,0.37573,22,19,3,0,VALID,,,2026-08-31T19:21:49+08:00,DATA_AND_RESEARCH_EVIDENCE_ONLY,NONE
002845.SZ,SZ_MAIN,1,0.31424,34,33,1,0,VALID,,,2026-08-31T19:22:18+08:00,DATA_AND_RESEARCH_EVIDENCE_ONLY,NONE
002846.SZ,SZ_MAIN,1,0.297313,55,54,1,0,VALID,,,2026-08-31T19:18:23+08:00,DATA_AND_RESEARCH_EVIDENCE_ONLY,NONE
002847.SZ,SZ_MAIN,1,0.302486,55,54,1,0,VALID,,,2026-08-31T19:18:23+08:00,DATA_AND_RESEARCH_EVIDENCE_ONLY,NONE
002848.SZ,SZ_MAIN,1,0.446442,20,19,1,0,VALID,,,2026-08-31T19:18:24+08:00,DATA_AND_RESEARCH_EVIDENCE_ONLY,NONE
002849.SZ,SZ_MAIN,1,0.382192,34,33,1,0,VALID,,,2026-08-31T19:21:49+08:00,DATA_AND_RESEARCH_EVIDENCE_ONLY,NONE
002850.SZ,SZ_MAIN,1,0.332578,46,45,1,0,VALID,,,2026-08-31T19:22:18+08:00,DATA_AND_RESEARCH_EVIDENCE_ONLY,NONE
002851.SZ,SZ_MAIN,1,0.340783,74,72,2,0,VALID,,,2026-08-31T19:18:53+08:00,DATA_AND_RESEARCH_EVIDENCE_ONLY,NONE
002852.SZ,SZ_MAIN,1,0.300924,28,27,1,0,VALID,,,2026-08-31T19:22:18+08:00,DATA_AND_RESEARCH_EVIDENCE_ONLY,NONE
002853.SZ,SZ_MAIN,1,0.301847,21,20,1,0,VALID,,,2026-08-31T19:18:24+08:00,DATA_AND_RESEARCH_EVIDENCE_ONLY,NONE
002855.SZ,SZ_MAIN,1,0.374253,24,23,1,0,VALID,,,2026-08-31T19:21:50+08:00,DATA_AND_RESEARCH_EVIDENCE_ONLY,NONE
002856.SZ,SZ_MAIN,1,0.388912,13,12,1,0,VALID,,,2026-08-31T19:21:50+08:00,DATA_AND_RESEARCH_EVIDENCE_ONLY,NONE
002857.SZ,SZ_MAIN,1,0.267882,12,11,1,0,VALID,,,2026-08-31T19:19:28+08:00,DATA_AND_RESEARCH_EVIDENCE_ONLY,NONE
002858.SZ,SZ_MAIN,1,0.364908,32,31,1,0,VALID,,,2026-08-31T19:21:50+08:00,DATA_AND_RESEARCH_EVIDENCE_ONLY,NONE
002859.SZ,SZ_MAIN,1,0.272002,46,45,1,0,VALID,,,2026-08-31T19:18:53+08:00,DATA_AND_RESEARCH_EVIDENCE_ONLY,NONE
002860.SZ,SZ_MAIN,1,0.354242,60,59,1,0,VALID,,,2026-08-31T19:22:49+08:00,DATA_AND_RESEARCH_EVIDENCE_ONLY,NONE
002861.SZ,SZ_MAIN,1,0.340238,40,39,1,0,VALID,,,2026-08-31T19:18:54+08:00,DATA_AND_RESEARCH_EVIDENCE_ONLY,NONE
002862.SZ,SZ_MAIN,1,0.336703,14,13,1,0,VALID,,,2026-08-31T19:18:28+08:00,DATA_AND_RESEARCH_EVIDENCE_ONLY,NONE
002863.SZ,SZ_MAIN,1,0.263643,43,42,1,0,VALID,,,2026-08-31T19:21:59+08:00,DATA_AND_RESEARCH_EVIDENCE_ONLY,NONE
002864.SZ,SZ_MAIN,1,0.271904,24,23,1,0,VALID,,,2026-08-31T19:18:33+08:00,DATA_AND_RESEARCH_EVIDENCE_ONLY,NONE
002865.SZ,SZ_MAIN,1,0.361357,47,46,1,0,VALID,,,2026-08-31T19:21:51+08:00,DATA_AND_RESEARCH_EVIDENCE_ONLY,NONE
002866.SZ,SZ_MAIN,1,0.466571,32,31,1,0,VALID,,,2026-08-31T19:21:51+08:00,DATA_AND_RESEARCH_EVIDENCE_ONLY,NONE
002867.SZ,SZ_MAIN,1,0.305999,31,30,1,0,VALID,,,2026-08-31T19:21:41+08:00,DATA_AND_RESEARCH_EVIDENCE_ONLY,NONE
002868.SZ,SZ_MAIN,1,0.299603,13,12,1,0,VALID,,,2026-08-31T19:18:24+08:00,DATA_AND_RESEARCH_EVIDENCE_ONLY,NONE
002869.SZ,SZ_MAIN,1,0.296317,33,32,1,0,VALID,,,2026-08-31T19:21:41+08:00,DATA_AND_RESEARCH_EVIDENCE_ONLY,NONE
002870.SZ,SZ_MAIN,1,0.377272,20,19,1,0,VALID,,,2026-08-31T19:21:52+08:00,DATA_AND_RESEARCH_EVIDENCE_ONLY,NONE
002871.SZ,SZ_MAIN,1,0.313544,58,57,1,0,VALID,,,2026-08-31T19:18:31+08:00,DATA_AND_RESEARCH_EVIDENCE_ONLY,NONE
002872.SZ,SZ_MAIN,1,0.440473,8,7,1,0,VALID,,,2026-08-31T19:19:29+08:00,DATA_AND_RESEARCH_EVIDENCE_ONLY,NONE
002873.SZ,SZ_MAIN,1,0.635427,79,79,0,0,VALID,,,2026-08-31T19:21:49+08:00,DATA_AND_RESEARCH_EVIDENCE_ONLY,NONE
002875.SZ,SZ_MAIN,1,0.304934,44,43,1,0,VALID,,,2026-08-31T19:22:49+08:00,DATA_AND_RESEARCH_EVIDENCE_ONLY,NONE
002876.SZ,SZ_MAIN,1,0.389711,27,26,1,0,VALID,,,2026-08-31T19:21:52+08:00,DATA_AND_RESEARCH_EVIDENCE_ONLY,NONE
002877.SZ,SZ_MAIN,1,0.541023,41,40,1,0,VALID,,,2026-08-31T19:22:49+08:00,DATA_AND_RESEARCH_EVIDENCE_ONLY,NONE
002878.SZ,SZ_MAIN,1,0.301599,46,45,1,0,VALID,,,2026-08-31T19:18:25+08:00,DATA_AND_RESEARCH_EVIDENCE_ONLY,NONE
002879.SZ,SZ_MAIN,1,0.294678,21,20,1,0,VALID,,,2026-08-31T19:18:34+08:00,DATA_AND_RESEARCH_EVIDENCE_ONLY,NONE
002880.SZ,SZ_MAIN,1,0.289368,13,12,1,0,VALID,,,2026-08-31T19:18:21+08:00,DATA_AND_RESEARCH_EVIDENCE_ONLY,NONE
002881.SZ,SZ_MAIN,1,0.719989,55,54,1,0,VALID,,,2026-08-31T19:22:19+08:00,DATA_AND_RESEARCH_EVIDENCE_ONLY,NONE
002882.SZ,SZ_MAIN,1,0.777088,19,18,1,0,VALID,,,2026-08-31T19:18:37+08:00,DATA_AND_RESEARCH_EVIDENCE_ONLY,NONE
002883.SZ,SZ_MAIN,1,0.299267,34,33,1,0,VALID,,,2026-08-31T19:21:42+08:00,DATA_AND_RESEARCH_EVIDENCE_ONLY,NONE
002884.SZ,SZ_MAIN,1,0.29574,29,28,1,0,VALID,,,2026-08-31T19:18:37+08:00,DATA_AND_RESEARCH_EVIDENCE_ONLY,NONE
002885.SZ,SZ_MAIN,1,0.312842,32,31,1,0,VALID,,,2026-08-31T19:18:22+08:00,DATA_AND_RESEARCH_EVIDENCE_ONLY,NONE
002886.SZ,SZ_MAIN,1,0.280113,20,19,1,0,VALID,,,2026-08-31T19:18:38+08:00,DATA_AND_RESEARCH_EVIDENCE_ONLY,NONE
002887.SZ,SZ_MAIN,1,0.300755,24,23,1,0,VALID,,,2026-08-31T19:21:51+08:00,DATA_AND_RESEARCH_EVIDENCE_ONLY,NONE
002888.SZ,SZ_MAIN,1,0.293757,11,10,1,0,VALID,,,2026-08-31T19:22:19+08:00,DATA_AND_RESEARCH_EVIDENCE_ONLY,NONE
002889.SZ,SZ_MAIN,1,0.341071,20,17,3,0,VALID,,,2026-08-31T19:22:50+08:00,DATA_AND_RESEARCH_EVIDENCE_ONLY,NONE
002890.SZ,SZ_MAIN,1,0.33382,19,18,1,0,VALID,,,2026-08-31T19:19:29+08:00,DATA_AND_RESEARCH_EVIDENCE_ONLY,NONE
002891.SZ,SZ_MAIN,1,0.547711,52,51,1,0,VALID,,,2026-08-31T19:22:20+08:00,DATA_AND_RESEARCH_EVIDENCE_ONLY,NONE
002892.SZ,SZ_MAIN,1,0.365179,44,43,1,0,VALID,,,2026-08-31T19:18:28+08:00,DATA_AND_RESEARCH_EVIDENCE_ONLY,NONE
002893.SZ,SZ_MAIN,1,0.352535,26,25,1,0,VALID,,,2026-08-31T19:22:50+08:00,DATA_AND_RESEARCH_EVIDENCE_ONLY,NONE
002895.SZ,SZ_MAIN,1,0.300543,66,65,1,0,VALID,,,2026-08-31T19:18:25+08:00,DATA_AND_RESEARCH_EVIDENCE_ONLY,NONE
002896.SZ,SZ_MAIN,1,0.296159,16,15,1,0,VALID,,,2026-08-31T19:21:51+08:00,DATA_AND_RESEARCH_EVIDENCE_ONLY,NONE
002897.SZ,SZ_MAIN,1,0.398156,24,23,1,0,VALID,,,2026-08-31T19:18:38+08:00,DATA_AND_RESEARCH_EVIDENCE_ONLY,NONE
002899.SZ,SZ_MAIN,1,0.660843,12,11,1,0,VALID,,,2026-08-31T19:22:20+08:00,DATA_AND_RESEARCH_EVIDENCE_ONLY,NONE
002900.SZ,SZ_MAIN,1,0.30344,25,24,1,0,VALID,,,2026-08-31T19:18:31+08:00,DATA_AND_RESEARCH_EVIDENCE_ONLY,NONE
002901.SZ,SZ_MAIN,1,0.39419,36,35,1,0,VALID,,,2026-08-31T19:18:32+08:00,DATA_AND_RESEARCH_EVIDENCE_ONLY,NONE
002902.SZ,SZ_MAIN,1,0.366802,29,28,1,0,VALID,,,2026-08-31T19:18:22+08:00,DATA_AND_RESEARCH_EVIDENCE_ONLY,NONE
002903.SZ,SZ_MAIN,1,0.340323,38,37,1,0,VALID,,,2026-08-31T19:18:54+08:00,DATA_AND_RESEARCH_EVIDENCE_ONLY,NONE
002905.SZ,SZ_MAIN,1,0.300147,5,4,1,0,VALID,,,2026-08-31T19:21:42+08:00,DATA_AND_RESEARCH_EVIDENCE_ONLY,NONE
002906.SZ,SZ_MAIN,1,0.457736,59,58,1,0,VALID,,,2026-08-31T19:18:32+08:00,DATA_AND_RESEARCH_EVIDENCE_ONLY,NONE
002907.SZ,SZ_MAIN,1,0.302817,50,49,1,0,VALID,,,2026-08-31T19:21:51+08:00,DATA_AND_RESEARCH_EVIDENCE_ONLY,NONE
002908.SZ,SZ_MAIN,1,0.292328,42,41,1,0,VALID,,,2026-08-31T19:21:42+08:00,DATA_AND_RESEARCH_EVIDENCE_ONLY,NONE
002909.SZ,SZ_MAIN,1,0.351879,36,35,1,0,VALID,,,2026-08-31T19:21:52+08:00,DATA_AND_RESEARCH_EVIDENCE_ONLY,NONE
002910.SZ,SZ_MAIN,1,0.293288,13,11,2,0,VALID,,,2026-08-31T19:21:42+08:00,DATA_AND_RESEARCH_EVIDENCE_ONLY,NONE
002911.SZ,SZ_MAIN,1,0.273996,34,32,2,0,VALID,,,2026-08-31T19:21:59+08:00,DATA_AND_RESEARCH_EVIDENCE_ONLY,NONE
002912.SZ,SZ_MAIN,1,0.513035,20,19,1,0,VALID,,,2026-08-31T19:21:52+08:00,DATA_AND_RESEARCH_EVIDENCE_ONLY,NONE
002913.SZ,SZ_MAIN,1,0.312403,38,37,1,0,VALID,,,2026-08-31T19:22:21+08:00,DATA_AND_RESEARCH_EVIDENCE_ONLY,NONE
002915.SZ,SZ_MAIN,1,0.371793,37,36,1,1,VALID,,,2026-08-31T19:18:22+08:00,DATA_AND_RESEARCH_EVIDENCE_ONLY,NONE
002916.SZ,SZ_MAIN,1,0.299673,49,44,5,0,VALID,,,2026-08-31T19:18:25+08:00,DATA_AND_RESEARCH_EVIDENCE_ONLY,NONE
002917.SZ,SZ_MAIN,1,0.518903,17,16,1,0,VALID,,,2026-08-31T19:18:26+08:00,DATA_AND_RESEARCH_EVIDENCE_ONLY,NONE
002918.SZ,SZ_MAIN,1,0.286924,41,40,1,0,VALID,,,2026-08-31T19:21:59+08:00,DATA_AND_RESEARCH_EVIDENCE_ONLY,NONE
002919.SZ,SZ_MAIN,1,0.389247,20,19,1,0,VALID,,,2026-08-31T19:18:38+08:00,DATA_AND_RESEARCH_EVIDENCE_ONLY,NONE
002920.SZ,SZ_MAIN,1,0.329833,21,20,1,0,VALID,,,2026-08-31T19:19:30+08:00,DATA_AND_RESEARCH_EVIDENCE_ONLY,NONE
002921.SZ,SZ_MAIN,1,0.435993,45,44,1,0,VALID,,,2026-08-31T19:21:50+08:00,DATA_AND_RESEARCH_EVIDENCE_ONLY,NONE
002922.SZ,SZ_MAIN,1,0.39633,78,77,1,0,VALID,,,2026-08-31T19:18:39+08:00,DATA_AND_RESEARCH_EVIDENCE_ONLY,NONE
002923.SZ,SZ_MAIN,1,0.490449,34,33,1,0,VALID,,,2026-08-31T19:18:28+08:00,DATA_AND_RESEARCH_EVIDENCE_ONLY,NONE
002925.SZ,SZ_MAIN,1,0.370897,69,67,2,0,VALID,,,2026-08-31T19:18:23+08:00,DATA_AND_RESEARCH_EVIDENCE_ONLY,NONE
002926.SZ,SZ_MAIN,1,0.260978,7,4,3,0,VALID,,,2026-08-31T19:22:00+08:00,DATA_AND_RESEARCH_EVIDENCE_ONLY,NONE
002927.SZ,SZ_MAIN,1,0.599234,22,21,1,0,VALID,,,2026-08-31T19:18:32+08:00,DATA_AND_RESEARCH_EVIDENCE_ONLY,NONE
002928.SZ,SZ_MAIN,1,0.418091,19,18,1,0,VALID,,,2026-08-31T19:18:23+08:00,DATA_AND_RESEARCH_EVIDENCE_ONLY,NONE
002929.SZ,SZ_MAIN,1,0.311343,42,42,0,0,VALID,,,2026-08-31T19:21:52+08:00,DATA_AND_RESEARCH_EVIDENCE_ONLY,NONE
002930.SZ,SZ_MAIN,1,0.333708,56,56,0,0,VALID,,,2026-08-31T19:22:00+08:00,DATA_AND_RESEARCH_EVIDENCE_ONLY,NONE
002931.SZ,SZ_MAIN,1,0.266755,37,36,1,0,VALID,,,2026-08-31T19:18:54+08:00,DATA_AND_RESEARCH_EVIDENCE_ONLY,NONE
002932.SZ,SZ_MAIN,1,0.997939,39,37,2,0,VALID,,,2026-08-31T19:18:29+08:00,DATA_AND_RESEARCH_EVIDENCE_ONLY,NONE
002933.SZ,SZ_MAIN,1,0.364835,19,18,1,0,VALID,,,2026-08-31T19:21:53+08:00,DATA_AND_RESEARCH_EVIDENCE_ONLY,NONE
002935.SZ,SZ_MAIN,1,0.319642,31,30,1,0,VALID,,,2026-08-31T19:21:51+08:00,DATA_AND_RESEARCH_EVIDENCE_ONLY,NONE
002936.SZ,SZ_MAIN,1,0.27326,41,33,8,0,VALID,,,2026-08-31T19:19:30+08:00,DATA_AND_RESEARCH_EVIDENCE_ONLY,NONE
002937.SZ,SZ_MAIN,1,0.364045,34,33,1,0,VALID,,,2026-08-31T19:21:50+08:00,DATA_AND_RESEARCH_EVIDENCE_ONLY,NONE
002938.SZ,SZ_MAIN,1,0.350721,32,31,1,0,VALID,,,2026-08-31T19:18:30+08:00,DATA_AND_RESEARCH_EVIDENCE_ONLY,NONE
002939.SZ,SZ_MAIN,1,0.360177,14,8,6,0,VALID,,,2026-08-31T19:18:30+08:00,DATA_AND_RESEARCH_EVIDENCE_ONLY,NONE
002940.SZ,SZ_MAIN,1,0.287786,19,18,1,0,VALID,,,2026-08-31T19:18:33+08:00,DATA_AND_RESEARCH_EVIDENCE_ONLY,NONE
002941.SZ,SZ_MAIN,1,0.268497,39,38,1,0,VALID,,,2026-08-31T19:18:34+08:00,DATA_AND_RESEARCH_EVIDENCE_ONLY,NONE
002942.SZ,SZ_MAIN,1,0.298901,23,23,0,0,VALID,,,2026-08-31T19:21:52+08:00,DATA_AND_RESEARCH_EVIDENCE_ONLY,NONE
002943.SZ,SZ_MAIN,1,0.292361,39,39,0,0,VALID,,,2026-08-31T19:21:51+08:00,DATA_AND_RESEARCH_EVIDENCE_ONLY,NONE
002945.SZ,SZ_MAIN,1,0.30622,7,3,4,0,VALID,,,2026-08-31T19:18:26+08:00,DATA_AND_RESEARCH_EVIDENCE_ONLY,NONE
002946.SZ,SZ_MAIN,1,0.360323,35,34,1,0,VALID,,,2026-08-31T19:18:23+08:00,DATA_AND_RESEARCH_EVIDENCE_ONLY,NONE
002947.SZ,SZ_MAIN,1,0.29757,38,37,1,0,VALID,,,2026-08-31T19:21:43+08:00,DATA_AND_RESEARCH_EVIDENCE_ONLY,NONE
002948.SZ,SZ_MAIN,1,0.336824,32,25,7,0,VALID,,,2026-08-31T19:19:30+08:00,DATA_AND_RESEARCH_EVIDENCE_ONLY,NONE
002949.SZ,SZ_MAIN,1,0.376948,38,35,3,0,VALID,,,2026-08-31T19:22:00+08:00,DATA_AND_RESEARCH_EVIDENCE_ONLY,NONE
002950.SZ,SZ_MAIN,1,0.347125,15,13,2,0,VALID,,,2026-08-31T19:19:30+08:00,DATA_AND_RESEARCH_EVIDENCE_ONLY,NONE
002951.SZ,SZ_MAIN,1,0.258764,13,12,1,0,VALID,,,2026-08-31T19:18:33+08:00,DATA_AND_RESEARCH_EVIDENCE_ONLY,NONE
002952.SZ,SZ_MAIN,1,0.575147,25,25,0,0,VALID,,,2026-08-31T19:22:51+08:00,DATA_AND_RESEARCH_EVIDENCE_ONLY,NONE
002953.SZ,SZ_MAIN,1,0.282872,41,39,2,0,VALID,,,2026-08-31T19:22:01+08:00,DATA_AND_RESEARCH_EVIDENCE_ONLY,NONE
002955.SZ,SZ_MAIN,1,0.328243,40,39,1,0,VALID,,,2026-08-31T19:19:31+08:00,DATA_AND_RESEARCH_EVIDENCE_ONLY,NONE
002956.SZ,SZ_MAIN,1,0.267323,23,21,2,0,VALID,,,2026-08-31T19:18:34+08:00,DATA_AND_RESEARCH_EVIDENCE_ONLY,NONE
002957.SZ,SZ_MAIN,1,0.432022,21,20,1,0,VALID,,,2026-08-31T19:21:51+08:00,DATA_AND_RESEARCH_EVIDENCE_ONLY,NONE
002958.SZ,SZ_MAIN,1,0.464689,48,45,3,0,VALID,,,2026-08-31T19:22:21+08:00,DATA_AND_RESEARCH_EVIDENCE_ONLY,NONE
002959.SZ,SZ_MAIN,1,0.33455,47,46,1,0,VALID,,,2026-08-31T19:19:31+08:00,DATA_AND_RESEARCH_EVIDENCE_ONLY,NONE
002960.SZ,SZ_MAIN,1,0.277684,81,79,2,0,VALID,,,2026-08-31T19:18:34+08:00,DATA_AND_RESEARCH_EVIDENCE_ONLY,NONE
002961.SZ,SZ_MAIN,1,0.589129,27,25,2,0,VALID,,,2026-08-31T19:18:55+08:00,DATA_AND_RESEARCH_EVIDENCE_ONLY,NONE
002962.SZ,SZ_MAIN,1,0.301134,26,25,1,0,VALID,,,2026-08-31T19:21:53+08:00,DATA_AND_RESEARCH_EVIDENCE_ONLY,NONE
002963.SZ,SZ_MAIN,1,0.348414,9,8,1,0,VALID,,,2026-08-31T19:21:51+08:00,DATA_AND_RESEARCH_EVIDENCE_ONLY,NONE
002965.SZ,SZ_MAIN,1,0.2808,38,37,1,0,VALID,,,2026-08-31T19:22:22+08:00,DATA_AND_RESEARCH_EVIDENCE_ONLY,NONE
002966.SZ,SZ_MAIN,1,0.398647,55,48,7,0,VALID,,,2026-08-31T19:22:22+08:00,DATA_AND_RESEARCH_EVIDENCE_ONLY,NONE
002967.SZ,SZ_MAIN,1,0.30262,33,32,1,0,VALID,,,2026-08-31T19:21:43+08:00,DATA_AND_RESEARCH_EVIDENCE_ONLY,NONE
002968.SZ,SZ_MAIN,1,0.309012,36,33,3,0,VALID,,,2026-08-31T19:18:26+08:00,DATA_AND_RESEARCH_EVIDENCE_ONLY,NONE
002969.SZ,SZ_MAIN,1,0.345364,47,46,1,0,VALID,,,2026-08-31T19:21:52+08:00,DATA_AND_RESEARCH_EVIDENCE_ONLY,NONE
002970.SZ,SZ_MAIN,1,0.3422,48,46,2,0,VALID,,,2026-08-31T19:18:34+08:00,DATA_AND_RESEARCH_EVIDENCE_ONLY,NONE
002971.SZ,SZ_MAIN,1,0.308529,19,17,2,0,VALID,,,2026-08-31T19:18:27+08:00,DATA_AND_RESEARCH_EVIDENCE_ONLY,NONE
002972.SZ,SZ_MAIN,1,0.380152,27,26,1,0,VALID,,,2026-08-31T19:21:53+08:00,DATA_AND_RESEARCH_EVIDENCE_ONLY,NONE
002973.SZ,SZ_MAIN,1,0.376112,24,23,1,0,VALID,,,2026-08-31T19:18:31+08:00,DATA_AND_RESEARCH_EVIDENCE_ONLY,NONE
002975.SZ,SZ_MAIN,1,0.29054,39,38,1,0,VALID,,,2026-08-31T19:21:53+08:00,DATA_AND_RESEARCH_EVIDENCE_ONLY,NONE
002976.SZ,SZ_MAIN,1,0.344204,19,18,1,0,VALID,,,2026-08-31T19:18:31+08:00,DATA_AND_RESEARCH_EVIDENCE_ONLY,NONE
002977.SZ,SZ_MAIN,1,0.316922,15,13,2,0,VALID,,,2026-08-31T19:18:39+08:00,DATA_AND_RESEARCH_EVIDENCE_ONLY,NONE
002978.SZ,SZ_MAIN,1,0.292173,11,9,2,0,VALID,,,2026-08-31T19:21:53+08:00,DATA_AND_RESEARCH_EVIDENCE_ONLY,NONE
002979.SZ,SZ_MAIN,1,0.337929,35,33,2,0,VALID,,,2026-08-31T19:22:01+08:00,DATA_AND_RESEARCH_EVIDENCE_ONLY,NONE
002980.SZ,SZ_MAIN,1,0.298385,13,12,1,0,VALID,,,2026-08-31T19:18:27+08:00,DATA_AND_RESEARCH_EVIDENCE_ONLY,NONE
002981.SZ,SZ_MAIN,1,0.53963,15,14,1,0,VALID,,,2026-08-31T19:22:51+08:00,DATA_AND_RESEARCH_EVIDENCE_ONLY,NONE
002982.SZ,SZ_MAIN,1,0.273316,31,29,2,0,VALID,,,2026-08-31T19:19:32+08:00,DATA_AND_RESEARCH_EVIDENCE_ONLY,NONE
002983.SZ,SZ_MAIN,1,0.336911,30,29,1,0,VALID,,,2026-08-31T19:18:55+08:00,DATA_AND_RESEARCH_EVIDENCE_ONLY,NONE
002984.SZ,SZ_MAIN,1,0.353694,36,35,1,0,VALID,,,2026-08-31T19:18:31+08:00,DATA_AND_RESEARCH_EVIDENCE_ONLY,NONE
002985.SZ,SZ_MAIN,1,0.321309,18,17,1,0,VALID,,,2026-08-31T19:21:54+08:00,DATA_AND_RESEARCH_EVIDENCE_ONLY,NONE
002986.SZ,SZ_MAIN,1,0.460552,26,25,1,0,VALID,,,2026-08-31T19:21:52+08:00,DATA_AND_RESEARCH_EVIDENCE_ONLY,NONE
002987.SZ,SZ_MAIN,1,0.311372,34,33,1,0,VALID,,,2026-08-31T19:21:43+08:00,DATA_AND_RESEARCH_EVIDENCE_ONLY,NONE
002988.SZ,SZ_MAIN,1,0.455519,32,31,1,0,VALID,,,2026-08-31T19:18:24+08:00,DATA_AND_RESEARCH_EVIDENCE_ONLY,NONE
002989.SZ,SZ_MAIN,1,0.302551,42,40,2,0,VALID,,,2026-08-31T19:21:52+08:00,DATA_AND_RESEARCH_EVIDENCE_ONLY,NONE
002990.SZ,SZ_MAIN,1,0.676282,22,21,1,0,VALID,,,2026-08-31T19:18:40+08:00,DATA_AND_RESEARCH_EVIDENCE_ONLY,NONE
002991.SZ,SZ_MAIN,1,0.29188,8,7,1,0,VALID,,,2026-08-31T19:21:52+08:00,DATA_AND_RESEARCH_EVIDENCE_ONLY,NONE
002992.SZ,SZ_MAIN,1,0.3134,19,18,1,0,VALID,,,2026-08-31T19:21:54+08:00,DATA_AND_RESEARCH_EVIDENCE_ONLY,NONE
002993.SZ,SZ_MAIN,1,0.293137,13,12,1,0,VALID,,,2026-08-31T19:18:27+08:00,DATA_AND_RESEARCH_EVIDENCE_ONLY,NONE
002995.SZ,SZ_MAIN,1,0.303101,13,11,2,0,VALID,,,2026-08-31T19:21:52+08:00,DATA_AND_RESEARCH_EVIDENCE_ONLY,NONE
002996.SZ,SZ_MAIN,1,0.314312,43,35,8,0,VALID,,,2026-08-31T19:18:32+08:00,DATA_AND_RESEARCH_EVIDENCE_ONLY,NONE
002997.SZ,SZ_MAIN,1,0.291488,19,16,3,0,VALID,,,2026-08-31T19:22:22+08:00,DATA_AND_RESEARCH_EVIDENCE_ONLY,NONE
002998.SZ,SZ_MAIN,1,0.272115,26,25,1,0,VALID,,,2026-08-31T19:18:56+08:00,DATA_AND_RESEARCH_EVIDENCE_ONLY,NONE
002999.SZ,SZ_MAIN,1,0.268152,17,14,3,0,VALID,,,2026-08-31T19:18:56+08:00,DATA_AND_RESEARCH_EVIDENCE_ONLY,NONE
003000.SZ,SZ_MAIN,1,0.461777,30,29,1,0,VALID,,,2026-08-31T19:18:24+08:00,DATA_AND_RESEARCH_EVIDENCE_ONLY,NONE
003001.SZ,SZ_MAIN,1,0.382494,47,44,3,0,VALID,,,2026-08-31T19:21:52+08:00,DATA_AND_RESEARCH_EVIDENCE_ONLY,NONE
003002.SZ,SZ_MAIN,1,0.280647,12,11,1,0,VALID,,,2026-08-31T19:19:32+08:00,DATA_AND_RESEARCH_EVIDENCE_ONLY,NONE
003003.SZ,SZ_MAIN,1,0.395436,34,33,1,0,VALID,,,2026-08-31T19:18:40+08:00,DATA_AND_RESEARCH_EVIDENCE_ONLY,NONE
003004.SZ,SZ_MAIN,1,0.370686,28,27,1,0,VALID,,,2026-08-31T19:18:34+08:00,DATA_AND_RESEARCH_EVIDENCE_ONLY,NONE
003005.SZ,SZ_MAIN,1,0.3386,17,16,1,0,VALID,,,2026-08-31T19:19:32+08:00,DATA_AND_RESEARCH_EVIDENCE_ONLY,NONE
003006.SZ,SZ_MAIN,1,0.351732,17,15,2,0,VALID,,,2026-08-31T19:22:52+08:00,DATA_AND_RESEARCH_EVIDENCE_ONLY,NONE
003007.SZ,SZ_MAIN,1,0.293767,15,14,1,0,VALID,,,2026-08-31T19:21:53+08:00,DATA_AND_RESEARCH_EVIDENCE_ONLY,NONE
003008.SZ,SZ_MAIN,1,0.269755,13,12,1,0,VALID,,,2026-08-31T19:19:32+08:00,DATA_AND_RESEARCH_EVIDENCE_ONLY,NONE
003009.SZ,SZ_MAIN,1,0.36053,26,25,1,0,VALID,,,2026-08-31T19:18:32+08:00,DATA_AND_RESEARCH_EVIDENCE_ONLY,NONE
003010.SZ,SZ_MAIN,1,0.452756,19,17,2,0,VALID,,,2026-08-31T19:21:54+08:00,DATA_AND_RESEARCH_EVIDENCE_ONLY,NONE
003011.SZ,SZ_MAIN,1,0.287378,14,13,1,0,VALID,,,2026-08-31T19:18:35+08:00,DATA_AND_RESEARCH_EVIDENCE_ONLY,NONE
003012.SZ,SZ_MAIN,1,0.399531,18,17,1,0,VALID,,,2026-08-31T19:18:28+08:00,DATA_AND_RESEARCH_EVIDENCE_ONLY,NONE
003013.SZ,SZ_MAIN,1,0.644576,16,15,1,0,VALID,,,2026-08-31T19:21:54+08:00,DATA_AND_RESEARCH_EVIDENCE_ONLY,NONE
003015.SZ,SZ_MAIN,1,0.300996,20,19,1,0,VALID,,,2026-08-31T19:21:53+08:00,DATA_AND_RESEARCH_EVIDENCE_ONLY,NONE
003016.SZ,SZ_MAIN,1,0.351673,27,25,2,0,VALID,,,2026-08-31T19:18:28+08:00,DATA_AND_RESEARCH_EVIDENCE_ONLY,NONE
003017.SZ,SZ_MAIN,1,0.356283,28,27,1,0,VALID,,,2026-08-31T19:18:41+08:00,DATA_AND_RESEARCH_EVIDENCE_ONLY,NONE
003018.SZ,SZ_MAIN,1,0.334858,13,12,1,0,VALID,,,2026-08-31T19:22:01+08:00,DATA_AND_RESEARCH_EVIDENCE_ONLY,NONE
003019.SZ,SZ_MAIN,1,0.375898,53,52,1,0,VALID,,,2026-08-31T19:18:41+08:00,DATA_AND_RESEARCH_EVIDENCE_ONLY,NONE
003020.SZ,SZ_MAIN,1,0.301337,29,27,2,0,VALID,,,2026-08-31T19:21:44+08:00,DATA_AND_RESEARCH_EVIDENCE_ONLY,NONE
003021.SZ,SZ_MAIN,1,0.319422,32,31,1,0,VALID,,,2026-08-31T19:18:34+08:00,DATA_AND_RESEARCH_EVIDENCE_ONLY,NONE
003022.SZ,SZ_MAIN,1,0.340141,6,5,1,0,VALID,,,2026-08-31T19:21:44+08:00,DATA_AND_RESEARCH_EVIDENCE_ONLY,NONE
003023.SZ,SZ_MAIN,1,0.328482,17,16,1,0,VALID,,,2026-08-31T19:19:33+08:00,DATA_AND_RESEARCH_EVIDENCE_ONLY,NONE
003025.SZ,SZ_MAIN,1,0.374754,14,12,2,0,VALID,,,2026-08-31T19:18:25+08:00,DATA_AND_RESEARCH_EVIDENCE_ONLY,NONE
003026.SZ,SZ_MAIN,1,0.290018,30,27,3,0,VALID,,,2026-08-31T19:21:54+08:00,DATA_AND_RESEARCH_EVIDENCE_ONLY,NONE
003027.SZ,SZ_MAIN,1,0.273424,23,21,2,0,VALID,,,2026-08-31T19:18:35+08:00,DATA_AND_RESEARCH_EVIDENCE_ONLY,NONE
003028.SZ,SZ_MAIN,1,0.368333,30,29,1,0,VALID,,,2026-08-31T19:22:52+08:00,DATA_AND_RESEARCH_EVIDENCE_ONLY,NONE
003029.SZ,SZ_MAIN,1,0.35408,25,24,1,0,VALID,,,2026-08-31T19:21:55+08:00,DATA_AND_RESEARCH_EVIDENCE_ONLY,NONE
003030.SZ,SZ_MAIN,1,0.301987,13,12,1,0,VALID,,,2026-08-31T19:18:35+08:00,DATA_AND_RESEARCH_EVIDENCE_ONLY,NONE
003031.SZ,SZ_MAIN,1,0.281106,15,14,1,0,VALID,,,2026-08-31T19:19:33+08:00,DATA_AND_RESEARCH_EVIDENCE_ONLY,NONE
003032.SZ,SZ_MAIN,1,0.271178,21,18,3,0,VALID,,,2026-08-31T19:18:56+08:00,DATA_AND_RESEARCH_EVIDENCE_ONLY,NONE
003033.SZ,SZ_MAIN,1,0.292114,13,12,1,0,VALID,,,2026-08-31T19:18:56+08:00,DATA_AND_RESEARCH_EVIDENCE_ONLY,NONE
003035.SZ,SZ_MAIN,1,0.252133,6,5,1,0,VALID,,,2026-08-31T19:18:35+08:00,DATA_AND_RESEARCH_EVIDENCE_ONLY,NONE
003036.SZ,SZ_MAIN,1,0.322748,20,19,1,0,VALID,,,2026-08-31T19:21:55+08:00,DATA_AND_RESEARCH_EVIDENCE_ONLY,NONE
003037.SZ,SZ_MAIN,1,0.315817,10,9,1,0,VALID,,,2026-08-31T19:18:41+08:00,DATA_AND_RESEARCH_EVIDENCE_ONLY,NONE
003038.SZ,SZ_MAIN,1,0.296271,33,32,1,0,VALID,,,2026-08-31T19:18:25+08:00,DATA_AND_RESEARCH_EVIDENCE_ONLY,NONE
003039.SZ,SZ_MAIN,1,0.748564,10,6,4,0,VALID,,,2026-08-31T19:22:23+08:00,DATA_AND_RESEARCH_EVIDENCE_ONLY,NONE
003040.SZ,SZ_MAIN,1,0.611395,4,3,1,0,VALID,,,2026-08-31T19:18:35+08:00,DATA_AND_RESEARCH_EVIDENCE_ONLY,NONE
003041.SZ,SZ_MAIN,1,0.718959,8,7,1,0,VALID,,,2026-08-31T19:22:23+08:00,DATA_AND_RESEARCH_EVIDENCE_ONLY,NONE
003042.SZ,SZ_MAIN,1,0.339094,12,11,1,0,VALID,,,2026-08-31T19:19:33+08:00,DATA_AND_RESEARCH_EVIDENCE_ONLY,NONE
003043.SZ,SZ_MAIN,1,0.367238,38,37,1,0,VALID,,,2026-08-31T19:21:56+08:00,DATA_AND_RESEARCH_EVIDENCE_ONLY,NONE
003816.SZ,SZ_MAIN,1,0.264628,13,12,1,0,VALID,,,2026-08-31T19:22:02+08:00,DATA_AND_RESEARCH_EVIDENCE_ONLY,NONE
300001.SZ,CHINEXT,1,0.442343,51,50,1,0,VALID,,,2026-08-31T19:18:57+08:00,DATA_AND_RESEARCH_EVIDENCE_ONLY,NONE
300002.SZ,CHINEXT,1,0.388066,63,62,1,0,VALID,,,2026-08-31T19:21:53+08:00,DATA_AND_RESEARCH_EVIDENCE_ONLY,NONE
300003.SZ,CHINEXT,1,0.5134,58,57,1,0,VALID,,,2026-08-31T19:19:34+08:00,DATA_AND_RESEARCH_EVIDENCE_ONLY,NONE
300004.SZ,CHINEXT,1,0.346568,39,38,1,0,VALID,,,2026-08-31T19:21:53+08:00,DATA_AND_RESEARCH_EVIDENCE_ONLY,NONE
300005.SZ,CHINEXT,1,0.383208,57,56,1,0,VALID,,,2026-08-31T19:18:36+08:00,DATA_AND_RESEARCH_EVIDENCE_ONLY,NONE
300006.SZ,CHINEXT,1,0.290878,41,40,1,0,VALID,,,2026-08-31T19:22:24+08:00,DATA_AND_RESEARCH_EVIDENCE_ONLY,NONE
300007.SZ,CHINEXT,1,0.560489,48,47,1,0,VALID,,,2026-08-31T19:22:52+08:00,DATA_AND_RESEARCH_EVIDENCE_ONLY,NONE
300008.SZ,CHINEXT,1,0.38325,52,51,1,0,VALID,,,2026-08-31T19:21:54+08:00,DATA_AND_RESEARCH_EVIDENCE_ONLY,NONE
300009.SZ,CHINEXT,1,0.270765,84,83,1,0,VALID,,,2026-08-31T19:18:57+08:00,DATA_AND_RESEARCH_EVIDENCE_ONLY,NONE
300010.SZ,CHINEXT,1,0.291464,159,158,1,0,VALID,,,2026-08-31T19:18:35+08:00,DATA_AND_RESEARCH_EVIDENCE_ONLY,NONE
300011.SZ,CHINEXT,1,0.280779,84,83,1,0,VALID,,,2026-08-31T19:18:36+08:00,DATA_AND_RESEARCH_EVIDENCE_ONLY,NONE
300012.SZ,CHINEXT,1,0.324162,65,64,1,0,VALID,,,2026-08-31T19:21:53+08:00,DATA_AND_RESEARCH_EVIDENCE_ONLY,NONE
300013.SZ,CHINEXT,1,0.413549,32,31,1,0,VALID,,,2026-08-31T19:18:32+08:00,DATA_AND_RESEARCH_EVIDENCE_ONLY,NONE
300014.SZ,CHINEXT,1,0.551901,111,110,1,0,VALID,,,2026-08-31T19:18:36+08:00,DATA_AND_RESEARCH_EVIDENCE_ONLY,NONE
300015.SZ,CHINEXT,1,0.286513,241,240,1,0,VALID,,,2026-08-31T19:18:37+08:00,DATA_AND_RESEARCH_EVIDENCE_ONLY,NONE
300016.SZ,CHINEXT,1,0.367176,74,73,1,0,VALID,,,2026-08-31T19:21:54+08:00,DATA_AND_RESEARCH_EVIDENCE_ONLY,NONE
300017.SZ,CHINEXT,1,0.303819,204,203,1,0,VALID,,,2026-08-31T19:22:25+08:00,DATA_AND_RESEARCH_EVIDENCE_ONLY,NONE
300018.SZ,CHINEXT,1,0.374342,45,44,1,0,VALID,,,2026-08-31T19:18:25+08:00,DATA_AND_RESEARCH_EVIDENCE_ONLY,NONE
300019.SZ,CHINEXT,1,0.274103,55,54,1,0,VALID,,,2026-08-31T19:18:36+08:00,DATA_AND_RESEARCH_EVIDENCE_ONLY,NONE
300020.SZ,CHINEXT,1,0.637512,57,56,1,0,VALID,,,2026-08-31T19:18:37+08:00,DATA_AND_RESEARCH_EVIDENCE_ONLY,NONE
300021.SZ,CHINEXT,1,0.358337,78,77,1,0,VALID,,,2026-08-31T19:22:53+08:00,DATA_AND_RESEARCH_EVIDENCE_ONLY,NONE
300022.SZ,CHINEXT,1,0.322488,38,37,1,0,VALID,,,2026-08-31T19:21:54+08:00,DATA_AND_RESEARCH_EVIDENCE_ONLY,NONE
300024.SZ,CHINEXT,1,0.430247,44,43,1,0,VALID,,,2026-08-31T19:18:26+08:00,DATA_AND_RESEARCH_EVIDENCE_ONLY,NONE
300025.SZ,CHINEXT,1,0.301153,45,44,1,0,VALID,,,2026-08-31T19:19:34+08:00,DATA_AND_RESEARCH_EVIDENCE_ONLY,NONE
300026.SZ,CHINEXT,1,0.373316,77,76,1,0,VALID,,,2026-08-31T19:18:26+08:00,DATA_AND_RESEARCH_EVIDENCE_ONLY,NONE
300027.SZ,CHINEXT,1,0.28614,73,72,1,0,VALID,,,2026-08-31T19:22:02+08:00,DATA_AND_RESEARCH_EVIDENCE_ONLY,NONE
300030.SZ,CHINEXT,1,0.355538,47,46,1,0,VALID,,,2026-08-31T19:22:53+08:00,DATA_AND_RESEARCH_EVIDENCE_ONLY,NONE
300031.SZ,CHINEXT,1,0.387008,42,41,1,0,VALID,,,2026-08-31T19:18:42+08:00,DATA_AND_RESEARCH_EVIDENCE_ONLY,NONE
300032.SZ,CHINEXT,1,0.476621,32,31,1,0,VALID,,,2026-08-31T19:21:56+08:00,DATA_AND_RESEARCH_EVIDENCE_ONLY,NONE
300033.SZ,CHINEXT,1,0.459965,37,36,1,0,VALID,,,2026-08-31T19:18:33+08:00,DATA_AND_RESEARCH_EVIDENCE_ONLY,NONE
300034.SZ,CHINEXT,1,0.508276,138,137,1,0,VALID,,,2026-08-31T19:22:25+08:00,DATA_AND_RESEARCH_EVIDENCE_ONLY,NONE
300035.SZ,CHINEXT,1,0.350474,62,61,1,0,VALID,,,2026-08-31T19:21:54+08:00,DATA_AND_RESEARCH_EVIDENCE_ONLY,NONE
300036.SZ,CHINEXT,1,0.347943,64,63,1,0,VALID,,,2026-08-31T19:21:55+08:00,DATA_AND_RESEARCH_EVIDENCE_ONLY,NONE
300037.SZ,CHINEXT,1,0.379466,93,92,1,0,VALID,,,2026-08-31T19:21:56+08:00,DATA_AND_RESEARCH_EVIDENCE_ONLY,NONE
300039.SZ,CHINEXT,1,0.303904,40,39,1,0,VALID,,,2026-08-31T19:18:27+08:00,DATA_AND_RESEARCH_EVIDENCE_ONLY,NONE
300040.SZ,CHINEXT,1,0.303419,83,82,1,0,VALID,,,2026-08-31T19:21:55+08:00,DATA_AND_RESEARCH_EVIDENCE_ONLY,NONE
300041.SZ,CHINEXT,1,0.446706,56,55,1,0,VALID,,,2026-08-31T19:22:54+08:00,DATA_AND_RESEARCH_EVIDENCE_ONLY,NONE
300042.SZ,CHINEXT,1,0.345033,33,32,1,0,VALID,,,2026-08-31T19:22:54+08:00,DATA_AND_RESEARCH_EVIDENCE_ONLY,NONE
300043.SZ,CHINEXT,1,0.460315,44,43,1,0,VALID,,,2026-08-31T19:18:27+08:00,DATA_AND_RESEARCH_EVIDENCE_ONLY,NONE
300044.SZ,CHINEXT,1,0.303184,76,75,1,0,VALID,,,2026-08-31T19:21:55+08:00,DATA_AND_RESEARCH_EVIDENCE_ONLY,NONE
300045.SZ,CHINEXT,1,0.305235,60,59,1,0,VALID,,,2026-08-31T19:21:55+08:00,DATA_AND_RESEARCH_EVIDENCE_ONLY,NONE
300046.SZ,CHINEXT,1,0.308554,16,15,1,0,VALID,,,2026-08-31T19:18:36+08:00,DATA_AND_RESEARCH_EVIDENCE_ONLY,NONE
300047.SZ,CHINEXT,1,0.430599,51,50,1,0,VALID,,,2026-08-31T19:22:02+08:00,DATA_AND_RESEARCH_EVIDENCE_ONLY,NONE
300048.SZ,CHINEXT,1,0.296768,83,82,1,0,VALID,,,2026-08-31T19:21:53+08:00,DATA_AND_RESEARCH_EVIDENCE_ONLY,NONE
300049.SZ,CHINEXT,1,0.298589,52,51,1,0,VALID,,,2026-08-31T19:18:27+08:00,DATA_AND_RESEARCH_EVIDENCE_ONLY,NONE
300050.SZ,CHINEXT,1,0.3225,62,61,1,0,VALID,,,2026-08-31T19:18:42+08:00,DATA_AND_RESEARCH_EVIDENCE_ONLY,NONE
300051.SZ,CHINEXT,1,0.297139,55,54,1,0,VALID,,,2026-08-31T19:18:42+08:00,DATA_AND_RESEARCH_EVIDENCE_ONLY,NONE
300052.SZ,CHINEXT,1,0.552467,35,34,1,0,VALID,,,2026-08-31T19:22:55+08:00,DATA_AND_RESEARCH_EVIDENCE_ONLY,NONE
300053.SZ,CHINEXT,1,0.338562,41,40,1,0,VALID,,,2026-08-31T19:19:35+08:00,DATA_AND_RESEARCH_EVIDENCE_ONLY,NONE
300054.SZ,CHINEXT,1,0.321328,138,137,1,0,VALID,,,2026-08-31T19:18:28+08:00,DATA_AND_RESEARCH_EVIDENCE_ONLY,NONE
300055.SZ,CHINEXT,1,0.293644,31,30,1,0,VALID,,,2026-08-31T19:21:44+08:00,DATA_AND_RESEARCH_EVIDENCE_ONLY,NONE
300056.SZ,CHINEXT,1,0.379621,54,53,1,0,VALID,,,2026-08-31T19:18:28+08:00,DATA_AND_RESEARCH_EVIDENCE_ONLY,NONE
300057.SZ,CHINEXT,1,0.316083,70,69,1,0,VALID,,,2026-08-31T19:21:45+08:00,DATA_AND_RESEARCH_EVIDENCE_ONLY,NONE
300058.SZ,CHINEXT,1,0.385105,122,121,1,0,VALID,,,2026-08-31T19:19:35+08:00,DATA_AND_RESEARCH_EVIDENCE_ONLY,NONE
300059.SZ,CHINEXT,1,0.533526,126,125,1,0,VALID,,,2026-08-31T19:21:57+08:00,DATA_AND_RESEARCH_EVIDENCE_ONLY,NONE
300061.SZ,CHINEXT,1,0.351391,146,145,1,0,VALID,,,2026-08-31T19:19:35+08:00,DATA_AND_RESEARCH_EVIDENCE_ONLY,NONE
300062.SZ,CHINEXT,1,0.327333,41,40,1,0,VALID,,,2026-08-31T19:18:33+08:00,DATA_AND_RESEARCH_EVIDENCE_ONLY,NONE
300063.SZ,CHINEXT,1,0.369627,55,54,1,0,VALID,,,2026-08-31T19:21:57+08:00,DATA_AND_RESEARCH_EVIDENCE_ONLY,NONE
300065.SZ,CHINEXT,1,0.27379,63,62,1,0,VALID,,,2026-08-31T19:22:03+08:00,DATA_AND_RESEARCH_EVIDENCE_ONLY,NONE
300066.SZ,CHINEXT,1,0.312499,38,37,1,0,VALID,,,2026-08-31T19:22:55+08:00,DATA_AND_RESEARCH_EVIDENCE_ONLY,NONE
300067.SZ,CHINEXT,1,0.312066,154,153,1,0,VALID,,,2026-08-31T19:21:56+08:00,DATA_AND_RESEARCH_EVIDENCE_ONLY,NONE
300068.SZ,CHINEXT,1,0.366726,243,242,1,0,VALID,,,2026-08-31T19:18:57+08:00,DATA_AND_RESEARCH_EVIDENCE_ONLY,NONE
300069.SZ,CHINEXT,1,0.751202,24,23,1,0,VALID,,,2026-08-31T19:22:25+08:00,DATA_AND_RESEARCH_EVIDENCE_ONLY,NONE
300070.SZ,CHINEXT,1,0.384435,238,237,1,0,VALID,,,2026-08-31T19:18:43+08:00,DATA_AND_RESEARCH_EVIDENCE_ONLY,NONE
300071.SZ,CHINEXT,1,0.338261,50,49,1,0,VALID,,,2026-08-31T19:22:03+08:00,DATA_AND_RESEARCH_EVIDENCE_ONLY,NONE
300072.SZ,CHINEXT,1,0.447344,113,112,1,0,VALID,,,2026-08-31T19:22:26+08:00,DATA_AND_RESEARCH_EVIDENCE_ONLY,NONE
300073.SZ,CHINEXT,1,0.274291,44,43,1,0,VALID,,,2026-08-31T19:19:36+08:00,DATA_AND_RESEARCH_EVIDENCE_ONLY,NONE
300074.SZ,CHINEXT,1,0.38253,66,65,1,0,VALID,,,2026-08-31T19:21:54+08:00,DATA_AND_RESEARCH_EVIDENCE_ONLY,NONE
300075.SZ,CHINEXT,1,0.292955,165,164,1,0,VALID,,,2026-08-31T19:18:58+08:00,DATA_AND_RESEARCH_EVIDENCE_ONLY,NONE
300076.SZ,CHINEXT,1,0.300589,23,22,1,0,VALID,,,2026-08-31T19:18:43+08:00,DATA_AND_RESEARCH_EVIDENCE_ONLY,NONE
300077.SZ,CHINEXT,1,0.301182,62,58,4,0,VALID,,,2026-08-31T19:21:54+08:00,DATA_AND_RESEARCH_EVIDENCE_ONLY,NONE
300078.SZ,CHINEXT,1,0.339275,61,60,1,0,VALID,,,2026-08-31T19:21:55+08:00,DATA_AND_RESEARCH_EVIDENCE_ONLY,NONE
300079.SZ,CHINEXT,1,0.365327,51,50,1,0,VALID,,,2026-08-31T19:18:28+08:00,DATA_AND_RESEARCH_EVIDENCE_ONLY,NONE
300080.SZ,CHINEXT,1,0.285146,56,55,1,0,VALID,,,2026-08-31T19:22:27+08:00,DATA_AND_RESEARCH_EVIDENCE_ONLY,NONE
300081.SZ,CHINEXT,1,0.755448,57,56,1,0,VALID,,,2026-08-31T19:18:38+08:00,DATA_AND_RESEARCH_EVIDENCE_ONLY,NONE
300082.SZ,CHINEXT,1,0.457285,48,47,1,0,VALID,,,2026-08-31T19:18:34+08:00,DATA_AND_RESEARCH_EVIDENCE_ONLY,NONE
300083.SZ,CHINEXT,1,0.302624,72,71,1,0,VALID,,,2026-08-31T19:18:29+08:00,DATA_AND_RESEARCH_EVIDENCE_ONLY,NONE
300084.SZ,CHINEXT,1,0.277469,52,51,1,0,VALID,,,2026-08-31T19:18:58+08:00,DATA_AND_RESEARCH_EVIDENCE_ONLY,NONE
300085.SZ,CHINEXT,1,0.352978,41,40,1,0,VALID,,,2026-08-31T19:22:03+08:00,DATA_AND_RESEARCH_EVIDENCE_ONLY,NONE
300086.SZ,CHINEXT,1,0.291451,22,21,1,0,VALID,,,2026-08-31T19:21:45+08:00,DATA_AND_RESEARCH_EVIDENCE_ONLY,NONE
300087.SZ,CHINEXT,1,0.454395,40,39,1,0,VALID,,,2026-08-31T19:18:43+08:00,DATA_AND_RESEARCH_EVIDENCE_ONLY,NONE
300088.SZ,CHINEXT,1,0.328631,61,60,1,0,VALID,,,2026-08-31T19:21:55+08:00,DATA_AND_RESEARCH_EVIDENCE_ONLY,NONE
300091.SZ,CHINEXT,1,0.32251,56,55,1,0,VALID,,,2026-08-31T19:22:27+08:00,DATA_AND_RESEARCH_EVIDENCE_ONLY,NONE
300092.SZ,CHINEXT,1,0.656896,39,38,1,0,VALID,,,2026-08-31T19:22:55+08:00,DATA_AND_RESEARCH_EVIDENCE_ONLY,NONE
300093.SZ,CHINEXT,1,0.414691,29,28,1,0,VALID,,,2026-08-31T19:21:55+08:00,DATA_AND_RESEARCH_EVIDENCE_ONLY,NONE
300094.SZ,CHINEXT,1,0.37416,38,37,1,0,VALID,,,2026-08-31T19:18:44+08:00,DATA_AND_RESEARCH_EVIDENCE_ONLY,NONE
300095.SZ,CHINEXT,1,0.464047,81,80,1,0,VALID,,,2026-08-31T19:18:28+08:00,DATA_AND_RESEARCH_EVIDENCE_ONLY,NONE
300096.SZ,CHINEXT,1,0.278226,32,31,1,0,VALID,,,2026-08-31T19:18:44+08:00,DATA_AND_RESEARCH_EVIDENCE_ONLY,NONE
300097.SZ,CHINEXT,1,0.340868,39,38,1,0,VALID,,,2026-08-31T19:21:56+08:00,DATA_AND_RESEARCH_EVIDENCE_ONLY,NONE
300098.SZ,CHINEXT,1,0.414519,73,72,1,0,VALID,,,2026-08-31T19:18:45+08:00,DATA_AND_RESEARCH_EVIDENCE_ONLY,NONE
300099.SZ,CHINEXT,1,0.308223,52,51,1,0,VALID,,,2026-08-31T19:21:56+08:00,DATA_AND_RESEARCH_EVIDENCE_ONLY,NONE
300100.SZ,CHINEXT,1,0.59953,42,41,1,0,VALID,,,2026-08-31T19:21:56+08:00,DATA_AND_RESEARCH_EVIDENCE_ONLY,NONE
300101.SZ,CHINEXT,1,0.345354,37,36,1,0,VALID,,,2026-08-31T19:18:34+08:00,DATA_AND_RESEARCH_EVIDENCE_ONLY,NONE
300102.SZ,CHINEXT,1,0.340045,55,54,1,0,VALID,,,2026-08-31T19:21:56+08:00,DATA_AND_RESEARCH_EVIDENCE_ONLY,NONE
300103.SZ,CHINEXT,1,0.337524,44,43,1,0,VALID,,,2026-08-31T19:21:57+08:00,DATA_AND_RESEARCH_EVIDENCE_ONLY,NONE
300105.SZ,CHINEXT,1,0.303269,20,19,1,0,VALID,,,2026-08-31T19:18:45+08:00,DATA_AND_RESEARCH_EVIDENCE_ONLY,NONE
300106.SZ,CHINEXT,1,0.272496,23,22,1,0,VALID,,,2026-08-31T19:18:29+08:00,DATA_AND_RESEARCH_EVIDENCE_ONLY,NONE
300107.SZ,CHINEXT,1,0.316446,92,91,1,0,VALID,,,2026-08-31T19:21:55+08:00,DATA_AND_RESEARCH_EVIDENCE_ONLY,NONE
300109.SZ,CHINEXT,1,0.380186,73,72,1,0,VALID,,,2026-08-31T19:18:45+08:00,DATA_AND_RESEARCH_EVIDENCE_ONLY,NONE
300110.SZ,CHINEXT,1,0.370463,45,44,1,0,VALID,,,2026-08-31T19:18:37+08:00,DATA_AND_RESEARCH_EVIDENCE_ONLY,NONE
300111.SZ,CHINEXT,1,0.354712,30,29,1,0,VALID,,,2026-08-31T19:22:56+08:00,DATA_AND_RESEARCH_EVIDENCE_ONLY,NONE
300112.SZ,CHINEXT,1,0.30305,76,75,1,0,VALID,,,2026-08-31T19:21:45+08:00,DATA_AND_RESEARCH_EVIDENCE_ONLY,NONE
300113.SZ,CHINEXT,1,0.362645,211,210,1,0,VALID,,,2026-08-31T19:22:04+08:00,DATA_AND_RESEARCH_EVIDENCE_ONLY,NONE
300115.SZ,CHINEXT,1,0.441676,141,140,1,0,VALID,,,2026-08-31T19:18:35+08:00,DATA_AND_RESEARCH_EVIDENCE_ONLY,NONE
300118.SZ,CHINEXT,1,0.359925,49,48,1,0,VALID,,,2026-08-31T19:18:35+08:00,DATA_AND_RESEARCH_EVIDENCE_ONLY,NONE
300119.SZ,CHINEXT,1,0.264196,60,59,1,0,VALID,,,2026-08-31T19:19:36+08:00,DATA_AND_RESEARCH_EVIDENCE_ONLY,NONE
300120.SZ,CHINEXT,1,0.299042,60,59,1,0,VALID,,,2026-08-31T19:18:37+08:00,DATA_AND_RESEARCH_EVIDENCE_ONLY,NONE
300121.SZ,CHINEXT,1,0.267517,60,59,1,0,VALID,,,2026-08-31T19:18:29+08:00,DATA_AND_RESEARCH_EVIDENCE_ONLY,NONE
300122.SZ,CHINEXT,1,0.265943,26,25,1,0,VALID,,,2026-08-31T19:19:36+08:00,DATA_AND_RESEARCH_EVIDENCE_ONLY,NONE
300123.SZ,CHINEXT,1,0.377161,29,28,1,0,VALID,,,2026-08-31T19:18:30+08:00,DATA_AND_RESEARCH_EVIDENCE_ONLY,NONE
300124.SZ,CHINEXT,1,0.365458,208,207,1,0,VALID,,,2026-08-31T19:18:30+08:00,DATA_AND_RESEARCH_EVIDENCE_ONLY,NONE
300125.SZ,CHINEXT,1,0.51389,46,45,1,0,VALID,,,2026-08-31T19:21:55+08:00,DATA_AND_RESEARCH_EVIDENCE_ONLY,NONE
300126.SZ,CHINEXT,1,0.299965,33,32,1,0,VALID,,,2026-08-31T19:18:29+08:00,DATA_AND_RESEARCH_EVIDENCE_ONLY,NONE
300127.SZ,CHINEXT,1,0.426049,18,17,1,0,VALID,,,2026-08-31T19:22:56+08:00,DATA_AND_RESEARCH_EVIDENCE_ONLY,NONE
300128.SZ,CHINEXT,1,0.665638,53,52,1,0,VALID,,,2026-08-31T19:22:57+08:00,DATA_AND_RESEARCH_EVIDENCE_ONLY,NONE
300129.SZ,CHINEXT,1,0.326386,45,44,1,0,VALID,,,2026-08-31T19:18:30+08:00,DATA_AND_RESEARCH_EVIDENCE_ONLY,NONE
300130.SZ,CHINEXT,1,0.301967,112,111,1,0,VALID,,,2026-08-31T19:22:27+08:00,DATA_AND_RESEARCH_EVIDENCE_ONLY,NONE
300131.SZ,CHINEXT,1,0.300669,48,47,1,0,VALID,,,2026-08-31T19:18:29+08:00,DATA_AND_RESEARCH_EVIDENCE_ONLY,NONE
300132.SZ,CHINEXT,1,0.298212,34,33,1,0,VALID,,,2026-08-31T19:21:56+08:00,DATA_AND_RESEARCH_EVIDENCE_ONLY,NONE
300133.SZ,CHINEXT,1,0.334334,70,69,1,0,VALID,,,2026-08-31T19:21:57+08:00,DATA_AND_RESEARCH_EVIDENCE_ONLY,NONE
300134.SZ,CHINEXT,1,0.264376,19,18,1,0,VALID,,,2026-08-31T19:18:38+08:00,DATA_AND_RESEARCH_EVIDENCE_ONLY,NONE
300135.SZ,CHINEXT,1,0.312097,22,21,1,0,VALID,,,2026-08-31T19:21:56+08:00,DATA_AND_RESEARCH_EVIDENCE_ONLY,NONE
300136.SZ,CHINEXT,1,0.712533,80,79,1,0,VALID,,,2026-08-31T19:21:58+08:00,DATA_AND_RESEARCH_EVIDENCE_ONLY,NONE
300137.SZ,CHINEXT,1,0.27354,46,45,1,0,VALID,,,2026-08-31T19:19:37+08:00,DATA_AND_RESEARCH_EVIDENCE_ONLY,NONE
300138.SZ,CHINEXT,1,0.298055,48,47,1,0,VALID,,,2026-08-31T19:21:56+08:00,DATA_AND_RESEARCH_EVIDENCE_ONLY,NONE
300139.SZ,CHINEXT,1,0.272539,23,22,1,0,VALID,,,2026-08-31T19:18:59+08:00,DATA_AND_RESEARCH_EVIDENCE_ONLY,NONE
300140.SZ,CHINEXT,1,0.271717,42,41,1,0,VALID,,,2026-08-31T19:18:39+08:00,DATA_AND_RESEARCH_EVIDENCE_ONLY,NONE
300141.SZ,CHINEXT,1,0.341308,49,48,1,0,VALID,,,2026-08-31T19:18:35+08:00,DATA_AND_RESEARCH_EVIDENCE_ONLY,NONE
300142.SZ,CHINEXT,1,0.392168,63,62,1,0,VALID,,,2026-08-31T19:21:57+08:00,DATA_AND_RESEARCH_EVIDENCE_ONLY,NONE
300143.SZ,CHINEXT,1,0.367915,54,53,1,0,VALID,,,2026-08-31T19:18:31+08:00,DATA_AND_RESEARCH_EVIDENCE_ONLY,NONE
300144.SZ,CHINEXT,1,0.277901,73,72,1,0,VALID,,,2026-08-31T19:18:59+08:00,DATA_AND_RESEARCH_EVIDENCE_ONLY,NONE
300145.SZ,CHINEXT,1,0.30074,67,66,1,0,VALID,,,2026-08-31T19:18:30+08:00,DATA_AND_RESEARCH_EVIDENCE_ONLY,NONE
300146.SZ,CHINEXT,1,0.355391,71,70,1,0,VALID,,,2026-08-31T19:18:36+08:00,DATA_AND_RESEARCH_EVIDENCE_ONLY,NONE
300147.SZ,CHINEXT,1,0.264888,44,43,1,0,VALID,,,2026-08-31T19:19:37+08:00,DATA_AND_RESEARCH_EVIDENCE_ONLY,NONE
300148.SZ,CHINEXT,1,0.360491,73,72,1,0,VALID,,,2026-08-31T19:21:59+08:00,DATA_AND_RESEARCH_EVIDENCE_ONLY,NONE
300149.SZ,CHINEXT,1,0.313574,34,33,1,0,VALID,,,2026-08-31T19:18:30+08:00,DATA_AND_RESEARCH_EVIDENCE_ONLY,NONE
300150.SZ,CHINEXT,1,0.374323,32,31,1,0,VALID,,,2026-08-31T19:21:58+08:00,DATA_AND_RESEARCH_EVIDENCE_ONLY,NONE
300151.SZ,CHINEXT,1,0.402101,56,55,1,0,VALID,,,2026-08-31T19:18:36+08:00,DATA_AND_RESEARCH_EVIDENCE_ONLY,NONE
300152.SZ,CHINEXT,1,0.271878,27,26,1,0,VALID,,,2026-08-31T19:18:39+08:00,DATA_AND_RESEARCH_EVIDENCE_ONLY,NONE
300153.SZ,CHINEXT,1,0.318406,22,21,1,0,VALID,,,2026-08-31T19:18:37+08:00,DATA_AND_RESEARCH_EVIDENCE_ONLY,NONE
300154.SZ,CHINEXT,1,0.273989,50,49,1,0,VALID,,,2026-08-31T19:18:59+08:00,DATA_AND_RESEARCH_EVIDENCE_ONLY,NONE
300155.SZ,CHINEXT,1,0.269461,43,42,1,0,VALID,,,2026-08-31T19:19:37+08:00,DATA_AND_RESEARCH_EVIDENCE_ONLY,NONE
300157.SZ,CHINEXT,1,0.30032,70,69,1,0,VALID,,,2026-08-31T19:21:46+08:00,DATA_AND_RESEARCH_EVIDENCE_ONLY,NONE
300158.SZ,CHINEXT,1,0.391343,49,48,1,0,VALID,,,2026-08-31T19:18:30+08:00,DATA_AND_RESEARCH_EVIDENCE_ONLY,NONE
300159.SZ,CHINEXT,1,0.35028,39,38,1,0,VALID,,,2026-08-31T19:18:37+08:00,DATA_AND_RESEARCH_EVIDENCE_ONLY,NONE
300160.SZ,CHINEXT,1,0.26883,39,38,1,0,VALID,,,2026-08-31T19:18:39+08:00,DATA_AND_RESEARCH_EVIDENCE_ONLY,NONE
300161.SZ,CHINEXT,1,0.407819,30,29,1,0,VALID,,,2026-08-31T19:18:39+08:00,DATA_AND_RESEARCH_EVIDENCE_ONLY,NONE
300162.SZ,CHINEXT,1,0.329766,33,32,1,0,VALID,,,2026-08-31T19:19:37+08:00,DATA_AND_RESEARCH_EVIDENCE_ONLY,NONE
300163.SZ,CHINEXT,1,0.355305,31,30,1,0,VALID,,,2026-08-31T19:22:04+08:00,DATA_AND_RESEARCH_EVIDENCE_ONLY,NONE
300164.SZ,CHINEXT,1,0.303197,58,50,8,0,VALID,,,2026-08-31T19:21:57+08:00,DATA_AND_RESEARCH_EVIDENCE_ONLY,NONE
300165.SZ,CHINEXT,1,0.374403,41,40,1,0,VALID,,,2026-08-31T19:18:31+08:00,DATA_AND_RESEARCH_EVIDENCE_ONLY,NONE
300166.SZ,CHINEXT,1,0.514702,106,105,1,0,VALID,,,2026-08-31T19:18:46+08:00,DATA_AND_RESEARCH_EVIDENCE_ONLY,NONE
300167.SZ,CHINEXT,1,0.299821,38,37,1,0,VALID,,,2026-08-31T19:22:28+08:00,DATA_AND_RESEARCH_EVIDENCE_ONLY,NONE
300168.SZ,CHINEXT,1,0.443941,97,96,1,0,VALID,,,2026-08-31T19:18:37+08:00,DATA_AND_RESEARCH_EVIDENCE_ONLY,NONE
300169.SZ,CHINEXT,1,0.283716,31,30,1,0,VALID,,,2026-08-31T19:18:46+08:00,DATA_AND_RESEARCH_EVIDENCE_ONLY,NONE
300170.SZ,CHINEXT,1,0.377103,123,122,1,0,VALID,,,2026-08-31T19:21:58+08:00,DATA_AND_RESEARCH_EVIDENCE_ONLY,NONE
300171.SZ,CHINEXT,1,0.34942,47,46,1,0,VALID,,,2026-08-31T19:18:37+08:00,DATA_AND_RESEARCH_EVIDENCE_ONLY,NONE
300172.SZ,CHINEXT,1,0.353549,43,42,1,0,VALID,,,2026-08-31T19:22:05+08:00,DATA_AND_RESEARCH_EVIDENCE_ONLY,NONE
300173.SZ,CHINEXT,1,0.362741,53,52,1,0,VALID,,,2026-08-31T19:18:47+08:00,DATA_AND_RESEARCH_EVIDENCE_ONLY,NONE
300174.SZ,CHINEXT,1,0.499161,44,43,1,0,VALID,,,2026-08-31T19:21:58+08:00,DATA_AND_RESEARCH_EVIDENCE_ONLY,NONE
300175.SZ,CHINEXT,1,0.323114,12,11,1,0,VALID,,,2026-08-31T19:19:38+08:00,DATA_AND_RESEARCH_EVIDENCE_ONLY,NONE
300176.SZ,CHINEXT,1,0.384687,18,17,1,0,VALID,,,2026-08-31T19:19:38+08:00,DATA_AND_RESEARCH_EVIDENCE_ONLY,NONE
300177.SZ,CHINEXT,1,0.529268,60,59,1,0,VALID,,,2026-08-31T19:18:31+08:00,DATA_AND_RESEARCH_EVIDENCE_ONLY,NONE
300179.SZ,CHINEXT,1,0.347896,51,50,1,0,VALID,,,2026-08-31T19:18:32+08:00,DATA_AND_RESEARCH_EVIDENCE_ONLY,NONE
300180.SZ,CHINEXT,1,0.298473,46,45,1,0,VALID,,,2026-08-31T19:21:46+08:00,DATA_AND_RESEARCH_EVIDENCE_ONLY,NONE
300181.SZ,CHINEXT,1,0.306184,38,37,1,0,VALID,,,2026-08-31T19:18:31+08:00,DATA_AND_RESEARCH_EVIDENCE_ONLY,NONE
300182.SZ,CHINEXT,1,0.490171,75,74,1,0,VALID,,,2026-08-31T19:22:05+08:00,DATA_AND_RESEARCH_EVIDENCE_ONLY,NONE
300183.SZ,CHINEXT,1,0.336697,35,34,1,0,VALID,,,2026-08-31T19:22:05+08:00,DATA_AND_RESEARCH_EVIDENCE_ONLY,NONE
300184.SZ,CHINEXT,1,0.263133,68,67,1,0,VALID,,,2026-08-31T19:19:38+08:00,DATA_AND_RESEARCH_EVIDENCE_ONLY,NONE
300185.SZ,CHINEXT,1,0.345534,52,50,2,0,VALID,,,2026-08-31T19:22:28+08:00,DATA_AND_RESEARCH_EVIDENCE_ONLY,NONE
300187.SZ,CHINEXT,1,0.310457,50,49,1,0,VALID,,,2026-08-31T19:21:57+08:00,DATA_AND_RESEARCH_EVIDENCE_ONLY,NONE
300188.SZ,CHINEXT,1,0.380952,83,82,1,0,VALID,,,2026-08-31T19:18:47+08:00,DATA_AND_RESEARCH_EVIDENCE_ONLY,NONE
300189.SZ,CHINEXT,1,0.339944,30,29,1,0,VALID,,,2026-08-31T19:21:59+08:00,DATA_AND_RESEARCH_EVIDENCE_ONLY,NONE
300190.SZ,CHINEXT,1,0.345943,68,67,1,0,VALID,,,2026-08-31T19:22:06+08:00,DATA_AND_RESEARCH_EVIDENCE_ONLY,NONE
300191.SZ,CHINEXT,1,0.299447,16,15,1,0,VALID,,,2026-08-31T19:22:28+08:00,DATA_AND_RESEARCH_EVIDENCE_ONLY,NONE
300192.SZ,CHINEXT,1,0.292377,34,33,1,0,VALID,,,2026-08-31T19:21:46+08:00,DATA_AND_RESEARCH_EVIDENCE_ONLY,NONE
300193.SZ,CHINEXT,1,0.264411,52,51,1,0,VALID,,,2026-08-31T19:22:06+08:00,DATA_AND_RESEARCH_EVIDENCE_ONLY,NONE
300194.SZ,CHINEXT,1,0.287115,42,41,1,0,VALID,,,2026-08-31T19:18:38+08:00,DATA_AND_RESEARCH_EVIDENCE_ONLY,NONE
300195.SZ,CHINEXT,1,0.587898,43,42,1,0,VALID,,,2026-08-31T19:18:40+08:00,DATA_AND_RESEARCH_EVIDENCE_ONLY,NONE
300196.SZ,CHINEXT,1,0.305424,43,42,1,0,VALID,,,2026-08-31T19:22:06+08:00,DATA_AND_RESEARCH_EVIDENCE_ONLY,NONE
300197.SZ,CHINEXT,1,0.362223,115,114,1,0,VALID,,,2026-08-31T19:22:29+08:00,DATA_AND_RESEARCH_EVIDENCE_ONLY,NONE
300198.SZ,CHINEXT,1,0.554849,45,44,1,0,VALID,,,2026-08-31T19:21:59+08:00,DATA_AND_RESEARCH_EVIDENCE_ONLY,NONE
300199.SZ,CHINEXT,1,0.335666,48,47,1,0,VALID,,,2026-08-31T19:18:59+08:00,DATA_AND_RESEARCH_EVIDENCE_ONLY,NONE
300200.SZ,CHINEXT,1,0.295946,47,46,1,0,VALID,,,2026-08-31T19:21:47+08:00,DATA_AND_RESEARCH_EVIDENCE_ONLY,NONE
300201.SZ,CHINEXT,1,0.628695,59,58,1,0,VALID,,,2026-08-31T19:18:40+08:00,DATA_AND_RESEARCH_EVIDENCE_ONLY,NONE
300203.SZ,CHINEXT,1,0.888803,31,30,1,0,VALID,,,2026-08-31T19:22:29+08:00,DATA_AND_RESEARCH_EVIDENCE_ONLY,NONE
300204.SZ,CHINEXT,1,0.301655,75,74,1,0,VALID,,,2026-08-31T19:21:57+08:00,DATA_AND_RESEARCH_EVIDENCE_ONLY,NONE
300205.SZ,CHINEXT,1,0.397049,26,25,1,0,VALID,,,2026-08-31T19:21:59+08:00,DATA_AND_RESEARCH_EVIDENCE_ONLY,NONE
300206.SZ,CHINEXT,1,0.935713,20,19,1,0,VALID,,,2026-08-31T19:18:38+08:00,DATA_AND_RESEARCH_EVIDENCE_ONLY,NONE
300207.SZ,CHINEXT,1,0.324765,97,96,1,0,VALID,,,2026-08-31T19:18:31+08:00,DATA_AND_RESEARCH_EVIDENCE_ONLY,NONE
300209.SZ,CHINEXT,1,0.274034,38,37,1,0,VALID,,,2026-08-31T19:22:07+08:00,DATA_AND_RESEARCH_EVIDENCE_ONLY,NONE
300210.SZ,CHINEXT,1,0.2677,32,31,1,0,VALID,,,2026-08-31T19:19:00+08:00,DATA_AND_RESEARCH_EVIDENCE_ONLY,NONE
300211.SZ,CHINEXT,1,0.316838,33,32,1,0,VALID,,,2026-08-31T19:18:38+08:00,DATA_AND_RESEARCH_EVIDENCE_ONLY,NONE
300212.SZ,CHINEXT,1,0.519989,52,51,1,0,VALID,,,2026-08-31T19:19:39+08:00,DATA_AND_RESEARCH_EVIDENCE_ONLY,NONE
300213.SZ,CHINEXT,1,0.273544,58,56,2,0,VALID,,,2026-08-31T19:18:41+08:00,DATA_AND_RESEARCH_EVIDENCE_ONLY,NONE
300214.SZ,CHINEXT,1,0.692724,38,37,1,0,VALID,,,2026-08-31T19:22:58+08:00,DATA_AND_RESEARCH_EVIDENCE_ONLY,NONE
300215.SZ,CHINEXT,1,0.606334,27,26,1,0,VALID,,,2026-08-31T19:18:32+08:00,DATA_AND_RESEARCH_EVIDENCE_ONLY,NONE
300217.SZ,CHINEXT,1,0.282926,37,36,1,0,VALID,,,2026-08-31T19:22:07+08:00,DATA_AND_RESEARCH_EVIDENCE_ONLY,NONE
300218.SZ,CHINEXT,1,0.383537,19,18,1,0,VALID,,,2026-08-31T19:22:00+08:00,DATA_AND_RESEARCH_EVIDENCE_ONLY,NONE
300219.SZ,CHINEXT,1,0.308232,62,61,1,0,VALID,,,2026-08-31T19:18:47+08:00,DATA_AND_RESEARCH_EVIDENCE_ONLY,NONE
300220.SZ,CHINEXT,1,0.446532,25,24,1,0,VALID,,,2026-08-31T19:18:39+08:00,DATA_AND_RESEARCH_EVIDENCE_ONLY,NONE
300221.SZ,CHINEXT,1,0.319782,85,84,1,0,VALID,,,2026-08-31T19:18:32+08:00,DATA_AND_RESEARCH_EVIDENCE_ONLY,NONE
300222.SZ,CHINEXT,1,0.300512,79,78,1,0,VALID,,,2026-08-31T19:21:58+08:00,DATA_AND_RESEARCH_EVIDENCE_ONLY,NONE
300223.SZ,CHINEXT,1,0.521095,136,135,1,0,VALID,,,2026-08-31T19:22:00+08:00,DATA_AND_RESEARCH_EVIDENCE_ONLY,NONE
300224.SZ,CHINEXT,1,0.733695,53,52,1,0,VALID,,,2026-08-31T19:18:33+08:00,DATA_AND_RESEARCH_EVIDENCE_ONLY,NONE
300225.SZ,CHINEXT,1,0.50938,39,38,1,0,VALID,,,2026-08-31T19:18:32+08:00,DATA_AND_RESEARCH_EVIDENCE_ONLY,NONE
300226.SZ,CHINEXT,1,0.430383,68,62,6,0,VALID,,,2026-08-31T19:18:32+08:00,DATA_AND_RESEARCH_EVIDENCE_ONLY,NONE
300227.SZ,CHINEXT,1,0.401583,56,55,1,0,VALID,,,2026-08-31T19:18:41+08:00,DATA_AND_RESEARCH_EVIDENCE_ONLY,NONE
300228.SZ,CHINEXT,1,0.264175,54,53,1,0,VALID,,,2026-08-31T19:18:39+08:00,DATA_AND_RESEARCH_EVIDENCE_ONLY,NONE
300229.SZ,CHINEXT,1,0.342992,65,64,1,0,VALID,,,2026-08-31T19:19:39+08:00,DATA_AND_RESEARCH_EVIDENCE_ONLY,NONE
300230.SZ,CHINEXT,1,0.389027,31,30,1,0,VALID,,,2026-08-31T19:18:39+08:00,DATA_AND_RESEARCH_EVIDENCE_ONLY,NONE
300231.SZ,CHINEXT,1,0.305282,57,56,1,0,VALID,,,2026-08-31T19:21:58+08:00,DATA_AND_RESEARCH_EVIDENCE_ONLY,NONE
300232.SZ,CHINEXT,1,0.368014,170,169,1,0,VALID,,,2026-08-31T19:21:59+08:00,DATA_AND_RESEARCH_EVIDENCE_ONLY,NONE
300233.SZ,CHINEXT,1,0.393527,58,57,1,0,VALID,,,2026-08-31T19:22:00+08:00,DATA_AND_RESEARCH_EVIDENCE_ONLY,NONE
300234.SZ,CHINEXT,1,0.822787,27,26,1,0,VALID,,,2026-08-31T19:18:39+08:00,DATA_AND_RESEARCH_EVIDENCE_ONLY,NONE
300235.SZ,CHINEXT,1,0.376522,34,33,1,0,VALID,,,2026-08-31T19:22:00+08:00,DATA_AND_RESEARCH_EVIDENCE_ONLY,NONE
300236.SZ,CHINEXT,1,0.357518,46,45,1,0,VALID,,,2026-08-31T19:22:58+08:00,DATA_AND_RESEARCH_EVIDENCE_ONLY,NONE
300237.SZ,CHINEXT,1,0.296776,38,37,1,0,VALID,,,2026-08-31T19:22:30+08:00,DATA_AND_RESEARCH_EVIDENCE_ONLY,NONE
300238.SZ,CHINEXT,1,0.891298,46,45,1,0,VALID,,,2026-08-31T19:22:30+08:00,DATA_AND_RESEARCH_EVIDENCE_ONLY,NONE
300239.SZ,CHINEXT,1,0.288571,54,53,1,0,VALID,,,2026-08-31T19:21:57+08:00,DATA_AND_RESEARCH_EVIDENCE_ONLY,NONE
300240.SZ,CHINEXT,1,0.354257,45,44,1,0,VALID,,,2026-08-31T19:22:59+08:00,DATA_AND_RESEARCH_EVIDENCE_ONLY,NONE
300241.SZ,CHINEXT,1,0.3037,93,92,1,0,VALID,,,2026-08-31T19:18:33+08:00,DATA_AND_RESEARCH_EVIDENCE_ONLY,NONE
300242.SZ,CHINEXT,1,0.350656,47,46,1,0,VALID,,,2026-08-31T19:18:40+08:00,DATA_AND_RESEARCH_EVIDENCE_ONLY,NONE
300243.SZ,CHINEXT,1,0.440957,58,57,1,0,VALID,,,2026-08-31T19:18:42+08:00,DATA_AND_RESEARCH_EVIDENCE_ONLY,NONE
300244.SZ,CHINEXT,1,0.361825,47,46,1,0,VALID,,,2026-08-31T19:22:59+08:00,DATA_AND_RESEARCH_EVIDENCE_ONLY,NONE
300245.SZ,CHINEXT,1,0.620911,62,61,1,0,VALID,,,2026-08-31T19:19:40+08:00,DATA_AND_RESEARCH_EVIDENCE_ONLY,NONE
300246.SZ,CHINEXT,1,0.271961,52,51,1,0,VALID,,,2026-08-31T19:22:07+08:00,DATA_AND_RESEARCH_EVIDENCE_ONLY,NONE
300247.SZ,CHINEXT,1,0.395649,68,67,1,0,VALID,,,2026-08-31T19:18:48+08:00,DATA_AND_RESEARCH_EVIDENCE_ONLY,NONE
300248.SZ,CHINEXT,1,0.37278,40,39,1,0,VALID,,,2026-08-31T19:22:01+08:00,DATA_AND_RESEARCH_EVIDENCE_ONLY,NONE
300249.SZ,CHINEXT,1,0.366194,42,41,1,0,VALID,,,2026-08-31T19:18:34+08:00,DATA_AND_RESEARCH_EVIDENCE_ONLY,NONE
300250.SZ,CHINEXT,1,0.339356,58,57,1,0,VALID,,,2026-08-31T19:22:08+08:00,DATA_AND_RESEARCH_EVIDENCE_ONLY,NONE
300251.SZ,CHINEXT,1,0.281668,37,36,1,0,VALID,,,2026-08-31T19:19:40+08:00,DATA_AND_RESEARCH_EVIDENCE_ONLY,NONE
300252.SZ,CHINEXT,1,0.271326,65,64,1,0,VALID,,,2026-08-31T19:19:41+08:00,DATA_AND_RESEARCH_EVIDENCE_ONLY,NONE
300253.SZ,CHINEXT,1,0.346657,250,249,1,0,VALID,,,2026-08-31T19:19:00+08:00,DATA_AND_RESEARCH_EVIDENCE_ONLY,NONE
300254.SZ,CHINEXT,1,0.388491,45,44,1,0,VALID,,,2026-08-31T19:22:01+08:00,DATA_AND_RESEARCH_EVIDENCE_ONLY,NONE
300255.SZ,CHINEXT,1,0.333304,47,46,1,0,VALID,,,2026-08-31T19:18:34+08:00,DATA_AND_RESEARCH_EVIDENCE_ONLY,NONE
300256.SZ,CHINEXT,1,0.581257,53,52,1,0,VALID,,,2026-08-31T19:22:08+08:00,DATA_AND_RESEARCH_EVIDENCE_ONLY,NONE
300257.SZ,CHINEXT,1,0.295875,36,35,1,0,VALID,,,2026-08-31T19:21:47+08:00,DATA_AND_RESEARCH_EVIDENCE_ONLY,NONE
300258.SZ,CHINEXT,1,0.289809,50,49,1,0,VALID,,,2026-08-31T19:22:31+08:00,DATA_AND_RESEARCH_EVIDENCE_ONLY,NONE
300259.SZ,CHINEXT,1,0.409577,42,41,1,0,VALID,,,2026-08-31T19:21:47+08:00,DATA_AND_RESEARCH_EVIDENCE_ONLY,NONE
300260.SZ,CHINEXT,1,0.722476,36,35,1,0,VALID,,,2026-08-31T19:22:31+08:00,DATA_AND_RESEARCH_EVIDENCE_ONLY,NONE
300261.SZ,CHINEXT,1,0.317276,39,38,1,0,VALID,,,2026-08-31T19:22:01+08:00,DATA_AND_RESEARCH_EVIDENCE_ONLY,NONE
300263.SZ,CHINEXT,1,0.388271,89,88,1,0,VALID,,,2026-08-31T19:22:02+08:00,DATA_AND_RESEARCH_EVIDENCE_ONLY,NONE
300264.SZ,CHINEXT,1,0.292905,34,33,1,0,VALID,,,2026-08-31T19:21:57+08:00,DATA_AND_RESEARCH_EVIDENCE_ONLY,NONE
300265.SZ,CHINEXT,1,0.347196,53,52,1,0,VALID,,,2026-08-31T19:22:01+08:00,DATA_AND_RESEARCH_EVIDENCE_ONLY,NONE
300266.SZ,CHINEXT,1,0.278558,57,56,1,0,VALID,,,2026-08-31T19:19:00+08:00,DATA_AND_RESEARCH_EVIDENCE_ONLY,NONE
300267.SZ,CHINEXT,1,0.380801,37,36,1,0,VALID,,,2026-08-31T19:22:02+08:00,DATA_AND_RESEARCH_EVIDENCE_ONLY,NONE
300268.SZ,CHINEXT,1,0.525874,23,22,1,0,VALID,,,2026-08-31T19:18:41+08:00,DATA_AND_RESEARCH_EVIDENCE_ONLY,NONE
300269.SZ,CHINEXT,1,0.44301,80,79,1,0,VALID,,,2026-08-31T19:19:41+08:00,DATA_AND_RESEARCH_EVIDENCE_ONLY,NONE
300270.SZ,CHINEXT,1,0.308149,46,45,1,0,VALID,,,2026-08-31T19:21:58+08:00,DATA_AND_RESEARCH_EVIDENCE_ONLY,NONE
300271.SZ,CHINEXT,1,0.369048,210,209,1,0,VALID,,,2026-08-31T19:19:01+08:00,DATA_AND_RESEARCH_EVIDENCE_ONLY,NONE
300272.SZ,CHINEXT,1,0.427169,79,78,1,0,VALID,,,2026-08-31T19:18:39+08:00,DATA_AND_RESEARCH_EVIDENCE_ONLY,NONE
300274.SZ,CHINEXT,1,0.36661,106,105,1,0,VALID,,,2026-08-31T19:18:41+08:00,DATA_AND_RESEARCH_EVIDENCE_ONLY,NONE
300275.SZ,CHINEXT,1,0.276428,68,67,1,0,VALID,,,2026-08-31T19:18:42+08:00,DATA_AND_RESEARCH_EVIDENCE_ONLY,NONE
300276.SZ,CHINEXT,1,0.357141,46,45,1,0,VALID,,,2026-08-31T19:18:48+08:00,DATA_AND_RESEARCH_EVIDENCE_ONLY,NONE
300277.SZ,CHINEXT,1,0.256974,30,29,1,0,VALID,,,2026-08-31T19:22:09+08:00,DATA_AND_RESEARCH_EVIDENCE_ONLY,NONE
300278.SZ,CHINEXT,1,0.280136,51,50,1,0,VALID,,,2026-08-31T19:22:09+08:00,DATA_AND_RESEARCH_EVIDENCE_ONLY,NONE
300279.SZ,CHINEXT,1,0.503971,47,46,1,0,VALID,,,2026-08-31T19:18:34+08:00,DATA_AND_RESEARCH_EVIDENCE_ONLY,NONE
300281.SZ,CHINEXT,1,0.31808,33,32,1,0,VALID,,,2026-08-31T19:22:59+08:00,DATA_AND_RESEARCH_EVIDENCE_ONLY,NONE
300283.SZ,CHINEXT,1,0.663012,42,41,1,0,VALID,,,2026-08-31T19:22:01+08:00,DATA_AND_RESEARCH_EVIDENCE_ONLY,NONE
300284.SZ,CHINEXT,1,0.312898,95,94,1,0,VALID,,,2026-08-31T19:21:59+08:00,DATA_AND_RESEARCH_EVIDENCE_ONLY,NONE
300285.SZ,CHINEXT,1,0.468772,46,45,1,0,VALID,,,2026-08-31T19:22:02+08:00,DATA_AND_RESEARCH_EVIDENCE_ONLY,NONE
300286.SZ,CHINEXT,1,0.30874,61,60,1,0,VALID,,,2026-08-31T19:21:48+08:00,DATA_AND_RESEARCH_EVIDENCE_ONLY,NONE
300287.SZ,CHINEXT,1,0.265669,53,52,1,0,VALID,,,2026-08-31T19:18:43+08:00,DATA_AND_RESEARCH_EVIDENCE_ONLY,NONE
300288.SZ,CHINEXT,1,0.339974,25,24,1,0,VALID,,,2026-08-31T19:19:01+08:00,DATA_AND_RESEARCH_EVIDENCE_ONLY,NONE
300289.SZ,CHINEXT,1,0.369034,50,49,1,0,VALID,,,2026-08-31T19:22:02+08:00,DATA_AND_RESEARCH_EVIDENCE_ONLY,NONE
300290.SZ,CHINEXT,1,0.631946,62,61,1,0,VALID,,,2026-08-31T19:18:43+08:00,DATA_AND_RESEARCH_EVIDENCE_ONLY,NONE
300291.SZ,CHINEXT,1,0.277788,50,48,2,0,VALID,,,2026-08-31T19:22:09+08:00,DATA_AND_RESEARCH_EVIDENCE_ONLY,NONE
300292.SZ,CHINEXT,1,0.296229,40,39,1,0,VALID,,,2026-08-31T19:21:48+08:00,DATA_AND_RESEARCH_EVIDENCE_ONLY,NONE
300293.SZ,CHINEXT,1,0.393455,15,14,1,0,VALID,,,2026-08-31T19:22:32+08:00,DATA_AND_RESEARCH_EVIDENCE_ONLY,NONE
300294.SZ,CHINEXT,1,0.296565,31,30,1,0,VALID,,,2026-08-31T19:18:33+08:00,DATA_AND_RESEARCH_EVIDENCE_ONLY,NONE
300295.SZ,CHINEXT,1,0.33697,47,46,1,0,VALID,,,2026-08-31T19:22:02+08:00,DATA_AND_RESEARCH_EVIDENCE_ONLY,NONE
300296.SZ,CHINEXT,1,0.300968,86,85,1,0,VALID,,,2026-08-31T19:22:32+08:00,DATA_AND_RESEARCH_EVIDENCE_ONLY,NONE
300298.SZ,CHINEXT,1,0.507936,75,74,1,0,VALID,,,2026-08-31T19:21:58+08:00,DATA_AND_RESEARCH_EVIDENCE_ONLY,NONE
300299.SZ,CHINEXT,1,0.372899,52,50,2,0,VALID,,,2026-08-31T19:18:39+08:00,DATA_AND_RESEARCH_EVIDENCE_ONLY,NONE
300300.SZ,CHINEXT,1,0.298562,48,47,1,0,VALID,,,2026-08-31T19:21:58+08:00,DATA_AND_RESEARCH_EVIDENCE_ONLY,NONE
300301.SZ,CHINEXT,1,0.520287,49,48,1,0,VALID,,,2026-08-31T19:22:03+08:00,DATA_AND_RESEARCH_EVIDENCE_ONLY,NONE
300302.SZ,CHINEXT,1,0.30057,62,60,2,0,VALID,,,2026-08-31T19:22:33+08:00,DATA_AND_RESEARCH_EVIDENCE_ONLY,NONE
300303.SZ,CHINEXT,1,0.541745,92,91,1,0,VALID,,,2026-08-31T19:18:35+08:00,DATA_AND_RESEARCH_EVIDENCE_ONLY,NONE
300304.SZ,CHINEXT,1,0.272802,42,41,1,0,VALID,,,2026-08-31T19:19:02+08:00,DATA_AND_RESEARCH_EVIDENCE_ONLY,NONE
300305.SZ,CHINEXT,1,0.312296,39,38,1,0,VALID,,,2026-08-31T19:18:34+08:00,DATA_AND_RESEARCH_EVIDENCE_ONLY,NONE
300306.SZ,CHINEXT,1,0.427451,35,34,1,0,VALID,,,2026-08-31T19:18:40+08:00,DATA_AND_RESEARCH_EVIDENCE_ONLY,NONE
300307.SZ,CHINEXT,1,0.450986,24,23,1,0,VALID,,,2026-08-31T19:18:34+08:00,DATA_AND_RESEARCH_EVIDENCE_ONLY,NONE
300308.SZ,CHINEXT,1,0.436246,79,78,1,1,VALID,,,2026-08-31T19:18:40+08:00,DATA_AND_RESEARCH_EVIDENCE_ONLY,NONE
300310.SZ,CHINEXT,1,0.348958,35,34,1,0,VALID,,,2026-08-31T19:18:48+08:00,DATA_AND_RESEARCH_EVIDENCE_ONLY,NONE
300311.SZ,CHINEXT,1,0.296302,55,54,1,0,VALID,,,2026-08-31T19:18:34+08:00,DATA_AND_RESEARCH_EVIDENCE_ONLY,NONE
300313.SZ,CHINEXT,1,0.296683,31,30,1,0,VALID,,,2026-08-31T19:19:02+08:00,DATA_AND_RESEARCH_EVIDENCE_ONLY,NONE
300314.SZ,CHINEXT,1,0.272767,20,19,1,0,VALID,,,2026-08-31T19:18:44+08:00,DATA_AND_RESEARCH_EVIDENCE_ONLY,NONE
300315.SZ,CHINEXT,1,0.275498,70,69,1,0,VALID,,,2026-08-31T19:18:49+08:00,DATA_AND_RESEARCH_EVIDENCE_ONLY,NONE
300316.SZ,CHINEXT,1,0.315782,63,62,1,0,VALID,,,2026-08-31T19:22:03+08:00,DATA_AND_RESEARCH_EVIDENCE_ONLY,NONE
300317.SZ,CHINEXT,1,0.40467,50,49,1,0,VALID,,,2026-08-31T19:21:59+08:00,DATA_AND_RESEARCH_EVIDENCE_ONLY,NONE
300318.SZ,CHINEXT,1,0.620917,46,44,2,0,VALID,,,2026-08-31T19:18:49+08:00,DATA_AND_RESEARCH_EVIDENCE_ONLY,NONE
300319.SZ,CHINEXT,1,0.393953,86,85,1,0,VALID,,,2026-08-31T19:22:03+08:00,DATA_AND_RESEARCH_EVIDENCE_ONLY,NONE
300320.SZ,CHINEXT,1,0.297392,36,35,1,0,VALID,,,2026-08-31T19:21:59+08:00,DATA_AND_RESEARCH_EVIDENCE_ONLY,NONE
300321.SZ,CHINEXT,1,0.340948,20,19,1,0,VALID,,,2026-08-31T19:18:42+08:00,DATA_AND_RESEARCH_EVIDENCE_ONLY,NONE
300322.SZ,CHINEXT,1,0.562244,48,47,1,0,VALID,,,2026-08-31T19:23:00+08:00,DATA_AND_RESEARCH_EVIDENCE_ONLY,NONE
300323.SZ,CHINEXT,1,0.293287,52,51,1,0,VALID,,,2026-08-31T19:21:59+08:00,DATA_AND_RESEARCH_EVIDENCE_ONLY,NONE
300324.SZ,CHINEXT,1,0.276379,73,72,1,0,VALID,,,2026-08-31T19:22:09+08:00,DATA_AND_RESEARCH_EVIDENCE_ONLY,NONE
300326.SZ,CHINEXT,1,0.740145,116,115,1,0,VALID,,,2026-08-31T19:23:00+08:00,DATA_AND_RESEARCH_EVIDENCE_ONLY,NONE
300327.SZ,CHINEXT,1,0.333535,69,68,1,0,VALID,,,2026-08-31T19:22:03+08:00,DATA_AND_RESEARCH_EVIDENCE_ONLY,NONE
300328.SZ,CHINEXT,1,0.368458,55,54,1,0,VALID,,,2026-08-31T19:22:03+08:00,DATA_AND_RESEARCH_EVIDENCE_ONLY,NONE
300329.SZ,CHINEXT,1,0.344972,26,25,1,0,VALID,,,2026-08-31T19:18:42+08:00,DATA_AND_RESEARCH_EVIDENCE_ONLY,NONE
300331.SZ,CHINEXT,1,0.471697,31,30,1,0,VALID,,,2026-08-31T19:18:35+08:00,DATA_AND_RESEARCH_EVIDENCE_ONLY,NONE
300332.SZ,CHINEXT,1,0.314509,78,77,1,0,VALID,,,2026-08-31T19:18:36+08:00,DATA_AND_RESEARCH_EVIDENCE_ONLY,NONE
300333.SZ,CHINEXT,1,0.298484,15,14,1,0,VALID,,,2026-08-31T19:18:35+08:00,DATA_AND_RESEARCH_EVIDENCE_ONLY,NONE
300334.SZ,CHINEXT,1,0.744752,30,29,1,0,VALID,,,2026-08-31T19:18:35+08:00,DATA_AND_RESEARCH_EVIDENCE_ONLY,NONE
300335.SZ,CHINEXT,1,0.335509,135,134,1,0,VALID,,,2026-08-31T19:22:33+08:00,DATA_AND_RESEARCH_EVIDENCE_ONLY,NONE
300337.SZ,CHINEXT,1,0.296309,26,25,1,0,VALID,,,2026-08-31T19:21:59+08:00,DATA_AND_RESEARCH_EVIDENCE_ONLY,NONE
300338.SZ,CHINEXT,1,0.300417,60,59,1,0,VALID,,,2026-08-31T19:21:59+08:00,DATA_AND_RESEARCH_EVIDENCE_ONLY,NONE
300339.SZ,CHINEXT,1,0.395093,50,49,1,0,VALID,,,2026-08-31T19:18:50+08:00,DATA_AND_RESEARCH_EVIDENCE_ONLY,NONE
300340.SZ,CHINEXT,1,0.27204,49,48,1,0,VALID,,,2026-08-31T19:18:41+08:00,DATA_AND_RESEARCH_EVIDENCE_ONLY,NONE
300341.SZ,CHINEXT,1,0.276278,39,38,1,0,VALID,,,2026-08-31T19:19:41+08:00,DATA_AND_RESEARCH_EVIDENCE_ONLY,NONE
300342.SZ,CHINEXT,1,0.370437,41,40,1,0,VALID,,,2026-08-31T19:18:36+08:00,DATA_AND_RESEARCH_EVIDENCE_ONLY,NONE
300343.SZ,CHINEXT,1,0.308321,64,63,1,0,VALID,,,2026-08-31T19:22:00+08:00,DATA_AND_RESEARCH_EVIDENCE_ONLY,NONE
300345.SZ,CHINEXT,1,0.724779,36,35,1,0,VALID,,,2026-08-31T19:18:36+08:00,DATA_AND_RESEARCH_EVIDENCE_ONLY,NONE
300346.SZ,CHINEXT,1,0.479354,58,57,1,0,VALID,,,2026-08-31T19:19:42+08:00,DATA_AND_RESEARCH_EVIDENCE_ONLY,NONE
300347.SZ,CHINEXT,1,0.43918,70,69,1,0,VALID,,,2026-08-31T19:19:42+08:00,DATA_AND_RESEARCH_EVIDENCE_ONLY,NONE
300348.SZ,CHINEXT,1,0.70338,100,99,1,0,VALID,,,2026-08-31T19:23:01+08:00,DATA_AND_RESEARCH_EVIDENCE_ONLY,NONE
300349.SZ,CHINEXT,1,0.470429,55,54,1,0,VALID,,,2026-08-31T19:18:37+08:00,DATA_AND_RESEARCH_EVIDENCE_ONLY,NONE
300350.SZ,CHINEXT,1,0.367767,38,37,1,0,VALID,,,2026-08-31T19:22:04+08:00,DATA_AND_RESEARCH_EVIDENCE_ONLY,NONE
300351.SZ,CHINEXT,1,0.382513,41,40,1,0,VALID,,,2026-08-31T19:21:59+08:00,DATA_AND_RESEARCH_EVIDENCE_ONLY,NONE
300352.SZ,CHINEXT,1,0.29423,31,30,1,0,VALID,,,2026-08-31T19:22:00+08:00,DATA_AND_RESEARCH_EVIDENCE_ONLY,NONE
300353.SZ,CHINEXT,1,0.299291,58,58,0,0,VALID,,,2026-08-31T19:18:36+08:00,DATA_AND_RESEARCH_EVIDENCE_ONLY,NONE
300354.SZ,CHINEXT,1,0.33751,34,33,1,0,VALID,,,2026-08-31T19:19:43+08:00,DATA_AND_RESEARCH_EVIDENCE_ONLY,NONE
300355.SZ,CHINEXT,1,0.337137,45,44,1,0,VALID,,,2026-08-31T19:22:10+08:00,DATA_AND_RESEARCH_EVIDENCE_ONLY,NONE
300357.SZ,CHINEXT,1,0.463703,25,24,1,0,VALID,,,2026-08-31T19:22:33+08:00,DATA_AND_RESEARCH_EVIDENCE_ONLY,NONE
300358.SZ,CHINEXT,1,0.33049,72,71,1,0,VALID,,,2026-08-31T19:22:00+08:00,DATA_AND_RESEARCH_EVIDENCE_ONLY,NONE
300359.SZ,CHINEXT,1,0.306721,44,43,1,0,VALID,,,2026-08-31T19:18:37+08:00,DATA_AND_RESEARCH_EVIDENCE_ONLY,NONE
300360.SZ,CHINEXT,1,0.472634,55,54,1,0,VALID,,,2026-08-31T19:18:42+08:00,DATA_AND_RESEARCH_EVIDENCE_ONLY,NONE
300363.SZ,CHINEXT,1,0.536925,87,86,1,0,VALID,,,2026-08-31T19:18:37+08:00,DATA_AND_RESEARCH_EVIDENCE_ONLY,NONE
300364.SZ,CHINEXT,1,0.352294,48,47,1,0,VALID,,,2026-08-31T19:22:04+08:00,DATA_AND_RESEARCH_EVIDENCE_ONLY,NONE
300365.SZ,CHINEXT,1,0.881481,40,39,1,0,VALID,,,2026-08-31T19:23:02+08:00,DATA_AND_RESEARCH_EVIDENCE_ONLY,NONE
300366.SZ,CHINEXT,1,0.367635,51,50,1,0,VALID,,,2026-08-31T19:22:04+08:00,DATA_AND_RESEARCH_EVIDENCE_ONLY,NONE
300368.SZ,CHINEXT,1,0.302385,44,43,1,0,VALID,,,2026-08-31T19:22:34+08:00,DATA_AND_RESEARCH_EVIDENCE_ONLY,NONE
300369.SZ,CHINEXT,1,0.305615,201,200,1,0,VALID,,,2026-08-31T19:18:41+08:00,DATA_AND_RESEARCH_EVIDENCE_ONLY,NONE
300370.SZ,CHINEXT,1,0.365632,63,62,1,0,VALID,,,2026-08-31T19:22:05+08:00,DATA_AND_RESEARCH_EVIDENCE_ONLY,NONE
300371.SZ,CHINEXT,1,0.367402,38,37,1,0,VALID,,,2026-08-31T19:23:03+08:00,DATA_AND_RESEARCH_EVIDENCE_ONLY,NONE
300373.SZ,CHINEXT,1,0.314995,50,49,1,0,VALID,,,2026-08-31T19:22:00+08:00,DATA_AND_RESEARCH_EVIDENCE_ONLY,NONE
300374.SZ,CHINEXT,1,0.458155,26,25,1,0,VALID,,,2026-08-31T19:22:05+08:00,DATA_AND_RESEARCH_EVIDENCE_ONLY,NONE
300375.SZ,CHINEXT,1,0.39597,61,60,1,0,VALID,,,2026-08-31T19:18:50+08:00,DATA_AND_RESEARCH_EVIDENCE_ONLY,NONE
300376.SZ,CHINEXT,1,0.296792,48,47,1,0,VALID,,,2026-08-31T19:21:48+08:00,DATA_AND_RESEARCH_EVIDENCE_ONLY,NONE
300377.SZ,CHINEXT,1,0.272026,60,59,1,0,VALID,,,2026-08-31T19:22:10+08:00,DATA_AND_RESEARCH_EVIDENCE_ONLY,NONE
300378.SZ,CHINEXT,1,0.496061,49,48,1,0,VALID,,,2026-08-31T19:22:34+08:00,DATA_AND_RESEARCH_EVIDENCE_ONLY,NONE
300380.SZ,CHINEXT,1,0.51479,31,30,1,0,VALID,,,2026-08-31T19:23:03+08:00,DATA_AND_RESEARCH_EVIDENCE_ONLY,NONE
300381.SZ,CHINEXT,1,0.359765,61,60,1,0,VALID,,,2026-08-31T19:18:43+08:00,DATA_AND_RESEARCH_EVIDENCE_ONLY,NONE
300382.SZ,CHINEXT,1,0.331761,138,136,2,0,VALID,,,2026-08-31T19:22:01+08:00,DATA_AND_RESEARCH_EVIDENCE_ONLY,NONE
300383.SZ,CHINEXT,1,0.291803,51,50,1,0,VALID,,,2026-08-31T19:22:35+08:00,DATA_AND_RESEARCH_EVIDENCE_ONLY,NONE
300384.SZ,CHINEXT,1,0.300873,38,37,1,0,VALID,,,2026-08-31T19:22:01+08:00,DATA_AND_RESEARCH_EVIDENCE_ONLY,NONE
300385.SZ,CHINEXT,1,0.311278,24,23,1,0,VALID,,,2026-08-31T19:22:01+08:00,DATA_AND_RESEARCH_EVIDENCE_ONLY,NONE
300386.SZ,CHINEXT,1,0.264719,32,31,1,0,VALID,,,2026-08-31T19:19:02+08:00,DATA_AND_RESEARCH_EVIDENCE_ONLY,NONE
300387.SZ,CHINEXT,1,0.27578,36,35,1,0,VALID,,,2026-08-31T19:18:37+08:00,DATA_AND_RESEARCH_EVIDENCE_ONLY,NONE
300388.SZ,CHINEXT,1,0.82644,70,68,2,0,VALID,,,2026-08-31T19:23:04+08:00,DATA_AND_RESEARCH_EVIDENCE_ONLY,NONE
300389.SZ,CHINEXT,1,0.320326,57,56,1,0,VALID,,,2026-08-31T19:22:02+08:00,DATA_AND_RESEARCH_EVIDENCE_ONLY,NONE
300390.SZ,CHINEXT,1,0.274138,49,47,2,0,VALID,,,2026-08-31T19:18:44+08:00,DATA_AND_RESEARCH_EVIDENCE_ONLY,NONE
300393.SZ,CHINEXT,1,0.304118,45,44,1,0,VALID,,,2026-08-31T19:22:00+08:00,DATA_AND_RESEARCH_EVIDENCE_ONLY,NONE
300394.SZ,CHINEXT,1,0.665926,46,45,1,0,VALID,,,2026-08-31T19:22:10+08:00,DATA_AND_RESEARCH_EVIDENCE_ONLY,NONE
300395.SZ,CHINEXT,1,0.305701,70,69,1,0,VALID,,,2026-08-31T19:18:37+08:00,DATA_AND_RESEARCH_EVIDENCE_ONLY,NONE
300396.SZ,CHINEXT,1,0.293307,45,44,1,0,VALID,,,2026-08-31T19:18:38+08:00,DATA_AND_RESEARCH_EVIDENCE_ONLY,NONE
300397.SZ,CHINEXT,1,0.300006,29,28,1,0,VALID,,,2026-08-31T19:22:00+08:00,DATA_AND_RESEARCH_EVIDENCE_ONLY,NONE
300398.SZ,CHINEXT,1,0.300454,71,70,1,0,VALID,,,2026-08-31T19:22:01+08:00,DATA_AND_RESEARCH_EVIDENCE_ONLY,NONE
300399.SZ,CHINEXT,1,0.436829,18,17,1,0,VALID,,,2026-08-31T19:22:05+08:00,DATA_AND_RESEARCH_EVIDENCE_ONLY,NONE
300400.SZ,CHINEXT,1,0.341915,44,43,1,0,VALID,,,2026-08-31T19:19:43+08:00,DATA_AND_RESEARCH_EVIDENCE_ONLY,NONE
300401.SZ,CHINEXT,1,0.552984,38,37,1,0,VALID,,,2026-08-31T19:23:04+08:00,DATA_AND_RESEARCH_EVIDENCE_ONLY,NONE
300402.SZ,CHINEXT,1,0.368344,10,9,1,0,VALID,,,2026-08-31T19:18:43+08:00,DATA_AND_RESEARCH_EVIDENCE_ONLY,NONE
300403.SZ,CHINEXT,1,0.423255,24,23,1,0,VALID,,,2026-08-31T19:18:43+08:00,DATA_AND_RESEARCH_EVIDENCE_ONLY,NONE
300404.SZ,CHINEXT,1,0.345366,65,64,1,0,VALID,,,2026-08-31T19:18:44+08:00,DATA_AND_RESEARCH_EVIDENCE_ONLY,NONE
300405.SZ,CHINEXT,1,0.295164,35,34,1,0,VALID,,,2026-08-31T19:22:35+08:00,DATA_AND_RESEARCH_EVIDENCE_ONLY,NONE
300406.SZ,CHINEXT,1,0.327292,77,75,2,0,VALID,,,2026-08-31T19:18:44+08:00,DATA_AND_RESEARCH_EVIDENCE_ONLY,NONE
300407.SZ,CHINEXT,1,0.311576,55,54,1,0,VALID,,,2026-08-31T19:18:38+08:00,DATA_AND_RESEARCH_EVIDENCE_ONLY,NONE
300408.SZ,CHINEXT,1,0.35873,55,54,1,0,VALID,,,2026-08-31T19:18:44+08:00,DATA_AND_RESEARCH_EVIDENCE_ONLY,NONE
300409.SZ,CHINEXT,1,0.267459,103,102,1,0,VALID,,,2026-08-31T19:19:43+08:00,DATA_AND_RESEARCH_EVIDENCE_ONLY,NONE
300410.SZ,CHINEXT,1,0.274272,49,48,1,0,VALID,,,2026-08-31T19:18:41+08:00,DATA_AND_RESEARCH_EVIDENCE_ONLY,NONE
300411.SZ,CHINEXT,1,0.305508,30,29,1,0,VALID,,,2026-08-31T19:18:38+08:00,DATA_AND_RESEARCH_EVIDENCE_ONLY,NONE
300412.SZ,CHINEXT,1,0.365405,30,29,1,0,VALID,,,2026-08-31T19:18:38+08:00,DATA_AND_RESEARCH_EVIDENCE_ONLY,NONE
300413.SZ,CHINEXT,1,0.274287,18,17,1,0,VALID,,,2026-08-31T19:19:02+08:00,DATA_AND_RESEARCH_EVIDENCE_ONLY,NONE
300414.SZ,CHINEXT,1,0.309563,32,31,1,0,VALID,,,2026-08-31T19:22:01+08:00,DATA_AND_RESEARCH_EVIDENCE_ONLY,NONE
300415.SZ,CHINEXT,1,0.363103,44,43,1,0,VALID,,,2026-08-31T19:18:45+08:00,DATA_AND_RESEARCH_EVIDENCE_ONLY,NONE
300416.SZ,CHINEXT,1,0.281419,38,37,1,0,VALID,,,2026-08-31T19:19:44+08:00,DATA_AND_RESEARCH_EVIDENCE_ONLY,NONE
300417.SZ,CHINEXT,1,0.488118,31,30,1,0,VALID,,,2026-08-31T19:18:39+08:00,DATA_AND_RESEARCH_EVIDENCE_ONLY,NONE
300418.SZ,CHINEXT,1,0.743139,63,62,1,0,VALID,,,2026-08-31T19:22:35+08:00,DATA_AND_RESEARCH_EVIDENCE_ONLY,NONE
300419.SZ,CHINEXT,1,0.697045,21,20,1,0,VALID,,,2026-08-31T19:18:45+08:00,DATA_AND_RESEARCH_EVIDENCE_ONLY,NONE
300420.SZ,CHINEXT,1,0.319128,46,45,1,0,VALID,,,2026-08-31T19:22:06+08:00,DATA_AND_RESEARCH_EVIDENCE_ONLY,NONE
300421.SZ,CHINEXT,1,0.303486,32,31,1,0,VALID,,,2026-08-31T19:18:39+08:00,DATA_AND_RESEARCH_EVIDENCE_ONLY,NONE
300422.SZ,CHINEXT,1,0.266161,49,48,1,0,VALID,,,2026-08-31T19:18:44+08:00,DATA_AND_RESEARCH_EVIDENCE_ONLY,NONE
300423.SZ,CHINEXT,1,0.38028,52,51,1,0,VALID,,,2026-08-31T19:18:51+08:00,DATA_AND_RESEARCH_EVIDENCE_ONLY,NONE
300424.SZ,CHINEXT,1,0.38155,54,53,1,0,VALID,,,2026-08-31T19:22:04+08:00,DATA_AND_RESEARCH_EVIDENCE_ONLY,NONE
300425.SZ,CHINEXT,1,0.326964,54,53,1,0,VALID,,,2026-08-31T19:22:06+08:00,DATA_AND_RESEARCH_EVIDENCE_ONLY,NONE
300426.SZ,CHINEXT,1,0.386406,38,37,1,0,VALID,,,2026-08-31T19:23:05+08:00,DATA_AND_RESEARCH_EVIDENCE_ONLY,NONE
300427.SZ,CHINEXT,1,0.369584,66,65,1,0,VALID,,,2026-08-31T19:23:05+08:00,DATA_AND_RESEARCH_EVIDENCE_ONLY,NONE
300428.SZ,CHINEXT,1,0.308918,46,45,1,0,VALID,,,2026-08-31T19:21:49+08:00,DATA_AND_RESEARCH_EVIDENCE_ONLY,NONE
300429.SZ,CHINEXT,1,0.309456,50,49,1,0,VALID,,,2026-08-31T19:21:49+08:00,DATA_AND_RESEARCH_EVIDENCE_ONLY,NONE
300430.SZ,CHINEXT,1,0.290733,42,41,1,0,VALID,,,2026-08-31T19:22:36+08:00,DATA_AND_RESEARCH_EVIDENCE_ONLY,NONE
300432.SZ,CHINEXT,1,0.303874,54,53,1,0,VALID,,,2026-08-31T19:21:49+08:00,DATA_AND_RESEARCH_EVIDENCE_ONLY,NONE
300433.SZ,CHINEXT,1,0.408571,127,126,1,0,VALID,,,2026-08-31T19:18:46+08:00,DATA_AND_RESEARCH_EVIDENCE_ONLY,NONE
300434.SZ,CHINEXT,1,0.338472,26,25,1,0,VALID,,,2026-08-31T19:19:44+08:00,DATA_AND_RESEARCH_EVIDENCE_ONLY,NONE
300435.SZ,CHINEXT,1,0.301351,69,68,1,0,VALID,,,2026-08-31T19:22:36+08:00,DATA_AND_RESEARCH_EVIDENCE_ONLY,NONE
300436.SZ,CHINEXT,1,0.263333,29,28,1,0,VALID,,,2026-08-31T19:18:45+08:00,DATA_AND_RESEARCH_EVIDENCE_ONLY,NONE
300437.SZ,CHINEXT,1,0.30192,33,32,1,0,VALID,,,2026-08-31T19:18:39+08:00,DATA_AND_RESEARCH_EVIDENCE_ONLY,NONE
300438.SZ,CHINEXT,1,0.288083,56,55,1,0,VALID,,,2026-08-31T19:18:38+08:00,DATA_AND_RESEARCH_EVIDENCE_ONLY,NONE
300439.SZ,CHINEXT,1,0.289139,41,40,1,0,VALID,,,2026-08-31T19:18:41+08:00,DATA_AND_RESEARCH_EVIDENCE_ONLY,NONE
300440.SZ,CHINEXT,1,0.35182,43,42,1,0,VALID,,,2026-08-31T19:18:46+08:00,DATA_AND_RESEARCH_EVIDENCE_ONLY,NONE
300441.SZ,CHINEXT,1,0.43637,38,37,1,0,VALID,,,2026-08-31T19:22:05+08:00,DATA_AND_RESEARCH_EVIDENCE_ONLY,NONE
300442.SZ,CHINEXT,1,0.361253,25,24,1,0,VALID,,,2026-08-31T19:18:47+08:00,DATA_AND_RESEARCH_EVIDENCE_ONLY,NONE
300443.SZ,CHINEXT,1,0.746907,22,21,1,0,VALID,,,2026-08-31T19:23:06+08:00,DATA_AND_RESEARCH_EVIDENCE_ONLY,NONE
300444.SZ,CHINEXT,1,0.321326,47,47,0,0,VALID,,,2026-08-31T19:22:02+08:00,DATA_AND_RESEARCH_EVIDENCE_ONLY,NONE
300445.SZ,CHINEXT,1,0.292418,32,31,1,0,VALID,,,2026-08-31T19:18:40+08:00,DATA_AND_RESEARCH_EVIDENCE_ONLY,NONE
300446.SZ,CHINEXT,1,0.390719,27,26,1,1,VALID,,,2026-08-31T19:18:42+08:00,DATA_AND_RESEARCH_EVIDENCE_ONLY,NONE
300447.SZ,CHINEXT,1,0.301305,47,46,1,0,VALID,,,2026-08-31T19:22:01+08:00,DATA_AND_RESEARCH_EVIDENCE_ONLY,NONE
300448.SZ,CHINEXT,1,0.30444,62,61,1,0,VALID,,,2026-08-31T19:22:02+08:00,DATA_AND_RESEARCH_EVIDENCE_ONLY,NONE
300449.SZ,CHINEXT,1,0.298533,50,49,1,0,VALID,,,2026-08-31T19:22:02+08:00,DATA_AND_RESEARCH_EVIDENCE_ONLY,NONE
300450.SZ,CHINEXT,1,0.322267,57,56,1,0,VALID,,,2026-08-31T19:22:07+08:00,DATA_AND_RESEARCH_EVIDENCE_ONLY,NONE
300451.SZ,CHINEXT,1,0.735876,68,67,1,0,VALID,,,2026-08-31T19:23:07+08:00,DATA_AND_RESEARCH_EVIDENCE_ONLY,NONE
300452.SZ,CHINEXT,1,0.272477,48,47,1,0,VALID,,,2026-08-31T19:18:42+08:00,DATA_AND_RESEARCH_EVIDENCE_ONLY,NONE
300453.SZ,CHINEXT,1,0.289241,51,50,1,1,VALID,,,2026-08-31T19:19:03+08:00,DATA_AND_RESEARCH_EVIDENCE_ONLY,NONE
300454.SZ,CHINEXT,1,0.276197,61,60,1,0,VALID,,,2026-08-31T19:19:03+08:00,DATA_AND_RESEARCH_EVIDENCE_ONLY,NONE
300455.SZ,CHINEXT,1,0.277023,27,26,1,0,VALID,,,2026-08-31T19:18:45+08:00,DATA_AND_RESEARCH_EVIDENCE_ONLY,NONE
300456.SZ,CHINEXT,1,0.271495,55,54,1,0,VALID,,,2026-08-31T19:18:42+08:00,DATA_AND_RESEARCH_EVIDENCE_ONLY,NONE
300457.SZ,CHINEXT,1,0.310024,67,66,1,0,VALID,,,2026-08-31T19:18:51+08:00,DATA_AND_RESEARCH_EVIDENCE_ONLY,NONE
300458.SZ,CHINEXT,1,0.304378,63,62,1,0,VALID,,,2026-08-31T19:22:02+08:00,DATA_AND_RESEARCH_EVIDENCE_ONLY,NONE
300459.SZ,CHINEXT,1,0.410167,39,38,1,0,VALID,,,2026-08-31T19:18:43+08:00,DATA_AND_RESEARCH_EVIDENCE_ONLY,NONE
300460.SZ,CHINEXT,1,0.335118,13,12,1,0,VALID,,,2026-08-31T19:22:11+08:00,DATA_AND_RESEARCH_EVIDENCE_ONLY,NONE
300461.SZ,CHINEXT,1,0.304343,32,31,1,0,VALID,,,2026-08-31T19:22:03+08:00,DATA_AND_RESEARCH_EVIDENCE_ONLY,NONE
300462.SZ,CHINEXT,1,0.274746,25,24,1,0,VALID,,,2026-08-31T19:22:11+08:00,DATA_AND_RESEARCH_EVIDENCE_ONLY,NONE
300463.SZ,CHINEXT,1,0.311449,47,46,1,0,VALID,,,2026-08-31T19:19:44+08:00,DATA_AND_RESEARCH_EVIDENCE_ONLY,NONE
300464.SZ,CHINEXT,1,0.30549,49,48,1,0,VALID,,,2026-08-31T19:21:50+08:00,DATA_AND_RESEARCH_EVIDENCE_ONLY,NONE
300465.SZ,CHINEXT,1,0.275289,22,21,1,0,VALID,,,2026-08-31T19:18:38+08:00,DATA_AND_RESEARCH_EVIDENCE_ONLY,NONE
300466.SZ,CHINEXT,1,0.392634,20,19,1,0,VALID,,,2026-08-31T19:18:51+08:00,DATA_AND_RESEARCH_EVIDENCE_ONLY,NONE
300467.SZ,CHINEXT,1,0.299334,47,46,1,0,VALID,,,2026-08-31T19:22:03+08:00,DATA_AND_RESEARCH_EVIDENCE_ONLY,NONE
300468.SZ,CHINEXT,1,0.435512,46,45,1,0,VALID,,,2026-08-31T19:18:40+08:00,DATA_AND_RESEARCH_EVIDENCE_ONLY,NONE
300469.SZ,CHINEXT,1,0.377732,25,24,1,0,VALID,,,2026-08-31T19:18:52+08:00,DATA_AND_RESEARCH_EVIDENCE_ONLY,NONE
300470.SZ,CHINEXT,1,0.853145,30,29,1,0,VALID,,,2026-08-31T19:23:07+08:00,DATA_AND_RESEARCH_EVIDENCE_ONLY,NONE
300471.SZ,CHINEXT,1,0.662177,47,46,1,0,VALID,,,2026-08-31T19:23:08+08:00,DATA_AND_RESEARCH_EVIDENCE_ONLY,NONE
300472.SZ,CHINEXT,1,0.437671,49,48,1,0,VALID,,,2026-08-31T19:18:39+08:00,DATA_AND_RESEARCH_EVIDENCE_ONLY,NONE
300473.SZ,CHINEXT,1,0.30018,51,50,1,0,VALID,,,2026-08-31T19:18:52+08:00,DATA_AND_RESEARCH_EVIDENCE_ONLY,NONE
300474.SZ,CHINEXT,1,0.322948,59,58,1,0,VALID,,,2026-08-31T19:23:09+08:00,DATA_AND_RESEARCH_EVIDENCE_ONLY,NONE
300475.SZ,CHINEXT,1,0.327385,20,19,1,0,VALID,,,2026-08-31T19:21:50+08:00,DATA_AND_RESEARCH_EVIDENCE_ONLY,NONE
300476.SZ,CHINEXT,1,0.305718,52,51,1,0,VALID,,,2026-08-31T19:21:50+08:00,DATA_AND_RESEARCH_EVIDENCE_ONLY,NONE
300477.SZ,CHINEXT,1,0.520337,50,49,1,0,VALID,,,2026-08-31T19:22:37+08:00,DATA_AND_RESEARCH_EVIDENCE_ONLY,NONE
300478.SZ,CHINEXT,1,0.339327,19,18,1,0,VALID,,,2026-08-31T19:22:12+08:00,DATA_AND_RESEARCH_EVIDENCE_ONLY,NONE
300479.SZ,CHINEXT,1,0.274397,19,18,1,0,VALID,,,2026-08-31T19:19:45+08:00,DATA_AND_RESEARCH_EVIDENCE_ONLY,NONE
300480.SZ,CHINEXT,1,0.945274,60,59,1,0,VALID,,,2026-08-31T19:22:37+08:00,DATA_AND_RESEARCH_EVIDENCE_ONLY,NONE
300481.SZ,CHINEXT,1,0.286035,40,39,1,0,VALID,,,2026-08-31T19:19:03+08:00,DATA_AND_RESEARCH_EVIDENCE_ONLY,NONE
300482.SZ,CHINEXT,1,0.34362,76,75,1,0,VALID,,,2026-08-31T19:22:12+08:00,DATA_AND_RESEARCH_EVIDENCE_ONLY,NONE
300483.SZ,CHINEXT,1,0.381403,51,49,2,0,VALID,,,2026-08-31T19:18:52+08:00,DATA_AND_RESEARCH_EVIDENCE_ONLY,NONE
300484.SZ,CHINEXT,1,0.33704,29,28,1,0,VALID,,,2026-08-31T19:22:07+08:00,DATA_AND_RESEARCH_EVIDENCE_ONLY,NONE
300485.SZ,CHINEXT,1,0.268555,19,18,1,0,VALID,,,2026-08-31T19:19:04+08:00,DATA_AND_RESEARCH_EVIDENCE_ONLY,NONE
300486.SZ,CHINEXT,1,0.300687,45,44,1,0,VALID,,,2026-08-31T19:21:51+08:00,DATA_AND_RESEARCH_EVIDENCE_ONLY,NONE
300487.SZ,CHINEXT,1,0.300557,72,71,1,0,VALID,,,2026-08-31T19:18:53+08:00,DATA_AND_RESEARCH_EVIDENCE_ONLY,NONE
300488.SZ,CHINEXT,1,0.289197,40,39,1,0,VALID,,,2026-08-31T19:22:38+08:00,DATA_AND_RESEARCH_EVIDENCE_ONLY,NONE
300489.SZ,CHINEXT,1,0.303526,27,26,1,0,VALID,,,2026-08-31T19:18:53+08:00,DATA_AND_RESEARCH_EVIDENCE_ONLY,NONE
300490.SZ,CHINEXT,1,0.357903,57,56,1,0,VALID,,,2026-08-31T19:21:51+08:00,DATA_AND_RESEARCH_EVIDENCE_ONLY,NONE
300491.SZ,CHINEXT,1,0.311326,48,47,1,0,VALID,,,2026-08-31T19:18:40+08:00,DATA_AND_RESEARCH_EVIDENCE_ONLY,NONE
300492.SZ,CHINEXT,1,0.403767,17,16,1,0,VALID,,,2026-08-31T19:21:51+08:00,DATA_AND_RESEARCH_EVIDENCE_ONLY,NONE
300493.SZ,CHINEXT,1,0.883963,21,20,1,0,VALID,,,2026-08-31T19:22:38+08:00,DATA_AND_RESEARCH_EVIDENCE_ONLY,NONE
300494.SZ,CHINEXT,1,0.765955,27,26,1,0,VALID,,,2026-08-31T19:18:47+08:00,DATA_AND_RESEARCH_EVIDENCE_ONLY,NONE
300496.SZ,CHINEXT,1,0.390412,75,74,1,0,VALID,,,2026-08-31T19:22:07+08:00,DATA_AND_RESEARCH_EVIDENCE_ONLY,NONE
300497.SZ,CHINEXT,1,0.289974,46,45,1,0,VALID,,,2026-08-31T19:22:03+08:00,DATA_AND_RESEARCH_EVIDENCE_ONLY,NONE
300498.SZ,CHINEXT,1,0.285121,106,94,12,0,VALID,,,2026-08-31T19:22:12+08:00,DATA_AND_RESEARCH_EVIDENCE_ONLY,NONE
300499.SZ,CHINEXT,1,0.367474,50,49,1,0,VALID,,,2026-08-31T19:18:39+08:00,DATA_AND_RESEARCH_EVIDENCE_ONLY,NONE
300500.SZ,CHINEXT,1,0.358947,31,30,1,0,VALID,,,2026-08-31T19:22:08+08:00,DATA_AND_RESEARCH_EVIDENCE_ONLY,NONE
300501.SZ,CHINEXT,1,0.350406,41,40,1,0,VALID,,,2026-08-31T19:22:05+08:00,DATA_AND_RESEARCH_EVIDENCE_ONLY,NONE
300502.SZ,CHINEXT,1,0.314792,56,55,1,0,VALID,,,2026-08-31T19:22:08+08:00,DATA_AND_RESEARCH_EVIDENCE_ONLY,NONE
300503.SZ,CHINEXT,1,0.306316,38,37,1,0,VALID,,,2026-08-31T19:22:02+08:00,DATA_AND_RESEARCH_EVIDENCE_ONLY,NONE
300504.SZ,CHINEXT,1,0.362549,28,26,2,0,VALID,,,2026-08-31T19:22:05+08:00,DATA_AND_RESEARCH_EVIDENCE_ONLY,NONE
300505.SZ,CHINEXT,1,0.355352,28,27,1,0,VALID,,,2026-08-31T19:23:09+08:00,DATA_AND_RESEARCH_EVIDENCE_ONLY,NONE
300506.SZ,CHINEXT,1,0.31961,33,32,1,0,VALID,,,2026-08-31T19:22:04+08:00,DATA_AND_RESEARCH_EVIDENCE_ONLY,NONE
300507.SZ,CHINEXT,1,0.269325,47,46,1,0,VALID,,,2026-08-31T19:18:45+08:00,DATA_AND_RESEARCH_EVIDENCE_ONLY,NONE
300508.SZ,CHINEXT,1,0.308253,31,30,1,0,VALID,,,2026-08-31T19:22:03+08:00,DATA_AND_RESEARCH_EVIDENCE_ONLY,NONE
300509.SZ,CHINEXT,1,0.288185,15,14,1,0,VALID,,,2026-08-31T19:22:39+08:00,DATA_AND_RESEARCH_EVIDENCE_ONLY,NONE
300510.SZ,CHINEXT,1,0.267622,28,27,1,0,VALID,,,2026-08-31T19:19:45+08:00,DATA_AND_RESEARCH_EVIDENCE_ONLY,NONE
300511.SZ,CHINEXT,1,0.411318,63,62,1,0,VALID,,,2026-08-31T19:22:03+08:00,DATA_AND_RESEARCH_EVIDENCE_ONLY,NONE
300512.SZ,CHINEXT,1,0.441748,32,31,1,0,VALID,,,2026-08-31T19:18:40+08:00,DATA_AND_RESEARCH_EVIDENCE_ONLY,NONE
300513.SZ,CHINEXT,1,0.300509,32,31,1,0,VALID,,,2026-08-31T19:18:41+08:00,DATA_AND_RESEARCH_EVIDENCE_ONLY,NONE
300514.SZ,CHINEXT,1,0.326984,10,9,1,0,VALID,,,2026-08-31T19:22:08+08:00,DATA_AND_RESEARCH_EVIDENCE_ONLY,NONE
300515.SZ,CHINEXT,1,0.340028,35,34,1,0,VALID,,,2026-08-31T19:22:06+08:00,DATA_AND_RESEARCH_EVIDENCE_ONLY,NONE
300516.SZ,CHINEXT,1,0.377721,7,6,1,0,VALID,,,2026-08-31T19:22:06+08:00,DATA_AND_RESEARCH_EVIDENCE_ONLY,NONE
300517.SZ,CHINEXT,1,0.28719,48,47,1,0,VALID,,,2026-08-31T19:22:04+08:00,DATA_AND_RESEARCH_EVIDENCE_ONLY,NONE
300518.SZ,CHINEXT,1,0.338598,24,23,1,0,VALID,,,2026-08-31T19:22:13+08:00,DATA_AND_RESEARCH_EVIDENCE_ONLY,NONE
300519.SZ,CHINEXT,1,0.263117,7,6,1,0,VALID,,,2026-08-31T19:18:46+08:00,DATA_AND_RESEARCH_EVIDENCE_ONLY,NONE
300520.SZ,CHINEXT,1,0.278518,38,37,1,0,VALID,,,2026-08-31T19:18:53+08:00,DATA_AND_RESEARCH_EVIDENCE_ONLY,NONE
300521.SZ,CHINEXT,1,0.333296,13,12,1,0,VALID,,,2026-08-31T19:22:13+08:00,DATA_AND_RESEARCH_EVIDENCE_ONLY,NONE
300522.SZ,CHINEXT,1,0.301872,48,47,1,0,VALID,,,2026-08-31T19:18:40+08:00,DATA_AND_RESEARCH_EVIDENCE_ONLY,NONE
300523.SZ,CHINEXT,1,0.303,28,27,1,0,VALID,,,2026-08-31T19:22:03+08:00,DATA_AND_RESEARCH_EVIDENCE_ONLY,NONE
300525.SZ,CHINEXT,1,0.305598,79,78,1,0,VALID,,,2026-08-31T19:18:41+08:00,DATA_AND_RESEARCH_EVIDENCE_ONLY,NONE
300527.SZ,CHINEXT,1,0.346772,36,35,1,0,VALID,,,2026-08-31T19:19:45+08:00,DATA_AND_RESEARCH_EVIDENCE_ONLY,NONE
300528.SZ,CHINEXT,1,0.279962,11,10,1,0,VALID,,,2026-08-31T19:18:43+08:00,DATA_AND_RESEARCH_EVIDENCE_ONLY,NONE
300529.SZ,CHINEXT,1,0.344648,58,56,2,0,VALID,,,2026-08-31T19:22:06+08:00,DATA_AND_RESEARCH_EVIDENCE_ONLY,NONE
300530.SZ,CHINEXT,1,0.277544,29,28,1,0,VALID,,,2026-08-31T19:19:04+08:00,DATA_AND_RESEARCH_EVIDENCE_ONLY,NONE
300531.SZ,CHINEXT,1,0.305759,27,26,1,0,VALID,,,2026-08-31T19:22:40+08:00,DATA_AND_RESEARCH_EVIDENCE_ONLY,NONE
300532.SZ,CHINEXT,1,0.269845,40,38,2,0,VALID,,,2026-08-31T19:18:46+08:00,DATA_AND_RESEARCH_EVIDENCE_ONLY,NONE
300533.SZ,CHINEXT,1,0.468109,40,39,1,0,VALID,,,2026-08-31T19:22:40+08:00,DATA_AND_RESEARCH_EVIDENCE_ONLY,NONE
300534.SZ,CHINEXT,1,0.317831,21,20,1,0,VALID,,,2026-08-31T19:18:48+08:00,DATA_AND_RESEARCH_EVIDENCE_ONLY,NONE
300535.SZ,CHINEXT,1,0.320238,40,39,1,0,VALID,,,2026-08-31T19:22:09+08:00,DATA_AND_RESEARCH_EVIDENCE_ONLY,NONE
300536.SZ,CHINEXT,1,0.286528,20,19,1,0,VALID,,,2026-08-31T19:22:04+08:00,DATA_AND_RESEARCH_EVIDENCE_ONLY,NONE
300537.SZ,CHINEXT,1,0.29236,44,43,1,0,VALID,,,2026-08-31T19:21:52+08:00,DATA_AND_RESEARCH_EVIDENCE_ONLY,NONE
300538.SZ,CHINEXT,1,0.314114,31,30,1,0,VALID,,,2026-08-31T19:18:43+08:00,DATA_AND_RESEARCH_EVIDENCE_ONLY,NONE
300539.SZ,CHINEXT,1,0.299486,64,63,1,0,VALID,,,2026-08-31T19:21:52+08:00,DATA_AND_RESEARCH_EVIDENCE_ONLY,NONE
300540.SZ,CHINEXT,1,0.599283,36,35,1,0,VALID,,,2026-08-31T19:19:04+08:00,DATA_AND_RESEARCH_EVIDENCE_ONLY,NONE
300541.SZ,CHINEXT,1,0.295555,45,44,1,0,VALID,,,2026-08-31T19:21:52+08:00,DATA_AND_RESEARCH_EVIDENCE_ONLY,NONE
300542.SZ,CHINEXT,1,0.284574,33,32,1,0,VALID,,,2026-08-31T19:22:40+08:00,DATA_AND_RESEARCH_EVIDENCE_ONLY,NONE
300543.SZ,CHINEXT,1,0.290184,36,35,1,0,VALID,,,2026-08-31T19:22:04+08:00,DATA_AND_RESEARCH_EVIDENCE_ONLY,NONE
300545.SZ,CHINEXT,1,0.465969,49,48,1,0,VALID,,,2026-08-31T19:23:10+08:00,DATA_AND_RESEARCH_EVIDENCE_ONLY,NONE
300546.SZ,CHINEXT,1,0.430818,43,42,1,0,VALID,,,2026-08-31T19:18:40+08:00,DATA_AND_RESEARCH_EVIDENCE_ONLY,NONE
300547.SZ,CHINEXT,1,0.291599,23,21,2,0,VALID,,,2026-08-31T19:22:41+08:00,DATA_AND_RESEARCH_EVIDENCE_ONLY,NONE
300548.SZ,CHINEXT,1,0.314478,88,87,1,0,VALID,,,2026-08-31T19:18:54+08:00,DATA_AND_RESEARCH_EVIDENCE_ONLY,NONE
300549.SZ,CHINEXT,1,0.561762,11,10,1,0,VALID,,,2026-08-31T19:22:04+08:00,DATA_AND_RESEARCH_EVIDENCE_ONLY,NONE
300550.SZ,CHINEXT,1,0.649487,32,31,1,0,VALID,,,2026-08-31T19:18:46+08:00,DATA_AND_RESEARCH_EVIDENCE_ONLY,NONE
300551.SZ,CHINEXT,1,0.393765,29,28,1,0,VALID,,,2026-08-31T19:18:48+08:00,DATA_AND_RESEARCH_EVIDENCE_ONLY,NONE
300552.SZ,CHINEXT,1,0.290468,38,37,1,0,VALID,,,2026-08-31T19:21:53+08:00,DATA_AND_RESEARCH_EVIDENCE_ONLY,NONE
300553.SZ,CHINEXT,1,0.332424,33,32,1,0,VALID,,,2026-08-31T19:22:13+08:00,DATA_AND_RESEARCH_EVIDENCE_ONLY,NONE
300554.SZ,CHINEXT,1,0.516236,28,27,1,0,VALID,,,2026-08-31T19:18:48+08:00,DATA_AND_RESEARCH_EVIDENCE_ONLY,NONE
300555.SZ,CHINEXT,1,0.330882,18,17,1,0,VALID,,,2026-08-31T19:19:46+08:00,DATA_AND_RESEARCH_EVIDENCE_ONLY,NONE
300556.SZ,CHINEXT,1,0.37405,64,63,1,0,VALID,,,2026-08-31T19:18:41+08:00,DATA_AND_RESEARCH_EVIDENCE_ONLY,NONE
300557.SZ,CHINEXT,1,0.280148,36,35,1,0,VALID,,,2026-08-31T19:19:46+08:00,DATA_AND_RESEARCH_EVIDENCE_ONLY,NONE
300558.SZ,CHINEXT,1,0.601377,35,34,1,0,VALID,,,2026-08-31T19:22:04+08:00,DATA_AND_RESEARCH_EVIDENCE_ONLY,NONE
300559.SZ,CHINEXT,1,0.302892,27,26,1,0,VALID,,,2026-08-31T19:19:05+08:00,DATA_AND_RESEARCH_EVIDENCE_ONLY,NONE
300560.SZ,CHINEXT,1,0.330526,26,25,1,0,VALID,,,2026-08-31T19:22:07+08:00,DATA_AND_RESEARCH_EVIDENCE_ONLY,NONE
300561.SZ,CHINEXT,1,0.298104,27,26,1,0,VALID,,,2026-08-31T19:22:41+08:00,DATA_AND_RESEARCH_EVIDENCE_ONLY,NONE
300562.SZ,CHINEXT,1,0.331911,59,58,1,0,VALID,,,2026-08-31T19:18:49+08:00,DATA_AND_RESEARCH_EVIDENCE_ONLY,NONE
300563.SZ,CHINEXT,1,0.513454,33,32,1,0,VALID,,,2026-08-31T19:22:09+08:00,DATA_AND_RESEARCH_EVIDENCE_ONLY,NONE
300564.SZ,CHINEXT,1,0.307317,18,16,2,0,VALID,,,2026-08-31T19:23:10+08:00,DATA_AND_RESEARCH_EVIDENCE_ONLY,NONE
300565.SZ,CHINEXT,1,0.334429,15,14,1,0,VALID,,,2026-08-31T19:22:14+08:00,DATA_AND_RESEARCH_EVIDENCE_ONLY,NONE
300566.SZ,CHINEXT,1,0.416512,32,31,1,0,VALID,,,2026-08-31T19:23:10+08:00,DATA_AND_RESEARCH_EVIDENCE_ONLY,NONE
300567.SZ,CHINEXT,1,0.597286,94,87,7,0,VALID,,,2026-08-31T19:18:49+08:00,DATA_AND_RESEARCH_EVIDENCE_ONLY,NONE
300568.SZ,CHINEXT,1,0.443973,92,91,1,0,VALID,,,2026-08-31T19:19:46+08:00,DATA_AND_RESEARCH_EVIDENCE_ONLY,NONE
300569.SZ,CHINEXT,1,0.272083,56,55,1,0,VALID,,,2026-08-31T19:19:47+08:00,DATA_AND_RESEARCH_EVIDENCE_ONLY,NONE
300570.SZ,CHINEXT,1,0.344352,22,20,2,0,VALID,,,2026-08-31T19:22:07+08:00,DATA_AND_RESEARCH_EVIDENCE_ONLY,NONE
300571.SZ,CHINEXT,1,0.261139,28,27,1,0,VALID,,,2026-08-31T19:19:05+08:00,DATA_AND_RESEARCH_EVIDENCE_ONLY,NONE
300572.SZ,CHINEXT,1,0.300048,30,29,1,0,VALID,,,2026-08-31T19:21:53+08:00,DATA_AND_RESEARCH_EVIDENCE_ONLY,NONE
300573.SZ,CHINEXT,1,0.446874,39,38,1,0,VALID,,,2026-08-31T19:18:50+08:00,DATA_AND_RESEARCH_EVIDENCE_ONLY,NONE
300575.SZ,CHINEXT,1,0.480275,37,36,1,0,VALID,,,2026-08-31T19:18:54+08:00,DATA_AND_RESEARCH_EVIDENCE_ONLY,NONE
300576.SZ,CHINEXT,1,0.293572,45,44,1,0,VALID,,,2026-08-31T19:21:53+08:00,DATA_AND_RESEARCH_EVIDENCE_ONLY,NONE
300577.SZ,CHINEXT,1,0.322585,64,63,1,0,VALID,,,2026-08-31T19:19:05+08:00,DATA_AND_RESEARCH_EVIDENCE_ONLY,NONE
300578.SZ,CHINEXT,1,0.304082,57,56,1,0,VALID,,,2026-08-31T19:19:06+08:00,DATA_AND_RESEARCH_EVIDENCE_ONLY,NONE
300579.SZ,CHINEXT,1,0.280508,26,25,1,0,VALID,,,2026-08-31T19:19:47+08:00,DATA_AND_RESEARCH_EVIDENCE_ONLY,NONE
300580.SZ,CHINEXT,1,0.301642,27,26,1,0,VALID,,,2026-08-31T19:18:41+08:00,DATA_AND_RESEARCH_EVIDENCE_ONLY,NONE
300581.SZ,CHINEXT,1,0.352388,10,9,1,0,VALID,,,2026-08-31T19:22:10+08:00,DATA_AND_RESEARCH_EVIDENCE_ONLY,NONE
300582.SZ,CHINEXT,1,0.283477,50,49,1,0,VALID,,,2026-08-31T19:18:55+08:00,DATA_AND_RESEARCH_EVIDENCE_ONLY,NONE
300583.SZ,CHINEXT,1,0.28085,23,22,1,0,VALID,,,2026-08-31T19:19:47+08:00,DATA_AND_RESEARCH_EVIDENCE_ONLY,NONE
300584.SZ,CHINEXT,1,0.371999,19,18,1,0,VALID,,,2026-08-31T19:22:10+08:00,DATA_AND_RESEARCH_EVIDENCE_ONLY,NONE
300585.SZ,CHINEXT,1,0.32193,22,21,1,0,VALID,,,2026-08-31T19:18:42+08:00,DATA_AND_RESEARCH_EVIDENCE_ONLY,NONE
300586.SZ,CHINEXT,1,0.387522,35,34,1,0,VALID,,,2026-08-31T19:22:10+08:00,DATA_AND_RESEARCH_EVIDENCE_ONLY,NONE
300587.SZ,CHINEXT,1,0.656143,66,65,1,0,VALID,,,2026-08-31T19:18:47+08:00,DATA_AND_RESEARCH_EVIDENCE_ONLY,NONE
300588.SZ,CHINEXT,1,0.298092,31,30,1,0,VALID,,,2026-08-31T19:22:05+08:00,DATA_AND_RESEARCH_EVIDENCE_ONLY,NONE
300589.SZ,CHINEXT,1,0.401904,24,23,1,0,VALID,,,2026-08-31T19:18:44+08:00,DATA_AND_RESEARCH_EVIDENCE_ONLY,NONE
300590.SZ,CHINEXT,1,0.388014,54,53,1,0,VALID,,,2026-08-31T19:23:11+08:00,DATA_AND_RESEARCH_EVIDENCE_ONLY,NONE
300591.SZ,CHINEXT,1,0.368697,21,20,1,0,VALID,,,2026-08-31T19:18:55+08:00,DATA_AND_RESEARCH_EVIDENCE_ONLY,NONE
300592.SZ,CHINEXT,1,0.276163,36,35,1,0,VALID,,,2026-08-31T19:19:47+08:00,DATA_AND_RESEARCH_EVIDENCE_ONLY,NONE
300593.SZ,CHINEXT,1,0.368477,44,42,2,0,VALID,,,2026-08-31T19:22:11+08:00,DATA_AND_RESEARCH_EVIDENCE_ONLY,NONE
300594.SZ,CHINEXT,1,0.279904,30,29,1,0,VALID,,,2026-08-31T19:19:48+08:00,DATA_AND_RESEARCH_EVIDENCE_ONLY,NONE
300595.SZ,CHINEXT,1,0.331464,56,55,1,0,VALID,,,2026-08-31T19:22:08+08:00,DATA_AND_RESEARCH_EVIDENCE_ONLY,NONE
300596.SZ,CHINEXT,1,0.362066,23,22,1,0,VALID,,,2026-08-31T19:22:11+08:00,DATA_AND_RESEARCH_EVIDENCE_ONLY,NONE
300597.SZ,CHINEXT,1,0.319333,22,21,1,0,VALID,,,2026-08-31T19:18:50+08:00,DATA_AND_RESEARCH_EVIDENCE_ONLY,NONE
300598.SZ,CHINEXT,1,0.713156,30,29,1,0,VALID,,,2026-08-31T19:22:41+08:00,DATA_AND_RESEARCH_EVIDENCE_ONLY,NONE
300599.SZ,CHINEXT,1,0.301907,22,21,1,0,VALID,,,2026-08-31T19:18:42+08:00,DATA_AND_RESEARCH_EVIDENCE_ONLY,NONE
300600.SZ,CHINEXT,1,0.293232,25,24,1,0,VALID,,,2026-08-31T19:19:06+08:00,DATA_AND_RESEARCH_EVIDENCE_ONLY,NONE
300601.SZ,CHINEXT,1,0.274281,121,120,1,0,VALID,,,2026-08-31T19:22:14+08:00,DATA_AND_RESEARCH_EVIDENCE_ONLY,NONE
300602.SZ,CHINEXT,1,0.795965,51,50,1,0,VALID,,,2026-08-31T19:22:05+08:00,DATA_AND_RESEARCH_EVIDENCE_ONLY,NONE
300603.SZ,CHINEXT,1,0.317989,48,47,1,0,VALID,,,2026-08-31T19:18:41+08:00,DATA_AND_RESEARCH_EVIDENCE_ONLY,NONE
300604.SZ,CHINEXT,1,0.318257,53,52,1,0,VALID,,,2026-08-31T19:18:51+08:00,DATA_AND_RESEARCH_EVIDENCE_ONLY,NONE
300605.SZ,CHINEXT,1,0.338047,63,62,1,0,VALID,,,2026-08-31T19:22:11+08:00,DATA_AND_RESEARCH_EVIDENCE_ONLY,NONE
300606.SZ,CHINEXT,1,0.318777,36,35,1,0,VALID,,,2026-08-31T19:22:05+08:00,DATA_AND_RESEARCH_EVIDENCE_ONLY,NONE
300607.SZ,CHINEXT,1,0.374305,50,49,1,0,VALID,,,2026-08-31T19:18:44+08:00,DATA_AND_RESEARCH_EVIDENCE_ONLY,NONE
300608.SZ,CHINEXT,1,0.312438,51,50,1,0,VALID,,,2026-08-31T19:21:54+08:00,DATA_AND_RESEARCH_EVIDENCE_ONLY,NONE
300609.SZ,CHINEXT,1,0.298523,59,58,1,0,VALID,,,2026-08-31T19:18:55+08:00,DATA_AND_RESEARCH_EVIDENCE_ONLY,NONE
300610.SZ,CHINEXT,1,0.268568,31,30,1,0,VALID,,,2026-08-31T19:18:47+08:00,DATA_AND_RESEARCH_EVIDENCE_ONLY,NONE
300611.SZ,CHINEXT,1,0.665995,25,24,1,0,VALID,,,2026-08-31T19:22:08+08:00,DATA_AND_RESEARCH_EVIDENCE_ONLY,NONE
300612.SZ,CHINEXT,1,0.439071,20,19,1,0,VALID,,,2026-08-31T19:22:42+08:00,DATA_AND_RESEARCH_EVIDENCE_ONLY,NONE
300613.SZ,CHINEXT,1,0.277868,47,46,1,0,VALID,,,2026-08-31T19:18:48+08:00,DATA_AND_RESEARCH_EVIDENCE_ONLY,NONE
300614.SZ,CHINEXT,1,0.306471,20,19,1,0,VALID,,,2026-08-31T19:18:41+08:00,DATA_AND_RESEARCH_EVIDENCE_ONLY,NONE
300615.SZ,CHINEXT,1,0.304312,52,51,1,0,VALID,,,2026-08-31T19:18:42+08:00,DATA_AND_RESEARCH_EVIDENCE_ONLY,NONE
300616.SZ,CHINEXT,1,0.509921,20,19,1,0,VALID,,,2026-08-31T19:21:54+08:00,DATA_AND_RESEARCH_EVIDENCE_ONLY,NONE
300617.SZ,CHINEXT,1,0.440186,33,32,1,0,VALID,,,2026-08-31T19:22:42+08:00,DATA_AND_RESEARCH_EVIDENCE_ONLY,NONE
300618.SZ,CHINEXT,1,0.345144,28,27,1,0,VALID,,,2026-08-31T19:18:51+08:00,DATA_AND_RESEARCH_EVIDENCE_ONLY,NONE
300619.SZ,CHINEXT,1,0.524074,33,32,1,0,VALID,,,2026-08-31T19:18:43+08:00,DATA_AND_RESEARCH_EVIDENCE_ONLY,NONE
300620.SZ,CHINEXT,1,0.640528,59,58,1,0,VALID,,,2026-08-31T19:18:55+08:00,DATA_AND_RESEARCH_EVIDENCE_ONLY,NONE
300621.SZ,CHINEXT,1,0.557076,32,31,1,0,VALID,,,2026-08-31T19:22:12+08:00,DATA_AND_RESEARCH_EVIDENCE_ONLY,NONE
300622.SZ,CHINEXT,1,0.270727,56,55,1,0,VALID,,,2026-08-31T19:18:48+08:00,DATA_AND_RESEARCH_EVIDENCE_ONLY,NONE
300623.SZ,CHINEXT,1,0.306333,79,78,1,0,VALID,,,2026-08-31T19:22:05+08:00,DATA_AND_RESEARCH_EVIDENCE_ONLY,NONE
300624.SZ,CHINEXT,1,0.298238,38,36,2,0,VALID,,,2026-08-31T19:21:54+08:00,DATA_AND_RESEARCH_EVIDENCE_ONLY,NONE
300625.SZ,CHINEXT,1,0.426743,12,11,1,0,VALID,,,2026-08-31T19:18:45+08:00,DATA_AND_RESEARCH_EVIDENCE_ONLY,NONE
300626.SZ,CHINEXT,1,0.286404,17,16,1,0,VALID,,,2026-08-31T19:22:06+08:00,DATA_AND_RESEARCH_EVIDENCE_ONLY,NONE
300627.SZ,CHINEXT,1,0.610463,98,97,1,0,VALID,,,2026-08-31T19:22:12+08:00,DATA_AND_RESEARCH_EVIDENCE_ONLY,NONE
300628.SZ,CHINEXT,1,0.453231,50,49,1,0,VALID,,,2026-08-31T19:22:43+08:00,DATA_AND_RESEARCH_EVIDENCE_ONLY,NONE
300629.SZ,CHINEXT,1,0.297509,45,39,6,0,VALID,,,2026-08-31T19:21:55+08:00,DATA_AND_RESEARCH_EVIDENCE_ONLY,NONE
300631.SZ,CHINEXT,1,0.318545,41,40,1,0,VALID,,,2026-08-31T19:23:11+08:00,DATA_AND_RESEARCH_EVIDENCE_ONLY,NONE
300632.SZ,CHINEXT,1,0.524122,32,32,0,0,VALID,,,2026-08-31T19:22:06+08:00,DATA_AND_RESEARCH_EVIDENCE_ONLY,NONE
300633.SZ,CHINEXT,1,0.299115,15,14,1,0,VALID,,,2026-08-31T19:21:55+08:00,DATA_AND_RESEARCH_EVIDENCE_ONLY,NONE
300634.SZ,CHINEXT,1,0.422101,19,18,1,0,VALID,,,2026-08-31T19:22:06+08:00,DATA_AND_RESEARCH_EVIDENCE_ONLY,NONE
300635.SZ,CHINEXT,1,0.484216,32,31,1,0,VALID,,,2026-08-31T19:18:42+08:00,DATA_AND_RESEARCH_EVIDENCE_ONLY,NONE
300636.SZ,CHINEXT,1,0.303223,50,49,1,0,VALID,,,2026-08-31T19:22:07+08:00,DATA_AND_RESEARCH_EVIDENCE_ONLY,NONE
300637.SZ,CHINEXT,1,0.310504,28,27,1,0,VALID,,,2026-08-31T19:22:07+08:00,DATA_AND_RESEARCH_EVIDENCE_ONLY,NONE
300638.SZ,CHINEXT,1,0.340499,67,66,1,0,VALID,,,2026-08-31T19:22:14+08:00,DATA_AND_RESEARCH_EVIDENCE_ONLY,NONE
300639.SZ,CHINEXT,1,0.447961,41,40,1,0,VALID,,,2026-08-31T19:19:06+08:00,DATA_AND_RESEARCH_EVIDENCE_ONLY,NONE
300640.SZ,CHINEXT,1,0.268049,40,39,1,0,VALID,,,2026-08-31T19:18:45+08:00,DATA_AND_RESEARCH_EVIDENCE_ONLY,NONE
300641.SZ,CHINEXT,1,0.30606,22,21,1,0,VALID,,,2026-08-31T19:22:07+08:00,DATA_AND_RESEARCH_EVIDENCE_ONLY,NONE
300642.SZ,CHINEXT,1,0.43001,35,33,2,0,VALID,,,2026-08-31T19:19:48+08:00,DATA_AND_RESEARCH_EVIDENCE_ONLY,NONE
300643.SZ,CHINEXT,1,0.271501,22,21,1,0,VALID,,,2026-08-31T19:18:48+08:00,DATA_AND_RESEARCH_EVIDENCE_ONLY,NONE
300644.SZ,CHINEXT,1,0.298194,44,43,1,0,VALID,,,2026-08-31T19:21:55+08:00,DATA_AND_RESEARCH_EVIDENCE_ONLY,NONE
300645.SZ,CHINEXT,1,0.38597,34,33,1,0,VALID,,,2026-08-31T19:18:45+08:00,DATA_AND_RESEARCH_EVIDENCE_ONLY,NONE
300647.SZ,CHINEXT,1,0.390145,37,36,1,0,VALID,,,2026-08-31T19:18:42+08:00,DATA_AND_RESEARCH_EVIDENCE_ONLY,NONE
300648.SZ,CHINEXT,1,0.295843,21,20,1,0,VALID,,,2026-08-31T19:22:08+08:00,DATA_AND_RESEARCH_EVIDENCE_ONLY,NONE
300649.SZ,CHINEXT,1,0.279591,13,12,1,0,VALID,,,2026-08-31T19:19:07+08:00,DATA_AND_RESEARCH_EVIDENCE_ONLY,NONE
300650.SZ,CHINEXT,1,0.441915,23,22,1,0,VALID,,,2026-08-31T19:22:06+08:00,DATA_AND_RESEARCH_EVIDENCE_ONLY,NONE
300651.SZ,CHINEXT,1,0.282913,33,32,1,0,VALID,,,2026-08-31T19:18:49+08:00,DATA_AND_RESEARCH_EVIDENCE_ONLY,NONE
300652.SZ,CHINEXT,1,0.937807,22,21,1,0,VALID,,,2026-08-31T19:22:43+08:00,DATA_AND_RESEARCH_EVIDENCE_ONLY,NONE
300653.SZ,CHINEXT,1,0.326808,8,7,1,0,VALID,,,2026-08-31T19:22:08+08:00,DATA_AND_RESEARCH_EVIDENCE_ONLY,NONE
300654.SZ,CHINEXT,1,0.297262,29,29,0,0,VALID,,,2026-08-31T19:18:43+08:00,DATA_AND_RESEARCH_EVIDENCE_ONLY,NONE
300655.SZ,CHINEXT,1,0.536969,113,112,1,0,VALID,,,2026-08-31T19:18:51+08:00,DATA_AND_RESEARCH_EVIDENCE_ONLY,NONE
300656.SZ,CHINEXT,1,0.310638,35,34,1,0,VALID,,,2026-08-31T19:22:07+08:00,DATA_AND_RESEARCH_EVIDENCE_ONLY,NONE
300657.SZ,CHINEXT,1,0.307892,39,38,1,0,VALID,,,2026-08-31T19:22:08+08:00,DATA_AND_RESEARCH_EVIDENCE_ONLY,NONE
300658.SZ,CHINEXT,1,0.444928,28,27,1,0,VALID,,,2026-08-31T19:22:44+08:00,DATA_AND_RESEARCH_EVIDENCE_ONLY,NONE
300659.SZ,CHINEXT,1,0.299535,52,51,1,0,VALID,,,2026-08-31T19:22:08+08:00,DATA_AND_RESEARCH_EVIDENCE_ONLY,NONE
300660.SZ,CHINEXT,1,0.320186,33,32,1,0,VALID,,,2026-08-31T19:18:56+08:00,DATA_AND_RESEARCH_EVIDENCE_ONLY,NONE
300661.SZ,CHINEXT,1,0.272002,103,102,1,0,VALID,,,2026-08-31T19:22:15+08:00,DATA_AND_RESEARCH_EVIDENCE_ONLY,NONE
300662.SZ,CHINEXT,1,0.28577,26,25,1,0,VALID,,,2026-08-31T19:18:56+08:00,DATA_AND_RESEARCH_EVIDENCE_ONLY,NONE
300663.SZ,CHINEXT,1,0.322588,50,49,1,0,VALID,,,2026-08-31T19:22:09+08:00,DATA_AND_RESEARCH_EVIDENCE_ONLY,NONE
300664.SZ,CHINEXT,1,0.644716,28,27,1,0,VALID,,,2026-08-31T19:18:49+08:00,DATA_AND_RESEARCH_EVIDENCE_ONLY,NONE
300665.SZ,CHINEXT,1,0.372625,51,50,1,0,VALID,,,2026-08-31T19:18:52+08:00,DATA_AND_RESEARCH_EVIDENCE_ONLY,NONE
300666.SZ,CHINEXT,1,0.39703,55,54,1,0,VALID,,,2026-08-31T19:18:57+08:00,DATA_AND_RESEARCH_EVIDENCE_ONLY,NONE
300667.SZ,CHINEXT,1,0.448664,39,38,1,0,VALID,,,2026-08-31T19:18:44+08:00,DATA_AND_RESEARCH_EVIDENCE_ONLY,NONE
300668.SZ,CHINEXT,1,0.30047,24,23,1,0,VALID,,,2026-08-31T19:22:45+08:00,DATA_AND_RESEARCH_EVIDENCE_ONLY,NONE
300669.SZ,CHINEXT,1,0.293035,33,32,1,0,VALID,,,2026-08-31T19:21:56+08:00,DATA_AND_RESEARCH_EVIDENCE_ONLY,NONE
300670.SZ,CHINEXT,1,0.281011,20,19,1,0,VALID,,,2026-08-31T19:18:57+08:00,DATA_AND_RESEARCH_EVIDENCE_ONLY,NONE
300671.SZ,CHINEXT,1,0.296524,31,30,1,0,VALID,,,2026-08-31T19:22:09+08:00,DATA_AND_RESEARCH_EVIDENCE_ONLY,NONE
300672.SZ,CHINEXT,1,0.285641,29,28,1,0,VALID,,,2026-08-31T19:23:11+08:00,DATA_AND_RESEARCH_EVIDENCE_ONLY,NONE
300673.SZ,CHINEXT,1,0.304077,56,54,2,0,VALID,,,2026-08-31T19:22:45+08:00,DATA_AND_RESEARCH_EVIDENCE_ONLY,NONE
300674.SZ,CHINEXT,1,0.450559,42,41,1,0,VALID,,,2026-08-31T19:18:50+08:00,DATA_AND_RESEARCH_EVIDENCE_ONLY,NONE
300675.SZ,CHINEXT,1,0.305636,5,4,1,0,VALID,,,2026-08-31T19:22:07+08:00,DATA_AND_RESEARCH_EVIDENCE_ONLY,NONE
300676.SZ,CHINEXT,1,0.273884,26,25,1,0,VALID,,,2026-08-31T19:19:49+08:00,DATA_AND_RESEARCH_EVIDENCE_ONLY,NONE
300677.SZ,CHINEXT,1,0.309404,126,125,1,0,VALID,,,2026-08-31T19:21:56+08:00,DATA_AND_RESEARCH_EVIDENCE_ONLY,NONE
300678.SZ,CHINEXT,1,0.474795,27,26,1,0,VALID,,,2026-08-31T19:18:57+08:00,DATA_AND_RESEARCH_EVIDENCE_ONLY,NONE
300679.SZ,CHINEXT,1,0.390094,31,29,2,0,VALID,,,2026-08-31T19:18:58+08:00,DATA_AND_RESEARCH_EVIDENCE_ONLY,NONE
300680.SZ,CHINEXT,1,0.261521,34,32,2,0,VALID,,,2026-08-31T19:19:07+08:00,DATA_AND_RESEARCH_EVIDENCE_ONLY,NONE
300681.SZ,CHINEXT,1,0.407514,54,53,1,0,VALID,,,2026-08-31T19:18:58+08:00,DATA_AND_RESEARCH_EVIDENCE_ONLY,NONE
300682.SZ,CHINEXT,1,0.36053,78,76,2,0,VALID,,,2026-08-31T19:23:12+08:00,DATA_AND_RESEARCH_EVIDENCE_ONLY,NONE
300683.SZ,CHINEXT,1,0.365603,17,16,1,0,VALID,,,2026-08-31T19:18:43+08:00,DATA_AND_RESEARCH_EVIDENCE_ONLY,NONE
300684.SZ,CHINEXT,1,0.382424,36,35,1,0,VALID,,,2026-08-31T19:22:09+08:00,DATA_AND_RESEARCH_EVIDENCE_ONLY,NONE
300685.SZ,CHINEXT,1,0.442912,36,35,1,0,VALID,,,2026-08-31T19:22:45+08:00,DATA_AND_RESEARCH_EVIDENCE_ONLY,NONE
300686.SZ,CHINEXT,1,0.288065,29,28,1,0,VALID,,,2026-08-31T19:18:44+08:00,DATA_AND_RESEARCH_EVIDENCE_ONLY,NONE
300687.SZ,CHINEXT,1,0.316249,47,46,1,0,VALID,,,2026-08-31T19:18:46+08:00,DATA_AND_RESEARCH_EVIDENCE_ONLY,NONE
300688.SZ,CHINEXT,1,0.29627,15,14,1,0,VALID,,,2026-08-31T19:22:07+08:00,DATA_AND_RESEARCH_EVIDENCE_ONLY,NONE
300689.SZ,CHINEXT,1,0.442701,14,13,1,0,VALID,,,2026-08-31T19:18:52+08:00,DATA_AND_RESEARCH_EVIDENCE_ONLY,NONE
300690.SZ,CHINEXT,1,0.384729,35,34,1,0,VALID,,,2026-08-31T19:22:09+08:00,DATA_AND_RESEARCH_EVIDENCE_ONLY,NONE
300691.SZ,CHINEXT,1,0.268589,65,64,1,0,VALID,,,2026-08-31T19:19:49+08:00,DATA_AND_RESEARCH_EVIDENCE_ONLY,NONE
300692.SZ,CHINEXT,1,0.395916,37,36,1,0,VALID,,,2026-08-31T19:22:09+08:00,DATA_AND_RESEARCH_EVIDENCE_ONLY,NONE
300693.SZ,CHINEXT,1,0.288066,28,27,1,0,VALID,,,2026-08-31T19:18:44+08:00,DATA_AND_RESEARCH_EVIDENCE_ONLY,NONE
300694.SZ,CHINEXT,1,0.441896,16,15,1,0,VALID,,,2026-08-31T19:18:43+08:00,DATA_AND_RESEARCH_EVIDENCE_ONLY,NONE
300695.SZ,CHINEXT,1,0.362411,6,5,1,0,VALID,,,2026-08-31T19:18:43+08:00,DATA_AND_RESEARCH_EVIDENCE_ONLY,NONE
300696.SZ,CHINEXT,1,0.345606,35,34,1,0,VALID,,,2026-08-31T19:22:10+08:00,DATA_AND_RESEARCH_EVIDENCE_ONLY,NONE
300697.SZ,CHINEXT,1,0.3135,13,12,1,0,VALID,,,2026-08-31T19:22:08+08:00,DATA_AND_RESEARCH_EVIDENCE_ONLY,NONE
300698.SZ,CHINEXT,1,0.454897,15,14,1,0,VALID,,,2026-08-31T19:23:12+08:00,DATA_AND_RESEARCH_EVIDENCE_ONLY,NONE
300699.SZ,CHINEXT,1,0.297192,18,17,1,0,VALID,,,2026-08-31T19:21:56+08:00,DATA_AND_RESEARCH_EVIDENCE_ONLY,NONE
300700.SZ,CHINEXT,1,0.343946,39,38,1,0,VALID,,,2026-08-31T19:19:07+08:00,DATA_AND_RESEARCH_EVIDENCE_ONLY,NONE
300701.SZ,CHINEXT,1,0.372129,20,19,1,0,VALID,,,2026-08-31T19:18:59+08:00,DATA_AND_RESEARCH_EVIDENCE_ONLY,NONE
300702.SZ,CHINEXT,1,0.300296,33,32,1,0,VALID,,,2026-08-31T19:22:08+08:00,DATA_AND_RESEARCH_EVIDENCE_ONLY,NONE
300703.SZ,CHINEXT,1,0.510888,35,34,1,0,VALID,,,2026-08-31T19:22:10+08:00,DATA_AND_RESEARCH_EVIDENCE_ONLY,NONE
300705.SZ,CHINEXT,1,0.347252,53,51,2,0,VALID,,,2026-08-31T19:23:13+08:00,DATA_AND_RESEARCH_EVIDENCE_ONLY,NONE
300706.SZ,CHINEXT,1,0.292543,24,23,1,0,VALID,,,2026-08-31T19:18:46+08:00,DATA_AND_RESEARCH_EVIDENCE_ONLY,NONE
300707.SZ,CHINEXT,1,0.424196,57,56,1,0,VALID,,,2026-08-31T19:19:08+08:00,DATA_AND_RESEARCH_EVIDENCE_ONLY,NONE
300708.SZ,CHINEXT,1,0.307173,55,54,1,0,VALID,,,2026-08-31T19:22:46+08:00,DATA_AND_RESEARCH_EVIDENCE_ONLY,NONE
300709.SZ,CHINEXT,1,0.619869,44,43,1,0,VALID,,,2026-08-31T19:22:09+08:00,DATA_AND_RESEARCH_EVIDENCE_ONLY,NONE
300710.SZ,CHINEXT,1,0.261342,17,17,0,0,VALID,,,2026-08-31T19:18:50+08:00,DATA_AND_RESEARCH_EVIDENCE_ONLY,NONE
300711.SZ,CHINEXT,1,0.302529,23,22,1,0,VALID,,,2026-08-31T19:18:45+08:00,DATA_AND_RESEARCH_EVIDENCE_ONLY,NONE
300712.SZ,CHINEXT,1,0.31215,18,17,1,0,VALID,,,2026-08-31T19:18:59+08:00,DATA_AND_RESEARCH_EVIDENCE_ONLY,NONE
300713.SZ,CHINEXT,1,0.297086,25,24,1,0,VALID,,,2026-08-31T19:23:13+08:00,DATA_AND_RESEARCH_EVIDENCE_ONLY,NONE
300715.SZ,CHINEXT,1,0.267585,40,40,0,0,VALID,,,2026-08-31T19:19:49+08:00,DATA_AND_RESEARCH_EVIDENCE_ONLY,NONE
300716.SZ,CHINEXT,1,0.266525,6,5,1,0,VALID,,,2026-08-31T19:18:50+08:00,DATA_AND_RESEARCH_EVIDENCE_ONLY,NONE
300717.SZ,CHINEXT,1,0.280915,6,5,1,0,VALID,,,2026-08-31T19:18:46+08:00,DATA_AND_RESEARCH_EVIDENCE_ONLY,NONE
300718.SZ,CHINEXT,1,0.317319,25,24,1,0,VALID,,,2026-08-31T19:18:59+08:00,DATA_AND_RESEARCH_EVIDENCE_ONLY,NONE
300719.SZ,CHINEXT,1,0.367756,35,34,1,0,VALID,,,2026-08-31T19:22:13+08:00,DATA_AND_RESEARCH_EVIDENCE_ONLY,NONE
300720.SZ,CHINEXT,1,0.298594,18,17,1,0,VALID,,,2026-08-31T19:22:08+08:00,DATA_AND_RESEARCH_EVIDENCE_ONLY,NONE
300721.SZ,CHINEXT,1,0.291997,34,34,0,0,VALID,,,2026-08-31T19:22:09+08:00,DATA_AND_RESEARCH_EVIDENCE_ONLY,NONE
300722.SZ,CHINEXT,1,0.405639,11,10,1,0,VALID,,,2026-08-31T19:19:00+08:00,DATA_AND_RESEARCH_EVIDENCE_ONLY,NONE
300723.SZ,CHINEXT,1,0.302665,52,51,1,0,VALID,,,2026-08-31T19:22:09+08:00,DATA_AND_RESEARCH_EVIDENCE_ONLY,NONE
300724.SZ,CHINEXT,1,0.371678,45,44,1,0,VALID,,,2026-08-31T19:18:53+08:00,DATA_AND_RESEARCH_EVIDENCE_ONLY,NONE
300725.SZ,CHINEXT,1,0.386636,66,65,1,0,VALID,,,2026-08-31T19:22:09+08:00,DATA_AND_RESEARCH_EVIDENCE_ONLY,NONE
300726.SZ,CHINEXT,1,0.666284,15,14,1,0,VALID,,,2026-08-31T19:22:10+08:00,DATA_AND_RESEARCH_EVIDENCE_ONLY,NONE
300727.SZ,CHINEXT,1,0.422966,37,36,1,0,VALID,,,2026-08-31T19:19:08+08:00,DATA_AND_RESEARCH_EVIDENCE_ONLY,NONE
300729.SZ,CHINEXT,1,0.346067,78,76,2,0,VALID,,,2026-08-31T19:22:15+08:00,DATA_AND_RESEARCH_EVIDENCE_ONLY,NONE
300730.SZ,CHINEXT,1,0.262871,42,41,1,0,VALID,,,2026-08-31T19:22:15+08:00,DATA_AND_RESEARCH_EVIDENCE_ONLY,NONE
300731.SZ,CHINEXT,1,0.318306,25,24,1,0,VALID,,,2026-08-31T19:18:53+08:00,DATA_AND_RESEARCH_EVIDENCE_ONLY,NONE
300732.SZ,CHINEXT,1,0.345046,51,50,1,0,VALID,,,2026-08-31T19:19:09+08:00,DATA_AND_RESEARCH_EVIDENCE_ONLY,NONE
300733.SZ,CHINEXT,1,0.297924,30,29,1,0,VALID,,,2026-08-31T19:18:45+08:00,DATA_AND_RESEARCH_EVIDENCE_ONLY,NONE
300735.SZ,CHINEXT,1,0.290721,37,36,1,0,VALID,,,2026-08-31T19:21:57+08:00,DATA_AND_RESEARCH_EVIDENCE_ONLY,NONE
300736.SZ,CHINEXT,1,0.368597,44,44,0,0,VALID,,,2026-08-31T19:18:47+08:00,DATA_AND_RESEARCH_EVIDENCE_ONLY,NONE
300737.SZ,CHINEXT,1,0.470746,86,86,0,0,VALID,,,2026-08-31T19:22:10+08:00,DATA_AND_RESEARCH_EVIDENCE_ONLY,NONE
300738.SZ,CHINEXT,1,0.308908,61,59,2,0,VALID,,,2026-08-31T19:23:13+08:00,DATA_AND_RESEARCH_EVIDENCE_ONLY,NONE
300739.SZ,CHINEXT,1,0.285649,66,65,1,0,VALID,,,2026-08-31T19:19:09+08:00,DATA_AND_RESEARCH_EVIDENCE_ONLY,NONE
300740.SZ,CHINEXT,1,0.305572,74,73,1,0,VALID,,,2026-08-31T19:18:45+08:00,DATA_AND_RESEARCH_EVIDENCE_ONLY,NONE
300741.SZ,CHINEXT,1,0.366655,8,7,1,0,VALID,,,2026-08-31T19:22:13+08:00,DATA_AND_RESEARCH_EVIDENCE_ONLY,NONE
300743.SZ,CHINEXT,1,0.374862,49,48,1,0,VALID,,,2026-08-31T19:18:44+08:00,DATA_AND_RESEARCH_EVIDENCE_ONLY,NONE
300745.SZ,CHINEXT,1,0.339415,35,34,1,0,VALID,,,2026-08-31T19:21:57+08:00,DATA_AND_RESEARCH_EVIDENCE_ONLY,NONE
300746.SZ,CHINEXT,1,0.358187,17,16,1,0,VALID,,,2026-08-31T19:22:16+08:00,DATA_AND_RESEARCH_EVIDENCE_ONLY,NONE
300747.SZ,CHINEXT,1,0.335592,32,31,1,0,VALID,,,2026-08-31T19:19:49+08:00,DATA_AND_RESEARCH_EVIDENCE_ONLY,NONE
300748.SZ,CHINEXT,1,0.293897,58,58,0,0,VALID,,,2026-08-31T19:21:57+08:00,DATA_AND_RESEARCH_EVIDENCE_ONLY,NONE
300749.SZ,CHINEXT,1,0.359241,18,18,0,0,VALID,,,2026-08-31T19:22:14+08:00,DATA_AND_RESEARCH_EVIDENCE_ONLY,NONE
300750.SZ,CHINEXT,1,0.287292,80,79,1,0,VALID,,,2026-08-31T19:19:50+08:00,DATA_AND_RESEARCH_EVIDENCE_ONLY,NONE
300751.SZ,CHINEXT,1,0.266856,39,38,1,0,VALID,,,2026-08-31T19:19:50+08:00,DATA_AND_RESEARCH_EVIDENCE_ONLY,NONE
300752.SZ,CHINEXT,1,0.301255,39,38,1,0,VALID,,,2026-08-31T19:22:10+08:00,DATA_AND_RESEARCH_EVIDENCE_ONLY,NONE
300753.SZ,CHINEXT,1,0.401329,19,18,1,0,VALID,,,2026-08-31T19:22:14+08:00,DATA_AND_RESEARCH_EVIDENCE_ONLY,NONE
300755.SZ,CHINEXT,1,0.477749,15,13,2,0,VALID,,,2026-08-31T19:19:00+08:00,DATA_AND_RESEARCH_EVIDENCE_ONLY,NONE
300756.SZ,CHINEXT,1,0.351183,27,26,1,0,VALID,,,2026-08-31T19:19:50+08:00,DATA_AND_RESEARCH_EVIDENCE_ONLY,NONE
300757.SZ,CHINEXT,1,0.617559,26,25,1,0,VALID,,,2026-08-31T19:19:51+08:00,DATA_AND_RESEARCH_EVIDENCE_ONLY,NONE
300758.SZ,CHINEXT,1,0.3752,35,35,0,0,VALID,,,2026-08-31T19:18:47+08:00,DATA_AND_RESEARCH_EVIDENCE_ONLY,NONE
300759.SZ,CHINEXT,1,0.379228,26,25,1,0,VALID,,,2026-08-31T19:19:01+08:00,DATA_AND_RESEARCH_EVIDENCE_ONLY,NONE
300760.SZ,CHINEXT,1,0.307197,13,12,1,0,VALID,,,2026-08-31T19:23:14+08:00,DATA_AND_RESEARCH_EVIDENCE_ONLY,NONE
300761.SZ,CHINEXT,1,0.506091,20,19,1,0,VALID,,,2026-08-31T19:22:16+08:00,DATA_AND_RESEARCH_EVIDENCE_ONLY,NONE
300762.SZ,CHINEXT,1,0.307357,19,18,1,0,VALID,,,2026-08-31T19:22:46+08:00,DATA_AND_RESEARCH_EVIDENCE_ONLY,NONE
300763.SZ,CHINEXT,1,0.527968,58,55,3,0,VALID,,,2026-08-31T19:18:51+08:00,DATA_AND_RESEARCH_EVIDENCE_ONLY,NONE
300765.SZ,CHINEXT,1,0.367395,13,12,1,0,VALID,,,2026-08-31T19:18:44+08:00,DATA_AND_RESEARCH_EVIDENCE_ONLY,NONE
300766.SZ,CHINEXT,1,0.298056,17,16,1,0,VALID,,,2026-08-31T19:22:47+08:00,DATA_AND_RESEARCH_EVIDENCE_ONLY,NONE
300767.SZ,CHINEXT,1,0.276337,39,38,1,0,VALID,,,2026-08-31T19:19:51+08:00,DATA_AND_RESEARCH_EVIDENCE_ONLY,NONE
300768.SZ,CHINEXT,1,0.301849,14,13,1,0,VALID,,,2026-08-31T19:22:11+08:00,DATA_AND_RESEARCH_EVIDENCE_ONLY,NONE
300769.SZ,CHINEXT,1,0.297659,42,40,2,0,VALID,,,2026-08-31T19:19:01+08:00,DATA_AND_RESEARCH_EVIDENCE_ONLY,NONE
300770.SZ,CHINEXT,1,0.273259,10,9,1,0,VALID,,,2026-08-31T19:19:09+08:00,DATA_AND_RESEARCH_EVIDENCE_ONLY,NONE
300771.SZ,CHINEXT,1,0.363855,16,15,1,0,VALID,,,2026-08-31T19:22:11+08:00,DATA_AND_RESEARCH_EVIDENCE_ONLY,NONE
300772.SZ,CHINEXT,1,0.309837,39,38,1,0,VALID,,,2026-08-31T19:22:11+08:00,DATA_AND_RESEARCH_EVIDENCE_ONLY,NONE
300773.SZ,CHINEXT,1,0.277345,19,18,1,0,VALID,,,2026-08-31T19:19:52+08:00,DATA_AND_RESEARCH_EVIDENCE_ONLY,NONE
300774.SZ,CHINEXT,1,0.350844,14,10,4,0,VALID,,,2026-08-31T19:22:17+08:00,DATA_AND_RESEARCH_EVIDENCE_ONLY,NONE
300775.SZ,CHINEXT,1,0.301596,53,50,3,0,VALID,,,2026-08-31T19:18:46+08:00,DATA_AND_RESEARCH_EVIDENCE_ONLY,NONE
300776.SZ,CHINEXT,1,0.302938,52,50,2,0,VALID,,,2026-08-31T19:21:58+08:00,DATA_AND_RESEARCH_EVIDENCE_ONLY,NONE
300777.SZ,CHINEXT,1,0.264306,16,15,1,0,VALID,,,2026-08-31T19:18:51+08:00,DATA_AND_RESEARCH_EVIDENCE_ONLY,NONE
300778.SZ,CHINEXT,1,0.400022,37,36,1,0,VALID,,,2026-08-31T19:22:11+08:00,DATA_AND_RESEARCH_EVIDENCE_ONLY,NONE
300779.SZ,CHINEXT,1,0.461087,76,75,1,0,VALID,,,2026-08-31T19:21:58+08:00,DATA_AND_RESEARCH_EVIDENCE_ONLY,NONE
300780.SZ,CHINEXT,1,0.263223,21,20,1,0,VALID,,,2026-08-31T19:18:51+08:00,DATA_AND_RESEARCH_EVIDENCE_ONLY,NONE
300781.SZ,CHINEXT,1,0.268302,15,14,1,0,VALID,,,2026-08-31T19:19:10+08:00,DATA_AND_RESEARCH_EVIDENCE_ONLY,NONE
300782.SZ,CHINEXT,1,0.301701,26,25,1,0,VALID,,,2026-08-31T19:21:58+08:00,DATA_AND_RESEARCH_EVIDENCE_ONLY,NONE
300783.SZ,CHINEXT,1,0.252931,14,13,1,0,VALID,,,2026-08-31T19:22:17+08:00,DATA_AND_RESEARCH_EVIDENCE_ONLY,NONE
300784.SZ,CHINEXT,1,0.306102,6,5,1,0,VALID,,,2026-08-31T19:21:59+08:00,DATA_AND_RESEARCH_EVIDENCE_ONLY,NONE
300785.SZ,CHINEXT,1,0.280477,31,30,1,0,VALID,,,2026-08-31T19:18:47+08:00,DATA_AND_RESEARCH_EVIDENCE_ONLY,NONE
300786.SZ,CHINEXT,1,0.384394,34,33,1,0,VALID,,,2026-08-31T19:19:01+08:00,DATA_AND_RESEARCH_EVIDENCE_ONLY,NONE
300787.SZ,CHINEXT,1,0.271211,30,29,1,0,VALID,,,2026-08-31T19:18:52+08:00,DATA_AND_RESEARCH_EVIDENCE_ONLY,NONE
300788.SZ,CHINEXT,1,0.346933,8,7,1,0,VALID,,,2026-08-31T19:22:15+08:00,DATA_AND_RESEARCH_EVIDENCE_ONLY,NONE
300789.SZ,CHINEXT,1,0.273468,21,20,1,0,VALID,,,2026-08-31T19:19:52+08:00,DATA_AND_RESEARCH_EVIDENCE_ONLY,NONE
300790.SZ,CHINEXT,1,0.28789,43,42,1,0,VALID,,,2026-08-31T19:22:11+08:00,DATA_AND_RESEARCH_EVIDENCE_ONLY,NONE
300791.SZ,CHINEXT,1,0.422522,46,45,1,0,VALID,,,2026-08-31T19:22:11+08:00,DATA_AND_RESEARCH_EVIDENCE_ONLY,NONE
300792.SZ,CHINEXT,1,0.421413,33,30,3,0,VALID,,,2026-08-31T19:19:10+08:00,DATA_AND_RESEARCH_EVIDENCE_ONLY,NONE
300793.SZ,CHINEXT,1,0.268139,29,28,1,0,VALID,,,2026-08-31T19:18:52+08:00,DATA_AND_RESEARCH_EVIDENCE_ONLY,NONE
300795.SZ,CHINEXT,1,0.454271,40,39,1,0,VALID,,,2026-08-31T19:22:47+08:00,DATA_AND_RESEARCH_EVIDENCE_ONLY,NONE
300796.SZ,CHINEXT,1,0.545085,14,13,1,0,VALID,,,2026-08-31T19:23:14+08:00,DATA_AND_RESEARCH_EVIDENCE_ONLY,NONE
300797.SZ,CHINEXT,1,0.298448,19,18,1,0,VALID,,,2026-08-31T19:22:11+08:00,DATA_AND_RESEARCH_EVIDENCE_ONLY,NONE
300798.SZ,CHINEXT,1,0.333707,40,39,1,0,VALID,,,2026-08-31T19:18:54+08:00,DATA_AND_RESEARCH_EVIDENCE_ONLY,NONE
300800.SZ,CHINEXT,1,0.2822,21,19,2,0,VALID,,,2026-08-31T19:18:48+08:00,DATA_AND_RESEARCH_EVIDENCE_ONLY,NONE
300801.SZ,CHINEXT,1,0.266866,24,23,1,0,VALID,,,2026-08-31T19:19:52+08:00,DATA_AND_RESEARCH_EVIDENCE_ONLY,NONE
300802.SZ,CHINEXT,1,0.29846,21,20,1,1,VALID,,,2026-08-31T19:21:59+08:00,DATA_AND_RESEARCH_EVIDENCE_ONLY,NONE
300803.SZ,CHINEXT,1,0.379588,55,54,1,0,VALID,,,2026-08-31T19:22:12+08:00,DATA_AND_RESEARCH_EVIDENCE_ONLY,NONE
300804.SZ,CHINEXT,1,0.450062,6,5,1,0,VALID,,,2026-08-31T19:19:02+08:00,DATA_AND_RESEARCH_EVIDENCE_ONLY,NONE
300805.SZ,CHINEXT,1,0.272342,14,13,1,0,VALID,,,2026-08-31T19:18:45+08:00,DATA_AND_RESEARCH_EVIDENCE_ONLY,NONE
300806.SZ,CHINEXT,1,0.354002,51,49,2,0,VALID,,,2026-08-31T19:22:12+08:00,DATA_AND_RESEARCH_EVIDENCE_ONLY,NONE
300807.SZ,CHINEXT,1,0.368278,39,38,1,0,VALID,,,2026-08-31T19:18:48+08:00,DATA_AND_RESEARCH_EVIDENCE_ONLY,NONE
300808.SZ,CHINEXT,1,0.302701,11,10,1,0,VALID,,,2026-08-31T19:18:46+08:00,DATA_AND_RESEARCH_EVIDENCE_ONLY,NONE
300809.SZ,CHINEXT,1,0.294914,14,13,1,0,VALID,,,2026-08-31T19:22:12+08:00,DATA_AND_RESEARCH_EVIDENCE_ONLY,NONE
300810.SZ,CHINEXT,1,0.296797,15,14,1,0,VALID,,,2026-08-31T19:21:59+08:00,DATA_AND_RESEARCH_EVIDENCE_ONLY,NONE
300811.SZ,CHINEXT,1,0.271726,44,43,1,0,VALID,,,2026-08-31T19:19:52+08:00,DATA_AND_RESEARCH_EVIDENCE_ONLY,NONE
300812.SZ,CHINEXT,1,0.26672,24,22,2,0,VALID,,,2026-08-31T19:19:53+08:00,DATA_AND_RESEARCH_EVIDENCE_ONLY,NONE
300813.SZ,CHINEXT,1,0.300447,36,35,1,0,VALID,,,2026-08-31T19:18:46+08:00,DATA_AND_RESEARCH_EVIDENCE_ONLY,NONE
300814.SZ,CHINEXT,1,0.293023,17,16,1,0,VALID,,,2026-08-31T19:22:00+08:00,DATA_AND_RESEARCH_EVIDENCE_ONLY,NONE
300815.SZ,CHINEXT,1,0.48689,20,17,3,0,VALID,,,2026-08-31T19:18:54+08:00,DATA_AND_RESEARCH_EVIDENCE_ONLY,NONE
300816.SZ,CHINEXT,1,0.354948,17,16,1,0,VALID,,,2026-08-31T19:19:10+08:00,DATA_AND_RESEARCH_EVIDENCE_ONLY,NONE
300817.SZ,CHINEXT,1,0.297272,13,12,1,0,VALID,,,2026-08-31T19:18:47+08:00,DATA_AND_RESEARCH_EVIDENCE_ONLY,NONE
300818.SZ,CHINEXT,1,0.308273,38,37,1,0,VALID,,,2026-08-31T19:22:11+08:00,DATA_AND_RESEARCH_EVIDENCE_ONLY,NONE
300819.SZ,CHINEXT,1,0.43562,5,4,1,0,VALID,,,2026-08-31T19:22:17+08:00,DATA_AND_RESEARCH_EVIDENCE_ONLY,NONE
300820.SZ,CHINEXT,1,0.297563,46,44,2,0,VALID,,,2026-08-31T19:18:47+08:00,DATA_AND_RESEARCH_EVIDENCE_ONLY,NONE
300821.SZ,CHINEXT,1,0.348284,7,6,1,0,VALID,,,2026-08-31T19:18:48+08:00,DATA_AND_RESEARCH_EVIDENCE_ONLY,NONE
300822.SZ,CHINEXT,1,0.340903,13,12,1,0,VALID,,,2026-08-31T19:18:54+08:00,DATA_AND_RESEARCH_EVIDENCE_ONLY,NONE
300823.SZ,CHINEXT,1,0.288324,12,11,1,0,VALID,,,2026-08-31T19:22:12+08:00,DATA_AND_RESEARCH_EVIDENCE_ONLY,NONE
300824.SZ,CHINEXT,1,0.296419,31,30,1,0,VALID,,,2026-08-31T19:22:47+08:00,DATA_AND_RESEARCH_EVIDENCE_ONLY,NONE
300825.SZ,CHINEXT,1,0.487168,34,33,1,0,VALID,,,2026-08-31T19:18:45+08:00,DATA_AND_RESEARCH_EVIDENCE_ONLY,NONE
300826.SZ,CHINEXT,1,0.671855,33,32,1,0,VALID,,,2026-08-31T19:22:13+08:00,DATA_AND_RESEARCH_EVIDENCE_ONLY,NONE
300827.SZ,CHINEXT,1,0.276832,36,34,2,0,VALID,,,2026-08-31T19:19:53+08:00,DATA_AND_RESEARCH_EVIDENCE_ONLY,NONE
300828.SZ,CHINEXT,1,0.355445,36,35,1,0,VALID,,,2026-08-31T19:19:11+08:00,DATA_AND_RESEARCH_EVIDENCE_ONLY,NONE
300829.SZ,CHINEXT,1,0.388718,38,36,2,0,VALID,,,2026-08-31T19:19:02+08:00,DATA_AND_RESEARCH_EVIDENCE_ONLY,NONE
300830.SZ,CHINEXT,1,0.40987,22,20,2,0,VALID,,,2026-08-31T19:22:15+08:00,DATA_AND_RESEARCH_EVIDENCE_ONLY,NONE
300831.SZ,CHINEXT,1,0.29716,5,3,2,0,VALID,,,2026-08-31T19:18:52+08:00,DATA_AND_RESEARCH_EVIDENCE_ONLY,NONE
300832.SZ,CHINEXT,1,0.50025,32,31,1,0,VALID,,,2026-08-31T19:22:48+08:00,DATA_AND_RESEARCH_EVIDENCE_ONLY,NONE
300833.SZ,CHINEXT,1,0.297629,9,8,1,0,VALID,,,2026-08-31T19:18:47+08:00,DATA_AND_RESEARCH_EVIDENCE_ONLY,NONE
300834.SZ,CHINEXT,1,0.269544,9,8,1,0,VALID,,,2026-08-31T19:18:53+08:00,DATA_AND_RESEARCH_EVIDENCE_ONLY,NONE
300835.SZ,CHINEXT,1,0.470957,27,26,1,0,VALID,,,2026-08-31T19:22:00+08:00,DATA_AND_RESEARCH_EVIDENCE_ONLY,NONE
300836.SZ,CHINEXT,1,0.281288,21,20,1,0,VALID,,,2026-08-31T19:22:18+08:00,DATA_AND_RESEARCH_EVIDENCE_ONLY,NONE
300837.SZ,CHINEXT,1,0.425718,20,18,2,0,VALID,,,2026-08-31T19:19:53+08:00,DATA_AND_RESEARCH_EVIDENCE_ONLY,NONE
300838.SZ,CHINEXT,1,0.733321,20,18,2,0,VALID,,,2026-08-31T19:22:48+08:00,DATA_AND_RESEARCH_EVIDENCE_ONLY,NONE
300839.SZ,CHINEXT,1,0.337036,41,40,1,0,VALID,,,2026-08-31T19:18:55+08:00,DATA_AND_RESEARCH_EVIDENCE_ONLY,NONE
300840.SZ,CHINEXT,1,0.632699,10,9,1,0,VALID,,,2026-08-31T19:18:53+08:00,DATA_AND_RESEARCH_EVIDENCE_ONLY,NONE
300841.SZ,CHINEXT,1,0.336631,21,20,1,0,VALID,,,2026-08-31T19:22:18+08:00,DATA_AND_RESEARCH_EVIDENCE_ONLY,NONE
300842.SZ,CHINEXT,1,0.361775,15,14,1,0,VALID,,,2026-08-31T19:18:55+08:00,DATA_AND_RESEARCH_EVIDENCE_ONLY,NONE
300843.SZ,CHINEXT,1,0.296561,39,37,2,0,VALID,,,2026-08-31T19:18:47+08:00,DATA_AND_RESEARCH_EVIDENCE_ONLY,NONE
300844.SZ,CHINEXT,1,0.288103,13,12,1,0,VALID,,,2026-08-31T19:22:49+08:00,DATA_AND_RESEARCH_EVIDENCE_ONLY,NONE
300845.SZ,CHINEXT,1,0.358148,40,38,2,0,VALID,,,2026-08-31T19:22:15+08:00,DATA_AND_RESEARCH_EVIDENCE_ONLY,NONE
300846.SZ,CHINEXT,1,0.322447,62,59,3,0,VALID,,,2026-08-31T19:18:55+08:00,DATA_AND_RESEARCH_EVIDENCE_ONLY,NONE
300847.SZ,CHINEXT,1,0.278257,7,5,2,0,VALID,,,2026-08-31T19:19:54+08:00,DATA_AND_RESEARCH_EVIDENCE_ONLY,NONE
300848.SZ,CHINEXT,1,0.367679,22,20,2,0,VALID,,,2026-08-31T19:18:49+08:00,DATA_AND_RESEARCH_EVIDENCE_ONLY,NONE
300849.SZ,CHINEXT,1,0.517452,12,11,1,0,VALID,,,2026-08-31T19:22:13+08:00,DATA_AND_RESEARCH_EVIDENCE_ONLY,NONE
300850.SZ,CHINEXT,1,0.411359,48,47,1,0,VALID,,,2026-08-31T19:18:48+08:00,DATA_AND_RESEARCH_EVIDENCE_ONLY,NONE
300851.SZ,CHINEXT,1,0.300307,15,13,2,0,VALID,,,2026-08-31T19:18:48+08:00,DATA_AND_RESEARCH_EVIDENCE_ONLY,NONE
300852.SZ,CHINEXT,1,0.270797,27,26,1,0,VALID,,,2026-08-31T19:18:53+08:00,DATA_AND_RESEARCH_EVIDENCE_ONLY,NONE
300853.SZ,CHINEXT,1,0.331353,25,22,3,0,VALID,,,2026-08-31T19:19:11+08:00,DATA_AND_RESEARCH_EVIDENCE_ONLY,NONE
300854.SZ,CHINEXT,1,0.330807,28,27,1,0,VALID,,,2026-08-31T19:22:18+08:00,DATA_AND_RESEARCH_EVIDENCE_ONLY,NONE
300855.SZ,CHINEXT,1,0.267771,19,16,3,0,VALID,,,2026-08-31T19:19:11+08:00,DATA_AND_RESEARCH_EVIDENCE_ONLY,NONE
300856.SZ,CHINEXT,1,0.328416,25,23,2,0,VALID,,,2026-08-31T19:22:19+08:00,DATA_AND_RESEARCH_EVIDENCE_ONLY,NONE
300857.SZ,CHINEXT,1,0.299775,15,14,1,0,VALID,,,2026-08-31T19:22:11+08:00,DATA_AND_RESEARCH_EVIDENCE_ONLY,NONE
300858.SZ,CHINEXT,1,0.360746,18,17,1,0,VALID,,,2026-08-31T19:18:56+08:00,DATA_AND_RESEARCH_EVIDENCE_ONLY,NONE
300859.SZ,CHINEXT,1,0.482638,9,7,2,0,VALID,,,2026-08-31T19:22:14+08:00,DATA_AND_RESEARCH_EVIDENCE_ONLY,NONE
300860.SZ,CHINEXT,1,0.436161,20,16,4,0,VALID,,,2026-08-31T19:22:14+08:00,DATA_AND_RESEARCH_EVIDENCE_ONLY,NONE
300861.SZ,CHINEXT,1,0.37143,16,13,3,0,VALID,,,2026-08-31T19:19:03+08:00,DATA_AND_RESEARCH_EVIDENCE_ONLY,NONE
300862.SZ,CHINEXT,1,0.642124,9,8,1,0,VALID,,,2026-08-31T19:18:54+08:00,DATA_AND_RESEARCH_EVIDENCE_ONLY,NONE
300863.SZ,CHINEXT,1,0.371769,33,32,1,0,VALID,,,2026-08-31T19:18:49+08:00,DATA_AND_RESEARCH_EVIDENCE_ONLY,NONE
300864.SZ,CHINEXT,1,0.506229,13,12,1,0,VALID,,,2026-08-31T19:18:54+08:00,DATA_AND_RESEARCH_EVIDENCE_ONLY,NONE
300865.SZ,CHINEXT,1,0.366814,13,12,1,0,VALID,,,2026-08-31T19:18:49+08:00,DATA_AND_RESEARCH_EVIDENCE_ONLY,NONE
300866.SZ,CHINEXT,1,0.318575,43,42,1,0,VALID,,,2026-08-31T19:22:16+08:00,DATA_AND_RESEARCH_EVIDENCE_ONLY,NONE
300867.SZ,CHINEXT,1,0.273933,9,7,2,0,VALID,,,2026-08-31T19:22:19+08:00,DATA_AND_RESEARCH_EVIDENCE_ONLY,NONE
300868.SZ,CHINEXT,1,0.269228,25,23,2,0,VALID,,,2026-08-31T19:19:12+08:00,DATA_AND_RESEARCH_EVIDENCE_ONLY,NONE
300869.SZ,CHINEXT,1,0.536354,26,25,1,0,VALID,,,2026-08-31T19:22:19+08:00,DATA_AND_RESEARCH_EVIDENCE_ONLY,NONE
300870.SZ,CHINEXT,1,0.681551,38,37,1,0,VALID,,,2026-08-31T19:23:14+08:00,DATA_AND_RESEARCH_EVIDENCE_ONLY,NONE
300871.SZ,CHINEXT,1,0.262775,30,29,1,0,VALID,,,2026-08-31T19:18:55+08:00,DATA_AND_RESEARCH_EVIDENCE_ONLY,NONE
300872.SZ,CHINEXT,1,0.360769,40,37,3,0,VALID,,,2026-08-31T19:18:56+08:00,DATA_AND_RESEARCH_EVIDENCE_ONLY,NONE
300873.SZ,CHINEXT,1,0.30255,14,13,1,0,VALID,,,2026-08-31T19:18:48+08:00,DATA_AND_RESEARCH_EVIDENCE_ONLY,NONE
300875.SZ,CHINEXT,1,0.658825,22,19,3,0,VALID,,,2026-08-31T19:19:03+08:00,DATA_AND_RESEARCH_EVIDENCE_ONLY,NONE
300876.SZ,CHINEXT,1,0.598202,24,23,1,0,VALID,,,2026-08-31T19:18:50+08:00,DATA_AND_RESEARCH_EVIDENCE_ONLY,NONE
300877.SZ,CHINEXT,1,0.261389,11,9,2,0,VALID,,,2026-08-31T19:19:54+08:00,DATA_AND_RESEARCH_EVIDENCE_ONLY,NONE
300878.SZ,CHINEXT,1,0.300262,14,13,1,0,VALID,,,2026-08-31T19:22:00+08:00,DATA_AND_RESEARCH_EVIDENCE_ONLY,NONE
300879.SZ,CHINEXT,1,0.54967,19,18,1,0,VALID,,,2026-08-31T19:23:15+08:00,DATA_AND_RESEARCH_EVIDENCE_ONLY,NONE
300880.SZ,CHINEXT,1,0.307895,16,15,1,0,VALID,,,2026-08-31T19:22:49+08:00,DATA_AND_RESEARCH_EVIDENCE_ONLY,NONE
300881.SZ,CHINEXT,1,0.438555,8,6,2,0,VALID,,,2026-08-31T19:22:49+08:00,DATA_AND_RESEARCH_EVIDENCE_ONLY,NONE
300882.SZ,CHINEXT,1,0.292971,13,12,1,0,VALID,,,2026-08-31T19:22:12+08:00,DATA_AND_RESEARCH_EVIDENCE_ONLY,NONE
300883.SZ,CHINEXT,1,0.298532,15,14,1,0,VALID,,,2026-08-31T19:18:49+08:00,DATA_AND_RESEARCH_EVIDENCE_ONLY,NONE
300884.SZ,CHINEXT,1,0.285245,14,13,1,0,VALID,,,2026-08-31T19:19:54+08:00,DATA_AND_RESEARCH_EVIDENCE_ONLY,NONE
300885.SZ,CHINEXT,1,0.30203,10,9,1,0,VALID,,,2026-08-31T19:18:49+08:00,DATA_AND_RESEARCH_EVIDENCE_ONLY,NONE
300886.SZ,CHINEXT,1,0.329234,12,11,1,0,VALID,,,2026-08-31T19:22:12+08:00,DATA_AND_RESEARCH_EVIDENCE_ONLY,NONE
300887.SZ,CHINEXT,1,0.492889,34,33,1,0,VALID,,,2026-08-31T19:22:01+08:00,DATA_AND_RESEARCH_EVIDENCE_ONLY,NONE
300888.SZ,CHINEXT,1,0.329596,24,22,2,0,VALID,,,2026-08-31T19:19:55+08:00,DATA_AND_RESEARCH_EVIDENCE_ONLY,NONE
300889.SZ,CHINEXT,1,0.296136,15,14,1,0,VALID,,,2026-08-31T19:22:13+08:00,DATA_AND_RESEARCH_EVIDENCE_ONLY,NONE
300890.SZ,CHINEXT,1,0.300325,28,27,1,0,VALID,,,2026-08-31T19:18:49+08:00,DATA_AND_RESEARCH_EVIDENCE_ONLY,NONE
300891.SZ,CHINEXT,1,0.290156,25,24,1,0,VALID,,,2026-08-31T19:22:13+08:00,DATA_AND_RESEARCH_EVIDENCE_ONLY,NONE
300892.SZ,CHINEXT,1,0.269659,9,8,1,0,VALID,,,2026-08-31T19:18:55+08:00,DATA_AND_RESEARCH_EVIDENCE_ONLY,NONE
300893.SZ,CHINEXT,1,0.463594,25,24,1,0,VALID,,,2026-08-31T19:18:50+08:00,DATA_AND_RESEARCH_EVIDENCE_ONLY,NONE
300894.SZ,CHINEXT,1,0.302341,31,29,2,0,VALID,,,2026-08-31T19:22:12+08:00,DATA_AND_RESEARCH_EVIDENCE_ONLY,NONE
300895.SZ,CHINEXT,1,0.277269,27,26,1,0,VALID,,,2026-08-31T19:22:20+08:00,DATA_AND_RESEARCH_EVIDENCE_ONLY,NONE
300896.SZ,CHINEXT,1,0.340176,20,18,2,0,VALID,,,2026-08-31T19:19:55+08:00,DATA_AND_RESEARCH_EVIDENCE_ONLY,NONE
300897.SZ,CHINEXT,1,0.300961,14,13,1,0,VALID,,,2026-08-31T19:18:50+08:00,DATA_AND_RESEARCH_EVIDENCE_ONLY,NONE
300898.SZ,CHINEXT,1,0.304137,28,26,2,0,VALID,,,2026-08-31T19:22:12+08:00,DATA_AND_RESEARCH_EVIDENCE_ONLY,NONE
300899.SZ,CHINEXT,1,0.342936,9,8,1,0,VALID,,,2026-08-31T19:22:12+08:00,DATA_AND_RESEARCH_EVIDENCE_ONLY,NONE
300900.SZ,CHINEXT,1,0.321348,46,44,2,0,VALID,,,2026-08-31T19:18:45+08:00,DATA_AND_RESEARCH_EVIDENCE_ONLY,NONE
300901.SZ,CHINEXT,1,0.313712,5,4,1,0,VALID,,,2026-08-31T19:18:57+08:00,DATA_AND_RESEARCH_EVIDENCE_ONLY,NONE
300902.SZ,CHINEXT,1,0.413936,22,21,1,0,VALID,,,2026-08-31T19:22:15+08:00,DATA_AND_RESEARCH_EVIDENCE_ONLY,NONE
300903.SZ,CHINEXT,1,0.373849,26,25,1,0,VALID,,,2026-08-31T19:18:50+08:00,DATA_AND_RESEARCH_EVIDENCE_ONLY,NONE
300904.SZ,CHINEXT,1,0.269285,13,11,2,0,VALID,,,2026-08-31T19:19:12+08:00,DATA_AND_RESEARCH_EVIDENCE_ONLY,NONE
300905.SZ,CHINEXT,1,0.338481,23,22,1,0,VALID,,,2026-08-31T19:22:20+08:00,DATA_AND_RESEARCH_EVIDENCE_ONLY,NONE
300906.SZ,CHINEXT,1,0.292747,21,20,1,0,VALID,,,2026-08-31T19:22:13+08:00,DATA_AND_RESEARCH_EVIDENCE_ONLY,NONE
300907.SZ,CHINEXT,1,0.272885,9,8,1,0,VALID,,,2026-08-31T19:19:12+08:00,DATA_AND_RESEARCH_EVIDENCE_ONLY,NONE
300908.SZ,CHINEXT,1,0.272235,13,11,2,0,VALID,,,2026-08-31T19:22:20+08:00,DATA_AND_RESEARCH_EVIDENCE_ONLY,NONE
300909.SZ,CHINEXT,1,0.262307,26,25,1,0,VALID,,,2026-08-31T19:18:55+08:00,DATA_AND_RESEARCH_EVIDENCE_ONLY,NONE
300910.SZ,CHINEXT,1,0.37587,30,28,2,0,VALID,,,2026-08-31T19:18:51+08:00,DATA_AND_RESEARCH_EVIDENCE_ONLY,NONE
300911.SZ,CHINEXT,1,0.297101,29,28,1,0,VALID,,,2026-08-31T19:22:13+08:00,DATA_AND_RESEARCH_EVIDENCE_ONLY,NONE
300912.SZ,CHINEXT,1,0.265673,23,21,2,0,VALID,,,2026-08-31T19:18:51+08:00,DATA_AND_RESEARCH_EVIDENCE_ONLY,NONE
300913.SZ,CHINEXT,1,0.303492,16,15,1,0,VALID,,,2026-08-31T19:18:46+08:00,DATA_AND_RESEARCH_EVIDENCE_ONLY,NONE
300915.SZ,CHINEXT,1,0.411571,16,14,2,0,VALID,,,2026-08-31T19:22:01+08:00,DATA_AND_RESEARCH_EVIDENCE_ONLY,NONE
300916.SZ,CHINEXT,1,0.312453,15,14,1,0,VALID,,,2026-08-31T19:22:16+08:00,DATA_AND_RESEARCH_EVIDENCE_ONLY,NONE
300917.SZ,CHINEXT,1,0.369112,11,10,1,0,VALID,,,2026-08-31T19:18:46+08:00,DATA_AND_RESEARCH_EVIDENCE_ONLY,NONE
300918.SZ,CHINEXT,1,0.321095,23,22,1,0,VALID,,,2026-08-31T19:22:16+08:00,DATA_AND_RESEARCH_EVIDENCE_ONLY,NONE
300919.SZ,CHINEXT,1,0.306581,41,40,1,0,VALID,,,2026-08-31T19:22:13+08:00,DATA_AND_RESEARCH_EVIDENCE_ONLY,NONE
300920.SZ,CHINEXT,1,0.300883,20,18,2,0,VALID,,,2026-08-31T19:22:21+08:00,DATA_AND_RESEARCH_EVIDENCE_ONLY,NONE
300921.SZ,CHINEXT,1,0.343207,19,18,1,0,VALID,,,2026-08-31T19:18:57+08:00,DATA_AND_RESEARCH_EVIDENCE_ONLY,NONE
300922.SZ,CHINEXT,1,0.369561,36,35,1,0,VALID,,,2026-08-31T19:18:46+08:00,DATA_AND_RESEARCH_EVIDENCE_ONLY,NONE
300923.SZ,CHINEXT,1,0.375789,15,14,1,0,VALID,,,2026-08-31T19:22:15+08:00,DATA_AND_RESEARCH_EVIDENCE_ONLY,NONE
300925.SZ,CHINEXT,1,0.362789,44,39,5,0,VALID,,,2026-08-31T19:22:16+08:00,DATA_AND_RESEARCH_EVIDENCE_ONLY,NONE
300926.SZ,CHINEXT,1,0.558062,29,28,1,0,VALID,,,2026-08-31T19:22:14+08:00,DATA_AND_RESEARCH_EVIDENCE_ONLY,NONE
300927.SZ,CHINEXT,1,0.884342,14,13,1,0,VALID,,,2026-08-31T19:22:50+08:00,DATA_AND_RESEARCH_EVIDENCE_ONLY,NONE
300928.SZ,CHINEXT,1,0.382927,12,10,2,0,VALID,,,2026-08-31T19:22:17+08:00,DATA_AND_RESEARCH_EVIDENCE_ONLY,NONE
300929.SZ,CHINEXT,1,0.559532,14,11,3,0,VALID,,,2026-08-31T19:22:14+08:00,DATA_AND_RESEARCH_EVIDENCE_ONLY,NONE
300930.SZ,CHINEXT,1,0.415872,6,5,1,0,VALID,,,2026-08-31T19:18:57+08:00,DATA_AND_RESEARCH_EVIDENCE_ONLY,NONE
300931.SZ,CHINEXT,1,0.294834,19,15,4,0,VALID,,,2026-08-31T19:22:02+08:00,DATA_AND_RESEARCH_EVIDENCE_ONLY,NONE
300932.SZ,CHINEXT,1,0.282443,11,9,2,0,VALID,,,2026-08-31T19:18:47+08:00,DATA_AND_RESEARCH_EVIDENCE_ONLY,NONE
300933.SZ,CHINEXT,1,0.348622,24,23,1,0,VALID,,,2026-08-31T19:23:16+08:00,DATA_AND_RESEARCH_EVIDENCE_ONLY,NONE
300935.SZ,CHINEXT,1,0.45926,22,15,7,0,VALID,,,2026-08-31T19:22:16+08:00,DATA_AND_RESEARCH_EVIDENCE_ONLY,NONE
300936.SZ,CHINEXT,1,0.334439,9,7,2,0,VALID,,,2026-08-31T19:18:58+08:00,DATA_AND_RESEARCH_EVIDENCE_ONLY,NONE
300937.SZ,CHINEXT,1,0.333242,14,13,1,0,VALID,,,2026-08-31T19:19:12+08:00,DATA_AND_RESEARCH_EVIDENCE_ONLY,NONE
300938.SZ,CHINEXT,1,0.413559,48,46,2,0,VALID,,,2026-08-31T19:22:17+08:00,DATA_AND_RESEARCH_EVIDENCE_ONLY,NONE
300939.SZ,CHINEXT,1,0.527618,5,4,1,0,VALID,,,2026-08-31T19:22:16+08:00,DATA_AND_RESEARCH_EVIDENCE_ONLY,NONE
300940.SZ,CHINEXT,1,0.301076,18,17,1,0,VALID,,,2026-08-31T19:22:02+08:00,DATA_AND_RESEARCH_EVIDENCE_ONLY,NONE
300941.SZ,CHINEXT,1,0.287673,28,27,1,0,VALID,,,2026-08-31T19:22:15+08:00,DATA_AND_RESEARCH_EVIDENCE_ONLY,NONE
300942.SZ,CHINEXT,1,0.311857,30,29,1,0,VALID,,,2026-08-31T19:18:51+08:00,DATA_AND_RESEARCH_EVIDENCE_ONLY,NONE
300943.SZ,CHINEXT,1,0.596832,31,30,1,0,VALID,,,2026-08-31T19:19:55+08:00,DATA_AND_RESEARCH_EVIDENCE_ONLY,NONE
300945.SZ,CHINEXT,1,0.279155,20,18,2,0,VALID,,,2026-08-31T19:19:13+08:00,DATA_AND_RESEARCH_EVIDENCE_ONLY,NONE
300946.SZ,CHINEXT,1,0.29285,10,9,1,0,VALID,,,2026-08-31T19:22:51+08:00,DATA_AND_RESEARCH_EVIDENCE_ONLY,NONE
300947.SZ,CHINEXT,1,0.289102,16,15,1,0,VALID,,,2026-08-31T19:22:51+08:00,DATA_AND_RESEARCH_EVIDENCE_ONLY,NONE
300948.SZ,CHINEXT,1,0.265097,37,36,1,0,VALID,,,2026-08-31T19:19:56+08:00,DATA_AND_RESEARCH_EVIDENCE_ONLY,NONE
300949.SZ,CHINEXT,1,0.302949,11,9,2,0,VALID,,,2026-08-31T19:22:15+08:00,DATA_AND_RESEARCH_EVIDENCE_ONLY,NONE
300950.SZ,CHINEXT,1,0.357406,19,18,1,0,VALID,,,2026-08-31T19:18:51+08:00,DATA_AND_RESEARCH_EVIDENCE_ONLY,NONE
300951.SZ,CHINEXT,1,0.300211,22,21,1,0,VALID,,,2026-08-31T19:22:13+08:00,DATA_AND_RESEARCH_EVIDENCE_ONLY,NONE
300952.SZ,CHINEXT,1,0.270876,28,27,1,0,VALID,,,2026-08-31T19:18:51+08:00,DATA_AND_RESEARCH_EVIDENCE_ONLY,NONE
300953.SZ,CHINEXT,1,0.524354,34,32,2,0,VALID,,,2026-08-31T19:22:17+08:00,DATA_AND_RESEARCH_EVIDENCE_ONLY,NONE
300955.SZ,CHINEXT,1,0.330612,7,6,1,0,VALID,,,2026-08-31T19:22:21+08:00,DATA_AND_RESEARCH_EVIDENCE_ONLY,NONE
300956.SZ,CHINEXT,1,0.341367,22,21,1,0,VALID,,,2026-08-31T19:18:58+08:00,DATA_AND_RESEARCH_EVIDENCE_ONLY,NONE
300957.SZ,CHINEXT,1,0.315754,9,8,1,0,VALID,,,2026-08-31T19:22:16+08:00,DATA_AND_RESEARCH_EVIDENCE_ONLY,NONE
300958.SZ,CHINEXT,1,0.296383,10,8,2,0,VALID,,,2026-08-31T19:18:51+08:00,DATA_AND_RESEARCH_EVIDENCE_ONLY,NONE
300959.SZ,CHINEXT,1,0.28711,11,10,1,0,VALID,,,2026-08-31T19:22:16+08:00,DATA_AND_RESEARCH_EVIDENCE_ONLY,NONE
300960.SZ,CHINEXT,1,0.303864,12,9,3,0,VALID,,,2026-08-31T19:22:13+08:00,DATA_AND_RESEARCH_EVIDENCE_ONLY,NONE
300961.SZ,CHINEXT,1,0.313329,12,11,1,0,VALID,,,2026-08-31T19:18:58+08:00,DATA_AND_RESEARCH_EVIDENCE_ONLY,NONE
300962.SZ,CHINEXT,1,0.28985,7,5,2,0,VALID,,,2026-08-31T19:22:51+08:00,DATA_AND_RESEARCH_EVIDENCE_ONLY,NONE
300963.SZ,CHINEXT,1,0.26564,16,15,1,0,VALID,,,2026-08-31T19:22:21+08:00,DATA_AND_RESEARCH_EVIDENCE_ONLY,NONE
300964.SZ,CHINEXT,1,0.896177,18,13,5,0,VALID,,,2026-08-31T19:22:52+08:00,DATA_AND_RESEARCH_EVIDENCE_ONLY,NONE
300965.SZ,CHINEXT,1,0.338159,8,7,1,0,VALID,,,2026-08-31T19:19:56+08:00,DATA_AND_RESEARCH_EVIDENCE_ONLY,NONE
300966.SZ,CHINEXT,1,0.264158,17,16,1,0,VALID,,,2026-08-31T19:22:22+08:00,DATA_AND_RESEARCH_EVIDENCE_ONLY,NONE
300967.SZ,CHINEXT,1,0.267975,38,38,0,0,VALID,,,2026-08-31T19:22:22+08:00,DATA_AND_RESEARCH_EVIDENCE_ONLY,NONE
300968.SZ,CHINEXT,1,0.388125,8,6,2,0,VALID,,,2026-08-31T19:22:17+08:00,DATA_AND_RESEARCH_EVIDENCE_ONLY,NONE
300969.SZ,CHINEXT,1,0.34298,18,17,1,0,VALID,,,2026-08-31T19:22:22+08:00,DATA_AND_RESEARCH_EVIDENCE_ONLY,NONE
300970.SZ,CHINEXT,1,0.338556,22,21,1,0,VALID,,,2026-08-31T19:22:17+08:00,DATA_AND_RESEARCH_EVIDENCE_ONLY,NONE
300971.SZ,CHINEXT,1,0.297576,26,25,1,0,VALID,,,2026-08-31T19:22:16+08:00,DATA_AND_RESEARCH_EVIDENCE_ONLY,NONE
300972.SZ,CHINEXT,1,0.41498,34,33,1,0,VALID,,,2026-08-31T19:19:04+08:00,DATA_AND_RESEARCH_EVIDENCE_ONLY,NONE
300973.SZ,CHINEXT,1,0.422928,25,24,1,0,VALID,,,2026-08-31T19:22:22+08:00,DATA_AND_RESEARCH_EVIDENCE_ONLY,NONE
300975.SZ,CHINEXT,1,0.455074,36,34,2,0,VALID,,,2026-08-31T19:19:04+08:00,DATA_AND_RESEARCH_EVIDENCE_ONLY,NONE
300976.SZ,CHINEXT,1,0.27276,25,24,1,0,VALID,,,2026-08-31T19:19:13+08:00,DATA_AND_RESEARCH_EVIDENCE_ONLY,NONE
300977.SZ,CHINEXT,1,0.488686,22,21,1,0,VALID,,,2026-08-31T19:18:56+08:00,DATA_AND_RESEARCH_EVIDENCE_ONLY,NONE
300978.SZ,CHINEXT,1,0.317355,17,16,1,0,VALID,,,2026-08-31T19:18:52+08:00,DATA_AND_RESEARCH_EVIDENCE_ONLY,NONE
300979.SZ,CHINEXT,1,0.350386,14,13,1,0,VALID,,,2026-08-31T19:23:16+08:00,DATA_AND_RESEARCH_EVIDENCE_ONLY,NONE
300980.SZ,CHINEXT,1,0.346705,29,28,1,0,VALID,,,2026-08-31T19:23:16+08:00,DATA_AND_RESEARCH_EVIDENCE_ONLY,NONE
300981.SZ,CHINEXT,1,0.297444,19,16,3,0,VALID,,,2026-08-31T19:22:14+08:00,DATA_AND_RESEARCH_EVIDENCE_ONLY,NONE
300982.SZ,CHINEXT,1,0.26449,13,12,1,0,VALID,,,2026-08-31T19:22:23+08:00,DATA_AND_RESEARCH_EVIDENCE_ONLY,NONE
300983.SZ,CHINEXT,1,0.295704,15,12,3,0,VALID,,,2026-08-31T19:22:02+08:00,DATA_AND_RESEARCH_EVIDENCE_ONLY,NONE
300984.SZ,CHINEXT,1,0.289961,26,25,1,0,VALID,,,2026-08-31T19:22:53+08:00,DATA_AND_RESEARCH_EVIDENCE_ONLY,NONE
300985.SZ,CHINEXT,1,0.311423,8,7,1,0,VALID,,,2026-08-31T19:22:18+08:00,DATA_AND_RESEARCH_EVIDENCE_ONLY,NONE
300986.SZ,CHINEXT,1,0.367179,41,40,1,0,VALID,,,2026-08-31T19:18:59+08:00,DATA_AND_RESEARCH_EVIDENCE_ONLY,NONE
300987.SZ,CHINEXT,1,0.26562,10,9,1,0,VALID,,,2026-08-31T19:18:56+08:00,DATA_AND_RESEARCH_EVIDENCE_ONLY,NONE
300988.SZ,CHINEXT,1,0.276153,27,18,9,0,VALID,,,2026-08-31T19:22:23+08:00,DATA_AND_RESEARCH_EVIDENCE_ONLY,NONE
300989.SZ,CHINEXT,1,0.388189,23,19,4,0,VALID,,,2026-08-31T19:22:18+08:00,DATA_AND_RESEARCH_EVIDENCE_ONLY,NONE
300990.SZ,CHINEXT,1,0.342029,14,13,1,0,VALID,,,2026-08-31T19:18:59+08:00,DATA_AND_RESEARCH_EVIDENCE_ONLY,NONE
300991.SZ,CHINEXT,1,0.279122,15,14,1,0,VALID,,,2026-08-31T19:19:13+08:00,DATA_AND_RESEARCH_EVIDENCE_ONLY,NONE
300992.SZ,CHINEXT,1,0.432209,40,39,1,0,VALID,,,2026-08-31T19:22:18+08:00,DATA_AND_RESEARCH_EVIDENCE_ONLY,NONE
300993.SZ,CHINEXT,1,0.546748,16,15,1,0,VALID,,,2026-08-31T19:23:17+08:00,DATA_AND_RESEARCH_EVIDENCE_ONLY,NONE
300994.SZ,CHINEXT,1,0.351318,8,7,1,0,VALID,,,2026-08-31T19:19:05+08:00,DATA_AND_RESEARCH_EVIDENCE_ONLY,NONE
300995.SZ,CHINEXT,1,0.61833,15,14,1,0,VALID,,,2026-08-31T19:18:56+08:00,DATA_AND_RESEARCH_EVIDENCE_ONLY,NONE
300996.SZ,CHINEXT,1,0.51384,28,26,2,0,VALID,,,2026-08-31T19:22:16+08:00,DATA_AND_RESEARCH_EVIDENCE_ONLY,NONE
300997.SZ,CHINEXT,1,0.29788,9,8,1,0,VALID,,,2026-08-31T19:22:17+08:00,DATA_AND_RESEARCH_EVIDENCE_ONLY,NONE
300998.SZ,CHINEXT,1,0.402093,20,19,1,0,VALID,,,2026-08-31T19:22:18+08:00,DATA_AND_RESEARCH_EVIDENCE_ONLY,NONE
300999.SZ,CHINEXT,1,0.308942,7,6,1,0,VALID,,,2026-08-31T19:22:02+08:00,DATA_AND_RESEARCH_EVIDENCE_ONLY,NONE
301000.SZ,CHINEXT,1,0.432007,12,11,1,0,VALID,,,2026-08-31T19:22:19+08:00,DATA_AND_RESEARCH_EVIDENCE_ONLY,NONE
301001.SZ,CHINEXT,1,0.29502,11,7,4,0,VALID,,,2026-08-31T19:18:51+08:00,DATA_AND_RESEARCH_EVIDENCE_ONLY,NONE
301002.SZ,CHINEXT,1,0.34964,33,29,4,0,VALID,,,2026-08-31T19:18:59+08:00,DATA_AND_RESEARCH_EVIDENCE_ONLY,NONE
301003.SZ,CHINEXT,1,0.262036,12,11,1,0,VALID,,,2026-08-31T19:19:05+08:00,DATA_AND_RESEARCH_EVIDENCE_ONLY,NONE
301004.SZ,CHINEXT,1,0.444592,33,32,1,0,VALID,,,2026-08-31T19:19:05+08:00,DATA_AND_RESEARCH_EVIDENCE_ONLY,NONE
301005.SZ,CHINEXT,1,0.330208,17,16,1,0,VALID,,,2026-08-31T19:19:14+08:00,DATA_AND_RESEARCH_EVIDENCE_ONLY,NONE
301006.SZ,CHINEXT,1,0.388463,12,11,1,0,VALID,,,2026-08-31T19:18:47+08:00,DATA_AND_RESEARCH_EVIDENCE_ONLY,NONE
301007.SZ,CHINEXT,1,0.335639,20,17,3,0,VALID,,,2026-08-31T19:19:14+08:00,DATA_AND_RESEARCH_EVIDENCE_ONLY,NONE
301008.SZ,CHINEXT,1,0.373898,26,25,1,0,VALID,,,2026-08-31T19:18:52+08:00,DATA_AND_RESEARCH_EVIDENCE_ONLY,NONE
301009.SZ,CHINEXT,1,0.270493,15,14,1,0,VALID,,,2026-08-31T19:19:56+08:00,DATA_AND_RESEARCH_EVIDENCE_ONLY,NONE
301010.SZ,CHINEXT,1,0.386098,6,5,1,0,VALID,,,2026-08-31T19:22:53+08:00,DATA_AND_RESEARCH_EVIDENCE_ONLY,NONE
301011.SZ,CHINEXT,1,0.391571,26,25,1,0,VALID,,,2026-08-31T19:22:19+08:00,DATA_AND_RESEARCH_EVIDENCE_ONLY,NONE
301012.SZ,CHINEXT,1,0.301452,15,14,1,0,VALID,,,2026-08-31T19:22:03+08:00,DATA_AND_RESEARCH_EVIDENCE_ONLY,NONE
301013.SZ,CHINEXT,1,0.499819,29,28,1,0,VALID,,,2026-08-31T19:18:52+08:00,DATA_AND_RESEARCH_EVIDENCE_ONLY,NONE
301015.SZ,CHINEXT,1,0.313676,15,14,1,0,VALID,,,2026-08-31T19:18:47+08:00,DATA_AND_RESEARCH_EVIDENCE_ONLY,NONE
301016.SZ,CHINEXT,1,0.451685,13,12,1,0,VALID,,,2026-08-31T19:18:52+08:00,DATA_AND_RESEARCH_EVIDENCE_ONLY,NONE
301017.SZ,CHINEXT,1,0.29579,30,28,2,0,VALID,,,2026-08-31T19:22:14+08:00,DATA_AND_RESEARCH_EVIDENCE_ONLY,NONE
301018.SZ,CHINEXT,1,0.295913,18,17,1,0,VALID,,,2026-08-31T19:22:14+08:00,DATA_AND_RESEARCH_EVIDENCE_ONLY,NONE
301019.SZ,CHINEXT,1,0.295003,18,17,1,0,VALID,,,2026-08-31T19:22:53+08:00,DATA_AND_RESEARCH_EVIDENCE_ONLY,NONE
301020.SZ,CHINEXT,1,0.34512,8,5,3,0,VALID,,,2026-08-31T19:22:19+08:00,DATA_AND_RESEARCH_EVIDENCE_ONLY,NONE
301021.SZ,CHINEXT,1,0.300913,15,14,1,0,VALID,,,2026-08-31T19:22:03+08:00,DATA_AND_RESEARCH_EVIDENCE_ONLY,NONE
301022.SZ,CHINEXT,1,0.261043,31,30,1,0,VALID,,,2026-08-31T19:18:57+08:00,DATA_AND_RESEARCH_EVIDENCE_ONLY,NONE
301023.SZ,CHINEXT,1,0.311166,21,20,1,0,VALID,,,2026-08-31T19:22:03+08:00,DATA_AND_RESEARCH_EVIDENCE_ONLY,NONE
301024.SZ,CHINEXT,1,0.261984,11,8,3,0,VALID,,,2026-08-31T19:18:57+08:00,DATA_AND_RESEARCH_EVIDENCE_ONLY,NONE
301025.SZ,CHINEXT,1,0.38205,11,10,1,0,VALID,,,2026-08-31T19:22:19+08:00,DATA_AND_RESEARCH_EVIDENCE_ONLY,NONE
301026.SZ,CHINEXT,1,0.378261,22,20,2,0,VALID,,,2026-08-31T19:19:06+08:00,DATA_AND_RESEARCH_EVIDENCE_ONLY,NONE
301027.SZ,CHINEXT,1,0.477915,14,13,1,0,VALID,,,2026-08-31T19:22:20+08:00,DATA_AND_RESEARCH_EVIDENCE_ONLY,NONE
301028.SZ,CHINEXT,1,0.368392,11,9,2,0,VALID,,,2026-08-31T19:18:53+08:00,DATA_AND_RESEARCH_EVIDENCE_ONLY,NONE
301029.SZ,CHINEXT,1,0.319664,21,20,1,0,VALID,,,2026-08-31T19:23:17+08:00,DATA_AND_RESEARCH_EVIDENCE_ONLY,NONE
301030.SZ,CHINEXT,1,0.403652,29,28,1,0,VALID,,,2026-08-31T19:18:53+08:00,DATA_AND_RESEARCH_EVIDENCE_ONLY,NONE
301031.SZ,CHINEXT,1,0.299423,28,24,4,0,VALID,,,2026-08-31T19:18:58+08:00,DATA_AND_RESEARCH_EVIDENCE_ONLY,NONE
301032.SZ,CHINEXT,1,0.269699,10,9,1,0,VALID,,,2026-08-31T19:19:14+08:00,DATA_AND_RESEARCH_EVIDENCE_ONLY,NONE
301033.SZ,CHINEXT,1,0.284953,20,19,1,0,VALID,,,2026-08-31T19:22:54+08:00,DATA_AND_RESEARCH_EVIDENCE_ONLY,NONE
301035.SZ,CHINEXT,1,0.470651,25,24,1,0,VALID,,,2026-08-31T19:19:00+08:00,DATA_AND_RESEARCH_EVIDENCE_ONLY,NONE
301036.SZ,CHINEXT,1,0.454062,12,11,1,0,VALID,,,2026-08-31T19:19:57+08:00,DATA_AND_RESEARCH_EVIDENCE_ONLY,NONE
301037.SZ,CHINEXT,1,0.515945,25,24,1,0,VALID,,,2026-08-31T19:22:19+08:00,DATA_AND_RESEARCH_EVIDENCE_ONLY,NONE
301038.SZ,CHINEXT,1,0.282396,9,8,1,0,VALID,,,2026-08-31T19:19:06+08:00,DATA_AND_RESEARCH_EVIDENCE_ONLY,NONE
301039.SZ,CHINEXT,1,0.361929,10,9,1,0,VALID,,,2026-08-31T19:22:20+08:00,DATA_AND_RESEARCH_EVIDENCE_ONLY,NONE
301040.SZ,CHINEXT,1,0.283546,21,19,2,0,VALID,,,2026-08-31T19:18:54+08:00,DATA_AND_RESEARCH_EVIDENCE_ONLY,NONE
301041.SZ,CHINEXT,1,0.31533,23,11,12,0,VALID,,,2026-08-31T19:22:20+08:00,DATA_AND_RESEARCH_EVIDENCE_ONLY,NONE
301042.SZ,CHINEXT,1,0.299577,25,24,1,0,VALID,,,2026-08-31T19:22:15+08:00,DATA_AND_RESEARCH_EVIDENCE_ONLY,NONE
301043.SZ,CHINEXT,1,0.395628,6,5,1,0,VALID,,,2026-08-31T19:22:54+08:00,DATA_AND_RESEARCH_EVIDENCE_ONLY,NONE
301045.SZ,CHINEXT,1,0.298749,13,12,1,0,VALID,,,2026-08-31T19:18:52+08:00,DATA_AND_RESEARCH_EVIDENCE_ONLY,NONE
301046.SZ,CHINEXT,1,0.353519,35,33,2,0,VALID,,,2026-08-31T19:18:53+08:00,DATA_AND_RESEARCH_EVIDENCE_ONLY,NONE
301047.SZ,CHINEXT,1,0.480305,8,7,1,0,VALID,,,2026-08-31T19:22:20+08:00,DATA_AND_RESEARCH_EVIDENCE_ONLY,NONE
301048.SZ,CHINEXT,1,0.39421,9,7,2,0,VALID,,,2026-08-31T19:19:06+08:00,DATA_AND_RESEARCH_EVIDENCE_ONLY,NONE
301049.SZ,CHINEXT,1,0.293461,7,6,1,0,VALID,,,2026-08-31T19:22:15+08:00,DATA_AND_RESEARCH_EVIDENCE_ONLY,NONE
301050.SZ,CHINEXT,1,0.367268,28,27,1,0,VALID,,,2026-08-31T19:18:54+08:00,DATA_AND_RESEARCH_EVIDENCE_ONLY,NONE
301051.SZ,CHINEXT,1,0.309896,19,18,1,0,VALID,,,2026-08-31T19:19:07+08:00,DATA_AND_RESEARCH_EVIDENCE_ONLY,NONE
301052.SZ,CHINEXT,1,0.267545,18,17,1,0,VALID,,,2026-08-31T19:18:58+08:00,DATA_AND_RESEARCH_EVIDENCE_ONLY,NONE
301053.SZ,CHINEXT,1,0.430451,29,28,1,0,VALID,,,2026-08-31T19:19:07+08:00,DATA_AND_RESEARCH_EVIDENCE_ONLY,NONE
301055.SZ,CHINEXT,1,0.300324,10,9,1,0,VALID,,,2026-08-31T19:18:48+08:00,DATA_AND_RESEARCH_EVIDENCE_ONLY,NONE
301056.SZ,CHINEXT,1,0.291882,5,4,1,0,VALID,,,2026-08-31T19:22:04+08:00,DATA_AND_RESEARCH_EVIDENCE_ONLY,NONE
301057.SZ,CHINEXT,1,0.366086,23,21,2,0,VALID,,,2026-08-31T19:18:48+08:00,DATA_AND_RESEARCH_EVIDENCE_ONLY,NONE
301058.SZ,CHINEXT,1,0.45429,8,7,1,0,VALID,,,2026-08-31T19:22:21+08:00,DATA_AND_RESEARCH_EVIDENCE_ONLY,NONE
301059.SZ,CHINEXT,1,0.346566,16,15,1,0,VALID,,,2026-08-31T19:19:00+08:00,DATA_AND_RESEARCH_EVIDENCE_ONLY,NONE
301060.SZ,CHINEXT,1,0.332236,25,23,2,0,VALID,,,2026-08-31T19:19:01+08:00,DATA_AND_RESEARCH_EVIDENCE_ONLY,NONE
301061.SZ,CHINEXT,1,0.262932,15,14,1,0,VALID,,,2026-08-31T19:19:15+08:00,DATA_AND_RESEARCH_EVIDENCE_ONLY,NONE
301062.SZ,CHINEXT,1,0.261084,42,39,3,0,VALID,,,2026-08-31T19:22:23+08:00,DATA_AND_RESEARCH_EVIDENCE_ONLY,NONE
301063.SZ,CHINEXT,1,0.376237,12,11,1,0,VALID,,,2026-08-31T19:19:07+08:00,DATA_AND_RESEARCH_EVIDENCE_ONLY,NONE
301065.SZ,CHINEXT,1,0.271672,10,9,1,0,VALID,,,2026-08-31T19:18:58+08:00,DATA_AND_RESEARCH_EVIDENCE_ONLY,NONE
301066.SZ,CHINEXT,1,0.287639,20,19,1,0,VALID,,,2026-08-31T19:18:48+08:00,DATA_AND_RESEARCH_EVIDENCE_ONLY,NONE
301067.SZ,CHINEXT,1,0.371719,14,13,1,0,VALID,,,2026-08-31T19:18:49+08:00,DATA_AND_RESEARCH_EVIDENCE_ONLY,NONE
301068.SZ,CHINEXT,1,0.280195,15,13,2,0,VALID,,,2026-08-31T19:18:54+08:00,DATA_AND_RESEARCH_EVIDENCE_ONLY,NONE
301069.SZ,CHINEXT,1,0.297833,26,24,2,0,VALID,,,2026-08-31T19:22:04+08:00,DATA_AND_RESEARCH_EVIDENCE_ONLY,NONE
301070.SZ,CHINEXT,1,0.369544,15,11,4,0,VALID,,,2026-08-31T19:18:58+08:00,DATA_AND_RESEARCH_EVIDENCE_ONLY,NONE
301071.SZ,CHINEXT,1,0.319984,17,16,1,0,VALID,,,2026-08-31T19:22:04+08:00,DATA_AND_RESEARCH_EVIDENCE_ONLY,NONE
301072.SZ,CHINEXT,1,0.298827,9,8,1,0,VALID,,,2026-08-31T19:23:18+08:00,DATA_AND_RESEARCH_EVIDENCE_ONLY,NONE
301073.SZ,CHINEXT,1,0.298206,23,20,3,0,VALID,,,2026-08-31T19:22:17+08:00,DATA_AND_RESEARCH_EVIDENCE_ONLY,NONE
301075.SZ,CHINEXT,1,0.368997,5,4,1,0,VALID,,,2026-08-31T19:18:49+08:00,DATA_AND_RESEARCH_EVIDENCE_ONLY,NONE
301076.SZ,CHINEXT,1,0.339355,20,18,2,0,VALID,,,2026-08-31T19:19:08+08:00,DATA_AND_RESEARCH_EVIDENCE_ONLY,NONE
301077.SZ,CHINEXT,1,0.378407,19,18,1,0,VALID,,,2026-08-31T19:19:01+08:00,DATA_AND_RESEARCH_EVIDENCE_ONLY,NONE
301078.SZ,CHINEXT,1,0.268638,52,51,1,0,VALID,,,2026-08-31T19:22:24+08:00,DATA_AND_RESEARCH_EVIDENCE_ONLY,NONE
301079.SZ,CHINEXT,1,0.255861,31,30,1,0,VALID,,,2026-08-31T19:19:57+08:00,DATA_AND_RESEARCH_EVIDENCE_ONLY,NONE
301080.SZ,CHINEXT,1,0.393719,15,14,1,0,VALID,,,2026-08-31T19:22:20+08:00,DATA_AND_RESEARCH_EVIDENCE_ONLY,NONE
301081.SZ,CHINEXT,1,0.285615,32,31,1,0,VALID,,,2026-08-31T19:22:18+08:00,DATA_AND_RESEARCH_EVIDENCE_ONLY,NONE
301082.SZ,CHINEXT,1,0.351927,30,28,2,0,VALID,,,2026-08-31T19:23:18+08:00,DATA_AND_RESEARCH_EVIDENCE_ONLY,NONE
301083.SZ,CHINEXT,1,0.286239,19,16,3,0,VALID,,,2026-08-31T19:18:49+08:00,DATA_AND_RESEARCH_EVIDENCE_ONLY,NONE
301085.SZ,CHINEXT,1,0.291254,15,14,1,0,VALID,,,2026-08-31T19:22:05+08:00,DATA_AND_RESEARCH_EVIDENCE_ONLY,NONE
301086.SZ,CHINEXT,1,0.452919,9,8,1,0,VALID,,,2026-08-31T19:22:54+08:00,DATA_AND_RESEARCH_EVIDENCE_ONLY,NONE
301087.SZ,CHINEXT,1,0.49362,26,25,1,0,VALID,,,2026-08-31T19:22:18+08:00,DATA_AND_RESEARCH_EVIDENCE_ONLY,NONE
301088.SZ,CHINEXT,1,0.3296,10,9,1,0,VALID,,,2026-08-31T19:22:24+08:00,DATA_AND_RESEARCH_EVIDENCE_ONLY,NONE
301089.SZ,CHINEXT,1,0.341522,24,23,1,0,VALID,,,2026-08-31T19:19:01+08:00,DATA_AND_RESEARCH_EVIDENCE_ONLY,NONE
301090.SZ,CHINEXT,1,0.304148,15,13,2,0,VALID,,,2026-08-31T19:22:05+08:00,DATA_AND_RESEARCH_EVIDENCE_ONLY,NONE
301091.SZ,CHINEXT,1,0.330882,20,19,1,0,VALID,,,2026-08-31T19:22:05+08:00,DATA_AND_RESEARCH_EVIDENCE_ONLY,NONE
301092.SZ,CHINEXT,1,0.314612,15,14,1,0,VALID,,,2026-08-31T19:18:55+08:00,DATA_AND_RESEARCH_EVIDENCE_ONLY,NONE
301093.SZ,CHINEXT,1,0.27592,29,28,1,0,VALID,,,2026-08-31T19:19:57+08:00,DATA_AND_RESEARCH_EVIDENCE_ONLY,NONE
301095.SZ,CHINEXT,1,0.26985,17,16,1,0,VALID,,,2026-08-31T19:19:15+08:00,DATA_AND_RESEARCH_EVIDENCE_ONLY,NONE
301096.SZ,CHINEXT,1,0.305505,19,17,2,0,VALID,,,2026-08-31T19:18:53+08:00,DATA_AND_RESEARCH_EVIDENCE_ONLY,NONE
301097.SZ,CHINEXT,1,0.284207,13,11,2,0,VALID,,,2026-08-31T19:19:15+08:00,DATA_AND_RESEARCH_EVIDENCE_ONLY,NONE
301098.SZ,CHINEXT,1,0.384039,31,29,2,0,VALID,,,2026-08-31T19:22:21+08:00,DATA_AND_RESEARCH_EVIDENCE_ONLY,NONE
301099.SZ,CHINEXT,1,0.299638,27,26,1,0,VALID,,,2026-08-31T19:18:50+08:00,DATA_AND_RESEARCH_EVIDENCE_ONLY,NONE
301100.SZ,CHINEXT,1,0.363834,7,5,2,0,VALID,,,2026-08-31T19:19:02+08:00,DATA_AND_RESEARCH_EVIDENCE_ONLY,NONE
301101.SZ,CHINEXT,1,0.307017,11,10,1,0,VALID,,,2026-08-31T19:22:55+08:00,DATA_AND_RESEARCH_EVIDENCE_ONLY,NONE
301102.SZ,CHINEXT,1,0.297678,13,12,1,0,VALID,,,2026-08-31T19:22:15+08:00,DATA_AND_RESEARCH_EVIDENCE_ONLY,NONE
301103.SZ,CHINEXT,1,0.429784,9,8,1,0,VALID,,,2026-08-31T19:19:15+08:00,DATA_AND_RESEARCH_EVIDENCE_ONLY,NONE
301105.SZ,CHINEXT,1,0.272345,7,6,1,0,VALID,,,2026-08-31T19:22:24+08:00,DATA_AND_RESEARCH_EVIDENCE_ONLY,NONE
301106.SZ,CHINEXT,1,0.291345,11,9,2,0,VALID,,,2026-08-31T19:22:25+08:00,DATA_AND_RESEARCH_EVIDENCE_ONLY,NONE
301107.SZ,CHINEXT,1,0.433224,21,20,1,0,VALID,,,2026-08-31T19:22:21+08:00,DATA_AND_RESEARCH_EVIDENCE_ONLY,NONE
301108.SZ,CHINEXT,1,0.375747,15,14,1,0,VALID,,,2026-08-31T19:18:55+08:00,DATA_AND_RESEARCH_EVIDENCE_ONLY,NONE
301109.SZ,CHINEXT,1,0.297352,26,25,1,0,VALID,,,2026-08-31T19:22:06+08:00,DATA_AND_RESEARCH_EVIDENCE_ONLY,NONE
301110.SZ,CHINEXT,1,0.307206,21,20,1,0,VALID,,,2026-08-31T19:22:16+08:00,DATA_AND_RESEARCH_EVIDENCE_ONLY,NONE
301111.SZ,CHINEXT,1,0.529381,12,11,1,0,VALID,,,2026-08-31T19:19:02+08:00,DATA_AND_RESEARCH_EVIDENCE_ONLY,NONE
301112.SZ,CHINEXT,1,0.296905,9,8,1,0,VALID,,,2026-08-31T19:18:53+08:00,DATA_AND_RESEARCH_EVIDENCE_ONLY,NONE
301113.SZ,CHINEXT,1,0.358061,24,21,3,0,VALID,,,2026-08-31T19:23:18+08:00,DATA_AND_RESEARCH_EVIDENCE_ONLY,NONE
301115.SZ,CHINEXT,1,0.370097,37,35,2,0,VALID,,,2026-08-31T19:18:55+08:00,DATA_AND_RESEARCH_EVIDENCE_ONLY,NONE
301116.SZ,CHINEXT,1,0.39871,11,10,1,0,VALID,,,2026-08-31T19:19:03+08:00,DATA_AND_RESEARCH_EVIDENCE_ONLY,NONE
301117.SZ,CHINEXT,1,0.297074,24,21,3,0,VALID,,,2026-08-31T19:22:55+08:00,DATA_AND_RESEARCH_EVIDENCE_ONLY,NONE
301118.SZ,CHINEXT,1,0.640093,33,32,1,0,VALID,,,2026-08-31T19:18:59+08:00,DATA_AND_RESEARCH_EVIDENCE_ONLY,NONE
301119.SZ,CHINEXT,1,0.379705,7,6,1,0,VALID,,,2026-08-31T19:19:08+08:00,DATA_AND_RESEARCH_EVIDENCE_ONLY,NONE
301120.SZ,CHINEXT,1,0.449344,26,25,1,0,VALID,,,2026-08-31T19:22:22+08:00,DATA_AND_RESEARCH_EVIDENCE_ONLY,NONE
301121.SZ,CHINEXT,1,0.377791,14,13,1,0,VALID,,,2026-08-31T19:18:50+08:00,DATA_AND_RESEARCH_EVIDENCE_ONLY,NONE
301122.SZ,CHINEXT,1,0.328151,10,9,1,0,VALID,,,2026-08-31T19:22:22+08:00,DATA_AND_RESEARCH_EVIDENCE_ONLY,NONE
301123.SZ,CHINEXT,1,0.266867,14,13,1,0,VALID,,,2026-08-31T19:18:59+08:00,DATA_AND_RESEARCH_EVIDENCE_ONLY,NONE
301125.SZ,CHINEXT,1,0.303173,13,12,1,0,VALID,,,2026-08-31T19:18:50+08:00,DATA_AND_RESEARCH_EVIDENCE_ONLY,NONE
301126.SZ,CHINEXT,1,0.292852,15,12,3,0,VALID,,,2026-08-31T19:22:55+08:00,DATA_AND_RESEARCH_EVIDENCE_ONLY,NONE
301127.SZ,CHINEXT,1,0.4203,69,68,1,0,VALID,,,2026-08-31T19:19:03+08:00,DATA_AND_RESEARCH_EVIDENCE_ONLY,NONE
301128.SZ,CHINEXT,1,0.304312,9,8,1,0,VALID,,,2026-08-31T19:18:51+08:00,DATA_AND_RESEARCH_EVIDENCE_ONLY,NONE
301129.SZ,CHINEXT,1,0.313683,23,22,1,0,VALID,,,2026-08-31T19:23:19+08:00,DATA_AND_RESEARCH_EVIDENCE_ONLY,NONE
301130.SZ,CHINEXT,1,0.366272,15,13,2,0,VALID,,,2026-08-31T19:18:56+08:00,DATA_AND_RESEARCH_EVIDENCE_ONLY,NONE
301131.SZ,CHINEXT,1,0.534406,22,20,2,0,VALID,,,2026-08-31T19:19:09+08:00,DATA_AND_RESEARCH_EVIDENCE_ONLY,NONE
301132.SZ,CHINEXT,1,0.328098,17,16,1,0,VALID,,,2026-08-31T19:19:03+08:00,DATA_AND_RESEARCH_EVIDENCE_ONLY,NONE
301133.SZ,CHINEXT,1,0.404181,31,30,1,0,VALID,,,2026-08-31T19:22:56+08:00,DATA_AND_RESEARCH_EVIDENCE_ONLY,NONE
301135.SZ,CHINEXT,1,0.303613,30,29,1,0,VALID,,,2026-08-31T19:22:18+08:00,DATA_AND_RESEARCH_EVIDENCE_ONLY,NONE
301136.SZ,CHINEXT,1,0.342556,14,12,2,0,VALID,,,2026-08-31T19:22:21+08:00,DATA_AND_RESEARCH_EVIDENCE_ONLY,NONE
301137.SZ,CHINEXT,1,0.294426,8,7,1,0,VALID,,,2026-08-31T19:22:06+08:00,DATA_AND_RESEARCH_EVIDENCE_ONLY,NONE
301138.SZ,CHINEXT,1,0.288496,5,4,1,0,VALID,,,2026-08-31T19:22:19+08:00,DATA_AND_RESEARCH_EVIDENCE_ONLY,NONE
301139.SZ,CHINEXT,1,0.454551,18,16,2,0,VALID,,,2026-08-31T19:22:21+08:00,DATA_AND_RESEARCH_EVIDENCE_ONLY,NONE
301141.SZ,CHINEXT,1,0.291822,7,6,1,0,VALID,,,2026-08-31T19:22:19+08:00,DATA_AND_RESEARCH_EVIDENCE_ONLY,NONE
301148.SZ,CHINEXT,1,0.383419,18,16,2,0,VALID,,,2026-08-31T19:19:58+08:00,DATA_AND_RESEARCH_EVIDENCE_ONLY,NONE
301149.SZ,CHINEXT,1,0.377398,22,20,2,0,VALID,,,2026-08-31T19:18:56+08:00,DATA_AND_RESEARCH_EVIDENCE_ONLY,NONE
301150.SZ,CHINEXT,1,0.272847,24,22,2,0,VALID,,,2026-08-31T19:18:51+08:00,DATA_AND_RESEARCH_EVIDENCE_ONLY,NONE
301151.SZ,CHINEXT,1,0.439826,12,11,1,0,VALID,,,2026-08-31T19:19:58+08:00,DATA_AND_RESEARCH_EVIDENCE_ONLY,NONE
301152.SZ,CHINEXT,1,0.359639,26,24,2,0,VALID,,,2026-08-31T19:19:04+08:00,DATA_AND_RESEARCH_EVIDENCE_ONLY,NONE
301153.SZ,CHINEXT,1,0.36983,17,15,2,0,VALID,,,2026-08-31T19:18:51+08:00,DATA_AND_RESEARCH_EVIDENCE_ONLY,NONE
301155.SZ,CHINEXT,1,0.805324,15,13,2,0,VALID,,,2026-08-31T19:22:22+08:00,DATA_AND_RESEARCH_EVIDENCE_ONLY,NONE
301156.SZ,CHINEXT,1,0.270106,21,20,1,0,VALID,,,2026-08-31T19:19:00+08:00,DATA_AND_RESEARCH_EVIDENCE_ONLY,NONE
301157.SZ,CHINEXT,1,0.321457,6,5,1,0,VALID,,,2026-08-31T19:18:52+08:00,DATA_AND_RESEARCH_EVIDENCE_ONLY,NONE
301158.SZ,CHINEXT,1,0.273002,16,13,3,0,VALID,,,2026-08-31T19:19:16+08:00,DATA_AND_RESEARCH_EVIDENCE_ONLY,NONE
301159.SZ,CHINEXT,1,0.261906,9,8,1,0,VALID,,,2026-08-31T19:19:59+08:00,DATA_AND_RESEARCH_EVIDENCE_ONLY,NONE
301160.SZ,CHINEXT,1,0.364002,33,30,3,0,VALID,,,2026-08-31T19:19:09+08:00,DATA_AND_RESEARCH_EVIDENCE_ONLY,NONE
301161.SZ,CHINEXT,1,0.26138,11,10,1,0,VALID,,,2026-08-31T19:19:00+08:00,DATA_AND_RESEARCH_EVIDENCE_ONLY,NONE
301162.SZ,CHINEXT,1,0.36599,26,25,1,0,VALID,,,2026-08-31T19:18:52+08:00,DATA_AND_RESEARCH_EVIDENCE_ONLY,NONE
301163.SZ,CHINEXT,1,0.338684,9,8,1,0,VALID,,,2026-08-31T19:22:22+08:00,DATA_AND_RESEARCH_EVIDENCE_ONLY,NONE
301165.SZ,CHINEXT,1,0.330007,8,7,1,0,VALID,,,2026-08-31T19:19:04+08:00,DATA_AND_RESEARCH_EVIDENCE_ONLY,NONE
301166.SZ,CHINEXT,1,0.337508,15,13,2,0,VALID,,,2026-08-31T19:23:19+08:00,DATA_AND_RESEARCH_EVIDENCE_ONLY,NONE
301167.SZ,CHINEXT,1,0.372874,18,17,1,0,VALID,,,2026-08-31T19:18:56+08:00,DATA_AND_RESEARCH_EVIDENCE_ONLY,NONE
301168.SZ,CHINEXT,1,0.585683,9,8,1,0,VALID,,,2026-08-31T19:22:25+08:00,DATA_AND_RESEARCH_EVIDENCE_ONLY,NONE
301169.SZ,CHINEXT,1,0.449028,12,11,1,0,VALID,,,2026-08-31T19:19:00+08:00,DATA_AND_RESEARCH_EVIDENCE_ONLY,NONE
301170.SZ,CHINEXT,1,0.277964,6,5,1,0,VALID,,,2026-08-31T19:22:26+08:00,DATA_AND_RESEARCH_EVIDENCE_ONLY,NONE
301171.SZ,CHINEXT,1,0.382703,25,21,4,0,VALID,,,2026-08-31T19:19:09+08:00,DATA_AND_RESEARCH_EVIDENCE_ONLY,NONE
301172.SZ,CHINEXT,1,0.559206,24,23,1,0,VALID,,,2026-08-31T19:23:19+08:00,DATA_AND_RESEARCH_EVIDENCE_ONLY,NONE
301173.SZ,CHINEXT,1,0.271999,5,4,1,0,VALID,,,2026-08-31T19:22:26+08:00,DATA_AND_RESEARCH_EVIDENCE_ONLY,NONE
301175.SZ,CHINEXT,1,0.345985,9,8,1,0,VALID,,,2026-08-31T19:19:10+08:00,DATA_AND_RESEARCH_EVIDENCE_ONLY,NONE
301176.SZ,CHINEXT,1,0.317918,10,9,1,0,VALID,,,2026-08-31T19:19:04+08:00,DATA_AND_RESEARCH_EVIDENCE_ONLY,NONE
301177.SZ,CHINEXT,1,0.265422,8,7,1,0,VALID,,,2026-08-31T19:19:01+08:00,DATA_AND_RESEARCH_EVIDENCE_ONLY,NONE
301178.SZ,CHINEXT,1,0.274072,16,15,1,0,VALID,,,2026-08-31T19:19:16+08:00,DATA_AND_RESEARCH_EVIDENCE_ONLY,NONE
301179.SZ,CHINEXT,1,0.34451,18,17,1,0,VALID,,,2026-08-31T19:19:59+08:00,DATA_AND_RESEARCH_EVIDENCE_ONLY,NONE
301180.SZ,CHINEXT,1,0.294838,7,6,1,0,VALID,,,2026-08-31T19:22:19+08:00,DATA_AND_RESEARCH_EVIDENCE_ONLY,NONE
301181.SZ,CHINEXT,1,0.323472,11,10,1,0,VALID,,,2026-08-31T19:23:20+08:00,DATA_AND_RESEARCH_EVIDENCE_ONLY,NONE
301182.SZ,CHINEXT,1,0.633158,7,6,1,0,VALID,,,2026-08-31T19:23:20+08:00,DATA_AND_RESEARCH_EVIDENCE_ONLY,NONE
301183.SZ,CHINEXT,1,0.363873,10,9,1,0,VALID,,,2026-08-31T19:18:52+08:00,DATA_AND_RESEARCH_EVIDENCE_ONLY,NONE
301185.SZ,CHINEXT,1,0.267313,22,20,2,0,VALID,,,2026-08-31T19:19:59+08:00,DATA_AND_RESEARCH_EVIDENCE_ONLY,NONE
301186.SZ,CHINEXT,1,0.347222,36,34,2,0,VALID,,,2026-08-31T19:22:23+08:00,DATA_AND_RESEARCH_EVIDENCE_ONLY,NONE
301187.SZ,CHINEXT,1,0.475098,11,10,1,0,VALID,,,2026-08-31T19:18:54+08:00,DATA_AND_RESEARCH_EVIDENCE_ONLY,NONE
301188.SZ,CHINEXT,1,0.267739,40,38,2,0,VALID,,,2026-08-31T19:19:01+08:00,DATA_AND_RESEARCH_EVIDENCE_ONLY,NONE
301189.SZ,CHINEXT,1,0.345952,17,14,3,0,VALID,,,2026-08-31T19:23:21+08:00,DATA_AND_RESEARCH_EVIDENCE_ONLY,NONE
301190.SZ,CHINEXT,1,0.347875,11,10,1,0,VALID,,,2026-08-31T19:23:21+08:00,DATA_AND_RESEARCH_EVIDENCE_ONLY,NONE
301191.SZ,CHINEXT,1,0.300165,14,11,3,0,VALID,,,2026-08-31T19:22:20+08:00,DATA_AND_RESEARCH_EVIDENCE_ONLY,NONE
301192.SZ,CHINEXT,1,0.298389,13,13,0,0,VALID,,,2026-08-31T19:23:22+08:00,DATA_AND_RESEARCH_EVIDENCE_ONLY,NONE
301193.SZ,CHINEXT,1,0.30068,39,38,1,0,VALID,,,2026-08-31T19:22:20+08:00,DATA_AND_RESEARCH_EVIDENCE_ONLY,NONE
301195.SZ,CHINEXT,1,0.270303,16,15,1,0,VALID,,,2026-08-31T19:18:53+08:00,DATA_AND_RESEARCH_EVIDENCE_ONLY,NONE
301196.SZ,CHINEXT,1,0.272328,21,20,1,0,VALID,,,2026-08-31T19:19:01+08:00,DATA_AND_RESEARCH_EVIDENCE_ONLY,NONE
301197.SZ,CHINEXT,1,0.352021,27,24,3,0,VALID,,,2026-08-31T19:19:59+08:00,DATA_AND_RESEARCH_EVIDENCE_ONLY,NONE
301198.SZ,CHINEXT,1,0.30335,13,12,1,0,VALID,,,2026-08-31T19:22:16+08:00,DATA_AND_RESEARCH_EVIDENCE_ONLY,NONE
301199.SZ,CHINEXT,1,0.297841,12,11,1,0,VALID,,,2026-08-31T19:22:06+08:00,DATA_AND_RESEARCH_EVIDENCE_ONLY,NONE
301200.SZ,CHINEXT,1,0.285682,13,12,1,0,VALID,,,2026-08-31T19:20:00+08:00,DATA_AND_RESEARCH_EVIDENCE_ONLY,NONE
301201.SZ,CHINEXT,1,0.395309,14,12,2,0,VALID,,,2026-08-31T19:18:53+08:00,DATA_AND_RESEARCH_EVIDENCE_ONLY,NONE
301202.SZ,CHINEXT,1,0.319393,12,7,5,0,VALID,,,2026-08-31T19:19:05+08:00,DATA_AND_RESEARCH_EVIDENCE_ONLY,NONE
301203.SZ,CHINEXT,1,0.284243,9,8,1,0,VALID,,,2026-08-31T19:19:16+08:00,DATA_AND_RESEARCH_EVIDENCE_ONLY,NONE
301205.SZ,CHINEXT,1,0.33543,8,7,1,0,VALID,,,2026-08-31T19:20:00+08:00,DATA_AND_RESEARCH_EVIDENCE_ONLY,NONE
301206.SZ,CHINEXT,1,0.764791,24,23,1,0,VALID,,,2026-08-31T19:18:57+08:00,DATA_AND_RESEARCH_EVIDENCE_ONLY,NONE
301207.SZ,CHINEXT,1,0.414246,17,16,1,0,VALID,,,2026-08-31T19:22:24+08:00,DATA_AND_RESEARCH_EVIDENCE_ONLY,NONE
301208.SZ,CHINEXT,1,0.57051,15,13,2,0,VALID,,,2026-08-31T19:22:22+08:00,DATA_AND_RESEARCH_EVIDENCE_ONLY,NONE
301209.SZ,CHINEXT,1,0.303186,6,5,1,0,VALID,,,2026-08-31T19:18:54+08:00,DATA_AND_RESEARCH_EVIDENCE_ONLY,NONE
301210.SZ,CHINEXT,1,0.439915,11,9,2,0,VALID,,,2026-08-31T19:18:53+08:00,DATA_AND_RESEARCH_EVIDENCE_ONLY,NONE
301211.SZ,CHINEXT,1,0.294305,16,15,1,0,VALID,,,2026-08-31T19:18:54+08:00,DATA_AND_RESEARCH_EVIDENCE_ONLY,NONE
301212.SZ,CHINEXT,1,0.315256,8,5,3,0,VALID,,,2026-08-31T19:18:55+08:00,DATA_AND_RESEARCH_EVIDENCE_ONLY,NONE
301213.SZ,CHINEXT,1,0.288688,15,13,2,0,VALID,,,2026-08-31T19:19:02+08:00,DATA_AND_RESEARCH_EVIDENCE_ONLY,NONE
301215.SZ,CHINEXT,1,0.440265,7,6,1,0,VALID,,,2026-08-31T19:22:56+08:00,DATA_AND_RESEARCH_EVIDENCE_ONLY,NONE
301216.SZ,CHINEXT,1,0.635349,32,31,1,0,VALID,,,2026-08-31T19:19:02+08:00,DATA_AND_RESEARCH_EVIDENCE_ONLY,NONE
301217.SZ,CHINEXT,1,0.324414,5,4,1,0,VALID,,,2026-08-31T19:20:00+08:00,DATA_AND_RESEARCH_EVIDENCE_ONLY,NONE
301218.SZ,CHINEXT,1,0.300873,11,10,1,0,VALID,,,2026-08-31T19:22:56+08:00,DATA_AND_RESEARCH_EVIDENCE_ONLY,NONE
301219.SZ,CHINEXT,1,0.26141,23,21,2,0,VALID,,,2026-08-31T19:22:26+08:00,DATA_AND_RESEARCH_EVIDENCE_ONLY,NONE
301220.SZ,CHINEXT,1,0.350052,15,14,1,0,VALID,,,2026-08-31T19:22:24+08:00,DATA_AND_RESEARCH_EVIDENCE_ONLY,NONE
301221.SZ,CHINEXT,1,0.290729,16,14,2,0,VALID,,,2026-08-31T19:22:57+08:00,DATA_AND_RESEARCH_EVIDENCE_ONLY,NONE
301222.SZ,CHINEXT,1,0.273839,17,15,2,0,VALID,,,2026-08-31T19:19:03+08:00,DATA_AND_RESEARCH_EVIDENCE_ONLY,NONE
301223.SZ,CHINEXT,1,0.401289,6,5,1,0,VALID,,,2026-08-31T19:22:20+08:00,DATA_AND_RESEARCH_EVIDENCE_ONLY,NONE
301225.SZ,CHINEXT,1,0.640659,10,8,2,0,VALID,,,2026-08-31T19:19:03+08:00,DATA_AND_RESEARCH_EVIDENCE_ONLY,NONE
301226.SZ,CHINEXT,1,0.306178,7,4,3,0,VALID,,,2026-08-31T19:22:21+08:00,DATA_AND_RESEARCH_EVIDENCE_ONLY,NONE
301227.SZ,CHINEXT,1,0.402002,40,39,1,0,VALID,,,2026-08-31T19:22:21+08:00,DATA_AND_RESEARCH_EVIDENCE_ONLY,NONE
301228.SZ,CHINEXT,1,0.28049,15,14,1,1,VALID,,,2026-08-31T19:22:26+08:00,DATA_AND_RESEARCH_EVIDENCE_ONLY,NONE
301229.SZ,CHINEXT,1,0.298903,45,43,2,0,VALID,,,2026-08-31T19:22:16+08:00,DATA_AND_RESEARCH_EVIDENCE_ONLY,NONE
301230.SZ,CHINEXT,1,0.535138,15,13,2,0,VALID,,,2026-08-31T19:23:22+08:00,DATA_AND_RESEARCH_EVIDENCE_ONLY,NONE
301231.SZ,CHINEXT,1,0.305333,16,14,2,0,VALID,,,2026-08-31T19:22:07+08:00,DATA_AND_RESEARCH_EVIDENCE_ONLY,NONE
301232.SZ,CHINEXT,1,0.406241,19,17,2,0,VALID,,,2026-08-31T19:22:21+08:00,DATA_AND_RESEARCH_EVIDENCE_ONLY,NONE
301233.SZ,CHINEXT,1,0.362029,26,25,1,0,VALID,,,2026-08-31T19:18:58+08:00,DATA_AND_RESEARCH_EVIDENCE_ONLY,NONE
301234.SZ,CHINEXT,1,0.543054,8,7,1,0,VALID,,,2026-08-31T19:23:22+08:00,DATA_AND_RESEARCH_EVIDENCE_ONLY,NONE
301235.SZ,CHINEXT,1,0.299802,41,40,1,0,VALID,,,2026-08-31T19:18:55+08:00,DATA_AND_RESEARCH_EVIDENCE_ONLY,NONE
301236.SZ,CHINEXT,1,0.433203,18,17,1,0,VALID,,,2026-08-31T19:22:24+08:00,DATA_AND_RESEARCH_EVIDENCE_ONLY,NONE
301237.SZ,CHINEXT,1,0.356526,20,18,2,1,VALID,,,2026-08-31T19:23:23+08:00,DATA_AND_RESEARCH_EVIDENCE_ONLY,NONE
301238.SZ,CHINEXT,1,0.367844,7,6,1,0,VALID,,,2026-08-31T19:22:07+08:00,DATA_AND_RESEARCH_EVIDENCE_ONLY,NONE
301239.SZ,CHINEXT,1,0.437801,6,5,1,0,VALID,,,2026-08-31T19:22:57+08:00,DATA_AND_RESEARCH_EVIDENCE_ONLY,NONE
301246.SZ,CHINEXT,1,0.360727,28,26,2,0,VALID,,,2026-08-31T19:19:05+08:00,DATA_AND_RESEARCH_EVIDENCE_ONLY,NONE
301248.SZ,CHINEXT,1,0.499386,26,22,4,0,VALID,,,2026-08-31T19:19:10+08:00,DATA_AND_RESEARCH_EVIDENCE_ONLY,NONE
301251.SZ,CHINEXT,1,0.302116,10,9,1,0,VALID,,,2026-08-31T19:22:22+08:00,DATA_AND_RESEARCH_EVIDENCE_ONLY,NONE
301252.SZ,CHINEXT,1,0.296482,11,10,1,0,VALID,,,2026-08-31T19:22:17+08:00,DATA_AND_RESEARCH_EVIDENCE_ONLY,NONE
301255.SZ,CHINEXT,1,0.367161,5,4,1,0,VALID,,,2026-08-31T19:18:54+08:00,DATA_AND_RESEARCH_EVIDENCE_ONLY,NONE
301256.SZ,CHINEXT,1,0.292281,5,4,1,0,VALID,,,2026-08-31T19:22:07+08:00,DATA_AND_RESEARCH_EVIDENCE_ONLY,NONE
301257.SZ,CHINEXT,1,0.297882,29,26,3,0,VALID,,,2026-08-31T19:22:57+08:00,DATA_AND_RESEARCH_EVIDENCE_ONLY,NONE
301258.SZ,CHINEXT,1,0.550005,15,14,1,0,VALID,,,2026-08-31T19:22:25+08:00,DATA_AND_RESEARCH_EVIDENCE_ONLY,NONE
301259.SZ,CHINEXT,1,0.290521,12,11,1,0,VALID,,,2026-08-31T19:22:17+08:00,DATA_AND_RESEARCH_EVIDENCE_ONLY,NONE
301260.SZ,CHINEXT,1,0.465037,14,13,1,0,VALID,,,2026-08-31T19:19:11+08:00,DATA_AND_RESEARCH_EVIDENCE_ONLY,NONE
301261.SZ,CHINEXT,1,0.275975,9,8,1,0,VALID,,,2026-08-31T19:19:17+08:00,DATA_AND_RESEARCH_EVIDENCE_ONLY,NONE
301262.SZ,CHINEXT,1,0.345431,6,5,1,0,VALID,,,2026-08-31T19:22:25+08:00,DATA_AND_RESEARCH_EVIDENCE_ONLY,NONE
301263.SZ,CHINEXT,1,0.344866,29,28,1,0,VALID,,,2026-08-31T19:19:05+08:00,DATA_AND_RESEARCH_EVIDENCE_ONLY,NONE
301265.SZ,CHINEXT,1,0.385809,20,17,3,0,VALID,,,2026-08-31T19:19:17+08:00,DATA_AND_RESEARCH_EVIDENCE_ONLY,NONE
301266.SZ,CHINEXT,1,0.292622,26,25,1,1,VALID,,,2026-08-31T19:23:23+08:00,DATA_AND_RESEARCH_EVIDENCE_ONLY,NONE
301267.SZ,CHINEXT,1,0.324861,8,7,1,0,VALID,,,2026-08-31T19:20:01+08:00,DATA_AND_RESEARCH_EVIDENCE_ONLY,NONE
301268.SZ,CHINEXT,1,0.859033,26,25,1,0,VALID,,,2026-08-31T19:22:26+08:00,DATA_AND_RESEARCH_EVIDENCE_ONLY,NONE
301269.SZ,CHINEXT,1,0.368271,18,15,3,0,VALID,,,2026-08-31T19:18:54+08:00,DATA_AND_RESEARCH_EVIDENCE_ONLY,NONE
301270.SZ,CHINEXT,1,0.351928,5,4,1,0,VALID,,,2026-08-31T19:18:55+08:00,DATA_AND_RESEARCH_EVIDENCE_ONLY,NONE
301272.SZ,CHINEXT,1,0.280689,16,14,2,0,VALID,,,2026-08-31T19:19:03+08:00,DATA_AND_RESEARCH_EVIDENCE_ONLY,NONE
301273.SZ,CHINEXT,1,0.273628,10,9,1,0,VALID,,,2026-08-31T19:19:04+08:00,DATA_AND_RESEARCH_EVIDENCE_ONLY,NONE
301275.SZ,CHINEXT,1,0.30479,7,6,1,0,VALID,,,2026-08-31T19:19:11+08:00,DATA_AND_RESEARCH_EVIDENCE_ONLY,NONE
301276.SZ,CHINEXT,1,0.300736,11,10,1,0,VALID,,,2026-08-31T19:22:17+08:00,DATA_AND_RESEARCH_EVIDENCE_ONLY,NONE
301277.SZ,CHINEXT,1,0.29625,9,8,1,0,VALID,,,2026-08-31T19:18:55+08:00,DATA_AND_RESEARCH_EVIDENCE_ONLY,NONE
301278.SZ,CHINEXT,1,0.622577,15,14,1,0,VALID,,,2026-08-31T19:19:06+08:00,DATA_AND_RESEARCH_EVIDENCE_ONLY,NONE
301279.SZ,CHINEXT,1,0.295805,14,13,1,0,VALID,,,2026-08-31T19:18:55+08:00,DATA_AND_RESEARCH_EVIDENCE_ONLY,NONE
301280.SZ,CHINEXT,1,0.33813,18,16,2,0,VALID,,,2026-08-31T19:19:11+08:00,DATA_AND_RESEARCH_EVIDENCE_ONLY,NONE
301281.SZ,CHINEXT,1,0.300331,13,12,1,0,VALID,,,2026-08-31T19:23:24+08:00,DATA_AND_RESEARCH_EVIDENCE_ONLY,NONE
301282.SZ,CHINEXT,1,0.33357,11,10,1,0,VALID,,,2026-08-31T19:20:01+08:00,DATA_AND_RESEARCH_EVIDENCE_ONLY,NONE
301283.SZ,CHINEXT,1,0.293966,21,20,1,0,VALID,,,2026-08-31T19:18:56+08:00,DATA_AND_RESEARCH_EVIDENCE_ONLY,NONE
301285.SZ,CHINEXT,1,0.618549,12,11,1,0,VALID,,,2026-08-31T19:19:04+08:00,DATA_AND_RESEARCH_EVIDENCE_ONLY,NONE
301286.SZ,CHINEXT,1,0.291017,13,11,2,0,VALID,,,2026-08-31T19:22:27+08:00,DATA_AND_RESEARCH_EVIDENCE_ONLY,NONE
301287.SZ,CHINEXT,1,0.427277,3,2,1,0,VALID,,,2026-08-31T19:22:22+08:00,DATA_AND_RESEARCH_EVIDENCE_ONLY,NONE
301288.SZ,CHINEXT,1,0.293531,8,6,2,0,VALID,,,2026-08-31T19:18:56+08:00,DATA_AND_RESEARCH_EVIDENCE_ONLY,NONE
301289.SZ,CHINEXT,1,1.011451,9,8,1,0,VALID,,,2026-08-31T19:18:55+08:00,DATA_AND_RESEARCH_EVIDENCE_ONLY,NONE
301290.SZ,CHINEXT,1,0.301863,31,29,2,0,VALID,,,2026-08-31T19:23:24+08:00,DATA_AND_RESEARCH_EVIDENCE_ONLY,NONE
301291.SZ,CHINEXT,1,0.404506,13,12,1,0,VALID,,,2026-08-31T19:18:58+08:00,DATA_AND_RESEARCH_EVIDENCE_ONLY,NONE
301292.SZ,CHINEXT,1,0.26751,12,11,1,0,VALID,,,2026-08-31T19:19:17+08:00,DATA_AND_RESEARCH_EVIDENCE_ONLY,NONE
301293.SZ,CHINEXT,1,0.302425,10,9,1,0,VALID,,,2026-08-31T19:22:22+08:00,DATA_AND_RESEARCH_EVIDENCE_ONLY,NONE
301295.SZ,CHINEXT,1,0.305872,9,6,3,0,VALID,,,2026-08-31T19:22:23+08:00,DATA_AND_RESEARCH_EVIDENCE_ONLY,NONE
301296.SZ,CHINEXT,1,0.350499,18,16,2,0,VALID,,,2026-08-31T19:20:01+08:00,DATA_AND_RESEARCH_EVIDENCE_ONLY,NONE
301297.SZ,CHINEXT,1,0.367215,28,27,1,0,VALID,,,2026-08-31T19:22:23+08:00,DATA_AND_RESEARCH_EVIDENCE_ONLY,NONE
301298.SZ,CHINEXT,1,0.373993,26,23,3,0,VALID,,,2026-08-31T19:22:27+08:00,DATA_AND_RESEARCH_EVIDENCE_ONLY,NONE
301299.SZ,CHINEXT,1,0.300318,13,11,2,0,VALID,,,2026-08-31T19:22:08+08:00,DATA_AND_RESEARCH_EVIDENCE_ONLY,NONE
301300.SZ,CHINEXT,1,0.44675,21,18,3,0,VALID,,,2026-08-31T19:22:08+08:00,DATA_AND_RESEARCH_EVIDENCE_ONLY,NONE
301301.SZ,CHINEXT,1,0.308641,12,11,1,0,VALID,,,2026-08-31T19:18:56+08:00,DATA_AND_RESEARCH_EVIDENCE_ONLY,NONE
301302.SZ,CHINEXT,1,0.291847,18,17,1,0,VALID,,,2026-08-31T19:22:08+08:00,DATA_AND_RESEARCH_EVIDENCE_ONLY,NONE
301303.SZ,CHINEXT,1,0.291169,10,9,1,0,VALID,,,2026-08-31T19:22:09+08:00,DATA_AND_RESEARCH_EVIDENCE_ONLY,NONE
301305.SZ,CHINEXT,1,0.472115,18,15,3,0,VALID,,,2026-08-31T19:22:27+08:00,DATA_AND_RESEARCH_EVIDENCE_ONLY,NONE
301306.SZ,CHINEXT,1,0.341271,8,7,1,0,VALID,,,2026-08-31T19:19:06+08:00,DATA_AND_RESEARCH_EVIDENCE_ONLY,NONE
301307.SZ,CHINEXT,1,0.304927,11,10,1,0,VALID,,,2026-08-31T19:19:12+08:00,DATA_AND_RESEARCH_EVIDENCE_ONLY,NONE
301308.SZ,CHINEXT,1,0.301578,20,19,1,0,VALID,,,2026-08-31T19:22:17+08:00,DATA_AND_RESEARCH_EVIDENCE_ONLY,NONE
301309.SZ,CHINEXT,1,0.314831,8,7,1,0,VALID,,,2026-08-31T19:22:23+08:00,DATA_AND_RESEARCH_EVIDENCE_ONLY,NONE
301310.SZ,CHINEXT,1,0.290561,12,11,1,0,VALID,,,2026-08-31T19:22:58+08:00,DATA_AND_RESEARCH_EVIDENCE_ONLY,NONE
301311.SZ,CHINEXT,1,0.52645,7,6,1,0,VALID,,,2026-08-31T19:19:05+08:00,DATA_AND_RESEARCH_EVIDENCE_ONLY,NONE
301312.SZ,CHINEXT,1,0.386766,20,19,1,0,VALID,,,2026-08-31T19:22:24+08:00,DATA_AND_RESEARCH_EVIDENCE_ONLY,NONE
301313.SZ,CHINEXT,1,0.453334,36,34,2,0,VALID,,,2026-08-31T19:19:18+08:00,DATA_AND_RESEARCH_EVIDENCE_ONLY,NONE
301314.SZ,CHINEXT,1,0.375514,7,5,2,0,VALID,,,2026-08-31T19:22:09+08:00,DATA_AND_RESEARCH_EVIDENCE_ONLY,NONE
301315.SZ,CHINEXT,1,0.394987,8,7,1,0,VALID,,,2026-08-31T19:18:56+08:00,DATA_AND_RESEARCH_EVIDENCE_ONLY,NONE
301316.SZ,CHINEXT,1,0.380046,22,21,1,0,VALID,,,2026-08-31T19:22:27+08:00,DATA_AND_RESEARCH_EVIDENCE_ONLY,NONE
301317.SZ,CHINEXT,1,0.279592,6,5,1,0,VALID,,,2026-08-31T19:19:05+08:00,DATA_AND_RESEARCH_EVIDENCE_ONLY,NONE
301318.SZ,CHINEXT,1,0.497869,33,32,1,0,VALID,,,2026-08-31T19:22:24+08:00,DATA_AND_RESEARCH_EVIDENCE_ONLY,NONE
301319.SZ,CHINEXT,1,0.340025,31,30,1,0,VALID,,,2026-08-31T19:18:58+08:00,DATA_AND_RESEARCH_EVIDENCE_ONLY,NONE
301320.SZ,CHINEXT,1,0.301223,10,9,1,0,VALID,,,2026-08-31T19:18:56+08:00,DATA_AND_RESEARCH_EVIDENCE_ONLY,NONE
301321.SZ,CHINEXT,1,0.319509,29,29,0,0,VALID,,,2026-08-31T19:22:58+08:00,DATA_AND_RESEARCH_EVIDENCE_ONLY,NONE
301322.SZ,CHINEXT,1,0.292539,21,18,3,0,VALID,,,2026-08-31T19:22:23+08:00,DATA_AND_RESEARCH_EVIDENCE_ONLY,NONE
301323.SZ,CHINEXT,1,0.298841,13,12,1,0,VALID,,,2026-08-31T19:22:18+08:00,DATA_AND_RESEARCH_EVIDENCE_ONLY,NONE
301325.SZ,CHINEXT,1,0.438399,11,10,1,0,VALID,,,2026-08-31T19:18:57+08:00,DATA_AND_RESEARCH_EVIDENCE_ONLY,NONE
301326.SZ,CHINEXT,1,0.309599,13,12,1,0,VALID,,,2026-08-31T19:18:59+08:00,DATA_AND_RESEARCH_EVIDENCE_ONLY,NONE
301327.SZ,CHINEXT,1,0.293453,13,10,3,0,VALID,,,2026-08-31T19:22:18+08:00,DATA_AND_RESEARCH_EVIDENCE_ONLY,NONE
301328.SZ,CHINEXT,1,0.285149,19,18,1,0,VALID,,,2026-08-31T19:19:05+08:00,DATA_AND_RESEARCH_EVIDENCE_ONLY,NONE
301329.SZ,CHINEXT,1,0.287849,9,8,1,0,VALID,,,2026-08-31T19:22:58+08:00,DATA_AND_RESEARCH_EVIDENCE_ONLY,NONE
301330.SZ,CHINEXT,1,0.352667,19,18,1,0,VALID,,,2026-08-31T19:19:07+08:00,DATA_AND_RESEARCH_EVIDENCE_ONLY,NONE
301331.SZ,CHINEXT,1,0.584727,13,12,1,0,VALID,,,2026-08-31T19:22:28+08:00,DATA_AND_RESEARCH_EVIDENCE_ONLY,NONE
301332.SZ,CHINEXT,1,0.289208,8,7,1,0,VALID,,,2026-08-31T19:18:57+08:00,DATA_AND_RESEARCH_EVIDENCE_ONLY,NONE
301333.SZ,CHINEXT,1,0.273363,13,11,2,0,VALID,,,2026-08-31T19:19:12+08:00,DATA_AND_RESEARCH_EVIDENCE_ONLY,NONE
301335.SZ,CHINEXT,1,0.297571,15,12,3,0,VALID,,,2026-08-31T19:22:09+08:00,DATA_AND_RESEARCH_EVIDENCE_ONLY,NONE
301336.SZ,CHINEXT,1,0.273015,8,6,2,0,VALID,,,2026-08-31T19:19:18+08:00,DATA_AND_RESEARCH_EVIDENCE_ONLY,NONE
301337.SZ,CHINEXT,1,0.319765,15,10,5,0,VALID,,,2026-08-31T19:22:27+08:00,DATA_AND_RESEARCH_EVIDENCE_ONLY,NONE
301338.SZ,CHINEXT,1,0.358213,14,13,1,0,VALID,,,2026-08-31T19:22:24+08:00,DATA_AND_RESEARCH_EVIDENCE_ONLY,NONE
301339.SZ,CHINEXT,1,0.38236,10,9,1,0,VALID,,,2026-08-31T19:22:28+08:00,DATA_AND_RESEARCH_EVIDENCE_ONLY,NONE
301345.SZ,CHINEXT,1,0.29305,14,13,1,0,VALID,,,2026-08-31T19:22:18+08:00,DATA_AND_RESEARCH_EVIDENCE_ONLY,NONE
301348.SZ,CHINEXT,1,0.4929,11,9,2,0,VALID,,,2026-08-31T19:19:07+08:00,DATA_AND_RESEARCH_EVIDENCE_ONLY,NONE
301349.SZ,CHINEXT,1,0.639786,13,12,1,0,VALID,,,2026-08-31T19:22:10+08:00,DATA_AND_RESEARCH_EVIDENCE_ONLY,NONE
301353.SZ,CHINEXT,1,0.457564,6,5,1,0,VALID,,,2026-08-31T19:19:06+08:00,DATA_AND_RESEARCH_EVIDENCE_ONLY,NONE
301355.SZ,CHINEXT,1,0.64122,19,17,2,0,VALID,,,2026-08-31T19:22:29+08:00,DATA_AND_RESEARCH_EVIDENCE_ONLY,NONE
301356.SZ,CHINEXT,1,0.310479,9,8,1,0,VALID,,,2026-08-31T19:23:24+08:00,DATA_AND_RESEARCH_EVIDENCE_ONLY,NONE
301357.SZ,CHINEXT,1,0.298721,7,6,1,0,VALID,,,2026-08-31T19:22:10+08:00,DATA_AND_RESEARCH_EVIDENCE_ONLY,NONE
301358.SZ,CHINEXT,1,0.286241,16,14,2,0,VALID,,,2026-08-31T19:22:59+08:00,DATA_AND_RESEARCH_EVIDENCE_ONLY,NONE
301359.SZ,CHINEXT,1,0.510576,16,14,2,0,VALID,,,2026-08-31T19:22:29+08:00,DATA_AND_RESEARCH_EVIDENCE_ONLY,NONE
301360.SZ,CHINEXT,1,0.298707,12,11,1,0,VALID,,,2026-08-31T19:22:10+08:00,DATA_AND_RESEARCH_EVIDENCE_ONLY,NONE
301361.SZ,CHINEXT,1,0.379721,13,12,1,0,VALID,,,2026-08-31T19:19:12+08:00,DATA_AND_RESEARCH_EVIDENCE_ONLY,NONE
301362.SZ,CHINEXT,1,0.365206,7,5,2,0,VALID,,,2026-08-31T19:20:02+08:00,DATA_AND_RESEARCH_EVIDENCE_ONLY,NONE
301363.SZ,CHINEXT,1,0.300814,14,13,1,0,VALID,,,2026-08-31T19:22:19+08:00,DATA_AND_RESEARCH_EVIDENCE_ONLY,NONE
301365.SZ,CHINEXT,1,0.295971,10,9,1,0,VALID,,,2026-08-31T19:22:11+08:00,DATA_AND_RESEARCH_EVIDENCE_ONLY,NONE
301366.SZ,CHINEXT,1,0.525359,14,13,1,0,VALID,,,2026-08-31T19:18:58+08:00,DATA_AND_RESEARCH_EVIDENCE_ONLY,NONE
301367.SZ,CHINEXT,1,0.307368,16,15,1,0,VALID,,,2026-08-31T19:22:19+08:00,DATA_AND_RESEARCH_EVIDENCE_ONLY,NONE
301368.SZ,CHINEXT,1,0.273391,9,8,1,1,VALID,,,2026-08-31T19:20:02+08:00,DATA_AND_RESEARCH_EVIDENCE_ONLY,NONE
301369.SZ,CHINEXT,1,0.266695,14,13,1,0,VALID,,,2026-08-31T19:19:18+08:00,DATA_AND_RESEARCH_EVIDENCE_ONLY,NONE
301370.SZ,CHINEXT,1,0.377497,7,5,2,0,VALID,,,2026-08-31T19:19:13+08:00,DATA_AND_RESEARCH_EVIDENCE_ONLY,NONE
301371.SZ,CHINEXT,1,0.460054,14,12,2,0,VALID,,,2026-08-31T19:22:30+08:00,DATA_AND_RESEARCH_EVIDENCE_ONLY,NONE
301372.SZ,CHINEXT,1,0.424851,10,8,2,0,VALID,,,2026-08-31T19:22:23+08:00,DATA_AND_RESEARCH_EVIDENCE_ONLY,NONE
301373.SZ,CHINEXT,1,0.293429,13,12,1,0,VALID,,,2026-08-31T19:22:24+08:00,DATA_AND_RESEARCH_EVIDENCE_ONLY,NONE
301376.SZ,CHINEXT,1,0.357264,9,8,1,0,VALID,,,2026-08-31T19:22:25+08:00,DATA_AND_RESEARCH_EVIDENCE_ONLY,NONE
301377.SZ,CHINEXT,1,0.386151,9,8,1,0,VALID,,,2026-08-31T19:22:30+08:00,DATA_AND_RESEARCH_EVIDENCE_ONLY,NONE
301378.SZ,CHINEXT,1,0.325073,11,9,2,0,VALID,,,2026-08-31T19:18:59+08:00,DATA_AND_RESEARCH_EVIDENCE_ONLY,NONE
301379.SZ,CHINEXT,1,0.298835,15,14,1,0,VALID,,,2026-08-31T19:22:19+08:00,DATA_AND_RESEARCH_EVIDENCE_ONLY,NONE
301380.SZ,CHINEXT,1,0.291613,16,15,1,0,VALID,,,2026-08-31T19:22:20+08:00,DATA_AND_RESEARCH_EVIDENCE_ONLY,NONE
301381.SZ,CHINEXT,1,0.265484,15,13,2,0,VALID,,,2026-08-31T19:19:06+08:00,DATA_AND_RESEARCH_EVIDENCE_ONLY,NONE
301382.SZ,CHINEXT,1,0.300568,29,28,1,0,VALID,,,2026-08-31T19:22:11+08:00,DATA_AND_RESEARCH_EVIDENCE_ONLY,NONE
301383.SZ,CHINEXT,1,0.316658,18,17,1,0,VALID,,,2026-08-31T19:20:02+08:00,DATA_AND_RESEARCH_EVIDENCE_ONLY,NONE
301386.SZ,CHINEXT,1,0.289261,12,6,6,0,VALID,,,2026-08-31T19:19:13+08:00,DATA_AND_RESEARCH_EVIDENCE_ONLY,NONE
301387.SZ,CHINEXT,1,0.2878,16,15,1,0,VALID,,,2026-08-31T19:19:06+08:00,DATA_AND_RESEARCH_EVIDENCE_ONLY,NONE
301388.SZ,CHINEXT,1,0.425709,9,8,1,0,VALID,,,2026-08-31T19:22:31+08:00,DATA_AND_RESEARCH_EVIDENCE_ONLY,NONE
301389.SZ,CHINEXT,1,0.320661,7,6,1,0,VALID,,,2026-08-31T19:22:25+08:00,DATA_AND_RESEARCH_EVIDENCE_ONLY,NONE
301390.SZ,CHINEXT,1,0.268278,9,7,2,0,VALID,,,2026-08-31T19:19:19+08:00,DATA_AND_RESEARCH_EVIDENCE_ONLY,NONE
301391.SZ,CHINEXT,1,0.376104,13,12,1,0,VALID,,,2026-08-31T19:22:31+08:00,DATA_AND_RESEARCH_EVIDENCE_ONLY,NONE
301392.SZ,CHINEXT,1,0.51565,6,5,1,0,VALID,,,2026-08-31T19:18:57+08:00,DATA_AND_RESEARCH_EVIDENCE_ONLY,NONE
301393.SZ,CHINEXT,1,0.376901,17,15,2,0,VALID,,,2026-08-31T19:22:32+08:00,DATA_AND_RESEARCH_EVIDENCE_ONLY,NONE
301395.SZ,CHINEXT,1,0.281638,13,11,2,0,VALID,,,2026-08-31T19:19:13+08:00,DATA_AND_RESEARCH_EVIDENCE_ONLY,NONE
301396.SZ,CHINEXT,1,0.281595,21,18,3,0,VALID,,,2026-08-31T19:18:57+08:00,DATA_AND_RESEARCH_EVIDENCE_ONLY,NONE
301397.SZ,CHINEXT,1,0.298447,19,18,1,0,VALID,,,2026-08-31T19:22:20+08:00,DATA_AND_RESEARCH_EVIDENCE_ONLY,NONE
301398.SZ,CHINEXT,1,0.332638,15,14,1,0,VALID,,,2026-08-31T19:22:32+08:00,DATA_AND_RESEARCH_EVIDENCE_ONLY,NONE
301399.SZ,CHINEXT,1,0.292101,7,6,1,0,VALID,,,2026-08-31T19:22:24+08:00,DATA_AND_RESEARCH_EVIDENCE_ONLY,NONE
301408.SZ,CHINEXT,1,0.296847,8,6,2,0,VALID,,,2026-08-31T19:22:11+08:00,DATA_AND_RESEARCH_EVIDENCE_ONLY,NONE
301413.SZ,CHINEXT,1,0.397818,15,14,1,0,VALID,,,2026-08-31T19:20:03+08:00,DATA_AND_RESEARCH_EVIDENCE_ONLY,NONE
301418.SZ,CHINEXT,1,0.588099,12,8,4,0,VALID,,,2026-08-31T19:18:57+08:00,DATA_AND_RESEARCH_EVIDENCE_ONLY,NONE
301419.SZ,CHINEXT,1,0.300922,15,13,2,0,VALID,,,2026-08-31T19:22:24+08:00,DATA_AND_RESEARCH_EVIDENCE_ONLY,NONE
301421.SZ,CHINEXT,1,0.297186,19,16,3,0,VALID,,,2026-08-31T19:22:12+08:00,DATA_AND_RESEARCH_EVIDENCE_ONLY,NONE
301428.SZ,CHINEXT,1,0.376077,11,9,2,0,VALID,,,2026-08-31T19:22:32+08:00,DATA_AND_RESEARCH_EVIDENCE_ONLY,NONE
301429.SZ,CHINEXT,1,0.506424,7,6,1,0,VALID,,,2026-08-31T19:22:25+08:00,DATA_AND_RESEARCH_EVIDENCE_ONLY,NONE
301439.SZ,CHINEXT,1,0.263002,6,5,1,0,VALID,,,2026-08-31T19:19:07+08:00,DATA_AND_RESEARCH_EVIDENCE_ONLY,NONE
301446.SZ,CHINEXT,1,0.30445,6,5,1,0,VALID,,,2026-08-31T19:22:12+08:00,DATA_AND_RESEARCH_EVIDENCE_ONLY,NONE
301448.SZ,CHINEXT,1,0.432059,6,5,1,0,VALID,,,2026-08-31T19:18:59+08:00,DATA_AND_RESEARCH_EVIDENCE_ONLY,NONE
301449.SZ,CHINEXT,1,0.29006,11,8,3,0,VALID,,,2026-08-31T19:22:12+08:00,DATA_AND_RESEARCH_EVIDENCE_ONLY,NONE
301456.SZ,CHINEXT,1,0.258306,11,10,1,0,VALID,,,2026-08-31T19:19:07+08:00,DATA_AND_RESEARCH_EVIDENCE_ONLY,NONE
301458.SZ,CHINEXT,1,0.372849,5,4,1,0,VALID,,,2026-08-31T19:22:33+08:00,DATA_AND_RESEARCH_EVIDENCE_ONLY,NONE
301459.SZ,CHINEXT,1,0.524496,7,6,1,0,VALID,,,2026-08-31T19:22:26+08:00,DATA_AND_RESEARCH_EVIDENCE_ONLY,NONE
301468.SZ,CHINEXT,1,0.343702,9,7,2,0,VALID,,,2026-08-31T19:22:33+08:00,DATA_AND_RESEARCH_EVIDENCE_ONLY,NONE
301469.SZ,CHINEXT,1,0.272395,14,11,3,0,VALID,,,2026-08-31T19:22:27+08:00,DATA_AND_RESEARCH_EVIDENCE_ONLY,NONE
301479.SZ,CHINEXT,1,0.299239,20,18,2,0,VALID,,,2026-08-31T19:22:25+08:00,DATA_AND_RESEARCH_EVIDENCE_ONLY,NONE
301486.SZ,CHINEXT,1,0.267186,13,12,1,0,VALID,,,2026-08-31T19:19:00+08:00,DATA_AND_RESEARCH_EVIDENCE_ONLY,NONE
301487.SZ,CHINEXT,1,0.335104,7,5,2,0,VALID,,,2026-08-31T19:22:28+08:00,DATA_AND_RESEARCH_EVIDENCE_ONLY,NONE
301488.SZ,CHINEXT,1,0.29743,12,11,1,0,VALID,,,2026-08-31T19:22:13+08:00,DATA_AND_RESEARCH_EVIDENCE_ONLY,NONE
301489.SZ,CHINEXT,1,0.585266,25,23,2,0,VALID,,,2026-08-31T19:19:14+08:00,DATA_AND_RESEARCH_EVIDENCE_ONLY,NONE
301491.SZ,CHINEXT,1,0.267405,6,5,1,0,VALID,,,2026-08-31T19:20:03+08:00,DATA_AND_RESEARCH_EVIDENCE_ONLY,NONE
301498.SZ,CHINEXT,1,0.421576,8,7,1,0,VALID,,,2026-08-31T19:18:58+08:00,DATA_AND_RESEARCH_EVIDENCE_ONLY,NONE
301499.SZ,CHINEXT,1,0.438716,5,4,1,0,VALID,,,2026-08-31T19:23:25+08:00,DATA_AND_RESEARCH_EVIDENCE_ONLY,NONE
301500.SZ,CHINEXT,1,0.293173,12,11,1,0,VALID,,,2026-08-31T19:22:59+08:00,DATA_AND_RESEARCH_EVIDENCE_ONLY,NONE
301501.SZ,CHINEXT,1,0.269436,6,5,1,0,VALID,,,2026-08-31T19:19:19+08:00,DATA_AND_RESEARCH_EVIDENCE_ONLY,NONE
301502.SZ,CHINEXT,1,0.347067,7,6,1,0,VALID,,,2026-08-31T19:23:25+08:00,DATA_AND_RESEARCH_EVIDENCE_ONLY,NONE
301503.SZ,CHINEXT,1,0.26418,5,4,1,0,VALID,,,2026-08-31T19:19:07+08:00,DATA_AND_RESEARCH_EVIDENCE_ONLY,NONE
301505.SZ,CHINEXT,1,0.370356,16,14,2,0,VALID,,,2026-08-31T19:19:00+08:00,DATA_AND_RESEARCH_EVIDENCE_ONLY,NONE
301507.SZ,CHINEXT,1,0.573442,10,9,1,1,VALID,,,2026-08-31T19:19:08+08:00,DATA_AND_RESEARCH_EVIDENCE_ONLY,NONE
301508.SZ,CHINEXT,1,0.31191,5,4,1,0,VALID,,,2026-08-31T19:18:58+08:00,DATA_AND_RESEARCH_EVIDENCE_ONLY,NONE
301509.SZ,CHINEXT,1,0.35877,7,5,2,0,VALID,,,2026-08-31T19:20:03+08:00,DATA_AND_RESEARCH_EVIDENCE_ONLY,NONE
301510.SZ,CHINEXT,1,0.321859,8,7,1,0,VALID,,,2026-08-31T19:22:20+08:00,DATA_AND_RESEARCH_EVIDENCE_ONLY,NONE
301511.SZ,CHINEXT,1,0.277121,13,12,1,0,VALID,,,2026-08-31T19:19:19+08:00,DATA_AND_RESEARCH_EVIDENCE_ONLY,NONE
301512.SZ,CHINEXT,1,0.271765,6,5,1,0,VALID,,,2026-08-31T19:19:00+08:00,DATA_AND_RESEARCH_EVIDENCE_ONLY,NONE
301513.SZ,CHINEXT,1,0.362742,3,2,1,0,VALID,,,2026-08-31T19:19:14+08:00,DATA_AND_RESEARCH_EVIDENCE_ONLY,NONE
301515.SZ,CHINEXT,1,0.293824,11,9,2,0,VALID,,,2026-08-31T19:22:59+08:00,DATA_AND_RESEARCH_EVIDENCE_ONLY,NONE
301516.SZ,CHINEXT,1,0.344091,5,4,1,0,VALID,,,2026-08-31T19:19:08+08:00,DATA_AND_RESEARCH_EVIDENCE_ONLY,NONE
301517.SZ,CHINEXT,1,0.289809,9,8,1,0,VALID,,,2026-08-31T19:18:59+08:00,DATA_AND_RESEARCH_EVIDENCE_ONLY,NONE
301518.SZ,CHINEXT,1,0.374948,12,11,1,0,VALID,,,2026-08-31T19:20:04+08:00,DATA_AND_RESEARCH_EVIDENCE_ONLY,NONE
301519.SZ,CHINEXT,1,0.319707,19,17,2,0,VALID,,,2026-08-31T19:19:01+08:00,DATA_AND_RESEARCH_EVIDENCE_ONLY,NONE
301520.SZ,CHINEXT,1,0.26017,9,8,1,0,VALID,,,2026-08-31T19:19:19+08:00,DATA_AND_RESEARCH_EVIDENCE_ONLY,NONE
301522.SZ,CHINEXT,1,0.359399,8,6,2,0,VALID,,,2026-08-31T19:22:26+08:00,DATA_AND_RESEARCH_EVIDENCE_ONLY,NONE
301525.SZ,CHINEXT,1,0.294182,7,6,1,1,VALID,,,2026-08-31T19:22:13+08:00,DATA_AND_RESEARCH_EVIDENCE_ONLY,NONE
301526.SZ,CHINEXT,1,0.35145,6,4,2,0,VALID,,,2026-08-31T19:22:26+08:00,DATA_AND_RESEARCH_EVIDENCE_ONLY,NONE
301528.SZ,CHINEXT,1,0.628361,9,8,1,0,VALID,,,2026-08-31T19:23:25+08:00,DATA_AND_RESEARCH_EVIDENCE_ONLY,NONE
301529.SZ,CHINEXT,1,0.454364,8,7,1,0,VALID,,,2026-08-31T19:19:20+08:00,DATA_AND_RESEARCH_EVIDENCE_ONLY,NONE
301531.SZ,CHINEXT,1,0.30856,5,4,1,0,VALID,,,2026-08-31T19:19:15+08:00,DATA_AND_RESEARCH_EVIDENCE_ONLY,NONE
301533.SZ,CHINEXT,1,0.551093,7,6,1,0,VALID,,,2026-08-31T19:19:09+08:00,DATA_AND_RESEARCH_EVIDENCE_ONLY,NONE
301535.SZ,CHINEXT,1,0.340915,5,4,1,0,VALID,,,2026-08-31T19:19:20+08:00,DATA_AND_RESEARCH_EVIDENCE_ONLY,NONE
301536.SZ,CHINEXT,1,0.521827,8,6,2,0,VALID,,,2026-08-31T19:22:13+08:00,DATA_AND_RESEARCH_EVIDENCE_ONLY,NONE
301538.SZ,CHINEXT,1,0.298553,16,13,3,0,VALID,,,2026-08-31T19:22:20+08:00,DATA_AND_RESEARCH_EVIDENCE_ONLY,NONE
301539.SZ,CHINEXT,1,0.494775,9,6,3,0,VALID,,,2026-08-31T19:22:26+08:00,DATA_AND_RESEARCH_EVIDENCE_ONLY,NONE
301548.SZ,CHINEXT,1,0.331742,10,9,1,0,VALID,,,2026-08-31T19:19:21+08:00,DATA_AND_RESEARCH_EVIDENCE_ONLY,NONE
301550.SZ,CHINEXT,1,0.26664,24,21,3,0,VALID,,,2026-08-31T19:20:04+08:00,DATA_AND_RESEARCH_EVIDENCE_ONLY,NONE
301551.SZ,CHINEXT,1,0.261638,5,4,1,0,VALID,,,2026-08-31T19:19:08+08:00,DATA_AND_RESEARCH_EVIDENCE_ONLY,NONE
301552.SZ,CHINEXT,1,0.342359,7,6,1,0,VALID,,,2026-08-31T19:19:09+08:00,DATA_AND_RESEARCH_EVIDENCE_ONLY,NONE
301555.SZ,CHINEXT,1,0.471715,23,22,1,0,VALID,,,2026-08-31T19:18:58+08:00,DATA_AND_RESEARCH_EVIDENCE_ONLY,NONE
301556.SZ,CHINEXT,1,0.294024,8,7,1,0,VALID,,,2026-08-31T19:22:21+08:00,DATA_AND_RESEARCH_EVIDENCE_ONLY,NONE
301557.SZ,CHINEXT,1,0.375074,4,3,1,0,VALID,,,2026-08-31T19:22:27+08:00,DATA_AND_RESEARCH_EVIDENCE_ONLY,NONE
301558.SZ,CHINEXT,1,0.37497,14,13,1,0,VALID,,,2026-08-31T19:19:15+08:00,DATA_AND_RESEARCH_EVIDENCE_ONLY,NONE
301559.SZ,CHINEXT,1,0.385874,4,3,1,0,VALID,,,2026-08-31T19:19:09+08:00,DATA_AND_RESEARCH_EVIDENCE_ONLY,NONE
301560.SZ,CHINEXT,1,0.31838,6,5,1,0,VALID,,,2026-08-31T19:23:26+08:00,DATA_AND_RESEARCH_EVIDENCE_ONLY,NONE
301563.SZ,CHINEXT,1,0.656165,6,5,1,0,VALID,,,2026-08-31T19:23:26+08:00,DATA_AND_RESEARCH_EVIDENCE_ONLY,NONE
301565.SZ,CHINEXT,1,0.288224,5,4,1,0,VALID,,,2026-08-31T19:23:00+08:00,DATA_AND_RESEARCH_EVIDENCE_ONLY,NONE
301566.SZ,CHINEXT,1,0.342131,9,8,1,0,VALID,,,2026-08-31T19:22:28+08:00,DATA_AND_RESEARCH_EVIDENCE_ONLY,NONE
301567.SZ,CHINEXT,1,0.539238,4,3,1,0,VALID,,,2026-08-31T19:18:59+08:00,DATA_AND_RESEARCH_EVIDENCE_ONLY,NONE
301568.SZ,CHINEXT,1,0.341083,15,13,2,0,VALID,,,2026-08-31T19:22:27+08:00,DATA_AND_RESEARCH_EVIDENCE_ONLY,NONE
301571.SZ,CHINEXT,1,0.297193,7,6,1,0,VALID,,,2026-08-31T19:18:59+08:00,DATA_AND_RESEARCH_EVIDENCE_ONLY,NONE
301575.SZ,CHINEXT,1,0.536941,18,15,3,0,VALID,,,2026-08-31T19:22:34+08:00,DATA_AND_RESEARCH_EVIDENCE_ONLY,NONE
301577.SZ,CHINEXT,1,0.508367,7,6,1,0,VALID,,,2026-08-31T19:22:14+08:00,DATA_AND_RESEARCH_EVIDENCE_ONLY,NONE
301578.SZ,CHINEXT,1,0.377482,13,10,3,0,VALID,,,2026-08-31T19:19:01+08:00,DATA_AND_RESEARCH_EVIDENCE_ONLY,NONE
301580.SZ,CHINEXT,1,0.315578,11,8,3,0,VALID,,,2026-08-31T19:18:59+08:00,DATA_AND_RESEARCH_EVIDENCE_ONLY,NONE
301581.SZ,CHINEXT,1,0.391063,3,2,1,0,VALID,,,2026-08-31T19:19:10+08:00,DATA_AND_RESEARCH_EVIDENCE_ONLY,NONE
301583.SZ,CHINEXT,1,0.279344,2,1,1,0,VALID,,,2026-08-31T19:19:01+08:00,DATA_AND_RESEARCH_EVIDENCE_ONLY,NONE
301584.SZ,CHINEXT,1,0.347169,4,3,1,0,VALID,,,2026-08-31T19:22:28+08:00,DATA_AND_RESEARCH_EVIDENCE_ONLY,NONE
301585.SZ,CHINEXT,1,0.455324,15,11,4,0,VALID,,,2026-08-31T19:22:28+08:00,DATA_AND_RESEARCH_EVIDENCE_ONLY,NONE
301586.SZ,CHINEXT,1,0.375777,14,10,4,0,VALID,,,2026-08-31T19:22:14+08:00,DATA_AND_RESEARCH_EVIDENCE_ONLY,NONE
301587.SZ,CHINEXT,1,0.345529,8,5,3,0,VALID,,,2026-08-31T19:22:28+08:00,DATA_AND_RESEARCH_EVIDENCE_ONLY,NONE
301588.SZ,CHINEXT,1,0.295487,5,4,1,0,VALID,,,2026-08-31T19:19:15+08:00,DATA_AND_RESEARCH_EVIDENCE_ONLY,NONE
301589.SZ,CHINEXT,1,0.31254,8,6,2,0,VALID,,,2026-08-31T19:22:26+08:00,DATA_AND_RESEARCH_EVIDENCE_ONLY,NONE
301590.SZ,CHINEXT,1,0.288871,8,6,2,0,VALID,,,2026-08-31T19:18:59+08:00,DATA_AND_RESEARCH_EVIDENCE_ONLY,NONE
301591.SZ,CHINEXT,1,0.295656,10,7,3,0,VALID,,,2026-08-31T19:22:26+08:00,DATA_AND_RESEARCH_EVIDENCE_ONLY,NONE
301592.SZ,CHINEXT,1,0.262942,3,2,1,0,VALID,,,2026-08-31T19:19:02+08:00,DATA_AND_RESEARCH_EVIDENCE_ONLY,NONE
301595.SZ,CHINEXT,1,0.484969,6,4,2,0,VALID,,,2026-08-31T19:18:59+08:00,DATA_AND_RESEARCH_EVIDENCE_ONLY,NONE
301596.SZ,CHINEXT,1,0.260863,9,7,2,0,VALID,,,2026-08-31T19:19:21+08:00,DATA_AND_RESEARCH_EVIDENCE_ONLY,NONE
301598.SZ,CHINEXT,1,0.288945,10,9,1,0,VALID,,,2026-08-31T19:23:00+08:00,DATA_AND_RESEARCH_EVIDENCE_ONLY,NONE
301599.SZ,CHINEXT,1,0.316363,3,2,1,0,VALID,,,2026-08-31T19:19:16+08:00,DATA_AND_RESEARCH_EVIDENCE_ONLY,NONE
301600.SZ,CHINEXT,1,0.519005,12,9,3,0,VALID,,,2026-08-31T19:22:15+08:00,DATA_AND_RESEARCH_EVIDENCE_ONLY,NONE
301601.SZ,CHINEXT,1,0.70821,7,6,1,0,VALID,,,2026-08-31T19:19:02+08:00,DATA_AND_RESEARCH_EVIDENCE_ONLY,NONE
301602.SZ,CHINEXT,1,0.3189,5,4,1,0,VALID,,,2026-08-31T19:19:03+08:00,DATA_AND_RESEARCH_EVIDENCE_ONLY,NONE
301603.SZ,CHINEXT,1,0.295989,6,4,2,0,VALID,,,2026-08-31T19:22:27+08:00,DATA_AND_RESEARCH_EVIDENCE_ONLY,NONE
301606.SZ,CHINEXT,1,0.291387,6,5,1,0,VALID,,,2026-08-31T19:23:00+08:00,DATA_AND_RESEARCH_EVIDENCE_ONLY,NONE
301607.SZ,CHINEXT,1,0.335035,13,12,1,0,VALID,,,2026-08-31T19:22:34+08:00,DATA_AND_RESEARCH_EVIDENCE_ONLY,NONE
301608.SZ,CHINEXT,1,0.65794,7,6,1,0,VALID,,,2026-08-31T19:23:27+08:00,DATA_AND_RESEARCH_EVIDENCE_ONLY,NONE
301609.SZ,CHINEXT,1,0.37851,10,7,3,0,VALID,,,2026-08-31T19:19:16+08:00,DATA_AND_RESEARCH_EVIDENCE_ONLY,NONE
301611.SZ,CHINEXT,1,0.286615,6,5,1,0,VALID,,,2026-08-31T19:23:00+08:00,DATA_AND_RESEARCH_EVIDENCE_ONLY,NONE
301613.SZ,CHINEXT,1,0.36112,6,5,1,0,VALID,,,2026-08-31T19:19:10+08:00,DATA_AND_RESEARCH_EVIDENCE_ONLY,NONE
301616.SZ,CHINEXT,1,0.387034,3,2,1,0,VALID,,,2026-08-31T19:19:11+08:00,DATA_AND_RESEARCH_EVIDENCE_ONLY,NONE
301617.SZ,CHINEXT,1,0.29286,7,6,1,0,VALID,,,2026-08-31T19:22:27+08:00,DATA_AND_RESEARCH_EVIDENCE_ONLY,NONE
301618.SZ,CHINEXT,1,0.341243,9,8,1,0,VALID,,,2026-08-31T19:20:04+08:00,DATA_AND_RESEARCH_EVIDENCE_ONLY,NONE
301622.SZ,CHINEXT,1,0.369985,9,8,1,0,VALID,,,2026-08-31T19:22:29+08:00,DATA_AND_RESEARCH_EVIDENCE_ONLY,NONE
301626.SZ,CHINEXT,1,0.527667,5,4,1,0,VALID,,,2026-08-31T19:19:00+08:00,DATA_AND_RESEARCH_EVIDENCE_ONLY,NONE
301628.SZ,CHINEXT,1,0.311564,7,6,1,0,VALID,,,2026-08-31T19:19:00+08:00,DATA_AND_RESEARCH_EVIDENCE_ONLY,NONE
301629.SZ,CHINEXT,1,0.52794,5,4,1,0,VALID,,,2026-08-31T19:23:28+08:00,DATA_AND_RESEARCH_EVIDENCE_ONLY,NONE
301630.SZ,CHINEXT,1,0.260154,4,3,1,0,VALID,,,2026-08-31T19:19:21+08:00,DATA_AND_RESEARCH_EVIDENCE_ONLY,NONE
301631.SZ,CHINEXT,1,0.296171,9,8,1,0,VALID,,,2026-08-31T19:23:28+08:00,DATA_AND_RESEARCH_EVIDENCE_ONLY,NONE
301632.SZ,CHINEXT,1,0.258144,6,5,1,0,VALID,,,2026-08-31T19:19:08+08:00,DATA_AND_RESEARCH_EVIDENCE_ONLY,NONE
301633.SZ,CHINEXT,1,0.405588,5,4,1,0,VALID,,,2026-08-31T19:22:27+08:00,DATA_AND_RESEARCH_EVIDENCE_ONLY,NONE
301636.SZ,CHINEXT,1,0.310596,8,7,1,0,VALID,,,2026-08-31T19:19:00+08:00,DATA_AND_RESEARCH_EVIDENCE_ONLY,NONE
301638.SZ,CHINEXT,1,0.417204,3,2,1,0,VALID,,,2026-08-31T19:20:05+08:00,DATA_AND_RESEARCH_EVIDENCE_ONLY,NONE
301655.SZ,CHINEXT,1,0.37057,5,1,4,0,VALID,,,2026-08-31T19:22:34+08:00,DATA_AND_RESEARCH_EVIDENCE_ONLY,NONE
301656.SZ,CHINEXT,1,0.384396,5,4,1,0,VALID,,,2026-08-31T19:22:15+08:00,DATA_AND_RESEARCH_EVIDENCE_ONLY,NONE
301658.SZ,CHINEXT,1,0.375031,5,4,1,0,VALID,,,2026-08-31T19:19:00+08:00,DATA_AND_RESEARCH_EVIDENCE_ONLY,NONE
301662.SZ,CHINEXT,1,0.332519,5,4,1,0,VALID,,,2026-08-31T19:19:21+08:00,DATA_AND_RESEARCH_EVIDENCE_ONLY,NONE
301665.SZ,CHINEXT,1,0.333013,6,4,2,0,VALID,,,2026-08-31T19:20:05+08:00,DATA_AND_RESEARCH_EVIDENCE_ONLY,NONE
301666.SZ,CHINEXT,1,0.266329,3,2,1,0,VALID,,,2026-08-31T19:20:06+08:00,DATA_AND_RESEARCH_EVIDENCE_ONLY,NONE
301667.SZ,CHINEXT,1,0.38969,5,4,1,0,VALID,,,2026-08-31T19:22:35+08:00,DATA_AND_RESEARCH_EVIDENCE_ONLY,NONE
301668.SZ,CHINEXT,1,0.512513,4,3,1,0,VALID,,,2026-08-31T19:23:01+08:00,DATA_AND_RESEARCH_EVIDENCE_ONLY,NONE
301669.SZ,CHINEXT,1,0.329673,3,2,1,0,VALID,,,2026-08-31T19:19:16+08:00,DATA_AND_RESEARCH_EVIDENCE_ONLY,NONE
301677.SZ,CHINEXT,1,0.331694,5,1,4,0,VALID,,,2026-08-31T19:22:28+08:00,DATA_AND_RESEARCH_EVIDENCE_ONLY,NONE
301678.SZ,CHINEXT,1,0.290708,5,4,1,0,VALID,,,2026-08-31T19:22:28+08:00,DATA_AND_RESEARCH_EVIDENCE_ONLY,NONE
301680.SZ,CHINEXT,1,0.291608,7,5,2,0,VALID,,,2026-08-31T19:22:21+08:00,DATA_AND_RESEARCH_EVIDENCE_ONLY,NONE
301682.SZ,CHINEXT,1,0.291157,3,2,1,0,VALID,,,2026-08-31T19:23:01+08:00,DATA_AND_RESEARCH_EVIDENCE_ONLY,NONE
301683.SZ,CHINEXT,1,0.296905,3,2,1,0,VALID,,,2026-08-31T19:22:28+08:00,DATA_AND_RESEARCH_EVIDENCE_ONLY,NONE
301687.SZ,CHINEXT,1,0.295807,3,2,1,0,VALID,,,2026-08-31T19:22:21+08:00,DATA_AND_RESEARCH_EVIDENCE_ONLY,NONE
301696.SZ,CHINEXT,1,0.283929,3,2,1,0,VALID,,,2026-08-31T19:23:02+08:00,DATA_AND_RESEARCH_EVIDENCE_ONLY,NONE
301707.SZ,CHINEXT,1,0.61827,4,1,3,0,VALID,,,2026-08-31T19:19:08+08:00,DATA_AND_RESEARCH_EVIDENCE_ONLY,NONE
301717.SZ,CHINEXT,1,0.341303,2,1,1,0,VALID,,,2026-08-31T19:22:35+08:00,DATA_AND_RESEARCH_EVIDENCE_ONLY,NONE
302132.SZ,UNKNOWN,1,0.26715,21,20,1,0,VALID,,,2026-08-31T19:19:22+08:00,DATA_AND_RESEARCH_EVIDENCE_ONLY,NONE
600000.SH,SH_MAIN,1,0.525508,69,68,1,0,VALID,,,2026-08-31T19:22:16+08:00,DATA_AND_RESEARCH_EVIDENCE_ONLY,NONE
600004.SH,SH_MAIN,1,0.526148,20,19,1,0,VALID,,,2026-08-31T19:22:29+08:00,DATA_AND_RESEARCH_EVIDENCE_ONLY,NONE
600006.SH,SH_MAIN,1,0.297701,6,5,1,0,VALID,,,2026-08-31T19:19:00+08:00,DATA_AND_RESEARCH_EVIDENCE_ONLY,NONE
600007.SH,SH_MAIN,1,0.302377,7,6,1,0,VALID,,,2026-08-31T19:22:22+08:00,DATA_AND_RESEARCH_EVIDENCE_ONLY,NONE
600008.SH,SH_MAIN,1,0.289591,17,16,1,0,VALID,,,2026-08-31T19:22:22+08:00,DATA_AND_RESEARCH_EVIDENCE_ONLY,NONE
600009.SH,SH_MAIN,1,0.517412,33,32,1,0,VALID,,,2026-08-31T19:22:30+08:00,DATA_AND_RESEARCH_EVIDENCE_ONLY,NONE
600010.SH,SH_MAIN,1,0.47712,62,61,1,0,VALID,,,2026-08-31T19:23:02+08:00,DATA_AND_RESEARCH_EVIDENCE_ONLY,NONE
600011.SH,SH_MAIN,1,0.565269,28,26,2,0,VALID,,,2026-08-31T19:19:11+08:00,DATA_AND_RESEARCH_EVIDENCE_ONLY,NONE
600012.SH,SH_MAIN,1,0.261935,10,7,3,0,VALID,,,2026-08-31T19:19:01+08:00,DATA_AND_RESEARCH_EVIDENCE_ONLY,NONE
600015.SH,SH_MAIN,1,0.619924,20,19,1,0,VALID,,,2026-08-31T19:19:09+08:00,DATA_AND_RESEARCH_EVIDENCE_ONLY,NONE
600016.SH,SH_MAIN,1,0.309238,64,63,1,0,VALID,,,2026-08-31T19:22:28+08:00,DATA_AND_RESEARCH_EVIDENCE_ONLY,NONE
600017.SH,SH_MAIN,1,0.335145,15,14,1,0,VALID,,,2026-08-31T19:22:29+08:00,DATA_AND_RESEARCH_EVIDENCE_ONLY,NONE
600018.SH,SH_MAIN,1,0.365443,17,16,1,1,VALID,,,2026-08-31T19:19:01+08:00,DATA_AND_RESEARCH_EVIDENCE_ONLY,NONE
600019.SH,SH_MAIN,1,0.377631,59,58,1,0,VALID,,,2026-08-31T19:22:36+08:00,DATA_AND_RESEARCH_EVIDENCE_ONLY,NONE
600020.SH,SH_MAIN,1,0.292523,13,12,1,0,VALID,,,2026-08-31T19:19:01+08:00,DATA_AND_RESEARCH_EVIDENCE_ONLY,NONE
600021.SH,SH_MAIN,1,0.349804,21,20,1,0,VALID,,,2026-08-31T19:23:28+08:00,DATA_AND_RESEARCH_EVIDENCE_ONLY,NONE
600022.SH,SH_MAIN,1,0.39001,19,18,1,0,VALID,,,2026-08-31T19:22:30+08:00,DATA_AND_RESEARCH_EVIDENCE_ONLY,NONE
600023.SH,SH_MAIN,1,0.495998,10,9,1,0,VALID,,,2026-08-31T19:22:28+08:00,DATA_AND_RESEARCH_EVIDENCE_ONLY,NONE
600025.SH,SH_MAIN,1,0.304128,9,6,3,0,VALID,,,2026-08-31T19:19:01+08:00,DATA_AND_RESEARCH_EVIDENCE_ONLY,NONE
600026.SH,SH_MAIN,1,0.475649,31,28,3,0,VALID,,,2026-08-31T19:19:01+08:00,DATA_AND_RESEARCH_EVIDENCE_ONLY,NONE
600027.SH,SH_MAIN,1,0.469227,31,30,1,0,VALID,,,2026-08-31T19:19:12+08:00,DATA_AND_RESEARCH_EVIDENCE_ONLY,NONE
600028.SH,SH_MAIN,1,0.27826,46,44,2,0,VALID,,,2026-08-31T19:19:09+08:00,DATA_AND_RESEARCH_EVIDENCE_ONLY,NONE
600029.SH,SH_MAIN,1,0.274346,83,82,1,0,VALID,,,2026-08-31T19:19:10+08:00,DATA_AND_RESEARCH_EVIDENCE_ONLY,NONE
600030.SH,SH_MAIN,1,0.443159,22,21,1,0,VALID,,,2026-08-31T19:22:29+08:00,DATA_AND_RESEARCH_EVIDENCE_ONLY,NONE
600031.SH,SH_MAIN,1,0.466648,81,80,1,0,VALID,,,2026-08-31T19:23:02+08:00,DATA_AND_RESEARCH_EVIDENCE_ONLY,NONE
600032.SH,SH_MAIN,1,0.264268,7,6,1,0,VALID,,,2026-08-31T19:19:10+08:00,DATA_AND_RESEARCH_EVIDENCE_ONLY,NONE
600033.SH,SH_MAIN,1,0.566068,11,10,1,0,VALID,,,2026-08-31T19:19:12+08:00,DATA_AND_RESEARCH_EVIDENCE_ONLY,NONE
600035.SH,SH_MAIN,1,0.452198,16,15,1,0,VALID,,,2026-08-31T19:23:03+08:00,DATA_AND_RESEARCH_EVIDENCE_ONLY,NONE
600036.SH,SH_MAIN,1,0.273572,49,48,1,0,VALID,,,2026-08-31T19:19:10+08:00,DATA_AND_RESEARCH_EVIDENCE_ONLY,NONE
600037.SH,SH_MAIN,1,0.302305,44,43,1,0,VALID,,,2026-08-31T19:19:17+08:00,DATA_AND_RESEARCH_EVIDENCE_ONLY,NONE
600038.SH,SH_MAIN,1,0.349647,17,16,1,0,VALID,,,2026-08-31T19:23:29+08:00,DATA_AND_RESEARCH_EVIDENCE_ONLY,NONE
600039.SH,SH_MAIN,1,0.267241,48,47,1,0,VALID,,,2026-08-31T19:19:10+08:00,DATA_AND_RESEARCH_EVIDENCE_ONLY,NONE
600048.SH,SH_MAIN,1,0.412668,43,42,1,0,VALID,,,2026-08-31T19:20:06+08:00,DATA_AND_RESEARCH_EVIDENCE_ONLY,NONE
600050.SH,SH_MAIN,1,0.351091,36,35,1,0,VALID,,,2026-08-31T19:23:29+08:00,DATA_AND_RESEARCH_EVIDENCE_ONLY,NONE
600051.SH,SH_MAIN,1,0.349218,16,15,1,0,VALID,,,2026-08-31T19:19:13+08:00,DATA_AND_RESEARCH_EVIDENCE_ONLY,NONE
600052.SH,SH_MAIN,1,0.30797,13,12,1,0,VALID,,,2026-08-31T19:23:03+08:00,DATA_AND_RESEARCH_EVIDENCE_ONLY,NONE
600053.SH,SH_MAIN,1,0.303707,11,10,1,0,VALID,,,2026-08-31T19:22:29+08:00,DATA_AND_RESEARCH_EVIDENCE_ONLY,NONE
600054.SH,SH_MAIN,1,0.290311,14,12,2,0,VALID,,,2026-08-31T19:22:16+08:00,DATA_AND_RESEARCH_EVIDENCE_ONLY,NONE
600055.SH,SH_MAIN,1,0.390542,17,16,1,0,VALID,,,2026-08-31T19:22:36+08:00,DATA_AND_RESEARCH_EVIDENCE_ONLY,NONE
600056.SH,SH_MAIN,1,0.439833,23,22,1,0,VALID,,,2026-08-31T19:23:04+08:00,DATA_AND_RESEARCH_EVIDENCE_ONLY,NONE
600057.SH,SH_MAIN,1,0.303039,44,43,1,0,VALID,,,2026-08-31T19:19:02+08:00,DATA_AND_RESEARCH_EVIDENCE_ONLY,NONE
600058.SH,SH_MAIN,1,0.395895,13,12,1,0,VALID,,,2026-08-31T19:22:31+08:00,DATA_AND_RESEARCH_EVIDENCE_ONLY,NONE
600059.SH,SH_MAIN,1,0.307201,17,16,1,0,VALID,,,2026-08-31T19:19:13+08:00,DATA_AND_RESEARCH_EVIDENCE_ONLY,NONE
600060.SH,SH_MAIN,1,0.494768,21,20,1,0,VALID,,,2026-08-31T19:19:02+08:00,DATA_AND_RESEARCH_EVIDENCE_ONLY,NONE
600061.SH,SH_MAIN,1,0.361456,53,52,1,0,VALID,,,2026-08-31T19:23:30+08:00,DATA_AND_RESEARCH_EVIDENCE_ONLY,NONE
600062.SH,SH_MAIN,1,0.262002,40,39,1,0,VALID,,,2026-08-31T19:22:29+08:00,DATA_AND_RESEARCH_EVIDENCE_ONLY,NONE
600063.SH,SH_MAIN,1,0.363125,32,31,1,0,VALID,,,2026-08-31T19:22:36+08:00,DATA_AND_RESEARCH_EVIDENCE_ONLY,NONE
600064.SH,SH_MAIN,1,0.321679,20,19,1,0,VALID,,,2026-08-31T19:19:17+08:00,DATA_AND_RESEARCH_EVIDENCE_ONLY,NONE
600066.SH,SH_MAIN,1,0.268586,34,33,1,0,VALID,,,2026-08-31T19:19:11+08:00,DATA_AND_RESEARCH_EVIDENCE_ONLY,NONE
600067.SH,SH_MAIN,1,0.296111,31,31,0,0,VALID,,,2026-08-31T19:22:16+08:00,DATA_AND_RESEARCH_EVIDENCE_ONLY,NONE
600071.SH,SH_MAIN,1,0.335213,13,12,1,0,VALID,,,2026-08-31T19:19:03+08:00,DATA_AND_RESEARCH_EVIDENCE_ONLY,NONE
600072.SH,SH_MAIN,1,0.337489,22,21,1,0,VALID,,,2026-08-31T19:22:30+08:00,DATA_AND_RESEARCH_EVIDENCE_ONLY,NONE
600073.SH,SH_MAIN,1,0.283018,16,15,1,0,VALID,,,2026-08-31T19:19:03+08:00,DATA_AND_RESEARCH_EVIDENCE_ONLY,NONE
600075.SH,SH_MAIN,1,0.385187,39,38,1,0,VALID,,,2026-08-31T19:23:04+08:00,DATA_AND_RESEARCH_EVIDENCE_ONLY,NONE
600076.SH,SH_MAIN,1,0.337271,17,16,1,0,VALID,,,2026-08-31T19:22:37+08:00,DATA_AND_RESEARCH_EVIDENCE_ONLY,NONE
600078.SH,SH_MAIN,1,0.341663,29,28,1,0,VALID,,,2026-08-31T19:22:37+08:00,DATA_AND_RESEARCH_EVIDENCE_ONLY,NONE
600079.SH,SH_MAIN,1,0.654287,53,52,1,0,VALID,,,2026-08-31T19:22:37+08:00,DATA_AND_RESEARCH_EVIDENCE_ONLY,NONE
600080.SH,SH_MAIN,1,0.272798,11,10,1,0,VALID,,,2026-08-31T19:22:30+08:00,DATA_AND_RESEARCH_EVIDENCE_ONLY,NONE
600081.SH,SH_MAIN,1,0.271724,19,18,1,0,VALID,,,2026-08-31T19:19:22+08:00,DATA_AND_RESEARCH_EVIDENCE_ONLY,NONE
600082.SH,SH_MAIN,1,0.621326,35,35,0,0,VALID,,,2026-08-31T19:20:06+08:00,DATA_AND_RESEARCH_EVIDENCE_ONLY,NONE
600084.SH,SH_MAIN,1,0.305749,17,16,1,0,VALID,,,2026-08-31T19:19:04+08:00,DATA_AND_RESEARCH_EVIDENCE_ONLY,NONE
600085.SH,SH_MAIN,1,0.57622,20,19,1,0,VALID,,,2026-08-31T19:22:38+08:00,DATA_AND_RESEARCH_EVIDENCE_ONLY,NONE
600088.SH,SH_MAIN,1,0.541947,11,10,1,0,VALID,,,2026-08-31T19:22:39+08:00,DATA_AND_RESEARCH_EVIDENCE_ONLY,NONE
600089.SH,SH_MAIN,1,0.443992,49,49,0,0,VALID,,,2026-08-31T19:22:22+08:00,DATA_AND_RESEARCH_EVIDENCE_ONLY,NONE
600094.SH,SH_MAIN,1,0.274248,26,23,3,0,VALID,,,2026-08-31T19:19:11+08:00,DATA_AND_RESEARCH_EVIDENCE_ONLY,NONE
600095.SH,SH_MAIN,1,0.312101,23,22,1,0,VALID,,,2026-08-31T19:22:29+08:00,DATA_AND_RESEARCH_EVIDENCE_ONLY,NONE
600096.SH,SH_MAIN,1,0.37929,55,54,1,0,VALID,,,2026-08-31T19:22:39+08:00,DATA_AND_RESEARCH_EVIDENCE_ONLY,NONE
600097.SH,SH_MAIN,1,0.333336,14,13,1,0,VALID,,,2026-08-31T19:22:40+08:00,DATA_AND_RESEARCH_EVIDENCE_ONLY,NONE
600098.SH,SH_MAIN,1,0.309631,24,23,1,0,VALID,,,2026-08-31T19:19:17+08:00,DATA_AND_RESEARCH_EVIDENCE_ONLY,NONE
600099.SH,SH_MAIN,1,0.384647,11,10,1,0,VALID,,,2026-08-31T19:22:30+08:00,DATA_AND_RESEARCH_EVIDENCE_ONLY,NONE
600100.SH,SH_MAIN,1,0.325739,35,34,1,0,VALID,,,2026-08-31T19:22:40+08:00,DATA_AND_RESEARCH_EVIDENCE_ONLY,NONE
600101.SH,SH_MAIN,1,0.337321,14,14,0,0,VALID,,,2026-08-31T19:22:31+08:00,DATA_AND_RESEARCH_EVIDENCE_ONLY,NONE
600103.SH,SH_MAIN,1,0.435323,16,16,0,0,VALID,,,2026-08-31T19:19:02+08:00,DATA_AND_RESEARCH_EVIDENCE_ONLY,NONE
600104.SH,SH_MAIN,1,0.370757,26,25,1,0,VALID,,,2026-08-31T19:19:13+08:00,DATA_AND_RESEARCH_EVIDENCE_ONLY,NONE
600105.SH,SH_MAIN,1,0.291582,65,65,0,0,VALID,,,2026-08-31T19:22:30+08:00,DATA_AND_RESEARCH_EVIDENCE_ONLY,NONE
600106.SH,SH_MAIN,1,0.291052,17,16,1,0,VALID,,,2026-08-31T19:22:30+08:00,DATA_AND_RESEARCH_EVIDENCE_ONLY,NONE
600107.SH,SH_MAIN,1,0.343347,9,9,0,0,VALID,,,2026-08-31T19:20:07+08:00,DATA_AND_RESEARCH_EVIDENCE_ONLY,NONE
600108.SH,SH_MAIN,1,0.338648,21,20,1,0,VALID,,,2026-08-31T19:19:14+08:00,DATA_AND_RESEARCH_EVIDENCE_ONLY,NONE
600109.SH,SH_MAIN,1,0.302031,25,25,0,0,VALID,,,2026-08-31T19:22:23+08:00,DATA_AND_RESEARCH_EVIDENCE_ONLY,NONE
600110.SH,SH_MAIN,1,0.48798,31,31,0,0,VALID,,,2026-08-31T19:23:30+08:00,DATA_AND_RESEARCH_EVIDENCE_ONLY,NONE
600111.SH,SH_MAIN,1,0.380827,15,14,1,0,VALID,,,2026-08-31T19:19:18+08:00,DATA_AND_RESEARCH_EVIDENCE_ONLY,NONE
600113.SH,SH_MAIN,1,0.331462,14,13,1,1,VALID,,,2026-08-31T19:19:22+08:00,DATA_AND_RESEARCH_EVIDENCE_ONLY,NONE
600114.SH,SH_MAIN,1,0.339344,47,46,1,0,VALID,,,2026-08-31T19:20:07+08:00,DATA_AND_RESEARCH_EVIDENCE_ONLY,NONE
600115.SH,SH_MAIN,1,0.463856,36,34,2,0,VALID,,,2026-08-31T19:23:30+08:00,DATA_AND_RESEARCH_EVIDENCE_ONLY,NONE
600116.SH,SH_MAIN,1,0.371529,25,24,1,0,VALID,,,2026-08-31T19:19:02+08:00,DATA_AND_RESEARCH_EVIDENCE_ONLY,NONE
600117.SH,SH_MAIN,1,0.312606,25,24,1,0,VALID,,,2026-08-31T19:19:14+08:00,DATA_AND_RESEARCH_EVIDENCE_ONLY,NONE
600118.SH,SH_MAIN,1,0.328303,14,13,1,0,VALID,,,2026-08-31T19:19:23+08:00,DATA_AND_RESEARCH_EVIDENCE_ONLY,NONE
600119.SH,SH_MAIN,1,0.386459,15,14,1,0,VALID,,,2026-08-31T19:19:04+08:00,DATA_AND_RESEARCH_EVIDENCE_ONLY,NONE
600120.SH,SH_MAIN,1,0.349392,24,24,0,0,VALID,,,2026-08-31T19:23:31+08:00,DATA_AND_RESEARCH_EVIDENCE_ONLY,NONE
600121.SH,SH_MAIN,1,0.302962,15,14,1,0,VALID,,,2026-08-31T19:22:23+08:00,DATA_AND_RESEARCH_EVIDENCE_ONLY,NONE
600123.SH,SH_MAIN,1,0.320672,16,15,1,0,VALID,,,2026-08-31T19:23:04+08:00,DATA_AND_RESEARCH_EVIDENCE_ONLY,NONE
600125.SH,SH_MAIN,1,0.261213,17,17,0,0,VALID,,,2026-08-31T19:19:23+08:00,DATA_AND_RESEARCH_EVIDENCE_ONLY,NONE
600126.SH,SH_MAIN,1,0.284648,17,16,1,0,VALID,,,2026-08-31T19:22:23+08:00,DATA_AND_RESEARCH_EVIDENCE_ONLY,NONE
600127.SH,SH_MAIN,1,0.29489,16,15,1,0,VALID,,,2026-08-31T19:19:02+08:00,DATA_AND_RESEARCH_EVIDENCE_ONLY,NONE
600128.SH,SH_MAIN,1,0.345206,11,11,0,0,VALID,,,2026-08-31T19:23:31+08:00,DATA_AND_RESEARCH_EVIDENCE_ONLY,NONE
600129.SH,SH_MAIN,1,0.447652,15,15,0,0,VALID,,,2026-08-31T19:19:03+08:00,DATA_AND_RESEARCH_EVIDENCE_ONLY,NONE
600130.SH,SH_MAIN,1,0.266427,10,10,0,0,VALID,,,2026-08-31T19:19:11+08:00,DATA_AND_RESEARCH_EVIDENCE_ONLY,NONE
600131.SH,SH_MAIN,1,0.34381,35,35,0,0,VALID,,,2026-08-31T19:22:31+08:00,DATA_AND_RESEARCH_EVIDENCE_ONLY,NONE
600132.SH,SH_MAIN,1,0.297618,11,11,0,0,VALID,,,2026-08-31T19:22:24+08:00,DATA_AND_RESEARCH_EVIDENCE_ONLY,NONE
600133.SH,SH_MAIN,1,0.304913,48,48,0,0,VALID,,,2026-08-31T19:22:30+08:00,DATA_AND_RESEARCH_EVIDENCE_ONLY,NONE
600135.SH,SH_MAIN,1,0.361046,18,17,1,0,VALID,,,2026-08-31T19:19:14+08:00,DATA_AND_RESEARCH_EVIDENCE_ONLY,NONE
600136.SH,SH_MAIN,1,0.356651,21,21,0,0,VALID,,,2026-08-31T19:23:32+08:00,DATA_AND_RESEARCH_EVIDENCE_ONLY,NONE
600137.SH,SH_MAIN,1,0.342049,10,10,0,0,VALID,,,2026-08-31T19:22:40+08:00,DATA_AND_RESEARCH_EVIDENCE_ONLY,NONE
600138.SH,SH_MAIN,1,0.29626,19,18,1,0,VALID,,,2026-08-31T19:23:05+08:00,DATA_AND_RESEARCH_EVIDENCE_ONLY,NONE
600141.SH,SH_MAIN,1,0.634318,72,72,0,0,VALID,,,2026-08-31T19:19:12+08:00,DATA_AND_RESEARCH_EVIDENCE_ONLY,NONE
600143.SH,SH_MAIN,1,0.290435,29,28,1,0,VALID,,,2026-08-31T19:23:05+08:00,DATA_AND_RESEARCH_EVIDENCE_ONLY,NONE
600148.SH,SH_MAIN,1,0.42828,7,6,1,0,VALID,,,2026-08-31T19:19:04+08:00,DATA_AND_RESEARCH_EVIDENCE_ONLY,NONE
600149.SH,SH_MAIN,1,0.346518,13,13,0,0,VALID,,,2026-08-31T19:19:15+08:00,DATA_AND_RESEARCH_EVIDENCE_ONLY,NONE
600150.SH,SH_MAIN,1,0.283213,23,22,1,0,VALID,,,2026-08-31T19:19:12+08:00,DATA_AND_RESEARCH_EVIDENCE_ONLY,NONE
600151.SH,SH_MAIN,1,0.310872,17,16,1,0,VALID,,,2026-08-31T19:22:30+08:00,DATA_AND_RESEARCH_EVIDENCE_ONLY,NONE
600152.SH,SH_MAIN,1,0.356367,34,34,0,0,VALID,,,2026-08-31T19:23:32+08:00,DATA_AND_RESEARCH_EVIDENCE_ONLY,NONE
600153.SH,SH_MAIN,1,0.343272,28,27,1,0,VALID,,,2026-08-31T19:19:15+08:00,DATA_AND_RESEARCH_EVIDENCE_ONLY,NONE
600155.SH,SH_MAIN,1,0.439687,23,22,1,0,VALID,,,2026-08-31T19:22:24+08:00,DATA_AND_RESEARCH_EVIDENCE_ONLY,NONE
600156.SH,SH_MAIN,1,0.292948,13,12,1,0,VALID,,,2026-08-31T19:19:05+08:00,DATA_AND_RESEARCH_EVIDENCE_ONLY,NONE
600157.SH,SH_MAIN,1,0.324776,28,28,0,0,VALID,,,2026-08-31T19:22:31+08:00,DATA_AND_RESEARCH_EVIDENCE_ONLY,NONE
600158.SH,SH_MAIN,1,0.314736,21,20,1,0,VALID,,,2026-08-31T19:23:05+08:00,DATA_AND_RESEARCH_EVIDENCE_ONLY,NONE
600159.SH,SH_MAIN,1,0.51188,14,13,1,0,VALID,,,2026-08-31T19:19:02+08:00,DATA_AND_RESEARCH_EVIDENCE_ONLY,NONE
600160.SH,SH_MAIN,1,0.441844,22,21,1,0,VALID,,,2026-08-31T19:20:08+08:00,DATA_AND_RESEARCH_EVIDENCE_ONLY,NONE
600161.SH,SH_MAIN,1,0.556894,20,19,1,0,VALID,,,2026-08-31T19:19:03+08:00,DATA_AND_RESEARCH_EVIDENCE_ONLY,NONE
600162.SH,SH_MAIN,1,0.333558,33,33,0,0,VALID,,,2026-08-31T19:20:08+08:00,DATA_AND_RESEARCH_EVIDENCE_ONLY,NONE
600163.SH,SH_MAIN,1,0.390628,22,21,1,0,VALID,,,2026-08-31T19:19:18+08:00,DATA_AND_RESEARCH_EVIDENCE_ONLY,NONE
600165.SH,SH_MAIN,1,0.340212,18,17,1,0,VALID,,,2026-08-31T19:19:05+08:00,DATA_AND_RESEARCH_EVIDENCE_ONLY,NONE
600166.SH,SH_MAIN,1,0.286462,31,30,1,0,VALID,,,2026-08-31T19:22:31+08:00,DATA_AND_RESEARCH_EVIDENCE_ONLY,NONE
600167.SH,SH_MAIN,1,0.30068,17,16,1,0,VALID,,,2026-08-31T19:22:24+08:00,DATA_AND_RESEARCH_EVIDENCE_ONLY,NONE
600168.SH,SH_MAIN,1,0.29256,13,12,1,0,VALID,,,2026-08-31T19:22:25+08:00,DATA_AND_RESEARCH_EVIDENCE_ONLY,NONE
600169.SH,SH_MAIN,1,0.336509,26,25,1,0,VALID,,,2026-08-31T19:22:31+08:00,DATA_AND_RESEARCH_EVIDENCE_ONLY,NONE
600170.SH,SH_MAIN,1,0.29188,22,21,1,0,VALID,,,2026-08-31T19:22:31+08:00,DATA_AND_RESEARCH_EVIDENCE_ONLY,NONE
600171.SH,SH_MAIN,1,0.291102,29,28,1,0,VALID,,,2026-08-31T19:23:06+08:00,DATA_AND_RESEARCH_EVIDENCE_ONLY,NONE
600172.SH,SH_MAIN,1,0.321678,32,31,1,0,VALID,,,2026-08-31T19:19:04+08:00,DATA_AND_RESEARCH_EVIDENCE_ONLY,NONE
600173.SH,SH_MAIN,1,0.331009,22,21,1,0,VALID,,,2026-08-31T19:19:23+08:00,DATA_AND_RESEARCH_EVIDENCE_ONLY,NONE
600176.SH,SH_MAIN,1,0.302846,21,20,1,0,VALID,,,2026-08-31T19:22:25+08:00,DATA_AND_RESEARCH_EVIDENCE_ONLY,NONE
600177.SH,SH_MAIN,1,0.603001,47,46,1,0,VALID,,,2026-08-31T19:22:31+08:00,DATA_AND_RESEARCH_EVIDENCE_ONLY,NONE
600178.SH,SH_MAIN,1,0.269236,16,15,1,0,VALID,,,2026-08-31T19:19:13+08:00,DATA_AND_RESEARCH_EVIDENCE_ONLY,NONE
600179.SH,SH_MAIN,1,0.72851,31,30,1,0,VALID,,,2026-08-31T19:19:04+08:00,DATA_AND_RESEARCH_EVIDENCE_ONLY,NONE
600180.SH,SH_MAIN,1,0.353093,32,31,1,0,VALID,,,2026-08-31T19:22:41+08:00,DATA_AND_RESEARCH_EVIDENCE_ONLY,NONE
600182.SH,SH_MAIN,1,0.345856,4,4,0,0,VALID,,,2026-08-31T19:19:15+08:00,DATA_AND_RESEARCH_EVIDENCE_ONLY,NONE
600183.SH,SH_MAIN,1,0.298889,67,67,0,0,VALID,,,2026-08-31T19:22:17+08:00,DATA_AND_RESEARCH_EVIDENCE_ONLY,NONE
600184.SH,SH_MAIN,1,0.396976,19,18,1,0,VALID,,,2026-08-31T19:19:05+08:00,DATA_AND_RESEARCH_EVIDENCE_ONLY,NONE
600185.SH,SH_MAIN,1,0.288892,42,41,1,0,VALID,,,2026-08-31T19:19:05+08:00,DATA_AND_RESEARCH_EVIDENCE_ONLY,NONE
600186.SH,SH_MAIN,1,0.299135,37,36,1,0,VALID,,,2026-08-31T19:22:25+08:00,DATA_AND_RESEARCH_EVIDENCE_ONLY,NONE
600187.SH,SH_MAIN,1,0.333004,18,17,1,0,VALID,,,2026-08-31T19:22:41+08:00,DATA_AND_RESEARCH_EVIDENCE_ONLY,NONE
600188.SH,SH_MAIN,1,0.300515,50,48,2,0,VALID,,,2026-08-31T19:22:26+08:00,DATA_AND_RESEARCH_EVIDENCE_ONLY,NONE
600189.SH,SH_MAIN,1,0.46622,26,25,1,0,VALID,,,2026-08-31T19:19:03+08:00,DATA_AND_RESEARCH_EVIDENCE_ONLY,NONE
600191.SH,SH_MAIN,1,0.265655,9,8,1,0,VALID,,,2026-08-31T19:19:13+08:00,DATA_AND_RESEARCH_EVIDENCE_ONLY,NONE
600192.SH,SH_MAIN,1,0.3796,12,11,1,0,VALID,,,2026-08-31T19:22:41+08:00,DATA_AND_RESEARCH_EVIDENCE_ONLY,NONE
600195.SH,SH_MAIN,1,0.315921,17,15,2,0,VALID,,,2026-08-31T19:19:04+08:00,DATA_AND_RESEARCH_EVIDENCE_ONLY,NONE
600196.SH,SH_MAIN,1,0.354226,64,63,1,0,VALID,,,2026-08-31T19:20:08+08:00,DATA_AND_RESEARCH_EVIDENCE_ONLY,NONE
600197.SH,SH_MAIN,1,0.332715,39,38,1,0,VALID,,,2026-08-31T19:22:32+08:00,DATA_AND_RESEARCH_EVIDENCE_ONLY,NONE
600198.SH,SH_MAIN,1,0.650004,32,31,1,0,VALID,,,2026-08-31T19:19:05+08:00,DATA_AND_RESEARCH_EVIDENCE_ONLY,NONE
600199.SH,SH_MAIN,1,0.407851,17,16,1,0,VALID,,,2026-08-31T19:19:06+08:00,DATA_AND_RESEARCH_EVIDENCE_ONLY,NONE
600201.SH,SH_MAIN,1,0.326464,35,35,0,0,VALID,,,2026-08-31T19:19:05+08:00,DATA_AND_RESEARCH_EVIDENCE_ONLY,NONE
600202.SH,SH_MAIN,1,0.291008,11,10,1,0,VALID,,,2026-08-31T19:22:26+08:00,DATA_AND_RESEARCH_EVIDENCE_ONLY,NONE
600203.SH,SH_MAIN,1,0.301319,22,21,1,0,VALID,,,2026-08-31T19:19:06+08:00,DATA_AND_RESEARCH_EVIDENCE_ONLY,NONE
600206.SH,SH_MAIN,1,0.320949,23,22,1,0,VALID,,,2026-08-31T19:19:04+08:00,DATA_AND_RESEARCH_EVIDENCE_ONLY,NONE
600207.SH,SH_MAIN,1,0.429284,17,16,1,0,VALID,,,2026-08-31T19:20:09+08:00,DATA_AND_RESEARCH_EVIDENCE_ONLY,NONE
600208.SH,SH_MAIN,1,0.300572,33,33,0,0,VALID,,,2026-08-31T19:23:06+08:00,DATA_AND_RESEARCH_EVIDENCE_ONLY,NONE
600210.SH,SH_MAIN,1,0.275674,15,14,1,0,VALID,,,2026-08-31T19:19:18+08:00,DATA_AND_RESEARCH_EVIDENCE_ONLY,NONE
600211.SH,SH_MAIN,1,0.272645,15,14,1,0,VALID,,,2026-08-31T19:20:09+08:00,DATA_AND_RESEARCH_EVIDENCE_ONLY,NONE
600212.SH,SH_MAIN,1,0.277175,19,19,0,0,VALID,,,2026-08-31T19:19:07+08:00,DATA_AND_RESEARCH_EVIDENCE_ONLY,NONE
600215.SH,SH_MAIN,1,0.297519,12,11,1,0,VALID,,,2026-08-31T19:22:26+08:00,DATA_AND_RESEARCH_EVIDENCE_ONLY,NONE
600216.SH,SH_MAIN,1,0.444858,30,30,0,0,VALID,,,2026-08-31T19:19:06+08:00,DATA_AND_RESEARCH_EVIDENCE_ONLY,NONE
600217.SH,SH_MAIN,1,0.311273,21,21,0,0,VALID,,,2026-08-31T19:19:16+08:00,DATA_AND_RESEARCH_EVIDENCE_ONLY,NONE
600218.SH,SH_MAIN,1,0.382918,17,16,1,0,VALID,,,2026-08-31T19:22:31+08:00,DATA_AND_RESEARCH_EVIDENCE_ONLY,NONE
600219.SH,SH_MAIN,1,0.389357,40,40,0,0,VALID,,,2026-08-31T19:22:42+08:00,DATA_AND_RESEARCH_EVIDENCE_ONLY,NONE
600221.SH,SH_MAIN,1,0.333332,24,23,1,0,VALID,,,2026-08-31T19:19:24+08:00,DATA_AND_RESEARCH_EVIDENCE_ONLY,NONE
600222.SH,SH_MAIN,1,0.300258,19,18,1,0,VALID,,,2026-08-31T19:22:27+08:00,DATA_AND_RESEARCH_EVIDENCE_ONLY,NONE
600223.SH,SH_MAIN,1,0.303361,15,15,0,0,VALID,,,2026-08-31T19:19:19+08:00,DATA_AND_RESEARCH_EVIDENCE_ONLY,NONE
600226.SH,SH_MAIN,1,0.35098,21,20,1,0,VALID,,,2026-08-31T19:22:42+08:00,DATA_AND_RESEARCH_EVIDENCE_ONLY,NONE
600227.SH,SH_MAIN,1,0.317113,29,28,1,0,VALID,,,2026-08-31T19:20:10+08:00,DATA_AND_RESEARCH_EVIDENCE_ONLY,NONE
600228.SH,SH_MAIN,1,0.270737,28,27,1,0,VALID,,,2026-08-31T19:22:32+08:00,DATA_AND_RESEARCH_EVIDENCE_ONLY,NONE
600229.SH,SH_MAIN,1,0.288891,19,19,0,0,VALID,,,2026-08-31T19:19:04+08:00,DATA_AND_RESEARCH_EVIDENCE_ONLY,NONE
600230.SH,SH_MAIN,1,0.28376,16,15,1,0,VALID,,,2026-08-31T19:22:27+08:00,DATA_AND_RESEARCH_EVIDENCE_ONLY,NONE
600231.SH,SH_MAIN,1,0.301745,43,42,1,0,VALID,,,2026-08-31T19:23:06+08:00,DATA_AND_RESEARCH_EVIDENCE_ONLY,NONE
600232.SH,SH_MAIN,1,0.564492,21,20,1,0,VALID,,,2026-08-31T19:19:16+08:00,DATA_AND_RESEARCH_EVIDENCE_ONLY,NONE
600233.SH,SH_MAIN,1,0.280705,52,51,1,0,VALID,,,2026-08-31T19:19:13+08:00,DATA_AND_RESEARCH_EVIDENCE_ONLY,NONE
600234.SH,SH_MAIN,1,0.301318,13,12,1,0,VALID,,,2026-08-31T19:22:17+08:00,DATA_AND_RESEARCH_EVIDENCE_ONLY,NONE
600235.SH,SH_MAIN,1,0.412631,11,10,1,0,VALID,,,2026-08-31T19:22:27+08:00,DATA_AND_RESEARCH_EVIDENCE_ONLY,NONE
600236.SH,SH_MAIN,1,0.661418,36,36,0,0,VALID,,,2026-08-31T19:19:19+08:00,DATA_AND_RESEARCH_EVIDENCE_ONLY,NONE
600237.SH,SH_MAIN,1,0.33656,25,24,1,0,VALID,,,2026-08-31T19:22:33+08:00,DATA_AND_RESEARCH_EVIDENCE_ONLY,NONE
600238.SH,SH_MAIN,1,0.507412,20,20,0,0,VALID,,,2026-08-31T19:22:28+08:00,DATA_AND_RESEARCH_EVIDENCE_ONLY,NONE
600239.SH,SH_MAIN,1,0.440689,19,19,0,0,VALID,,,2026-08-31T19:23:07+08:00,DATA_AND_RESEARCH_EVIDENCE_ONLY,NONE
600241.SH,SH_MAIN,1,0.3702,14,13,1,0,VALID,,,2026-08-31T19:19:06+08:00,DATA_AND_RESEARCH_EVIDENCE_ONLY,NONE
600243.SH,SH_MAIN,1,0.34661,13,12,1,0,VALID,,,2026-08-31T19:23:32+08:00,DATA_AND_RESEARCH_EVIDENCE_ONLY,NONE
600246.SH,SH_MAIN,1,0.472817,22,21,1,0,VALID,,,2026-08-31T19:19:07+08:00,DATA_AND_RESEARCH_EVIDENCE_ONLY,NONE
600248.SH,SH_MAIN,1,0.305462,28,28,0,0,VALID,,,2026-08-31T19:22:32+08:00,DATA_AND_RESEARCH_EVIDENCE_ONLY,NONE
600249.SH,SH_MAIN,1,0.49744,12,11,1,0,VALID,,,2026-08-31T19:20:10+08:00,DATA_AND_RESEARCH_EVIDENCE_ONLY,NONE
600250.SH,SH_MAIN,1,0.297207,15,15,0,0,VALID,,,2026-08-31T19:22:17+08:00,DATA_AND_RESEARCH_EVIDENCE_ONLY,NONE
600251.SH,SH_MAIN,1,0.338079,23,22,1,0,VALID,,,2026-08-31T19:19:24+08:00,DATA_AND_RESEARCH_EVIDENCE_ONLY,NONE
600252.SH,SH_MAIN,1,0.288642,31,31,0,0,VALID,,,2026-08-31T19:23:07+08:00,DATA_AND_RESEARCH_EVIDENCE_ONLY,NONE
600255.SH,SH_MAIN,1,0.293066,25,24,1,0,VALID,,,2026-08-31T19:23:07+08:00,DATA_AND_RESEARCH_EVIDENCE_ONLY,NONE
600256.SH,SH_MAIN,1,0.257467,31,30,1,0,VALID,,,2026-08-31T19:19:13+08:00,DATA_AND_RESEARCH_EVIDENCE_ONLY,NONE
600257.SH,SH_MAIN,1,0.295448,15,14,1,0,VALID,,,2026-08-31T19:22:32+08:00,DATA_AND_RESEARCH_EVIDENCE_ONLY,NONE
600258.SH,SH_MAIN,1,0.440641,29,28,1,0,VALID,,,2026-08-31T19:22:42+08:00,DATA_AND_RESEARCH_EVIDENCE_ONLY,NONE
600259.SH,SH_MAIN,1,0.349023,20,19,1,0,VALID,,,2026-08-31T19:19:17+08:00,DATA_AND_RESEARCH_EVIDENCE_ONLY,NONE
600261.SH,SH_MAIN,1,0.346671,16,16,0,0,VALID,,,2026-08-31T19:19:06+08:00,DATA_AND_RESEARCH_EVIDENCE_ONLY,NONE
600262.SH,SH_MAIN,1,0.295855,5,4,1,0,VALID,,,2026-08-31T19:19:05+08:00,DATA_AND_RESEARCH_EVIDENCE_ONLY,NONE
600265.SH,SH_MAIN,1,0.567878,6,5,1,0,VALID,,,2026-08-31T19:23:33+08:00,DATA_AND_RESEARCH_EVIDENCE_ONLY,NONE
600266.SH,SH_MAIN,1,0.298629,22,21,1,0,VALID,,,2026-08-31T19:22:32+08:00,DATA_AND_RESEARCH_EVIDENCE_ONLY,NONE
600267.SH,SH_MAIN,1,0.293138,37,36,1,0,VALID,,,2026-08-31T19:22:33+08:00,DATA_AND_RESEARCH_EVIDENCE_ONLY,NONE
600268.SH,SH_MAIN,1,0.519179,28,27,1,0,VALID,,,2026-08-31T19:19:05+08:00,DATA_AND_RESEARCH_EVIDENCE_ONLY,NONE
600269.SH,SH_MAIN,1,0.369947,15,15,0,0,VALID,,,2026-08-31T19:19:07+08:00,DATA_AND_RESEARCH_EVIDENCE_ONLY,NONE
600271.SH,SH_MAIN,1,0.41223,40,39,1,0,VALID,,,2026-08-31T19:23:08+08:00,DATA_AND_RESEARCH_EVIDENCE_ONLY,NONE
600272.SH,SH_MAIN,1,0.37714,13,9,4,0,VALID,,,2026-08-31T19:19:17+08:00,DATA_AND_RESEARCH_EVIDENCE_ONLY,NONE
600273.SH,SH_MAIN,1,0.34575,23,22,1,0,VALID,,,2026-08-31T19:19:17+08:00,DATA_AND_RESEARCH_EVIDENCE_ONLY,NONE
600276.SH,SH_MAIN,1,0.38788,65,65,0,0,VALID,,,2026-08-31T19:22:32+08:00,DATA_AND_RESEARCH_EVIDENCE_ONLY,NONE
600278.SH,SH_MAIN,1,0.573231,28,27,1,0,VALID,,,2026-08-31T19:20:10+08:00,DATA_AND_RESEARCH_EVIDENCE_ONLY,NONE
600279.SH,SH_MAIN,1,0.304411,14,13,1,0,VALID,,,2026-08-31T19:23:33+08:00,DATA_AND_RESEARCH_EVIDENCE_ONLY,NONE
600280.SH,SH_MAIN,1,0.483687,19,19,0,0,VALID,,,2026-08-31T19:19:05+08:00,DATA_AND_RESEARCH_EVIDENCE_ONLY,NONE
600281.SH,SH_MAIN,1,0.32785,13,12,1,0,VALID,,,2026-08-31T19:19:06+08:00,DATA_AND_RESEARCH_EVIDENCE_ONLY,NONE
600282.SH,SH_MAIN,1,0.280514,46,45,1,0,VALID,,,2026-08-31T19:19:20+08:00,DATA_AND_RESEARCH_EVIDENCE_ONLY,NONE
600283.SH,SH_MAIN,1,0.288662,14,13,1,0,VALID,,,2026-08-31T19:22:18+08:00,DATA_AND_RESEARCH_EVIDENCE_ONLY,NONE
600284.SH,SH_MAIN,1,0.28726,13,12,1,0,VALID,,,2026-08-31T19:23:08+08:00,DATA_AND_RESEARCH_EVIDENCE_ONLY,NONE
600285.SH,SH_MAIN,1,0.343213,40,39,1,0,VALID,,,2026-08-31T19:20:11+08:00,DATA_AND_RESEARCH_EVIDENCE_ONLY,NONE
600287.SH,SH_MAIN,1,0.397227,13,13,0,0,VALID,,,2026-08-31T19:19:14+08:00,DATA_AND_RESEARCH_EVIDENCE_ONLY,NONE
600288.SH,SH_MAIN,1,0.358284,12,11,1,0,VALID,,,2026-08-31T19:22:43+08:00,DATA_AND_RESEARCH_EVIDENCE_ONLY,NONE
600289.SH,SH_MAIN,1,0.299795,17,16,1,0,VALID,,,2026-08-31T19:22:28+08:00,DATA_AND_RESEARCH_EVIDENCE_ONLY,NONE
600292.SH,SH_MAIN,1,0.329301,17,17,0,0,VALID,,,2026-08-31T19:22:43+08:00,DATA_AND_RESEARCH_EVIDENCE_ONLY,NONE
600293.SH,SH_MAIN,1,0.299466,16,16,0,0,VALID,,,2026-08-31T19:19:07+08:00,DATA_AND_RESEARCH_EVIDENCE_ONLY,NONE
600295.SH,SH_MAIN,1,0.299072,15,12,3,0,VALID,,,2026-08-31T19:22:33+08:00,DATA_AND_RESEARCH_EVIDENCE_ONLY,NONE
600298.SH,SH_MAIN,1,0.371819,35,34,1,0,VALID,,,2026-08-31T19:19:07+08:00,DATA_AND_RESEARCH_EVIDENCE_ONLY,NONE
600299.SH,SH_MAIN,1,0.373602,17,16,1,0,VALID,,,2026-08-31T19:22:44+08:00,DATA_AND_RESEARCH_EVIDENCE_ONLY,NONE
600300.SH,SH_MAIN,1,0.351139,14,13,1,0,VALID,,,2026-08-31T19:23:34+08:00,DATA_AND_RESEARCH_EVIDENCE_ONLY,NONE
600301.SH,SH_MAIN,1,0.268525,18,17,1,0,VALID,,,2026-08-31T19:22:33+08:00,DATA_AND_RESEARCH_EVIDENCE_ONLY,NONE
600302.SH,SH_MAIN,1,0.263223,8,7,1,0,VALID,,,2026-08-31T19:22:33+08:00,DATA_AND_RESEARCH_EVIDENCE_ONLY,NONE
600303.SH,SH_MAIN,1,0.268359,17,17,0,0,VALID,,,2026-08-31T19:19:14+08:00,DATA_AND_RESEARCH_EVIDENCE_ONLY,NONE
600305.SH,SH_MAIN,1,0.385349,18,17,1,0,VALID,,,2026-08-31T19:19:08+08:00,DATA_AND_RESEARCH_EVIDENCE_ONLY,NONE
600307.SH,SH_MAIN,1,0.33401,12,11,1,0,VALID,,,2026-08-31T19:20:11+08:00,DATA_AND_RESEARCH_EVIDENCE_ONLY,NONE
600308.SH,SH_MAIN,1,0.379166,15,15,0,0,VALID,,,2026-08-31T19:19:08+08:00,DATA_AND_RESEARCH_EVIDENCE_ONLY,NONE
600309.SH,SH_MAIN,1,0.362385,20,19,1,0,VALID,,,2026-08-31T19:22:32+08:00,DATA_AND_RESEARCH_EVIDENCE_ONLY,NONE
600310.SH,SH_MAIN,1,0.453942,16,15,1,0,VALID,,,2026-08-31T19:22:33+08:00,DATA_AND_RESEARCH_EVIDENCE_ONLY,NONE
600312.SH,SH_MAIN,1,0.358791,15,14,1,0,VALID,,,2026-08-31T19:23:34+08:00,DATA_AND_RESEARCH_EVIDENCE_ONLY,NONE
600313.SH,SH_MAIN,1,0.272792,17,16,1,0,VALID,,,2026-08-31T19:19:14+08:00,DATA_AND_RESEARCH_EVIDENCE_ONLY,NONE
600315.SH,SH_MAIN,1,0.300208,43,42,1,0,VALID,,,2026-08-31T19:19:06+08:00,DATA_AND_RESEARCH_EVIDENCE_ONLY,NONE
600316.SH,SH_MAIN,1,0.407443,15,14,1,0,VALID,,,2026-08-31T19:22:44+08:00,DATA_AND_RESEARCH_EVIDENCE_ONLY,NONE
600318.SH,SH_MAIN,1,0.30048,15,14,1,0,VALID,,,2026-08-31T19:22:28+08:00,DATA_AND_RESEARCH_EVIDENCE_ONLY,NONE
600319.SH,SH_MAIN,1,0.390326,10,9,1,0,VALID,,,2026-08-31T19:19:18+08:00,DATA_AND_RESEARCH_EVIDENCE_ONLY,NONE
600320.SH,SH_MAIN,1,0.278034,25,22,3,0,VALID,,,2026-08-31T19:20:12+08:00,DATA_AND_RESEARCH_EVIDENCE_ONLY,NONE
600322.SH,SH_MAIN,1,5.363891,10,10,0,0,VALID,,,2026-08-31T19:19:08+08:00,DATA_AND_RESEARCH_EVIDENCE_ONLY,NONE
600323.SH,SH_MAIN,1,0.26586,23,23,0,0,VALID,,,2026-08-31T19:19:24+08:00,DATA_AND_RESEARCH_EVIDENCE_ONLY,NONE
600325.SH,SH_MAIN,1,0.393543,32,31,1,0,VALID,,,2026-08-31T19:22:33+08:00,DATA_AND_RESEARCH_EVIDENCE_ONLY,NONE
600326.SH,SH_MAIN,1,0.316109,47,46,1,0,VALID,,,2026-08-31T19:19:18+08:00,DATA_AND_RESEARCH_EVIDENCE_ONLY,NONE
600327.SH,SH_MAIN,1,0.288105,13,12,1,0,VALID,,,2026-08-31T19:19:07+08:00,DATA_AND_RESEARCH_EVIDENCE_ONLY,NONE
600328.SH,SH_MAIN,1,0.261712,27,26,1,0,VALID,,,2026-08-31T19:19:25+08:00,DATA_AND_RESEARCH_EVIDENCE_ONLY,NONE
600329.SH,SH_MAIN,1,0.275666,24,24,0,0,VALID,,,2026-08-31T19:19:25+08:00,DATA_AND_RESEARCH_EVIDENCE_ONLY,NONE
600330.SH,SH_MAIN,1,0.333621,21,21,0,0,VALID,,,2026-08-31T19:19:08+08:00,DATA_AND_RESEARCH_EVIDENCE_ONLY,NONE
600331.SH,SH_MAIN,1,0.304125,15,15,0,0,VALID,,,2026-08-31T19:22:18+08:00,DATA_AND_RESEARCH_EVIDENCE_ONLY,NONE
600332.SH,SH_MAIN,1,0.459385,14,12,2,0,VALID,,,2026-08-31T19:22:33+08:00,DATA_AND_RESEARCH_EVIDENCE_ONLY,NONE
600333.SH,SH_MAIN,1,0.262011,11,10,1,0,VALID,,,2026-08-31T19:20:12+08:00,DATA_AND_RESEARCH_EVIDENCE_ONLY,NONE
600335.SH,SH_MAIN,1,0.312883,22,21,1,0,VALID,,,2026-08-31T19:19:07+08:00,DATA_AND_RESEARCH_EVIDENCE_ONLY,NONE
600336.SH,SH_MAIN,1,0.306661,21,20,1,0,VALID,,,2026-08-31T19:19:15+08:00,DATA_AND_RESEARCH_EVIDENCE_ONLY,NONE
600337.SH,SH_MAIN,1,0.411093,40,39,1,0,VALID,,,2026-08-31T19:19:15+08:00,DATA_AND_RESEARCH_EVIDENCE_ONLY,NONE
600338.SH,SH_MAIN,1,0.297689,9,8,1,0,VALID,,,2026-08-31T19:22:29+08:00,DATA_AND_RESEARCH_EVIDENCE_ONLY,NONE
600339.SH,SH_MAIN,1,0.299133,21,20,1,0,VALID,,,2026-08-31T19:22:18+08:00,DATA_AND_RESEARCH_EVIDENCE_ONLY,NONE
600340.SH,SH_MAIN,1,0.58841,31,30,1,0,VALID,,,2026-08-31T19:20:12+08:00,DATA_AND_RESEARCH_EVIDENCE_ONLY,NONE
600343.SH,SH_MAIN,1,0.289336,11,10,1,0,VALID,,,2026-08-31T19:19:20+08:00,DATA_AND_RESEARCH_EVIDENCE_ONLY,NONE
600345.SH,SH_MAIN,1,0.337409,11,10,1,0,VALID,,,2026-08-31T19:19:25+08:00,DATA_AND_RESEARCH_EVIDENCE_ONLY,NONE
600346.SH,SH_MAIN,1,0.510119,21,20,1,0,VALID,,,2026-08-31T19:22:34+08:00,DATA_AND_RESEARCH_EVIDENCE_ONLY,NONE
600348.SH,SH_MAIN,1,0.273897,8,7,1,0,VALID,,,2026-08-31T19:19:15+08:00,DATA_AND_RESEARCH_EVIDENCE_ONLY,NONE
600350.SH,SH_MAIN,1,0.523235,15,13,2,0,VALID,,,2026-08-31T19:19:07+08:00,DATA_AND_RESEARCH_EVIDENCE_ONLY,NONE
600351.SH,SH_MAIN,1,0.271355,20,19,1,0,VALID,,,2026-08-31T19:19:20+08:00,DATA_AND_RESEARCH_EVIDENCE_ONLY,NONE
600352.SH,SH_MAIN,1,0.390803,20,19,1,0,VALID,,,2026-08-31T19:23:08+08:00,DATA_AND_RESEARCH_EVIDENCE_ONLY,NONE
600353.SH,SH_MAIN,1,0.438788,23,23,0,0,VALID,,,2026-08-31T19:19:25+08:00,DATA_AND_RESEARCH_EVIDENCE_ONLY,NONE
600354.SH,SH_MAIN,1,0.301027,14,13,1,0,VALID,,,2026-08-31T19:19:09+08:00,DATA_AND_RESEARCH_EVIDENCE_ONLY,NONE
600356.SH,SH_MAIN,1,0.384414,22,21,1,0,VALID,,,2026-08-31T19:22:44+08:00,DATA_AND_RESEARCH_EVIDENCE_ONLY,NONE
600358.SH,SH_MAIN,1,0.291123,14,13,1,0,VALID,,,2026-08-31T19:19:13+08:00,DATA_AND_RESEARCH_EVIDENCE_ONLY,NONE
600359.SH,SH_MAIN,1,0.624985,9,8,1,0,VALID,,,2026-08-31T19:22:33+08:00,DATA_AND_RESEARCH_EVIDENCE_ONLY,NONE
600360.SH,SH_MAIN,1,0.30859,28,27,1,0,VALID,,,2026-08-31T19:22:19+08:00,DATA_AND_RESEARCH_EVIDENCE_ONLY,NONE
600361.SH,SH_MAIN,1,0.301401,31,30,1,0,VALID,,,2026-08-31T19:22:34+08:00,DATA_AND_RESEARCH_EVIDENCE_ONLY,NONE
600362.SH,SH_MAIN,1,0.289595,10,8,2,0,VALID,,,2026-08-31T19:23:09+08:00,DATA_AND_RESEARCH_EVIDENCE_ONLY,NONE
600363.SH,SH_MAIN,1,0.350697,20,19,1,0,VALID,,,2026-08-31T19:22:45+08:00,DATA_AND_RESEARCH_EVIDENCE_ONLY,NONE
600365.SH,SH_MAIN,1,0.298629,20,19,1,0,VALID,,,2026-08-31T19:19:21+08:00,DATA_AND_RESEARCH_EVIDENCE_ONLY,NONE
600366.SH,SH_MAIN,1,0.482375,43,43,0,0,VALID,,,2026-08-31T19:19:09+08:00,DATA_AND_RESEARCH_EVIDENCE_ONLY,NONE
600367.SH,SH_MAIN,1,0.284495,19,18,1,0,VALID,,,2026-08-31T19:19:14+08:00,DATA_AND_RESEARCH_EVIDENCE_ONLY,NONE
600368.SH,SH_MAIN,1,0.398284,16,16,0,0,VALID,,,2026-08-31T19:22:34+08:00,DATA_AND_RESEARCH_EVIDENCE_ONLY,NONE
600369.SH,SH_MAIN,1,0.372477,19,19,0,0,VALID,,,2026-08-31T19:22:34+08:00,DATA_AND_RESEARCH_EVIDENCE_ONLY,NONE
600370.SH,SH_MAIN,1,0.322016,49,48,1,0,VALID,,,2026-08-31T19:19:14+08:00,DATA_AND_RESEARCH_EVIDENCE_ONLY,NONE
600371.SH,SH_MAIN,1,0.374357,12,11,1,0,VALID,,,2026-08-31T19:22:45+08:00,DATA_AND_RESEARCH_EVIDENCE_ONLY,NONE
600372.SH,SH_MAIN,1,0.278149,33,32,1,0,VALID,,,2026-08-31T19:19:16+08:00,DATA_AND_RESEARCH_EVIDENCE_ONLY,NONE
600373.SH,SH_MAIN,1,0.311013,25,24,1,0,VALID,,,2026-08-31T19:19:14+08:00,DATA_AND_RESEARCH_EVIDENCE_ONLY,NONE
600375.SH,SH_MAIN,1,0.341869,19,18,1,0,VALID,,,2026-08-31T19:22:35+08:00,DATA_AND_RESEARCH_EVIDENCE_ONLY,NONE
600376.SH,SH_MAIN,1,0.554015,16,16,0,0,VALID,,,2026-08-31T19:22:33+08:00,DATA_AND_RESEARCH_EVIDENCE_ONLY,NONE
600377.SH,SH_MAIN,1,0.313677,18,17,1,0,VALID,,,2026-08-31T19:22:35+08:00,DATA_AND_RESEARCH_EVIDENCE_ONLY,NONE
600378.SH,SH_MAIN,1,0.326166,34,32,2,0,VALID,,,2026-08-31T19:22:46+08:00,DATA_AND_RESEARCH_EVIDENCE_ONLY,NONE
600379.SH,SH_MAIN,1,0.318102,12,11,1,0,VALID,,,2026-08-31T19:19:18+08:00,DATA_AND_RESEARCH_EVIDENCE_ONLY,NONE
600380.SH,SH_MAIN,1,0.272589,58,58,0,0,VALID,,,2026-08-31T19:19:26+08:00,DATA_AND_RESEARCH_EVIDENCE_ONLY,NONE
600381.SH,SH_MAIN,1,0.363251,28,27,1,0,VALID,,,2026-08-31T19:19:09+08:00,DATA_AND_RESEARCH_EVIDENCE_ONLY,NONE
600382.SH,SH_MAIN,1,0.279895,15,15,0,0,VALID,,,2026-08-31T19:19:26+08:00,DATA_AND_RESEARCH_EVIDENCE_ONLY,NONE
600383.SH,SH_MAIN,1,0.331,21,21,0,0,VALID,,,2026-08-31T19:22:46+08:00,DATA_AND_RESEARCH_EVIDENCE_ONLY,NONE
600386.SH,SH_MAIN,1,0.346862,8,7,1,0,VALID,,,2026-08-31T19:23:34+08:00,DATA_AND_RESEARCH_EVIDENCE_ONLY,NONE
600388.SH,SH_MAIN,1,0.508072,42,41,1,0,VALID,,,2026-08-31T19:22:35+08:00,DATA_AND_RESEARCH_EVIDENCE_ONLY,NONE
600389.SH,SH_MAIN,1,0.399466,14,14,0,0,VALID,,,2026-08-31T19:22:29+08:00,DATA_AND_RESEARCH_EVIDENCE_ONLY,NONE
600390.SH,SH_MAIN,1,0.300986,20,19,1,0,VALID,,,2026-08-31T19:22:34+08:00,DATA_AND_RESEARCH_EVIDENCE_ONLY,NONE
600391.SH,SH_MAIN,1,0.346726,9,8,1,0,VALID,,,2026-08-31T19:22:46+08:00,DATA_AND_RESEARCH_EVIDENCE_ONLY,NONE
600392.SH,SH_MAIN,1,0.349879,20,19,1,0,VALID,,,2026-08-31T19:19:19+08:00,DATA_AND_RESEARCH_EVIDENCE_ONLY,NONE
600395.SH,SH_MAIN,1,0.300429,13,12,1,0,VALID,,,2026-08-31T19:19:08+08:00,DATA_AND_RESEARCH_EVIDENCE_ONLY,NONE
600396.SH,SH_MAIN,1,0.299124,22,21,1,0,VALID,,,2026-08-31T19:22:35+08:00,DATA_AND_RESEARCH_EVIDENCE_ONLY,NONE
600397.SH,SH_MAIN,1,0.285751,10,9,1,0,VALID,,,2026-08-31T19:23:09+08:00,DATA_AND_RESEARCH_EVIDENCE_ONLY,NONE
600398.SH,SH_MAIN,1,0.271336,47,46,1,0,VALID,,,2026-08-31T19:19:16+08:00,DATA_AND_RESEARCH_EVIDENCE_ONLY,NONE
600399.SH,SH_MAIN,1,0.305516,12,11,1,0,VALID,,,2026-08-31T19:23:09+08:00,DATA_AND_RESEARCH_EVIDENCE_ONLY,NONE
600400.SH,SH_MAIN,1,0.345229,24,24,0,0,VALID,,,2026-08-31T19:19:26+08:00,DATA_AND_RESEARCH_EVIDENCE_ONLY,NONE
600403.SH,SH_MAIN,1,0.374426,17,16,1,0,VALID,,,2026-08-31T19:19:19+08:00,DATA_AND_RESEARCH_EVIDENCE_ONLY,NONE
600405.SH,SH_MAIN,1,0.311638,31,30,1,0,VALID,,,2026-08-31T19:19:21+08:00,DATA_AND_RESEARCH_EVIDENCE_ONLY,NONE
600406.SH,SH_MAIN,1,0.305177,49,48,1,0,VALID,,,2026-08-31T19:22:29+08:00,DATA_AND_RESEARCH_EVIDENCE_ONLY,NONE
600408.SH,SH_MAIN,1,0.46139,14,13,1,0,VALID,,,2026-08-31T19:22:34+08:00,DATA_AND_RESEARCH_EVIDENCE_ONLY,NONE
600409.SH,SH_MAIN,1,0.430574,19,18,1,0,VALID,,,2026-08-31T19:22:30+08:00,DATA_AND_RESEARCH_EVIDENCE_ONLY,NONE
600410.SH,SH_MAIN,1,0.282395,45,44,1,0,VALID,,,2026-08-31T19:22:35+08:00,DATA_AND_RESEARCH_EVIDENCE_ONLY,NONE
600415.SH,SH_MAIN,1,0.415876,26,26,0,0,VALID,,,2026-08-31T19:22:36+08:00,DATA_AND_RESEARCH_EVIDENCE_ONLY,NONE
600416.SH,SH_MAIN,1,0.31086,25,24,1,0,VALID,,,2026-08-31T19:19:20+08:00,DATA_AND_RESEARCH_EVIDENCE_ONLY,NONE
600418.SH,SH_MAIN,1,0.282607,34,33,1,0,VALID,,,2026-08-31T19:22:35+08:00,DATA_AND_RESEARCH_EVIDENCE_ONLY,NONE
600419.SH,SH_MAIN,1,0.26149,29,28,1,0,VALID,,,2026-08-31T19:19:16+08:00,DATA_AND_RESEARCH_EVIDENCE_ONLY,NONE
600420.SH,SH_MAIN,1,0.426698,38,37,1,0,VALID,,,2026-08-31T19:19:08+08:00,DATA_AND_RESEARCH_EVIDENCE_ONLY,NONE
600422.SH,SH_MAIN,1,0.435212,52,51,1,0,VALID,,,2026-08-31T19:19:10+08:00,DATA_AND_RESEARCH_EVIDENCE_ONLY,NONE
600423.SH,SH_MAIN,1,0.298959,11,10,1,0,VALID,,,2026-08-31T19:22:19+08:00,DATA_AND_RESEARCH_EVIDENCE_ONLY,NONE
600425.SH,SH_MAIN,1,0.268092,15,14,1,0,VALID,,,2026-08-31T19:19:27+08:00,DATA_AND_RESEARCH_EVIDENCE_ONLY,NONE
600426.SH,SH_MAIN,1,0.309197,39,38,1,0,VALID,,,2026-08-31T19:22:30+08:00,DATA_AND_RESEARCH_EVIDENCE_ONLY,NONE
600428.SH,SH_MAIN,1,0.938499,16,15,1,0,VALID,,,2026-08-31T19:23:35+08:00,DATA_AND_RESEARCH_EVIDENCE_ONLY,NONE
600429.SH,SH_MAIN,1,0.350766,17,16,1,0,VALID,,,2026-08-31T19:23:36+08:00,DATA_AND_RESEARCH_EVIDENCE_ONLY,NONE
600433.SH,SH_MAIN,1,0.357432,31,30,1,0,VALID,,,2026-08-31T19:23:10+08:00,DATA_AND_RESEARCH_EVIDENCE_ONLY,NONE
600435.SH,SH_MAIN,1,0.322299,27,26,1,0,VALID,,,2026-08-31T19:19:27+08:00,DATA_AND_RESEARCH_EVIDENCE_ONLY,NONE
600436.SH,SH_MAIN,1,0.30297,9,8,1,0,VALID,,,2026-08-31T19:23:10+08:00,DATA_AND_RESEARCH_EVIDENCE_ONLY,NONE
600438.SH,SH_MAIN,1,0.379284,55,54,1,0,VALID,,,2026-08-31T19:19:21+08:00,DATA_AND_RESEARCH_EVIDENCE_ONLY,NONE
600439.SH,SH_MAIN,1,0.379628,20,19,1,0,VALID,,,2026-08-31T19:19:15+08:00,DATA_AND_RESEARCH_EVIDENCE_ONLY,NONE
600444.SH,SH_MAIN,1,0.293172,10,9,1,0,VALID,,,2026-08-31T19:23:10+08:00,DATA_AND_RESEARCH_EVIDENCE_ONLY,NONE
600446.SH,SH_MAIN,1,0.588082,36,35,1,0,VALID,,,2026-08-31T19:19:20+08:00,DATA_AND_RESEARCH_EVIDENCE_ONLY,NONE
600448.SH,SH_MAIN,1,0.396162,13,12,1,0,VALID,,,2026-08-31T19:19:22+08:00,DATA_AND_RESEARCH_EVIDENCE_ONLY,NONE
600449.SH,SH_MAIN,1,0.263385,12,11,1,0,VALID,,,2026-08-31T19:20:13+08:00,DATA_AND_RESEARCH_EVIDENCE_ONLY,NONE
600452.SH,SH_MAIN,1,0.322858,14,13,1,0,VALID,,,2026-08-31T19:22:35+08:00,DATA_AND_RESEARCH_EVIDENCE_ONLY,NONE
600455.SH,SH_MAIN,1,0.413914,11,10,1,0,VALID,,,2026-08-31T19:20:13+08:00,DATA_AND_RESEARCH_EVIDENCE_ONLY,NONE
600456.SH,SH_MAIN,1,0.557069,14,13,1,0,VALID,,,2026-08-31T19:19:15+08:00,DATA_AND_RESEARCH_EVIDENCE_ONLY,NONE
600458.SH,SH_MAIN,1,0.316315,29,28,1,0,VALID,,,2026-08-31T19:23:36+08:00,DATA_AND_RESEARCH_EVIDENCE_ONLY,NONE
600459.SH,SH_MAIN,1,0.557724,26,25,1,0,VALID,,,2026-08-31T19:19:08+08:00,DATA_AND_RESEARCH_EVIDENCE_ONLY,NONE
600460.SH,SH_MAIN,1,0.295579,25,24,1,0,VALID,,,2026-08-31T19:19:09+08:00,DATA_AND_RESEARCH_EVIDENCE_ONLY,NONE
600461.SH,SH_MAIN,1,0.463934,57,56,1,0,VALID,,,2026-08-31T19:19:16+08:00,DATA_AND_RESEARCH_EVIDENCE_ONLY,NONE
600463.SH,SH_MAIN,1,0.361907,8,7,1,0,VALID,,,2026-08-31T19:22:35+08:00,DATA_AND_RESEARCH_EVIDENCE_ONLY,NONE
600467.SH,SH_MAIN,1,0.450994,14,13,1,0,VALID,,,2026-08-31T19:19:27+08:00,DATA_AND_RESEARCH_EVIDENCE_ONLY,NONE
600468.SH,SH_MAIN,1,0.689394,18,17,1,0,VALID,,,2026-08-31T19:22:36+08:00,DATA_AND_RESEARCH_EVIDENCE_ONLY,NONE
600469.SH,SH_MAIN,1,0.363261,17,16,1,0,VALID,,,2026-08-31T19:22:47+08:00,DATA_AND_RESEARCH_EVIDENCE_ONLY,NONE
600470.SH,SH_MAIN,1,0.496726,10,9,1,0,VALID,,,2026-08-31T19:20:13+08:00,DATA_AND_RESEARCH_EVIDENCE_ONLY,NONE
600475.SH,SH_MAIN,1,0.388387,24,23,1,1,VALID,,,2026-08-31T19:19:20+08:00,DATA_AND_RESEARCH_EVIDENCE_ONLY,NONE
600476.SH,SH_MAIN,1,0.352977,8,7,1,0,VALID,,,2026-08-31T19:23:36+08:00,DATA_AND_RESEARCH_EVIDENCE_ONLY,NONE
600477.SH,SH_MAIN,1,0.368676,41,40,1,0,VALID,,,2026-08-31T19:22:37+08:00,DATA_AND_RESEARCH_EVIDENCE_ONLY,NONE
600478.SH,SH_MAIN,1,0.329823,33,32,1,0,VALID,,,2026-08-31T19:19:15+08:00,DATA_AND_RESEARCH_EVIDENCE_ONLY,NONE
600479.SH,SH_MAIN,1,0.305887,25,24,1,0,VALID,,,2026-08-31T19:23:37+08:00,DATA_AND_RESEARCH_EVIDENCE_ONLY,NONE
600480.SH,SH_MAIN,1,0.293119,36,35,1,0,VALID,,,2026-08-31T19:23:11+08:00,DATA_AND_RESEARCH_EVIDENCE_ONLY,NONE
600481.SH,SH_MAIN,1,0.310389,47,46,1,0,VALID,,,2026-08-31T19:22:19+08:00,DATA_AND_RESEARCH_EVIDENCE_ONLY,NONE
600482.SH,SH_MAIN,1,0.263655,44,43,1,0,VALID,,,2026-08-31T19:22:35+08:00,DATA_AND_RESEARCH_EVIDENCE_ONLY,NONE
600483.SH,SH_MAIN,1,0.292777,47,46,1,0,VALID,,,2026-08-31T19:22:19+08:00,DATA_AND_RESEARCH_EVIDENCE_ONLY,NONE
600486.SH,SH_MAIN,1,0.422973,27,26,1,0,VALID,,,2026-08-31T19:22:47+08:00,DATA_AND_RESEARCH_EVIDENCE_ONLY,NONE
600487.SH,SH_MAIN,1,0.374017,53,52,1,0,VALID,,,2026-08-31T19:22:37+08:00,DATA_AND_RESEARCH_EVIDENCE_ONLY,NONE
600488.SH,SH_MAIN,1,0.31649,38,37,1,0,VALID,,,2026-08-31T19:19:09+08:00,DATA_AND_RESEARCH_EVIDENCE_ONLY,NONE
600489.SH,SH_MAIN,1,0.389074,23,22,1,0,VALID,,,2026-08-31T19:19:22+08:00,DATA_AND_RESEARCH_EVIDENCE_ONLY,NONE
600490.SH,SH_MAIN,1,0.445539,29,28,1,0,VALID,,,2026-08-31T19:19:22+08:00,DATA_AND_RESEARCH_EVIDENCE_ONLY,NONE
600491.SH,SH_MAIN,1,0.398516,18,17,1,0,VALID,,,2026-08-31T19:19:23+08:00,DATA_AND_RESEARCH_EVIDENCE_ONLY,NONE
600493.SH,SH_MAIN,1,0.31016,8,7,1,0,VALID,,,2026-08-31T19:19:21+08:00,DATA_AND_RESEARCH_EVIDENCE_ONLY,NONE
600495.SH,SH_MAIN,1,0.269416,16,15,1,0,VALID,,,2026-08-31T19:19:17+08:00,DATA_AND_RESEARCH_EVIDENCE_ONLY,NONE
600496.SH,SH_MAIN,1,0.27125,40,39,1,0,VALID,,,2026-08-31T19:19:17+08:00,DATA_AND_RESEARCH_EVIDENCE_ONLY,NONE
600497.SH,SH_MAIN,1,0.399005,24,23,1,0,VALID,,,2026-08-31T19:22:37+08:00,DATA_AND_RESEARCH_EVIDENCE_ONLY,NONE
600498.SH,SH_MAIN,1,0.34127,78,77,1,0,VALID,,,2026-08-31T19:19:16+08:00,DATA_AND_RESEARCH_EVIDENCE_ONLY,NONE
600499.SH,SH_MAIN,1,0.282339,45,44,1,0,VALID,,,2026-08-31T19:22:36+08:00,DATA_AND_RESEARCH_EVIDENCE_ONLY,NONE
600500.SH,SH_MAIN,1,0.30091,32,31,1,0,VALID,,,2026-08-31T19:22:20+08:00,DATA_AND_RESEARCH_EVIDENCE_ONLY,NONE
600501.SH,SH_MAIN,1,0.355298,23,22,1,0,VALID,,,2026-08-31T19:22:36+08:00,DATA_AND_RESEARCH_EVIDENCE_ONLY,NONE
600502.SH,SH_MAIN,1,0.278408,20,19,1,0,VALID,,,2026-08-31T19:22:36+08:00,DATA_AND_RESEARCH_EVIDENCE_ONLY,NONE
600503.SH,SH_MAIN,1,0.272803,13,12,1,0,VALID,,,2026-08-31T19:19:16+08:00,DATA_AND_RESEARCH_EVIDENCE_ONLY,NONE
600505.SH,SH_MAIN,1,0.296816,11,10,1,0,VALID,,,2026-08-31T19:22:20+08:00,DATA_AND_RESEARCH_EVIDENCE_ONLY,NONE
600506.SH,SH_MAIN,1,0.416651,10,9,1,0,VALID,,,2026-08-31T19:22:38+08:00,DATA_AND_RESEARCH_EVIDENCE_ONLY,NONE
600507.SH,SH_MAIN,1,0.402429,27,26,1,0,VALID,,,2026-08-31T19:22:36+08:00,DATA_AND_RESEARCH_EVIDENCE_ONLY,NONE
600508.SH,SH_MAIN,1,0.381044,7,6,1,0,VALID,,,2026-08-31T19:22:47+08:00,DATA_AND_RESEARCH_EVIDENCE_ONLY,NONE
600509.SH,SH_MAIN,1,0.347628,22,21,1,0,VALID,,,2026-08-31T19:22:48+08:00,DATA_AND_RESEARCH_EVIDENCE_ONLY,NONE
600510.SH,SH_MAIN,1,0.479857,19,18,1,0,VALID,,,2026-08-31T19:19:16+08:00,DATA_AND_RESEARCH_EVIDENCE_ONLY,NONE
600511.SH,SH_MAIN,1,0.29149,10,9,1,0,VALID,,,2026-08-31T19:19:23+08:00,DATA_AND_RESEARCH_EVIDENCE_ONLY,NONE
600512.SH,SH_MAIN,1,0.380035,18,17,1,0,VALID,,,2026-08-31T19:22:48+08:00,DATA_AND_RESEARCH_EVIDENCE_ONLY,NONE
600513.SH,SH_MAIN,1,0.350487,20,19,1,0,VALID,,,2026-08-31T19:19:18+08:00,DATA_AND_RESEARCH_EVIDENCE_ONLY,NONE
600515.SH,SH_MAIN,1,0.33209,13,12,1,0,VALID,,,2026-08-31T19:22:37+08:00,DATA_AND_RESEARCH_EVIDENCE_ONLY,NONE
600516.SH,SH_MAIN,1,0.265134,23,22,1,0,VALID,,,2026-08-31T19:19:18+08:00,DATA_AND_RESEARCH_EVIDENCE_ONLY,NONE
600517.SH,SH_MAIN,1,0.332833,23,22,1,0,VALID,,,2026-08-31T19:22:37+08:00,DATA_AND_RESEARCH_EVIDENCE_ONLY,NONE
600518.SH,SH_MAIN,1,0.312279,29,28,1,0,VALID,,,2026-08-31T19:19:10+08:00,DATA_AND_RESEARCH_EVIDENCE_ONLY,NONE
600519.SH,SH_MAIN,1,0.440954,16,15,1,0,VALID,,,2026-08-31T19:20:14+08:00,DATA_AND_RESEARCH_EVIDENCE_ONLY,NONE
600520.SH,SH_MAIN,1,0.335569,12,11,1,0,VALID,,,2026-08-31T19:19:10+08:00,DATA_AND_RESEARCH_EVIDENCE_ONLY,NONE
600521.SH,SH_MAIN,1,0.277398,73,72,1,0,VALID,,,2026-08-31T19:19:17+08:00,DATA_AND_RESEARCH_EVIDENCE_ONLY,NONE
600522.SH,SH_MAIN,1,0.373124,38,37,1,0,VALID,,,2026-08-31T19:19:17+08:00,DATA_AND_RESEARCH_EVIDENCE_ONLY,NONE
600523.SH,SH_MAIN,1,0.286185,14,13,1,0,VALID,,,2026-08-31T19:22:37+08:00,DATA_AND_RESEARCH_EVIDENCE_ONLY,NONE
600525.SH,SH_MAIN,1,0.330275,45,44,1,0,VALID,,,2026-08-31T19:19:10+08:00,DATA_AND_RESEARCH_EVIDENCE_ONLY,NONE
600526.SH,SH_MAIN,1,0.299173,22,21,1,1,VALID,,,2026-08-31T19:19:10+08:00,DATA_AND_RESEARCH_EVIDENCE_ONLY,NONE
600527.SH,SH_MAIN,1,0.309159,17,16,1,0,VALID,,,2026-08-31T19:19:10+08:00,DATA_AND_RESEARCH_EVIDENCE_ONLY,NONE
600528.SH,SH_MAIN,1,0.290407,15,14,1,0,VALID,,,2026-08-31T19:23:11+08:00,DATA_AND_RESEARCH_EVIDENCE_ONLY,NONE
600529.SH,SH_MAIN,1,0.41972,19,18,1,0,VALID,,,2026-08-31T19:19:18+08:00,DATA_AND_RESEARCH_EVIDENCE_ONLY,NONE
600530.SH,SH_MAIN,1,0.338259,11,10,1,0,VALID,,,2026-08-31T19:19:28+08:00,DATA_AND_RESEARCH_EVIDENCE_ONLY,NONE
600531.SH,SH_MAIN,1,0.290131,19,18,1,0,VALID,,,2026-08-31T19:23:11+08:00,DATA_AND_RESEARCH_EVIDENCE_ONLY,NONE
600533.SH,SH_MAIN,1,0.346551,14,13,1,0,VALID,,,2026-08-31T19:22:48+08:00,DATA_AND_RESEARCH_EVIDENCE_ONLY,NONE
600535.SH,SH_MAIN,1,0.367584,20,19,1,0,VALID,,,2026-08-31T19:19:21+08:00,DATA_AND_RESEARCH_EVIDENCE_ONLY,NONE
600536.SH,SH_MAIN,1,0.303546,30,29,1,0,VALID,,,2026-08-31T19:22:20+08:00,DATA_AND_RESEARCH_EVIDENCE_ONLY,NONE
600537.SH,SH_MAIN,1,0.439089,20,19,1,0,VALID,,,2026-08-31T19:19:18+08:00,DATA_AND_RESEARCH_EVIDENCE_ONLY,NONE
600538.SH,SH_MAIN,1,0.339251,18,16,2,0,VALID,,,2026-08-31T19:20:14+08:00,DATA_AND_RESEARCH_EVIDENCE_ONLY,NONE
600539.SH,SH_MAIN,1,0.360753,6,5,1,0,VALID,,,2026-08-31T19:22:38+08:00,DATA_AND_RESEARCH_EVIDENCE_ONLY,NONE
600540.SH,SH_MAIN,1,0.265385,17,16,1,0,VALID,,,2026-08-31T19:19:28+08:00,DATA_AND_RESEARCH_EVIDENCE_ONLY,NONE
600543.SH,SH_MAIN,1,0.302238,11,10,1,0,VALID,,,2026-08-31T19:22:37+08:00,DATA_AND_RESEARCH_EVIDENCE_ONLY,NONE
600545.SH,SH_MAIN,1,0.44204,19,18,1,0,VALID,,,2026-08-31T19:23:37+08:00,DATA_AND_RESEARCH_EVIDENCE_ONLY,NONE
600546.SH,SH_MAIN,1,0.289478,13,12,1,0,VALID,,,2026-08-31T19:23:11+08:00,DATA_AND_RESEARCH_EVIDENCE_ONLY,NONE
600547.SH,SH_MAIN,1,0.265082,25,24,1,0,VALID,,,2026-08-31T19:19:11+08:00,DATA_AND_RESEARCH_EVIDENCE_ONLY,NONE
600548.SH,SH_MAIN,1,0.371811,9,8,1,0,VALID,,,2026-08-31T19:19:18+08:00,DATA_AND_RESEARCH_EVIDENCE_ONLY,NONE
600549.SH,SH_MAIN,1,0.368915,32,31,1,0,VALID,,,2026-08-31T19:19:22+08:00,DATA_AND_RESEARCH_EVIDENCE_ONLY,NONE
600550.SH,SH_MAIN,1,0.339487,17,16,1,0,VALID,,,2026-08-31T19:19:11+08:00,DATA_AND_RESEARCH_EVIDENCE_ONLY,NONE
600551.SH,SH_MAIN,1,0.305136,19,18,1,0,VALID,,,2026-08-31T19:19:11+08:00,DATA_AND_RESEARCH_EVIDENCE_ONLY,NONE
600552.SH,SH_MAIN,1,0.423504,21,20,1,0,VALID,,,2026-08-31T19:22:39+08:00,DATA_AND_RESEARCH_EVIDENCE_ONLY,NONE
600556.SH,SH_MAIN,1,0.301925,21,20,1,0,VALID,,,2026-08-31T19:19:24+08:00,DATA_AND_RESEARCH_EVIDENCE_ONLY,NONE
600557.SH,SH_MAIN,1,0.350596,28,27,1,0,VALID,,,2026-08-31T19:23:37+08:00,DATA_AND_RESEARCH_EVIDENCE_ONLY,NONE
600558.SH,SH_MAIN,1,0.324173,17,16,1,0,VALID,,,2026-08-31T19:19:11+08:00,DATA_AND_RESEARCH_EVIDENCE_ONLY,NONE
600559.SH,SH_MAIN,1,0.463383,27,26,1,0,VALID,,,2026-08-31T19:19:18+08:00,DATA_AND_RESEARCH_EVIDENCE_ONLY,NONE
600560.SH,SH_MAIN,1,0.320262,9,8,1,0,VALID,,,2026-08-31T19:22:49+08:00,DATA_AND_RESEARCH_EVIDENCE_ONLY,NONE
600561.SH,SH_MAIN,1,0.363732,12,11,1,0,VALID,,,2026-08-31T19:19:22+08:00,DATA_AND_RESEARCH_EVIDENCE_ONLY,NONE
600562.SH,SH_MAIN,1,0.27594,25,24,1,0,VALID,,,2026-08-31T19:19:19+08:00,DATA_AND_RESEARCH_EVIDENCE_ONLY,NONE
600563.SH,SH_MAIN,1,0.363393,7,6,1,0,VALID,,,2026-08-31T19:19:11+08:00,DATA_AND_RESEARCH_EVIDENCE_ONLY,NONE
600566.SH,SH_MAIN,1,0.368909,61,60,1,0,VALID,,,2026-08-31T19:19:29+08:00,DATA_AND_RESEARCH_EVIDENCE_ONLY,NONE
600567.SH,SH_MAIN,1,0.448619,89,88,1,0,VALID,,,2026-08-31T19:22:49+08:00,DATA_AND_RESEARCH_EVIDENCE_ONLY,NONE
600568.SH,SH_MAIN,1,0.402159,20,19,1,0,VALID,,,2026-08-31T19:19:24+08:00,DATA_AND_RESEARCH_EVIDENCE_ONLY,NONE
600569.SH,SH_MAIN,1,0.294515,11,10,1,0,VALID,,,2026-08-31T19:19:11+08:00,DATA_AND_RESEARCH_EVIDENCE_ONLY,NONE
600570.SH,SH_MAIN,1,0.289688,24,23,1,0,VALID,,,2026-08-31T19:19:12+08:00,DATA_AND_RESEARCH_EVIDENCE_ONLY,NONE
600571.SH,SH_MAIN,1,0.362368,31,30,1,0,VALID,,,2026-08-31T19:19:24+08:00,DATA_AND_RESEARCH_EVIDENCE_ONLY,NONE
600572.SH,SH_MAIN,1,0.340019,57,56,1,0,VALID,,,2026-08-31T19:20:15+08:00,DATA_AND_RESEARCH_EVIDENCE_ONLY,NONE
600573.SH,SH_MAIN,1,0.320369,11,10,1,0,VALID,,,2026-08-31T19:19:25+08:00,DATA_AND_RESEARCH_EVIDENCE_ONLY,NONE
600575.SH,SH_MAIN,1,0.336249,23,22,1,0,VALID,,,2026-08-31T19:22:30+08:00,DATA_AND_RESEARCH_EVIDENCE_ONLY,NONE
600576.SH,SH_MAIN,1,0.441266,18,17,1,0,VALID,,,2026-08-31T19:22:31+08:00,DATA_AND_RESEARCH_EVIDENCE_ONLY,NONE
600577.SH,SH_MAIN,1,0.361639,58,57,1,0,VALID,,,2026-08-31T19:23:38+08:00,DATA_AND_RESEARCH_EVIDENCE_ONLY,NONE
600578.SH,SH_MAIN,1,0.364176,29,28,1,0,VALID,,,2026-08-31T19:22:50+08:00,DATA_AND_RESEARCH_EVIDENCE_ONLY,NONE
600579.SH,SH_MAIN,1,0.300752,27,26,1,0,VALID,,,2026-08-31T19:19:12+08:00,DATA_AND_RESEARCH_EVIDENCE_ONLY,NONE
600580.SH,SH_MAIN,1,0.384206,45,44,1,0,VALID,,,2026-08-31T19:22:50+08:00,DATA_AND_RESEARCH_EVIDENCE_ONLY,NONE
600581.SH,SH_MAIN,1,0.281834,13,12,1,0,VALID,,,2026-08-31T19:19:25+08:00,DATA_AND_RESEARCH_EVIDENCE_ONLY,NONE
600582.SH,SH_MAIN,1,0.293886,19,18,1,0,VALID,,,2026-08-31T19:23:12+08:00,DATA_AND_RESEARCH_EVIDENCE_ONLY,NONE
600583.SH,SH_MAIN,1,0.29605,20,19,1,0,VALID,,,2026-08-31T19:19:12+08:00,DATA_AND_RESEARCH_EVIDENCE_ONLY,NONE
600584.SH,SH_MAIN,1,0.344857,31,30,1,0,VALID,,,2026-08-31T19:19:22+08:00,DATA_AND_RESEARCH_EVIDENCE_ONLY,NONE
600585.SH,SH_MAIN,1,0.305744,15,14,1,0,VALID,,,2026-08-31T19:19:12+08:00,DATA_AND_RESEARCH_EVIDENCE_ONLY,NONE
600586.SH,SH_MAIN,1,0.343355,23,22,1,0,VALID,,,2026-08-31T19:20:15+08:00,DATA_AND_RESEARCH_EVIDENCE_ONLY,NONE
600587.SH,SH_MAIN,1,0.342289,37,36,1,0,VALID,,,2026-08-31T19:19:23+08:00,DATA_AND_RESEARCH_EVIDENCE_ONLY,NONE
600588.SH,SH_MAIN,1,0.293057,102,101,1,0,VALID,,,2026-08-31T19:22:37+08:00,DATA_AND_RESEARCH_EVIDENCE_ONLY,NONE
600589.SH,SH_MAIN,1,0.320558,19,18,1,0,VALID,,,2026-08-31T19:19:19+08:00,DATA_AND_RESEARCH_EVIDENCE_ONLY,NONE
600590.SH,SH_MAIN,1,0.399857,42,41,1,0,VALID,,,2026-08-31T19:22:39+08:00,DATA_AND_RESEARCH_EVIDENCE_ONLY,NONE
600592.SH,SH_MAIN,1,0.335742,11,10,1,0,VALID,,,2026-08-31T19:19:29+08:00,DATA_AND_RESEARCH_EVIDENCE_ONLY,NONE
600593.SH,SH_MAIN,1,0.350646,9,8,1,0,VALID,,,2026-08-31T19:23:38+08:00,DATA_AND_RESEARCH_EVIDENCE_ONLY,NONE
600594.SH,SH_MAIN,1,0.643503,26,25,1,0,VALID,,,2026-08-31T19:19:25+08:00,DATA_AND_RESEARCH_EVIDENCE_ONLY,NONE
600595.SH,SH_MAIN,1,0.561885,30,29,1,0,VALID,,,2026-08-31T19:20:15+08:00,DATA_AND_RESEARCH_EVIDENCE_ONLY,NONE
600596.SH,SH_MAIN,1,0.432904,30,29,1,0,VALID,,,2026-08-31T19:22:38+08:00,DATA_AND_RESEARCH_EVIDENCE_ONLY,NONE
600597.SH,SH_MAIN,1,0.362636,30,29,1,0,VALID,,,2026-08-31T19:19:12+08:00,DATA_AND_RESEARCH_EVIDENCE_ONLY,NONE
600598.SH,SH_MAIN,1,0.429963,16,15,1,0,VALID,,,2026-08-31T19:19:19+08:00,DATA_AND_RESEARCH_EVIDENCE_ONLY,NONE
600600.SH,SH_MAIN,1,0.431893,24,22,2,0,VALID,,,2026-08-31T19:22:39+08:00,DATA_AND_RESEARCH_EVIDENCE_ONLY,NONE
600601.SH,SH_MAIN,1,0.316899,22,21,1,0,VALID,,,2026-08-31T19:22:21+08:00,DATA_AND_RESEARCH_EVIDENCE_ONLY,NONE
600602.SH,SH_MAIN,1,0.445527,22,22,0,0,VALID,,,2026-08-31T19:23:12+08:00,DATA_AND_RESEARCH_EVIDENCE_ONLY,NONE
600603.SH,SH_MAIN,1,0.336647,39,39,0,0,VALID,,,2026-08-31T19:20:16+08:00,DATA_AND_RESEARCH_EVIDENCE_ONLY,NONE
600604.SH,SH_MAIN,1,0.319667,20,20,0,0,VALID,,,2026-08-31T19:19:12+08:00,DATA_AND_RESEARCH_EVIDENCE_ONLY,NONE
600605.SH,SH_MAIN,1,0.544958,13,13,0,0,VALID,,,2026-08-31T19:19:23+08:00,DATA_AND_RESEARCH_EVIDENCE_ONLY,NONE
600606.SH,SH_MAIN,1,0.337805,27,27,0,0,VALID,,,2026-08-31T19:19:24+08:00,DATA_AND_RESEARCH_EVIDENCE_ONLY,NONE
600609.SH,SH_MAIN,1,0.487024,16,16,0,0,VALID,,,2026-08-31T19:22:37+08:00,DATA_AND_RESEARCH_EVIDENCE_ONLY,NONE
600610.SH,SH_MAIN,1,0.285926,18,17,1,0,VALID,,,2026-08-31T19:23:12+08:00,DATA_AND_RESEARCH_EVIDENCE_ONLY,NONE
600611.SH,SH_MAIN,1,0.309577,24,23,1,0,VALID,,,2026-08-31T19:22:38+08:00,DATA_AND_RESEARCH_EVIDENCE_ONLY,NONE
600612.SH,SH_MAIN,1,0.326172,23,22,1,0,VALID,,,2026-08-31T19:19:29+08:00,DATA_AND_RESEARCH_EVIDENCE_ONLY,NONE
600613.SH,SH_MAIN,1,0.661738,19,18,1,0,VALID,,,2026-08-31T19:22:38+08:00,DATA_AND_RESEARCH_EVIDENCE_ONLY,NONE
600615.SH,SH_MAIN,1,0.269616,29,29,0,0,VALID,,,2026-08-31T19:19:19+08:00,DATA_AND_RESEARCH_EVIDENCE_ONLY,NONE
600616.SH,SH_MAIN,1,0.873897,24,24,0,0,VALID,,,2026-08-31T19:22:50+08:00,DATA_AND_RESEARCH_EVIDENCE_ONLY,NONE
600617.SH,SH_MAIN,1,0.372478,26,26,0,0,VALID,,,2026-08-31T19:19:13+08:00,DATA_AND_RESEARCH_EVIDENCE_ONLY,NONE
600618.SH,SH_MAIN,1,0.460339,15,14,1,0,VALID,,,2026-08-31T19:23:13+08:00,DATA_AND_RESEARCH_EVIDENCE_ONLY,NONE
600619.SH,SH_MAIN,1,0.259628,32,32,0,0,VALID,,,2026-08-31T19:19:19+08:00,DATA_AND_RESEARCH_EVIDENCE_ONLY,NONE
600620.SH,SH_MAIN,1,0.303741,18,18,0,0,VALID,,,2026-08-31T19:22:38+08:00,DATA_AND_RESEARCH_EVIDENCE_ONLY,NONE
600621.SH,SH_MAIN,1,0.393635,24,24,0,0,VALID,,,2026-08-31T19:19:26+08:00,DATA_AND_RESEARCH_EVIDENCE_ONLY,NONE
600622.SH,SH_MAIN,1,0.31296,30,30,0,0,VALID,,,2026-08-31T19:22:31+08:00,DATA_AND_RESEARCH_EVIDENCE_ONLY,NONE
600623.SH,SH_MAIN,1,0.446321,27,26,1,0,VALID,,,2026-08-31T19:19:30+08:00,DATA_AND_RESEARCH_EVIDENCE_ONLY,NONE
600624.SH,SH_MAIN,1,0.348284,21,21,0,0,VALID,,,2026-08-31T19:19:20+08:00,DATA_AND_RESEARCH_EVIDENCE_ONLY,NONE
600626.SH,SH_MAIN,1,0.29163,19,19,0,0,VALID,,,2026-08-31T19:23:38+08:00,DATA_AND_RESEARCH_EVIDENCE_ONLY,NONE
600628.SH,SH_MAIN,1,0.305026,24,24,0,0,VALID,,,2026-08-31T19:19:26+08:00,DATA_AND_RESEARCH_EVIDENCE_ONLY,NONE
600629.SH,SH_MAIN,1,0.302508,54,54,0,0,VALID,,,2026-08-31T19:19:12+08:00,DATA_AND_RESEARCH_EVIDENCE_ONLY,NONE
600630.SH,SH_MAIN,1,0.352918,8,8,0,0,VALID,,,2026-08-31T19:22:38+08:00,DATA_AND_RESEARCH_EVIDENCE_ONLY,NONE
600633.SH,SH_MAIN,1,0.347002,25,24,1,0,VALID,,,2026-08-31T19:19:27+08:00,DATA_AND_RESEARCH_EVIDENCE_ONLY,NONE
600635.SH,SH_MAIN,1,0.31634,28,28,0,0,VALID,,,2026-08-31T19:22:51+08:00,DATA_AND_RESEARCH_EVIDENCE_ONLY,NONE
600637.SH,SH_MAIN,1,0.310186,33,33,0,0,VALID,,,2026-08-31T19:22:21+08:00,DATA_AND_RESEARCH_EVIDENCE_ONLY,NONE
600638.SH,SH_MAIN,1,0.29286,18,17,1,0,VALID,,,2026-08-31T19:19:13+08:00,DATA_AND_RESEARCH_EVIDENCE_ONLY,NONE
600639.SH,SH_MAIN,1,0.286738,18,18,0,0,VALID,,,2026-08-31T19:22:39+08:00,DATA_AND_RESEARCH_EVIDENCE_ONLY,NONE
600640.SH,SH_MAIN,1,0.299499,19,19,0,0,VALID,,,2026-08-31T19:19:13+08:00,DATA_AND_RESEARCH_EVIDENCE_ONLY,NONE
600641.SH,SH_MAIN,1,0.328524,21,21,0,0,VALID,,,2026-08-31T19:22:52+08:00,DATA_AND_RESEARCH_EVIDENCE_ONLY,NONE
600642.SH,SH_MAIN,1,0.341883,34,33,1,0,VALID,,,2026-08-31T19:22:39+08:00,DATA_AND_RESEARCH_EVIDENCE_ONLY,NONE
600643.SH,SH_MAIN,1,0.279453,42,42,0,0,VALID,,,2026-08-31T19:22:39+08:00,DATA_AND_RESEARCH_EVIDENCE_ONLY,NONE
600644.SH,SH_MAIN,1,0.39148,18,18,0,0,VALID,,,2026-08-31T19:22:40+08:00,DATA_AND_RESEARCH_EVIDENCE_ONLY,NONE
600645.SH,SH_MAIN,1,0.268113,44,43,1,0,VALID,,,2026-08-31T19:19:20+08:00,DATA_AND_RESEARCH_EVIDENCE_ONLY,NONE
600648.SH,SH_MAIN,1,0.356303,20,20,0,0,VALID,,,2026-08-31T19:19:24+08:00,DATA_AND_RESEARCH_EVIDENCE_ONLY,NONE
600649.SH,SH_MAIN,1,0.274617,18,18,0,0,VALID,,,2026-08-31T19:19:27+08:00,DATA_AND_RESEARCH_EVIDENCE_ONLY,NONE
600650.SH,SH_MAIN,1,0.303604,14,13,1,0,VALID,,,2026-08-31T19:19:13+08:00,DATA_AND_RESEARCH_EVIDENCE_ONLY,NONE
600651.SH,SH_MAIN,1,0.360068,37,37,0,0,VALID,,,2026-08-31T19:19:24+08:00,DATA_AND_RESEARCH_EVIDENCE_ONLY,NONE
600653.SH,SH_MAIN,1,0.297945,22,21,1,0,VALID,,,2026-08-31T19:22:39+08:00,DATA_AND_RESEARCH_EVIDENCE_ONLY,NONE
600654.SH,SH_MAIN,1,0.379734,38,38,0,0,VALID,,,2026-08-31T19:19:27+08:00,DATA_AND_RESEARCH_EVIDENCE_ONLY,NONE
600655.SH,SH_MAIN,1,0.307827,53,53,0,0,VALID,,,2026-08-31T19:22:21+08:00,DATA_AND_RESEARCH_EVIDENCE_ONLY,NONE
600657.SH,SH_MAIN,1,0.382921,22,22,0,0,VALID,,,2026-08-31T19:19:25+08:00,DATA_AND_RESEARCH_EVIDENCE_ONLY,NONE
600658.SH,SH_MAIN,1,0.408225,16,16,0,0,VALID,,,2026-08-31T19:22:22+08:00,DATA_AND_RESEARCH_EVIDENCE_ONLY,NONE
600660.SH,SH_MAIN,1,0.342038,24,24,0,0,VALID,,,2026-08-31T19:19:30+08:00,DATA_AND_RESEARCH_EVIDENCE_ONLY,NONE
600661.SH,SH_MAIN,1,0.272596,22,21,1,0,VALID,,,2026-08-31T19:22:39+08:00,DATA_AND_RESEARCH_EVIDENCE_ONLY,NONE
600662.SH,SH_MAIN,1,0.354333,37,37,0,0,VALID,,,2026-08-31T19:22:52+08:00,DATA_AND_RESEARCH_EVIDENCE_ONLY,NONE
600663.SH,SH_MAIN,1,0.36367,20,20,0,0,VALID,,,2026-08-31T19:22:40+08:00,DATA_AND_RESEARCH_EVIDENCE_ONLY,NONE
600664.SH,SH_MAIN,1,0.556311,41,41,0,0,VALID,,,2026-08-31T19:23:39+08:00,DATA_AND_RESEARCH_EVIDENCE_ONLY,NONE
600665.SH,SH_MAIN,1,0.290123,13,13,0,0,VALID,,,2026-08-31T19:19:30+08:00,DATA_AND_RESEARCH_EVIDENCE_ONLY,NONE
600666.SH,SH_MAIN,1,0.385971,30,30,0,0,VALID,,,2026-08-31T19:19:25+08:00,DATA_AND_RESEARCH_EVIDENCE_ONLY,NONE
600667.SH,SH_MAIN,1,0.268056,21,21,0,0,VALID,,,2026-08-31T19:19:19+08:00,DATA_AND_RESEARCH_EVIDENCE_ONLY,NONE
600668.SH,SH_MAIN,1,0.269058,21,21,0,0,VALID,,,2026-08-31T19:22:39+08:00,DATA_AND_RESEARCH_EVIDENCE_ONLY,NONE
600671.SH,SH_MAIN,1,0.289854,17,17,0,0,VALID,,,2026-08-31T19:19:28+08:00,DATA_AND_RESEARCH_EVIDENCE_ONLY,NONE
600673.SH,SH_MAIN,1,0.357697,35,35,0,0,VALID,,,2026-08-31T19:23:39+08:00,DATA_AND_RESEARCH_EVIDENCE_ONLY,NONE
600674.SH,SH_MAIN,1,0.276072,54,54,0,0,VALID,,,2026-08-31T19:22:40+08:00,DATA_AND_RESEARCH_EVIDENCE_ONLY,NONE
600675.SH,SH_MAIN,1,0.385124,30,29,1,0,VALID,,,2026-08-31T19:19:31+08:00,DATA_AND_RESEARCH_EVIDENCE_ONLY,NONE
600676.SH,SH_MAIN,1,0.296332,23,22,1,0,VALID,,,2026-08-31T19:22:22+08:00,DATA_AND_RESEARCH_EVIDENCE_ONLY,NONE
600678.SH,SH_MAIN,1,0.418861,10,10,0,0,VALID,,,2026-08-31T19:20:16+08:00,DATA_AND_RESEARCH_EVIDENCE_ONLY,NONE
600679.SH,SH_MAIN,1,0.285583,27,26,1,0,VALID,,,2026-08-31T19:19:21+08:00,DATA_AND_RESEARCH_EVIDENCE_ONLY,NONE
600681.SH,SH_MAIN,1,0.485706,36,35,1,0,VALID,,,2026-08-31T19:22:40+08:00,DATA_AND_RESEARCH_EVIDENCE_ONLY,NONE
600682.SH,SH_MAIN,1,0.453243,46,45,1,0,VALID,,,2026-08-31T19:22:40+08:00,DATA_AND_RESEARCH_EVIDENCE_ONLY,NONE
600683.SH,SH_MAIN,1,0.294044,15,14,1,0,VALID,,,2026-08-31T19:22:40+08:00,DATA_AND_RESEARCH_EVIDENCE_ONLY,NONE
600684.SH,SH_MAIN,1,0.347986,17,16,1,0,VALID,,,2026-08-31T19:19:25+08:00,DATA_AND_RESEARCH_EVIDENCE_ONLY,NONE
600685.SH,SH_MAIN,1,0.389133,11,9,2,0,VALID,,,2026-08-31T19:22:41+08:00,DATA_AND_RESEARCH_EVIDENCE_ONLY,NONE
600686.SH,SH_MAIN,1,0.516379,24,23,1,0,VALID,,,2026-08-31T19:22:32+08:00,DATA_AND_RESEARCH_EVIDENCE_ONLY,NONE
600688.SH,SH_MAIN,1,0.313646,19,17,2,0,VALID,,,2026-08-31T19:19:21+08:00,DATA_AND_RESEARCH_EVIDENCE_ONLY,NONE
600689.SH,SH_MAIN,1,0.350371,11,10,1,0,VALID,,,2026-08-31T19:23:40+08:00,DATA_AND_RESEARCH_EVIDENCE_ONLY,NONE
600690.SH,SH_MAIN,1,0.271717,83,82,1,1,VALID,,,2026-08-31T19:19:21+08:00,DATA_AND_RESEARCH_EVIDENCE_ONLY,NONE
600691.SH,SH_MAIN,1,0.294584,18,18,0,0,VALID,,,2026-08-31T19:23:13+08:00,DATA_AND_RESEARCH_EVIDENCE_ONLY,NONE
600692.SH,SH_MAIN,1,0.446265,21,20,1,0,VALID,,,2026-08-31T19:19:26+08:00,DATA_AND_RESEARCH_EVIDENCE_ONLY,NONE
600693.SH,SH_MAIN,1,0.362027,31,30,1,0,VALID,,,2026-08-31T19:19:31+08:00,DATA_AND_RESEARCH_EVIDENCE_ONLY,NONE
600694.SH,SH_MAIN,1,0.315217,21,20,1,0,VALID,,,2026-08-31T19:19:26+08:00,DATA_AND_RESEARCH_EVIDENCE_ONLY,NONE
600697.SH,SH_MAIN,1,0.297381,18,17,1,0,VALID,,,2026-08-31T19:22:32+08:00,DATA_AND_RESEARCH_EVIDENCE_ONLY,NONE
600698.SH,SH_MAIN,1,0.689368,41,40,1,0,VALID,,,2026-08-31T19:22:41+08:00,DATA_AND_RESEARCH_EVIDENCE_ONLY,NONE
600699.SH,SH_MAIN,1,0.291457,37,37,0,0,VALID,,,2026-08-31T19:19:13+08:00,DATA_AND_RESEARCH_EVIDENCE_ONLY,NONE
600702.SH,SH_MAIN,1,0.271289,33,32,1,0,VALID,,,2026-08-31T19:19:31+08:00,DATA_AND_RESEARCH_EVIDENCE_ONLY,NONE
600703.SH,SH_MAIN,1,0.447191,39,38,1,0,VALID,,,2026-08-31T19:23:40+08:00,DATA_AND_RESEARCH_EVIDENCE_ONLY,NONE
600704.SH,SH_MAIN,1,0.300526,38,37,1,0,VALID,,,2026-08-31T19:23:40+08:00,DATA_AND_RESEARCH_EVIDENCE_ONLY,NONE
600706.SH,SH_MAIN,1,0.346895,21,21,0,0,VALID,,,2026-08-31T19:19:32+08:00,DATA_AND_RESEARCH_EVIDENCE_ONLY,NONE
600707.SH,SH_MAIN,1,0.297162,26,26,0,0,VALID,,,2026-08-31T19:22:40+08:00,DATA_AND_RESEARCH_EVIDENCE_ONLY,NONE
600708.SH,SH_MAIN,1,0.307232,30,29,1,0,VALID,,,2026-08-31T19:22:22+08:00,DATA_AND_RESEARCH_EVIDENCE_ONLY,NONE
600710.SH,SH_MAIN,1,0.300374,20,19,1,0,VALID,,,2026-08-31T19:22:32+08:00,DATA_AND_RESEARCH_EVIDENCE_ONLY,NONE
600711.SH,SH_MAIN,1,0.448136,56,56,0,0,VALID,,,2026-08-31T19:19:21+08:00,DATA_AND_RESEARCH_EVIDENCE_ONLY,NONE
600712.SH,SH_MAIN,1,0.611399,32,31,1,0,VALID,,,2026-08-31T19:19:28+08:00,DATA_AND_RESEARCH_EVIDENCE_ONLY,NONE
600713.SH,SH_MAIN,1,0.380732,49,48,1,0,VALID,,,2026-08-31T19:19:27+08:00,DATA_AND_RESEARCH_EVIDENCE_ONLY,NONE
600714.SH,SH_MAIN,1,0.380246,20,19,1,0,VALID,,,2026-08-31T19:19:13+08:00,DATA_AND_RESEARCH_EVIDENCE_ONLY,NONE
600715.SH,SH_MAIN,1,0.317818,23,22,1,0,VALID,,,2026-08-31T19:19:27+08:00,DATA_AND_RESEARCH_EVIDENCE_ONLY,NONE
600716.SH,SH_MAIN,1,0.344855,16,15,1,0,VALID,,,2026-08-31T19:22:52+08:00,DATA_AND_RESEARCH_EVIDENCE_ONLY,NONE
600717.SH,SH_MAIN,1,0.308074,23,22,1,0,VALID,,,2026-08-31T19:22:33+08:00,DATA_AND_RESEARCH_EVIDENCE_ONLY,NONE
600718.SH,SH_MAIN,1,0.554806,43,42,1,0,VALID,,,2026-08-31T19:23:41+08:00,DATA_AND_RESEARCH_EVIDENCE_ONLY,NONE
600719.SH,SH_MAIN,1,0.40626,10,9,1,0,VALID,,,2026-08-31T19:22:42+08:00,DATA_AND_RESEARCH_EVIDENCE_ONLY,NONE
600720.SH,SH_MAIN,1,0.314465,27,26,1,0,VALID,,,2026-08-31T19:22:23+08:00,DATA_AND_RESEARCH_EVIDENCE_ONLY,NONE
600721.SH,SH_MAIN,1,0.542796,42,41,1,0,VALID,,,2026-08-31T19:19:22+08:00,DATA_AND_RESEARCH_EVIDENCE_ONLY,NONE
600722.SH,SH_MAIN,1,0.375304,14,13,1,0,VALID,,,2026-08-31T19:22:42+08:00,DATA_AND_RESEARCH_EVIDENCE_ONLY,NONE
600724.SH,SH_MAIN,1,0.267728,17,16,1,0,VALID,,,2026-08-31T19:19:19+08:00,DATA_AND_RESEARCH_EVIDENCE_ONLY,NONE
600725.SH,SH_MAIN,1,0.262807,12,11,1,0,VALID,,,2026-08-31T19:19:32+08:00,DATA_AND_RESEARCH_EVIDENCE_ONLY,NONE
600726.SH,SH_MAIN,1,0.310675,36,34,2,0,VALID,,,2026-08-31T19:19:27+08:00,DATA_AND_RESEARCH_EVIDENCE_ONLY,NONE
600727.SH,SH_MAIN,1,0.436073,26,25,1,0,VALID,,,2026-08-31T19:22:42+08:00,DATA_AND_RESEARCH_EVIDENCE_ONLY,NONE
600728.SH,SH_MAIN,1,0.343005,63,62,1,0,VALID,,,2026-08-31T19:20:17+08:00,DATA_AND_RESEARCH_EVIDENCE_ONLY,NONE
600729.SH,SH_MAIN,1,0.362458,31,31,0,0,VALID,,,2026-08-31T19:20:17+08:00,DATA_AND_RESEARCH_EVIDENCE_ONLY,NONE
600730.SH,SH_MAIN,1,0.311209,12,11,1,0,VALID,,,2026-08-31T19:22:43+08:00,DATA_AND_RESEARCH_EVIDENCE_ONLY,NONE
600731.SH,SH_MAIN,1,0.525295,40,39,1,0,VALID,,,2026-08-31T19:19:22+08:00,DATA_AND_RESEARCH_EVIDENCE_ONLY,NONE
600732.SH,SH_MAIN,1,0.578657,54,53,1,0,VALID,,,2026-08-31T19:22:40+08:00,DATA_AND_RESEARCH_EVIDENCE_ONLY,NONE
600733.SH,SH_MAIN,1,0.517599,32,31,1,0,VALID,,,2026-08-31T19:19:14+08:00,DATA_AND_RESEARCH_EVIDENCE_ONLY,NONE
600734.SH,SH_MAIN,1,0.306519,38,37,1,0,VALID,,,2026-08-31T19:22:33+08:00,DATA_AND_RESEARCH_EVIDENCE_ONLY,NONE
600735.SH,SH_MAIN,1,0.270474,16,16,0,0,VALID,,,2026-08-31T19:19:20+08:00,DATA_AND_RESEARCH_EVIDENCE_ONLY,NONE
600736.SH,SH_MAIN,1,0.275617,29,28,1,0,VALID,,,2026-08-31T19:20:18+08:00,DATA_AND_RESEARCH_EVIDENCE_ONLY,NONE
600737.SH,SH_MAIN,1,0.494732,22,21,1,0,VALID,,,2026-08-31T19:19:28+08:00,DATA_AND_RESEARCH_EVIDENCE_ONLY,NONE
600738.SH,SH_MAIN,1,0.368901,28,28,0,0,VALID,,,2026-08-31T19:19:23+08:00,DATA_AND_RESEARCH_EVIDENCE_ONLY,NONE
600739.SH,SH_MAIN,1,0.346793,27,27,0,0,VALID,,,2026-08-31T19:22:43+08:00,DATA_AND_RESEARCH_EVIDENCE_ONLY,NONE
600740.SH,SH_MAIN,1,0.409595,23,22,1,0,VALID,,,2026-08-31T19:22:44+08:00,DATA_AND_RESEARCH_EVIDENCE_ONLY,NONE
600741.SH,SH_MAIN,1,0.354012,24,23,1,0,VALID,,,2026-08-31T19:23:41+08:00,DATA_AND_RESEARCH_EVIDENCE_ONLY,NONE
600742.SH,SH_MAIN,1,0.300032,19,18,1,0,VALID,,,2026-08-31T19:22:33+08:00,DATA_AND_RESEARCH_EVIDENCE_ONLY,NONE
600743.SH,SH_MAIN,1,0.467763,22,21,1,0,VALID,,,2026-08-31T19:23:14+08:00,DATA_AND_RESEARCH_EVIDENCE_ONLY,NONE
600744.SH,SH_MAIN,1,0.283286,16,16,0,0,VALID,,,2026-08-31T19:23:14+08:00,DATA_AND_RESEARCH_EVIDENCE_ONLY,NONE
600745.SH,SH_MAIN,1,0.357482,111,111,0,0,VALID,,,2026-08-31T19:22:53+08:00,DATA_AND_RESEARCH_EVIDENCE_ONLY,NONE
600746.SH,SH_MAIN,1,0.294244,20,19,1,0,VALID,,,2026-08-31T19:22:23+08:00,DATA_AND_RESEARCH_EVIDENCE_ONLY,NONE
600748.SH,SH_MAIN,1,0.325903,18,17,1,0,VALID,,,2026-08-31T19:23:42+08:00,DATA_AND_RESEARCH_EVIDENCE_ONLY,NONE
600749.SH,SH_MAIN,1,0.465043,18,17,1,0,VALID,,,2026-08-31T19:23:14+08:00,DATA_AND_RESEARCH_EVIDENCE_ONLY,NONE
600750.SH,SH_MAIN,1,0.304981,40,39,1,0,VALID,,,2026-08-31T19:19:29+08:00,DATA_AND_RESEARCH_EVIDENCE_ONLY,NONE
600751.SH,SH_MAIN,1,0.354099,16,15,1,0,VALID,,,2026-08-31T19:22:53+08:00,DATA_AND_RESEARCH_EVIDENCE_ONLY,NONE
600753.SH,SH_MAIN,1,0.410763,21,20,1,0,VALID,,,2026-08-31T19:23:15+08:00,DATA_AND_RESEARCH_EVIDENCE_ONLY,NONE
600754.SH,SH_MAIN,1,0.269798,25,23,2,0,VALID,,,2026-08-31T19:19:20+08:00,DATA_AND_RESEARCH_EVIDENCE_ONLY,NONE
600755.SH,SH_MAIN,1,0.3438,58,57,1,0,VALID,,,2026-08-31T19:19:32+08:00,DATA_AND_RESEARCH_EVIDENCE_ONLY,NONE
600756.SH,SH_MAIN,1,0.437287,17,16,1,0,VALID,,,2026-08-31T19:19:33+08:00,DATA_AND_RESEARCH_EVIDENCE_ONLY,NONE
600757.SH,SH_MAIN,1,0.550026,25,24,1,0,VALID,,,2026-08-31T19:22:41+08:00,DATA_AND_RESEARCH_EVIDENCE_ONLY,NONE
600758.SH,SH_MAIN,1,0.314054,29,28,1,0,VALID,,,2026-08-31T19:19:29+08:00,DATA_AND_RESEARCH_EVIDENCE_ONLY,NONE
600759.SH,SH_MAIN,1,0.268344,19,19,0,0,VALID,,,2026-08-31T19:22:41+08:00,DATA_AND_RESEARCH_EVIDENCE_ONLY,NONE
600760.SH,SH_MAIN,1,0.307955,38,37,1,0,VALID,,,2026-08-31T19:19:14+08:00,DATA_AND_RESEARCH_EVIDENCE_ONLY,NONE
600761.SH,SH_MAIN,1,0.325566,30,29,1,0,VALID,,,2026-08-31T19:19:29+08:00,DATA_AND_RESEARCH_EVIDENCE_ONLY,NONE
600763.SH,SH_MAIN,1,0.575125,15,14,1,0,VALID,,,2026-08-31T19:19:15+08:00,DATA_AND_RESEARCH_EVIDENCE_ONLY,NONE
600764.SH,SH_MAIN,1,0.55397,20,19,1,0,VALID,,,2026-08-31T19:19:23+08:00,DATA_AND_RESEARCH_EVIDENCE_ONLY,NONE
600765.SH,SH_MAIN,1,0.284787,34,33,1,0,VALID,,,2026-08-31T19:22:23+08:00,DATA_AND_RESEARCH_EVIDENCE_ONLY,NONE
600768.SH,SH_MAIN,1,0.299629,14,13,1,0,VALID,,,2026-08-31T19:22:41+08:00,DATA_AND_RESEARCH_EVIDENCE_ONLY,NONE
600769.SH,SH_MAIN,1,0.351849,11,10,1,0,VALID,,,2026-08-31T19:23:42+08:00,DATA_AND_RESEARCH_EVIDENCE_ONLY,NONE
600770.SH,SH_MAIN,1,0.33519,22,21,1,0,VALID,,,2026-08-31T19:22:53+08:00,DATA_AND_RESEARCH_EVIDENCE_ONLY,NONE
600771.SH,SH_MAIN,1,0.267069,23,22,1,0,VALID,,,2026-08-31T19:19:33+08:00,DATA_AND_RESEARCH_EVIDENCE_ONLY,NONE
600773.SH,SH_MAIN,1,0.267505,26,25,1,0,VALID,,,2026-08-31T19:19:20+08:00,DATA_AND_RESEARCH_EVIDENCE_ONLY,NONE
600774.SH,SH_MAIN,1,0.297948,26,26,0,0,VALID,,,2026-08-31T19:19:15+08:00,DATA_AND_RESEARCH_EVIDENCE_ONLY,NONE
600775.SH,SH_MAIN,1,0.344595,9,8,1,0,VALID,,,2026-08-31T19:22:54+08:00,DATA_AND_RESEARCH_EVIDENCE_ONLY,NONE
600776.SH,SH_MAIN,1,0.26192,16,14,2,0,VALID,,,2026-08-31T19:19:21+08:00,DATA_AND_RESEARCH_EVIDENCE_ONLY,NONE
600777.SH,SH_MAIN,1,0.357397,31,31,0,0,VALID,,,2026-08-31T19:22:54+08:00,DATA_AND_RESEARCH_EVIDENCE_ONLY,NONE
600778.SH,SH_MAIN,1,0.273739,26,25,1,0,VALID,,,2026-08-31T19:19:14+08:00,DATA_AND_RESEARCH_EVIDENCE_ONLY,NONE
600779.SH,SH_MAIN,1,0.451389,20,19,1,0,VALID,,,2026-08-31T19:23:15+08:00,DATA_AND_RESEARCH_EVIDENCE_ONLY,NONE
600780.SH,SH_MAIN,1,0.391233,16,16,0,0,VALID,,,2026-08-31T19:22:34+08:00,DATA_AND_RESEARCH_EVIDENCE_ONLY,NONE
600782.SH,SH_MAIN,1,0.317092,25,24,1,0,VALID,,,2026-08-31T19:19:28+08:00,DATA_AND_RESEARCH_EVIDENCE_ONLY,NONE
600783.SH,SH_MAIN,1,0.309142,11,11,0,0,VALID,,,2026-08-31T19:19:14+08:00,DATA_AND_RESEARCH_EVIDENCE_ONLY,NONE
600784.SH,SH_MAIN,1,0.507584,15,14,1,0,VALID,,,2026-08-31T19:22:54+08:00,DATA_AND_RESEARCH_EVIDENCE_ONLY,NONE
600785.SH,SH_MAIN,1,0.45378,16,15,1,0,VALID,,,2026-08-31T19:22:34+08:00,DATA_AND_RESEARCH_EVIDENCE_ONLY,NONE
600787.SH,SH_MAIN,1,0.474388,29,28,1,0,VALID,,,2026-08-31T19:22:44+08:00,DATA_AND_RESEARCH_EVIDENCE_ONLY,NONE
600789.SH,SH_MAIN,1,0.42959,33,32,1,0,VALID,,,2026-08-31T19:19:14+08:00,DATA_AND_RESEARCH_EVIDENCE_ONLY,NONE
600790.SH,SH_MAIN,1,0.320497,21,21,0,0,VALID,,,2026-08-31T19:20:18+08:00,DATA_AND_RESEARCH_EVIDENCE_ONLY,NONE
600791.SH,SH_MAIN,1,0.272716,22,21,1,0,VALID,,,2026-08-31T19:20:18+08:00,DATA_AND_RESEARCH_EVIDENCE_ONLY,NONE
600792.SH,SH_MAIN,1,0.303476,21,20,1,0,VALID,,,2026-08-31T19:22:35+08:00,DATA_AND_RESEARCH_EVIDENCE_ONLY,NONE
600793.SH,SH_MAIN,1,0.292141,11,11,0,0,VALID,,,2026-08-31T19:22:42+08:00,DATA_AND_RESEARCH_EVIDENCE_ONLY,NONE
600794.SH,SH_MAIN,1,0.297492,27,26,1,0,VALID,,,2026-08-31T19:19:15+08:00,DATA_AND_RESEARCH_EVIDENCE_ONLY,NONE
600795.SH,SH_MAIN,1,0.685357,58,58,0,0,VALID,,,2026-08-31T19:23:42+08:00,DATA_AND_RESEARCH_EVIDENCE_ONLY,NONE
600796.SH,SH_MAIN,1,0.444531,17,17,0,0,VALID,,,2026-08-31T19:19:15+08:00,DATA_AND_RESEARCH_EVIDENCE_ONLY,NONE
600797.SH,SH_MAIN,1,0.317678,33,31,2,0,VALID,,,2026-08-31T19:19:30+08:00,DATA_AND_RESEARCH_EVIDENCE_ONLY,NONE
600798.SH,SH_MAIN,1,0.489414,23,22,1,0,VALID,,,2026-08-31T19:22:24+08:00,DATA_AND_RESEARCH_EVIDENCE_ONLY,NONE
600800.SH,SH_MAIN,1,0.291329,33,33,0,0,VALID,,,2026-08-31T19:23:43+08:00,DATA_AND_RESEARCH_EVIDENCE_ONLY,NONE
600801.SH,SH_MAIN,1,0.356826,23,23,0,0,VALID,,,2026-08-31T19:22:44+08:00,DATA_AND_RESEARCH_EVIDENCE_ONLY,NONE
600802.SH,SH_MAIN,1,0.357859,15,15,0,0,VALID,,,2026-08-31T19:19:21+08:00,DATA_AND_RESEARCH_EVIDENCE_ONLY,NONE
600803.SH,SH_MAIN,1,0.382139,43,42,1,0,VALID,,,2026-08-31T19:19:33+08:00,DATA_AND_RESEARCH_EVIDENCE_ONLY,NONE
600805.SH,SH_MAIN,1,0.258653,25,25,0,0,VALID,,,2026-08-31T19:20:18+08:00,DATA_AND_RESEARCH_EVIDENCE_ONLY,NONE
600807.SH,SH_MAIN,1,0.298734,32,32,0,1,VALID,,,2026-08-31T19:19:30+08:00,DATA_AND_RESEARCH_EVIDENCE_ONLY,NONE
600808.SH,SH_MAIN,1,0.34569,21,20,1,0,VALID,,,2026-08-31T19:23:43+08:00,DATA_AND_RESEARCH_EVIDENCE_ONLY,NONE
600809.SH,SH_MAIN,1,0.443196,19,18,1,0,VALID,,,2026-08-31T19:23:16+08:00,DATA_AND_RESEARCH_EVIDENCE_ONLY,NONE
600810.SH,SH_MAIN,1,0.271963,46,45,1,0,VALID,,,2026-08-31T19:22:41+08:00,DATA_AND_RESEARCH_EVIDENCE_ONLY,NONE
600812.SH,SH_MAIN,1,0.271485,21,20,1,0,VALID,,,2026-08-31T19:22:41+08:00,DATA_AND_RESEARCH_EVIDENCE_ONLY,NONE
600814.SH,SH_MAIN,1,0.299371,22,22,0,0,VALID,,,2026-08-31T19:22:24+08:00,DATA_AND_RESEARCH_EVIDENCE_ONLY,NONE
600815.SH,SH_MAIN,1,0.419685,25,24,1,0,VALID,,,2026-08-31T19:19:28+08:00,DATA_AND_RESEARCH_EVIDENCE_ONLY,NONE
600816.SH,SH_MAIN,1,0.398536,36,36,0,0,VALID,,,2026-08-31T19:22:24+08:00,DATA_AND_RESEARCH_EVIDENCE_ONLY,NONE
600817.SH,SH_MAIN,1,0.295412,39,39,0,0,VALID,,,2026-08-31T19:22:25+08:00,DATA_AND_RESEARCH_EVIDENCE_ONLY,NONE
600818.SH,SH_MAIN,1,0.519665,13,11,2,0,VALID,,,2026-08-31T19:22:42+08:00,DATA_AND_RESEARCH_EVIDENCE_ONLY,NONE
600819.SH,SH_MAIN,1,0.317963,15,13,2,0,VALID,,,2026-08-31T19:19:15+08:00,DATA_AND_RESEARCH_EVIDENCE_ONLY,NONE
600820.SH,SH_MAIN,1,0.294684,28,27,1,0,VALID,,,2026-08-31T19:19:16+08:00,DATA_AND_RESEARCH_EVIDENCE_ONLY,NONE
600821.SH,SH_MAIN,1,0.315065,25,25,0,0,VALID,,,2026-08-31T19:23:16+08:00,DATA_AND_RESEARCH_EVIDENCE_ONLY,NONE
600822.SH,SH_MAIN,1,0.286289,17,16,1,0,VALID,,,2026-08-31T19:19:24+08:00,DATA_AND_RESEARCH_EVIDENCE_ONLY,NONE
600824.SH,SH_MAIN,1,0.390601,20,19,1,0,VALID,,,2026-08-31T19:23:44+08:00,DATA_AND_RESEARCH_EVIDENCE_ONLY,NONE
600825.SH,SH_MAIN,1,0.310117,22,21,1,0,VALID,,,2026-08-31T19:23:16+08:00,DATA_AND_RESEARCH_EVIDENCE_ONLY,NONE
600826.SH,SH_MAIN,1,0.390459,18,17,1,0,VALID,,,2026-08-31T19:23:17+08:00,DATA_AND_RESEARCH_EVIDENCE_ONLY,NONE
600827.SH,SH_MAIN,1,0.295568,26,24,2,0,VALID,,,2026-08-31T19:19:16+08:00,DATA_AND_RESEARCH_EVIDENCE_ONLY,NONE
600828.SH,SH_MAIN,1,0.345377,27,26,1,0,VALID,,,2026-08-31T19:22:42+08:00,DATA_AND_RESEARCH_EVIDENCE_ONLY,NONE
600829.SH,SH_MAIN,1,0.363314,18,17,1,0,VALID,,,2026-08-31T19:19:16+08:00,DATA_AND_RESEARCH_EVIDENCE_ONLY,NONE
600830.SH,SH_MAIN,1,0.30032,22,21,1,0,VALID,,,2026-08-31T19:19:16+08:00,DATA_AND_RESEARCH_EVIDENCE_ONLY,NONE
600831.SH,SH_MAIN,1,0.316252,41,41,0,0,VALID,,,2026-08-31T19:23:17+08:00,DATA_AND_RESEARCH_EVIDENCE_ONLY,NONE
600833.SH,SH_MAIN,1,0.446194,17,17,0,0,VALID,,,2026-08-31T19:19:16+08:00,DATA_AND_RESEARCH_EVIDENCE_ONLY,NONE
600834.SH,SH_MAIN,1,0.294572,12,12,0,0,VALID,,,2026-08-31T19:23:17+08:00,DATA_AND_RESEARCH_EVIDENCE_ONLY,NONE
600835.SH,SH_MAIN,1,0.338642,16,14,2,0,VALID,,,2026-08-31T19:19:17+08:00,DATA_AND_RESEARCH_EVIDENCE_ONLY,NONE
600838.SH,SH_MAIN,1,0.298357,17,16,1,0,VALID,,,2026-08-31T19:19:16+08:00,DATA_AND_RESEARCH_EVIDENCE_ONLY,NONE
600839.SH,SH_MAIN,1,0.296274,32,32,0,0,VALID,,,2026-08-31T19:23:18+08:00,DATA_AND_RESEARCH_EVIDENCE_ONLY,NONE
600841.SH,SH_MAIN,1,0.323831,22,20,2,0,VALID,,,2026-08-31T19:22:42+08:00,DATA_AND_RESEARCH_EVIDENCE_ONLY,NONE
600843.SH,SH_MAIN,1,0.286011,19,17,2,0,VALID,,,2026-08-31T19:19:17+08:00,DATA_AND_RESEARCH_EVIDENCE_ONLY,NONE
600844.SH,SH_MAIN,1,0.29312,25,23,2,0,VALID,,,2026-08-31T19:22:43+08:00,DATA_AND_RESEARCH_EVIDENCE_ONLY,NONE
600845.SH,SH_MAIN,1,0.27029,61,60,1,0,VALID,,,2026-08-31T19:19:21+08:00,DATA_AND_RESEARCH_EVIDENCE_ONLY,NONE
600846.SH,SH_MAIN,1,0.342972,26,25,1,0,VALID,,,2026-08-31T19:19:17+08:00,DATA_AND_RESEARCH_EVIDENCE_ONLY,NONE
600847.SH,SH_MAIN,1,0.374817,20,19,1,0,VALID,,,2026-08-31T19:19:30+08:00,DATA_AND_RESEARCH_EVIDENCE_ONLY,NONE
600848.SH,SH_MAIN,1,0.388217,30,29,1,0,VALID,,,2026-08-31T19:22:45+08:00,DATA_AND_RESEARCH_EVIDENCE_ONLY,NONE
600850.SH,SH_MAIN,1,0.270263,48,47,1,0,VALID,,,2026-08-31T19:19:21+08:00,DATA_AND_RESEARCH_EVIDENCE_ONLY,NONE
600851.SH,SH_MAIN,1,0.31659,21,19,2,0,VALID,,,2026-08-31T19:19:31+08:00,DATA_AND_RESEARCH_EVIDENCE_ONLY,NONE
600853.SH,SH_MAIN,1,0.403861,21,21,0,0,VALID,,,2026-08-31T19:22:35+08:00,DATA_AND_RESEARCH_EVIDENCE_ONLY,NONE
600854.SH,SH_MAIN,1,0.266313,13,12,1,0,VALID,,,2026-08-31T19:19:22+08:00,DATA_AND_RESEARCH_EVIDENCE_ONLY,NONE
600855.SH,SH_MAIN,1,0.307918,40,40,0,0,VALID,,,2026-08-31T19:19:17+08:00,DATA_AND_RESEARCH_EVIDENCE_ONLY,NONE
600857.SH,SH_MAIN,1,0.286871,16,16,0,0,VALID,,,2026-08-31T19:23:18+08:00,DATA_AND_RESEARCH_EVIDENCE_ONLY,NONE
600858.SH,SH_MAIN,1,0.348081,18,18,0,0,VALID,,,2026-08-31T19:22:55+08:00,DATA_AND_RESEARCH_EVIDENCE_ONLY,NONE
600859.SH,SH_MAIN,1,0.282174,28,28,0,0,VALID,,,2026-08-31T19:19:31+08:00,DATA_AND_RESEARCH_EVIDENCE_ONLY,NONE
600860.SH,SH_MAIN,1,0.305534,20,19,1,0,VALID,,,2026-08-31T19:22:35+08:00,DATA_AND_RESEARCH_EVIDENCE_ONLY,NONE
600861.SH,SH_MAIN,1,0.375231,16,15,1,0,VALID,,,2026-08-31T19:22:55+08:00,DATA_AND_RESEARCH_EVIDENCE_ONLY,NONE
600862.SH,SH_MAIN,1,0.427344,20,20,0,0,VALID,,,2026-08-31T19:19:29+08:00,DATA_AND_RESEARCH_EVIDENCE_ONLY,NONE
600863.SH,SH_MAIN,1,0.492163,44,43,1,0,VALID,,,2026-08-31T19:19:31+08:00,DATA_AND_RESEARCH_EVIDENCE_ONLY,NONE
600864.SH,SH_MAIN,1,0.281667,22,21,1,0,VALID,,,2026-08-31T19:23:18+08:00,DATA_AND_RESEARCH_EVIDENCE_ONLY,NONE
600865.SH,SH_MAIN,1,0.346273,16,15,1,0,VALID,,,2026-08-31T19:23:44+08:00,DATA_AND_RESEARCH_EVIDENCE_ONLY,NONE
600866.SH,SH_MAIN,1,0.31799,32,31,1,0,VALID,,,2026-08-31T19:19:29+08:00,DATA_AND_RESEARCH_EVIDENCE_ONLY,NONE
600867.SH,SH_MAIN,1,0.329906,49,48,1,0,VALID,,,2026-08-31T19:22:56+08:00,DATA_AND_RESEARCH_EVIDENCE_ONLY,NONE
600868.SH,SH_MAIN,1,0.382818,21,20,1,0,VALID,,,2026-08-31T19:19:34+08:00,DATA_AND_RESEARCH_EVIDENCE_ONLY,NONE
600869.SH,SH_MAIN,1,0.906638,21,20,1,0,VALID,,,2026-08-31T19:19:30+08:00,DATA_AND_RESEARCH_EVIDENCE_ONLY,NONE
600871.SH,SH_MAIN,1,0.29773,17,16,1,0,VALID,,,2026-08-31T19:19:32+08:00,DATA_AND_RESEARCH_EVIDENCE_ONLY,NONE
600872.SH,SH_MAIN,1,0.344666,19,18,1,0,VALID,,,2026-08-31T19:22:56+08:00,DATA_AND_RESEARCH_EVIDENCE_ONLY,NONE
600873.SH,SH_MAIN,1,0.264441,29,28,1,0,VALID,,,2026-08-31T19:20:19+08:00,DATA_AND_RESEARCH_EVIDENCE_ONLY,NONE
600874.SH,SH_MAIN,1,0.293637,19,18,1,0,VALID,,,2026-08-31T19:22:43+08:00,DATA_AND_RESEARCH_EVIDENCE_ONLY,NONE
600875.SH,SH_MAIN,1,0.294443,44,43,1,0,VALID,,,2026-08-31T19:22:42+08:00,DATA_AND_RESEARCH_EVIDENCE_ONLY,NONE
600876.SH,SH_MAIN,1,0.318068,19,18,1,0,VALID,,,2026-08-31T19:19:18+08:00,DATA_AND_RESEARCH_EVIDENCE_ONLY,NONE
600877.SH,SH_MAIN,1,0.349074,18,18,0,0,VALID,,,2026-08-31T19:23:44+08:00,DATA_AND_RESEARCH_EVIDENCE_ONLY,NONE
600879.SH,SH_MAIN,1,0.429554,32,32,0,0,VALID,,,2026-08-31T19:19:18+08:00,DATA_AND_RESEARCH_EVIDENCE_ONLY,NONE
600880.SH,SH_MAIN,1,0.269479,31,31,0,0,VALID,,,2026-08-31T19:22:43+08:00,DATA_AND_RESEARCH_EVIDENCE_ONLY,NONE
600881.SH,SH_MAIN,1,0.329824,28,28,0,0,VALID,,,2026-08-31T19:22:43+08:00,DATA_AND_RESEARCH_EVIDENCE_ONLY,NONE
600882.SH,SH_MAIN,1,0.293834,39,39,0,0,VALID,,,2026-08-31T19:23:19+08:00,DATA_AND_RESEARCH_EVIDENCE_ONLY,NONE
600883.SH,SH_MAIN,1,0.352418,9,9,0,0,VALID,,,2026-08-31T19:23:45+08:00,DATA_AND_RESEARCH_EVIDENCE_ONLY,NONE
600884.SH,SH_MAIN,1,0.295266,38,38,0,0,VALID,,,2026-08-31T19:22:25+08:00,DATA_AND_RESEARCH_EVIDENCE_ONLY,NONE
600885.SH,SH_MAIN,1,0.798289,40,39,1,0,VALID,,,2026-08-31T19:19:31+08:00,DATA_AND_RESEARCH_EVIDENCE_ONLY,NONE
600886.SH,SH_MAIN,1,0.274197,33,33,0,0,VALID,,,2026-08-31T19:19:22+08:00,DATA_AND_RESEARCH_EVIDENCE_ONLY,NONE
600887.SH,SH_MAIN,1,0.302322,65,65,0,0,VALID,,,2026-08-31T19:23:45+08:00,DATA_AND_RESEARCH_EVIDENCE_ONLY,NONE
600888.SH,SH_MAIN,1,0.371275,58,57,1,0,VALID,,,2026-08-31T19:22:36+08:00,DATA_AND_RESEARCH_EVIDENCE_ONLY,NONE
600889.SH,SH_MAIN,1,0.311054,19,19,0,0,VALID,,,2026-08-31T19:23:46+08:00,DATA_AND_RESEARCH_EVIDENCE_ONLY,NONE
600892.SH,SH_MAIN,1,0.267342,25,25,0,0,VALID,,,2026-08-31T19:19:22+08:00,DATA_AND_RESEARCH_EVIDENCE_ONLY,NONE
600893.SH,SH_MAIN,1,0.271856,40,39,1,0,VALID,,,2026-08-31T19:19:34+08:00,DATA_AND_RESEARCH_EVIDENCE_ONLY,NONE
600894.SH,SH_MAIN,1,0.487712,20,19,1,0,VALID,,,2026-08-31T19:22:56+08:00,DATA_AND_RESEARCH_EVIDENCE_ONLY,NONE
600895.SH,SH_MAIN,1,0.274071,13,12,1,0,VALID,,,2026-08-31T19:20:19+08:00,DATA_AND_RESEARCH_EVIDENCE_ONLY,NONE
600897.SH,SH_MAIN,1,0.361336,9,8,1,0,VALID,,,2026-08-31T19:22:57+08:00,DATA_AND_RESEARCH_EVIDENCE_ONLY,NONE
600900.SH,SH_MAIN,1,0.298528,23,22,1,0,VALID,,,2026-08-31T19:22:43+08:00,DATA_AND_RESEARCH_EVIDENCE_ONLY,NONE
600901.SH,SH_MAIN,1,0.379902,37,33,4,0,VALID,,,2026-08-31T19:19:32+08:00,DATA_AND_RESEARCH_EVIDENCE_ONLY,NONE
600903.SH,SH_MAIN,1,0.334051,28,27,1,0,VALID,,,2026-08-31T19:20:19+08:00,DATA_AND_RESEARCH_EVIDENCE_ONLY,NONE
600905.SH,SH_MAIN,1,0.469945,23,21,2,0,VALID,,,2026-08-31T19:19:32+08:00,DATA_AND_RESEARCH_EVIDENCE_ONLY,NONE
600906.SH,SH_MAIN,1,0.688641,9,5,4,0,VALID,,,2026-08-31T19:22:25+08:00,DATA_AND_RESEARCH_EVIDENCE_ONLY,NONE
600908.SH,SH_MAIN,1,0.303698,45,44,1,0,VALID,,,2026-08-31T19:23:19+08:00,DATA_AND_RESEARCH_EVIDENCE_ONLY,NONE
600909.SH,SH_MAIN,1,0.558703,36,33,3,0,VALID,,,2026-08-31T19:23:46+08:00,DATA_AND_RESEARCH_EVIDENCE_ONLY,NONE
600916.SH,SH_MAIN,1,0.369062,6,5,1,0,VALID,,,2026-08-31T19:19:33+08:00,DATA_AND_RESEARCH_EVIDENCE_ONLY,NONE
600917.SH,SH_MAIN,1,0.324488,7,6,1,0,VALID,,,2026-08-31T19:19:35+08:00,DATA_AND_RESEARCH_EVIDENCE_ONLY,NONE
600918.SH,SH_MAIN,1,0.293634,14,8,6,0,VALID,,,2026-08-31T19:22:43+08:00,DATA_AND_RESEARCH_EVIDENCE_ONLY,NONE
600919.SH,SH_MAIN,1,0.374437,51,43,8,0,VALID,,,2026-08-31T19:19:35+08:00,DATA_AND_RESEARCH_EVIDENCE_ONLY,NONE
600925.SH,SH_MAIN,1,0.310372,5,3,2,0,VALID,,,2026-08-31T19:19:17+08:00,DATA_AND_RESEARCH_EVIDENCE_ONLY,NONE
600926.SH,SH_MAIN,1,0.29711,67,54,13,0,VALID,,,2026-08-31T19:23:19+08:00,DATA_AND_RESEARCH_EVIDENCE_ONLY,NONE
600927.SH,SH_MAIN,1,0.389503,8,7,1,0,VALID,,,2026-08-31T19:22:57+08:00,DATA_AND_RESEARCH_EVIDENCE_ONLY,NONE
600928.SH,SH_MAIN,1,0.43474,14,6,8,0,VALID,,,2026-08-31T19:23:46+08:00,DATA_AND_RESEARCH_EVIDENCE_ONLY,NONE
600929.SH,SH_MAIN,1,0.29867,34,33,1,0,VALID,,,2026-08-31T19:19:18+08:00,DATA_AND_RESEARCH_EVIDENCE_ONLY,NONE
600930.SH,SH_MAIN,1,0.375363,6,5,1,0,VALID,,,2026-08-31T19:19:33+08:00,DATA_AND_RESEARCH_EVIDENCE_ONLY,NONE
600933.SH,SH_MAIN,1,0.36197,66,64,2,0,VALID,,,2026-08-31T19:22:45+08:00,DATA_AND_RESEARCH_EVIDENCE_ONLY,NONE
600935.SH,SH_MAIN,1,0.394843,8,7,1,0,VALID,,,2026-08-31T19:22:26+08:00,DATA_AND_RESEARCH_EVIDENCE_ONLY,NONE
600936.SH,SH_MAIN,1,0.298044,5,4,1,0,VALID,,,2026-08-31T19:22:27+08:00,DATA_AND_RESEARCH_EVIDENCE_ONLY,NONE
600938.SH,SH_MAIN,1,0.369977,12,11,1,0,VALID,,,2026-08-31T19:22:58+08:00,DATA_AND_RESEARCH_EVIDENCE_ONLY,NONE
600939.SH,SH_MAIN,1,0.315106,29,25,4,0,VALID,,,2026-08-31T19:19:23+08:00,DATA_AND_RESEARCH_EVIDENCE_ONLY,NONE
600941.SH,SH_MAIN,1,0.384879,65,64,1,0,VALID,,,2026-08-31T19:22:58+08:00,DATA_AND_RESEARCH_EVIDENCE_ONLY,NONE
600955.SH,SH_MAIN,1,0.396692,4,3,1,0,VALID,,,2026-08-31T19:22:58+08:00,DATA_AND_RESEARCH_EVIDENCE_ONLY,NONE
600956.SH,SH_MAIN,1,0.358028,10,9,1,0,VALID,,,2026-08-31T19:23:47+08:00,DATA_AND_RESEARCH_EVIDENCE_ONLY,NONE
600958.SH,SH_MAIN,1,0.257728,20,15,5,0,VALID,,,2026-08-31T19:20:20+08:00,DATA_AND_RESEARCH_EVIDENCE_ONLY,NONE
600959.SH,SH_MAIN,1,0.296312,13,9,4,0,VALID,,,2026-08-31T19:22:36+08:00,DATA_AND_RESEARCH_EVIDENCE_ONLY,NONE
600960.SH,SH_MAIN,1,0.338838,20,19,1,0,VALID,,,2026-08-31T19:22:59+08:00,DATA_AND_RESEARCH_EVIDENCE_ONLY,NONE
600961.SH,SH_MAIN,1,0.631537,13,12,1,0,VALID,,,2026-08-31T19:19:23+08:00,DATA_AND_RESEARCH_EVIDENCE_ONLY,NONE
600962.SH,SH_MAIN,1,0.299361,10,9,1,0,VALID,,,2026-08-31T19:22:27+08:00,DATA_AND_RESEARCH_EVIDENCE_ONLY,NONE
600963.SH,SH_MAIN,1,0.336492,31,30,1,0,VALID,,,2026-08-31T19:19:24+08:00,DATA_AND_RESEARCH_EVIDENCE_ONLY,NONE
600965.SH,SH_MAIN,1,0.364113,13,12,1,0,VALID,,,2026-08-31T19:19:19+08:00,DATA_AND_RESEARCH_EVIDENCE_ONLY,NONE
600966.SH,SH_MAIN,1,0.389636,21,20,1,0,VALID,,,2026-08-31T19:19:34+08:00,DATA_AND_RESEARCH_EVIDENCE_ONLY,NONE
600967.SH,SH_MAIN,1,0.347595,28,27,1,0,VALID,,,2026-08-31T19:23:47+08:00,DATA_AND_RESEARCH_EVIDENCE_ONLY,NONE
600968.SH,SH_MAIN,1,0.309228,3,2,1,0,VALID,,,2026-08-31T19:19:19+08:00,DATA_AND_RESEARCH_EVIDENCE_ONLY,NONE
600969.SH,SH_MAIN,1,0.31379,9,8,1,0,VALID,,,2026-08-31T19:22:46+08:00,DATA_AND_RESEARCH_EVIDENCE_ONLY,NONE
600970.SH,SH_MAIN,1,0.283585,36,35,1,0,VALID,,,2026-08-31T19:19:34+08:00,DATA_AND_RESEARCH_EVIDENCE_ONLY,NONE
600971.SH,SH_MAIN,1,0.315091,26,25,1,0,VALID,,,2026-08-31T19:20:20+08:00,DATA_AND_RESEARCH_EVIDENCE_ONLY,NONE
600973.SH,SH_MAIN,1,0.299405,21,20,1,0,VALID,,,2026-08-31T19:23:20+08:00,DATA_AND_RESEARCH_EVIDENCE_ONLY,NONE
600975.SH,SH_MAIN,1,0.33614,21,20,1,0,VALID,,,2026-08-31T19:19:35+08:00,DATA_AND_RESEARCH_EVIDENCE_ONLY,NONE
600976.SH,SH_MAIN,1,0.291546,21,20,1,0,VALID,,,2026-08-31T19:23:48+08:00,DATA_AND_RESEARCH_EVIDENCE_ONLY,NONE
600977.SH,SH_MAIN,1,0.259968,5,4,1,0,VALID,,,2026-08-31T19:19:19+08:00,DATA_AND_RESEARCH_EVIDENCE_ONLY,NONE
600979.SH,SH_MAIN,1,0.511273,21,20,1,1,VALID,,,2026-08-31T19:19:36+08:00,DATA_AND_RESEARCH_EVIDENCE_ONLY,NONE
600980.SH,SH_MAIN,1,0.300178,23,22,1,0,VALID,,,2026-08-31T19:19:17+08:00,DATA_AND_RESEARCH_EVIDENCE_ONLY,NONE
600981.SH,SH_MAIN,1,0.3485,14,13,1,0,VALID,,,2026-08-31T19:22:46+08:00,DATA_AND_RESEARCH_EVIDENCE_ONLY,NONE
600982.SH,SH_MAIN,1,0.57458,17,16,1,0,VALID,,,2026-08-31T19:22:46+08:00,DATA_AND_RESEARCH_EVIDENCE_ONLY,NONE
600983.SH,SH_MAIN,1,0.266627,10,9,1,0,VALID,,,2026-08-31T19:19:24+08:00,DATA_AND_RESEARCH_EVIDENCE_ONLY,NONE
600984.SH,SH_MAIN,1,0.378157,20,19,1,0,VALID,,,2026-08-31T19:22:44+08:00,DATA_AND_RESEARCH_EVIDENCE_ONLY,NONE
600985.SH,SH_MAIN,1,0.263383,37,36,1,0,VALID,,,2026-08-31T19:19:24+08:00,DATA_AND_RESEARCH_EVIDENCE_ONLY,NONE
600986.SH,SH_MAIN,1,0.265484,35,34,1,0,VALID,,,2026-08-31T19:20:20+08:00,DATA_AND_RESEARCH_EVIDENCE_ONLY,NONE
600987.SH,SH_MAIN,1,0.31007,15,14,1,0,VALID,,,2026-08-31T19:19:25+08:00,DATA_AND_RESEARCH_EVIDENCE_ONLY,NONE
600988.SH,SH_MAIN,1,0.424662,28,27,1,0,VALID,,,2026-08-31T19:19:36+08:00,DATA_AND_RESEARCH_EVIDENCE_ONLY,NONE
600989.SH,SH_MAIN,1,0.412712,11,5,6,0,VALID,,,2026-08-31T19:23:48+08:00,DATA_AND_RESEARCH_EVIDENCE_ONLY,NONE
600990.SH,SH_MAIN,1,0.346487,20,19,1,0,VALID,,,2026-08-31T19:23:48+08:00,DATA_AND_RESEARCH_EVIDENCE_ONLY,NONE
600992.SH,SH_MAIN,1,0.535504,8,7,1,0,VALID,,,2026-08-31T19:22:59+08:00,DATA_AND_RESEARCH_EVIDENCE_ONLY,NONE
600993.SH,SH_MAIN,1,0.267172,21,20,1,0,VALID,,,2026-08-31T19:19:37+08:00,DATA_AND_RESEARCH_EVIDENCE_ONLY,NONE
600995.SH,SH_MAIN,1,0.271525,15,14,1,0,VALID,,,2026-08-31T19:22:43+08:00,DATA_AND_RESEARCH_EVIDENCE_ONLY,NONE
600996.SH,SH_MAIN,1,0.260832,26,25,1,0,VALID,,,2026-08-31T19:19:37+08:00,DATA_AND_RESEARCH_EVIDENCE_ONLY,NONE
600997.SH,SH_MAIN,1,0.391697,12,11,1,0,VALID,,,2026-08-31T19:22:44+08:00,DATA_AND_RESEARCH_EVIDENCE_ONLY,NONE
600998.SH,SH_MAIN,1,0.421758,45,44,1,0,VALID,,,2026-08-31T19:20:20+08:00,DATA_AND_RESEARCH_EVIDENCE_ONLY,NONE
600999.SH,SH_MAIN,1,0.360275,22,17,5,0,VALID,,,2026-08-31T19:19:31+08:00,DATA_AND_RESEARCH_EVIDENCE_ONLY,NONE
601000.SH,SH_MAIN,1,0.265384,19,18,1,0,VALID,,,2026-08-31T19:19:24+08:00,DATA_AND_RESEARCH_EVIDENCE_ONLY,NONE
601001.SH,SH_MAIN,1,0.30158,6,5,1,0,VALID,,,2026-08-31T19:23:20+08:00,DATA_AND_RESEARCH_EVIDENCE_ONLY,NONE
601002.SH,SH_MAIN,1,0.360503,16,15,1,0,VALID,,,2026-08-31T19:19:32+08:00,DATA_AND_RESEARCH_EVIDENCE_ONLY,NONE
601003.SH,SH_MAIN,1,0.298868,10,9,1,1,VALID,,,2026-08-31T19:22:27+08:00,DATA_AND_RESEARCH_EVIDENCE_ONLY,NONE
601005.SH,SH_MAIN,1,0.330907,13,12,1,0,VALID,,,2026-08-31T19:22:44+08:00,DATA_AND_RESEARCH_EVIDENCE_ONLY,NONE
601006.SH,SH_MAIN,1,0.509909,38,37,1,0,VALID,,,2026-08-31T19:22:36+08:00,DATA_AND_RESEARCH_EVIDENCE_ONLY,NONE
601007.SH,SH_MAIN,1,0.291278,7,6,1,0,VALID,,,2026-08-31T19:19:18+08:00,DATA_AND_RESEARCH_EVIDENCE_ONLY,NONE
601008.SH,SH_MAIN,1,0.26387,18,17,1,0,VALID,,,2026-08-31T19:19:24+08:00,DATA_AND_RESEARCH_EVIDENCE_ONLY,NONE
601009.SH,SH_MAIN,1,0.393091,49,48,1,0,VALID,,,2026-08-31T19:22:44+08:00,DATA_AND_RESEARCH_EVIDENCE_ONLY,NONE
601010.SH,SH_MAIN,1,0.324165,8,7,1,0,VALID,,,2026-08-31T19:19:25+08:00,DATA_AND_RESEARCH_EVIDENCE_ONLY,NONE
601011.SH,SH_MAIN,1,0.457354,22,21,1,0,VALID,,,2026-08-31T19:19:34+08:00,DATA_AND_RESEARCH_EVIDENCE_ONLY,NONE
601012.SH,SH_MAIN,1,0.367749,91,82,9,0,VALID,,,2026-08-31T19:22:47+08:00,DATA_AND_RESEARCH_EVIDENCE_ONLY,NONE
601015.SH,SH_MAIN,1,0.672205,10,9,1,0,VALID,,,2026-08-31T19:22:47+08:00,DATA_AND_RESEARCH_EVIDENCE_ONLY,NONE
601016.SH,SH_MAIN,1,0.624118,63,62,1,0,VALID,,,2026-08-31T19:22:37+08:00,DATA_AND_RESEARCH_EVIDENCE_ONLY,NONE
601018.SH,SH_MAIN,1,0.628884,13,11,2,0,VALID,,,2026-08-31T19:19:25+08:00,DATA_AND_RESEARCH_EVIDENCE_ONLY,NONE
601019.SH,SH_MAIN,1,0.301857,4,3,1,0,VALID,,,2026-08-31T19:22:45+08:00,DATA_AND_RESEARCH_EVIDENCE_ONLY,NONE
601020.SH,SH_MAIN,1,0.297761,64,63,1,0,VALID,,,2026-08-31T19:19:20+08:00,DATA_AND_RESEARCH_EVIDENCE_ONLY,NONE
601021.SH,SH_MAIN,1,0.300761,15,14,1,0,VALID,,,2026-08-31T19:22:45+08:00,DATA_AND_RESEARCH_EVIDENCE_ONLY,NONE
601022.SH,SH_MAIN,1,0.256859,6,5,1,0,VALID,,,2026-08-31T19:20:21+08:00,DATA_AND_RESEARCH_EVIDENCE_ONLY,NONE
601026.SH,SH_MAIN,1,0.340693,3,2,1,0,VALID,,,2026-08-31T19:22:48+08:00,DATA_AND_RESEARCH_EVIDENCE_ONLY,NONE
601033.SH,SH_MAIN,1,0.37084,5,4,1,0,VALID,,,2026-08-31T19:19:20+08:00,DATA_AND_RESEARCH_EVIDENCE_ONLY,NONE
601038.SH,SH_MAIN,1,0.333585,8,6,2,0,VALID,,,2026-08-31T19:19:20+08:00,DATA_AND_RESEARCH_EVIDENCE_ONLY,NONE
601058.SH,SH_MAIN,1,0.437982,37,36,1,0,VALID,,,2026-08-31T19:19:26+08:00,DATA_AND_RESEARCH_EVIDENCE_ONLY,NONE
601059.SH,SH_MAIN,1,0.342046,6,4,2,0,VALID,,,2026-08-31T19:19:32+08:00,DATA_AND_RESEARCH_EVIDENCE_ONLY,NONE
601061.SH,SH_MAIN,1,0.268627,6,5,1,0,VALID,,,2026-08-31T19:19:37+08:00,DATA_AND_RESEARCH_EVIDENCE_ONLY,NONE
601065.SH,SH_MAIN,1,0.41047,6,5,1,0,VALID,,,2026-08-31T19:22:27+08:00,DATA_AND_RESEARCH_EVIDENCE_ONLY,NONE
601066.SH,SH_MAIN,1,0.32636,10,8,2,0,VALID,,,2026-08-31T19:22:28+08:00,DATA_AND_RESEARCH_EVIDENCE_ONLY,NONE
601068.SH,SH_MAIN,1,0.487365,6,5,1,0,VALID,,,2026-08-31T19:20:21+08:00,DATA_AND_RESEARCH_EVIDENCE_ONLY,NONE
601069.SH,SH_MAIN,1,0.337503,15,14,1,0,VALID,,,2026-08-31T19:20:22+08:00,DATA_AND_RESEARCH_EVIDENCE_ONLY,NONE
601077.SH,SH_MAIN,1,0.336889,16,14,2,0,VALID,,,2026-08-31T19:19:37+08:00,DATA_AND_RESEARCH_EVIDENCE_ONLY,NONE
601083.SH,SH_MAIN,1,0.266099,4,3,1,0,VALID,,,2026-08-31T19:19:25+08:00,DATA_AND_RESEARCH_EVIDENCE_ONLY,NONE
601086.SH,SH_MAIN,1,0.297758,4,3,1,0,VALID,,,2026-08-31T19:22:45+08:00,DATA_AND_RESEARCH_EVIDENCE_ONLY,NONE
601088.SH,SH_MAIN,1,0.280692,9,8,1,0,VALID,,,2026-08-31T19:23:49+08:00,DATA_AND_RESEARCH_EVIDENCE_ONLY,NONE
601089.SH,SH_MAIN,1,0.256829,4,3,1,0,VALID,,,2026-08-31T19:22:44+08:00,DATA_AND_RESEARCH_EVIDENCE_ONLY,NONE
601096.SH,SH_MAIN,1,0.290835,5,4,1,0,VALID,,,2026-08-31T19:22:45+08:00,DATA_AND_RESEARCH_EVIDENCE_ONLY,NONE
601098.SH,SH_MAIN,1,0.41227,6,5,1,0,VALID,,,2026-08-31T19:19:32+08:00,DATA_AND_RESEARCH_EVIDENCE_ONLY,NONE
601099.SH,SH_MAIN,1,0.407292,16,13,3,0,VALID,,,2026-08-31T19:22:46+08:00,DATA_AND_RESEARCH_EVIDENCE_ONLY,NONE
601100.SH,SH_MAIN,1,0.365663,11,10,1,0,VALID,,,2026-08-31T19:19:21+08:00,DATA_AND_RESEARCH_EVIDENCE_ONLY,NONE
601101.SH,SH_MAIN,1,0.40134,13,9,4,0,VALID,,,2026-08-31T19:19:33+08:00,DATA_AND_RESEARCH_EVIDENCE_ONLY,NONE
601106.SH,SH_MAIN,1,0.299135,9,8,1,0,VALID,,,2026-08-31T19:22:37+08:00,DATA_AND_RESEARCH_EVIDENCE_ONLY,NONE
601107.SH,SH_MAIN,1,0.30299,6,5,1,0,VALID,,,2026-08-31T19:23:49+08:00,DATA_AND_RESEARCH_EVIDENCE_ONLY,NONE
601108.SH,SH_MAIN,1,0.290698,31,27,4,0,VALID,,,2026-08-31T19:22:28+08:00,DATA_AND_RESEARCH_EVIDENCE_ONLY,NONE
601111.SH,SH_MAIN,1,0.297688,25,24,1,0,VALID,,,2026-08-31T19:19:18+08:00,DATA_AND_RESEARCH_EVIDENCE_ONLY,NONE
601112.SH,SH_MAIN,1,0.278574,4,3,1,0,VALID,,,2026-08-31T19:19:38+08:00,DATA_AND_RESEARCH_EVIDENCE_ONLY,NONE
601113.SH,SH_MAIN,1,0.272162,19,18,1,0,VALID,,,2026-08-31T19:22:45+08:00,DATA_AND_RESEARCH_EVIDENCE_ONLY,NONE
601116.SH,SH_MAIN,1,0.315176,7,6,1,0,VALID,,,2026-08-31T19:19:21+08:00,DATA_AND_RESEARCH_EVIDENCE_ONLY,NONE
601117.SH,SH_MAIN,1,0.343402,21,20,1,0,VALID,,,2026-08-31T19:23:49+08:00,DATA_AND_RESEARCH_EVIDENCE_ONLY,NONE
601118.SH,SH_MAIN,1,0.313797,13,11,2,0,VALID,,,2026-08-31T19:22:48+08:00,DATA_AND_RESEARCH_EVIDENCE_ONLY,NONE
601121.SH,SH_MAIN,1,0.387481,14,12,2,0,VALID,,,2026-08-31T19:22:38+08:00,DATA_AND_RESEARCH_EVIDENCE_ONLY,NONE
601126.SH,SH_MAIN,1,0.298059,32,31,1,0,VALID,,,2026-08-31T19:22:29+08:00,DATA_AND_RESEARCH_EVIDENCE_ONLY,NONE
601127.SH,SH_MAIN,1,0.329881,56,55,1,0,VALID,,,2026-08-31T19:19:33+08:00,DATA_AND_RESEARCH_EVIDENCE_ONLY,NONE
601128.SH,SH_MAIN,1,0.435196,47,45,2,0,VALID,,,2026-08-31T19:19:34+08:00,DATA_AND_RESEARCH_EVIDENCE_ONLY,NONE
601133.SH,SH_MAIN,1,0.264676,13,12,1,1,VALID,,,2026-08-31T19:19:25+08:00,DATA_AND_RESEARCH_EVIDENCE_ONLY,NONE
601136.SH,SH_MAIN,1,0.29499,7,4,3,0,VALID,,,2026-08-31T19:22:38+08:00,DATA_AND_RESEARCH_EVIDENCE_ONLY,NONE
601137.SH,SH_MAIN,1,0.320347,41,40,1,0,VALID,,,2026-08-31T19:19:38+08:00,DATA_AND_RESEARCH_EVIDENCE_ONLY,NONE
601138.SH,SH_MAIN,1,0.303872,63,62,1,0,VALID,,,2026-08-31T19:23:20+08:00,DATA_AND_RESEARCH_EVIDENCE_ONLY,NONE
601139.SH,SH_MAIN,1,0.412583,52,51,1,0,VALID,,,2026-08-31T19:20:22+08:00,DATA_AND_RESEARCH_EVIDENCE_ONLY,NONE
601155.SH,SH_MAIN,1,0.295104,22,22,0,0,VALID,,,2026-08-31T19:19:25+08:00,DATA_AND_RESEARCH_EVIDENCE_ONLY,NONE
601156.SH,SH_MAIN,1,0.370259,4,3,1,0,VALID,,,2026-08-31T19:19:21+08:00,DATA_AND_RESEARCH_EVIDENCE_ONLY,NONE
601158.SH,SH_MAIN,1,0.311733,11,10,1,0,VALID,,,2026-08-31T19:19:34+08:00,DATA_AND_RESEARCH_EVIDENCE_ONLY,NONE
601162.SH,SH_MAIN,1,0.327309,15,10,5,0,VALID,,,2026-08-31T19:23:00+08:00,DATA_AND_RESEARCH_EVIDENCE_ONLY,NONE
601163.SH,SH_MAIN,1,0.325376,6,3,3,0,VALID,,,2026-08-31T19:20:22+08:00,DATA_AND_RESEARCH_EVIDENCE_ONLY,NONE
601166.SH,SH_MAIN,1,0.380332,44,40,4,0,VALID,,,2026-08-31T19:19:35+08:00,DATA_AND_RESEARCH_EVIDENCE_ONLY,NONE
601168.SH,SH_MAIN,1,0.298933,8,5,3,0,VALID,,,2026-08-31T19:22:38+08:00,DATA_AND_RESEARCH_EVIDENCE_ONLY,NONE
601169.SH,SH_MAIN,1,0.374113,18,17,1,0,VALID,,,2026-08-31T19:19:22+08:00,DATA_AND_RESEARCH_EVIDENCE_ONLY,NONE
601177.SH,SH_MAIN,1,0.360591,9,8,1,0,VALID,,,2026-08-31T19:19:26+08:00,DATA_AND_RESEARCH_EVIDENCE_ONLY,NONE
601179.SH,SH_MAIN,1,0.289348,8,6,2,0,VALID,,,2026-08-31T19:22:29+08:00,DATA_AND_RESEARCH_EVIDENCE_ONLY,NONE
601186.SH,SH_MAIN,1,0.29382,10,9,1,0,VALID,,,2026-08-31T19:22:46+08:00,DATA_AND_RESEARCH_EVIDENCE_ONLY,NONE
601187.SH,SH_MAIN,1,0.468441,14,8,6,0,VALID,,,2026-08-31T19:19:34+08:00,DATA_AND_RESEARCH_EVIDENCE_ONLY,NONE
601188.SH,SH_MAIN,1,0.349204,6,6,0,0,VALID,,,2026-08-31T19:22:45+08:00,DATA_AND_RESEARCH_EVIDENCE_ONLY,NONE
601198.SH,SH_MAIN,1,0.300934,11,9,2,0,VALID,,,2026-08-31T19:23:20+08:00,DATA_AND_RESEARCH_EVIDENCE_ONLY,NONE
601199.SH,SH_MAIN,1,0.416739,13,12,1,0,VALID,,,2026-08-31T19:20:23+08:00,DATA_AND_RESEARCH_EVIDENCE_ONLY,NONE
601200.SH,SH_MAIN,1,0.294975,15,15,0,0,VALID,,,2026-08-31T19:22:39+08:00,DATA_AND_RESEARCH_EVIDENCE_ONLY,NONE
601208.SH,SH_MAIN,1,0.263202,36,35,1,0,VALID,,,2026-08-31T19:19:22+08:00,DATA_AND_RESEARCH_EVIDENCE_ONLY,NONE
601211.SH,SH_MAIN,1,0.430646,70,65,5,0,VALID,,,2026-08-31T19:19:18+08:00,DATA_AND_RESEARCH_EVIDENCE_ONLY,NONE
601212.SH,SH_MAIN,1,0.357256,8,7,1,0,VALID,,,2026-08-31T19:19:35+08:00,DATA_AND_RESEARCH_EVIDENCE_ONLY,NONE
601216.SH,SH_MAIN,1,0.297403,12,11,1,0,VALID,,,2026-08-31T19:23:21+08:00,DATA_AND_RESEARCH_EVIDENCE_ONLY,NONE
601218.SH,SH_MAIN,1,0.313303,16,15,1,0,VALID,,,2026-08-31T19:19:35+08:00,DATA_AND_RESEARCH_EVIDENCE_ONLY,NONE
601222.SH,SH_MAIN,1,0.267828,51,50,1,0,VALID,,,2026-08-31T19:19:26+08:00,DATA_AND_RESEARCH_EVIDENCE_ONLY,NONE
601225.SH,SH_MAIN,1,0.371033,5,4,1,0,VALID,,,2026-08-31T19:22:49+08:00,DATA_AND_RESEARCH_EVIDENCE_ONLY,NONE
601226.SH,SH_MAIN,1,0.379908,13,12,1,0,VALID,,,2026-08-31T19:19:26+08:00,DATA_AND_RESEARCH_EVIDENCE_ONLY,NONE
601228.SH,SH_MAIN,1,0.28829,7,6,1,0,VALID,,,2026-08-31T19:19:19+08:00,DATA_AND_RESEARCH_EVIDENCE_ONLY,NONE
601229.SH,SH_MAIN,1,0.55183,54,42,12,0,VALID,,,2026-08-31T19:23:00+08:00,DATA_AND_RESEARCH_EVIDENCE_ONLY,NONE
601231.SH,SH_MAIN,1,0.305811,59,57,2,0,VALID,,,2026-08-31T19:22:29+08:00,DATA_AND_RESEARCH_EVIDENCE_ONLY,NONE
601233.SH,SH_MAIN,1,0.341399,33,32,1,0,VALID,,,2026-08-31T19:23:01+08:00,DATA_AND_RESEARCH_EVIDENCE_ONLY,NONE
601236.SH,SH_MAIN,1,0.33236,7,5,2,0,VALID,,,2026-08-31T19:19:27+08:00,DATA_AND_RESEARCH_EVIDENCE_ONLY,NONE
601238.SH,SH_MAIN,1,0.280517,111,106,5,0,VALID,,,2026-08-31T19:20:23+08:00,DATA_AND_RESEARCH_EVIDENCE_ONLY,NONE
601279.SH,SH_MAIN,1,0.292904,7,6,1,0,VALID,,,2026-08-31T19:22:46+08:00,DATA_AND_RESEARCH_EVIDENCE_ONLY,NONE
601288.SH,SH_MAIN,1,0.309556,16,13,3,0,VALID,,,2026-08-31T19:19:38+08:00,DATA_AND_RESEARCH_EVIDENCE_ONLY,NONE
601298.SH,SH_MAIN,1,0.296907,4,3,1,0,VALID,,,2026-08-31T19:22:29+08:00,DATA_AND_RESEARCH_EVIDENCE_ONLY,NONE
601311.SH,SH_MAIN,1,0.349292,25,24,1,0,VALID,,,2026-08-31T19:23:50+08:00,DATA_AND_RESEARCH_EVIDENCE_ONLY,NONE
601318.SH,SH_MAIN,1,0.267127,18,17,1,0,VALID,,,2026-08-31T19:22:45+08:00,DATA_AND_RESEARCH_EVIDENCE_ONLY,NONE
601319.SH,SH_MAIN,1,0.357375,6,5,1,0,VALID,,,2026-08-31T19:23:01+08:00,DATA_AND_RESEARCH_EVIDENCE_ONLY,NONE
601326.SH,SH_MAIN,1,0.362824,4,3,1,0,VALID,,,2026-08-31T19:19:22+08:00,DATA_AND_RESEARCH_EVIDENCE_ONLY,NONE
601328.SH,SH_MAIN,1,0.30112,21,14,7,0,VALID,,,2026-08-31T19:22:30+08:00,DATA_AND_RESEARCH_EVIDENCE_ONLY,NONE
601330.SH,SH_MAIN,1,0.295596,45,44,1,0,VALID,,,2026-08-31T19:23:21+08:00,DATA_AND_RESEARCH_EVIDENCE_ONLY,NONE
601333.SH,SH_MAIN,1,0.410431,7,6,1,0,VALID,,,2026-08-31T19:22:39+08:00,DATA_AND_RESEARCH_EVIDENCE_ONLY,NONE
601336.SH,SH_MAIN,1,0.336907,8,7,1,0,VALID,,,2026-08-31T19:23:01+08:00,DATA_AND_RESEARCH_EVIDENCE_ONLY,NONE
601339.SH,SH_MAIN,1,0.286441,12,11,1,0,VALID,,,2026-08-31T19:23:21+08:00,DATA_AND_RESEARCH_EVIDENCE_ONLY,NONE
601360.SH,SH_MAIN,1,0.275708,26,25,1,0,VALID,,,2026-08-31T19:20:24+08:00,DATA_AND_RESEARCH_EVIDENCE_ONLY,NONE
601366.SH,SH_MAIN,1,0.27533,33,32,1,0,VALID,,,2026-08-31T19:19:39+08:00,DATA_AND_RESEARCH_EVIDENCE_ONLY,NONE
601368.SH,SH_MAIN,1,0.689466,8,6,2,0,VALID,,,2026-08-31T19:23:50+08:00,DATA_AND_RESEARCH_EVIDENCE_ONLY,NONE
601369.SH,SH_MAIN,1,0.327082,30,29,1,0,VALID,,,2026-08-31T19:19:23+08:00,DATA_AND_RESEARCH_EVIDENCE_ONLY,NONE
601375.SH,SH_MAIN,1,0.278188,10,6,4,0,VALID,,,2026-08-31T19:19:39+08:00,DATA_AND_RESEARCH_EVIDENCE_ONLY,NONE
601377.SH,SH_MAIN,1,0.324363,26,21,5,0,VALID,,,2026-08-31T19:23:51+08:00,DATA_AND_RESEARCH_EVIDENCE_ONLY,NONE
601388.SH,SH_MAIN,1,0.341064,19,18,1,0,VALID,,,2026-08-31T19:22:49+08:00,DATA_AND_RESEARCH_EVIDENCE_ONLY,NONE
601390.SH,SH_MAIN,1,0.366918,27,26,1,0,VALID,,,2026-08-31T19:19:39+08:00,DATA_AND_RESEARCH_EVIDENCE_ONLY,NONE
601398.SH,SH_MAIN,1,0.273809,46,45,1,0,VALID,,,2026-08-31T19:19:40+08:00,DATA_AND_RESEARCH_EVIDENCE_ONLY,NONE
601399.SH,SH_MAIN,1,0.346514,16,13,3,0,VALID,,,2026-08-31T19:19:35+08:00,DATA_AND_RESEARCH_EVIDENCE_ONLY,NONE
601456.SH,SH_MAIN,1,0.275226,17,12,5,0,VALID,,,2026-08-31T19:20:24+08:00,DATA_AND_RESEARCH_EVIDENCE_ONLY,NONE
601500.SH,SH_MAIN,1,0.343701,19,18,1,0,VALID,,,2026-08-31T19:22:47+08:00,DATA_AND_RESEARCH_EVIDENCE_ONLY,NONE
601512.SH,SH_MAIN,1,0.384646,5,3,2,0,VALID,,,2026-08-31T19:22:49+08:00,DATA_AND_RESEARCH_EVIDENCE_ONLY,NONE
601515.SH,SH_MAIN,1,0.317398,41,40,1,0,VALID,,,2026-08-31T19:19:40+08:00,DATA_AND_RESEARCH_EVIDENCE_ONLY,NONE
601518.SH,SH_MAIN,1,0.520099,6,6,0,0,VALID,,,2026-08-31T19:19:40+08:00,DATA_AND_RESEARCH_EVIDENCE_ONLY,NONE
601519.SH,SH_MAIN,1,0.318076,17,16,1,0,VALID,,,2026-08-31T19:20:24+08:00,DATA_AND_RESEARCH_EVIDENCE_ONLY,NONE
601528.SH,SH_MAIN,1,0.289876,17,11,6,0,VALID,,,2026-08-31T19:23:22+08:00,DATA_AND_RESEARCH_EVIDENCE_ONLY,NONE
601555.SH,SH_MAIN,1,0.280951,18,14,4,0,VALID,,,2026-08-31T19:22:47+08:00,DATA_AND_RESEARCH_EVIDENCE_ONLY,NONE
601566.SH,SH_MAIN,1,0.493451,13,12,1,0,VALID,,,2026-08-31T19:19:19+08:00,DATA_AND_RESEARCH_EVIDENCE_ONLY,NONE
601567.SH,SH_MAIN,1,0.312879,49,48,1,0,VALID,,,2026-08-31T19:22:47+08:00,DATA_AND_RESEARCH_EVIDENCE_ONLY,NONE
601568.SH,SH_MAIN,1,0.331358,8,7,1,0,VALID,,,2026-08-31T19:22:46+08:00,DATA_AND_RESEARCH_EVIDENCE_ONLY,NONE
601577.SH,SH_MAIN,1,0.297498,19,8,11,0,VALID,,,2026-08-31T19:22:30+08:00,DATA_AND_RESEARCH_EVIDENCE_ONLY,NONE
601579.SH,SH_MAIN,1,0.295172,7,6,1,0,VALID,,,2026-08-31T19:19:35+08:00,DATA_AND_RESEARCH_EVIDENCE_ONLY,NONE
601588.SH,SH_MAIN,1,0.305269,5,4,1,0,VALID,,,2026-08-31T19:22:39+08:00,DATA_AND_RESEARCH_EVIDENCE_ONLY,NONE
601595.SH,SH_MAIN,1,0.463193,5,4,1,0,VALID,,,2026-08-31T19:23:02+08:00,DATA_AND_RESEARCH_EVIDENCE_ONLY,NONE
601598.SH,SH_MAIN,1,0.29536,11,11,0,0,VALID,,,2026-08-31T19:23:51+08:00,DATA_AND_RESEARCH_EVIDENCE_ONLY,NONE
601599.SH,SH_MAIN,1,0.335597,29,28,1,0,VALID,,,2026-08-31T19:19:41+08:00,DATA_AND_RESEARCH_EVIDENCE_ONLY,NONE
601600.SH,SH_MAIN,1,0.362907,26,21,5,0,VALID,,,2026-08-31T19:19:23+08:00,DATA_AND_RESEARCH_EVIDENCE_ONLY,NONE
601601.SH,SH_MAIN,1,0.318431,17,16,1,0,VALID,,,2026-08-31T19:19:27+08:00,DATA_AND_RESEARCH_EVIDENCE_ONLY,NONE
601606.SH,SH_MAIN,1,0.629227,5,4,1,0,VALID,,,2026-08-31T19:22:46+08:00,DATA_AND_RESEARCH_EVIDENCE_ONLY,NONE
601607.SH,SH_MAIN,1,0.318532,52,51,1,0,VALID,,,2026-08-31T19:19:35+08:00,DATA_AND_RESEARCH_EVIDENCE_ONLY,NONE
601608.SH,SH_MAIN,1,0.266595,16,15,1,0,VALID,,,2026-08-31T19:19:26+08:00,DATA_AND_RESEARCH_EVIDENCE_ONLY,NONE
601609.SH,SH_MAIN,1,0.284385,52,51,1,0,VALID,,,2026-08-31T19:19:27+08:00,DATA_AND_RESEARCH_EVIDENCE_ONLY,NONE
601611.SH,SH_MAIN,1,0.299931,37,36,1,0,VALID,,,2026-08-31T19:22:30+08:00,DATA_AND_RESEARCH_EVIDENCE_ONLY,NONE
601615.SH,SH_MAIN,1,0.304775,45,36,9,0,VALID,,,2026-08-31T19:23:51+08:00,DATA_AND_RESEARCH_EVIDENCE_ONLY,NONE
601616.SH,SH_MAIN,1,0.283602,11,10,1,0,VALID,,,2026-08-31T19:19:36+08:00,DATA_AND_RESEARCH_EVIDENCE_ONLY,NONE
601618.SH,SH_MAIN,1,0.357251,14,13,1,0,VALID,,,2026-08-31T19:23:02+08:00,DATA_AND_RESEARCH_EVIDENCE_ONLY,NONE
601619.SH,SH_MAIN,1,0.305454,59,58,1,0,VALID,,,2026-08-31T19:19:19+08:00,DATA_AND_RESEARCH_EVIDENCE_ONLY,NONE
601628.SH,SH_MAIN,1,0.366742,5,4,1,0,VALID,,,2026-08-31T19:22:50+08:00,DATA_AND_RESEARCH_EVIDENCE_ONLY,NONE
601633.SH,SH_MAIN,1,0.68444,152,151,1,0,VALID,,,2026-08-31T19:23:52+08:00,DATA_AND_RESEARCH_EVIDENCE_ONLY,NONE
601636.SH,SH_MAIN,1,0.298885,83,82,1,0,VALID,,,2026-08-31T19:22:40+08:00,DATA_AND_RESEARCH_EVIDENCE_ONLY,NONE
601658.SH,SH_MAIN,1,0.300972,12,10,2,0,VALID,,,2026-08-31T19:22:40+08:00,DATA_AND_RESEARCH_EVIDENCE_ONLY,NONE
601665.SH,SH_MAIN,1,0.304669,40,30,10,0,VALID,,,2026-08-31T19:22:48+08:00,DATA_AND_RESEARCH_EVIDENCE_ONLY,NONE
601666.SH,SH_MAIN,1,0.777981,41,40,1,0,VALID,,,2026-08-31T19:23:22+08:00,DATA_AND_RESEARCH_EVIDENCE_ONLY,NONE
601668.SH,SH_MAIN,1,0.302252,39,38,1,0,VALID,,,2026-08-31T19:19:20+08:00,DATA_AND_RESEARCH_EVIDENCE_ONLY,NONE
601669.SH,SH_MAIN,1,0.331089,16,14,2,0,VALID,,,2026-08-31T19:20:24+08:00,DATA_AND_RESEARCH_EVIDENCE_ONLY,NONE
601677.SH,SH_MAIN,1,0.306278,60,59,1,0,VALID,,,2026-08-31T19:22:40+08:00,DATA_AND_RESEARCH_EVIDENCE_ONLY,NONE
601678.SH,SH_MAIN,1,0.324298,25,24,1,0,VALID,,,2026-08-31T19:22:31+08:00,DATA_AND_RESEARCH_EVIDENCE_ONLY,NONE
601686.SH,SH_MAIN,1,0.295169,50,48,2,0,VALID,,,2026-08-31T19:22:31+08:00,DATA_AND_RESEARCH_EVIDENCE_ONLY,NONE
601688.SH,SH_MAIN,1,0.37287,31,22,9,0,VALID,,,2026-08-31T19:19:24+08:00,DATA_AND_RESEARCH_EVIDENCE_ONLY,NONE
601689.SH,SH_MAIN,1,0.318044,23,22,1,0,VALID,,,2026-08-31T19:22:46+08:00,DATA_AND_RESEARCH_EVIDENCE_ONLY,NONE
601696.SH,SH_MAIN,1,0.259657,6,4,2,0,VALID,,,2026-08-31T19:20:25+08:00,DATA_AND_RESEARCH_EVIDENCE_ONLY,NONE
601698.SH,SH_MAIN,1,0.288395,7,6,1,0,VALID,,,2026-08-31T19:19:20+08:00,DATA_AND_RESEARCH_EVIDENCE_ONLY,NONE
601699.SH,SH_MAIN,1,0.280708,8,7,1,0,VALID,,,2026-08-31T19:19:41+08:00,DATA_AND_RESEARCH_EVIDENCE_ONLY,NONE
601700.SH,SH_MAIN,1,0.331689,23,22,1,0,VALID,,,2026-08-31T19:22:47+08:00,DATA_AND_RESEARCH_EVIDENCE_ONLY,NONE
601702.SH,SH_MAIN,1,0.389576,4,3,1,0,VALID,,,2026-08-31T19:22:50+08:00,DATA_AND_RESEARCH_EVIDENCE_ONLY,NONE
601717.SH,SH_MAIN,1,0.445284,27,26,1,0,VALID,,,2026-08-31T19:20:25+08:00,DATA_AND_RESEARCH_EVIDENCE_ONLY,NONE
601718.SH,SH_MAIN,1,0.366708,8,7,1,0,VALID,,,2026-08-31T19:19:28+08:00,DATA_AND_RESEARCH_EVIDENCE_ONLY,NONE
601727.SH,SH_MAIN,1,0.349808,61,58,3,0,VALID,,,2026-08-31T19:22:51+08:00,DATA_AND_RESEARCH_EVIDENCE_ONLY,NONE
601728.SH,SH_MAIN,1,0.321191,8,6,2,0,VALID,,,2026-08-31T19:22:47+08:00,DATA_AND_RESEARCH_EVIDENCE_ONLY,NONE
601766.SH,SH_MAIN,1,0.499991,16,15,1,0,VALID,,,2026-08-31T19:23:03+08:00,DATA_AND_RESEARCH_EVIDENCE_ONLY,NONE
601777.SH,SH_MAIN,1,0.588098,32,31,1,0,VALID,,,2026-08-31T19:19:28+08:00,DATA_AND_RESEARCH_EVIDENCE_ONLY,NONE
601778.SH,SH_MAIN,1,0.336518,63,61,2,0,VALID,,,2026-08-31T19:20:25+08:00,DATA_AND_RESEARCH_EVIDENCE_ONLY,NONE
601788.SH,SH_MAIN,1,0.407695,17,11,6,0,VALID,,,2026-08-31T19:22:48+08:00,DATA_AND_RESEARCH_EVIDENCE_ONLY,NONE
601789.SH,SH_MAIN,1,0.274487,21,20,1,0,VALID,,,2026-08-31T19:19:41+08:00,DATA_AND_RESEARCH_EVIDENCE_ONLY,NONE
601798.SH,SH_MAIN,1,0.362214,8,7,1,0,VALID,,,2026-08-31T19:19:36+08:00,DATA_AND_RESEARCH_EVIDENCE_ONLY,NONE
601799.SH,SH_MAIN,1,0.361839,26,25,1,0,VALID,,,2026-08-31T19:23:03+08:00,DATA_AND_RESEARCH_EVIDENCE_ONLY,NONE
601800.SH,SH_MAIN,1,0.548457,13,12,1,0,VALID,,,2026-08-31T19:19:29+08:00,DATA_AND_RESEARCH_EVIDENCE_ONLY,NONE
601801.SH,SH_MAIN,1,0.385218,11,10,1,0,VALID,,,2026-08-31T19:22:51+08:00,DATA_AND_RESEARCH_EVIDENCE_ONLY,NONE
601808.SH,SH_MAIN,1,0.615558,9,7,2,0,VALID,,,2026-08-31T19:19:26+08:00,DATA_AND_RESEARCH_EVIDENCE_ONLY,NONE
601811.SH,SH_MAIN,1,0.368386,4,3,1,0,VALID,,,2026-08-31T19:19:24+08:00,DATA_AND_RESEARCH_EVIDENCE_ONLY,NONE
601816.SH,SH_MAIN,1,0.427287,6,5,1,0,VALID,,,2026-08-31T19:22:47+08:00,DATA_AND_RESEARCH_EVIDENCE_ONLY,NONE
601818.SH,SH_MAIN,1,0.309088,73,66,7,0,VALID,,,2026-08-31T19:22:31+08:00,DATA_AND_RESEARCH_EVIDENCE_ONLY,NONE
601825.SH,SH_MAIN,1,0.43435,13,10,3,0,VALID,,,2026-08-31T19:19:42+08:00,DATA_AND_RESEARCH_EVIDENCE_ONLY,NONE
601827.SH,SH_MAIN,1,0.265148,5,4,1,0,VALID,,,2026-08-31T19:19:27+08:00,DATA_AND_RESEARCH_EVIDENCE_ONLY,NONE
601828.SH,SH_MAIN,1,0.376312,16,8,8,0,VALID,,,2026-08-31T19:22:48+08:00,DATA_AND_RESEARCH_EVIDENCE_ONLY,NONE
601838.SH,SH_MAIN,1,0.437736,39,32,7,0,VALID,,,2026-08-31T19:20:26+08:00,DATA_AND_RESEARCH_EVIDENCE_ONLY,NONE
601857.SH,SH_MAIN,1,0.425294,7,6,1,0,VALID,,,2026-08-31T19:22:41+08:00,DATA_AND_RESEARCH_EVIDENCE_ONLY,NONE
601858.SH,SH_MAIN,1,0.484805,4,3,1,0,VALID,,,2026-08-31T19:22:32+08:00,DATA_AND_RESEARCH_EVIDENCE_ONLY,NONE
601860.SH,SH_MAIN,1,0.342905,59,55,4,0,VALID,,,2026-08-31T19:20:26+08:00,DATA_AND_RESEARCH_EVIDENCE_ONLY,NONE
601865.SH,SH_MAIN,1,0.316313,49,47,2,0,VALID,,,2026-08-31T19:19:36+08:00,DATA_AND_RESEARCH_EVIDENCE_ONLY,NONE
601866.SH,SH_MAIN,1,0.348901,23,22,1,0,VALID,,,2026-08-31T19:20:27+08:00,DATA_AND_RESEARCH_EVIDENCE_ONLY,NONE
601868.SH,SH_MAIN,1,0.370237,6,5,1,0,VALID,,,2026-08-31T19:22:48+08:00,DATA_AND_RESEARCH_EVIDENCE_ONLY,NONE
601869.SH,SH_MAIN,1,0.469637,6,5,1,0,VALID,,,2026-08-31T19:19:36+08:00,DATA_AND_RESEARCH_EVIDENCE_ONLY,NONE
601872.SH,SH_MAIN,1,0.28312,25,24,1,0,VALID,,,2026-08-31T19:22:48+08:00,DATA_AND_RESEARCH_EVIDENCE_ONLY,NONE
601877.SH,SH_MAIN,1,0.305311,32,31,1,0,VALID,,,2026-08-31T19:23:52+08:00,DATA_AND_RESEARCH_EVIDENCE_ONLY,NONE
601878.SH,SH_MAIN,1,0.304562,41,37,4,1,VALID,,,2026-08-31T19:19:20+08:00,DATA_AND_RESEARCH_EVIDENCE_ONLY,NONE
601880.SH,SH_MAIN,1,0.322665,14,13,1,0,VALID,,,2026-08-31T19:19:37+08:00,DATA_AND_RESEARCH_EVIDENCE_ONLY,NONE
601881.SH,SH_MAIN,1,0.330212,26,23,3,0,VALID,,,2026-08-31T19:19:24+08:00,DATA_AND_RESEARCH_EVIDENCE_ONLY,NONE
601882.SH,SH_MAIN,1,0.351589,5,4,1,0,VALID,,,2026-08-31T19:23:53+08:00,DATA_AND_RESEARCH_EVIDENCE_ONLY,NONE
601886.SH,SH_MAIN,1,0.294904,11,10,1,0,VALID,,,2026-08-31T19:22:32+08:00,DATA_AND_RESEARCH_EVIDENCE_ONLY,NONE
601888.SH,SH_MAIN,1,0.333851,11,10,1,0,VALID,,,2026-08-31T19:22:41+08:00,DATA_AND_RESEARCH_EVIDENCE_ONLY,NONE
601890.SH,SH_MAIN,1,0.562872,8,7,1,0,VALID,,,2026-08-31T19:19:42+08:00,DATA_AND_RESEARCH_EVIDENCE_ONLY,NONE
601898.SH,SH_MAIN,1,0.264883,7,6,1,0,VALID,,,2026-08-31T19:19:27+08:00,DATA_AND_RESEARCH_EVIDENCE_ONLY,NONE
601899.SH,SH_MAIN,1,0.393193,45,38,7,0,VALID,,,2026-08-31T19:19:37+08:00,DATA_AND_RESEARCH_EVIDENCE_ONLY,NONE
601900.SH,SH_MAIN,1,0.302208,8,7,1,0,VALID,,,2026-08-31T19:22:41+08:00,DATA_AND_RESEARCH_EVIDENCE_ONLY,NONE
601901.SH,SH_MAIN,1,0.293382,20,13,7,0,VALID,,,2026-08-31T19:19:29+08:00,DATA_AND_RESEARCH_EVIDENCE_ONLY,NONE
601908.SH,SH_MAIN,1,0.372323,24,17,7,0,VALID,,,2026-08-31T19:23:03+08:00,DATA_AND_RESEARCH_EVIDENCE_ONLY,NONE
601916.SH,SH_MAIN,1,0.263889,19,8,11,0,VALID,,,2026-08-31T19:19:43+08:00,DATA_AND_RESEARCH_EVIDENCE_ONLY,NONE
601918.SH,SH_MAIN,1,0.412691,7,6,1,0,VALID,,,2026-08-31T19:23:04+08:00,DATA_AND_RESEARCH_EVIDENCE_ONLY,NONE
601919.SH,SH_MAIN,1,0.332408,73,70,3,0,VALID,,,2026-08-31T19:22:49+08:00,DATA_AND_RESEARCH_EVIDENCE_ONLY,NONE
601921.SH,SH_MAIN,1,0.549567,4,3,1,0,VALID,,,2026-08-31T19:23:53+08:00,DATA_AND_RESEARCH_EVIDENCE_ONLY,NONE
601928.SH,SH_MAIN,1,0.259423,7,6,1,0,VALID,,,2026-08-31T19:19:28+08:00,DATA_AND_RESEARCH_EVIDENCE_ONLY,NONE
601929.SH,SH_MAIN,1,0.340198,33,31,2,0,VALID,,,2026-08-31T19:23:04+08:00,DATA_AND_RESEARCH_EVIDENCE_ONLY,NONE
601933.SH,SH_MAIN,1,0.357382,23,22,1,0,VALID,,,2026-08-31T19:19:29+08:00,DATA_AND_RESEARCH_EVIDENCE_ONLY,NONE
601939.SH,SH_MAIN,1,0.298124,10,9,1,0,VALID,,,2026-08-31T19:22:32+08:00,DATA_AND_RESEARCH_EVIDENCE_ONLY,NONE
601949.SH,SH_MAIN,1,0.356504,6,5,1,0,VALID,,,2026-08-31T19:23:53+08:00,DATA_AND_RESEARCH_EVIDENCE_ONLY,NONE
601952.SH,SH_MAIN,1,0.373669,5,4,1,0,VALID,,,2026-08-31T19:19:30+08:00,DATA_AND_RESEARCH_EVIDENCE_ONLY,NONE
601956.SH,SH_MAIN,1,0.315005,12,12,0,0,VALID,,,2026-08-31T19:19:25+08:00,DATA_AND_RESEARCH_EVIDENCE_ONLY,NONE
601958.SH,SH_MAIN,1,0.311368,7,6,1,0,VALID,,,2026-08-31T19:19:37+08:00,DATA_AND_RESEARCH_EVIDENCE_ONLY,NONE
601963.SH,SH_MAIN,1,0.394166,64,55,9,0,VALID,,,2026-08-31T19:19:37+08:00,DATA_AND_RESEARCH_EVIDENCE_ONLY,NONE
601965.SH,SH_MAIN,1,0.298917,33,32,1,0,VALID,,,2026-08-31T19:22:49+08:00,DATA_AND_RESEARCH_EVIDENCE_ONLY,NONE
601966.SH,SH_MAIN,1,0.299889,32,31,1,0,VALID,,,2026-08-31T19:22:42+08:00,DATA_AND_RESEARCH_EVIDENCE_ONLY,NONE
601968.SH,SH_MAIN,1,0.311137,13,12,1,0,VALID,,,2026-08-31T19:19:28+08:00,DATA_AND_RESEARCH_EVIDENCE_ONLY,NONE
601969.SH,SH_MAIN,1,0.409363,25,24,1,0,VALID,,,2026-08-31T19:19:38+08:00,DATA_AND_RESEARCH_EVIDENCE_ONLY,NONE
601975.SH,SH_MAIN,1,0.329347,35,35,0,0,VALID,,,2026-08-31T19:22:33+08:00,DATA_AND_RESEARCH_EVIDENCE_ONLY,NONE
601985.SH,SH_MAIN,1,0.470097,33,28,5,0,VALID,,,2026-08-31T19:19:25+08:00,DATA_AND_RESEARCH_EVIDENCE_ONLY,NONE
601988.SH,SH_MAIN,1,0.294711,40,38,2,0,VALID,,,2026-08-31T19:22:33+08:00,DATA_AND_RESEARCH_EVIDENCE_ONLY,NONE
601990.SH,SH_MAIN,1,0.345095,21,16,5,0,VALID,,,2026-08-31T19:23:54+08:00,DATA_AND_RESEARCH_EVIDENCE_ONLY,NONE
601991.SH,SH_MAIN,1,0.299743,27,26,1,0,VALID,,,2026-08-31T19:22:42+08:00,DATA_AND_RESEARCH_EVIDENCE_ONLY,NONE
601992.SH,SH_MAIN,1,0.274925,18,14,4,0,VALID,,,2026-08-31T19:19:43+08:00,DATA_AND_RESEARCH_EVIDENCE_ONLY,NONE
601995.SH,SH_MAIN,1,0.363648,9,6,3,0,VALID,,,2026-08-31T19:23:05+08:00,DATA_AND_RESEARCH_EVIDENCE_ONLY,NONE
601996.SH,SH_MAIN,1,0.373585,18,17,1,0,VALID,,,2026-08-31T19:19:25+08:00,DATA_AND_RESEARCH_EVIDENCE_ONLY,NONE
601997.SH,SH_MAIN,1,0.302151,21,14,7,0,VALID,,,2026-08-31T19:19:30+08:00,DATA_AND_RESEARCH_EVIDENCE_ONLY,NONE
601998.SH,SH_MAIN,1,0.406915,66,65,1,0,VALID,,,2026-08-31T19:22:42+08:00,DATA_AND_RESEARCH_EVIDENCE_ONLY,NONE
601999.SH,SH_MAIN,1,0.292628,5,4,1,0,VALID,,,2026-08-31T19:23:23+08:00,DATA_AND_RESEARCH_EVIDENCE_ONLY,NONE
603000.SH,SH_MAIN,1,0.327815,10,9,1,0,VALID,,,2026-08-31T19:20:27+08:00,DATA_AND_RESEARCH_EVIDENCE_ONLY,NONE
603001.SH,SH_MAIN,1,0.294974,5,4,1,0,VALID,,,2026-08-31T19:22:33+08:00,DATA_AND_RESEARCH_EVIDENCE_ONLY,NONE
603002.SH,SH_MAIN,1,0.360247,23,22,1,0,VALID,,,2026-08-31T19:19:37+08:00,DATA_AND_RESEARCH_EVIDENCE_ONLY,NONE
603004.SH,SH_MAIN,1,0.41435,4,3,1,0,VALID,,,2026-08-31T19:19:30+08:00,DATA_AND_RESEARCH_EVIDENCE_ONLY,NONE
603005.SH,SH_MAIN,1,0.29978,24,22,2,0,VALID,,,2026-08-31T19:22:43+08:00,DATA_AND_RESEARCH_EVIDENCE_ONLY,NONE
603006.SH,SH_MAIN,1,0.315957,22,21,1,0,VALID,,,2026-08-31T19:19:38+08:00,DATA_AND_RESEARCH_EVIDENCE_ONLY,NONE
603007.SH,SH_MAIN,1,0.30393,30,29,1,0,VALID,,,2026-08-31T19:19:31+08:00,DATA_AND_RESEARCH_EVIDENCE_ONLY,NONE
603008.SH,SH_MAIN,1,0.378474,16,15,1,0,VALID,,,2026-08-31T19:19:31+08:00,DATA_AND_RESEARCH_EVIDENCE_ONLY,NONE
603009.SH,SH_MAIN,1,0.380346,34,30,4,0,VALID,,,2026-08-31T19:23:05+08:00,DATA_AND_RESEARCH_EVIDENCE_ONLY,NONE
603010.SH,SH_MAIN,1,0.268032,24,23,1,0,VALID,,,2026-08-31T19:19:43+08:00,DATA_AND_RESEARCH_EVIDENCE_ONLY,NONE
603011.SH,SH_MAIN,1,0.289185,19,18,1,0,VALID,,,2026-08-31T19:22:34+08:00,DATA_AND_RESEARCH_EVIDENCE_ONLY,NONE
603012.SH,SH_MAIN,1,0.266152,14,13,1,0,VALID,,,2026-08-31T19:19:28+08:00,DATA_AND_RESEARCH_EVIDENCE_ONLY,NONE
603013.SH,SH_MAIN,1,0.30598,14,13,1,0,VALID,,,2026-08-31T19:22:43+08:00,DATA_AND_RESEARCH_EVIDENCE_ONLY,NONE
603014.SH,SH_MAIN,1,0.374051,6,5,1,0,VALID,,,2026-08-31T19:23:05+08:00,DATA_AND_RESEARCH_EVIDENCE_ONLY,NONE
603015.SH,SH_MAIN,1,0.357565,12,11,1,0,VALID,,,2026-08-31T19:19:32+08:00,DATA_AND_RESEARCH_EVIDENCE_ONLY,NONE
603016.SH,SH_MAIN,1,0.381842,6,5,1,0,VALID,,,2026-08-31T19:19:32+08:00,DATA_AND_RESEARCH_EVIDENCE_ONLY,NONE
603017.SH,SH_MAIN,1,0.297527,32,31,1,0,VALID,,,2026-08-31T19:19:26+08:00,DATA_AND_RESEARCH_EVIDENCE_ONLY,NONE
603018.SH,SH_MAIN,1,0.39317,30,29,1,0,VALID,,,2026-08-31T19:19:37+08:00,DATA_AND_RESEARCH_EVIDENCE_ONLY,NONE
603019.SH,SH_MAIN,1,0.335603,29,28,1,0,VALID,,,2026-08-31T19:22:34+08:00,DATA_AND_RESEARCH_EVIDENCE_ONLY,NONE
603020.SH,SH_MAIN,1,0.26945,9,8,1,0,VALID,,,2026-08-31T19:19:32+08:00,DATA_AND_RESEARCH_EVIDENCE_ONLY,NONE
603021.SH,SH_MAIN,1,0.296318,9,8,1,0,VALID,,,2026-08-31T19:19:38+08:00,DATA_AND_RESEARCH_EVIDENCE_ONLY,NONE
603022.SH,SH_MAIN,1,0.300776,5,4,1,0,VALID,,,2026-08-31T19:22:43+08:00,DATA_AND_RESEARCH_EVIDENCE_ONLY,NONE
603023.SH,SH_MAIN,1,0.297379,18,17,1,0,VALID,,,2026-08-31T19:19:21+08:00,DATA_AND_RESEARCH_EVIDENCE_ONLY,NONE
603025.SH,SH_MAIN,1,0.302449,25,24,1,0,VALID,,,2026-08-31T19:22:34+08:00,DATA_AND_RESEARCH_EVIDENCE_ONLY,NONE
603026.SH,SH_MAIN,1,0.335248,7,6,1,0,VALID,,,2026-08-31T19:19:38+08:00,DATA_AND_RESEARCH_EVIDENCE_ONLY,NONE
603027.SH,SH_MAIN,1,0.320755,41,40,1,0,VALID,,,2026-08-31T19:19:38+08:00,DATA_AND_RESEARCH_EVIDENCE_ONLY,NONE
603028.SH,SH_MAIN,1,0.39509,7,6,1,1,VALID,,,2026-08-31T19:23:06+08:00,DATA_AND_RESEARCH_EVIDENCE_ONLY,NONE
603029.SH,SH_MAIN,1,0.291749,6,5,1,0,VALID,,,2026-08-31T19:22:49+08:00,DATA_AND_RESEARCH_EVIDENCE_ONLY,NONE
603030.SH,SH_MAIN,1,0.307013,34,33,1,0,VALID,,,2026-08-31T19:22:49+08:00,DATA_AND_RESEARCH_EVIDENCE_ONLY,NONE
603031.SH,SH_MAIN,1,0.261893,14,13,1,0,VALID,,,2026-08-31T19:20:27+08:00,DATA_AND_RESEARCH_EVIDENCE_ONLY,NONE
603032.SH,SH_MAIN,1,0.294174,19,18,1,0,VALID,,,2026-08-31T19:23:23+08:00,DATA_AND_RESEARCH_EVIDENCE_ONLY,NONE
603033.SH,SH_MAIN,1,0.299746,16,15,1,0,VALID,,,2026-08-31T19:23:54+08:00,DATA_AND_RESEARCH_EVIDENCE_ONLY,NONE
603035.SH,SH_MAIN,1,0.290109,22,21,1,0,VALID,,,2026-08-31T19:22:50+08:00,DATA_AND_RESEARCH_EVIDENCE_ONLY,NONE
603036.SH,SH_MAIN,1,0.258215,11,10,1,0,VALID,,,2026-08-31T19:19:26+08:00,DATA_AND_RESEARCH_EVIDENCE_ONLY,NONE
603037.SH,SH_MAIN,1,0.312177,29,28,1,0,VALID,,,2026-08-31T19:19:39+08:00,DATA_AND_RESEARCH_EVIDENCE_ONLY,NONE
603038.SH,SH_MAIN,1,0.310847,20,19,1,0,VALID,,,2026-08-31T19:19:26+08:00,DATA_AND_RESEARCH_EVIDENCE_ONLY,NONE
603039.SH,SH_MAIN,1,0.333412,21,20,1,0,VALID,,,2026-08-31T19:23:06+08:00,DATA_AND_RESEARCH_EVIDENCE_ONLY,NONE
603040.SH,SH_MAIN,1,0.379053,28,27,1,0,VALID,,,2026-08-31T19:19:27+08:00,DATA_AND_RESEARCH_EVIDENCE_ONLY,NONE
603041.SH,SH_MAIN,1,0.34339,15,14,1,0,VALID,,,2026-08-31T19:22:44+08:00,DATA_AND_RESEARCH_EVIDENCE_ONLY,NONE
603042.SH,SH_MAIN,1,0.679507,12,11,1,0,VALID,,,2026-08-31T19:22:51+08:00,DATA_AND_RESEARCH_EVIDENCE_ONLY,NONE
603043.SH,SH_MAIN,1,0.390014,12,10,2,0,VALID,,,2026-08-31T19:19:38+08:00,DATA_AND_RESEARCH_EVIDENCE_ONLY,NONE
603045.SH,SH_MAIN,1,0.289574,10,10,0,0,VALID,,,2026-08-31T19:19:33+08:00,DATA_AND_RESEARCH_EVIDENCE_ONLY,NONE
603048.SH,SH_MAIN,1,0.361989,4,3,1,0,VALID,,,2026-08-31T19:22:52+08:00,DATA_AND_RESEARCH_EVIDENCE_ONLY,NONE
603049.SH,SH_MAIN,1,0.268486,7,4,3,0,VALID,,,2026-08-31T19:19:43+08:00,DATA_AND_RESEARCH_EVIDENCE_ONLY,NONE
603050.SH,SH_MAIN,1,0.305244,15,14,1,0,VALID,,,2026-08-31T19:22:50+08:00,DATA_AND_RESEARCH_EVIDENCE_ONLY,NONE
603051.SH,SH_MAIN,1,0.314462,31,29,2,0,VALID,,,2026-08-31T19:19:27+08:00,DATA_AND_RESEARCH_EVIDENCE_ONLY,NONE
603052.SH,SH_MAIN,1,0.465354,8,6,2,0,VALID,,,2026-08-31T19:19:39+08:00,DATA_AND_RESEARCH_EVIDENCE_ONLY,NONE
603053.SH,SH_MAIN,1,0.299721,4,3,1,0,VALID,,,2026-08-31T19:22:35+08:00,DATA_AND_RESEARCH_EVIDENCE_ONLY,NONE
603055.SH,SH_MAIN,1,0.313314,69,68,1,0,VALID,,,2026-08-31T19:22:44+08:00,DATA_AND_RESEARCH_EVIDENCE_ONLY,NONE
603057.SH,SH_MAIN,1,0.33677,8,7,1,0,VALID,,,2026-08-31T19:22:49+08:00,DATA_AND_RESEARCH_EVIDENCE_ONLY,NONE
603058.SH,SH_MAIN,1,0.301266,41,40,1,0,VALID,,,2026-08-31T19:22:35+08:00,DATA_AND_RESEARCH_EVIDENCE_ONLY,NONE
603059.SH,SH_MAIN,1,0.358492,10,9,1,0,VALID,,,2026-08-31T19:23:55+08:00,DATA_AND_RESEARCH_EVIDENCE_ONLY,NONE
603060.SH,SH_MAIN,1,0.369022,21,20,1,0,VALID,,,2026-08-31T19:22:52+08:00,DATA_AND_RESEARCH_EVIDENCE_ONLY,NONE
603061.SH,SH_MAIN,1,0.371251,6,5,1,0,VALID,,,2026-08-31T19:22:53+08:00,DATA_AND_RESEARCH_EVIDENCE_ONLY,NONE
603062.SH,SH_MAIN,1,0.471727,7,6,1,0,VALID,,,2026-08-31T19:20:28+08:00,DATA_AND_RESEARCH_EVIDENCE_ONLY,NONE
603063.SH,SH_MAIN,1,0.323157,41,40,1,0,VALID,,,2026-08-31T19:23:06+08:00,DATA_AND_RESEARCH_EVIDENCE_ONLY,NONE
603065.SH,SH_MAIN,1,0.288893,5,4,1,0,VALID,,,2026-08-31T19:19:39+08:00,DATA_AND_RESEARCH_EVIDENCE_ONLY,NONE
603066.SH,SH_MAIN,1,0.309533,13,12,1,0,VALID,,,2026-08-31T19:19:27+08:00,DATA_AND_RESEARCH_EVIDENCE_ONLY,NONE
603067.SH,SH_MAIN,1,0.307285,23,22,1,0,VALID,,,2026-08-31T19:22:35+08:00,DATA_AND_RESEARCH_EVIDENCE_ONLY,NONE
603068.SH,SH_MAIN,1,0.556044,10,9,1,0,VALID,,,2026-08-31T19:19:28+08:00,DATA_AND_RESEARCH_EVIDENCE_ONLY,NONE
603069.SH,SH_MAIN,1,0.314289,4,3,1,0,VALID,,,2026-08-31T19:19:44+08:00,DATA_AND_RESEARCH_EVIDENCE_ONLY,NONE
603070.SH,SH_MAIN,1,0.306676,7,5,2,0,VALID,,,2026-08-31T19:19:33+08:00,DATA_AND_RESEARCH_EVIDENCE_ONLY,NONE
603071.SH,SH_MAIN,1,0.29355,5,4,1,0,VALID,,,2026-08-31T19:22:44+08:00,DATA_AND_RESEARCH_EVIDENCE_ONLY,NONE
603072.SH,SH_MAIN,1,0.48373,5,4,1,0,VALID,,,2026-08-31T19:19:21+08:00,DATA_AND_RESEARCH_EVIDENCE_ONLY,NONE
603073.SH,SH_MAIN,1,0.348531,4,3,1,0,VALID,,,2026-08-31T19:23:55+08:00,DATA_AND_RESEARCH_EVIDENCE_ONLY,NONE
603075.SH,SH_MAIN,1,0.347294,9,8,1,0,VALID,,,2026-08-31T19:23:55+08:00,DATA_AND_RESEARCH_EVIDENCE_ONLY,NONE
603076.SH,SH_MAIN,1,0.338708,9,7,2,0,VALID,,,2026-08-31T19:19:39+08:00,DATA_AND_RESEARCH_EVIDENCE_ONLY,NONE
603077.SH,SH_MAIN,1,0.548589,29,28,1,0,VALID,,,2026-08-31T19:19:40+08:00,DATA_AND_RESEARCH_EVIDENCE_ONLY,NONE
603078.SH,SH_MAIN,1,0.518499,14,13,1,0,VALID,,,2026-08-31T19:22:49+08:00,DATA_AND_RESEARCH_EVIDENCE_ONLY,NONE
603079.SH,SH_MAIN,1,0.335763,9,8,1,0,VALID,,,2026-08-31T19:20:28+08:00,DATA_AND_RESEARCH_EVIDENCE_ONLY,NONE
603080.SH,SH_MAIN,1,0.372119,8,6,2,0,VALID,,,2026-08-31T19:23:07+08:00,DATA_AND_RESEARCH_EVIDENCE_ONLY,NONE
603081.SH,SH_MAIN,1,0.272284,30,29,1,0,VALID,,,2026-08-31T19:19:33+08:00,DATA_AND_RESEARCH_EVIDENCE_ONLY,NONE
603082.SH,SH_MAIN,1,0.32503,7,6,1,0,VALID,,,2026-08-31T19:22:50+08:00,DATA_AND_RESEARCH_EVIDENCE_ONLY,NONE
603083.SH,SH_MAIN,1,0.276741,36,35,1,0,VALID,,,2026-08-31T19:20:28+08:00,DATA_AND_RESEARCH_EVIDENCE_ONLY,NONE
603085.SH,SH_MAIN,1,0.368549,15,14,1,0,VALID,,,2026-08-31T19:19:33+08:00,DATA_AND_RESEARCH_EVIDENCE_ONLY,NONE
603086.SH,SH_MAIN,1,0.369676,15,14,1,0,VALID,,,2026-08-31T19:22:50+08:00,DATA_AND_RESEARCH_EVIDENCE_ONLY,NONE
603087.SH,SH_MAIN,1,0.485979,27,25,2,0,VALID,,,2026-08-31T19:23:07+08:00,DATA_AND_RESEARCH_EVIDENCE_ONLY,NONE
603088.SH,SH_MAIN,1,0.30666,18,17,1,0,VALID,,,2026-08-31T19:19:21+08:00,DATA_AND_RESEARCH_EVIDENCE_ONLY,NONE
603089.SH,SH_MAIN,1,0.640848,26,25,1,0,VALID,,,2026-08-31T19:23:56+08:00,DATA_AND_RESEARCH_EVIDENCE_ONLY,NONE
603090.SH,SH_MAIN,1,0.342342,4,3,1,0,VALID,,,2026-08-31T19:23:08+08:00,DATA_AND_RESEARCH_EVIDENCE_ONLY,NONE
603091.SH,SH_MAIN,1,0.32483,7,6,1,0,VALID,,,2026-08-31T19:22:50+08:00,DATA_AND_RESEARCH_EVIDENCE_ONLY,NONE
603092.SH,SH_MAIN,1,0.261656,5,3,2,0,VALID,,,2026-08-31T19:20:29+08:00,DATA_AND_RESEARCH_EVIDENCE_ONLY,NONE
603093.SH,SH_MAIN,1,0.269019,9,8,1,0,VALID,,,2026-08-31T19:20:29+08:00,DATA_AND_RESEARCH_EVIDENCE_ONLY,NONE
603095.SH,SH_MAIN,1,0.302663,6,5,1,0,VALID,,,2026-08-31T19:22:36+08:00,DATA_AND_RESEARCH_EVIDENCE_ONLY,NONE
603096.SH,SH_MAIN,1,0.311447,13,12,1,0,VALID,,,2026-08-31T19:22:53+08:00,DATA_AND_RESEARCH_EVIDENCE_ONLY,NONE
603097.SH,SH_MAIN,1,0.296557,11,10,1,0,VALID,,,2026-08-31T19:22:36+08:00,DATA_AND_RESEARCH_EVIDENCE_ONLY,NONE
603098.SH,SH_MAIN,1,0.313149,15,13,2,0,VALID,,,2026-08-31T19:19:28+08:00,DATA_AND_RESEARCH_EVIDENCE_ONLY,NONE
603099.SH,SH_MAIN,1,0.331658,7,6,1,0,VALID,,,2026-08-31T19:20:29+08:00,DATA_AND_RESEARCH_EVIDENCE_ONLY,NONE
603100.SH,SH_MAIN,1,0.527958,16,15,1,0,VALID,,,2026-08-31T19:22:51+08:00,DATA_AND_RESEARCH_EVIDENCE_ONLY,NONE
603101.SH,SH_MAIN,1,0.342159,6,5,1,0,VALID,,,2026-08-31T19:19:39+08:00,DATA_AND_RESEARCH_EVIDENCE_ONLY,NONE
603102.SH,SH_MAIN,1,0.36334,6,5,1,0,VALID,,,2026-08-31T19:19:34+08:00,DATA_AND_RESEARCH_EVIDENCE_ONLY,NONE
603103.SH,SH_MAIN,1,0.292681,4,3,1,0,VALID,,,2026-08-31T19:23:23+08:00,DATA_AND_RESEARCH_EVIDENCE_ONLY,NONE
603105.SH,SH_MAIN,1,0.274962,20,20,0,0,VALID,,,2026-08-31T19:19:34+08:00,DATA_AND_RESEARCH_EVIDENCE_ONLY,NONE
603106.SH,SH_MAIN,1,0.345141,7,6,1,0,VALID,,,2026-08-31T19:20:30+08:00,DATA_AND_RESEARCH_EVIDENCE_ONLY,NONE
603107.SH,SH_MAIN,1,0.419273,8,5,3,0,VALID,,,2026-08-31T19:19:40+08:00,DATA_AND_RESEARCH_EVIDENCE_ONLY,NONE
603108.SH,SH_MAIN,1,0.303649,40,38,2,0,VALID,,,2026-08-31T19:22:45+08:00,DATA_AND_RESEARCH_EVIDENCE_ONLY,NONE
603109.SH,SH_MAIN,1,0.294912,17,16,1,0,VALID,,,2026-08-31T19:22:45+08:00,DATA_AND_RESEARCH_EVIDENCE_ONLY,NONE
603110.SH,SH_MAIN,1,0.373841,8,7,1,0,VALID,,,2026-08-31T19:19:29+08:00,DATA_AND_RESEARCH_EVIDENCE_ONLY,NONE
603111.SH,SH_MAIN,1,0.32283,29,28,1,0,VALID,,,2026-08-31T19:19:34+08:00,DATA_AND_RESEARCH_EVIDENCE_ONLY,NONE
603112.SH,SH_MAIN,1,0.391052,37,36,1,0,VALID,,,2026-08-31T19:19:28+08:00,DATA_AND_RESEARCH_EVIDENCE_ONLY,NONE
603113.SH,SH_MAIN,1,0.382183,35,34,1,0,VALID,,,2026-08-31T19:19:40+08:00,DATA_AND_RESEARCH_EVIDENCE_ONLY,NONE
603115.SH,SH_MAIN,1,0.282532,7,6,1,0,VALID,,,2026-08-31T19:23:24+08:00,DATA_AND_RESEARCH_EVIDENCE_ONLY,NONE
603116.SH,SH_MAIN,1,0.376695,11,10,1,0,VALID,,,2026-08-31T19:19:35+08:00,DATA_AND_RESEARCH_EVIDENCE_ONLY,NONE
603117.SH,SH_MAIN,1,0.296099,13,12,1,0,VALID,,,2026-08-31T19:20:30+08:00,DATA_AND_RESEARCH_EVIDENCE_ONLY,NONE
603118.SH,SH_MAIN,1,0.297354,27,26,1,0,VALID,,,2026-08-31T19:19:35+08:00,DATA_AND_RESEARCH_EVIDENCE_ONLY,NONE
603119.SH,SH_MAIN,1,0.29637,11,9,2,0,VALID,,,2026-08-31T19:22:50+08:00,DATA_AND_RESEARCH_EVIDENCE_ONLY,NONE
603120.SH,SH_MAIN,1,0.29836,9,7,2,0,VALID,,,2026-08-31T19:19:22+08:00,DATA_AND_RESEARCH_EVIDENCE_ONLY,NONE
603121.SH,SH_MAIN,1,0.395481,14,13,1,0,VALID,,,2026-08-31T19:19:40+08:00,DATA_AND_RESEARCH_EVIDENCE_ONLY,NONE
603122.SH,SH_MAIN,1,0.304302,5,4,1,0,VALID,,,2026-08-31T19:22:45+08:00,DATA_AND_RESEARCH_EVIDENCE_ONLY,NONE
603123.SH,SH_MAIN,1,0.322168,17,16,1,0,VALID,,,2026-08-31T19:22:53+08:00,DATA_AND_RESEARCH_EVIDENCE_ONLY,NONE
603124.SH,SH_MAIN,1,0.312272,5,4,1,0,VALID,,,2026-08-31T19:22:36+08:00,DATA_AND_RESEARCH_EVIDENCE_ONLY,NONE
603125.SH,SH_MAIN,1,0.35824,7,6,1,0,VALID,,,2026-08-31T19:23:56+08:00,DATA_AND_RESEARCH_EVIDENCE_ONLY,NONE
603126.SH,SH_MAIN,1,0.295317,6,5,1,0,VALID,,,2026-08-31T19:22:51+08:00,DATA_AND_RESEARCH_EVIDENCE_ONLY,NONE
603127.SH,SH_MAIN,1,0.333984,41,40,1,0,VALID,,,2026-08-31T19:22:51+08:00,DATA_AND_RESEARCH_EVIDENCE_ONLY,NONE
603128.SH,SH_MAIN,1,0.379081,19,18,1,0,VALID,,,2026-08-31T19:23:08+08:00,DATA_AND_RESEARCH_EVIDENCE_ONLY,NONE
603129.SH,SH_MAIN,1,0.291612,20,19,1,0,VALID,,,2026-08-31T19:23:24+08:00,DATA_AND_RESEARCH_EVIDENCE_ONLY,NONE
603130.SH,SH_MAIN,1,0.366722,5,4,1,0,VALID,,,2026-08-31T19:22:37+08:00,DATA_AND_RESEARCH_EVIDENCE_ONLY,NONE
603131.SH,SH_MAIN,1,0.325906,36,35,1,0,VALID,,,2026-08-31T19:19:40+08:00,DATA_AND_RESEARCH_EVIDENCE_ONLY,NONE
603132.SH,SH_MAIN,1,0.419103,4,3,1,0,VALID,,,2026-08-31T19:22:46+08:00,DATA_AND_RESEARCH_EVIDENCE_ONLY,NONE
603135.SH,SH_MAIN,1,0.267181,8,7,1,0,VALID,,,2026-08-31T19:19:29+08:00,DATA_AND_RESEARCH_EVIDENCE_ONLY,NONE
603136.SH,SH_MAIN,1,0.321214,12,11,1,0,VALID,,,2026-08-31T19:22:51+08:00,DATA_AND_RESEARCH_EVIDENCE_ONLY,NONE
603137.SH,SH_MAIN,1,0.26852,7,6,1,0,VALID,,,2026-08-31T19:19:44+08:00,DATA_AND_RESEARCH_EVIDENCE_ONLY,NONE
603138.SH,SH_MAIN,1,0.300348,33,32,1,0,VALID,,,2026-08-31T19:22:37+08:00,DATA_AND_RESEARCH_EVIDENCE_ONLY,NONE
603139.SH,SH_MAIN,1,0.414284,5,4,1,0,VALID,,,2026-08-31T19:19:40+08:00,DATA_AND_RESEARCH_EVIDENCE_ONLY,NONE
603150.SH,SH_MAIN,1,0.300031,10,8,2,0,VALID,,,2026-08-31T19:19:22+08:00,DATA_AND_RESEARCH_EVIDENCE_ONLY,NONE
603151.SH,SH_MAIN,1,0.34577,10,9,1,0,VALID,,,2026-08-31T19:19:44+08:00,DATA_AND_RESEARCH_EVIDENCE_ONLY,NONE
603153.SH,SH_MAIN,1,0.37472,7,6,1,0,VALID,,,2026-08-31T19:23:08+08:00,DATA_AND_RESEARCH_EVIDENCE_ONLY,NONE
603155.SH,SH_MAIN,1,0.334152,10,7,3,0,VALID,,,2026-08-31T19:19:45+08:00,DATA_AND_RESEARCH_EVIDENCE_ONLY,NONE
603156.SH,SH_MAIN,1,0.27236,10,8,2,0,VALID,,,2026-08-31T19:19:30+08:00,DATA_AND_RESEARCH_EVIDENCE_ONLY,NONE
603158.SH,SH_MAIN,1,0.357763,19,18,1,0,VALID,,,2026-08-31T19:19:41+08:00,DATA_AND_RESEARCH_EVIDENCE_ONLY,NONE
603159.SH,SH_MAIN,1,0.270015,4,3,1,0,VALID,,,2026-08-31T19:19:30+08:00,DATA_AND_RESEARCH_EVIDENCE_ONLY,NONE
603160.SH,SH_MAIN,1,0.32347,50,48,2,0,VALID,,,2026-08-31T19:22:51+08:00,DATA_AND_RESEARCH_EVIDENCE_ONLY,NONE
603161.SH,SH_MAIN,1,0.355754,11,10,1,0,VALID,,,2026-08-31T19:19:41+08:00,DATA_AND_RESEARCH_EVIDENCE_ONLY,NONE
603162.SH,SH_MAIN,1,0.435558,54,53,1,0,VALID,,,2026-08-31T19:22:46+08:00,DATA_AND_RESEARCH_EVIDENCE_ONLY,NONE
603163.SH,SH_MAIN,1,0.419095,5,4,1,0,VALID,,,2026-08-31T19:22:52+08:00,DATA_AND_RESEARCH_EVIDENCE_ONLY,NONE
603165.SH,SH_MAIN,1,0.297188,43,42,1,0,VALID,,,2026-08-31T19:22:52+08:00,DATA_AND_RESEARCH_EVIDENCE_ONLY,NONE
603166.SH,SH_MAIN,1,0.340736,15,14,1,0,VALID,,,2026-08-31T19:19:41+08:00,DATA_AND_RESEARCH_EVIDENCE_ONLY,NONE
603167.SH,SH_MAIN,1,0.295925,11,10,1,0,VALID,,,2026-08-31T19:19:30+08:00,DATA_AND_RESEARCH_EVIDENCE_ONLY,NONE
603168.SH,SH_MAIN,1,0.291026,17,16,1,0,VALID,,,2026-08-31T19:23:24+08:00,DATA_AND_RESEARCH_EVIDENCE_ONLY,NONE
603169.SH,SH_MAIN,1,0.296692,13,12,1,0,VALID,,,2026-08-31T19:19:28+08:00,DATA_AND_RESEARCH_EVIDENCE_ONLY,NONE
603170.SH,SH_MAIN,1,0.444097,5,4,1,0,VALID,,,2026-08-31T19:19:29+08:00,DATA_AND_RESEARCH_EVIDENCE_ONLY,NONE
603171.SH,SH_MAIN,1,0.500659,8,7,1,0,VALID,,,2026-08-31T19:22:52+08:00,DATA_AND_RESEARCH_EVIDENCE_ONLY,NONE
603172.SH,SH_MAIN,1,0.265017,6,5,1,0,VALID,,,2026-08-31T19:19:31+08:00,DATA_AND_RESEARCH_EVIDENCE_ONLY,NONE
603173.SH,SH_MAIN,1,0.257655,4,3,1,0,VALID,,,2026-08-31T19:19:31+08:00,DATA_AND_RESEARCH_EVIDENCE_ONLY,NONE
603175.SH,SH_MAIN,1,0.346675,4,3,1,0,VALID,,,2026-08-31T19:23:09+08:00,DATA_AND_RESEARCH_EVIDENCE_ONLY,NONE
603176.SH,SH_MAIN,1,0.343487,22,21,1,1,VALID,,,2026-08-31T19:23:09+08:00,DATA_AND_RESEARCH_EVIDENCE_ONLY,NONE
603177.SH,SH_MAIN,1,0.27191,11,10,1,0,VALID,,,2026-08-31T19:20:30+08:00,DATA_AND_RESEARCH_EVIDENCE_ONLY,NONE
603178.SH,SH_MAIN,1,0.29595,12,11,1,0,VALID,,,2026-08-31T19:19:22+08:00,DATA_AND_RESEARCH_EVIDENCE_ONLY,NONE
603179.SH,SH_MAIN,1,0.334294,40,39,1,0,VALID,,,2026-08-31T19:23:09+08:00,DATA_AND_RESEARCH_EVIDENCE_ONLY,NONE
603180.SH,SH_MAIN,1,0.306584,24,23,1,0,VALID,,,2026-08-31T19:22:47+08:00,DATA_AND_RESEARCH_EVIDENCE_ONLY,NONE
603181.SH,SH_MAIN,1,0.263145,7,6,1,0,VALID,,,2026-08-31T19:19:31+08:00,DATA_AND_RESEARCH_EVIDENCE_ONLY,NONE
603182.SH,SH_MAIN,1,0.317722,7,6,1,0,VALID,,,2026-08-31T19:19:35+08:00,DATA_AND_RESEARCH_EVIDENCE_ONLY,NONE
603183.SH,SH_MAIN,1,0.307343,29,28,1,0,VALID,,,2026-08-31T19:19:29+08:00,DATA_AND_RESEARCH_EVIDENCE_ONLY,NONE
603185.SH,SH_MAIN,1,0.532254,39,37,2,0,VALID,,,2026-08-31T19:23:10+08:00,DATA_AND_RESEARCH_EVIDENCE_ONLY,NONE
603186.SH,SH_MAIN,1,0.332225,30,29,1,0,VALID,,,2026-08-31T19:22:52+08:00,DATA_AND_RESEARCH_EVIDENCE_ONLY,NONE
603187.SH,SH_MAIN,1,0.461986,42,42,0,0,VALID,,,2026-08-31T19:22:52+08:00,DATA_AND_RESEARCH_EVIDENCE_ONLY,NONE
603188.SH,SH_MAIN,1,0.269466,7,6,1,0,VALID,,,2026-08-31T19:19:31+08:00,DATA_AND_RESEARCH_EVIDENCE_ONLY,NONE
603189.SH,SH_MAIN,1,0.330486,6,5,1,0,VALID,,,2026-08-31T19:19:45+08:00,DATA_AND_RESEARCH_EVIDENCE_ONLY,NONE
603190.SH,SH_MAIN,1,0.369345,7,6,1,0,VALID,,,2026-08-31T19:19:29+08:00,DATA_AND_RESEARCH_EVIDENCE_ONLY,NONE
603191.SH,SH_MAIN,1,0.626536,24,22,2,0,VALID,,,2026-08-31T19:22:54+08:00,DATA_AND_RESEARCH_EVIDENCE_ONLY,NONE
603192.SH,SH_MAIN,1,0.376073,13,12,1,2,VALID,,,2026-08-31T19:23:10+08:00,DATA_AND_RESEARCH_EVIDENCE_ONLY,NONE
603193.SH,SH_MAIN,1,0.276386,5,4,1,0,VALID,,,2026-08-31T19:19:45+08:00,DATA_AND_RESEARCH_EVIDENCE_ONLY,NONE
603194.SH,SH_MAIN,1,0.304552,5,4,1,0,VALID,,,2026-08-31T19:19:41+08:00,DATA_AND_RESEARCH_EVIDENCE_ONLY,NONE
603195.SH,SH_MAIN,1,0.337885,39,38,1,0,VALID,,,2026-08-31T19:23:11+08:00,DATA_AND_RESEARCH_EVIDENCE_ONLY,NONE
603196.SH,SH_MAIN,1,0.506112,15,14,1,0,VALID,,,2026-08-31T19:22:47+08:00,DATA_AND_RESEARCH_EVIDENCE_ONLY,NONE
603197.SH,SH_MAIN,1,0.301504,54,53,1,0,VALID,,,2026-08-31T19:22:47+08:00,DATA_AND_RESEARCH_EVIDENCE_ONLY,NONE
603198.SH,SH_MAIN,1,0.377375,4,3,1,0,VALID,,,2026-08-31T19:19:42+08:00,DATA_AND_RESEARCH_EVIDENCE_ONLY,NONE
603199.SH,SH_MAIN,1,0.2638,4,3,1,0,VALID,,,2026-08-31T19:19:32+08:00,DATA_AND_RESEARCH_EVIDENCE_ONLY,NONE
603200.SH,SH_MAIN,1,0.450442,24,23,1,0,VALID,,,2026-08-31T19:22:54+08:00,DATA_AND_RESEARCH_EVIDENCE_ONLY,NONE
603201.SH,SH_MAIN,1,0.320975,15,14,1,0,VALID,,,2026-08-31T19:19:36+08:00,DATA_AND_RESEARCH_EVIDENCE_ONLY,NONE
603202.SH,SH_MAIN,1,0.285294,5,4,1,0,VALID,,,2026-08-31T19:23:25+08:00,DATA_AND_RESEARCH_EVIDENCE_ONLY,NONE
603203.SH,SH_MAIN,1,0.280323,36,35,1,0,VALID,,,2026-08-31T19:19:46+08:00,DATA_AND_RESEARCH_EVIDENCE_ONLY,NONE
603205.SH,SH_MAIN,1,0.45514,7,5,2,0,VALID,,,2026-08-31T19:19:32+08:00,DATA_AND_RESEARCH_EVIDENCE_ONLY,NONE
603206.SH,SH_MAIN,1,0.276082,4,3,1,0,VALID,,,2026-08-31T19:20:30+08:00,DATA_AND_RESEARCH_EVIDENCE_ONLY,NONE
603207.SH,SH_MAIN,1,0.341499,10,9,1,0,VALID,,,2026-08-31T19:19:42+08:00,DATA_AND_RESEARCH_EVIDENCE_ONLY,NONE
603208.SH,SH_MAIN,1,0.34056,17,16,1,0,VALID,,,2026-08-31T19:22:55+08:00,DATA_AND_RESEARCH_EVIDENCE_ONLY,NONE
603209.SH,SH_MAIN,1,0.312978,9,8,1,0,VALID,,,2026-08-31T19:19:42+08:00,DATA_AND_RESEARCH_EVIDENCE_ONLY,NONE
603210.SH,SH_MAIN,1,0.300739,4,3,1,0,VALID,,,2026-08-31T19:19:42+08:00,DATA_AND_RESEARCH_EVIDENCE_ONLY,NONE
603211.SH,SH_MAIN,1,0.429178,3,2,1,0,VALID,,,2026-08-31T19:19:43+08:00,DATA_AND_RESEARCH_EVIDENCE_ONLY,NONE
603212.SH,SH_MAIN,1,0.336545,23,22,1,0,VALID,,,2026-08-31T19:23:11+08:00,DATA_AND_RESEARCH_EVIDENCE_ONLY,NONE
603213.SH,SH_MAIN,1,0.294077,14,13,1,0,VALID,,,2026-08-31T19:19:23+08:00,DATA_AND_RESEARCH_EVIDENCE_ONLY,NONE
603214.SH,SH_MAIN,1,0.415683,17,16,1,0,VALID,,,2026-08-31T19:22:48+08:00,DATA_AND_RESEARCH_EVIDENCE_ONLY,NONE
603215.SH,SH_MAIN,1,0.311552,14,13,1,0,VALID,,,2026-08-31T19:22:55+08:00,DATA_AND_RESEARCH_EVIDENCE_ONLY,NONE
603216.SH,SH_MAIN,1,0.338533,8,7,1,0,VALID,,,2026-08-31T19:23:11+08:00,DATA_AND_RESEARCH_EVIDENCE_ONLY,NONE
603217.SH,SH_MAIN,1,0.346643,16,14,2,0,VALID,,,2026-08-31T19:19:43+08:00,DATA_AND_RESEARCH_EVIDENCE_ONLY,NONE
603218.SH,SH_MAIN,1,0.599642,32,30,2,0,VALID,,,2026-08-31T19:22:52+08:00,DATA_AND_RESEARCH_EVIDENCE_ONLY,NONE
603219.SH,SH_MAIN,1,0.260759,7,6,1,0,VALID,,,2026-08-31T19:19:32+08:00,DATA_AND_RESEARCH_EVIDENCE_ONLY,NONE
603220.SH,SH_MAIN,1,0.330463,27,25,2,0,VALID,,,2026-08-31T19:19:36+08:00,DATA_AND_RESEARCH_EVIDENCE_ONLY,NONE
603221.SH,SH_MAIN,1,0.258926,8,7,1,0,VALID,,,2026-08-31T19:20:31+08:00,DATA_AND_RESEARCH_EVIDENCE_ONLY,NONE
603222.SH,SH_MAIN,1,0.332843,12,11,1,0,VALID,,,2026-08-31T19:19:42+08:00,DATA_AND_RESEARCH_EVIDENCE_ONLY,NONE
603223.SH,SH_MAIN,1,0.299736,13,12,1,0,VALID,,,2026-08-31T19:22:37+08:00,DATA_AND_RESEARCH_EVIDENCE_ONLY,NONE
603225.SH,SH_MAIN,1,0.362416,71,70,1,0,VALID,,,2026-08-31T19:23:12+08:00,DATA_AND_RESEARCH_EVIDENCE_ONLY,NONE
603226.SH,SH_MAIN,1,0.361123,16,15,1,0,VALID,,,2026-08-31T19:19:43+08:00,DATA_AND_RESEARCH_EVIDENCE_ONLY,NONE
603227.SH,SH_MAIN,1,0.569264,14,13,1,0,VALID,,,2026-08-31T19:19:44+08:00,DATA_AND_RESEARCH_EVIDENCE_ONLY,NONE
603228.SH,SH_MAIN,1,0.300394,70,69,1,0,VALID,,,2026-08-31T19:19:30+08:00,DATA_AND_RESEARCH_EVIDENCE_ONLY,NONE
603229.SH,SH_MAIN,1,0.263793,15,13,2,0,VALID,,,2026-08-31T19:20:31+08:00,DATA_AND_RESEARCH_EVIDENCE_ONLY,NONE
603230.SH,SH_MAIN,1,0.301049,5,4,1,0,VALID,,,2026-08-31T19:19:23+08:00,DATA_AND_RESEARCH_EVIDENCE_ONLY,NONE
603231.SH,SH_MAIN,1,0.267586,4,3,1,0,VALID,,,2026-08-31T19:19:33+08:00,DATA_AND_RESEARCH_EVIDENCE_ONLY,NONE
603232.SH,SH_MAIN,1,0.365622,20,19,1,0,VALID,,,2026-08-31T19:19:30+08:00,DATA_AND_RESEARCH_EVIDENCE_ONLY,NONE
603233.SH,SH_MAIN,1,0.266315,37,36,1,0,VALID,,,2026-08-31T19:19:33+08:00,DATA_AND_RESEARCH_EVIDENCE_ONLY,NONE
603235.SH,SH_MAIN,1,0.297302,4,3,1,0,VALID,,,2026-08-31T19:22:37+08:00,DATA_AND_RESEARCH_EVIDENCE_ONLY,NONE
603236.SH,SH_MAIN,1,0.465924,20,17,3,0,VALID,,,2026-08-31T19:22:38+08:00,DATA_AND_RESEARCH_EVIDENCE_ONLY,NONE
603237.SH,SH_MAIN,1,0.29643,14,13,1,0,VALID,,,2026-08-31T19:22:38+08:00,DATA_AND_RESEARCH_EVIDENCE_ONLY,NONE
603238.SH,SH_MAIN,1,0.345975,10,9,1,0,VALID,,,2026-08-31T19:23:57+08:00,DATA_AND_RESEARCH_EVIDENCE_ONLY,NONE
603239.SH,SH_MAIN,1,0.316887,5,4,1,0,VALID,,,2026-08-31T19:22:48+08:00,DATA_AND_RESEARCH_EVIDENCE_ONLY,NONE
603248.SH,SH_MAIN,1,0.329217,4,3,1,0,VALID,,,2026-08-31T19:19:23+08:00,DATA_AND_RESEARCH_EVIDENCE_ONLY,NONE
603255.SH,SH_MAIN,1,0.273331,9,8,1,0,VALID,,,2026-08-31T19:23:25+08:00,DATA_AND_RESEARCH_EVIDENCE_ONLY,NONE
603256.SH,SH_MAIN,1,0.348388,11,10,1,1,VALID,,,2026-08-31T19:23:57+08:00,DATA_AND_RESEARCH_EVIDENCE_ONLY,NONE
603257.SH,SH_MAIN,1,0.271678,4,3,1,0,VALID,,,2026-08-31T19:19:46+08:00,DATA_AND_RESEARCH_EVIDENCE_ONLY,NONE
603258.SH,SH_MAIN,1,0.301415,37,36,1,0,VALID,,,2026-08-31T19:22:48+08:00,DATA_AND_RESEARCH_EVIDENCE_ONLY,NONE
603259.SH,SH_MAIN,1,0.275274,158,157,1,0,VALID,,,2026-08-31T19:22:53+08:00,DATA_AND_RESEARCH_EVIDENCE_ONLY,NONE
603260.SH,SH_MAIN,1,0.270915,10,9,1,0,VALID,,,2026-08-31T19:22:53+08:00,DATA_AND_RESEARCH_EVIDENCE_ONLY,NONE
603261.SH,SH_MAIN,1,0.340207,9,8,1,0,VALID,,,2026-08-31T19:23:12+08:00,DATA_AND_RESEARCH_EVIDENCE_ONLY,NONE
603262.SH,SH_MAIN,1,0.506362,5,4,1,0,VALID,,,2026-08-31T19:22:49+08:00,DATA_AND_RESEARCH_EVIDENCE_ONLY,NONE
603266.SH,SH_MAIN,1,0.288049,13,12,1,0,VALID,,,2026-08-31T19:23:25+08:00,DATA_AND_RESEARCH_EVIDENCE_ONLY,NONE
603267.SH,SH_MAIN,1,0.273911,11,10,1,0,VALID,,,2026-08-31T19:19:36+08:00,DATA_AND_RESEARCH_EVIDENCE_ONLY,NONE
603268.SH,SH_MAIN,1,0.7228,13,12,1,0,VALID,,,2026-08-31T19:19:37+08:00,DATA_AND_RESEARCH_EVIDENCE_ONLY,NONE
603269.SH,SH_MAIN,1,0.306572,10,9,1,0,VALID,,,2026-08-31T19:19:24+08:00,DATA_AND_RESEARCH_EVIDENCE_ONLY,NONE
603270.SH,SH_MAIN,1,0.311978,5,4,1,0,VALID,,,2026-08-31T19:19:24+08:00,DATA_AND_RESEARCH_EVIDENCE_ONLY,NONE
603271.SH,SH_MAIN,1,0.37811,6,5,1,0,VALID,,,2026-08-31T19:19:31+08:00,DATA_AND_RESEARCH_EVIDENCE_ONLY,NONE
603272.SH,SH_MAIN,1,0.338733,5,4,1,0,VALID,,,2026-08-31T19:20:31+08:00,DATA_AND_RESEARCH_EVIDENCE_ONLY,NONE
603273.SH,SH_MAIN,1,0.47363,19,17,2,0,VALID,,,2026-08-31T19:20:32+08:00,DATA_AND_RESEARCH_EVIDENCE_ONLY,NONE
603275.SH,SH_MAIN,1,0.306351,7,6,1,0,VALID,,,2026-08-31T19:19:42+08:00,DATA_AND_RESEARCH_EVIDENCE_ONLY,NONE
603276.SH,SH_MAIN,1,0.311898,10,9,1,1,VALID,,,2026-08-31T19:22:55+08:00,DATA_AND_RESEARCH_EVIDENCE_ONLY,NONE
603277.SH,SH_MAIN,1,0.301395,27,27,0,0,VALID,,,2026-08-31T19:22:39+08:00,DATA_AND_RESEARCH_EVIDENCE_ONLY,NONE
603278.SH,SH_MAIN,1,0.295697,32,31,1,0,VALID,,,2026-08-31T19:22:53+08:00,DATA_AND_RESEARCH_EVIDENCE_ONLY,NONE
603279.SH,SH_MAIN,1,0.672071,33,32,1,0,VALID,,,2026-08-31T19:19:31+08:00,DATA_AND_RESEARCH_EVIDENCE_ONLY,NONE
603280.SH,SH_MAIN,1,0.382816,4,3,1,0,VALID,,,2026-08-31T19:23:13+08:00,DATA_AND_RESEARCH_EVIDENCE_ONLY,NONE
603281.SH,SH_MAIN,1,0.333674,6,5,1,0,VALID,,,2026-08-31T19:22:54+08:00,DATA_AND_RESEARCH_EVIDENCE_ONLY,NONE
603282.SH,SH_MAIN,1,0.376613,8,7,1,0,VALID,,,2026-08-31T19:23:13+08:00,DATA_AND_RESEARCH_EVIDENCE_ONLY,NONE
603283.SH,SH_MAIN,1,0.699629,36,35,1,0,VALID,,,2026-08-31T19:22:56+08:00,DATA_AND_RESEARCH_EVIDENCE_ONLY,NONE
603284.SH,SH_MAIN,1,0.271913,4,3,1,0,VALID,,,2026-08-31T19:22:54+08:00,DATA_AND_RESEARCH_EVIDENCE_ONLY,NONE
603285.SH,SH_MAIN,1,0.338715,5,4,1,0,VALID,,,2026-08-31T19:22:54+08:00,DATA_AND_RESEARCH_EVIDENCE_ONLY,NONE
603286.SH,SH_MAIN,1,0.674848,22,21,1,0,VALID,,,2026-08-31T19:23:13+08:00,DATA_AND_RESEARCH_EVIDENCE_ONLY,NONE
603288.SH,SH_MAIN,1,0.292727,19,18,1,0,VALID,,,2026-08-31T19:20:32+08:00,DATA_AND_RESEARCH_EVIDENCE_ONLY,NONE
603289.SH,SH_MAIN,1,0.312133,35,34,1,0,VALID,,,2026-08-31T19:19:37+08:00,DATA_AND_RESEARCH_EVIDENCE_ONLY,NONE
603290.SH,SH_MAIN,1,0.300946,23,22,1,0,VALID,,,2026-08-31T19:23:57+08:00,DATA_AND_RESEARCH_EVIDENCE_ONLY,NONE
603291.SH,SH_MAIN,1,0.274334,4,3,1,0,VALID,,,2026-08-31T19:19:46+08:00,DATA_AND_RESEARCH_EVIDENCE_ONLY,NONE
603293.SH,SH_MAIN,1,0.598169,3,2,1,0,VALID,,,2026-08-31T19:20:32+08:00,DATA_AND_RESEARCH_EVIDENCE_ONLY,NONE
603296.SH,SH_MAIN,1,0.278204,27,24,3,0,VALID,,,2026-08-31T19:19:32+08:00,DATA_AND_RESEARCH_EVIDENCE_ONLY,NONE
603297.SH,SH_MAIN,1,0.269209,19,18,1,0,VALID,,,2026-08-31T19:19:32+08:00,DATA_AND_RESEARCH_EVIDENCE_ONLY,NONE
603298.SH,SH_MAIN,1,0.323359,16,14,2,0,VALID,,,2026-08-31T19:19:32+08:00,DATA_AND_RESEARCH_EVIDENCE_ONLY,NONE
603299.SH,SH_MAIN,1,0.371911,25,24,1,1,VALID,,,2026-08-31T19:20:33+08:00,DATA_AND_RESEARCH_EVIDENCE_ONLY,NONE
603300.SH,SH_MAIN,1,0.377553,50,49,1,0,VALID,,,2026-08-31T19:19:32+08:00,DATA_AND_RESEARCH_EVIDENCE_ONLY,NONE
603301.SH,SH_MAIN,1,0.347696,15,14,1,0,VALID,,,2026-08-31T19:19:44+08:00,DATA_AND_RESEARCH_EVIDENCE_ONLY,NONE
603303.SH,SH_MAIN,1,0.3338,6,5,1,0,VALID,,,2026-08-31T19:23:14+08:00,DATA_AND_RESEARCH_EVIDENCE_ONLY,NONE
603305.SH,SH_MAIN,1,0.440304,29,27,2,0,VALID,,,2026-08-31T19:23:58+08:00,DATA_AND_RESEARCH_EVIDENCE_ONLY,NONE
603306.SH,SH_MAIN,1,0.265718,47,46,1,0,VALID,,,2026-08-31T19:19:33+08:00,DATA_AND_RESEARCH_EVIDENCE_ONLY,NONE
603307.SH,SH_MAIN,1,0.263391,7,6,1,0,VALID,,,2026-08-31T19:22:55+08:00,DATA_AND_RESEARCH_EVIDENCE_ONLY,NONE
603308.SH,SH_MAIN,1,0.335351,18,17,1,0,VALID,,,2026-08-31T19:19:45+08:00,DATA_AND_RESEARCH_EVIDENCE_ONLY,NONE
603309.SH,SH_MAIN,1,0.264541,18,17,1,0,VALID,,,2026-08-31T19:19:33+08:00,DATA_AND_RESEARCH_EVIDENCE_ONLY,NONE
603310.SH,SH_MAIN,1,0.289752,6,5,1,0,VALID,,,2026-08-31T19:23:25+08:00,DATA_AND_RESEARCH_EVIDENCE_ONLY,NONE
603311.SH,SH_MAIN,1,0.398701,7,6,1,0,VALID,,,2026-08-31T19:22:53+08:00,DATA_AND_RESEARCH_EVIDENCE_ONLY,NONE
603312.SH,SH_MAIN,1,0.510119,6,5,1,0,VALID,,,2026-08-31T19:22:56+08:00,DATA_AND_RESEARCH_EVIDENCE_ONLY,NONE
603313.SH,SH_MAIN,1,0.369488,30,29,1,0,VALID,,,2026-08-31T19:19:33+08:00,DATA_AND_RESEARCH_EVIDENCE_ONLY,NONE
603315.SH,SH_MAIN,1,0.36803,14,13,1,0,VALID,,,2026-08-31T19:19:45+08:00,DATA_AND_RESEARCH_EVIDENCE_ONLY,NONE
603316.SH,SH_MAIN,1,0.267749,7,6,1,0,VALID,,,2026-08-31T19:19:33+08:00,DATA_AND_RESEARCH_EVIDENCE_ONLY,NONE
603317.SH,SH_MAIN,1,0.26324,37,35,2,0,VALID,,,2026-08-31T19:22:55+08:00,DATA_AND_RESEARCH_EVIDENCE_ONLY,NONE
603318.SH,SH_MAIN,1,0.374162,20,19,1,0,VALID,,,2026-08-31T19:23:14+08:00,DATA_AND_RESEARCH_EVIDENCE_ONLY,NONE
603319.SH,SH_MAIN,1,0.293198,24,23,1,0,VALID,,,2026-08-31T19:23:26+08:00,DATA_AND_RESEARCH_EVIDENCE_ONLY,NONE
603320.SH,SH_MAIN,1,0.456691,29,28,1,0,VALID,,,2026-08-31T19:19:24+08:00,DATA_AND_RESEARCH_EVIDENCE_ONLY,NONE
603321.SH,SH_MAIN,1,0.342226,9,8,1,0,VALID,,,2026-08-31T19:23:26+08:00,DATA_AND_RESEARCH_EVIDENCE_ONLY,NONE
603322.SH,SH_MAIN,1,0.265988,13,12,1,0,VALID,,,2026-08-31T19:19:34+08:00,DATA_AND_RESEARCH_EVIDENCE_ONLY,NONE
603323.SH,SH_MAIN,1,0.305572,35,32,3,0,VALID,,,2026-08-31T19:19:25+08:00,DATA_AND_RESEARCH_EVIDENCE_ONLY,NONE
603324.SH,SH_MAIN,1,0.300784,14,13,1,0,VALID,,,2026-08-31T19:22:54+08:00,DATA_AND_RESEARCH_EVIDENCE_ONLY,NONE
603325.SH,SH_MAIN,1,0.383267,7,6,1,0,VALID,,,2026-08-31T19:19:38+08:00,DATA_AND_RESEARCH_EVIDENCE_ONLY,NONE
603326.SH,SH_MAIN,1,0.308853,27,26,1,0,VALID,,,2026-08-31T19:22:54+08:00,DATA_AND_RESEARCH_EVIDENCE_ONLY,NONE
603327.SH,SH_MAIN,1,0.302301,31,30,1,0,VALID,,,2026-08-31T19:22:54+08:00,DATA_AND_RESEARCH_EVIDENCE_ONLY,NONE
603328.SH,SH_MAIN,1,0.306623,26,25,1,0,VALID,,,2026-08-31T19:22:39+08:00,DATA_AND_RESEARCH_EVIDENCE_ONLY,NONE
603329.SH,SH_MAIN,1,0.372174,10,9,1,0,VALID,,,2026-08-31T19:19:34+08:00,DATA_AND_RESEARCH_EVIDENCE_ONLY,NONE
603330.SH,SH_MAIN,1,0.283134,18,17,1,0,VALID,,,2026-08-31T19:23:26+08:00,DATA_AND_RESEARCH_EVIDENCE_ONLY,NONE
603331.SH,SH_MAIN,1,0.352868,34,33,1,0,VALID,,,2026-08-31T19:19:45+08:00,DATA_AND_RESEARCH_EVIDENCE_ONLY,NONE
603332.SH,SH_MAIN,1,0.438646,5,4,1,0,VALID,,,2026-08-31T19:23:27+08:00,DATA_AND_RESEARCH_EVIDENCE_ONLY,NONE
603333.SH,SH_MAIN,1,0.253691,19,18,1,0,VALID,,,2026-08-31T19:20:33+08:00,DATA_AND_RESEARCH_EVIDENCE_ONLY,NONE
603334.SH,SH_MAIN,1,0.266567,4,3,1,0,VALID,,,2026-08-31T19:19:47+08:00,DATA_AND_RESEARCH_EVIDENCE_ONLY,NONE
603335.SH,SH_MAIN,1,0.287127,6,5,1,0,VALID,,,2026-08-31T19:22:55+08:00,DATA_AND_RESEARCH_EVIDENCE_ONLY,NONE
603336.SH,SH_MAIN,1,0.282522,36,35,1,0,VALID,,,2026-08-31T19:19:47+08:00,DATA_AND_RESEARCH_EVIDENCE_ONLY,NONE
603337.SH,SH_MAIN,1,0.298437,31,30,1,0,VALID,,,2026-08-31T19:22:55+08:00,DATA_AND_RESEARCH_EVIDENCE_ONLY,NONE
603338.SH,SH_MAIN,1,0.319389,12,11,1,0,VALID,,,2026-08-31T19:19:47+08:00,DATA_AND_RESEARCH_EVIDENCE_ONLY,NONE
603339.SH,SH_MAIN,1,0.372992,14,13,1,0,VALID,,,2026-08-31T19:19:34+08:00,DATA_AND_RESEARCH_EVIDENCE_ONLY,NONE
603341.SH,SH_MAIN,1,0.294159,12,9,3,0,VALID,,,2026-08-31T19:23:27+08:00,DATA_AND_RESEARCH_EVIDENCE_ONLY,NONE
603344.SH,SH_MAIN,1,0.66762,5,4,1,0,VALID,,,2026-08-31T19:23:58+08:00,DATA_AND_RESEARCH_EVIDENCE_ONLY,NONE
603345.SH,SH_MAIN,1,0.352456,23,22,1,0,VALID,,,2026-08-31T19:22:55+08:00,DATA_AND_RESEARCH_EVIDENCE_ONLY,NONE
603348.SH,SH_MAIN,1,0.394516,50,47,3,0,VALID,,,2026-08-31T19:22:49+08:00,DATA_AND_RESEARCH_EVIDENCE_ONLY,NONE
603350.SH,SH_MAIN,1,0.586764,12,9,3,0,VALID,,,2026-08-31T19:22:55+08:00,DATA_AND_RESEARCH_EVIDENCE_ONLY,NONE
603351.SH,SH_MAIN,1,0.413953,11,10,1,0,VALID,,,2026-08-31T19:22:56+08:00,DATA_AND_RESEARCH_EVIDENCE_ONLY,NONE
603352.SH,SH_MAIN,1,0.293069,4,3,1,0,VALID,,,2026-08-31T19:22:56+08:00,DATA_AND_RESEARCH_EVIDENCE_ONLY,NONE
603353.SH,SH_MAIN,1,0.300776,8,7,1,0,VALID,,,2026-08-31T19:22:56+08:00,DATA_AND_RESEARCH_EVIDENCE_ONLY,NONE
603355.SH,SH_MAIN,1,0.299817,40,39,1,0,VALID,,,2026-08-31T19:22:57+08:00,DATA_AND_RESEARCH_EVIDENCE_ONLY,NONE
603356.SH,SH_MAIN,1,0.353473,4,3,1,0,VALID,,,2026-08-31T19:22:57+08:00,DATA_AND_RESEARCH_EVIDENCE_ONLY,NONE
603357.SH,SH_MAIN,1,0.454047,15,14,1,0,VALID,,,2026-08-31T19:23:15+08:00,DATA_AND_RESEARCH_EVIDENCE_ONLY,NONE
603358.SH,SH_MAIN,1,0.34389,13,12,1,0,VALID,,,2026-08-31T19:23:15+08:00,DATA_AND_RESEARCH_EVIDENCE_ONLY,NONE
603359.SH,SH_MAIN,1,0.274492,7,5,2,0,VALID,,,2026-08-31T19:19:38+08:00,DATA_AND_RESEARCH_EVIDENCE_ONLY,NONE
603360.SH,SH_MAIN,1,0.270062,17,16,1,0,VALID,,,2026-08-31T19:22:56+08:00,DATA_AND_RESEARCH_EVIDENCE_ONLY,NONE
603363.SH,SH_MAIN,1,0.305154,63,61,2,0,VALID,,,2026-08-31T19:23:27+08:00,DATA_AND_RESEARCH_EVIDENCE_ONLY,NONE
603365.SH,SH_MAIN,1,0.33449,12,11,1,0,VALID,,,2026-08-31T19:19:34+08:00,DATA_AND_RESEARCH_EVIDENCE_ONLY,NONE
603366.SH,SH_MAIN,1,0.266062,18,17,1,0,VALID,,,2026-08-31T19:19:47+08:00,DATA_AND_RESEARCH_EVIDENCE_ONLY,NONE
603367.SH,SH_MAIN,1,0.333082,17,15,2,0,VALID,,,2026-08-31T19:22:56+08:00,DATA_AND_RESEARCH_EVIDENCE_ONLY,NONE
603368.SH,SH_MAIN,1,0.273773,50,49,1,0,VALID,,,2026-08-31T19:19:48+08:00,DATA_AND_RESEARCH_EVIDENCE_ONLY,NONE
603369.SH,SH_MAIN,1,0.289762,7,6,1,0,VALID,,,2026-08-31T19:22:57+08:00,DATA_AND_RESEARCH_EVIDENCE_ONLY,NONE
603370.SH,SH_MAIN,1,0.33273,8,7,1,1,VALID,,,2026-08-31T19:23:15+08:00,DATA_AND_RESEARCH_EVIDENCE_ONLY,NONE
603373.SH,SH_MAIN,1,0.294999,7,6,1,0,VALID,,,2026-08-31T19:19:25+08:00,DATA_AND_RESEARCH_EVIDENCE_ONLY,NONE
603375.SH,SH_MAIN,1,0.365448,7,5,2,0,VALID,,,2026-08-31T19:19:38+08:00,DATA_AND_RESEARCH_EVIDENCE_ONLY,NONE
603376.SH,SH_MAIN,1,0.488406,4,3,1,0,VALID,,,2026-08-31T19:22:50+08:00,DATA_AND_RESEARCH_EVIDENCE_ONLY,NONE
603377.SH,SH_MAIN,1,0.322042,62,61,1,0,VALID,,,2026-08-31T19:22:56+08:00,DATA_AND_RESEARCH_EVIDENCE_ONLY,NONE
603378.SH,SH_MAIN,1,0.271685,15,14,1,0,VALID,,,2026-08-31T19:19:34+08:00,DATA_AND_RESEARCH_EVIDENCE_ONLY,NONE
603379.SH,SH_MAIN,1,0.525928,6,4,2,0,VALID,,,2026-08-31T19:22:57+08:00,DATA_AND_RESEARCH_EVIDENCE_ONLY,NONE
603380.SH,SH_MAIN,1,0.374303,10,9,1,0,VALID,,,2026-08-31T19:19:39+08:00,DATA_AND_RESEARCH_EVIDENCE_ONLY,NONE
603381.SH,SH_MAIN,1,0.314698,5,4,1,0,VALID,,,2026-08-31T19:19:34+08:00,DATA_AND_RESEARCH_EVIDENCE_ONLY,NONE
603382.SH,SH_MAIN,1,0.280096,5,4,1,0,VALID,,,2026-08-31T19:23:28+08:00,DATA_AND_RESEARCH_EVIDENCE_ONLY,NONE
603383.SH,SH_MAIN,1,0.297631,28,27,1,0,VALID,,,2026-08-31T19:22:56+08:00,DATA_AND_RESEARCH_EVIDENCE_ONLY,NONE
603385.SH,SH_MAIN,1,0.339197,21,20,1,0,VALID,,,2026-08-31T19:22:58+08:00,DATA_AND_RESEARCH_EVIDENCE_ONLY,NONE
603386.SH,SH_MAIN,1,0.361177,17,16,1,0,VALID,,,2026-08-31T19:22:58+08:00,DATA_AND_RESEARCH_EVIDENCE_ONLY,NONE
603387.SH,SH_MAIN,1,0.313834,18,17,1,0,VALID,,,2026-08-31T19:19:35+08:00,DATA_AND_RESEARCH_EVIDENCE_ONLY,NONE
603389.SH,SH_MAIN,1,0.347604,5,4,1,0,VALID,,,2026-08-31T19:22:57+08:00,DATA_AND_RESEARCH_EVIDENCE_ONLY,NONE
603390.SH,SH_MAIN,1,0.390161,18,17,1,0,VALID,,,2026-08-31T19:22:59+08:00,DATA_AND_RESEARCH_EVIDENCE_ONLY,NONE
603391.SH,SH_MAIN,1,0.655244,4,3,1,0,VALID,,,2026-08-31T19:23:59+08:00,DATA_AND_RESEARCH_EVIDENCE_ONLY,NONE
603392.SH,SH_MAIN,1,0.272727,13,11,2,0,VALID,,,2026-08-31T19:19:48+08:00,DATA_AND_RESEARCH_EVIDENCE_ONLY,NONE
603393.SH,SH_MAIN,1,0.299353,13,12,1,0,VALID,,,2026-08-31T19:22:57+08:00,DATA_AND_RESEARCH_EVIDENCE_ONLY,NONE
603395.SH,SH_MAIN,1,0.292466,6,5,1,0,VALID,,,2026-08-31T19:23:28+08:00,DATA_AND_RESEARCH_EVIDENCE_ONLY,NONE
603396.SH,SH_MAIN,1,0.719083,15,14,1,0,VALID,,,2026-08-31T19:23:28+08:00,DATA_AND_RESEARCH_EVIDENCE_ONLY,NONE
603398.SH,SH_MAIN,1,0.535346,15,14,1,0,VALID,,,2026-08-31T19:23:16+08:00,DATA_AND_RESEARCH_EVIDENCE_ONLY,NONE
603399.SH,SH_MAIN,1,0.273486,22,21,1,0,VALID,,,2026-08-31T19:22:57+08:00,DATA_AND_RESEARCH_EVIDENCE_ONLY,NONE
603400.SH,SH_MAIN,1,0.451829,6,5,1,0,VALID,,,2026-08-31T19:19:42+08:00,DATA_AND_RESEARCH_EVIDENCE_ONLY,NONE
603402.SH,SH_MAIN,1,0.289993,7,6,1,0,VALID,,,2026-08-31T19:22:58+08:00,DATA_AND_RESEARCH_EVIDENCE_ONLY,NONE
603406.SH,SH_MAIN,1,0.318651,5,4,1,0,VALID,,,2026-08-31T19:20:34+08:00,DATA_AND_RESEARCH_EVIDENCE_ONLY,NONE
603407.SH,SH_MAIN,1,0.306321,3,2,1,0,VALID,,,2026-08-31T19:22:50+08:00,DATA_AND_RESEARCH_EVIDENCE_ONLY,NONE
603408.SH,SH_MAIN,1,0.375889,12,11,1,0,VALID,,,2026-08-31T19:23:16+08:00,DATA_AND_RESEARCH_EVIDENCE_ONLY,NONE
603409.SH,SH_MAIN,1,0.302251,13,11,2,0,VALID,,,2026-08-31T19:19:25+08:00,DATA_AND_RESEARCH_EVIDENCE_ONLY,NONE
603416.SH,SH_MAIN,1,0.298283,10,9,1,0,VALID,,,2026-08-31T19:22:50+08:00,DATA_AND_RESEARCH_EVIDENCE_ONLY,NONE
603418.SH,SH_MAIN,1,0.36398,5,3,2,0,VALID,,,2026-08-31T19:19:39+08:00,DATA_AND_RESEARCH_EVIDENCE_ONLY,NONE
603421.SH,SH_MAIN,1,0.338761,19,17,2,0,VALID,,,2026-08-31T19:22:57+08:00,DATA_AND_RESEARCH_EVIDENCE_ONLY,NONE
603429.SH,SH_MAIN,1,0.286875,14,13,1,0,VALID,,,2026-08-31T19:23:29+08:00,DATA_AND_RESEARCH_EVIDENCE_ONLY,NONE
603435.SH,SH_MAIN,1,0.361643,3,2,1,0,VALID,,,2026-08-31T19:22:59+08:00,DATA_AND_RESEARCH_EVIDENCE_ONLY,NONE
603439.SH,SH_MAIN,1,0.37714,19,18,1,0,VALID,,,2026-08-31T19:23:17+08:00,DATA_AND_RESEARCH_EVIDENCE_ONLY,NONE
603444.SH,SH_MAIN,1,0.550242,19,18,1,0,VALID,,,2026-08-31T19:19:26+08:00,DATA_AND_RESEARCH_EVIDENCE_ONLY,NONE
603456.SH,SH_MAIN,1,0.362452,46,44,2,0,VALID,,,2026-08-31T19:23:17+08:00,DATA_AND_RESEARCH_EVIDENCE_ONLY,NONE
603458.SH,SH_MAIN,1,0.26606,16,15,1,0,VALID,,,2026-08-31T19:19:35+08:00,DATA_AND_RESEARCH_EVIDENCE_ONLY,NONE
603459.SH,SH_MAIN,1,0.337801,3,2,1,0,VALID,,,2026-08-31T19:19:43+08:00,DATA_AND_RESEARCH_EVIDENCE_ONLY,NONE
603466.SH,SH_MAIN,1,0.303862,35,34,1,0,VALID,,,2026-08-31T19:19:40+08:00,DATA_AND_RESEARCH_EVIDENCE_ONLY,NONE
603468.SH,SH_MAIN,1,0.289365,2,1,1,0,VALID,,,2026-08-31T19:23:29+08:00,DATA_AND_RESEARCH_EVIDENCE_ONLY,NONE
603477.SH,SH_MAIN,1,0.30178,41,40,1,0,VALID,,,2026-08-31T19:19:26+08:00,DATA_AND_RESEARCH_EVIDENCE_ONLY,NONE
603486.SH,SH_MAIN,1,0.373726,74,73,1,1,VALID,,,2026-08-31T19:23:18+08:00,DATA_AND_RESEARCH_EVIDENCE_ONLY,NONE
603488.SH,SH_MAIN,1,0.367509,9,8,1,0,VALID,,,2026-08-31T19:19:35+08:00,DATA_AND_RESEARCH_EVIDENCE_ONLY,NONE
603489.SH,SH_MAIN,1,0.27026,13,12,1,0,VALID,,,2026-08-31T19:20:34+08:00,DATA_AND_RESEARCH_EVIDENCE_ONLY,NONE
603496.SH,SH_MAIN,1,0.452855,21,19,2,0,VALID,,,2026-08-31T19:23:30+08:00,DATA_AND_RESEARCH_EVIDENCE_ONLY,NONE
603499.SH,SH_MAIN,1,0.271972,34,33,1,0,VALID,,,2026-08-31T19:20:34+08:00,DATA_AND_RESEARCH_EVIDENCE_ONLY,NONE
603500.SH,SH_MAIN,1,0.39203,17,16,1,0,VALID,,,2026-08-31T19:22:59+08:00,DATA_AND_RESEARCH_EVIDENCE_ONLY,NONE
603501.SH,SH_MAIN,1,0.338338,80,78,2,0,VALID,,,2026-08-31T19:19:43+08:00,DATA_AND_RESEARCH_EVIDENCE_ONLY,NONE
603505.SH,SH_MAIN,1,0.523082,17,16,1,0,VALID,,,2026-08-31T19:23:00+08:00,DATA_AND_RESEARCH_EVIDENCE_ONLY,NONE
603506.SH,SH_MAIN,1,0.285245,6,5,1,0,VALID,,,2026-08-31T19:22:58+08:00,DATA_AND_RESEARCH_EVIDENCE_ONLY,NONE
603507.SH,SH_MAIN,1,0.408658,22,21,1,0,VALID,,,2026-08-31T19:22:58+08:00,DATA_AND_RESEARCH_EVIDENCE_ONLY,NONE
603508.SH,SH_MAIN,1,0.301455,24,23,1,0,VALID,,,2026-08-31T19:19:40+08:00,DATA_AND_RESEARCH_EVIDENCE_ONLY,NONE
603511.SH,SH_MAIN,1,0.293719,10,9,1,0,VALID,,,2026-08-31T19:22:39+08:00,DATA_AND_RESEARCH_EVIDENCE_ONLY,NONE
603515.SH,SH_MAIN,1,0.702384,29,28,1,0,VALID,,,2026-08-31T19:23:00+08:00,DATA_AND_RESEARCH_EVIDENCE_ONLY,NONE
603516.SH,SH_MAIN,1,0.410407,37,37,0,0,VALID,,,2026-08-31T19:22:58+08:00,DATA_AND_RESEARCH_EVIDENCE_ONLY,NONE
603517.SH,SH_MAIN,1,0.290805,16,15,1,0,VALID,,,2026-08-31T19:19:40+08:00,DATA_AND_RESEARCH_EVIDENCE_ONLY,NONE
603518.SH,SH_MAIN,1,0.298445,65,63,2,0,VALID,,,2026-08-31T19:19:27+08:00,DATA_AND_RESEARCH_EVIDENCE_ONLY,NONE
603519.SH,SH_MAIN,1,0.30578,9,8,1,0,VALID,,,2026-08-31T19:22:59+08:00,DATA_AND_RESEARCH_EVIDENCE_ONLY,NONE
603520.SH,SH_MAIN,1,0.333026,19,18,1,0,VALID,,,2026-08-31T19:20:35+08:00,DATA_AND_RESEARCH_EVIDENCE_ONLY,NONE
603527.SH,SH_MAIN,1,0.267377,13,13,0,0,VALID,,,2026-08-31T19:19:35+08:00,DATA_AND_RESEARCH_EVIDENCE_ONLY,NONE
603528.SH,SH_MAIN,1,0.305359,29,28,1,0,VALID,,,2026-08-31T19:19:44+08:00,DATA_AND_RESEARCH_EVIDENCE_ONLY,NONE
603529.SH,SH_MAIN,1,0.289368,41,39,2,0,VALID,,,2026-08-31T19:23:30+08:00,DATA_AND_RESEARCH_EVIDENCE_ONLY,NONE
603530.SH,SH_MAIN,1,0.473842,12,11,1,0,VALID,,,2026-08-31T19:19:44+08:00,DATA_AND_RESEARCH_EVIDENCE_ONLY,NONE
603533.SH,SH_MAIN,1,0.329835,8,7,1,0,VALID,,,2026-08-31T19:19:48+08:00,DATA_AND_RESEARCH_EVIDENCE_ONLY,NONE
603535.SH,SH_MAIN,1,0.317626,19,18,1,0,VALID,,,2026-08-31T19:19:27+08:00,DATA_AND_RESEARCH_EVIDENCE_ONLY,NONE
603536.SH,SH_MAIN,1,0.272095,19,18,1,0,VALID,,,2026-08-31T19:22:58+08:00,DATA_AND_RESEARCH_EVIDENCE_ONLY,NONE
603538.SH,SH_MAIN,1,0.340977,70,69,1,0,VALID,,,2026-08-31T19:23:01+08:00,DATA_AND_RESEARCH_EVIDENCE_ONLY,NONE
603551.SH,SH_MAIN,1,0.686944,32,31,1,0,VALID,,,2026-08-31T19:19:44+08:00,DATA_AND_RESEARCH_EVIDENCE_ONLY,NONE
603556.SH,SH_MAIN,1,0.267939,17,16,1,0,VALID,,,2026-08-31T19:22:58+08:00,DATA_AND_RESEARCH_EVIDENCE_ONLY,NONE
603557.SH,SH_MAIN,1,0.2978,40,39,1,0,VALID,,,2026-08-31T19:22:39+08:00,DATA_AND_RESEARCH_EVIDENCE_ONLY,NONE
603558.SH,SH_MAIN,1,0.300339,23,22,1,0,VALID,,,2026-08-31T19:23:30+08:00,DATA_AND_RESEARCH_EVIDENCE_ONLY,NONE
603559.SH,SH_MAIN,1,0.366584,12,11,1,0,VALID,,,2026-08-31T19:22:40+08:00,DATA_AND_RESEARCH_EVIDENCE_ONLY,NONE
603565.SH,SH_MAIN,1,0.689127,11,10,1,0,VALID,,,2026-08-31T19:23:01+08:00,DATA_AND_RESEARCH_EVIDENCE_ONLY,NONE
603566.SH,SH_MAIN,1,0.311181,14,13,1,0,VALID,,,2026-08-31T19:19:49+08:00,DATA_AND_RESEARCH_EVIDENCE_ONLY,NONE
603567.SH,SH_MAIN,1,0.334028,13,12,1,0,VALID,,,2026-08-31T19:19:40+08:00,DATA_AND_RESEARCH_EVIDENCE_ONLY,NONE
603568.SH,SH_MAIN,1,0.259877,46,45,1,0,VALID,,,2026-08-31T19:22:59+08:00,DATA_AND_RESEARCH_EVIDENCE_ONLY,NONE
603569.SH,SH_MAIN,1,0.269668,30,26,4,0,VALID,,,2026-08-31T19:19:41+08:00,DATA_AND_RESEARCH_EVIDENCE_ONLY,NONE
603577.SH,SH_MAIN,1,0.395365,10,9,1,0,VALID,,,2026-08-31T19:19:45+08:00,DATA_AND_RESEARCH_EVIDENCE_ONLY,NONE
603578.SH,SH_MAIN,1,0.441072,33,33,0,0,VALID,,,2026-08-31T19:22:51+08:00,DATA_AND_RESEARCH_EVIDENCE_ONLY,NONE
603579.SH,SH_MAIN,1,0.287085,30,29,1,0,VALID,,,2026-08-31T19:19:41+08:00,DATA_AND_RESEARCH_EVIDENCE_ONLY,NONE
603580.SH,SH_MAIN,1,0.319683,8,8,0,0,VALID,,,2026-08-31T19:19:41+08:00,DATA_AND_RESEARCH_EVIDENCE_ONLY,NONE
603583.SH,SH_MAIN,1,0.50871,33,33,0,0,VALID,,,2026-08-31T19:19:46+08:00,DATA_AND_RESEARCH_EVIDENCE_ONLY,NONE
603585.SH,SH_MAIN,1,0.367421,28,27,1,0,VALID,,,2026-08-31T19:23:02+08:00,DATA_AND_RESEARCH_EVIDENCE_ONLY,NONE
603586.SH,SH_MAIN,1,0.506028,15,14,1,0,VALID,,,2026-08-31T19:19:46+08:00,DATA_AND_RESEARCH_EVIDENCE_ONLY,NONE
603587.SH,SH_MAIN,1,0.257566,18,17,1,0,VALID,,,2026-08-31T19:20:35+08:00,DATA_AND_RESEARCH_EVIDENCE_ONLY,NONE
603588.SH,SH_MAIN,1,0.354235,61,60,1,0,VALID,,,2026-08-31T19:19:46+08:00,DATA_AND_RESEARCH_EVIDENCE_ONLY,NONE
603589.SH,SH_MAIN,1,0.500107,7,6,1,0,VALID,,,2026-08-31T19:19:42+08:00,DATA_AND_RESEARCH_EVIDENCE_ONLY,NONE
603590.SH,SH_MAIN,1,0.34278,15,14,1,1,VALID,,,2026-08-31T19:23:18+08:00,DATA_AND_RESEARCH_EVIDENCE_ONLY,NONE
603595.SH,SH_MAIN,1,0.556743,15,14,1,0,VALID,,,2026-08-31T19:23:59+08:00,DATA_AND_RESEARCH_EVIDENCE_ONLY,NONE
603596.SH,SH_MAIN,1,0.306002,54,49,5,0,VALID,,,2026-08-31T19:22:51+08:00,DATA_AND_RESEARCH_EVIDENCE_ONLY,NONE
603598.SH,SH_MAIN,1,0.261101,17,16,1,0,VALID,,,2026-08-31T19:22:59+08:00,DATA_AND_RESEARCH_EVIDENCE_ONLY,NONE
603599.SH,SH_MAIN,1,0.298517,20,18,2,0,VALID,,,2026-08-31T19:22:40+08:00,DATA_AND_RESEARCH_EVIDENCE_ONLY,NONE
603600.SH,SH_MAIN,1,0.296612,19,18,1,0,VALID,,,2026-08-31T19:19:46+08:00,DATA_AND_RESEARCH_EVIDENCE_ONLY,NONE
603601.SH,SH_MAIN,1,0.339348,51,50,1,0,VALID,,,2026-08-31T19:19:49+08:00,DATA_AND_RESEARCH_EVIDENCE_ONLY,NONE
603602.SH,SH_MAIN,1,0.347136,27,25,2,0,VALID,,,2026-08-31T19:22:40+08:00,DATA_AND_RESEARCH_EVIDENCE_ONLY,NONE
603605.SH,SH_MAIN,1,0.361965,58,57,1,0,VALID,,,2026-08-31T19:23:18+08:00,DATA_AND_RESEARCH_EVIDENCE_ONLY,NONE
603606.SH,SH_MAIN,1,0.292084,18,17,1,0,VALID,,,2026-08-31T19:23:31+08:00,DATA_AND_RESEARCH_EVIDENCE_ONLY,NONE
603607.SH,SH_MAIN,1,0.303382,8,7,1,0,VALID,,,2026-08-31T19:19:42+08:00,DATA_AND_RESEARCH_EVIDENCE_ONLY,NONE
603608.SH,SH_MAIN,1,0.286104,50,49,1,0,VALID,,,2026-08-31T19:22:59+08:00,DATA_AND_RESEARCH_EVIDENCE_ONLY,NONE
603609.SH,SH_MAIN,1,0.347386,29,28,1,0,VALID,,,2026-08-31T19:23:19+08:00,DATA_AND_RESEARCH_EVIDENCE_ONLY,NONE
603610.SH,SH_MAIN,1,0.331177,9,8,1,0,VALID,,,2026-08-31T19:20:35+08:00,DATA_AND_RESEARCH_EVIDENCE_ONLY,NONE
603611.SH,SH_MAIN,1,0.292885,19,18,1,0,VALID,,,2026-08-31T19:24:00+08:00,DATA_AND_RESEARCH_EVIDENCE_ONLY,NONE
603612.SH,SH_MAIN,1,0.300965,27,26,1,0,VALID,,,2026-08-31T19:22:52+08:00,DATA_AND_RESEARCH_EVIDENCE_ONLY,NONE
603613.SH,SH_MAIN,1,0.50144,17,17,0,0,VALID,,,2026-08-31T19:22:59+08:00,DATA_AND_RESEARCH_EVIDENCE_ONLY,NONE
603615.SH,SH_MAIN,1,0.303723,9,8,1,0,VALID,,,2026-08-31T19:23:00+08:00,DATA_AND_RESEARCH_EVIDENCE_ONLY,NONE
603616.SH,SH_MAIN,1,0.3796,10,9,1,0,VALID,,,2026-08-31T19:23:02+08:00,DATA_AND_RESEARCH_EVIDENCE_ONLY,NONE
603617.SH,SH_MAIN,1,0.337421,41,40,1,0,VALID,,,2026-08-31T19:22:52+08:00,DATA_AND_RESEARCH_EVIDENCE_ONLY,NONE
603618.SH,SH_MAIN,1,0.265551,28,27,1,0,VALID,,,2026-08-31T19:19:49+08:00,DATA_AND_RESEARCH_EVIDENCE_ONLY,NONE
603619.SH,SH_MAIN,1,0.263309,12,11,1,0,VALID,,,2026-08-31T19:19:50+08:00,DATA_AND_RESEARCH_EVIDENCE_ONLY,NONE
603626.SH,SH_MAIN,1,0.502566,36,34,2,0,VALID,,,2026-08-31T19:23:00+08:00,DATA_AND_RESEARCH_EVIDENCE_ONLY,NONE
603628.SH,SH_MAIN,1,0.28691,13,12,1,0,VALID,,,2026-08-31T19:23:00+08:00,DATA_AND_RESEARCH_EVIDENCE_ONLY,NONE
603629.SH,SH_MAIN,1,0.296923,17,16,1,0,VALID,,,2026-08-31T19:24:00+08:00,DATA_AND_RESEARCH_EVIDENCE_ONLY,NONE
603630.SH,SH_MAIN,1,0.289275,21,20,1,0,VALID,,,2026-08-31T19:19:35+08:00,DATA_AND_RESEARCH_EVIDENCE_ONLY,NONE
603633.SH,SH_MAIN,1,0.271316,11,10,1,0,VALID,,,2026-08-31T19:19:35+08:00,DATA_AND_RESEARCH_EVIDENCE_ONLY,NONE
603636.SH,SH_MAIN,1,0.36407,20,19,1,0,VALID,,,2026-08-31T19:19:36+08:00,DATA_AND_RESEARCH_EVIDENCE_ONLY,NONE
603637.SH,SH_MAIN,1,0.597747,15,14,1,0,VALID,,,2026-08-31T19:20:35+08:00,DATA_AND_RESEARCH_EVIDENCE_ONLY,NONE
603638.SH,SH_MAIN,1,0.376659,34,33,1,0,VALID,,,2026-08-31T19:19:36+08:00,DATA_AND_RESEARCH_EVIDENCE_ONLY,NONE
603639.SH,SH_MAIN,1,0.636969,34,33,1,0,VALID,,,2026-08-31T19:19:35+08:00,DATA_AND_RESEARCH_EVIDENCE_ONLY,NONE
603648.SH,SH_MAIN,1,0.646841,5,4,1,0,VALID,,,2026-08-31T19:19:36+08:00,DATA_AND_RESEARCH_EVIDENCE_ONLY,NONE
603650.SH,SH_MAIN,1,0.26477,56,55,1,0,VALID,,,2026-08-31T19:19:37+08:00,DATA_AND_RESEARCH_EVIDENCE_ONLY,NONE
603655.SH,SH_MAIN,1,0.271461,4,3,1,0,VALID,,,2026-08-31T19:22:59+08:00,DATA_AND_RESEARCH_EVIDENCE_ONLY,NONE
603656.SH,SH_MAIN,1,0.562488,19,18,1,0,VALID,,,2026-08-31T19:22:41+08:00,DATA_AND_RESEARCH_EVIDENCE_ONLY,NONE
603657.SH,SH_MAIN,1,0.305237,14,13,1,0,VALID,,,2026-08-31T19:24:01+08:00,DATA_AND_RESEARCH_EVIDENCE_ONLY,NONE
603658.SH,SH_MAIN,1,0.702915,11,10,1,0,VALID,,,2026-08-31T19:23:31+08:00,DATA_AND_RESEARCH_EVIDENCE_ONLY,NONE
603659.SH,SH_MAIN,1,0.344699,37,36,1,0,VALID,,,2026-08-31T19:19:47+08:00,DATA_AND_RESEARCH_EVIDENCE_ONLY,NONE
603660.SH,SH_MAIN,1,0.35578,53,52,1,0,VALID,,,2026-08-31T19:24:01+08:00,DATA_AND_RESEARCH_EVIDENCE_ONLY,NONE
603661.SH,SH_MAIN,1,0.333901,5,4,1,0,VALID,,,2026-08-31T19:23:19+08:00,DATA_AND_RESEARCH_EVIDENCE_ONLY,NONE
603662.SH,SH_MAIN,1,0.259186,12,11,1,0,VALID,,,2026-08-31T19:19:37+08:00,DATA_AND_RESEARCH_EVIDENCE_ONLY,NONE
603663.SH,SH_MAIN,1,0.285892,40,39,1,0,VALID,,,2026-08-31T19:24:01+08:00,DATA_AND_RESEARCH_EVIDENCE_ONLY,NONE
603665.SH,SH_MAIN,1,0.262151,19,18,1,0,VALID,,,2026-08-31T19:20:36+08:00,DATA_AND_RESEARCH_EVIDENCE_ONLY,NONE
603666.SH,SH_MAIN,1,0.379783,18,17,1,0,VALID,,,2026-08-31T19:22:52+08:00,DATA_AND_RESEARCH_EVIDENCE_ONLY,NONE
603667.SH,SH_MAIN,1,0.481995,41,40,1,0,VALID,,,2026-08-31T19:19:42+08:00,DATA_AND_RESEARCH_EVIDENCE_ONLY,NONE
603668.SH,SH_MAIN,1,0.403924,37,36,1,0,VALID,,,2026-08-31T19:19:37+08:00,DATA_AND_RESEARCH_EVIDENCE_ONLY,NONE
603669.SH,SH_MAIN,1,0.2836,27,26,1,0,VALID,,,2026-08-31T19:20:36+08:00,DATA_AND_RESEARCH_EVIDENCE_ONLY,NONE
603676.SH,SH_MAIN,1,0.294097,14,13,1,0,VALID,,,2026-08-31T19:22:53+08:00,DATA_AND_RESEARCH_EVIDENCE_ONLY,NONE
603677.SH,SH_MAIN,1,0.296404,34,33,1,0,VALID,,,2026-08-31T19:19:36+08:00,DATA_AND_RESEARCH_EVIDENCE_ONLY,NONE
603678.SH,SH_MAIN,1,0.258221,49,48,1,0,VALID,,,2026-08-31T19:19:50+08:00,DATA_AND_RESEARCH_EVIDENCE_ONLY,NONE
603679.SH,SH_MAIN,1,0.462349,44,43,1,0,VALID,,,2026-08-31T19:23:03+08:00,DATA_AND_RESEARCH_EVIDENCE_ONLY,NONE
603680.SH,SH_MAIN,1,0.269482,16,15,1,0,VALID,,,2026-08-31T19:19:38+08:00,DATA_AND_RESEARCH_EVIDENCE_ONLY,NONE
603681.SH,SH_MAIN,1,0.293674,34,34,0,0,VALID,,,2026-08-31T19:23:01+08:00,DATA_AND_RESEARCH_EVIDENCE_ONLY,NONE
603682.SH,SH_MAIN,1,0.390988,5,3,2,0,VALID,,,2026-08-31T19:23:32+08:00,DATA_AND_RESEARCH_EVIDENCE_ONLY,NONE
603683.SH,SH_MAIN,1,0.305894,34,33,1,1,VALID,,,2026-08-31T19:23:01+08:00,DATA_AND_RESEARCH_EVIDENCE_ONLY,NONE
603685.SH,SH_MAIN,1,0.466757,22,21,1,0,VALID,,,2026-08-31T19:19:43+08:00,DATA_AND_RESEARCH_EVIDENCE_ONLY,NONE
603686.SH,SH_MAIN,1,0.707611,18,17,1,0,VALID,,,2026-08-31T19:24:02+08:00,DATA_AND_RESEARCH_EVIDENCE_ONLY,NONE
603687.SH,SH_MAIN,1,0.265556,25,24,1,0,VALID,,,2026-08-31T19:19:50+08:00,DATA_AND_RESEARCH_EVIDENCE_ONLY,NONE
603688.SH,SH_MAIN,1,0.337272,26,25,1,0,VALID,,,2026-08-31T19:23:00+08:00,DATA_AND_RESEARCH_EVIDENCE_ONLY,NONE
603689.SH,SH_MAIN,1,0.30434,36,35,1,0,VALID,,,2026-08-31T19:19:27+08:00,DATA_AND_RESEARCH_EVIDENCE_ONLY,NONE
603690.SH,SH_MAIN,1,0.310093,57,56,1,0,VALID,,,2026-08-31T19:23:32+08:00,DATA_AND_RESEARCH_EVIDENCE_ONLY,NONE
603693.SH,SH_MAIN,1,0.291235,8,6,2,0,VALID,,,2026-08-31T19:19:43+08:00,DATA_AND_RESEARCH_EVIDENCE_ONLY,NONE
603696.SH,SH_MAIN,1,0.365534,7,6,1,0,VALID,,,2026-08-31T19:19:37+08:00,DATA_AND_RESEARCH_EVIDENCE_ONLY,NONE
603697.SH,SH_MAIN,1,0.301325,24,23,1,0,VALID,,,2026-08-31T19:22:53+08:00,DATA_AND_RESEARCH_EVIDENCE_ONLY,NONE
603698.SH,SH_MAIN,1,0.295754,5,4,1,0,VALID,,,2026-08-31T19:22:53+08:00,DATA_AND_RESEARCH_EVIDENCE_ONLY,NONE
603699.SH,SH_MAIN,1,0.297484,15,14,1,1,VALID,,,2026-08-31T19:23:32+08:00,DATA_AND_RESEARCH_EVIDENCE_ONLY,NONE
603700.SH,SH_MAIN,1,0.294255,18,18,0,0,VALID,,,2026-08-31T19:22:41+08:00,DATA_AND_RESEARCH_EVIDENCE_ONLY,NONE
603701.SH,SH_MAIN,1,0.350351,19,18,1,0,VALID,,,2026-08-31T19:24:02+08:00,DATA_AND_RESEARCH_EVIDENCE_ONLY,NONE
603703.SH,SH_MAIN,1,0.290822,9,8,1,0,VALID,,,2026-08-31T19:19:46+08:00,DATA_AND_RESEARCH_EVIDENCE_ONLY,NONE
603706.SH,SH_MAIN,1,0.500695,6,5,1,0,VALID,,,2026-08-31T19:19:38+08:00,DATA_AND_RESEARCH_EVIDENCE_ONLY,NONE
603707.SH,SH_MAIN,1,0.298294,47,46,1,0,VALID,,,2026-08-31T19:23:01+08:00,DATA_AND_RESEARCH_EVIDENCE_ONLY,NONE
603708.SH,SH_MAIN,1,0.355588,24,23,1,0,VALID,,,2026-08-31T19:22:54+08:00,DATA_AND_RESEARCH_EVIDENCE_ONLY,NONE
603709.SH,SH_MAIN,1,0.360727,13,12,1,0,VALID,,,2026-08-31T19:19:47+08:00,DATA_AND_RESEARCH_EVIDENCE_ONLY,NONE
603711.SH,SH_MAIN,1,0.390678,16,15,1,0,VALID,,,2026-08-31T19:19:47+08:00,DATA_AND_RESEARCH_EVIDENCE_ONLY,NONE
603712.SH,SH_MAIN,1,0.355101,5,4,1,0,VALID,,,2026-08-31T19:19:48+08:00,DATA_AND_RESEARCH_EVIDENCE_ONLY,NONE
603713.SH,SH_MAIN,1,0.294684,46,45,1,0,VALID,,,2026-08-31T19:19:37+08:00,DATA_AND_RESEARCH_EVIDENCE_ONLY,NONE
603716.SH,SH_MAIN,1,0.341545,34,33,1,0,VALID,,,2026-08-31T19:19:48+08:00,DATA_AND_RESEARCH_EVIDENCE_ONLY,NONE
603717.SH,SH_MAIN,1,0.294423,7,6,1,0,VALID,,,2026-08-31T19:22:42+08:00,DATA_AND_RESEARCH_EVIDENCE_ONLY,NONE
603718.SH,SH_MAIN,1,0.65014,10,9,1,0,VALID,,,2026-08-31T19:23:03+08:00,DATA_AND_RESEARCH_EVIDENCE_ONLY,NONE
603719.SH,SH_MAIN,1,0.326109,5,4,1,0,VALID,,,2026-08-31T19:23:19+08:00,DATA_AND_RESEARCH_EVIDENCE_ONLY,NONE
603721.SH,SH_MAIN,1,0.600706,6,5,1,0,VALID,,,2026-08-31T19:19:50+08:00,DATA_AND_RESEARCH_EVIDENCE_ONLY,NONE
603722.SH,SH_MAIN,1,0.271042,21,19,2,0,VALID,,,2026-08-31T19:19:38+08:00,DATA_AND_RESEARCH_EVIDENCE_ONLY,NONE
603725.SH,SH_MAIN,1,0.382898,12,10,2,0,VALID,,,2026-08-31T19:23:20+08:00,DATA_AND_RESEARCH_EVIDENCE_ONLY,NONE
603726.SH,SH_MAIN,1,0.264406,9,8,1,0,VALID,,,2026-08-31T19:20:37+08:00,DATA_AND_RESEARCH_EVIDENCE_ONLY,NONE
603727.SH,SH_MAIN,1,0.269297,13,12,1,0,VALID,,,2026-08-31T19:19:39+08:00,DATA_AND_RESEARCH_EVIDENCE_ONLY,NONE
603728.SH,SH_MAIN,1,0.27329,13,12,1,0,VALID,,,2026-08-31T19:23:00+08:00,DATA_AND_RESEARCH_EVIDENCE_ONLY,NONE
603729.SH,SH_MAIN,1,0.315054,6,5,1,0,VALID,,,2026-08-31T19:22:54+08:00,DATA_AND_RESEARCH_EVIDENCE_ONLY,NONE
603730.SH,SH_MAIN,1,0.277822,28,26,2,0,VALID,,,2026-08-31T19:20:37+08:00,DATA_AND_RESEARCH_EVIDENCE_ONLY,NONE
603733.SH,SH_MAIN,1,0.350704,21,20,1,0,VALID,,,2026-08-31T19:23:20+08:00,DATA_AND_RESEARCH_EVIDENCE_ONLY,NONE
603737.SH,SH_MAIN,1,0.268231,22,21,1,0,VALID,,,2026-08-31T19:19:51+08:00,DATA_AND_RESEARCH_EVIDENCE_ONLY,NONE
603738.SH,SH_MAIN,1,0.294445,31,30,1,0,VALID,,,2026-08-31T19:23:02+08:00,DATA_AND_RESEARCH_EVIDENCE_ONLY,NONE
603739.SH,SH_MAIN,1,0.265511,12,11,1,0,VALID,,,2026-08-31T19:23:00+08:00,DATA_AND_RESEARCH_EVIDENCE_ONLY,NONE
603755.SH,SH_MAIN,1,0.397236,4,3,1,0,VALID,,,2026-08-31T19:23:01+08:00,DATA_AND_RESEARCH_EVIDENCE_ONLY,NONE
603757.SH,SH_MAIN,1,0.375708,35,34,1,0,VALID,,,2026-08-31T19:23:20+08:00,DATA_AND_RESEARCH_EVIDENCE_ONLY,NONE
603758.SH,SH_MAIN,1,0.293519,7,6,1,0,VALID,,,2026-08-31T19:19:37+08:00,DATA_AND_RESEARCH_EVIDENCE_ONLY,NONE
603759.SH,SH_MAIN,1,0.604785,5,4,1,0,VALID,,,2026-08-31T19:19:47+08:00,DATA_AND_RESEARCH_EVIDENCE_ONLY,NONE
603766.SH,SH_MAIN,1,0.264362,24,23,1,0,VALID,,,2026-08-31T19:23:01+08:00,DATA_AND_RESEARCH_EVIDENCE_ONLY,NONE
603767.SH,SH_MAIN,1,0.272207,19,12,7,0,VALID,,,2026-08-31T19:19:51+08:00,DATA_AND_RESEARCH_EVIDENCE_ONLY,NONE
603768.SH,SH_MAIN,1,0.260905,7,6,1,0,VALID,,,2026-08-31T19:23:01+08:00,DATA_AND_RESEARCH_EVIDENCE_ONLY,NONE
603773.SH,SH_MAIN,1,0.295157,37,37,0,0,VALID,,,2026-08-31T19:22:54+08:00,DATA_AND_RESEARCH_EVIDENCE_ONLY,NONE
603776.SH,SH_MAIN,1,0.272404,41,40,1,0,VALID,,,2026-08-31T19:19:51+08:00,DATA_AND_RESEARCH_EVIDENCE_ONLY,NONE
603777.SH,SH_MAIN,1,0.772299,20,18,2,0,VALID,,,2026-08-31T19:24:03+08:00,DATA_AND_RESEARCH_EVIDENCE_ONLY,NONE
603778.SH,SH_MAIN,1,0.345476,12,11,1,0,VALID,,,2026-08-31T19:19:48+08:00,DATA_AND_RESEARCH_EVIDENCE_ONLY,NONE
603779.SH,SH_MAIN,1,0.573933,10,9,1,0,VALID,,,2026-08-31T19:24:03+08:00,DATA_AND_RESEARCH_EVIDENCE_ONLY,NONE
603786.SH,SH_MAIN,1,0.454894,16,12,4,0,VALID,,,2026-08-31T19:23:04+08:00,DATA_AND_RESEARCH_EVIDENCE_ONLY,NONE
603787.SH,SH_MAIN,1,0.368591,7,6,1,0,VALID,,,2026-08-31T19:19:49+08:00,DATA_AND_RESEARCH_EVIDENCE_ONLY,NONE
603788.SH,SH_MAIN,1,0.346341,18,17,1,0,VALID,,,2026-08-31T19:19:52+08:00,DATA_AND_RESEARCH_EVIDENCE_ONLY,NONE
603789.SH,SH_MAIN,1,0.294549,12,11,1,0,VALID,,,2026-08-31T19:23:02+08:00,DATA_AND_RESEARCH_EVIDENCE_ONLY,NONE
603790.SH,SH_MAIN,1,1.291242,5,4,1,0,VALID,,,2026-08-31T19:24:04+08:00,DATA_AND_RESEARCH_EVIDENCE_ONLY,NONE
603797.SH,SH_MAIN,1,0.331866,33,32,1,0,VALID,,,2026-08-31T19:23:04+08:00,DATA_AND_RESEARCH_EVIDENCE_ONLY,NONE
603798.SH,SH_MAIN,1,0.377509,7,6,1,0,VALID,,,2026-08-31T19:23:05+08:00,DATA_AND_RESEARCH_EVIDENCE_ONLY,NONE
603799.SH,SH_MAIN,1,0.671776,76,72,4,0,VALID,,,2026-08-31T19:24:05+08:00,DATA_AND_RESEARCH_EVIDENCE_ONLY,NONE
603800.SH,SH_MAIN,1,0.269253,4,3,1,0,VALID,,,2026-08-31T19:19:47+08:00,DATA_AND_RESEARCH_EVIDENCE_ONLY,NONE
603801.SH,SH_MAIN,1,0.299415,27,26,1,0,VALID,,,2026-08-31T19:22:55+08:00,DATA_AND_RESEARCH_EVIDENCE_ONLY,NONE
603803.SH,SH_MAIN,1,0.263173,10,9,1,0,VALID,,,2026-08-31T19:19:39+08:00,DATA_AND_RESEARCH_EVIDENCE_ONLY,NONE
603806.SH,SH_MAIN,1,0.303097,31,30,1,0,VALID,,,2026-08-31T19:22:42+08:00,DATA_AND_RESEARCH_EVIDENCE_ONLY,NONE
603808.SH,SH_MAIN,1,0.265536,20,19,1,0,VALID,,,2026-08-31T19:20:37+08:00,DATA_AND_RESEARCH_EVIDENCE_ONLY,NONE
603809.SH,SH_MAIN,1,0.300367,28,27,1,0,VALID,,,2026-08-31T19:23:02+08:00,DATA_AND_RESEARCH_EVIDENCE_ONLY,NONE
603810.SH,SH_MAIN,1,0.311156,36,35,1,0,VALID,,,2026-08-31T19:24:06+08:00,DATA_AND_RESEARCH_EVIDENCE_ONLY,NONE
603811.SH,SH_MAIN,1,0.29838,9,8,1,0,VALID,,,2026-08-31T19:19:27+08:00,DATA_AND_RESEARCH_EVIDENCE_ONLY,NONE
603813.SH,SH_MAIN,1,0.641119,18,17,1,0,VALID,,,2026-08-31T19:19:39+08:00,DATA_AND_RESEARCH_EVIDENCE_ONLY,NONE
603815.SH,SH_MAIN,1,0.389649,6,5,1,0,VALID,,,2026-08-31T19:23:05+08:00,DATA_AND_RESEARCH_EVIDENCE_ONLY,NONE
603816.SH,SH_MAIN,1,0.501848,38,37,1,0,VALID,,,2026-08-31T19:19:49+08:00,DATA_AND_RESEARCH_EVIDENCE_ONLY,NONE
603817.SH,SH_MAIN,1,0.329167,32,31,1,0,VALID,,,2026-08-31T19:23:02+08:00,DATA_AND_RESEARCH_EVIDENCE_ONLY,NONE
603818.SH,SH_MAIN,1,0.445114,26,25,1,0,VALID,,,2026-08-31T19:23:21+08:00,DATA_AND_RESEARCH_EVIDENCE_ONLY,NONE
603819.SH,SH_MAIN,1,0.726655,13,12,1,0,VALID,,,2026-08-31T19:19:44+08:00,DATA_AND_RESEARCH_EVIDENCE_ONLY,NONE
603822.SH,SH_MAIN,1,0.30341,35,34,1,0,VALID,,,2026-08-31T19:23:03+08:00,DATA_AND_RESEARCH_EVIDENCE_ONLY,NONE
603823.SH,SH_MAIN,1,0.375997,14,13,1,0,VALID,,,2026-08-31T19:23:02+08:00,DATA_AND_RESEARCH_EVIDENCE_ONLY,NONE
603825.SH,SH_MAIN,1,0.292187,17,15,2,0,VALID,,,2026-08-31T19:22:55+08:00,DATA_AND_RESEARCH_EVIDENCE_ONLY,NONE
603826.SH,SH_MAIN,1,0.273923,7,6,1,0,VALID,,,2026-08-31T19:19:52+08:00,DATA_AND_RESEARCH_EVIDENCE_ONLY,NONE
603828.SH,SH_MAIN,1,0.39142,20,19,1,0,VALID,,,2026-08-31T19:22:55+08:00,DATA_AND_RESEARCH_EVIDENCE_ONLY,NONE
603829.SH,SH_MAIN,1,0.367994,15,14,1,0,VALID,,,2026-08-31T19:19:44+08:00,DATA_AND_RESEARCH_EVIDENCE_ONLY,NONE
603833.SH,SH_MAIN,1,0.522831,36,35,1,0,VALID,,,2026-08-31T19:23:33+08:00,DATA_AND_RESEARCH_EVIDENCE_ONLY,NONE
603836.SH,SH_MAIN,1,0.318,6,5,1,0,VALID,,,2026-08-31T19:19:45+08:00,DATA_AND_RESEARCH_EVIDENCE_ONLY,NONE
603838.SH,SH_MAIN,1,0.293652,8,7,1,0,VALID,,,2026-08-31T19:22:56+08:00,DATA_AND_RESEARCH_EVIDENCE_ONLY,NONE
603839.SH,SH_MAIN,1,0.314691,21,20,1,0,VALID,,,2026-08-31T19:23:03+08:00,DATA_AND_RESEARCH_EVIDENCE_ONLY,NONE
603843.SH,SH_MAIN,1,0.31395,8,6,2,0,VALID,,,2026-08-31T19:19:50+08:00,DATA_AND_RESEARCH_EVIDENCE_ONLY,NONE
603848.SH,SH_MAIN,1,0.375152,11,10,1,0,VALID,,,2026-08-31T19:19:52+08:00,DATA_AND_RESEARCH_EVIDENCE_ONLY,NONE
603855.SH,SH_MAIN,1,0.39641,20,20,0,0,VALID,,,2026-08-31T19:19:50+08:00,DATA_AND_RESEARCH_EVIDENCE_ONLY,NONE
603856.SH,SH_MAIN,1,0.288802,11,10,1,0,VALID,,,2026-08-31T19:23:33+08:00,DATA_AND_RESEARCH_EVIDENCE_ONLY,NONE
603858.SH,SH_MAIN,1,0.262922,8,7,1,0,VALID,,,2026-08-31T19:20:37+08:00,DATA_AND_RESEARCH_EVIDENCE_ONLY,NONE
603859.SH,SH_MAIN,1,0.329737,15,14,1,0,VALID,,,2026-08-31T19:19:53+08:00,DATA_AND_RESEARCH_EVIDENCE_ONLY,NONE
603860.SH,SH_MAIN,1,0.438898,4,3,1,0,VALID,,,2026-08-31T19:24:06+08:00,DATA_AND_RESEARCH_EVIDENCE_ONLY,NONE
603861.SH,SH_MAIN,1,0.312562,39,36,3,0,VALID,,,2026-08-31T19:23:03+08:00,DATA_AND_RESEARCH_EVIDENCE_ONLY,NONE
603863.SH,SH_MAIN,1,0.268409,15,13,2,0,VALID,,,2026-08-31T19:20:38+08:00,DATA_AND_RESEARCH_EVIDENCE_ONLY,NONE
603866.SH,SH_MAIN,1,0.272911,17,16,1,0,VALID,,,2026-08-31T19:20:38+08:00,DATA_AND_RESEARCH_EVIDENCE_ONLY,NONE
603867.SH,SH_MAIN,1,0.304678,36,35,1,0,VALID,,,2026-08-31T19:19:38+08:00,DATA_AND_RESEARCH_EVIDENCE_ONLY,NONE
603868.SH,SH_MAIN,1,0.29716,3,2,1,0,VALID,,,2026-08-31T19:19:28+08:00,DATA_AND_RESEARCH_EVIDENCE_ONLY,NONE
603869.SH,SH_MAIN,1,0.394747,14,13,1,0,VALID,,,2026-08-31T19:23:21+08:00,DATA_AND_RESEARCH_EVIDENCE_ONLY,NONE
603871.SH,SH_MAIN,1,0.277119,28,27,1,0,VALID,,,2026-08-31T19:20:38+08:00,DATA_AND_RESEARCH_EVIDENCE_ONLY,NONE
603876.SH,SH_MAIN,1,0.353712,72,71,1,0,VALID,,,2026-08-31T19:24:07+08:00,DATA_AND_RESEARCH_EVIDENCE_ONLY,NONE
603877.SH,SH_MAIN,1,0.308268,30,29,1,0,VALID,,,2026-08-31T19:19:28+08:00,DATA_AND_RESEARCH_EVIDENCE_ONLY,NONE
603878.SH,SH_MAIN,1,0.378042,20,19,1,0,VALID,,,2026-08-31T19:19:38+08:00,DATA_AND_RESEARCH_EVIDENCE_ONLY,NONE
603879.SH,SH_MAIN,1,0.465686,11,10,1,0,VALID,,,2026-08-31T19:19:50+08:00,DATA_AND_RESEARCH_EVIDENCE_ONLY,NONE
603880.SH,SH_MAIN,1,0.333981,12,11,1,0,VALID,,,2026-08-31T19:23:06+08:00,DATA_AND_RESEARCH_EVIDENCE_ONLY,NONE
603881.SH,SH_MAIN,1,0.66343,11,10,1,0,VALID,,,2026-08-31T19:24:07+08:00,DATA_AND_RESEARCH_EVIDENCE_ONLY,NONE
603882.SH,SH_MAIN,1,0.331568,13,12,1,0,VALID,,,2026-08-31T19:20:39+08:00,DATA_AND_RESEARCH_EVIDENCE_ONLY,NONE
603883.SH,SH_MAIN,1,0.485887,34,33,1,0,VALID,,,2026-08-31T19:23:22+08:00,DATA_AND_RESEARCH_EVIDENCE_ONLY,NONE
603885.SH,SH_MAIN,1,0.292693,16,15,1,0,VALID,,,2026-08-31T19:22:42+08:00,DATA_AND_RESEARCH_EVIDENCE_ONLY,NONE
603886.SH,SH_MAIN,1,0.277508,4,3,1,0,VALID,,,2026-08-31T19:19:45+08:00,DATA_AND_RESEARCH_EVIDENCE_ONLY,NONE
603887.SH,SH_MAIN,1,0.467793,47,46,1,0,VALID,,,2026-08-31T19:19:38+08:00,DATA_AND_RESEARCH_EVIDENCE_ONLY,NONE
603888.SH,SH_MAIN,1,0.407382,7,6,1,0,VALID,,,2026-08-31T19:19:40+08:00,DATA_AND_RESEARCH_EVIDENCE_ONLY,NONE
603889.SH,SH_MAIN,1,0.31768,25,24,1,0,VALID,,,2026-08-31T19:22:56+08:00,DATA_AND_RESEARCH_EVIDENCE_ONLY,NONE
603890.SH,SH_MAIN,1,0.298657,59,58,1,1,VALID,,,2026-08-31T19:23:33+08:00,DATA_AND_RESEARCH_EVIDENCE_ONLY,NONE
603893.SH,SH_MAIN,1,0.340693,57,55,2,0,VALID,,,2026-08-31T19:19:53+08:00,DATA_AND_RESEARCH_EVIDENCE_ONLY,NONE
603895.SH,SH_MAIN,1,0.284785,5,4,1,0,VALID,,,2026-08-31T19:23:04+08:00,DATA_AND_RESEARCH_EVIDENCE_ONLY,NONE
603896.SH,SH_MAIN,1,0.31336,37,36,1,0,VALID,,,2026-08-31T19:22:43+08:00,DATA_AND_RESEARCH_EVIDENCE_ONLY,NONE
603897.SH,SH_MAIN,1,0.305526,20,19,1,0,VALID,,,2026-08-31T19:24:08+08:00,DATA_AND_RESEARCH_EVIDENCE_ONLY,NONE
603898.SH,SH_MAIN,1,0.297049,42,41,1,0,VALID,,,2026-08-31T19:22:56+08:00,DATA_AND_RESEARCH_EVIDENCE_ONLY,NONE
603899.SH,SH_MAIN,1,0.36979,14,13,1,0,VALID,,,2026-08-31T19:23:22+08:00,DATA_AND_RESEARCH_EVIDENCE_ONLY,NONE
603900.SH,SH_MAIN,1,0.260331,14,13,1,0,VALID,,,2026-08-31T19:20:39+08:00,DATA_AND_RESEARCH_EVIDENCE_ONLY,NONE
603901.SH,SH_MAIN,1,0.297509,69,68,1,0,VALID,,,2026-08-31T19:22:43+08:00,DATA_AND_RESEARCH_EVIDENCE_ONLY,NONE
603903.SH,SH_MAIN,1,0.477151,16,15,1,0,VALID,,,2026-08-31T19:19:51+08:00,DATA_AND_RESEARCH_EVIDENCE_ONLY,NONE
603906.SH,SH_MAIN,1,0.318035,29,28,1,0,VALID,,,2026-08-31T19:19:51+08:00,DATA_AND_RESEARCH_EVIDENCE_ONLY,NONE
603908.SH,SH_MAIN,1,0.269338,6,5,1,0,VALID,,,2026-08-31T19:23:02+08:00,DATA_AND_RESEARCH_EVIDENCE_ONLY,NONE
603909.SH,SH_MAIN,1,0.287852,12,11,1,0,VALID,,,2026-08-31T19:22:43+08:00,DATA_AND_RESEARCH_EVIDENCE_ONLY,NONE
603912.SH,SH_MAIN,1,0.301758,54,53,1,0,VALID,,,2026-08-31T19:22:44+08:00,DATA_AND_RESEARCH_EVIDENCE_ONLY,NONE
603915.SH,SH_MAIN,1,0.32786,18,17,1,0,VALID,,,2026-08-31T19:23:03+08:00,DATA_AND_RESEARCH_EVIDENCE_ONLY,NONE
603916.SH,SH_MAIN,1,0.509083,34,33,1,0,VALID,,,2026-08-31T19:19:52+08:00,DATA_AND_RESEARCH_EVIDENCE_ONLY,NONE
603917.SH,SH_MAIN,1,0.277572,7,6,1,0,VALID,,,2026-08-31T19:19:45+08:00,DATA_AND_RESEARCH_EVIDENCE_ONLY,NONE
603918.SH,SH_MAIN,1,0.369266,46,45,1,0,VALID,,,2026-08-31T19:24:08+08:00,DATA_AND_RESEARCH_EVIDENCE_ONLY,NONE
603919.SH,SH_MAIN,1,0.296143,10,9,1,0,VALID,,,2026-08-31T19:23:04+08:00,DATA_AND_RESEARCH_EVIDENCE_ONLY,NONE
603920.SH,SH_MAIN,1,0.281731,37,36,1,0,VALID,,,2026-08-31T19:19:53+08:00,DATA_AND_RESEARCH_EVIDENCE_ONLY,NONE
603922.SH,SH_MAIN,1,0.274812,4,3,1,0,VALID,,,2026-08-31T19:20:39+08:00,DATA_AND_RESEARCH_EVIDENCE_ONLY,NONE
603926.SH,SH_MAIN,1,0.407318,23,22,1,0,VALID,,,2026-08-31T19:24:08+08:00,DATA_AND_RESEARCH_EVIDENCE_ONLY,NONE
603927.SH,SH_MAIN,1,0.435686,27,26,1,0,VALID,,,2026-08-31T19:23:06+08:00,DATA_AND_RESEARCH_EVIDENCE_ONLY,NONE
603928.SH,SH_MAIN,1,0.338934,6,5,1,0,VALID,,,2026-08-31T19:19:48+08:00,DATA_AND_RESEARCH_EVIDENCE_ONLY,NONE
603929.SH,SH_MAIN,1,0.256584,4,3,1,0,VALID,,,2026-08-31T19:20:39+08:00,DATA_AND_RESEARCH_EVIDENCE_ONLY,NONE
603931.SH,SH_MAIN,1,0.276216,7,6,1,0,VALID,,,2026-08-31T19:19:46+08:00,DATA_AND_RESEARCH_EVIDENCE_ONLY,NONE
603933.SH,SH_MAIN,1,0.299371,14,13,1,0,VALID,,,2026-08-31T19:24:09+08:00,DATA_AND_RESEARCH_EVIDENCE_ONLY,NONE
603936.SH,SH_MAIN,1,0.51966,20,19,1,0,VALID,,,2026-08-31T19:23:06+08:00,DATA_AND_RESEARCH_EVIDENCE_ONLY,NONE
603937.SH,SH_MAIN,1,0.306058,12,12,0,0,VALID,,,2026-08-31T19:22:56+08:00,DATA_AND_RESEARCH_EVIDENCE_ONLY,NONE
603938.SH,SH_MAIN,1,0.282746,7,6,1,0,VALID,,,2026-08-31T19:20:40+08:00,DATA_AND_RESEARCH_EVIDENCE_ONLY,NONE
603939.SH,SH_MAIN,1,0.300499,46,45,1,0,VALID,,,2026-08-31T19:22:44+08:00,DATA_AND_RESEARCH_EVIDENCE_ONLY,NONE
603948.SH,SH_MAIN,1,0.308499,9,8,1,0,VALID,,,2026-08-31T19:19:48+08:00,DATA_AND_RESEARCH_EVIDENCE_ONLY,NONE
603949.SH,SH_MAIN,1,0.539501,9,8,1,0,VALID,,,2026-08-31T19:23:23+08:00,DATA_AND_RESEARCH_EVIDENCE_ONLY,NONE
603950.SH,SH_MAIN,1,0.292879,8,7,1,0,VALID,,,2026-08-31T19:19:54+08:00,DATA_AND_RESEARCH_EVIDENCE_ONLY,NONE
603955.SH,SH_MAIN,1,0.258616,7,6,1,0,VALID,,,2026-08-31T19:20:40+08:00,DATA_AND_RESEARCH_EVIDENCE_ONLY,NONE
603956.SH,SH_MAIN,1,0.381236,23,21,2,0,VALID,,,2026-08-31T19:23:23+08:00,DATA_AND_RESEARCH_EVIDENCE_ONLY,NONE
603958.SH,SH_MAIN,1,0.319439,17,16,1,0,VALID,,,2026-08-31T19:24:09+08:00,DATA_AND_RESEARCH_EVIDENCE_ONLY,NONE
603959.SH,SH_MAIN,1,0.404216,8,7,1,0,VALID,,,2026-08-31T19:19:39+08:00,DATA_AND_RESEARCH_EVIDENCE_ONLY,NONE
603960.SH,SH_MAIN,1,0.297656,28,27,1,0,VALID,,,2026-08-31T19:22:57+08:00,DATA_AND_RESEARCH_EVIDENCE_ONLY,NONE
603966.SH,SH_MAIN,1,0.724509,44,43,1,0,VALID,,,2026-08-31T19:19:28+08:00,DATA_AND_RESEARCH_EVIDENCE_ONLY,NONE
603967.SH,SH_MAIN,1,0.280007,5,4,1,0,VALID,,,2026-08-31T19:19:39+08:00,DATA_AND_RESEARCH_EVIDENCE_ONLY,NONE
603968.SH,SH_MAIN,1,0.335337,9,8,1,0,VALID,,,2026-08-31T19:19:54+08:00,DATA_AND_RESEARCH_EVIDENCE_ONLY,NONE
603969.SH,SH_MAIN,1,0.412218,19,18,1,0,VALID,,,2026-08-31T19:23:23+08:00,DATA_AND_RESEARCH_EVIDENCE_ONLY,NONE
603970.SH,SH_MAIN,1,0.272663,7,6,1,0,VALID,,,2026-08-31T19:19:54+08:00,DATA_AND_RESEARCH_EVIDENCE_ONLY,NONE
603976.SH,SH_MAIN,1,0.342946,24,23,1,0,VALID,,,2026-08-31T19:23:04+08:00,DATA_AND_RESEARCH_EVIDENCE_ONLY,NONE
603977.SH,SH_MAIN,1,0.347972,15,14,1,0,VALID,,,2026-08-31T19:24:09+08:00,DATA_AND_RESEARCH_EVIDENCE_ONLY,NONE
603978.SH,SH_MAIN,1,0.299861,33,31,2,0,VALID,,,2026-08-31T19:22:44+08:00,DATA_AND_RESEARCH_EVIDENCE_ONLY,NONE
603979.SH,SH_MAIN,1,0.379484,33,32,1,0,VALID,,,2026-08-31T19:23:07+08:00,DATA_AND_RESEARCH_EVIDENCE_ONLY,NONE
603980.SH,SH_MAIN,1,0.294486,6,5,1,0,VALID,,,2026-08-31T19:23:03+08:00,DATA_AND_RESEARCH_EVIDENCE_ONLY,NONE
603982.SH,SH_MAIN,1,0.31023,49,48,1,0,VALID,,,2026-08-31T19:22:57+08:00,DATA_AND_RESEARCH_EVIDENCE_ONLY,NONE
603983.SH,SH_MAIN,1,0.295585,8,6,2,0,VALID,,,2026-08-31T19:19:29+08:00,DATA_AND_RESEARCH_EVIDENCE_ONLY,NONE
603985.SH,SH_MAIN,1,0.330934,11,10,1,0,VALID,,,2026-08-31T19:19:55+08:00,DATA_AND_RESEARCH_EVIDENCE_ONLY,NONE
603986.SH,SH_MAIN,1,0.345304,70,69,1,1,VALID,,,2026-08-31T19:23:24+08:00,DATA_AND_RESEARCH_EVIDENCE_ONLY,NONE
603987.SH,SH_MAIN,1,0.297274,15,14,1,0,VALID,,,2026-08-31T19:23:05+08:00,DATA_AND_RESEARCH_EVIDENCE_ONLY,NONE
603988.SH,SH_MAIN,1,0.390343,7,6,1,0,VALID,,,2026-08-31T19:19:48+08:00,DATA_AND_RESEARCH_EVIDENCE_ONLY,NONE
603989.SH,SH_MAIN,1,0.376618,30,29,1,0,VALID,,,2026-08-31T19:23:24+08:00,DATA_AND_RESEARCH_EVIDENCE_ONLY,NONE
603990.SH,SH_MAIN,1,0.29655,20,19,1,0,VALID,,,2026-08-31T19:22:45+08:00,DATA_AND_RESEARCH_EVIDENCE_ONLY,NONE
603991.SH,SH_MAIN,1,0.263454,7,6,1,0,VALID,,,2026-08-31T19:23:03+08:00,DATA_AND_RESEARCH_EVIDENCE_ONLY,NONE
603992.SH,SH_MAIN,1,0.303157,32,31,1,0,VALID,,,2026-08-31T19:22:57+08:00,DATA_AND_RESEARCH_EVIDENCE_ONLY,NONE
603993.SH,SH_MAIN,1,0.302176,13,12,1,0,VALID,,,2026-08-31T19:22:58+08:00,DATA_AND_RESEARCH_EVIDENCE_ONLY,NONE
603995.SH,SH_MAIN,1,0.447719,35,34,1,0,VALID,,,2026-08-31T19:19:49+08:00,DATA_AND_RESEARCH_EVIDENCE_ONLY,NONE
603997.SH,SH_MAIN,1,0.356185,38,37,1,0,VALID,,,2026-08-31T19:23:07+08:00,DATA_AND_RESEARCH_EVIDENCE_ONLY,NONE
603998.SH,SH_MAIN,1,0.362608,33,32,1,0,VALID,,,2026-08-31T19:24:10+08:00,DATA_AND_RESEARCH_EVIDENCE_ONLY,NONE
603999.SH,SH_MAIN,1,0.341508,6,5,1,0,VALID,,,2026-08-31T19:19:40+08:00,DATA_AND_RESEARCH_EVIDENCE_ONLY,NONE
605001.SH,SH_MAIN,1,0.310054,5,4,1,0,VALID,,,2026-08-31T19:23:34+08:00,DATA_AND_RESEARCH_EVIDENCE_ONLY,NONE
605003.SH,SH_MAIN,1,0.29858,4,3,1,0,VALID,,,2026-08-31T19:22:58+08:00,DATA_AND_RESEARCH_EVIDENCE_ONLY,NONE
605005.SH,SH_MAIN,1,0.286788,7,6,1,0,VALID,,,2026-08-31T19:19:39+08:00,DATA_AND_RESEARCH_EVIDENCE_ONLY,NONE
605006.SH,SH_MAIN,1,0.437461,30,29,1,0,VALID,,,2026-08-31T19:19:41+08:00,DATA_AND_RESEARCH_EVIDENCE_ONLY,NONE
605007.SH,SH_MAIN,1,0.464444,31,30,1,0,VALID,,,2026-08-31T19:24:10+08:00,DATA_AND_RESEARCH_EVIDENCE_ONLY,NONE
605008.SH,SH_MAIN,1,0.360598,7,6,1,0,VALID,,,2026-08-31T19:24:11+08:00,DATA_AND_RESEARCH_EVIDENCE_ONLY,NONE
605009.SH,SH_MAIN,1,0.29681,20,19,1,0,VALID,,,2026-08-31T19:22:58+08:00,DATA_AND_RESEARCH_EVIDENCE_ONLY,NONE
605011.SH,SH_MAIN,1,0.361272,4,3,1,0,VALID,,,2026-08-31T19:19:52+08:00,DATA_AND_RESEARCH_EVIDENCE_ONLY,NONE
605016.SH,SH_MAIN,1,0.296776,8,7,1,0,VALID,,,2026-08-31T19:23:05+08:00,DATA_AND_RESEARCH_EVIDENCE_ONLY,NONE
605018.SH,SH_MAIN,1,0.552344,11,10,1,0,VALID,,,2026-08-31T19:23:03+08:00,DATA_AND_RESEARCH_EVIDENCE_ONLY,NONE
605020.SH,SH_MAIN,1,0.304797,34,33,1,0,VALID,,,2026-08-31T19:22:59+08:00,DATA_AND_RESEARCH_EVIDENCE_ONLY,NONE
605028.SH,SH_MAIN,1,0.388429,3,2,1,0,VALID,,,2026-08-31T19:19:49+08:00,DATA_AND_RESEARCH_EVIDENCE_ONLY,NONE
605033.SH,SH_MAIN,1,0.436105,5,4,1,0,VALID,,,2026-08-31T19:19:49+08:00,DATA_AND_RESEARCH_EVIDENCE_ONLY,NONE
605050.SH,SH_MAIN,1,0.257229,6,5,1,0,VALID,,,2026-08-31T19:19:55+08:00,DATA_AND_RESEARCH_EVIDENCE_ONLY,NONE
605055.SH,SH_MAIN,1,0.302607,4,3,1,0,VALID,,,2026-08-31T19:23:34+08:00,DATA_AND_RESEARCH_EVIDENCE_ONLY,NONE
605056.SH,SH_MAIN,1,0.339927,16,15,1,0,VALID,,,2026-08-31T19:19:55+08:00,DATA_AND_RESEARCH_EVIDENCE_ONLY,NONE
605058.SH,SH_MAIN,1,0.393024,5,4,1,0,VALID,,,2026-08-31T19:19:40+08:00,DATA_AND_RESEARCH_EVIDENCE_ONLY,NONE
605060.SH,SH_MAIN,1,0.333633,11,10,1,0,VALID,,,2026-08-31T19:23:25+08:00,DATA_AND_RESEARCH_EVIDENCE_ONLY,NONE
605066.SH,SH_MAIN,1,0.344524,17,16,1,0,VALID,,,2026-08-31T19:19:53+08:00,DATA_AND_RESEARCH_EVIDENCE_ONLY,NONE
605068.SH,SH_MAIN,1,0.300322,21,20,1,0,VALID,,,2026-08-31T19:23:05+08:00,DATA_AND_RESEARCH_EVIDENCE_ONLY,NONE
605069.SH,SH_MAIN,1,0.307043,8,7,1,0,VALID,,,2026-08-31T19:19:29+08:00,DATA_AND_RESEARCH_EVIDENCE_ONLY,NONE
605077.SH,SH_MAIN,1,0.361723,25,24,1,0,VALID,,,2026-08-31T19:19:30+08:00,DATA_AND_RESEARCH_EVIDENCE_ONLY,NONE
605080.SH,SH_MAIN,1,0.383155,9,8,1,0,VALID,,,2026-08-31T19:23:25+08:00,DATA_AND_RESEARCH_EVIDENCE_ONLY,NONE
605086.SH,SH_MAIN,1,0.300651,5,4,1,0,VALID,,,2026-08-31T19:19:30+08:00,DATA_AND_RESEARCH_EVIDENCE_ONLY,NONE
605088.SH,SH_MAIN,1,0.369918,40,39,1,0,VALID,,,2026-08-31T19:23:25+08:00,DATA_AND_RESEARCH_EVIDENCE_ONLY,NONE
605089.SH,SH_MAIN,1,0.348114,5,4,1,0,VALID,,,2026-08-31T19:23:08+08:00,DATA_AND_RESEARCH_EVIDENCE_ONLY,NONE
605090.SH,SH_MAIN,1,0.271393,45,44,1,0,VALID,,,2026-08-31T19:19:40+08:00,DATA_AND_RESEARCH_EVIDENCE_ONLY,NONE
605098.SH,SH_MAIN,1,0.346742,15,14,1,0,VALID,,,2026-08-31T19:19:56+08:00,DATA_AND_RESEARCH_EVIDENCE_ONLY,NONE
605099.SH,SH_MAIN,1,0.286091,26,25,1,0,VALID,,,2026-08-31T19:22:45+08:00,DATA_AND_RESEARCH_EVIDENCE_ONLY,NONE
605100.SH,SH_MAIN,1,0.463998,10,9,1,0,VALID,,,2026-08-31T19:23:26+08:00,DATA_AND_RESEARCH_EVIDENCE_ONLY,NONE
605108.SH,SH_MAIN,1,0.324982,5,4,1,0,VALID,,,2026-08-31T19:19:40+08:00,DATA_AND_RESEARCH_EVIDENCE_ONLY,NONE
605111.SH,SH_MAIN,1,0.358686,29,28,1,0,VALID,,,2026-08-31T19:19:53+08:00,DATA_AND_RESEARCH_EVIDENCE_ONLY,NONE
605116.SH,SH_MAIN,1,0.335097,14,12,2,0,VALID,,,2026-08-31T19:19:50+08:00,DATA_AND_RESEARCH_EVIDENCE_ONLY,NONE
605117.SH,SH_MAIN,1,0.267725,32,31,1,0,VALID,,,2026-08-31T19:19:41+08:00,DATA_AND_RESEARCH_EVIDENCE_ONLY,NONE
605118.SH,SH_MAIN,1,0.313735,19,18,1,0,VALID,,,2026-08-31T19:19:50+08:00,DATA_AND_RESEARCH_EVIDENCE_ONLY,NONE
605122.SH,SH_MAIN,1,0.26785,6,5,1,0,VALID,,,2026-08-31T19:19:56+08:00,DATA_AND_RESEARCH_EVIDENCE_ONLY,NONE
605123.SH,SH_MAIN,1,0.29471,7,6,1,0,VALID,,,2026-08-31T19:23:34+08:00,DATA_AND_RESEARCH_EVIDENCE_ONLY,NONE
605128.SH,SH_MAIN,1,0.426843,20,19,1,0,VALID,,,2026-08-31T19:19:46+08:00,DATA_AND_RESEARCH_EVIDENCE_ONLY,NONE
605133.SH,SH_MAIN,1,0.382618,26,25,1,0,VALID,,,2026-08-31T19:23:26+08:00,DATA_AND_RESEARCH_EVIDENCE_ONLY,NONE
605136.SH,SH_MAIN,1,0.335049,9,8,1,0,VALID,,,2026-08-31T19:19:56+08:00,DATA_AND_RESEARCH_EVIDENCE_ONLY,NONE
605138.SH,SH_MAIN,1,0.290614,19,18,1,0,VALID,,,2026-08-31T19:22:59+08:00,DATA_AND_RESEARCH_EVIDENCE_ONLY,NONE
605151.SH,SH_MAIN,1,0.363952,12,11,1,0,VALID,,,2026-08-31T19:24:11+08:00,DATA_AND_RESEARCH_EVIDENCE_ONLY,NONE
605155.SH,SH_MAIN,1,0.353211,15,14,1,0,VALID,,,2026-08-31T19:23:08+08:00,DATA_AND_RESEARCH_EVIDENCE_ONLY,NONE
605158.SH,SH_MAIN,1,0.316802,6,4,2,0,VALID,,,2026-08-31T19:19:30+08:00,DATA_AND_RESEARCH_EVIDENCE_ONLY,NONE
605162.SH,SH_MAIN,1,0.26646,25,24,1,0,VALID,,,2026-08-31T19:19:41+08:00,DATA_AND_RESEARCH_EVIDENCE_ONLY,NONE
605166.SH,SH_MAIN,1,0.366472,34,31,3,0,VALID,,,2026-08-31T19:23:08+08:00,DATA_AND_RESEARCH_EVIDENCE_ONLY,NONE
605167.SH,SH_MAIN,1,0.292018,8,7,1,0,VALID,,,2026-08-31T19:23:05+08:00,DATA_AND_RESEARCH_EVIDENCE_ONLY,NONE
605168.SH,SH_MAIN,1,0.490883,28,25,3,0,VALID,,,2026-08-31T19:23:09+08:00,DATA_AND_RESEARCH_EVIDENCE_ONLY,NONE
605169.SH,SH_MAIN,1,0.329769,6,5,1,0,VALID,,,2026-08-31T19:20:40+08:00,DATA_AND_RESEARCH_EVIDENCE_ONLY,NONE
605177.SH,SH_MAIN,1,0.256076,25,23,2,0,VALID,,,2026-08-31T19:19:42+08:00,DATA_AND_RESEARCH_EVIDENCE_ONLY,NONE
605178.SH,SH_MAIN,1,0.39679,9,7,2,0,VALID,,,2026-08-31T19:23:27+08:00,DATA_AND_RESEARCH_EVIDENCE_ONLY,NONE
605179.SH,SH_MAIN,1,0.555239,3,2,1,0,VALID,,,2026-08-31T19:23:35+08:00,DATA_AND_RESEARCH_EVIDENCE_ONLY,NONE
605180.SH,SH_MAIN,1,0.40251,6,5,1,0,VALID,,,2026-08-31T19:22:45+08:00,DATA_AND_RESEARCH_EVIDENCE_ONLY,NONE
605183.SH,SH_MAIN,1,0.299084,26,24,2,0,VALID,,,2026-08-31T19:23:06+08:00,DATA_AND_RESEARCH_EVIDENCE_ONLY,NONE
605186.SH,SH_MAIN,1,0.299659,4,3,1,0,VALID,,,2026-08-31T19:23:35+08:00,DATA_AND_RESEARCH_EVIDENCE_ONLY,NONE
605188.SH,SH_MAIN,1,0.413297,7,6,1,0,VALID,,,2026-08-31T19:19:57+08:00,DATA_AND_RESEARCH_EVIDENCE_ONLY,NONE
605189.SH,SH_MAIN,1,0.304061,25,20,5,0,VALID,,,2026-08-31T19:19:31+08:00,DATA_AND_RESEARCH_EVIDENCE_ONLY,NONE
605196.SH,SH_MAIN,1,0.298848,19,17,2,0,VALID,,,2026-08-31T19:22:46+08:00,DATA_AND_RESEARCH_EVIDENCE_ONLY,NONE
605198.SH,SH_MAIN,1,0.346209,14,13,1,1,VALID,,,2026-08-31T19:19:53+08:00,DATA_AND_RESEARCH_EVIDENCE_ONLY,NONE
605199.SH,SH_MAIN,1,0.264046,5,4,1,0,VALID,,,2026-08-31T19:19:42+08:00,DATA_AND_RESEARCH_EVIDENCE_ONLY,NONE
605208.SH,SH_MAIN,1,0.362273,14,5,9,0,VALID,,,2026-08-31T19:19:46+08:00,DATA_AND_RESEARCH_EVIDENCE_ONLY,NONE
605218.SH,SH_MAIN,1,0.34665,6,5,1,1,VALID,,,2026-08-31T19:24:11+08:00,DATA_AND_RESEARCH_EVIDENCE_ONLY,NONE
605222.SH,SH_MAIN,1,0.306468,38,37,1,0,VALID,,,2026-08-31T19:19:31+08:00,DATA_AND_RESEARCH_EVIDENCE_ONLY,NONE
605228.SH,SH_MAIN,1,0.293173,39,38,1,0,VALID,,,2026-08-31T19:19:51+08:00,DATA_AND_RESEARCH_EVIDENCE_ONLY,NONE
605255.SH,SH_MAIN,1,0.312432,3,2,1,0,VALID,,,2026-08-31T19:19:47+08:00,DATA_AND_RESEARCH_EVIDENCE_ONLY,NONE
605258.SH,SH_MAIN,1,0.637041,7,3,4,0,VALID,,,2026-08-31T19:19:42+08:00,DATA_AND_RESEARCH_EVIDENCE_ONLY,NONE
605259.SH,SH_MAIN,1,0.295943,6,5,1,0,VALID,,,2026-08-31T19:19:31+08:00,DATA_AND_RESEARCH_EVIDENCE_ONLY,NONE
605266.SH,SH_MAIN,1,0.405719,20,18,2,0,VALID,,,2026-08-31T19:23:27+08:00,DATA_AND_RESEARCH_EVIDENCE_ONLY,NONE
605268.SH,SH_MAIN,1,0.755722,18,17,1,0,VALID,,,2026-08-31T19:19:32+08:00,DATA_AND_RESEARCH_EVIDENCE_ONLY,NONE
605277.SH,SH_MAIN,1,0.315694,21,20,1,0,VALID,,,2026-08-31T19:19:41+08:00,DATA_AND_RESEARCH_EVIDENCE_ONLY,NONE
605286.SH,SH_MAIN,1,1.148472,7,6,1,0,VALID,,,2026-08-31T19:23:27+08:00,DATA_AND_RESEARCH_EVIDENCE_ONLY,NONE
605287.SH,SH_MAIN,1,0.367025,8,7,1,0,VALID,,,2026-08-31T19:19:57+08:00,DATA_AND_RESEARCH_EVIDENCE_ONLY,NONE
605288.SH,SH_MAIN,1,0.361872,15,14,1,0,VALID,,,2026-08-31T19:23:09+08:00,DATA_AND_RESEARCH_EVIDENCE_ONLY,NONE
605289.SH,SH_MAIN,1,0.294999,33,30,3,0,VALID,,,2026-08-31T19:22:59+08:00,DATA_AND_RESEARCH_EVIDENCE_ONLY,NONE
605296.SH,SH_MAIN,1,0.683435,18,16,2,0,VALID,,,2026-08-31T19:19:57+08:00,DATA_AND_RESEARCH_EVIDENCE_ONLY,NONE
605298.SH,SH_MAIN,1,0.352892,13,10,3,0,VALID,,,2026-08-31T19:19:43+08:00,DATA_AND_RESEARCH_EVIDENCE_ONLY,NONE
605299.SH,SH_MAIN,1,0.29059,16,15,1,0,VALID,,,2026-08-31T19:23:36+08:00,DATA_AND_RESEARCH_EVIDENCE_ONLY,NONE
605300.SH,SH_MAIN,1,0.534134,7,6,1,0,VALID,,,2026-08-31T19:22:46+08:00,DATA_AND_RESEARCH_EVIDENCE_ONLY,NONE
605303.SH,SH_MAIN,1,0.345587,4,3,1,0,VALID,,,2026-08-31T19:23:29+08:00,DATA_AND_RESEARCH_EVIDENCE_ONLY,NONE
605305.SH,SH_MAIN,1,0.366182,15,13,2,0,VALID,,,2026-08-31T19:19:41+08:00,DATA_AND_RESEARCH_EVIDENCE_ONLY,NONE
605318.SH,SH_MAIN,1,0.34293,6,5,1,0,VALID,,,2026-08-31T19:19:51+08:00,DATA_AND_RESEARCH_EVIDENCE_ONLY,NONE
605319.SH,SH_MAIN,1,0.322642,20,19,1,0,VALID,,,2026-08-31T19:23:29+08:00,DATA_AND_RESEARCH_EVIDENCE_ONLY,NONE
605333.SH,SH_MAIN,1,0.292845,9,8,1,0,VALID,,,2026-08-31T19:22:46+08:00,DATA_AND_RESEARCH_EVIDENCE_ONLY,NONE
605336.SH,SH_MAIN,1,0.283532,14,13,1,0,VALID,,,2026-08-31T19:22:47+08:00,DATA_AND_RESEARCH_EVIDENCE_ONLY,NONE
605337.SH,SH_MAIN,1,0.272272,20,19,1,0,VALID,,,2026-08-31T19:23:04+08:00,DATA_AND_RESEARCH_EVIDENCE_ONLY,NONE
605338.SH,SH_MAIN,1,0.384269,10,9,1,0,VALID,,,2026-08-31T19:19:41+08:00,DATA_AND_RESEARCH_EVIDENCE_ONLY,NONE
605339.SH,SH_MAIN,1,0.300246,12,11,1,0,VALID,,,2026-08-31T19:19:51+08:00,DATA_AND_RESEARCH_EVIDENCE_ONLY,NONE
605358.SH,SH_MAIN,1,0.265724,26,25,1,0,VALID,,,2026-08-31T19:19:42+08:00,DATA_AND_RESEARCH_EVIDENCE_ONLY,NONE
605365.SH,SH_MAIN,1,0.404569,17,16,1,0,VALID,,,2026-08-31T19:23:10+08:00,DATA_AND_RESEARCH_EVIDENCE_ONLY,NONE
605366.SH,SH_MAIN,1,0.303546,27,26,1,0,VALID,,,2026-08-31T19:22:47+08:00,DATA_AND_RESEARCH_EVIDENCE_ONLY,NONE
605368.SH,SH_MAIN,1,0.340702,35,33,2,0,VALID,,,2026-08-31T19:19:51+08:00,DATA_AND_RESEARCH_EVIDENCE_ONLY,NONE
605369.SH,SH_MAIN,1,0.297777,16,15,1,0,VALID,,,2026-08-31T19:22:47+08:00,DATA_AND_RESEARCH_EVIDENCE_ONLY,NONE
605376.SH,SH_MAIN,1,0.506422,5,3,2,0,VALID,,,2026-08-31T19:19:52+08:00,DATA_AND_RESEARCH_EVIDENCE_ONLY,NONE
605377.SH,SH_MAIN,1,0.451194,25,23,2,0,VALID,,,2026-08-31T19:22:48+08:00,DATA_AND_RESEARCH_EVIDENCE_ONLY,NONE
605378.SH,SH_MAIN,1,0.339206,5,4,1,0,VALID,,,2026-08-31T19:23:04+08:00,DATA_AND_RESEARCH_EVIDENCE_ONLY,NONE
605388.SH,SH_MAIN,1,0.33874,5,4,1,0,VALID,,,2026-08-31T19:19:54+08:00,DATA_AND_RESEARCH_EVIDENCE_ONLY,NONE
605389.SH,SH_MAIN,1,0.268943,7,6,1,0,VALID,,,2026-08-31T19:19:43+08:00,DATA_AND_RESEARCH_EVIDENCE_ONLY,NONE
605398.SH,SH_MAIN,1,0.409754,7,6,1,0,VALID,,,2026-08-31T19:19:43+08:00,DATA_AND_RESEARCH_EVIDENCE_ONLY,NONE
605399.SH,SH_MAIN,1,0.367051,19,18,1,0,VALID,,,2026-08-31T19:23:00+08:00,DATA_AND_RESEARCH_EVIDENCE_ONLY,NONE
605488.SH,SH_MAIN,1,0.336451,67,66,1,1,VALID,,,2026-08-31T19:19:58+08:00,DATA_AND_RESEARCH_EVIDENCE_ONLY,NONE
605499.SH,SH_MAIN,1,0.255915,10,9,1,0,VALID,,,2026-08-31T19:23:05+08:00,DATA_AND_RESEARCH_EVIDENCE_ONLY,NONE
605500.SH,SH_MAIN,1,0.284031,6,5,1,0,VALID,,,2026-08-31T19:19:52+08:00,DATA_AND_RESEARCH_EVIDENCE_ONLY,NONE
605507.SH,SH_MAIN,1,0.297951,6,5,1,0,VALID,,,2026-08-31T19:19:53+08:00,DATA_AND_RESEARCH_EVIDENCE_ONLY,NONE
605555.SH,SH_MAIN,1,0.343714,9,8,1,0,VALID,,,2026-08-31T19:22:48+08:00,DATA_AND_RESEARCH_EVIDENCE_ONLY,NONE
605566.SH,SH_MAIN,1,0.264232,4,3,1,0,VALID,,,2026-08-31T19:23:05+08:00,DATA_AND_RESEARCH_EVIDENCE_ONLY,NONE
605567.SH,SH_MAIN,1,0.35641,4,3,1,0,VALID,,,2026-08-31T19:22:48+08:00,DATA_AND_RESEARCH_EVIDENCE_ONLY,NONE
605577.SH,SH_MAIN,1,0.37717,4,3,1,0,VALID,,,2026-08-31T19:23:05+08:00,DATA_AND_RESEARCH_EVIDENCE_ONLY,NONE
605580.SH,SH_MAIN,1,0.366356,11,8,3,0,VALID,,,2026-08-31T19:19:54+08:00,DATA_AND_RESEARCH_EVIDENCE_ONLY,NONE
605588.SH,SH_MAIN,1,0.288665,10,9,1,0,VALID,,,2026-08-31T19:23:00+08:00,DATA_AND_RESEARCH_EVIDENCE_ONLY,NONE
605589.SH,SH_MAIN,1,0.293161,42,41,1,0,VALID,,,2026-08-31T19:23:06+08:00,DATA_AND_RESEARCH_EVIDENCE_ONLY,NONE
605598.SH,SH_MAIN,1,0.310719,12,11,1,0,VALID,,,2026-08-31T19:23:00+08:00,DATA_AND_RESEARCH_EVIDENCE_ONLY,NONE
605599.SH,SH_MAIN,1,0.306999,5,4,1,0,VALID,,,2026-08-31T19:23:01+08:00,DATA_AND_RESEARCH_EVIDENCE_ONLY,NONE
688001.SH,STAR,1,0.310689,35,34,1,0,VALID,,,2026-08-31T19:23:01+08:00,DATA_AND_RESEARCH_EVIDENCE_ONLY,NONE
688002.SH,STAR,1,0.335862,39,38,1,0,VALID,,,2026-08-31T19:19:53+08:00,DATA_AND_RESEARCH_EVIDENCE_ONLY,NONE
688003.SH,STAR,1,0.313777,28,27,1,0,VALID,,,2026-08-31T19:19:42+08:00,DATA_AND_RESEARCH_EVIDENCE_ONLY,NONE
688004.SH,STAR,1,0.482985,12,11,1,0,VALID,,,2026-08-31T19:19:53+08:00,DATA_AND_RESEARCH_EVIDENCE_ONLY,NONE
688005.SH,STAR,1,0.291359,27,26,1,0,VALID,,,2026-08-31T19:19:44+08:00,DATA_AND_RESEARCH_EVIDENCE_ONLY,NONE
688006.SH,STAR,1,0.297714,16,15,1,0,VALID,,,2026-08-31T19:23:01+08:00,DATA_AND_RESEARCH_EVIDENCE_ONLY,NONE
688007.SH,STAR,1,0.313832,17,15,2,0,VALID,,,2026-08-31T19:19:54+08:00,DATA_AND_RESEARCH_EVIDENCE_ONLY,NONE
688008.SH,STAR,1,0.285438,24,23,1,0,VALID,,,2026-08-31T19:19:42+08:00,DATA_AND_RESEARCH_EVIDENCE_ONLY,NONE
688009.SH,STAR,1,0.33538,6,5,1,0,VALID,,,2026-08-31T19:20:41+08:00,DATA_AND_RESEARCH_EVIDENCE_ONLY,NONE
688010.SH,STAR,1,0.292213,14,13,1,0,VALID,,,2026-08-31T19:23:36+08:00,DATA_AND_RESEARCH_EVIDENCE_ONLY,NONE
688011.SH,STAR,1,0.472629,9,8,1,0,VALID,,,2026-08-31T19:23:06+08:00,DATA_AND_RESEARCH_EVIDENCE_ONLY,NONE
688012.SH,STAR,1,0.376952,26,25,1,0,VALID,,,2026-08-31T19:19:47+08:00,DATA_AND_RESEARCH_EVIDENCE_ONLY,NONE
688013.SH,STAR,1,0.374324,17,16,1,0,VALID,,,2026-08-31T19:19:43+08:00,DATA_AND_RESEARCH_EVIDENCE_ONLY,NONE
688015.SH,STAR,1,0.516146,13,12,1,0,VALID,,,2026-08-31T19:19:54+08:00,DATA_AND_RESEARCH_EVIDENCE_ONLY,NONE
688016.SH,STAR,1,0.295542,9,8,1,0,VALID,,,2026-08-31T19:19:43+08:00,DATA_AND_RESEARCH_EVIDENCE_ONLY,NONE
688017.SH,STAR,1,0.300218,12,11,1,0,VALID,,,2026-08-31T19:23:06+08:00,DATA_AND_RESEARCH_EVIDENCE_ONLY,NONE
688018.SH,STAR,1,0.382957,40,39,1,0,VALID,,,2026-08-31T19:19:47+08:00,DATA_AND_RESEARCH_EVIDENCE_ONLY,NONE
688019.SH,STAR,1,0.381046,26,25,1,0,VALID,,,2026-08-31T19:23:29+08:00,DATA_AND_RESEARCH_EVIDENCE_ONLY,NONE
688020.SH,STAR,1,0.263456,28,26,2,0,VALID,,,2026-08-31T19:23:06+08:00,DATA_AND_RESEARCH_EVIDENCE_ONLY,NONE
688021.SH,STAR,1,0.301463,9,8,1,0,VALID,,,2026-08-31T19:23:06+08:00,DATA_AND_RESEARCH_EVIDENCE_ONLY,NONE
688022.SH,STAR,1,0.271027,14,13,1,0,VALID,,,2026-08-31T19:19:44+08:00,DATA_AND_RESEARCH_EVIDENCE_ONLY,NONE
688023.SH,STAR,1,0.277658,18,17,1,0,VALID,,,2026-08-31T19:19:58+08:00,DATA_AND_RESEARCH_EVIDENCE_ONLY,NONE
688025.SH,STAR,1,0.257245,19,17,2,0,VALID,,,2026-08-31T19:19:48+08:00,DATA_AND_RESEARCH_EVIDENCE_ONLY,NONE
688026.SH,STAR,1,0.305362,20,19,1,0,VALID,,,2026-08-31T19:23:01+08:00,DATA_AND_RESEARCH_EVIDENCE_ONLY,NONE
688027.SH,STAR,1,0.322267,13,12,1,0,VALID,,,2026-08-31T19:19:48+08:00,DATA_AND_RESEARCH_EVIDENCE_ONLY,NONE
688028.SH,STAR,1,0.768355,20,19,1,0,VALID,,,2026-08-31T19:24:12+08:00,DATA_AND_RESEARCH_EVIDENCE_ONLY,NONE
688029.SH,STAR,1,0.326744,14,9,5,0,VALID,,,2026-08-31T19:19:32+08:00,DATA_AND_RESEARCH_EVIDENCE_ONLY,NONE
688030.SH,STAR,1,0.366738,19,18,1,0,VALID,,,2026-08-31T19:23:10+08:00,DATA_AND_RESEARCH_EVIDENCE_ONLY,NONE
688031.SH,STAR,1,0.265609,14,13,1,0,VALID,,,2026-08-31T19:19:44+08:00,DATA_AND_RESEARCH_EVIDENCE_ONLY,NONE
688032.SH,STAR,1,0.294217,14,13,1,0,VALID,,,2026-08-31T19:19:43+08:00,DATA_AND_RESEARCH_EVIDENCE_ONLY,NONE
688033.SH,STAR,1,0.268656,11,10,1,0,VALID,,,2026-08-31T19:19:45+08:00,DATA_AND_RESEARCH_EVIDENCE_ONLY,NONE
688035.SH,STAR,1,0.479921,12,11,1,0,VALID,,,2026-08-31T19:19:48+08:00,DATA_AND_RESEARCH_EVIDENCE_ONLY,NONE
688036.SH,STAR,1,0.527175,12,11,1,0,VALID,,,2026-08-31T19:24:13+08:00,DATA_AND_RESEARCH_EVIDENCE_ONLY,NONE
688037.SH,STAR,1,0.304546,24,23,1,0,VALID,,,2026-08-31T19:23:02+08:00,DATA_AND_RESEARCH_EVIDENCE_ONLY,NONE
688038.SH,STAR,1,0.29582,18,16,2,0,VALID,,,2026-08-31T19:22:49+08:00,DATA_AND_RESEARCH_EVIDENCE_ONLY,NONE
688039.SH,STAR,1,0.272742,9,8,1,0,VALID,,,2026-08-31T19:23:07+08:00,DATA_AND_RESEARCH_EVIDENCE_ONLY,NONE
688041.SH,STAR,1,0.270195,10,9,1,0,VALID,,,2026-08-31T19:19:59+08:00,DATA_AND_RESEARCH_EVIDENCE_ONLY,NONE
688045.SH,STAR,1,0.638234,15,14,1,0,VALID,,,2026-08-31T19:24:13+08:00,DATA_AND_RESEARCH_EVIDENCE_ONLY,NONE
688046.SH,STAR,1,0.298975,16,14,2,0,VALID,,,2026-08-31T19:23:07+08:00,DATA_AND_RESEARCH_EVIDENCE_ONLY,NONE
688047.SH,STAR,1,0.297405,7,6,1,0,VALID,,,2026-08-31T19:23:36+08:00,DATA_AND_RESEARCH_EVIDENCE_ONLY,NONE
688048.SH,STAR,1,0.380044,14,13,1,0,VALID,,,2026-08-31T19:19:55+08:00,DATA_AND_RESEARCH_EVIDENCE_ONLY,NONE
688049.SH,STAR,1,0.746044,19,18,1,0,VALID,,,2026-08-31T19:19:33+08:00,DATA_AND_RESEARCH_EVIDENCE_ONLY,NONE
688050.SH,STAR,1,0.31485,16,15,1,0,VALID,,,2026-08-31T19:23:10+08:00,DATA_AND_RESEARCH_EVIDENCE_ONLY,NONE
688051.SH,STAR,1,0.277634,8,7,1,0,VALID,,,2026-08-31T19:19:49+08:00,DATA_AND_RESEARCH_EVIDENCE_ONLY,NONE
688052.SH,STAR,1,0.265505,25,22,3,0,VALID,,,2026-08-31T19:19:45+08:00,DATA_AND_RESEARCH_EVIDENCE_ONLY,NONE
688053.SH,STAR,1,0.600758,10,9,1,0,VALID,,,2026-08-31T19:23:36+08:00,DATA_AND_RESEARCH_EVIDENCE_ONLY,NONE
688055.SH,STAR,1,0.301397,7,6,1,0,VALID,,,2026-08-31T19:19:34+08:00,DATA_AND_RESEARCH_EVIDENCE_ONLY,NONE
688056.SH,STAR,1,0.370908,10,8,2,0,VALID,,,2026-08-31T19:23:11+08:00,DATA_AND_RESEARCH_EVIDENCE_ONLY,NONE
688057.SH,STAR,1,0.380473,25,24,1,0,VALID,,,2026-08-31T19:19:54+08:00,DATA_AND_RESEARCH_EVIDENCE_ONLY,NONE
688058.SH,STAR,1,0.30384,11,9,2,0,VALID,,,2026-08-31T19:19:34+08:00,DATA_AND_RESEARCH_EVIDENCE_ONLY,NONE
688059.SH,STAR,1,0.290542,28,27,1,0,VALID,,,2026-08-31T19:22:49+08:00,DATA_AND_RESEARCH_EVIDENCE_ONLY,NONE
688060.SH,STAR,1,0.319508,11,10,1,0,VALID,,,2026-08-31T19:24:14+08:00,DATA_AND_RESEARCH_EVIDENCE_ONLY,NONE
688061.SH,STAR,1,0.299561,13,12,1,0,VALID,,,2026-08-31T19:23:02+08:00,DATA_AND_RESEARCH_EVIDENCE_ONLY,NONE
688062.SH,STAR,1,0.272254,12,10,2,0,VALID,,,2026-08-31T19:23:07+08:00,DATA_AND_RESEARCH_EVIDENCE_ONLY,NONE
688063.SH,STAR,1,0.390115,15,14,1,0,VALID,,,2026-08-31T19:23:02+08:00,DATA_AND_RESEARCH_EVIDENCE_ONLY,NONE
688065.SH,STAR,1,0.361598,13,12,1,0,VALID,,,2026-08-31T19:23:11+08:00,DATA_AND_RESEARCH_EVIDENCE_ONLY,NONE
688066.SH,STAR,1,0.291668,28,26,2,0,VALID,,,2026-08-31T19:23:07+08:00,DATA_AND_RESEARCH_EVIDENCE_ONLY,NONE
688067.SH,STAR,1,0.369462,10,9,1,0,VALID,,,2026-08-31T19:19:49+08:00,DATA_AND_RESEARCH_EVIDENCE_ONLY,NONE
688068.SH,STAR,1,0.312969,11,10,1,0,VALID,,,2026-08-31T19:23:11+08:00,DATA_AND_RESEARCH_EVIDENCE_ONLY,NONE
688069.SH,STAR,1,0.306983,12,11,1,0,VALID,,,2026-08-31T19:24:14+08:00,DATA_AND_RESEARCH_EVIDENCE_ONLY,NONE
688070.SH,STAR,1,0.297748,8,7,1,0,VALID,,,2026-08-31T19:23:07+08:00,DATA_AND_RESEARCH_EVIDENCE_ONLY,NONE
688071.SH,STAR,1,0.602825,13,12,1,0,VALID,,,2026-08-31T19:23:03+08:00,DATA_AND_RESEARCH_EVIDENCE_ONLY,NONE
688072.SH,STAR,1,0.289768,19,18,1,0,VALID,,,2026-08-31T19:23:08+08:00,DATA_AND_RESEARCH_EVIDENCE_ONLY,NONE
688073.SH,STAR,1,0.298465,12,11,1,0,VALID,,,2026-08-31T19:19:34+08:00,DATA_AND_RESEARCH_EVIDENCE_ONLY,NONE
688075.SH,STAR,1,0.276147,11,10,1,0,VALID,,,2026-08-31T19:19:59+08:00,DATA_AND_RESEARCH_EVIDENCE_ONLY,NONE
688076.SH,STAR,1,0.270151,35,34,1,0,VALID,,,2026-08-31T19:19:59+08:00,DATA_AND_RESEARCH_EVIDENCE_ONLY,NONE
688077.SH,STAR,1,0.337084,16,15,1,0,VALID,,,2026-08-31T19:20:00+08:00,DATA_AND_RESEARCH_EVIDENCE_ONLY,NONE
688078.SH,STAR,1,0.288867,18,16,2,0,VALID,,,2026-08-31T19:23:08+08:00,DATA_AND_RESEARCH_EVIDENCE_ONLY,NONE
688079.SH,STAR,1,0.317939,21,19,2,0,VALID,,,2026-08-31T19:19:55+08:00,DATA_AND_RESEARCH_EVIDENCE_ONLY,NONE
688080.SH,STAR,1,0.548387,26,23,3,0,VALID,,,2026-08-31T19:20:00+08:00,DATA_AND_RESEARCH_EVIDENCE_ONLY,NONE
688081.SH,STAR,1,0.312595,9,8,1,0,VALID,,,2026-08-31T19:19:55+08:00,DATA_AND_RESEARCH_EVIDENCE_ONLY,NONE
688082.SH,STAR,1,0.294856,20,19,1,1,VALID,,,2026-08-31T19:19:55+08:00,DATA_AND_RESEARCH_EVIDENCE_ONLY,NONE
688083.SH,STAR,1,0.269119,18,17,1,0,VALID,,,2026-08-31T19:20:41+08:00,DATA_AND_RESEARCH_EVIDENCE_ONLY,NONE
688084.SH,STAR,1,0.314959,13,12,1,0,VALID,,,2026-08-31T19:19:50+08:00,DATA_AND_RESEARCH_EVIDENCE_ONLY,NONE
688085.SH,STAR,1,0.269765,18,17,1,0,VALID,,,2026-08-31T19:19:45+08:00,DATA_AND_RESEARCH_EVIDENCE_ONLY,NONE
688087.SH,STAR,1,0.347877,18,16,2,0,VALID,,,2026-08-31T19:19:55+08:00,DATA_AND_RESEARCH_EVIDENCE_ONLY,NONE
688088.SH,STAR,1,0.274258,9,8,1,0,VALID,,,2026-08-31T19:20:41+08:00,DATA_AND_RESEARCH_EVIDENCE_ONLY,NONE
688089.SH,STAR,1,0.386231,11,10,1,0,VALID,,,2026-08-31T19:19:34+08:00,DATA_AND_RESEARCH_EVIDENCE_ONLY,NONE
688090.SH,STAR,1,0.29172,15,14,1,0,VALID,,,2026-08-31T19:19:35+08:00,DATA_AND_RESEARCH_EVIDENCE_ONLY,NONE
688091.SH,STAR,1,0.487686,18,17,1,0,VALID,,,2026-08-31T19:23:30+08:00,DATA_AND_RESEARCH_EVIDENCE_ONLY,NONE
688092.SH,STAR,1,0.300793,13,12,1,0,VALID,,,2026-08-31T19:24:14+08:00,DATA_AND_RESEARCH_EVIDENCE_ONLY,NONE
688093.SH,STAR,1,0.402103,14,13,1,0,VALID,,,2026-08-31T19:19:55+08:00,DATA_AND_RESEARCH_EVIDENCE_ONLY,NONE
688095.SH,STAR,1,0.34676,28,26,2,0,VALID,,,2026-08-31T19:24:15+08:00,DATA_AND_RESEARCH_EVIDENCE_ONLY,NONE
688096.SH,STAR,1,0.270411,41,39,2,0,VALID,,,2026-08-31T19:20:00+08:00,DATA_AND_RESEARCH_EVIDENCE_ONLY,NONE
688097.SH,STAR,1,0.313987,23,22,1,0,VALID,,,2026-08-31T19:23:03+08:00,DATA_AND_RESEARCH_EVIDENCE_ONLY,NONE
688098.SH,STAR,1,0.558133,11,9,2,0,VALID,,,2026-08-31T19:24:15+08:00,DATA_AND_RESEARCH_EVIDENCE_ONLY,NONE
688099.SH,STAR,1,0.293675,21,20,1,0,VALID,,,2026-08-31T19:22:49+08:00,DATA_AND_RESEARCH_EVIDENCE_ONLY,NONE
688100.SH,STAR,1,0.299573,13,12,1,0,VALID,,,2026-08-31T19:22:50+08:00,DATA_AND_RESEARCH_EVIDENCE_ONLY,NONE
688101.SH,STAR,1,0.445689,7,6,1,0,VALID,,,2026-08-31T19:23:37+08:00,DATA_AND_RESEARCH_EVIDENCE_ONLY,NONE
688102.SH,STAR,1,0.505669,23,22,1,0,VALID,,,2026-08-31T19:23:30+08:00,DATA_AND_RESEARCH_EVIDENCE_ONLY,NONE
688103.SH,STAR,1,0.378602,18,16,2,0,VALID,,,2026-08-31T19:19:50+08:00,DATA_AND_RESEARCH_EVIDENCE_ONLY,NONE
688105.SH,STAR,1,0.267963,15,14,1,0,VALID,,,2026-08-31T19:19:46+08:00,DATA_AND_RESEARCH_EVIDENCE_ONLY,NONE
688106.SH,STAR,1,0.292284,47,46,1,0,VALID,,,2026-08-31T19:19:50+08:00,DATA_AND_RESEARCH_EVIDENCE_ONLY,NONE
688107.SH,STAR,1,0.273151,12,10,2,0,VALID,,,2026-08-31T19:23:07+08:00,DATA_AND_RESEARCH_EVIDENCE_ONLY,NONE
688108.SH,STAR,1,0.381607,9,8,1,0,VALID,,,2026-08-31T19:19:44+08:00,DATA_AND_RESEARCH_EVIDENCE_ONLY,NONE
688109.SH,STAR,1,0.467788,17,14,3,0,VALID,,,2026-08-31T19:20:01+08:00,DATA_AND_RESEARCH_EVIDENCE_ONLY,NONE
688110.SH,STAR,1,0.264724,17,15,2,0,VALID,,,2026-08-31T19:23:07+08:00,DATA_AND_RESEARCH_EVIDENCE_ONLY,NONE
688111.SH,STAR,1,0.300406,21,19,2,0,VALID,,,2026-08-31T19:19:35+08:00,DATA_AND_RESEARCH_EVIDENCE_ONLY,NONE
688112.SH,STAR,1,0.346674,10,8,2,0,VALID,,,2026-08-31T19:19:56+08:00,DATA_AND_RESEARCH_EVIDENCE_ONLY,NONE
688113.SH,STAR,1,0.295054,12,10,2,0,VALID,,,2026-08-31T19:19:35+08:00,DATA_AND_RESEARCH_EVIDENCE_ONLY,NONE
688114.SH,STAR,1,0.551065,15,14,1,0,VALID,,,2026-08-31T19:24:16+08:00,DATA_AND_RESEARCH_EVIDENCE_ONLY,NONE
688115.SH,STAR,1,0.295182,14,13,1,0,VALID,,,2026-08-31T19:23:08+08:00,DATA_AND_RESEARCH_EVIDENCE_ONLY,NONE
688116.SH,STAR,1,0.302289,30,29,1,0,VALID,,,2026-08-31T19:23:04+08:00,DATA_AND_RESEARCH_EVIDENCE_ONLY,NONE
688117.SH,STAR,1,0.37335,14,13,1,0,VALID,,,2026-08-31T19:23:08+08:00,DATA_AND_RESEARCH_EVIDENCE_ONLY,NONE
688118.SH,STAR,1,0.262595,11,9,2,0,VALID,,,2026-08-31T19:20:01+08:00,DATA_AND_RESEARCH_EVIDENCE_ONLY,NONE
688119.SH,STAR,1,0.294649,8,7,1,0,VALID,,,2026-08-31T19:23:09+08:00,DATA_AND_RESEARCH_EVIDENCE_ONLY,NONE
688120.SH,STAR,1,0.316685,17,16,1,0,VALID,,,2026-08-31T19:19:46+08:00,DATA_AND_RESEARCH_EVIDENCE_ONLY,NONE
688121.SH,STAR,1,0.369486,12,11,1,0,VALID,,,2026-08-31T19:20:02+08:00,DATA_AND_RESEARCH_EVIDENCE_ONLY,NONE
688122.SH,STAR,1,0.324729,24,19,5,0,VALID,,,2026-08-31T19:22:50+08:00,DATA_AND_RESEARCH_EVIDENCE_ONLY,NONE
688123.SH,STAR,1,0.343427,17,16,1,0,VALID,,,2026-08-31T19:19:44+08:00,DATA_AND_RESEARCH_EVIDENCE_ONLY,NONE
688125.SH,STAR,1,0.268305,17,16,1,0,VALID,,,2026-08-31T19:20:02+08:00,DATA_AND_RESEARCH_EVIDENCE_ONLY,NONE
688126.SH,STAR,1,0.303029,22,21,1,0,VALID,,,2026-08-31T19:22:50+08:00,DATA_AND_RESEARCH_EVIDENCE_ONLY,NONE
688127.SH,STAR,1,0.330833,15,14,1,0,VALID,,,2026-08-31T19:20:42+08:00,DATA_AND_RESEARCH_EVIDENCE_ONLY,NONE
688128.SH,STAR,1,0.292415,8,7,1,0,VALID,,,2026-08-31T19:23:09+08:00,DATA_AND_RESEARCH_EVIDENCE_ONLY,NONE
688129.SH,STAR,1,0.357229,12,11,1,0,VALID,,,2026-08-31T19:19:56+08:00,DATA_AND_RESEARCH_EVIDENCE_ONLY,NONE
688130.SH,STAR,1,0.368601,15,14,1,0,VALID,,,2026-08-31T19:19:44+08:00,DATA_AND_RESEARCH_EVIDENCE_ONLY,NONE
688131.SH,STAR,1,0.400765,55,53,2,0,VALID,,,2026-08-31T19:24:16+08:00,DATA_AND_RESEARCH_EVIDENCE_ONLY,NONE
688132.SH,STAR,1,0.398099,12,11,1,0,VALID,,,2026-08-31T19:19:36+08:00,DATA_AND_RESEARCH_EVIDENCE_ONLY,NONE
688133.SH,STAR,1,0.335463,27,26,1,0,VALID,,,2026-08-31T19:23:08+08:00,DATA_AND_RESEARCH_EVIDENCE_ONLY,NONE
688135.SH,STAR,1,0.262664,35,33,2,0,VALID,,,2026-08-31T19:23:08+08:00,DATA_AND_RESEARCH_EVIDENCE_ONLY,NONE
688136.SH,STAR,1,0.425575,10,9,1,0,VALID,,,2026-08-31T19:19:45+08:00,DATA_AND_RESEARCH_EVIDENCE_ONLY,NONE
688137.SH,STAR,1,0.631997,13,12,1,0,VALID,,,2026-08-31T19:19:46+08:00,DATA_AND_RESEARCH_EVIDENCE_ONLY,NONE
688138.SH,STAR,1,0.352312,9,8,1,0,VALID,,,2026-08-31T19:23:12+08:00,DATA_AND_RESEARCH_EVIDENCE_ONLY,NONE
688139.SH,STAR,1,0.322399,8,7,1,0,VALID,,,2026-08-31T19:19:45+08:00,DATA_AND_RESEARCH_EVIDENCE_ONLY,NONE
688141.SH,STAR,1,0.262582,10,9,1,0,VALID,,,2026-08-31T19:20:02+08:00,DATA_AND_RESEARCH_EVIDENCE_ONLY,NONE
688143.SH,STAR,1,0.312218,19,18,1,0,VALID,,,2026-08-31T19:19:46+08:00,DATA_AND_RESEARCH_EVIDENCE_ONLY,NONE
688146.SH,STAR,1,0.583044,9,8,1,0,VALID,,,2026-08-31T19:23:12+08:00,DATA_AND_RESEARCH_EVIDENCE_ONLY,NONE
688147.SH,STAR,1,0.309405,19,17,2,0,VALID,,,2026-08-31T19:19:46+08:00,DATA_AND_RESEARCH_EVIDENCE_ONLY,NONE
688148.SH,STAR,1,0.318183,32,31,1,0,VALID,,,2026-08-31T19:23:04+08:00,DATA_AND_RESEARCH_EVIDENCE_ONLY,NONE
688150.SH,STAR,1,0.353604,19,18,1,0,VALID,,,2026-08-31T19:19:56+08:00,DATA_AND_RESEARCH_EVIDENCE_ONLY,NONE
688151.SH,STAR,1,0.340638,8,7,1,0,VALID,,,2026-08-31T19:23:13+08:00,DATA_AND_RESEARCH_EVIDENCE_ONLY,NONE
688152.SH,STAR,1,0.395053,14,13,1,0,VALID,,,2026-08-31T19:19:51+08:00,DATA_AND_RESEARCH_EVIDENCE_ONLY,NONE
688153.SH,STAR,1,0.65058,27,25,2,0,VALID,,,2026-08-31T19:19:47+08:00,DATA_AND_RESEARCH_EVIDENCE_ONLY,NONE
688155.SH,STAR,1,0.396706,18,17,1,0,VALID,,,2026-08-31T19:19:56+08:00,DATA_AND_RESEARCH_EVIDENCE_ONLY,NONE
688156.SH,STAR,1,0.527219,23,21,2,0,VALID,,,2026-08-31T19:23:09+08:00,DATA_AND_RESEARCH_EVIDENCE_ONLY,NONE
688157.SH,STAR,1,0.290655,16,15,1,0,VALID,,,2026-08-31T19:23:10+08:00,DATA_AND_RESEARCH_EVIDENCE_ONLY,NONE
688158.SH,STAR,1,0.483361,20,19,1,0,VALID,,,2026-08-31T19:20:42+08:00,DATA_AND_RESEARCH_EVIDENCE_ONLY,NONE
688159.SH,STAR,1,0.292415,24,21,3,0,VALID,,,2026-08-31T19:22:51+08:00,DATA_AND_RESEARCH_EVIDENCE_ONLY,NONE
688160.SH,STAR,1,0.549834,11,10,1,0,VALID,,,2026-08-31T19:24:17+08:00,DATA_AND_RESEARCH_EVIDENCE_ONLY,NONE
688161.SH,STAR,1,0.295854,9,8,1,0,VALID,,,2026-08-31T19:22:51+08:00,DATA_AND_RESEARCH_EVIDENCE_ONLY,NONE
688162.SH,STAR,1,0.277294,25,24,1,0,VALID,,,2026-08-31T19:20:02+08:00,DATA_AND_RESEARCH_EVIDENCE_ONLY,NONE
688163.SH,STAR,1,0.768858,11,10,1,0,VALID,,,2026-08-31T19:19:57+08:00,DATA_AND_RESEARCH_EVIDENCE_ONLY,NONE
688165.SH,STAR,1,0.499236,12,10,2,0,VALID,,,2026-08-31T19:19:58+08:00,DATA_AND_RESEARCH_EVIDENCE_ONLY,NONE
688166.SH,STAR,1,0.301814,24,23,1,0,VALID,,,2026-08-31T19:19:36+08:00,DATA_AND_RESEARCH_EVIDENCE_ONLY,NONE
688167.SH,STAR,1,0.271584,22,19,3,0,VALID,,,2026-08-31T19:23:08+08:00,DATA_AND_RESEARCH_EVIDENCE_ONLY,NONE
688168.SH,STAR,1,0.281345,22,19,3,0,VALID,,,2026-08-31T19:20:03+08:00,DATA_AND_RESEARCH_EVIDENCE_ONLY,NONE
688169.SH,STAR,1,0.293444,29,28,1,0,VALID,,,2026-08-31T19:23:37+08:00,DATA_AND_RESEARCH_EVIDENCE_ONLY,NONE
688170.SH,STAR,1,0.330746,13,11,2,0,VALID,,,2026-08-31T19:23:09+08:00,DATA_AND_RESEARCH_EVIDENCE_ONLY,NONE
688171.SH,STAR,1,0.298062,13,12,1,0,VALID,,,2026-08-31T19:22:51+08:00,DATA_AND_RESEARCH_EVIDENCE_ONLY,NONE
688172.SH,STAR,1,0.326578,14,13,1,0,VALID,,,2026-08-31T19:23:10+08:00,DATA_AND_RESEARCH_EVIDENCE_ONLY,NONE
688173.SH,STAR,1,0.510865,47,46,1,0,VALID,,,2026-08-31T19:19:36+08:00,DATA_AND_RESEARCH_EVIDENCE_ONLY,NONE
688175.SH,STAR,1,0.297146,16,15,1,0,VALID,,,2026-08-31T19:22:51+08:00,DATA_AND_RESEARCH_EVIDENCE_ONLY,NONE
688176.SH,STAR,1,0.276067,16,15,1,0,VALID,,,2026-08-31T19:19:47+08:00,DATA_AND_RESEARCH_EVIDENCE_ONLY,NONE
688177.SH,STAR,1,0.29039,7,6,1,0,VALID,,,2026-08-31T19:23:11+08:00,DATA_AND_RESEARCH_EVIDENCE_ONLY,NONE
688178.SH,STAR,1,0.315958,12,11,1,0,VALID,,,2026-08-31T19:19:37+08:00,DATA_AND_RESEARCH_EVIDENCE_ONLY,NONE
688179.SH,STAR,1,0.429532,50,47,3,1,VALID,,,2026-08-31T19:20:03+08:00,DATA_AND_RESEARCH_EVIDENCE_ONLY,NONE
688180.SH,STAR,1,0.274746,55,52,3,0,VALID,,,2026-08-31T19:20:42+08:00,DATA_AND_RESEARCH_EVIDENCE_ONLY,NONE
688181.SH,STAR,1,0.372672,26,25,1,0,VALID,,,2026-08-31T19:20:43+08:00,DATA_AND_RESEARCH_EVIDENCE_ONLY,NONE
688182.SH,STAR,1,0.715237,10,9,1,0,VALID,,,2026-08-31T19:24:17+08:00,DATA_AND_RESEARCH_EVIDENCE_ONLY,NONE
688183.SH,STAR,1,0.302044,12,11,1,0,VALID,,,2026-08-31T19:23:04+08:00,DATA_AND_RESEARCH_EVIDENCE_ONLY,NONE
688184.SH,STAR,1,0.723238,14,13,1,0,VALID,,,2026-08-31T19:23:05+08:00,DATA_AND_RESEARCH_EVIDENCE_ONLY,NONE
688185.SH,STAR,1,0.276326,7,6,1,0,VALID,,,2026-08-31T19:19:56+08:00,DATA_AND_RESEARCH_EVIDENCE_ONLY,NONE
688186.SH,STAR,1,0.328184,31,30,1,0,VALID,,,2026-08-31T19:23:31+08:00,DATA_AND_RESEARCH_EVIDENCE_ONLY,NONE
688187.SH,STAR,1,0.266739,18,16,2,0,VALID,,,2026-08-31T19:20:03+08:00,DATA_AND_RESEARCH_EVIDENCE_ONLY,NONE
688188.SH,STAR,1,0.277117,24,23,1,0,VALID,,,2026-08-31T19:23:09+08:00,DATA_AND_RESEARCH_EVIDENCE_ONLY,NONE
688189.SH,STAR,1,0.317901,11,10,1,0,VALID,,,2026-08-31T19:23:05+08:00,DATA_AND_RESEARCH_EVIDENCE_ONLY,NONE
688190.SH,STAR,1,0.293131,9,8,1,0,VALID,,,2026-08-31T19:23:38+08:00,DATA_AND_RESEARCH_EVIDENCE_ONLY,NONE
688191.SH,STAR,1,0.279501,27,23,4,0,VALID,,,2026-08-31T19:20:43+08:00,DATA_AND_RESEARCH_EVIDENCE_ONLY,NONE
688192.SH,STAR,1,0.347785,23,22,1,0,VALID,,,2026-08-31T19:23:13+08:00,DATA_AND_RESEARCH_EVIDENCE_ONLY,NONE
688193.SH,STAR,1,0.389896,11,10,1,0,VALID,,,2026-08-31T19:19:51+08:00,DATA_AND_RESEARCH_EVIDENCE_ONLY,NONE
688195.SH,STAR,1,0.25895,13,12,1,0,VALID,,,2026-08-31T19:19:48+08:00,DATA_AND_RESEARCH_EVIDENCE_ONLY,NONE
688196.SH,STAR,1,0.399628,7,6,1,0,VALID,,,2026-08-31T19:19:48+08:00,DATA_AND_RESEARCH_EVIDENCE_ONLY,NONE
688197.SH,STAR,1,0.328256,13,12,1,0,VALID,,,2026-08-31T19:23:09+08:00,DATA_AND_RESEARCH_EVIDENCE_ONLY,NONE
688198.SH,STAR,1,0.301825,12,11,1,0,VALID,,,2026-08-31T19:22:52+08:00,DATA_AND_RESEARCH_EVIDENCE_ONLY,NONE
688199.SH,STAR,1,0.521923,40,39,1,0,VALID,,,2026-08-31T19:23:31+08:00,DATA_AND_RESEARCH_EVIDENCE_ONLY,NONE
688200.SH,STAR,1,0.259446,26,25,1,0,VALID,,,2026-08-31T19:23:10+08:00,DATA_AND_RESEARCH_EVIDENCE_ONLY,NONE
688201.SH,STAR,1,0.380002,15,14,1,0,VALID,,,2026-08-31T19:19:51+08:00,DATA_AND_RESEARCH_EVIDENCE_ONLY,NONE
688202.SH,STAR,1,0.305691,20,19,1,0,VALID,,,2026-08-31T19:23:06+08:00,DATA_AND_RESEARCH_EVIDENCE_ONLY,NONE
688203.SH,STAR,1,0.310982,10,9,1,0,VALID,,,2026-08-31T19:23:11+08:00,DATA_AND_RESEARCH_EVIDENCE_ONLY,NONE
688205.SH,STAR,1,0.404961,19,18,1,0,VALID,,,2026-08-31T19:19:52+08:00,DATA_AND_RESEARCH_EVIDENCE_ONLY,NONE
688206.SH,STAR,1,0.290274,15,14,1,0,VALID,,,2026-08-31T19:23:38+08:00,DATA_AND_RESEARCH_EVIDENCE_ONLY,NONE
688207.SH,STAR,1,0.290614,15,13,2,0,VALID,,,2026-08-31T19:19:46+08:00,DATA_AND_RESEARCH_EVIDENCE_ONLY,NONE
688208.SH,STAR,1,0.266755,31,29,2,0,VALID,,,2026-08-31T19:23:10+08:00,DATA_AND_RESEARCH_EVIDENCE_ONLY,NONE
688209.SH,STAR,1,0.262231,22,21,1,0,VALID,,,2026-08-31T19:20:43+08:00,DATA_AND_RESEARCH_EVIDENCE_ONLY,NONE
688210.SH,STAR,1,0.292788,21,20,1,0,VALID,,,2026-08-31T19:24:18+08:00,DATA_AND_RESEARCH_EVIDENCE_ONLY,NONE
688211.SH,STAR,1,0.334368,16,14,2,0,VALID,,,2026-08-31T19:19:56+08:00,DATA_AND_RESEARCH_EVIDENCE_ONLY,NONE
688212.SH,STAR,1,0.259403,14,13,1,0,VALID,,,2026-08-31T19:20:04+08:00,DATA_AND_RESEARCH_EVIDENCE_ONLY,NONE
688213.SH,STAR,1,0.277011,15,14,1,0,VALID,,,2026-08-31T19:23:10+08:00,DATA_AND_RESEARCH_EVIDENCE_ONLY,NONE
688215.SH,STAR,1,0.293175,18,17,1,0,VALID,,,2026-08-31T19:23:38+08:00,DATA_AND_RESEARCH_EVIDENCE_ONLY,NONE
688216.SH,STAR,1,0.348296,18,15,3,0,VALID,,,2026-08-31T19:23:10+08:00,DATA_AND_RESEARCH_EVIDENCE_ONLY,NONE
688217.SH,STAR,1,0.363972,11,10,1,0,VALID,,,2026-08-31T19:23:32+08:00,DATA_AND_RESEARCH_EVIDENCE_ONLY,NONE
688218.SH,STAR,1,0.635883,31,28,3,0,VALID,,,2026-08-31T19:22:52+08:00,DATA_AND_RESEARCH_EVIDENCE_ONLY,NONE
688219.SH,STAR,1,0.297736,24,23,1,1,VALID,,,2026-08-31T19:23:06+08:00,DATA_AND_RESEARCH_EVIDENCE_ONLY,NONE
688220.SH,STAR,1,0.287962,13,12,1,0,VALID,,,2026-08-31T19:19:37+08:00,DATA_AND_RESEARCH_EVIDENCE_ONLY,NONE
688221.SH,STAR,1,0.448493,10,9,1,0,VALID,,,2026-08-31T19:19:38+08:00,DATA_AND_RESEARCH_EVIDENCE_ONLY,NONE
688222.SH,STAR,1,0.261815,9,8,1,0,VALID,,,2026-08-31T19:23:11+08:00,DATA_AND_RESEARCH_EVIDENCE_ONLY,NONE
688223.SH,STAR,1,0.270338,32,31,1,0,VALID,,,2026-08-31T19:19:48+08:00,DATA_AND_RESEARCH_EVIDENCE_ONLY,NONE
688225.SH,STAR,1,0.275635,14,12,2,0,VALID,,,2026-08-31T19:23:11+08:00,DATA_AND_RESEARCH_EVIDENCE_ONLY,NONE
688226.SH,STAR,1,0.361637,22,19,3,0,VALID,,,2026-08-31T19:19:58+08:00,DATA_AND_RESEARCH_EVIDENCE_ONLY,NONE
688227.SH,STAR,1,0.511574,10,9,1,0,VALID,,,2026-08-31T19:23:11+08:00,DATA_AND_RESEARCH_EVIDENCE_ONLY,NONE
688228.SH,STAR,1,0.338945,19,15,4,0,VALID,,,2026-08-31T19:23:12+08:00,DATA_AND_RESEARCH_EVIDENCE_ONLY,NONE
688229.SH,STAR,1,0.287783,7,5,2,0,VALID,,,2026-08-31T19:23:39+08:00,DATA_AND_RESEARCH_EVIDENCE_ONLY,NONE
688230.SH,STAR,1,0.441055,8,7,1,0,VALID,,,2026-08-31T19:19:57+08:00,DATA_AND_RESEARCH_EVIDENCE_ONLY,NONE
688231.SH,STAR,1,0.304234,14,13,1,0,VALID,,,2026-08-31T19:19:57+08:00,DATA_AND_RESEARCH_EVIDENCE_ONLY,NONE
688232.SH,STAR,1,0.293766,9,8,1,0,VALID,,,2026-08-31T19:23:12+08:00,DATA_AND_RESEARCH_EVIDENCE_ONLY,NONE
688233.SH,STAR,1,0.364862,10,9,1,0,VALID,,,2026-08-31T19:19:52+08:00,DATA_AND_RESEARCH_EVIDENCE_ONLY,NONE
688234.SH,STAR,1,0.327239,18,17,1,0,VALID,,,2026-08-31T19:23:32+08:00,DATA_AND_RESEARCH_EVIDENCE_ONLY,NONE
688235.SH,STAR,1,0.303461,135,131,4,0,VALID,,,2026-08-31T19:23:39+08:00,DATA_AND_RESEARCH_EVIDENCE_ONLY,NONE
688236.SH,STAR,1,0.717821,7,6,1,0,VALID,,,2026-08-31T19:23:39+08:00,DATA_AND_RESEARCH_EVIDENCE_ONLY,NONE
688237.SH,STAR,1,0.747741,15,11,4,0,VALID,,,2026-08-31T19:24:18+08:00,DATA_AND_RESEARCH_EVIDENCE_ONLY,NONE
688238.SH,STAR,1,0.297062,31,29,2,0,VALID,,,2026-08-31T19:23:12+08:00,DATA_AND_RESEARCH_EVIDENCE_ONLY,NONE
688239.SH,STAR,1,0.272152,41,40,1,0,VALID,,,2026-08-31T19:23:11+08:00,DATA_AND_RESEARCH_EVIDENCE_ONLY,NONE
688244.SH,STAR,1,0.290397,15,13,2,0,VALID,,,2026-08-31T19:20:04+08:00,DATA_AND_RESEARCH_EVIDENCE_ONLY,NONE
688246.SH,STAR,1,0.372996,21,20,1,0,VALID,,,2026-08-31T19:19:47+08:00,DATA_AND_RESEARCH_EVIDENCE_ONLY,NONE
688247.SH,STAR,1,0.385534,10,9,1,0,VALID,,,2026-08-31T19:19:38+08:00,DATA_AND_RESEARCH_EVIDENCE_ONLY,NONE
688248.SH,STAR,1,0.29313,10,9,1,0,VALID,,,2026-08-31T19:23:13+08:00,DATA_AND_RESEARCH_EVIDENCE_ONLY,NONE
688249.SH,STAR,1,0.649062,14,12,2,0,VALID,,,2026-08-31T19:23:40+08:00,DATA_AND_RESEARCH_EVIDENCE_ONLY,NONE
688251.SH,STAR,1,0.271859,16,15,1,0,VALID,,,2026-08-31T19:20:44+08:00,DATA_AND_RESEARCH_EVIDENCE_ONLY,NONE
688252.SH,STAR,1,0.259367,17,16,1,0,VALID,,,2026-08-31T19:19:49+08:00,DATA_AND_RESEARCH_EVIDENCE_ONLY,NONE
688253.SH,STAR,1,0.358768,13,12,1,0,VALID,,,2026-08-31T19:19:53+08:00,DATA_AND_RESEARCH_EVIDENCE_ONLY,NONE
688255.SH,STAR,1,0.26318,18,17,1,0,VALID,,,2026-08-31T19:19:49+08:00,DATA_AND_RESEARCH_EVIDENCE_ONLY,NONE
688256.SH,STAR,1,0.300763,21,20,1,0,VALID,,,2026-08-31T19:23:13+08:00,DATA_AND_RESEARCH_EVIDENCE_ONLY,NONE
688257.SH,STAR,1,0.267801,32,31,1,0,VALID,,,2026-08-31T19:20:44+08:00,DATA_AND_RESEARCH_EVIDENCE_ONLY,NONE
688258.SH,STAR,1,0.446301,9,8,1,0,VALID,,,2026-08-31T19:23:13+08:00,DATA_AND_RESEARCH_EVIDENCE_ONLY,NONE
688259.SH,STAR,1,0.33311,11,10,1,0,VALID,,,2026-08-31T19:23:12+08:00,DATA_AND_RESEARCH_EVIDENCE_ONLY,NONE
688260.SH,STAR,1,0.607204,6,5,1,0,VALID,,,2026-08-31T19:23:12+08:00,DATA_AND_RESEARCH_EVIDENCE_ONLY,NONE
688261.SH,STAR,1,0.31328,18,17,1,0,VALID,,,2026-08-31T19:23:14+08:00,DATA_AND_RESEARCH_EVIDENCE_ONLY,NONE
688262.SH,STAR,1,0.39866,10,9,1,0,VALID,,,2026-08-31T19:23:41+08:00,DATA_AND_RESEARCH_EVIDENCE_ONLY,NONE
688265.SH,STAR,1,0.373928,17,14,3,0,VALID,,,2026-08-31T19:19:59+08:00,DATA_AND_RESEARCH_EVIDENCE_ONLY,NONE
688266.SH,STAR,1,0.302609,15,14,1,0,VALID,,,2026-08-31T19:24:19+08:00,DATA_AND_RESEARCH_EVIDENCE_ONLY,NONE
688267.SH,STAR,1,0.493846,19,17,2,0,VALID,,,2026-08-31T19:23:14+08:00,DATA_AND_RESEARCH_EVIDENCE_ONLY,NONE
688268.SH,STAR,1,0.288339,39,38,1,0,VALID,,,2026-08-31T19:23:41+08:00,DATA_AND_RESEARCH_EVIDENCE_ONLY,NONE
688269.SH,STAR,1,0.610281,20,18,2,0,VALID,,,2026-08-31T19:23:32+08:00,DATA_AND_RESEARCH_EVIDENCE_ONLY,NONE
688270.SH,STAR,1,0.27959,13,12,1,0,VALID,,,2026-08-31T19:20:04+08:00,DATA_AND_RESEARCH_EVIDENCE_ONLY,NONE
688271.SH,STAR,1,0.361512,11,10,1,0,VALID,,,2026-08-31T19:20:44+08:00,DATA_AND_RESEARCH_EVIDENCE_ONLY,NONE
688272.SH,STAR,1,0.290215,8,7,1,0,VALID,,,2026-08-31T19:19:57+08:00,DATA_AND_RESEARCH_EVIDENCE_ONLY,NONE
688273.SH,STAR,1,0.416047,13,12,1,0,VALID,,,2026-08-31T19:19:38+08:00,DATA_AND_RESEARCH_EVIDENCE_ONLY,NONE
688275.SH,STAR,1,0.367793,13,12,1,0,VALID,,,2026-08-31T19:19:58+08:00,DATA_AND_RESEARCH_EVIDENCE_ONLY,NONE
688276.SH,STAR,1,0.257916,13,11,2,0,VALID,,,2026-08-31T19:19:49+08:00,DATA_AND_RESEARCH_EVIDENCE_ONLY,NONE
688277.SH,STAR,1,0.39137,22,21,1,0,VALID,,,2026-08-31T19:23:33+08:00,DATA_AND_RESEARCH_EVIDENCE_ONLY,NONE
688278.SH,STAR,1,0.309517,7,6,1,0,VALID,,,2026-08-31T19:19:53+08:00,DATA_AND_RESEARCH_EVIDENCE_ONLY,NONE
688279.SH,STAR,1,0.297765,10,9,1,0,VALID,,,2026-08-31T19:23:13+08:00,DATA_AND_RESEARCH_EVIDENCE_ONLY,NONE
688280.SH,STAR,1,0.295522,6,5,1,0,VALID,,,2026-08-31T19:23:06+08:00,DATA_AND_RESEARCH_EVIDENCE_ONLY,NONE
688281.SH,STAR,1,0.280291,15,14,1,0,VALID,,,2026-08-31T19:20:05+08:00,DATA_AND_RESEARCH_EVIDENCE_ONLY,NONE
688282.SH,STAR,1,0.657308,12,11,1,0,VALID,,,2026-08-31T19:19:49+08:00,DATA_AND_RESEARCH_EVIDENCE_ONLY,NONE
688283.SH,STAR,1,0.298581,20,15,5,0,VALID,,,2026-08-31T19:24:19+08:00,DATA_AND_RESEARCH_EVIDENCE_ONLY,NONE
688285.SH,STAR,1,0.359465,8,6,2,0,VALID,,,2026-08-31T19:19:47+08:00,DATA_AND_RESEARCH_EVIDENCE_ONLY,NONE
688286.SH,STAR,1,0.29327,34,32,2,0,VALID,,,2026-08-31T19:23:07+08:00,DATA_AND_RESEARCH_EVIDENCE_ONLY,NONE
688288.SH,STAR,1,0.465794,10,9,1,0,VALID,,,2026-08-31T19:23:13+08:00,DATA_AND_RESEARCH_EVIDENCE_ONLY,NONE
688289.SH,STAR,1,0.871302,20,19,1,0,VALID,,,2026-08-31T19:19:59+08:00,DATA_AND_RESEARCH_EVIDENCE_ONLY,NONE
688290.SH,STAR,1,0.4372,16,15,1,0,VALID,,,2026-08-31T19:20:45+08:00,DATA_AND_RESEARCH_EVIDENCE_ONLY,NONE
688291.SH,STAR,1,0.29569,13,11,2,0,VALID,,,2026-08-31T19:23:07+08:00,DATA_AND_RESEARCH_EVIDENCE_ONLY,NONE
688292.SH,STAR,1,0.293376,29,28,1,0,VALID,,,2026-08-31T19:23:07+08:00,DATA_AND_RESEARCH_EVIDENCE_ONLY,NONE
688293.SH,STAR,1,0.350465,18,17,1,0,VALID,,,2026-08-31T19:23:33+08:00,DATA_AND_RESEARCH_EVIDENCE_ONLY,NONE
688295.SH,STAR,1,0.344976,12,11,1,0,VALID,,,2026-08-31T19:23:34+08:00,DATA_AND_RESEARCH_EVIDENCE_ONLY,NONE
688296.SH,STAR,1,0.288271,26,22,4,0,VALID,,,2026-08-31T19:23:15+08:00,DATA_AND_RESEARCH_EVIDENCE_ONLY,NONE
688297.SH,STAR,1,0.44293,11,10,1,0,VALID,,,2026-08-31T19:23:41+08:00,DATA_AND_RESEARCH_EVIDENCE_ONLY,NONE
688298.SH,STAR,1,0.360487,11,10,1,0,VALID,,,2026-08-31T19:19:47+08:00,DATA_AND_RESEARCH_EVIDENCE_ONLY,NONE
688299.SH,STAR,1,0.317016,17,15,2,0,VALID,,,2026-08-31T19:20:00+08:00,DATA_AND_RESEARCH_EVIDENCE_ONLY,NONE
688300.SH,STAR,1,0.352294,19,16,3,0,VALID,,,2026-08-31T19:24:19+08:00,DATA_AND_RESEARCH_EVIDENCE_ONLY,NONE
688301.SH,STAR,1,0.277105,39,37,2,0,VALID,,,2026-08-31T19:20:05+08:00,DATA_AND_RESEARCH_EVIDENCE_ONLY,NONE
688302.SH,STAR,1,0.298241,12,10,2,0,VALID,,,2026-08-31T19:22:53+08:00,DATA_AND_RESEARCH_EVIDENCE_ONLY,NONE
688303.SH,STAR,1,0.561965,18,15,3,0,VALID,,,2026-08-31T19:19:53+08:00,DATA_AND_RESEARCH_EVIDENCE_ONLY,NONE
688305.SH,STAR,1,0.287609,14,13,1,0,VALID,,,2026-08-31T19:19:39+08:00,DATA_AND_RESEARCH_EVIDENCE_ONLY,NONE
688306.SH,STAR,1,0.457141,7,6,1,0,VALID,,,2026-08-31T19:20:05+08:00,DATA_AND_RESEARCH_EVIDENCE_ONLY,NONE
688307.SH,STAR,1,0.301518,10,9,1,0,VALID,,,2026-08-31T19:23:15+08:00,DATA_AND_RESEARCH_EVIDENCE_ONLY,NONE
688308.SH,STAR,1,0.376701,15,14,1,0,VALID,,,2026-08-31T19:23:14+08:00,DATA_AND_RESEARCH_EVIDENCE_ONLY,NONE
688309.SH,STAR,1,0.273136,13,11,2,0,VALID,,,2026-08-31T19:23:13+08:00,DATA_AND_RESEARCH_EVIDENCE_ONLY,NONE
688310.SH,STAR,1,0.362687,20,19,1,0,VALID,,,2026-08-31T19:24:20+08:00,DATA_AND_RESEARCH_EVIDENCE_ONLY,NONE
688311.SH,STAR,1,0.420285,30,28,2,0,VALID,,,2026-08-31T19:19:54+08:00,DATA_AND_RESEARCH_EVIDENCE_ONLY,NONE
688312.SH,STAR,1,0.29636,16,15,1,0,VALID,,,2026-08-31T19:23:15+08:00,DATA_AND_RESEARCH_EVIDENCE_ONLY,NONE
688313.SH,STAR,1,0.326855,9,8,1,0,VALID,,,2026-08-31T19:23:13+08:00,DATA_AND_RESEARCH_EVIDENCE_ONLY,NONE
688314.SH,STAR,1,0.317353,12,11,1,0,VALID,,,2026-08-31T19:19:54+08:00,DATA_AND_RESEARCH_EVIDENCE_ONLY,NONE
688315.SH,STAR,1,0.282435,13,11,2,0,VALID,,,2026-08-31T19:23:42+08:00,DATA_AND_RESEARCH_EVIDENCE_ONLY,NONE
688316.SH,STAR,1,0.288072,10,9,1,0,VALID,,,2026-08-31T19:23:15+08:00,DATA_AND_RESEARCH_EVIDENCE_ONLY,NONE
688317.SH,STAR,1,0.386145,17,16,1,0,VALID,,,2026-08-31T19:19:55+08:00,DATA_AND_RESEARCH_EVIDENCE_ONLY,NONE
688318.SH,STAR,1,0.501021,12,10,2,0,VALID,,,2026-08-31T19:23:34+08:00,DATA_AND_RESEARCH_EVIDENCE_ONLY,NONE
688319.SH,STAR,1,0.509863,28,26,2,0,VALID,,,2026-08-31T19:23:42+08:00,DATA_AND_RESEARCH_EVIDENCE_ONLY,NONE
688320.SH,STAR,1,0.298295,17,15,2,0,VALID,,,2026-08-31T19:22:53+08:00,DATA_AND_RESEARCH_EVIDENCE_ONLY,NONE
688321.SH,STAR,1,0.375144,24,23,1,1,VALID,,,2026-08-31T19:19:48+08:00,DATA_AND_RESEARCH_EVIDENCE_ONLY,NONE
688322.SH,STAR,1,0.651271,21,20,1,0,VALID,,,2026-08-31T19:24:20+08:00,DATA_AND_RESEARCH_EVIDENCE_ONLY,NONE
688323.SH,STAR,1,0.271773,17,16,1,0,VALID,,,2026-08-31T19:23:13+08:00,DATA_AND_RESEARCH_EVIDENCE_ONLY,NONE
688325.SH,STAR,1,0.642213,26,25,1,0,VALID,,,2026-08-31T19:19:58+08:00,DATA_AND_RESEARCH_EVIDENCE_ONLY,NONE
688326.SH,STAR,1,0.372168,26,25,1,0,VALID,,,2026-08-31T19:24:21+08:00,DATA_AND_RESEARCH_EVIDENCE_ONLY,NONE
688327.SH,STAR,1,0.298033,13,12,1,0,VALID,,,2026-08-31T19:19:59+08:00,DATA_AND_RESEARCH_EVIDENCE_ONLY,NONE
688328.SH,STAR,1,0.369451,24,22,2,0,VALID,,,2026-08-31T19:24:21+08:00,DATA_AND_RESEARCH_EVIDENCE_ONLY,NONE
688329.SH,STAR,1,0.315156,12,11,1,0,VALID,,,2026-08-31T19:19:55+08:00,DATA_AND_RESEARCH_EVIDENCE_ONLY,NONE
688330.SH,STAR,1,0.301544,12,11,1,0,VALID,,,2026-08-31T19:23:16+08:00,DATA_AND_RESEARCH_EVIDENCE_ONLY,NONE
688331.SH,STAR,1,0.357263,15,14,1,0,VALID,,,2026-08-31T19:24:22+08:00,DATA_AND_RESEARCH_EVIDENCE_ONLY,NONE
688332.SH,STAR,1,0.39181,12,11,1,0,VALID,,,2026-08-31T19:22:53+08:00,DATA_AND_RESEARCH_EVIDENCE_ONLY,NONE
688333.SH,STAR,1,0.337967,18,17,1,0,VALID,,,2026-08-31T19:20:45+08:00,DATA_AND_RESEARCH_EVIDENCE_ONLY,NONE
688334.SH,STAR,1,0.362267,9,8,1,0,VALID,,,2026-08-31T19:20:00+08:00,DATA_AND_RESEARCH_EVIDENCE_ONLY,NONE
688335.SH,STAR,1,0.690054,24,23,1,0,VALID,,,2026-08-31T19:24:22+08:00,DATA_AND_RESEARCH_EVIDENCE_ONLY,NONE
688336.SH,STAR,1,0.320239,20,15,5,0,VALID,,,2026-08-31T19:20:00+08:00,DATA_AND_RESEARCH_EVIDENCE_ONLY,NONE
688337.SH,STAR,1,0.425694,24,23,1,0,VALID,,,2026-08-31T19:19:50+08:00,DATA_AND_RESEARCH_EVIDENCE_ONLY,NONE
688338.SH,STAR,1,0.277314,9,8,1,0,VALID,,,2026-08-31T19:20:45+08:00,DATA_AND_RESEARCH_EVIDENCE_ONLY,NONE
688339.SH,STAR,1,0.416538,31,29,2,0,VALID,,,2026-08-31T19:20:46+08:00,DATA_AND_RESEARCH_EVIDENCE_ONLY,NONE
688343.SH,STAR,1,0.274675,11,10,1,0,VALID,,,2026-08-31T19:19:51+08:00,DATA_AND_RESEARCH_EVIDENCE_ONLY,NONE
688345.SH,STAR,1,0.417517,15,14,1,0,VALID,,,2026-08-31T19:19:39+08:00,DATA_AND_RESEARCH_EVIDENCE_ONLY,NONE
688347.SH,STAR,1,0.358388,40,37,3,0,VALID,,,2026-08-31T19:20:01+08:00,DATA_AND_RESEARCH_EVIDENCE_ONLY,NONE
688348.SH,STAR,1,0.348227,12,11,1,0,VALID,,,2026-08-31T19:20:01+08:00,DATA_AND_RESEARCH_EVIDENCE_ONLY,NONE
688349.SH,STAR,1,0.263994,18,17,1,0,VALID,,,2026-08-31T19:20:06+08:00,DATA_AND_RESEARCH_EVIDENCE_ONLY,NONE
688350.SH,STAR,1,0.290988,18,16,2,0,VALID,,,2026-08-31T19:23:43+08:00,DATA_AND_RESEARCH_EVIDENCE_ONLY,NONE
688351.SH,STAR,1,0.386305,13,12,1,0,VALID,,,2026-08-31T19:19:59+08:00,DATA_AND_RESEARCH_EVIDENCE_ONLY,NONE
688352.SH,STAR,1,0.292993,15,14,1,0,VALID,,,2026-08-31T19:23:43+08:00,DATA_AND_RESEARCH_EVIDENCE_ONLY,NONE
688353.SH,STAR,1,0.28959,16,15,1,0,VALID,,,2026-08-31T19:19:55+08:00,DATA_AND_RESEARCH_EVIDENCE_ONLY,NONE
688355.SH,STAR,1,0.317999,15,14,1,0,VALID,,,2026-08-31T19:19:51+08:00,DATA_AND_RESEARCH_EVIDENCE_ONLY,NONE
688356.SH,STAR,1,0.358934,10,9,1,0,VALID,,,2026-08-31T19:20:46+08:00,DATA_AND_RESEARCH_EVIDENCE_ONLY,NONE
688357.SH,STAR,1,0.432043,24,22,2,0,VALID,,,2026-08-31T19:20:06+08:00,DATA_AND_RESEARCH_EVIDENCE_ONLY,NONE
688358.SH,STAR,1,0.426284,9,8,1,0,VALID,,,2026-08-31T19:20:02+08:00,DATA_AND_RESEARCH_EVIDENCE_ONLY,NONE
688359.SH,STAR,1,0.288502,29,27,2,0,VALID,,,2026-08-31T19:23:43+08:00,DATA_AND_RESEARCH_EVIDENCE_ONLY,NONE
688360.SH,STAR,1,0.386525,23,22,1,0,VALID,,,2026-08-31T19:23:14+08:00,DATA_AND_RESEARCH_EVIDENCE_ONLY,NONE
688361.SH,STAR,1,0.295564,13,12,1,0,VALID,,,2026-08-31T19:24:23+08:00,DATA_AND_RESEARCH_EVIDENCE_ONLY,NONE
688362.SH,STAR,1,0.332173,14,13,1,0,VALID,,,2026-08-31T19:23:14+08:00,DATA_AND_RESEARCH_EVIDENCE_ONLY,NONE
688363.SH,STAR,1,0.293303,10,9,1,0,VALID,,,2026-08-31T19:19:59+08:00,DATA_AND_RESEARCH_EVIDENCE_ONLY,NONE
688365.SH,STAR,1,0.323386,14,13,1,0,VALID,,,2026-08-31T19:19:48+08:00,DATA_AND_RESEARCH_EVIDENCE_ONLY,NONE
688366.SH,STAR,1,0.325158,31,27,4,0,VALID,,,2026-08-31T19:19:48+08:00,DATA_AND_RESEARCH_EVIDENCE_ONLY,NONE
688367.SH,STAR,1,0.296031,19,18,1,0,VALID,,,2026-08-31T19:23:16+08:00,DATA_AND_RESEARCH_EVIDENCE_ONLY,NONE
688368.SH,STAR,1,0.53302,20,19,1,0,VALID,,,2026-08-31T19:23:43+08:00,DATA_AND_RESEARCH_EVIDENCE_ONLY,NONE
688369.SH,STAR,1,0.32861,10,9,1,0,VALID,,,2026-08-31T19:19:40+08:00,DATA_AND_RESEARCH_EVIDENCE_ONLY,NONE
688370.SH,STAR,1,0.294043,12,11,1,0,VALID,,,2026-08-31T19:22:54+08:00,DATA_AND_RESEARCH_EVIDENCE_ONLY,NONE
688371.SH,STAR,1,0.394775,15,14,1,0,VALID,,,2026-08-31T19:23:34+08:00,DATA_AND_RESEARCH_EVIDENCE_ONLY,NONE
688372.SH,STAR,1,0.335075,22,21,1,0,VALID,,,2026-08-31T19:20:46+08:00,DATA_AND_RESEARCH_EVIDENCE_ONLY,NONE
688373.SH,STAR,1,0.298399,16,15,1,0,VALID,,,2026-08-31T19:22:54+08:00,DATA_AND_RESEARCH_EVIDENCE_ONLY,NONE
688375.SH,STAR,1,0.29954,12,11,1,0,VALID,,,2026-08-31T19:19:40+08:00,DATA_AND_RESEARCH_EVIDENCE_ONLY,NONE
688376.SH,STAR,1,0.372078,10,9,1,0,VALID,,,2026-08-31T19:19:49+08:00,DATA_AND_RESEARCH_EVIDENCE_ONLY,NONE
688377.SH,STAR,1,0.549261,14,11,3,0,VALID,,,2026-08-31T19:24:23+08:00,DATA_AND_RESEARCH_EVIDENCE_ONLY,NONE
688378.SH,STAR,1,0.296873,22,21,1,1,VALID,,,2026-08-31T19:22:54+08:00,DATA_AND_RESEARCH_EVIDENCE_ONLY,NONE
688379.SH,STAR,1,0.298081,12,10,2,0,VALID,,,2026-08-31T19:23:16+08:00,DATA_AND_RESEARCH_EVIDENCE_ONLY,NONE
688380.SH,STAR,1,0.5604,13,12,1,0,VALID,,,2026-08-31T19:24:23+08:00,DATA_AND_RESEARCH_EVIDENCE_ONLY,NONE
688381.SH,STAR,1,0.26835,10,9,1,0,VALID,,,2026-08-31T19:20:06+08:00,DATA_AND_RESEARCH_EVIDENCE_ONLY,NONE
688382.SH,STAR,1,0.668768,18,17,1,0,VALID,,,2026-08-31T19:19:56+08:00,DATA_AND_RESEARCH_EVIDENCE_ONLY,NONE
688383.SH,STAR,1,0.288574,13,12,1,0,VALID,,,2026-08-31T19:19:56+08:00,DATA_AND_RESEARCH_EVIDENCE_ONLY,NONE
688385.SH,STAR,1,0.384741,15,14,1,0,VALID,,,2026-08-31T19:23:35+08:00,DATA_AND_RESEARCH_EVIDENCE_ONLY,NONE
688386.SH,STAR,1,0.348627,12,11,1,0,VALID,,,2026-08-31T19:23:15+08:00,DATA_AND_RESEARCH_EVIDENCE_ONLY,NONE
688387.SH,STAR,1,0.299453,11,10,1,0,VALID,,,2026-08-31T19:23:08+08:00,DATA_AND_RESEARCH_EVIDENCE_ONLY,NONE
688388.SH,STAR,1,0.372178,39,38,1,0,VALID,,,2026-08-31T19:23:15+08:00,DATA_AND_RESEARCH_EVIDENCE_ONLY,NONE
688389.SH,STAR,1,0.298106,20,19,1,0,VALID,,,2026-08-31T19:23:08+08:00,DATA_AND_RESEARCH_EVIDENCE_ONLY,NONE
688390.SH,STAR,1,0.348874,23,21,2,0,VALID,,,2026-08-31T19:20:02+08:00,DATA_AND_RESEARCH_EVIDENCE_ONLY,NONE
688391.SH,STAR,1,0.656445,19,16,3,0,VALID,,,2026-08-31T19:20:02+08:00,DATA_AND_RESEARCH_EVIDENCE_ONLY,NONE
688392.SH,STAR,1,0.365516,16,15,1,0,VALID,,,2026-08-31T19:19:49+08:00,DATA_AND_RESEARCH_EVIDENCE_ONLY,NONE
688393.SH,STAR,1,0.294685,8,6,2,0,VALID,,,2026-08-31T19:23:17+08:00,DATA_AND_RESEARCH_EVIDENCE_ONLY,NONE
688395.SH,STAR,1,0.375329,15,14,1,0,VALID,,,2026-08-31T19:20:00+08:00,DATA_AND_RESEARCH_EVIDENCE_ONLY,NONE
688396.SH,STAR,1,0.29876,12,11,1,0,VALID,,,2026-08-31T19:22:55+08:00,DATA_AND_RESEARCH_EVIDENCE_ONLY,NONE
688398.SH,STAR,1,0.280137,16,14,2,0,VALID,,,2026-08-31T19:23:14+08:00,DATA_AND_RESEARCH_EVIDENCE_ONLY,NONE
688399.SH,STAR,1,0.372813,9,8,1,0,VALID,,,2026-08-31T19:23:08+08:00,DATA_AND_RESEARCH_EVIDENCE_ONLY,NONE
688400.SH,STAR,1,0.365855,24,23,1,1,VALID,,,2026-08-31T19:24:24+08:00,DATA_AND_RESEARCH_EVIDENCE_ONLY,NONE
688401.SH,STAR,1,0.353725,26,25,1,0,VALID,,,2026-08-31T19:23:35+08:00,DATA_AND_RESEARCH_EVIDENCE_ONLY,NONE
688403.SH,STAR,1,0.475945,26,25,1,0,VALID,,,2026-08-31T19:23:36+08:00,DATA_AND_RESEARCH_EVIDENCE_ONLY,NONE
688408.SH,STAR,1,0.370062,16,15,1,0,VALID,,,2026-08-31T19:19:57+08:00,DATA_AND_RESEARCH_EVIDENCE_ONLY,NONE
688409.SH,STAR,1,0.29512,12,11,1,0,VALID,,,2026-08-31T19:23:09+08:00,DATA_AND_RESEARCH_EVIDENCE_ONLY,NONE
688410.SH,STAR,1,0.434391,18,15,3,0,VALID,,,2026-08-31T19:23:36+08:00,DATA_AND_RESEARCH_EVIDENCE_ONLY,NONE
688411.SH,STAR,1,0.308677,7,6,1,0,VALID,,,2026-08-31T19:22:55+08:00,DATA_AND_RESEARCH_EVIDENCE_ONLY,NONE
688416.SH,STAR,1,0.259893,19,18,1,0,VALID,,,2026-08-31T19:19:51+08:00,DATA_AND_RESEARCH_EVIDENCE_ONLY,NONE
688418.SH,STAR,1,0.298004,8,6,2,0,VALID,,,2026-08-31T19:19:40+08:00,DATA_AND_RESEARCH_EVIDENCE_ONLY,NONE
688419.SH,STAR,1,0.711645,12,11,1,0,VALID,,,2026-08-31T19:23:44+08:00,DATA_AND_RESEARCH_EVIDENCE_ONLY,NONE
688420.SH,STAR,1,0.284959,13,12,1,0,VALID,,,2026-08-31T19:19:57+08:00,DATA_AND_RESEARCH_EVIDENCE_ONLY,NONE
688425.SH,STAR,1,0.345954,10,9,1,0,VALID,,,2026-08-31T19:19:41+08:00,DATA_AND_RESEARCH_EVIDENCE_ONLY,NONE
688426.SH,STAR,1,0.30555,16,15,1,0,VALID,,,2026-08-31T19:19:49+08:00,DATA_AND_RESEARCH_EVIDENCE_ONLY,NONE
688428.SH,STAR,1,0.303064,16,15,1,0,VALID,,,2026-08-31T19:23:09+08:00,DATA_AND_RESEARCH_EVIDENCE_ONLY,NONE
688429.SH,STAR,1,0.554188,9,8,1,0,VALID,,,2026-08-31T19:24:24+08:00,DATA_AND_RESEARCH_EVIDENCE_ONLY,NONE
688432.SH,STAR,1,0.320929,14,13,1,0,VALID,,,2026-08-31T19:20:00+08:00,DATA_AND_RESEARCH_EVIDENCE_ONLY,NONE
688433.SH,STAR,1,0.298232,14,13,1,0,VALID,,,2026-08-31T19:23:09+08:00,DATA_AND_RESEARCH_EVIDENCE_ONLY,NONE
688435.SH,STAR,1,0.268898,12,10,2,0,VALID,,,2026-08-31T19:20:07+08:00,DATA_AND_RESEARCH_EVIDENCE_ONLY,NONE
688439.SH,STAR,1,0.305171,10,9,1,0,VALID,,,2026-08-31T19:19:41+08:00,DATA_AND_RESEARCH_EVIDENCE_ONLY,NONE
688443.SH,STAR,1,0.370912,8,7,1,0,VALID,,,2026-08-31T19:20:00+08:00,DATA_AND_RESEARCH_EVIDENCE_ONLY,NONE
688448.SH,STAR,1,0.482557,14,13,1,0,VALID,,,2026-08-31T19:20:01+08:00,DATA_AND_RESEARCH_EVIDENCE_ONLY,NONE
688449.SH,STAR,1,0.671848,5,4,1,0,VALID,,,2026-08-31T19:23:37+08:00,DATA_AND_RESEARCH_EVIDENCE_ONLY,NONE
688450.SH,STAR,1,0.298346,7,6,1,0,VALID,,,2026-08-31T19:20:01+08:00,DATA_AND_RESEARCH_EVIDENCE_ONLY,NONE
688455.SH,STAR,1,0.357857,15,14,1,0,VALID,,,2026-08-31T19:23:45+08:00,DATA_AND_RESEARCH_EVIDENCE_ONLY,NONE
688456.SH,STAR,1,0.299761,7,6,1,0,VALID,,,2026-08-31T19:19:41+08:00,DATA_AND_RESEARCH_EVIDENCE_ONLY,NONE
688458.SH,STAR,1,0.304962,17,16,1,0,VALID,,,2026-08-31T19:22:55+08:00,DATA_AND_RESEARCH_EVIDENCE_ONLY,NONE
688459.SH,STAR,1,0.303262,9,8,1,0,VALID,,,2026-08-31T19:19:41+08:00,DATA_AND_RESEARCH_EVIDENCE_ONLY,NONE
688466.SH,STAR,1,0.335486,13,12,1,0,VALID,,,2026-08-31T19:23:37+08:00,DATA_AND_RESEARCH_EVIDENCE_ONLY,NONE
688468.SH,STAR,1,0.298973,11,10,1,0,VALID,,,2026-08-31T19:23:45+08:00,DATA_AND_RESEARCH_EVIDENCE_ONLY,NONE
688469.SH,STAR,1,0.273464,25,24,1,1,VALID,,,2026-08-31T19:20:47+08:00,DATA_AND_RESEARCH_EVIDENCE_ONLY,NONE
688472.SH,STAR,1,0.29792,12,11,1,0,VALID,,,2026-08-31T19:22:56+08:00,DATA_AND_RESEARCH_EVIDENCE_ONLY,NONE
688475.SH,STAR,1,0.442337,11,10,1,0,VALID,,,2026-08-31T19:23:45+08:00,DATA_AND_RESEARCH_EVIDENCE_ONLY,NONE
688478.SH,STAR,1,0.294644,12,11,1,0,VALID,,,2026-08-31T19:19:50+08:00,DATA_AND_RESEARCH_EVIDENCE_ONLY,NONE
688479.SH,STAR,1,0.365474,16,15,1,0,VALID,,,2026-08-31T19:20:03+08:00,DATA_AND_RESEARCH_EVIDENCE_ONLY,NONE
688480.SH,STAR,1,0.552548,12,11,1,0,VALID,,,2026-08-31T19:24:25+08:00,DATA_AND_RESEARCH_EVIDENCE_ONLY,NONE
688484.SH,STAR,1,0.288028,14,13,1,0,VALID,,,2026-08-31T19:23:14+08:00,DATA_AND_RESEARCH_EVIDENCE_ONLY,NONE
688485.SH,STAR,1,0.29411,13,11,2,0,VALID,,,2026-08-31T19:23:17+08:00,DATA_AND_RESEARCH_EVIDENCE_ONLY,NONE
688486.SH,STAR,1,0.520969,18,16,2,0,VALID,,,2026-08-31T19:23:15+08:00,DATA_AND_RESEARCH_EVIDENCE_ONLY,NONE
688488.SH,STAR,1,0.269314,11,10,1,0,VALID,,,2026-08-31T19:19:51+08:00,DATA_AND_RESEARCH_EVIDENCE_ONLY,NONE
688489.SH,STAR,1,0.269596,19,18,1,0,VALID,,,2026-08-31T19:19:52+08:00,DATA_AND_RESEARCH_EVIDENCE_ONLY,NONE
688496.SH,STAR,1,0.344904,6,5,1,0,VALID,,,2026-08-31T19:23:15+08:00,DATA_AND_RESEARCH_EVIDENCE_ONLY,NONE
688498.SH,STAR,1,0.268152,17,15,2,0,VALID,,,2026-08-31T19:20:07+08:00,DATA_AND_RESEARCH_EVIDENCE_ONLY,NONE
688499.SH,STAR,1,0.368781,23,21,2,0,VALID,,,2026-08-31T19:19:50+08:00,DATA_AND_RESEARCH_EVIDENCE_ONLY,NONE
688500.SH,STAR,1,0.355098,22,19,3,1,VALID,,,2026-08-31T19:23:38+08:00,DATA_AND_RESEARCH_EVIDENCE_ONLY,NONE
688501.SH,STAR,1,0.29186,9,8,1,0,VALID,,,2026-08-31T19:23:17+08:00,DATA_AND_RESEARCH_EVIDENCE_ONLY,NONE
688502.SH,STAR,1,0.32152,16,14,2,0,VALID,,,2026-08-31T19:19:42+08:00,DATA_AND_RESEARCH_EVIDENCE_ONLY,NONE
688503.SH,STAR,1,0.375177,20,18,2,0,VALID,,,2026-08-31T19:24:26+08:00,DATA_AND_RESEARCH_EVIDENCE_ONLY,NONE
688505.SH,STAR,1,0.504604,9,8,1,0,VALID,,,2026-08-31T19:23:16+08:00,DATA_AND_RESEARCH_EVIDENCE_ONLY,NONE
688506.SH,STAR,1,0.372614,13,11,2,0,VALID,,,2026-08-31T19:19:50+08:00,DATA_AND_RESEARCH_EVIDENCE_ONLY,NONE
688507.SH,STAR,1,0.446872,12,11,1,0,VALID,,,2026-08-31T19:24:26+08:00,DATA_AND_RESEARCH_EVIDENCE_ONLY,NONE
688508.SH,STAR,1,0.299677,37,36,1,0,VALID,,,2026-08-31T19:19:42+08:00,DATA_AND_RESEARCH_EVIDENCE_ONLY,NONE
688509.SH,STAR,1,0.503317,9,8,1,0,VALID,,,2026-08-31T19:20:02+08:00,DATA_AND_RESEARCH_EVIDENCE_ONLY,NONE
688510.SH,STAR,1,0.266913,16,14,2,0,VALID,,,2026-08-31T19:23:16+08:00,DATA_AND_RESEARCH_EVIDENCE_ONLY,NONE
688511.SH,STAR,1,0.404565,16,15,1,0,VALID,,,2026-08-31T19:20:02+08:00,DATA_AND_RESEARCH_EVIDENCE_ONLY,NONE
688512.SH,STAR,1,0.365311,18,17,1,1,VALID,,,2026-08-31T19:23:15+08:00,DATA_AND_RESEARCH_EVIDENCE_ONLY,NONE
688513.SH,STAR,1,0.315301,15,12,3,0,VALID,,,2026-08-31T19:23:16+08:00,DATA_AND_RESEARCH_EVIDENCE_ONLY,NONE
688515.SH,STAR,1,0.261365,8,7,1,0,VALID,,,2026-08-31T19:23:16+08:00,DATA_AND_RESEARCH_EVIDENCE_ONLY,NONE
688516.SH,STAR,1,0.294726,46,43,3,0,VALID,,,2026-08-31T19:19:42+08:00,DATA_AND_RESEARCH_EVIDENCE_ONLY,NONE
688517.SH,STAR,1,0.466986,14,13,1,0,VALID,,,2026-08-31T19:23:16+08:00,DATA_AND_RESEARCH_EVIDENCE_ONLY,NONE
688518.SH,STAR,1,0.355375,31,30,1,0,VALID,,,2026-08-31T19:24:26+08:00,DATA_AND_RESEARCH_EVIDENCE_ONLY,NONE
688519.SH,STAR,1,0.333728,14,13,1,0,VALID,,,2026-08-31T19:20:07+08:00,DATA_AND_RESEARCH_EVIDENCE_ONLY,NONE
688520.SH,STAR,1,0.309669,14,13,1,0,VALID,,,2026-08-31T19:22:56+08:00,DATA_AND_RESEARCH_EVIDENCE_ONLY,NONE
688521.SH,STAR,1,0.314815,39,38,1,0,VALID,,,2026-08-31T19:19:43+08:00,DATA_AND_RESEARCH_EVIDENCE_ONLY,NONE
688522.SH,STAR,1,0.274636,13,12,1,0,VALID,,,2026-08-31T19:23:17+08:00,DATA_AND_RESEARCH_EVIDENCE_ONLY,NONE
688523.SH,STAR,1,0.334929,11,9,2,0,VALID,,,2026-08-31T19:23:17+08:00,DATA_AND_RESEARCH_EVIDENCE_ONLY,NONE
688525.SH,STAR,1,0.576019,25,24,1,0,VALID,,,2026-08-31T19:20:47+08:00,DATA_AND_RESEARCH_EVIDENCE_ONLY,NONE
688526.SH,STAR,1,0.305349,17,16,1,0,VALID,,,2026-08-31T19:22:56+08:00,DATA_AND_RESEARCH_EVIDENCE_ONLY,NONE
688528.SH,STAR,1,0.309768,7,6,1,0,VALID,,,2026-08-31T19:23:17+08:00,DATA_AND_RESEARCH_EVIDENCE_ONLY,NONE
688529.SH,STAR,1,0.263653,15,14,1,0,VALID,,,2026-08-31T19:20:07+08:00,DATA_AND_RESEARCH_EVIDENCE_ONLY,NONE
688530.SH,STAR,1,0.566854,6,5,1,0,VALID,,,2026-08-31T19:19:51+08:00,DATA_AND_RESEARCH_EVIDENCE_ONLY,NONE
688531.SH,STAR,1,0.356863,15,13,2,0,VALID,,,2026-08-31T19:23:17+08:00,DATA_AND_RESEARCH_EVIDENCE_ONLY,NONE
688533.SH,STAR,1,0.365189,20,19,1,0,VALID,,,2026-08-31T19:19:52+08:00,DATA_AND_RESEARCH_EVIDENCE_ONLY,NONE
688535.SH,STAR,1,0.330197,19,16,3,0,VALID,,,2026-08-31T19:23:17+08:00,DATA_AND_RESEARCH_EVIDENCE_ONLY,NONE
688536.SH,STAR,1,0.271436,24,22,2,0,VALID,,,2026-08-31T19:19:52+08:00,DATA_AND_RESEARCH_EVIDENCE_ONLY,NONE
688538.SH,STAR,1,0.267437,11,10,1,0,VALID,,,2026-08-31T19:19:53+08:00,DATA_AND_RESEARCH_EVIDENCE_ONLY,NONE
688539.SH,STAR,1,0.679094,17,14,3,0,VALID,,,2026-08-31T19:24:27+08:00,DATA_AND_RESEARCH_EVIDENCE_ONLY,NONE
688543.SH,STAR,1,0.417109,16,14,2,0,VALID,,,2026-08-31T19:23:17+08:00,DATA_AND_RESEARCH_EVIDENCE_ONLY,NONE
688545.SH,STAR,1,0.70117,5,4,1,0,VALID,,,2026-08-31T19:23:38+08:00,DATA_AND_RESEARCH_EVIDENCE_ONLY,NONE
688548.SH,STAR,1,0.592882,9,8,1,0,VALID,,,2026-08-31T19:20:03+08:00,DATA_AND_RESEARCH_EVIDENCE_ONLY,NONE
688549.SH,STAR,1,0.304562,7,6,1,1,VALID,,,2026-08-31T19:23:46+08:00,DATA_AND_RESEARCH_EVIDENCE_ONLY,NONE
688550.SH,STAR,1,0.294642,25,24,1,0,VALID,,,2026-08-31T19:23:46+08:00,DATA_AND_RESEARCH_EVIDENCE_ONLY,NONE
688551.SH,STAR,1,0.297532,18,17,1,0,VALID,,,2026-08-31T19:20:03+08:00,DATA_AND_RESEARCH_EVIDENCE_ONLY,NONE
688552.SH,STAR,1,0.384832,7,6,1,0,VALID,,,2026-08-31T19:20:03+08:00,DATA_AND_RESEARCH_EVIDENCE_ONLY,NONE
688553.SH,STAR,1,0.297139,8,7,1,0,VALID,,,2026-08-31T19:19:43+08:00,DATA_AND_RESEARCH_EVIDENCE_ONLY,NONE
688556.SH,STAR,1,0.326895,39,38,1,0,VALID,,,2026-08-31T19:20:04+08:00,DATA_AND_RESEARCH_EVIDENCE_ONLY,NONE
688557.SH,STAR,1,0.328949,11,9,2,0,VALID,,,2026-08-31T19:20:48+08:00,DATA_AND_RESEARCH_EVIDENCE_ONLY,NONE
688558.SH,STAR,1,0.662114,9,7,2,0,VALID,,,2026-08-31T19:19:51+08:00,DATA_AND_RESEARCH_EVIDENCE_ONLY,NONE
688559.SH,STAR,1,0.2905,15,14,1,0,VALID,,,2026-08-31T19:23:46+08:00,DATA_AND_RESEARCH_EVIDENCE_ONLY,NONE
688560.SH,STAR,1,0.297617,14,13,1,0,VALID,,,2026-08-31T19:19:43+08:00,DATA_AND_RESEARCH_EVIDENCE_ONLY,NONE
688561.SH,STAR,1,0.25868,15,14,1,0,VALID,,,2026-08-31T19:23:18+08:00,DATA_AND_RESEARCH_EVIDENCE_ONLY,NONE
688562.SH,STAR,1,0.491964,7,6,1,0,VALID,,,2026-08-31T19:19:52+08:00,DATA_AND_RESEARCH_EVIDENCE_ONLY,NONE
688563.SH,STAR,1,0.633303,8,7,1,0,VALID,,,2026-08-31T19:20:04+08:00,DATA_AND_RESEARCH_EVIDENCE_ONLY,NONE
688565.SH,STAR,1,0.358965,34,32,2,0,VALID,,,2026-08-31T19:19:57+08:00,DATA_AND_RESEARCH_EVIDENCE_ONLY,NONE
688566.SH,STAR,1,0.446202,11,10,1,0,VALID,,,2026-08-31T19:23:47+08:00,DATA_AND_RESEARCH_EVIDENCE_ONLY,NONE
688567.SH,STAR,1,0.306928,11,10,1,0,VALID,,,2026-08-31T19:23:09+08:00,DATA_AND_RESEARCH_EVIDENCE_ONLY,NONE
688568.SH,STAR,1,0.680844,14,13,1,0,VALID,,,2026-08-31T19:20:05+08:00,DATA_AND_RESEARCH_EVIDENCE_ONLY,NONE
688569.SH,STAR,1,0.304409,6,5,1,0,VALID,,,2026-08-31T19:22:57+08:00,DATA_AND_RESEARCH_EVIDENCE_ONLY,NONE
688570.SH,STAR,1,0.456946,9,8,1,0,VALID,,,2026-08-31T19:23:18+08:00,DATA_AND_RESEARCH_EVIDENCE_ONLY,NONE
688571.SH,STAR,1,0.301518,13,11,2,0,VALID,,,2026-08-31T19:19:44+08:00,DATA_AND_RESEARCH_EVIDENCE_ONLY,NONE
688573.SH,STAR,1,0.301157,10,9,1,0,VALID,,,2026-08-31T19:24:27+08:00,DATA_AND_RESEARCH_EVIDENCE_ONLY,NONE
688575.SH,STAR,1,0.331124,15,14,1,0,VALID,,,2026-08-31T19:23:39+08:00,DATA_AND_RESEARCH_EVIDENCE_ONLY,NONE
688576.SH,STAR,1,0.256828,19,16,3,0,VALID,,,2026-08-31T19:19:53+08:00,DATA_AND_RESEARCH_EVIDENCE_ONLY,NONE
688577.SH,STAR,1,0.30776,17,15,2,0,VALID,,,2026-08-31T19:23:18+08:00,DATA_AND_RESEARCH_EVIDENCE_ONLY,NONE
688578.SH,STAR,1,0.355458,9,8,1,0,VALID,,,2026-08-31T19:24:28+08:00,DATA_AND_RESEARCH_EVIDENCE_ONLY,NONE
688579.SH,STAR,1,0.493558,24,23,1,0,VALID,,,2026-08-31T19:19:44+08:00,DATA_AND_RESEARCH_EVIDENCE_ONLY,NONE
688580.SH,STAR,1,0.309532,15,12,3,0,VALID,,,2026-08-31T19:20:08+08:00,DATA_AND_RESEARCH_EVIDENCE_ONLY,NONE
688581.SH,STAR,1,0.352361,12,11,1,0,VALID,,,2026-08-31T19:24:28+08:00,DATA_AND_RESEARCH_EVIDENCE_ONLY,NONE
688582.SH,STAR,1,0.366879,11,10,1,0,VALID,,,2026-08-31T19:19:58+08:00,DATA_AND_RESEARCH_EVIDENCE_ONLY,NONE
688583.SH,STAR,1,0.263668,7,6,1,0,VALID,,,2026-08-31T19:19:53+08:00,DATA_AND_RESEARCH_EVIDENCE_ONLY,NONE
688584.SH,STAR,1,0.281181,10,8,2,0,VALID,,,2026-08-31T19:23:18+08:00,DATA_AND_RESEARCH_EVIDENCE_ONLY,NONE
688585.SH,STAR,1,0.34785,9,8,1,0,VALID,,,2026-08-31T19:24:28+08:00,DATA_AND_RESEARCH_EVIDENCE_ONLY,NONE
688586.SH,STAR,1,0.349137,13,12,1,0,VALID,,,2026-08-31T19:24:29+08:00,DATA_AND_RESEARCH_EVIDENCE_ONLY,NONE
688588.SH,STAR,1,0.29908,17,16,1,0,VALID,,,2026-08-31T19:23:18+08:00,DATA_AND_RESEARCH_EVIDENCE_ONLY,NONE
688589.SH,STAR,1,0.314841,27,25,2,0,VALID,,,2026-08-31T19:22:57+08:00,DATA_AND_RESEARCH_EVIDENCE_ONLY,NONE
688590.SH,STAR,1,0.548849,40,38,2,0,VALID,,,2026-08-31T19:23:39+08:00,DATA_AND_RESEARCH_EVIDENCE_ONLY,NONE
688591.SH,STAR,1,0.374156,12,11,1,0,VALID,,,2026-08-31T19:23:47+08:00,DATA_AND_RESEARCH_EVIDENCE_ONLY,NONE
688592.SH,STAR,1,0.301859,30,28,2,0,VALID,,,2026-08-31T19:19:45+08:00,DATA_AND_RESEARCH_EVIDENCE_ONLY,NONE
688593.SH,STAR,1,0.390544,9,8,1,0,VALID,,,2026-08-31T19:23:10+08:00,DATA_AND_RESEARCH_EVIDENCE_ONLY,NONE
688595.SH,STAR,1,0.349049,21,20,1,0,VALID,,,2026-08-31T19:24:29+08:00,DATA_AND_RESEARCH_EVIDENCE_ONLY,NONE
688596.SH,STAR,1,0.299775,70,69,1,0,VALID,,,2026-08-31T19:19:45+08:00,DATA_AND_RESEARCH_EVIDENCE_ONLY,NONE
688597.SH,STAR,1,0.444629,24,20,4,0,VALID,,,2026-08-31T19:20:03+08:00,DATA_AND_RESEARCH_EVIDENCE_ONLY,NONE
688598.SH,STAR,1,0.281657,27,26,1,0,VALID,,,2026-08-31T19:20:08+08:00,DATA_AND_RESEARCH_EVIDENCE_ONLY,NONE
688599.SH,STAR,1,0.520519,44,43,1,0,VALID,,,2026-08-31T19:23:48+08:00,DATA_AND_RESEARCH_EVIDENCE_ONLY,NONE
688600.SH,STAR,1,0.467433,15,14,1,0,VALID,,,2026-08-31T19:23:18+08:00,DATA_AND_RESEARCH_EVIDENCE_ONLY,NONE
688601.SH,STAR,1,0.31976,13,11,2,0,VALID,,,2026-08-31T19:23:19+08:00,DATA_AND_RESEARCH_EVIDENCE_ONLY,NONE
688602.SH,STAR,1,0.289089,9,7,2,0,VALID,,,2026-08-31T19:22:57+08:00,DATA_AND_RESEARCH_EVIDENCE_ONLY,NONE
688603.SH,STAR,1,0.559376,13,12,1,0,VALID,,,2026-08-31T19:24:30+08:00,DATA_AND_RESEARCH_EVIDENCE_ONLY,NONE
688605.SH,STAR,1,0.359701,7,5,2,0,VALID,,,2026-08-31T19:19:58+08:00,DATA_AND_RESEARCH_EVIDENCE_ONLY,NONE
688606.SH,STAR,1,0.314453,15,14,1,0,VALID,,,2026-08-31T19:19:52+08:00,DATA_AND_RESEARCH_EVIDENCE_ONLY,NONE
688607.SH,STAR,1,0.273671,9,8,1,0,VALID,,,2026-08-31T19:20:48+08:00,DATA_AND_RESEARCH_EVIDENCE_ONLY,NONE
688608.SH,STAR,1,0.302631,18,17,1,0,VALID,,,2026-08-31T19:19:45+08:00,DATA_AND_RESEARCH_EVIDENCE_ONLY,NONE
688609.SH,STAR,1,0.439293,7,6,1,0,VALID,,,2026-08-31T19:19:53+08:00,DATA_AND_RESEARCH_EVIDENCE_ONLY,NONE
688610.SH,STAR,1,0.303306,8,7,1,0,VALID,,,2026-08-31T19:20:04+08:00,DATA_AND_RESEARCH_EVIDENCE_ONLY,NONE
688611.SH,STAR,1,0.367274,11,9,2,0,VALID,,,2026-08-31T19:19:58+08:00,DATA_AND_RESEARCH_EVIDENCE_ONLY,NONE
688612.SH,STAR,1,0.270657,16,13,3,0,VALID,,,2026-08-31T19:20:04+08:00,DATA_AND_RESEARCH_EVIDENCE_ONLY,NONE
688613.SH,STAR,1,0.355708,10,9,1,0,VALID,,,2026-08-31T19:23:19+08:00,DATA_AND_RESEARCH_EVIDENCE_ONLY,NONE
688615.SH,STAR,1,0.334108,7,6,1,0,VALID,,,2026-08-31T19:23:40+08:00,DATA_AND_RESEARCH_EVIDENCE_ONLY,NONE
688616.SH,STAR,1,0.349417,13,11,2,0,VALID,,,2026-08-31T19:24:30+08:00,DATA_AND_RESEARCH_EVIDENCE_ONLY,NONE
688617.SH,STAR,1,0.2941,17,16,1,0,VALID,,,2026-08-31T19:23:10+08:00,DATA_AND_RESEARCH_EVIDENCE_ONLY,NONE
688618.SH,STAR,1,0.26151,20,19,1,0,VALID,,,2026-08-31T19:20:48+08:00,DATA_AND_RESEARCH_EVIDENCE_ONLY,NONE
688619.SH,STAR,1,0.319311,11,10,1,0,VALID,,,2026-08-31T19:23:10+08:00,DATA_AND_RESEARCH_EVIDENCE_ONLY,NONE
688620.SH,STAR,1,0.366405,8,7,1,0,VALID,,,2026-08-31T19:24:30+08:00,DATA_AND_RESEARCH_EVIDENCE_ONLY,NONE
688621.SH,STAR,1,0.298578,12,11,1,0,VALID,,,2026-08-31T19:19:45+08:00,DATA_AND_RESEARCH_EVIDENCE_ONLY,NONE
688622.SH,STAR,1,0.301013,21,17,4,0,VALID,,,2026-08-31T19:22:57+08:00,DATA_AND_RESEARCH_EVIDENCE_ONLY,NONE
688623.SH,STAR,1,0.314775,11,10,1,0,VALID,,,2026-08-31T19:20:05+08:00,DATA_AND_RESEARCH_EVIDENCE_ONLY,NONE
688625.SH,STAR,1,0.279585,18,15,3,0,VALID,,,2026-08-31T19:19:53+08:00,DATA_AND_RESEARCH_EVIDENCE_ONLY,NONE
688626.SH,STAR,1,0.691282,11,10,1,0,VALID,,,2026-08-31T19:20:06+08:00,DATA_AND_RESEARCH_EVIDENCE_ONLY,NONE
688627.SH,STAR,1,0.304299,14,12,2,0,VALID,,,2026-08-31T19:20:04+08:00,DATA_AND_RESEARCH_EVIDENCE_ONLY,NONE
688628.SH,STAR,1,0.446156,23,22,1,0,VALID,,,2026-08-31T19:23:48+08:00,DATA_AND_RESEARCH_EVIDENCE_ONLY,NONE
688629.SH,STAR,1,0.423717,10,9,1,0,VALID,,,2026-08-31T19:23:49+08:00,DATA_AND_RESEARCH_EVIDENCE_ONLY,NONE
688630.SH,STAR,1,0.845931,16,15,1,0,VALID,,,2026-08-31T19:20:05+08:00,DATA_AND_RESEARCH_EVIDENCE_ONLY,NONE
688631.SH,STAR,1,0.275234,9,7,2,0,VALID,,,2026-08-31T19:20:48+08:00,DATA_AND_RESEARCH_EVIDENCE_ONLY,NONE
688633.SH,STAR,1,0.344736,31,30,1,0,VALID,,,2026-08-31T19:23:19+08:00,DATA_AND_RESEARCH_EVIDENCE_ONLY,NONE
688635.SH,STAR,1,0.416985,3,2,1,0,VALID,,,2026-08-31T19:23:18+08:00,DATA_AND_RESEARCH_EVIDENCE_ONLY,NONE
688636.SH,STAR,1,0.320159,30,29,1,0,VALID,,,2026-08-31T19:19:59+08:00,DATA_AND_RESEARCH_EVIDENCE_ONLY,NONE
688638.SH,STAR,1,0.280268,9,8,1,0,VALID,,,2026-08-31T19:20:49+08:00,DATA_AND_RESEARCH_EVIDENCE_ONLY,NONE
688639.SH,STAR,1,0.289859,28,25,3,0,VALID,,,2026-08-31T19:23:11+08:00,DATA_AND_RESEARCH_EVIDENCE_ONLY,NONE
688646.SH,STAR,1,0.293645,10,9,1,0,VALID,,,2026-08-31T19:23:11+08:00,DATA_AND_RESEARCH_EVIDENCE_ONLY,NONE
688648.SH,STAR,1,0.365379,7,6,1,0,VALID,,,2026-08-31T19:19:59+08:00,DATA_AND_RESEARCH_EVIDENCE_ONLY,NONE
688651.SH,STAR,1,0.268945,17,16,1,0,VALID,,,2026-08-31T19:19:53+08:00,DATA_AND_RESEARCH_EVIDENCE_ONLY,NONE
688652.SH,STAR,1,0.2683,9,8,1,0,VALID,,,2026-08-31T19:19:54+08:00,DATA_AND_RESEARCH_EVIDENCE_ONLY,NONE
688653.SH,STAR,1,0.429059,10,9,1,0,VALID,,,2026-08-31T19:24:31+08:00,DATA_AND_RESEARCH_EVIDENCE_ONLY,NONE
688655.SH,STAR,1,0.298583,10,9,1,0,VALID,,,2026-08-31T19:22:58+08:00,DATA_AND_RESEARCH_EVIDENCE_ONLY,NONE
688656.SH,STAR,1,0.341367,13,12,1,0,VALID,,,2026-08-31T19:19:54+08:00,DATA_AND_RESEARCH_EVIDENCE_ONLY,NONE
688657.SH,STAR,1,0.296131,13,12,1,0,VALID,,,2026-08-31T19:22:58+08:00,DATA_AND_RESEARCH_EVIDENCE_ONLY,NONE
688658.SH,STAR,1,0.296618,9,8,1,0,VALID,,,2026-08-31T19:20:06+08:00,DATA_AND_RESEARCH_EVIDENCE_ONLY,NONE
688659.SH,STAR,1,0.31283,11,10,1,0,VALID,,,2026-08-31T19:19:59+08:00,DATA_AND_RESEARCH_EVIDENCE_ONLY,NONE
688660.SH,STAR,1,0.53916,9,8,1,0,VALID,,,2026-08-31T19:24:31+08:00,DATA_AND_RESEARCH_EVIDENCE_ONLY,NONE
688661.SH,STAR,1,0.604827,10,9,1,0,VALID,,,2026-08-31T19:20:08+08:00,DATA_AND_RESEARCH_EVIDENCE_ONLY,NONE
688662.SH,STAR,1,0.296224,12,11,1,0,VALID,,,2026-08-31T19:23:11+08:00,DATA_AND_RESEARCH_EVIDENCE_ONLY,NONE
688663.SH,STAR,1,0.328582,18,15,3,0,VALID,,,2026-08-31T19:19:54+08:00,DATA_AND_RESEARCH_EVIDENCE_ONLY,NONE
688665.SH,STAR,1,0.347858,13,12,1,0,VALID,,,2026-08-31T19:20:06+08:00,DATA_AND_RESEARCH_EVIDENCE_ONLY,NONE
688667.SH,STAR,1,0.257453,11,10,1,0,VALID,,,2026-08-31T19:20:49+08:00,DATA_AND_RESEARCH_EVIDENCE_ONLY,NONE
688668.SH,STAR,1,0.40498,18,17,1,0,VALID,,,2026-08-31T19:19:46+08:00,DATA_AND_RESEARCH_EVIDENCE_ONLY,NONE
688669.SH,STAR,1,0.61266,13,12,1,0,VALID,,,2026-08-31T19:23:40+08:00,DATA_AND_RESEARCH_EVIDENCE_ONLY,NONE
688670.SH,STAR,1,0.302182,9,6,3,0,VALID,,,2026-08-31T19:23:18+08:00,DATA_AND_RESEARCH_EVIDENCE_ONLY,NONE
688671.SH,STAR,1,0.299067,9,8,1,0,VALID,,,2026-08-31T19:22:58+08:00,DATA_AND_RESEARCH_EVIDENCE_ONLY,NONE
688676.SH,STAR,1,0.40243,30,29,1,0,VALID,,,2026-08-31T19:24:32+08:00,DATA_AND_RESEARCH_EVIDENCE_ONLY,NONE
688677.SH,STAR,1,0.380776,17,14,3,0,VALID,,,2026-08-31T19:20:06+08:00,DATA_AND_RESEARCH_EVIDENCE_ONLY,NONE
688678.SH,STAR,1,0.345043,34,31,3,0,VALID,,,2026-08-31T19:20:07+08:00,DATA_AND_RESEARCH_EVIDENCE_ONLY,NONE
688679.SH,STAR,1,0.346166,10,9,1,0,VALID,,,2026-08-31T19:24:32+08:00,DATA_AND_RESEARCH_EVIDENCE_ONLY,NONE
688680.SH,STAR,1,0.336487,35,31,4,0,VALID,,,2026-08-31T19:20:49+08:00,DATA_AND_RESEARCH_EVIDENCE_ONLY,NONE
688681.SH,STAR,1,0.299995,19,16,3,0,VALID,,,2026-08-31T19:19:46+08:00,DATA_AND_RESEARCH_EVIDENCE_ONLY,NONE
688682.SH,STAR,1,0.380913,12,11,1,0,VALID,,,2026-08-31T19:24:33+08:00,DATA_AND_RESEARCH_EVIDENCE_ONLY,NONE
688683.SH,STAR,1,0.392819,17,15,2,0,VALID,,,2026-08-31T19:23:18+08:00,DATA_AND_RESEARCH_EVIDENCE_ONLY,NONE
688685.SH,STAR,1,0.370816,8,7,1,0,VALID,,,2026-08-31T19:23:19+08:00,DATA_AND_RESEARCH_EVIDENCE_ONLY,NONE
688686.SH,STAR,1,0.359828,13,12,1,0,VALID,,,2026-08-31T19:24:33+08:00,DATA_AND_RESEARCH_EVIDENCE_ONLY,NONE
688687.SH,STAR,1,0.48473,11,7,4,0,VALID,,,2026-08-31T19:23:19+08:00,DATA_AND_RESEARCH_EVIDENCE_ONLY,NONE
688689.SH,STAR,1,0.389735,32,30,2,0,VALID,,,2026-08-31T19:20:00+08:00,DATA_AND_RESEARCH_EVIDENCE_ONLY,NONE
688690.SH,STAR,1,0.391156,15,14,1,0,VALID,,,2026-08-31T19:20:07+08:00,DATA_AND_RESEARCH_EVIDENCE_ONLY,NONE
688691.SH,STAR,1,0.293615,6,5,1,0,VALID,,,2026-08-31T19:23:19+08:00,DATA_AND_RESEARCH_EVIDENCE_ONLY,NONE
688692.SH,STAR,1,0.359181,7,6,1,0,VALID,,,2026-08-31T19:23:20+08:00,DATA_AND_RESEARCH_EVIDENCE_ONLY,NONE
688693.SH,STAR,1,0.450236,8,6,2,0,VALID,,,2026-08-31T19:20:06+08:00,DATA_AND_RESEARCH_EVIDENCE_ONLY,NONE
688695.SH,STAR,1,0.30875,10,9,1,0,VALID,,,2026-08-31T19:19:54+08:00,DATA_AND_RESEARCH_EVIDENCE_ONLY,NONE
688696.SH,STAR,1,0.358284,8,7,1,0,VALID,,,2026-08-31T19:20:07+08:00,DATA_AND_RESEARCH_EVIDENCE_ONLY,NONE
688697.SH,STAR,1,0.47904,12,11,1,0,VALID,,,2026-08-31T19:20:00+08:00,DATA_AND_RESEARCH_EVIDENCE_ONLY,NONE
688698.SH,STAR,1,0.291892,13,12,1,0,VALID,,,2026-08-31T19:22:59+08:00,DATA_AND_RESEARCH_EVIDENCE_ONLY,NONE
688699.SH,STAR,1,0.326883,8,6,2,0,VALID,,,2026-08-31T19:19:54+08:00,DATA_AND_RESEARCH_EVIDENCE_ONLY,NONE
688700.SH,STAR,1,0.30712,10,9,1,0,VALID,,,2026-08-31T19:20:50+08:00,DATA_AND_RESEARCH_EVIDENCE_ONLY,NONE
688701.SH,STAR,1,0.336556,14,11,3,0,VALID,,,2026-08-31T19:20:09+08:00,DATA_AND_RESEARCH_EVIDENCE_ONLY,NONE
688702.SH,STAR,1,0.361919,6,5,1,0,VALID,,,2026-08-31T19:20:07+08:00,DATA_AND_RESEARCH_EVIDENCE_ONLY,NONE
688707.SH,STAR,1,0.306456,18,17,1,0,VALID,,,2026-08-31T19:23:49+08:00,DATA_AND_RESEARCH_EVIDENCE_ONLY,NONE
688708.SH,STAR,1,0.650219,7,5,2,0,VALID,,,2026-08-31T19:22:59+08:00,DATA_AND_RESEARCH_EVIDENCE_ONLY,NONE
688709.SH,STAR,1,0.62624,7,5,2,0,VALID,,,2026-08-31T19:19:55+08:00,DATA_AND_RESEARCH_EVIDENCE_ONLY,NONE
688710.SH,STAR,1,0.339571,7,5,2,1,VALID,,,2026-08-31T19:23:40+08:00,DATA_AND_RESEARCH_EVIDENCE_ONLY,NONE
688711.SH,STAR,1,0.377332,37,36,1,0,VALID,,,2026-08-31T19:19:46+08:00,DATA_AND_RESEARCH_EVIDENCE_ONLY,NONE
688712.SH,STAR,1,0.374656,4,3,1,0,VALID,,,2026-08-31T19:23:41+08:00,DATA_AND_RESEARCH_EVIDENCE_ONLY,NONE
688716.SH,STAR,1,0.316751,29,26,3,0,VALID,,,2026-08-31T19:23:20+08:00,DATA_AND_RESEARCH_EVIDENCE_ONLY,NONE
688717.SH,STAR,1,0.514234,10,8,2,0,VALID,,,2026-08-31T19:23:20+08:00,DATA_AND_RESEARCH_EVIDENCE_ONLY,NONE
688718.SH,STAR,1,0.491051,7,6,1,0,VALID,,,2026-08-31T19:23:49+08:00,DATA_AND_RESEARCH_EVIDENCE_ONLY,NONE
688719.SH,STAR,1,0.467823,10,8,2,0,VALID,,,2026-08-31T19:23:20+08:00,DATA_AND_RESEARCH_EVIDENCE_ONLY,NONE
688720.SH,STAR,1,0.295644,9,8,1,0,VALID,,,2026-08-31T19:23:00+08:00,DATA_AND_RESEARCH_EVIDENCE_ONLY,NONE
688721.SH,STAR,1,0.36777,9,8,1,0,VALID,,,2026-08-31T19:19:54+08:00,DATA_AND_RESEARCH_EVIDENCE_ONLY,NONE
688722.SH,STAR,1,0.302605,13,12,1,0,VALID,,,2026-08-31T19:23:12+08:00,DATA_AND_RESEARCH_EVIDENCE_ONLY,NONE
688726.SH,STAR,1,0.313505,8,7,1,0,VALID,,,2026-08-31T19:24:33+08:00,DATA_AND_RESEARCH_EVIDENCE_ONLY,NONE
688727.SH,STAR,1,0.298623,21,20,1,0,VALID,,,2026-08-31T19:19:47+08:00,DATA_AND_RESEARCH_EVIDENCE_ONLY,NONE
688728.SH,STAR,1,0.374483,20,18,2,0,VALID,,,2026-08-31T19:23:21+08:00,DATA_AND_RESEARCH_EVIDENCE_ONLY,NONE
688729.SH,STAR,1,0.444783,6,5,1,0,VALID,,,2026-08-31T19:24:34+08:00,DATA_AND_RESEARCH_EVIDENCE_ONLY,NONE
688733.SH,STAR,1,0.392891,23,21,2,0,VALID,,,2026-08-31T19:23:41+08:00,DATA_AND_RESEARCH_EVIDENCE_ONLY,NONE
688737.SH,STAR,1,0.277007,16,12,4,0,VALID,,,2026-08-31T19:19:55+08:00,DATA_AND_RESEARCH_EVIDENCE_ONLY,NONE
688739.SH,STAR,1,0.304722,27,26,1,0,VALID,,,2026-08-31T19:23:00+08:00,DATA_AND_RESEARCH_EVIDENCE_ONLY,NONE
688750.SH,STAR,1,0.436836,5,4,1,0,VALID,,,2026-08-31T19:20:08+08:00,DATA_AND_RESEARCH_EVIDENCE_ONLY,NONE
688755.SH,STAR,1,0.257118,6,5,1,0,VALID,,,2026-08-31T19:23:19+08:00,DATA_AND_RESEARCH_EVIDENCE_ONLY,NONE
688757.SH,STAR,1,0.329343,5,4,1,0,VALID,,,2026-08-31T19:20:01+08:00,DATA_AND_RESEARCH_EVIDENCE_ONLY,NONE
688758.SH,STAR,1,0.29043,6,5,1,0,VALID,,,2026-08-31T19:23:20+08:00,DATA_AND_RESEARCH_EVIDENCE_ONLY,NONE
688759.SH,STAR,1,0.259203,6,5,1,0,VALID,,,2026-08-31T19:19:55+08:00,DATA_AND_RESEARCH_EVIDENCE_ONLY,NONE
688765.SH,STAR,1,0.539536,19,15,4,0,VALID,,,2026-08-31T19:20:01+08:00,DATA_AND_RESEARCH_EVIDENCE_ONLY,NONE
688766.SH,STAR,1,0.382994,17,16,1,0,VALID,,,2026-08-31T19:20:07+08:00,DATA_AND_RESEARCH_EVIDENCE_ONLY,NONE
688767.SH,STAR,1,0.291255,11,10,1,0,VALID,,,2026-08-31T19:23:00+08:00,DATA_AND_RESEARCH_EVIDENCE_ONLY,NONE
688768.SH,STAR,1,0.548089,17,15,2,0,VALID,,,2026-08-31T19:24:34+08:00,DATA_AND_RESEARCH_EVIDENCE_ONLY,NONE
688772.SH,STAR,1,0.52076,32,31,1,0,VALID,,,2026-08-31T19:20:01+08:00,DATA_AND_RESEARCH_EVIDENCE_ONLY,NONE
688775.SH,STAR,1,0.296385,6,5,1,0,VALID,,,2026-08-31T19:19:47+08:00,DATA_AND_RESEARCH_EVIDENCE_ONLY,NONE
688776.SH,STAR,1,0.738082,11,10,1,0,VALID,,,2026-08-31T19:19:56+08:00,DATA_AND_RESEARCH_EVIDENCE_ONLY,NONE
688777.SH,STAR,1,0.307755,22,21,1,0,VALID,,,2026-08-31T19:19:47+08:00,DATA_AND_RESEARCH_EVIDENCE_ONLY,NONE
688778.SH,STAR,1,0.294151,12,11,1,0,VALID,,,2026-08-31T19:23:21+08:00,DATA_AND_RESEARCH_EVIDENCE_ONLY,NONE
688779.SH,STAR,1,0.445174,25,24,1,0,VALID,,,2026-08-31T19:19:55+08:00,DATA_AND_RESEARCH_EVIDENCE_ONLY,NONE
688781.SH,STAR,1,0.350479,3,2,1,0,VALID,,,2026-08-31T19:24:35+08:00,DATA_AND_RESEARCH_EVIDENCE_ONLY,NONE
688783.SH,STAR,1,0.338017,6,4,2,0,VALID,,,2026-08-31T19:23:19+08:00,DATA_AND_RESEARCH_EVIDENCE_ONLY,NONE
688785.SH,STAR,1,0.293343,4,3,1,0,VALID,,,2026-08-31T19:23:50+08:00,DATA_AND_RESEARCH_EVIDENCE_ONLY,NONE
688786.SH,STAR,1,0.303401,14,13,1,0,VALID,,,2026-08-31T19:23:50+08:00,DATA_AND_RESEARCH_EVIDENCE_ONLY,NONE
688787.SH,STAR,1,0.372407,14,12,2,0,VALID,,,2026-08-31T19:20:08+08:00,DATA_AND_RESEARCH_EVIDENCE_ONLY,NONE
688788.SH,STAR,1,0.470263,10,9,1,0,VALID,,,2026-08-31T19:20:02+08:00,DATA_AND_RESEARCH_EVIDENCE_ONLY,NONE
688789.SH,STAR,1,0.453976,16,14,2,0,VALID,,,2026-08-31T19:23:19+08:00,DATA_AND_RESEARCH_EVIDENCE_ONLY,NONE
688790.SH,STAR,1,0.298569,3,2,1,0,VALID,,,2026-08-31T19:23:50+08:00,DATA_AND_RESEARCH_EVIDENCE_ONLY,NONE
688793.SH,STAR,1,0.286841,13,12,1,0,VALID,,,2026-08-31T19:19:55+08:00,DATA_AND_RESEARCH_EVIDENCE_ONLY,NONE
688795.SH,STAR,1,0.347464,6,5,1,1,VALID,,,2026-08-31T19:24:35+08:00,DATA_AND_RESEARCH_EVIDENCE_ONLY,NONE
688796.SH,STAR,1,0.274064,5,4,1,0,VALID,,,2026-08-31T19:20:09+08:00,DATA_AND_RESEARCH_EVIDENCE_ONLY,NONE
688797.SH,STAR,1,0.279512,3,2,1,0,VALID,,,2026-08-31T19:20:02+08:00,DATA_AND_RESEARCH_EVIDENCE_ONLY,NONE
688798.SH,STAR,1,0.385055,28,25,3,0,VALID,,,2026-08-31T19:19:48+08:00,DATA_AND_RESEARCH_EVIDENCE_ONLY,NONE
688799.SH,STAR,1,0.265616,12,11,1,0,VALID,,,2026-08-31T19:20:50+08:00,DATA_AND_RESEARCH_EVIDENCE_ONLY,NONE
688800.SH,STAR,1,0.295314,27,25,2,0,VALID,,,2026-08-31T19:23:12+08:00,DATA_AND_RESEARCH_EVIDENCE_ONLY,NONE
688802.SH,STAR,1,0.334512,5,4,1,0,VALID,,,2026-08-31T19:23:20+08:00,DATA_AND_RESEARCH_EVIDENCE_ONLY,NONE
688805.SH,STAR,1,0.40218,4,3,1,0,VALID,,,2026-08-31T19:23:01+08:00,DATA_AND_RESEARCH_EVIDENCE_ONLY,NONE
688806.SH,STAR,1,0.373589,2,1,1,0,VALID,,,2026-08-31T19:20:08+08:00,DATA_AND_RESEARCH_EVIDENCE_ONLY,NONE
688807.SH,STAR,1,0.40542,4,3,1,0,VALID,,,2026-08-31T19:23:12+08:00,DATA_AND_RESEARCH_EVIDENCE_ONLY,NONE
688808.SH,STAR,1,0.289117,3,2,1,0,VALID,,,2026-08-31T19:23:01+08:00,DATA_AND_RESEARCH_EVIDENCE_ONLY,NONE
688809.SH,STAR,1,0.2977,4,3,1,0,VALID,,,2026-08-31T19:19:48+08:00,DATA_AND_RESEARCH_EVIDENCE_ONLY,NONE
688811.SH,STAR,1,0.375586,3,2,1,0,VALID,,,2026-08-31T19:19:56+08:00,DATA_AND_RESEARCH_EVIDENCE_ONLY,NONE
688813.SH,STAR,1,0.359731,3,2,1,0,VALID,,,2026-08-31T19:20:10+08:00,DATA_AND_RESEARCH_EVIDENCE_ONLY,NONE
688816.SH,STAR,1,0.332291,4,3,1,0,VALID,,,2026-08-31T19:23:20+08:00,DATA_AND_RESEARCH_EVIDENCE_ONLY,NONE
688818.SH,STAR,1,0.452109,5,3,2,0,VALID,,,2026-08-31T19:23:21+08:00,DATA_AND_RESEARCH_EVIDENCE_ONLY,NONE
688819.SH,STAR,1,0.369806,13,9,4,0,VALID,,,2026-08-31T19:20:08+08:00,DATA_AND_RESEARCH_EVIDENCE_ONLY,NONE
688820.SH,STAR,1,0.54254,3,2,1,0,VALID,,,2026-08-31T19:24:35+08:00,DATA_AND_RESEARCH_EVIDENCE_ONLY,NONE
688825.SH,STAR,1,0.287763,3,2,1,0,VALID,,,2026-08-31T19:23:21+08:00,DATA_AND_RESEARCH_EVIDENCE_ONLY,NONE
688826.SH,STAR,1,0.292521,2,1,1,0,VALID,,,2026-08-31T19:23:21+08:00,DATA_AND_RESEARCH_EVIDENCE_ONLY,NONE
688828.SH,STAR,1,0.718733,2,1,1,0,VALID,,,2026-08-31T19:23:01+08:00,DATA_AND_RESEARCH_EVIDENCE_ONLY,NONE
688835.SH,STAR,1,0.362443,4,1,3,0,VALID,,,2026-08-31T19:23:42+08:00,DATA_AND_RESEARCH_EVIDENCE_ONLY,NONE
688836.SH,STAR,1,0.658018,2,1,1,0,VALID,,,2026-08-31T19:24:36+08:00,DATA_AND_RESEARCH_EVIDENCE_ONLY,NONE
688981.SH,STAR,1,0.299505,180,178,2,0,VALID,,,2026-08-31T19:23:51+08:00,DATA_AND_RESEARCH_EVIDENCE_ONLY,NONE
689009.SH,STAR,1,0.300055,49,48,1,0,PRICE_UNAVAILABLE,,,2026-08-31T19:23:13+08:00,DATA_AND_RESEARCH_EVIDENCE_ONLY,NONE
920000.BJ,BSE,1,0.605761,45,42,3,0,VALID,,,2026-08-31T19:19:56+08:00,DATA_AND_RESEARCH_EVIDENCE_ONLY,NONE
920001.BJ,BSE,1,0.272343,8,7,1,0,VALID,,,2026-08-31T19:20:10+08:00,DATA_AND_RESEARCH_EVIDENCE_ONLY,NONE
920002.BJ,BSE,1,0.294915,12,9,3,0,VALID,,,2026-08-31T19:23:21+08:00,DATA_AND_RESEARCH_EVIDENCE_ONLY,NONE
920003.BJ,BSE,1,0.38897,20,19,1,0,VALID,,,2026-08-31T19:20:03+08:00,DATA_AND_RESEARCH_EVIDENCE_ONLY,NONE
920005.BJ,BSE,1,0.335924,8,6,2,0,VALID,,,2026-08-31T19:20:10+08:00,DATA_AND_RESEARCH_EVIDENCE_ONLY,NONE
920006.BJ,BSE,1,0.298617,18,16,2,0,VALID,,,2026-08-31T19:24:37+08:00,DATA_AND_RESEARCH_EVIDENCE_ONLY,NONE
920007.BJ,BSE,1,0.435085,6,5,1,0,VALID,,,2026-08-31T19:23:51+08:00,DATA_AND_RESEARCH_EVIDENCE_ONLY,NONE
920008.BJ,BSE,1,0.502895,32,32,0,0,VALID,,,2026-08-31T19:23:21+08:00,DATA_AND_RESEARCH_EVIDENCE_ONLY,NONE
920009.BJ,BSE,1,0.334896,6,2,4,0,VALID,,,2026-08-31T19:20:11+08:00,DATA_AND_RESEARCH_EVIDENCE_ONLY,NONE
920010.BJ,BSE,1,0.268999,32,30,2,0,VALID,,,2026-08-31T19:20:11+08:00,DATA_AND_RESEARCH_EVIDENCE_ONLY,NONE
920011.BJ,BSE,1,0.363584,5,3,2,0,VALID,,,2026-08-31T19:20:09+08:00,DATA_AND_RESEARCH_EVIDENCE_ONLY,NONE
920012.BJ,BSE,1,0.258582,13,11,2,0,VALID,,,2026-08-31T19:20:50+08:00,DATA_AND_RESEARCH_EVIDENCE_ONLY,NONE
920014.BJ,BSE,1,0.433605,28,28,0,0,VALID,,,2026-08-31T19:23:21+08:00,DATA_AND_RESEARCH_EVIDENCE_ONLY,NONE
920015.BJ,BSE,1,0.362085,7,6,1,0,VALID,,,2026-08-31T19:23:42+08:00,DATA_AND_RESEARCH_EVIDENCE_ONLY,NONE
920016.BJ,BSE,1,0.305806,19,19,0,0,VALID,,,2026-08-31T19:23:51+08:00,DATA_AND_RESEARCH_EVIDENCE_ONLY,NONE
920017.BJ,BSE,1,0.357627,26,25,1,0,VALID,,,2026-08-31T19:20:09+08:00,DATA_AND_RESEARCH_EVIDENCE_ONLY,NONE
920018.BJ,BSE,1,0.332509,9,5,4,1,VALID,,,2026-08-31T19:23:22+08:00,DATA_AND_RESEARCH_EVIDENCE_ONLY,NONE
920019.BJ,BSE,1,0.475135,8,6,2,0,VALID,,,2026-08-31T19:19:56+08:00,DATA_AND_RESEARCH_EVIDENCE_ONLY,NONE
920020.BJ,BSE,1,0.334814,5,4,1,0,VALID,,,2026-08-31T19:20:11+08:00,DATA_AND_RESEARCH_EVIDENCE_ONLY,NONE
920021.BJ,BSE,1,0.297964,28,26,2,0,VALID,,,2026-08-31T19:23:22+08:00,DATA_AND_RESEARCH_EVIDENCE_ONLY,NONE
920022.BJ,BSE,1,0.288046,5,5,0,0,VALID,,,2026-08-31T19:23:02+08:00,DATA_AND_RESEARCH_EVIDENCE_ONLY,NONE
920023.BJ,BSE,1,0.355416,26,26,0,0,VALID,,,2026-08-31T19:20:09+08:00,DATA_AND_RESEARCH_EVIDENCE_ONLY,NONE
920026.BJ,BSE,1,0.290211,13,12,1,0,VALID,,,2026-08-31T19:23:22+08:00,DATA_AND_RESEARCH_EVIDENCE_ONLY,NONE
920027.BJ,BSE,1,0.293899,18,17,1,0,VALID,,,2026-08-31T19:23:13+08:00,DATA_AND_RESEARCH_EVIDENCE_ONLY,NONE
920028.BJ,BSE,1,0.344341,8,8,0,0,VALID,,,2026-08-31T19:23:42+08:00,DATA_AND_RESEARCH_EVIDENCE_ONLY,NONE
920029.BJ,BSE,1,0.284598,8,5,3,0,VALID,,,2026-08-31T19:23:02+08:00,DATA_AND_RESEARCH_EVIDENCE_ONLY,NONE
920030.BJ,BSE,1,0.395746,41,41,0,0,VALID,,,2026-08-31T19:23:43+08:00,DATA_AND_RESEARCH_EVIDENCE_ONLY,NONE
920033.BJ,BSE,1,0.261734,25,23,2,0,VALID,,,2026-08-31T19:19:57+08:00,DATA_AND_RESEARCH_EVIDENCE_ONLY,NONE
920035.BJ,BSE,1,0.299839,5,3,2,0,VALID,,,2026-08-31T19:23:13+08:00,DATA_AND_RESEARCH_EVIDENCE_ONLY,NONE
920036.BJ,BSE,1,0.347169,3,3,0,0,VALID,,,2026-08-31T19:24:37+08:00,DATA_AND_RESEARCH_EVIDENCE_ONLY,NONE
920037.BJ,BSE,1,0.269177,22,22,0,0,VALID,,,2026-08-31T19:20:50+08:00,DATA_AND_RESEARCH_EVIDENCE_ONLY,NONE
920038.BJ,BSE,1,0.267381,15,11,4,0,VALID,,,2026-08-31T19:20:12+08:00,DATA_AND_RESEARCH_EVIDENCE_ONLY,NONE
920039.BJ,BSE,1,0.759546,12,11,1,0,VALID,,,2026-08-31T19:20:03+08:00,DATA_AND_RESEARCH_EVIDENCE_ONLY,NONE
920045.BJ,BSE,1,0.277399,4,4,0,0,VALID,,,2026-08-31T19:19:57+08:00,DATA_AND_RESEARCH_EVIDENCE_ONLY,NONE
920046.BJ,BSE,1,0.299989,26,24,2,0,VALID,,,2026-08-31T19:19:48+08:00,DATA_AND_RESEARCH_EVIDENCE_ONLY,NONE
920047.BJ,BSE,1,0.338593,42,41,1,0,VALID,,,2026-08-31T19:23:22+08:00,DATA_AND_RESEARCH_EVIDENCE_ONLY,NONE
920050.BJ,BSE,1,0.547878,4,4,0,0,VALID,,,2026-08-31T19:24:37+08:00,DATA_AND_RESEARCH_EVIDENCE_ONLY,NONE
920055.BJ,BSE,1,0.329201,3,2,1,0,VALID,,,2026-08-31T19:19:49+08:00,DATA_AND_RESEARCH_EVIDENCE_ONLY,NONE
920056.BJ,BSE,1,0.325111,14,14,0,1,VALID,,,2026-08-31T19:23:23+08:00,DATA_AND_RESEARCH_EVIDENCE_ONLY,NONE
920057.BJ,BSE,1,0.33821,18,18,0,0,VALID,,,2026-08-31T19:23:21+08:00,DATA_AND_RESEARCH_EVIDENCE_ONLY,NONE
920058.BJ,BSE,1,0.296448,13,13,0,0,VALID,,,2026-08-31T19:19:49+08:00,DATA_AND_RESEARCH_EVIDENCE_ONLY,NONE
920059.BJ,BSE,1,0.293954,7,6,1,0,VALID,,,2026-08-31T19:23:23+08:00,DATA_AND_RESEARCH_EVIDENCE_ONLY,NONE
920060.BJ,BSE,1,0.306545,9,9,0,0,VALID,,,2026-08-31T19:20:08+08:00,DATA_AND_RESEARCH_EVIDENCE_ONLY,NONE
920061.BJ,BSE,1,0.436665,16,14,2,0,VALID,,,2026-08-31T19:19:57+08:00,DATA_AND_RESEARCH_EVIDENCE_ONLY,NONE
920062.BJ,BSE,1,0.312444,39,39,0,0,VALID,,,2026-08-31T19:23:03+08:00,DATA_AND_RESEARCH_EVIDENCE_ONLY,NONE
920065.BJ,BSE,1,0.374896,3,2,1,0,VALID,,,2026-08-31T19:23:21+08:00,DATA_AND_RESEARCH_EVIDENCE_ONLY,NONE
920066.BJ,BSE,1,0.633444,8,6,2,0,VALID,,,2026-08-31T19:20:04+08:00,DATA_AND_RESEARCH_EVIDENCE_ONLY,NONE
920068.BJ,BSE,1,0.361417,17,16,1,0,VALID,,,2026-08-31T19:20:04+08:00,DATA_AND_RESEARCH_EVIDENCE_ONLY,NONE
920069.BJ,BSE,1,0.297573,7,7,0,0,VALID,,,2026-08-31T19:19:49+08:00,DATA_AND_RESEARCH_EVIDENCE_ONLY,NONE
920072.BJ,BSE,1,0.265476,10,8,2,0,VALID,,,2026-08-31T19:19:57+08:00,DATA_AND_RESEARCH_EVIDENCE_ONLY,NONE
920075.BJ,BSE,1,0.284375,19,19,0,0,VALID,,,2026-08-31T19:23:23+08:00,DATA_AND_RESEARCH_EVIDENCE_ONLY,NONE
920076.BJ,BSE,1,0.343988,6,6,0,0,VALID,,,2026-08-31T19:20:12+08:00,DATA_AND_RESEARCH_EVIDENCE_ONLY,NONE
920077.BJ,BSE,1,0.303537,20,18,2,0,VALID,,,2026-08-31T19:23:03+08:00,DATA_AND_RESEARCH_EVIDENCE_ONLY,NONE
920078.BJ,BSE,1,0.393382,8,5,3,0,VALID,,,2026-08-31T19:20:09+08:00,DATA_AND_RESEARCH_EVIDENCE_ONLY,NONE
920079.BJ,BSE,1,0.294781,8,7,1,0,VALID,,,2026-08-31T19:23:52+08:00,DATA_AND_RESEARCH_EVIDENCE_ONLY,NONE
920080.BJ,BSE,1,0.261447,15,12,3,0,VALID,,,2026-08-31T19:20:51+08:00,DATA_AND_RESEARCH_EVIDENCE_ONLY,NONE
920081.BJ,BSE,1,0.438394,3,2,1,0,VALID,,,2026-08-31T19:23:52+08:00,DATA_AND_RESEARCH_EVIDENCE_ONLY,NONE
920082.BJ,BSE,1,0.439955,11,10,1,0,VALID,,,2026-08-31T19:19:57+08:00,DATA_AND_RESEARCH_EVIDENCE_ONLY,NONE
920083.BJ,BSE,1,0.386133,6,5,1,0,VALID,,,2026-08-31T19:19:58+08:00,DATA_AND_RESEARCH_EVIDENCE_ONLY,NONE
920086.BJ,BSE,1,0.312401,16,13,3,0,VALID,,,2026-08-31T19:20:10+08:00,DATA_AND_RESEARCH_EVIDENCE_ONLY,NONE
920087.BJ,BSE,1,0.281975,29,29,0,0,VALID,,,2026-08-31T19:23:52+08:00,DATA_AND_RESEARCH_EVIDENCE_ONLY,NONE
920088.BJ,BSE,1,0.329172,15,14,1,0,VALID,,,2026-08-31T19:23:22+08:00,DATA_AND_RESEARCH_EVIDENCE_ONLY,NONE
920089.BJ,BSE,1,0.267409,24,23,1,0,VALID,,,2026-08-31T19:19:58+08:00,DATA_AND_RESEARCH_EVIDENCE_ONLY,NONE
920090.BJ,BSE,1,0.27406,49,48,1,0,VALID,,,2026-08-31T19:19:57+08:00,DATA_AND_RESEARCH_EVIDENCE_ONLY,NONE
920091.BJ,BSE,1,0.303333,8,7,1,0,VALID,,,2026-08-31T19:23:14+08:00,DATA_AND_RESEARCH_EVIDENCE_ONLY,NONE
920092.BJ,BSE,1,0.264015,25,23,2,0,VALID,,,2026-08-31T19:19:58+08:00,DATA_AND_RESEARCH_EVIDENCE_ONLY,NONE
920093.BJ,BSE,1,0.441541,4,3,1,0,VALID,,,2026-08-31T19:24:38+08:00,DATA_AND_RESEARCH_EVIDENCE_ONLY,NONE
920096.BJ,BSE,1,0.331255,3,1,2,0,VALID,,,2026-08-31T19:20:12+08:00,DATA_AND_RESEARCH_EVIDENCE_ONLY,NONE
920098.BJ,BSE,1,0.400903,17,17,0,0,VALID,,,2026-08-31T19:23:14+08:00,DATA_AND_RESEARCH_EVIDENCE_ONLY,NONE
920099.BJ,BSE,1,0.308216,26,23,3,0,VALID,,,2026-08-31T19:19:58+08:00,DATA_AND_RESEARCH_EVIDENCE_ONLY,NONE
920100.BJ,BSE,1,0.315069,9,9,0,0,VALID,,,2026-08-31T19:23:14+08:00,DATA_AND_RESEARCH_EVIDENCE_ONLY,NONE
920101.BJ,BSE,1,0.500869,12,7,5,0,VALID,,,2026-08-31T19:20:05+08:00,DATA_AND_RESEARCH_EVIDENCE_ONLY,NONE
920106.BJ,BSE,1,0.333921,15,13,2,0,VALID,,,2026-08-31T19:23:23+08:00,DATA_AND_RESEARCH_EVIDENCE_ONLY,NONE
920107.BJ,BSE,1,0.361664,2,1,1,0,VALID,,,2026-08-31T19:23:22+08:00,DATA_AND_RESEARCH_EVIDENCE_ONLY,NONE
920108.BJ,BSE,1,0.428701,12,12,0,0,VALID,,,2026-08-31T19:19:58+08:00,DATA_AND_RESEARCH_EVIDENCE_ONLY,NONE
920110.BJ,BSE,1,0.510058,16,13,3,0,VALID,,,2026-08-31T19:19:58+08:00,DATA_AND_RESEARCH_EVIDENCE_ONLY,NONE
920111.BJ,BSE,1,0.295222,9,4,5,0,VALID,,,2026-08-31T19:23:15+08:00,DATA_AND_RESEARCH_EVIDENCE_ONLY,NONE
920112.BJ,BSE,1,0.294957,18,16,2,0,VALID,,,2026-08-31T19:20:12+08:00,DATA_AND_RESEARCH_EVIDENCE_ONLY,NONE
920116.BJ,BSE,1,0.341331,11,8,3,0,VALID,,,2026-08-31T19:20:10+08:00,DATA_AND_RESEARCH_EVIDENCE_ONLY,NONE
920117.BJ,BSE,1,0.328805,3,1,2,0,VALID,,,2026-08-31T19:19:59+08:00,DATA_AND_RESEARCH_EVIDENCE_ONLY,NONE
920118.BJ,BSE,1,0.267983,13,13,0,0,VALID,,,2026-08-31T19:20:51+08:00,DATA_AND_RESEARCH_EVIDENCE_ONLY,NONE
920119.BJ,BSE,1,0.272536,6,4,2,0,VALID,,,2026-08-31T19:23:23+08:00,DATA_AND_RESEARCH_EVIDENCE_ONLY,NONE
920121.BJ,BSE,1,0.333554,3,2,1,0,VALID,,,2026-08-31T19:23:22+08:00,DATA_AND_RESEARCH_EVIDENCE_ONLY,NONE
920122.BJ,BSE,1,0.338612,18,18,0,0,VALID,,,2026-08-31T19:19:50+08:00,DATA_AND_RESEARCH_EVIDENCE_ONLY,NONE
920123.BJ,BSE,1,0.566265,27,26,1,0,VALID,,,2026-08-31T19:20:10+08:00,DATA_AND_RESEARCH_EVIDENCE_ONLY,NONE
920124.BJ,BSE,1,0.295897,9,9,0,0,VALID,,,2026-08-31T19:20:05+08:00,DATA_AND_RESEARCH_EVIDENCE_ONLY,NONE
920125.BJ,BSE,1,0.336882,6,6,0,0,VALID,,,2026-08-31T19:20:51+08:00,DATA_AND_RESEARCH_EVIDENCE_ONLY,NONE
920126.BJ,BSE,1,0.349357,5,4,1,0,VALID,,,2026-08-31T19:24:38+08:00,DATA_AND_RESEARCH_EVIDENCE_ONLY,NONE
920128.BJ,BSE,1,0.284702,11,10,1,0,VALID,,,2026-08-31T19:20:52+08:00,DATA_AND_RESEARCH_EVIDENCE_ONLY,NONE
920130.BJ,BSE,1,0.444994,19,19,0,0,VALID,,,2026-08-31T19:20:06+08:00,DATA_AND_RESEARCH_EVIDENCE_ONLY,NONE
920132.BJ,BSE,1,0.301197,17,16,1,0,VALID,,,2026-08-31T19:19:50+08:00,DATA_AND_RESEARCH_EVIDENCE_ONLY,NONE
920136.BJ,BSE,1,0.334533,3,3,0,0,VALID,,,2026-08-31T19:23:43+08:00,DATA_AND_RESEARCH_EVIDENCE_ONLY,NONE
920138.BJ,BSE,1,0.36314,9,6,3,0,VALID,,,2026-08-31T19:20:11+08:00,DATA_AND_RESEARCH_EVIDENCE_ONLY,NONE
920139.BJ,BSE,1,0.292294,47,47,0,0,VALID,,,2026-08-31T19:20:06+08:00,DATA_AND_RESEARCH_EVIDENCE_ONLY,NONE
920145.BJ,BSE,1,0.747166,23,21,2,0,VALID,,,2026-08-31T19:23:43+08:00,DATA_AND_RESEARCH_EVIDENCE_ONLY,NONE
920146.BJ,BSE,1,0.288857,33,33,0,0,VALID,,,2026-08-31T19:23:53+08:00,DATA_AND_RESEARCH_EVIDENCE_ONLY,NONE
920149.BJ,BSE,1,0.285368,27,25,2,0,VALID,,,2026-08-31T19:20:13+08:00,DATA_AND_RESEARCH_EVIDENCE_ONLY,NONE
920152.BJ,BSE,1,0.309295,32,32,0,0,VALID,,,2026-08-31T19:23:23+08:00,DATA_AND_RESEARCH_EVIDENCE_ONLY,NONE
920156.BJ,BSE,1,0.273207,3,2,1,0,VALID,,,2026-08-31T19:20:13+08:00,DATA_AND_RESEARCH_EVIDENCE_ONLY,NONE
920158.BJ,BSE,1,0.291341,10,9,1,0,VALID,,,2026-08-31T19:24:39+08:00,DATA_AND_RESEARCH_EVIDENCE_ONLY,NONE
920159.BJ,BSE,1,0.376776,4,3,1,0,VALID,,,2026-08-31T19:20:06+08:00,DATA_AND_RESEARCH_EVIDENCE_ONLY,NONE
920160.BJ,BSE,1,0.510321,6,1,5,0,VALID,,,2026-08-31T19:23:23+08:00,DATA_AND_RESEARCH_EVIDENCE_ONLY,NONE
920161.BJ,BSE,1,0.458717,16,16,0,1,VALID,,,2026-08-31T19:19:59+08:00,DATA_AND_RESEARCH_EVIDENCE_ONLY,NONE
920163.BJ,BSE,1,0.369886,30,30,0,0,VALID,,,2026-08-31T19:23:23+08:00,DATA_AND_RESEARCH_EVIDENCE_ONLY,NONE
920165.BJ,BSE,1,0.292168,5,5,0,0,VALID,,,2026-08-31T19:23:53+08:00,DATA_AND_RESEARCH_EVIDENCE_ONLY,NONE
920166.BJ,BSE,1,0.341739,3,3,0,0,VALID,,,2026-08-31T19:24:39+08:00,DATA_AND_RESEARCH_EVIDENCE_ONLY,NONE
920167.BJ,BSE,1,0.277857,18,17,1,0,VALID,,,2026-08-31T19:20:13+08:00,DATA_AND_RESEARCH_EVIDENCE_ONLY,NONE
920168.BJ,BSE,1,0.362438,24,22,2,0,VALID,,,2026-08-31T19:23:15+08:00,DATA_AND_RESEARCH_EVIDENCE_ONLY,NONE
920169.BJ,BSE,1,0.30162,21,21,0,0,VALID,,,2026-08-31T19:23:15+08:00,DATA_AND_RESEARCH_EVIDENCE_ONLY,NONE
920171.BJ,BSE,1,0.299874,35,35,0,0,VALID,,,2026-08-31T19:19:50+08:00,DATA_AND_RESEARCH_EVIDENCE_ONLY,NONE
920174.BJ,BSE,1,0.301324,21,20,1,0,VALID,,,2026-08-31T19:23:03+08:00,DATA_AND_RESEARCH_EVIDENCE_ONLY,NONE
920175.BJ,BSE,1,0.364587,21,19,2,0,VALID,,,2026-08-31T19:20:09+08:00,DATA_AND_RESEARCH_EVIDENCE_ONLY,NONE
920176.BJ,BSE,1,0.261421,5,4,1,0,VALID,,,2026-08-31T19:19:59+08:00,DATA_AND_RESEARCH_EVIDENCE_ONLY,NONE
920177.BJ,BSE,1,0.340602,5,4,1,0,VALID,,,2026-08-31T19:23:44+08:00,DATA_AND_RESEARCH_EVIDENCE_ONLY,NONE
920178.BJ,BSE,1,0.54103,4,4,0,0,VALID,,,2026-08-31T19:23:24+08:00,DATA_AND_RESEARCH_EVIDENCE_ONLY,NONE
920179.BJ,BSE,1,0.331476,22,21,1,0,VALID,,,2026-08-31T19:23:45+08:00,DATA_AND_RESEARCH_EVIDENCE_ONLY,NONE
920180.BJ,BSE,1,0.308664,9,4,5,0,VALID,,,2026-08-31T19:19:59+08:00,DATA_AND_RESEARCH_EVIDENCE_ONLY,NONE
920181.BJ,BSE,1,0.653694,8,7,1,0,VALID,,,2026-08-31T19:24:39+08:00,DATA_AND_RESEARCH_EVIDENCE_ONLY,NONE
920183.BJ,BSE,1,0.291188,3,3,0,0,VALID,,,2026-08-31T19:23:23+08:00,DATA_AND_RESEARCH_EVIDENCE_ONLY,NONE
920184.BJ,BSE,1,0.298209,45,45,0,0,VALID,,,2026-08-31T19:23:24+08:00,DATA_AND_RESEARCH_EVIDENCE_ONLY,NONE
920185.BJ,BSE,1,0.316671,43,43,0,0,VALID,,,2026-08-31T19:20:09+08:00,DATA_AND_RESEARCH_EVIDENCE_ONLY,NONE
920186.BJ,BSE,1,0.340358,19,19,0,0,VALID,,,2026-08-31T19:20:52+08:00,DATA_AND_RESEARCH_EVIDENCE_ONLY,NONE
920187.BJ,BSE,1,0.379372,23,22,1,0,VALID,,,2026-08-31T19:20:10+08:00,DATA_AND_RESEARCH_EVIDENCE_ONLY,NONE
920188.BJ,BSE,1,0.3017,2,1,1,0,VALID,,,2026-08-31T19:23:16+08:00,DATA_AND_RESEARCH_EVIDENCE_ONLY,NONE
920189.BJ,BSE,1,0.332676,13,11,2,0,VALID,,,2026-08-31T19:20:10+08:00,DATA_AND_RESEARCH_EVIDENCE_ONLY,NONE
920190.BJ,BSE,1,0.277602,18,16,2,0,VALID,,,2026-08-31T19:20:00+08:00,DATA_AND_RESEARCH_EVIDENCE_ONLY,NONE
920191.BJ,BSE,1,0.267512,2,1,1,0,VALID,,,2026-08-31T19:19:59+08:00,DATA_AND_RESEARCH_EVIDENCE_ONLY,NONE
920193.BJ,BSE,1,0.518118,12,9,3,0,VALID,,,2026-08-31T19:24:40+08:00,DATA_AND_RESEARCH_EVIDENCE_ONLY,NONE
920195.BJ,BSE,1,0.332521,10,10,0,0,VALID,,,2026-08-31T19:23:23+08:00,DATA_AND_RESEARCH_EVIDENCE_ONLY,NONE
920198.BJ,BSE,1,0.372756,33,33,0,0,VALID,,,2026-08-31T19:23:45+08:00,DATA_AND_RESEARCH_EVIDENCE_ONLY,NONE
920199.BJ,BSE,1,0.320938,17,16,1,0,VALID,,,2026-08-31T19:20:11+08:00,DATA_AND_RESEARCH_EVIDENCE_ONLY,NONE
920200.BJ,BSE,1,0.278688,5,5,0,0,VALID,,,2026-08-31T19:20:14+08:00,DATA_AND_RESEARCH_EVIDENCE_ONLY,NONE
920204.BJ,BSE,1,0.371375,15,14,1,0,VALID,,,2026-08-31T19:23:24+08:00,DATA_AND_RESEARCH_EVIDENCE_ONLY,NONE
920206.BJ,BSE,1,0.304236,11,10,1,0,VALID,,,2026-08-31T19:19:51+08:00,DATA_AND_RESEARCH_EVIDENCE_ONLY,NONE
920207.BJ,BSE,1,0.572661,22,21,1,0,VALID,,,2026-08-31T19:20:52+08:00,DATA_AND_RESEARCH_EVIDENCE_ONLY,NONE
920208.BJ,BSE,1,0.70896,31,28,3,0,VALID,,,2026-08-31T19:20:53+08:00,DATA_AND_RESEARCH_EVIDENCE_ONLY,NONE
920211.BJ,BSE,1,0.297726,6,3,3,0,VALID,,,2026-08-31T19:19:51+08:00,DATA_AND_RESEARCH_EVIDENCE_ONLY,NONE
920212.BJ,BSE,1,0.337569,22,22,0,0,VALID,,,2026-08-31T19:20:14+08:00,DATA_AND_RESEARCH_EVIDENCE_ONLY,NONE
920218.BJ,BSE,1,0.51326,3,3,0,0,VALID,,,2026-08-31T19:23:25+08:00,DATA_AND_RESEARCH_EVIDENCE_ONLY,NONE
920220.BJ,BSE,1,0.341997,9,6,3,0,VALID,,,2026-08-31T19:20:54+08:00,DATA_AND_RESEARCH_EVIDENCE_ONLY,NONE
920221.BJ,BSE,1,0.325725,21,19,2,0,VALID,,,2026-08-31T19:20:00+08:00,DATA_AND_RESEARCH_EVIDENCE_ONLY,NONE
920222.BJ,BSE,1,0.445852,8,8,0,0,VALID,,,2026-08-31T19:23:53+08:00,DATA_AND_RESEARCH_EVIDENCE_ONLY,NONE
920223.BJ,BSE,1,0.424374,15,13,2,0,VALID,,,2026-08-31T19:23:54+08:00,DATA_AND_RESEARCH_EVIDENCE_ONLY,NONE
920225.BJ,BSE,1,0.370714,18,16,2,0,VALID,,,2026-08-31T19:23:24+08:00,DATA_AND_RESEARCH_EVIDENCE_ONLY,NONE
920227.BJ,BSE,1,0.499787,16,14,2,0,VALID,,,2026-08-31T19:20:00+08:00,DATA_AND_RESEARCH_EVIDENCE_ONLY,NONE
920230.BJ,BSE,1,0.331555,24,22,2,0,VALID,,,2026-08-31T19:20:54+08:00,DATA_AND_RESEARCH_EVIDENCE_ONLY,NONE
920237.BJ,BSE,1,0.291122,26,24,2,0,VALID,,,2026-08-31T19:20:01+08:00,DATA_AND_RESEARCH_EVIDENCE_ONLY,NONE
920238.BJ,BSE,1,0.297514,6,5,1,0,VALID,,,2026-08-31T19:23:54+08:00,DATA_AND_RESEARCH_EVIDENCE_ONLY,NONE
920239.BJ,BSE,1,0.69301,18,16,2,0,VALID,,,2026-08-31T19:20:01+08:00,DATA_AND_RESEARCH_EVIDENCE_ONLY,NONE
920242.BJ,BSE,1,0.300024,47,46,1,0,VALID,,,2026-08-31T19:20:07+08:00,DATA_AND_RESEARCH_EVIDENCE_ONLY,NONE
920245.BJ,BSE,1,0.41806,21,21,0,0,VALID,,,2026-08-31T19:20:02+08:00,DATA_AND_RESEARCH_EVIDENCE_ONLY,NONE
920247.BJ,BSE,1,0.298847,28,26,2,0,VALID,,,2026-08-31T19:23:16+08:00,DATA_AND_RESEARCH_EVIDENCE_ONLY,NONE
920249.BJ,BSE,1,0.497886,29,29,0,0,VALID,,,2026-08-31T19:23:45+08:00,DATA_AND_RESEARCH_EVIDENCE_ONLY,NONE
920252.BJ,BSE,1,0.352541,15,15,0,0,VALID,,,2026-08-31T19:20:14+08:00,DATA_AND_RESEARCH_EVIDENCE_ONLY,NONE
920258.BJ,BSE,1,0.38087,2,1,1,0,VALID,,,2026-08-31T19:20:12+08:00,DATA_AND_RESEARCH_EVIDENCE_ONLY,NONE
920260.BJ,BSE,1,0.621794,32,30,2,0,VALID,,,2026-08-31T19:23:46+08:00,DATA_AND_RESEARCH_EVIDENCE_ONLY,NONE
920261.BJ,BSE,1,0.285451,47,47,0,0,VALID,,,2026-08-31T19:20:15+08:00,DATA_AND_RESEARCH_EVIDENCE_ONLY,NONE
920262.BJ,BSE,1,0.376879,19,17,2,0,VALID,,,2026-08-31T19:20:02+08:00,DATA_AND_RESEARCH_EVIDENCE_ONLY,NONE
920263.BJ,BSE,1,0.345532,16,16,0,0,VALID,,,2026-08-31T19:24:40+08:00,DATA_AND_RESEARCH_EVIDENCE_ONLY,NONE
920266.BJ,BSE,1,0.298055,39,39,0,0,VALID,,,2026-08-31T19:19:51+08:00,DATA_AND_RESEARCH_EVIDENCE_ONLY,NONE
920267.BJ,BSE,1,0.35153,26,25,1,0,VALID,,,2026-08-31T19:20:15+08:00,DATA_AND_RESEARCH_EVIDENCE_ONLY,NONE
920270.BJ,BSE,1,0.531064,20,18,2,0,VALID,,,2026-08-31T19:20:12+08:00,DATA_AND_RESEARCH_EVIDENCE_ONLY,NONE
920271.BJ,BSE,1,0.296742,21,21,0,0,VALID,,,2026-08-31T19:23:16+08:00,DATA_AND_RESEARCH_EVIDENCE_ONLY,NONE
920273.BJ,BSE,1,0.263791,34,34,0,0,VALID,,,2026-08-31T19:20:00+08:00,DATA_AND_RESEARCH_EVIDENCE_ONLY,NONE
920274.BJ,BSE,1,0.327313,14,13,1,0,VALID,,,2026-08-31T19:20:07+08:00,DATA_AND_RESEARCH_EVIDENCE_ONLY,NONE
920275.BJ,BSE,1,0.270377,26,23,3,0,VALID,,,2026-08-31T19:23:24+08:00,DATA_AND_RESEARCH_EVIDENCE_ONLY,NONE
920278.BJ,BSE,1,0.290295,19,17,2,0,VALID,,,2026-08-31T19:23:24+08:00,DATA_AND_RESEARCH_EVIDENCE_ONLY,NONE
920284.BJ,BSE,1,0.33317,29,29,0,0,VALID,,,2026-08-31T19:20:54+08:00,DATA_AND_RESEARCH_EVIDENCE_ONLY,NONE
920288.BJ,BSE,1,0.544929,5,4,1,0,VALID,,,2026-08-31T19:24:41+08:00,DATA_AND_RESEARCH_EVIDENCE_ONLY,NONE
920299.BJ,BSE,1,0.346573,21,20,1,0,VALID,,,2026-08-31T19:23:46+08:00,DATA_AND_RESEARCH_EVIDENCE_ONLY,NONE
920300.BJ,BSE,1,0.492982,29,29,0,0,VALID,,,2026-08-31T19:23:47+08:00,DATA_AND_RESEARCH_EVIDENCE_ONLY,NONE
920304.BJ,BSE,1,0.35547,24,23,1,0,VALID,,,2026-08-31T19:23:25+08:00,DATA_AND_RESEARCH_EVIDENCE_ONLY,NONE
920339.BJ,BSE,1,0.596534,18,16,2,0,VALID,,,2026-08-31T19:20:03+08:00,DATA_AND_RESEARCH_EVIDENCE_ONLY,NONE
920344.BJ,BSE,1,0.287269,20,19,1,0,VALID,,,2026-08-31T19:23:55+08:00,DATA_AND_RESEARCH_EVIDENCE_ONLY,NONE
920346.BJ,BSE,1,0.263141,33,29,4,0,VALID,,,2026-08-31T19:20:15+08:00,DATA_AND_RESEARCH_EVIDENCE_ONLY,NONE
920351.BJ,BSE,1,0.383783,17,17,0,0,VALID,,,2026-08-31T19:20:10+08:00,DATA_AND_RESEARCH_EVIDENCE_ONLY,NONE
920357.BJ,BSE,1,0.433575,18,18,0,0,VALID,,,2026-08-31T19:20:55+08:00,DATA_AND_RESEARCH_EVIDENCE_ONLY,NONE
920363.BJ,BSE,1,0.516564,18,15,3,0,VALID,,,2026-08-31T19:23:24+08:00,DATA_AND_RESEARCH_EVIDENCE_ONLY,NONE
920367.BJ,BSE,1,0.463205,12,10,2,0,VALID,,,2026-08-31T19:20:13+08:00,DATA_AND_RESEARCH_EVIDENCE_ONLY,NONE
920368.BJ,BSE,1,0.291703,32,32,0,0,VALID,,,2026-08-31T19:23:55+08:00,DATA_AND_RESEARCH_EVIDENCE_ONLY,NONE
920370.BJ,BSE,1,0.296325,45,45,0,0,VALID,,,2026-08-31T19:20:07+08:00,DATA_AND_RESEARCH_EVIDENCE_ONLY,NONE
920371.BJ,BSE,1,0.337285,22,20,2,0,VALID,,,2026-08-31T19:20:08+08:00,DATA_AND_RESEARCH_EVIDENCE_ONLY,NONE
920374.BJ,BSE,1,0.262598,20,19,1,0,VALID,,,2026-08-31T19:20:55+08:00,DATA_AND_RESEARCH_EVIDENCE_ONLY,NONE
920375.BJ,BSE,1,0.334639,38,38,0,1,VALID,,,2026-08-31T19:20:11+08:00,DATA_AND_RESEARCH_EVIDENCE_ONLY,NONE
920378.BJ,BSE,1,0.26917,31,30,1,0,VALID,,,2026-08-31T19:20:55+08:00,DATA_AND_RESEARCH_EVIDENCE_ONLY,NONE
920392.BJ,BSE,1,0.3855,15,15,0,0,VALID,,,2026-08-31T19:20:16+08:00,DATA_AND_RESEARCH_EVIDENCE_ONLY,NONE
920394.BJ,BSE,1,0.27206,18,18,0,0,VALID,,,2026-08-31T19:23:24+08:00,DATA_AND_RESEARCH_EVIDENCE_ONLY,NONE
920395.BJ,BSE,1,0.421239,36,34,2,0,VALID,,,2026-08-31T19:23:25+08:00,DATA_AND_RESEARCH_EVIDENCE_ONLY,NONE
920396.BJ,BSE,1,0.303219,26,26,0,0,VALID,,,2026-08-31T19:24:41+08:00,DATA_AND_RESEARCH_EVIDENCE_ONLY,NONE
920402.BJ,BSE,1,0.370487,13,11,2,0,VALID,,,2026-08-31T19:20:13+08:00,DATA_AND_RESEARCH_EVIDENCE_ONLY,NONE
920403.BJ,BSE,1,0.263928,18,18,0,0,VALID,,,2026-08-31T19:20:00+08:00,DATA_AND_RESEARCH_EVIDENCE_ONLY,NONE
920405.BJ,BSE,1,0.268465,28,27,1,0,VALID,,,2026-08-31T19:20:00+08:00,DATA_AND_RESEARCH_EVIDENCE_ONLY,NONE
920407.BJ,BSE,1,0.334437,24,23,1,0,VALID,,,2026-08-31T19:20:08+08:00,DATA_AND_RESEARCH_EVIDENCE_ONLY,NONE
920414.BJ,BSE,1,0.397214,24,22,2,0,VALID,,,2026-08-31T19:23:25+08:00,DATA_AND_RESEARCH_EVIDENCE_ONLY,NONE
920415.BJ,BSE,1,0.353149,40,40,0,0,VALID,,,2026-08-31T19:23:26+08:00,DATA_AND_RESEARCH_EVIDENCE_ONLY,NONE
920418.BJ,BSE,1,0.48781,28,23,5,0,VALID,,,2026-08-31T19:23:25+08:00,DATA_AND_RESEARCH_EVIDENCE_ONLY,NONE
920419.BJ,BSE,1,0.300811,33,33,0,0,VALID,,,2026-08-31T19:19:52+08:00,DATA_AND_RESEARCH_EVIDENCE_ONLY,NONE
920422.BJ,BSE,1,0.287237,14,12,2,0,VALID,,,2026-08-31T19:24:42+08:00,DATA_AND_RESEARCH_EVIDENCE_ONLY,NONE
920425.BJ,BSE,1,0.388199,35,35,0,0,VALID,,,2026-08-31T19:20:03+08:00,DATA_AND_RESEARCH_EVIDENCE_ONLY,NONE
920427.BJ,BSE,1,0.272517,20,18,2,0,VALID,,,2026-08-31T19:23:25+08:00,DATA_AND_RESEARCH_EVIDENCE_ONLY,NONE
920429.BJ,BSE,1,0.328089,25,25,0,0,VALID,,,2026-08-31T19:20:11+08:00,DATA_AND_RESEARCH_EVIDENCE_ONLY,NONE
920433.BJ,BSE,1,0.264213,33,31,2,0,VALID,,,2026-08-31T19:20:16+08:00,DATA_AND_RESEARCH_EVIDENCE_ONLY,NONE
920436.BJ,BSE,1,0.298326,16,14,2,0,VALID,,,2026-08-31T19:23:03+08:00,DATA_AND_RESEARCH_EVIDENCE_ONLY,NONE
920438.BJ,BSE,1,0.298175,25,25,0,0,VALID,,,2026-08-31T19:23:04+08:00,DATA_AND_RESEARCH_EVIDENCE_ONLY,NONE
920445.BJ,BSE,1,0.390627,55,54,1,0,VALID,,,2026-08-31T19:20:04+08:00,DATA_AND_RESEARCH_EVIDENCE_ONLY,NONE
920454.BJ,BSE,1,0.339516,21,20,1,0,VALID,,,2026-08-31T19:23:25+08:00,DATA_AND_RESEARCH_EVIDENCE_ONLY,NONE
920455.BJ,BSE,1,0.351602,22,21,1,0,VALID,,,2026-08-31T19:23:26+08:00,DATA_AND_RESEARCH_EVIDENCE_ONLY,NONE
920469.BJ,BSE,1,0.447031,23,23,0,0,VALID,,,2026-08-31T19:23:55+08:00,DATA_AND_RESEARCH_EVIDENCE_ONLY,NONE
920471.BJ,BSE,1,0.347077,15,15,0,0,VALID,,,2026-08-31T19:20:13+08:00,DATA_AND_RESEARCH_EVIDENCE_ONLY,NONE
920475.BJ,BSE,1,0.292325,31,30,1,0,VALID,,,2026-08-31T19:23:56+08:00,DATA_AND_RESEARCH_EVIDENCE_ONLY,NONE
920476.BJ,BSE,1,0.402891,39,39,0,0,VALID,,,2026-08-31T19:23:26+08:00,DATA_AND_RESEARCH_EVIDENCE_ONLY,NONE
920478.BJ,BSE,1,0.498857,18,18,0,0,VALID,,,2026-08-31T19:23:47+08:00,DATA_AND_RESEARCH_EVIDENCE_ONLY,NONE
920489.BJ,BSE,1,0.352643,21,21,0,0,VALID,,,2026-08-31T19:20:04+08:00,DATA_AND_RESEARCH_EVIDENCE_ONLY,NONE
920491.BJ,BSE,1,0.33961,44,42,2,0,VALID,,,2026-08-31T19:23:26+08:00,DATA_AND_RESEARCH_EVIDENCE_ONLY,NONE
920493.BJ,BSE,1,0.287861,23,23,0,0,VALID,,,2026-08-31T19:23:26+08:00,DATA_AND_RESEARCH_EVIDENCE_ONLY,NONE
920496.BJ,BSE,1,0.383579,25,22,3,0,VALID,,,2026-08-31T19:20:12+08:00,DATA_AND_RESEARCH_EVIDENCE_ONLY,NONE
920504.BJ,BSE,1,0.385648,19,17,2,0,VALID,,,2026-08-31T19:23:04+08:00,DATA_AND_RESEARCH_EVIDENCE_ONLY,NONE
920505.BJ,BSE,1,0.336973,13,11,2,0,VALID,,,2026-08-31T19:20:56+08:00,DATA_AND_RESEARCH_EVIDENCE_ONLY,NONE
920508.BJ,BSE,1,0.27961,11,11,0,0,VALID,,,2026-08-31T19:23:26+08:00,DATA_AND_RESEARCH_EVIDENCE_ONLY,NONE
920509.BJ,BSE,1,0.291059,26,26,0,0,VALID,,,2026-08-31T19:23:17+08:00,DATA_AND_RESEARCH_EVIDENCE_ONLY,NONE
920510.BJ,BSE,1,0.387533,24,22,2,0,VALID,,,2026-08-31T19:20:08+08:00,DATA_AND_RESEARCH_EVIDENCE_ONLY,NONE
920519.BJ,BSE,1,0.345852,19,19,0,0,VALID,,,2026-08-31T19:24:42+08:00,DATA_AND_RESEARCH_EVIDENCE_ONLY,NONE
920522.BJ,BSE,1,0.489147,40,38,2,0,VALID,,,2026-08-31T19:20:09+08:00,DATA_AND_RESEARCH_EVIDENCE_ONLY,NONE
920523.BJ,BSE,1,0.393351,33,32,1,0,VALID,,,2026-08-31T19:23:48+08:00,DATA_AND_RESEARCH_EVIDENCE_ONLY,NONE
920526.BJ,BSE,1,0.276141,26,25,1,0,VALID,,,2026-08-31T19:20:16+08:00,DATA_AND_RESEARCH_EVIDENCE_ONLY,NONE
920527.BJ,BSE,1,0.437593,22,22,0,0,VALID,,,2026-08-31T19:23:27+08:00,DATA_AND_RESEARCH_EVIDENCE_ONLY,NONE
920533.BJ,BSE,1,0.417433,30,29,1,0,VALID,,,2026-08-31T19:20:00+08:00,DATA_AND_RESEARCH_EVIDENCE_ONLY,NONE
920541.BJ,BSE,1,0.258478,22,22,0,0,VALID,,,2026-08-31T19:20:17+08:00,DATA_AND_RESEARCH_EVIDENCE_ONLY,NONE
920547.BJ,BSE,1,0.411932,16,11,5,0,VALID,,,2026-08-31T19:23:27+08:00,DATA_AND_RESEARCH_EVIDENCE_ONLY,NONE
920553.BJ,BSE,1,0.314531,18,18,0,0,VALID,,,2026-08-31T19:23:26+08:00,DATA_AND_RESEARCH_EVIDENCE_ONLY,NONE
920556.BJ,BSE,1,0.301391,24,24,0,0,VALID,,,2026-08-31T19:23:17+08:00,DATA_AND_RESEARCH_EVIDENCE_ONLY,NONE
920564.BJ,BSE,1,0.37191,30,30,0,0,VALID,,,2026-08-31T19:23:26+08:00,DATA_AND_RESEARCH_EVIDENCE_ONLY,NONE
920566.BJ,BSE,1,0.293174,25,24,1,0,VALID,,,2026-08-31T19:23:27+08:00,DATA_AND_RESEARCH_EVIDENCE_ONLY,NONE
920570.BJ,BSE,1,0.401621,18,18,0,0,VALID,,,2026-08-31T19:19:52+08:00,DATA_AND_RESEARCH_EVIDENCE_ONLY,NONE
920571.BJ,BSE,1,0.304149,23,21,2,0,VALID,,,2026-08-31T19:23:17+08:00,DATA_AND_RESEARCH_EVIDENCE_ONLY,NONE
920575.BJ,BSE,1,0.275117,20,20,0,0,VALID,,,2026-08-31T19:20:56+08:00,DATA_AND_RESEARCH_EVIDENCE_ONLY,NONE
920576.BJ,BSE,1,0.293511,16,16,0,0,VALID,,,2026-08-31T19:23:18+08:00,DATA_AND_RESEARCH_EVIDENCE_ONLY,NONE
920578.BJ,BSE,1,0.293654,15,12,3,0,VALID,,,2026-08-31T19:23:18+08:00,DATA_AND_RESEARCH_EVIDENCE_ONLY,NONE
920579.BJ,BSE,1,0.327125,11,11,0,0,VALID,,,2026-08-31T19:23:18+08:00,DATA_AND_RESEARCH_EVIDENCE_ONLY,NONE
920580.BJ,BSE,1,0.269326,22,21,1,0,VALID,,,2026-08-31T19:20:01+08:00,DATA_AND_RESEARCH_EVIDENCE_ONLY,NONE
920592.BJ,BSE,1,0.640629,18,17,1,0,VALID,,,2026-08-31T19:20:12+08:00,DATA_AND_RESEARCH_EVIDENCE_ONLY,NONE
920593.BJ,BSE,1,0.298044,20,20,0,0,VALID,,,2026-08-31T19:23:56+08:00,DATA_AND_RESEARCH_EVIDENCE_ONLY,NONE
920599.BJ,BSE,1,0.266767,28,27,1,0,VALID,,,2026-08-31T19:20:56+08:00,DATA_AND_RESEARCH_EVIDENCE_ONLY,NONE
920608.BJ,BSE,1,0.711959,18,16,2,0,VALID,,,2026-08-31T19:20:14+08:00,DATA_AND_RESEARCH_EVIDENCE_ONLY,NONE
920627.BJ,BSE,1,0.74856,23,21,2,0,VALID,,,2026-08-31T19:24:42+08:00,DATA_AND_RESEARCH_EVIDENCE_ONLY,NONE
920634.BJ,BSE,1,0.294995,29,29,0,0,VALID,,,2026-08-31T19:23:28+08:00,DATA_AND_RESEARCH_EVIDENCE_ONLY,NONE
920639.BJ,BSE,1,0.268471,32,32,0,0,VALID,,,2026-08-31T19:20:17+08:00,DATA_AND_RESEARCH_EVIDENCE_ONLY,NONE
920640.BJ,BSE,1,0.318486,31,31,0,0,VALID,,,2026-08-31T19:20:13+08:00,DATA_AND_RESEARCH_EVIDENCE_ONLY,NONE
920641.BJ,BSE,1,0.349645,34,34,0,0,VALID,,,2026-08-31T19:24:43+08:00,DATA_AND_RESEARCH_EVIDENCE_ONLY,NONE
920642.BJ,BSE,1,0.308905,24,24,0,0,VALID,,,2026-08-31T19:20:04+08:00,DATA_AND_RESEARCH_EVIDENCE_ONLY,NONE
920651.BJ,BSE,1,0.263795,20,20,0,0,VALID,,,2026-08-31T19:23:27+08:00,DATA_AND_RESEARCH_EVIDENCE_ONLY,NONE
920656.BJ,BSE,1,0.391218,16,12,4,0,VALID,,,2026-08-31T19:20:05+08:00,DATA_AND_RESEARCH_EVIDENCE_ONLY,NONE
920662.BJ,BSE,1,0.333351,15,14,1,0,VALID,,,2026-08-31T19:20:57+08:00,DATA_AND_RESEARCH_EVIDENCE_ONLY,NONE
920663.BJ,BSE,1,0.304466,16,14,2,0,VALID,,,2026-08-31T19:23:18+08:00,DATA_AND_RESEARCH_EVIDENCE_ONLY,NONE
920665.BJ,BSE,1,0.309004,10,10,0,0,VALID,,,2026-08-31T19:19:52+08:00,DATA_AND_RESEARCH_EVIDENCE_ONLY,NONE
920670.BJ,BSE,1,0.306316,26,24,2,0,VALID,,,2026-08-31T19:24:43+08:00,DATA_AND_RESEARCH_EVIDENCE_ONLY,NONE
920675.BJ,BSE,1,0.291796,26,24,2,0,VALID,,,2026-08-31T19:23:04+08:00,DATA_AND_RESEARCH_EVIDENCE_ONLY,NONE
920679.BJ,BSE,1,0.351268,17,15,2,0,VALID,,,2026-08-31T19:20:05+08:00,DATA_AND_RESEARCH_EVIDENCE_ONLY,NONE
920682.BJ,BSE,1,0.601292,17,17,0,0,VALID,,,2026-08-31T19:24:44+08:00,DATA_AND_RESEARCH_EVIDENCE_ONLY,NONE
920685.BJ,BSE,1,0.320131,31,31,0,0,VALID,,,2026-08-31T19:19:53+08:00,DATA_AND_RESEARCH_EVIDENCE_ONLY,NONE
920689.BJ,BSE,1,0.295946,35,35,0,0,VALID,,,2026-08-31T19:20:01+08:00,DATA_AND_RESEARCH_EVIDENCE_ONLY,NONE
920690.BJ,BSE,1,0.256978,11,10,1,0,VALID,,,2026-08-31T19:20:57+08:00,DATA_AND_RESEARCH_EVIDENCE_ONLY,NONE
920693.BJ,BSE,1,0.296491,9,9,0,0,VALID,,,2026-08-31T19:23:28+08:00,DATA_AND_RESEARCH_EVIDENCE_ONLY,NONE
920694.BJ,BSE,1,0.270319,20,18,2,0,VALID,,,2026-08-31T19:20:01+08:00,DATA_AND_RESEARCH_EVIDENCE_ONLY,NONE
920699.BJ,BSE,1,0.427585,11,8,3,0,VALID,,,2026-08-31T19:20:05+08:00,DATA_AND_RESEARCH_EVIDENCE_ONLY,NONE
920701.BJ,BSE,1,0.297253,16,14,2,0,VALID,,,2026-08-31T19:23:27+08:00,DATA_AND_RESEARCH_EVIDENCE_ONLY,NONE
920703.BJ,BSE,1,0.365425,17,14,3,0,VALID,,,2026-08-31T19:20:15+08:00,DATA_AND_RESEARCH_EVIDENCE_ONLY,NONE
920706.BJ,BSE,1,0.302906,9,8,1,0,VALID,,,2026-08-31T19:20:13+08:00,DATA_AND_RESEARCH_EVIDENCE_ONLY,NONE
920717.BJ,BSE,1,0.329128,17,15,2,0,VALID,,,2026-08-31T19:20:57+08:00,DATA_AND_RESEARCH_EVIDENCE_ONLY,NONE
920718.BJ,BSE,1,0.354584,22,21,1,0,VALID,,,2026-08-31T19:20:15+08:00,DATA_AND_RESEARCH_EVIDENCE_ONLY,NONE
920719.BJ,BSE,1,0.293624,23,23,0,0,VALID,,,2026-08-31T19:19:53+08:00,DATA_AND_RESEARCH_EVIDENCE_ONLY,NONE
920720.BJ,BSE,1,0.376806,25,23,2,0,VALID,,,2026-08-31T19:20:15+08:00,DATA_AND_RESEARCH_EVIDENCE_ONLY,NONE
920725.BJ,BSE,1,0.295762,16,15,1,0,VALID,,,2026-08-31T19:23:05+08:00,DATA_AND_RESEARCH_EVIDENCE_ONLY,NONE
920726.BJ,BSE,1,0.466321,25,23,2,0,VALID,,,2026-08-31T19:23:05+08:00,DATA_AND_RESEARCH_EVIDENCE_ONLY,NONE
920729.BJ,BSE,1,0.509446,18,18,0,0,VALID,,,2026-08-31T19:20:16+08:00,DATA_AND_RESEARCH_EVIDENCE_ONLY,NONE
920735.BJ,BSE,1,0.301916,31,31,0,0,VALID,,,2026-08-31T19:19:53+08:00,DATA_AND_RESEARCH_EVIDENCE_ONLY,NONE
920748.BJ,BSE,1,0.277707,13,13,0,1,VALID,,,2026-08-31T19:20:57+08:00,DATA_AND_RESEARCH_EVIDENCE_ONLY,NONE
920751.BJ,BSE,1,0.461469,23,23,0,0,VALID,,,2026-08-31T19:23:56+08:00,DATA_AND_RESEARCH_EVIDENCE_ONLY,NONE
920753.BJ,BSE,1,0.527054,25,20,5,0,VALID,,,2026-08-31T19:23:06+08:00,DATA_AND_RESEARCH_EVIDENCE_ONLY,NONE
920765.BJ,BSE,1,0.291529,15,14,1,0,VALID,,,2026-08-31T19:20:09+08:00,DATA_AND_RESEARCH_EVIDENCE_ONLY,NONE
920768.BJ,BSE,1,0.336039,28,28,0,0,VALID,,,2026-08-31T19:20:17+08:00,DATA_AND_RESEARCH_EVIDENCE_ONLY,NONE
920770.BJ,BSE,1,0.293091,15,15,0,0,VALID,,,2026-08-31T19:19:54+08:00,DATA_AND_RESEARCH_EVIDENCE_ONLY,NONE
920779.BJ,BSE,1,1.286976,20,19,1,0,VALID,,,2026-08-31T19:23:27+08:00,DATA_AND_RESEARCH_EVIDENCE_ONLY,NONE
920781.BJ,BSE,1,0.306305,39,38,1,0,VALID,,,2026-08-31T19:23:19+08:00,DATA_AND_RESEARCH_EVIDENCE_ONLY,NONE
920786.BJ,BSE,1,0.297326,33,33,0,0,VALID,,,2026-08-31T19:23:19+08:00,DATA_AND_RESEARCH_EVIDENCE_ONLY,NONE
920790.BJ,BSE,1,0.288135,12,10,2,0,VALID,,,2026-08-31T19:23:19+08:00,DATA_AND_RESEARCH_EVIDENCE_ONLY,NONE
920792.BJ,BSE,1,0.370752,24,23,1,0,VALID,,,2026-08-31T19:19:54+08:00,DATA_AND_RESEARCH_EVIDENCE_ONLY,NONE
920799.BJ,BSE,1,0.275788,41,40,1,0,VALID,,,2026-08-31T19:20:17+08:00,DATA_AND_RESEARCH_EVIDENCE_ONLY,NONE
920802.BJ,BSE,1,0.640588,17,16,1,0,VALID,,,2026-08-31T19:20:10+08:00,DATA_AND_RESEARCH_EVIDENCE_ONLY,NONE
920806.BJ,BSE,1,0.264688,10,9,1,0,VALID,,,2026-08-31T19:23:29+08:00,DATA_AND_RESEARCH_EVIDENCE_ONLY,NONE
920807.BJ,BSE,1,0.272632,23,22,1,0,VALID,,,2026-08-31T19:20:02+08:00,DATA_AND_RESEARCH_EVIDENCE_ONLY,NONE
920808.BJ,BSE,1,0.291157,19,19,0,0,VALID,,,2026-08-31T19:23:28+08:00,DATA_AND_RESEARCH_EVIDENCE_ONLY,NONE
920809.BJ,BSE,1,0.293132,39,38,1,0,VALID,,,2026-08-31T19:19:54+08:00,DATA_AND_RESEARCH_EVIDENCE_ONLY,NONE
920810.BJ,BSE,1,0.37004,16,16,0,0,VALID,,,2026-08-31T19:20:13+08:00,DATA_AND_RESEARCH_EVIDENCE_ONLY,NONE
920819.BJ,BSE,1,0.31115,34,33,1,0,VALID,,,2026-08-31T19:20:10+08:00,DATA_AND_RESEARCH_EVIDENCE_ONLY,NONE
920821.BJ,BSE,1,0.404499,17,16,1,0,VALID,,,2026-08-31T19:20:02+08:00,DATA_AND_RESEARCH_EVIDENCE_ONLY,NONE
920826.BJ,BSE,1,0.295007,35,32,3,0,VALID,,,2026-08-31T19:23:29+08:00,DATA_AND_RESEARCH_EVIDENCE_ONLY,NONE
920832.BJ,BSE,1,0.30087,27,27,0,0,VALID,,,2026-08-31T19:19:55+08:00,DATA_AND_RESEARCH_EVIDENCE_ONLY,NONE
920833.BJ,BSE,1,0.69849,23,22,1,0,VALID,,,2026-08-31T19:20:11+08:00,DATA_AND_RESEARCH_EVIDENCE_ONLY,NONE
920834.BJ,BSE,1,0.260187,16,14,2,0,VALID,,,2026-08-31T19:20:02+08:00,DATA_AND_RESEARCH_EVIDENCE_ONLY,NONE
920837.BJ,BSE,1,0.332215,17,17,0,0,VALID,,,2026-08-31T19:20:18+08:00,DATA_AND_RESEARCH_EVIDENCE_ONLY,NONE
920839.BJ,BSE,1,0.336976,33,31,2,0,VALID,,,2026-08-31T19:23:27+08:00,DATA_AND_RESEARCH_EVIDENCE_ONLY,NONE
920855.BJ,BSE,1,0.911542,20,18,2,0,VALID,,,2026-08-31T19:20:03+08:00,DATA_AND_RESEARCH_EVIDENCE_ONLY,NONE
920856.BJ,BSE,1,0.284895,50,47,3,0,VALID,,,2026-08-31T19:23:57+08:00,DATA_AND_RESEARCH_EVIDENCE_ONLY,NONE
920857.BJ,BSE,1,0.42364,9,7,2,0,VALID,,,2026-08-31T19:20:11+08:00,DATA_AND_RESEARCH_EVIDENCE_ONLY,NONE
920866.BJ,BSE,1,0.295215,25,23,2,0,VALID,,,2026-08-31T19:19:55+08:00,DATA_AND_RESEARCH_EVIDENCE_ONLY,NONE
920870.BJ,BSE,1,0.268579,18,16,2,0,VALID,,,2026-08-31T19:23:29+08:00,DATA_AND_RESEARCH_EVIDENCE_ONLY,NONE
920871.BJ,BSE,1,0.273365,29,27,2,0,VALID,,,2026-08-31T19:23:29+08:00,DATA_AND_RESEARCH_EVIDENCE_ONLY,NONE
920873.BJ,BSE,1,1.384553,17,17,0,0,VALID,,,2026-08-31T19:23:27+08:00,DATA_AND_RESEARCH_EVIDENCE_ONLY,NONE
920876.BJ,BSE,1,0.273753,24,22,2,0,VALID,,,2026-08-31T19:23:29+08:00,DATA_AND_RESEARCH_EVIDENCE_ONLY,NONE
920879.BJ,BSE,1,0.294316,51,49,2,0,VALID,,,2026-08-31T19:19:55+08:00,DATA_AND_RESEARCH_EVIDENCE_ONLY,NONE
920885.BJ,BSE,1,0.359533,38,35,3,0,VALID,,,2026-08-31T19:24:44+08:00,DATA_AND_RESEARCH_EVIDENCE_ONLY,NONE
920892.BJ,BSE,1,0.409619,24,22,2,0,VALID,,,2026-08-31T19:20:18+08:00,DATA_AND_RESEARCH_EVIDENCE_ONLY,NONE
920895.BJ,BSE,1,0.365646,13,13,0,0,VALID,,,2026-08-31T19:20:06+08:00,DATA_AND_RESEARCH_EVIDENCE_ONLY,NONE
920896.BJ,BSE,1,0.362012,17,17,0,0,VALID,,,2026-08-31T19:23:30+08:00,DATA_AND_RESEARCH_EVIDENCE_ONLY,NONE
920906.BJ,BSE,1,0.273786,13,13,0,0,VALID,,,2026-08-31T19:20:18+08:00,DATA_AND_RESEARCH_EVIDENCE_ONLY,NONE
920914.BJ,BSE,1,0.440512,11,11,0,0,VALID,,,2026-08-31T19:23:20+08:00,DATA_AND_RESEARCH_EVIDENCE_ONLY,NONE
920924.BJ,BSE,1,0.291573,27,25,2,0,VALID,,,2026-08-31T19:23:20+08:00,DATA_AND_RESEARCH_EVIDENCE_ONLY,NONE
920925.BJ,BSE,1,0.338313,20,20,0,0,VALID,,,2026-08-31T19:23:48+08:00,DATA_AND_RESEARCH_EVIDENCE_ONLY,NONE
920926.BJ,BSE,1,0.296411,13,11,2,0,VALID,,,2026-08-31T19:20:06+08:00,DATA_AND_RESEARCH_EVIDENCE_ONLY,NONE
920931.BJ,BSE,1,0.25526,10,8,2,0,VALID,,,2026-08-31T19:20:58+08:00,DATA_AND_RESEARCH_EVIDENCE_ONLY,NONE
920932.BJ,BSE,1,0.301177,34,34,0,0,VALID,,,2026-08-31T19:19:56+08:00,DATA_AND_RESEARCH_EVIDENCE_ONLY,NONE
920942.BJ,BSE,1,0.492722,24,22,2,0,VALID,,,2026-08-31T19:23:49+08:00,DATA_AND_RESEARCH_EVIDENCE_ONLY,NONE
920943.BJ,BSE,1,0.273681,17,16,1,0,VALID,,,2026-08-31T19:20:12+08:00,DATA_AND_RESEARCH_EVIDENCE_ONLY,NONE
920946.BJ,BSE,1,0.505196,21,19,2,0,VALID,,,2026-08-31T19:19:56+08:00,DATA_AND_RESEARCH_EVIDENCE_ONLY,NONE
920950.BJ,BSE,1,0.299231,17,17,0,0,VALID,,,2026-08-31T19:23:06+08:00,DATA_AND_RESEARCH_EVIDENCE_ONLY,NONE
920953.BJ,BSE,1,0.279251,12,12,0,0,VALID,,,2026-08-31T19:20:04+08:00,DATA_AND_RESEARCH_EVIDENCE_ONLY,NONE
920957.BJ,BSE,1,0.426683,12,9,3,0,VALID,,,2026-08-31T19:20:14+08:00,DATA_AND_RESEARCH_EVIDENCE_ONLY,NONE
920961.BJ,BSE,1,0.357744,28,28,0,0,VALID,,,2026-08-31T19:23:30+08:00,DATA_AND_RESEARCH_EVIDENCE_ONLY,NONE
920964.BJ,BSE,1,0.254349,29,27,2,0,VALID,,,2026-08-31T19:20:58+08:00,DATA_AND_RESEARCH_EVIDENCE_ONLY,NONE
920970.BJ,BSE,1,0.521335,19,19,0,0,VALID,,,2026-08-31T19:23:29+08:00,DATA_AND_RESEARCH_EVIDENCE_ONLY,NONE
920971.BJ,BSE,1,0.334799,38,36,2,0,VALID,,,2026-08-31T19:20:19+08:00,DATA_AND_RESEARCH_EVIDENCE_ONLY,NONE
920974.BJ,BSE,1,0.552818,27,25,2,0,VALID,,,2026-08-31T19:20:19+08:00,DATA_AND_RESEARCH_EVIDENCE_ONLY,NONE
920976.BJ,BSE,1,0.329446,14,14,0,0,VALID,,,2026-08-31T19:20:16+08:00,DATA_AND_RESEARCH_EVIDENCE_ONLY,NONE
920978.BJ,BSE,1,0.29886,37,37,0,0,VALID,,,2026-08-31T19:23:29+08:00,DATA_AND_RESEARCH_EVIDENCE_ONLY,NONE
920981.BJ,BSE,1,0.297559,16,14,2,0,VALID,,,2026-08-31T19:23:20+08:00,DATA_AND_RESEARCH_EVIDENCE_ONLY,NONE
920982.BJ,BSE,1,0.358498,33,31,2,0,VALID,,,2026-08-31T19:23:28+08:00,DATA_AND_RESEARCH_EVIDENCE_ONLY,NONE
920985.BJ,BSE,1,0.519692,16,15,1,0,VALID,,,2026-08-31T19:20:16+08:00,DATA_AND_RESEARCH_EVIDENCE_ONLY,NONE
920992.BJ,BSE,1,0.375944,24,22,2,0,VALID,,,2026-08-31T19:20:17+08:00,DATA_AND_RESEARCH_EVIDENCE_ONLY,NONE
