symbol,board,list_date,is_st,is_suspended,as_of_date,previous_as_of_date,refresh_state,refresh_reason,provider_id,latest_history_date,last_close,continuity_expected_prior,continuity_difference
920000.BJ,BSE,2020-12-23,False,False,2026-09-24,2026-09-24,READY_INCREMENTAL,,sina_public_snapshot,2026-09-24,14.27,14.290006008411776,6.008411777003175e-06
920001.BJ,BSE,2022-12-27,False,False,2026-09-24,2026-09-24,READY_INCREMENTAL,,sina_public_snapshot,2026-09-24,11.69,11.920057102069949,5.710206994891109e-05
920002.BJ,BSE,2024-05-30,False,False,2026-09-24,2026-09-24,READY_INCREMENTAL,,sina_public_snapshot,2026-09-24,51.03,50.05984029508133,0.0001597049186727
920003.BJ,BSE,2025-11-07,False,False,2026-09-24,2026-09-24,READY_INCREMENTAL,,sina_public_snapshot,2026-09-24,16.5,17.749951591041118,4.8408958882362185e-05
920005.BJ,BSE,2025-07-31,False,False,2026-09-24,2026-09-24,READY_INCREMENTAL,,sina_public_snapshot,2026-09-24,25.32,24.34989998461301,0.0001000153869874
920006.BJ,BSE,2023-05-18,False,False,2026-09-24,2026-09-24,READY_INCREMENTAL,,sina_public_snapshot,2026-09-24,17.21,17.42996617310458,3.382689541808759e-05
920007.BJ,BSE,2025-08-08,False,False,2026-09-24,2026-09-24,READY_INCREMENTAL,,sina_public_snapshot,2026-09-24,32.62,33.16995790201541,4.20979845898728e-05
920008.BJ,BSE,2024-08-29,False,False,2026-09-24,2026-09-24,READY_INCREMENTAL,,sina_public_snapshot,2026-09-24,21.36,21.490014588258965,1.458825896705207e-05
920009.BJ,BSE,2025-11-03,False,False,2026-09-24,2026-09-24,READY_INCREMENTAL,,sina_public_snapshot,2026-09-24,34.63,35.43000961715537,9.6171553707336e-06
920010.BJ,BSE,2020-07-27,False,False,2026-09-24,2026-09-24,READY_INCREMENTAL,,sina_public_snapshot,2026-09-24,8.75,8.710021003593505,2.1003593504431702e-05
920011.BJ,BSE,2026-04-08,False,False,2026-09-24,2026-09-24,READY_INCREMENTAL,,sina_public_snapshot,2026-09-24,17.67,18.04000040837579,4.083757900730234e-07
920012.BJ,BSE,2026-04-13,False,False,2026-09-24,2026-09-24,READY_INCREMENTAL,,sina_public_snapshot,2026-09-24,54.7,55.349806731022205,0.0001932689777959
920014.BJ,BSE,2022-12-13,False,False,2026-09-24,2026-09-24,READY_INCREMENTAL,,sina_public_snapshot,2026-09-24,8.51,8.62995639387486,4.36061251409825e-05
920015.BJ,BSE,2025-09-25,False,False,2026-09-24,2026-09-24,READY_INCREMENTAL,,sina_public_snapshot,2026-09-24,45.32,44.54010279997249,0.0001027999724882
920016.BJ,BSE,2024-09-13,False,False,2026-09-24,2026-09-24,READY_INCREMENTAL,,sina_public_snapshot,2026-09-24,14.29,14.699982512267129,1.7487732870691275e-05
920017.BJ,BSE,2023-05-31,False,False,2026-09-24,2026-09-24,READY_INCREMENTAL,,sina_public_snapshot,2026-09-24,15.75,16.069952759440458,4.724055954241635e-05
920018.BJ,BSE,2025-08-20,False,False,2026-09-24,2026-09-24,READY_INCREMENTAL,,sina_public_snapshot,2026-09-24,14.65,14.839951377633712,4.862236628788708e-05
920019.BJ,BSE,2024-10-11,False,False,2026-09-24,2026-09-24,READY_INCREMENTAL,,sina_public_snapshot,2026-09-24,15.26,15.499939056596109,6.094340389140029e-05
920020.BJ,BSE,2025-10-28,False,False,2026-09-24,2026-09-24,READY_INCREMENTAL,,sina_public_snapshot,2026-09-24,14.76,14.719961704164673,3.829583532954928e-05
920021.BJ,BSE,2020-07-27,False,False,2026-09-24,2026-09-24,READY_INCREMENTAL,,sina_public_snapshot,2026-09-24,7.87,8.059973577214956,2.642278504438877e-05
920022.BJ,BSE,2025-09-19,False,False,2026-09-24,2026-09-24,READY_INCREMENTAL,,sina_public_snapshot,2026-09-24,19.0,19.47998687664042,1.3123359579481075e-05
920023.BJ,BSE,2023-02-02,True,False,2026-09-24,2026-09-24,READY_INCREMENTAL,,sina_public_snapshot,2026-09-24,1.42,1.4400016225370391,1.622537039391858e-06
920025.BJ,BSE,2026-09-23,False,False,2026-09-24,2026-09-24,READY_INCREMENTAL,,sina_public_snapshot,2026-09-24,20.3,29.000000000000004,3.552713678800501e-15
920026.BJ,BSE,2023-10-19,False,False,2026-09-24,2026-09-24,READY_INCREMENTAL,,sina_public_snapshot,2026-09-24,17.17,18.89990863759948,9.136240051788036e-05
920027.BJ,BSE,2025-06-10,False,False,2026-09-24,2026-09-24,READY_INCREMENTAL,,sina_public_snapshot,2026-09-24,11.47,11.55004178960194,4.178960194067827e-05
920028.BJ,BSE,2026-03-20,False,False,2026-09-24,2026-09-24,READY_INCREMENTAL,,sina_public_snapshot,2026-09-24,15.16,15.600078206196812,7.820619681275787e-05
920029.BJ,BSE,2025-03-28,False,False,2026-09-24,2026-09-24,READY_INCREMENTAL,,sina_public_snapshot,2026-09-24,32.43,32.49987473067094,0.0001252693290609
920030.BJ,BSE,2020-11-27,False,False,2026-09-24,2026-09-24,READY_INCREMENTAL,,sina_public_snapshot,2026-09-24,4.75,4.880003287581162,3.287581161970365e-06
920033.BJ,BSE,2022-12-21,False,False,2026-09-24,2026-09-24,READY_INCREMENTAL,,sina_public_snapshot,2026-09-24,13.12,13.469949282355598,5.071764440245374e-05
920035.BJ,BSE,2025-12-02,False,False,2026-09-24,2026-09-24,READY_INCREMENTAL,,sina_public_snapshot,2026-09-24,23.86,24.65003357611447,3.3576114471856044e-05
920036.BJ,BSE,2026-03-09,False,False,2026-09-24,2026-09-24,READY_INCREMENTAL,,sina_public_snapshot,2026-09-24,31.57,32.51990646792818,9.353207182272172e-05
920037.BJ,BSE,2025-06-26,False,False,2026-09-24,2026-09-24,READY_INCREMENTAL,,sina_public_snapshot,2026-09-24,38.41,39.40982731908519,0.0001726809148081
920038.BJ,BSE,2026-08-05,False,False,2026-09-24,2026-09-24,READY_INCREMENTAL,,sina_public_snapshot,2026-09-24,36.43,37.75012175787281,0.0001217578728116
920039.BJ,BSE,2021-08-18,False,False,2026-09-24,2026-09-24,READY_INCREMENTAL,,sina_public_snapshot,2026-09-24,7.59,7.840018179752301,1.8179752300895306e-05
920045.BJ,BSE,2025-12-31,False,False,2026-09-24,2026-09-24,READY_INCREMENTAL,,sina_public_snapshot,2026-09-24,542.6,559.8027381431386,0.0027381431386857
920046.BJ,BSE,2022-10-13,False,False,2026-09-24,2026-09-24,READY_INCREMENTAL,,sina_public_snapshot,2026-09-24,19.51,19.79002890906325,2.890906324637399e-05
920047.BJ,BSE,2020-11-24,False,False,2026-09-24,2026-09-24,READY_INCREMENTAL,,sina_public_snapshot,2026-09-24,15.3,15.749976838269356,2.3161730643650454e-05
920050.BJ,BSE,2026-01-21,False,False,2026-09-24,2026-09-24,READY_INCREMENTAL,,sina_public_snapshot,2026-09-24,27.82,28.4600669046864,6.690468639547476e-05
920055.BJ,BSE,2026-03-31,False,False,2026-09-24,2026-09-24,READY_INCREMENTAL,,sina_public_snapshot,2026-09-24,25.2,25.63998209271092,1.7907289084462263e-05
920056.BJ,BSE,2025-08-22,False,False,2026-09-24,2026-09-24,READY_INCREMENTAL,,sina_public_snapshot,2026-09-24,14.08,14.399967272801652,3.272719834690463e-05
920057.BJ,BSE,2023-03-14,False,False,2026-09-24,2026-09-24,READY_INCREMENTAL,,sina_public_snapshot,2026-09-24,4.77,4.819983226054181,1.6773945819004155e-05
920058.BJ,BSE,2023-08-10,False,False,2026-09-24,2026-09-24,READY_INCREMENTAL,,sina_public_snapshot,2026-09-24,23.29,23.339947487623515,5.251237648451479e-05
920059.BJ,BSE,2026-08-19,False,False,2026-09-24,2026-09-24,READY_INCREMENTAL,,sina_public_snapshot,2026-09-24,12.39,12.710038776389489,3.877638948601714e-05
920060.BJ,BSE,2024-11-19,False,False,2026-09-24,2026-09-24,READY_INCREMENTAL,,sina_public_snapshot,2026-09-24,30.22,31.8001494249245,0.0001494249244977
920061.BJ,BSE,2023-12-21,False,False,2026-09-24,2026-09-24,READY_INCREMENTAL,,sina_public_snapshot,2026-09-24,17.28,17.30006807897161,6.807897160854282e-05
920062.BJ,BSE,2022-07-13,False,False,2026-09-24,2026-09-24,READY_INCREMENTAL,,sina_public_snapshot,2026-09-24,7.06,7.250023105597715,2.3105597715122883e-05
920065.BJ,BSE,2026-07-29,False,False,2026-09-24,2026-09-24,READY_INCREMENTAL,,sina_public_snapshot,2026-09-24,36.74,37.719964682450055,3.531754994412495e-05
920066.BJ,BSE,2024-10-31,False,False,2026-09-24,2026-09-24,READY_INCREMENTAL,,sina_public_snapshot,2026-09-24,18.07,18.739953331604877,4.6668395125237794e-05
920068.BJ,BSE,2025-05-13,False,False,2026-09-24,2026-09-24,READY_INCREMENTAL,,sina_public_snapshot,2026-09-24,15.5,15.599995974194588,4.025805411700389e-06
920069.BJ,BSE,2026-03-27,False,False,2026-09-24,2026-09-24,READY_INCREMENTAL,,sina_public_snapshot,2026-09-24,31.55,32.099870786574016,0.0001292134259855
920071.BJ,BSE,2026-09-03,False,False,2026-09-24,2026-09-24,READY_INCREMENTAL,,sina_public_snapshot,2026-09-24,27.4,28.35000879471076,8.7947107552111e-06
920072.BJ,BSE,2026-06-29,False,False,2026-09-24,2026-09-24,READY_INCREMENTAL,,sina_public_snapshot,2026-09-24,23.11,23.82990131884222,9.8681157776781e-05
920075.BJ,BSE,2022-12-14,False,False,2026-09-24,2026-09-24,READY_INCREMENTAL,,sina_public_snapshot,2026-09-24,16.01,16.840045860462183,4.586046218335582e-05
920076.BJ,BSE,2026-01-22,False,False,2026-09-24,2026-09-24,READY_INCREMENTAL,,sina_public_snapshot,2026-09-24,12.59,12.59,0.0
920077.BJ,BSE,2021-08-31,False,False,2026-09-24,2026-09-24,READY_INCREMENTAL,,sina_public_snapshot,2026-09-24,13.15,13.189965595755138,3.440424486100824e-05
920078.BJ,BSE,2026-03-18,False,False,2026-09-24,2026-09-24,READY_INCREMENTAL,,sina_public_snapshot,2026-09-24,18.43,18.87990821270885,9.178729114722728e-05
920079.BJ,BSE,2026-07-22,False,False,2026-09-24,2026-09-24,READY_INCREMENTAL,,sina_public_snapshot,2026-09-24,12.71,12.929938249626142,6.175037385780513e-05
920080.BJ,BSE,2025-10-10,False,False,2026-09-24,2026-09-24,READY_INCREMENTAL,,sina_public_snapshot,2026-09-24,20.12,20.500071322315733,7.132231573336867e-05
920081.BJ,BSE,2026-07-10,False,False,2026-09-24,2026-09-24,READY_INCREMENTAL,,sina_public_snapshot,2026-09-24,41.11,42.54020157701939,0.0002015770193892
920082.BJ,BSE,2024-12-26,False,False,2026-09-24,2026-09-24,READY_INCREMENTAL,,sina_public_snapshot,2026-09-24,7.83,7.8899637243047165,3.627569528319441e-05
920083.BJ,BSE,2026-06-11,False,False,2026-09-24,2026-09-24,READY_INCREMENTAL,,sina_public_snapshot,2026-09-24,47.19,48.100053002813226,5.300281322462297e-05
920086.BJ,BSE,2026-01-16,False,False,2026-09-24,2026-09-24,READY_INCREMENTAL,,sina_public_snapshot,2026-09-24,19.74,20.239926176561056,7.382343894235532e-05
920087.BJ,BSE,2022-12-07,False,False,2026-09-24,2026-09-24,READY_INCREMENTAL,,sina_public_snapshot,2026-09-24,14.91,15.669994745139254,5.254860745651513e-06
920088.BJ,BSE,2024-10-29,False,False,2026-09-24,2026-09-24,READY_INCREMENTAL,,sina_public_snapshot,2026-09-24,40.97,40.76982018290195,0.0001798170980507
920089.BJ,BSE,2021-11-09,False,False,2026-09-24,2026-09-24,READY_INCREMENTAL,,sina_public_snapshot,2026-09-24,10.09,10.25000253964384,2.5396438410041355e-06
920090.BJ,BSE,2021-08-09,True,False,2026-09-24,2026-09-24,READY_INCREMENTAL,,sina_public_snapshot,2026-09-24,3.34,3.410007453010301,7.4530103013614735e-06
920091.BJ,BSE,2025-11-21,False,False,2026-09-24,2026-09-24,READY_INCREMENTAL,,sina_public_snapshot,2026-09-24,27.4,27.96003959304877,3.959304876488545e-05
920092.BJ,BSE,2021-11-15,False,False,2026-09-24,2026-09-24,READY_INCREMENTAL,,sina_public_snapshot,2026-09-24,24.58,25.100073523404948,7.352340494648502e-05
920093.BJ,BSE,2026-08-21,False,False,2026-09-24,2026-09-24,READY_INCREMENTAL,,sina_public_snapshot,2026-09-24,19.08,19.46005487164319,5.487164319006865e-05
920096.BJ,BSE,2026-05-18,False,False,2026-09-24,2026-09-24,READY_INCREMENTAL,,sina_public_snapshot,2026-09-24,30.5,31.530087974114316,8.79741143116064e-05
920098.BJ,BSE,2024-12-05,False,False,2026-09-24,2026-09-24,READY_INCREMENTAL,,sina_public_snapshot,2026-09-24,17.89,18.400049368494678,4.936849467540583e-05
920099.BJ,BSE,2024-09-25,False,False,2026-09-24,2026-09-24,READY_INCREMENTAL,,sina_public_snapshot,2026-09-24,16.68,16.80994084271418,5.915728581840085e-05
920100.BJ,BSE,2025-09-08,False,False,2026-09-24,2026-09-24,READY_INCREMENTAL,,sina_public_snapshot,2026-09-24,29.93,30.63992711116571,7.288883428913095e-05
920101.BJ,BSE,2025-08-14,False,False,2026-09-24,2026-09-24,READY_INCREMENTAL,,sina_public_snapshot,2026-09-24,16.05,16.179924796112786,7.520388721360405e-05
920106.BJ,BSE,2024-12-18,False,False,2026-09-24,2026-09-24,READY_INCREMENTAL,,sina_public_snapshot,2026-09-24,34.17,35.41997076841746,2.923158254475311e-05
920107.BJ,BSE,2026-08-17,False,False,2026-09-24,2026-09-24,READY_INCREMENTAL,,sina_public_snapshot,2026-09-24,19.43,20.01009258401046,9.258401045997287e-05
920108.BJ,BSE,2025-02-06,False,False,2026-09-24,2026-09-24,READY_INCREMENTAL,,sina_public_snapshot,2026-09-24,8.52,8.640009735222236,9.73522223546297e-06
920110.BJ,BSE,2022-12-06,False,False,2026-09-24,2026-09-24,READY_INCREMENTAL,,sina_public_snapshot,2026-09-24,25.32,25.89989873262344,0.0001012673765572
920111.BJ,BSE,2024-11-11,False,False,2026-09-24,2026-09-24,READY_INCREMENTAL,,sina_public_snapshot,2026-09-24,25.67,26.720099927136467,9.992713646767017e-05
920112.BJ,BSE,2025-08-28,False,False,2026-09-24,2026-09-24,READY_INCREMENTAL,,sina_public_snapshot,2026-09-24,14.54,14.750040577828274,4.057782827437961e-05
920116.BJ,BSE,2025-01-02,False,False,2026-09-24,2026-09-24,READY_INCREMENTAL,,sina_public_snapshot,2026-09-24,44.08,44.59011086833374,0.0001108683337349
920117.BJ,BSE,2026-07-16,False,False,2026-09-24,2026-09-24,READY_INCREMENTAL,,sina_public_snapshot,2026-09-24,28.58,30.03015624507465,0.000156245074649
920118.BJ,BSE,2024-08-22,False,False,2026-09-24,2026-09-24,READY_INCREMENTAL,,sina_public_snapshot,2026-09-24,20.16,20.65002509551661,2.5095516612339e-05
920119.BJ,BSE,2026-01-30,False,False,2026-09-24,2026-09-24,READY_INCREMENTAL,,sina_public_snapshot,2026-09-24,52.83,55.19972415810756,0.0002758418924457
920121.BJ,BSE,2025-12-25,False,False,2026-09-24,2026-09-24,READY_INCREMENTAL,,sina_public_snapshot,2026-09-24,27.38,27.780032467532465,3.2467532463442694e-05
920122.BJ,BSE,2022-09-27,False,False,2026-09-24,2026-09-24,READY_INCREMENTAL,,sina_public_snapshot,2026-09-24,24.2,23.949962392621035,3.760737896385536e-05
920123.BJ,BSE,2024-03-29,False,False,2026-09-24,2026-09-24,READY_INCREMENTAL,,sina_public_snapshot,2026-09-24,10.93,10.960030483524855,3.048352485635064e-05
920124.BJ,BSE,2025-11-27,False,False,2026-09-24,2026-09-24,READY_INCREMENTAL,,sina_public_snapshot,2026-09-24,12.23,12.310015098137896,1.5098137895463992e-05
920125.BJ,BSE,2026-04-24,False,False,2026-09-24,2026-09-24,READY_INCREMENTAL,,sina_public_snapshot,2026-09-24,146.83,151.8595896078107,0.000410392189309
920126.BJ,BSE,2026-06-15,False,False,2026-09-24,2026-09-24,READY_INCREMENTAL,,sina_public_snapshot,2026-09-24,9.86,10.040017514026497,1.7514026495746293e-05
920128.BJ,BSE,2024-11-29,False,False,2026-09-24,2026-09-24,READY_INCREMENTAL,,sina_public_snapshot,2026-09-24,19.06,19.909956022605005,4.397739499495401e-05
920130.BJ,BSE,2023-11-02,False,False,2026-09-24,2026-09-24,READY_INCREMENTAL,,sina_public_snapshot,2026-09-24,16.44,17.350007915149597,7.915149595305593e-06
920132.BJ,BSE,2023-11-16,False,False,2026-09-24,2026-09-24,READY_INCREMENTAL,,sina_public_snapshot,2026-09-24,9.07,9.220009555467456,9.555467455513169e-06
920136.BJ,BSE,2026-07-09,False,False,2026-09-24,2026-09-24,READY_INCREMENTAL,,sina_public_snapshot,2026-09-24,21.34,21.7899627303824,3.7269617603641336e-05
920138.BJ,BSE,2026-08-12,False,False,2026-09-24,2026-09-24,READY_INCREMENTAL,,sina_public_snapshot,2026-09-24,35.64,37.34987738676616,0.0001226132338416
920139.BJ,BSE,2022-10-28,False,False,2026-09-24,2026-09-24,READY_INCREMENTAL,,sina_public_snapshot,2026-09-24,15.29,15.689936480898092,6.351910190716126e-05
920145.BJ,BSE,2021-11-15,False,False,2026-09-24,2026-09-24,READY_INCREMENTAL,,sina_public_snapshot,2026-09-24,9.57,10.100050658561296,5.065856129782276e-05
920146.BJ,BSE,2021-07-20,False,False,2026-09-24,2026-09-24,READY_INCREMENTAL,,sina_public_snapshot,2026-09-24,5.83,5.380015503303681,1.5503303680830527e-05
920149.BJ,BSE,2020-07-27,False,False,2026-09-24,2026-09-24,READY_INCREMENTAL,,sina_public_snapshot,2026-09-24,8.41,8.789991324978836,8.67502116363994e-06
920152.BJ,BSE,2022-09-01,False,False,2026-09-24,2026-09-24,READY_INCREMENTAL,,sina_public_snapshot,2026-09-24,11.93,12.07001214083367,1.2140833669960216e-05
920156.BJ,BSE,2026-04-27,False,False,2026-09-24,2026-09-24,READY_INCREMENTAL,,sina_public_snapshot,2026-09-24,35.75,36.88989784335982,0.0001021566401817
920158.BJ,BSE,2025-10-16,False,False,2026-09-24,2026-09-24,READY_INCREMENTAL,,sina_public_snapshot,2026-09-24,7.85,7.910037182212996,3.7182212995645614e-05
920159.BJ,BSE,2026-01-28,False,False,2026-09-24,2026-09-24,READY_INCREMENTAL,,sina_public_snapshot,2026-09-24,28.33,29.390100940939693,0.0001009409396921
920160.BJ,BSE,2025-11-18,False,False,2026-09-24,2026-09-24,READY_INCREMENTAL,,sina_public_snapshot,2026-09-24,18.91,19.060002217451345,2.217451346098187e-06
920161.BJ,BSE,2026-05-27,False,False,2026-09-24,2026-09-24,READY_INCREMENTAL,,sina_public_snapshot,2026-09-24,20.44,21.45999349060863,6.50939137258888e-06
920163.BJ,BSE,2020-07-27,False,False,2026-09-24,2026-09-24,READY_INCREMENTAL,,sina_public_snapshot,2026-09-24,9.62,9.919980201286917,1.97987130832189e-05
920165.BJ,BSE,2026-08-11,False,False,2026-09-24,2026-09-24,REPAIRED_FULL_HISTORY,QFQ_CONTINUITY_BREAK,sina_daily,2026-09-24,33.56,34.66011195340095,0.6198880465990513
920166.BJ,BSE,2026-02-12,False,False,2026-09-24,2026-09-24,READY_INCREMENTAL,,sina_public_snapshot,2026-09-24,19.48,19.81003518620213,3.518620212972223e-05
920167.BJ,BSE,2020-07-27,False,False,2026-09-24,2026-09-24,READY_INCREMENTAL,,sina_public_snapshot,2026-09-24,13.44,13.750063941889607,6.394188960889835e-05
920168.BJ,BSE,2026-02-26,False,False,2026-09-24,2026-09-24,READY_INCREMENTAL,,sina_public_snapshot,2026-09-24,15.13,15.369924521785066,7.547821493325557e-05
920169.BJ,BSE,2022-04-15,False,False,2026-09-24,2026-09-24,READY_INCREMENTAL,,sina_public_snapshot,2026-09-24,20.48,21.059992184768525,7.815231473529138e-06
920171.BJ,BSE,2021-11-15,False,False,2026-09-24,2026-09-24,READY_INCREMENTAL,,sina_public_snapshot,2026-09-24,15.64,16.009990889455313,9.11054468843986e-06
920174.BJ,BSE,2021-08-20,False,False,2026-09-24,2026-09-24,READY_INCREMENTAL,,sina_public_snapshot,2026-09-24,31.16,31.719855448669005,0.0001445513309938
920175.BJ,BSE,2023-06-30,False,False,2026-09-24,2026-09-24,READY_INCREMENTAL,,sina_public_snapshot,2026-09-24,7.64,7.689984901862103,1.5098137897240347e-05
920176.BJ,BSE,2026-07-27,False,False,2026-09-24,2026-09-24,READY_INCREMENTAL,,sina_public_snapshot,2026-09-24,61.23,63.710239628747125,0.0002396287471242
920177.BJ,BSE,2026-04-16,False,False,2026-09-24,2026-09-24,READY_INCREMENTAL,,sina_public_snapshot,2026-09-24,22.91,23.24000811523636,8.115236358463562e-06
920178.BJ,BSE,2026-05-15,False,False,2026-09-24,2026-09-24,READY_INCREMENTAL,,sina_public_snapshot,2026-09-24,87.56,92.43014430334316,0.0001443033431485
920179.BJ,BSE,2022-03-04,False,False,2026-09-24,2026-09-24,READY_INCREMENTAL,,sina_public_snapshot,2026-09-24,57.4,59.74996616944424,3.3830555757674574e-05
920180.BJ,BSE,2026-02-10,False,False,2026-09-24,2026-09-24,READY_INCREMENTAL,,sina_public_snapshot,2026-09-24,11.74,11.799943714067462,5.62859325388132e-05
920181.BJ,BSE,2026-04-10,False,False,2026-09-24,2026-09-24,READY_INCREMENTAL,,sina_public_snapshot,2026-09-24,70.24,73.62992159000376,7.840999623454081e-05
920183.BJ,BSE,2026-03-04,False,False,2026-09-24,2026-09-24,READY_INCREMENTAL,,sina_public_snapshot,2026-09-24,28.77,29.72015330103406,0.0001533010340608
920184.BJ,BSE,2020-07-27,False,False,2026-09-24,2026-09-24,READY_INCREMENTAL,,sina_public_snapshot,2026-09-24,11.23,11.46000224505832,2.245058320582416e-06
920185.BJ,BSE,2020-07-27,False,False,2026-09-24,2026-09-24,READY_INCREMENTAL,,sina_public_snapshot,2026-09-24,19.94,20.37001093074809,1.0930748093329612e-05
920186.BJ,BSE,2026-04-29,False,False,2026-09-24,2026-09-24,READY_INCREMENTAL,,sina_public_snapshot,2026-09-24,70.02,72.80024121188175,0.0002412118817574
920187.BJ,BSE,2026-03-05,False,False,2026-09-24,2026-09-24,READY_INCREMENTAL,,sina_public_snapshot,2026-09-24,17.05,17.33005366726297,5.36672629714019e-05
920188.BJ,BSE,2026-03-30,False,False,2026-09-24,2026-09-24,READY_INCREMENTAL,,sina_public_snapshot,2026-09-24,21.32,21.89001601708489,1.601708488863096e-05
920189.BJ,BSE,2026-07-08,False,False,2026-09-24,2026-09-24,REPAIRED_FULL_HISTORY,QFQ_CONTINUITY_BREAK,sina_daily,2026-09-24,20.37,21.67989952957705,0.1401004704229542
920190.BJ,BSE,2022-12-23,False,False,2026-09-24,2026-09-24,READY_INCREMENTAL,,sina_public_snapshot,2026-09-24,23.4,24.329888332050988,0.0001116679490102
920191.BJ,BSE,2026-04-20,False,False,2026-09-24,2026-09-24,READY_INCREMENTAL,,sina_public_snapshot,2026-09-24,8.71,8.77997641200367,2.3587996329510474e-05
920193.BJ,BSE,2026-07-02,False,False,2026-09-24,2026-09-24,READY_INCREMENTAL,,sina_public_snapshot,2026-09-24,29.91,31.380160520379796,0.0001605203797936
920195.BJ,BSE,2022-12-30,False,False,2026-09-24,2026-09-24,READY_INCREMENTAL,,sina_public_snapshot,2026-09-24,12.68,12.779939123949283,6.087605071591895e-05
920198.BJ,BSE,2020-07-27,False,False,2026-09-24,2026-09-24,READY_INCREMENTAL,,sina_public_snapshot,2026-09-24,7.92,8.209976365219555,2.3634780445647152e-05
920199.BJ,BSE,2022-12-01,False,False,2026-09-24,2026-09-24,READY_INCREMENTAL,,sina_public_snapshot,2026-09-24,23.56,24.32,0.0
920200.BJ,BSE,2026-05-07,False,False,2026-09-24,2026-09-24,READY_INCREMENTAL,,sina_public_snapshot,2026-09-24,33.1,30.04011398907302,0.0001139890730215
920201.BJ,BSE,2026-09-24,False,False,2026-09-24,2026-09-24,REPAIRED_FULL_HISTORY,NO_ACCEPTED_PRIOR_HISTORY,sina_daily,2026-09-24,72.35,,
920204.BJ,BSE,2022-01-18,False,False,2026-09-24,2026-09-24,READY_INCREMENTAL,,sina_public_snapshot,2026-09-24,12.93,13.260042456748469,4.2456748468922e-05
920206.BJ,BSE,2026-06-08,False,False,2026-09-24,2026-09-24,READY_INCREMENTAL,,sina_public_snapshot,2026-09-24,38.13,39.839929786433736,7.021356626779607e-05
920207.BJ,BSE,2022-09-23,False,False,2026-09-24,2026-09-24,READY_INCREMENTAL,,sina_public_snapshot,2026-09-24,21.32,22.57996187248464,3.812751535647863e-05
920208.BJ,BSE,2023-06-29,False,False,2026-09-24,2026-09-24,READY_INCREMENTAL,,sina_public_snapshot,2026-09-24,10.64,10.890035208384507,3.5208384508322865e-05
920211.BJ,BSE,2026-06-05,False,False,2026-09-24,2026-09-24,READY_INCREMENTAL,,sina_public_snapshot,2026-09-24,95.0,94.5301849806462,0.0001849806461962
920212.BJ,BSE,2021-06-08,False,False,2026-09-24,2026-09-24,READY_INCREMENTAL,,sina_public_snapshot,2026-09-24,10.23,10.589952484963923,4.7515036076362094e-05
920218.BJ,BSE,2026-05-29,False,False,2026-09-24,2026-09-24,READY_INCREMENTAL,,sina_public_snapshot,2026-09-24,14.71,15.10003387499102,3.387499102025515e-05
920220.BJ,BSE,2026-05-22,False,False,2026-09-24,2026-09-24,READY_INCREMENTAL,,sina_public_snapshot,2026-09-24,40.5,41.73020648724395,0.0002064872439504
920221.BJ,BSE,2023-06-08,False,False,2026-09-24,2026-09-24,READY_INCREMENTAL,,sina_public_snapshot,2026-09-24,12.44,12.5,0.0
920222.BJ,BSE,2026-06-30,False,False,2026-09-24,2026-09-24,READY_INCREMENTAL,,sina_public_snapshot,2026-09-24,24.94,26.249868434901597,0.0001315650984068
920223.BJ,BSE,2022-06-09,False,False,2026-09-24,2026-09-24,READY_INCREMENTAL,,sina_public_snapshot,2026-09-24,13.0,13.88992766553054,7.233446945953403e-05
920225.BJ,BSE,2021-02-25,False,False,2026-09-24,2026-09-24,READY_INCREMENTAL,,sina_public_snapshot,2026-09-24,15.85,16.79007637630957,7.637630957191277e-05
920227.BJ,BSE,2022-12-28,False,False,2026-09-24,2026-09-24,READY_INCREMENTAL,,sina_public_snapshot,2026-09-24,50.39,51.79999588807336,4.111926635630425e-06
920229.BJ,BSE,2026-09-22,False,False,2026-09-24,2026-09-24,READY_INCREMENTAL,,sina_public_snapshot,2026-09-24,64.68,92.40000000000002,1.4210854715202004e-14
920230.BJ,BSE,2022-12-09,False,False,2026-09-24,2026-09-24,READY_INCREMENTAL,,sina_public_snapshot,2026-09-24,11.05,10.999950226469563,4.977353043678079e-05
920237.BJ,BSE,2022-11-25,False,False,2026-09-24,2026-09-24,READY_INCREMENTAL,,sina_public_snapshot,2026-09-24,10.86,11.130014143111891,1.4143111892295224e-05
920238.BJ,BSE,2026-07-24,False,False,2026-09-24,2026-09-24,READY_INCREMENTAL,,sina_public_snapshot,2026-09-24,64.09,66.10010416774101,0.0001041677410142
920239.BJ,BSE,2021-02-09,False,False,2026-09-24,2026-09-24,READY_INCREMENTAL,,sina_public_snapshot,2026-09-24,19.93,20.310000101906677,1.0190667509846209e-07
920242.BJ,BSE,2020-07-27,False,False,2026-09-24,2026-09-24,READY_INCREMENTAL,,sina_public_snapshot,2026-09-24,13.73,13.880043267724098,4.3267724096907045e-05
920245.BJ,BSE,2022-01-06,False,False,2026-09-24,2026-09-24,READY_INCREMENTAL,,sina_public_snapshot,2026-09-24,13.4,13.680030218574217,3.021857421536822e-05
920247.BJ,BSE,2022-12-23,False,False,2026-09-24,2026-09-24,READY_INCREMENTAL,,sina_public_snapshot,2026-09-24,14.52,14.779979845482028,2.015451797099388e-05
920249.BJ,BSE,2023-02-17,False,False,2026-09-24,2026-09-24,READY_INCREMENTAL,,sina_public_snapshot,2026-09-24,8.9,9.10998515788935,1.4842110649837537e-05
920252.BJ,BSE,2023-01-19,False,False,2026-09-24,2026-09-24,READY_INCREMENTAL,,sina_public_snapshot,2026-09-24,14.35,14.68000654718062,6.54718062165216e-06
920258.BJ,BSE,2026-08-03,False,False,2026-09-24,2026-09-24,READY_INCREMENTAL,,sina_public_snapshot,2026-09-24,10.1,10.189977501336804,2.2498663195591465e-05
920260.BJ,BSE,2021-11-15,False,False,2026-09-24,2026-09-24,READY_INCREMENTAL,,sina_public_snapshot,2026-09-24,8.2,8.290029722789493,2.972278949364693e-05
920261.BJ,BSE,2023-04-03,False,False,2026-09-24,2026-09-24,READY_INCREMENTAL,,sina_public_snapshot,2026-09-24,13.27,13.329984932194876,1.5067805124502344e-05
920262.BJ,BSE,2022-12-30,False,False,2026-09-24,2026-09-24,READY_INCREMENTAL,,sina_public_snapshot,2026-09-24,14.3,14.360024904099134,2.490409913491476e-05
920263.BJ,BSE,2020-07-27,False,False,2026-09-24,2026-09-24,READY_INCREMENTAL,,sina_public_snapshot,2026-09-24,6.26,6.3599788678018445,2.113219815580436e-05
920266.BJ,BSE,2020-07-27,False,False,2026-09-24,2026-09-24,READY_INCREMENTAL,,sina_public_snapshot,2026-09-24,7.12,7.2099805573558,1.9442644199507697e-05
920267.BJ,BSE,2022-05-27,False,False,2026-09-24,2026-09-24,READY_INCREMENTAL,,sina_public_snapshot,2026-09-24,15.71,16.190034523625496,3.4523625494387034e-05
920268.BJ,BSE,2026-09-09,False,False,2026-09-24,2026-09-24,READY_INCREMENTAL,,sina_public_snapshot,2026-09-24,32.79,36.19005573643838,5.5736438383746645e-05
920269.BJ,BSE,2026-09-07,False,False,2026-09-24,2026-09-24,READY_INCREMENTAL,,sina_public_snapshot,2026-09-24,33.93,34.90992149640406,7.850359593675194e-05
920270.BJ,BSE,2022-09-02,False,False,2026-09-24,2026-09-24,READY_INCREMENTAL,,sina_public_snapshot,2026-09-24,11.1,11.290010883163644,1.0883163644948011e-05
920271.BJ,BSE,2022-06-02,False,False,2026-09-24,2026-09-24,READY_INCREMENTAL,,sina_public_snapshot,2026-09-24,8.96,9.13000061138397,6.113839692289957e-07
920273.BJ,BSE,2023-02-21,False,False,2026-09-24,2026-09-24,READY_INCREMENTAL,,sina_public_snapshot,2026-09-24,17.5,17.830033928007417,3.392800741863766e-05
920274.BJ,BSE,2023-08-18,False,False,2026-09-24,2026-09-24,READY_INCREMENTAL,,sina_public_snapshot,2026-09-24,15.15,15.439962495668658,3.750433134186437e-05
920275.BJ,BSE,2021-01-25,False,False,2026-09-24,2026-09-24,READY_INCREMENTAL,,sina_public_snapshot,2026-09-24,6.61,6.650033199863177,3.319986317684709e-05
920278.BJ,BSE,2020-07-27,False,False,2026-09-24,2026-09-24,READY_INCREMENTAL,,sina_public_snapshot,2026-09-24,6.23,6.370012883172124,1.2883172123778763e-05
920284.BJ,BSE,2023-12-19,False,False,2026-09-24,2026-09-24,READY_INCREMENTAL,,sina_public_snapshot,2026-09-24,15.88,16.4200556296595,5.562965949934551e-05
920288.BJ,BSE,2026-08-28,False,False,2026-09-24,2026-09-24,READY_INCREMENTAL,,sina_public_snapshot,2026-09-24,18.17,18.93990722885287,9.2771147130577e-05
920289.BJ,BSE,2026-09-04,False,False,2026-09-24,2026-09-24,READY_INCREMENTAL,,sina_public_snapshot,2026-09-24,27.5,28.21004687996881,4.687996881358458e-05
920298.BJ,BSE,2026-09-16,False,False,2026-09-24,2026-09-24,READY_INCREMENTAL,,sina_public_snapshot,2026-09-24,87.88,89.2998678996037,0.0001321003962999
920299.BJ,BSE,2022-06-10,False,False,2026-09-24,2026-09-24,READY_INCREMENTAL,,sina_public_snapshot,2026-09-24,13.69,13.69,0.0
920300.BJ,BSE,2022-12-07,False,False,2026-09-24,2026-09-24,READY_INCREMENTAL,,sina_public_snapshot,2026-09-24,9.61,9.88998548919923,1.451080077075062e-05
920304.BJ,BSE,2023-04-18,False,False,2026-09-24,2026-09-24,READY_INCREMENTAL,,sina_public_snapshot,2026-09-24,8.93,9.110013874153267,1.3874153268034206e-05
920339.BJ,BSE,2022-11-17,False,False,2026-09-24,2026-09-24,READY_INCREMENTAL,,sina_public_snapshot,2026-09-24,10.56,10.79004373237422,4.373237421972931e-05
920344.BJ,BSE,2021-01-08,False,False,2026-09-24,2026-09-24,READY_INCREMENTAL,,sina_public_snapshot,2026-09-24,21.85,21.149937082567035,6.291743296316099e-05
920346.BJ,BSE,2022-02-23,False,False,2026-09-24,2026-09-24,READY_INCREMENTAL,,sina_public_snapshot,2026-09-24,15.77,16.300078554595444,7.855459544359178e-05
920351.BJ,BSE,2022-12-29,False,False,2026-09-24,2026-09-24,READY_INCREMENTAL,,sina_public_snapshot,2026-09-24,13.1,12.820010960620056,1.096062005601084e-05
920357.BJ,BSE,2022-11-18,False,False,2026-09-24,2026-09-24,READY_INCREMENTAL,,sina_public_snapshot,2026-09-24,15.31,16.189922275683394,7.772431660768575e-05
920363.BJ,BSE,2023-12-28,False,False,2026-09-24,2026-09-24,READY_INCREMENTAL,,sina_public_snapshot,2026-09-24,9.85,10.02004008016032,4.008016032130968e-05
920367.BJ,BSE,2023-02-09,False,False,2026-09-24,2026-09-24,READY_INCREMENTAL,,sina_public_snapshot,2026-09-24,26.51,27.58986741044481,0.0001325895551893
920368.BJ,BSE,2020-07-27,False,False,2026-09-24,2026-09-24,READY_INCREMENTAL,,sina_public_snapshot,2026-09-24,23.19,23.7600024589912,2.4589911973293965e-06
920370.BJ,BSE,2020-07-27,False,False,2026-09-24,2026-09-24,READY_INCREMENTAL,,sina_public_snapshot,2026-09-24,2.9,2.9,0.0
920371.BJ,BSE,2023-01-18,False,False,2026-09-24,2026-09-24,READY_INCREMENTAL,,sina_public_snapshot,2026-09-24,7.22,7.449980910713732,1.9089286268147987e-05
920374.BJ,BSE,2022-11-29,False,False,2026-09-24,2026-09-24,READY_INCREMENTAL,,sina_public_snapshot,2026-09-24,14.87,15.29001676040842,1.676040841935844e-05
920375.BJ,BSE,2023-12-14,False,False,2026-09-24,2026-09-24,READY_INCREMENTAL,,sina_public_snapshot,2026-09-24,6.31,6.409995936611133,4.06338886715929e-06
920378.BJ,BSE,2022-06-20,False,False,2026-09-24,2026-09-24,READY_INCREMENTAL,,sina_public_snapshot,2026-09-24,7.06,7.049989015597851,1.0984402148750403e-05
920392.BJ,BSE,2022-12-30,False,False,2026-09-24,2026-09-24,READY_INCREMENTAL,,sina_public_snapshot,2026-09-24,13.48,13.849931675040327,6.832495967223906e-05
920394.BJ,BSE,2023-04-25,False,False,2026-09-24,2026-09-24,READY_INCREMENTAL,,sina_public_snapshot,2026-09-24,49.72,50.93009915594526,9.915594525722328e-05
920395.BJ,BSE,2022-09-01,False,False,2026-09-24,2026-09-24,READY_INCREMENTAL,,sina_public_snapshot,2026-09-24,6.66,6.7200096865004495,9.68650044974595e-06
920396.BJ,BSE,2020-11-18,False,False,2026-09-24,2026-09-24,READY_INCREMENTAL,,sina_public_snapshot,2026-09-24,17.94,18.310046030271792,4.603027179328478e-05
920402.BJ,BSE,2022-09-28,False,False,2026-09-24,2026-09-24,READY_INCREMENTAL,,sina_public_snapshot,2026-09-24,8.28,8.420025016016352,2.501601635174211e-05
920403.BJ,BSE,2024-01-18,False,False,2026-09-24,2026-09-24,READY_INCREMENTAL,,sina_public_snapshot,2026-09-24,19.66,20.300060920833893,6.092083389219738e-05
920405.BJ,BSE,2021-11-05,False,False,2026-09-24,2026-09-24,READY_INCREMENTAL,,sina_public_snapshot,2026-09-24,16.4,16.559969303471533,3.069652846576787e-05
920407.BJ,BSE,2023-02-16,False,False,2026-09-24,2026-09-24,READY_INCREMENTAL,,sina_public_snapshot,2026-09-24,10.58,10.829955369938173,4.463006182753304e-05
920414.BJ,BSE,2022-12-12,False,False,2026-09-24,2026-09-24,READY_INCREMENTAL,,sina_public_snapshot,2026-09-24,7.85,7.9500111401429985,1.1140142998300462e-05
920415.BJ,BSE,2020-07-27,False,False,2026-09-24,2026-09-24,READY_INCREMENTAL,,sina_public_snapshot,2026-09-24,8.75,8.939974457215836,2.554278416333489e-05
920418.BJ,BSE,2020-07-27,False,False,2026-09-24,2026-09-24,READY_INCREMENTAL,,sina_public_snapshot,2026-09-24,17.97,17.66996401109166,3.598890834055624e-05
920419.BJ,BSE,2022-03-11,False,False,2026-09-24,2026-09-24,READY_INCREMENTAL,,sina_public_snapshot,2026-09-24,10.8,10.899952565021248,4.743497875381309e-05
920422.BJ,BSE,2023-03-01,False,False,2026-09-24,2026-09-24,READY_INCREMENTAL,,sina_public_snapshot,2026-09-24,9.26,9.409995325488282,4.674511718150143e-06
920425.BJ,BSE,2023-01-30,False,False,2026-09-24,2026-09-24,READY_INCREMENTAL,,sina_public_snapshot,2026-09-24,14.06,14.26006876476972,6.876476972017542e-05
920427.BJ,BSE,2021-02-05,False,False,2026-09-24,2026-09-24,READY_INCREMENTAL,,sina_public_snapshot,2026-09-24,10.3,11.820059674087677,5.967408767659777e-05
920429.BJ,BSE,2022-12-15,False,False,2026-09-24,2026-09-24,READY_INCREMENTAL,,sina_public_snapshot,2026-09-24,10.38,10.589999693930643,3.060693547496385e-07
920433.BJ,BSE,2020-07-27,False,False,2026-09-24,2026-09-24,READY_INCREMENTAL,,sina_public_snapshot,2026-09-24,4.67,4.740009946915948,9.946915947800504e-06
920436.BJ,BSE,2021-11-15,False,False,2026-09-24,2026-09-24,READY_INCREMENTAL,,sina_public_snapshot,2026-09-24,10.68,10.899961217366457,3.8782633545508816e-05
920438.BJ,BSE,2024-03-25,False,False,2026-09-24,2026-09-24,READY_INCREMENTAL,,sina_public_snapshot,2026-09-24,117.31,120.96059062506444,0.0005906250644471
920445.BJ,BSE,2020-07-27,False,False,2026-09-24,2026-09-24,READY_INCREMENTAL,,sina_public_snapshot,2026-09-24,8.03,7.099974358747645,2.5641252354269284e-05
920454.BJ,BSE,2021-11-15,False,False,2026-09-24,2026-09-24,READY_INCREMENTAL,,sina_public_snapshot,2026-09-24,11.47,11.47,0.0
920455.BJ,BSE,2023-06-21,False,False,2026-09-24,2026-09-24,READY_INCREMENTAL,,sina_public_snapshot,2026-09-24,6.58,6.570013579359374,1.3579359373849798e-05
920469.BJ,BSE,2023-09-18,False,False,2026-09-24,2026-09-24,READY_INCREMENTAL,,sina_public_snapshot,2026-09-24,5.79,5.850021217693536,2.1217693536357277e-05
920471.BJ,BSE,2023-05-25,False,False,2026-09-24,2026-09-24,READY_INCREMENTAL,,sina_public_snapshot,2026-09-24,11.32,11.679976887678244,2.311232175600253e-05
920475.BJ,BSE,2020-07-27,False,False,2026-09-24,2026-09-24,READY_INCREMENTAL,,sina_public_snapshot,2026-09-24,11.37,11.519990273359136,9.726640863405578e-06
920476.BJ,BSE,2022-10-14,False,False,2026-09-24,2026-09-24,READY_INCREMENTAL,,sina_public_snapshot,2026-09-24,22.95,23.63007351578427,7.351578427261529e-05
920478.BJ,BSE,2023-02-23,False,False,2026-09-24,2026-09-24,READY_INCREMENTAL,,sina_public_snapshot,2026-09-24,11.37,11.539983963786575,1.6036213423831214e-05
920489.BJ,BSE,2020-07-27,False,False,2026-09-24,2026-09-24,READY_INCREMENTAL,,sina_public_snapshot,2026-09-24,12.46,12.81998518396576,1.4816034241249554e-05
920491.BJ,BSE,2022-06-14,False,False,2026-09-24,2026-09-24,READY_INCREMENTAL,,sina_public_snapshot,2026-09-24,21.59,22.14995075508864,4.924491135938069e-05
920493.BJ,BSE,2023-11-01,False,False,2026-09-24,2026-09-24,READY_INCREMENTAL,,sina_public_snapshot,2026-09-24,110.68,115.15012796770635,0.0001279677063621
920496.BJ,BSE,2024-01-26,False,False,2026-09-24,2026-09-24,READY_INCREMENTAL,,sina_public_snapshot,2026-09-24,6.41,6.46000040312015,4.031201497056714e-07
920504.BJ,BSE,2023-08-17,False,False,2026-09-24,2026-09-24,READY_INCREMENTAL,,sina_public_snapshot,2026-09-24,18.15,18.55999018314569,9.816854312560965e-06
920505.BJ,BSE,2022-12-21,False,False,2026-09-24,2026-09-24,READY_INCREMENTAL,,sina_public_snapshot,2026-09-24,27.32,26.69011332551778,0.0001133255177769
920508.BJ,BSE,2020-07-27,False,False,2026-09-24,2026-09-24,READY_INCREMENTAL,,sina_public_snapshot,2026-09-24,14.5,14.799995917242503,4.082757495638134e-06
920509.BJ,BSE,2021-01-11,False,False,2026-09-24,2026-09-24,READY_INCREMENTAL,,sina_public_snapshot,2026-09-24,24.93,23.599909121890263,9.08781097379574e-05
920510.BJ,BSE,2020-12-28,False,False,2026-09-24,2026-09-24,READY_INCREMENTAL,,sina_public_snapshot,2026-09-24,21.01,20.26994433242323,5.56675767704462e-05
920519.BJ,BSE,2023-09-15,False,False,2026-09-24,2026-09-24,REPAIR_REQUIRED,QFQ_CONTINUITY_BREAK,sina_daily,2026-09-23 00:00:00,11.16,11.010047908586843,0.1499520914131551
920522.BJ,BSE,2023-11-16,False,False,2026-09-24,2026-09-24,READY_INCREMENTAL,,sina_public_snapshot,2026-09-24,17.25,17.609947323288008,5.267671199149504e-05
920523.BJ,BSE,2021-06-03,False,False,2026-09-24,2026-09-24,READY_INCREMENTAL,,sina_public_snapshot,2026-09-24,14.55,14.82999021526419,9.784735810924872e-06
920526.BJ,BSE,2022-12-22,False,False,2026-09-24,2026-09-24,READY_INCREMENTAL,,sina_public_snapshot,2026-09-24,22.69,23.51002984084881,2.9840848807083376e-05
920527.BJ,BSE,2022-10-27,False,False,2026-09-24,2026-09-24,READY_INCREMENTAL,,sina_public_snapshot,2026-09-24,14.93,15.589921371662472,7.862833752803056e-05
920533.BJ,BSE,2022-05-24,False,False,2026-09-24,2026-09-24,READY_INCREMENTAL,,sina_public_snapshot,2026-09-24,16.49,16.60992364874393,7.635125606952897e-05
920541.BJ,BSE,2023-03-10,False,False,2026-09-24,2026-09-24,READY_INCREMENTAL,,sina_public_snapshot,2026-09-24,9.44,9.579963263276468,3.6736723531660687e-05
920547.BJ,BSE,2023-12-12,False,False,2026-09-24,2026-09-24,READY_INCREMENTAL,,sina_public_snapshot,2026-09-24,18.72,19.04994504823544,5.495176456449258e-05
920553.BJ,BSE,2021-08-06,False,False,2026-09-24,2026-09-24,READY_INCREMENTAL,,sina_public_snapshot,2026-09-24,6.72,6.799967619201813,3.238079818679296e-05
920556.BJ,BSE,2023-03-17,False,False,2026-09-24,2026-09-24,READY_INCREMENTAL,,sina_public_snapshot,2026-09-24,6.55,6.6799926571073085,7.342892691220015e-06
920564.BJ,BSE,2022-06-17,False,False,2026-09-24,2026-09-24,READY_INCREMENTAL,,sina_public_snapshot,2026-09-24,13.76,14.009937281094729,6.271890527109747e-05
920566.BJ,BSE,2021-08-13,False,False,2026-09-24,2026-09-24,READY_INCREMENTAL,,sina_public_snapshot,2026-09-24,9.24,9.470026954730402,2.6954730401484998e-05
920570.BJ,BSE,2023-11-23,False,False,2026-09-24,2026-09-24,READY_INCREMENTAL,,sina_public_snapshot,2026-09-24,24.9,25.33990067573069,9.932426931413828e-05
920571.BJ,BSE,2022-12-15,False,False,2026-09-24,2026-09-24,READY_INCREMENTAL,,sina_public_snapshot,2026-09-24,9.53,8.840035248828904,3.524882890459935e-05
920575.BJ,BSE,2023-03-15,True,False,2026-09-24,2026-09-24,READY_INCREMENTAL,,sina_public_snapshot,2026-09-24,5.11,5.390011075365224,1.1075365224044733e-05
920576.BJ,BSE,2023-07-12,False,False,2026-09-24,2026-09-24,READY_INCREMENTAL,,sina_public_snapshot,2026-09-24,38.15,38.270168328551655,0.000168328551652
920578.BJ,BSE,2023-05-12,False,False,2026-09-24,2026-09-24,READY_INCREMENTAL,,sina_public_snapshot,2026-09-24,17.35,17.42002851462881,2.851462880926192e-05
920579.BJ,BSE,2023-11-30,False,False,2026-09-24,2026-09-24,READY_INCREMENTAL,,sina_public_snapshot,2026-09-24,13.9,14.159977181043969,2.281895603140072e-05
920580.BJ,BSE,2022-05-13,False,False,2026-09-24,2026-09-24,READY_INCREMENTAL,,sina_public_snapshot,2026-09-24,10.94,11.189984248102611,1.5751897388227576e-05
920592.BJ,BSE,2023-07-10,False,False,2026-09-24,2026-09-24,READY_INCREMENTAL,,sina_public_snapshot,2026-09-24,26.28,27.550057658035435,5.765803543411607e-05
920593.BJ,BSE,2023-04-13,False,False,2026-09-24,2026-09-24,READY_INCREMENTAL,,sina_public_snapshot,2026-09-24,23.33,23.380033271200368,3.327120036900055e-05
920599.BJ,BSE,2021-02-22,False,False,2026-09-24,2026-09-24,READY_INCREMENTAL,,sina_public_snapshot,2026-09-24,17.28,17.499974681749592,2.531825040819058e-05
920608.BJ,BSE,2022-12-16,False,False,2026-09-24,2026-09-24,READY_INCREMENTAL,,sina_public_snapshot,2026-09-24,13.61,13.84002115153857,2.1151538570407524e-05
920627.BJ,BSE,2023-09-07,False,False,2026-09-24,2026-09-24,READY_INCREMENTAL,,sina_public_snapshot,2026-09-24,13.13,13.420006336941302,6.336941302365062e-06
920634.BJ,BSE,2022-11-24,False,False,2026-09-24,2026-09-24,READY_INCREMENTAL,,sina_public_snapshot,2026-09-24,15.54,15.939932916884633,6.708311536662848e-05
920639.BJ,BSE,2022-07-12,False,False,2026-09-24,2026-09-24,READY_INCREMENTAL,,sina_public_snapshot,2026-09-24,5.96,6.030008397494916,8.397494915435288e-06
920640.BJ,BSE,2020-07-27,False,False,2026-09-24,2026-09-24,READY_INCREMENTAL,,sina_public_snapshot,2026-09-24,27.8,27.46004464726684,4.4647266836506105e-05
920641.BJ,BSE,2022-12-02,False,False,2026-09-24,2026-09-24,READY_INCREMENTAL,,sina_public_snapshot,2026-09-24,13.05,13.309943190510674,5.680948932607066e-05
920642.BJ,BSE,2021-08-16,False,False,2026-09-24,2026-09-24,READY_INCREMENTAL,,sina_public_snapshot,2026-09-24,9.74,9.90995574095742,4.425904258020808e-05
920651.BJ,BSE,2023-06-27,False,False,2026-09-24,2026-09-24,READY_INCREMENTAL,,sina_public_snapshot,2026-09-24,19.6,19.560097401301345,9.74013013461672e-05
920656.BJ,BSE,2024-02-02,False,False,2026-09-24,2026-09-24,READY_INCREMENTAL,,sina_public_snapshot,2026-09-24,14.61,14.98999640896732,3.5910326801058545e-06
920662.BJ,BSE,2022-11-28,False,False,2026-09-24,2026-09-24,READY_INCREMENTAL,,sina_public_snapshot,2026-09-24,18.37,19.05008814684227,8.81468422697651e-05
920663.BJ,BSE,2023-03-15,False,False,2026-09-24,2026-09-24,READY_INCREMENTAL,,sina_public_snapshot,2026-09-24,12.15,12.439975836754757,2.4163245244679388e-05
920665.BJ,BSE,2023-09-26,False,False,2026-09-24,2026-09-24,READY_INCREMENTAL,,sina_public_snapshot,2026-09-24,8.47,8.550028264556248,2.8264556247492575e-05
920670.BJ,BSE,2020-12-08,False,False,2026-09-24,2026-09-24,READY_INCREMENTAL,,sina_public_snapshot,2026-09-24,12.38,12.529983907371236,1.6092628763786365e-05
920675.BJ,BSE,2020-12-28,False,False,2026-09-24,2026-09-24,READY_INCREMENTAL,,sina_public_snapshot,2026-09-24,7.36,7.4299905106099455,9.48939005418481e-06
920679.BJ,BSE,2023-11-10,False,False,2026-09-24,2026-09-24,READY_INCREMENTAL,,sina_public_snapshot,2026-09-24,15.25,15.539975951250332,2.404874966721593e-05
920682.BJ,BSE,2020-07-27,False,False,2026-09-24,2026-09-24,READY_INCREMENTAL,,sina_public_snapshot,2026-09-24,5.77,5.82999060330804,9.396691960539272e-06
920685.BJ,BSE,2022-10-10,False,False,2026-09-24,2026-09-24,READY_INCREMENTAL,,sina_public_snapshot,2026-09-24,12.53,12.779976337154746,2.3662845253014098e-05
920689.BJ,BSE,2022-03-21,False,False,2026-09-24,2026-09-24,READY_INCREMENTAL,,sina_public_snapshot,2026-09-24,19.61,19.779909421934416,9.057806558487869e-05
920690.BJ,BSE,2024-01-05,False,False,2026-09-24,2026-09-24,READY_INCREMENTAL,,sina_public_snapshot,2026-09-24,15.55,15.67998709300098,1.2906999019790533e-05
920693.BJ,BSE,2023-10-27,False,False,2026-09-24,2026-09-24,READY_INCREMENTAL,,sina_public_snapshot,2026-09-24,23.65,24.59007870904686,7.870904686058111e-05
920694.BJ,BSE,2023-04-24,False,False,2026-09-24,2026-09-24,READY_INCREMENTAL,,sina_public_snapshot,2026-09-24,16.3,16.66002309917313,2.3099173130702862e-05
920699.BJ,BSE,2023-05-09,False,False,2026-09-24,2026-09-24,READY_INCREMENTAL,,sina_public_snapshot,2026-09-24,66.18,67.54991221981791,8.778018208488447e-05
920701.BJ,BSE,2023-07-19,False,False,2026-09-24,2026-09-24,READY_INCREMENTAL,,sina_public_snapshot,2026-09-24,10.7,11.040033016921171,3.3016921172190905e-05
920703.BJ,BSE,2023-12-05,False,False,2026-09-24,2026-09-24,READY_INCREMENTAL,,sina_public_snapshot,2026-09-24,9.53,9.590033610401113,3.3610401111161536e-05
920706.BJ,BSE,2024-03-08,False,False,2026-09-24,2026-09-24,READY_INCREMENTAL,,sina_public_snapshot,2026-09-24,18.01,15.089944784710644,5.5215289355814434e-05
920717.BJ,BSE,2023-07-03,False,False,2026-09-24,2026-09-24,READY_INCREMENTAL,,sina_public_snapshot,2026-09-24,6.76,6.770019629050996,1.9629050996172737e-05
920718.BJ,BSE,2022-12-22,False,False,2026-09-24,2026-09-24,READY_INCREMENTAL,,sina_public_snapshot,2026-09-24,10.3,10.509989592049145,1.0407950856716752e-05
920719.BJ,BSE,2023-05-26,False,False,2026-09-24,2026-09-24,READY_INCREMENTAL,,sina_public_snapshot,2026-09-24,6.97,7.029965606624507,3.439337549338006e-05
920720.BJ,BSE,2021-11-24,False,False,2026-09-24,2026-09-24,READY_INCREMENTAL,,sina_public_snapshot,2026-09-24,7.81,7.990015038824721,1.503882472064788e-05
920725.BJ,BSE,2022-07-18,False,False,2026-09-24,2026-09-24,READY_INCREMENTAL,,sina_public_snapshot,2026-09-24,91.62,94.27962831475936,0.000371685240637
920726.BJ,BSE,2021-05-27,False,False,2026-09-24,2026-09-24,READY_INCREMENTAL,,sina_public_snapshot,2026-09-24,15.05,15.459999178206024,8.217939768684346e-07
920729.BJ,BSE,2020-07-27,False,False,2026-09-24,2026-09-24,READY_INCREMENTAL,,sina_public_snapshot,2026-09-24,6.55,6.810006030234347,6.03023434742056e-06
920735.BJ,BSE,2021-02-19,False,False,2026-09-24,2026-09-24,READY_INCREMENTAL,,sina_public_snapshot,2026-09-24,25.42,26.15011110196692,0.0001111019669188
920748.BJ,BSE,2023-08-16,False,False,2026-09-24,2026-09-24,READY_INCREMENTAL,,sina_public_snapshot,2026-09-24,36.5,28.079947071223053,5.292877694529352e-05
920751.BJ,BSE,2023-07-17,False,False,2026-09-24,2026-09-24,READY_INCREMENTAL,,sina_public_snapshot,2026-09-24,15.0,15.01005673801447,5.673801446981486e-05
920753.BJ,BSE,2022-10-31,False,False,2026-09-24,2026-09-24,READY_INCREMENTAL,,sina_public_snapshot,2026-09-24,15.09,15.09,0.0
920765.BJ,BSE,2021-07-05,False,False,2026-09-24,2026-09-24,READY_INCREMENTAL,,sina_public_snapshot,2026-09-24,11.42,11.659962018337383,3.7981662616815015e-05
920768.BJ,BSE,2021-06-28,False,False,2026-09-24,2026-09-24,READY_INCREMENTAL,,sina_public_snapshot,2026-09-24,7.17,7.249967137526922,3.286247307787704e-05
920770.BJ,BSE,2023-02-28,False,False,2026-09-24,2026-09-24,READY_INCREMENTAL,,sina_public_snapshot,2026-09-24,10.1,10.389984466458866,1.553354113426053e-05
920779.BJ,BSE,2023-06-01,False,False,2026-09-24,2026-09-24,READY_INCREMENTAL,,sina_public_snapshot,2026-09-24,22.23,22.77990695386633,9.304613366722948e-05
920781.BJ,BSE,2022-12-26,False,False,2026-09-24,2026-09-24,READY_INCREMENTAL,,sina_public_snapshot,2026-09-24,5.61,5.729985904847507,1.40951524931765e-05
920786.BJ,BSE,2023-10-13,False,False,2026-09-24,2026-09-24,READY_INCREMENTAL,,sina_public_snapshot,2026-09-24,7.15,7.399971021092505,2.8978907494980888e-05
920790.BJ,BSE,2022-09-02,False,False,2026-09-24,2026-09-24,READY_INCREMENTAL,,sina_public_snapshot,2026-09-24,22.86,23.15007038188502,7.038188502050957e-05
920792.BJ,BSE,2023-03-30,False,False,2026-09-24,2026-09-24,READY_INCREMENTAL,,sina_public_snapshot,2026-09-24,9.41,9.41,0.0
920799.BJ,BSE,2020-07-27,False,False,2026-09-24,2026-09-24,READY_INCREMENTAL,,sina_public_snapshot,2026-09-24,31.4,32.29987450367231,0.0001254963276906
920802.BJ,BSE,2023-02-06,False,False,2026-09-24,2026-09-24,READY_INCREMENTAL,,sina_public_snapshot,2026-09-24,10.8,10.859946906926233,5.309307376677452e-05
920806.BJ,BSE,2024-01-11,False,False,2026-09-24,2026-09-24,READY_INCREMENTAL,,sina_public_snapshot,2026-09-24,9.95,10.130010282724005,1.0282724003829458e-05
920807.BJ,BSE,2022-12-20,False,False,2026-09-24,2026-09-24,READY_INCREMENTAL,,sina_public_snapshot,2026-09-24,9.51,9.500024973777531,2.4973777533077168e-05
920808.BJ,BSE,2022-11-18,False,False,2026-09-24,2026-09-24,READY_INCREMENTAL,,sina_public_snapshot,2026-09-24,58.13,59.269757435484365,0.0002425645156378
920809.BJ,BSE,2023-03-23,False,False,2026-09-24,2026-09-24,READY_INCREMENTAL,,sina_public_snapshot,2026-09-24,6.73,6.940004537298657,4.537298656792643e-06
920810.BJ,BSE,2022-12-16,False,False,2026-09-24,2026-09-24,READY_INCREMENTAL,,sina_public_snapshot,2026-09-24,8.6,8.649996982559191,3.017440809216509e-06
920819.BJ,BSE,2020-07-27,False,False,2026-09-24,2026-09-24,READY_INCREMENTAL,,sina_public_snapshot,2026-09-24,3.06,3.049996013077107,3.98692289271807e-06
920821.BJ,BSE,2022-07-06,False,False,2026-09-24,2026-09-24,READY_INCREMENTAL,,sina_public_snapshot,2026-09-24,20.93,22.65004436941324,4.436941324215127e-05
920826.BJ,BSE,2021-01-12,False,False,2026-09-24,2026-09-24,READY_INCREMENTAL,,sina_public_snapshot,2026-09-24,8.53,8.619992724038966,7.275961033670342e-06
920832.BJ,BSE,2021-02-23,False,False,2026-09-24,2026-09-24,READY_INCREMENTAL,,sina_public_snapshot,2026-09-24,6.48,6.580016246953696,1.6246953696175126e-05
920833.BJ,BSE,2023-11-08,False,False,2026-09-24,2026-09-24,READY_INCREMENTAL,,sina_public_snapshot,2026-09-24,9.62,9.810020089126375,2.0089126376632294e-05
920834.BJ,BSE,2022-08-22,False,False,2026-09-24,2026-09-24,READY_INCREMENTAL,,sina_public_snapshot,2026-09-24,8.85,9.029967247237442,3.2752762557208825e-05
920837.BJ,BSE,2023-05-15,False,False,2026-09-24,2026-09-24,READY_INCREMENTAL,,sina_public_snapshot,2026-09-24,10.16,10.299976683123653,2.331687634971047e-05
920839.BJ,BSE,2020-11-09,False,False,2026-09-24,2026-09-24,READY_INCREMENTAL,,sina_public_snapshot,2026-09-24,23.37,24.039994650921173,5.34907882610014e-06
920855.BJ,BSE,2022-12-29,False,False,2026-09-24,2026-09-24,READY_INCREMENTAL,,sina_public_snapshot,2026-09-24,12.98,13.14004575732421,4.575732420875056e-05
920856.BJ,BSE,2020-12-25,False,False,2026-09-24,2026-09-24,READY_INCREMENTAL,,sina_public_snapshot,2026-09-24,11.37,11.799991697455267,8.302544731719763e-06
920857.BJ,BSE,2022-02-28,False,False,2026-09-24,2026-09-24,READY_INCREMENTAL,,sina_public_snapshot,2026-09-24,16.52,17.950083122358283,8.312235828356052e-05
920866.BJ,BSE,2022-12-09,False,False,2026-09-24,2026-09-24,READY_INCREMENTAL,,sina_public_snapshot,2026-09-24,6.25,6.380024907617239,2.490761723894508e-05
920870.BJ,BSE,2022-07-05,False,False,2026-09-24,2026-09-24,READY_INCREMENTAL,,sina_public_snapshot,2026-09-24,11.59,11.569983927804897,1.607219510368907e-05
920871.BJ,BSE,2022-07-22,False,False,2026-09-24,2026-09-24,READY_INCREMENTAL,,sina_public_snapshot,2026-09-24,11.45,11.21999020088192,9.799118080522362e-06
920873.BJ,BSE,2021-11-15,False,False,2026-09-24,2026-09-24,READY_INCREMENTAL,,sina_public_snapshot,2026-09-24,7.47,8.160010486760465,1.048676046444541e-05
920876.BJ,BSE,2022-11-09,False,False,2026-09-24,2026-09-24,READY_INCREMENTAL,,sina_public_snapshot,2026-09-24,16.15,16.649999484520137,5.154798614626088e-07
920879.BJ,BSE,2022-12-20,False,False,2026-09-24,2026-09-24,READY_INCREMENTAL,,sina_public_snapshot,2026-09-24,12.33,12.520054426189557,5.442618955697753e-05
920885.BJ,BSE,2021-07-08,False,False,2026-09-24,2026-09-24,READY_INCREMENTAL,,sina_public_snapshot,2026-09-24,12.26,12.469994710932095,5.28906790542294e-06
920892.BJ,BSE,2021-10-28,False,False,2026-09-24,2026-09-24,READY_INCREMENTAL,,sina_public_snapshot,2026-09-24,11.97,12.009993277614456,6.722385542445863e-06
920895.BJ,BSE,2023-04-06,False,False,2026-09-24,2026-09-24,READY_INCREMENTAL,,sina_public_snapshot,2026-09-24,22.85,22.41998469357719,1.5306422810112963e-05
920896.BJ,BSE,2023-04-19,False,False,2026-09-24,2026-09-24,READY_INCREMENTAL,,sina_public_snapshot,2026-09-24,12.13,12.540059960715393,5.996071539371428e-05
920906.BJ,BSE,2023-02-22,False,False,2026-09-24,2026-09-24,READY_INCREMENTAL,,sina_public_snapshot,2026-09-24,15.08,15.289930749186327,6.925081367015196e-05
920914.BJ,BSE,2022-11-11,False,False,2026-09-24,2026-09-24,READY_INCREMENTAL,,sina_public_snapshot,2026-09-24,16.35,16.84993765007781,6.234992219233959e-05
920924.BJ,BSE,2021-11-03,False,False,2026-09-24,2026-09-24,READY_INCREMENTAL,,sina_public_snapshot,2026-09-24,14.63,15.020071250372167,7.125037216759722e-05
920925.BJ,BSE,2021-10-25,False,False,2026-09-24,2026-09-24,READY_INCREMENTAL,,sina_public_snapshot,2026-09-24,11.16,11.280019406485,1.9406485000317275e-05
920926.BJ,BSE,2023-08-08,False,False,2026-09-24,2026-09-24,READY_INCREMENTAL,,sina_public_snapshot,2026-09-24,9.83,10.099972258468874,2.7741531125613506e-05
920931.BJ,BSE,2024-04-08,False,False,2026-09-24,2026-09-24,READY_INCREMENTAL,,sina_public_snapshot,2026-09-24,9.82,10.019999183706789,8.162932125799216e-07
920932.BJ,BSE,2021-11-15,False,False,2026-09-24,2026-09-24,READY_INCREMENTAL,,sina_public_snapshot,2026-09-24,10.3,10.449956881245878,4.311875412099653e-05
920942.BJ,BSE,2022-12-08,False,False,2026-09-24,2026-09-24,READY_INCREMENTAL,,sina_public_snapshot,2026-09-24,17.37,17.229920744348448,7.925565155275649e-05
920943.BJ,BSE,2022-06-24,False,False,2026-09-24,2026-09-24,READY_INCREMENTAL,,sina_public_snapshot,2026-09-24,14.36,14.609976701360273,2.3298639726831997e-05
920946.BJ,BSE,2020-07-27,False,False,2026-09-24,2026-09-24,READY_INCREMENTAL,,sina_public_snapshot,2026-09-24,10.29,10.64996895052784,3.1049472159594416e-05
920950.BJ,BSE,2023-01-11,False,False,2026-09-24,2026-09-24,READY_INCREMENTAL,,sina_public_snapshot,2026-09-24,12.93,13.160037454708302,3.745470830196496e-05
920953.BJ,BSE,2023-08-23,False,False,2026-09-24,2026-09-24,READY_INCREMENTAL,,sina_public_snapshot,2026-09-24,22.5,23.36011960381237,0.0001196038123723
920957.BJ,BSE,2022-12-14,False,False,2026-09-24,2026-09-24,READY_INCREMENTAL,,sina_public_snapshot,2026-09-24,9.59,9.769962713176715,3.7286823284077286e-05
920961.BJ,BSE,2020-07-27,False,False,2026-09-24,2026-09-24,READY_INCREMENTAL,,sina_public_snapshot,2026-09-24,26.0,25.120044829618468,4.482961846719036e-05
920964.BJ,BSE,2020-07-27,False,False,2026-09-24,2026-09-24,READY_INCREMENTAL,,sina_public_snapshot,2026-09-24,4.72,4.839983183109279,1.681689072086101e-05
920970.BJ,BSE,2022-05-18,False,False,2026-09-24,2026-09-24,REPAIR_REQUIRED,PRIOR_QUARANTINE_RETRY,sina_public_snapshot,2026-08-07 00:00:00,6.02,,
920971.BJ,BSE,2022-09-27,False,False,2026-09-24,2026-09-24,READY_INCREMENTAL,,sina_public_snapshot,2026-09-24,28.67,28.81986328910334,0.0001367108966618
920974.BJ,BSE,2023-03-08,False,False,2026-09-24,2026-09-24,READY_INCREMENTAL,,sina_public_snapshot,2026-09-24,6.24,6.250000000000001,8.881784197001252e-16
920976.BJ,BSE,2023-09-01,False,False,2026-09-24,2026-09-24,READY_INCREMENTAL,,sina_public_snapshot,2026-09-24,21.65,22.030017807173746,1.780717374444407e-05
920978.BJ,BSE,2023-09-28,False,False,2026-09-24,2026-09-24,READY_INCREMENTAL,,sina_public_snapshot,2026-09-24,17.2,17.430077016619375,7.701661937531412e-05
920981.BJ,BSE,2021-11-15,False,False,2026-09-24,2026-09-24,READY_INCREMENTAL,,sina_public_snapshot,2026-09-24,30.53,32.05013804759755,0.0001380475975523
920982.BJ,BSE,2023-07-20,False,False,2026-09-24,2026-09-24,READY_INCREMENTAL,,sina_public_snapshot,2026-09-24,123.4,121.33965269720152,0.0003473027984739
920985.BJ,BSE,2022-08-08,False,False,2026-09-24,2026-09-24,READY_INCREMENTAL,,sina_public_snapshot,2026-09-24,4.55,4.600002021978911,2.02197891141509e-06
920992.BJ,BSE,2022-10-18,False,False,2026-09-24,2026-09-24,READY_INCREMENTAL,,sina_public_snapshot,2026-09-24,12.98,12.770060210145212,6.021014521273571e-05
300001.SZ,CHINEXT,2009-10-30,False,False,2026-09-24,2026-09-24,READY_INCREMENTAL,,sina_public_snapshot,2026-09-24,35.34,35.510093347132766,9.334713276842876e-05
300002.SZ,CHINEXT,2009-10-30,False,False,2026-09-24,2026-09-24,READY_INCREMENTAL,,sina_public_snapshot,2026-09-24,7.98,8.0500353071724,3.530717239996761e-05
300003.SZ,CHINEXT,2009-10-30,False,False,2026-09-24,2026-09-24,READY_INCREMENTAL,,sina_public_snapshot,2026-09-24,11.41,11.579994316567207,5.683432792835674e-06
300004.SZ,CHINEXT,2009-10-30,False,False,2026-09-24,2026-09-24,READY_INCREMENTAL,,sina_public_snapshot,2026-09-24,7.86,7.969985804096533,1.4195903466962534e-05
300005.SZ,CHINEXT,2009-10-30,False,False,2026-09-24,2026-09-24,READY_INCREMENTAL,,sina_public_snapshot,2026-09-24,10.86,10.880019235393124,1.923539312187472e-05
300006.SZ,CHINEXT,2009-10-30,False,False,2026-09-24,2026-09-24,READY_INCREMENTAL,,sina_public_snapshot,2026-09-24,5.45,5.620005155968033,5.1559680329660296e-06
300007.SZ,CHINEXT,2009-10-30,False,False,2026-09-24,2026-09-24,READY_INCREMENTAL,,sina_public_snapshot,2026-09-24,31.36,31.780133363059647,0.0001333630596462
300008.SZ,CHINEXT,2009-10-30,False,False,2026-09-24,2026-09-24,READY_INCREMENTAL,,sina_public_snapshot,2026-09-24,6.33,6.289995627807147,4.37219285309709e-06
300009.SZ,CHINEXT,2009-10-30,False,False,2026-09-24,2026-09-24,READY_INCREMENTAL,,sina_public_snapshot,2026-09-24,8.28,8.460029426189308,2.9426189307457665e-05
300010.SZ,CHINEXT,2009-10-30,True,False,2026-09-24,2026-09-24,READY_INCREMENTAL,,sina_public_snapshot,2026-09-24,5.34,5.270014211274278,1.4211274278252972e-05
300011.SZ,CHINEXT,2009-10-30,False,False,2026-09-24,2026-09-24,READY_INCREMENTAL,,sina_public_snapshot,2026-09-24,5.84,5.879983890455095,1.610954490516292e-05
300012.SZ,CHINEXT,2009-10-30,False,False,2026-09-24,2026-09-24,READY_INCREMENTAL,,sina_public_snapshot,2026-09-24,14.38,14.85000258171116,2.58171115952166e-06
300013.SZ,CHINEXT,2009-10-30,False,False,2026-09-24,2026-09-24,READY_INCREMENTAL,,sina_public_snapshot,2026-09-24,4.33,4.33,0.0
300014.SZ,CHINEXT,2009-10-30,False,False,2026-09-24,2026-09-24,READY_INCREMENTAL,,sina_public_snapshot,2026-09-24,48.91,50.03017563240965,0.0001756324096504
300015.SZ,CHINEXT,2009-10-30,False,False,2026-09-24,2026-09-24,READY_INCREMENTAL,,sina_public_snapshot,2026-09-24,7.91,8.0099643551523,3.5644847699245474e-05
300016.SZ,CHINEXT,2009-10-30,False,False,2026-09-24,2026-09-24,READY_INCREMENTAL,,sina_public_snapshot,2026-09-24,9.84,10.289980863145349,1.913685465204651e-05
300017.SZ,CHINEXT,2009-10-30,False,False,2026-09-24,2026-09-24,READY_INCREMENTAL,,sina_public_snapshot,2026-09-24,15.14,15.32001011889704,1.0118897041166974e-05
300018.SZ,CHINEXT,2009-10-30,False,False,2026-09-24,2026-09-24,READY_INCREMENTAL,,sina_public_snapshot,2026-09-24,11.82,12.02001301659616,1.3016596160042582e-05
300019.SZ,CHINEXT,2009-10-30,False,False,2026-09-24,2026-09-24,READY_INCREMENTAL,,sina_public_snapshot,2026-09-24,14.18,14.38994936117961,5.0638820390247474e-05
300020.SZ,CHINEXT,2009-10-30,True,False,2026-09-24,2026-09-24,READY_INCREMENTAL,,sina_public_snapshot,2026-09-24,3.79,3.799993984178389,6.0158216106387385e-06
300021.SZ,CHINEXT,2009-10-30,False,False,2026-09-24,2026-09-24,READY_INCREMENTAL,,sina_public_snapshot,2026-09-24,3.82,3.8700004052356447,4.05235644596047e-07
300022.SZ,CHINEXT,2009-10-30,False,False,2026-09-24,2026-09-24,READY_INCREMENTAL,,sina_public_snapshot,2026-09-24,7.87,7.919975042518291,2.4957481708831608e-05
300024.SZ,CHINEXT,2009-10-30,False,False,2026-09-24,2026-09-24,READY_INCREMENTAL,,sina_public_snapshot,2026-09-24,13.22,13.22,0.0
300025.SZ,CHINEXT,2009-10-30,False,False,2026-09-24,2026-09-24,READY_INCREMENTAL,,sina_public_snapshot,2026-09-24,5.85,5.87998793848628,1.2061513720240669e-05
300026.SZ,CHINEXT,2009-10-30,False,False,2026-09-24,2026-09-24,READY_INCREMENTAL,,sina_public_snapshot,2026-09-24,3.18,3.250005110070928,5.110070927738519e-06
300027.SZ,CHINEXT,2009-10-30,True,False,2026-09-24,2026-09-24,READY_INCREMENTAL,,sina_public_snapshot,2026-09-24,1.68,1.68,0.0
300030.SZ,CHINEXT,2009-12-25,False,False,2026-09-24,2026-09-24,READY_INCREMENTAL,,sina_public_snapshot,2026-09-24,6.81,6.81,0.0
300031.SZ,CHINEXT,2009-12-25,False,False,2026-09-24,2026-09-24,READY_INCREMENTAL,,sina_public_snapshot,2026-09-24,21.1,21.629933367503845,6.663249615357358e-05
300032.SZ,CHINEXT,2009-12-25,False,False,2026-09-24,2026-09-24,READY_INCREMENTAL,,sina_public_snapshot,2026-09-24,3.78,3.840019504860977,1.9504860977015422e-05
300033.SZ,CHINEXT,2009-12-25,False,False,2026-09-24,2026-09-24,READY_INCREMENTAL,,sina_public_snapshot,2026-09-24,204.1,208.6400065423618,6.54236180253065e-06
300034.SZ,CHINEXT,2009-12-25,False,False,2026-09-24,2026-09-24,READY_INCREMENTAL,,sina_public_snapshot,2026-09-24,15.72,15.919954630154743,4.536984525493892e-05
300035.SZ,CHINEXT,2009-12-25,False,False,2026-09-24,2026-09-24,READY_INCREMENTAL,,sina_public_snapshot,2026-09-24,12.21,12.549978929191806,2.107080819513385e-05
300036.SZ,CHINEXT,2009-12-25,False,False,2026-09-24,2026-09-24,READY_INCREMENTAL,,sina_public_snapshot,2026-09-24,10.06,10.220045919092996,4.591909299556107e-05
300037.SZ,CHINEXT,2010-01-08,False,False,2026-09-24,2026-09-24,READY_INCREMENTAL,,sina_public_snapshot,2026-09-24,70.58,72.36970274898233,0.0002972510176704
300039.SZ,CHINEXT,2010-01-08,False,False,2026-09-24,2026-09-24,READY_INCREMENTAL,,sina_public_snapshot,2026-09-24,5.21,5.20001596933887,1.5969338869936678e-05
300040.SZ,CHINEXT,2010-01-08,False,False,2026-09-24,2026-09-24,READY_INCREMENTAL,,sina_public_snapshot,2026-09-24,5.63,5.659997989343521,2.010656479534134e-06
300041.SZ,CHINEXT,2010-01-08,False,False,2026-09-24,2026-09-24,READY_INCREMENTAL,,sina_public_snapshot,2026-09-24,11.12,11.420003491727686,3.4917276856560875e-06
300042.SZ,CHINEXT,2010-01-08,False,False,2026-09-24,2026-09-24,READY_INCREMENTAL,,sina_public_snapshot,2026-09-24,39.44,40.64010221851267,0.0001022185126728
300043.SZ,CHINEXT,2010-01-20,False,False,2026-09-24,2026-09-24,READY_INCREMENTAL,,sina_public_snapshot,2026-09-24,4.35,4.370014667175664,1.4667175664229148e-05
300044.SZ,CHINEXT,2010-01-20,True,False,2026-09-24,2026-09-24,READY_INCREMENTAL,,sina_public_snapshot,2026-09-24,6.14,6.130008086818486,8.086818485963931e-06
300045.SZ,CHINEXT,2010-01-20,False,False,2026-09-24,2026-09-24,READY_INCREMENTAL,,sina_public_snapshot,2026-09-24,11.66,11.799947375877911,5.262412208928424e-05
300046.SZ,CHINEXT,2010-01-20,False,False,2026-09-24,2026-09-24,READY_INCREMENTAL,,sina_public_snapshot,2026-09-24,24.81,25.140089373473707,8.937347370618909e-05
300047.SZ,CHINEXT,2010-01-20,False,False,2026-09-24,2026-09-24,READY_INCREMENTAL,,sina_public_snapshot,2026-09-24,9.08,9.27003573251659,3.573251659005905e-05
300048.SZ,CHINEXT,2010-01-20,False,False,2026-09-24,2026-09-24,READY_INCREMENTAL,,sina_public_snapshot,2026-09-24,4.76,4.770017035775128,1.7035775128348973e-05
300049.SZ,CHINEXT,2010-01-20,False,False,2026-09-24,2026-09-24,READY_INCREMENTAL,,sina_public_snapshot,2026-09-24,47.02,49.60020253591848,0.0002025359184756
300050.SZ,CHINEXT,2010-01-20,False,False,2026-09-24,2026-09-24,READY_INCREMENTAL,,sina_public_snapshot,2026-09-24,7.43,7.58000836555432,8.365554319489377e-06
300051.SZ,CHINEXT,2010-02-11,False,False,2026-09-24,2026-09-24,READY_INCREMENTAL,,sina_public_snapshot,2026-09-24,8.28,8.260010773927094,1.077392709447622e-05
300052.SZ,CHINEXT,2010-02-11,False,False,2026-09-24,2026-09-24,READY_INCREMENTAL,,sina_public_snapshot,2026-09-24,10.13,10.250027825840592,2.7825840593465045e-05
300053.SZ,CHINEXT,2010-02-11,False,False,2026-09-24,2026-09-24,READY_INCREMENTAL,,sina_public_snapshot,2026-09-24,12.13,12.240037941090405,3.794109040455851e-05
300054.SZ,CHINEXT,2010-02-11,False,False,2026-09-24,2026-09-24,READY_INCREMENTAL,,sina_public_snapshot,2026-09-24,70.11,71.13000426110423,4.261104237457403e-06
300055.SZ,CHINEXT,2010-02-26,False,False,2026-09-24,2026-09-24,READY_INCREMENTAL,,sina_public_snapshot,2026-09-24,5.73,5.819976841976964,2.3158023036096157e-05
300056.SZ,CHINEXT,2010-02-26,False,False,2026-09-24,2026-09-24,READY_INCREMENTAL,,sina_public_snapshot,2026-09-24,7.9,7.810028472002531,2.847200253164317e-05
300057.SZ,CHINEXT,2010-02-26,False,False,2026-09-24,2026-09-24,READY_INCREMENTAL,,sina_public_snapshot,2026-09-24,6.31,6.620015317309609,1.5317309609130803e-05
300058.SZ,CHINEXT,2010-02-26,False,False,2026-09-24,2026-09-24,READY_INCREMENTAL,,sina_public_snapshot,2026-09-24,13.15,13.52004359314436,4.359314436186423e-05
300059.SZ,CHINEXT,2010-03-19,False,False,2026-09-24,2026-09-24,READY_INCREMENTAL,,sina_public_snapshot,2026-09-24,18.28,18.650016323865493,1.632386549488274e-05
300061.SZ,CHINEXT,2010-03-19,False,False,2026-09-24,2026-09-24,READY_INCREMENTAL,,sina_public_snapshot,2026-09-24,6.74,6.999979228548283,2.077145171686112e-05
300062.SZ,CHINEXT,2010-03-19,False,False,2026-09-24,2026-09-24,READY_INCREMENTAL,,sina_public_snapshot,2026-09-24,6.24,6.090003220674781,3.220674781090338e-06
300063.SZ,CHINEXT,2010-03-26,False,False,2026-09-24,2026-09-24,READY_INCREMENTAL,,sina_public_snapshot,2026-09-24,8.5,8.600018211803272,1.8211803272549787e-05
300065.SZ,CHINEXT,2010-03-26,False,False,2026-09-24,2026-09-24,READY_INCREMENTAL,,sina_public_snapshot,2026-09-24,15.2,15.3199552496044,4.47503955989248e-05
300066.SZ,CHINEXT,2010-03-26,False,False,2026-09-24,2026-09-24,READY_INCREMENTAL,,sina_public_snapshot,2026-09-24,4.68,4.740008507707578,8.507707577543044e-06
300067.SZ,CHINEXT,2010-04-21,False,False,2026-09-24,2026-09-24,READY_INCREMENTAL,,sina_public_snapshot,2026-09-24,5.26,5.32998267248979,1.7327510209774744e-05
300068.SZ,CHINEXT,2010-04-21,True,False,2026-09-24,2026-09-24,READY_INCREMENTAL,,sina_public_snapshot,2026-09-24,4.12,4.150004532771941,4.532771940901625e-06
300069.SZ,CHINEXT,2010-04-21,False,False,2026-09-24,2026-09-24,READY_INCREMENTAL,,sina_public_snapshot,2026-09-24,24.69,24.820057099199808,5.709919980745326e-05
300070.SZ,CHINEXT,2010-04-21,False,False,2026-09-24,2026-09-24,READY_INCREMENTAL,,sina_public_snapshot,2026-09-24,3.37,3.420000405934766,4.0593476624550817e-07
300071.SZ,CHINEXT,2010-04-21,False,False,2026-09-24,2026-09-24,READY_INCREMENTAL,,sina_public_snapshot,2026-09-24,4.07,4.090000100491403,1.0049140275469881e-07
300072.SZ,CHINEXT,2010-04-27,False,False,2026-09-24,2026-09-24,READY_INCREMENTAL,,sina_public_snapshot,2026-09-24,3.41,3.479982447009358,1.7552990641878097e-05
300073.SZ,CHINEXT,2010-04-27,False,False,2026-09-24,2026-09-24,READY_INCREMENTAL,,sina_public_snapshot,2026-09-24,37.4,38.210053126277074,5.3126277073545225e-05
300074.SZ,CHINEXT,2010-04-27,False,False,2026-09-24,2026-09-24,READY_INCREMENTAL,,sina_public_snapshot,2026-09-24,3.83,3.8199916219504897,8.37804951014931e-06
300075.SZ,CHINEXT,2010-04-27,False,False,2026-09-24,2026-09-24,READY_INCREMENTAL,,sina_public_snapshot,2026-09-24,10.14,10.329968113609276,3.1886390724267244e-05
300076.SZ,CHINEXT,2010-04-30,True,False,2026-09-24,2026-09-24,READY_INCREMENTAL,,sina_public_snapshot,2026-09-24,4.22,4.270001720142873,1.7201428734736623e-06
300077.SZ,CHINEXT,2010-04-30,False,False,2026-09-24,2026-09-24,READY_INCREMENTAL,,sina_public_snapshot,2026-09-24,22.3,22.779974053303096,2.594669690481055e-05
300078.SZ,CHINEXT,2010-04-30,False,False,2026-09-24,2026-09-24,READY_INCREMENTAL,,sina_public_snapshot,2026-09-24,2.7,2.689993225202248,6.774797752129302e-06
300079.SZ,CHINEXT,2010-04-30,False,False,2026-09-24,2026-09-24,READY_INCREMENTAL,,sina_public_snapshot,2026-09-24,4.79,4.819980277324961,1.972267503891345e-05
300080.SZ,CHINEXT,2010-06-25,False,False,2026-09-24,2026-09-24,READY_INCREMENTAL,,sina_public_snapshot,2026-09-24,3.63,3.650002011020392,2.0110203919898595e-06
300081.SZ,CHINEXT,2010-05-20,True,False,2026-09-24,2026-09-24,READY_INCREMENTAL,,sina_public_snapshot,2026-09-24,3.47,3.3500028962561066,2.896256106499351e-06
300082.SZ,CHINEXT,2010-05-20,False,True,2026-09-24,2026-09-24,READY_SUSPENDED_NO_APPEND,SNAPSHOT_SUSPENDED,sina_daily,2026-09-18 00:00:00,8.58,,
300083.SZ,CHINEXT,2010-05-20,False,False,2026-09-24,2026-09-24,READY_INCREMENTAL,,sina_public_snapshot,2026-09-24,12.14,12.500000000000002,1.7763568394002505e-15
300084.SZ,CHINEXT,2010-05-20,False,False,2026-09-24,2026-09-24,READY_INCREMENTAL,,sina_public_snapshot,2026-09-24,10.2,10.2,0.0
300085.SZ,CHINEXT,2010-05-26,False,False,2026-09-24,2026-09-24,READY_INCREMENTAL,,sina_public_snapshot,2026-09-24,30.51,31.28011646742808,0.0001164674280786
300086.SZ,CHINEXT,2010-05-26,False,False,2026-09-24,2026-09-24,READY_INCREMENTAL,,sina_public_snapshot,2026-09-24,5.37,5.490011654773346,1.1654773345526335e-05
300087.SZ,CHINEXT,2010-05-26,True,False,2026-09-24,2026-09-24,READY_INCREMENTAL,,sina_public_snapshot,2026-09-24,5.61,5.620003606419427,3.606419427093499e-06
300088.SZ,CHINEXT,2010-05-26,False,False,2026-09-24,2026-09-24,READY_INCREMENTAL,,sina_public_snapshot,2026-09-24,7.15,7.359980236136989,1.976386301105748e-05
300091.SZ,CHINEXT,2010-06-25,True,False,2026-09-24,2026-09-24,READY_INCREMENTAL,,sina_public_snapshot,2026-09-24,2.42,2.4099985061992726,1.4938007275588916e-06
300092.SZ,CHINEXT,2010-07-08,False,False,2026-09-24,2026-09-24,READY_INCREMENTAL,,sina_public_snapshot,2026-09-24,11.15,11.240032661619573,3.2661619572493805e-05
300093.SZ,CHINEXT,2010-07-08,False,False,2026-09-24,2026-09-24,READY_INCREMENTAL,,sina_public_snapshot,2026-09-24,21.13,21.71991283253156,8.716746844328327e-05
300094.SZ,CHINEXT,2010-07-08,False,False,2026-09-24,2026-09-24,READY_INCREMENTAL,,sina_public_snapshot,2026-09-24,2.9,2.9500025431056405,2.5431056402958063e-06
300095.SZ,CHINEXT,2010-07-28,False,False,2026-09-24,2026-09-24,READY_INCREMENTAL,,sina_public_snapshot,2026-09-24,9.04,8.97003373685255,3.373685254892678e-05
300096.SZ,CHINEXT,2010-07-28,True,True,2026-09-24,2026-09-24,READY_SUSPENDED_NO_APPEND,SNAPSHOT_SUSPENDED,sina_daily,2026-09-23 00:00:00,9.02,,
300097.SZ,CHINEXT,2010-07-28,False,False,2026-09-24,2026-09-24,READY_INCREMENTAL,,sina_public_snapshot,2026-09-24,10.19,10.74996571404458,3.428595541876689e-05
300098.SZ,CHINEXT,2010-07-28,False,False,2026-09-24,2026-09-24,READY_INCREMENTAL,,sina_public_snapshot,2026-09-24,4.24,4.280018169888457,1.816988845693146e-05
300099.SZ,CHINEXT,2010-08-06,False,False,2026-09-24,2026-09-24,READY_INCREMENTAL,,sina_public_snapshot,2026-09-24,6.37,6.459987627653209,1.237234679063448e-05
300100.SZ,CHINEXT,2010-08-06,False,False,2026-09-24,2026-09-24,READY_INCREMENTAL,,sina_public_snapshot,2026-09-24,21.14,20.720005488743176,5.488743177295419e-06
300101.SZ,CHINEXT,2010-08-06,False,False,2026-09-24,2026-09-24,READY_INCREMENTAL,,sina_public_snapshot,2026-09-24,14.51,14.330015011456112,1.5011456111935216e-05
300102.SZ,CHINEXT,2010-08-12,False,False,2026-09-24,2026-09-24,READY_INCREMENTAL,,sina_public_snapshot,2026-09-24,16.57,16.710030051834373,3.005183437210235e-05
300103.SZ,CHINEXT,2010-08-12,False,False,2026-09-24,2026-09-24,READY_INCREMENTAL,,sina_public_snapshot,2026-09-24,8.22,8.07997404971838,2.5950281619557813e-05
300105.SZ,CHINEXT,2010-08-20,False,False,2026-09-24,2026-09-24,READY_INCREMENTAL,,sina_public_snapshot,2026-09-24,7.21,7.280033926371695,3.392637169508106e-05
300106.SZ,CHINEXT,2010-08-20,False,False,2026-09-24,2026-09-24,READY_INCREMENTAL,,sina_public_snapshot,2026-09-24,10.5,10.710023562051836,2.3562051834957742e-05
300107.SZ,CHINEXT,2010-08-20,False,False,2026-09-24,2026-09-24,READY_INCREMENTAL,,sina_public_snapshot,2026-09-24,6.6,6.700031469844782,3.146984478163972e-05
300109.SZ,CHINEXT,2010-08-25,False,False,2026-09-24,2026-09-24,READY_INCREMENTAL,,sina_public_snapshot,2026-09-24,13.07,13.279956106036437,4.389396356252462e-05
300110.SZ,CHINEXT,2010-08-25,False,False,2026-09-24,2026-09-24,READY_INCREMENTAL,,sina_public_snapshot,2026-09-24,3.45,3.649982543561749,1.7456438251350903e-05
300111.SZ,CHINEXT,2010-08-27,False,False,2026-09-24,2026-09-24,READY_INCREMENTAL,,sina_public_snapshot,2026-09-24,2.98,2.989986555094014,1.3444905986315092e-05
300112.SZ,CHINEXT,2010-08-27,False,False,2026-09-24,2026-09-24,READY_INCREMENTAL,,sina_public_snapshot,2026-09-24,11.51,11.849975805870422,2.4194129577992385e-05
300113.SZ,CHINEXT,2010-08-27,False,False,2026-09-24,2026-09-24,READY_INCREMENTAL,,sina_public_snapshot,2026-09-24,16.32,16.7599486521181,5.13478819001989e-05
300115.SZ,CHINEXT,2010-09-02,False,False,2026-09-24,2026-09-24,READY_INCREMENTAL,,sina_public_snapshot,2026-09-24,23.41,23.95987922828924,0.0001207717107618
300118.SZ,CHINEXT,2010-09-02,False,False,2026-09-24,2026-09-24,READY_INCREMENTAL,,sina_public_snapshot,2026-09-24,8.98,9.219996509132724,3.490867275246501e-06
300119.SZ,CHINEXT,2010-09-17,False,False,2026-09-24,2026-09-24,READY_INCREMENTAL,,sina_public_snapshot,2026-09-24,16.66,17.13991769547325,8.230452674951039e-05
300120.SZ,CHINEXT,2010-09-17,False,False,2026-09-24,2026-09-24,READY_INCREMENTAL,,sina_public_snapshot,2026-09-24,7.2,7.379998155000462,1.844999538036518e-06
300121.SZ,CHINEXT,2010-09-17,False,False,2026-09-24,2026-09-24,READY_INCREMENTAL,,sina_public_snapshot,2026-09-24,9.81,9.90999181743795,8.182562050151887e-06
300122.SZ,CHINEXT,2010-09-28,False,False,2026-09-24,2026-09-24,READY_INCREMENTAL,,sina_public_snapshot,2026-09-24,13.01,13.439943802233447,5.619776655230169e-05
300123.SZ,CHINEXT,2010-09-28,True,False,2026-09-24,2026-09-24,READY_INCREMENTAL,,sina_public_snapshot,2026-09-24,4.36,4.370007316755371,7.316755370467831e-06
300124.SZ,CHINEXT,2010-09-28,False,False,2026-09-24,2026-09-24,READY_INCREMENTAL,,sina_public_snapshot,2026-09-24,51.88,52.71982684158648,0.0001731584135242
300125.SZ,CHINEXT,2010-10-13,False,False,2026-09-24,2026-09-24,READY_INCREMENTAL,,sina_public_snapshot,2026-09-24,8.79,8.890012642225031,1.2642225030390364e-05
300126.SZ,CHINEXT,2010-10-13,False,False,2026-09-24,2026-09-24,READY_INCREMENTAL,,sina_public_snapshot,2026-09-24,6.6,6.6,0.0
300127.SZ,CHINEXT,2010-10-13,False,False,2026-09-24,2026-09-24,READY_INCREMENTAL,,sina_public_snapshot,2026-09-24,23.84,24.15008711860286,8.711860285970374e-05
300128.SZ,CHINEXT,2010-10-13,False,False,2026-09-24,2026-09-24,READY_INCREMENTAL,,sina_public_snapshot,2026-09-24,4.88,4.97999836721365,1.632786350569404e-06
300129.SZ,CHINEXT,2010-10-19,False,False,2026-09-24,2026-09-24,READY_INCREMENTAL,,sina_public_snapshot,2026-09-24,7.49,7.360022011280781,2.2011280781164544e-05
300130.SZ,CHINEXT,2010-10-19,False,False,2026-09-24,2026-09-24,READY_INCREMENTAL,,sina_public_snapshot,2026-09-24,17.9,18.219942184764463,5.78152355359407e-05
300131.SZ,CHINEXT,2010-10-19,False,False,2026-09-24,2026-09-24,READY_INCREMENTAL,,sina_public_snapshot,2026-09-24,14.51,15.230078092199175,7.80921991765382e-05
300132.SZ,CHINEXT,2010-10-26,False,False,2026-09-24,2026-09-24,READY_INCREMENTAL,,sina_public_snapshot,2026-09-24,6.24,6.24,0.0
300133.SZ,CHINEXT,2010-10-26,False,False,2026-09-24,2026-09-24,READY_INCREMENTAL,,sina_public_snapshot,2026-09-24,7.47,7.47,0.0
300134.SZ,CHINEXT,2010-10-26,False,False,2026-09-24,2026-09-24,READY_INCREMENTAL,,sina_public_snapshot,2026-09-24,8.42,8.469972839754552,2.716024544824336e-05
300135.SZ,CHINEXT,2010-10-26,False,False,2026-09-24,2026-09-24,READY_INCREMENTAL,,sina_public_snapshot,2026-09-24,3.46,3.4199861619057037,1.3838094296669825e-05
300136.SZ,CHINEXT,2010-11-05,False,False,2026-09-24,2026-09-24,READY_INCREMENTAL,,sina_public_snapshot,2026-09-24,57.3,58.01004292540698,4.292540698003222e-05
300137.SZ,CHINEXT,2010-11-05,False,False,2026-09-24,2026-09-24,READY_INCREMENTAL,,sina_public_snapshot,2026-09-24,10.22,10.260014054813777,1.4054813775032926e-05
300138.SZ,CHINEXT,2010-11-05,False,False,2026-09-24,2026-09-24,READY_INCREMENTAL,,sina_public_snapshot,2026-09-24,11.2,11.449952462250938,4.753774906163244e-05
300139.SZ,CHINEXT,2010-11-12,False,False,2026-09-24,2026-09-24,READY_INCREMENTAL,,sina_public_snapshot,2026-09-24,44.92,46.8800551038938,5.510389379992375e-05
300140.SZ,CHINEXT,2010-11-12,False,False,2026-09-24,2026-09-24,REPAIRED_FULL_HISTORY,QFQ_CONTINUITY_BREAK,sina_daily,2026-09-24,5.26,5.289994267496706,0.0600057325032938
300141.SZ,CHINEXT,2010-11-12,False,False,2026-09-24,2026-09-24,READY_INCREMENTAL,,sina_public_snapshot,2026-09-24,9.93,9.820015822784807,1.582278480860566e-05
300142.SZ,CHINEXT,2010-11-12,False,False,2026-09-24,2026-09-24,READY_INCREMENTAL,,sina_public_snapshot,2026-09-24,13.58,14.079980093106204,1.9906893797383415e-05
300143.SZ,CHINEXT,2010-12-09,False,False,2026-09-24,2026-09-24,READY_INCREMENTAL,,sina_public_snapshot,2026-09-24,7.81,7.850035179415016,3.517941501662847e-05
300144.SZ,CHINEXT,2010-12-09,False,False,2026-09-24,2026-09-24,READY_INCREMENTAL,,sina_public_snapshot,2026-09-24,5.69,5.769971809276574,2.8190723425858263e-05
300145.SZ,CHINEXT,2010-12-09,False,False,2026-09-24,2026-09-24,READY_INCREMENTAL,,sina_public_snapshot,2026-09-24,4.99,5.160022749599297,2.2749599296822964e-05
300146.SZ,CHINEXT,2010-12-15,False,False,2026-09-24,2026-09-24,READY_INCREMENTAL,,sina_public_snapshot,2026-09-24,9.31,9.420025902541688,2.590254168843842e-05
300147.SZ,CHINEXT,2010-12-15,True,False,2026-09-24,2026-09-24,READY_INCREMENTAL,,sina_public_snapshot,2026-09-24,5.62,6.329969363849343,3.063615065723724e-05
300148.SZ,CHINEXT,2010-12-15,False,False,2026-09-24,2026-09-24,READY_INCREMENTAL,,sina_public_snapshot,2026-09-24,3.56,3.5399990056182573,9.943817427249255e-07
300149.SZ,CHINEXT,2010-12-22,False,False,2026-09-24,2026-09-24,READY_INCREMENTAL,,sina_public_snapshot,2026-09-24,9.65,10.009958093025189,4.190697481298855e-05
300150.SZ,CHINEXT,2010-12-22,False,False,2026-09-24,2026-09-24,READY_INCREMENTAL,,sina_public_snapshot,2026-09-24,4.17,4.16001596169194,1.596169193973651e-05
300151.SZ,CHINEXT,2010-12-22,False,False,2026-09-24,2026-09-24,READY_INCREMENTAL,,sina_public_snapshot,2026-09-24,20.63,21.160059490230267,5.94902302673006e-05
300152.SZ,CHINEXT,2010-12-29,True,False,2026-09-24,2026-09-24,READY_INCREMENTAL,,sina_public_snapshot,2026-09-24,1.61,1.6599991751556895,8.248443104097447e-07
300153.SZ,CHINEXT,2010-12-29,False,False,2026-09-24,2026-09-24,READY_INCREMENTAL,,sina_public_snapshot,2026-09-24,26.69,27.55011457709697,0.0001145770969692
300154.SZ,CHINEXT,2010-12-29,False,False,2026-09-24,2026-09-24,READY_INCREMENTAL,,sina_public_snapshot,2026-09-24,13.91,13.969931004007192,6.899599280885127e-05
300155.SZ,CHINEXT,2011-01-07,False,False,2026-09-24,2026-09-24,READY_INCREMENTAL,,sina_public_snapshot,2026-09-24,4.62,5.06001927626391,1.9276263910406044e-05
300157.SZ,CHINEXT,2011-01-07,False,False,2026-09-24,2026-09-24,READY_INCREMENTAL,,sina_public_snapshot,2026-09-24,3.65,3.6899995956164826,4.043835173384025e-07
300158.SZ,CHINEXT,2011-01-07,False,False,2026-09-24,2026-09-24,READY_INCREMENTAL,,sina_public_snapshot,2026-09-24,5.18,5.280003261778076,3.2617780760801907e-06
300159.SZ,CHINEXT,2011-01-07,False,False,2026-09-24,2026-09-24,READY_INCREMENTAL,,sina_public_snapshot,2026-09-24,2.8,2.839987017202207,1.2982797792826515e-05
300160.SZ,CHINEXT,2011-01-13,False,False,2026-09-24,2026-09-24,READY_INCREMENTAL,,sina_public_snapshot,2026-09-24,4.46,4.47001282873637,1.2828736370096294e-05
300161.SZ,CHINEXT,2011-01-13,False,False,2026-09-24,2026-09-24,READY_INCREMENTAL,,sina_public_snapshot,2026-09-24,26.59,27.01000558687592,5.586875918339729e-06
300162.SZ,CHINEXT,2011-01-13,False,False,2026-09-24,2026-09-24,READY_INCREMENTAL,,sina_public_snapshot,2026-09-24,7.68,8.109991763289615,8.23671038396867e-06
300163.SZ,CHINEXT,2011-01-13,False,False,2026-09-24,2026-09-24,READY_INCREMENTAL,,sina_public_snapshot,2026-09-24,7.63,8.089997243251267,2.7567487332902374e-06
300164.SZ,CHINEXT,2011-01-13,False,False,2026-09-24,2026-09-24,READY_INCREMENTAL,,sina_public_snapshot,2026-09-24,8.95,8.920028703556051,2.8703556051112852e-05
300165.SZ,CHINEXT,2011-01-25,False,False,2026-09-24,2026-09-24,READY_INCREMENTAL,,sina_public_snapshot,2026-09-24,5.07,5.189992629596266,7.370403734441311e-06
300166.SZ,CHINEXT,2011-01-25,False,False,2026-09-24,2026-09-24,READY_INCREMENTAL,,sina_public_snapshot,2026-09-24,12.2,12.779954327376338,4.567262366172997e-05
300167.SZ,CHINEXT,2011-01-25,True,False,2026-09-24,2026-09-24,READY_INCREMENTAL,,sina_public_snapshot,2026-09-24,4.02,4.0,0.0
300168.SZ,CHINEXT,2011-01-25,False,False,2026-09-24,2026-09-24,READY_INCREMENTAL,,sina_public_snapshot,2026-09-24,4.69,4.74999240406332,7.59593667964964e-06
300169.SZ,CHINEXT,2011-01-25,False,False,2026-09-24,2026-09-24,READY_INCREMENTAL,,sina_public_snapshot,2026-09-24,5.72,5.550003395981099,3.3959810989969696e-06
300170.SZ,CHINEXT,2011-02-01,False,False,2026-09-24,2026-09-24,READY_INCREMENTAL,,sina_public_snapshot,2026-09-24,15.26,15.700073047522045,7.30475220436233e-05
300171.SZ,CHINEXT,2011-02-01,False,False,2026-09-24,2026-09-24,READY_INCREMENTAL,,sina_public_snapshot,2026-09-24,15.93,16.320049175289416,4.9175289415615e-05
300172.SZ,CHINEXT,2011-02-01,False,False,2026-09-24,2026-09-24,READY_INCREMENTAL,,sina_public_snapshot,2026-09-24,4.51,4.47998410648654,1.5893513459985797e-05
300173.SZ,CHINEXT,2011-02-01,True,False,2026-09-24,2026-09-24,READY_INCREMENTAL,,sina_public_snapshot,2026-09-24,3.31,3.359996751664772,3.248335227912236e-06
300174.SZ,CHINEXT,2011-02-01,False,False,2026-09-24,2026-09-24,READY_INCREMENTAL,,sina_public_snapshot,2026-09-24,18.55,19.289962979909323,3.702009067652057e-05
300175.SZ,CHINEXT,2011-02-15,False,False,2026-09-24,2026-09-24,READY_INCREMENTAL,,sina_public_snapshot,2026-09-24,5.35,5.3899937536520985,6.24634790113987e-06
300176.SZ,CHINEXT,2011-02-15,False,False,2026-09-24,2026-09-24,READY_INCREMENTAL,,sina_public_snapshot,2026-09-24,4.38,4.38,0.0
300177.SZ,CHINEXT,2011-02-15,False,False,2026-09-24,2026-09-24,READY_INCREMENTAL,,sina_public_snapshot,2026-09-24,6.15,6.080018981522675,1.8981522674543783e-05
300179.SZ,CHINEXT,2011-02-15,False,False,2026-09-24,2026-09-24,READY_INCREMENTAL,,sina_public_snapshot,2026-09-24,44.29,43.819813402194455,0.0001865978055448
300180.SZ,CHINEXT,2011-02-22,False,False,2026-09-24,2026-09-24,READY_INCREMENTAL,,sina_public_snapshot,2026-09-24,4.34,4.409986485525287,1.3514474713538505e-05
300181.SZ,CHINEXT,2011-02-22,False,False,2026-09-24,2026-09-24,READY_INCREMENTAL,,sina_public_snapshot,2026-09-24,12.95,13.150011677616549,1.1677616546634796e-05
300182.SZ,CHINEXT,2011-02-22,False,False,2026-09-24,2026-09-24,READY_INCREMENTAL,,sina_public_snapshot,2026-09-24,4.91,4.989989532201185,1.0467798815305684e-05
300183.SZ,CHINEXT,2011-02-22,False,False,2026-09-24,2026-09-24,READY_INCREMENTAL,,sina_public_snapshot,2026-09-24,11.12,10.900037248328724,3.724832872364914e-05
300184.SZ,CHINEXT,2011-02-22,False,False,2026-09-24,2026-09-24,READY_INCREMENTAL,,sina_public_snapshot,2026-09-24,11.81,12.21998034042113,1.9659578871511485e-05
300185.SZ,CHINEXT,2011-03-08,False,False,2026-09-24,2026-09-24,READY_INCREMENTAL,,sina_public_snapshot,2026-09-24,2.75,2.7299891793156164,1.082068438362782e-05
300187.SZ,CHINEXT,2011-03-08,False,False,2026-09-24,2026-09-24,READY_INCREMENTAL,,sina_public_snapshot,2026-09-24,4.51,4.540009462547438,9.462547438054967e-06
300188.SZ,CHINEXT,2011-03-16,False,False,2026-09-24,2026-09-24,READY_INCREMENTAL,,sina_public_snapshot,2026-09-24,10.51,10.530007013325315,7.013325317828389e-06
300189.SZ,CHINEXT,2011-03-16,False,False,2026-09-24,2026-09-24,READY_INCREMENTAL,,sina_public_snapshot,2026-09-24,6.17,6.449994250410311,5.74958968879713e-06
300190.SZ,CHINEXT,2011-03-16,False,False,2026-09-24,2026-09-24,READY_INCREMENTAL,,sina_public_snapshot,2026-09-24,3.94,3.840006237573584,6.237573583867118e-06
300191.SZ,CHINEXT,2011-03-16,False,False,2026-09-24,2026-09-24,READY_INCREMENTAL,,sina_public_snapshot,2026-09-24,31.11,31.400137268359643,0.0001372683596443
300192.SZ,CHINEXT,2011-03-22,False,False,2026-09-24,2026-09-24,READY_INCREMENTAL,,sina_public_snapshot,2026-09-24,25.31,22.95004669804049,4.669804049584059e-05
300193.SZ,CHINEXT,2011-03-22,False,False,2026-09-24,2026-09-24,READY_INCREMENTAL,,sina_public_snapshot,2026-09-24,7.92,7.9499713921484,2.8607851600526143e-05
300194.SZ,CHINEXT,2011-03-22,False,False,2026-09-24,2026-09-24,READY_INCREMENTAL,,sina_public_snapshot,2026-09-24,3.84,3.8999817188356927,1.828116430724336e-05
300195.SZ,CHINEXT,2011-03-29,False,False,2026-09-24,2026-09-24,READY_INCREMENTAL,,sina_public_snapshot,2026-09-24,6.3,6.3,0.0
300196.SZ,CHINEXT,2011-03-29,False,False,2026-09-24,2026-09-24,READY_INCREMENTAL,,sina_public_snapshot,2026-09-24,18.84,19.33001590314472,1.5903144721107765e-05
300197.SZ,CHINEXT,2011-03-29,False,False,2026-09-24,2026-09-24,READY_INCREMENTAL,,sina_public_snapshot,2026-09-24,1.92,1.92,0.0
300198.SZ,CHINEXT,2011-04-07,True,False,2026-09-24,2026-09-24,READY_INCREMENTAL,,sina_public_snapshot,2026-09-24,2.27,2.260010752474064,1.0752474064457118e-05
300199.SZ,CHINEXT,2011-04-07,False,False,2026-09-24,2026-09-24,READY_INCREMENTAL,,sina_public_snapshot,2026-09-24,23.3,24.29006296651516,6.296651515924623e-05
300200.SZ,CHINEXT,2011-04-07,False,False,2026-09-24,2026-09-24,READY_INCREMENTAL,,sina_public_snapshot,2026-09-24,8.41,8.479959667254853,4.033274514725349e-05
300201.SZ,CHINEXT,2011-04-07,False,False,2026-09-24,2026-09-24,READY_INCREMENTAL,,sina_public_snapshot,2026-09-24,13.29,13.709935318815312,6.468118468738737e-05
300203.SZ,CHINEXT,2011-04-15,False,False,2026-09-24,2026-09-24,READY_INCREMENTAL,,sina_public_snapshot,2026-09-24,14.51,14.050002904893775,2.904893776189965e-06
300204.SZ,CHINEXT,2011-04-15,False,False,2026-09-24,2026-09-24,READY_INCREMENTAL,,sina_public_snapshot,2026-09-24,20.02,20.880049227688488,4.922768848913961e-05
300205.SZ,CHINEXT,2011-04-21,True,False,2026-09-24,2026-09-24,READY_INCREMENTAL,,sina_public_snapshot,2026-09-24,5.36,5.280007880608777,7.880608777099951e-06
300206.SZ,CHINEXT,2011-04-21,False,False,2026-09-24,2026-09-24,READY_INCREMENTAL,,sina_public_snapshot,2026-09-24,11.6,11.70003530183065,3.530183065159065e-05
300207.SZ,CHINEXT,2011-04-21,False,False,2026-09-24,2026-09-24,READY_INCREMENTAL,,sina_public_snapshot,2026-09-24,20.09,19.53007281246658,7.281246658052964e-05
300209.SZ,CHINEXT,2011-04-26,False,False,2026-09-24,2026-09-24,READY_INCREMENTAL,,sina_public_snapshot,2026-09-24,36.35,37.40982020644869,0.0001797935513039
300210.SZ,CHINEXT,2011-04-26,False,False,2026-09-24,2026-09-24,READY_INCREMENTAL,,sina_public_snapshot,2026-09-24,7.13,7.189964302281024,3.569771897637963e-05
300211.SZ,CHINEXT,2011-05-05,True,False,2026-09-24,2026-09-24,READY_INCREMENTAL,,sina_public_snapshot,2026-09-24,6.98,7.020014080257468,1.4080257468407352e-05
300212.SZ,CHINEXT,2011-05-05,True,False,2026-09-24,2026-09-24,READY_INCREMENTAL,,sina_public_snapshot,2026-09-24,7.7,7.910010786378345,1.0786378345173375e-05
300213.SZ,CHINEXT,2011-05-05,False,False,2026-09-24,2026-09-24,READY_INCREMENTAL,,sina_public_snapshot,2026-09-24,6.45,6.510022406588749,2.240658874885781e-05
300214.SZ,CHINEXT,2011-05-11,False,False,2026-09-24,2026-09-24,READY_INCREMENTAL,,sina_public_snapshot,2026-09-24,9.86,9.989969503237116,3.0496762885690032e-05
300215.SZ,CHINEXT,2011-05-11,False,False,2026-09-24,2026-09-24,READY_INCREMENTAL,,sina_public_snapshot,2026-09-24,6.45,6.870033870864666,3.387086466588585e-05
300217.SZ,CHINEXT,2011-05-18,False,False,2026-09-24,2026-09-24,READY_INCREMENTAL,,sina_public_snapshot,2026-09-24,4.01,4.069991677323752,8.32267624861771e-06
300218.SZ,CHINEXT,2011-05-18,False,False,2026-09-24,2026-09-24,READY_INCREMENTAL,,sina_public_snapshot,2026-09-24,12.52,12.549994486823508,5.51317649311045e-06
300219.SZ,CHINEXT,2011-05-18,False,False,2026-09-24,2026-09-24,READY_INCREMENTAL,,sina_public_snapshot,2026-09-24,6.75,6.959982677376448,1.7322623552473715e-05
300220.SZ,CHINEXT,2011-05-25,False,False,2026-09-24,2026-09-24,READY_INCREMENTAL,,sina_public_snapshot,2026-09-24,11.21,11.129975476325225,2.4523674778009763e-05
300221.SZ,CHINEXT,2011-05-25,False,False,2026-09-24,2026-09-24,REPAIRED_FULL_HISTORY,QFQ_CONTINUITY_BREAK,sina_daily,2026-09-24,14.25,14.449987831589194,0.1000121684108066
300222.SZ,CHINEXT,2011-05-25,False,False,2026-09-24,2026-09-24,READY_INCREMENTAL,,sina_public_snapshot,2026-09-24,9.93,10.10995723885156,4.2761148440817465e-05
300223.SZ,CHINEXT,2011-05-31,False,False,2026-09-24,2026-09-24,READY_INCREMENTAL,,sina_public_snapshot,2026-09-24,140.31,146.9707126995433,0.0007126995432997
300224.SZ,CHINEXT,2011-05-31,False,False,2026-09-24,2026-09-24,READY_INCREMENTAL,,sina_public_snapshot,2026-09-24,12.07,12.170037709976002,3.770997600227588e-05
300225.SZ,CHINEXT,2011-05-31,False,False,2026-09-24,2026-09-24,READY_INCREMENTAL,,sina_public_snapshot,2026-09-24,8.08,8.320032950625547,3.2950625547201184e-05
300226.SZ,CHINEXT,2011-06-08,False,False,2026-09-24,2026-09-24,READY_INCREMENTAL,,sina_public_snapshot,2026-09-24,17.33,17.939958592132506,4.140786749573522e-05
300227.SZ,CHINEXT,2011-06-08,False,False,2026-09-24,2026-09-24,READY_INCREMENTAL,,sina_public_snapshot,2026-09-24,10.56,10.850021063014376,2.106301437621028e-05
300228.SZ,CHINEXT,2011-06-08,False,False,2026-09-24,2026-09-24,READY_INCREMENTAL,,sina_public_snapshot,2026-09-24,6.58,6.669978003264032,2.199673596781082e-05
300229.SZ,CHINEXT,2011-06-15,False,False,2026-09-24,2026-09-24,READY_INCREMENTAL,,sina_public_snapshot,2026-09-24,12.87,13.179993445846304,6.554153696214371e-06
300230.SZ,CHINEXT,2011-06-15,False,False,2026-09-24,2026-09-24,READY_INCREMENTAL,,sina_public_snapshot,2026-09-24,4.35,4.320019067670367,1.9067670367078904e-05
300231.SZ,CHINEXT,2011-06-15,False,False,2026-09-24,2026-09-24,READY_INCREMENTAL,,sina_public_snapshot,2026-09-24,8.22,8.280030219088392,3.0219088392513527e-05
300232.SZ,CHINEXT,2011-06-22,False,False,2026-09-24,2026-09-24,READY_INCREMENTAL,,sina_public_snapshot,2026-09-24,5.3,5.359978155560724,2.184443927610857e-05
300233.SZ,CHINEXT,2011-06-22,False,False,2026-09-24,2026-09-24,READY_INCREMENTAL,,sina_public_snapshot,2026-09-24,13.23,13.5100636188181,6.361881809979764e-05
300234.SZ,CHINEXT,2011-06-22,False,False,2026-09-24,2026-09-24,READY_INCREMENTAL,,sina_public_snapshot,2026-09-24,11.07,11.76995949092533,4.050907466890408e-05
300235.SZ,CHINEXT,2011-06-29,False,False,2026-09-24,2026-09-24,READY_INCREMENTAL,,sina_public_snapshot,2026-09-24,11.95,12.319968658824498,3.134117550196436e-05
300236.SZ,CHINEXT,2011-06-29,False,False,2026-09-24,2026-09-24,READY_INCREMENTAL,,sina_public_snapshot,2026-09-24,87.95,89.7503928811968,0.0003928811968023
300237.SZ,CHINEXT,2011-06-29,True,False,2026-09-24,2026-09-24,READY_INCREMENTAL,,sina_public_snapshot,2026-09-24,2.27,2.249997522029161,2.477970839187549e-06
300238.SZ,CHINEXT,2011-07-06,False,False,2026-09-24,2026-09-24,READY_INCREMENTAL,,sina_public_snapshot,2026-09-24,11.99,12.099988899092754,1.1100907245875646e-05
300239.SZ,CHINEXT,2011-07-06,False,False,2026-09-24,2026-09-24,READY_INCREMENTAL,,sina_public_snapshot,2026-09-24,5.35,5.290011272173552,1.1272173551901687e-05
300240.SZ,CHINEXT,2011-07-06,False,False,2026-09-24,2026-09-24,READY_INCREMENTAL,,sina_public_snapshot,2026-09-24,6.1,6.090012379697296,1.2379697295727963e-05
300241.SZ,CHINEXT,2011-07-12,False,False,2026-09-24,2026-09-24,READY_INCREMENTAL,,sina_public_snapshot,2026-09-24,5.71,5.91998175277078,1.824722922005861e-05
300242.SZ,CHINEXT,2011-07-12,False,False,2026-09-24,2026-09-24,READY_INCREMENTAL,,sina_public_snapshot,2026-09-24,3.83,3.889983546283695,1.6453716305431243e-05
300243.SZ,CHINEXT,2011-07-12,False,False,2026-09-24,2026-09-24,READY_INCREMENTAL,,sina_public_snapshot,2026-09-24,23.14,24.569972393289447,2.7606710553129687e-05
300244.SZ,CHINEXT,2011-07-19,False,False,2026-09-24,2026-09-24,READY_INCREMENTAL,,sina_public_snapshot,2026-09-24,20.79,21.070020573420763,2.0573420762559635e-05
300245.SZ,CHINEXT,2011-07-19,True,False,2026-09-24,2026-09-24,READY_INCREMENTAL,,sina_public_snapshot,2026-09-24,6.05,6.140012584488603,1.258448860319561e-05
300246.SZ,CHINEXT,2011-07-19,False,False,2026-09-24,2026-09-24,READY_INCREMENTAL,,sina_public_snapshot,2026-09-24,15.71,15.86003593999233,3.593999232975875e-05
300247.SZ,CHINEXT,2011-07-29,False,False,2026-09-24,2026-09-24,READY_INCREMENTAL,,sina_public_snapshot,2026-09-24,3.75,3.75,0.0
300248.SZ,CHINEXT,2011-07-29,False,False,2026-09-24,2026-09-24,READY_INCREMENTAL,,sina_public_snapshot,2026-09-24,8.2,8.269963894547875,3.610545212495708e-05
300249.SZ,CHINEXT,2011-08-03,False,False,2026-09-24,2026-09-24,READY_INCREMENTAL,,sina_public_snapshot,2026-09-24,13.31,13.540045370850754,4.537085075462244e-05
300250.SZ,CHINEXT,2011-08-03,False,False,2026-09-24,2026-09-24,READY_INCREMENTAL,,sina_public_snapshot,2026-09-24,14.85,15.189951105746609,4.889425339094089e-05
300251.SZ,CHINEXT,2011-08-03,False,False,2026-09-24,2026-09-24,READY_INCREMENTAL,,sina_public_snapshot,2026-09-24,11.01,11.05000100363315,1.0036331499208018e-06
300252.SZ,CHINEXT,2011-08-18,False,False,2026-09-24,2026-09-24,READY_INCREMENTAL,,sina_public_snapshot,2026-09-24,12.2,12.559968703028805,3.129697119597097e-05
300253.SZ,CHINEXT,2011-08-18,False,False,2026-09-24,2026-09-24,READY_INCREMENTAL,,sina_public_snapshot,2026-09-24,6.9,7.009986691184688,1.3308815312029765e-05
300254.SZ,CHINEXT,2011-08-19,False,False,2026-09-24,2026-09-24,READY_INCREMENTAL,,sina_public_snapshot,2026-09-24,8.85,8.989973893522139,2.610647786127629e-05
300255.SZ,CHINEXT,2011-08-19,False,False,2026-09-24,2026-09-24,READY_INCREMENTAL,,sina_public_snapshot,2026-09-24,23.11,23.63009846726449,9.846726448969888e-05
300256.SZ,CHINEXT,2011-08-19,False,False,2026-09-24,2026-09-24,READY_INCREMENTAL,,sina_public_snapshot,2026-09-24,2.63,2.669996548293436,3.4517065645722766e-06
300257.SZ,CHINEXT,2011-08-19,False,False,2026-09-24,2026-09-24,READY_INCREMENTAL,,sina_public_snapshot,2026-09-24,18.65,19.44997757777384,2.2422226162888137e-05
300258.SZ,CHINEXT,2011-08-26,False,False,2026-09-24,2026-09-24,READY_INCREMENTAL,,sina_public_snapshot,2026-09-24,8.95,8.889992550285571,7.449714429341725e-06
300259.SZ,CHINEXT,2011-08-31,False,False,2026-09-24,2026-09-24,READY_INCREMENTAL,,sina_public_snapshot,2026-09-24,4.33,4.500010392633701,1.0392633701172826e-05
300260.SZ,CHINEXT,2011-09-06,False,False,2026-09-24,2026-09-24,READY_INCREMENTAL,,sina_public_snapshot,2026-09-24,62.0,64.05024845297989,0.0002484529798891
300261.SZ,CHINEXT,2011-09-06,False,False,2026-09-24,2026-09-24,READY_INCREMENTAL,,sina_public_snapshot,2026-09-24,4.83,4.880020207123011,2.0207123011317663e-05
300263.SZ,CHINEXT,2011-09-16,False,False,2026-09-24,2026-09-24,READY_INCREMENTAL,,sina_public_snapshot,2026-09-24,10.64,10.890035208384507,3.5208384508322865e-05
300264.SZ,CHINEXT,2011-09-16,False,False,2026-09-24,2026-09-24,READY_INCREMENTAL,,sina_public_snapshot,2026-09-24,6.2,6.100020661360305,2.066136030531851e-05
300265.SZ,CHINEXT,2011-09-16,False,False,2026-09-24,2026-09-24,READY_INCREMENTAL,,sina_public_snapshot,2026-09-24,12.91,13.319989269722043,1.0730277955062206e-05
300266.SZ,CHINEXT,2011-09-27,False,False,2026-09-24,2026-09-24,READY_INCREMENTAL,,sina_public_snapshot,2026-09-24,1.85,1.85,0.0
300267.SZ,CHINEXT,2011-09-27,False,False,2026-09-24,2026-09-24,READY_INCREMENTAL,,sina_public_snapshot,2026-09-24,3.19,3.320011656467257,1.1656467257648018e-05
300268.SZ,CHINEXT,2011-09-27,False,False,2026-09-24,2026-09-24,READY_INCREMENTAL,,sina_public_snapshot,2026-09-24,12.0,12.0,0.0
300269.SZ,CHINEXT,2011-10-12,False,False,2026-09-24,2026-09-24,READY_INCREMENTAL,,sina_public_snapshot,2026-09-24,4.54,4.56997906265099,2.093734901009725e-05
300270.SZ,CHINEXT,2011-10-12,False,False,2026-09-24,2026-09-24,READY_INCREMENTAL,,sina_public_snapshot,2026-09-24,10.25,10.39996753180868,3.24681913195235e-05
300271.SZ,CHINEXT,2011-10-26,False,False,2026-09-24,2026-09-24,READY_INCREMENTAL,,sina_public_snapshot,2026-09-24,5.69,5.809976004492776,2.399550722387289e-05
300272.SZ,CHINEXT,2011-11-02,False,False,2026-09-24,2026-09-24,READY_INCREMENTAL,,sina_public_snapshot,2026-09-24,5.85,5.8000039658146765,3.9658146766541336e-06
300274.SZ,CHINEXT,2011-11-02,False,False,2026-09-24,2026-09-24,READY_INCREMENTAL,,sina_public_snapshot,2026-09-24,84.21,86.82965055731417,0.000349442685831
300275.SZ,CHINEXT,2011-11-02,False,False,2026-09-24,2026-09-24,READY_INCREMENTAL,,sina_public_snapshot,2026-09-24,8.96,8.99995982160794,4.017839206049701e-05
300276.SZ,CHINEXT,2011-11-15,False,False,2026-09-24,2026-09-24,READY_INCREMENTAL,,sina_public_snapshot,2026-09-24,5.9,5.949979830576845,2.016942315474779e-05
300277.SZ,CHINEXT,2011-11-23,False,False,2026-09-24,2026-09-24,READY_INCREMENTAL,,sina_public_snapshot,2026-09-24,12.92,13.139962980290056,3.701970994463011e-05
300278.SZ,CHINEXT,2011-12-16,False,False,2026-09-24,2026-09-24,READY_INCREMENTAL,,sina_public_snapshot,2026-09-24,3.58,3.5900161450446744,1.614504467450928e-05
300279.SZ,CHINEXT,2011-12-29,False,False,2026-09-24,2026-09-24,READY_INCREMENTAL,,sina_public_snapshot,2026-09-24,6.11,5.95000438216362,4.382163619531809e-06
300281.SZ,CHINEXT,2011-12-29,False,False,2026-09-24,2026-09-24,READY_INCREMENTAL,,sina_public_snapshot,2026-09-24,7.13,7.199983842953508,1.615704649271521e-05
300283.SZ,CHINEXT,2012-01-10,False,False,2026-09-24,2026-09-24,READY_INCREMENTAL,,sina_public_snapshot,2026-09-24,14.45,14.54995821292278,4.178707722068964e-05
300284.SZ,CHINEXT,2012-01-10,False,False,2026-09-24,2026-09-24,READY_INCREMENTAL,,sina_public_snapshot,2026-09-24,5.06,5.139978058591686,2.194140831335289e-05
300285.SZ,CHINEXT,2012-01-13,False,False,2026-09-24,2026-09-24,READY_INCREMENTAL,,sina_public_snapshot,2026-09-24,70.0,69.00018728622264,0.0001872862226406
300286.SZ,CHINEXT,2012-01-13,False,False,2026-09-24,2026-09-24,READY_INCREMENTAL,,sina_public_snapshot,2026-09-24,19.57,19.560024387562343,2.438756234468542e-05
300287.SZ,CHINEXT,2012-02-01,False,False,2026-09-24,2026-09-24,READY_INCREMENTAL,,sina_public_snapshot,2026-09-24,3.56,3.719997074159605,2.9258403957399537e-06
300288.SZ,CHINEXT,2012-02-16,False,False,2026-09-24,2026-09-24,READY_INCREMENTAL,,sina_public_snapshot,2026-09-24,9.7,9.769952862495469,4.713750453255727e-05
300289.SZ,CHINEXT,2012-02-16,False,False,2026-09-24,2026-09-24,READY_INCREMENTAL,,sina_public_snapshot,2026-09-24,5.94,5.960025686305989,2.568630598887012e-05
300290.SZ,CHINEXT,2012-02-16,True,False,2026-09-24,2026-09-24,READY_INCREMENTAL,,sina_public_snapshot,2026-09-24,7.21,7.519973299401323,2.670059867693197e-05
300291.SZ,CHINEXT,2012-02-09,False,False,2026-09-24,2026-09-24,READY_INCREMENTAL,,sina_public_snapshot,2026-09-24,5.78,5.970025925199088,2.5925199087950546e-05
300292.SZ,CHINEXT,2012-02-29,False,False,2026-09-24,2026-09-24,READY_INCREMENTAL,,sina_public_snapshot,2026-09-24,4.5,4.51001222714426,1.222714426063476e-05
300293.SZ,CHINEXT,2012-03-08,False,False,2026-09-24,2026-09-24,READY_INCREMENTAL,,sina_public_snapshot,2026-09-24,14.4,14.679946581305495,5.341869450248282e-05
300294.SZ,CHINEXT,2012-03-08,False,False,2026-09-24,2026-09-24,READY_INCREMENTAL,,sina_public_snapshot,2026-09-24,14.45,14.719964142371085,3.585762891589184e-05
300295.SZ,CHINEXT,2012-03-15,True,False,2026-09-24,2026-09-24,READY_INCREMENTAL,,sina_public_snapshot,2026-09-24,11.7,11.970044197086263,4.419708626457464e-05
300296.SZ,CHINEXT,2012-03-15,False,False,2026-09-24,2026-09-24,READY_INCREMENTAL,,sina_public_snapshot,2026-09-24,4.8,4.909983633387888,1.6366612111795575e-05
300298.SZ,CHINEXT,2012-03-19,False,False,2026-09-24,2026-09-24,READY_INCREMENTAL,,sina_public_snapshot,2026-09-24,16.15,16.340034602426215,3.4602426215002424e-05
300299.SZ,CHINEXT,2012-03-19,False,False,2026-09-24,2026-09-24,READY_INCREMENTAL,,sina_public_snapshot,2026-09-24,5.42,5.3600213609707374,2.1360970737127616e-05
300300.SZ,CHINEXT,2012-03-19,False,False,2026-09-24,2026-09-24,READY_INCREMENTAL,,sina_public_snapshot,2026-09-24,10.81,9.009985163946723,1.4836053276567895e-05
300301.SZ,CHINEXT,2012-03-21,True,False,2026-09-24,2026-09-24,READY_INCREMENTAL,,sina_public_snapshot,2026-09-24,3.6,3.4300087655779565,8.765577956371118e-06
300302.SZ,CHINEXT,2012-03-21,False,False,2026-09-24,2026-09-24,READY_INCREMENTAL,,sina_public_snapshot,2026-09-24,28.25,29.23008474137842,8.474137841929519e-05
300303.SZ,CHINEXT,2012-03-19,False,False,2026-09-24,2026-09-24,READY_INCREMENTAL,,sina_public_snapshot,2026-09-24,6.7,6.960026593534447,2.659353444744994e-05
300304.SZ,CHINEXT,2012-03-21,False,False,2026-09-24,2026-09-24,READY_INCREMENTAL,,sina_public_snapshot,2026-09-24,12.13,12.089982159053534,0.0300178409464653
300305.SZ,CHINEXT,2012-03-29,False,False,2026-09-24,2026-09-24,READY_INCREMENTAL,,sina_public_snapshot,2026-09-24,7.16,6.760010196663425,1.0196663425610096e-05
300306.SZ,CHINEXT,2012-03-29,False,False,2026-09-24,2026-09-24,READY_INCREMENTAL,,sina_public_snapshot,2026-09-24,10.54,10.429963881054867,3.611894513078085e-05
300307.SZ,CHINEXT,2012-03-29,False,False,2026-09-24,2026-09-24,READY_INCREMENTAL,,sina_public_snapshot,2026-09-24,7.23,7.300007067780011,7.06778001102748e-06
300308.SZ,CHINEXT,2012-04-10,False,False,2026-09-24,2026-09-24,READY_INCREMENTAL,,sina_public_snapshot,2026-09-24,895.86,922.5018535299448,0.0018535299448103
300310.SZ,CHINEXT,2012-04-25,False,False,2026-09-24,2026-09-24,READY_INCREMENTAL,,sina_public_snapshot,2026-09-24,4.23,4.319985293667086,1.470633291411616e-05
300311.SZ,CHINEXT,2012-04-25,False,False,2026-09-24,2026-09-24,READY_INCREMENTAL,,sina_public_snapshot,2026-09-24,5.82,5.910009443829524,9.443829523725356e-06
300313.SZ,CHINEXT,2012-04-25,False,False,2026-09-24,2026-09-24,READY_INCREMENTAL,,sina_public_snapshot,2026-09-24,12.37,13.009959928902724,4.0071097275884426e-05
300314.SZ,CHINEXT,2012-05-08,False,False,2026-09-24,2026-09-24,READY_INCREMENTAL,,sina_public_snapshot,2026-09-24,12.85,12.619938520766429,6.147923357069374e-05
300315.SZ,CHINEXT,2012-05-11,False,False,2026-09-24,2026-09-24,READY_INCREMENTAL,,sina_public_snapshot,2026-09-24,3.96,3.9900048363694975,4.836369498217863e-06
300316.SZ,CHINEXT,2012-05-11,False,False,2026-09-24,2026-09-24,READY_INCREMENTAL,,sina_public_snapshot,2026-09-24,40.7,42.300217217331664,0.0002172173316665
300317.SZ,CHINEXT,2012-05-11,False,False,2026-09-24,2026-09-24,READY_INCREMENTAL,,sina_public_snapshot,2026-09-24,3.98,3.969995611060128,4.388939871979858e-06
300318.SZ,CHINEXT,2012-05-23,False,False,2026-09-24,2026-09-24,READY_INCREMENTAL,,sina_public_snapshot,2026-09-24,5.17,5.22998796192326,1.2038076740772397e-05
300319.SZ,CHINEXT,2012-05-23,False,False,2026-09-24,2026-09-24,READY_INCREMENTAL,,sina_public_snapshot,2026-09-24,20.54,21.540107176190524,0.0001071761905251
300320.SZ,CHINEXT,2012-06-01,False,False,2026-09-24,2026-09-24,REPAIRED_FULL_HISTORY,QFQ_CONTINUITY_BREAK,sina_daily,2026-09-24,8.36,8.319980891909912,0.0300191080900873
300321.SZ,CHINEXT,2012-05-23,False,False,2026-09-24,2026-09-24,READY_INCREMENTAL,,sina_public_snapshot,2026-09-24,34.43,36.21008792225821,8.792225820997146e-05
300322.SZ,CHINEXT,2012-06-08,False,False,2026-09-24,2026-09-24,READY_INCREMENTAL,,sina_public_snapshot,2026-09-24,17.73,18.56991736229668,8.263770332206377e-05
300323.SZ,CHINEXT,2012-06-01,False,False,2026-09-24,2026-09-24,READY_INCREMENTAL,,sina_public_snapshot,2026-09-24,11.56,11.989959964320535,4.00356794649781e-05
300324.SZ,CHINEXT,2012-06-08,False,False,2026-09-24,2026-09-24,READY_INCREMENTAL,,sina_public_snapshot,2026-09-24,3.84,3.950007714858818,7.714858818008707e-06
300326.SZ,CHINEXT,2012-06-13,True,False,2026-09-24,2026-09-24,READY_INCREMENTAL,,sina_public_snapshot,2026-09-24,6.24,6.309977652162482,2.234783751742242e-05
300327.SZ,CHINEXT,2012-06-13,False,False,2026-09-24,2026-09-24,READY_INCREMENTAL,,sina_public_snapshot,2026-09-24,26.09,26.729914144622256,8.58553777440818e-05
300328.SZ,CHINEXT,2012-06-19,False,False,2026-09-24,2026-09-24,READY_INCREMENTAL,,sina_public_snapshot,2026-09-24,12.99,13.509999895996922,1.040030781496171e-07
300329.SZ,CHINEXT,2012-06-19,False,False,2026-09-24,2026-09-24,READY_INCREMENTAL,,sina_public_snapshot,2026-09-24,11.77,11.899947425890726,5.25741092740617e-05
300331.SZ,CHINEXT,2012-06-28,False,False,2026-09-24,2026-09-24,READY_INCREMENTAL,,sina_public_snapshot,2026-09-24,47.31,49.19004346108258,4.3461082583462485e-05
300332.SZ,CHINEXT,2012-06-28,False,False,2026-09-24,2026-09-24,READY_INCREMENTAL,,sina_public_snapshot,2026-09-24,4.82,4.839989155211022,1.0844788977948385e-05
300333.SZ,CHINEXT,2012-06-28,False,False,2026-09-24,2026-09-24,READY_INCREMENTAL,,sina_public_snapshot,2026-09-24,11.6,11.729968045949116,3.19540508844085e-05
300334.SZ,CHINEXT,2012-07-05,False,False,2026-09-24,2026-09-24,READY_INCREMENTAL,,sina_public_snapshot,2026-09-24,8.6,8.529968954880431,3.1045119568418045e-05
300335.SZ,CHINEXT,2012-07-10,False,False,2026-09-24,2026-09-24,READY_INCREMENTAL,,sina_public_snapshot,2026-09-24,5.44,5.44,0.0
300337.SZ,CHINEXT,2012-07-18,False,False,2026-09-24,2026-09-24,READY_INCREMENTAL,,sina_public_snapshot,2026-09-24,9.09,9.18998705920414,1.2940795858895626e-05
300338.SZ,CHINEXT,2012-07-26,True,False,2026-09-24,2026-09-24,READY_INCREMENTAL,,sina_public_snapshot,2026-09-24,2.82,2.8799901957780567,9.804221943188196e-06
300339.SZ,CHINEXT,2012-07-18,False,False,2026-09-24,2026-09-24,READY_INCREMENTAL,,sina_public_snapshot,2026-09-24,33.9,34.360081491166724,8.149116672484524e-05
300340.SZ,CHINEXT,2012-07-26,False,False,2026-09-24,2026-09-24,READY_INCREMENTAL,,sina_public_snapshot,2026-09-24,8.55,8.649993929828822,6.070171178151895e-06
300341.SZ,CHINEXT,2012-07-26,False,False,2026-09-24,2026-09-24,READY_INCREMENTAL,,sina_public_snapshot,2026-09-24,12.96,13.050045312657335,4.531265733653811e-05
300342.SZ,CHINEXT,2012-07-26,False,False,2026-09-24,2026-09-24,READY_INCREMENTAL,,sina_public_snapshot,2026-09-24,31.74,31.450030716791183,3.07167911834938e-05
300343.SZ,CHINEXT,2012-08-01,False,False,2026-09-24,2026-09-24,READY_INCREMENTAL,,sina_public_snapshot,2026-09-24,5.33,5.360016090104586,1.6090104585586573e-05
300345.SZ,CHINEXT,2012-08-01,False,False,2026-09-24,2026-09-24,READY_INCREMENTAL,,sina_public_snapshot,2026-09-24,7.15,7.689991180709415,8.819290584938244e-06
300346.SZ,CHINEXT,2012-08-07,False,False,2026-09-24,2026-09-24,READY_INCREMENTAL,,sina_public_snapshot,2026-09-24,54.4,55.6800851577773,8.515777729911633e-05
300347.SZ,CHINEXT,2012-08-17,False,False,2026-09-24,2026-09-24,READY_INCREMENTAL,,sina_public_snapshot,2026-09-24,56.81,58.50006693371503,6.693371502564105e-05
300348.SZ,CHINEXT,2012-08-17,False,False,2026-09-24,2026-09-24,READY_INCREMENTAL,,sina_public_snapshot,2026-09-24,9.24,9.470026954730402,2.6954730401484998e-05
300349.SZ,CHINEXT,2012-08-17,False,False,2026-09-24,2026-09-24,READY_INCREMENTAL,,sina_public_snapshot,2026-09-24,10.33,10.64005108872546,5.108872545989129e-05
300350.SZ,CHINEXT,2012-08-21,False,False,2026-09-24,2026-09-24,READY_INCREMENTAL,,sina_public_snapshot,2026-09-24,4.62,4.6399983930741495,1.6069258501616446e-06
300351.SZ,CHINEXT,2012-09-20,False,False,2026-09-24,2026-09-24,READY_INCREMENTAL,,sina_public_snapshot,2026-09-24,13.88,14.099959366111335,4.063388866271112e-05
300352.SZ,CHINEXT,2012-09-12,True,False,2026-09-24,2026-09-24,READY_INCREMENTAL,,sina_public_snapshot,2026-09-24,3.08,2.999990259771884,9.7402281160619e-06
300353.SZ,CHINEXT,2012-09-27,False,False,2026-09-24,2026-09-24,READY_INCREMENTAL,,sina_public_snapshot,2026-09-24,16.86,16.890064314479773,6.431447977206517e-05
300354.SZ,CHINEXT,2012-09-20,False,False,2026-09-24,2026-09-24,READY_INCREMENTAL,,sina_public_snapshot,2026-09-24,27.56,27.919887347914617,0.0001126520853844
300355.SZ,CHINEXT,2012-09-27,False,False,2026-09-24,2026-09-24,READY_INCREMENTAL,,sina_public_snapshot,2026-09-24,2.75,2.7699993956364954,6.04363504574934e-07
300357.SZ,CHINEXT,2014-01-21,False,False,2026-09-24,2026-09-24,READY_INCREMENTAL,,sina_public_snapshot,2026-09-24,19.95,20.39001655730668,1.6557306679487738e-05
300358.SZ,CHINEXT,2014-01-21,False,False,2026-09-24,2026-09-24,READY_INCREMENTAL,,sina_public_snapshot,2026-09-24,9.59,9.69999797705986,2.022940140733453e-06
300359.SZ,CHINEXT,2014-01-21,False,False,2026-09-24,2026-09-24,READY_INCREMENTAL,,sina_public_snapshot,2026-09-24,4.15,4.059990021229345,9.978770654228695e-06
300360.SZ,CHINEXT,2014-01-21,False,False,2026-09-24,2026-09-24,READY_INCREMENTAL,,sina_public_snapshot,2026-09-24,11.12,11.210016431948546,1.6431948544948227e-05
300363.SZ,CHINEXT,2014-01-29,False,False,2026-09-24,2026-09-24,READY_INCREMENTAL,,sina_public_snapshot,2026-09-24,23.83,25.25006357548529,6.357548528868051e-05
300364.SZ,CHINEXT,2015-01-21,False,False,2026-09-24,2026-09-24,READY_INCREMENTAL,,sina_public_snapshot,2026-09-24,24.48,24.45994284686557,5.715313443133141e-05
300365.SZ,CHINEXT,2014-01-23,False,False,2026-09-24,2026-09-24,READY_INCREMENTAL,,sina_public_snapshot,2026-09-24,4.52,4.52,0.0
300366.SZ,CHINEXT,2014-01-27,True,False,2026-09-24,2026-09-24,READY_INCREMENTAL,,sina_public_snapshot,2026-09-24,5.45,5.530019380434893,1.9380434892468656e-05
300368.SZ,CHINEXT,2014-01-23,False,False,2026-09-24,2026-09-24,READY_INCREMENTAL,,sina_public_snapshot,2026-09-24,9.37,9.559956332323264,4.366767673680272e-05
300369.SZ,CHINEXT,2014-01-29,False,False,2026-09-24,2026-09-24,READY_INCREMENTAL,,sina_public_snapshot,2026-09-24,8.85,9.270024824812245,2.4824812243195996e-05
300370.SZ,CHINEXT,2014-01-23,False,False,2026-09-24,2026-09-24,READY_INCREMENTAL,,sina_public_snapshot,2026-09-24,2.14,2.1600016149544787,1.6149544785903911e-06
300371.SZ,CHINEXT,2014-01-23,False,False,2026-09-24,2026-09-24,READY_INCREMENTAL,,sina_public_snapshot,2026-09-24,10.2,10.210005805689574,5.805689573534778e-06
300373.SZ,CHINEXT,2014-01-23,False,False,2026-09-24,2026-09-24,READY_INCREMENTAL,,sina_public_snapshot,2026-09-24,88.13,91.38987690935674,0.0001230906432567
300374.SZ,CHINEXT,2015-03-19,False,False,2026-09-24,2026-09-24,READY_INCREMENTAL,,sina_public_snapshot,2026-09-24,10.05,9.959961944026006,3.805597399519911e-05
300375.SZ,CHINEXT,2014-01-27,False,False,2026-09-24,2026-09-24,READY_INCREMENTAL,,sina_public_snapshot,2026-09-24,4.07,4.1000120884877305,1.2088487730821385e-05
300376.SZ,CHINEXT,2014-01-27,False,False,2026-09-24,2026-09-24,READY_INCREMENTAL,,sina_public_snapshot,2026-09-24,4.13,4.179992712845634,7.287154366153459e-06
300377.SZ,CHINEXT,2014-01-27,False,False,2026-09-24,2026-09-24,READY_INCREMENTAL,,sina_public_snapshot,2026-09-24,13.78,14.08997955010225,2.044989775029649e-05
300378.SZ,CHINEXT,2014-01-27,False,False,2026-09-24,2026-09-24,READY_INCREMENTAL,,sina_public_snapshot,2026-09-24,37.66,38.89009366254634,9.366254634102232e-05
300380.SZ,CHINEXT,2014-01-28,False,False,2026-09-24,2026-09-24,READY_INCREMENTAL,,sina_public_snapshot,2026-09-24,28.08,28.520064596727504,6.45967275048065e-05
300381.SZ,CHINEXT,2014-01-28,False,False,2026-09-24,2026-09-24,READY_INCREMENTAL,,sina_public_snapshot,2026-09-24,5.68,5.80000204225424,2.0422542403863986e-06
300382.SZ,CHINEXT,2014-01-29,False,False,2026-09-24,2026-09-24,READY_INCREMENTAL,,sina_public_snapshot,2026-09-24,15.69,15.869965407723583,3.4592276414002754e-05
300383.SZ,CHINEXT,2014-01-29,False,False,2026-09-24,2026-09-24,READY_INCREMENTAL,,sina_public_snapshot,2026-09-24,11.07,11.200032375884014,3.2375884014612666e-05
300384.SZ,CHINEXT,2014-08-01,False,False,2026-09-24,2026-09-24,READY_INCREMENTAL,,sina_public_snapshot,2026-09-24,12.24,11.900016527800734,1.6527800733356912e-05
300385.SZ,CHINEXT,2014-06-26,True,False,2026-09-24,2026-09-24,READY_INCREMENTAL,,sina_public_snapshot,2026-09-24,13.36,13.570064600008124,6.460000812502642e-05
300386.SZ,CHINEXT,2014-06-26,False,False,2026-09-24,2026-09-24,READY_INCREMENTAL,,sina_public_snapshot,2026-09-24,10.73,10.930019354181525,1.9354181523212333e-05
300387.SZ,CHINEXT,2014-07-02,False,False,2026-09-24,2026-09-24,READY_INCREMENTAL,,sina_public_snapshot,2026-09-24,7.38,7.399979945853805,2.0054146195214173e-05
300388.SZ,CHINEXT,2014-08-01,False,False,2026-09-24,2026-09-24,READY_INCREMENTAL,,sina_public_snapshot,2026-09-24,6.68,6.730003929193911,3.929193910678919e-06
300389.SZ,CHINEXT,2014-08-01,False,False,2026-09-24,2026-09-24,READY_INCREMENTAL,,sina_public_snapshot,2026-09-24,13.08,13.299981697272894,1.8302727106345174e-05
300390.SZ,CHINEXT,2014-07-31,False,False,2026-09-24,2026-09-24,READY_INCREMENTAL,,sina_public_snapshot,2026-09-24,50.49,52.76027461675915,0.0002746167591496
300393.SZ,CHINEXT,2014-09-12,False,False,2026-09-24,2026-09-24,READY_INCREMENTAL,,sina_public_snapshot,2026-09-24,5.98,6.110021252247834,2.1252247833558613e-05
300394.SZ,CHINEXT,2015-02-17,False,False,2026-09-24,2026-09-24,READY_INCREMENTAL,,sina_public_snapshot,2026-09-24,267.93,275.3988158868514,0.0011841131485539
300395.SZ,CHINEXT,2014-09-10,False,False,2026-09-24,2026-09-24,READY_INCREMENTAL,,sina_public_snapshot,2026-09-24,95.56,98.45963628870228,0.0003637112977088
300396.SZ,CHINEXT,2014-09-10,True,False,2026-09-24,2026-09-24,READY_INCREMENTAL,,sina_public_snapshot,2026-09-24,7.05,7.129998584113756,1.4158862438051756e-06
300397.SZ,CHINEXT,2014-09-10,False,False,2026-09-24,2026-09-24,READY_INCREMENTAL,,sina_public_snapshot,2026-09-24,12.12,12.439955659563983,4.434043601442284e-05
300398.SZ,CHINEXT,2014-10-09,False,False,2026-09-24,2026-09-24,READY_INCREMENTAL,,sina_public_snapshot,2026-09-24,37.77,39.139896373057,0.0001036269430017
300399.SZ,CHINEXT,2014-10-09,False,False,2026-09-24,2026-09-24,READY_INCREMENTAL,,sina_public_snapshot,2026-09-24,19.3,19.539950593285543,4.9406714452970846e-05
300400.SZ,CHINEXT,2014-10-10,False,False,2026-09-24,2026-09-24,READY_INCREMENTAL,,sina_public_snapshot,2026-09-24,34.92,35.83008413708188,8.413708188470537e-05
300401.SZ,CHINEXT,2014-10-09,False,False,2026-09-24,2026-09-24,READY_INCREMENTAL,,sina_public_snapshot,2026-09-24,15.96,16.640080072565762,8.00725657619239e-05
300402.SZ,CHINEXT,2014-10-10,False,False,2026-09-24,2026-09-24,READY_INCREMENTAL,,sina_public_snapshot,2026-09-24,14.79,14.750027425676416,2.7425676416115152e-05
300403.SZ,CHINEXT,2014-10-30,False,False,2026-09-24,2026-09-24,READY_INCREMENTAL,,sina_public_snapshot,2026-09-24,8.93,8.759969001677442,3.099832255770707e-05
300404.SZ,CHINEXT,2015-04-24,False,False,2026-09-24,2026-09-24,READY_INCREMENTAL,,sina_public_snapshot,2026-09-24,14.44,15.169979409169224,2.059083077732282e-05
300405.SZ,CHINEXT,2014-10-30,False,False,2026-09-24,2026-09-24,READY_INCREMENTAL,,sina_public_snapshot,2026-09-24,5.8,5.76002542356049,2.5423560490622776e-05
300406.SZ,CHINEXT,2014-10-30,False,False,2026-09-24,2026-09-24,READY_INCREMENTAL,,sina_public_snapshot,2026-09-24,11.72,11.849994438995784,5.561004215337562e-06
300407.SZ,CHINEXT,2014-12-03,False,False,2026-09-24,2026-09-24,READY_INCREMENTAL,,sina_public_snapshot,2026-09-24,10.58,10.58,0.0
300408.SZ,CHINEXT,2014-12-03,False,False,2026-09-24,2026-09-24,READY_INCREMENTAL,,sina_public_snapshot,2026-09-24,123.31,130.39983926059875,0.0001607394012523
300409.SZ,CHINEXT,2014-12-03,False,False,2026-09-24,2026-09-24,READY_INCREMENTAL,,sina_public_snapshot,2026-09-24,17.19,17.720005360327395,5.360327396175535e-06
300410.SZ,CHINEXT,2014-12-31,False,False,2026-09-24,2026-09-24,READY_INCREMENTAL,,sina_public_snapshot,2026-09-24,8.79,8.990028125799027,2.812579902666812e-05
300411.SZ,CHINEXT,2014-12-31,False,False,2026-09-24,2026-09-24,READY_INCREMENTAL,,sina_public_snapshot,2026-09-24,8.5,8.210022022176718,2.2022176716873787e-05
300412.SZ,CHINEXT,2014-12-31,False,False,2026-09-24,2026-09-24,READY_INCREMENTAL,,sina_public_snapshot,2026-09-24,4.5,4.51997830410414,2.169589585943044e-05
300413.SZ,CHINEXT,2015-01-21,False,False,2026-09-24,2026-09-24,READY_INCREMENTAL,,sina_public_snapshot,2026-09-24,19.0,19.329962459178173,3.754082182538809e-05
300414.SZ,CHINEXT,2015-05-13,False,False,2026-09-24,2026-09-24,READY_INCREMENTAL,,sina_public_snapshot,2026-09-24,10.97,11.160055749412496,5.5749412494421335e-05
300415.SZ,CHINEXT,2015-01-23,False,False,2026-09-24,2026-09-24,READY_INCREMENTAL,,sina_public_snapshot,2026-09-24,18.95,19.14992521928938,7.478071061939318e-05
300416.SZ,CHINEXT,2015-01-22,False,False,2026-09-24,2026-09-24,READY_INCREMENTAL,,sina_public_snapshot,2026-09-24,14.22,14.410068807571877,6.880757187488484e-05
300417.SZ,CHINEXT,2015-01-23,False,False,2026-09-24,2026-09-24,READY_INCREMENTAL,,sina_public_snapshot,2026-09-24,12.23,12.049973397442214,2.6602557786858935e-05
300418.SZ,CHINEXT,2015-01-21,False,False,2026-09-24,2026-09-24,READY_INCREMENTAL,,sina_public_snapshot,2026-09-24,41.76,42.88002628660615,2.6286606150449643e-05
300419.SZ,CHINEXT,2015-01-22,True,False,2026-09-24,2026-09-24,READY_INCREMENTAL,,sina_public_snapshot,2026-09-24,7.44,7.580002648925658,2.648925657489088e-06
300420.SZ,CHINEXT,2015-02-17,False,False,2026-09-24,2026-09-24,READY_INCREMENTAL,,sina_public_snapshot,2026-09-24,7.92,8.09998159095093,1.8409049069134653e-05
300421.SZ,CHINEXT,2015-02-17,False,False,2026-09-24,2026-09-24,READY_INCREMENTAL,,sina_public_snapshot,2026-09-24,17.3,17.48994075661686,5.92433831378969e-05
300422.SZ,CHINEXT,2015-02-17,False,False,2026-09-24,2026-09-24,READY_INCREMENTAL,,sina_public_snapshot,2026-09-24,4.06,4.020000990148027,9.901480275686936e-07
300423.SZ,CHINEXT,2015-02-17,False,False,2026-09-24,2026-09-24,READY_INCREMENTAL,,sina_public_snapshot,2026-09-24,5.41,5.439974258162476,2.574183752468429e-05
300424.SZ,CHINEXT,2015-04-22,False,False,2026-09-24,2026-09-24,READY_INCREMENTAL,,sina_public_snapshot,2026-09-24,13.52,13.739977032286912,2.2967713087851397e-05
300425.SZ,CHINEXT,2015-02-16,False,False,2026-09-24,2026-09-24,READY_INCREMENTAL,,sina_public_snapshot,2026-09-24,4.05,4.0,0.0
300426.SZ,CHINEXT,2015-02-17,False,False,2026-09-24,2026-09-24,READY_INCREMENTAL,,sina_public_snapshot,2026-09-24,7.85,8.090031226489957,3.122648995734778e-05
300427.SZ,CHINEXT,2015-02-17,False,False,2026-09-24,2026-09-24,READY_INCREMENTAL,,sina_public_snapshot,2026-09-24,6.46,6.310011037635406,1.1037635406552226e-05
300428.SZ,CHINEXT,2015-03-19,False,False,2026-09-24,2026-09-24,READY_INCREMENTAL,,sina_public_snapshot,2026-09-24,19.38,19.509936174925,6.382507500291013e-05
300429.SZ,CHINEXT,2015-03-24,False,False,2026-09-24,2026-09-24,READY_INCREMENTAL,,sina_public_snapshot,2026-09-24,11.51,11.679943173169615,5.682683038266134e-05
300430.SZ,CHINEXT,2015-03-19,True,False,2026-09-24,2026-09-24,READY_INCREMENTAL,,sina_public_snapshot,2026-09-24,4.59,4.6300032278889605,3.2278889605663608e-06
300432.SZ,CHINEXT,2015-03-19,False,False,2026-09-24,2026-09-24,READY_INCREMENTAL,,sina_public_snapshot,2026-09-24,13.06,13.250005072743138,5.072743137546354e-06
300433.SZ,CHINEXT,2015-03-18,False,False,2026-09-24,2026-09-24,READY_INCREMENTAL,,sina_public_snapshot,2026-09-24,32.87,34.039953191180885,4.680881911411916e-05
300434.SZ,CHINEXT,2015-04-24,False,False,2026-09-24,2026-09-24,READY_INCREMENTAL,,sina_public_snapshot,2026-09-24,12.41,12.57995519468013,4.4805319870278026e-05
300435.SZ,CHINEXT,2015-03-26,False,False,2026-09-24,2026-09-24,READY_INCREMENTAL,,sina_public_snapshot,2026-09-24,16.24,16.469920084377915,7.991562208431446e-05
300436.SZ,CHINEXT,2015-04-22,False,False,2026-09-24,2026-09-24,READY_INCREMENTAL,,sina_public_snapshot,2026-09-24,84.68,87.07992266875078,7.733124921571743e-05
300437.SZ,CHINEXT,2015-04-23,False,False,2026-09-24,2026-09-24,READY_INCREMENTAL,,sina_public_snapshot,2026-09-24,10.73,10.829960535744926,3.946425507450613e-05
300438.SZ,CHINEXT,2015-04-24,False,False,2026-09-24,2026-09-24,READY_INCREMENTAL,,sina_public_snapshot,2026-09-24,48.9,50.43004764556649,4.764556648950702e-05
300439.SZ,CHINEXT,2015-04-22,False,False,2026-09-24,2026-09-24,READY_INCREMENTAL,,sina_public_snapshot,2026-09-24,10.33,10.05998987183982,1.0128160180755684e-05
300440.SZ,CHINEXT,2015-04-23,False,False,2026-09-24,2026-09-24,READY_INCREMENTAL,,sina_public_snapshot,2026-09-24,17.13,17.530035408010804,3.540801080248457e-05
300441.SZ,CHINEXT,2015-04-23,False,False,2026-09-24,2026-09-24,READY_INCREMENTAL,,sina_public_snapshot,2026-09-24,7.14,7.090015391489995,1.5391489995408847e-05
300442.SZ,CHINEXT,2015-04-24,False,False,2026-09-24,2026-09-24,READY_INCREMENTAL,,sina_public_snapshot,2026-09-24,68.01,66.73993896156148,6.103843851690272e-05
300443.SZ,CHINEXT,2015-04-22,False,False,2026-09-24,2026-09-24,READY_INCREMENTAL,,sina_public_snapshot,2026-09-24,19.95,19.55997411612448,2.588387552293625e-05
300444.SZ,CHINEXT,2015-04-23,False,False,2026-09-24,2026-09-24,READY_INCREMENTAL,,sina_public_snapshot,2026-09-24,8.64,8.769970969772022,2.903022797795529e-05
300445.SZ,CHINEXT,2015-04-24,False,False,2026-09-24,2026-09-24,READY_INCREMENTAL,,sina_public_snapshot,2026-09-24,19.05,19.21001946211945,1.9462119453805823e-05
300446.SZ,CHINEXT,2015-04-23,False,False,2026-09-24,2026-09-24,READY_INCREMENTAL,,sina_public_snapshot,2026-09-24,12.67,12.86999979684294,2.0315705917539617e-07
300447.SZ,CHINEXT,2015-04-22,False,False,2026-09-24,2026-09-24,READY_INCREMENTAL,,sina_public_snapshot,2026-09-24,14.06,14.079993590899075,6.409100922866173e-06
300448.SZ,CHINEXT,2015-04-24,False,False,2026-09-24,2026-09-24,READY_INCREMENTAL,,sina_public_snapshot,2026-09-24,5.58,5.6400097032425,9.703242500158638e-06
300449.SZ,CHINEXT,2015-04-22,False,False,2026-09-24,2026-09-24,READY_INCREMENTAL,,sina_public_snapshot,2026-09-24,6.73,6.669970267591676,2.9732408323823734e-05
300450.SZ,CHINEXT,2015-05-18,False,False,2026-09-24,2026-09-24,READY_INCREMENTAL,,sina_public_snapshot,2026-09-24,32.11,32.41011768980762,0.0001176898076238
300451.SZ,CHINEXT,2015-05-14,False,False,2026-09-24,2026-09-24,READY_INCREMENTAL,,sina_public_snapshot,2026-09-24,3.45,3.4799975791321187,2.420867881269828e-06
300452.SZ,CHINEXT,2015-05-15,False,False,2026-09-24,2026-09-24,READY_INCREMENTAL,,sina_public_snapshot,2026-09-24,13.12,13.280024292727363,2.429272736392818e-05
300453.SZ,CHINEXT,2015-05-15,False,False,2026-09-24,2026-09-24,READY_INCREMENTAL,,sina_public_snapshot,2026-09-24,9.02,9.080018925094876,1.8925094876109935e-05
300454.SZ,CHINEXT,2018-05-16,False,False,2026-09-24,2026-09-24,READY_INCREMENTAL,,sina_public_snapshot,2026-09-24,141.99,146.42975002062536,0.0002499793746437
300455.SZ,CHINEXT,2015-05-15,False,False,2026-09-24,2026-09-24,READY_INCREMENTAL,,sina_public_snapshot,2026-09-24,16.94,17.000010035425053,1.003542505273458e-05
300456.SZ,CHINEXT,2015-05-14,False,False,2026-09-24,2026-09-24,READY_INCREMENTAL,,sina_public_snapshot,2026-09-24,37.54,39.00016622340426,0.0001662234042569
300457.SZ,CHINEXT,2015-05-14,False,False,2026-09-24,2026-09-24,READY_INCREMENTAL,,sina_public_snapshot,2026-09-24,20.87,21.24994908972427,5.091027572845519e-05
300458.SZ,CHINEXT,2015-05-15,False,False,2026-09-24,2026-09-24,READY_INCREMENTAL,,sina_public_snapshot,2026-09-24,33.41,33.76998807285665,1.1927143354739655e-05
300459.SZ,CHINEXT,2015-05-15,False,False,2026-09-24,2026-09-24,READY_INCREMENTAL,,sina_public_snapshot,2026-09-24,3.49,3.549994914047401,5.085952598626875e-06
300460.SZ,CHINEXT,2015-05-15,True,False,2026-09-24,2026-09-24,READY_INCREMENTAL,,sina_public_snapshot,2026-09-24,9.06,9.130027309463586,2.730946358475705e-05
300461.SZ,CHINEXT,2015-05-19,False,False,2026-09-24,2026-09-24,READY_INCREMENTAL,,sina_public_snapshot,2026-09-24,35.95,36.21983779154703,0.0001622084529699
300462.SZ,CHINEXT,2015-05-27,True,False,2026-09-24,2026-09-24,READY_INCREMENTAL,,sina_public_snapshot,2026-09-24,11.49,11.620028114602402,2.811460240259578e-05
300463.SZ,CHINEXT,2015-05-28,False,False,2026-09-24,2026-09-24,READY_INCREMENTAL,,sina_public_snapshot,2026-09-24,9.3,9.400016172070837,1.6172070834485908e-05
300464.SZ,CHINEXT,2015-06-10,False,False,2026-09-24,2026-09-24,READY_INCREMENTAL,,sina_public_snapshot,2026-09-24,11.44,12.000041958188664,4.195818866392642e-05
300465.SZ,CHINEXT,2015-05-28,False,False,2026-09-24,2026-09-24,READY_INCREMENTAL,,sina_public_snapshot,2026-09-24,11.13,11.31005609300057,5.609300056974576e-05
300466.SZ,CHINEXT,2015-05-28,False,False,2026-09-24,2026-09-24,READY_INCREMENTAL,,sina_public_snapshot,2026-09-24,7.13,7.13,0.0
300467.SZ,CHINEXT,2015-05-27,False,False,2026-09-24,2026-09-24,READY_INCREMENTAL,,sina_public_snapshot,2026-09-24,32.68,33.450019447685726,1.94476857231507e-05
300468.SZ,CHINEXT,2015-05-27,False,False,2026-09-24,2026-09-24,READY_INCREMENTAL,,sina_public_snapshot,2026-09-24,21.22,21.930096525495543,9.652549554317602e-05
300469.SZ,CHINEXT,2015-06-11,False,False,2026-09-24,2026-09-24,READY_INCREMENTAL,,sina_public_snapshot,2026-09-24,48.89,50.63015854934085,0.0001585493408455
300470.SZ,CHINEXT,2015-06-12,False,False,2026-09-24,2026-09-24,READY_INCREMENTAL,,sina_public_snapshot,2026-09-24,27.62,27.9500905696273,9.056962730014106e-05
300471.SZ,CHINEXT,2015-06-11,False,False,2026-09-24,2026-09-24,READY_INCREMENTAL,,sina_public_snapshot,2026-09-24,9.97,9.97,0.0
300472.SZ,CHINEXT,2015-06-11,True,False,2026-09-24,2026-09-24,READY_INCREMENTAL,,sina_public_snapshot,2026-09-24,6.87,6.920031830131853,3.1830131852927934e-05
300473.SZ,CHINEXT,2015-06-12,False,False,2026-09-24,2026-09-24,READY_INCREMENTAL,,sina_public_snapshot,2026-09-24,36.36,36.42994549535108,5.450464892220453e-05
300474.SZ,CHINEXT,2016-03-31,False,False,2026-09-24,2026-09-24,READY_INCREMENTAL,,sina_public_snapshot,2026-09-24,52.58,53.28010052084389,0.0001005208438868
300475.SZ,CHINEXT,2015-06-10,False,False,2026-09-24,2026-09-24,READY_INCREMENTAL,,sina_public_snapshot,2026-09-24,172.87,179.0304373491855,0.0004373491854892
300476.SZ,CHINEXT,2015-06-11,False,False,2026-09-24,2026-09-24,READY_INCREMENTAL,,sina_public_snapshot,2026-09-24,232.69,244.299092894339,0.0009071056610139
300477.SZ,CHINEXT,2015-06-10,True,False,2026-09-24,2026-09-24,READY_INCREMENTAL,,sina_public_snapshot,2026-09-24,2.64,2.680012587937913,1.2587937912922342e-05
300478.SZ,CHINEXT,2015-06-10,False,False,2026-09-24,2026-09-24,READY_INCREMENTAL,,sina_public_snapshot,2026-09-24,34.77,36.25992011763356,7.988236643541313e-05
300479.SZ,CHINEXT,2015-06-12,False,False,2026-09-24,2026-09-24,READY_INCREMENTAL,,sina_public_snapshot,2026-09-24,14.76,14.870038283296392,3.828329639254946e-05
300480.SZ,CHINEXT,2015-07-02,False,False,2026-09-24,2026-09-24,READY_INCREMENTAL,,sina_public_snapshot,2026-09-24,32.15,32.93989877256613,0.0001012274338663
300481.SZ,CHINEXT,2015-06-30,False,False,2026-09-24,2026-09-24,READY_INCREMENTAL,,sina_public_snapshot,2026-09-24,14.04,14.31003027121788,3.027121788079512e-05
300482.SZ,CHINEXT,2015-06-30,False,False,2026-09-24,2026-09-24,READY_INCREMENTAL,,sina_public_snapshot,2026-09-24,16.41,16.590001516453523,1.516453522754091e-06
300483.SZ,CHINEXT,2015-06-30,False,False,2026-09-24,2026-09-24,READY_INCREMENTAL,,sina_public_snapshot,2026-09-24,23.14,23.50002031116708,2.0311167080677706e-05
300484.SZ,CHINEXT,2016-03-22,False,False,2026-09-24,2026-09-24,READY_INCREMENTAL,,sina_public_snapshot,2026-09-24,12.85,12.860030824042752,3.0824042752897185e-05
300485.SZ,CHINEXT,2015-06-26,False,False,2026-09-24,2026-09-24,READY_INCREMENTAL,,sina_public_snapshot,2026-09-24,8.51,8.700008178621085,8.178621085264126e-06
300486.SZ,CHINEXT,2015-06-30,False,False,2026-09-24,2026-09-24,READY_INCREMENTAL,,sina_public_snapshot,2026-09-24,17.83,17.799918138346193,8.186165380763555e-05
300487.SZ,CHINEXT,2015-07-02,False,False,2026-09-24,2026-09-24,READY_INCREMENTAL,,sina_public_snapshot,2026-09-24,68.71,70.40031147860121,0.0003114786012048
300488.SZ,CHINEXT,2015-07-01,False,False,2026-09-24,2026-09-24,READY_INCREMENTAL,,sina_public_snapshot,2026-09-24,37.51,38.15015967942068,0.0998403205793252
300489.SZ,CHINEXT,2015-07-01,False,False,2026-09-24,2026-09-24,READY_INCREMENTAL,,sina_public_snapshot,2026-09-24,271.15,264.01885083884287,0.0011491611571159
300490.SZ,CHINEXT,2015-12-31,False,False,2026-09-24,2026-09-24,READY_INCREMENTAL,,sina_public_snapshot,2026-09-24,10.59,10.7800523224447,5.232244470043668e-05
300491.SZ,CHINEXT,2015-12-31,False,False,2026-09-24,2026-09-24,READY_INCREMENTAL,,sina_public_snapshot,2026-09-24,38.32,37.11991320604845,8.679395154587155e-05
300492.SZ,CHINEXT,2015-12-23,False,False,2026-09-24,2026-09-24,READY_INCREMENTAL,,sina_public_snapshot,2026-09-24,21.96,21.860099345988832,9.934598883276637e-05
300493.SZ,CHINEXT,2015-12-10,False,False,2026-09-24,2026-09-24,READY_INCREMENTAL,,sina_public_snapshot,2026-09-24,13.14,13.27997089321448,2.91067855187066e-05
300494.SZ,CHINEXT,2015-12-31,False,False,2026-09-24,2026-09-24,READY_INCREMENTAL,,sina_public_snapshot,2026-09-24,7.94,8.049962487580348,3.751241965233021e-05
300496.SZ,CHINEXT,2015-12-10,False,False,2026-09-24,2026-09-24,READY_INCREMENTAL,,sina_public_snapshot,2026-09-24,55.04,56.11001804410101,1.80441010044774e-05
300497.SZ,CHINEXT,2015-12-22,False,False,2026-09-24,2026-09-24,READY_INCREMENTAL,,sina_public_snapshot,2026-09-24,18.58,19.990101779527897,0.000101779527899
300498.SZ,CHINEXT,2015-11-02,False,False,2026-09-24,2026-09-24,READY_INCREMENTAL,,sina_public_snapshot,2026-09-24,14.51,14.78997421182994,2.5788170058049783e-05
300499.SZ,CHINEXT,2016-02-02,False,False,2026-09-24,2026-09-24,READY_INCREMENTAL,,sina_public_snapshot,2026-09-24,35.92,36.02013597801889,0.0001359780188892
300500.SZ,CHINEXT,2016-02-04,False,False,2026-09-24,2026-09-24,READY_INCREMENTAL,,sina_public_snapshot,2026-09-24,9.65,9.480023184305404,2.3184305403489706e-05
300501.SZ,CHINEXT,2016-02-04,False,False,2026-09-24,2026-09-24,READY_INCREMENTAL,,sina_public_snapshot,2026-09-24,9.45,9.439993606776817,6.39322318463087e-06
300502.SZ,CHINEXT,2016-03-03,False,False,2026-09-24,2026-09-24,READY_INCREMENTAL,,sina_public_snapshot,2026-09-24,435.0,451.1980085053418,0.0019914946581707
300503.SZ,CHINEXT,2016-03-09,False,False,2026-09-24,2026-09-24,READY_INCREMENTAL,,sina_public_snapshot,2026-09-24,65.32,67.16018918363149,0.0001891836314911
300504.SZ,CHINEXT,2018-03-30,False,False,2026-09-24,2026-09-24,READY_INCREMENTAL,,sina_public_snapshot,2026-09-24,18.64,18.94000975451146,9.754511459902916e-06
300505.SZ,CHINEXT,2016-03-15,False,False,2026-09-24,2026-09-24,READY_INCREMENTAL,,sina_public_snapshot,2026-09-24,18.77,18.959978989474536,2.101052546521487e-05
300506.SZ,CHINEXT,2016-03-24,False,False,2026-09-24,2026-09-24,READY_INCREMENTAL,,sina_public_snapshot,2026-09-24,5.0,4.990019960079841,1.9960079840508627e-05
300507.SZ,CHINEXT,2016-04-29,False,False,2026-09-24,2026-09-24,READY_INCREMENTAL,,sina_public_snapshot,2026-09-24,6.38,6.479986186863301,1.3813136699347696e-05
300508.SZ,CHINEXT,2016-04-19,False,False,2026-09-24,2026-09-24,READY_INCREMENTAL,,sina_public_snapshot,2026-09-24,39.05,39.53989935298346,0.0001006470165378
300509.SZ,CHINEXT,2016-04-25,False,False,2026-09-24,2026-09-24,READY_INCREMENTAL,,sina_public_snapshot,2026-09-24,8.83,8.860035520414204,3.552041420462615e-05
300510.SZ,CHINEXT,2016-05-06,False,False,2026-09-24,2026-09-24,READY_INCREMENTAL,,sina_public_snapshot,2026-09-24,3.38,3.360007952681545,7.952681545297935e-06
300511.SZ,CHINEXT,2016-05-04,False,False,2026-09-24,2026-09-24,READY_INCREMENTAL,,sina_public_snapshot,2026-09-24,4.84,4.930022205471917,2.2205471917224884e-05
300512.SZ,CHINEXT,2016-05-26,False,False,2026-09-24,2026-09-24,READY_INCREMENTAL,,sina_public_snapshot,2026-09-24,7.62,7.459983356992511,1.66430074886037e-05
300513.SZ,CHINEXT,2016-05-30,False,False,2026-09-24,2026-09-24,READY_INCREMENTAL,,sina_public_snapshot,2026-09-24,7.35,7.36000961307378,9.613073779668468e-06
300514.SZ,CHINEXT,2017-04-26,False,False,2026-09-24,2026-09-24,REPAIRED_FULL_HISTORY,QFQ_CONTINUITY_BREAK,sina_daily,2026-09-24,9.91,9.90000099899102,0.4999990010089803
300515.SZ,CHINEXT,2016-06-08,False,False,2026-09-24,2026-09-24,READY_INCREMENTAL,,sina_public_snapshot,2026-09-24,16.88,17.510010165764196,1.0165764194880468e-05
300516.SZ,CHINEXT,2016-06-02,False,False,2026-09-24,2026-09-24,READY_INCREMENTAL,,sina_public_snapshot,2026-09-24,35.61,35.99005498059508,5.498059508113329e-05
300517.SZ,CHINEXT,2016-07-19,False,False,2026-09-24,2026-09-24,READY_INCREMENTAL,,sina_public_snapshot,2026-09-24,11.77,12.26003354061852,3.354061852078871e-05
300518.SZ,CHINEXT,2016-06-24,False,False,2026-09-24,2026-09-24,READY_INCREMENTAL,,sina_public_snapshot,2026-09-24,25.57,26.44999120747261,8.792527385281801e-06
300519.SZ,CHINEXT,2016-06-24,False,False,2026-09-24,2026-09-24,READY_INCREMENTAL,,sina_public_snapshot,2026-09-24,14.56,14.59005551435958,5.551435958039974e-05
300520.SZ,CHINEXT,2016-07-08,False,False,2026-09-24,2026-09-24,READY_INCREMENTAL,,sina_public_snapshot,2026-09-24,23.87,25.660044719642244,4.4719642243507e-05
300521.SZ,CHINEXT,2016-07-05,False,False,2026-09-24,2026-09-24,READY_INCREMENTAL,,sina_public_snapshot,2026-09-24,25.0,25.400050800101603,5.0800101604409065e-05
300522.SZ,CHINEXT,2016-07-05,False,False,2026-09-24,2026-09-24,READY_INCREMENTAL,,sina_public_snapshot,2026-09-24,15.75,15.669926674692324,7.332530767634182e-05
300523.SZ,CHINEXT,2016-07-26,False,False,2026-09-24,2026-09-24,READY_INCREMENTAL,,sina_public_snapshot,2026-09-24,22.01,22.87989355288052,0.0001064471194816
300525.SZ,CHINEXT,2016-07-26,False,False,2026-09-24,2026-09-24,READY_INCREMENTAL,,sina_public_snapshot,2026-09-24,7.73,7.809974135143874,2.586485612532385e-05
300527.SZ,CHINEXT,2016-08-05,True,False,2026-09-24,2026-09-24,READY_INCREMENTAL,,sina_public_snapshot,2026-09-24,8.18,8.260039785521705,3.978552170558203e-05
300528.SZ,CHINEXT,2016-08-08,False,False,2026-09-24,2026-09-24,READY_INCREMENTAL,,sina_public_snapshot,2026-09-24,13.59,13.750050588854265,5.058885426301174e-05
300529.SZ,CHINEXT,2016-08-02,False,False,2026-09-24,2026-09-24,READY_INCREMENTAL,,sina_public_snapshot,2026-09-24,14.96,15.169952137584165,4.786241583509821e-05
300530.SZ,CHINEXT,2016-08-09,False,False,2026-09-24,2026-09-24,READY_INCREMENTAL,,sina_public_snapshot,2026-09-24,18.98,19.09994767137624,5.232862375947889e-05
300531.SZ,CHINEXT,2016-08-09,False,False,2026-09-24,2026-09-24,READY_INCREMENTAL,,sina_public_snapshot,2026-09-24,15.23,15.400016178611876,1.6178611875972138e-05
300532.SZ,CHINEXT,2016-08-18,False,False,2026-09-24,2026-09-24,READY_INCREMENTAL,,sina_public_snapshot,2026-09-24,7.41,7.360025427348305,2.5427348304241093e-05
300533.SZ,CHINEXT,2016-08-18,False,False,2026-09-24,2026-09-24,READY_INCREMENTAL,,sina_public_snapshot,2026-09-24,13.92,14.10005773730539,5.773730539004873e-05
300534.SZ,CHINEXT,2016-09-13,False,False,2026-09-24,2026-09-24,READY_INCREMENTAL,,sina_public_snapshot,2026-09-24,13.84,13.739972996584862,2.7003415137727416e-05
300535.SZ,CHINEXT,2016-08-12,False,False,2026-09-24,2026-09-24,READY_INCREMENTAL,,sina_public_snapshot,2026-09-24,15.82,15.839958347517872,4.165248212650852e-05
300536.SZ,CHINEXT,2016-09-20,False,False,2026-09-24,2026-09-24,READY_INCREMENTAL,,sina_public_snapshot,2026-09-24,8.35,8.45997973657548,2.026342452055019e-05
300537.SZ,CHINEXT,2016-08-30,False,False,2026-09-24,2026-09-24,READY_INCREMENTAL,,sina_public_snapshot,2026-09-24,21.24,21.580102414045356,0.0001024140453544
300538.SZ,CHINEXT,2016-08-26,False,False,2026-09-24,2026-09-24,READY_INCREMENTAL,,sina_public_snapshot,2026-09-24,15.2,15.620022402400547,2.2402400549736967e-05
300539.SZ,CHINEXT,2016-08-30,False,False,2026-09-24,2026-09-24,READY_INCREMENTAL,,sina_public_snapshot,2026-09-24,17.92,18.3399856718862,1.432811380297494e-05
300540.SZ,CHINEXT,2016-08-23,False,False,2026-09-24,2026-09-24,READY_INCREMENTAL,,sina_public_snapshot,2026-09-24,26.49,26.56997562663617,2.4373363828544825e-05
300541.SZ,CHINEXT,2016-09-13,False,False,2026-09-24,2026-09-24,READY_INCREMENTAL,,sina_public_snapshot,2026-09-24,9.42,9.549975161954196,2.4838045803221576e-05
300542.SZ,CHINEXT,2016-09-20,False,False,2026-09-24,2026-09-24,READY_INCREMENTAL,,sina_public_snapshot,2026-09-24,12.25,12.439958161120307,4.183887969233524e-05
300543.SZ,CHINEXT,2016-09-08,False,False,2026-09-24,2026-09-24,READY_INCREMENTAL,,sina_public_snapshot,2026-09-24,7.87,7.849982544511495,1.745548850440315e-05
300545.SZ,CHINEXT,2016-09-28,False,False,2026-09-24,2026-09-24,READY_INCREMENTAL,,sina_public_snapshot,2026-09-24,27.72,29.599888947025597,0.0001110529744074
300546.SZ,CHINEXT,2016-09-28,False,False,2026-09-24,2026-09-24,READY_INCREMENTAL,,sina_public_snapshot,2026-09-24,16.65,16.83008187607399,8.187607399179342e-05
300547.SZ,CHINEXT,2016-09-30,False,False,2026-09-24,2026-09-24,READY_INCREMENTAL,,sina_public_snapshot,2026-09-24,24.55,24.97990415042888,9.584957112096504e-05
300548.SZ,CHINEXT,2016-10-12,False,False,2026-09-24,2026-09-24,READY_INCREMENTAL,,sina_public_snapshot,2026-09-24,231.02,239.0002172541149,0.000217254114915
300549.SZ,CHINEXT,2016-09-30,False,False,2026-09-24,2026-09-24,READY_INCREMENTAL,,sina_public_snapshot,2026-09-24,14.95,14.789972497576224,2.7502423774805607e-05
300550.SZ,CHINEXT,2016-10-18,False,False,2026-09-24,2026-09-24,READY_INCREMENTAL,,sina_public_snapshot,2026-09-24,14.06,14.39998361310542,1.63868945808332e-05
300551.SZ,CHINEXT,2016-10-18,False,False,2026-09-24,2026-09-24,READY_INCREMENTAL,,sina_public_snapshot,2026-09-24,11.71,11.890014824442057,1.4824442054361953e-05
300552.SZ,CHINEXT,2016-10-21,False,False,2026-09-24,2026-09-24,READY_INCREMENTAL,,sina_public_snapshot,2026-09-24,20.03,20.21007173919624,7.173919623681968e-05
300553.SZ,CHINEXT,2016-10-21,False,False,2026-09-24,2026-09-24,READY_INCREMENTAL,,sina_public_snapshot,2026-09-24,65.71,67.25002558591751,2.5585917512671585e-05
300554.SZ,CHINEXT,2017-04-21,False,False,2026-09-24,2026-09-24,READY_INCREMENTAL,,sina_public_snapshot,2026-09-24,23.91,23.899962015953296,3.798404670263267e-05
300555.SZ,CHINEXT,2016-10-18,True,False,2026-09-24,2026-09-24,READY_INCREMENTAL,,sina_public_snapshot,2026-09-24,12.45,12.3499652812221,3.471877789884559e-05
300556.SZ,CHINEXT,2016-11-04,False,False,2026-09-24,2026-09-24,READY_INCREMENTAL,,sina_public_snapshot,2026-09-24,15.98,16.06999195494771,8.045052290128751e-06
300557.SZ,CHINEXT,2016-11-01,False,False,2026-09-24,2026-09-24,READY_INCREMENTAL,,sina_public_snapshot,2026-09-24,25.09,25.839873117880902,0.000126882119094
300558.SZ,CHINEXT,2016-11-07,False,False,2026-09-24,2026-09-24,READY_INCREMENTAL,,sina_public_snapshot,2026-09-24,48.23,50.360238070376944,0.0002380703769446
300559.SZ,CHINEXT,2016-11-01,False,False,2026-09-24,2026-09-24,READY_INCREMENTAL,,sina_public_snapshot,2026-09-24,12.72,13.000020440283713,2.044028371095408e-05
300560.SZ,CHINEXT,2016-11-01,False,False,2026-09-24,2026-09-24,READY_INCREMENTAL,,sina_public_snapshot,2026-09-24,17.19,18.080082459480213,8.245948021468053e-05
300561.SZ,CHINEXT,2016-11-17,False,False,2026-09-24,2026-09-24,READY_INCREMENTAL,,sina_public_snapshot,2026-09-24,14.73,15.500042091085108,4.209108510799808e-05
300562.SZ,CHINEXT,2016-11-16,False,False,2026-09-24,2026-09-24,READY_INCREMENTAL,,sina_public_snapshot,2026-09-24,17.35,17.200015861686097,1.5861686097906613e-05
300563.SZ,CHINEXT,2016-11-14,False,False,2026-09-24,2026-09-24,READY_INCREMENTAL,,sina_public_snapshot,2026-09-24,25.77,26.64998241949161,1.7580508384185123e-05
300564.SZ,CHINEXT,2019-11-08,False,False,2026-09-24,2026-09-24,READY_INCREMENTAL,,sina_public_snapshot,2026-09-24,12.49,12.610047653662871,4.7653662871738334e-05
300565.SZ,CHINEXT,2016-11-22,False,False,2026-09-24,2026-09-24,REPAIRED_FULL_HISTORY,PRIOR_QUARANTINE_RETRY,sina_daily,2026-09-24,9.78,,
300566.SZ,CHINEXT,2016-11-15,False,False,2026-09-24,2026-09-24,READY_INCREMENTAL,,sina_public_snapshot,2026-09-24,26.14,27.570058958159745,5.8958159744548766e-05
300567.SZ,CHINEXT,2016-11-22,False,False,2026-09-24,2026-09-24,READY_INCREMENTAL,,sina_public_snapshot,2026-09-24,202.7,210.6805803849832,0.0005803849831522
300568.SZ,CHINEXT,2016-12-01,False,False,2026-09-24,2026-09-24,READY_INCREMENTAL,,sina_public_snapshot,2026-09-24,17.5,17.000029142907103,2.914290710265277e-05
300569.SZ,CHINEXT,2016-11-25,False,False,2026-09-24,2026-09-24,READY_INCREMENTAL,,sina_public_snapshot,2026-09-24,5.28,4.93998110082988,1.8899170120434405e-05
300570.SZ,CHINEXT,2016-12-06,False,False,2026-09-24,2026-09-24,READY_INCREMENTAL,,sina_public_snapshot,2026-09-24,219.11,226.18039928154096,0.0003992815409787
300571.SZ,CHINEXT,2016-12-13,False,False,2026-09-24,2026-09-24,READY_INCREMENTAL,,sina_public_snapshot,2026-09-24,29.1,29.409981201867687,1.879813231298044e-05
300572.SZ,CHINEXT,2016-12-06,False,False,2026-09-24,2026-09-24,READY_INCREMENTAL,,sina_public_snapshot,2026-09-24,24.58,24.85012081323992,0.000120813239917
300573.SZ,CHINEXT,2016-12-08,False,False,2026-09-24,2026-09-24,READY_INCREMENTAL,,sina_public_snapshot,2026-09-24,35.88,36.67999059487421,9.405125787509404e-06
300575.SZ,CHINEXT,2016-12-20,False,False,2026-09-24,2026-09-24,READY_INCREMENTAL,,sina_public_snapshot,2026-09-24,6.25,6.320025886826032,2.588682603210657e-05
300576.SZ,CHINEXT,2016-12-20,False,False,2026-09-24,2026-09-24,READY_INCREMENTAL,,sina_public_snapshot,2026-09-24,29.11,29.88000780103261,7.801032609222602e-06
300577.SZ,CHINEXT,2016-12-21,False,False,2026-09-24,2026-09-24,READY_INCREMENTAL,,sina_public_snapshot,2026-09-24,19.34,19.399945832622805,5.4167377193437005e-05
300578.SZ,CHINEXT,2017-01-25,False,False,2026-09-24,2026-09-24,READY_INCREMENTAL,,sina_public_snapshot,2026-09-24,15.5,15.900045135611997,4.513561199637195e-05
300579.SZ,CHINEXT,2016-12-23,False,False,2026-09-24,2026-09-24,READY_INCREMENTAL,,sina_public_snapshot,2026-09-24,23.23,23.869953452049447,4.654795055358818e-05
300580.SZ,CHINEXT,2017-01-11,False,False,2026-09-24,2026-09-24,READY_INCREMENTAL,,sina_public_snapshot,2026-09-24,18.46,18.830009690416688,9.690416689522864e-06
300581.SZ,CHINEXT,2016-12-20,False,False,2026-09-24,2026-09-24,READY_INCREMENTAL,,sina_public_snapshot,2026-09-24,10.08,10.150035243177928,3.524317792802378e-05
300582.SZ,CHINEXT,2016-12-28,False,False,2026-09-24,2026-09-24,READY_INCREMENTAL,,sina_public_snapshot,2026-09-24,10.6,10.70004542472114,4.542472114188456e-05
300583.SZ,CHINEXT,2017-01-06,False,False,2026-09-24,2026-09-24,READY_INCREMENTAL,,sina_public_snapshot,2026-09-24,13.52,13.83007017328505,7.017328504943521e-05
300584.SZ,CHINEXT,2017-01-12,False,False,2026-09-24,2026-09-24,READY_INCREMENTAL,,sina_public_snapshot,2026-09-24,30.24,31.29009560862547,9.560862547175476e-05
300585.SZ,CHINEXT,2016-12-29,False,False,2026-09-24,2026-09-24,READY_INCREMENTAL,,sina_public_snapshot,2026-09-24,16.86,16.040033488088895,3.3488088895694545e-05
300586.SZ,CHINEXT,2017-01-04,False,False,2026-09-24,2026-09-24,READY_INCREMENTAL,,sina_public_snapshot,2026-09-24,9.37,9.749955776614671,4.422338532705794e-05
300587.SZ,CHINEXT,2017-01-05,False,False,2026-09-24,2026-09-24,READY_INCREMENTAL,,sina_public_snapshot,2026-09-24,4.79,5.139981328669077,1.86713309222597e-05
300588.SZ,CHINEXT,2017-01-05,False,False,2026-09-24,2026-09-24,READY_INCREMENTAL,,sina_public_snapshot,2026-09-24,21.76,22.42998361044396,1.6389556037665898e-05
300589.SZ,CHINEXT,2017-01-13,False,False,2026-09-24,2026-09-24,READY_INCREMENTAL,,sina_public_snapshot,2026-09-24,13.6,13.589943441853029,5.655814697114181e-05
300590.SZ,CHINEXT,2017-01-11,False,False,2026-09-24,2026-09-24,READY_INCREMENTAL,,sina_public_snapshot,2026-09-24,11.62,11.769949152199016,5.084780098485453e-05
300591.SZ,CHINEXT,2017-01-10,False,False,2026-09-24,2026-09-24,READY_INCREMENTAL,,sina_public_snapshot,2026-09-24,6.47,6.54997519715729,2.480284270944821e-05
300592.SZ,CHINEXT,2017-01-20,False,False,2026-09-24,2026-09-24,READY_INCREMENTAL,,sina_public_snapshot,2026-09-24,19.86,20.700006253778323,6.253778323639381e-06
300593.SZ,CHINEXT,2017-01-13,False,False,2026-09-24,2026-09-24,READY_INCREMENTAL,,sina_public_snapshot,2026-09-24,33.42,33.6501671432599,0.000167143259901
300594.SZ,CHINEXT,2019-06-21,True,False,2026-09-24,2026-09-24,READY_INCREMENTAL,,sina_public_snapshot,2026-09-24,15.19,15.179981212399817,1.878760018492187e-05
300595.SZ,CHINEXT,2017-01-17,False,False,2026-09-24,2026-09-24,READY_INCREMENTAL,,sina_public_snapshot,2026-09-24,10.09,10.27003369059615,3.369059615110359e-05
300596.SZ,CHINEXT,2017-01-19,False,False,2026-09-24,2026-09-24,READY_INCREMENTAL,,sina_public_snapshot,2026-09-24,40.68,40.81018448851837,0.0001844885183714
300597.SZ,CHINEXT,2017-01-23,False,False,2026-09-24,2026-09-24,READY_INCREMENTAL,,sina_public_snapshot,2026-09-24,7.95,7.960029637343053,2.963734305261312e-05
300598.SZ,CHINEXT,2017-01-20,False,False,2026-09-24,2026-09-24,READY_INCREMENTAL,,sina_public_snapshot,2026-09-24,30.77,30.849901244222536,9.87557774649872e-05
300599.SZ,CHINEXT,2017-01-23,False,False,2026-09-24,2026-09-24,READY_INCREMENTAL,,sina_public_snapshot,2026-09-24,13.69,12.350022552999548,2.2552999547897912e-05
300600.SZ,CHINEXT,2017-01-25,False,False,2026-09-24,2026-09-24,READY_INCREMENTAL,,sina_public_snapshot,2026-09-24,10.27,10.279971572425252,2.8427574747524886e-05
300601.SZ,CHINEXT,2017-02-07,False,False,2026-09-24,2026-09-24,READY_INCREMENTAL,,sina_public_snapshot,2026-09-24,12.88,13.179976259670092,2.374032990815067e-05
300602.SZ,CHINEXT,2017-01-26,False,False,2026-09-24,2026-09-24,READY_INCREMENTAL,,sina_public_snapshot,2026-09-24,37.47,38.99996877504501,3.122495498786293e-05
300603.SZ,CHINEXT,2017-01-26,False,False,2026-09-24,2026-09-24,READY_INCREMENTAL,,sina_public_snapshot,2026-09-24,8.05,8.12999919204977,8.079502311630904e-07
300604.SZ,CHINEXT,2017-04-17,False,False,2026-09-24,2026-09-24,READY_INCREMENTAL,,sina_public_snapshot,2026-09-24,261.0,271.18010099121005,0.0001009912100471
300605.SZ,CHINEXT,2017-02-08,False,False,2026-09-24,2026-09-24,READY_INCREMENTAL,,sina_public_snapshot,2026-09-24,10.24,10.160040481411292,4.048141129331384e-05
300606.SZ,CHINEXT,2017-02-08,False,False,2026-09-24,2026-09-24,READY_INCREMENTAL,,sina_public_snapshot,2026-09-24,35.98,36.779964221824685,3.577817531663641e-05
300607.SZ,CHINEXT,2017-02-09,False,False,2026-09-24,2026-09-24,READY_INCREMENTAL,,sina_public_snapshot,2026-09-24,32.22,32.40014480511645,0.0001448051164487
300608.SZ,CHINEXT,2017-02-13,False,False,2026-09-24,2026-09-24,READY_INCREMENTAL,,sina_public_snapshot,2026-09-24,9.86,9.89999598377445,4.016225551239927e-06
300609.SZ,CHINEXT,2017-02-15,False,False,2026-09-24,2026-09-24,READY_INCREMENTAL,,sina_public_snapshot,2026-09-24,24.91,25.839980913061066,1.9086938934265163e-05
300610.SZ,CHINEXT,2017-02-13,False,False,2026-09-24,2026-09-24,READY_INCREMENTAL,,sina_public_snapshot,2026-09-24,10.49,10.400039656967234,3.965696723362555e-05
300611.SZ,CHINEXT,2017-02-20,False,False,2026-09-24,2026-09-24,READY_INCREMENTAL,,sina_public_snapshot,2026-09-24,27.82,28.37009616463222,9.61646322181764e-05
300612.SZ,CHINEXT,2017-02-15,False,False,2026-09-24,2026-09-24,READY_INCREMENTAL,,sina_public_snapshot,2026-09-24,12.27,12.320019278269774,1.9278269773437277e-05
300613.SZ,CHINEXT,2017-02-20,False,False,2026-09-24,2026-09-24,READY_INCREMENTAL,,sina_public_snapshot,2026-09-24,86.88,86.58992375541935,7.624458065436102e-05
300614.SZ,CHINEXT,2021-05-25,False,False,2026-09-24,2026-09-24,READY_INCREMENTAL,,sina_public_snapshot,2026-09-24,10.31,10.399959650980987,4.034901901306398e-05
300615.SZ,CHINEXT,2017-02-15,False,False,2026-09-24,2026-09-24,READY_INCREMENTAL,,sina_public_snapshot,2026-09-24,13.86,14.360015748357815,1.574835781781303e-05
300616.SZ,CHINEXT,2017-03-07,False,False,2026-09-24,2026-09-24,READY_INCREMENTAL,,sina_public_snapshot,2026-09-24,10.83,11.060049019607844,4.901960784309267e-05
300617.SZ,CHINEXT,2017-02-28,False,False,2026-09-24,2026-09-24,READY_INCREMENTAL,,sina_public_snapshot,2026-09-24,35.32,35.90014636526264,0.0001463652626441
300618.SZ,CHINEXT,2017-03-06,False,False,2026-09-24,2026-09-24,READY_INCREMENTAL,,sina_public_snapshot,2026-09-24,31.28,32.11004465431402,4.465431401712294e-05
300619.SZ,CHINEXT,2017-03-01,False,False,2026-09-24,2026-09-24,READY_INCREMENTAL,,sina_public_snapshot,2026-09-24,26.69,27.22997031127253,2.9688727465781994e-05
300620.SZ,CHINEXT,2017-03-10,False,False,2026-09-24,2026-09-24,READY_INCREMENTAL,,sina_public_snapshot,2026-09-24,278.0,289.17968668733226,0.0003133126677425
300621.SZ,CHINEXT,2017-03-16,False,False,2026-09-24,2026-09-24,READY_INCREMENTAL,,sina_public_snapshot,2026-09-24,7.09,7.059995021160069,4.978839930558365e-06
300622.SZ,CHINEXT,2017-03-15,False,False,2026-09-24,2026-09-24,READY_INCREMENTAL,,sina_public_snapshot,2026-09-24,15.16,15.409949378926184,5.062107381625936e-05
300623.SZ,CHINEXT,2017-03-14,False,False,2026-09-24,2026-09-24,READY_INCREMENTAL,,sina_public_snapshot,2026-09-24,33.94,34.99005144382932,5.1443829313768674e-05
300624.SZ,CHINEXT,2018-01-18,False,False,2026-09-24,2026-09-24,READY_INCREMENTAL,,sina_public_snapshot,2026-09-24,48.74,50.06008442632211,8.442632211114187e-05
300625.SZ,CHINEXT,2017-03-17,False,False,2026-09-24,2026-09-24,READY_INCREMENTAL,,sina_public_snapshot,2026-09-24,10.02,9.990029910269191,2.9910269192967576e-05
300626.SZ,CHINEXT,2017-03-20,False,False,2026-09-24,2026-09-24,READY_INCREMENTAL,,sina_public_snapshot,2026-09-24,29.12,29.140106673604787,0.0001066736047867
300627.SZ,CHINEXT,2017-03-21,False,False,2026-09-24,2026-09-24,READY_INCREMENTAL,,sina_public_snapshot,2026-09-24,26.28,26.66991414479693,8.585520307136107e-05
300628.SZ,CHINEXT,2017-03-17,False,False,2026-09-24,2026-09-24,READY_INCREMENTAL,,sina_public_snapshot,2026-09-24,40.96,41.52010623308431,0.0001062330843026
300629.SZ,CHINEXT,2017-03-24,False,False,2026-09-24,2026-09-24,READY_INCREMENTAL,,sina_public_snapshot,2026-09-24,19.08,18.200028616397194,2.861639719498044e-05
300631.SZ,CHINEXT,2017-03-23,False,False,2026-09-24,2026-09-24,READY_INCREMENTAL,,sina_public_snapshot,2026-09-24,21.31,21.59002259303162,2.2593031619777548e-05
300632.SZ,CHINEXT,2017-04-06,False,False,2026-09-24,2026-09-24,READY_INCREMENTAL,,sina_public_snapshot,2026-09-24,19.39,19.349945612581955,5.438741804653091e-05
300633.SZ,CHINEXT,2017-04-06,False,False,2026-09-24,2026-09-24,READY_INCREMENTAL,,sina_public_snapshot,2026-09-24,19.26,19.74999743639701,2.563602990335312e-06
300634.SZ,CHINEXT,2018-03-23,False,False,2026-09-24,2026-09-24,READY_INCREMENTAL,,sina_public_snapshot,2026-09-24,21.2,21.85003864983252,3.864983251489207e-05
300635.SZ,CHINEXT,2017-03-31,False,False,2026-09-24,2026-09-24,READY_INCREMENTAL,,sina_public_snapshot,2026-09-24,11.88,11.809966896304912,3.310369508824351e-05
300636.SZ,CHINEXT,2017-03-31,False,False,2026-09-24,2026-09-24,READY_INCREMENTAL,,sina_public_snapshot,2026-09-24,7.04,7.009997211932927,2.788067073211664e-06
300637.SZ,CHINEXT,2017-04-12,False,False,2026-09-24,2026-09-24,READY_INCREMENTAL,,sina_public_snapshot,2026-09-24,9.43,9.440006406791198,6.406791198898532e-06
300638.SZ,CHINEXT,2017-04-13,False,False,2026-09-24,2026-09-24,READY_INCREMENTAL,,sina_public_snapshot,2026-09-24,20.38,20.68993522974153,6.477025847573259e-05
300639.SZ,CHINEXT,2017-04-12,False,False,2026-09-24,2026-09-24,READY_INCREMENTAL,,sina_public_snapshot,2026-09-24,6.22,6.180015301002514,1.5301002513901096e-05
300640.SZ,CHINEXT,2017-04-17,False,False,2026-09-24,2026-09-24,READY_INCREMENTAL,,sina_public_snapshot,2026-09-24,6.41,6.41,0.0
300641.SZ,CHINEXT,2017-04-18,False,False,2026-09-24,2026-09-24,READY_INCREMENTAL,,sina_public_snapshot,2026-09-24,13.42,13.680057900692155,5.790069215727556e-05
300642.SZ,CHINEXT,2017-04-21,False,False,2026-09-24,2026-09-24,READY_INCREMENTAL,,sina_public_snapshot,2026-09-24,20.59,21.440099963554957,9.996355495189846e-05
300643.SZ,CHINEXT,2017-05-05,False,False,2026-09-24,2026-09-24,READY_INCREMENTAL,,sina_public_snapshot,2026-09-24,17.6,18.109976950938428,2.3049061571356333e-05
300644.SZ,CHINEXT,2018-02-06,False,False,2026-09-24,2026-09-24,READY_INCREMENTAL,,sina_public_snapshot,2026-09-24,21.44,21.399982033597173,1.796640282591966e-05
300645.SZ,CHINEXT,2017-04-21,False,False,2026-09-24,2026-09-24,READY_INCREMENTAL,,sina_public_snapshot,2026-09-24,13.92,14.069986051306932,1.394869306814428e-05
300647.SZ,CHINEXT,2017-05-03,False,False,2026-09-24,2026-09-24,READY_INCREMENTAL,,sina_public_snapshot,2026-09-24,9.56,8.54998971497053,1.0285029469869755e-05
300648.SZ,CHINEXT,2017-04-25,False,False,2026-09-24,2026-09-24,READY_INCREMENTAL,,sina_public_snapshot,2026-09-24,39.19,40.50980959665915,0.000190403340845
300649.SZ,CHINEXT,2017-05-05,False,False,2026-09-24,2026-09-24,READY_INCREMENTAL,,sina_public_snapshot,2026-09-24,27.63,28.81006006006006,6.00600600613177e-05
300650.SZ,CHINEXT,2017-05-03,False,False,2026-09-24,2026-09-24,READY_INCREMENTAL,,sina_public_snapshot,2026-09-24,12.68,13.049966551741882,3.344825811879559e-05
300651.SZ,CHINEXT,2017-05-09,False,False,2026-09-24,2026-09-24,READY_INCREMENTAL,,sina_public_snapshot,2026-09-24,16.16,16.1899514101087,4.858989129985503e-05
300652.SZ,CHINEXT,2017-05-16,False,False,2026-09-24,2026-09-24,READY_INCREMENTAL,,sina_public_snapshot,2026-09-24,28.65,29.29987114192796,0.0001288580720419
300653.SZ,CHINEXT,2017-05-16,False,False,2026-09-24,2026-09-24,READY_INCREMENTAL,,sina_public_snapshot,2026-09-24,15.42,15.58993023961177,6.976038823047759e-05
300654.SZ,CHINEXT,2017-09-26,False,False,2026-09-24,2026-09-24,READY_INCREMENTAL,,sina_public_snapshot,2026-09-24,9.57,9.599951849771289,4.815022871262897e-05
300655.SZ,CHINEXT,2017-05-23,False,False,2026-09-24,2026-09-24,READY_INCREMENTAL,,sina_public_snapshot,2026-09-24,13.34,13.649991302479306,8.697520694767036e-06
300656.SZ,CHINEXT,2017-05-19,False,False,2026-09-24,2026-09-24,READY_INCREMENTAL,,sina_public_snapshot,2026-09-24,29.58,30.060059144538275,5.914453827671196e-05
300657.SZ,CHINEXT,2017-05-23,False,False,2026-09-24,2026-09-24,READY_INCREMENTAL,,sina_public_snapshot,2026-09-24,36.04,37.19989265291798,0.0001073470820216
300658.SZ,CHINEXT,2017-06-02,False,False,2026-09-24,2026-09-24,READY_INCREMENTAL,,sina_public_snapshot,2026-09-24,10.56,10.699955416852433,4.458314756838888e-05
300659.SZ,CHINEXT,2017-05-26,False,False,2026-09-24,2026-09-24,READY_INCREMENTAL,,sina_public_snapshot,2026-09-24,10.71,10.87000649561546,6.495615460622162e-06
300660.SZ,CHINEXT,2017-06-02,False,False,2026-09-24,2026-09-24,READY_INCREMENTAL,,sina_public_snapshot,2026-09-24,23.63,23.930083243878236,8.324387823321899e-05
300661.SZ,CHINEXT,2017-06-06,False,False,2026-09-24,2026-09-24,READY_INCREMENTAL,,sina_public_snapshot,2026-09-24,120.55,122.45043068421909,0.0004306842190686
300662.SZ,CHINEXT,2017-06-08,False,False,2026-09-24,2026-09-24,READY_INCREMENTAL,,sina_public_snapshot,2026-09-24,20.6,20.97994683722209,5.316277790612389e-05
300663.SZ,CHINEXT,2017-06-08,False,False,2026-09-24,2026-09-24,READY_INCREMENTAL,,sina_public_snapshot,2026-09-24,7.49,7.5399901345923475,9.865407652576152e-06
300664.SZ,CHINEXT,2018-01-05,False,False,2026-09-24,2026-09-24,READY_INCREMENTAL,,sina_public_snapshot,2026-09-24,4.59,4.619983694175197,1.630582480327547e-05
300665.SZ,CHINEXT,2017-06-13,False,False,2026-09-24,2026-09-24,READY_INCREMENTAL,,sina_public_snapshot,2026-09-24,8.86,8.849999500564362,4.99435637735246e-07
300666.SZ,CHINEXT,2017-06-15,False,False,2026-09-24,2026-09-24,READY_INCREMENTAL,,sina_public_snapshot,2026-09-24,243.62,251.99114586565716,0.0011458656571221
300667.SZ,CHINEXT,2017-06-19,False,False,2026-09-24,2026-09-24,READY_INCREMENTAL,,sina_public_snapshot,2026-09-24,15.15,15.309989389116264,1.0610883736106302e-05
300668.SZ,CHINEXT,2017-06-19,False,False,2026-09-24,2026-09-24,READY_INCREMENTAL,,sina_public_snapshot,2026-09-24,31.76,32.350065189048244,6.518904824304173e-05
300669.SZ,CHINEXT,2017-06-29,False,False,2026-09-24,2026-09-24,READY_INCREMENTAL,,sina_public_snapshot,2026-09-24,25.54,24.679905300285064,9.46997149355866e-05
300670.SZ,CHINEXT,2017-07-03,False,False,2026-09-24,2026-09-24,READY_INCREMENTAL,,sina_public_snapshot,2026-09-24,7.41,7.60999055169864,9.44830135996e-06
300671.SZ,CHINEXT,2017-07-05,False,False,2026-09-24,2026-09-24,READY_INCREMENTAL,,sina_public_snapshot,2026-09-24,60.15,62.25999109832213,8.901677865935653e-06
300672.SZ,CHINEXT,2017-07-12,False,False,2026-09-24,2026-09-24,READY_INCREMENTAL,,sina_public_snapshot,2026-09-24,193.3,201.0693184655072,0.0006815344927701
300673.SZ,CHINEXT,2017-07-11,False,False,2026-09-24,2026-09-24,READY_INCREMENTAL,,sina_public_snapshot,2026-09-24,14.82,15.02996866221109,3.1337788909624464e-05
300674.SZ,CHINEXT,2018-11-07,False,False,2026-09-24,2026-09-24,READY_INCREMENTAL,,sina_public_snapshot,2026-09-24,16.14,16.459982051072856,1.794892714457319e-05
300675.SZ,CHINEXT,2017-07-19,False,False,2026-09-24,2026-09-24,READY_INCREMENTAL,,sina_public_snapshot,2026-09-24,13.1,13.030028745635931,2.8745635933802305e-05
300676.SZ,CHINEXT,2017-07-14,False,False,2026-09-24,2026-09-24,READY_INCREMENTAL,,sina_public_snapshot,2026-09-24,45.12,44.01994165796739,5.834203261656512e-05
300677.SZ,CHINEXT,2017-07-21,False,False,2026-09-24,2026-09-24,READY_INCREMENTAL,,sina_public_snapshot,2026-09-24,49.14,49.79984798581201,0.0001520141879893
300678.SZ,CHINEXT,2017-07-28,False,False,2026-09-24,2026-09-24,READY_INCREMENTAL,,sina_public_snapshot,2026-09-24,21.14,21.57010795257433,0.0001079525743321
300679.SZ,CHINEXT,2017-07-31,False,False,2026-09-24,2026-09-24,READY_INCREMENTAL,,sina_public_snapshot,2026-09-24,44.72,46.21983360033073,0.0001663996692684
300680.SZ,CHINEXT,2017-07-25,False,False,2026-09-24,2026-09-24,READY_INCREMENTAL,,sina_public_snapshot,2026-09-24,20.68,20.980014203104396,1.4203104392152e-05
300681.SZ,CHINEXT,2017-07-25,False,False,2026-09-24,2026-09-24,READY_INCREMENTAL,,sina_public_snapshot,2026-09-24,22.51,23.0900213359593,2.1335959299761956e-05
300682.SZ,CHINEXT,2017-08-01,False,False,2026-09-24,2026-09-24,READY_INCREMENTAL,,sina_public_snapshot,2026-09-24,8.74,8.930031060977603,3.1060977603303286e-05
300683.SZ,CHINEXT,2017-08-08,False,False,2026-09-24,2026-09-24,READY_INCREMENTAL,,sina_public_snapshot,2026-09-24,25.16,26.029919923855243,8.00761447585785e-05
300684.SZ,CHINEXT,2017-12-27,False,False,2026-09-24,2026-09-24,READY_INCREMENTAL,,sina_public_snapshot,2026-09-24,118.62,119.4995164410058,0.0004835589941905
300685.SZ,CHINEXT,2017-08-02,False,False,2026-09-24,2026-09-24,READY_INCREMENTAL,,sina_public_snapshot,2026-09-24,20.81,21.01001534609482,1.5346094819790324e-05
300686.SZ,CHINEXT,2017-08-04,False,False,2026-09-24,2026-09-24,READY_INCREMENTAL,,sina_public_snapshot,2026-09-24,14.77,14.980019878699364,1.987869936392883e-05
300687.SZ,CHINEXT,2017-08-03,False,False,2026-09-24,2026-09-24,READY_INCREMENTAL,,sina_public_snapshot,2026-09-24,29.45,30.159965589988325,3.441001167558966e-05
300688.SZ,CHINEXT,2017-08-10,False,False,2026-09-24,2026-09-24,READY_INCREMENTAL,,sina_public_snapshot,2026-09-24,35.61,36.280093323688526,9.33236885245492e-05
300689.SZ,CHINEXT,2017-08-09,False,False,2026-09-24,2026-09-24,READY_INCREMENTAL,,sina_public_snapshot,2026-09-24,66.87,67.23981900452489,0.0001809954751053
300690.SZ,CHINEXT,2017-08-08,False,False,2026-09-24,2026-09-24,READY_INCREMENTAL,,sina_public_snapshot,2026-09-24,25.11,23.959923664122137,7.633587786415319e-05
300691.SZ,CHINEXT,2017-08-11,False,False,2026-09-24,2026-09-24,READY_INCREMENTAL,,sina_public_snapshot,2026-09-24,21.68,20.960023202977712,2.320297771163382e-05
300692.SZ,CHINEXT,2017-08-21,False,False,2026-09-24,2026-09-24,READY_INCREMENTAL,,sina_public_snapshot,2026-09-24,9.11,9.460020768431985,2.0768431982176597e-05
300693.SZ,CHINEXT,2017-08-22,False,False,2026-09-24,2026-09-24,READY_INCREMENTAL,,sina_public_snapshot,2026-09-24,37.06,38.31996029448259,3.970551740906103e-05
300694.SZ,CHINEXT,2018-10-15,False,False,2026-09-24,2026-09-24,READY_INCREMENTAL,,sina_public_snapshot,2026-09-24,10.69,10.579968329374504,3.1670625494584215e-05
300695.SZ,CHINEXT,2017-09-08,False,False,2026-09-24,2026-09-24,READY_INCREMENTAL,,sina_public_snapshot,2026-09-24,51.13,53.08016527209684,0.0001652720968436
300696.SZ,CHINEXT,2017-08-22,False,False,2026-09-24,2026-09-24,READY_INCREMENTAL,,sina_public_snapshot,2026-09-24,20.4,21.0900669919775,6.699197750137387e-05
300697.SZ,CHINEXT,2017-09-07,False,False,2026-09-24,2026-09-24,READY_INCREMENTAL,,sina_public_snapshot,2026-09-24,14.82,15.27000710951748,7.10951748139621e-06
300698.SZ,CHINEXT,2017-08-31,False,False,2026-09-24,2026-09-24,READY_INCREMENTAL,,sina_public_snapshot,2026-09-24,27.72,28.270136863361007,0.000136863361007
300699.SZ,CHINEXT,2017-09-01,False,False,2026-09-24,2026-09-24,READY_INCREMENTAL,,sina_public_snapshot,2026-09-24,23.03,23.56010230179028,0.0001023017902817
300700.SZ,CHINEXT,2017-09-12,False,False,2026-09-24,2026-09-24,READY_INCREMENTAL,,sina_public_snapshot,2026-09-24,17.42,17.489959839357432,4.016064256617824e-05
300701.SZ,CHINEXT,2017-09-15,False,False,2026-09-24,2026-09-24,READY_INCREMENTAL,,sina_public_snapshot,2026-09-24,10.06,10.049950049950052,4.995004994867713e-05
300702.SZ,CHINEXT,2017-09-19,False,False,2026-09-24,2026-09-24,READY_INCREMENTAL,,sina_public_snapshot,2026-09-24,21.3,21.50993698497334,6.301502666161696e-05
300703.SZ,CHINEXT,2017-09-19,False,False,2026-09-24,2026-09-24,READY_INCREMENTAL,,sina_public_snapshot,2026-09-24,13.7,13.800050365147316,5.0365147316711045e-05
300705.SZ,CHINEXT,2017-10-10,False,False,2026-09-24,2026-09-24,READY_INCREMENTAL,,sina_public_snapshot,2026-09-24,10.76,11.069958847736626,4.11522633747552e-05
300706.SZ,CHINEXT,2017-09-26,False,False,2026-09-24,2026-09-24,READY_INCREMENTAL,,sina_public_snapshot,2026-09-24,50.36,51.85017400078249,0.0001740007824864
300707.SZ,CHINEXT,2017-10-10,False,False,2026-09-24,2026-09-24,READY_INCREMENTAL,,sina_public_snapshot,2026-09-24,12.14,12.130053356247878,5.335624787683457e-05
300708.SZ,CHINEXT,2017-10-16,False,False,2026-09-24,2026-09-24,READY_INCREMENTAL,,sina_public_snapshot,2026-09-24,9.45,9.879976580796251,2.341920374782092e-05
300709.SZ,CHINEXT,2017-10-19,False,False,2026-09-24,2026-09-24,READY_INCREMENTAL,,sina_public_snapshot,2026-09-24,37.74,38.969889719548966,0.0001102804510324
300710.SZ,CHINEXT,2017-10-19,False,False,2026-09-24,2026-09-24,READY_INCREMENTAL,,sina_public_snapshot,2026-09-24,32.15,30.979889570906845,0.000110429093155
300711.SZ,CHINEXT,2017-11-01,False,False,2026-09-24,2026-09-24,READY_INCREMENTAL,,sina_public_snapshot,2026-09-24,18.34,18.120022921730197,2.2921730192138057e-05
300712.SZ,CHINEXT,2017-10-31,False,False,2026-09-24,2026-09-24,READY_INCREMENTAL,,sina_public_snapshot,2026-09-24,20.44,20.46005084983284,5.084983283509814e-05
300713.SZ,CHINEXT,2017-11-01,False,False,2026-09-24,2026-09-24,READY_INCREMENTAL,,sina_public_snapshot,2026-09-24,13.55,13.650054902434848,5.490243484729263e-05
300715.SZ,CHINEXT,2017-10-26,False,False,2026-09-24,2026-09-24,READY_INCREMENTAL,,sina_public_snapshot,2026-09-24,14.52,14.450061701365392,6.170136539296323e-05
300716.SZ,CHINEXT,2017-11-09,True,False,2026-09-24,2026-09-24,READY_INCREMENTAL,,sina_public_snapshot,2026-09-24,17.85,17.890073765234128,7.376523412716551e-05
300717.SZ,CHINEXT,2017-11-06,False,False,2026-09-24,2026-09-24,READY_INCREMENTAL,,sina_public_snapshot,2026-09-24,19.32,19.079973927985936,2.607201406235049e-05
300718.SZ,CHINEXT,2017-11-06,False,False,2026-09-24,2026-09-24,READY_INCREMENTAL,,sina_public_snapshot,2026-09-24,54.38,53.059870423854505,0.0001295761454969
300719.SZ,CHINEXT,2017-11-09,False,False,2026-09-24,2026-09-24,READY_INCREMENTAL,,sina_public_snapshot,2026-09-24,11.97,11.959953638943288,4.636105671274038e-05
300720.SZ,CHINEXT,2017-11-06,False,False,2026-09-24,2026-09-24,READY_INCREMENTAL,,sina_public_snapshot,2026-09-24,61.8,62.95009829586546,9.829586545606615e-05
300721.SZ,CHINEXT,2017-11-15,False,False,2026-09-24,2026-09-24,READY_INCREMENTAL,,sina_public_snapshot,2026-09-24,22.21,22.46997764130996,2.235869004252322e-05
300722.SZ,CHINEXT,2017-11-10,False,False,2026-09-24,2026-09-24,READY_INCREMENTAL,,sina_public_snapshot,2026-09-24,21.45,21.48997134670487,2.865329512857784e-05
300723.SZ,CHINEXT,2017-11-16,False,False,2026-09-24,2026-09-24,READY_INCREMENTAL,,sina_public_snapshot,2026-09-24,33.2,34.36995320717214,4.679282785957639e-05
300724.SZ,CHINEXT,2018-08-10,False,False,2026-09-24,2026-09-24,READY_INCREMENTAL,,sina_public_snapshot,2026-09-24,54.35,55.22981088743687,0.0001891125631274
300725.SZ,CHINEXT,2017-11-10,False,False,2026-09-24,2026-09-24,READY_INCREMENTAL,,sina_public_snapshot,2026-09-24,52.08,54.35020819636204,0.0002081963620383
300726.SZ,CHINEXT,2017-11-21,False,False,2026-09-24,2026-09-24,READY_INCREMENTAL,,sina_public_snapshot,2026-09-24,58.43,59.47981880185269,0.0001811981473025
300727.SZ,CHINEXT,2017-11-27,False,False,2026-09-24,2026-09-24,READY_INCREMENTAL,,sina_public_snapshot,2026-09-24,34.78,36.45014567482026,0.0001456748202599
300729.SZ,CHINEXT,2017-12-01,False,False,2026-09-24,2026-09-24,READY_INCREMENTAL,,sina_public_snapshot,2026-09-24,11.3,11.270021742165838,2.174216583838984e-05
300730.SZ,CHINEXT,2017-12-05,False,False,2026-09-24,2026-09-24,READY_INCREMENTAL,,sina_public_snapshot,2026-09-24,11.38,11.559989029184402,1.0970815598199124e-05
300731.SZ,CHINEXT,2017-12-08,False,False,2026-09-24,2026-09-24,READY_INCREMENTAL,,sina_public_snapshot,2026-09-24,52.82,52.90994690974657,5.3090253423704326e-05
300732.SZ,CHINEXT,2017-12-12,False,False,2026-09-24,2026-09-24,READY_INCREMENTAL,,sina_public_snapshot,2026-09-24,5.74,5.75998715542934,1.2844570659531485e-05
300733.SZ,CHINEXT,2018-01-16,False,False,2026-09-24,2026-09-24,READY_INCREMENTAL,,sina_public_snapshot,2026-09-24,13.39,13.770053475935828,5.347593582882837e-05
300735.SZ,CHINEXT,2017-12-29,False,False,2026-09-24,2026-09-24,READY_INCREMENTAL,,sina_public_snapshot,2026-09-24,18.47,18.630031974662348,3.197466234894364e-05
300736.SZ,CHINEXT,2018-01-09,False,False,2026-09-24,2026-09-24,READY_INCREMENTAL,,sina_public_snapshot,2026-09-24,34.98,34.54985431379327,0.0001456862067286
300737.SZ,CHINEXT,2018-01-25,False,False,2026-09-24,2026-09-24,READY_INCREMENTAL,,sina_public_snapshot,2026-09-24,4.57,4.8499899179640655,1.0082035934111389e-05
300738.SZ,CHINEXT,2018-01-19,False,False,2026-09-24,2026-09-24,READY_INCREMENTAL,,sina_public_snapshot,2026-09-24,19.31,19.709914158271324,8.584172867642792e-05
300739.SZ,CHINEXT,2018-02-01,False,False,2026-09-24,2026-09-24,READY_INCREMENTAL,,sina_public_snapshot,2026-09-24,30.16,31.89003436426117,3.436426116820712e-05
300740.SZ,CHINEXT,2018-02-08,False,False,2026-09-24,2026-09-24,READY_INCREMENTAL,,sina_public_snapshot,2026-09-24,21.3,20.600011605640344,1.160564034208278e-05
300741.SZ,CHINEXT,2018-03-01,False,False,2026-09-24,2026-09-24,READY_INCREMENTAL,,sina_public_snapshot,2026-09-24,26.6,29.590077312420046,7.731242004638261e-05
300743.SZ,CHINEXT,2018-04-27,False,False,2026-09-24,2026-09-24,READY_INCREMENTAL,,sina_public_snapshot,2026-09-24,14.51,14.570028517492068,2.8517492067337e-05
300745.SZ,CHINEXT,2018-05-23,False,False,2026-09-24,2026-09-24,READY_INCREMENTAL,,sina_public_snapshot,2026-09-24,27.89,27.989924028782752,7.597121724600697e-05
300746.SZ,CHINEXT,2018-05-25,False,False,2026-09-24,2026-09-24,READY_INCREMENTAL,,sina_public_snapshot,2026-09-24,15.0,14.950066776964938,6.677696493895269e-05
300747.SZ,CHINEXT,2018-06-25,False,False,2026-09-24,2026-09-24,READY_INCREMENTAL,,sina_public_snapshot,2026-09-24,39.36,40.74998188199484,1.811800515838513e-05
300748.SZ,CHINEXT,2018-09-21,False,False,2026-09-24,2026-09-24,READY_INCREMENTAL,,sina_public_snapshot,2026-09-24,25.29,25.550100018185123,0.0001000181851225
300749.SZ,CHINEXT,2018-09-25,False,False,2026-09-24,2026-09-24,READY_INCREMENTAL,,sina_public_snapshot,2026-09-24,23.97,24.88011459176683,0.000114591766831
300750.SZ,CHINEXT,2018-06-11,False,False,2026-09-24,2026-09-24,READY_INCREMENTAL,,sina_public_snapshot,2026-09-24,293.5,301.0009435123272,0.0009435123271828
300751.SZ,CHINEXT,2018-11-09,False,False,2026-09-24,2026-09-24,READY_INCREMENTAL,,sina_public_snapshot,2026-09-24,194.5,201.31032841011415,0.0003284101141787
300752.SZ,CHINEXT,2018-11-30,False,False,2026-09-24,2026-09-24,READY_INCREMENTAL,,sina_public_snapshot,2026-09-24,13.12,13.41993555976065,6.444023935081589e-05
300753.SZ,CHINEXT,2018-12-13,False,False,2026-09-24,2026-09-24,READY_INCREMENTAL,,sina_public_snapshot,2026-09-24,21.17,21.349980334217456,1.966578254553042e-05
300755.SZ,CHINEXT,2019-01-29,False,False,2026-09-24,2026-09-24,READY_INCREMENTAL,,sina_public_snapshot,2026-09-24,11.38,11.690019312158444,1.9312158443085536e-05
300756.SZ,CHINEXT,2018-12-28,False,False,2026-09-24,2026-09-24,READY_INCREMENTAL,,sina_public_snapshot,2026-09-24,32.39,33.739934790987405,6.520901259676748e-05
300757.SZ,CHINEXT,2019-01-08,False,False,2026-09-24,2026-09-24,REPAIRED_FULL_HISTORY,PRIOR_QUARANTINE_RETRY,sina_daily,2026-09-24,565.86,,
300758.SZ,CHINEXT,2019-02-22,False,False,2026-09-24,2026-09-24,READY_INCREMENTAL,,sina_public_snapshot,2026-09-24,11.31,11.4300151591713,1.515917129957245e-05
300759.SZ,CHINEXT,2019-01-28,False,False,2026-09-24,2026-09-24,READY_INCREMENTAL,,sina_public_snapshot,2026-09-24,43.5,45.019870839542975,0.0001291604570283
300760.SZ,CHINEXT,2018-10-16,False,False,2026-09-24,2026-09-24,READY_INCREMENTAL,,sina_public_snapshot,2026-09-24,153.86,155.4596801083146,0.0003198916854216
300761.SZ,CHINEXT,2019-02-18,False,False,2026-09-24,2026-09-24,READY_INCREMENTAL,,sina_public_snapshot,2026-09-24,20.43,20.74006395614436,6.395614435916741e-05
300762.SZ,CHINEXT,2019-03-14,False,False,2026-09-24,2026-09-24,READY_INCREMENTAL,,sina_public_snapshot,2026-09-24,26.4,26.8099237338912,7.626610880251405e-05
300763.SZ,CHINEXT,2019-03-19,False,False,2026-09-24,2026-09-24,READY_INCREMENTAL,,sina_public_snapshot,2026-09-24,53.15,54.97005864162417,5.8641624171684725e-05
300765.SZ,CHINEXT,2019-03-22,False,False,2026-09-24,2026-09-24,READY_INCREMENTAL,,sina_public_snapshot,2026-09-24,44.15,47.15016499887864,0.0001649988786454
300766.SZ,CHINEXT,2019-03-25,False,False,2026-09-24,2026-09-24,READY_INCREMENTAL,,sina_public_snapshot,2026-09-24,21.65,21.97991857785358,8.14221464189302e-05
300767.SZ,CHINEXT,2019-03-29,False,False,2026-09-24,2026-09-24,READY_INCREMENTAL,,sina_public_snapshot,2026-09-24,21.16,21.210055731526403,5.5731526401814335e-05
300768.SZ,CHINEXT,2019-04-12,False,False,2026-09-24,2026-09-24,READY_INCREMENTAL,,sina_public_snapshot,2026-09-24,15.06,15.289961013645224,3.898635477384005e-05
300769.SZ,CHINEXT,2019-04-15,False,False,2026-09-24,2026-09-24,READY_INCREMENTAL,,sina_public_snapshot,2026-09-24,40.06,41.05980628299083,0.000193717009175
300770.SZ,CHINEXT,2019-04-19,False,False,2026-09-24,2026-09-24,READY_INCREMENTAL,,sina_public_snapshot,2026-09-24,35.22,34.85989726129087,0.0001027387091312
300771.SZ,CHINEXT,2019-04-22,False,False,2026-09-24,2026-09-24,READY_INCREMENTAL,,sina_public_snapshot,2026-09-24,11.43,11.450037565740043,3.756574004576407e-05
300772.SZ,CHINEXT,2019-04-26,False,False,2026-09-24,2026-09-24,READY_INCREMENTAL,,sina_public_snapshot,2026-09-24,9.47,9.43998086086246,1.9139137540591374e-05
300773.SZ,CHINEXT,2019-04-25,False,False,2026-09-24,2026-09-24,READY_INCREMENTAL,,sina_public_snapshot,2026-09-24,14.73,14.950064956154597,6.495615459556348e-05
300774.SZ,CHINEXT,2021-08-04,False,False,2026-09-24,2026-09-24,READY_INCREMENTAL,,sina_public_snapshot,2026-09-24,9.77,10.029977003942182,2.2996057817081805e-05
300775.SZ,CHINEXT,2019-05-21,False,False,2026-09-24,2026-09-24,READY_INCREMENTAL,,sina_public_snapshot,2026-09-24,20.65,20.959998375980756,1.6240192479699544e-06
300776.SZ,CHINEXT,2019-05-17,False,False,2026-09-24,2026-09-24,READY_INCREMENTAL,,sina_public_snapshot,2026-09-24,129.97,129.39033131570562,0.0003313157056368
300777.SZ,CHINEXT,2019-05-16,False,False,2026-09-24,2026-09-24,READY_INCREMENTAL,,sina_public_snapshot,2026-09-24,21.05,21.289937596714974,6.240328502116199e-05
300778.SZ,CHINEXT,2019-05-10,False,False,2026-09-24,2026-09-24,READY_INCREMENTAL,,sina_public_snapshot,2026-09-24,10.85,10.980003238341968,3.2383419679149483e-06
300779.SZ,CHINEXT,2019-05-22,False,False,2026-09-24,2026-09-24,READY_INCREMENTAL,,sina_public_snapshot,2026-09-24,52.14,53.75978223885675,0.0002177611432472
300780.SZ,CHINEXT,2019-05-31,False,False,2026-09-24,2026-09-24,READY_INCREMENTAL,,sina_public_snapshot,2026-09-24,20.13,20.1100910099002,9.10099001991682e-05
300781.SZ,CHINEXT,2019-06-06,False,False,2026-09-24,2026-09-24,READY_INCREMENTAL,,sina_public_snapshot,2026-09-24,26.75,27.41003360931224,3.360931223994612e-05
300782.SZ,CHINEXT,2019-06-18,False,False,2026-09-24,2026-09-24,READY_INCREMENTAL,,sina_public_snapshot,2026-09-24,75.78,76.76022811300305,0.0002281130030468
300783.SZ,CHINEXT,2019-07-12,False,False,2026-09-24,2026-09-24,READY_INCREMENTAL,,sina_public_snapshot,2026-09-24,16.56,16.80007304379584,7.304379584027743e-05
300784.SZ,CHINEXT,2024-06-07,False,False,2026-09-24,2026-09-24,READY_INCREMENTAL,,sina_public_snapshot,2026-09-24,42.86,42.89989690412083,0.0001030958791687
300785.SZ,CHINEXT,2019-07-15,False,False,2026-09-24,2026-09-24,READY_INCREMENTAL,,sina_public_snapshot,2026-09-24,34.78,36.22992145669701,7.85433029832916e-05
300786.SZ,CHINEXT,2019-07-23,False,False,2026-09-24,2026-09-24,READY_INCREMENTAL,,sina_public_snapshot,2026-09-24,14.83,14.999949427008,5.057299200039722e-05
300787.SZ,CHINEXT,2019-08-15,False,False,2026-09-24,2026-09-24,READY_INCREMENTAL,,sina_public_snapshot,2026-09-24,11.7,11.799945538712898,5.446128710318021e-05
300788.SZ,CHINEXT,2019-07-05,False,False,2026-09-24,2026-09-24,READY_INCREMENTAL,,sina_public_snapshot,2026-09-24,30.08,30.490091733819877,9.173381987537256e-05
300789.SZ,CHINEXT,2019-08-28,False,False,2026-09-24,2026-09-24,READY_INCREMENTAL,,sina_public_snapshot,2026-09-24,16.39,16.420048689101055,4.868910105315649e-05
300790.SZ,CHINEXT,2019-09-20,False,False,2026-09-24,2026-09-24,READY_INCREMENTAL,,sina_public_snapshot,2026-09-24,19.67,20.3399995863752,4.136248001884724e-07
300791.SZ,CHINEXT,2019-09-25,False,False,2026-09-24,2026-09-24,READY_INCREMENTAL,,sina_public_snapshot,2026-09-24,17.52,17.75993674543077,6.325456923050865e-05
300792.SZ,CHINEXT,2019-09-27,False,False,2026-09-24,2026-09-24,READY_INCREMENTAL,,sina_public_snapshot,2026-09-24,24.33,24.930066705603885,6.67056038849978e-05
300793.SZ,CHINEXT,2019-10-18,False,False,2026-09-24,2026-09-24,READY_INCREMENTAL,,sina_public_snapshot,2026-09-24,11.92,12.000040268591505,4.026859150485507e-05
300795.SZ,CHINEXT,2019-10-22,False,False,2026-09-24,2026-09-24,READY_INCREMENTAL,,sina_public_snapshot,2026-09-24,13.1,13.500005152673722,5.152673722363943e-06
300796.SZ,CHINEXT,2019-11-15,False,False,2026-09-24,2026-09-24,READY_INCREMENTAL,,sina_public_snapshot,2026-09-24,6.87,6.879975965149466,2.4034850533816154e-05
300797.SZ,CHINEXT,2019-11-01,False,False,2026-09-24,2026-09-24,READY_INCREMENTAL,,sina_public_snapshot,2026-09-24,13.49,13.559969442322384,3.055767761672712e-05
300798.SZ,CHINEXT,2019-11-22,False,False,2026-09-24,2026-09-24,READY_INCREMENTAL,,sina_public_snapshot,2026-09-24,8.38,8.729985102770051,1.489722994918452e-05
300800.SZ,CHINEXT,2019-11-06,False,False,2026-09-24,2026-09-24,READY_INCREMENTAL,,sina_public_snapshot,2026-09-24,10.55,10.529993013274778,6.986725221480583e-06
300801.SZ,CHINEXT,2019-11-28,False,False,2026-09-24,2026-09-24,READY_INCREMENTAL,,sina_public_snapshot,2026-09-24,21.58,22.14991737403389,8.262596610819628e-05
300802.SZ,CHINEXT,2019-11-14,False,False,2026-09-24,2026-09-24,READY_INCREMENTAL,,sina_public_snapshot,2026-09-24,26.26,27.13987473903967,0.0001252609603312
300803.SZ,CHINEXT,2019-11-18,False,False,2026-09-24,2026-09-24,READY_INCREMENTAL,,sina_public_snapshot,2026-09-24,56.5,58.24982473504062,0.0001752649593811
300804.SZ,CHINEXT,2023-06-27,False,False,2026-09-24,2026-09-24,READY_INCREMENTAL,,sina_public_snapshot,2026-09-24,45.76,46.7602006928194,0.0002006928194049
300805.SZ,CHINEXT,2019-11-21,False,False,2026-09-24,2026-09-24,READY_INCREMENTAL,,sina_public_snapshot,2026-09-24,8.65,8.519985028465614,1.4971534385566088e-05
300806.SZ,CHINEXT,2019-11-25,False,False,2026-09-24,2026-09-24,READY_INCREMENTAL,,sina_public_snapshot,2026-09-24,53.45,55.77992757479937,7.242520062789026e-05
300807.SZ,CHINEXT,2019-12-19,False,False,2026-09-24,2026-09-24,READY_INCREMENTAL,,sina_public_snapshot,2026-09-24,35.72,36.50000510918324,5.109183241813753e-06
300808.SZ,CHINEXT,2019-11-29,False,False,2026-09-24,2026-09-24,READY_INCREMENTAL,,sina_public_snapshot,2026-09-24,20.84,21.280071886615204,7.188661520274309e-05
300809.SZ,CHINEXT,2019-12-04,False,False,2026-09-24,2026-09-24,READY_INCREMENTAL,,sina_public_snapshot,2026-09-24,24.38,24.75001268971118,1.268971118051354e-05
300810.SZ,CHINEXT,2019-12-06,False,False,2026-09-24,2026-09-24,READY_INCREMENTAL,,sina_public_snapshot,2026-09-24,25.04,25.18000080447287,8.044728687650604e-07
300811.SZ,CHINEXT,2019-12-30,False,False,2026-09-24,2026-09-24,READY_INCREMENTAL,,sina_public_snapshot,2026-09-24,83.28,86.81963658350969,0.0003634164903019
300812.SZ,CHINEXT,2020-01-09,False,False,2026-09-24,2026-09-24,READY_INCREMENTAL,,sina_public_snapshot,2026-09-24,20.04,20.65000103043917,1.0304391722115724e-06
300813.SZ,CHINEXT,2020-01-14,False,False,2026-09-24,2026-09-24,READY_INCREMENTAL,,sina_public_snapshot,2026-09-24,22.6,23.209957688041737,4.2311958264207306e-05
300814.SZ,CHINEXT,2021-08-12,False,False,2026-09-24,2026-09-24,READY_INCREMENTAL,,sina_public_snapshot,2026-09-24,138.43,145.2205110989887,0.00051109898871
300815.SZ,CHINEXT,2020-01-23,False,False,2026-09-24,2026-09-24,REPAIRED_FULL_HISTORY,QFQ_CONTINUITY_BREAK,sina_daily,2026-09-24,15.4,15.54001554001554,0.19998445998446
300816.SZ,CHINEXT,2020-02-10,False,False,2026-09-24,2026-09-24,READY_INCREMENTAL,,sina_public_snapshot,2026-09-24,64.28,65.51028311693607,0.0002831169360604
300817.SZ,CHINEXT,2020-02-18,False,False,2026-09-24,2026-09-24,READY_INCREMENTAL,,sina_public_snapshot,2026-09-24,16.52,16.37995141539834,4.858460165735323e-05
300818.SZ,CHINEXT,2020-02-12,False,False,2026-09-24,2026-09-24,READY_INCREMENTAL,,sina_public_snapshot,2026-09-24,16.4,16.780068552719086,6.855271908534633e-05
300819.SZ,CHINEXT,2020-03-12,False,False,2026-09-24,2026-09-24,READY_INCREMENTAL,,sina_public_snapshot,2026-09-24,48.83,50.48019766155628,0.0001976615562782
300820.SZ,CHINEXT,2020-02-13,False,False,2026-09-24,2026-09-24,READY_INCREMENTAL,,sina_public_snapshot,2026-09-24,71.94,73.65015663711378,0.0001566371137755
300821.SZ,CHINEXT,2020-03-12,False,False,2026-09-24,2026-09-24,READY_INCREMENTAL,,sina_public_snapshot,2026-09-24,15.51,15.770048093054468,4.809305446862311e-05
300822.SZ,CHINEXT,2020-03-13,False,False,2026-09-24,2026-09-24,READY_INCREMENTAL,,sina_public_snapshot,2026-09-24,11.5,11.569998490869764,1.5091302376646354e-06
300823.SZ,CHINEXT,2020-03-19,False,False,2026-09-24,2026-09-24,READY_INCREMENTAL,,sina_public_snapshot,2026-09-24,14.7,14.7,0.0
300824.SZ,CHINEXT,2020-06-19,False,False,2026-09-24,2026-09-24,READY_INCREMENTAL,,sina_public_snapshot,2026-09-24,7.88,7.88,0.0
300825.SZ,CHINEXT,2020-03-27,False,False,2026-09-24,2026-09-24,READY_INCREMENTAL,,sina_public_snapshot,2026-09-24,11.93,12.249969195383414,3.080461658555578e-05
300826.SZ,CHINEXT,2020-04-03,False,False,2026-09-24,2026-09-24,READY_INCREMENTAL,,sina_public_snapshot,2026-09-24,15.37,16.010083123268263,8.312326826143135e-05
300827.SZ,CHINEXT,2020-04-10,False,False,2026-09-24,2026-09-24,READY_INCREMENTAL,,sina_public_snapshot,2026-09-24,25.31,25.83997794770748,2.2052292518282e-05
300828.SZ,CHINEXT,2020-04-21,False,False,2026-09-24,2026-09-24,READY_INCREMENTAL,,sina_public_snapshot,2026-09-24,16.68,16.99993884914083,6.115085917102192e-05
300829.SZ,CHINEXT,2020-04-22,False,False,2026-09-24,2026-09-24,READY_INCREMENTAL,,sina_public_snapshot,2026-09-24,27.56,28.72000083367201,8.336720149770827e-07
300830.SZ,CHINEXT,2020-05-06,False,False,2026-09-24,2026-09-24,READY_INCREMENTAL,,sina_public_snapshot,2026-09-24,7.99,8.080011326173574,1.1326173574133236e-05
300831.SZ,CHINEXT,2020-05-07,True,False,2026-09-24,2026-09-24,READY_INCREMENTAL,,sina_public_snapshot,2026-09-24,13.91,14.049937376267623,0.0100626237323755
300832.SZ,CHINEXT,2020-05-12,False,False,2026-09-24,2026-09-24,READY_INCREMENTAL,,sina_public_snapshot,2026-09-24,47.73,48.920229175848384,0.0002291758483821
300833.SZ,CHINEXT,2020-05-20,False,False,2026-09-24,2026-09-24,READY_INCREMENTAL,,sina_public_snapshot,2026-09-24,42.91,42.55002677349622,2.6773496223597704e-05
300834.SZ,CHINEXT,2022-01-13,False,False,2026-09-24,2026-09-24,READY_INCREMENTAL,,sina_public_snapshot,2026-09-24,40.66,40.14018460930944,0.0001846093094357
300835.SZ,CHINEXT,2020-05-25,False,False,2026-09-24,2026-09-24,READY_INCREMENTAL,,sina_public_snapshot,2026-09-24,189.93,193.20089108608747,0.0008910860874777
300836.SZ,CHINEXT,2020-05-28,False,False,2026-09-24,2026-09-24,READY_INCREMENTAL,,sina_public_snapshot,2026-09-24,57.4,61.36018643234345,0.0001864323434475
300837.SZ,CHINEXT,2020-06-05,False,False,2026-09-24,2026-09-24,READY_INCREMENTAL,,sina_public_snapshot,2026-09-24,22.69,23.000040546567732,4.054656773533338e-05
300838.SZ,CHINEXT,2020-06-08,False,False,2026-09-24,2026-09-24,READY_INCREMENTAL,,sina_public_snapshot,2026-09-24,14.46,14.4099973093366,2.6906633987522355e-06
300839.SZ,CHINEXT,2020-06-30,False,False,2026-09-24,2026-09-24,READY_INCREMENTAL,,sina_public_snapshot,2026-09-24,13.08,13.209986264846084,1.3735153915561682e-05
300840.SZ,CHINEXT,2020-07-08,False,False,2026-09-24,2026-09-24,READY_INCREMENTAL,,sina_public_snapshot,2026-09-24,19.27,19.790083391529397,8.33915293938503e-05
300841.SZ,CHINEXT,2020-06-16,False,False,2026-09-24,2026-09-24,READY_INCREMENTAL,,sina_public_snapshot,2026-09-24,54.88,56.02973006084861,0.0002699391513871
300842.SZ,CHINEXT,2020-06-18,False,False,2026-09-24,2026-09-24,READY_INCREMENTAL,,sina_public_snapshot,2026-09-24,66.21,66.75000756116987,7.561169866221462e-06
300843.SZ,CHINEXT,2020-07-02,False,False,2026-09-24,2026-09-24,READY_INCREMENTAL,,sina_public_snapshot,2026-09-24,122.91,134.93989131031452,0.0001086896854758
300844.SZ,CHINEXT,2021-08-13,False,False,2026-09-24,2026-09-24,READY_INCREMENTAL,,sina_public_snapshot,2026-09-24,24.13,24.87987957024725,0.0001204297527479
300845.SZ,CHINEXT,2020-07-03,False,False,2026-09-24,2026-09-24,READY_INCREMENTAL,,sina_public_snapshot,2026-09-24,14.2,14.10003078175734,3.0781757340392346e-05
300846.SZ,CHINEXT,2020-07-01,False,False,2026-09-24,2026-09-24,READY_INCREMENTAL,,sina_public_snapshot,2026-09-24,19.79,20.00990889879779,9.110120221222928e-05
300847.SZ,CHINEXT,2020-07-09,False,False,2026-09-24,2026-09-24,READY_INCREMENTAL,,sina_public_snapshot,2026-09-24,14.4,14.000019444471452,1.944447145163508e-05
300848.SZ,CHINEXT,2020-07-20,False,False,2026-09-24,2026-09-24,READY_INCREMENTAL,,sina_public_snapshot,2026-09-24,11.23,11.639959368975312,4.063102468876423e-05
300849.SZ,CHINEXT,2020-07-10,False,False,2026-09-24,2026-09-24,READY_INCREMENTAL,,sina_public_snapshot,2026-09-24,22.52,21.77002271738605,2.271738604875395e-05
300850.SZ,CHINEXT,2020-07-13,False,False,2026-09-24,2026-09-24,READY_INCREMENTAL,,sina_public_snapshot,2026-09-24,29.25,28.36996372524296,3.627475703993355e-05
300851.SZ,CHINEXT,2020-07-17,False,False,2026-09-24,2026-09-24,READY_INCREMENTAL,,sina_public_snapshot,2026-09-24,24.69,24.659914903817345,8.509618265506447e-05
300852.SZ,CHINEXT,2020-07-13,False,False,2026-09-24,2026-09-24,READY_INCREMENTAL,,sina_public_snapshot,2026-09-24,72.95,79.51040338314314,0.0004033831431371
300853.SZ,CHINEXT,2020-07-24,False,False,2026-09-24,2026-09-24,READY_INCREMENTAL,,sina_public_snapshot,2026-09-24,30.33,30.670131761232064,0.0001317612320619
300854.SZ,CHINEXT,2021-09-16,False,False,2026-09-24,2026-09-24,READY_INCREMENTAL,,sina_public_snapshot,2026-09-24,15.37,15.490047871000252,4.787100025183122e-05
300855.SZ,CHINEXT,2020-07-23,False,False,2026-09-24,2026-09-24,READY_INCREMENTAL,,sina_public_snapshot,2026-09-24,34.37,35.00998247972945,1.7520270546356187e-05
300856.SZ,CHINEXT,2020-07-22,False,False,2026-09-24,2026-09-24,READY_INCREMENTAL,,sina_public_snapshot,2026-09-24,10.4,10.439985143098069,1.4856901932702726e-05
300857.SZ,CHINEXT,2020-07-27,False,False,2026-09-24,2026-09-24,READY_INCREMENTAL,,sina_public_snapshot,2026-09-24,268.58,268.00914053066964,0.0008594693303507
300858.SZ,CHINEXT,2020-07-27,False,False,2026-09-24,2026-09-24,READY_INCREMENTAL,,sina_public_snapshot,2026-09-24,14.78,15.120049922762938,4.992276293869224e-05
300859.SZ,CHINEXT,2020-08-06,False,False,2026-09-24,2026-09-24,READY_INCREMENTAL,,sina_public_snapshot,2026-09-24,23.59,24.050077991986704,7.799198670355167e-05
300860.SZ,CHINEXT,2020-08-24,False,False,2026-09-24,2026-09-24,READY_INCREMENTAL,,sina_public_snapshot,2026-09-24,29.3,30.47987599995839,0.0001240000416089
300861.SZ,CHINEXT,2020-08-24,False,False,2026-09-24,2026-09-24,READY_INCREMENTAL,,sina_public_snapshot,2026-09-24,15.85,16.32993684384047,6.315615952701137e-05
300862.SZ,CHINEXT,2020-08-24,False,False,2026-09-24,2026-09-24,READY_INCREMENTAL,,sina_public_snapshot,2026-09-24,56.23,59.999786591546886,0.0002134084531135
300863.SZ,CHINEXT,2020-08-24,False,False,2026-09-24,2026-09-24,READY_INCREMENTAL,,sina_public_snapshot,2026-09-24,41.25,42.39988487788833,0.0001151221116657
300864.SZ,CHINEXT,2020-08-24,False,False,2026-09-24,2026-09-24,READY_INCREMENTAL,,sina_public_snapshot,2026-09-24,25.7,26.29990073578321,9.926421678585484e-05
300865.SZ,CHINEXT,2020-08-24,False,False,2026-09-24,2026-09-24,READY_INCREMENTAL,,sina_public_snapshot,2026-09-24,32.8,33.360116353576544,0.0001163535765442
300866.SZ,CHINEXT,2020-08-24,False,False,2026-09-24,2026-09-24,READY_INCREMENTAL,,sina_public_snapshot,2026-09-24,122.6,124.55046020683908,0.0004602068390937
300867.SZ,CHINEXT,2020-08-24,False,False,2026-09-24,2026-09-24,READY_INCREMENTAL,,sina_public_snapshot,2026-09-24,17.62,17.46006579729676,6.579729675948442e-05
300868.SZ,CHINEXT,2020-08-24,False,False,2026-09-24,2026-09-24,READY_INCREMENTAL,,sina_public_snapshot,2026-09-24,82.84,87.32961553463562,0.0003844653643767
300869.SZ,CHINEXT,2020-08-24,False,False,2026-09-24,2026-09-24,READY_INCREMENTAL,,sina_public_snapshot,2026-09-24,11.46,11.539972006001593,2.7993998406472546e-05
300870.SZ,CHINEXT,2020-08-24,False,False,2026-09-24,2026-09-24,READY_INCREMENTAL,,sina_public_snapshot,2026-09-24,202.1,212.79956197616136,0.0004380238386261
300871.SZ,CHINEXT,2020-08-24,False,False,2026-09-24,2026-09-24,READY_INCREMENTAL,,sina_public_snapshot,2026-09-24,20.89,21.550078917234902,7.891723490516256e-05
300872.SZ,CHINEXT,2020-08-24,False,False,2026-09-24,2026-09-24,READY_INCREMENTAL,,sina_public_snapshot,2026-09-24,15.15,15.620005979936282,5.979936283040388e-06
300873.SZ,CHINEXT,2020-08-24,False,False,2026-09-24,2026-09-24,READY_INCREMENTAL,,sina_public_snapshot,2026-09-24,15.59,16.00994074576132,5.925423868191615e-05
300875.SZ,CHINEXT,2020-08-24,False,False,2026-09-24,2026-09-24,READY_INCREMENTAL,,sina_public_snapshot,2026-09-24,31.6,32.0,0.0
300876.SZ,CHINEXT,2020-08-24,False,False,2026-09-24,2026-09-24,READY_INCREMENTAL,,sina_public_snapshot,2026-09-24,15.19,15.110067741646688,6.77416466885461e-05
300877.SZ,CHINEXT,2020-08-24,False,False,2026-09-24,2026-09-24,READY_INCREMENTAL,,sina_public_snapshot,2026-09-24,27.45,27.54005598306462,0.0799440169353822
300878.SZ,CHINEXT,2020-08-24,False,False,2026-09-24,2026-09-24,READY_INCREMENTAL,,sina_public_snapshot,2026-09-24,30.9,31.15013558877789,0.0001355887778871
300879.SZ,CHINEXT,2020-09-01,False,False,2026-09-24,2026-09-24,READY_INCREMENTAL,,sina_public_snapshot,2026-09-24,17.71,18.110051027190643,5.102719064353778e-05
300880.SZ,CHINEXT,2020-09-01,False,False,2026-09-24,2026-09-24,READY_INCREMENTAL,,sina_public_snapshot,2026-09-24,18.98,19.65006729475101,6.729475101252547e-05
300881.SZ,CHINEXT,2020-09-01,False,False,2026-09-24,2026-09-24,READY_INCREMENTAL,,sina_public_snapshot,2026-09-24,30.67,31.369861612576585,0.0001383874234157
300882.SZ,CHINEXT,2020-09-10,False,False,2026-09-24,2026-09-24,READY_INCREMENTAL,,sina_public_snapshot,2026-09-24,13.29,13.450055662382349,5.566238234955279e-05
300883.SZ,CHINEXT,2020-09-10,False,False,2026-09-24,2026-09-24,READY_INCREMENTAL,,sina_public_snapshot,2026-09-24,6.42,6.430030848123072,3.084812307196927e-05
300884.SZ,CHINEXT,2020-11-12,False,False,2026-09-24,2026-09-24,READY_INCREMENTAL,,sina_public_snapshot,2026-09-24,12.2,12.220040867021916,4.086702191408165e-05
300885.SZ,CHINEXT,2020-09-10,False,False,2026-09-24,2026-09-24,READY_INCREMENTAL,,sina_public_snapshot,2026-09-24,18.9,19.089944952275136,5.504772486375487e-05
300886.SZ,CHINEXT,2020-09-16,False,False,2026-09-24,2026-09-24,READY_INCREMENTAL,,sina_public_snapshot,2026-09-24,23.97,24.33008526187576,8.526187576407551e-05
300887.SZ,CHINEXT,2020-09-16,False,False,2026-09-24,2026-09-24,READY_INCREMENTAL,,sina_public_snapshot,2026-09-24,7.02,7.08997808368598,2.191631401959881e-05
300888.SZ,CHINEXT,2020-09-17,False,False,2026-09-24,2026-09-24,READY_INCREMENTAL,,sina_public_snapshot,2026-09-24,29.47,29.63000201085864,2.010858636936064e-06
300889.SZ,CHINEXT,2020-09-16,False,False,2026-09-24,2026-09-24,READY_INCREMENTAL,,sina_public_snapshot,2026-09-24,22.75,22.83998955886192,1.0441138083905344e-05
300890.SZ,CHINEXT,2020-09-17,False,False,2026-09-24,2026-09-24,READY_INCREMENTAL,,sina_public_snapshot,2026-09-24,26.25,26.6998932004272,0.0001067995728014
300891.SZ,CHINEXT,2020-09-17,False,False,2026-09-24,2026-09-24,READY_INCREMENTAL,,sina_public_snapshot,2026-09-24,7.6,7.670027349702786,2.734970278606141e-05
300892.SZ,CHINEXT,2020-09-24,False,False,2026-09-24,2026-09-24,READY_INCREMENTAL,,sina_public_snapshot,2026-09-24,22.39,22.680078200180304,7.820018030457732e-05
300893.SZ,CHINEXT,2020-09-24,False,False,2026-09-24,2026-09-24,READY_INCREMENTAL,,sina_public_snapshot,2026-09-24,13.73,14.149971143540276,2.8856459724835304e-05
300894.SZ,CHINEXT,2020-12-31,False,False,2026-09-24,2026-09-24,READY_INCREMENTAL,,sina_public_snapshot,2026-09-24,10.26,10.379992715794586,7.284205414848088e-06
300895.SZ,CHINEXT,2020-09-24,False,False,2026-09-24,2026-09-24,READY_INCREMENTAL,,sina_public_snapshot,2026-09-24,62.69,62.0797559985344,0.0002440014655959
300896.SZ,CHINEXT,2020-09-28,False,False,2026-09-24,2026-09-24,READY_INCREMENTAL,,sina_public_snapshot,2026-09-24,92.26,93.47044222683756,0.0004422268375492
300897.SZ,CHINEXT,2020-09-28,False,False,2026-09-24,2026-09-24,READY_INCREMENTAL,,sina_public_snapshot,2026-09-24,17.51,16.460015604583614,1.5604583612827128e-05
300898.SZ,CHINEXT,2020-10-16,False,False,2026-09-24,2026-09-24,READY_INCREMENTAL,,sina_public_snapshot,2026-09-24,19.75,19.97996944835052,3.055164948406741e-05
300899.SZ,CHINEXT,2020-10-16,False,False,2026-09-24,2026-09-24,READY_INCREMENTAL,,sina_public_snapshot,2026-09-24,30.19,30.38996597612289,3.4023877109490286e-05
300900.SZ,CHINEXT,2020-10-29,False,False,2026-09-24,2026-09-24,READY_INCREMENTAL,,sina_public_snapshot,2026-09-24,22.65,22.84002904162633,2.9041626330439385e-05
300901.SZ,CHINEXT,2020-10-29,False,False,2026-09-24,2026-09-24,READY_INCREMENTAL,,sina_public_snapshot,2026-09-24,17.75,18.00002028171299,2.0281712991732093e-05
300902.SZ,CHINEXT,2020-10-29,False,False,2026-09-24,2026-09-24,READY_INCREMENTAL,,sina_public_snapshot,2026-09-24,18.74,18.76007327840789,7.327840789272955e-05
300903.SZ,CHINEXT,2020-11-05,False,False,2026-09-24,2026-09-24,READY_INCREMENTAL,,sina_public_snapshot,2026-09-24,103.6,108.5498742665549,0.0001257334451025
300904.SZ,CHINEXT,2023-08-09,False,False,2026-09-24,2026-09-24,READY_INCREMENTAL,,sina_public_snapshot,2026-09-24,47.0,42.74009475569944,9.475569943617757e-05
300905.SZ,CHINEXT,2020-11-05,False,False,2026-09-24,2026-09-24,READY_INCREMENTAL,,sina_public_snapshot,2026-09-24,37.5,38.52990434309082,9.565690918122982e-05
300906.SZ,CHINEXT,2020-11-05,False,False,2026-09-24,2026-09-24,READY_INCREMENTAL,,sina_public_snapshot,2026-09-24,28.8,28.810083529235232,8.352923523347044e-05
300907.SZ,CHINEXT,2020-11-18,False,False,2026-09-24,2026-09-24,READY_INCREMENTAL,,sina_public_snapshot,2026-09-24,56.44,56.98017203085248,0.0001720308524824
300908.SZ,CHINEXT,2020-11-23,False,False,2026-09-24,2026-09-24,READY_INCREMENTAL,,sina_public_snapshot,2026-09-24,16.89,17.18996488728309,3.5112716911811503e-05
300909.SZ,CHINEXT,2020-11-18,False,False,2026-09-24,2026-09-24,READY_INCREMENTAL,,sina_public_snapshot,2026-09-24,64.71,63.469800105930126,0.0001998940698726
300910.SZ,CHINEXT,2020-11-27,False,False,2026-09-24,2026-09-24,READY_INCREMENTAL,,sina_public_snapshot,2026-09-24,27.71,28.32001308178157,1.3081781574442177e-05
300911.SZ,CHINEXT,2020-12-03,False,False,2026-09-24,2026-09-24,READY_INCREMENTAL,,sina_public_snapshot,2026-09-24,35.15,36.24010227647641,0.0001022764764044
300912.SZ,CHINEXT,2020-12-07,False,False,2026-09-24,2026-09-24,READY_INCREMENTAL,,sina_public_snapshot,2026-09-24,19.94,19.9699549323986,4.506760140188248e-05
300913.SZ,CHINEXT,2020-12-07,False,False,2026-09-24,2026-09-24,READY_INCREMENTAL,,sina_public_snapshot,2026-09-24,39.51,41.24992169718736,7.830281263920824e-05
300915.SZ,CHINEXT,2020-12-02,False,False,2026-09-24,2026-09-24,READY_INCREMENTAL,,sina_public_snapshot,2026-09-24,23.07,22.66007916785353,7.916785353145883e-05
300916.SZ,CHINEXT,2020-12-02,False,False,2026-09-24,2026-09-24,READY_INCREMENTAL,,sina_public_snapshot,2026-09-24,27.76,28.109969115487825,3.0884512174367273e-05
300917.SZ,CHINEXT,2020-12-21,False,False,2026-09-24,2026-09-24,READY_INCREMENTAL,,sina_public_snapshot,2026-09-24,31.45,32.600132680985155,0.0001326809851533
300918.SZ,CHINEXT,2020-12-22,False,False,2026-09-24,2026-09-24,READY_INCREMENTAL,,sina_public_snapshot,2026-09-24,10.89,10.750034550156956,3.455015695585928e-05
300919.SZ,CHINEXT,2020-12-23,False,False,2026-09-24,2026-09-24,READY_INCREMENTAL,,sina_public_snapshot,2026-09-24,37.6,38.30988211560211,0.0001178843978948
300920.SZ,CHINEXT,2020-12-25,False,False,2026-09-24,2026-09-24,READY_INCREMENTAL,,sina_public_snapshot,2026-09-24,33.68,34.729884405580705,0.0001155944192916
300921.SZ,CHINEXT,2020-12-22,False,False,2026-09-24,2026-09-24,READY_INCREMENTAL,,sina_public_snapshot,2026-09-24,16.12,16.439920859934322,7.914006567943943e-05
300922.SZ,CHINEXT,2020-12-25,False,False,2026-09-24,2026-09-24,READY_INCREMENTAL,,sina_public_snapshot,2026-09-24,17.7,17.66996106618748,3.893381252240147e-05
300923.SZ,CHINEXT,2020-12-24,False,False,2026-09-24,2026-09-24,READY_INCREMENTAL,,sina_public_snapshot,2026-09-24,24.14,23.960059949777172,5.994977717449501e-05
300925.SZ,CHINEXT,2020-12-30,False,False,2026-09-24,2026-09-24,READY_INCREMENTAL,,sina_public_snapshot,2026-09-24,13.84,14.029965736066336,3.426393366190439e-05
300926.SZ,CHINEXT,2021-01-07,False,False,2026-09-24,2026-09-24,READY_INCREMENTAL,,sina_public_snapshot,2026-09-24,16.52,16.779920975916955,7.902408304616415e-05
300927.SZ,CHINEXT,2021-01-07,False,False,2026-09-24,2026-09-24,READY_INCREMENTAL,,sina_public_snapshot,2026-09-24,27.18,27.350117732294876,0.0001177322948713
300928.SZ,CHINEXT,2021-01-06,False,False,2026-09-24,2026-09-24,READY_INCREMENTAL,,sina_public_snapshot,2026-09-24,24.73,25.33993216726609,6.783273390453814e-05
300929.SZ,CHINEXT,2021-01-20,False,False,2026-09-24,2026-09-24,READY_INCREMENTAL,,sina_public_snapshot,2026-09-24,16.02,16.21999250761894,7.49238105868244e-06
300930.SZ,CHINEXT,2021-01-21,False,False,2026-09-24,2026-09-24,READY_INCREMENTAL,,sina_public_snapshot,2026-09-24,25.67,26.179986129808675,1.3870191324372172e-05
300931.SZ,CHINEXT,2021-01-21,False,False,2026-09-24,2026-09-24,READY_INCREMENTAL,,sina_public_snapshot,2026-09-24,17.46,19.210034107162503,3.410716250229484e-05
300932.SZ,CHINEXT,2021-01-22,False,False,2026-09-24,2026-09-24,READY_INCREMENTAL,,sina_public_snapshot,2026-09-24,11.06,11.289976827986075,2.31720139218794e-05
300933.SZ,CHINEXT,2021-01-22,False,False,2026-09-24,2026-09-24,READY_INCREMENTAL,,sina_public_snapshot,2026-09-24,6.52,6.670008490961729,8.490961729279434e-06
300935.SZ,CHINEXT,2021-01-20,False,False,2026-09-24,2026-09-24,READY_INCREMENTAL,,sina_public_snapshot,2026-09-24,27.61,27.91991101223582,8.898776418320153e-05
300936.SZ,CHINEXT,2021-01-26,False,False,2026-09-24,2026-09-24,READY_INCREMENTAL,,sina_public_snapshot,2026-09-24,78.94,83.62996864141029,3.1358589708929685e-05
300937.SZ,CHINEXT,2021-01-27,False,False,2026-09-24,2026-09-24,READY_INCREMENTAL,,sina_public_snapshot,2026-09-24,24.37,24.52006278423955,6.278423954952927e-05
300938.SZ,CHINEXT,2021-01-27,False,False,2026-09-24,2026-09-24,READY_INCREMENTAL,,sina_public_snapshot,2026-09-24,31.4,32.90990651071144,9.348928855956729e-05
300939.SZ,CHINEXT,2021-01-28,False,False,2026-09-24,2026-09-24,READY_INCREMENTAL,,sina_public_snapshot,2026-09-24,102.33,102.36992427046548,7.57295345295006e-05
300940.SZ,CHINEXT,2021-02-03,False,False,2026-09-24,2026-09-24,READY_INCREMENTAL,,sina_public_snapshot,2026-09-24,13.66,13.890018709834866,1.8709834865404676e-05
300941.SZ,CHINEXT,2021-02-09,False,False,2026-09-24,2026-09-24,READY_INCREMENTAL,,sina_public_snapshot,2026-09-24,15.03,15.170019277935342,1.9277935342287836e-05
300942.SZ,CHINEXT,2021-02-09,False,False,2026-09-24,2026-09-24,READY_INCREMENTAL,,sina_public_snapshot,2026-09-24,6.55,6.610018972268195,1.8972268194694664e-05
300943.SZ,CHINEXT,2021-02-10,False,False,2026-09-24,2026-09-24,READY_INCREMENTAL,,sina_public_snapshot,2026-09-24,36.07,35.040169420724894,0.0001694207248945
300945.SZ,CHINEXT,2021-02-10,False,False,2026-09-24,2026-09-24,READY_INCREMENTAL,,sina_public_snapshot,2026-09-24,11.39,11.680014766656072,1.476665607214045e-05
300946.SZ,CHINEXT,2021-02-08,False,False,2026-09-24,2026-09-24,READY_INCREMENTAL,,sina_public_snapshot,2026-09-24,37.22,36.90007633814825,7.633814825425134e-05
300947.SZ,CHINEXT,2021-02-10,False,False,2026-09-24,2026-09-24,READY_INCREMENTAL,,sina_public_snapshot,2026-09-24,15.62,16.03004864432175,4.8644321747559616e-05
300948.SZ,CHINEXT,2021-02-25,False,False,2026-09-24,2026-09-24,READY_INCREMENTAL,,sina_public_snapshot,2026-09-24,19.63,19.66007992228109,7.992228108832933e-05
300949.SZ,CHINEXT,2021-02-26,False,False,2026-09-24,2026-09-24,READY_INCREMENTAL,,sina_public_snapshot,2026-09-24,23.69,23.880085480424174,8.548042417899637e-05
300950.SZ,CHINEXT,2021-03-03,False,False,2026-09-24,2026-09-24,READY_INCREMENTAL,,sina_public_snapshot,2026-09-24,20.5,21.00001024390744,1.0243907436091604e-05
300951.SZ,CHINEXT,2021-02-26,False,False,2026-09-24,2026-09-24,READY_INCREMENTAL,,sina_public_snapshot,2026-09-24,90.72,93.65998699166848,1.300833152129144e-05
300952.SZ,CHINEXT,2021-03-11,False,False,2026-09-24,2026-09-24,READY_INCREMENTAL,,sina_public_snapshot,2026-09-24,16.95,16.909923481349203,7.651865079694176e-05
300953.SZ,CHINEXT,2021-03-18,False,False,2026-09-24,2026-09-24,READY_INCREMENTAL,,sina_public_snapshot,2026-09-24,96.8,101.54946864869969,0.0005313513003244
300955.SZ,CHINEXT,2021-03-24,False,False,2026-09-24,2026-09-24,READY_INCREMENTAL,,sina_public_snapshot,2026-09-24,28.77,29.61003674238136,3.674238135786823e-05
300956.SZ,CHINEXT,2021-03-26,False,False,2026-09-24,2026-09-24,READY_INCREMENTAL,,sina_public_snapshot,2026-09-24,11.33,11.390025434037376,2.543403737576e-05
300957.SZ,CHINEXT,2021-03-25,False,False,2026-09-24,2026-09-24,READY_INCREMENTAL,,sina_public_snapshot,2026-09-24,32.94,33.14016660630207,0.0001666063020664
300958.SZ,CHINEXT,2021-03-29,False,False,2026-09-24,2026-09-24,READY_INCREMENTAL,,sina_public_snapshot,2026-09-24,12.37,12.359988409388396,1.1590611604717084e-05
300959.SZ,CHINEXT,2021-03-22,False,False,2026-09-24,2026-09-24,READY_INCREMENTAL,,sina_public_snapshot,2026-09-24,91.04,95.82956148291616,0.0004385170838361
300960.SZ,CHINEXT,2021-03-29,False,False,2026-09-24,2026-09-24,READY_INCREMENTAL,,sina_public_snapshot,2026-09-24,18.99,18.08003198994601,3.198994601660843e-05
300961.SZ,CHINEXT,2021-03-30,False,False,2026-09-24,2026-09-24,READY_INCREMENTAL,,sina_public_snapshot,2026-09-24,11.84,12.009940660343863,5.93396561345827e-05
300962.SZ,CHINEXT,2021-04-09,False,False,2026-09-24,2026-09-24,READY_INCREMENTAL,,sina_public_snapshot,2026-09-24,13.16,13.10000199088176,1.9908817616709484e-06
300963.SZ,CHINEXT,2021-04-09,False,False,2026-09-24,2026-09-24,READY_INCREMENTAL,,sina_public_snapshot,2026-09-24,10.91,11.059973237095008,2.676290499259437e-05
300964.SZ,CHINEXT,2021-08-05,False,False,2026-09-24,2026-09-24,READY_INCREMENTAL,,sina_public_snapshot,2026-09-24,76.26,80.68987408739817,0.0001259126018311
300965.SZ,CHINEXT,2021-04-02,False,False,2026-09-24,2026-09-24,READY_INCREMENTAL,,sina_public_snapshot,2026-09-24,43.09,43.28999979907172,2.009282837889259e-07
300966.SZ,CHINEXT,2021-04-09,False,False,2026-09-24,2026-09-24,READY_INCREMENTAL,,sina_public_snapshot,2026-09-24,25.48,26.60013153911201,0.0001315391120044
300967.SZ,CHINEXT,2021-04-13,False,False,2026-09-24,2026-09-24,READY_INCREMENTAL,,sina_public_snapshot,2026-09-24,16.15,16.340034602426215,3.4602426215002424e-05
300968.SZ,CHINEXT,2021-04-15,False,False,2026-09-24,2026-09-24,READY_INCREMENTAL,,sina_public_snapshot,2026-09-24,9.81,9.949996450052236,3.5499477633038623e-06
300969.SZ,CHINEXT,2021-04-12,False,False,2026-09-24,2026-09-24,READY_INCREMENTAL,,sina_public_snapshot,2026-09-24,78.26,79.87018288700196,0.0001828870019551
300970.SZ,CHINEXT,2021-04-12,False,False,2026-09-24,2026-09-24,READY_INCREMENTAL,,sina_public_snapshot,2026-09-24,17.62,18.0899776185294,2.238147060396045e-05
300971.SZ,CHINEXT,2021-04-15,False,False,2026-09-24,2026-09-24,READY_INCREMENTAL,,sina_public_snapshot,2026-09-24,17.67,17.849927266849846,7.273315015510207e-05
300972.SZ,CHINEXT,2021-04-19,False,False,2026-09-24,2026-09-24,READY_INCREMENTAL,,sina_public_snapshot,2026-09-24,155.26,156.85046370193766,0.149536298062344
300973.SZ,CHINEXT,2021-04-15,False,False,2026-09-24,2026-09-24,READY_INCREMENTAL,,sina_public_snapshot,2026-09-24,25.39,25.620068212548688,6.821254868683013e-05
300975.SZ,CHINEXT,2021-04-21,False,False,2026-09-24,2026-09-24,READY_INCREMENTAL,,sina_public_snapshot,2026-09-24,26.03,27.09990421854829,9.578145171573738e-05
300976.SZ,CHINEXT,2021-04-19,False,False,2026-09-24,2026-09-24,READY_INCREMENTAL,,sina_public_snapshot,2026-09-24,62.43,65.17994174209916,5.825790084657001e-05
300977.SZ,CHINEXT,2021-04-20,False,False,2026-09-24,2026-09-24,READY_INCREMENTAL,,sina_public_snapshot,2026-09-24,19.52,20.82999861275624,1.3872437598649867e-06
300978.SZ,CHINEXT,2021-04-26,False,False,2026-09-24,2026-09-24,READY_INCREMENTAL,,sina_public_snapshot,2026-09-24,8.77,8.840012902185308,1.2902185307694936e-05
300979.SZ,CHINEXT,2021-04-26,False,False,2026-09-24,2026-09-24,READY_INCREMENTAL,,sina_public_snapshot,2026-09-24,34.18,32.81994161929636,5.838070364205805e-05
300980.SZ,CHINEXT,2021-04-21,False,False,2026-09-24,2026-09-24,READY_INCREMENTAL,,sina_public_snapshot,2026-09-24,23.69,24.13996902258091,3.09774190903056e-05
300981.SZ,CHINEXT,2021-04-27,False,False,2026-09-24,2026-09-24,READY_INCREMENTAL,,sina_public_snapshot,2026-09-24,17.61,18.36996547155837,3.452844163120972e-05
300982.SZ,CHINEXT,2021-04-27,False,False,2026-09-24,2026-09-24,READY_INCREMENTAL,,sina_public_snapshot,2026-09-24,14.34,14.370033369742762,3.3369742762801025e-05
300983.SZ,CHINEXT,2021-04-20,False,False,2026-09-24,2026-09-24,READY_INCREMENTAL,,sina_public_snapshot,2026-09-24,38.0,38.52002027369488,2.0273694879335835e-05
300984.SZ,CHINEXT,2021-06-18,False,False,2026-09-24,2026-09-24,READY_INCREMENTAL,,sina_public_snapshot,2026-09-24,31.91,32.4499674585096,3.2541490405435525e-05
300985.SZ,CHINEXT,2021-04-29,False,False,2026-09-24,2026-09-24,READY_INCREMENTAL,,sina_public_snapshot,2026-09-24,37.73,37.96997021173818,2.978826181987415e-05
300986.SZ,CHINEXT,2021-04-30,False,False,2026-09-24,2026-09-24,READY_INCREMENTAL,,sina_public_snapshot,2026-09-24,11.59,12.019953745475664,4.62545243351542e-05
300987.SZ,CHINEXT,2021-05-11,False,False,2026-09-24,2026-09-24,READY_INCREMENTAL,,sina_public_snapshot,2026-09-24,14.32,14.53999004944815,9.950551849158272e-06
300988.SZ,CHINEXT,2021-05-12,False,False,2026-09-24,2026-09-24,READY_INCREMENTAL,,sina_public_snapshot,2026-09-24,16.36,16.41993275455412,6.724544588010417e-05
300989.SZ,CHINEXT,2021-05-07,False,False,2026-09-24,2026-09-24,READY_INCREMENTAL,,sina_public_snapshot,2026-09-24,15.23,15.629970956784106,2.9043215894475335e-05
300990.SZ,CHINEXT,2021-05-12,False,False,2026-09-24,2026-09-24,READY_INCREMENTAL,,sina_public_snapshot,2026-09-24,104.53,107.94985128883016,0.0001487111698565
300991.SZ,CHINEXT,2021-05-20,False,False,2026-09-24,2026-09-24,READY_INCREMENTAL,,sina_public_snapshot,2026-09-24,28.91,30.92011679269297,0.0001167926929674
300992.SZ,CHINEXT,2021-05-25,False,False,2026-09-24,2026-09-24,READY_INCREMENTAL,,sina_public_snapshot,2026-09-24,28.44,29.06994572383552,5.427616448372419e-05
300993.SZ,CHINEXT,2021-05-24,False,False,2026-09-24,2026-09-24,READY_INCREMENTAL,,sina_public_snapshot,2026-09-24,9.94,9.760025136483248,2.513648324864448e-05
300994.SZ,CHINEXT,2021-08-12,False,False,2026-09-24,2026-09-24,READY_INCREMENTAL,,sina_public_snapshot,2026-09-24,11.23,11.250025044579353,2.504457935259552e-05
300995.SZ,CHINEXT,2021-05-26,False,False,2026-09-24,2026-09-24,READY_INCREMENTAL,,sina_public_snapshot,2026-09-24,26.33,26.23006345822416,6.345822416164992e-05
300996.SZ,CHINEXT,2021-06-03,False,False,2026-09-24,2026-09-24,READY_INCREMENTAL,,sina_public_snapshot,2026-09-24,12.44,12.749951316504218,4.86834957822424e-05
300997.SZ,CHINEXT,2021-06-02,False,False,2026-09-24,2026-09-24,READY_INCREMENTAL,,sina_public_snapshot,2026-09-24,15.4,15.60995387968172,4.612031828088448e-05
300998.SZ,CHINEXT,2021-06-02,False,False,2026-09-24,2026-09-24,READY_INCREMENTAL,,sina_public_snapshot,2026-09-24,29.63,31.370099414523622,9.941452362483004e-05
300999.SZ,CHINEXT,2020-10-15,False,False,2026-09-24,2026-09-24,READY_INCREMENTAL,,sina_public_snapshot,2026-09-24,24.55,24.860004253035356,4.253035353229961e-06
301000.SZ,CHINEXT,2021-05-28,False,False,2026-09-24,2026-09-24,READY_INCREMENTAL,,sina_public_snapshot,2026-09-24,24.39,24.61001352087664,1.3520876638750678e-05
301001.SZ,CHINEXT,2021-05-28,False,False,2026-09-24,2026-09-24,READY_INCREMENTAL,,sina_public_snapshot,2026-09-24,25.55,25.589920275629986,7.97243700176864e-05
301002.SZ,CHINEXT,2021-06-07,False,False,2026-09-24,2026-09-24,READY_INCREMENTAL,,sina_public_snapshot,2026-09-24,27.48,28.16988037026786,0.0001196297321399
301003.SZ,CHINEXT,2021-06-01,False,False,2026-09-24,2026-09-24,READY_INCREMENTAL,,sina_public_snapshot,2026-09-24,58.22,60.70021060533394,0.0002106053339403
301004.SZ,CHINEXT,2021-06-25,False,False,2026-09-24,2026-09-24,READY_INCREMENTAL,,sina_public_snapshot,2026-09-24,32.7,32.929850355481264,0.0001496445187356
301005.SZ,CHINEXT,2021-06-01,False,False,2026-09-24,2026-09-24,READY_INCREMENTAL,,sina_public_snapshot,2026-09-24,60.86,60.77006031074011,6.031074010337534e-05
301006.SZ,CHINEXT,2021-06-07,False,False,2026-09-24,2026-09-24,READY_INCREMENTAL,,sina_public_snapshot,2026-09-24,13.91,13.990022931166273,2.2931166270723224e-05
301007.SZ,CHINEXT,2021-06-16,False,False,2026-09-24,2026-09-24,READY_INCREMENTAL,,sina_public_snapshot,2026-09-24,32.27,32.320096149031,9.614903100185757e-05
301008.SZ,CHINEXT,2021-06-11,False,False,2026-09-24,2026-09-24,READY_INCREMENTAL,,sina_public_snapshot,2026-09-24,58.14,60.22998031699989,1.9683000104464558e-05
301009.SZ,CHINEXT,2021-06-17,False,False,2026-09-24,2026-09-24,READY_INCREMENTAL,,sina_public_snapshot,2026-09-24,9.29,9.190012662234883,1.2662234883720204e-05
301010.SZ,CHINEXT,2021-06-18,False,False,2026-09-24,2026-09-24,READY_INCREMENTAL,,sina_public_snapshot,2026-09-24,19.38,19.150008399126488,8.399126489422315e-06
301011.SZ,CHINEXT,2021-06-17,False,False,2026-09-24,2026-09-24,READY_INCREMENTAL,,sina_public_snapshot,2026-09-24,15.96,15.859923880315211,7.611968478826725e-05
301012.SZ,CHINEXT,2021-06-22,False,False,2026-09-24,2026-09-24,READY_INCREMENTAL,,sina_public_snapshot,2026-09-24,22.95,23.4100066302851,6.6302850996180496e-06
301013.SZ,CHINEXT,2021-06-29,False,False,2026-09-24,2026-09-24,READY_INCREMENTAL,,sina_public_snapshot,2026-09-24,37.62,39.16016946506084,0.0001694650608428
301015.SZ,CHINEXT,2021-06-30,False,False,2026-09-24,2026-09-24,READY_INCREMENTAL,,sina_public_snapshot,2026-09-24,25.23,26.11990516911164,9.48308883650384e-05
301016.SZ,CHINEXT,2021-06-30,False,False,2026-09-24,2026-09-24,READY_INCREMENTAL,,sina_public_snapshot,2026-09-24,15.27,15.690021885885145,2.188588514506762e-05
301017.SZ,CHINEXT,2021-07-05,False,False,2026-09-24,2026-09-24,READY_INCREMENTAL,,sina_public_snapshot,2026-09-24,13.25,12.71995929613025,4.07038697503026e-05
301018.SZ,CHINEXT,2021-07-07,False,False,2026-09-24,2026-09-24,READY_INCREMENTAL,,sina_public_snapshot,2026-09-24,97.6,101.80027953355444,0.0002795335544476
301019.SZ,CHINEXT,2021-06-28,False,False,2026-09-24,2026-09-24,READY_INCREMENTAL,,sina_public_snapshot,2026-09-24,15.65,15.639990406140072,9.593859928713757e-06
301020.SZ,CHINEXT,2021-07-06,False,False,2026-09-24,2026-09-24,REPAIRED_FULL_HISTORY,QFQ_CONTINUITY_BREAK,sina_daily,2026-09-24,24.54,23.169960250394197,0.1800397496058075
301021.SZ,CHINEXT,2021-07-06,False,False,2026-09-24,2026-09-24,READY_INCREMENTAL,,sina_public_snapshot,2026-09-24,86.15,91.00993027678008,6.972321993714559e-05
301022.SZ,CHINEXT,2021-07-02,False,False,2026-09-24,2026-09-24,READY_INCREMENTAL,,sina_public_snapshot,2026-09-24,22.3,22.470098646755943,9.864675594428718e-05
301023.SZ,CHINEXT,2021-07-07,False,False,2026-09-24,2026-09-24,READY_INCREMENTAL,,sina_public_snapshot,2026-09-24,29.11,29.14001421464108,1.4214641080201318e-05
301024.SZ,CHINEXT,2021-07-28,False,False,2026-09-24,2026-09-24,READY_INCREMENTAL,,sina_public_snapshot,2026-09-24,33.96,35.18988653437646,0.000113465623535
301025.SZ,CHINEXT,2021-07-19,False,False,2026-09-24,2026-09-24,READY_INCREMENTAL,,sina_public_snapshot,2026-09-24,9.99,10.030019778917882,1.9778917883073177e-05
301026.SZ,CHINEXT,2021-07-16,False,False,2026-09-24,2026-09-24,READY_INCREMENTAL,,sina_public_snapshot,2026-09-24,18.86,19.489914021164022,8.597883597616374e-05
301027.SZ,CHINEXT,2021-07-15,False,False,2026-09-24,2026-09-24,READY_INCREMENTAL,,sina_public_snapshot,2026-09-24,19.3,19.43996776792909,3.2232070910964694e-05
301028.SZ,CHINEXT,2021-07-20,False,False,2026-09-24,2026-09-24,READY_INCREMENTAL,,sina_public_snapshot,2026-09-24,13.86,13.620015329887384,1.5329887384396557e-05
301029.SZ,CHINEXT,2021-07-23,False,False,2026-09-24,2026-09-24,READY_INCREMENTAL,,sina_public_snapshot,2026-09-24,24.97,24.95003996802558,3.996802558248192e-05
301030.SZ,CHINEXT,2021-07-22,True,False,2026-09-24,2026-09-24,READY_INCREMENTAL,,sina_public_snapshot,2026-09-24,5.33,5.439996733960685,3.26603931544156e-06
301031.SZ,CHINEXT,2021-07-15,False,False,2026-09-24,2026-09-24,READY_INCREMENTAL,,sina_public_snapshot,2026-09-24,99.48,102.78027461798344,0.0002746179834502
301032.SZ,CHINEXT,2021-07-22,False,False,2026-09-24,2026-09-24,READY_INCREMENTAL,,sina_public_snapshot,2026-09-24,10.22,10.159954667912636,4.533208736390293e-05
301033.SZ,CHINEXT,2021-07-26,False,False,2026-09-24,2026-09-24,READY_INCREMENTAL,,sina_public_snapshot,2026-09-24,54.35,55.95996828763526,3.171236473775707e-05
301035.SZ,CHINEXT,2021-07-28,False,False,2026-09-24,2026-09-24,READY_INCREMENTAL,,sina_public_snapshot,2026-09-24,48.23,49.50017447708192,0.00017447708192
301036.SZ,CHINEXT,2021-07-29,False,False,2026-09-24,2026-09-24,READY_INCREMENTAL,,sina_public_snapshot,2026-09-24,22.42,22.539912333614836,8.766638516632952e-05
301037.SZ,CHINEXT,2021-07-30,False,False,2026-09-24,2026-09-24,READY_INCREMENTAL,,sina_public_snapshot,2026-09-24,13.12,13.099957065689496,4.293431050506058e-05
301038.SZ,CHINEXT,2021-08-04,False,False,2026-09-24,2026-09-24,READY_INCREMENTAL,,sina_public_snapshot,2026-09-24,16.52,16.76000324648973,3.2464897294914863e-06
301039.SZ,CHINEXT,2021-07-08,False,False,2026-09-24,2026-09-24,READY_INCREMENTAL,,sina_public_snapshot,2026-09-24,7.19,7.259986267619856,1.373238014412692e-05
301040.SZ,CHINEXT,2021-08-03,False,False,2026-09-24,2026-09-24,READY_INCREMENTAL,,sina_public_snapshot,2026-09-24,26.42,26.119882549506176,0.0001174504938248
301041.SZ,CHINEXT,2021-08-11,False,False,2026-09-24,2026-09-24,READY_INCREMENTAL,,sina_public_snapshot,2026-09-24,37.57,38.13013163369904,0.0001316336990342
301042.SZ,CHINEXT,2021-08-05,False,False,2026-09-24,2026-09-24,READY_INCREMENTAL,,sina_public_snapshot,2026-09-24,30.8,31.23985718922428,0.0001428107757206
301043.SZ,CHINEXT,2021-08-11,False,False,2026-09-24,2026-09-24,READY_INCREMENTAL,,sina_public_snapshot,2026-09-24,48.91,50.890135159038174,0.000135159038173
301045.SZ,CHINEXT,2021-08-13,False,False,2026-09-24,2026-09-24,READY_INCREMENTAL,,sina_public_snapshot,2026-09-24,72.49,74.01016886856023,0.0001688685602232
301046.SZ,CHINEXT,2021-08-17,False,False,2026-09-24,2026-09-24,READY_INCREMENTAL,,sina_public_snapshot,2026-09-24,34.47,34.77988880929078,0.0001111907092194
301047.SZ,CHINEXT,2021-08-16,False,False,2026-09-24,2026-09-24,READY_INCREMENTAL,,sina_public_snapshot,2026-09-24,146.86,149.9994893112852,0.0005106887147974
301048.SZ,CHINEXT,2021-08-18,False,False,2026-09-24,2026-09-24,READY_INCREMENTAL,,sina_public_snapshot,2026-09-24,8.92,8.969962692195528,3.730780447241955e-05
301049.SZ,CHINEXT,2021-08-24,False,False,2026-09-24,2026-09-24,READY_INCREMENTAL,,sina_public_snapshot,2026-09-24,20.63,20.569935787500494,6.421249950250285e-05
301050.SZ,CHINEXT,2021-08-24,False,False,2026-09-24,2026-09-24,READY_INCREMENTAL,,sina_public_snapshot,2026-09-24,27.83,28.17999554466473,4.455335265163285e-06
301051.SZ,CHINEXT,2021-08-27,False,False,2026-09-24,2026-09-24,READY_INCREMENTAL,,sina_public_snapshot,2026-09-24,18.4,19.02005375232582,5.375232581883438e-05
301052.SZ,CHINEXT,2021-08-30,False,False,2026-09-24,2026-09-24,READY_INCREMENTAL,,sina_public_snapshot,2026-09-24,24.31,24.31,0.0
301053.SZ,CHINEXT,2021-09-01,False,False,2026-09-24,2026-09-24,READY_INCREMENTAL,,sina_public_snapshot,2026-09-24,36.13,36.29988345456738,0.0001165454326184
301055.SZ,CHINEXT,2021-09-06,False,False,2026-09-24,2026-09-24,READY_INCREMENTAL,,sina_public_snapshot,2026-09-24,31.51,31.93991120481684,8.879518316362578e-05
301056.SZ,CHINEXT,2021-09-07,False,False,2026-09-24,2026-09-24,READY_INCREMENTAL,,sina_public_snapshot,2026-09-24,13.42,13.689966132125514,3.3867874485338234e-05
301057.SZ,CHINEXT,2021-09-09,False,False,2026-09-24,2026-09-24,READY_INCREMENTAL,,sina_public_snapshot,2026-09-24,24.48,26.340140738987284,0.0001407389872838
301058.SZ,CHINEXT,2021-09-09,False,False,2026-09-24,2026-09-24,READY_INCREMENTAL,,sina_public_snapshot,2026-09-24,8.5,8.850018220625747,1.8220625747744638e-05
301059.SZ,CHINEXT,2021-09-13,False,False,2026-09-24,2026-09-24,READY_INCREMENTAL,,sina_public_snapshot,2026-09-24,13.21,12.809945405001791,5.459499820759106e-05
301060.SZ,CHINEXT,2021-09-13,False,False,2026-09-24,2026-09-24,READY_INCREMENTAL,,sina_public_snapshot,2026-09-24,11.86,12.150021001301054,2.100130105375797e-05
301061.SZ,CHINEXT,2021-09-13,False,False,2026-09-24,2026-09-24,REPAIRED_FULL_HISTORY,QFQ_CONTINUITY_BREAK,sina_daily,2026-09-24,42.05,43.639797835133926,0.5002021648660744
301062.SZ,CHINEXT,2021-09-14,False,False,2026-09-24,2026-09-24,READY_INCREMENTAL,,sina_public_snapshot,2026-09-24,7.0,7.03001817761843,1.8177618430037512e-05
301063.SZ,CHINEXT,2021-09-24,False,False,2026-09-24,2026-09-24,READY_INCREMENTAL,,sina_public_snapshot,2026-09-24,18.43,18.13994232226695,5.767773305009882e-05
301065.SZ,CHINEXT,2021-09-14,False,False,2026-09-24,2026-09-24,READY_INCREMENTAL,,sina_public_snapshot,2026-09-24,19.95,20.129961859019637,3.814098036514224e-05
301066.SZ,CHINEXT,2021-09-22,False,False,2026-09-24,2026-09-24,READY_INCREMENTAL,,sina_public_snapshot,2026-09-24,12.66,12.480037854143252,3.785414325285785e-05
301067.SZ,CHINEXT,2021-09-22,False,False,2026-09-24,2026-09-24,READY_INCREMENTAL,,sina_public_snapshot,2026-09-24,34.61,33.850066017898186,6.601789818461157e-05
301068.SZ,CHINEXT,2021-09-28,False,False,2026-09-24,2026-09-24,REPAIRED_FULL_HISTORY,QFQ_CONTINUITY_BREAK,sina_daily,2026-09-24,25.07,26.02998587922585,0.1000141207741478
301069.SZ,CHINEXT,2021-09-27,False,False,2026-09-24,2026-09-24,READY_INCREMENTAL,,sina_public_snapshot,2026-09-24,15.85,16.069998276403968,1.723596032121577e-06
301070.SZ,CHINEXT,2021-09-23,False,False,2026-09-24,2026-09-24,READY_INCREMENTAL,,sina_public_snapshot,2026-09-24,65.6,68.40030863553896,0.0003086355389569
301071.SZ,CHINEXT,2021-09-24,False,False,2026-09-24,2026-09-24,READY_INCREMENTAL,,sina_public_snapshot,2026-09-24,69.04,71.03976951175594,0.0002304882440711
301072.SZ,CHINEXT,2021-09-29,False,False,2026-09-24,2026-09-24,READY_INCREMENTAL,,sina_public_snapshot,2026-09-24,47.47,49.75004454132912,4.454132911746456e-05
301073.SZ,CHINEXT,2021-09-30,False,False,2026-09-24,2026-09-24,REPAIRED_FULL_HISTORY,QFQ_CONTINUITY_BREAK,sina_daily,2026-09-24,17.75,18.00002028171299,0.0999797182870096
301075.SZ,CHINEXT,2021-09-29,False,False,2026-09-24,2026-09-24,READY_INCREMENTAL,,sina_public_snapshot,2026-09-24,66.26,66.17992229402424,7.770597576950422e-05
301076.SZ,CHINEXT,2021-10-11,False,False,2026-09-24,2026-09-24,READY_INCREMENTAL,,sina_public_snapshot,2026-09-24,21.15,21.43009129320215,9.129320214995572e-05
301077.SZ,CHINEXT,2021-09-30,False,False,2026-09-24,2026-09-24,READY_INCREMENTAL,,sina_public_snapshot,2026-09-24,21.9,22.06993852665525,6.147334475414823e-05
301078.SZ,CHINEXT,2021-10-14,False,False,2026-09-24,2026-09-24,READY_INCREMENTAL,,sina_public_snapshot,2026-09-24,6.92,6.980028242888844,2.8242888843621472e-05
301079.SZ,CHINEXT,2021-10-19,False,False,2026-09-24,2026-09-24,READY_INCREMENTAL,,sina_public_snapshot,2026-09-24,27.64,26.880099584739416,9.958473941651393e-05
301080.SZ,CHINEXT,2021-10-18,False,False,2026-09-24,2026-09-24,READY_INCREMENTAL,,sina_public_snapshot,2026-09-24,121.41,129.80029079712625,0.0002907971262402
301081.SZ,CHINEXT,2021-10-20,False,False,2026-09-24,2026-09-24,READY_INCREMENTAL,,sina_public_snapshot,2026-09-24,16.6,16.909959558711176,4.044128882441101e-05
301082.SZ,CHINEXT,2021-10-27,False,False,2026-09-24,2026-09-24,READY_INCREMENTAL,,sina_public_snapshot,2026-09-24,9.71,9.730043890414256,4.389041425412188e-05
301083.SZ,CHINEXT,2021-10-21,False,False,2026-09-24,2026-09-24,READY_INCREMENTAL,,sina_public_snapshot,2026-09-24,14.6,14.379986210972126,1.3789027875077409e-05
301085.SZ,CHINEXT,2021-10-18,False,False,2026-09-24,2026-09-24,READY_INCREMENTAL,,sina_public_snapshot,2026-09-24,83.99,87.67040354063589,0.0004035406358866
301086.SZ,CHINEXT,2021-10-20,False,False,2026-09-24,2026-09-24,READY_INCREMENTAL,,sina_public_snapshot,2026-09-24,166.89,174.94994391622026,5.608377972521339e-05
301087.SZ,CHINEXT,2021-10-25,False,False,2026-09-24,2026-09-24,READY_INCREMENTAL,,sina_public_snapshot,2026-09-24,54.21,54.94015465536987,0.0001546553698688
301088.SZ,CHINEXT,2021-10-28,False,False,2026-09-24,2026-09-24,READY_INCREMENTAL,,sina_public_snapshot,2026-09-24,13.59,13.62993571163509,6.428836491068068e-05
301089.SZ,CHINEXT,2021-10-27,False,False,2026-09-24,2026-09-24,READY_INCREMENTAL,,sina_public_snapshot,2026-09-24,23.96,24.17003762697844,3.762697843967544e-05
301090.SZ,CHINEXT,2021-10-26,False,False,2026-09-24,2026-09-24,READY_INCREMENTAL,,sina_public_snapshot,2026-09-24,7.08,7.110004217799112,4.217799111749798e-06
301091.SZ,CHINEXT,2021-10-29,False,False,2026-09-24,2026-09-24,READY_INCREMENTAL,,sina_public_snapshot,2026-09-24,19.63,19.77993188367828,6.811632172087911e-05
301092.SZ,CHINEXT,2021-11-02,False,False,2026-09-24,2026-09-24,READY_INCREMENTAL,,sina_public_snapshot,2026-09-24,44.9,46.69009837156583,9.83715658335882e-05
301093.SZ,CHINEXT,2021-11-01,False,False,2026-09-24,2026-09-24,READY_INCREMENTAL,,sina_public_snapshot,2026-09-24,67.75,74.21973423309926,0.000265766900739
301095.SZ,CHINEXT,2022-08-05,False,False,2026-09-24,2026-09-24,READY_INCREMENTAL,,sina_public_snapshot,2026-09-24,74.96,77.95989683001913,0.0001031699808606
301096.SZ,CHINEXT,2021-12-20,False,False,2026-09-24,2026-09-24,READY_INCREMENTAL,,sina_public_snapshot,2026-09-24,48.23,50.84013239727616,0.0001323972761539
301097.SZ,CHINEXT,2022-04-07,False,False,2026-09-24,2026-09-24,READY_INCREMENTAL,,sina_public_snapshot,2026-09-24,34.45,34.88996242619432,3.757380568458757e-05
301098.SZ,CHINEXT,2021-11-12,False,False,2026-09-24,2026-09-24,READY_INCREMENTAL,,sina_public_snapshot,2026-09-24,8.9,8.999989887651811,1.0112348189039722e-05
301099.SZ,CHINEXT,2021-11-22,False,False,2026-09-24,2026-09-24,READY_INCREMENTAL,,sina_public_snapshot,2026-09-24,55.15,57.54022077081986,0.0002207708198582
301100.SZ,CHINEXT,2021-12-17,False,False,2026-09-24,2026-09-24,READY_INCREMENTAL,,sina_public_snapshot,2026-09-24,15.77,15.559940799210654,5.9200789346292026e-05
301101.SZ,CHINEXT,2021-12-16,False,False,2026-09-24,2026-09-24,READY_INCREMENTAL,,sina_public_snapshot,2026-09-24,30.08,30.429944360141626,5.563985837397922e-05
301102.SZ,CHINEXT,2022-03-28,False,False,2026-09-24,2026-09-24,READY_INCREMENTAL,,sina_public_snapshot,2026-09-24,9.5,9.71002790355387,2.7903553869279563e-05
301103.SZ,CHINEXT,2022-03-22,False,False,2026-09-24,2026-09-24,READY_INCREMENTAL,,sina_public_snapshot,2026-09-24,16.57,16.54997453081771,2.546918229029416e-05
301105.SZ,CHINEXT,2022-12-30,False,False,2026-09-24,2026-09-24,READY_INCREMENTAL,,sina_public_snapshot,2026-09-24,49.9,50.67996465605671,3.534394328852386e-05
301106.SZ,CHINEXT,2022-01-28,False,False,2026-09-24,2026-09-24,READY_INCREMENTAL,,sina_public_snapshot,2026-09-24,19.28,19.549985296950894,1.4703049107112063e-05
301107.SZ,CHINEXT,2022-05-24,False,False,2026-09-24,2026-09-24,READY_INCREMENTAL,,sina_public_snapshot,2026-09-24,25.29,25.550100018185123,0.0001000181851225
301108.SZ,CHINEXT,2021-12-03,False,False,2026-09-24,2026-09-24,READY_INCREMENTAL,,sina_public_snapshot,2026-09-24,51.71,51.49988048761055,0.0001195123894532
301109.SZ,CHINEXT,2022-04-13,False,False,2026-09-24,2026-09-24,READY_INCREMENTAL,,sina_public_snapshot,2026-09-24,12.7,12.79004189494038,4.189494038087105e-05
301110.SZ,CHINEXT,2022-03-11,False,False,2026-09-24,2026-09-24,READY_INCREMENTAL,,sina_public_snapshot,2026-09-24,36.5,37.20010599482256,0.0001059948225545
301111.SZ,CHINEXT,2021-12-07,False,False,2026-09-24,2026-09-24,READY_INCREMENTAL,,sina_public_snapshot,2026-09-24,22.38,23.10002786866633,2.786866632931151e-05
301112.SZ,CHINEXT,2022-06-29,False,False,2026-09-24,2026-09-24,READY_INCREMENTAL,,sina_public_snapshot,2026-09-24,30.3,31.039993443697757,6.556302245996903e-06
301113.SZ,CHINEXT,2021-12-22,False,False,2026-09-24,2026-09-24,READY_INCREMENTAL,,sina_public_snapshot,2026-09-24,17.74,17.68006458107017,6.45810701698224e-05
301115.SZ,CHINEXT,2022-08-31,False,False,2026-09-24,2026-09-24,READY_INCREMENTAL,,sina_public_snapshot,2026-09-24,38.38,38.7000494086092,4.940860920044088e-05
301116.SZ,CHINEXT,2022-01-18,False,False,2026-09-24,2026-09-24,READY_INCREMENTAL,,sina_public_snapshot,2026-09-24,9.12,9.14001663643379,1.6636433789685157e-05
301117.SZ,CHINEXT,2022-01-17,True,False,2026-09-24,2026-09-24,READY_INCREMENTAL,,sina_public_snapshot,2026-09-24,12.98,13.250035728139482,3.572813948160558e-05
301118.SZ,CHINEXT,2021-11-18,False,False,2026-09-24,2026-09-24,READY_INCREMENTAL,,sina_public_snapshot,2026-09-24,23.42,23.950013805516072,1.3805516072551429e-05
301119.SZ,CHINEXT,2021-11-22,False,False,2026-09-24,2026-09-24,READY_INCREMENTAL,,sina_public_snapshot,2026-09-24,26.85,26.269959298685038,4.070131496547447e-05
301120.SZ,CHINEXT,2022-04-19,False,False,2026-09-24,2026-09-24,READY_INCREMENTAL,,sina_public_snapshot,2026-09-24,14.63,14.949928469241774,7.153075822508015e-05
301121.SZ,CHINEXT,2022-08-08,False,False,2026-09-24,2026-09-24,READY_INCREMENTAL,,sina_public_snapshot,2026-09-24,36.19,36.379903094151466,9.690584853672136e-05
301122.SZ,CHINEXT,2022-01-26,False,False,2026-09-24,2026-09-24,READY_INCREMENTAL,,sina_public_snapshot,2026-09-24,63.54,61.30009454531422,9.454531421937418e-05
301123.SZ,CHINEXT,2022-01-25,False,False,2026-09-24,2026-09-24,READY_INCREMENTAL,,sina_public_snapshot,2026-09-24,76.8,80.48036719167531,0.0003671916753091
301125.SZ,CHINEXT,2022-06-08,False,False,2026-09-24,2026-09-24,READY_INCREMENTAL,,sina_public_snapshot,2026-09-24,14.71,14.30001847045214,1.847045213843046e-05
301126.SZ,CHINEXT,2021-12-07,False,False,2026-09-24,2026-09-24,READY_INCREMENTAL,,sina_public_snapshot,2026-09-24,10.36,10.299951284014195,4.871598580358239e-05
301127.SZ,CHINEXT,2021-12-30,False,False,2026-09-24,2026-09-24,READY_INCREMENTAL,,sina_public_snapshot,2026-09-24,16.56,17.349942900248305,5.7099751696654266e-05
301128.SZ,CHINEXT,2021-11-10,False,False,2026-09-24,2026-09-24,READY_INCREMENTAL,,sina_public_snapshot,2026-09-24,117.7,120.79972083666893,0.0002791633310721
301129.SZ,CHINEXT,2021-11-02,False,False,2026-09-24,2026-09-24,READY_INCREMENTAL,,sina_public_snapshot,2026-09-24,24.16,24.279942918014992,5.708198500897765e-05
301130.SZ,CHINEXT,2022-02-23,False,False,2026-09-24,2026-09-24,READY_INCREMENTAL,,sina_public_snapshot,2026-09-24,28.19,29.120095861826748,9.586182674681254e-05
301131.SZ,CHINEXT,2022-03-14,False,False,2026-09-24,2026-09-24,READY_INCREMENTAL,,sina_public_snapshot,2026-09-24,33.61,33.580113698808056,0.0001136988080574
301132.SZ,CHINEXT,2022-08-10,False,False,2026-09-24,2026-09-24,READY_INCREMENTAL,,sina_public_snapshot,2026-09-24,70.37,74.56028819665184,0.0002881966518373
301133.SZ,CHINEXT,2021-11-26,False,False,2026-09-24,2026-09-24,READY_INCREMENTAL,,sina_public_snapshot,2026-09-24,26.77,27.2701342623719,0.0001342623719011
301135.SZ,CHINEXT,2022-04-12,False,False,2026-09-24,2026-09-24,READY_INCREMENTAL,,sina_public_snapshot,2026-09-24,17.91,17.9399597327537,4.026724630179501e-05
301136.SZ,CHINEXT,2022-01-11,False,False,2026-09-24,2026-09-24,READY_INCREMENTAL,,sina_public_snapshot,2026-09-24,13.3,11.840008546171582,8.54617158196902e-06
301137.SZ,CHINEXT,2022-03-22,False,False,2026-09-24,2026-09-24,READY_INCREMENTAL,,sina_public_snapshot,2026-09-24,30.74,31.059917146610083,8.285338991598223e-05
301138.SZ,CHINEXT,2021-12-15,False,False,2026-09-24,2026-09-24,READY_INCREMENTAL,,sina_public_snapshot,2026-09-24,29.93,29.98006671140805,6.671140804925813e-05
301139.SZ,CHINEXT,2022-07-08,True,True,2026-09-24,2026-09-24,READY_SUSPENDED_NO_APPEND,SNAPSHOT_SUSPENDED,sina_daily,2026-08-28 00:00:00,3.31,,
301141.SZ,CHINEXT,2023-04-03,False,False,2026-09-24,2026-09-24,READY_INCREMENTAL,,sina_public_snapshot,2026-09-24,37.79,37.97989949748744,0.0001005025125593
301148.SZ,CHINEXT,2022-04-21,False,False,2026-09-24,2026-09-24,READY_INCREMENTAL,,sina_public_snapshot,2026-09-24,58.56,61.06997601418292,2.398581708007441e-05
301149.SZ,CHINEXT,2021-11-10,False,False,2026-09-24,2026-09-24,READY_INCREMENTAL,,sina_public_snapshot,2026-09-24,8.91,9.25003114488601,3.1144886010636696e-05
301150.SZ,CHINEXT,2022-04-21,False,False,2026-09-24,2026-09-24,READY_INCREMENTAL,,sina_public_snapshot,2026-09-24,46.0,49.19996577393685,3.4226063149844776e-05
301151.SZ,CHINEXT,2022-04-11,False,False,2026-09-24,2026-09-24,READY_INCREMENTAL,,sina_public_snapshot,2026-09-24,21.48,22.69006095048961,6.0950489608302405e-05
301152.SZ,CHINEXT,2022-08-29,False,False,2026-09-24,2026-09-24,READY_INCREMENTAL,,sina_public_snapshot,2026-09-24,21.02,21.19998789724763,1.2102752368292611e-05
301153.SZ,CHINEXT,2022-05-18,False,False,2026-09-24,2026-09-24,READY_INCREMENTAL,,sina_public_snapshot,2026-09-24,17.04,17.40000612676272,6.126762720271017e-06
301155.SZ,CHINEXT,2021-11-24,False,False,2026-09-24,2026-09-24,READY_INCREMENTAL,,sina_public_snapshot,2026-09-24,43.1,43.01998283193261,1.7168067394379705e-05
301156.SZ,CHINEXT,2022-06-17,False,False,2026-09-24,2026-09-24,READY_INCREMENTAL,,sina_public_snapshot,2026-09-24,11.81,11.879973041212743,2.6958787257669314e-05
301157.SZ,CHINEXT,2023-03-09,False,False,2026-09-24,2026-09-24,READY_INCREMENTAL,,sina_public_snapshot,2026-09-24,66.19,67.71979005739658,0.0002099426034192
301158.SZ,CHINEXT,2022-01-17,False,False,2026-09-24,2026-09-24,READY_INCREMENTAL,,sina_public_snapshot,2026-09-24,14.27,14.339979097998231,2.0902001768519085e-05
301159.SZ,CHINEXT,2022-01-07,False,False,2026-09-24,2026-09-24,READY_INCREMENTAL,,sina_public_snapshot,2026-09-24,32.25,33.109863145899,0.0001368541010009
301160.SZ,CHINEXT,2022-06-06,False,False,2026-09-24,2026-09-24,READY_INCREMENTAL,,sina_public_snapshot,2026-09-24,45.11,44.600219491215405,0.0002194912154038
301161.SZ,CHINEXT,2022-09-14,False,False,2026-09-24,2026-09-24,READY_INCREMENTAL,,sina_public_snapshot,2026-09-24,30.7,31.33996202454113,3.797545886996545e-05
301162.SZ,CHINEXT,2022-04-29,False,False,2026-09-24,2026-09-24,READY_INCREMENTAL,,sina_public_snapshot,2026-09-24,36.73,37.64013855014244,0.000138550142438
301163.SZ,CHINEXT,2022-04-19,False,False,2026-09-24,2026-09-24,READY_INCREMENTAL,,sina_public_snapshot,2026-09-24,23.44,23.470041653316244,4.165331624506052e-05
301165.SZ,CHINEXT,2022-11-21,False,False,2026-09-24,2026-09-24,READY_INCREMENTAL,,sina_public_snapshot,2026-09-24,111.7,114.16015125964536,0.0001512596453636
301166.SZ,CHINEXT,2021-12-28,False,False,2026-09-24,2026-09-24,READY_INCREMENTAL,,sina_public_snapshot,2026-09-24,33.02,33.02990897269181,9.102730819421367e-05
301167.SZ,CHINEXT,2021-12-06,False,False,2026-09-24,2026-09-24,READY_INCREMENTAL,,sina_public_snapshot,2026-09-24,13.37,13.450027664604397,2.766460439573848e-05
301168.SZ,CHINEXT,2021-12-10,False,False,2026-09-24,2026-09-24,READY_INCREMENTAL,,sina_public_snapshot,2026-09-24,39.82,39.75003992972368,3.992972368394021e-05
301169.SZ,CHINEXT,2021-11-03,False,False,2026-09-24,2026-09-24,READY_INCREMENTAL,,sina_public_snapshot,2026-09-24,53.2,54.9002610858281,0.0002610858281002
301170.SZ,CHINEXT,2023-06-27,False,False,2026-09-24,2026-09-24,READY_INCREMENTAL,,sina_public_snapshot,2026-09-24,23.08,23.1399324249807,6.757501930110266e-05
301171.SZ,CHINEXT,2022-08-19,False,False,2026-09-24,2026-09-24,READY_INCREMENTAL,,sina_public_snapshot,2026-09-24,33.51,34.709922003666755,7.799633324623301e-05
301172.SZ,CHINEXT,2023-07-26,False,False,2026-09-24,2026-09-24,READY_INCREMENTAL,,sina_public_snapshot,2026-09-24,18.29,18.790001951941157,1.951941154487713e-06
301173.SZ,CHINEXT,2025-03-03,False,False,2026-09-24,2026-09-24,READY_INCREMENTAL,,sina_public_snapshot,2026-09-24,33.21,33.14999850271009,1.497289908058974e-06
301175.SZ,CHINEXT,2022-07-08,False,False,2026-09-24,2026-09-24,READY_INCREMENTAL,,sina_public_snapshot,2026-09-24,5.55,5.590024575963902,2.4575963902151443e-05
301176.SZ,CHINEXT,2022-09-28,False,False,2026-09-24,2026-09-24,READY_INCREMENTAL,,sina_public_snapshot,2026-09-24,58.43,65.51990939570976,9.0604290235774e-05
301177.SZ,CHINEXT,2021-12-15,False,False,2026-09-24,2026-09-24,READY_INCREMENTAL,,sina_public_snapshot,2026-09-24,23.06,23.390033370862877,3.337086287302782e-05
301178.SZ,CHINEXT,2021-11-12,False,False,2026-09-24,2026-09-24,READY_INCREMENTAL,,sina_public_snapshot,2026-09-24,35.88,35.90010405827264,0.0001040582726403
301179.SZ,CHINEXT,2021-12-08,False,False,2026-09-24,2026-09-24,READY_INCREMENTAL,,sina_public_snapshot,2026-09-24,19.98,20.590084194688625,8.419468862541635e-05
301180.SZ,CHINEXT,2021-11-16,False,False,2026-09-24,2026-09-24,READY_INCREMENTAL,,sina_public_snapshot,2026-09-24,11.55,11.81005746538784,5.746538784023869e-05
301181.SZ,CHINEXT,2022-02-21,False,False,2026-09-24,2026-09-24,READY_INCREMENTAL,,sina_public_snapshot,2026-09-24,26.39,25.79995502849825,4.497150175453157e-05
301182.SZ,CHINEXT,2021-12-23,False,False,2026-09-24,2026-09-24,READY_INCREMENTAL,,sina_public_snapshot,2026-09-24,68.91,71.97994463884682,5.536115318705015e-05
301183.SZ,CHINEXT,2022-05-24,False,False,2026-09-24,2026-09-24,READY_INCREMENTAL,,sina_public_snapshot,2026-09-24,306.6,313.76963618687,0.0003638131299794
301185.SZ,CHINEXT,2021-11-19,False,False,2026-09-24,2026-09-24,READY_INCREMENTAL,,sina_public_snapshot,2026-09-24,17.35,17.33007041901813,7.041901813309437e-05
301186.SZ,CHINEXT,2021-12-23,False,False,2026-09-24,2026-09-24,READY_INCREMENTAL,,sina_public_snapshot,2026-09-24,36.63,37.9601226993865,0.0001226993865017
301187.SZ,CHINEXT,2022-04-22,False,False,2026-09-24,2026-09-24,READY_INCREMENTAL,,sina_public_snapshot,2026-09-24,15.72,15.660022115298409,2.2115298406788497e-05
301188.SZ,CHINEXT,2021-11-11,False,False,2026-09-24,2026-09-24,READY_INCREMENTAL,,sina_public_snapshot,2026-09-24,35.45,36.85989082401872,0.0001091759812794
301189.SZ,CHINEXT,2021-12-28,False,False,2026-09-24,2026-09-24,READY_INCREMENTAL,,sina_public_snapshot,2026-09-24,75.79,72.59995785198383,4.214801616342356e-05
301190.SZ,CHINEXT,2021-12-24,False,False,2026-09-24,2026-09-24,READY_INCREMENTAL,,sina_public_snapshot,2026-09-24,20.79,21.39989706639217,0.0001029336078239
301191.SZ,CHINEXT,2022-05-26,False,False,2026-09-24,2026-09-24,READY_INCREMENTAL,,sina_public_snapshot,2026-09-24,84.73,88.10989559502516,0.0001044049748344
301192.SZ,CHINEXT,2022-08-11,False,False,2026-09-24,2026-09-24,READY_INCREMENTAL,,sina_public_snapshot,2026-09-24,19.81,19.81,0.0
301193.SZ,CHINEXT,2021-12-09,False,False,2026-09-24,2026-09-24,READY_INCREMENTAL,,sina_public_snapshot,2026-09-24,23.81,23.939994168334053,5.831665948363707e-06
301195.SZ,CHINEXT,2022-08-01,False,False,2026-09-24,2026-09-24,READY_INCREMENTAL,,sina_public_snapshot,2026-09-24,27.14,27.449909478006692,9.052199330383814e-05
301196.SZ,CHINEXT,2022-01-11,False,False,2026-09-24,2026-09-24,READY_INCREMENTAL,,sina_public_snapshot,2026-09-24,87.2,90.34022626497035,0.0002262649703652
301197.SZ,CHINEXT,2022-08-08,False,False,2026-09-24,2026-09-24,READY_INCREMENTAL,,sina_public_snapshot,2026-09-24,27.56,28.77006910662463,6.910662462900063e-05
301198.SZ,CHINEXT,2021-12-02,False,False,2026-09-24,2026-09-24,READY_INCREMENTAL,,sina_public_snapshot,2026-09-24,14.71,14.600061536629182,6.153662918251257e-05
301199.SZ,CHINEXT,2021-12-07,False,False,2026-09-24,2026-09-24,READY_INCREMENTAL,,sina_public_snapshot,2026-09-24,18.11,18.169960870873883,3.91291261188087e-05
301200.SZ,CHINEXT,2022-02-28,False,False,2026-09-24,2026-09-24,READY_INCREMENTAL,,sina_public_snapshot,2026-09-24,243.52,256.9806462506068,0.0006462506067919
301201.SZ,CHINEXT,2022-01-20,False,False,2026-09-24,2026-09-24,READY_INCREMENTAL,,sina_public_snapshot,2026-09-24,30.15,32.8098984688714,0.0001015311285996
301202.SZ,CHINEXT,2023-07-05,False,False,2026-09-24,2026-09-24,READY_INCREMENTAL,,sina_public_snapshot,2026-09-24,37.84,39.53981672082842,0.0001832791715798
301203.SZ,CHINEXT,2023-04-04,False,False,2026-09-24,2026-09-24,READY_INCREMENTAL,,sina_public_snapshot,2026-09-24,33.93,34.44005724784052,5.72478405231891e-05
301205.SZ,CHINEXT,2022-09-13,False,False,2026-09-24,2026-09-24,READY_INCREMENTAL,,sina_public_snapshot,2026-09-24,308.0,324.8808067170162,0.0008067170161893
301206.SZ,CHINEXT,2022-02-10,False,False,2026-09-24,2026-09-24,READY_INCREMENTAL,,sina_public_snapshot,2026-09-24,23.65,24.30002568713075,2.5687130747797937e-05
301207.SZ,CHINEXT,2022-02-18,False,False,2026-09-24,2026-09-24,READY_INCREMENTAL,,sina_public_snapshot,2026-09-24,19.27,19.82999917675146,8.232485377845933e-07
301208.SZ,CHINEXT,2022-07-07,False,False,2026-09-24,2026-09-24,READY_INCREMENTAL,,sina_public_snapshot,2026-09-24,30.23,30.54985700281952,0.0001429971804789
301209.SZ,CHINEXT,2022-08-25,False,False,2026-09-24,2026-09-24,READY_INCREMENTAL,,sina_public_snapshot,2026-09-24,60.9,66.02985980852425,0.0001401914757508
301210.SZ,CHINEXT,2023-06-30,False,False,2026-09-24,2026-09-24,READY_INCREMENTAL,,sina_public_snapshot,2026-09-24,30.2,31.450143191877117,0.0001431918771146
301211.SZ,CHINEXT,2021-12-22,False,False,2026-09-24,2026-09-24,READY_INCREMENTAL,,sina_public_snapshot,2026-09-24,12.23,12.589946572508005,5.342749199499508e-05
301212.SZ,CHINEXT,2022-04-19,False,False,2026-09-24,2026-09-24,READY_INCREMENTAL,,sina_public_snapshot,2026-09-24,26.3,26.679922090569715,7.790943028496145e-05
301213.SZ,CHINEXT,2021-12-06,False,False,2026-09-24,2026-09-24,READY_INCREMENTAL,,sina_public_snapshot,2026-09-24,44.5,45.69023050464603,0.0002305046460335
301215.SZ,CHINEXT,2022-03-08,False,False,2026-09-24,2026-09-24,READY_INCREMENTAL,,sina_public_snapshot,2026-09-24,5.29,5.310018770765788,1.877076578793435e-05
301216.SZ,CHINEXT,2022-03-29,False,False,2026-09-24,2026-09-24,READY_INCREMENTAL,,sina_public_snapshot,2026-09-24,17.05,17.6,0.0
301217.SZ,CHINEXT,2022-01-27,False,False,2026-09-24,2026-09-24,READY_INCREMENTAL,,sina_public_snapshot,2026-09-24,112.3,119.22962585467364,0.0003741453263756
301218.SZ,CHINEXT,2022-03-07,False,False,2026-09-24,2026-09-24,READY_INCREMENTAL,,sina_public_snapshot,2026-09-24,50.24,48.54997535779516,2.4642204841995863e-05
301219.SZ,CHINEXT,2022-03-17,False,False,2026-09-24,2026-09-24,READY_INCREMENTAL,,sina_public_snapshot,2026-09-24,40.05,41.28014842300556,0.0001484230055623
301220.SZ,CHINEXT,2022-06-22,False,False,2026-09-24,2026-09-24,READY_INCREMENTAL,,sina_public_snapshot,2026-09-24,31.24,32.41000103745202,1.0374520229561313e-06
301221.SZ,CHINEXT,2021-12-22,False,False,2026-09-24,2026-09-24,READY_INCREMENTAL,,sina_public_snapshot,2026-09-24,27.11,27.83996385220481,3.614779518912314e-05
301222.SZ,CHINEXT,2022-03-09,False,False,2026-09-24,2026-09-24,READY_INCREMENTAL,,sina_public_snapshot,2026-09-24,25.13,26.57993548045904,6.451954095965107e-05
301223.SZ,CHINEXT,2022-10-26,False,False,2026-09-24,2026-09-24,READY_INCREMENTAL,,sina_public_snapshot,2026-09-24,18.63,18.44006730674057,6.730674056854014e-05
301225.SZ,CHINEXT,2023-06-16,False,False,2026-09-24,2026-09-24,READY_INCREMENTAL,,sina_public_snapshot,2026-09-24,60.1,61.18979016279946,0.0002098372005363
301226.SZ,CHINEXT,2022-03-25,False,False,2026-09-24,2026-09-24,READY_INCREMENTAL,,sina_public_snapshot,2026-09-24,35.39,33.70989865122304,0.0001013487769583
301227.SZ,CHINEXT,2022-09-26,False,False,2026-09-24,2026-09-24,READY_INCREMENTAL,,sina_public_snapshot,2026-09-24,32.47,33.44009722036272,9.722036272563628e-05
301228.SZ,CHINEXT,2022-01-28,False,False,2026-09-24,2026-09-24,READY_INCREMENTAL,,sina_public_snapshot,2026-09-24,55.15,58.08993142965483,6.857034517082639e-05
301229.SZ,CHINEXT,2022-02-22,False,False,2026-09-24,2026-09-24,READY_INCREMENTAL,,sina_public_snapshot,2026-09-24,11.98,11.920042187795389,4.218779538867068e-05
301230.SZ,CHINEXT,2022-11-01,False,False,2026-09-24,2026-09-24,READY_INCREMENTAL,,sina_public_snapshot,2026-09-24,38.18,40.07010694457564,0.0001069445756343
301231.SZ,CHINEXT,2022-09-08,False,False,2026-09-24,2026-09-24,READY_INCREMENTAL,,sina_public_snapshot,2026-09-24,29.92,30.39013539455375,0.0001353945537481
301232.SZ,CHINEXT,2023-06-15,False,False,2026-09-24,2026-09-24,READY_INCREMENTAL,,sina_public_snapshot,2026-09-24,89.52,90.66969169063728,0.0003083093627225
301233.SZ,CHINEXT,2022-07-06,False,False,2026-09-24,2026-09-24,READY_INCREMENTAL,,sina_public_snapshot,2026-09-24,35.82,37.5700111178704,1.1117870400312311e-05
301234.SZ,CHINEXT,2022-07-05,False,False,2026-09-24,2026-09-24,READY_INCREMENTAL,,sina_public_snapshot,2026-09-24,122.6,121.9997611750189,0.0002388249810962
301235.SZ,CHINEXT,2022-01-28,False,False,2026-09-24,2026-09-24,READY_INCREMENTAL,,sina_public_snapshot,2026-09-24,46.2,47.62002927291843,2.92729184323548e-05
301236.SZ,CHINEXT,2022-03-15,False,False,2026-09-24,2026-09-24,READY_INCREMENTAL,,sina_public_snapshot,2026-09-24,35.95,36.99016339465778,0.0001633946577754
301237.SZ,CHINEXT,2022-03-23,False,False,2026-09-24,2026-09-24,READY_INCREMENTAL,,sina_public_snapshot,2026-09-24,40.27,42.0297871896298,0.0002128103702006
301238.SZ,CHINEXT,2022-06-17,False,False,2026-09-24,2026-09-24,REPAIRED_FULL_HISTORY,QFQ_CONTINUITY_BREAK,sina_daily,2026-09-24,15.71,15.909988556150816,0.2300114438491842
301239.SZ,CHINEXT,2022-07-05,False,False,2026-09-24,2026-09-24,READY_INCREMENTAL,,sina_public_snapshot,2026-09-24,31.5,31.650021100014065,2.1100014066632863e-05
301246.SZ,CHINEXT,2023-03-20,False,False,2026-09-24,2026-09-24,READY_INCREMENTAL,,sina_public_snapshot,2026-09-24,17.67,18.059913533181387,8.646681861179673e-05
301248.SZ,CHINEXT,2022-04-20,False,False,2026-09-24,2026-09-24,READY_INCREMENTAL,,sina_public_snapshot,2026-09-24,58.91,59.69982873415284,0.0001712658471646
301251.SZ,CHINEXT,2023-09-06,False,False,2026-09-24,2026-09-24,READY_INCREMENTAL,,sina_public_snapshot,2026-09-24,88.78,90.80030682689848,0.0003068268984947
301252.SZ,CHINEXT,2023-05-25,False,False,2026-09-24,2026-09-24,READY_INCREMENTAL,,sina_public_snapshot,2026-09-24,40.72,41.369921466234544,7.853376545341462e-05
301255.SZ,CHINEXT,2022-12-27,False,False,2026-09-24,2026-09-24,READY_INCREMENTAL,,sina_public_snapshot,2026-09-24,19.15,19.24004340312663,4.340312663231316e-05
301256.SZ,CHINEXT,2022-03-22,False,False,2026-09-24,2026-09-24,READY_INCREMENTAL,,sina_public_snapshot,2026-09-24,10.03,10.119966502204598,3.349779540151587e-05
301257.SZ,CHINEXT,2022-05-17,False,False,2026-09-24,2026-09-24,READY_INCREMENTAL,,sina_public_snapshot,2026-09-24,40.8,42.100049529470034,4.9529470032894096e-05
301258.SZ,CHINEXT,2022-03-29,False,False,2026-09-24,2026-09-24,READY_INCREMENTAL,,sina_public_snapshot,2026-09-24,26.81,26.95989702747275,0.0001029725272516
301259.SZ,CHINEXT,2022-04-26,False,False,2026-09-24,2026-09-24,READY_INCREMENTAL,,sina_public_snapshot,2026-09-24,20.83,21.190018412834046,1.841283404502292e-05
301260.SZ,CHINEXT,2023-02-08,False,False,2026-09-24,2026-09-24,READY_INCREMENTAL,,sina_public_snapshot,2026-09-24,11.76,11.849941052589152,5.894741084766508e-05
301261.SZ,CHINEXT,2023-07-10,False,False,2026-09-24,2026-09-24,READY_INCREMENTAL,,sina_public_snapshot,2026-09-24,55.05,56.089906873433456,9.312656654714146e-05
301262.SZ,CHINEXT,2023-06-20,False,False,2026-09-24,2026-09-24,READY_INCREMENTAL,,sina_public_snapshot,2026-09-24,19.73,19.90998627593445,1.3724065549780562e-05
301263.SZ,CHINEXT,2022-03-29,False,False,2026-09-24,2026-09-24,READY_INCREMENTAL,,sina_public_snapshot,2026-09-24,19.81,21.790063027289825,6.302728982632289e-05
301265.SZ,CHINEXT,2022-12-16,False,False,2026-09-24,2026-09-24,READY_INCREMENTAL,,sina_public_snapshot,2026-09-24,21.82,22.430098684210527,9.868421052772192e-05
301266.SZ,CHINEXT,2022-06-08,False,False,2026-09-24,2026-09-24,READY_INCREMENTAL,,sina_public_snapshot,2026-09-24,25.35,26.36999126201473,8.737985268680859e-06
301267.SZ,CHINEXT,2022-11-07,False,False,2026-09-24,2026-09-24,READY_INCREMENTAL,,sina_public_snapshot,2026-09-24,14.91,15.110057156755442,5.715675544237797e-05
301268.SZ,CHINEXT,2022-04-07,False,False,2026-09-24,2026-09-24,READY_INCREMENTAL,,sina_public_snapshot,2026-09-24,12.01,12.129965357384531,3.4642615467816995e-05
301269.SZ,CHINEXT,2022-07-29,False,False,2026-09-24,2026-09-24,READY_INCREMENTAL,,sina_public_snapshot,2026-09-24,87.56,89.29955533798393,0.0004446620160649
301270.SZ,CHINEXT,2022-08-31,False,False,2026-09-24,2026-09-24,READY_INCREMENTAL,,sina_public_snapshot,2026-09-24,32.45,32.93012116660917,0.0001211666091691
301272.SZ,CHINEXT,2023-07-13,False,False,2026-09-24,2026-09-24,READY_INCREMENTAL,,sina_public_snapshot,2026-09-24,35.29,35.67998220550618,1.7794493821554624e-05
301273.SZ,CHINEXT,2022-10-25,False,False,2026-09-24,2026-09-24,READY_INCREMENTAL,,sina_public_snapshot,2026-09-24,36.83,37.46007852071848,7.852071848191144e-05
301275.SZ,CHINEXT,2025-03-11,False,False,2026-09-24,2026-09-24,READY_INCREMENTAL,,sina_public_snapshot,2026-09-24,40.1,41.20004109729785,4.109729784573801e-05
301276.SZ,CHINEXT,2022-09-09,False,False,2026-09-24,2026-09-24,READY_INCREMENTAL,,sina_public_snapshot,2026-09-24,17.54,17.46994551847093,5.448152906950554e-05
301277.SZ,CHINEXT,2022-11-16,False,False,2026-09-24,2026-09-24,READY_INCREMENTAL,,sina_public_snapshot,2026-09-24,10.24,10.450045923053374,4.592305337425273e-05
301278.SZ,CHINEXT,2022-08-04,False,False,2026-09-24,2026-09-24,READY_INCREMENTAL,,sina_public_snapshot,2026-09-24,29.44,29.909884282071346,0.0001157179286579
301279.SZ,CHINEXT,2022-04-13,False,False,2026-09-24,2026-09-24,READY_INCREMENTAL,,sina_public_snapshot,2026-09-24,24.45,23.990109598987413,0.0001095989874144
301280.SZ,CHINEXT,2022-12-26,False,False,2026-09-24,2026-09-24,READY_INCREMENTAL,,sina_public_snapshot,2026-09-24,43.5,45.109975008036834,2.499196316563257e-05
301281.SZ,CHINEXT,2023-04-04,False,False,2026-09-24,2026-09-24,READY_INCREMENTAL,,sina_public_snapshot,2026-09-24,49.32,50.0,0.0
301282.SZ,CHINEXT,2022-08-26,False,False,2026-09-24,2026-09-24,READY_INCREMENTAL,,sina_public_snapshot,2026-09-24,43.6,47.72015848346212,0.0001584834621226
301283.SZ,CHINEXT,2022-09-02,False,False,2026-09-24,2026-09-24,READY_INCREMENTAL,,sina_public_snapshot,2026-09-24,25.68,26.20007141764016,7.141764015727858e-05
301285.SZ,CHINEXT,2022-09-28,False,False,2026-09-24,2026-09-24,READY_INCREMENTAL,,sina_public_snapshot,2026-09-24,98.24,101.52955766845804,0.0004423315419614
301286.SZ,CHINEXT,2022-06-14,False,False,2026-09-24,2026-09-24,READY_INCREMENTAL,,sina_public_snapshot,2026-09-24,47.15,48.07986458099647,0.0001354190035272
301287.SZ,CHINEXT,2023-06-14,False,False,2026-09-24,2026-09-24,READY_INCREMENTAL,,sina_public_snapshot,2026-09-24,41.0,40.49982713488418,0.0001728651158217
301288.SZ,CHINEXT,2022-04-22,False,False,2026-09-24,2026-09-24,READY_INCREMENTAL,,sina_public_snapshot,2026-09-24,16.97,17.39995283454152,4.716545847927023e-05
301289.SZ,CHINEXT,2022-06-22,False,False,2026-09-24,2026-09-24,READY_INCREMENTAL,,sina_public_snapshot,2026-09-24,44.89,44.479895364737125,0.0001046352628719
301290.SZ,CHINEXT,2022-11-30,False,False,2026-09-24,2026-09-24,READY_INCREMENTAL,,sina_public_snapshot,2026-09-24,29.5,29.87009042030761,9.042030761108322e-05
301291.SZ,CHINEXT,2023-06-30,False,False,2026-09-24,2026-09-24,READY_INCREMENTAL,,sina_public_snapshot,2026-09-24,35.11,35.63996629886411,3.370113589085122e-05
301292.SZ,CHINEXT,2023-07-07,False,False,2026-09-24,2026-09-24,READY_INCREMENTAL,,sina_public_snapshot,2026-09-24,57.16,58.53978267771371,0.0002173222862893
301293.SZ,CHINEXT,2023-05-05,False,False,2026-09-24,2026-09-24,READY_INCREMENTAL,,sina_public_snapshot,2026-09-24,49.95,50.71992851485551,7.148514448829246e-05
301295.SZ,CHINEXT,2023-06-28,False,False,2026-09-24,2026-09-24,READY_INCREMENTAL,,sina_public_snapshot,2026-09-24,37.29,37.61006162442385,6.162442385004852e-05
301296.SZ,CHINEXT,2022-09-02,False,False,2026-09-24,2026-09-24,READY_INCREMENTAL,,sina_public_snapshot,2026-09-24,6.38,6.440020995679735,2.0995679734348016e-05
301297.SZ,CHINEXT,2022-12-30,False,False,2026-09-24,2026-09-24,READY_INCREMENTAL,,sina_public_snapshot,2026-09-24,50.72,49.6899277967729,7.220322709855509e-05
301298.SZ,CHINEXT,2022-06-06,False,False,2026-09-24,2026-09-24,READY_INCREMENTAL,,sina_public_snapshot,2026-09-24,12.82,12.760027869015628,2.786901562856769e-05
301299.SZ,CHINEXT,2022-10-19,False,False,2026-09-24,2026-09-24,READY_INCREMENTAL,,sina_public_snapshot,2026-09-24,46.45,47.16023311064634,0.0002331106463415
301300.SZ,CHINEXT,2022-08-19,False,False,2026-09-24,2026-09-24,READY_INCREMENTAL,,sina_public_snapshot,2026-09-24,32.73,33.999896120085175,0.0001038799148247
301301.SZ,CHINEXT,2022-12-27,False,False,2026-09-24,2026-09-24,READY_INCREMENTAL,,sina_public_snapshot,2026-09-24,8.02,8.120038878989146,3.887898914634036e-05
301302.SZ,CHINEXT,2022-06-23,False,False,2026-09-24,2026-09-24,READY_INCREMENTAL,,sina_public_snapshot,2026-09-24,21.72,21.77007116367645,7.116367645565447e-05
301303.SZ,CHINEXT,2023-02-20,False,False,2026-09-24,2026-09-24,READY_INCREMENTAL,,sina_public_snapshot,2026-09-24,14.45,13.960003864360932,3.864360930805333e-06
301305.SZ,CHINEXT,2023-05-23,False,False,2026-09-24,2026-09-24,READY_INCREMENTAL,,sina_public_snapshot,2026-09-24,26.3,27.279893784748158,0.0001062152518471
301306.SZ,CHINEXT,2022-07-26,False,False,2026-09-24,2026-09-24,READY_INCREMENTAL,,sina_public_snapshot,2026-09-24,98.28,99.10954690761676,0.0004530923832533
301307.SZ,CHINEXT,2023-04-24,False,False,2026-09-24,2026-09-24,READY_INCREMENTAL,,sina_public_snapshot,2026-09-24,58.11,59.720052618597386,5.261859738681096e-05
301308.SZ,CHINEXT,2022-08-05,False,False,2026-09-24,2026-09-24,READY_INCREMENTAL,,sina_public_snapshot,2026-09-24,331.77,346.00102203635527,0.0010220363552662
301309.SZ,CHINEXT,2022-09-19,False,False,2026-09-24,2026-09-24,READY_INCREMENTAL,,sina_public_snapshot,2026-09-24,30.43,30.82986332735581,0.0001366726441922
301310.SZ,CHINEXT,2023-06-02,False,False,2026-09-24,2026-09-24,READY_INCREMENTAL,,sina_public_snapshot,2026-09-24,55.47,58.109934315974726,6.568402527307171e-05
301311.SZ,CHINEXT,2022-11-30,False,False,2026-09-24,2026-09-24,READY_INCREMENTAL,,sina_public_snapshot,2026-09-24,17.98,14.979962841693952,3.715830604811288e-05
301312.SZ,CHINEXT,2022-07-11,False,False,2026-09-24,2026-09-24,READY_INCREMENTAL,,sina_public_snapshot,2026-09-24,87.0,92.60047683923706,0.0004768392370664
301313.SZ,CHINEXT,2022-09-30,False,False,2026-09-24,2026-09-24,READY_INCREMENTAL,,sina_public_snapshot,2026-09-24,30.82,31.310001523848225,1.5238482262702746e-06
301314.SZ,CHINEXT,2023-03-28,False,False,2026-09-24,2026-09-24,READY_INCREMENTAL,,sina_public_snapshot,2026-09-24,48.7,49.11997579303041,2.420696958438384e-05
301315.SZ,CHINEXT,2023-06-21,False,False,2026-09-24,2026-09-24,READY_INCREMENTAL,,sina_public_snapshot,2026-09-24,44.19,44.68014114839792,0.0001411483979225
301316.SZ,CHINEXT,2022-10-13,False,False,2026-09-24,2026-09-24,READY_INCREMENTAL,,sina_public_snapshot,2026-09-24,41.39,39.79999038415309,9.615846906285697e-06
301317.SZ,CHINEXT,2023-01-19,False,False,2026-09-24,2026-09-24,READY_INCREMENTAL,,sina_public_snapshot,2026-09-24,48.69,50.68021192218417,0.0002119221841709
301318.SZ,CHINEXT,2022-08-10,False,False,2026-09-24,2026-09-24,READY_INCREMENTAL,,sina_public_snapshot,2026-09-24,21.34,21.63005909242948,5.9092429481211184e-05
301319.SZ,CHINEXT,2022-09-29,False,False,2026-09-24,2026-09-24,READY_INCREMENTAL,,sina_public_snapshot,2026-09-24,95.33,99.2896721243178,0.0003278756822169
301320.SZ,CHINEXT,2023-06-09,False,False,2026-09-24,2026-09-24,READY_INCREMENTAL,,sina_public_snapshot,2026-09-24,14.04,14.17995616737196,4.383262803919763e-05
301321.SZ,CHINEXT,2022-08-18,False,False,2026-09-24,2026-09-24,READY_INCREMENTAL,,sina_public_snapshot,2026-09-24,51.28,53.32002412294383,2.4122943827364907e-05
301322.SZ,CHINEXT,2023-03-06,False,False,2026-09-24,2026-09-24,READY_INCREMENTAL,,sina_public_snapshot,2026-09-24,47.31,45.01984070341717,0.0001592965828294
301323.SZ,CHINEXT,2023-06-06,False,False,2026-09-24,2026-09-24,READY_INCREMENTAL,,sina_public_snapshot,2026-09-24,77.58,79.78034182760535,0.0003418276053537
301325.SZ,CHINEXT,2023-05-12,False,False,2026-09-24,2026-09-24,READY_INCREMENTAL,,sina_public_snapshot,2026-09-24,31.3,32.000163579110946,0.0001635791109464
301326.SZ,CHINEXT,2022-09-21,False,False,2026-09-24,2026-09-24,READY_INCREMENTAL,,sina_public_snapshot,2026-09-24,105.22,108.18981029252994,0.0001897074700565
301327.SZ,CHINEXT,2022-09-19,False,False,2026-09-24,2026-09-24,READY_INCREMENTAL,,sina_public_snapshot,2026-09-24,41.5,42.02999827828923,1.7217107739497806e-06
301328.SZ,CHINEXT,2022-09-08,False,False,2026-09-24,2026-09-24,READY_INCREMENTAL,,sina_public_snapshot,2026-09-24,50.39,52.02998513133984,1.4868660166200698e-05
301329.SZ,CHINEXT,2023-07-17,False,False,2026-09-24,2026-09-24,READY_INCREMENTAL,,sina_public_snapshot,2026-09-24,20.56,20.940062127616237,6.212761623203278e-05
301330.SZ,CHINEXT,2022-08-17,False,False,2026-09-24,2026-09-24,READY_INCREMENTAL,,sina_public_snapshot,2026-09-24,25.93,25.99993983816466,6.016183533930075e-05
301331.SZ,CHINEXT,2022-09-21,False,False,2026-09-24,2026-09-24,READY_INCREMENTAL,,sina_public_snapshot,2026-09-24,21.61,21.8499120341348,8.796586520176675e-05
301332.SZ,CHINEXT,2023-05-18,False,False,2026-09-24,2026-09-24,READY_INCREMENTAL,,sina_public_snapshot,2026-09-24,7.63,7.660027307043611,2.7307043611202172e-05
301333.SZ,CHINEXT,2022-08-02,False,False,2026-09-24,2026-09-24,READY_INCREMENTAL,,sina_public_snapshot,2026-09-24,64.29,66.67012340557918,0.0001234055791741
301335.SZ,CHINEXT,2022-11-18,False,False,2026-09-24,2026-09-24,READY_INCREMENTAL,,sina_public_snapshot,2026-09-24,25.66,25.510001192985243,1.192985241260658e-06
301336.SZ,CHINEXT,2022-08-12,False,False,2026-09-24,2026-09-24,READY_INCREMENTAL,,sina_public_snapshot,2026-09-24,43.55,43.9401888772298,0.000188877229803
301337.SZ,CHINEXT,2023-05-26,False,False,2026-09-24,2026-09-24,READY_INCREMENTAL,,sina_public_snapshot,2026-09-24,27.85,29.399966219069334,3.378093066075394e-05
301338.SZ,CHINEXT,2022-08-16,False,False,2026-09-24,2026-09-24,READY_INCREMENTAL,,sina_public_snapshot,2026-09-24,99.92,104.61950831343972,0.000491686560295
301339.SZ,CHINEXT,2022-09-09,False,False,2026-09-24,2026-09-24,READY_INCREMENTAL,,sina_public_snapshot,2026-09-24,13.45,12.10000269888536,2.698885360530312e-06
301345.SZ,CHINEXT,2023-03-21,False,False,2026-09-24,2026-09-24,READY_INCREMENTAL,,sina_public_snapshot,2026-09-24,236.46,241.6111497118568,0.0011497118567831
301348.SZ,CHINEXT,2023-08-10,False,False,2026-09-24,2026-09-24,READY_INCREMENTAL,,sina_public_snapshot,2026-09-24,22.56,22.710113852565456,0.0001138525654553
301349.SZ,CHINEXT,2022-09-09,False,False,2026-09-24,2026-09-24,READY_INCREMENTAL,,sina_public_snapshot,2026-09-24,46.15,47.26982208519835,0.0001779148016538
301353.SZ,CHINEXT,2023-05-30,False,False,2026-09-24,2026-09-24,READY_INCREMENTAL,,sina_public_snapshot,2026-09-24,20.53,20.32009343481833,9.343481832857492e-05
301355.SZ,CHINEXT,2023-06-12,False,False,2026-09-24,2026-09-24,READY_INCREMENTAL,,sina_public_snapshot,2026-09-24,11.98,12.08002258702053,2.258702052948536e-05
301356.SZ,CHINEXT,2022-11-14,False,False,2026-09-24,2026-09-24,READY_INCREMENTAL,,sina_public_snapshot,2026-09-24,21.75,20.73008006099886,8.006099885804474e-05
301357.SZ,CHINEXT,2023-04-18,False,False,2026-09-24,2026-09-24,READY_INCREMENTAL,,sina_public_snapshot,2026-09-24,93.6,96.04038621368986,0.0003862136898504
301358.SZ,CHINEXT,2023-02-09,False,False,2026-09-24,2026-09-24,READY_INCREMENTAL,,sina_public_snapshot,2026-09-24,51.38,51.94989029655319,0.0001097034468102
301359.SZ,CHINEXT,2022-11-09,False,False,2026-09-24,2026-09-24,READY_INCREMENTAL,,sina_public_snapshot,2026-09-24,20.07,19.529995621077216,4.378922785264194e-06
301360.SZ,CHINEXT,2023-04-25,False,False,2026-09-24,2026-09-24,READY_INCREMENTAL,,sina_public_snapshot,2026-09-24,65.65,67.97966305282016,0.0003369471798464
301361.SZ,CHINEXT,2022-11-16,False,False,2026-09-24,2026-09-24,READY_INCREMENTAL,,sina_public_snapshot,2026-09-24,27.15,27.080133256199005,0.0001332561990068
301362.SZ,CHINEXT,2023-08-04,False,False,2026-09-24,2026-09-24,READY_INCREMENTAL,,sina_public_snapshot,2026-09-24,114.79,121.67949288727768,0.0005071127223317
301363.SZ,CHINEXT,2022-10-12,False,False,2026-09-24,2026-09-24,READY_INCREMENTAL,,sina_public_snapshot,2026-09-24,16.55,17.030077895885,7.789588499917954e-05
301365.SZ,CHINEXT,2022-11-22,False,False,2026-09-24,2026-09-24,REPAIRED_FULL_HISTORY,QFQ_CONTINUITY_BREAK,sina_daily,2026-09-24,36.1,36.48012288041392,0.1098771195860877
301366.SZ,CHINEXT,2022-09-26,False,False,2026-09-24,2026-09-24,READY_INCREMENTAL,,sina_public_snapshot,2026-09-24,73.18,75.14967292742789,0.0003270725721193
301367.SZ,CHINEXT,2022-11-01,False,False,2026-09-24,2026-09-24,READY_INCREMENTAL,,sina_public_snapshot,2026-09-24,46.27,46.76004527447652,4.527447651980765e-05
301368.SZ,CHINEXT,2022-12-15,False,False,2026-09-24,2026-09-24,READY_INCREMENTAL,,sina_public_snapshot,2026-09-24,38.95,39.15005679019792,5.679019791671181e-05
301369.SZ,CHINEXT,2022-09-22,False,False,2026-09-24,2026-09-24,READY_INCREMENTAL,,sina_public_snapshot,2026-09-24,149.41,155.41039536504437,0.1796046349556377
301370.SZ,CHINEXT,2023-07-12,False,False,2026-09-24,2026-09-24,READY_INCREMENTAL,,sina_public_snapshot,2026-09-24,8.58,8.639961331641592,3.8668358408600056e-05
301371.SZ,CHINEXT,2023-08-01,False,False,2026-09-24,2026-09-24,READY_INCREMENTAL,,sina_public_snapshot,2026-09-24,20.88,21.140022273969823,2.227396982590335e-05
301372.SZ,CHINEXT,2023-08-11,False,False,2026-09-24,2026-09-24,READY_INCREMENTAL,,sina_public_snapshot,2026-09-24,34.48,34.850108148537466,0.0001081485374641
301373.SZ,CHINEXT,2023-02-08,False,False,2026-09-24,2026-09-24,READY_INCREMENTAL,,sina_public_snapshot,2026-09-24,136.68,135.3495142746799,0.0004857253200896
301376.SZ,CHINEXT,2023-06-21,False,False,2026-09-24,2026-09-24,READY_INCREMENTAL,,sina_public_snapshot,2026-09-24,22.85,22.679900744416877,9.925558312673388e-05
301377.SZ,CHINEXT,2022-11-22,False,False,2026-09-24,2026-09-24,READY_INCREMENTAL,,sina_public_snapshot,2026-09-24,378.99,391.360918638152,0.9990813618480274
301378.SZ,CHINEXT,2023-03-20,False,False,2026-09-24,2026-09-24,READY_INCREMENTAL,,sina_public_snapshot,2026-09-24,25.19,25.58009647118558,9.647118558220312e-05
301379.SZ,CHINEXT,2022-11-01,False,False,2026-09-24,2026-09-24,READY_INCREMENTAL,,sina_public_snapshot,2026-09-24,21.25,21.810082929632976,8.292963297762412e-05
301380.SZ,CHINEXT,2022-10-25,False,False,2026-09-24,2026-09-24,READY_INCREMENTAL,,sina_public_snapshot,2026-09-24,34.5,34.16010693598693,0.0001069359869347
301381.SZ,CHINEXT,2023-07-12,False,False,2026-09-24,2026-09-24,READY_INCREMENTAL,,sina_public_snapshot,2026-09-24,24.2,24.729963109435197,3.689056480737918e-05
301382.SZ,CHINEXT,2023-05-17,False,False,2026-09-24,2026-09-24,READY_INCREMENTAL,,sina_public_snapshot,2026-09-24,38.95,38.60984724576482,0.0001527542351809
301383.SZ,CHINEXT,2023-06-09,False,False,2026-09-24,2026-09-24,READY_INCREMENTAL,,sina_public_snapshot,2026-09-24,23.94,24.6499176276771,8.237232289687313e-05
301386.SZ,CHINEXT,2023-03-29,False,False,2026-09-24,2026-09-24,READY_INCREMENTAL,,sina_public_snapshot,2026-09-24,21.51,21.810107073329007,0.0001070733290085
301387.SZ,CHINEXT,2023-04-18,False,False,2026-09-24,2026-09-24,READY_INCREMENTAL,,sina_public_snapshot,2026-09-24,55.67,56.82003756021884,3.756021883560834e-05
301388.SZ,CHINEXT,2022-11-09,False,False,2026-09-24,2026-09-24,READY_INCREMENTAL,,sina_public_snapshot,2026-09-24,25.46,25.17999841759633,1.5824036694311872e-06
301389.SZ,CHINEXT,2022-10-31,False,False,2026-09-24,2026-09-24,READY_INCREMENTAL,,sina_public_snapshot,2026-09-24,59.01,61.80028276692674,0.0002827669267446
301390.SZ,CHINEXT,2023-05-08,False,False,2026-09-24,2026-09-24,READY_INCREMENTAL,,sina_public_snapshot,2026-09-24,44.21,43.290085679314565,8.5679314565823e-05
301391.SZ,CHINEXT,2022-12-01,False,False,2026-09-24,2026-09-24,READY_INCREMENTAL,,sina_public_snapshot,2026-09-24,45.52,46.50022473746578,0.0002247374657784
301392.SZ,CHINEXT,2024-06-05,False,False,2026-09-24,2026-09-24,READY_INCREMENTAL,,sina_public_snapshot,2026-09-24,169.51,176.07038245009036,0.0003824500903704
301393.SZ,CHINEXT,2023-07-12,False,False,2026-09-24,2026-09-24,READY_INCREMENTAL,,sina_public_snapshot,2026-09-24,66.98,71.50024552189416,0.0002455218941577
301395.SZ,CHINEXT,2023-07-03,False,False,2026-09-24,2026-09-24,READY_INCREMENTAL,,sina_public_snapshot,2026-09-24,12.08,12.53996595108583,3.404891416991518e-05
301396.SZ,CHINEXT,2022-11-11,False,False,2026-09-24,2026-09-24,READY_INCREMENTAL,,sina_public_snapshot,2026-09-24,176.85,183.5305105853051,0.0994894146948865
301397.SZ,CHINEXT,2023-06-28,False,False,2026-09-24,2026-09-24,READY_INCREMENTAL,,sina_public_snapshot,2026-09-24,23.03,23.28002749529952,2.749529951628915e-05
301398.SZ,CHINEXT,2022-12-15,False,False,2026-09-24,2026-09-24,READY_INCREMENTAL,,sina_public_snapshot,2026-09-24,38.52,39.56003327479435,3.327479434744873e-05
301399.SZ,CHINEXT,2023-05-23,False,False,2026-09-24,2026-09-24,READY_INCREMENTAL,,sina_public_snapshot,2026-09-24,21.46,21.980047934121316,4.793412131220976e-05
301408.SZ,CHINEXT,2023-03-01,False,False,2026-09-24,2026-09-24,READY_INCREMENTAL,,sina_public_snapshot,2026-09-24,14.85,15.110043854740075,4.385474007584378e-05
301413.SZ,CHINEXT,2023-12-18,False,False,2026-09-24,2026-09-24,READY_INCREMENTAL,,sina_public_snapshot,2026-09-24,55.55,56.31989293644114,0.0001070635588575
301418.SZ,CHINEXT,2023-08-21,False,False,2026-09-24,2026-09-24,READY_INCREMENTAL,,sina_public_snapshot,2026-09-24,35.22,35.19993603645922,6.396354078219701e-05
301419.SZ,CHINEXT,2023-02-09,False,False,2026-09-24,2026-09-24,READY_INCREMENTAL,,sina_public_snapshot,2026-09-24,45.57,48.58985978568001,0.0001402143199911
301421.SZ,CHINEXT,2023-08-23,False,False,2026-09-24,2026-09-24,READY_INCREMENTAL,,sina_public_snapshot,2026-09-24,78.84,80.87978825991506,0.0002117400849357
301428.SZ,CHINEXT,2023-05-19,False,False,2026-09-24,2026-09-24,READY_INCREMENTAL,,sina_public_snapshot,2026-09-24,27.31,27.920053161580533,5.316158053148001e-05
301429.SZ,CHINEXT,2023-04-17,False,False,2026-09-24,2026-09-24,READY_INCREMENTAL,,sina_public_snapshot,2026-09-24,17.41,17.539971186491904,2.881350809502692e-05
301439.SZ,CHINEXT,2023-03-17,False,False,2026-09-24,2026-09-24,READY_INCREMENTAL,,sina_public_snapshot,2026-09-24,14.08,14.179968779898283,3.122010171630052e-05
301446.SZ,CHINEXT,2023-07-25,False,False,2026-09-24,2026-09-24,READY_INCREMENTAL,,sina_public_snapshot,2026-09-24,39.44,39.530128693421,0.0001286934209971
301448.SZ,CHINEXT,2023-06-19,False,False,2026-09-24,2026-09-24,READY_INCREMENTAL,,sina_public_snapshot,2026-09-24,51.56,54.299976830886536,2.316911346156303e-05
301449.SZ,CHINEXT,2025-12-23,False,False,2026-09-24,2026-09-24,READY_INCREMENTAL,,sina_public_snapshot,2026-09-24,40.49,40.75983007509714,0.0001699249028561
301456.SZ,CHINEXT,2023-07-14,False,False,2026-09-24,2026-09-24,READY_INCREMENTAL,,sina_public_snapshot,2026-09-24,25.31,24.359961501443696,3.849855630377874e-05
301458.SZ,CHINEXT,2025-01-10,False,False,2026-09-24,2026-09-24,READY_INCREMENTAL,,sina_public_snapshot,2026-09-24,38.79,40.19980723990341,0.0001927600965885
301459.SZ,CHINEXT,2023-12-13,False,False,2026-09-24,2026-09-24,READY_INCREMENTAL,,sina_public_snapshot,2026-09-24,31.84,32.18014412338417,0.0001441233841674
301468.SZ,CHINEXT,2023-07-24,False,False,2026-09-24,2026-09-24,READY_INCREMENTAL,,sina_public_snapshot,2026-09-24,32.11,33.14991276338746,8.723661253640103e-05
301469.SZ,CHINEXT,2023-08-22,False,False,2026-09-24,2026-09-24,READY_INCREMENTAL,,sina_public_snapshot,2026-09-24,29.03,28.929902537221214,9.74627787861948e-05
301479.SZ,CHINEXT,2025-03-18,False,False,2026-09-24,2026-09-24,READY_INCREMENTAL,,sina_public_snapshot,2026-09-24,51.8,53.64984671472367,0.0001532852763332
301486.SZ,CHINEXT,2023-07-07,False,False,2026-09-24,2026-09-24,READY_INCREMENTAL,,sina_public_snapshot,2026-09-24,206.0,218.29896360977472,0.0010363902252947
301487.SZ,CHINEXT,2023-08-09,False,False,2026-09-24,2026-09-24,READY_INCREMENTAL,,sina_public_snapshot,2026-09-24,15.58,15.849924209284108,7.579071589169928e-05
301488.SZ,CHINEXT,2023-07-04,False,False,2026-09-24,2026-09-24,READY_INCREMENTAL,,sina_public_snapshot,2026-09-24,93.8,94.12000802729278,8.02729277893377e-06
301489.SZ,CHINEXT,2023-10-24,False,False,2026-09-24,2026-09-24,READY_INCREMENTAL,,sina_public_snapshot,2026-09-24,124.31,129.09021049461563,0.0002104946156293
301491.SZ,CHINEXT,2025-08-06,False,False,2026-09-24,2026-09-24,READY_INCREMENTAL,,sina_public_snapshot,2026-09-24,37.05,37.40006460469999,6.460469999325369e-05
301498.SZ,CHINEXT,2023-08-16,False,False,2026-09-24,2026-09-24,READY_INCREMENTAL,,sina_public_snapshot,2026-09-24,39.67,40.12014806124719,0.0001480612471951
301499.SZ,CHINEXT,2023-07-21,False,False,2026-09-24,2026-09-24,READY_INCREMENTAL,,sina_public_snapshot,2026-09-24,26.46,26.9000853970965,8.539709650179361e-05
301500.SZ,CHINEXT,2023-09-21,False,False,2026-09-24,2026-09-24,READY_INCREMENTAL,,sina_public_snapshot,2026-09-24,25.24,26.91003688935326,3.6889353260960434e-05
301501.SZ,CHINEXT,2025-03-19,False,False,2026-09-24,2026-09-24,READY_INCREMENTAL,,sina_public_snapshot,2026-09-24,27.83,28.649961909860195,3.809013980315967e-05
301502.SZ,CHINEXT,2024-02-02,False,False,2026-09-24,2026-09-24,READY_INCREMENTAL,,sina_public_snapshot,2026-09-24,52.02,52.94009891921598,9.891921597926512e-05
301503.SZ,CHINEXT,2023-07-17,False,False,2026-09-24,2026-09-24,READY_INCREMENTAL,,sina_public_snapshot,2026-09-24,22.22,22.289990570391023,9.429608972766346e-06
301505.SZ,CHINEXT,2023-07-19,False,False,2026-09-24,2026-09-24,READY_INCREMENTAL,,sina_public_snapshot,2026-09-24,18.28,18.210073318457123,7.33184571224399e-05
301507.SZ,CHINEXT,2023-09-05,False,False,2026-09-24,2026-09-24,READY_INCREMENTAL,,sina_public_snapshot,2026-09-24,13.16,13.319972874219374,2.712578062613602e-05
301508.SZ,CHINEXT,2023-12-01,False,False,2026-09-24,2026-09-24,READY_INCREMENTAL,,sina_public_snapshot,2026-09-24,24.24,24.189926851417564,7.314858243745448e-05
301509.SZ,CHINEXT,2023-08-03,False,False,2026-09-24,2026-09-24,READY_INCREMENTAL,,sina_public_snapshot,2026-09-24,31.19,32.34001078345983,1.0783459828189734e-05
301510.SZ,CHINEXT,2023-08-15,False,False,2026-09-24,2026-09-24,READY_INCREMENTAL,,sina_public_snapshot,2026-09-24,27.61,28.110078292829435,7.829282943561111e-05
301511.SZ,CHINEXT,2023-08-17,False,False,2026-09-24,2026-09-24,READY_INCREMENTAL,,sina_public_snapshot,2026-09-24,103.3,112.6794362755792,0.0005637244208003
301512.SZ,CHINEXT,2023-07-20,False,False,2026-09-24,2026-09-24,READY_INCREMENTAL,,sina_public_snapshot,2026-09-24,31.67,32.059847748623255,0.0001522513767469
301513.SZ,CHINEXT,2026-04-17,False,False,2026-09-24,2026-09-24,READY_INCREMENTAL,,sina_public_snapshot,2026-09-24,44.61,45.28014616321559,0.0001461632155894
301515.SZ,CHINEXT,2023-07-25,False,False,2026-09-24,2026-09-24,READY_INCREMENTAL,,sina_public_snapshot,2026-09-24,20.38,20.759906285015788,9.371498421373305e-05
301516.SZ,CHINEXT,2023-12-08,False,False,2026-09-24,2026-09-24,READY_INCREMENTAL,,sina_public_snapshot,2026-09-24,19.35,19.780017582237853,1.758223785230939e-05
301517.SZ,CHINEXT,2023-10-17,False,False,2026-09-24,2026-09-24,READY_INCREMENTAL,,sina_public_snapshot,2026-09-24,37.66,38.59990775380515,9.224619485337372e-05
301518.SZ,CHINEXT,2023-08-03,False,False,2026-09-24,2026-09-24,READY_INCREMENTAL,,sina_public_snapshot,2026-09-24,24.7,25.230084066231523,8.406623152268367e-05
301519.SZ,CHINEXT,2023-07-27,False,False,2026-09-24,2026-09-24,READY_INCREMENTAL,,sina_public_snapshot,2026-09-24,12.14,11.979947896107998,5.210389200271948e-05
301520.SZ,CHINEXT,2023-09-25,False,False,2026-09-24,2026-09-24,READY_INCREMENTAL,,sina_public_snapshot,2026-09-24,74.19,78.76966852823136,0.0003314717686322
301522.SZ,CHINEXT,2024-10-16,False,False,2026-09-24,2026-09-24,READY_INCREMENTAL,,sina_public_snapshot,2026-09-24,22.94,23.350026464720493,2.6464720491503613e-05
301525.SZ,CHINEXT,2023-08-30,False,False,2026-09-24,2026-09-24,READY_INCREMENTAL,,sina_public_snapshot,2026-09-24,39.2,40.00000000000001,7.105427357601002e-15
301526.SZ,CHINEXT,2023-12-26,False,False,2026-09-24,2026-09-24,READY_INCREMENTAL,,sina_public_snapshot,2026-09-24,29.21,30.30994801340653,5.198659347271928e-05
301528.SZ,CHINEXT,2023-08-28,False,False,2026-09-24,2026-09-24,READY_INCREMENTAL,,sina_public_snapshot,2026-09-24,73.96,76.27022511884996,0.0002251188499684
301529.SZ,CHINEXT,2023-09-11,False,False,2026-09-24,2026-09-24,READY_INCREMENTAL,,sina_public_snapshot,2026-09-24,136.01,133.69966970745517,0.0003302925448167
301531.SZ,CHINEXT,2026-05-11,False,False,2026-09-24,2026-09-24,READY_INCREMENTAL,,sina_public_snapshot,2026-09-24,51.38,53.25014509576321,0.0001450957632087
301533.SZ,CHINEXT,2023-08-18,False,False,2026-09-24,2026-09-24,READY_INCREMENTAL,,sina_public_snapshot,2026-09-24,28.69,28.74000761324705,7.613247053228633e-06
301535.SZ,CHINEXT,2025-03-27,False,False,2026-09-24,2026-09-24,READY_INCREMENTAL,,sina_public_snapshot,2026-09-24,13.83,13.83996477463774,3.522536225908368e-05
301536.SZ,CHINEXT,2024-03-28,False,False,2026-09-24,2026-09-24,READY_INCREMENTAL,,sina_public_snapshot,2026-09-24,130.6,133.81010440466798,0.0001044046679794
301538.SZ,CHINEXT,2024-03-20,False,False,2026-09-24,2026-09-24,READY_INCREMENTAL,,sina_public_snapshot,2026-09-24,40.95,42.01982473782503,0.0001752621749702
301539.SZ,CHINEXT,2024-04-15,False,False,2026-09-24,2026-09-24,READY_INCREMENTAL,,sina_public_snapshot,2026-09-24,15.2,15.390067331544577,6.733154457450041e-05
301548.SZ,CHINEXT,2023-09-20,False,False,2026-09-24,2026-09-24,READY_INCREMENTAL,,sina_public_snapshot,2026-09-24,55.22,57.10976202542118,0.0002379745788161
301550.SZ,CHINEXT,2023-09-15,False,False,2026-09-24,2026-09-24,READY_INCREMENTAL,,sina_public_snapshot,2026-09-24,92.71,94.63004358432596,4.358432597939554e-05
301551.SZ,CHINEXT,2024-09-26,False,False,2026-09-24,2026-09-24,READY_INCREMENTAL,,sina_public_snapshot,2026-09-24,22.5,22.5500611357213,6.113572129962108e-05
301552.SZ,CHINEXT,2024-07-22,False,False,2026-09-24,2026-09-24,READY_INCREMENTAL,,sina_public_snapshot,2026-09-24,24.3,24.4900427315972,4.2731597197587234e-05
301555.SZ,CHINEXT,2023-10-31,False,False,2026-09-24,2026-09-24,READY_INCREMENTAL,,sina_public_snapshot,2026-09-24,36.7,38.259854258102855,0.0001457418971426
301556.SZ,CHINEXT,2024-10-17,False,False,2026-09-24,2026-09-24,READY_INCREMENTAL,,sina_public_snapshot,2026-09-24,60.9,62.31007704349428,7.704349427228863e-05
301557.SZ,CHINEXT,2025-03-04,False,False,2026-09-24,2026-09-24,READY_INCREMENTAL,,sina_public_snapshot,2026-09-24,86.9,85.20025491445661,0.0002549144566046
301558.SZ,CHINEXT,2023-09-28,False,False,2026-09-24,2026-09-24,READY_INCREMENTAL,,sina_public_snapshot,2026-09-24,6.73,6.719987219043626,1.2780956374136563e-05
301559.SZ,CHINEXT,2023-10-11,False,False,2026-09-24,2026-09-24,READY_INCREMENTAL,,sina_public_snapshot,2026-09-24,12.67,12.749942137200245,5.786279975517061e-05
301560.SZ,CHINEXT,2025-04-25,False,False,2026-09-24,2026-09-24,READY_INCREMENTAL,,sina_public_snapshot,2026-09-24,29.22,26.33001730103806,1.7301038059969187e-05
301563.SZ,CHINEXT,2025-09-30,False,False,2026-09-24,2026-09-24,READY_INCREMENTAL,,sina_public_snapshot,2026-09-24,112.32,115.87982832618025,0.0001716738197501
301565.SZ,CHINEXT,2024-06-20,False,False,2026-09-24,2026-09-24,READY_INCREMENTAL,,sina_public_snapshot,2026-09-24,19.95,20.329967084815195,3.2915184803528064e-05
301566.SZ,CHINEXT,2023-12-29,False,False,2026-09-24,2026-09-24,READY_INCREMENTAL,,sina_public_snapshot,2026-09-24,26.77,27.39992425870769,7.574129231002757e-05
301567.SZ,CHINEXT,2024-01-16,False,False,2026-09-24,2026-09-24,READY_INCREMENTAL,,sina_public_snapshot,2026-09-24,38.23,38.579919873250375,8.012674962287747e-05
301568.SZ,CHINEXT,2023-11-28,False,False,2026-09-24,2026-09-24,READY_INCREMENTAL,,sina_public_snapshot,2026-09-24,76.3,79.56038455923755,0.0003845592375455
301571.SZ,CHINEXT,2024-08-21,False,False,2026-09-24,2026-09-24,READY_INCREMENTAL,,sina_public_snapshot,2026-09-24,72.16,74.15019112992724,0.0001911299272308
301575.SZ,CHINEXT,2025-09-10,False,False,2026-09-24,2026-09-24,READY_INCREMENTAL,,sina_public_snapshot,2026-09-24,24.68,25.199873387994323,0.0001266120056762
301577.SZ,CHINEXT,2024-01-24,False,False,2026-09-24,2026-09-24,READY_INCREMENTAL,,sina_public_snapshot,2026-09-24,58.41,59.819956371680505,4.362831949578094e-05
301578.SZ,CHINEXT,2023-12-28,False,False,2026-09-24,2026-09-24,READY_INCREMENTAL,,sina_public_snapshot,2026-09-24,23.34,23.560050875174127,5.087517412860621e-05
301580.SZ,CHINEXT,2024-06-26,False,False,2026-09-24,2026-09-24,READY_INCREMENTAL,,sina_public_snapshot,2026-09-24,57.43,57.50015018322353,0.0001501832235319
301581.SZ,CHINEXT,2025-01-03,False,False,2026-09-24,2026-09-24,READY_INCREMENTAL,,sina_public_snapshot,2026-09-24,36.4,37.1899137684417,8.623155829923235e-05
301583.SZ,CHINEXT,2026-07-10,False,False,2026-09-24,2026-09-24,READY_INCREMENTAL,,sina_public_snapshot,2026-09-24,141.89,134.68055015044658,0.0005501504465712
301584.SZ,CHINEXT,2025-09-25,False,False,2026-09-24,2026-09-24,READY_INCREMENTAL,,sina_public_snapshot,2026-09-24,19.71,19.84994209174681,5.790825318641169e-05
301585.SZ,CHINEXT,2024-12-20,False,False,2026-09-24,2026-09-24,READY_INCREMENTAL,,sina_public_snapshot,2026-09-24,28.36,28.489914007875917,8.599212408455514e-05
301586.SZ,CHINEXT,2024-08-28,False,False,2026-09-24,2026-09-24,READY_INCREMENTAL,,sina_public_snapshot,2026-09-24,29.57,29.80005643568348,5.6435683475797305e-05
301587.SZ,CHINEXT,2024-04-08,False,False,2026-09-24,2026-09-24,READY_INCREMENTAL,,sina_public_snapshot,2026-09-24,22.04,21.80990549700658,9.450299342006474e-05
301588.SZ,CHINEXT,2024-03-13,False,False,2026-09-24,2026-09-24,READY_INCREMENTAL,,sina_public_snapshot,2026-09-24,26.72,26.97001201134517,1.2011345170037656e-05
301589.SZ,CHINEXT,2024-02-08,False,False,2026-09-24,2026-09-24,READY_INCREMENTAL,,sina_public_snapshot,2026-09-24,159.1,162.50944822373393,0.0005517762660645
301590.SZ,CHINEXT,2025-06-05,False,False,2026-09-24,2026-09-24,READY_INCREMENTAL,,sina_public_snapshot,2026-09-24,68.08,68.8901481421517,0.0001481421517013
301591.SZ,CHINEXT,2024-02-28,False,False,2026-09-24,2026-09-24,READY_INCREMENTAL,,sina_public_snapshot,2026-09-24,43.08,45.60998591892264,1.4081077360117432e-05
301592.SZ,CHINEXT,2024-10-24,False,False,2026-09-24,2026-09-24,READY_INCREMENTAL,,sina_public_snapshot,2026-09-24,115.97,118.46971089998978,0.0002891000102209
301595.SZ,CHINEXT,2025-05-19,False,False,2026-09-24,2026-09-24,READY_INCREMENTAL,,sina_public_snapshot,2026-09-24,49.53,50.53978490234893,0.0002150976510648
301596.SZ,CHINEXT,2024-05-13,False,False,2026-09-24,2026-09-24,READY_INCREMENTAL,,sina_public_snapshot,2026-09-24,46.16,47.54008877720218,8.877720217981278e-05
301598.SZ,CHINEXT,2024-12-20,False,False,2026-09-24,2026-09-24,READY_INCREMENTAL,,sina_public_snapshot,2026-09-24,51.83,51.61014080019119,0.0001408001911897
301599.SZ,CHINEXT,2026-04-30,False,False,2026-09-24,2026-09-24,READY_INCREMENTAL,,sina_public_snapshot,2026-09-24,32.58,33.24014936641704,0.0001493664170411
301600.SZ,CHINEXT,2024-09-11,False,False,2026-09-24,2026-09-24,READY_INCREMENTAL,,sina_public_snapshot,2026-09-24,78.5,80.69987869317598,0.0001213068240275
301601.SZ,CHINEXT,2025-01-15,False,False,2026-09-24,2026-09-24,READY_INCREMENTAL,,sina_public_snapshot,2026-09-24,17.58,16.8400482786367,4.82786367008714e-05
301602.SZ,CHINEXT,2025-01-22,False,False,2026-09-24,2026-09-24,READY_INCREMENTAL,,sina_public_snapshot,2026-09-24,16.18,16.440082098803064,8.209880306253581e-05
301603.SZ,CHINEXT,2024-07-10,False,False,2026-09-24,2026-09-24,READY_INCREMENTAL,,sina_public_snapshot,2026-09-24,122.11,126.35031662596748,0.0003166259674713
301606.SZ,CHINEXT,2024-07-26,False,False,2026-09-24,2026-09-24,READY_INCREMENTAL,,sina_public_snapshot,2026-09-24,52.51,54.63019798374931,0.0001979837493095
301607.SZ,CHINEXT,2024-09-04,False,False,2026-09-24,2026-09-24,READY_INCREMENTAL,,sina_public_snapshot,2026-09-24,43.46,44.84989834986223,0.0001016501377719
301608.SZ,CHINEXT,2024-08-01,False,False,2026-09-24,2026-09-24,READY_INCREMENTAL,,sina_public_snapshot,2026-09-24,50.0,52.01993403872364,6.596127636271376e-05
301609.SZ,CHINEXT,2025-07-23,False,False,2026-09-24,2026-09-24,READY_INCREMENTAL,,sina_public_snapshot,2026-09-24,30.65,30.93990692791456,9.307208544484524e-05
301611.SZ,CHINEXT,2024-08-16,False,False,2026-09-24,2026-09-24,READY_INCREMENTAL,,sina_public_snapshot,2026-09-24,94.53,97.64991477712928,8.522287072310064e-05
301613.SZ,CHINEXT,2024-10-25,False,False,2026-09-24,2026-09-24,READY_INCREMENTAL,,sina_public_snapshot,2026-09-24,35.08,35.70992304246916,7.695753084391299e-05
301616.SZ,CHINEXT,2025-03-27,False,False,2026-09-24,2026-09-24,READY_INCREMENTAL,,sina_public_snapshot,2026-09-24,36.68,35.49001964142308,1.964142307997463e-05
301617.SZ,CHINEXT,2024-12-11,False,False,2026-09-24,2026-09-24,READY_INCREMENTAL,,sina_public_snapshot,2026-09-24,52.92,53.38983050847458,0.0001694915254191
301618.SZ,CHINEXT,2024-09-30,False,False,2026-09-24,2026-09-24,READY_INCREMENTAL,,sina_public_snapshot,2026-09-24,30.76,31.199918855867736,0.080081144132265
301622.SZ,CHINEXT,2024-12-04,False,False,2026-09-24,2026-09-24,READY_INCREMENTAL,,sina_public_snapshot,2026-09-24,37.33,37.98988429011937,0.0001157098806316
301626.SZ,CHINEXT,2024-10-24,False,False,2026-09-24,2026-09-24,READY_INCREMENTAL,,sina_public_snapshot,2026-09-24,324.39,334.5986033894109,0.0013966105890972
301628.SZ,CHINEXT,2024-10-31,False,False,2026-09-24,2026-09-24,READY_INCREMENTAL,,sina_public_snapshot,2026-09-24,113.5,120.47041840915364,0.0004184091536387
301629.SZ,CHINEXT,2025-03-24,False,False,2026-09-24,2026-09-24,READY_INCREMENTAL,,sina_public_snapshot,2026-09-24,274.31,281.17920805272814,0.000791947271864
301630.SZ,CHINEXT,2025-07-10,False,False,2026-09-24,2026-09-24,READY_INCREMENTAL,,sina_public_snapshot,2026-09-24,215.4,219.5405344802984,0.0005344802984268
301631.SZ,CHINEXT,2024-11-22,False,False,2026-09-24,2026-09-24,READY_INCREMENTAL,,sina_public_snapshot,2026-09-24,62.07,64.0596940987058,0.0003059012941974
301632.SZ,CHINEXT,2025-08-12,False,False,2026-09-24,2026-09-24,READY_INCREMENTAL,,sina_public_snapshot,2026-09-24,13.06,13.429996400843232,3.599156768174794e-06
301633.SZ,CHINEXT,2024-11-07,False,False,2026-09-24,2026-09-24,READY_INCREMENTAL,,sina_public_snapshot,2026-09-24,64.69,60.509971190182206,2.8809817791852765e-05
301636.SZ,CHINEXT,2025-05-16,False,False,2026-09-24,2026-09-24,READY_INCREMENTAL,,sina_public_snapshot,2026-09-24,41.42,41.70988369165702,0.0001163083429815
301638.SZ,CHINEXT,2025-11-18,False,False,2026-09-24,2026-09-24,READY_INCREMENTAL,,sina_public_snapshot,2026-09-24,21.1,21.45006506180872,6.506180871923561e-05
301655.SZ,CHINEXT,2026-08-20,False,False,2026-09-24,2026-09-24,READY_INCREMENTAL,,sina_public_snapshot,2026-09-24,24.42,24.16003799121453,3.799121452985332e-05
301656.SZ,CHINEXT,2025-09-25,False,False,2026-09-24,2026-09-24,READY_INCREMENTAL,,sina_public_snapshot,2026-09-24,14.2,14.42004996242663,4.9962426629690526e-05
301658.SZ,CHINEXT,2025-04-02,False,False,2026-09-24,2026-09-24,READY_INCREMENTAL,,sina_public_snapshot,2026-09-24,21.95,22.55005701722845,5.7017228449751656e-05
301662.SZ,CHINEXT,2025-04-17,False,False,2026-09-24,2026-09-24,READY_INCREMENTAL,,sina_public_snapshot,2026-09-24,65.38,67.66995114680797,4.885319202685423e-05
301665.SZ,CHINEXT,2025-04-11,False,False,2026-09-24,2026-09-24,READY_INCREMENTAL,,sina_public_snapshot,2026-09-24,22.06,22.339919187418356,8.08125816469385e-05
301666.SZ,CHINEXT,2026-04-16,False,False,2026-09-24,2026-09-24,READY_INCREMENTAL,,sina_public_snapshot,2026-09-24,385.88,407.9199128936436,8.710635643183195e-05
301667.SZ,CHINEXT,2025-12-23,False,False,2026-09-24,2026-09-24,READY_INCREMENTAL,,sina_public_snapshot,2026-09-24,56.83,57.84989362460173,0.0001063753982748
301668.SZ,CHINEXT,2025-09-26,False,False,2026-09-24,2026-09-24,READY_INCREMENTAL,,sina_public_snapshot,2026-09-24,31.71,32.2000852982392,8.529823919900537e-05
301669.SZ,CHINEXT,2026-06-09,False,False,2026-09-24,2026-09-24,READY_INCREMENTAL,,sina_public_snapshot,2026-09-24,26.13,26.30996012727053,3.9872729470147306e-05
301677.SZ,CHINEXT,2026-07-30,False,False,2026-09-24,2026-09-24,READY_INCREMENTAL,,sina_public_snapshot,2026-09-24,53.0,51.24981869167916,0.0001813083208404
301678.SZ,CHINEXT,2025-06-20,False,False,2026-09-24,2026-09-24,READY_INCREMENTAL,,sina_public_snapshot,2026-09-24,55.72,59.2198958444043,0.0001041555957002
301680.SZ,CHINEXT,2026-03-06,False,False,2026-09-24,2026-09-24,READY_INCREMENTAL,,sina_public_snapshot,2026-09-24,102.45,103.86990155424655,9.844575345141492e-05
301682.SZ,CHINEXT,2026-03-25,False,False,2026-09-24,2026-09-24,READY_INCREMENTAL,,sina_public_snapshot,2026-09-24,113.1,115.83011583011582,0.000115830115817
301683.SZ,CHINEXT,2026-04-01,False,False,2026-09-24,2026-09-24,READY_INCREMENTAL,,sina_public_snapshot,2026-09-24,102.79,103.35015785557724,0.0001578555772425
301686.SZ,CHINEXT,2026-09-22,False,False,2026-09-24,2026-09-24,READY_INCREMENTAL,,sina_public_snapshot,2026-09-24,258.08,283.49847309796337,0.0015269020366304
301687.SZ,CHINEXT,2025-12-31,False,False,2026-09-24,2026-09-24,READY_INCREMENTAL,,sina_public_snapshot,2026-09-24,53.09,54.93982386969255,0.0001761303074445
301688.SZ,CHINEXT,2026-09-02,False,False,2026-09-24,2026-09-24,READY_INCREMENTAL,,sina_public_snapshot,2026-09-24,40.4,40.72005966899832,5.966899832543504e-05
301689.SZ,CHINEXT,2026-09-10,False,False,2026-09-24,2026-09-24,READY_INCREMENTAL,,sina_public_snapshot,2026-09-24,83.88,69.9,0.0
301696.SZ,CHINEXT,2026-04-10,False,False,2026-09-24,2026-09-24,READY_INCREMENTAL,,sina_public_snapshot,2026-09-24,93.53,94.4404055091078,0.0004055091078072
301697.SZ,CHINEXT,2026-09-01,False,False,2026-09-24,2026-09-24,READY_INCREMENTAL,,sina_public_snapshot,2026-09-24,30.08,28.269879608657646,0.000120391342353
301699.SZ,CHINEXT,2026-09-09,False,False,2026-09-24,2026-09-24,READY_INCREMENTAL,,sina_public_snapshot,2026-09-24,35.54,29.62012234760722,0.0001223476072205
301707.SZ,CHINEXT,2026-08-07,False,False,2026-09-24,2026-09-24,READY_INCREMENTAL,,sina_public_snapshot,2026-09-24,77.71,75.2296775317773,0.0003224682227056
301717.SZ,CHINEXT,2026-08-11,False,False,2026-09-24,2026-09-24,READY_INCREMENTAL,,sina_public_snapshot,2026-09-24,370.68,376.0004057412385,0.0004057412385236
600000.SH,SH_MAIN,,False,False,2026-09-24,2026-09-24,READY_INCREMENTAL,,sina_public_snapshot,2026-09-24,9.0,8.979974656515969,2.5343484031381536e-05
600004.SH,SH_MAIN,,False,False,2026-09-24,2026-09-24,READY_INCREMENTAL,,sina_public_snapshot,2026-09-24,7.58,7.629976345060144,2.365493985578837e-05
600006.SH,SH_MAIN,,False,False,2026-09-24,2026-09-24,READY_INCREMENTAL,,sina_public_snapshot,2026-09-24,5.49,5.339999416393507,5.836064929098939e-07
600007.SH,SH_MAIN,,False,False,2026-09-24,2026-09-24,READY_INCREMENTAL,,sina_public_snapshot,2026-09-24,19.8,19.859977130935427,2.286906457271698e-05
600008.SH,SH_MAIN,,False,False,2026-09-24,2026-09-24,READY_INCREMENTAL,,sina_public_snapshot,2026-09-24,2.71,2.730010980486969,1.0980486969458523e-05
600009.SH,SH_MAIN,,False,False,2026-09-24,2026-09-24,READY_INCREMENTAL,,sina_public_snapshot,2026-09-24,22.46,22.75006330716637,6.330716637137357e-05
600010.SH,SH_MAIN,,False,False,2026-09-24,2026-09-24,READY_INCREMENTAL,,sina_public_snapshot,2026-09-24,2.09,2.1199979712938077,2.0287061928137007e-06
600011.SH,SH_MAIN,,False,False,2026-09-24,2026-09-24,READY_INCREMENTAL,,sina_public_snapshot,2026-09-24,6.74,6.760009628500361,9.628500361458237e-06
600012.SH,SH_MAIN,,False,False,2026-09-24,2026-09-24,READY_INCREMENTAL,,sina_public_snapshot,2026-09-24,15.54,15.429984212564412,1.578743558638962e-05
600015.SH,SH_MAIN,,False,False,2026-09-24,2026-09-24,READY_INCREMENTAL,,sina_public_snapshot,2026-09-24,6.23,6.23,0.0
600016.SH,SH_MAIN,,False,False,2026-09-24,2026-09-24,READY_INCREMENTAL,,sina_public_snapshot,2026-09-24,3.46,3.4699935815147627,6.4184852375248624e-06
600017.SH,SH_MAIN,,False,False,2026-09-24,2026-09-24,READY_INCREMENTAL,,sina_public_snapshot,2026-09-24,2.79,2.79,0.0
600018.SH,SH_MAIN,,False,False,2026-09-24,2026-09-24,READY_INCREMENTAL,,sina_public_snapshot,2026-09-24,5.36,5.380013650780905,1.365078090476146e-05
600019.SH,SH_MAIN,,False,False,2026-09-24,2026-09-24,READY_INCREMENTAL,,sina_public_snapshot,2026-09-24,5.84,5.7500123073893565,1.2307389356536191e-05
600020.SH,SH_MAIN,,False,False,2026-09-24,2026-09-24,READY_INCREMENTAL,,sina_public_snapshot,2026-09-24,3.85,3.84001595850788,1.595850788005393e-05
600021.SH,SH_MAIN,,False,False,2026-09-24,2026-09-24,READY_INCREMENTAL,,sina_public_snapshot,2026-09-24,13.08,13.320026884457931,2.688445793275207e-05
600022.SH,SH_MAIN,,False,False,2026-09-24,2026-09-24,READY_INCREMENTAL,,sina_public_snapshot,2026-09-24,1.28,1.3099989765632996,1.0234367004979816e-06
600023.SH,SH_MAIN,,False,False,2026-09-24,2026-09-24,READY_INCREMENTAL,,sina_public_snapshot,2026-09-24,5.14,5.080005139304809,5.139304809276268e-06
600025.SH,SH_MAIN,,False,False,2026-09-24,2026-09-24,READY_INCREMENTAL,,sina_public_snapshot,2026-09-24,9.75,9.59995273869421,4.726130578980303e-05
600026.SH,SH_MAIN,,False,False,2026-09-24,2026-09-24,READY_INCREMENTAL,,sina_public_snapshot,2026-09-24,21.4,21.080005516263125,5.5162631262817285e-06
600027.SH,SH_MAIN,,False,False,2026-09-24,2026-09-24,READY_INCREMENTAL,,sina_public_snapshot,2026-09-24,4.83,4.8,0.0
600028.SH,SH_MAIN,,False,False,2026-09-24,2026-09-24,READY_INCREMENTAL,,sina_public_snapshot,2026-09-24,5.32,5.290005667863215,5.667863215208513e-06
600029.SH,SH_MAIN,,False,False,2026-09-24,2026-09-24,READY_INCREMENTAL,,sina_public_snapshot,2026-09-24,4.86,4.969985785431602,1.42145683978967e-05
600030.SH,SH_MAIN,,False,False,2026-09-24,2026-09-24,READY_INCREMENTAL,,sina_public_snapshot,2026-09-24,26.29,26.78989952513909,0.0001004748609041
600031.SH,SH_MAIN,,False,False,2026-09-24,2026-09-24,READY_INCREMENTAL,,sina_public_snapshot,2026-09-24,17.2,17.509925684617734,7.431538226754242e-05
600032.SH,SH_MAIN,,False,False,2026-09-24,2026-09-24,READY_INCREMENTAL,,sina_public_snapshot,2026-09-24,6.75,6.769971415676245,2.858432375418829e-05
600033.SH,SH_MAIN,,False,False,2026-09-24,2026-09-24,READY_INCREMENTAL,,sina_public_snapshot,2026-09-24,3.73,3.629993674273758,6.325726241929175e-06
600035.SH,SH_MAIN,,False,False,2026-09-24,2026-09-24,READY_INCREMENTAL,,sina_public_snapshot,2026-09-24,3.65,3.639990027424582,9.97257541790475e-06
600036.SH,SH_MAIN,,False,False,2026-09-24,2026-09-24,READY_INCREMENTAL,,sina_public_snapshot,2026-09-24,40.69,40.59986829239089,0.000131707609114
600037.SH,SH_MAIN,,False,False,2026-09-24,2026-09-24,READY_INCREMENTAL,,sina_public_snapshot,2026-09-24,7.07,7.07,0.0
600038.SH,SH_MAIN,,False,False,2026-09-24,2026-09-24,READY_INCREMENTAL,,sina_public_snapshot,2026-09-24,26.83,27.110046783271187,4.678327118767811e-05
600039.SH,SH_MAIN,,False,False,2026-09-24,2026-09-24,READY_INCREMENTAL,,sina_public_snapshot,2026-09-24,8.61,8.659968015449142,3.1984550858510374e-05
600048.SH,SH_MAIN,,False,False,2026-09-24,2026-09-24,READY_INCREMENTAL,,sina_public_snapshot,2026-09-24,5.56,5.639974843277677,2.515672232306088e-05
600050.SH,SH_MAIN,,False,False,2026-09-24,2026-09-24,READY_INCREMENTAL,,sina_public_snapshot,2026-09-24,4.15,4.170016077170419,1.6077170418959952e-05
600051.SH,SH_MAIN,,False,False,2026-09-24,2026-09-24,READY_INCREMENTAL,,sina_public_snapshot,2026-09-24,6.22,6.230030348861667,3.034886166641826e-05
600052.SH,SH_MAIN,,False,False,2026-09-24,2026-09-24,READY_INCREMENTAL,,sina_public_snapshot,2026-09-24,3.64,3.620017503381335,1.7503381334993406e-05
600053.SH,SH_MAIN,,True,False,2026-09-24,2026-09-24,READY_INCREMENTAL,,sina_public_snapshot,2026-09-24,7.26,7.429998362534796,1.6374652034301107e-06
600054.SH,SH_MAIN,,False,False,2026-09-24,2026-09-24,READY_INCREMENTAL,,sina_public_snapshot,2026-09-24,10.64,10.769993825473463,6.174526534508118e-06
600055.SH,SH_MAIN,,False,False,2026-09-24,2026-09-24,READY_INCREMENTAL,,sina_public_snapshot,2026-09-24,10.52,10.579988534993412,1.146500658855132e-05
600056.SH,SH_MAIN,,False,False,2026-09-24,2026-09-24,READY_INCREMENTAL,,sina_public_snapshot,2026-09-24,8.86,8.95999352776991,6.472230090537323e-06
600057.SH,SH_MAIN,,False,False,2026-09-24,2026-09-24,READY_INCREMENTAL,,sina_public_snapshot,2026-09-24,6.1,6.060003973773098,3.973773098131517e-06
600058.SH,SH_MAIN,,False,False,2026-09-24,2026-09-24,READY_INCREMENTAL,,sina_public_snapshot,2026-09-24,8.83,9.180034724027156,3.472402715587464e-05
600059.SH,SH_MAIN,,False,False,2026-09-24,2026-09-24,READY_INCREMENTAL,,sina_public_snapshot,2026-09-24,11.0,11.33004418717233,4.418717233001246e-05
600060.SH,SH_MAIN,,False,False,2026-09-24,2026-09-24,READY_INCREMENTAL,,sina_public_snapshot,2026-09-24,27.1,27.240013670265164,1.3670265165188766e-05
600061.SH,SH_MAIN,,False,False,2026-09-24,2026-09-24,READY_INCREMENTAL,,sina_public_snapshot,2026-09-24,6.19,6.299997964459463,2.035540537015379e-06
600062.SH,SH_MAIN,,False,False,2026-09-24,2026-09-24,READY_INCREMENTAL,,sina_public_snapshot,2026-09-24,16.05,16.02996254681648,3.745318351988658e-05
600063.SH,SH_MAIN,,False,False,2026-09-24,2026-09-24,READY_INCREMENTAL,,sina_public_snapshot,2026-09-24,5.54,5.709986291910165,1.3708089834807424e-05
600064.SH,SH_MAIN,,False,False,2026-09-24,2026-09-24,READY_INCREMENTAL,,sina_public_snapshot,2026-09-24,7.62,7.700003031497257,3.031497256777982e-06
600066.SH,SH_MAIN,,False,False,2026-09-24,2026-09-24,READY_INCREMENTAL,,sina_public_snapshot,2026-09-24,26.01,25.2499757305116,2.4269488399397687e-05
600067.SH,SH_MAIN,,False,False,2026-09-24,2026-09-24,READY_INCREMENTAL,,sina_public_snapshot,2026-09-24,2.63,2.640005621304745,5.621304744796163e-06
600071.SH,SH_MAIN,,False,False,2026-09-24,2026-09-24,READY_INCREMENTAL,,sina_public_snapshot,2026-09-24,16.67,16.800032249612,3.224961199776999e-05
600072.SH,SH_MAIN,,False,False,2026-09-24,2026-09-24,READY_INCREMENTAL,,sina_public_snapshot,2026-09-24,8.77,8.699965279500026,3.472049997377269e-05
600073.SH,SH_MAIN,,False,False,2026-09-24,2026-09-24,READY_INCREMENTAL,,sina_public_snapshot,2026-09-24,5.4,5.47001620745543,1.620745543018387e-05
600075.SH,SH_MAIN,,False,False,2026-09-24,2026-09-24,READY_INCREMENTAL,,sina_public_snapshot,2026-09-24,4.53,4.600012185462743,1.2185462743730112e-05
600076.SH,SH_MAIN,,False,False,2026-09-24,2026-09-24,READY_INCREMENTAL,,sina_public_snapshot,2026-09-24,2.09,2.1500066866236662,6.686623666318781e-06
600078.SH,SH_MAIN,,False,False,2026-09-24,2026-09-24,READY_INCREMENTAL,,sina_public_snapshot,2026-09-24,9.99,10.03999919599606,8.040039389811682e-07
600079.SH,SH_MAIN,,True,False,2026-09-24,2026-09-24,READY_INCREMENTAL,,sina_public_snapshot,2026-09-24,18.82,18.829979889341352,2.01106586459332e-05
600080.SH,SH_MAIN,,True,False,2026-09-24,2026-09-24,READY_INCREMENTAL,,sina_public_snapshot,2026-09-24,4.73,4.740001402960246,1.4029602457554802e-06
600081.SH,SH_MAIN,,False,False,2026-09-24,2026-09-24,READY_INCREMENTAL,,sina_public_snapshot,2026-09-24,10.7,10.509979569385507,2.043061449086281e-05
600082.SH,SH_MAIN,,True,False,2026-09-24,2026-09-24,READY_INCREMENTAL,,sina_public_snapshot,2026-09-24,3.31,3.2700078045503496,7.80455034954386e-06
600084.SH,SH_MAIN,,True,False,2026-09-24,2026-09-24,READY_INCREMENTAL,,sina_public_snapshot,2026-09-24,4.38,4.439984186357693,1.5813642307627163e-05
600085.SH,SH_MAIN,,False,False,2026-09-24,2026-09-24,READY_INCREMENTAL,,sina_public_snapshot,2026-09-24,23.34,23.61009953872299,9.953872299206525e-05
600088.SH,SH_MAIN,,False,False,2026-09-24,2026-09-24,READY_INCREMENTAL,,sina_public_snapshot,2026-09-24,12.91,13.649964579875023,3.542012497526059e-05
600089.SH,SH_MAIN,,False,False,2026-09-24,2026-09-24,READY_INCREMENTAL,,sina_public_snapshot,2026-09-24,17.6,18.09005971775396,5.971775395607892e-05
600094.SH,SH_MAIN,,False,False,2026-09-24,2026-09-24,READY_INCREMENTAL,,sina_public_snapshot,2026-09-24,4.04,4.050003508666406,3.508666406304428e-06
600095.SH,SH_MAIN,,False,False,2026-09-24,2026-09-24,READY_INCREMENTAL,,sina_public_snapshot,2026-09-24,8.82,8.939974457215836,2.554278416333489e-05
600096.SH,SH_MAIN,,False,False,2026-09-24,2026-09-24,READY_INCREMENTAL,,sina_public_snapshot,2026-09-24,27.56,27.949901120632827,9.887936717234425e-05
600097.SH,SH_MAIN,,False,False,2026-09-24,2026-09-24,READY_INCREMENTAL,,sina_public_snapshot,2026-09-24,9.2,9.269988412514484,1.1587485516884044e-05
600098.SH,SH_MAIN,,False,False,2026-09-24,2026-09-24,READY_INCREMENTAL,,sina_public_snapshot,2026-09-24,6.25,6.179980817339542,1.9182660457417452e-05
600099.SH,SH_MAIN,,False,False,2026-09-24,2026-09-24,READY_INCREMENTAL,,sina_public_snapshot,2026-09-24,9.42,9.29003244607935,3.244607935037891e-05
600100.SH,SH_MAIN,,False,False,2026-09-24,2026-09-24,READY_INCREMENTAL,,sina_public_snapshot,2026-09-24,6.66,6.829998666817077,1.333182923168863e-06
600101.SH,SH_MAIN,,False,False,2026-09-24,2026-09-24,READY_INCREMENTAL,,sina_public_snapshot,2026-09-24,7.8,7.820019249278152,1.924927815188937e-05
600103.SH,SH_MAIN,,False,False,2026-09-24,2026-09-24,READY_INCREMENTAL,,sina_public_snapshot,2026-09-24,3.61,3.6500040443258106,4.044325810692584e-06
600104.SH,SH_MAIN,,False,False,2026-09-24,2026-09-24,READY_INCREMENTAL,,sina_public_snapshot,2026-09-24,10.72,10.87000608395863,6.083958631108999e-06
600105.SH,SH_MAIN,,False,False,2026-09-24,2026-09-24,READY_INCREMENTAL,,sina_public_snapshot,2026-09-24,42.53,44.869968876932006,3.1123067991245534e-05
600106.SH,SH_MAIN,,False,False,2026-09-24,2026-09-24,READY_INCREMENTAL,,sina_public_snapshot,2026-09-24,4.46,4.489993154270527,6.845729473070605e-06
600107.SH,SH_MAIN,,True,False,2026-09-24,2026-09-24,READY_INCREMENTAL,,sina_public_snapshot,2026-09-24,5.72,5.710007486897929,7.48689792917645e-06
600108.SH,SH_MAIN,,False,False,2026-09-24,2026-09-24,READY_INCREMENTAL,,sina_public_snapshot,2026-09-24,4.13,4.27001375089174,1.3750891740826889e-05
600109.SH,SH_MAIN,,False,False,2026-09-24,2026-09-24,READY_INCREMENTAL,,sina_public_snapshot,2026-09-24,8.1,8.280007360006541,7.360006542000974e-06
600110.SH,SH_MAIN,,False,False,2026-09-24,2026-09-24,READY_INCREMENTAL,,sina_public_snapshot,2026-09-24,11.89,12.460047157453497,4.715745349592737e-05
600111.SH,SH_MAIN,,False,False,2026-09-24,2026-09-24,READY_INCREMENTAL,,sina_public_snapshot,2026-09-24,37.06,37.41998020961651,1.9790383490203567e-05
600113.SH,SH_MAIN,,False,False,2026-09-24,2026-09-24,READY_INCREMENTAL,,sina_public_snapshot,2026-09-24,29.1,29.85013386400238,0.0001338640023789
600114.SH,SH_MAIN,,False,False,2026-09-24,2026-09-24,READY_INCREMENTAL,,sina_public_snapshot,2026-09-24,26.78,27.749857520335738,0.0001424796642623
600115.SH,SH_MAIN,,False,False,2026-09-24,2026-09-24,READY_INCREMENTAL,,sina_public_snapshot,2026-09-24,3.35,3.459993183297012,6.816702987855194e-06
600116.SH,SH_MAIN,,False,False,2026-09-24,2026-09-24,READY_INCREMENTAL,,sina_public_snapshot,2026-09-24,6.05,6.079974273166712,2.5726833288608475e-05
600117.SH,SH_MAIN,,False,False,2026-09-24,2026-09-24,READY_INCREMENTAL,,sina_public_snapshot,2026-09-24,2.17,2.159999203686929,7.963130705945787e-07
600118.SH,SH_MAIN,,False,False,2026-09-24,2026-09-24,READY_INCREMENTAL,,sina_public_snapshot,2026-09-24,57.91,57.7201008681438,0.0001008681438037
600119.SH,SH_MAIN,,True,False,2026-09-24,2026-09-24,READY_INCREMENTAL,,sina_public_snapshot,2026-09-24,5.0,4.96002222089955,2.222089954972972e-05
600120.SH,SH_MAIN,,False,False,2026-09-24,2026-09-24,READY_INCREMENTAL,,sina_public_snapshot,2026-09-24,4.64,4.700019245768463,1.92457684624614e-05
600121.SH,SH_MAIN,,False,False,2026-09-24,2026-09-24,READY_INCREMENTAL,,sina_public_snapshot,2026-09-24,4.9,4.81000481000481,4.8100048104515736e-06
600123.SH,SH_MAIN,,False,False,2026-09-24,2026-09-24,READY_INCREMENTAL,,sina_public_snapshot,2026-09-24,6.98,7.010002812035512,2.812035512000932e-06
600125.SH,SH_MAIN,,False,False,2026-09-24,2026-09-24,READY_INCREMENTAL,,sina_public_snapshot,2026-09-24,5.24,5.2699862216009095,1.3778399090114137e-05
600126.SH,SH_MAIN,,False,False,2026-09-24,2026-09-24,READY_INCREMENTAL,,sina_public_snapshot,2026-09-24,6.06,6.170011301505849,1.13015058493815e-05
600127.SH,SH_MAIN,,False,False,2026-09-24,2026-09-24,READY_INCREMENTAL,,sina_public_snapshot,2026-09-24,16.49,16.749959369413293,4.063058670666919e-05
600128.SH,SH_MAIN,,False,False,2026-09-24,2026-09-24,READY_INCREMENTAL,,sina_public_snapshot,2026-09-24,8.55,8.520009566326532,9.56632653270617e-06
600129.SH,SH_MAIN,,False,False,2026-09-24,2026-09-24,READY_INCREMENTAL,,sina_public_snapshot,2026-09-24,13.33,13.7400016492125,1.649212499899022e-06
600130.SH,SH_MAIN,,False,False,2026-09-24,2026-09-24,READY_INCREMENTAL,,sina_public_snapshot,2026-09-24,4.7,4.61001255492781,1.2554927809382832e-05
600131.SH,SH_MAIN,,False,False,2026-09-24,2026-09-24,READY_INCREMENTAL,,sina_public_snapshot,2026-09-24,14.08,14.26993280564311,6.719435688928854e-05
600132.SH,SH_MAIN,,False,False,2026-09-24,2026-09-24,READY_INCREMENTAL,,sina_public_snapshot,2026-09-24,37.56,38.31988328555251,0.0001167144474933
600133.SH,SH_MAIN,,False,False,2026-09-24,2026-09-24,READY_INCREMENTAL,,sina_public_snapshot,2026-09-24,7.89,7.97001899066629,1.89906662901862e-05
600135.SH,SH_MAIN,,False,False,2026-09-24,2026-09-24,READY_INCREMENTAL,,sina_public_snapshot,2026-09-24,7.62,7.590019423278052,1.942327805259936e-05
600136.SH,SH_MAIN,,True,False,2026-09-24,2026-09-24,READY_INCREMENTAL,,sina_public_snapshot,2026-09-24,1.48,1.4999949324495525,5.067550447490632e-06
600137.SH,SH_MAIN,,False,False,2026-09-24,2026-09-24,READY_INCREMENTAL,,sina_public_snapshot,2026-09-24,17.93,17.740004551256046,4.551256047591323e-06
600138.SH,SH_MAIN,,False,False,2026-09-24,2026-09-24,READY_INCREMENTAL,,sina_public_snapshot,2026-09-24,7.0,7.049984389320281,1.5610679718669473e-05
600141.SH,SH_MAIN,,False,False,2026-09-24,2026-09-24,READY_INCREMENTAL,,sina_public_snapshot,2026-09-24,27.95,28.619994060967244,5.939032757140694e-06
600143.SH,SH_MAIN,,False,False,2026-09-24,2026-09-24,READY_INCREMENTAL,,sina_public_snapshot,2026-09-24,13.07,13.220047539574166,4.753957416525623e-05
600148.SH,SH_MAIN,,False,False,2026-09-24,2026-09-24,READY_INCREMENTAL,,sina_public_snapshot,2026-09-24,15.77,15.800020038072336,2.003807233563748e-05
600149.SH,SH_MAIN,,False,False,2026-09-24,2026-09-24,READY_INCREMENTAL,,sina_public_snapshot,2026-09-24,5.05,5.05,0.0
600150.SH,SH_MAIN,,False,False,2026-09-24,2026-09-24,READY_INCREMENTAL,,sina_public_snapshot,2026-09-24,38.09,38.590128059653104,0.0001280596531003
600151.SH,SH_MAIN,,False,False,2026-09-24,2026-09-24,READY_INCREMENTAL,,sina_public_snapshot,2026-09-24,9.35,9.36001521628142,1.5216281420649125e-05
600152.SH,SH_MAIN,,False,False,2026-09-24,2026-09-24,READY_INCREMENTAL,,sina_public_snapshot,2026-09-24,7.66,7.749977235706553,2.276429344671982e-05
600153.SH,SH_MAIN,,False,False,2026-09-24,2026-09-24,READY_INCREMENTAL,,sina_public_snapshot,2026-09-24,8.43,8.669985190060885,1.4809939115068003e-05
600155.SH,SH_MAIN,,False,False,2026-09-24,2026-09-24,READY_INCREMENTAL,,sina_public_snapshot,2026-09-24,5.94,6.089996616668547,3.383331453221672e-06
600156.SH,SH_MAIN,,False,False,2026-09-24,2026-09-24,READY_INCREMENTAL,,sina_public_snapshot,2026-09-24,9.17,8.40998926969744,1.0730302559380789e-05
600157.SH,SH_MAIN,,False,False,2026-09-24,2026-09-24,READY_INCREMENTAL,,sina_public_snapshot,2026-09-24,1.47,1.5099998972789186,1.0272108141862193e-07
600158.SH,SH_MAIN,,False,False,2026-09-24,2026-09-24,READY_INCREMENTAL,,sina_public_snapshot,2026-09-24,7.03,7.03,0.0
600159.SH,SH_MAIN,,False,False,2026-09-24,2026-09-24,READY_INCREMENTAL,,sina_public_snapshot,2026-09-24,2.73,2.7699987824181176,1.2175818824289308e-06
600160.SH,SH_MAIN,,False,False,2026-09-24,2026-09-24,REPAIRED_FULL_HISTORY,QFQ_CONTINUITY_BREAK,sina_daily,2026-09-24,33.97,34.82995150259917,0.2200484974008247
600161.SH,SH_MAIN,,False,False,2026-09-24,2026-09-24,READY_INCREMENTAL,,sina_public_snapshot,2026-09-24,12.1,12.310008749262416,8.74926241500873e-06
600162.SH,SH_MAIN,,False,False,2026-09-24,2026-09-24,READY_INCREMENTAL,,sina_public_snapshot,2026-09-24,4.35,4.59001171244368,1.1712443679812168e-05
600163.SH,SH_MAIN,,False,False,2026-09-24,2026-09-24,READY_INCREMENTAL,,sina_public_snapshot,2026-09-24,5.53,5.369974752379103,2.5247620897062006e-05
600165.SH,SH_MAIN,,False,False,2026-09-24,2026-09-24,READY_INCREMENTAL,,sina_public_snapshot,2026-09-24,3.21,3.1800124822919864,1.248229198624884e-05
600166.SH,SH_MAIN,,False,False,2026-09-24,2026-09-24,READY_INCREMENTAL,,sina_public_snapshot,2026-09-24,2.76,2.769999698913076,3.010869238373459e-07
600167.SH,SH_MAIN,,False,False,2026-09-24,2026-09-24,READY_INCREMENTAL,,sina_public_snapshot,2026-09-24,5.51,5.589992796923982,7.203076017425758e-06
600168.SH,SH_MAIN,,False,False,2026-09-24,2026-09-24,READY_INCREMENTAL,,sina_public_snapshot,2026-09-24,4.38,4.349985102790744,1.489720925551552e-05
600169.SH,SH_MAIN,,True,False,2026-09-24,2026-09-24,READY_INCREMENTAL,,sina_public_snapshot,2026-09-24,2.18,2.1900083381051405,8.338105140559549e-06
600170.SH,SH_MAIN,,False,False,2026-09-24,2026-09-24,READY_INCREMENTAL,,sina_public_snapshot,2026-09-24,2.2,2.229993411383103,6.588616896952004e-06
600171.SH,SH_MAIN,,False,False,2026-09-24,2026-09-24,READY_INCREMENTAL,,sina_public_snapshot,2026-09-24,22.88,23.16000445384701,4.45384700853424e-06
600172.SH,SH_MAIN,,False,False,2026-09-24,2026-09-24,READY_INCREMENTAL,,sina_public_snapshot,2026-09-24,16.89,16.740009514747857,9.514747858929695e-06
600173.SH,SH_MAIN,,False,False,2026-09-24,2026-09-24,READY_INCREMENTAL,,sina_public_snapshot,2026-09-24,5.78,5.859988847772089,1.1152227910926626e-05
600176.SH,SH_MAIN,,False,False,2026-09-24,2026-09-24,READY_INCREMENTAL,,sina_public_snapshot,2026-09-24,43.06,45.62020595838454,0.0002059583845408
600177.SH,SH_MAIN,,False,False,2026-09-24,2026-09-24,READY_INCREMENTAL,,sina_public_snapshot,2026-09-24,8.29,8.190000098793726,9.879372697696455e-08
600178.SH,SH_MAIN,,False,False,2026-09-24,2026-09-24,READY_INCREMENTAL,,sina_public_snapshot,2026-09-24,9.72,9.550009825112989,9.825112988082196e-06
600179.SH,SH_MAIN,,False,False,2026-09-24,2026-09-24,READY_INCREMENTAL,,sina_public_snapshot,2026-09-24,4.45,4.4900059530416,5.953041600115228e-06
600180.SH,SH_MAIN,,True,False,2026-09-24,2026-09-24,READY_INCREMENTAL,,sina_public_snapshot,2026-09-24,1.55,1.5800042813019235,4.281301923425573e-06
600182.SH,SH_MAIN,,False,False,2026-09-24,2026-09-24,READY_INCREMENTAL,,sina_public_snapshot,2026-09-24,12.59,12.680028200221573,2.8200221573015934e-05
600183.SH,SH_MAIN,,False,False,2026-09-24,2026-09-24,READY_INCREMENTAL,,sina_public_snapshot,2026-09-24,137.33,143.56052686598372,0.0005268659837156
600184.SH,SH_MAIN,,False,False,2026-09-24,2026-09-24,READY_INCREMENTAL,,sina_public_snapshot,2026-09-24,19.45,20.25999458344618,5.416553822357173e-06
600185.SH,SH_MAIN,,False,False,2026-09-24,2026-09-24,READY_INCREMENTAL,,sina_public_snapshot,2026-09-24,4.7,4.770023951609629,2.395160962986864e-05
600186.SH,SH_MAIN,,False,False,2026-09-24,2026-09-24,READY_INCREMENTAL,,sina_public_snapshot,2026-09-24,13.04,13.58998676435338,1.3235646619591536e-05
600187.SH,SH_MAIN,,True,False,2026-09-24,2026-09-24,READY_INCREMENTAL,,sina_public_snapshot,2026-09-24,1.27,1.2799967748112762,3.225188723865457e-06
600188.SH,SH_MAIN,,False,False,2026-09-24,2026-09-24,READY_INCREMENTAL,,sina_public_snapshot,2026-09-24,19.76,19.77008274219852,8.274219852211218e-05
600189.SH,SH_MAIN,,False,False,2026-09-24,2026-09-24,READY_INCREMENTAL,,sina_public_snapshot,2026-09-24,9.1,8.270020720491475,2.0720491475501035e-05
600191.SH,SH_MAIN,,False,False,2026-09-24,2026-09-24,READY_INCREMENTAL,,sina_public_snapshot,2026-09-24,9.06,9.219966417340864,3.358265913711023e-05
600192.SH,SH_MAIN,,False,False,2026-09-24,2026-09-24,READY_INCREMENTAL,,sina_public_snapshot,2026-09-24,7.2,7.140023800079334,2.380007933400208e-05
600195.SH,SH_MAIN,,False,False,2026-09-24,2026-09-24,READY_INCREMENTAL,,sina_public_snapshot,2026-09-24,6.64,6.680013279544472,1.3279544472055704e-05
600196.SH,SH_MAIN,,False,False,2026-09-24,2026-09-24,READY_INCREMENTAL,,sina_public_snapshot,2026-09-24,22.84,23.13005083750228,5.083750227896644e-05
600197.SH,SH_MAIN,,False,False,2026-09-24,2026-09-24,READY_INCREMENTAL,,sina_public_snapshot,2026-09-24,9.27,9.479981592268752,1.840773124861528e-05
600198.SH,SH_MAIN,,False,False,2026-09-24,2026-09-24,READY_INCREMENTAL,,sina_public_snapshot,2026-09-24,7.36,7.479978860929306,2.113907069389853e-05
600199.SH,SH_MAIN,,False,False,2026-09-24,2026-09-24,READY_INCREMENTAL,,sina_public_snapshot,2026-09-24,6.94,7.260021759143025,2.175914302515736e-05
600201.SH,SH_MAIN,,False,False,2026-09-24,2026-09-24,READY_INCREMENTAL,,sina_public_snapshot,2026-09-24,11.4,11.750033497902516,3.349790251583329e-05
600202.SH,SH_MAIN,,False,False,2026-09-24,2026-09-24,READY_INCREMENTAL,,sina_public_snapshot,2026-09-24,5.16,5.16,0.0
600203.SH,SH_MAIN,,False,False,2026-09-24,2026-09-24,READY_INCREMENTAL,,sina_public_snapshot,2026-09-24,9.98,10.059976815684694,2.318431530667908e-05
600206.SH,SH_MAIN,,False,False,2026-09-24,2026-09-24,READY_INCREMENTAL,,sina_public_snapshot,2026-09-24,49.81,51.480011575509536,1.1575509539341056e-05
600207.SH,SH_MAIN,,False,False,2026-09-24,2026-09-24,READY_INCREMENTAL,,sina_public_snapshot,2026-09-24,5.16,4.940020870630811,2.087063081024354e-05
600208.SH,SH_MAIN,,False,False,2026-09-24,2026-09-24,READY_INCREMENTAL,,sina_public_snapshot,2026-09-24,2.84,2.9099851426814896,1.4857318510586026e-05
600210.SH,SH_MAIN,,False,False,2026-09-24,2026-09-24,READY_INCREMENTAL,,sina_public_snapshot,2026-09-24,6.2,6.220028491743414,2.8491743414349457e-05
600211.SH,SH_MAIN,,False,False,2026-09-24,2026-09-24,READY_INCREMENTAL,,sina_public_snapshot,2026-09-24,36.48,36.57986302606115,0.0001369739388508
600212.SH,SH_MAIN,,False,False,2026-09-24,2026-09-24,READY_INCREMENTAL,,sina_public_snapshot,2026-09-24,6.07,5.800009555205198,9.555205197742112e-06
600215.SH,SH_MAIN,,False,False,2026-09-24,2026-09-24,READY_INCREMENTAL,,sina_public_snapshot,2026-09-24,6.1,6.1,0.0
600216.SH,SH_MAIN,,False,False,2026-09-24,2026-09-24,READY_INCREMENTAL,,sina_public_snapshot,2026-09-24,12.33,12.609940683166291,5.931683370796748e-05
600217.SH,SH_MAIN,,False,False,2026-09-24,2026-09-24,READY_INCREMENTAL,,sina_public_snapshot,2026-09-24,3.24,3.2200037765476397,3.776547639056105e-06
600218.SH,SH_MAIN,,False,False,2026-09-24,2026-09-24,READY_INCREMENTAL,,sina_public_snapshot,2026-09-24,7.87,7.979963902577518,3.609742248222858e-05
600219.SH,SH_MAIN,,False,False,2026-09-24,2026-09-24,READY_INCREMENTAL,,sina_public_snapshot,2026-09-24,4.61,4.690011597859483,1.1597859482570527e-05
600221.SH,SH_MAIN,,False,False,2026-09-24,2026-09-24,READY_INCREMENTAL,,sina_public_snapshot,2026-09-24,1.22,1.2400012196733308,1.2196733307767715e-06
600222.SH,SH_MAIN,,False,False,2026-09-24,2026-09-24,READY_INCREMENTAL,,sina_public_snapshot,2026-09-24,8.03,8.03,0.0
600223.SH,SH_MAIN,,False,False,2026-09-24,2026-09-24,READY_INCREMENTAL,,sina_public_snapshot,2026-09-24,5.6,5.580023515813388,2.35158133881086e-05
600226.SH,SH_MAIN,,False,False,2026-09-24,2026-09-24,READY_INCREMENTAL,,sina_public_snapshot,2026-09-24,5.78,6.050012037221181,1.2037221181593338e-05
600227.SH,SH_MAIN,,False,False,2026-09-24,2026-09-24,READY_INCREMENTAL,,sina_public_snapshot,2026-09-24,3.8,3.880005717903163,5.717903162949511e-06
600228.SH,SH_MAIN,,False,False,2026-09-24,2026-09-24,READY_INCREMENTAL,,sina_public_snapshot,2026-09-24,10.6,11.66001166001166,1.1660011660197256e-05
600229.SH,SH_MAIN,,False,False,2026-09-24,2026-09-24,READY_INCREMENTAL,,sina_public_snapshot,2026-09-24,5.82,5.889972877788123,2.712221187639585e-05
600230.SH,SH_MAIN,,False,False,2026-09-24,2026-09-24,READY_INCREMENTAL,,sina_public_snapshot,2026-09-24,14.34,14.82002046278976,2.0462789759534417e-05
600231.SH,SH_MAIN,,False,False,2026-09-24,2026-09-24,READY_INCREMENTAL,,sina_public_snapshot,2026-09-24,1.65,1.76,0.0
600232.SH,SH_MAIN,,False,False,2026-09-24,2026-09-24,READY_INCREMENTAL,,sina_public_snapshot,2026-09-24,6.78,6.51998307497019,1.692502980965571e-05
600233.SH,SH_MAIN,,False,False,2026-09-24,2026-09-24,READY_INCREMENTAL,,sina_public_snapshot,2026-09-24,17.92,17.840076457470534,7.645747053430796e-05
600234.SH,SH_MAIN,,False,False,2026-09-24,2026-09-24,READY_INCREMENTAL,,sina_public_snapshot,2026-09-24,21.39,22.650020648686425,2.064868642648321e-05
600235.SH,SH_MAIN,,False,False,2026-09-24,2026-09-24,READY_INCREMENTAL,,sina_public_snapshot,2026-09-24,5.86,5.820016486736123,1.648673612297813e-05
600236.SH,SH_MAIN,,False,False,2026-09-24,2026-09-24,READY_INCREMENTAL,,sina_public_snapshot,2026-09-24,9.24,9.289980092899802,1.990710019761366e-05
600237.SH,SH_MAIN,,False,False,2026-09-24,2026-09-24,READY_INCREMENTAL,,sina_public_snapshot,2026-09-24,9.38,9.850044104675096,4.410467509607941e-05
600238.SH,SH_MAIN,,True,False,2026-09-24,2026-09-24,READY_INCREMENTAL,,sina_public_snapshot,2026-09-24,4.06,4.079991960606974,8.03939302596035e-06
600239.SH,SH_MAIN,,True,False,2026-09-24,2026-09-24,READY_INCREMENTAL,,sina_public_snapshot,2026-09-24,1.44,1.44,0.0
600241.SH,SH_MAIN,,False,False,2026-09-24,2026-09-24,READY_INCREMENTAL,,sina_public_snapshot,2026-09-24,7.31,7.31,0.0
600243.SH,SH_MAIN,,True,False,2026-09-24,2026-09-24,READY_INCREMENTAL,,sina_public_snapshot,2026-09-24,3.54,3.6600117864786346,1.1786478634423505e-05
600246.SH,SH_MAIN,,False,False,2026-09-24,2026-09-24,READY_INCREMENTAL,,sina_public_snapshot,2026-09-24,14.34,14.780000618410067,6.184100680428628e-07
600248.SH,SH_MAIN,,False,False,2026-09-24,2026-09-24,READY_INCREMENTAL,,sina_public_snapshot,2026-09-24,2.81,2.8300081576747607,8.157674760589373e-06
600249.SH,SH_MAIN,,False,False,2026-09-24,2026-09-24,READY_INCREMENTAL,,sina_public_snapshot,2026-09-24,5.36,5.380013650780905,1.365078090476146e-05
600250.SH,SH_MAIN,,False,False,2026-09-24,2026-09-24,READY_INCREMENTAL,,sina_public_snapshot,2026-09-24,9.07,9.049999501102564,4.988974371400445e-07
600251.SH,SH_MAIN,,False,False,2026-09-24,2026-09-24,READY_INCREMENTAL,,sina_public_snapshot,2026-09-24,10.03,10.359964881474978,3.511852502136037e-05
600252.SH,SH_MAIN,,False,False,2026-09-24,2026-09-24,READY_INCREMENTAL,,sina_public_snapshot,2026-09-24,2.13,2.160002433805559,2.4338055588657426e-06
600255.SH,SH_MAIN,,False,False,2026-09-24,2026-09-24,READY_INCREMENTAL,,sina_public_snapshot,2026-09-24,3.44,3.540005145356316,5.145356315683358e-06
600256.SH,SH_MAIN,,False,False,2026-09-24,2026-09-24,READY_INCREMENTAL,,sina_public_snapshot,2026-09-24,6.82,6.859993763642033,6.236357966926676e-06
600257.SH,SH_MAIN,,False,False,2026-09-24,2026-09-24,READY_INCREMENTAL,,sina_public_snapshot,2026-09-24,5.48,5.539998180292569,1.8197074309611596e-06
600258.SH,SH_MAIN,,False,False,2026-09-24,2026-09-24,READY_INCREMENTAL,,sina_public_snapshot,2026-09-24,11.09,11.179998991884672,1.0081153281049635e-06
600259.SH,SH_MAIN,,False,False,2026-09-24,2026-09-24,READY_INCREMENTAL,,sina_public_snapshot,2026-09-24,80.37,81.30007283321196,7.283321195927783e-05
600261.SH,SH_MAIN,,False,False,2026-09-24,2026-09-24,READY_INCREMENTAL,,sina_public_snapshot,2026-09-24,3.35,3.35,0.0
600262.SH,SH_MAIN,,False,False,2026-09-24,2026-09-24,READY_INCREMENTAL,,sina_public_snapshot,2026-09-24,14.71,14.82997449365366,2.550634633990967e-05
600265.SH,SH_MAIN,,True,False,2026-09-24,2026-09-24,READY_INCREMENTAL,,sina_public_snapshot,2026-09-24,23.41,23.26991511103159,8.488896840930238e-05
600266.SH,SH_MAIN,,False,False,2026-09-24,2026-09-24,READY_INCREMENTAL,,sina_public_snapshot,2026-09-24,4.27,4.410018073844564,1.8073844564092667e-05
600267.SH,SH_MAIN,,False,False,2026-09-24,2026-09-24,READY_INCREMENTAL,,sina_public_snapshot,2026-09-24,11.43,11.800049554013876,4.955401387540803e-05
600268.SH,SH_MAIN,,False,False,2026-09-24,2026-09-24,READY_INCREMENTAL,,sina_public_snapshot,2026-09-24,10.08,10.19995142880272,4.857119727930126e-05
600269.SH,SH_MAIN,,False,False,2026-09-24,2026-09-24,READY_INCREMENTAL,,sina_public_snapshot,2026-09-24,3.77,3.790011259449895,1.1259449895106854e-05
600271.SH,SH_MAIN,,False,False,2026-09-24,2026-09-24,READY_INCREMENTAL,,sina_public_snapshot,2026-09-24,6.61,6.690012550099186,1.2550099185659748e-05
600272.SH,SH_MAIN,,False,False,2026-09-24,2026-09-24,READY_INCREMENTAL,,sina_public_snapshot,2026-09-24,15.24,15.809948648788838,5.135121116239816e-05
600273.SH,SH_MAIN,,False,False,2026-09-24,2026-09-24,READY_INCREMENTAL,,sina_public_snapshot,2026-09-24,6.27,6.31999112983701,8.870162989893515e-06
600276.SH,SH_MAIN,,False,False,2026-09-24,2026-09-24,READY_INCREMENTAL,,sina_public_snapshot,2026-09-24,44.86,45.58016663279821,0.0001666327982121
600278.SH,SH_MAIN,,False,False,2026-09-24,2026-09-24,READY_INCREMENTAL,,sina_public_snapshot,2026-09-24,6.55,6.5200079633685055,7.963368505947699e-06
600279.SH,SH_MAIN,,False,False,2026-09-24,2026-09-24,READY_INCREMENTAL,,sina_public_snapshot,2026-09-24,4.27,4.259989025789394,1.0974210606029544e-05
600280.SH,SH_MAIN,,False,False,2026-09-24,2026-09-24,READY_INCREMENTAL,,sina_public_snapshot,2026-09-24,3.04,3.050004013163175,4.013163175109469e-06
600281.SH,SH_MAIN,,False,False,2026-09-24,2026-09-24,READY_INCREMENTAL,,sina_public_snapshot,2026-09-24,4.64,4.730012130850077,1.213085007645276e-05
600282.SH,SH_MAIN,,False,False,2026-09-24,2026-09-24,READY_INCREMENTAL,,sina_public_snapshot,2026-09-24,4.4,4.389990820928284,9.179071716047815e-06
600283.SH,SH_MAIN,,False,False,2026-09-24,2026-09-24,READY_INCREMENTAL,,sina_public_snapshot,2026-09-24,8.02,8.050026599215071,2.6599215070532974e-05
600284.SH,SH_MAIN,,False,False,2026-09-24,2026-09-24,READY_INCREMENTAL,,sina_public_snapshot,2026-09-24,5.11,5.11,0.0
600285.SH,SH_MAIN,,False,False,2026-09-24,2026-09-24,READY_INCREMENTAL,,sina_public_snapshot,2026-09-24,18.83,19.079947309757827,5.269024217113838e-05
600287.SH,SH_MAIN,,False,False,2026-09-24,2026-09-24,READY_INCREMENTAL,,sina_public_snapshot,2026-09-24,4.97,4.980009819737672,9.81973767189004e-06
600288.SH,SH_MAIN,,False,False,2026-09-24,2026-09-24,READY_INCREMENTAL,,sina_public_snapshot,2026-09-24,10.8,10.950015208354458,1.5208354458451367e-05
600289.SH,SH_MAIN,,True,False,2026-09-24,2026-09-24,READY_INCREMENTAL,,sina_public_snapshot,2026-09-24,4.32,4.300004976857612,4.976857612248864e-06
600292.SH,SH_MAIN,,False,False,2026-09-24,2026-09-24,READY_INCREMENTAL,,sina_public_snapshot,2026-09-24,11.26,11.379944616255331,5.538374466951268e-05
600293.SH,SH_MAIN,,False,False,2026-09-24,2026-09-24,READY_INCREMENTAL,,sina_public_snapshot,2026-09-24,3.78,3.7000058730251952,5.873025195057835e-06
600295.SH,SH_MAIN,,False,False,2026-09-24,2026-09-24,READY_INCREMENTAL,,sina_public_snapshot,2026-09-24,12.8,12.840060990289706,6.0990289705742384e-05
600298.SH,SH_MAIN,,False,False,2026-09-24,2026-09-24,READY_INCREMENTAL,,sina_public_snapshot,2026-09-24,39.7,39.76003765686186,3.7656861863411e-05
600299.SH,SH_MAIN,,False,False,2026-09-24,2026-09-24,READY_INCREMENTAL,,sina_public_snapshot,2026-09-24,8.08,8.370021235821204,2.1235821204612648e-05
600300.SH,SH_MAIN,,False,False,2026-09-24,2026-09-24,READY_INCREMENTAL,,sina_public_snapshot,2026-09-24,3.06,3.0900039382403133,3.938240313416941e-06
600301.SH,SH_MAIN,,False,False,2026-09-24,2026-09-24,READY_INCREMENTAL,,sina_public_snapshot,2026-09-24,47.65,47.940037225212535,3.722521253735067e-05
600302.SH,SH_MAIN,,True,False,2026-09-24,2026-09-24,READY_INCREMENTAL,,sina_public_snapshot,2026-09-24,7.14,7.100026848841025,2.684884102510665e-05
600303.SH,SH_MAIN,,False,False,2026-09-24,2026-09-24,READY_INCREMENTAL,,sina_public_snapshot,2026-09-24,3.05,2.9999901639666757,9.836033324717164e-06
600305.SH,SH_MAIN,,False,False,2026-09-24,2026-09-24,READY_INCREMENTAL,,sina_public_snapshot,2026-09-24,6.66,6.780006108113612,6.108113611347221e-06
600307.SH,SH_MAIN,,False,False,2026-09-24,2026-09-24,READY_INCREMENTAL,,sina_public_snapshot,2026-09-24,1.45,1.470006792445179,6.792445178982476e-06
600308.SH,SH_MAIN,,False,False,2026-09-24,2026-09-24,READY_INCREMENTAL,,sina_public_snapshot,2026-09-24,3.29,3.3599885617410665,1.1438258933349488e-05
600309.SH,SH_MAIN,,False,False,2026-09-24,2026-09-24,READY_INCREMENTAL,,sina_public_snapshot,2026-09-24,69.45,71.60015258203862,0.0001525820386234
600310.SH,SH_MAIN,,False,False,2026-09-24,2026-09-24,READY_INCREMENTAL,,sina_public_snapshot,2026-09-24,4.45,4.4199882795816405,1.1720418359395524e-05
600312.SH,SH_MAIN,,False,False,2026-09-24,2026-09-24,READY_INCREMENTAL,,sina_public_snapshot,2026-09-24,18.94,18.929967117427765,3.2882572234882446e-05
600313.SH,SH_MAIN,,False,False,2026-09-24,2026-09-24,READY_INCREMENTAL,,sina_public_snapshot,2026-09-24,6.8,6.989987870315166,1.2129684834327747e-05
600315.SH,SH_MAIN,,False,False,2026-09-24,2026-09-24,READY_INCREMENTAL,,sina_public_snapshot,2026-09-24,18.12,18.53992940093109,7.059906890916068e-05
600316.SH,SH_MAIN,,False,False,2026-09-24,2026-09-24,READY_INCREMENTAL,,sina_public_snapshot,2026-09-24,32.91,33.82983316372159,0.0001668362784101
600318.SH,SH_MAIN,,False,False,2026-09-24,2026-09-24,READY_INCREMENTAL,,sina_public_snapshot,2026-09-24,6.79,6.869966409000769,3.3590999231059016e-05
600319.SH,SH_MAIN,,False,False,2026-09-24,2026-09-24,READY_INCREMENTAL,,sina_public_snapshot,2026-09-24,6.25,6.25,0.0
600320.SH,SH_MAIN,,False,False,2026-09-24,2026-09-24,READY_INCREMENTAL,,sina_public_snapshot,2026-09-24,4.02,4.070020552591347,2.055259134703391e-05
600322.SH,SH_MAIN,,False,False,2026-09-24,2026-09-24,READY_INCREMENTAL,,sina_public_snapshot,2026-09-24,2.69,2.759993433472872,6.566527127827015e-06
600323.SH,SH_MAIN,,False,False,2026-09-24,2026-09-24,READY_INCREMENTAL,,sina_public_snapshot,2026-09-24,28.68,28.89992845554671,7.154445328794168e-05
600325.SH,SH_MAIN,,False,False,2026-09-24,2026-09-24,READY_INCREMENTAL,,sina_public_snapshot,2026-09-24,2.67,2.8000041947628382,4.194762838416466e-06
600326.SH,SH_MAIN,,False,False,2026-09-24,2026-09-24,READY_INCREMENTAL,,sina_public_snapshot,2026-09-24,6.97,7.220029625946529,2.962594652888839e-05
600327.SH,SH_MAIN,,False,False,2026-09-24,2026-09-24,READY_INCREMENTAL,,sina_public_snapshot,2026-09-24,3.8,3.769990872653677,9.127346323190013e-06
600328.SH,SH_MAIN,,False,False,2026-09-24,2026-09-24,READY_INCREMENTAL,,sina_public_snapshot,2026-09-24,5.65,5.720012958613429,1.2958613429425723e-05
600329.SH,SH_MAIN,,False,False,2026-09-24,2026-09-24,READY_INCREMENTAL,,sina_public_snapshot,2026-09-24,35.13,35.39011736261522,0.0001173626152208
600330.SH,SH_MAIN,,False,False,2026-09-24,2026-09-24,READY_INCREMENTAL,,sina_public_snapshot,2026-09-24,28.6,29.97997840602954,2.159397045886635e-05
600331.SH,SH_MAIN,,False,False,2026-09-24,2026-09-24,READY_INCREMENTAL,,sina_public_snapshot,2026-09-24,12.05,12.120053911609102,5.3911609102286207e-05
600332.SH,SH_MAIN,,False,False,2026-09-24,2026-09-24,READY_INCREMENTAL,,sina_public_snapshot,2026-09-24,19.39,19.66990271564361,9.728435639289046e-05
600333.SH,SH_MAIN,,False,False,2026-09-24,2026-09-24,READY_INCREMENTAL,,sina_public_snapshot,2026-09-24,6.73,6.779968366863787,3.1633136213571333e-05
600335.SH,SH_MAIN,,False,False,2026-09-24,2026-09-24,READY_INCREMENTAL,,sina_public_snapshot,2026-09-24,5.12,5.130003506838335,3.506838335276541e-06
600336.SH,SH_MAIN,,False,False,2026-09-24,2026-09-24,READY_INCREMENTAL,,sina_public_snapshot,2026-09-24,6.35,6.319980094550883,1.990544911745218e-05
600337.SH,SH_MAIN,,True,False,2026-09-24,2026-09-24,READY_INCREMENTAL,,sina_public_snapshot,2026-09-24,3.43,3.3200081306321563,8.130632156433393e-06
600338.SH,SH_MAIN,,False,False,2026-09-24,2026-09-24,READY_INCREMENTAL,,sina_public_snapshot,2026-09-24,12.06,12.420057465937528,5.746593752853357e-05
600339.SH,SH_MAIN,,False,False,2026-09-24,2026-09-24,READY_INCREMENTAL,,sina_public_snapshot,2026-09-24,3.23,3.2499874226492933,1.257735070669952e-05
600340.SH,SH_MAIN,,True,False,2026-09-24,2026-09-24,READY_INCREMENTAL,,sina_public_snapshot,2026-09-24,1.17,1.1500014743608644,1.4743608645062525e-06
600343.SH,SH_MAIN,,False,False,2026-09-24,2026-09-24,READY_INCREMENTAL,,sina_public_snapshot,2026-09-24,20.3,19.870012920402488,1.2920402486571447e-05
600345.SH,SH_MAIN,,False,False,2026-09-24,2026-09-24,READY_INCREMENTAL,,sina_public_snapshot,2026-09-24,51.89,53.930178658657,0.0001786586569991
600346.SH,SH_MAIN,,False,False,2026-09-24,2026-09-24,READY_INCREMENTAL,,sina_public_snapshot,2026-09-24,16.15,16.88006271230729,6.271230729026911e-05
600348.SH,SH_MAIN,,False,False,2026-09-24,2026-09-24,READY_INCREMENTAL,,sina_public_snapshot,2026-09-24,8.89,8.979979393523102,2.0606476898166196e-05
600350.SH,SH_MAIN,,False,False,2026-09-24,2026-09-24,READY_INCREMENTAL,,sina_public_snapshot,2026-09-24,10.02,10.03003003003003,3.003003003065885e-05
600351.SH,SH_MAIN,,False,False,2026-09-24,2026-09-24,READY_INCREMENTAL,,sina_public_snapshot,2026-09-24,6.67,6.730031884408928,3.1884408927318475e-05
600352.SH,SH_MAIN,,False,False,2026-09-24,2026-09-24,READY_INCREMENTAL,,sina_public_snapshot,2026-09-24,12.14,12.500000000000002,1.7763568394002505e-15
600353.SH,SH_MAIN,,False,False,2026-09-24,2026-09-24,READY_INCREMENTAL,,sina_public_snapshot,2026-09-24,32.57,33.45007137795397,7.137795396516822e-05
600354.SH,SH_MAIN,,False,False,2026-09-24,2026-09-24,READY_INCREMENTAL,,sina_public_snapshot,2026-09-24,9.53,10.07996276865798,3.723134202004985e-05
600356.SH,SH_MAIN,,False,False,2026-09-24,2026-09-24,READY_INCREMENTAL,,sina_public_snapshot,2026-09-24,10.64,10.70002715232454,2.7152324541646067e-05
600358.SH,SH_MAIN,,False,False,2026-09-24,2026-09-24,READY_INCREMENTAL,,sina_public_snapshot,2026-09-24,5.72,5.199999999999999,8.881784197001252e-16
600359.SH,SH_MAIN,,False,False,2026-09-24,2026-09-24,READY_INCREMENTAL,,sina_public_snapshot,2026-09-24,7.62,7.839990122847089,9.87715291067559e-06
600360.SH,SH_MAIN,,False,False,2026-09-24,2026-09-24,READY_INCREMENTAL,,sina_public_snapshot,2026-09-24,11.67,11.390032989127253,3.2989127250360184e-05
600361.SH,SH_MAIN,,False,False,2026-09-24,2026-09-24,READY_INCREMENTAL,,sina_public_snapshot,2026-09-24,3.43,3.489992979314415,7.020685585334974e-06
600362.SH,SH_MAIN,,False,False,2026-09-24,2026-09-24,READY_INCREMENTAL,,sina_public_snapshot,2026-09-24,42.4,44.54998213797886,1.7862021138626005e-05
600363.SH,SH_MAIN,,False,False,2026-09-24,2026-09-24,READY_INCREMENTAL,,sina_public_snapshot,2026-09-24,14.55,15.09993980780008,6.019219991948432e-05
600365.SH,SH_MAIN,,True,False,2026-09-24,2026-09-24,READY_INCREMENTAL,,sina_public_snapshot,2026-09-24,2.9,2.850010810385833,1.0810385832726864e-05
600366.SH,SH_MAIN,,False,False,2026-09-24,2026-09-24,READY_INCREMENTAL,,sina_public_snapshot,2026-09-24,11.12,11.329943859720624,5.614027937639321e-05
600367.SH,SH_MAIN,,False,False,2026-09-24,2026-09-24,READY_INCREMENTAL,,sina_public_snapshot,2026-09-24,36.55,39.21000686577411,6.865774111020073e-06
600368.SH,SH_MAIN,,False,False,2026-09-24,2026-09-24,READY_INCREMENTAL,,sina_public_snapshot,2026-09-24,4.15,4.120006353744738,6.3537447383410495e-06
600369.SH,SH_MAIN,,False,False,2026-09-24,2026-09-24,READY_INCREMENTAL,,sina_public_snapshot,2026-09-24,3.92,3.98998432506158,1.567493842014045e-05
600370.SH,SH_MAIN,,True,False,2026-09-24,2026-09-24,READY_INCREMENTAL,,sina_public_snapshot,2026-09-24,1.47,1.489995742869306,4.2571306939631626e-06
600371.SH,SH_MAIN,,False,False,2026-09-24,2026-09-24,READY_INCREMENTAL,,sina_public_snapshot,2026-09-24,15.85,17.2799127827746,8.721722540272481e-05
600372.SH,SH_MAIN,,False,False,2026-09-24,2026-09-24,READY_INCREMENTAL,,sina_public_snapshot,2026-09-24,11.33,11.43001261034048,1.2610340480279092e-05
600373.SH,SH_MAIN,,False,False,2026-09-24,2026-09-24,READY_INCREMENTAL,,sina_public_snapshot,2026-09-24,7.48,7.460007180755575,7.180755575042497e-06
600375.SH,SH_MAIN,,False,False,2026-09-24,2026-09-24,READY_INCREMENTAL,,sina_public_snapshot,2026-09-24,3.62,3.6699851984022382,1.4801597761682215e-05
600376.SH,SH_MAIN,,False,False,2026-09-24,2026-09-24,READY_INCREMENTAL,,sina_public_snapshot,2026-09-24,3.19,3.3299929015825294,7.09841747070783e-06
600377.SH,SH_MAIN,,False,False,2026-09-24,2026-09-24,READY_INCREMENTAL,,sina_public_snapshot,2026-09-24,12.77,12.580041375233968,4.137523396785525e-05
600378.SH,SH_MAIN,,False,False,2026-09-24,2026-09-24,READY_INCREMENTAL,,sina_public_snapshot,2026-09-24,45.09,46.80007473065826,7.473065826246739e-05
600379.SH,SH_MAIN,,False,False,2026-09-24,2026-09-24,READY_INCREMENTAL,,sina_public_snapshot,2026-09-24,14.62,14.949945292607856,5.4707392143527045e-05
600380.SH,SH_MAIN,,False,False,2026-09-24,2026-09-24,READY_INCREMENTAL,,sina_public_snapshot,2026-09-24,9.25,9.40996948118006,3.051881993876293e-05
600381.SH,SH_MAIN,,True,False,2026-09-24,2026-09-24,READY_INCREMENTAL,,sina_public_snapshot,2026-09-24,4.2,4.34000868001736,8.68001735998547e-06
600382.SH,SH_MAIN,,False,False,2026-09-24,2026-09-24,READY_INCREMENTAL,,sina_public_snapshot,2026-09-24,5.64,5.900013599322126,1.3599322125301684e-05
600383.SH,SH_MAIN,,False,False,2026-09-24,2026-09-24,READY_INCREMENTAL,,sina_public_snapshot,2026-09-24,2.41,2.509998333611065,1.6663889348400571e-06
600386.SH,SH_MAIN,,False,False,2026-09-24,2026-09-24,READY_INCREMENTAL,,sina_public_snapshot,2026-09-24,3.51,3.490002286896085,2.286896084946477e-06
600388.SH,SH_MAIN,,False,False,2026-09-24,2026-09-24,READY_INCREMENTAL,,sina_public_snapshot,2026-09-24,17.46,17.219953843422687,4.615657731221745e-05
600389.SH,SH_MAIN,,False,False,2026-09-24,2026-09-24,READY_INCREMENTAL,,sina_public_snapshot,2026-09-24,18.11,18.62000185069041,1.8506904098103405e-06
600390.SH,SH_MAIN,,False,False,2026-09-24,2026-09-24,READY_INCREMENTAL,,sina_public_snapshot,2026-09-24,4.79,4.870014335532804,1.4335532803499971e-05
600391.SH,SH_MAIN,,False,False,2026-09-24,2026-09-24,READY_INCREMENTAL,,sina_public_snapshot,2026-09-24,40.98,42.97985253862208,0.0001474613779137
600392.SH,SH_MAIN,,False,False,2026-09-24,2026-09-24,READY_INCREMENTAL,,sina_public_snapshot,2026-09-24,21.35,21.779935935364087,6.406463591446254e-05
600395.SH,SH_MAIN,,False,False,2026-09-24,2026-09-24,READY_INCREMENTAL,,sina_public_snapshot,2026-09-24,5.06,5.039991234797852,8.765202148097728e-06
600396.SH,SH_MAIN,,False,False,2026-09-24,2026-09-24,READY_INCREMENTAL,,sina_public_snapshot,2026-09-24,12.75,12.990056239302309,5.623930230669316e-05
600397.SH,SH_MAIN,,False,False,2026-09-24,2026-09-24,READY_INCREMENTAL,,sina_public_snapshot,2026-09-24,17.7,17.739914808318716,8.519168128273691e-05
600398.SH,SH_MAIN,,False,False,2026-09-24,2026-09-24,READY_INCREMENTAL,,sina_public_snapshot,2026-09-24,5.66,5.689986227418496,1.377258150458971e-05
600399.SH,SH_MAIN,,False,False,2026-09-24,2026-09-24,READY_INCREMENTAL,,sina_public_snapshot,2026-09-24,4.31,4.3700001013921135,1.013921133719009e-07
600400.SH,SH_MAIN,,False,False,2026-09-24,2026-09-24,READY_INCREMENTAL,,sina_public_snapshot,2026-09-24,3.41,3.369998122288436,1.877711564013396e-06
600403.SH,SH_MAIN,,False,False,2026-09-24,2026-09-24,READY_INCREMENTAL,,sina_public_snapshot,2026-09-24,7.19,7.240028597609482,2.8597609481373357e-05
600405.SH,SH_MAIN,,False,False,2026-09-24,2026-09-24,READY_INCREMENTAL,,sina_public_snapshot,2026-09-24,5.05,5.05,0.0
600406.SH,SH_MAIN,,False,False,2026-09-24,2026-09-24,READY_INCREMENTAL,,sina_public_snapshot,2026-09-24,22.27,22.38011014189814,0.0001101418981406
600408.SH,SH_MAIN,,False,False,2026-09-24,2026-09-24,READY_INCREMENTAL,,sina_public_snapshot,2026-09-24,3.03,2.9799956726135446,4.327386455393878e-06
600409.SH,SH_MAIN,,False,False,2026-09-24,2026-09-24,READY_INCREMENTAL,,sina_public_snapshot,2026-09-24,6.22,6.319982117092401,1.7882907599187092e-05
600410.SH,SH_MAIN,,False,False,2026-09-24,2026-09-24,READY_INCREMENTAL,,sina_public_snapshot,2026-09-24,15.5,15.869928022197422,7.197780257683917e-05
600415.SH,SH_MAIN,,False,False,2026-09-24,2026-09-24,READY_INCREMENTAL,,sina_public_snapshot,2026-09-24,10.84,10.80994834360478,5.165639522175525e-05
600416.SH,SH_MAIN,,False,False,2026-09-24,2026-09-24,READY_INCREMENTAL,,sina_public_snapshot,2026-09-24,8.27,8.439981221807196,1.8778192803381444e-05
600418.SH,SH_MAIN,,False,False,2026-09-24,2026-09-24,READY_INCREMENTAL,,sina_public_snapshot,2026-09-24,22.93,23.44988392665392,0.0001160733460814
600419.SH,SH_MAIN,,False,False,2026-09-24,2026-09-24,READY_INCREMENTAL,,sina_public_snapshot,2026-09-24,8.72,8.750012543022569,1.2543022569033724e-05
600420.SH,SH_MAIN,,False,False,2026-09-24,2026-09-24,READY_INCREMENTAL,,sina_public_snapshot,2026-09-24,8.22,8.340012783961203,1.2783961203410854e-05
600422.SH,SH_MAIN,,False,False,2026-09-24,2026-09-24,READY_INCREMENTAL,,sina_public_snapshot,2026-09-24,8.04,8.140041105182695,4.110518269406782e-05
600423.SH,SH_MAIN,,True,False,2026-09-24,2026-09-24,READY_INCREMENTAL,,sina_public_snapshot,2026-09-24,2.68,2.7099996966418254,3.033581745803815e-07
600425.SH,SH_MAIN,,False,False,2026-09-24,2026-09-24,READY_INCREMENTAL,,sina_public_snapshot,2026-09-24,3.61,3.6599955390636087,4.460936391392778e-06
600426.SH,SH_MAIN,,False,False,2026-09-24,2026-09-24,READY_INCREMENTAL,,sina_public_snapshot,2026-09-24,19.71,20.380097609396973,9.760939697400772e-05
600428.SH,SH_MAIN,,False,False,2026-09-24,2026-09-24,READY_INCREMENTAL,,sina_public_snapshot,2026-09-24,11.06,11.230022541274902,2.254127490175506e-05
600429.SH,SH_MAIN,,False,False,2026-09-24,2026-09-24,READY_INCREMENTAL,,sina_public_snapshot,2026-09-24,4.54,4.5500100220485065,1.0022048506641568e-05
600433.SH,SH_MAIN,,False,False,2026-09-24,2026-09-24,READY_INCREMENTAL,,sina_public_snapshot,2026-09-24,3.26,3.290004844178912,4.8441789113340405e-06
600435.SH,SH_MAIN,,False,False,2026-09-24,2026-09-24,READY_INCREMENTAL,,sina_public_snapshot,2026-09-24,11.16,11.319950906306104,4.909369389594076e-05
600436.SH,SH_MAIN,,False,False,2026-09-24,2026-09-24,READY_INCREMENTAL,,sina_public_snapshot,2026-09-24,117.4,120.09984450446028,0.0001554955397153
600438.SH,SH_MAIN,,False,False,2026-09-24,2026-09-24,READY_INCREMENTAL,,sina_public_snapshot,2026-09-24,11.12,11.57995584621152,4.415378847966167e-05
600439.SH,SH_MAIN,,True,False,2026-09-24,2026-09-24,READY_INCREMENTAL,,sina_public_snapshot,2026-09-24,1.86,1.870004524204494,4.524204493927542e-06
600444.SH,SH_MAIN,,False,False,2026-09-24,2026-09-24,READY_INCREMENTAL,,sina_public_snapshot,2026-09-24,14.4,14.50005034739704,5.034739704079527e-05
600446.SH,SH_MAIN,,False,False,2026-09-24,2026-09-24,READY_INCREMENTAL,,sina_public_snapshot,2026-09-24,10.37,10.619994674641047,5.325358950258874e-06
600448.SH,SH_MAIN,,False,False,2026-09-24,2026-09-24,READY_INCREMENTAL,,sina_public_snapshot,2026-09-24,3.27,3.259991825096953,8.174903046942461e-06
600449.SH,SH_MAIN,,False,False,2026-09-24,2026-09-24,READY_INCREMENTAL,,sina_public_snapshot,2026-09-24,12.71,13.109985662564856,1.4337435144895494e-05
600452.SH,SH_MAIN,,False,False,2026-09-24,2026-09-24,READY_INCREMENTAL,,sina_public_snapshot,2026-09-24,8.81,8.930019461563413,1.9461563413258887e-05
600455.SH,SH_MAIN,,False,False,2026-09-24,2026-09-24,READY_INCREMENTAL,,sina_public_snapshot,2026-09-24,24.7,24.370029796554647,2.9796554645855625e-05
600456.SH,SH_MAIN,,False,False,2026-09-24,2026-09-24,READY_INCREMENTAL,,sina_public_snapshot,2026-09-24,25.08,25.450043634444825,4.363444482535783e-05
600458.SH,SH_MAIN,,False,False,2026-09-24,2026-09-24,READY_INCREMENTAL,,sina_public_snapshot,2026-09-24,11.11,11.23004922622838,4.922622838066104e-05
600459.SH,SH_MAIN,,False,False,2026-09-24,2026-09-24,READY_INCREMENTAL,,sina_public_snapshot,2026-09-24,18.53,19.08990697147331,9.302852668824356e-05
600460.SH,SH_MAIN,,False,False,2026-09-24,2026-09-24,READY_INCREMENTAL,,sina_public_snapshot,2026-09-24,32.72,33.670172261211384,0.0001722612113823
600461.SH,SH_MAIN,,False,False,2026-09-24,2026-09-24,READY_INCREMENTAL,,sina_public_snapshot,2026-09-24,8.76,8.8400020182653,2.018265300662847e-06
600463.SH,SH_MAIN,,False,False,2026-09-24,2026-09-24,READY_INCREMENTAL,,sina_public_snapshot,2026-09-24,8.15,8.260023513195767,2.3513195767321804e-05
600467.SH,SH_MAIN,,False,False,2026-09-24,2026-09-24,READY_INCREMENTAL,,sina_public_snapshot,2026-09-24,2.38,2.4100045567313044,4.556731304283801e-06
600468.SH,SH_MAIN,,False,False,2026-09-24,2026-09-24,READY_INCREMENTAL,,sina_public_snapshot,2026-09-24,6.05,6.059998998347273,1.001652726984048e-06
600469.SH,SH_MAIN,,False,False,2026-09-24,2026-09-24,READY_INCREMENTAL,,sina_public_snapshot,2026-09-24,4.96,4.980019679110022,1.96791100215421e-05
600470.SH,SH_MAIN,,False,False,2026-09-24,2026-09-24,READY_INCREMENTAL,,sina_public_snapshot,2026-09-24,5.61,5.650002014260968,2.0142609677975543e-06
600475.SH,SH_MAIN,,False,False,2026-09-24,2026-09-24,READY_INCREMENTAL,,sina_public_snapshot,2026-09-24,14.74,15.099983609244386,1.63907556132159e-05
600476.SH,SH_MAIN,,True,False,2026-09-24,2026-09-24,READY_INCREMENTAL,,sina_public_snapshot,2026-09-24,9.97,10.240029580025269,2.9580025266540133e-05
600477.SH,SH_MAIN,,False,False,2026-09-24,2026-09-24,READY_INCREMENTAL,,sina_public_snapshot,2026-09-24,2.4,2.4199891100490047,1.0889950995185416e-05
600478.SH,SH_MAIN,,False,False,2026-09-24,2026-09-24,READY_INCREMENTAL,,sina_public_snapshot,2026-09-24,4.41,4.48002275567114,2.275567113940724e-05
600479.SH,SH_MAIN,,False,False,2026-09-24,2026-09-24,READY_INCREMENTAL,,sina_public_snapshot,2026-09-24,12.4,13.189945857399666,5.414260033376195e-05
600480.SH,SH_MAIN,,False,False,2026-09-24,2026-09-24,READY_INCREMENTAL,,sina_public_snapshot,2026-09-24,7.81,7.779969318430856,3.0681569143986565e-05
600481.SH,SH_MAIN,,False,False,2026-09-24,2026-09-24,READY_INCREMENTAL,,sina_public_snapshot,2026-09-24,3.98,4.049983718658417,1.6281341582491393e-05
600482.SH,SH_MAIN,,False,False,2026-09-24,2026-09-24,READY_INCREMENTAL,,sina_public_snapshot,2026-09-24,34.25,34.729968159970795,3.18400292016463e-05
600483.SH,SH_MAIN,,False,False,2026-09-24,2026-09-24,READY_INCREMENTAL,,sina_public_snapshot,2026-09-24,10.73,10.670034406634716,3.440663471465655e-05
600486.SH,SH_MAIN,,False,False,2026-09-24,2026-09-24,READY_INCREMENTAL,,sina_public_snapshot,2026-09-24,51.36,52.50996830589919,3.1694100805168546e-05
600487.SH,SH_MAIN,,False,False,2026-09-24,2026-09-24,READY_INCREMENTAL,,sina_public_snapshot,2026-09-24,67.38,69.9397965538717,0.000203446128296
600488.SH,SH_MAIN,,False,False,2026-09-24,2026-09-24,READY_INCREMENTAL,,sina_public_snapshot,2026-09-24,5.7,5.900010350895353,1.035089535239564e-05
600489.SH,SH_MAIN,,False,False,2026-09-24,2026-09-24,READY_INCREMENTAL,,sina_public_snapshot,2026-09-24,22.12,23.39997884269544,2.115730455898301e-05
600490.SH,SH_MAIN,,False,False,2026-09-24,2026-09-24,READY_INCREMENTAL,,sina_public_snapshot,2026-09-24,6.79,7.130031187323456,3.118732345619435e-05
600491.SH,SH_MAIN,,True,False,2026-09-24,2026-09-24,READY_INCREMENTAL,,sina_public_snapshot,2026-09-24,1.62,1.669999793827186,2.0617281393242592e-07
600493.SH,SH_MAIN,,False,False,2026-09-24,2026-09-24,READY_INCREMENTAL,,sina_public_snapshot,2026-09-24,6.46,6.350017693547753,1.7693547753161454e-05
600495.SH,SH_MAIN,,False,False,2026-09-24,2026-09-24,READY_INCREMENTAL,,sina_public_snapshot,2026-09-24,4.08,4.069987829938352,1.21700616482201e-05
600496.SH,SH_MAIN,,False,False,2026-09-24,2026-09-24,READY_INCREMENTAL,,sina_public_snapshot,2026-09-24,3.36,3.3399934392986013,6.560701398594659e-06
600497.SH,SH_MAIN,,False,False,2026-09-24,2026-09-24,READY_INCREMENTAL,,sina_public_snapshot,2026-09-24,9.26,9.629983984691862,1.60153081392167e-05
600498.SH,SH_MAIN,,False,False,2026-09-24,2026-09-24,READY_INCREMENTAL,,sina_public_snapshot,2026-09-24,41.08,42.53997183331953,2.81666804724523e-05
600499.SH,SH_MAIN,,False,False,2026-09-24,2026-09-24,READY_INCREMENTAL,,sina_public_snapshot,2026-09-24,11.25,11.659964346420132,3.565357986801132e-05
600500.SH,SH_MAIN,,False,False,2026-09-24,2026-09-24,READY_INCREMENTAL,,sina_public_snapshot,2026-09-24,5.55,5.799979099174418,2.0900825582259586e-05
600501.SH,SH_MAIN,,False,False,2026-09-24,2026-09-24,READY_INCREMENTAL,,sina_public_snapshot,2026-09-24,14.74,14.520021671674137,2.1671674137024866e-05
600502.SH,SH_MAIN,,False,False,2026-09-24,2026-09-24,READY_INCREMENTAL,,sina_public_snapshot,2026-09-24,4.16,4.1300160832357085,1.6083235708563848e-05
600503.SH,SH_MAIN,,False,False,2026-09-24,2026-09-24,READY_INCREMENTAL,,sina_public_snapshot,2026-09-24,2.65,2.9400017750954115,1.775095411549188e-06
600505.SH,SH_MAIN,,False,False,2026-09-24,2026-09-24,READY_INCREMENTAL,,sina_public_snapshot,2026-09-24,10.17,10.240041886503684,4.188650368419644e-05
600506.SH,SH_MAIN,,False,False,2026-09-24,2026-09-24,READY_INCREMENTAL,,sina_public_snapshot,2026-09-24,18.18,17.099966138680916,3.386131908555967e-05
600507.SH,SH_MAIN,,False,False,2026-09-24,2026-09-24,READY_INCREMENTAL,,sina_public_snapshot,2026-09-24,4.03,4.0400192477343815,1.924773438144456e-05
600508.SH,SH_MAIN,,False,False,2026-09-24,2026-09-24,REPAIRED_FULL_HISTORY,QFQ_CONTINUITY_BREAK,sina_daily,2026-09-24,10.76,10.750002497677158,0.0799975023228416
600509.SH,SH_MAIN,,False,False,2026-09-24,2026-09-24,READY_INCREMENTAL,,sina_public_snapshot,2026-09-24,7.11,7.259991422794944,8.577205055537718e-06
600510.SH,SH_MAIN,,False,False,2026-09-24,2026-09-24,READY_INCREMENTAL,,sina_public_snapshot,2026-09-24,6.67,6.7799711317571,2.8868242900159657e-05
600511.SH,SH_MAIN,,False,False,2026-09-24,2026-09-24,READY_INCREMENTAL,,sina_public_snapshot,2026-09-24,25.73,26.109899030899587,0.0001009691004121
600512.SH,SH_MAIN,,False,False,2026-09-24,2026-09-24,READY_INCREMENTAL,,sina_public_snapshot,2026-09-24,2.05,2.059990956137266,9.043862734259278e-06
600513.SH,SH_MAIN,,False,False,2026-09-24,2026-09-24,READY_INCREMENTAL,,sina_public_snapshot,2026-09-24,14.77,14.969999189167275,8.108327254063852e-07
600515.SH,SH_MAIN,,False,False,2026-09-24,2026-09-24,READY_INCREMENTAL,,sina_public_snapshot,2026-09-24,2.69,2.729994418227026,5.581772974050381e-06
600516.SH,SH_MAIN,,False,False,2026-09-24,2026-09-24,READY_INCREMENTAL,,sina_public_snapshot,2026-09-24,5.42,5.42,0.0
600517.SH,SH_MAIN,,False,False,2026-09-24,2026-09-24,READY_INCREMENTAL,,sina_public_snapshot,2026-09-24,4.84,4.930022205471917,2.2205471917224884e-05
600518.SH,SH_MAIN,,False,False,2026-09-24,2026-09-24,READY_INCREMENTAL,,sina_public_snapshot,2026-09-24,1.33,1.3499934022878837,6.597712116418464e-06
600519.SH,SH_MAIN,,False,False,2026-09-24,2026-09-24,READY_INCREMENTAL,,sina_public_snapshot,2026-09-24,1237.0,1251.2391009690275,0.0008990309725049
600520.SH,SH_MAIN,,False,False,2026-09-24,2026-09-24,READY_INCREMENTAL,,sina_public_snapshot,2026-09-24,25.79,26.14001479814719,1.4798147191186216e-05
600521.SH,SH_MAIN,,False,False,2026-09-24,2026-09-24,READY_INCREMENTAL,,sina_public_snapshot,2026-09-24,15.88,16.41004443525886,4.4435258860886506e-05
600522.SH,SH_MAIN,,False,False,2026-09-24,2026-09-24,READY_INCREMENTAL,,sina_public_snapshot,2026-09-24,34.8,35.78001459989101,1.4599891009936528e-05
600523.SH,SH_MAIN,,False,False,2026-09-24,2026-09-24,READY_INCREMENTAL,,sina_public_snapshot,2026-09-24,11.89,11.929965384036525,3.461596347698048e-05
600525.SH,SH_MAIN,,False,False,2026-09-24,2026-09-24,READY_INCREMENTAL,,sina_public_snapshot,2026-09-24,4.88,4.910000100614756,1.0061475563816202e-07
600526.SH,SH_MAIN,,False,False,2026-09-24,2026-09-24,READY_INCREMENTAL,,sina_public_snapshot,2026-09-24,4.56,4.539978693959638,2.130604036221229e-05
600527.SH,SH_MAIN,,False,False,2026-09-24,2026-09-24,READY_INCREMENTAL,,sina_public_snapshot,2026-09-24,2.19,2.19,0.0
600528.SH,SH_MAIN,,False,False,2026-09-24,2026-09-24,READY_INCREMENTAL,,sina_public_snapshot,2026-09-24,6.74,6.810006870630077,6.870630077315809e-06
600529.SH,SH_MAIN,,False,False,2026-09-24,2026-09-24,READY_INCREMENTAL,,sina_public_snapshot,2026-09-24,18.2,18.500071154119823,7.115411982283604e-05
600530.SH,SH_MAIN,,True,False,2026-09-24,2026-09-24,READY_INCREMENTAL,,sina_public_snapshot,2026-09-24,3.89,3.979987517776937,1.248222306315938e-05
600531.SH,SH_MAIN,,False,False,2026-09-24,2026-09-24,READY_INCREMENTAL,,sina_public_snapshot,2026-09-24,11.53,12.040015036965872,1.5036965873349573e-05
600533.SH,SH_MAIN,,False,False,2026-09-24,2026-09-24,READY_INCREMENTAL,,sina_public_snapshot,2026-09-24,2.2,2.229993411383103,6.588616896952004e-06
600535.SH,SH_MAIN,,False,False,2026-09-24,2026-09-24,READY_INCREMENTAL,,sina_public_snapshot,2026-09-24,13.68,13.890017057915683,1.705791568440418e-05
600536.SH,SH_MAIN,,False,False,2026-09-24,2026-09-24,READY_INCREMENTAL,,sina_public_snapshot,2026-09-24,30.69,31.389996931574103,3.068425897367888e-06
600537.SH,SH_MAIN,,True,False,2026-09-24,2026-09-24,READY_INCREMENTAL,,sina_public_snapshot,2026-09-24,2.22,2.18999704054454,2.9594554602496714e-06
600538.SH,SH_MAIN,,False,False,2026-09-24,2026-09-24,READY_INCREMENTAL,,sina_public_snapshot,2026-09-24,4.75,4.81998619961846,1.3800381540640672e-05
600539.SH,SH_MAIN,,False,False,2026-09-24,2026-09-24,READY_INCREMENTAL,,sina_public_snapshot,2026-09-24,15.0,14.620025536311273,2.55363112717788e-05
600540.SH,SH_MAIN,,False,False,2026-09-24,2026-09-24,READY_INCREMENTAL,,sina_public_snapshot,2026-09-24,5.43,5.799980773544397,1.9226455602705528e-05
600543.SH,SH_MAIN,,True,False,2026-09-24,2026-09-24,READY_INCREMENTAL,,sina_public_snapshot,2026-09-24,4.07,4.090000100491403,1.0049140275469881e-07
600545.SH,SH_MAIN,,False,False,2026-09-24,2026-09-24,READY_INCREMENTAL,,sina_public_snapshot,2026-09-24,4.32,4.41997994638728,2.0053612719728164e-05
600546.SH,SH_MAIN,,False,False,2026-09-24,2026-09-24,READY_INCREMENTAL,,sina_public_snapshot,2026-09-24,13.36,13.37002752064048,2.75206404811712e-05
600547.SH,SH_MAIN,,False,False,2026-09-24,2026-09-24,READY_INCREMENTAL,,sina_public_snapshot,2026-09-24,29.07,30.93013853127061,0.0001385312706148
600548.SH,SH_MAIN,,False,False,2026-09-24,2026-09-24,READY_INCREMENTAL,,sina_public_snapshot,2026-09-24,8.03,8.039969562257198,3.043774280087064e-05
600549.SH,SH_MAIN,,False,False,2026-09-24,2026-09-24,READY_INCREMENTAL,,sina_public_snapshot,2026-09-24,46.9,48.71006605458851,6.605458850827972e-05
600550.SH,SH_MAIN,,False,False,2026-09-24,2026-09-24,READY_INCREMENTAL,,sina_public_snapshot,2026-09-24,10.29,10.400032342180266,3.234218026548774e-05
600551.SH,SH_MAIN,,False,False,2026-09-24,2026-09-24,READY_INCREMENTAL,,sina_public_snapshot,2026-09-24,7.77,7.750004987133195,4.987133195299975e-06
600552.SH,SH_MAIN,,False,False,2026-09-24,2026-09-24,READY_INCREMENTAL,,sina_public_snapshot,2026-09-24,18.2,18.560065266163573,6.526616357405146e-05
600556.SH,SH_MAIN,,False,False,2026-09-24,2026-09-24,READY_INCREMENTAL,,sina_public_snapshot,2026-09-24,4.54,4.599983788603389,1.6211396610898987e-05
600557.SH,SH_MAIN,,False,False,2026-09-24,2026-09-24,READY_INCREMENTAL,,sina_public_snapshot,2026-09-24,12.19,12.380033514446756,3.351444675558923e-05
600558.SH,SH_MAIN,,False,False,2026-09-24,2026-09-24,READY_INCREMENTAL,,sina_public_snapshot,2026-09-24,4.86,4.749990226357559,9.773642441146537e-06
600559.SH,SH_MAIN,,False,False,2026-09-24,2026-09-24,READY_INCREMENTAL,,sina_public_snapshot,2026-09-24,10.91,11.170038496191331,3.849619133333704e-05
600560.SH,SH_MAIN,,False,False,2026-09-24,2026-09-24,READY_INCREMENTAL,,sina_public_snapshot,2026-09-24,11.39,11.310038031119984,3.803111998301745e-05
600561.SH,SH_MAIN,,False,False,2026-09-24,2026-09-24,READY_INCREMENTAL,,sina_public_snapshot,2026-09-24,5.88,5.849989553590082,1.0446409917541644e-05
600562.SH,SH_MAIN,,False,False,2026-09-24,2026-09-24,READY_INCREMENTAL,,sina_public_snapshot,2026-09-24,26.88,27.949923054527304,7.694547269565533e-05
600563.SH,SH_MAIN,,False,False,2026-09-24,2026-09-24,READY_INCREMENTAL,,sina_public_snapshot,2026-09-24,120.31,125.20032468208213,0.0003246820821232
600566.SH,SH_MAIN,,False,False,2026-09-24,2026-09-24,READY_INCREMENTAL,,sina_public_snapshot,2026-09-24,24.41,24.56995037695397,4.962304602784684e-05
600567.SH,SH_MAIN,,False,False,2026-09-24,2026-09-24,READY_INCREMENTAL,,sina_public_snapshot,2026-09-24,1.32,1.32,0.0
600568.SH,SH_MAIN,,True,False,2026-09-24,2026-09-24,READY_INCREMENTAL,,sina_public_snapshot,2026-09-24,2.41,2.369994492958855,5.507041145325076e-06
600569.SH,SH_MAIN,,False,False,2026-09-24,2026-09-24,READY_INCREMENTAL,,sina_public_snapshot,2026-09-24,1.74,1.7700015258633843,1.5258633843107106e-06
600570.SH,SH_MAIN,,False,False,2026-09-24,2026-09-24,READY_INCREMENTAL,,sina_public_snapshot,2026-09-24,19.94,20.199973661017296,2.6338982703322245e-05
600571.SH,SH_MAIN,,False,False,2026-09-24,2026-09-24,READY_INCREMENTAL,,sina_public_snapshot,2026-09-24,10.21,10.300022193975344,2.219397534375389e-05
600572.SH,SH_MAIN,,False,False,2026-09-24,2026-09-24,READY_INCREMENTAL,,sina_public_snapshot,2026-09-24,4.21,4.249992428754581,7.571245419057959e-06
600573.SH,SH_MAIN,,False,False,2026-09-24,2026-09-24,READY_INCREMENTAL,,sina_public_snapshot,2026-09-24,10.0,10.0999899000101,1.0099989898648689e-05
600575.SH,SH_MAIN,,False,False,2026-09-24,2026-09-24,READY_INCREMENTAL,,sina_public_snapshot,2026-09-24,3.15,3.15,0.0
600576.SH,SH_MAIN,,False,False,2026-09-24,2026-09-24,READY_INCREMENTAL,,sina_public_snapshot,2026-09-24,5.37,5.409979750355125,2.024964487556957e-05
600577.SH,SH_MAIN,,False,False,2026-09-24,2026-09-24,READY_INCREMENTAL,,sina_public_snapshot,2026-09-24,8.62,8.89999380510872,6.19489128084183e-06
600578.SH,SH_MAIN,,False,False,2026-09-24,2026-09-24,READY_INCREMENTAL,,sina_public_snapshot,2026-09-24,5.21,5.229978517938525,2.148206147545295e-05
600579.SH,SH_MAIN,,False,False,2026-09-24,2026-09-24,READY_INCREMENTAL,,sina_public_snapshot,2026-09-24,7.16,7.16,0.0
600580.SH,SH_MAIN,,False,False,2026-09-24,2026-09-24,READY_INCREMENTAL,,sina_public_snapshot,2026-09-24,26.77,27.150101419878297,0.0001014198782982
600581.SH,SH_MAIN,,True,False,2026-09-24,2026-09-24,READY_INCREMENTAL,,sina_public_snapshot,2026-09-24,2.49,2.480005577522584,5.577522584232497e-06
600582.SH,SH_MAIN,,False,False,2026-09-24,2026-09-24,READY_INCREMENTAL,,sina_public_snapshot,2026-09-24,4.83,4.880020207123011,2.0207123011317663e-05
600583.SH,SH_MAIN,,False,False,2026-09-24,2026-09-24,READY_INCREMENTAL,,sina_public_snapshot,2026-09-24,6.52,6.359982831948183,1.716805181750658e-05
600584.SH,SH_MAIN,,False,False,2026-09-24,2026-09-24,READY_INCREMENTAL,,sina_public_snapshot,2026-09-24,68.78,71.76993551349209,0.0500644865079067
600585.SH,SH_MAIN,,False,False,2026-09-24,2026-09-24,READY_INCREMENTAL,,sina_public_snapshot,2026-09-24,16.93,17.300048027304033,4.80273040324164e-05
600586.SH,SH_MAIN,,False,False,2026-09-24,2026-09-24,READY_INCREMENTAL,,sina_public_snapshot,2026-09-24,3.96,4.0,0.0
600587.SH,SH_MAIN,,False,False,2026-09-24,2026-09-24,READY_INCREMENTAL,,sina_public_snapshot,2026-09-24,12.95,13.00005019324399,5.019324398958247e-05
600588.SH,SH_MAIN,,False,False,2026-09-24,2026-09-24,READY_INCREMENTAL,,sina_public_snapshot,2026-09-24,9.3,9.499974462434242,2.5537565758071423e-05
600589.SH,SH_MAIN,,False,False,2026-09-24,2026-09-24,READY_INCREMENTAL,,sina_public_snapshot,2026-09-24,7.66,7.910036245727444,3.624572744431731e-05
600590.SH,SH_MAIN,,False,False,2026-09-24,2026-09-24,READY_INCREMENTAL,,sina_public_snapshot,2026-09-24,8.38,8.460031901790943,3.190179094225698e-05
600592.SH,SH_MAIN,,False,False,2026-09-24,2026-09-24,READY_INCREMENTAL,,sina_public_snapshot,2026-09-24,14.84,14.499975572817432,2.442718256823184e-05
600593.SH,SH_MAIN,,False,False,2026-09-24,2026-09-24,READY_INCREMENTAL,,sina_public_snapshot,2026-09-24,49.05,49.789877580851446,0.0001224191485533
600594.SH,SH_MAIN,,False,False,2026-09-24,2026-09-24,READY_INCREMENTAL,,sina_public_snapshot,2026-09-24,3.61,3.670004574797946,4.574797946244047e-06
600595.SH,SH_MAIN,,False,False,2026-09-24,2026-09-24,READY_INCREMENTAL,,sina_public_snapshot,2026-09-24,5.84,5.959974282302754,2.5717697245575263e-05
600596.SH,SH_MAIN,,False,False,2026-09-24,2026-09-24,READY_INCREMENTAL,,sina_public_snapshot,2026-09-24,11.2,11.829944547134934,5.54528650660302e-05
600597.SH,SH_MAIN,,False,False,2026-09-24,2026-09-24,READY_INCREMENTAL,,sina_public_snapshot,2026-09-24,6.69,6.770021655973609,2.165597360903604e-05
600598.SH,SH_MAIN,,False,False,2026-09-24,2026-09-24,READY_INCREMENTAL,,sina_public_snapshot,2026-09-24,12.49,12.76000163458788,1.6345878801615754e-06
600600.SH,SH_MAIN,,False,False,2026-09-24,2026-09-24,READY_INCREMENTAL,,sina_public_snapshot,2026-09-24,49.89,50.460200262971576,0.0002002629715747
600601.SH,SH_MAIN,,False,False,2026-09-24,2026-09-24,READY_INCREMENTAL,,sina_public_snapshot,2026-09-24,14.24,15.060017978954049,1.7978954048203377e-05
600602.SH,SH_MAIN,,False,False,2026-09-24,2026-09-24,READY_INCREMENTAL,,sina_public_snapshot,2026-09-24,16.68,16.919924529833033,7.547016696918263e-05
600603.SH,SH_MAIN,,False,False,2026-09-24,2026-09-24,READY_INCREMENTAL,,sina_public_snapshot,2026-09-24,4.62,4.65998265114684,1.7348853160292776e-05
600604.SH,SH_MAIN,,False,False,2026-09-24,2026-09-24,READY_INCREMENTAL,,sina_public_snapshot,2026-09-24,4.81,4.969983777807627,1.6222192372516986e-05
600605.SH,SH_MAIN,,False,False,2026-09-24,2026-09-24,READY_INCREMENTAL,,sina_public_snapshot,2026-09-24,30.25,31.609856005350164,0.0001439946498358
600606.SH,SH_MAIN,,False,False,2026-09-24,2026-09-24,READY_INCREMENTAL,,sina_public_snapshot,2026-09-24,1.43,1.5099997888112184,2.1118878157366797e-07
600609.SH,SH_MAIN,,False,False,2026-09-24,2026-09-24,READY_INCREMENTAL,,sina_public_snapshot,2026-09-24,3.54,3.560007240692693,7.240692692978001e-06
600610.SH,SH_MAIN,,False,False,2026-09-24,2026-09-24,READY_INCREMENTAL,,sina_public_snapshot,2026-09-24,7.47,7.600036626682538,3.662668253845425e-05
600611.SH,SH_MAIN,,False,False,2026-09-24,2026-09-24,READY_INCREMENTAL,,sina_public_snapshot,2026-09-24,4.41,4.5,0.0
600612.SH,SH_MAIN,,False,False,2026-09-24,2026-09-24,READY_INCREMENTAL,,sina_public_snapshot,2026-09-24,31.37,31.949890512807457,0.0001094871925424
600613.SH,SH_MAIN,,False,False,2026-09-24,2026-09-24,READY_INCREMENTAL,,sina_public_snapshot,2026-09-24,8.25,8.659962630949133,3.736905086704212e-05
600615.SH,SH_MAIN,,False,False,2026-09-24,2026-09-24,READY_INCREMENTAL,,sina_public_snapshot,2026-09-24,9.43,9.40995679203297,4.320796703005669e-05
600616.SH,SH_MAIN,,False,False,2026-09-24,2026-09-24,READY_INCREMENTAL,,sina_public_snapshot,2026-09-24,5.11,5.380023373095672,2.3373095672241107e-05
600617.SH,SH_MAIN,,False,False,2026-09-24,2026-09-24,READY_INCREMENTAL,,sina_public_snapshot,2026-09-24,3.24,3.229987040175456,1.2959824544189756e-05
600618.SH,SH_MAIN,,False,False,2026-09-24,2026-09-24,READY_INCREMENTAL,,sina_public_snapshot,2026-09-24,9.72,9.930019921336262,1.9921336262385125e-05
600619.SH,SH_MAIN,,False,False,2026-09-24,2026-09-24,READY_INCREMENTAL,,sina_public_snapshot,2026-09-24,13.18,13.369987522697532,1.2477302467672756e-05
600620.SH,SH_MAIN,,False,False,2026-09-24,2026-09-24,READY_INCREMENTAL,,sina_public_snapshot,2026-09-24,4.35,4.359984364194004,1.5635805996616625e-05
600621.SH,SH_MAIN,,False,False,2026-09-24,2026-09-24,READY_INCREMENTAL,,sina_public_snapshot,2026-09-24,13.73,14.130020891436567,2.089143656824888e-05
600622.SH,SH_MAIN,,False,False,2026-09-24,2026-09-24,READY_INCREMENTAL,,sina_public_snapshot,2026-09-24,2.43,2.5000000000000004,4.440892098500626e-16
600623.SH,SH_MAIN,,False,False,2026-09-24,2026-09-24,READY_INCREMENTAL,,sina_public_snapshot,2026-09-24,8.62,8.479995277960866,4.722039134819056e-06
600624.SH,SH_MAIN,,True,False,2026-09-24,2026-09-24,READY_INCREMENTAL,,sina_public_snapshot,2026-09-24,4.62,4.649992451310956,7.548689044512002e-06
600626.SH,SH_MAIN,,False,False,2026-09-24,2026-09-24,READY_INCREMENTAL,,sina_public_snapshot,2026-09-24,3.81,3.789988858825402,1.1141174597995018e-05
600628.SH,SH_MAIN,,False,False,2026-09-24,2026-09-24,READY_INCREMENTAL,,sina_public_snapshot,2026-09-24,6.28,6.309972368751571,2.7631248428861e-05
600629.SH,SH_MAIN,,False,False,2026-09-24,2026-09-24,READY_INCREMENTAL,,sina_public_snapshot,2026-09-24,16.35,16.35,0.0
600630.SH,SH_MAIN,,False,False,2026-09-24,2026-09-24,READY_INCREMENTAL,,sina_public_snapshot,2026-09-24,8.62,8.530008411261193,8.411261193330688e-06
600633.SH,SH_MAIN,,False,False,2026-09-24,2026-09-24,REPAIRED_FULL_HISTORY,QFQ_CONTINUITY_BREAK,sina_daily,2026-09-24,10.13,10.250027825840592,0.0799721741594066
600635.SH,SH_MAIN,,False,False,2026-09-24,2026-09-24,READY_INCREMENTAL,,sina_public_snapshot,2026-09-24,4.43,4.460015907054476,1.5907054476294036e-05
600637.SH,SH_MAIN,,False,False,2026-09-24,2026-09-24,READY_INCREMENTAL,,sina_public_snapshot,2026-09-24,8.89,8.959977423678932,2.2576321068612515e-05
600638.SH,SH_MAIN,,False,False,2026-09-24,2026-09-24,READY_INCREMENTAL,,sina_public_snapshot,2026-09-24,5.06,5.150022391401702,2.239140170168241e-05
600639.SH,SH_MAIN,,False,False,2026-09-24,2026-09-24,READY_INCREMENTAL,,sina_public_snapshot,2026-09-24,9.61,9.729970536717728,2.946328227260153e-05
600640.SH,SH_MAIN,,False,False,2026-09-24,2026-09-24,READY_INCREMENTAL,,sina_public_snapshot,2026-09-24,12.16,12.560037184320612,3.718432061106114e-05
600641.SH,SH_MAIN,,False,False,2026-09-24,2026-09-24,READY_INCREMENTAL,,sina_public_snapshot,2026-09-24,51.56,47.80004820796174,4.820796173987674e-05
600642.SH,SH_MAIN,,False,False,2026-09-24,2026-09-24,READY_INCREMENTAL,,sina_public_snapshot,2026-09-24,8.78,8.729977230469409,2.276953059165976e-05
600643.SH,SH_MAIN,,False,False,2026-09-24,2026-09-24,READY_INCREMENTAL,,sina_public_snapshot,2026-09-24,3.99,4.0300180795297305,1.807952973020832e-05
600644.SH,SH_MAIN,,False,False,2026-09-24,2026-09-24,READY_INCREMENTAL,,sina_public_snapshot,2026-09-24,8.82,8.96004551134228,4.551134227881448e-05
600645.SH,SH_MAIN,,False,False,2026-09-24,2026-09-24,READY_INCREMENTAL,,sina_public_snapshot,2026-09-24,18.91,19.24995419101329,4.580898670525357e-05
600648.SH,SH_MAIN,,False,False,2026-09-24,2026-09-24,READY_INCREMENTAL,,sina_public_snapshot,2026-09-24,9.3,9.449971040411327,2.895958867021875e-05
600649.SH,SH_MAIN,,False,False,2026-09-24,2026-09-24,READY_INCREMENTAL,,sina_public_snapshot,2026-09-24,4.0,4.109983149069089,1.685093091108314e-05
600650.SH,SH_MAIN,,False,False,2026-09-24,2026-09-24,READY_INCREMENTAL,,sina_public_snapshot,2026-09-24,10.4,10.309993754523015,6.245476985355936e-06
600651.SH,SH_MAIN,,False,False,2026-09-24,2026-09-24,READY_INCREMENTAL,,sina_public_snapshot,2026-09-24,5.22,5.279980579381777,1.9420618222909525e-05
600653.SH,SH_MAIN,,False,False,2026-09-24,2026-09-24,READY_INCREMENTAL,,sina_public_snapshot,2026-09-24,1.76,1.8699929875262968,7.012473703271738e-06
600654.SH,SH_MAIN,,False,False,2026-09-24,2026-09-24,READY_INCREMENTAL,,sina_public_snapshot,2026-09-24,3.02,3.0100067774987043,6.777498704479967e-06
600655.SH,SH_MAIN,,False,False,2026-09-24,2026-09-24,READY_INCREMENTAL,,sina_public_snapshot,2026-09-24,4.47,4.569991412096675,8.5879033253633e-06
600657.SH,SH_MAIN,,False,False,2026-09-24,2026-09-24,READY_INCREMENTAL,,sina_public_snapshot,2026-09-24,3.06,3.169998964052626,1.035947374106172e-06
600658.SH,SH_MAIN,,False,False,2026-09-24,2026-09-24,READY_INCREMENTAL,,sina_public_snapshot,2026-09-24,4.09,4.130019892760853,1.989276085279101e-05
600660.SH,SH_MAIN,,False,False,2026-09-24,2026-09-24,REPAIRED_FULL_HISTORY,QFQ_CONTINUITY_BREAK,sina_daily,2026-09-24,52.47,52.8,1.0
600661.SH,SH_MAIN,,False,False,2026-09-24,2026-09-24,READY_INCREMENTAL,,sina_public_snapshot,2026-09-24,9.56,9.030027675712438,2.767571243822431e-05
600662.SH,SH_MAIN,,False,False,2026-09-24,2026-09-24,READY_INCREMENTAL,,sina_public_snapshot,2026-09-24,4.2,4.229990633592169,9.366407831556955e-06
600663.SH,SH_MAIN,,False,False,2026-09-24,2026-09-24,READY_INCREMENTAL,,sina_public_snapshot,2026-09-24,8.71,9.150024687207823,2.46872078246696e-05
600664.SH,SH_MAIN,,False,False,2026-09-24,2026-09-24,READY_INCREMENTAL,,sina_public_snapshot,2026-09-24,8.14,9.040024876726934,2.487672693440857e-05
600665.SH,SH_MAIN,,False,False,2026-09-24,2026-09-24,READY_INCREMENTAL,,sina_public_snapshot,2026-09-24,3.39,3.4699831107016736,1.6889298326550062e-05
600666.SH,SH_MAIN,,False,False,2026-09-24,2026-09-24,READY_INCREMENTAL,,sina_public_snapshot,2026-09-24,3.28,3.350015320192013,1.53201920127799e-05
600667.SH,SH_MAIN,,False,False,2026-09-24,2026-09-24,READY_INCREMENTAL,,sina_public_snapshot,2026-09-24,19.41,20.590013684244024,1.3684244024148027e-05
600668.SH,SH_MAIN,,False,False,2026-09-24,2026-09-24,READY_INCREMENTAL,,sina_public_snapshot,2026-09-24,7.34,7.390030506529203,3.05065292032225e-05
600671.SH,SH_MAIN,,False,False,2026-09-24,2026-09-24,READY_INCREMENTAL,,sina_public_snapshot,2026-09-24,23.03,23.30004755111745,4.7551117450694846e-05
600673.SH,SH_MAIN,,False,False,2026-09-24,2026-09-24,READY_INCREMENTAL,,sina_public_snapshot,2026-09-24,31.69,32.120087978025765,8.797802576765434e-05
600674.SH,SH_MAIN,,False,False,2026-09-24,2026-09-24,READY_INCREMENTAL,,sina_public_snapshot,2026-09-24,16.27,16.0499551153683,4.488463170204682e-05
600675.SH,SH_MAIN,,False,False,2026-09-24,2026-09-24,READY_INCREMENTAL,,sina_public_snapshot,2026-09-24,2.47,2.5100095522630737,9.552263073864252e-06
600676.SH,SH_MAIN,,False,False,2026-09-24,2026-09-24,READY_INCREMENTAL,,sina_public_snapshot,2026-09-24,6.74,6.660013240975879,1.324097587929174e-05
600678.SH,SH_MAIN,,True,False,2026-09-24,2026-09-24,READY_INCREMENTAL,,sina_public_snapshot,2026-09-24,5.68,5.730023101677646,2.3101677645520624e-05
600679.SH,SH_MAIN,,False,False,2026-09-24,2026-09-24,READY_INCREMENTAL,,sina_public_snapshot,2026-09-24,10.63,10.689970735827997,2.9264172002996247e-05
600681.SH,SH_MAIN,,False,False,2026-09-24,2026-09-24,READY_INCREMENTAL,,sina_public_snapshot,2026-09-24,3.41,3.3899990058653944,9.941346057473766e-07
600682.SH,SH_MAIN,,False,False,2026-09-24,2026-09-24,READY_INCREMENTAL,,sina_public_snapshot,2026-09-24,5.76,5.849972578253539,2.742174646108708e-05
600683.SH,SH_MAIN,,False,False,2026-09-24,2026-09-24,READY_INCREMENTAL,,sina_public_snapshot,2026-09-24,9.32,9.620049338879657,4.933887965741235e-05
600684.SH,SH_MAIN,,False,False,2026-09-24,2026-09-24,READY_INCREMENTAL,,sina_public_snapshot,2026-09-24,3.56,3.619983120303428,1.6879696572491554e-05
600685.SH,SH_MAIN,,False,False,2026-09-24,2026-09-24,READY_INCREMENTAL,,sina_public_snapshot,2026-09-24,28.63,29.060089321965084,8.932196508482093e-05
600686.SH,SH_MAIN,,False,False,2026-09-24,2026-09-24,READY_INCREMENTAL,,sina_public_snapshot,2026-09-24,10.88,11.109976513836417,2.348616358460731e-05
600688.SH,SH_MAIN,,False,False,2026-09-24,2026-09-24,READY_INCREMENTAL,,sina_public_snapshot,2026-09-24,2.75,2.7799961585507624,3.841449237373951e-06
600689.SH,SH_MAIN,,False,False,2026-09-24,2026-09-24,READY_INCREMENTAL,,sina_public_snapshot,2026-09-24,12.04,12.109995775582869,4.224417130771485e-06
600690.SH,SH_MAIN,,False,False,2026-09-24,2026-09-24,READY_INCREMENTAL,,sina_public_snapshot,2026-09-24,20.14,20.19999398212692,6.017873079855463e-06
600691.SH,SH_MAIN,,False,False,2026-09-24,2026-09-24,READY_INCREMENTAL,,sina_public_snapshot,2026-09-24,2.74,2.760010073029464,1.0073029463875116e-05
600692.SH,SH_MAIN,,False,False,2026-09-24,2026-09-24,READY_INCREMENTAL,,sina_public_snapshot,2026-09-24,6.44,6.50998230983068,1.7690169319628524e-05
600693.SH,SH_MAIN,,False,False,2026-09-24,2026-09-24,READY_INCREMENTAL,,sina_public_snapshot,2026-09-24,9.76,9.499985399612603,1.4600387396868086e-05
600694.SH,SH_MAIN,,False,False,2026-09-24,2026-09-24,READY_INCREMENTAL,,sina_public_snapshot,2026-09-24,14.34,14.41003275920976,3.27592097590923e-05
600697.SH,SH_MAIN,,False,False,2026-09-24,2026-09-24,READY_INCREMENTAL,,sina_public_snapshot,2026-09-24,11.38,11.36000638875579,6.388755791064682e-06
600698.SH,SH_MAIN,,False,False,2026-09-24,2026-09-24,READY_INCREMENTAL,,sina_public_snapshot,2026-09-24,6.94,6.869994753462221,5.24653777933537e-06
600699.SH,SH_MAIN,,False,False,2026-09-24,2026-09-24,READY_INCREMENTAL,,sina_public_snapshot,2026-09-24,22.62,21.529939179349537,6.082065046442153e-05
600702.SH,SH_MAIN,,False,False,2026-09-24,2026-09-24,READY_INCREMENTAL,,sina_public_snapshot,2026-09-24,32.48,33.37992271643509,7.728356491298882e-05
600703.SH,SH_MAIN,,False,False,2026-09-24,2026-09-24,READY_INCREMENTAL,,sina_public_snapshot,2026-09-24,12.47,12.83001008292693,1.0082926930721214e-05
600704.SH,SH_MAIN,,False,False,2026-09-24,2026-09-24,READY_INCREMENTAL,,sina_public_snapshot,2026-09-24,4.77,4.8499761059877375,2.3894012262104525e-05
600706.SH,SH_MAIN,,False,False,2026-09-24,2026-09-24,READY_INCREMENTAL,,sina_public_snapshot,2026-09-24,8.17,8.320009776266078,9.776266077565763e-06
600707.SH,SH_MAIN,,False,False,2026-09-24,2026-09-24,READY_INCREMENTAL,,sina_public_snapshot,2026-09-24,9.49,9.799973150758492,2.6849241509196983e-05
600708.SH,SH_MAIN,,False,False,2026-09-24,2026-09-24,READY_INCREMENTAL,,sina_public_snapshot,2026-09-24,3.03,3.09999795379673,2.0462032699342103e-06
600710.SH,SH_MAIN,,False,False,2026-09-24,2026-09-24,READY_INCREMENTAL,,sina_public_snapshot,2026-09-24,11.29,11.370045117628102,4.511762810288644e-05
600711.SH,SH_MAIN,,False,False,2026-09-24,2026-09-24,READY_INCREMENTAL,,sina_public_snapshot,2026-09-24,10.43,10.900008360504977,8.360504974547212e-06
600712.SH,SH_MAIN,,False,False,2026-09-24,2026-09-24,READY_INCREMENTAL,,sina_public_snapshot,2026-09-24,5.57,5.600016086222151,1.608622215165667e-05
600713.SH,SH_MAIN,,False,False,2026-09-24,2026-09-24,READY_INCREMENTAL,,sina_public_snapshot,2026-09-24,4.92,4.940007028465284,7.028465283553942e-06
600714.SH,SH_MAIN,,False,False,2026-09-24,2026-09-24,READY_INCREMENTAL,,sina_public_snapshot,2026-09-24,18.51,19.46003910931685,3.910931684814045e-05
600715.SH,SH_MAIN,,False,False,2026-09-24,2026-09-24,READY_INCREMENTAL,,sina_public_snapshot,2026-09-24,1.69,1.650003905334687,3.905334687193118e-06
600716.SH,SH_MAIN,,False,False,2026-09-24,2026-09-24,READY_INCREMENTAL,,sina_public_snapshot,2026-09-24,3.69,3.729985443959243,1.4556040757174316e-05
600717.SH,SH_MAIN,,False,False,2026-09-24,2026-09-24,READY_INCREMENTAL,,sina_public_snapshot,2026-09-24,4.22,4.2299827593119765,1.724068802388956e-05
600718.SH,SH_MAIN,,False,False,2026-09-24,2026-09-24,READY_INCREMENTAL,,sina_public_snapshot,2026-09-24,7.9,7.989967028743655,3.297125634560416e-05
600719.SH,SH_MAIN,,False,False,2026-09-24,2026-09-24,READY_INCREMENTAL,,sina_public_snapshot,2026-09-24,7.39,7.589996405279104,3.5947208960607213e-06
600720.SH,SH_MAIN,,False,False,2026-09-24,2026-09-24,READY_INCREMENTAL,,sina_public_snapshot,2026-09-24,5.1,5.160010927081963,1.092708196281933e-05
600721.SH,SH_MAIN,,False,False,2026-09-24,2026-09-24,READY_INCREMENTAL,,sina_public_snapshot,2026-09-24,12.92,13.289993416721527,6.583278471694598e-06
600722.SH,SH_MAIN,,False,False,2026-09-24,2026-09-24,READY_INCREMENTAL,,sina_public_snapshot,2026-09-24,15.12,16.289943760908443,5.623909155616502e-05
600724.SH,SH_MAIN,,False,False,2026-09-24,2026-09-24,READY_INCREMENTAL,,sina_public_snapshot,2026-09-24,4.96,5.049990836710175,9.163289824698497e-06
600725.SH,SH_MAIN,,False,False,2026-09-24,2026-09-24,READY_INCREMENTAL,,sina_public_snapshot,2026-09-24,3.25,3.199984246231403,1.575376859719313e-05
600726.SH,SH_MAIN,,False,False,2026-09-24,2026-09-24,READY_INCREMENTAL,,sina_public_snapshot,2026-09-24,5.03,5.070002318291318,2.318291318026411e-06
600727.SH,SH_MAIN,,False,False,2026-09-24,2026-09-24,READY_INCREMENTAL,,sina_public_snapshot,2026-09-24,7.61,7.51998577032916,1.4229670839860376e-05
600728.SH,SH_MAIN,,False,False,2026-09-24,2026-09-24,READY_INCREMENTAL,,sina_public_snapshot,2026-09-24,4.39,4.470013236941248,1.3236941247996016e-05
600729.SH,SH_MAIN,,False,False,2026-09-24,2026-09-24,READY_INCREMENTAL,,sina_public_snapshot,2026-09-24,18.14,18.380043366364724,4.336636472501709e-05
600730.SH,SH_MAIN,,True,False,2026-09-24,2026-09-24,READY_INCREMENTAL,,sina_public_snapshot,2026-09-24,8.91,9.289959336878324,4.066312167516628e-05
600731.SH,SH_MAIN,,False,False,2026-09-24,2026-09-24,READY_INCREMENTAL,,sina_public_snapshot,2026-09-24,5.89,5.88000399321154,3.9932115400986845e-06
600732.SH,SH_MAIN,,False,False,2026-09-24,2026-09-24,READY_INCREMENTAL,,sina_public_snapshot,2026-09-24,11.02,10.86003173257911,3.173257911015526e-05
600733.SH,SH_MAIN,,False,False,2026-09-24,2026-09-24,READY_INCREMENTAL,,sina_public_snapshot,2026-09-24,4.68,4.77001009040596,1.00904059605611e-05
600734.SH,SH_MAIN,,True,False,2026-09-24,2026-09-24,READY_INCREMENTAL,,sina_public_snapshot,2026-09-24,1.93,1.93,0.0
600735.SH,SH_MAIN,,True,False,2026-09-24,2026-09-24,READY_INCREMENTAL,,sina_public_snapshot,2026-09-24,6.57,6.659976279536539,2.372046346099665e-05
600736.SH,SH_MAIN,,False,False,2026-09-24,2026-09-24,READY_INCREMENTAL,,sina_public_snapshot,2026-09-24,6.56,6.660033706268147,3.3706268147248863e-05
600737.SH,SH_MAIN,,False,False,2026-09-24,2026-09-24,READY_INCREMENTAL,,sina_public_snapshot,2026-09-24,14.75,15.030009068954625,9.068954625490733e-06
600738.SH,SH_MAIN,,False,False,2026-09-24,2026-09-24,READY_INCREMENTAL,,sina_public_snapshot,2026-09-24,4.2,4.189985933618652,1.4066381348598613e-05
600739.SH,SH_MAIN,,False,False,2026-09-24,2026-09-24,READY_INCREMENTAL,,sina_public_snapshot,2026-09-24,10.27,10.42999614079987,3.859200129241458e-06
600740.SH,SH_MAIN,,False,False,2026-09-24,2026-09-24,READY_INCREMENTAL,,sina_public_snapshot,2026-09-24,3.77,3.7200031575623616,3.1575623622437377e-06
600741.SH,SH_MAIN,,False,False,2026-09-24,2026-09-24,READY_INCREMENTAL,,sina_public_snapshot,2026-09-24,14.7,14.82004234297812,4.234297812111265e-05
600742.SH,SH_MAIN,,False,False,2026-09-24,2026-09-24,READY_INCREMENTAL,,sina_public_snapshot,2026-09-24,7.79,7.709970506146202,2.949385379835689e-05
600743.SH,SH_MAIN,,False,False,2026-09-24,2026-09-24,READY_INCREMENTAL,,sina_public_snapshot,2026-09-24,2.56,2.820004406256885,4.406256885136628e-06
600744.SH,SH_MAIN,,False,False,2026-09-24,2026-09-24,READY_INCREMENTAL,,sina_public_snapshot,2026-09-24,6.08,6.179992275009656,7.724990343405125e-06
600745.SH,SH_MAIN,,True,False,2026-09-24,2026-09-24,READY_INCREMENTAL,,sina_public_snapshot,2026-09-24,17.04,17.100021073969632,2.107396963069164e-05
600746.SH,SH_MAIN,,False,False,2026-09-24,2026-09-24,READY_INCREMENTAL,,sina_public_snapshot,2026-09-24,6.85,6.869991675776509,8.324223490951965e-06
600748.SH,SH_MAIN,,False,False,2026-09-24,2026-09-24,READY_INCREMENTAL,,sina_public_snapshot,2026-09-24,3.96,3.9900048363694975,4.836369498217863e-06
600749.SH,SH_MAIN,,False,False,2026-09-24,2026-09-24,READY_INCREMENTAL,,sina_public_snapshot,2026-09-24,13.19,13.49001800032728,1.8000327278500095e-05
600750.SH,SH_MAIN,,False,False,2026-09-24,2026-09-24,READY_INCREMENTAL,,sina_public_snapshot,2026-09-24,22.14,22.450034983116844,3.498311684424493e-05
600751.SH,SH_MAIN,,False,False,2026-09-24,2026-09-24,READY_INCREMENTAL,,sina_public_snapshot,2026-09-24,2.87,2.889998791638136,1.2083618639024962e-06
600753.SH,SH_MAIN,,True,False,2026-09-24,2026-09-24,READY_INCREMENTAL,,sina_public_snapshot,2026-09-24,13.47,13.40005172996956,5.172996955948861e-05
600754.SH,SH_MAIN,,False,False,2026-09-24,2026-09-24,READY_INCREMENTAL,,sina_public_snapshot,2026-09-24,18.03,18.43991940844984,8.059155016226782e-05
600755.SH,SH_MAIN,,False,False,2026-09-24,2026-09-24,READY_INCREMENTAL,,sina_public_snapshot,2026-09-24,6.02,5.800005780736658,5.780736658245189e-06
600756.SH,SH_MAIN,,False,False,2026-09-24,2026-09-24,READY_INCREMENTAL,,sina_public_snapshot,2026-09-24,13.68,13.800060526581255,6.052658125632604e-05
600757.SH,SH_MAIN,,False,False,2026-09-24,2026-09-24,READY_INCREMENTAL,,sina_public_snapshot,2026-09-24,7.38,7.389976468232113,2.3531767886275645e-05
600758.SH,SH_MAIN,,False,False,2026-09-24,2026-09-24,READY_INCREMENTAL,,sina_public_snapshot,2026-09-24,3.64,3.5099899714572245,1.0028542775319949e-05
600759.SH,SH_MAIN,,True,False,2026-09-24,2026-09-24,READY_INCREMENTAL,,sina_public_snapshot,2026-09-24,2.31,2.31,0.0
600760.SH,SH_MAIN,,False,False,2026-09-24,2026-09-24,READY_INCREMENTAL,,sina_public_snapshot,2026-09-24,43.03,44.07998524862218,1.4751377818811306e-05
600761.SH,SH_MAIN,,False,False,2026-09-24,2026-09-24,READY_INCREMENTAL,,sina_public_snapshot,2026-09-24,15.15,15.309989389116264,1.0610883736106302e-05
600763.SH,SH_MAIN,,False,False,2026-09-24,2026-09-24,READY_INCREMENTAL,,sina_public_snapshot,2026-09-24,33.48,33.859908169663626,9.183033637327752e-05
600764.SH,SH_MAIN,,False,False,2026-09-24,2026-09-24,READY_INCREMENTAL,,sina_public_snapshot,2026-09-24,18.36,18.38997566032633,2.433967366854972e-05
600765.SH,SH_MAIN,,False,False,2026-09-24,2026-09-24,READY_INCREMENTAL,,sina_public_snapshot,2026-09-24,13.2,13.350054613859784,5.461385978478006e-05
600768.SH,SH_MAIN,,False,False,2026-09-24,2026-09-24,READY_INCREMENTAL,,sina_public_snapshot,2026-09-24,14.84,15.040032431336778,3.243133677877097e-05
600769.SH,SH_MAIN,,False,False,2026-09-24,2026-09-24,READY_INCREMENTAL,,sina_public_snapshot,2026-09-24,15.72,16.399941577816264,5.842218373430797e-05
600770.SH,SH_MAIN,,False,False,2026-09-24,2026-09-24,READY_INCREMENTAL,,sina_public_snapshot,2026-09-24,6.21,6.509979872525998,2.012747400215176e-05
600771.SH,SH_MAIN,,False,False,2026-09-24,2026-09-24,READY_INCREMENTAL,,sina_public_snapshot,2026-09-24,13.65,13.819985825655564,1.4174344435957664e-05
600773.SH,SH_MAIN,,False,False,2026-09-24,2026-09-24,READY_INCREMENTAL,,sina_public_snapshot,2026-09-24,9.71,10.020019400243536,1.940024353608294e-05
600774.SH,SH_MAIN,,False,False,2026-09-24,2026-09-24,READY_INCREMENTAL,,sina_public_snapshot,2026-09-24,7.7,7.77000777000777,7.7700077705245e-06
600775.SH,SH_MAIN,,False,False,2026-09-24,2026-09-24,READY_INCREMENTAL,,sina_public_snapshot,2026-09-24,9.51,9.610040521832277,4.0521832275430825e-05
600776.SH,SH_MAIN,,False,False,2026-09-24,2026-09-24,READY_INCREMENTAL,,sina_public_snapshot,2026-09-24,12.91,13.03000635856236,6.3585623610862285e-06
600777.SH,SH_MAIN,,False,False,2026-09-24,2026-09-24,READY_INCREMENTAL,,sina_public_snapshot,2026-09-24,4.01,4.0,0.0
600778.SH,SH_MAIN,,False,False,2026-09-24,2026-09-24,READY_INCREMENTAL,,sina_public_snapshot,2026-09-24,5.75,5.829987427505373,1.2572494626716946e-05
600779.SH,SH_MAIN,,False,False,2026-09-24,2026-09-24,READY_INCREMENTAL,,sina_public_snapshot,2026-09-24,26.21,26.699943971884075,5.6028115924533495e-05
600780.SH,SH_MAIN,,False,False,2026-09-24,2026-09-24,READY_INCREMENTAL,,sina_public_snapshot,2026-09-24,6.09,6.130029089957422,2.908995742245679e-05
600782.SH,SH_MAIN,,False,False,2026-09-24,2026-09-24,READY_INCREMENTAL,,sina_public_snapshot,2026-09-24,2.63,2.660004854761712,4.8547617117478126e-06
600783.SH,SH_MAIN,,False,False,2026-09-24,2026-09-24,READY_INCREMENTAL,,sina_public_snapshot,2026-09-24,15.3,15.48003278124589,3.2781245890234345e-05
600784.SH,SH_MAIN,,False,False,2026-09-24,2026-09-24,READY_INCREMENTAL,,sina_public_snapshot,2026-09-24,7.14,7.070006931379344,6.9313793433778415e-06
600785.SH,SH_MAIN,,False,False,2026-09-24,2026-09-24,READY_INCREMENTAL,,sina_public_snapshot,2026-09-24,10.54,10.739978397766407,2.160223359126689e-05
600787.SH,SH_MAIN,,False,False,2026-09-24,2026-09-24,READY_INCREMENTAL,,sina_public_snapshot,2026-09-24,4.54,4.56997906265099,2.093734901009725e-05
600789.SH,SH_MAIN,,False,False,2026-09-24,2026-09-24,READY_INCREMENTAL,,sina_public_snapshot,2026-09-24,7.54,7.7599958832913085,4.116708691270787e-06
600790.SH,SH_MAIN,,False,False,2026-09-24,2026-09-24,READY_INCREMENTAL,,sina_public_snapshot,2026-09-24,3.62,3.729997630112003,2.3698879969558102e-06
600791.SH,SH_MAIN,,False,False,2026-09-24,2026-09-24,READY_INCREMENTAL,,sina_public_snapshot,2026-09-24,6.92,7.020035505959929,3.5505959929516e-05
600792.SH,SH_MAIN,,False,False,2026-09-24,2026-09-24,READY_INCREMENTAL,,sina_public_snapshot,2026-09-24,5.7,5.179981642872073,1.8357127927082217e-05
600793.SH,SH_MAIN,,False,False,2026-09-24,2026-09-24,READY_INCREMENTAL,,sina_public_snapshot,2026-09-24,17.0,17.729941699779943,5.830022005781643e-05
600794.SH,SH_MAIN,,False,False,2026-09-24,2026-09-24,READY_INCREMENTAL,,sina_public_snapshot,2026-09-24,3.17,3.16001435463934,1.4354639339408948e-05
600795.SH,SH_MAIN,,False,False,2026-09-24,2026-09-24,READY_INCREMENTAL,,sina_public_snapshot,2026-09-24,5.24,5.119987493160322,1.2506839677683956e-05
600796.SH,SH_MAIN,,False,False,2026-09-24,2026-09-24,READY_INCREMENTAL,,sina_public_snapshot,2026-09-24,5.06,5.080015260124892,1.5260124891725013e-05
600797.SH,SH_MAIN,,False,False,2026-09-24,2026-09-24,READY_INCREMENTAL,,sina_public_snapshot,2026-09-24,6.51,6.620024812381785,2.4812381784755644e-05
600798.SH,SH_MAIN,,False,False,2026-09-24,2026-09-24,READY_INCREMENTAL,,sina_public_snapshot,2026-09-24,3.39,3.350000988200881,9.882008811246124e-07
600800.SH,SH_MAIN,,False,False,2026-09-24,2026-09-24,READY_INCREMENTAL,,sina_public_snapshot,2026-09-24,3.2,3.170011689418105,1.168941810503199e-05
600801.SH,SH_MAIN,,False,False,2026-09-24,2026-09-24,READY_INCREMENTAL,,sina_public_snapshot,2026-09-24,23.75,23.77996275306887,3.7246931132273176e-05
600802.SH,SH_MAIN,,False,False,2026-09-24,2026-09-24,READY_INCREMENTAL,,sina_public_snapshot,2026-09-24,6.62,6.019987814526177,1.218547382286772e-05
600803.SH,SH_MAIN,,False,False,2026-09-24,2026-09-24,READY_INCREMENTAL,,sina_public_snapshot,2026-09-24,18.54,18.57994688580448,5.311419552000984e-05
600805.SH,SH_MAIN,,False,False,2026-09-24,2026-09-24,READY_INCREMENTAL,,sina_public_snapshot,2026-09-24,4.56,4.5499900219517055,9.978048294279064e-06
600807.SH,SH_MAIN,,False,False,2026-09-24,2026-09-24,READY_INCREMENTAL,,sina_public_snapshot,2026-09-24,2.64,2.6200093288210957,9.328821095166973e-06
600808.SH,SH_MAIN,,False,False,2026-09-24,2026-09-24,READY_INCREMENTAL,,sina_public_snapshot,2026-09-24,2.43,2.4900092222563788,9.222256378560443e-06
600809.SH,SH_MAIN,,False,False,2026-09-24,2026-09-24,READY_INCREMENTAL,,sina_public_snapshot,2026-09-24,111.18,114.02959969641336,0.0004003035866304
600810.SH,SH_MAIN,,False,False,2026-09-24,2026-09-24,READY_INCREMENTAL,,sina_public_snapshot,2026-09-24,6.25,6.320025886826032,2.588682603210657e-05
600812.SH,SH_MAIN,,False,False,2026-09-24,2026-09-24,READY_INCREMENTAL,,sina_public_snapshot,2026-09-24,4.88,4.949992899600349,7.100399651349676e-06
600814.SH,SH_MAIN,,False,False,2026-09-24,2026-09-24,READY_INCREMENTAL,,sina_public_snapshot,2026-09-24,6.89,6.970015781167806,1.5781167806316887e-05
600815.SH,SH_MAIN,,False,False,2026-09-24,2026-09-24,READY_INCREMENTAL,,sina_public_snapshot,2026-09-24,4.65,4.230003001937615,3.0019376140444365e-06
600816.SH,SH_MAIN,,False,False,2026-09-24,2026-09-24,READY_INCREMENTAL,,sina_public_snapshot,2026-09-24,2.33,2.3700056961510296,5.696151029521701e-06
600817.SH,SH_MAIN,,False,False,2026-09-24,2026-09-24,READY_INCREMENTAL,,sina_public_snapshot,2026-09-24,9.52,9.510014484790968,1.4484790968438688e-05
600818.SH,SH_MAIN,,True,False,2026-09-24,2026-09-24,READY_INCREMENTAL,,sina_public_snapshot,2026-09-24,9.11,9.34004531613644,4.531613643976584e-05
600819.SH,SH_MAIN,,False,False,2026-09-24,2026-09-24,READY_INCREMENTAL,,sina_public_snapshot,2026-09-24,5.65,5.670015153491827,1.5153491826680464e-05
600820.SH,SH_MAIN,,False,False,2026-09-24,2026-09-24,READY_INCREMENTAL,,sina_public_snapshot,2026-09-24,5.23,5.269999294646366,7.0535363327906e-07
600821.SH,SH_MAIN,,False,False,2026-09-24,2026-09-24,READY_INCREMENTAL,,sina_public_snapshot,2026-09-24,5.77,5.880015082187732,1.5082187732495813e-05
600822.SH,SH_MAIN,,False,False,2026-09-24,2026-09-24,READY_INCREMENTAL,,sina_public_snapshot,2026-09-24,9.08,9.089998998898787,1.0011012108179784e-06
600824.SH,SH_MAIN,,False,False,2026-09-24,2026-09-24,READY_INCREMENTAL,,sina_public_snapshot,2026-09-24,3.66,3.6699823519974335,1.764800256642829e-05
600825.SH,SH_MAIN,,False,False,2026-09-24,2026-09-24,READY_INCREMENTAL,,sina_public_snapshot,2026-09-24,7.77,7.059978011394096,2.1988605904077477e-05
600826.SH,SH_MAIN,,False,False,2026-09-24,2026-09-24,READY_INCREMENTAL,,sina_public_snapshot,2026-09-24,8.12,7.940000195566506,1.955665061004197e-07
600827.SH,SH_MAIN,,False,False,2026-09-24,2026-09-24,READY_INCREMENTAL,,sina_public_snapshot,2026-09-24,7.73,7.789982868084249,1.71319157509231e-05
600828.SH,SH_MAIN,,False,False,2026-09-24,2026-09-24,READY_INCREMENTAL,,sina_public_snapshot,2026-09-24,4.37,4.400008054934655,8.054934654389001e-06
600829.SH,SH_MAIN,,False,False,2026-09-24,2026-09-24,READY_INCREMENTAL,,sina_public_snapshot,2026-09-24,9.62,9.689961522190211,3.847780978638582e-05
600830.SH,SH_MAIN,,False,False,2026-09-24,2026-09-24,READY_INCREMENTAL,,sina_public_snapshot,2026-09-24,8.49,8.459967116735589,3.288326441186484e-05
600831.SH,SH_MAIN,,False,False,2026-09-24,2026-09-24,READY_INCREMENTAL,,sina_public_snapshot,2026-09-24,3.51,3.3399942906080504,5.709391949437759e-06
600833.SH,SH_MAIN,,False,False,2026-09-24,2026-09-24,READY_INCREMENTAL,,sina_public_snapshot,2026-09-24,10.62,10.70996369503832,3.6304961680500014e-05
600834.SH,SH_MAIN,,False,False,2026-09-24,2026-09-24,READY_INCREMENTAL,,sina_public_snapshot,2026-09-24,7.62,7.579977717650804,2.228234919599004e-05
600835.SH,SH_MAIN,,False,False,2026-09-24,2026-09-24,READY_INCREMENTAL,,sina_public_snapshot,2026-09-24,18.77,18.88007081283885,7.081283884957656e-05
600838.SH,SH_MAIN,,False,False,2026-09-24,2026-09-24,READY_INCREMENTAL,,sina_public_snapshot,2026-09-24,8.31,8.560038731342514,3.873134251364263e-05
600839.SH,SH_MAIN,,False,False,2026-09-24,2026-09-24,READY_INCREMENTAL,,sina_public_snapshot,2026-09-24,6.57,6.619980855458714,1.914454128648657e-05
600841.SH,SH_MAIN,,False,False,2026-09-24,2026-09-24,READY_INCREMENTAL,,sina_public_snapshot,2026-09-24,5.63,5.719975210054152,2.4789945848091577e-05
600843.SH,SH_MAIN,,False,False,2026-09-24,2026-09-24,READY_INCREMENTAL,,sina_public_snapshot,2026-09-24,8.37,7.60999027157755,9.728422450727692e-06
600844.SH,SH_MAIN,,False,False,2026-09-24,2026-09-24,READY_INCREMENTAL,,sina_public_snapshot,2026-09-24,3.28,3.2999979878061048,2.012193895062353e-06
600845.SH,SH_MAIN,,False,False,2026-09-24,2026-09-24,READY_INCREMENTAL,,sina_public_snapshot,2026-09-24,18.26,18.33996223534611,3.776465388938277e-05
600846.SH,SH_MAIN,,False,False,2026-09-24,2026-09-24,READY_INCREMENTAL,,sina_public_snapshot,2026-09-24,10.83,10.95998542716619,1.4572833810788666e-05
600847.SH,SH_MAIN,,False,False,2026-09-24,2026-09-24,READY_INCREMENTAL,,sina_public_snapshot,2026-09-24,13.03,12.870025582015549,2.5582015547698237e-05
600848.SH,SH_MAIN,,False,False,2026-09-24,2026-09-24,READY_INCREMENTAL,,sina_public_snapshot,2026-09-24,8.5,8.720005744944961,5.744944960639487e-06
600850.SH,SH_MAIN,,False,False,2026-09-24,2026-09-24,READY_INCREMENTAL,,sina_public_snapshot,2026-09-24,13.86,14.16005149109633,5.1491096330735786e-05
600851.SH,SH_MAIN,,False,False,2026-09-24,2026-09-24,READY_INCREMENTAL,,sina_public_snapshot,2026-09-24,8.11,8.389973412784622,2.6587215378626183e-05
600853.SH,SH_MAIN,,False,False,2026-09-24,2026-09-24,READY_INCREMENTAL,,sina_public_snapshot,2026-09-24,3.26,3.26,0.0
600854.SH,SH_MAIN,,False,False,2026-09-24,2026-09-24,READY_INCREMENTAL,,sina_public_snapshot,2026-09-24,4.73,4.719993613539297,6.38646070250104e-06
600855.SH,SH_MAIN,,False,False,2026-09-24,2026-09-24,READY_INCREMENTAL,,sina_public_snapshot,2026-09-24,12.85,12.860030824042752,3.0824042752897185e-05
600857.SH,SH_MAIN,,False,False,2026-09-24,2026-09-24,READY_INCREMENTAL,,sina_public_snapshot,2026-09-24,20.71,22.480081627336475,8.162733647409937e-05
600858.SH,SH_MAIN,,False,False,2026-09-24,2026-09-24,READY_INCREMENTAL,,sina_public_snapshot,2026-09-24,4.88,4.910000100614756,1.0061475563816202e-07
600859.SH,SH_MAIN,,False,False,2026-09-24,2026-09-24,READY_INCREMENTAL,,sina_public_snapshot,2026-09-24,9.7,9.840023534901649,2.353490164885841e-05
600860.SH,SH_MAIN,,False,False,2026-09-24,2026-09-24,READY_INCREMENTAL,,sina_public_snapshot,2026-09-24,7.55,7.55997917250771,2.082749228993208e-05
600861.SH,SH_MAIN,,False,False,2026-09-24,2026-09-24,READY_INCREMENTAL,,sina_public_snapshot,2026-09-24,12.71,12.71,0.0
600862.SH,SH_MAIN,,False,False,2026-09-24,2026-09-24,READY_INCREMENTAL,,sina_public_snapshot,2026-09-24,17.88,17.970029849546226,2.984954622675673e-05
600863.SH,SH_MAIN,,False,False,2026-09-24,2026-09-24,READY_INCREMENTAL,,sina_public_snapshot,2026-09-24,4.64,4.609988971793623,1.1028206377439176e-05
600864.SH,SH_MAIN,,False,False,2026-09-24,2026-09-24,READY_INCREMENTAL,,sina_public_snapshot,2026-09-24,5.7,5.820008576854745,8.576854744646312e-06
600865.SH,SH_MAIN,,False,False,2026-09-24,2026-09-24,READY_INCREMENTAL,,sina_public_snapshot,2026-09-24,10.9,11.08005082592122,5.082592121929963e-05
600866.SH,SH_MAIN,,False,False,2026-09-24,2026-09-24,READY_INCREMENTAL,,sina_public_snapshot,2026-09-24,4.12,4.169998279369642,1.7206303581929203e-06
600867.SH,SH_MAIN,,False,False,2026-09-24,2026-09-24,READY_INCREMENTAL,,sina_public_snapshot,2026-09-24,7.73,7.850026911476476,2.691147647659875e-05
600868.SH,SH_MAIN,,False,False,2026-09-24,2026-09-24,READY_INCREMENTAL,,sina_public_snapshot,2026-09-24,2.72,2.7299917698777527,8.230122247265825e-06
600869.SH,SH_MAIN,,False,False,2026-09-24,2026-09-24,READY_INCREMENTAL,,sina_public_snapshot,2026-09-24,19.83,21.029970093537237,2.9906462767570478e-05
600871.SH,SH_MAIN,,False,False,2026-09-24,2026-09-24,READY_INCREMENTAL,,sina_public_snapshot,2026-09-24,2.11,2.120006430351258,6.4303512576913135e-06
600872.SH,SH_MAIN,,False,False,2026-09-24,2026-09-24,READY_INCREMENTAL,,sina_public_snapshot,2026-09-24,17.15,17.38998174812411,1.8251875889774283e-05
600873.SH,SH_MAIN,,False,False,2026-09-24,2026-09-24,READY_INCREMENTAL,,sina_public_snapshot,2026-09-24,7.36,7.439979782663634,2.0217336365924155e-05
600874.SH,SH_MAIN,,False,False,2026-09-24,2026-09-24,READY_INCREMENTAL,,sina_public_snapshot,2026-09-24,5.44,5.459983539755505,1.646024449453165e-05
600875.SH,SH_MAIN,,False,False,2026-09-24,2026-09-24,READY_INCREMENTAL,,sina_public_snapshot,2026-09-24,23.5,23.81000628178889,6.281788891726592e-06
600876.SH,SH_MAIN,,False,False,2026-09-24,2026-09-24,READY_INCREMENTAL,,sina_public_snapshot,2026-09-24,7.62,7.870030881092302,3.0881092301981994e-05
600877.SH,SH_MAIN,,False,False,2026-09-24,2026-09-24,READY_INCREMENTAL,,sina_public_snapshot,2026-09-24,11.9,12.119977593318737,2.2406681264186545e-05
600879.SH,SH_MAIN,,False,False,2026-09-24,2026-09-24,READY_INCREMENTAL,,sina_public_snapshot,2026-09-24,14.31,14.299990006995104,9.993004896458046e-06
600880.SH,SH_MAIN,,False,False,2026-09-24,2026-09-24,READY_INCREMENTAL,,sina_public_snapshot,2026-09-24,4.26,4.409983540202279,1.6459797721246616e-05
600881.SH,SH_MAIN,,False,False,2026-09-24,2026-09-24,READY_INCREMENTAL,,sina_public_snapshot,2026-09-24,1.85,1.8800048778504936,4.877850493967273e-06
600882.SH,SH_MAIN,,False,False,2026-09-24,2026-09-24,READY_INCREMENTAL,,sina_public_snapshot,2026-09-24,19.04,19.210008575896687,8.575896686124906e-06
600883.SH,SH_MAIN,,False,False,2026-09-24,2026-09-24,READY_INCREMENTAL,,sina_public_snapshot,2026-09-24,8.11,8.16002092829042,2.0928290419774956e-05
600884.SH,SH_MAIN,,False,False,2026-09-24,2026-09-24,READY_INCREMENTAL,,sina_public_snapshot,2026-09-24,11.54,11.9200099161261,9.916126099795974e-06
600885.SH,SH_MAIN,,False,False,2026-09-24,2026-09-24,READY_INCREMENTAL,,sina_public_snapshot,2026-09-24,33.39,33.300089757654334,8.975765433660854e-05
600886.SH,SH_MAIN,,False,False,2026-09-24,2026-09-24,READY_INCREMENTAL,,sina_public_snapshot,2026-09-24,14.86,14.57005588783214,5.588783213994475e-05
600887.SH,SH_MAIN,,False,False,2026-09-24,2026-09-24,READY_INCREMENTAL,,sina_public_snapshot,2026-09-24,26.9,26.919920741348594,7.925865140734345e-05
600888.SH,SH_MAIN,,False,False,2026-09-24,2026-09-24,READY_INCREMENTAL,,sina_public_snapshot,2026-09-24,9.72,10.060028979507347,2.8979507348481093e-05
600889.SH,SH_MAIN,,True,False,2026-09-24,2026-09-24,READY_INCREMENTAL,,sina_public_snapshot,2026-09-24,13.39,13.700031717773207,3.171777320964964e-05
600892.SH,SH_MAIN,,False,False,2026-09-24,2026-09-24,READY_INCREMENTAL,,sina_public_snapshot,2026-09-24,4.12,4.160019386498112,1.9386498111728656e-05
600893.SH,SH_MAIN,,False,False,2026-09-24,2026-09-24,READY_INCREMENTAL,,sina_public_snapshot,2026-09-24,38.29,39.55987188759169,0.0001281124083121
600894.SH,SH_MAIN,,False,False,2026-09-24,2026-09-24,READY_INCREMENTAL,,sina_public_snapshot,2026-09-24,7.77,7.750004987133195,4.987133195299975e-06
600895.SH,SH_MAIN,,False,False,2026-09-24,2026-09-24,READY_INCREMENTAL,,sina_public_snapshot,2026-09-24,28.22,28.76011495892868,0.0001149589286768
600897.SH,SH_MAIN,,False,False,2026-09-24,2026-09-24,READY_INCREMENTAL,,sina_public_snapshot,2026-09-24,16.25,15.050058810999046,5.88109990449226e-05
600900.SH,SH_MAIN,,False,False,2026-09-24,2026-09-24,READY_INCREMENTAL,,sina_public_snapshot,2026-09-24,28.36,28.080041981444992,4.1981444994121375e-05
600901.SH,SH_MAIN,,False,False,2026-09-24,2026-09-24,READY_INCREMENTAL,,sina_public_snapshot,2026-09-24,6.79,6.670006581597069,6.5815970691218695e-06
600903.SH,SH_MAIN,,False,False,2026-09-24,2026-09-24,READY_INCREMENTAL,,sina_public_snapshot,2026-09-24,6.56,6.640012146363682,1.214636368196409e-05
600905.SH,SH_MAIN,,False,False,2026-09-24,2026-09-24,READY_INCREMENTAL,,sina_public_snapshot,2026-09-24,3.61,3.639993546825845,6.453174155041097e-06
600906.SH,SH_MAIN,,False,False,2026-09-24,2026-09-24,READY_INCREMENTAL,,sina_public_snapshot,2026-09-24,6.36,6.460000812578719,8.125787189783296e-07
600908.SH,SH_MAIN,,False,False,2026-09-24,2026-09-24,READY_INCREMENTAL,,sina_public_snapshot,2026-09-24,5.83,5.750017259914587,1.7259914587341996e-05
600909.SH,SH_MAIN,,False,False,2026-09-24,2026-09-24,READY_INCREMENTAL,,sina_public_snapshot,2026-09-24,7.82,8.089962033042633,3.796695736646427e-05
600916.SH,SH_MAIN,,False,False,2026-09-24,2026-09-24,READY_INCREMENTAL,,sina_public_snapshot,2026-09-24,7.24,7.35996746975704,3.253024296068219e-05
600917.SH,SH_MAIN,,False,False,2026-09-24,2026-09-24,READY_INCREMENTAL,,sina_public_snapshot,2026-09-24,4.79,4.810009640102828,9.640102828001318e-06
600918.SH,SH_MAIN,,False,False,2026-09-24,2026-09-24,READY_INCREMENTAL,,sina_public_snapshot,2026-09-24,5.42,5.509977939756219,2.206024378104132e-05
600919.SH,SH_MAIN,,False,False,2026-09-24,2026-09-24,READY_INCREMENTAL,,sina_public_snapshot,2026-09-24,12.26,12.070017917971134,1.7917971133485366e-05
600925.SH,SH_MAIN,,False,False,2026-09-24,2026-09-24,READY_INCREMENTAL,,sina_public_snapshot,2026-09-24,4.08,4.059984277511866,1.572248813364041e-05
600926.SH,SH_MAIN,,False,False,2026-09-24,2026-09-24,READY_INCREMENTAL,,sina_public_snapshot,2026-09-24,17.23,17.14001492166128,1.4921661279032604e-05
600927.SH,SH_MAIN,,False,False,2026-09-24,2026-09-24,READY_INCREMENTAL,,sina_public_snapshot,2026-09-24,12.18,12.340050454393484,5.045439348450032e-05
600928.SH,SH_MAIN,,False,False,2026-09-24,2026-09-24,READY_INCREMENTAL,,sina_public_snapshot,2026-09-24,3.48,3.49998491385813,1.5086141869957714e-05
600929.SH,SH_MAIN,,False,False,2026-09-24,2026-09-24,READY_INCREMENTAL,,sina_public_snapshot,2026-09-24,6.0,6.109979633401222,2.0366598778132072e-05
600930.SH,SH_MAIN,,False,False,2026-09-24,2026-09-24,READY_INCREMENTAL,,sina_public_snapshot,2026-09-24,3.88,3.900007036095168,7.036095168277967e-06
600933.SH,SH_MAIN,,False,False,2026-09-24,2026-09-24,READY_INCREMENTAL,,sina_public_snapshot,2026-09-24,13.67,13.890017883271012,1.7883271011598367e-05
600935.SH,SH_MAIN,,False,False,2026-09-24,2026-09-24,READY_INCREMENTAL,,sina_public_snapshot,2026-09-24,2.29,2.310004640183993,4.640183993487312e-06
600936.SH,SH_MAIN,,False,False,2026-09-24,2026-09-24,READY_INCREMENTAL,,sina_public_snapshot,2026-09-24,4.31,4.350020185708518,2.0185708518027923e-05
600938.SH,SH_MAIN,,False,False,2026-09-24,2026-09-24,READY_INCREMENTAL,,sina_public_snapshot,2026-09-24,32.8,32.290138709772684,0.0001387097726848
600939.SH,SH_MAIN,,False,False,2026-09-24,2026-09-24,READY_INCREMENTAL,,sina_public_snapshot,2026-09-24,2.6,2.6099962857745167,3.7142254831756816e-06
600941.SH,SH_MAIN,,False,False,2026-09-24,2026-09-24,READY_INCREMENTAL,,sina_public_snapshot,2026-09-24,97.45,96.40020180237217,0.0002018023721603
600955.SH,SH_MAIN,,False,False,2026-09-24,2026-09-24,READY_INCREMENTAL,,sina_public_snapshot,2026-09-24,12.38,12.580022355451684,2.2355451683608862e-05
600956.SH,SH_MAIN,,False,False,2026-09-24,2026-09-24,READY_INCREMENTAL,,sina_public_snapshot,2026-09-24,7.05,7.040003195462443,3.195462443095209e-06
600958.SH,SH_MAIN,,False,False,2026-09-24,2026-09-24,READY_INCREMENTAL,,sina_public_snapshot,2026-09-24,8.71,8.930036089238847,3.608923884712567e-05
600959.SH,SH_MAIN,,False,False,2026-09-24,2026-09-24,READY_INCREMENTAL,,sina_public_snapshot,2026-09-24,3.09,3.09,0.0
600960.SH,SH_MAIN,,False,False,2026-09-24,2026-09-24,READY_INCREMENTAL,,sina_public_snapshot,2026-09-24,3.9,3.919991958990853,8.041009146531053e-06
600961.SH,SH_MAIN,,False,False,2026-09-24,2026-09-24,READY_INCREMENTAL,,sina_public_snapshot,2026-09-24,23.61,24.47012488987925,0.000124889879256
600962.SH,SH_MAIN,,False,False,2026-09-24,2026-09-24,READY_INCREMENTAL,,sina_public_snapshot,2026-09-24,26.15,26.349996473231823,3.526768175277084e-06
600963.SH,SH_MAIN,,False,False,2026-09-24,2026-09-24,READY_INCREMENTAL,,sina_public_snapshot,2026-09-24,3.35,3.410016286644951,1.6286644950902485e-05
600965.SH,SH_MAIN,,True,False,2026-09-24,2026-09-24,READY_INCREMENTAL,,sina_public_snapshot,2026-09-24,2.69,2.69,0.0
600966.SH,SH_MAIN,,False,False,2026-09-24,2026-09-24,READY_INCREMENTAL,,sina_public_snapshot,2026-09-24,4.8,4.87998292005978,1.7079940220376955e-05
600967.SH,SH_MAIN,,False,False,2026-09-24,2026-09-24,READY_INCREMENTAL,,sina_public_snapshot,2026-09-24,12.97,12.939979248144304,2.075185569516691e-05
600968.SH,SH_MAIN,,False,False,2026-09-24,2026-09-24,READY_INCREMENTAL,,sina_public_snapshot,2026-09-24,3.88,3.850008434296828,8.434296827619647e-06
600969.SH,SH_MAIN,,False,False,2026-09-24,2026-09-24,READY_INCREMENTAL,,sina_public_snapshot,2026-09-24,9.79,9.799995995915834,4.004084166453481e-06
600970.SH,SH_MAIN,,False,False,2026-09-24,2026-09-24,READY_INCREMENTAL,,sina_public_snapshot,2026-09-24,7.68,7.609988109393578,1.189060642214912e-05
600971.SH,SH_MAIN,,False,False,2026-09-24,2026-09-24,READY_INCREMENTAL,,sina_public_snapshot,2026-09-24,8.46,8.379971274330149,2.8725669851681342e-05
600973.SH,SH_MAIN,,False,False,2026-09-24,2026-09-24,READY_INCREMENTAL,,sina_public_snapshot,2026-09-24,5.89,5.909975717926592,2.428207340798849e-05
600975.SH,SH_MAIN,,False,False,2026-09-24,2026-09-24,READY_INCREMENTAL,,sina_public_snapshot,2026-09-24,5.08,5.15997968511935,2.031488065057374e-05
600976.SH,SH_MAIN,,False,False,2026-09-24,2026-09-24,READY_INCREMENTAL,,sina_public_snapshot,2026-09-24,26.8,27.01994233057085,5.7669429150308815e-05
600977.SH,SH_MAIN,,False,False,2026-09-24,2026-09-24,READY_INCREMENTAL,,sina_public_snapshot,2026-09-24,13.13,13.500035986386866,3.5986386865971554e-05
600979.SH,SH_MAIN,,False,False,2026-09-24,2026-09-24,READY_INCREMENTAL,,sina_public_snapshot,2026-09-24,3.86,3.8799819068201233,1.80931798765549e-05
600980.SH,SH_MAIN,,False,False,2026-09-24,2026-09-24,READY_INCREMENTAL,,sina_public_snapshot,2026-09-24,19.13,19.48997992929406,0.0500200707059406
600981.SH,SH_MAIN,,False,False,2026-09-24,2026-09-24,READY_INCREMENTAL,,sina_public_snapshot,2026-09-24,2.37,2.390004336294788,4.336294787243844e-06
600982.SH,SH_MAIN,,False,False,2026-09-24,2026-09-24,READY_INCREMENTAL,,sina_public_snapshot,2026-09-24,4.86,4.850008981498115,8.981498115012698e-06
600983.SH,SH_MAIN,,False,False,2026-09-24,2026-09-24,READY_INCREMENTAL,,sina_public_snapshot,2026-09-24,7.39,7.539970003366968,2.9996633031714737e-05
600984.SH,SH_MAIN,,False,False,2026-09-24,2026-09-24,READY_INCREMENTAL,,sina_public_snapshot,2026-09-24,3.5,3.4600023725730558,2.372573055353655e-06
600985.SH,SH_MAIN,,False,False,2026-09-24,2026-09-24,READY_INCREMENTAL,,sina_public_snapshot,2026-09-24,16.49,16.60992364874393,7.635125606952897e-05
600986.SH,SH_MAIN,,False,False,2026-09-24,2026-09-24,READY_INCREMENTAL,,sina_public_snapshot,2026-09-24,6.88,7.0600307850179576,3.078501795794608e-05
600987.SH,SH_MAIN,,False,False,2026-09-24,2026-09-24,READY_INCREMENTAL,,sina_public_snapshot,2026-09-24,6.31,6.330002808876048,2.808876048199238e-06
600988.SH,SH_MAIN,,False,False,2026-09-24,2026-09-24,READY_INCREMENTAL,,sina_public_snapshot,2026-09-24,40.28,42.5002110238879,0.0002110238878998
600989.SH,SH_MAIN,,False,False,2026-09-24,2026-09-24,READY_INCREMENTAL,,sina_public_snapshot,2026-09-24,22.33,22.579960158959683,3.984104031573565e-05
600990.SH,SH_MAIN,,False,False,2026-09-24,2026-09-24,READY_INCREMENTAL,,sina_public_snapshot,2026-09-24,17.85,17.90999849495811,1.5050418902262663e-06
600992.SH,SH_MAIN,,False,False,2026-09-24,2026-09-24,READY_INCREMENTAL,,sina_public_snapshot,2026-09-24,10.27,10.190008433794713,8.433794713269549e-06
600993.SH,SH_MAIN,,False,False,2026-09-24,2026-09-24,READY_INCREMENTAL,,sina_public_snapshot,2026-09-24,22.15,22.459947272358548,5.272764145303199e-05
600995.SH,SH_MAIN,,False,False,2026-09-24,2026-09-24,READY_INCREMENTAL,,sina_public_snapshot,2026-09-24,11.8,11.990042168368644,4.21683686440133e-05
600996.SH,SH_MAIN,,False,False,2026-09-24,2026-09-24,READY_INCREMENTAL,,sina_public_snapshot,2026-09-24,6.82,6.850003013197807,3.01319780771081e-06
600997.SH,SH_MAIN,,False,False,2026-09-24,2026-09-24,READY_INCREMENTAL,,sina_public_snapshot,2026-09-24,5.14,5.129996506811717,3.4931882826327865e-06
600998.SH,SH_MAIN,,False,False,2026-09-24,2026-09-24,READY_INCREMENTAL,,sina_public_snapshot,2026-09-24,4.84,4.88997555012225,2.4449877749965765e-05
600999.SH,SH_MAIN,,False,False,2026-09-24,2026-09-24,READY_INCREMENTAL,,sina_public_snapshot,2026-09-24,17.44,17.829940805414413,5.919458558523161e-05
601000.SH,SH_MAIN,,False,False,2026-09-24,2026-09-24,READY_INCREMENTAL,,sina_public_snapshot,2026-09-24,4.39,4.3200157449321,1.5744932099437392e-05
601001.SH,SH_MAIN,,False,False,2026-09-24,2026-09-24,READY_INCREMENTAL,,sina_public_snapshot,2026-09-24,17.65,18.04998772805367,1.2271946332020889e-05
601002.SH,SH_MAIN,,False,False,2026-09-24,2026-09-24,READY_INCREMENTAL,,sina_public_snapshot,2026-09-24,5.22,5.19000178965579,1.7896557897856269e-06
601003.SH,SH_MAIN,,False,False,2026-09-24,2026-09-24,READY_INCREMENTAL,,sina_public_snapshot,2026-09-24,3.49,3.519990317505144,9.68249485611139e-06
601005.SH,SH_MAIN,,False,False,2026-09-24,2026-09-24,READY_INCREMENTAL,,sina_public_snapshot,2026-09-24,1.2,1.229999692500077,3.074999230801012e-07
601006.SH,SH_MAIN,,False,False,2026-09-24,2026-09-24,READY_INCREMENTAL,,sina_public_snapshot,2026-09-24,4.66,4.690016103059581,1.6103059580885315e-05
601007.SH,SH_MAIN,,False,False,2026-09-24,2026-09-24,READY_INCREMENTAL,,sina_public_snapshot,2026-09-24,6.8,6.779999002941323,9.970586773988543e-07
601008.SH,SH_MAIN,,False,False,2026-09-24,2026-09-24,READY_INCREMENTAL,,sina_public_snapshot,2026-09-24,4.4,4.350018289849628,1.8289849628594368e-05
601009.SH,SH_MAIN,,False,False,2026-09-24,2026-09-24,READY_INCREMENTAL,,sina_public_snapshot,2026-09-24,11.95,11.729946209116966,5.3790883034920967e-05
601010.SH,SH_MAIN,,True,False,2026-09-24,2026-09-24,READY_INCREMENTAL,,sina_public_snapshot,2026-09-24,1.43,1.4600030629434886,3.0629434886186857e-06
601011.SH,SH_MAIN,,False,False,2026-09-24,2026-09-24,READY_INCREMENTAL,,sina_public_snapshot,2026-09-24,2.91,2.8799904990004155,9.500999584410865e-06
601012.SH,SH_MAIN,,False,False,2026-09-24,2026-09-24,READY_INCREMENTAL,,sina_public_snapshot,2026-09-24,11.04,11.410027181495913,2.718149591096619e-05
601015.SH,SH_MAIN,,False,False,2026-09-24,2026-09-24,READY_INCREMENTAL,,sina_public_snapshot,2026-09-24,3.55,3.499985211330093,1.4788669906895535e-05
601016.SH,SH_MAIN,,False,False,2026-09-24,2026-09-24,READY_INCREMENTAL,,sina_public_snapshot,2026-09-24,3.25,3.2800121108139475,1.211081394769664e-05
601018.SH,SH_MAIN,,False,False,2026-09-24,2026-09-24,READY_INCREMENTAL,,sina_public_snapshot,2026-09-24,3.4,3.4,0.0
601019.SH,SH_MAIN,,False,False,2026-09-24,2026-09-24,READY_INCREMENTAL,,sina_public_snapshot,2026-09-24,6.75,6.98996551617012,3.448382988047172e-05
601020.SH,SH_MAIN,,False,False,2026-09-24,2026-09-24,READY_INCREMENTAL,,sina_public_snapshot,2026-09-24,21.0,22.139987981149385,1.2018850618744636e-05
601021.SH,SH_MAIN,,False,False,2026-09-24,2026-09-24,REPAIRED_FULL_HISTORY,QFQ_CONTINUITY_BREAK,sina_daily,2026-09-24,39.85,41.62010297972783,0.3198970202721725
601022.SH,SH_MAIN,,False,False,2026-09-24,2026-09-24,READY_INCREMENTAL,,sina_public_snapshot,2026-09-24,8.42,8.460015875089171,1.587508917033631e-05
601026.SH,SH_MAIN,,False,False,2026-09-24,2026-09-24,READY_INCREMENTAL,,sina_public_snapshot,2026-09-24,15.25,15.349928031484968,7.196851503188384e-05
601033.SH,SH_MAIN,,False,False,2026-09-24,2026-09-24,READY_INCREMENTAL,,sina_public_snapshot,2026-09-24,14.19,14.249992468291508,7.531708492436451e-06
601038.SH,SH_MAIN,,False,False,2026-09-24,2026-09-24,READY_INCREMENTAL,,sina_public_snapshot,2026-09-24,13.96,13.889994428082469,5.571917533586657e-06
601058.SH,SH_MAIN,,False,False,2026-09-24,2026-09-24,READY_INCREMENTAL,,sina_public_snapshot,2026-09-24,13.56,13.919970435461025,2.95645389769561e-05
601059.SH,SH_MAIN,,False,False,2026-09-24,2026-09-24,REPAIRED_FULL_HISTORY,PRIOR_QUARANTINE_RETRY,sina_daily,2026-09-14,15.56,,
601061.SH,SH_MAIN,,False,False,2026-09-24,2026-09-24,READY_INCREMENTAL,,sina_public_snapshot,2026-09-24,10.83,11.349940787474193,5.921252580698422e-05
601065.SH,SH_MAIN,,False,False,2026-09-24,2026-09-24,READY_INCREMENTAL,,sina_public_snapshot,2026-09-24,6.67,6.730031884408928,3.1884408927318475e-05
601066.SH,SH_MAIN,,False,False,2026-09-24,2026-09-24,READY_INCREMENTAL,,sina_public_snapshot,2026-09-24,23.4,23.670075562164293,7.55621642909432e-05
601068.SH,SH_MAIN,,False,False,2026-09-24,2026-09-24,READY_INCREMENTAL,,sina_public_snapshot,2026-09-24,4.28,4.500005257015488,5.257015487813987e-06
601069.SH,SH_MAIN,,False,False,2026-09-24,2026-09-24,READY_INCREMENTAL,,sina_public_snapshot,2026-09-24,25.6,26.79001234852132,1.2348521320149077e-05
601077.SH,SH_MAIN,,False,False,2026-09-24,2026-09-24,READY_INCREMENTAL,,sina_public_snapshot,2026-09-24,6.64,6.540003348796895,3.348796894897532e-06
601083.SH,SH_MAIN,,False,False,2026-09-24,2026-09-24,READY_INCREMENTAL,,sina_public_snapshot,2026-09-24,12.75,12.780033077732671,3.307773267202663e-05
601086.SH,SH_MAIN,,False,False,2026-09-24,2026-09-24,READY_INCREMENTAL,,sina_public_snapshot,2026-09-24,15.32,17.01995289516953,4.710483046821423e-05
601088.SH,SH_MAIN,,False,False,2026-09-24,2026-09-24,READY_INCREMENTAL,,sina_public_snapshot,2026-09-24,48.03,47.20996294366847,3.705633152861765e-05
601089.SH,SH_MAIN,,False,False,2026-09-24,2026-09-24,READY_INCREMENTAL,,sina_public_snapshot,2026-09-24,15.88,16.29001979832381,1.9798323812381117e-05
601091.SH,SH_MAIN,,False,False,2026-09-24,2026-09-24,READY_INCREMENTAL,,sina_public_snapshot,2026-09-24,27.0,30.0,0.0
601096.SH,SH_MAIN,,False,False,2026-09-24,2026-09-24,READY_INCREMENTAL,,sina_public_snapshot,2026-09-24,3.96,4.07999258183167,7.418168330275421e-06
601098.SH,SH_MAIN,,False,False,2026-09-24,2026-09-24,READY_INCREMENTAL,,sina_public_snapshot,2026-09-24,10.18,10.359952372714044,4.762728595686383e-05
601099.SH,SH_MAIN,,False,False,2026-09-24,2026-09-24,READY_INCREMENTAL,,sina_public_snapshot,2026-09-24,3.52,3.540001005682104,1.0056821038162411e-06
601100.SH,SH_MAIN,,False,False,2026-09-24,2026-09-24,READY_INCREMENTAL,,sina_public_snapshot,2026-09-24,92.3,91.60017466555514,0.0001746655551499
601101.SH,SH_MAIN,,False,False,2026-09-24,2026-09-24,READY_INCREMENTAL,,sina_public_snapshot,2026-09-24,13.06,13.250005072743138,5.072743137546354e-06
601106.SH,SH_MAIN,,False,False,2026-09-24,2026-09-24,READY_INCREMENTAL,,sina_public_snapshot,2026-09-24,2.92,2.939991945227548,8.05477245258146e-06
601107.SH,SH_MAIN,,False,False,2026-09-24,2026-09-24,READY_INCREMENTAL,,sina_public_snapshot,2026-09-24,6.02,6.010023361220374,2.3361220374162883e-05
601108.SH,SH_MAIN,,False,False,2026-09-24,2026-09-24,READY_INCREMENTAL,,sina_public_snapshot,2026-09-24,8.36,8.559960681520314,3.931847968630109e-05
601111.SH,SH_MAIN,,False,False,2026-09-24,2026-09-24,READY_INCREMENTAL,,sina_public_snapshot,2026-09-24,5.81,5.960013540822502,1.3540822502378091e-05
601112.SH,SH_MAIN,,False,False,2026-09-24,2026-09-24,READY_INCREMENTAL,,sina_public_snapshot,2026-09-24,16.17,16.42007778466038,7.778466037677845e-05
601113.SH,SH_MAIN,,False,False,2026-09-24,2026-09-24,READY_INCREMENTAL,,sina_public_snapshot,2026-09-24,3.54,3.5200063638533137,6.363853313651191e-06
601116.SH,SH_MAIN,,False,False,2026-09-24,2026-09-24,READY_INCREMENTAL,,sina_public_snapshot,2026-09-24,10.02,10.210008253599486,8.253599485641416e-06
601117.SH,SH_MAIN,,False,False,2026-09-24,2026-09-24,READY_INCREMENTAL,,sina_public_snapshot,2026-09-24,7.22,7.159999206648287,7.933517132130419e-07
601118.SH,SH_MAIN,,False,False,2026-09-24,2026-09-24,READY_INCREMENTAL,,sina_public_snapshot,2026-09-24,6.48,6.660020350062181,2.035006218115143e-05
601121.SH,SH_MAIN,,False,False,2026-09-24,2026-09-24,REPAIRED_FULL_HISTORY,QFQ_CONTINUITY_BREAK,sina_daily,2026-09-24,7.06,7.229976753474178,0.0300232465258218
601123.SH,SH_MAIN,,False,False,2026-09-24,2026-09-24,READY_INCREMENTAL,,sina_public_snapshot,2026-09-24,17.82,18.090084968580918,8.496858091433523e-05
601126.SH,SH_MAIN,,False,False,2026-09-24,2026-09-24,READY_INCREMENTAL,,sina_public_snapshot,2026-09-24,38.39,39.49994855437802,5.144562197756386e-05
601127.SH,SH_MAIN,,False,False,2026-09-24,2026-09-24,READY_INCREMENTAL,,sina_public_snapshot,2026-09-24,46.33,47.19989404729158,0.0001059527084237
601128.SH,SH_MAIN,,False,False,2026-09-24,2026-09-24,READY_INCREMENTAL,,sina_public_snapshot,2026-09-24,6.17,6.18999367958506,6.320414940752528e-06
601133.SH,SH_MAIN,,False,False,2026-09-24,2026-09-24,READY_INCREMENTAL,,sina_public_snapshot,2026-09-24,25.05,26.02002659132458,2.6591324580493847e-05
601136.SH,SH_MAIN,,False,False,2026-09-24,2026-09-24,READY_INCREMENTAL,,sina_public_snapshot,2026-09-24,14.19,14.520040521043317,4.052104331542239e-05
601137.SH,SH_MAIN,,False,False,2026-09-24,2026-09-24,READY_INCREMENTAL,,sina_public_snapshot,2026-09-24,19.85,20.489899563363853,0.0001004366361456
601138.SH,SH_MAIN,,False,False,2026-09-24,2026-09-24,READY_INCREMENTAL,,sina_public_snapshot,2026-09-24,61.0,62.98009416040308,9.416040307996808e-05
601139.SH,SH_MAIN,,False,False,2026-09-24,2026-09-24,READY_INCREMENTAL,,sina_public_snapshot,2026-09-24,6.19,6.229996578030959,3.4219690414616366e-06
601155.SH,SH_MAIN,,False,False,2026-09-24,2026-09-24,READY_INCREMENTAL,,sina_public_snapshot,2026-09-24,12.56,12.950055676990967,5.567699096964418e-05
601156.SH,SH_MAIN,,False,False,2026-09-24,2026-09-24,READY_INCREMENTAL,,sina_public_snapshot,2026-09-24,18.21,18.40007275152324,7.275152323771295e-05
601158.SH,SH_MAIN,,False,False,2026-09-24,2026-09-24,READY_INCREMENTAL,,sina_public_snapshot,2026-09-24,3.98,3.990014937493108,1.4937493107325396e-05
601162.SH,SH_MAIN,,False,False,2026-09-24,2026-09-24,READY_INCREMENTAL,,sina_public_snapshot,2026-09-24,3.6,3.6699866453263743,1.3354673625620704e-05
601163.SH,SH_MAIN,,False,False,2026-09-24,2026-09-24,REPAIRED_FULL_HISTORY,QFQ_CONTINUITY_BREAK,sina_daily,2026-09-24,12.21,12.309956849618906,0.1200431503810932
601166.SH,SH_MAIN,,False,False,2026-09-24,2026-09-24,READY_INCREMENTAL,,sina_public_snapshot,2026-09-24,17.88,17.869992804029746,7.195970255224893e-06
601168.SH,SH_MAIN,,False,False,2026-09-24,2026-09-24,READY_INCREMENTAL,,sina_public_snapshot,2026-09-24,35.19,36.81000847289197,8.472891970257024e-06
601169.SH,SH_MAIN,,False,False,2026-09-24,2026-09-24,READY_INCREMENTAL,,sina_public_snapshot,2026-09-24,5.49,5.469979873662396,2.0126337603620925e-05
601177.SH,SH_MAIN,,False,False,2026-09-24,2026-09-24,READY_INCREMENTAL,,sina_public_snapshot,2026-09-24,13.72,13.730022916729212,2.2916729212951736e-05
601179.SH,SH_MAIN,,False,False,2026-09-24,2026-09-24,READY_INCREMENTAL,,sina_public_snapshot,2026-09-24,11.75,11.999959149075238,4.08509247620259e-05
601186.SH,SH_MAIN,,False,False,2026-09-24,2026-09-24,READY_INCREMENTAL,,sina_public_snapshot,2026-09-24,5.98,6.029988605539926,1.1394460074143352e-05
601187.SH,SH_MAIN,,False,False,2026-09-24,2026-09-24,READY_INCREMENTAL,,sina_public_snapshot,2026-09-24,6.92,6.929979170004807,2.0829995192706008e-05
601188.SH,SH_MAIN,,False,False,2026-09-24,2026-09-24,READY_INCREMENTAL,,sina_public_snapshot,2026-09-24,2.85,2.84000318877551,3.188775510309938e-06
601198.SH,SH_MAIN,,False,False,2026-09-24,2026-09-24,REPAIRED_FULL_HISTORY,PRIOR_QUARANTINE_RETRY,sina_daily,2026-09-14,13.06,,
601199.SH,SH_MAIN,,False,False,2026-09-24,2026-09-24,READY_INCREMENTAL,,sina_public_snapshot,2026-09-24,6.61,6.61,0.0
601200.SH,SH_MAIN,,False,False,2026-09-24,2026-09-24,READY_INCREMENTAL,,sina_public_snapshot,2026-09-24,6.74,6.819998583383084,1.4166169162166398e-06
601208.SH,SH_MAIN,,False,False,2026-09-24,2026-09-24,READY_INCREMENTAL,,sina_public_snapshot,2026-09-24,56.44,55.000097448790655,9.744879065465284e-05
601211.SH,SH_MAIN,,False,False,2026-09-24,2026-09-24,READY_INCREMENTAL,,sina_public_snapshot,2026-09-24,17.21,17.66994876638911,5.123361089331979e-05
601212.SH,SH_MAIN,,False,False,2026-09-24,2026-09-24,READY_INCREMENTAL,,sina_public_snapshot,2026-09-24,5.79,6.03999541002076,4.589979240243736e-06
601216.SH,SH_MAIN,,False,False,2026-09-24,2026-09-24,READY_INCREMENTAL,,sina_public_snapshot,2026-09-24,4.47,4.510003733112709,3.733112709625175e-06
601218.SH,SH_MAIN,,False,False,2026-09-24,2026-09-24,READY_INCREMENTAL,,sina_public_snapshot,2026-09-24,5.5,5.0,0.0
601222.SH,SH_MAIN,,False,False,2026-09-24,2026-09-24,READY_INCREMENTAL,,sina_public_snapshot,2026-09-24,5.88,5.970028022580514,2.802258051382012e-05
601225.SH,SH_MAIN,,False,False,2026-09-24,2026-09-24,READY_INCREMENTAL,,sina_public_snapshot,2026-09-24,25.83,25.68002863278453,2.8632784534465827e-05
601226.SH,SH_MAIN,,False,False,2026-09-24,2026-09-24,READY_INCREMENTAL,,sina_public_snapshot,2026-09-24,6.53,6.680033553614175,3.355361417511915e-05
601228.SH,SH_MAIN,,False,False,2026-09-24,2026-09-24,READY_INCREMENTAL,,sina_public_snapshot,2026-09-24,3.03,3.03,0.0
601229.SH,SH_MAIN,,False,False,2026-09-24,2026-09-24,READY_INCREMENTAL,,sina_public_snapshot,2026-09-24,9.51,9.47003644619705,3.6446197048789486e-05
601231.SH,SH_MAIN,,False,False,2026-09-24,2026-09-24,READY_INCREMENTAL,,sina_public_snapshot,2026-09-24,25.45,26.94005440938297,5.4409382968856335e-05
601233.SH,SH_MAIN,,False,False,2026-09-24,2026-09-24,READY_INCREMENTAL,,sina_public_snapshot,2026-09-24,23.26,24.07992132097935,7.867902064973009e-05
601236.SH,SH_MAIN,,False,False,2026-09-24,2026-09-24,READY_INCREMENTAL,,sina_public_snapshot,2026-09-24,6.89,7.010011395083835,1.139508383563026e-05
601238.SH,SH_MAIN,,False,False,2026-09-24,2026-09-24,REPAIRED_FULL_HISTORY,PRIOR_QUARANTINE_RETRY,sina_daily,2026-09-11,5.09,,
601279.SH,SH_MAIN,,False,False,2026-09-24,2026-09-24,READY_INCREMENTAL,,sina_public_snapshot,2026-09-24,3.51,3.499990028518437,9.97148156312022e-06
601288.SH,SH_MAIN,,False,False,2026-09-24,2026-09-24,READY_INCREMENTAL,,sina_public_snapshot,2026-09-24,6.87,6.829976338655479,2.366134452103097e-05
601298.SH,SH_MAIN,,False,False,2026-09-24,2026-09-24,READY_INCREMENTAL,,sina_public_snapshot,2026-09-24,9.75,9.69001878372872,1.878372871999545e-05
601311.SH,SH_MAIN,,False,False,2026-09-24,2026-09-24,READY_INCREMENTAL,,sina_public_snapshot,2026-09-24,7.3,7.43002544529262,2.5445292620496215e-05
601318.SH,SH_MAIN,,False,False,2026-09-24,2026-09-24,READY_INCREMENTAL,,sina_public_snapshot,2026-09-24,53.25,53.870044208843794,4.4208843796411657e-05
601319.SH,SH_MAIN,,False,False,2026-09-24,2026-09-24,READY_INCREMENTAL,,sina_public_snapshot,2026-09-24,8.07,8.07,0.0
601326.SH,SH_MAIN,,False,False,2026-09-24,2026-09-24,READY_INCREMENTAL,,sina_public_snapshot,2026-09-24,3.47,3.4999949567796014,5.043220398626147e-06
601328.SH,SH_MAIN,,False,False,2026-09-24,2026-09-24,READY_INCREMENTAL,,sina_public_snapshot,2026-09-24,7.56,7.519993633867823,6.366132176971462e-06
601330.SH,SH_MAIN,,False,False,2026-09-24,2026-09-24,READY_INCREMENTAL,,sina_public_snapshot,2026-09-24,8.03,8.0,0.0
601333.SH,SH_MAIN,,False,False,2026-09-24,2026-09-24,READY_INCREMENTAL,,sina_public_snapshot,2026-09-24,3.06,3.049996013077107,3.98692289271807e-06
601336.SH,SH_MAIN,,False,False,2026-09-24,2026-09-24,READY_INCREMENTAL,,sina_public_snapshot,2026-09-24,57.58,57.87981745441386,0.0001825455861421
601339.SH,SH_MAIN,,False,False,2026-09-24,2026-09-24,READY_INCREMENTAL,,sina_public_snapshot,2026-09-24,7.47,7.199999999999999,8.881784197001252e-16
601360.SH,SH_MAIN,,False,False,2026-09-24,2026-09-24,READY_INCREMENTAL,,sina_public_snapshot,2026-09-24,8.95,9.030005851847369,5.851847367566165e-06
601366.SH,SH_MAIN,,False,False,2026-09-24,2026-09-24,READY_INCREMENTAL,,sina_public_snapshot,2026-09-24,3.58,3.5700039888312727,3.9888312728386666e-06
601368.SH,SH_MAIN,,False,False,2026-09-24,2026-09-24,READY_INCREMENTAL,,sina_public_snapshot,2026-09-24,4.55,4.509996332530455,3.667469544943458e-06
601369.SH,SH_MAIN,,False,False,2026-09-24,2026-09-24,READY_INCREMENTAL,,sina_public_snapshot,2026-09-24,8.82,8.950044141374168,4.414137416830499e-05
601375.SH,SH_MAIN,,False,False,2026-09-24,2026-09-24,READY_INCREMENTAL,,sina_public_snapshot,2026-09-24,3.95,4.0,0.0
601377.SH,SH_MAIN,,False,False,2026-09-24,2026-09-24,READY_INCREMENTAL,,sina_public_snapshot,2026-09-24,5.87,5.920024204528263,2.4204528263460645e-05
601388.SH,SH_MAIN,,False,False,2026-09-24,2026-09-24,READY_INCREMENTAL,,sina_public_snapshot,2026-09-24,3.15,3.190002633018046,2.6330180462608155e-06
601390.SH,SH_MAIN,,False,False,2026-09-24,2026-09-24,READY_INCREMENTAL,,sina_public_snapshot,2026-09-24,4.25,4.289982638187912,1.736181208844556e-05
601398.SH,SH_MAIN,,False,False,2026-09-24,2026-09-24,READY_INCREMENTAL,,sina_public_snapshot,2026-09-24,8.13,8.090035225983643,3.522598364291696e-05
601399.SH,SH_MAIN,,False,False,2026-09-24,2026-09-24,READY_INCREMENTAL,,sina_public_snapshot,2026-09-24,3.07,3.089992249856572,7.75014342790925e-06
601456.SH,SH_MAIN,,False,False,2026-09-24,2026-09-24,READY_INCREMENTAL,,sina_public_snapshot,2026-09-24,8.53,8.649975155405473,2.4844594527451136e-05
601500.SH,SH_MAIN,,False,False,2026-09-24,2026-09-24,READY_INCREMENTAL,,sina_public_snapshot,2026-09-24,3.87,3.9099992927649856,7.072350145520545e-07
601512.SH,SH_MAIN,,False,False,2026-09-24,2026-09-24,READY_INCREMENTAL,,sina_public_snapshot,2026-09-24,8.34,8.490018629177568,1.862917756767501e-05
601515.SH,SH_MAIN,,False,False,2026-09-24,2026-09-24,READY_INCREMENTAL,,sina_public_snapshot,2026-09-24,3.21,3.2400024224317177,2.4224317174414978e-06
601518.SH,SH_MAIN,,False,False,2026-09-24,2026-09-24,READY_INCREMENTAL,,sina_public_snapshot,2026-09-24,2.76,2.76,0.0
601519.SH,SH_MAIN,,False,False,2026-09-24,2026-09-24,READY_INCREMENTAL,,sina_public_snapshot,2026-09-24,8.52,8.900031338138513,3.133813851263767e-05
601528.SH,SH_MAIN,,False,False,2026-09-24,2026-09-24,READY_INCREMENTAL,,sina_public_snapshot,2026-09-24,4.97,5.0,0.0
601555.SH,SH_MAIN,,False,False,2026-09-24,2026-09-24,READY_INCREMENTAL,,sina_public_snapshot,2026-09-24,8.17,8.260034374684055,3.437468405564914e-05
601566.SH,SH_MAIN,,False,False,2026-09-24,2026-09-24,READY_INCREMENTAL,,sina_public_snapshot,2026-09-24,9.67,9.049985493818497,1.4506181505780091e-05
601567.SH,SH_MAIN,,False,False,2026-09-24,2026-09-24,READY_INCREMENTAL,,sina_public_snapshot,2026-09-24,16.25,14.770041810579894,4.181057989427472e-05
601568.SH,SH_MAIN,,False,False,2026-09-24,2026-09-24,READY_INCREMENTAL,,sina_public_snapshot,2026-09-24,3.59,3.6000080223019992,8.022301999144332e-06
601577.SH,SH_MAIN,,False,False,2026-09-24,2026-09-24,READY_INCREMENTAL,,sina_public_snapshot,2026-09-24,9.67,9.689961320319858,3.86796801414846e-05
601579.SH,SH_MAIN,,False,False,2026-09-24,2026-09-24,READY_INCREMENTAL,,sina_public_snapshot,2026-09-24,38.04,36.75007245676746,7.245676746236995e-05
601588.SH,SH_MAIN,,False,False,2026-09-24,2026-09-24,READY_INCREMENTAL,,sina_public_snapshot,2026-09-24,1.75,1.7900066485961232,6.648596123204342e-06
601595.SH,SH_MAIN,,False,False,2026-09-24,2026-09-24,READY_INCREMENTAL,,sina_public_snapshot,2026-09-24,22.96,23.52989403349116,0.000105966508844
601598.SH,SH_MAIN,,False,False,2026-09-24,2026-09-24,READY_INCREMENTAL,,sina_public_snapshot,2026-09-24,6.68,6.48002638573618,2.6385736179967975e-05
601599.SH,SH_MAIN,,False,False,2026-09-24,2026-09-24,READY_INCREMENTAL,,sina_public_snapshot,2026-09-24,3.23,3.210001689474573,1.6894745735740455e-06
601600.SH,SH_MAIN,,False,False,2026-09-24,2026-09-24,READY_INCREMENTAL,,sina_public_snapshot,2026-09-24,8.88,9.120039438008382,3.943800838257516e-05
601601.SH,SH_MAIN,,False,False,2026-09-24,2026-09-24,READY_INCREMENTAL,,sina_public_snapshot,2026-09-24,30.88,31.609871943167743,0.0001280568322563
601606.SH,SH_MAIN,,False,False,2026-09-24,2026-09-24,READY_INCREMENTAL,,sina_public_snapshot,2026-09-24,31.9,32.069970845481045,2.915451895546539e-05
601607.SH,SH_MAIN,,False,False,2026-09-24,2026-09-24,READY_INCREMENTAL,,sina_public_snapshot,2026-09-24,16.02,16.059989373540116,1.0626459882701056e-05
601608.SH,SH_MAIN,,False,False,2026-09-24,2026-09-24,READY_INCREMENTAL,,sina_public_snapshot,2026-09-24,4.6,4.6,0.0
601609.SH,SH_MAIN,,False,False,2026-09-24,2026-09-24,READY_INCREMENTAL,,sina_public_snapshot,2026-09-24,11.86,12.789957834118775,4.216588122218923e-05
601611.SH,SH_MAIN,,False,False,2026-09-24,2026-09-24,READY_INCREMENTAL,,sina_public_snapshot,2026-09-24,10.15,10.259987061297103,1.2938702894871312e-05
601615.SH,SH_MAIN,,False,False,2026-09-24,2026-09-24,READY_INCREMENTAL,,sina_public_snapshot,2026-09-24,9.65,9.719983883964543,1.6116035455482347e-05
601616.SH,SH_MAIN,,False,False,2026-09-24,2026-09-24,READY_INCREMENTAL,,sina_public_snapshot,2026-09-24,3.77,3.7599984042447088,1.5957552910172978e-06
601618.SH,SH_MAIN,,False,False,2026-09-24,2026-09-24,READY_INCREMENTAL,,sina_public_snapshot,2026-09-24,2.49,2.550001536145504,1.5361455041329464e-06
601619.SH,SH_MAIN,,False,False,2026-09-24,2026-09-24,READY_INCREMENTAL,,sina_public_snapshot,2026-09-24,3.91,4.010009640432384,9.640432383939412e-06
601628.SH,SH_MAIN,,False,False,2026-09-24,2026-09-24,READY_INCREMENTAL,,sina_public_snapshot,2026-09-24,37.43,38.59996493724798,3.506275201914377e-05
601633.SH,SH_MAIN,,False,False,2026-09-24,2026-09-24,READY_INCREMENTAL,,sina_public_snapshot,2026-09-24,13.91,14.109937818893725,6.218110627465023e-05
601636.SH,SH_MAIN,,False,False,2026-09-24,2026-09-24,READY_INCREMENTAL,,sina_public_snapshot,2026-09-24,5.45,5.7099751694657765,2.4830534223418965e-05
601658.SH,SH_MAIN,,False,False,2026-09-24,2026-09-24,READY_INCREMENTAL,,sina_public_snapshot,2026-09-24,5.33,5.319998403002355,1.5969976452367971e-06
601665.SH,SH_MAIN,,False,False,2026-09-24,2026-09-24,READY_INCREMENTAL,,sina_public_snapshot,2026-09-24,6.97,6.880009476053224,9.476053223878012e-06
601666.SH,SH_MAIN,,False,False,2026-09-24,2026-09-24,READY_INCREMENTAL,,sina_public_snapshot,2026-09-24,8.83,8.83,0.0
601668.SH,SH_MAIN,,False,False,2026-09-24,2026-09-24,READY_INCREMENTAL,,sina_public_snapshot,2026-09-24,4.26,4.2799875418203,1.2458179700303162e-05
601669.SH,SH_MAIN,,False,False,2026-09-24,2026-09-24,READY_INCREMENTAL,,sina_public_snapshot,2026-09-24,4.54,4.589984935952523,1.5064047476975873e-05
601677.SH,SH_MAIN,,False,False,2026-09-24,2026-09-24,READY_INCREMENTAL,,sina_public_snapshot,2026-09-24,16.14,16.750036322879264,3.632287926436106e-05
601678.SH,SH_MAIN,,False,False,2026-09-24,2026-09-24,READY_INCREMENTAL,,sina_public_snapshot,2026-09-24,5.76,5.960018211166756,1.8211166755932595e-05
601686.SH,SH_MAIN,,False,False,2026-09-24,2026-09-24,READY_INCREMENTAL,,sina_public_snapshot,2026-09-24,5.02,5.02,0.0
601688.SH,SH_MAIN,,False,False,2026-09-24,2026-09-24,READY_INCREMENTAL,,sina_public_snapshot,2026-09-24,18.16,18.34992168948618,7.831051382112264e-05
601689.SH,SH_MAIN,,False,False,2026-09-24,2026-09-24,READY_INCREMENTAL,,sina_public_snapshot,2026-09-24,46.44,45.88978151958023,0.0002184804197682
601696.SH,SH_MAIN,,False,False,2026-09-24,2026-09-24,READY_INCREMENTAL,,sina_public_snapshot,2026-09-24,11.18,11.280054079686822,5.407968682291653e-05
601698.SH,SH_MAIN,,False,False,2026-09-24,2026-09-24,READY_INCREMENTAL,,sina_public_snapshot,2026-09-24,23.56,23.569899357730243,0.0001006422697571
601699.SH,SH_MAIN,,False,False,2026-09-24,2026-09-24,READY_INCREMENTAL,,sina_public_snapshot,2026-09-24,15.35,15.37999098241571,9.01758428994981e-06
601700.SH,SH_MAIN,,False,False,2026-09-24,2026-09-24,READY_INCREMENTAL,,sina_public_snapshot,2026-09-24,6.25,6.310008177770598,8.177770598472023e-06
601702.SH,SH_MAIN,,False,False,2026-09-24,2026-09-24,READY_INCREMENTAL,,sina_public_snapshot,2026-09-24,15.05,15.279963449921317,3.655007868275106e-05
601717.SH,SH_MAIN,,False,False,2026-09-24,2026-09-24,READY_INCREMENTAL,,sina_public_snapshot,2026-09-24,13.4,13.57003250731668,3.250731667847617e-05
601718.SH,SH_MAIN,,True,False,2026-09-24,2026-09-24,READY_INCREMENTAL,,sina_public_snapshot,2026-09-24,1.92,1.9499908594178463,9.14058215362168e-06
601727.SH,SH_MAIN,,False,False,2026-09-24,2026-09-24,READY_INCREMENTAL,,sina_public_snapshot,2026-09-24,6.56,6.6499741502529215,2.5849747078865448e-05
601728.SH,SH_MAIN,,False,False,2026-09-24,2026-09-24,READY_INCREMENTAL,,sina_public_snapshot,2026-09-24,6.16,6.099976233858829,2.3766141170611377e-05
601766.SH,SH_MAIN,,False,False,2026-09-24,2026-09-24,READY_INCREMENTAL,,sina_public_snapshot,2026-09-24,5.97,5.919976201100699,2.3798899301041843e-05
601777.SH,SH_MAIN,,False,False,2026-09-24,2026-09-24,READY_INCREMENTAL,,sina_public_snapshot,2026-09-24,8.28,7.709999720652183,2.793478168783281e-07
601778.SH,SH_MAIN,,False,False,2026-09-24,2026-09-24,READY_INCREMENTAL,,sina_public_snapshot,2026-09-24,3.42,3.4300156456854016,1.564568540146638e-05
601788.SH,SH_MAIN,,False,False,2026-09-24,2026-09-24,READY_INCREMENTAL,,sina_public_snapshot,2026-09-24,13.77,13.959995539289732,4.460710268716639e-06
601789.SH,SH_MAIN,,False,False,2026-09-24,2026-09-24,READY_INCREMENTAL,,sina_public_snapshot,2026-09-24,4.19,4.359996253941167,3.7460588337978606e-06
601798.SH,SH_MAIN,,False,False,2026-09-24,2026-09-24,READY_INCREMENTAL,,sina_public_snapshot,2026-09-24,7.59,7.54998507908087,1.4920919129579602e-05
601799.SH,SH_MAIN,,False,False,2026-09-24,2026-09-24,READY_INCREMENTAL,,sina_public_snapshot,2026-09-24,70.71,70.80984187704664,0.0001581229533655
601800.SH,SH_MAIN,,False,False,2026-09-24,2026-09-24,READY_INCREMENTAL,,sina_public_snapshot,2026-09-24,5.8,5.860006466214032,6.466214031775053e-06
601801.SH,SH_MAIN,,False,False,2026-09-24,2026-09-24,READY_INCREMENTAL,,sina_public_snapshot,2026-09-24,5.53,5.460002764558362,2.764558361789682e-06
601808.SH,SH_MAIN,,False,False,2026-09-24,2026-09-24,READY_INCREMENTAL,,sina_public_snapshot,2026-09-24,12.12,12.12,0.0
601811.SH,SH_MAIN,,False,False,2026-09-24,2026-09-24,READY_INCREMENTAL,,sina_public_snapshot,2026-09-24,20.35,18.5,0.0
601816.SH,SH_MAIN,,False,False,2026-09-24,2026-09-24,READY_INCREMENTAL,,sina_public_snapshot,2026-09-24,4.69,4.710017574692444,1.757469244356713e-05
601818.SH,SH_MAIN,,False,False,2026-09-24,2026-09-24,READY_INCREMENTAL,,sina_public_snapshot,2026-09-24,3.0,3.0,0.0
601825.SH,SH_MAIN,,False,False,2026-09-24,2026-09-24,REPAIRED_FULL_HISTORY,QFQ_CONTINUITY_BREAK,sina_daily,2026-09-24,8.7,8.6300106139211,0.2499893860789015
601827.SH,SH_MAIN,,False,False,2026-09-24,2026-09-24,READY_INCREMENTAL,,sina_public_snapshot,2026-09-24,7.81,7.859989533432631,1.0466567369249448e-05
601828.SH,SH_MAIN,,False,False,2026-09-24,2026-09-24,READY_INCREMENTAL,,sina_public_snapshot,2026-09-24,2.16,2.1900030416708915,3.041670891601456e-06
601838.SH,SH_MAIN,,False,False,2026-09-24,2026-09-24,READY_INCREMENTAL,,sina_public_snapshot,2026-09-24,19.04,18.849992079835257,7.920164744490421e-06
601857.SH,SH_MAIN,,False,False,2026-09-24,2026-09-24,READY_INCREMENTAL,,sina_public_snapshot,2026-09-24,10.95,10.709989143298676,1.0856701324613027e-05
601858.SH,SH_MAIN,,False,False,2026-09-24,2026-09-24,READY_INCREMENTAL,,sina_public_snapshot,2026-09-24,20.9,21.36009647813912,9.647813911684013e-05
601860.SH,SH_MAIN,,False,False,2026-09-24,2026-09-24,READY_INCREMENTAL,,sina_public_snapshot,2026-09-24,2.53,2.549991936784389,8.063215610309982e-06
601865.SH,SH_MAIN,,False,False,2026-09-24,2026-09-24,READY_INCREMENTAL,,sina_public_snapshot,2026-09-24,9.27,9.380027725216792,2.7725216792617857e-05
601866.SH,SH_MAIN,,False,False,2026-09-24,2026-09-24,READY_INCREMENTAL,,sina_public_snapshot,2026-09-24,2.42,2.42,0.0
601868.SH,SH_MAIN,,False,False,2026-09-24,2026-09-24,READY_INCREMENTAL,,sina_public_snapshot,2026-09-24,2.4,2.410001506250941,1.5062509413077407e-06
601869.SH,SH_MAIN,,False,False,2026-09-24,2026-09-24,READY_INCREMENTAL,,sina_public_snapshot,2026-09-24,438.0,457.8907752780798,0.0007752780798
601872.SH,SH_MAIN,,False,False,2026-09-24,2026-09-24,READY_INCREMENTAL,,sina_public_snapshot,2026-09-24,20.93,20.77996862651655,3.137348345205737e-05
601877.SH,SH_MAIN,,False,False,2026-09-24,2026-09-24,READY_INCREMENTAL,,sina_public_snapshot,2026-09-24,24.9,25.180001617992072,1.617992072766583e-06
601878.SH,SH_MAIN,,False,False,2026-09-24,2026-09-24,READY_INCREMENTAL,,sina_public_snapshot,2026-09-24,9.02,9.140008309098462,8.309098461722897e-06
601880.SH,SH_MAIN,,False,False,2026-09-24,2026-09-24,READY_INCREMENTAL,,sina_public_snapshot,2026-09-24,1.45,1.4600010068972462,1.0068972462473624e-06
601881.SH,SH_MAIN,,False,False,2026-09-24,2026-09-24,READY_INCREMENTAL,,sina_public_snapshot,2026-09-24,11.86,12.08995086546107,4.9134538929962446e-05
601882.SH,SH_MAIN,,False,False,2026-09-24,2026-09-24,READY_INCREMENTAL,,sina_public_snapshot,2026-09-24,23.23,23.929951068761262,4.893123873372929e-05
601886.SH,SH_MAIN,,False,False,2026-09-24,2026-09-24,READY_INCREMENTAL,,sina_public_snapshot,2026-09-24,13.1,13.640007913287034,7.913287033645133e-06
601888.SH,SH_MAIN,,False,False,2026-09-24,2026-09-24,READY_INCREMENTAL,,sina_public_snapshot,2026-09-24,51.46,52.19014005943144,0.0001400594314446
601890.SH,SH_MAIN,,False,False,2026-09-24,2026-09-24,READY_INCREMENTAL,,sina_public_snapshot,2026-09-24,9.39,9.340030835032575,3.0835032577059e-05
601898.SH,SH_MAIN,,False,False,2026-09-24,2026-09-24,READY_INCREMENTAL,,sina_public_snapshot,2026-09-24,14.01,13.919938001132673,6.199886732893845e-05
601899.SH,SH_MAIN,,False,False,2026-09-24,2026-09-24,READY_INCREMENTAL,,sina_public_snapshot,2026-09-24,30.01,31.409941073652703,5.8926347296761605e-05
601900.SH,SH_MAIN,,False,False,2026-09-24,2026-09-24,READY_INCREMENTAL,,sina_public_snapshot,2026-09-24,12.49,12.569944849241176,5.515075882556175e-05
601901.SH,SH_MAIN,,False,False,2026-09-24,2026-09-24,READY_INCREMENTAL,,sina_public_snapshot,2026-09-24,6.74,6.869980022016554,1.9977983446217703e-05
601908.SH,SH_MAIN,,False,False,2026-09-24,2026-09-24,READY_INCREMENTAL,,sina_public_snapshot,2026-09-24,2.89,2.9400095626608613,9.562660861384131e-06
601916.SH,SH_MAIN,,False,False,2026-09-24,2026-09-24,READY_INCREMENTAL,,sina_public_snapshot,2026-09-24,2.84,2.8599913394628453,8.66053715453674e-06
601918.SH,SH_MAIN,,False,False,2026-09-24,2026-09-24,READY_INCREMENTAL,,sina_public_snapshot,2026-09-24,11.15,10.869989081266572,1.091873342673466e-05
601919.SH,SH_MAIN,,False,False,2026-09-24,2026-09-24,READY_INCREMENTAL,,sina_public_snapshot,2026-09-24,16.3,16.360041351760962,4.13517609629821e-05
601921.SH,SH_MAIN,,False,False,2026-09-24,2026-09-24,READY_INCREMENTAL,,sina_public_snapshot,2026-09-24,7.54,7.640007700803518,7.700803518417842e-06
601928.SH,SH_MAIN,,False,False,2026-09-24,2026-09-24,READY_INCREMENTAL,,sina_public_snapshot,2026-09-24,8.26,8.280037691212735,3.76912127357798e-05
601929.SH,SH_MAIN,,False,False,2026-09-24,2026-09-24,READY_INCREMENTAL,,sina_public_snapshot,2026-09-24,2.37,2.4,0.0
601933.SH,SH_MAIN,,False,False,2026-09-24,2026-09-24,READY_INCREMENTAL,,sina_public_snapshot,2026-09-24,3.0,3.009993177348798,6.822651201776608e-06
601939.SH,SH_MAIN,,False,False,2026-09-24,2026-09-24,READY_INCREMENTAL,,sina_public_snapshot,2026-09-24,10.98,10.83000443852641,4.438526410410759e-06
601949.SH,SH_MAIN,,False,False,2026-09-24,2026-09-24,READY_INCREMENTAL,,sina_public_snapshot,2026-09-24,5.71,6.119977277842681,2.2722157319243763e-05
601952.SH,SH_MAIN,,False,False,2026-09-24,2026-09-24,READY_INCREMENTAL,,sina_public_snapshot,2026-09-24,9.11,9.360005753680817,5.753680815345774e-06
601956.SH,SH_MAIN,,False,False,2026-09-24,2026-09-24,READY_INCREMENTAL,,sina_public_snapshot,2026-09-24,5.14,4.950018297733006,1.8297733006100717e-05
601958.SH,SH_MAIN,,False,False,2026-09-24,2026-09-24,READY_INCREMENTAL,,sina_public_snapshot,2026-09-24,19.7,20.700017862959577,1.786295957728612e-05
601963.SH,SH_MAIN,,False,False,2026-09-24,2026-09-24,READY_INCREMENTAL,,sina_public_snapshot,2026-09-24,11.03,10.810016170921742,1.6170921741220923e-05
601965.SH,SH_MAIN,,False,False,2026-09-24,2026-09-24,READY_INCREMENTAL,,sina_public_snapshot,2026-09-24,13.04,13.259983119960138,1.6880039861888463e-05
601966.SH,SH_MAIN,,False,False,2026-09-24,2026-09-24,READY_INCREMENTAL,,sina_public_snapshot,2026-09-24,10.41,10.549998479827307,1.5201726917268843e-06
601968.SH,SH_MAIN,,False,False,2026-09-24,2026-09-24,READY_INCREMENTAL,,sina_public_snapshot,2026-09-24,4.51,4.4699935576589525,6.442341047296907e-06
601969.SH,SH_MAIN,,False,False,2026-09-24,2026-09-24,READY_INCREMENTAL,,sina_public_snapshot,2026-09-24,8.94,9.109992459290355,7.540709642483989e-06
601975.SH,SH_MAIN,,False,False,2026-09-24,2026-09-24,READY_INCREMENTAL,,sina_public_snapshot,2026-09-24,4.47,4.4200096904015584,9.690401558515305e-06
601985.SH,SH_MAIN,,False,False,2026-09-24,2026-09-24,READY_INCREMENTAL,,sina_public_snapshot,2026-09-24,8.9,8.849997514045643,2.4859543561461805e-06
601988.SH,SH_MAIN,,False,False,2026-09-24,2026-09-24,READY_INCREMENTAL,,sina_public_snapshot,2026-09-24,6.62,6.579993638676845,6.361323155346099e-06
601990.SH,SH_MAIN,,False,False,2026-09-24,2026-09-24,READY_INCREMENTAL,,sina_public_snapshot,2026-09-24,6.58,6.699996945290146,3.054709853955728e-06
601991.SH,SH_MAIN,,False,False,2026-09-24,2026-09-24,READY_INCREMENTAL,,sina_public_snapshot,2026-09-24,5.36,5.409988291816384,1.1708183616399026e-05
601992.SH,SH_MAIN,,False,False,2026-09-24,2026-09-24,READY_INCREMENTAL,,sina_public_snapshot,2026-09-24,1.4,1.4199935086011035,6.4913988964132585e-06
601995.SH,SH_MAIN,,False,False,2026-09-24,2026-09-24,READY_INCREMENTAL,,sina_public_snapshot,2026-09-24,31.02,32.6498821151903,0.0001178848096969
601996.SH,SH_MAIN,,False,False,2026-09-24,2026-09-24,READY_INCREMENTAL,,sina_public_snapshot,2026-09-24,2.9,2.989998968965873,1.0310341274077928e-06
601997.SH,SH_MAIN,,False,False,2026-09-24,2026-09-24,READY_INCREMENTAL,,sina_public_snapshot,2026-09-24,5.5,5.5199823360565246,1.7663943475021426e-05
601998.SH,SH_MAIN,,False,False,2026-09-24,2026-09-24,READY_INCREMENTAL,,sina_public_snapshot,2026-09-24,9.01,9.050001004439622,1.00443962125496e-06
601999.SH,SH_MAIN,,False,False,2026-09-24,2026-09-24,READY_INCREMENTAL,,sina_public_snapshot,2026-09-24,6.76,6.90000102071021,1.0207102096870813e-06
603000.SH,SH_MAIN,,False,False,2026-09-24,2026-09-24,READY_INCREMENTAL,,sina_public_snapshot,2026-09-24,16.81,17.089933104247574,6.689575242546653e-05
603001.SH,SH_MAIN,,False,False,2026-09-24,2026-09-24,READY_INCREMENTAL,,sina_public_snapshot,2026-09-24,11.74,12.119960770144017,3.922985598414641e-05
603002.SH,SH_MAIN,,False,False,2026-09-24,2026-09-24,READY_INCREMENTAL,,sina_public_snapshot,2026-09-24,19.19,20.11003405816086,3.405816086043956e-05
603004.SH,SH_MAIN,,False,False,2026-09-24,2026-09-24,READY_INCREMENTAL,,sina_public_snapshot,2026-09-24,18.9,19.18002841485691,2.841485691007506e-05
603005.SH,SH_MAIN,,False,False,2026-09-24,2026-09-24,READY_INCREMENTAL,,sina_public_snapshot,2026-09-24,29.51,30.24991286877012,8.71312298791338e-05
603006.SH,SH_MAIN,,False,False,2026-09-24,2026-09-24,READY_INCREMENTAL,,sina_public_snapshot,2026-09-24,10.83,10.799976066535033,2.3933464968095564e-05
603007.SH,SH_MAIN,,False,False,2026-09-24,2026-09-24,READY_INCREMENTAL,,sina_public_snapshot,2026-09-24,4.55,4.589978714604203,2.1285395797043805e-05
603008.SH,SH_MAIN,,True,False,2026-09-24,2026-09-24,READY_INCREMENTAL,,sina_public_snapshot,2026-09-24,10.47,10.100035692580768,3.56925807682984e-05
603009.SH,SH_MAIN,,False,False,2026-09-24,2026-09-24,READY_INCREMENTAL,,sina_public_snapshot,2026-09-24,47.14,48.150191007333866,0.0001910073338677
603010.SH,SH_MAIN,,False,False,2026-09-24,2026-09-24,READY_INCREMENTAL,,sina_public_snapshot,2026-09-24,12.63,12.449973384855,2.661514499990858e-05
603011.SH,SH_MAIN,,False,False,2026-09-24,2026-09-24,READY_INCREMENTAL,,sina_public_snapshot,2026-09-24,25.99,27.100016683350017,1.6683350015256337e-05
603012.SH,SH_MAIN,,False,False,2026-09-24,2026-09-24,READY_INCREMENTAL,,sina_public_snapshot,2026-09-24,8.7,9.110043037099864,4.303709986430704e-05
603013.SH,SH_MAIN,,False,False,2026-09-24,2026-09-24,READY_INCREMENTAL,,sina_public_snapshot,2026-09-24,14.24,14.380061801951005,6.180195100213837e-05
603014.SH,SH_MAIN,,False,False,2026-09-24,2026-09-24,READY_INCREMENTAL,,sina_public_snapshot,2026-09-24,31.15,31.580121251444677,0.0001212514446748
603015.SH,SH_MAIN,,False,False,2026-09-24,2026-09-24,READY_INCREMENTAL,,sina_public_snapshot,2026-09-24,10.54,10.400015787500246,1.5787500245778574e-05
603016.SH,SH_MAIN,,False,False,2026-09-24,2026-09-24,READY_INCREMENTAL,,sina_public_snapshot,2026-09-24,32.52,32.69984917043741,0.0001508295625924
603017.SH,SH_MAIN,,False,False,2026-09-24,2026-09-24,READY_INCREMENTAL,,sina_public_snapshot,2026-09-24,9.95,9.970039779957714,3.977995771364817e-05
603018.SH,SH_MAIN,,False,False,2026-09-24,2026-09-24,READY_INCREMENTAL,,sina_public_snapshot,2026-09-24,5.15,5.190015015771599,1.5015771598569929e-05
603019.SH,SH_MAIN,,False,False,2026-09-24,2026-09-24,READY_INCREMENTAL,,sina_public_snapshot,2026-09-24,82.17,83.50015750912029,0.0001575091202852
603020.SH,SH_MAIN,,False,False,2026-09-24,2026-09-24,READY_INCREMENTAL,,sina_public_snapshot,2026-09-24,12.88,13.339961885823184,3.811417681554019e-05
603021.SH,SH_MAIN,,True,False,2026-09-24,2026-09-24,READY_INCREMENTAL,,sina_public_snapshot,2026-09-24,5.19,5.239989499828363,1.0500171637062294e-05
603022.SH,SH_MAIN,,False,False,2026-09-24,2026-09-24,READY_INCREMENTAL,,sina_public_snapshot,2026-09-24,8.95,8.920028703556051,2.8703556051112852e-05
603023.SH,SH_MAIN,,False,False,2026-09-24,2026-09-24,READY_INCREMENTAL,,sina_public_snapshot,2026-09-24,4.03,4.070008180413464,8.18041346395404e-06
603025.SH,SH_MAIN,,False,False,2026-09-24,2026-09-24,READY_INCREMENTAL,,sina_public_snapshot,2026-09-24,13.27,13.46005599058709,5.599058708938287e-05
603026.SH,SH_MAIN,,False,False,2026-09-24,2026-09-24,READY_INCREMENTAL,,sina_public_snapshot,2026-09-24,57.54,58.98997354985545,2.645014455282535e-05
603027.SH,SH_MAIN,,False,False,2026-09-24,2026-09-24,READY_INCREMENTAL,,sina_public_snapshot,2026-09-24,7.29,7.429980839006889,1.9160993110389768e-05
603028.SH,SH_MAIN,,False,False,2026-09-24,2026-09-24,READY_INCREMENTAL,,sina_public_snapshot,2026-09-24,7.25,7.130002065241978,2.065241978321808e-06
603029.SH,SH_MAIN,,False,False,2026-09-24,2026-09-24,READY_INCREMENTAL,,sina_public_snapshot,2026-09-24,16.54,16.70994009072265,5.990927735055607e-05
603030.SH,SH_MAIN,,False,False,2026-09-24,2026-09-24,READY_INCREMENTAL,,sina_public_snapshot,2026-09-24,2.04,2.060002625493542,2.625493542129931e-06
603031.SH,SH_MAIN,,False,False,2026-09-24,2026-09-24,READY_INCREMENTAL,,sina_public_snapshot,2026-09-24,39.54,40.37000735113943,7.351139430511466e-06
603032.SH,SH_MAIN,,False,False,2026-09-24,2026-09-24,READY_INCREMENTAL,,sina_public_snapshot,2026-09-24,18.25,18.35997625778413,2.374221587331249e-05
603033.SH,SH_MAIN,,False,False,2026-09-24,2026-09-24,READY_INCREMENTAL,,sina_public_snapshot,2026-09-24,7.87,7.839972903778528,2.709622147190061e-05
603035.SH,SH_MAIN,,False,False,2026-09-24,2026-09-24,READY_INCREMENTAL,,sina_public_snapshot,2026-09-24,10.54,10.349974468753684,2.553124631710091e-05
603036.SH,SH_MAIN,,False,False,2026-09-24,2026-09-24,READY_INCREMENTAL,,sina_public_snapshot,2026-09-24,13.68,13.660056317776046,5.63177760461997e-05
603037.SH,SH_MAIN,,False,False,2026-09-24,2026-09-24,READY_INCREMENTAL,,sina_public_snapshot,2026-09-24,10.22,10.030031208903372,3.120890337271476e-05
603038.SH,SH_MAIN,,False,False,2026-09-24,2026-09-24,READY_INCREMENTAL,,sina_public_snapshot,2026-09-24,16.75,17.389950166112957,4.983388704360436e-05
603039.SH,SH_MAIN,,False,False,2026-09-24,2026-09-24,READY_INCREMENTAL,,sina_public_snapshot,2026-09-24,35.68,37.85997750472188,2.2495278116707595e-05
603040.SH,SH_MAIN,,False,False,2026-09-24,2026-09-24,READY_INCREMENTAL,,sina_public_snapshot,2026-09-24,47.2,48.67986798679868,0.0001320132013162
603041.SH,SH_MAIN,,False,False,2026-09-24,2026-09-24,READY_INCREMENTAL,,sina_public_snapshot,2026-09-24,11.71,11.53001644331978,1.6443319781345167e-05
603042.SH,SH_MAIN,,False,False,2026-09-24,2026-09-24,READY_INCREMENTAL,,sina_public_snapshot,2026-09-24,18.73,17.030059464275972,5.946427597081083e-05
603043.SH,SH_MAIN,,False,False,2026-09-24,2026-09-24,READY_INCREMENTAL,,sina_public_snapshot,2026-09-24,12.88,13.089963006626288,3.699337371187994e-05
603045.SH,SH_MAIN,,False,False,2026-09-24,2026-09-24,READY_INCREMENTAL,,sina_public_snapshot,2026-09-24,48.57,49.670194815155696,0.0001948151556945
603048.SH,SH_MAIN,,False,False,2026-09-24,2026-09-24,READY_INCREMENTAL,,sina_public_snapshot,2026-09-24,25.76,25.49990100970105,9.899029894810953e-05
603049.SH,SH_MAIN,,False,False,2026-09-24,2026-09-24,READY_INCREMENTAL,,sina_public_snapshot,2026-09-24,44.53,45.05990447664535,9.552335465201622e-05
603050.SH,SH_MAIN,,False,False,2026-09-24,2026-09-24,READY_INCREMENTAL,,sina_public_snapshot,2026-09-24,16.83,17.27997042999712,2.957000288006384e-05
603051.SH,SH_MAIN,,False,False,2026-09-24,2026-09-24,READY_INCREMENTAL,,sina_public_snapshot,2026-09-24,25.22,25.570054039804926,5.403980492602045e-05
603052.SH,SH_MAIN,,False,False,2026-09-24,2026-09-24,READY_INCREMENTAL,,sina_public_snapshot,2026-09-24,58.46,58.7401907096852,0.0001907096851994
603053.SH,SH_MAIN,,False,False,2026-09-24,2026-09-24,READY_INCREMENTAL,,sina_public_snapshot,2026-09-24,8.65,8.680032913882032,3.291388203230383e-05
603055.SH,SH_MAIN,,False,False,2026-09-24,2026-09-24,READY_INCREMENTAL,,sina_public_snapshot,2026-09-24,9.51,9.25998052580331,1.947419668901773e-05
603057.SH,SH_MAIN,,False,False,2026-09-24,2026-09-24,READY_INCREMENTAL,,sina_public_snapshot,2026-09-24,17.67,18.33995869098156,4.130901844234813e-05
603058.SH,SH_MAIN,,False,False,2026-09-24,2026-09-24,READY_INCREMENTAL,,sina_public_snapshot,2026-09-24,8.88,9.089978503429217,2.1496570784762525e-05
603059.SH,SH_MAIN,,False,False,2026-09-24,2026-09-24,READY_INCREMENTAL,,sina_public_snapshot,2026-09-24,25.6,25.489883702405606,0.000116297594392
603060.SH,SH_MAIN,,False,False,2026-09-24,2026-09-24,READY_INCREMENTAL,,sina_public_snapshot,2026-09-24,5.45,5.459991784966489,8.215033511227432e-06
603061.SH,SH_MAIN,,False,False,2026-09-24,2026-09-24,READY_INCREMENTAL,,sina_public_snapshot,2026-09-24,333.85,342.1014878878551,0.0014878878550916
603062.SH,SH_MAIN,,False,False,2026-09-24,2026-09-24,READY_INCREMENTAL,,sina_public_snapshot,2026-09-24,38.06,38.849816775036494,0.0001832249635072
603063.SH,SH_MAIN,,False,False,2026-09-24,2026-09-24,READY_INCREMENTAL,,sina_public_snapshot,2026-09-24,29.08,30.03015407493081,0.0001540749308084
603065.SH,SH_MAIN,,False,False,2026-09-24,2026-09-24,READY_INCREMENTAL,,sina_public_snapshot,2026-09-24,16.27,14.789967911132926,3.208886707284364e-05
603066.SH,SH_MAIN,,False,False,2026-09-24,2026-09-24,READY_INCREMENTAL,,sina_public_snapshot,2026-09-24,9.35,9.259992869310304,7.1306896956002674e-06
603067.SH,SH_MAIN,,False,False,2026-09-24,2026-09-24,READY_INCREMENTAL,,sina_public_snapshot,2026-09-24,40.89,39.8600171566716,1.7156671603402174e-05
603068.SH,SH_MAIN,,False,False,2026-09-24,2026-09-24,READY_INCREMENTAL,,sina_public_snapshot,2026-09-24,48.51,45.8701716230911,0.0001716230911057
603069.SH,SH_MAIN,,False,False,2026-09-24,2026-09-24,READY_INCREMENTAL,,sina_public_snapshot,2026-09-24,13.43,13.369968839908807,3.1160091191750894e-05
603070.SH,SH_MAIN,,False,False,2026-09-24,2026-09-24,READY_INCREMENTAL,,sina_public_snapshot,2026-09-24,11.42,11.449998997373116,1.002626882851132e-06
603071.SH,SH_MAIN,,False,False,2026-09-24,2026-09-24,READY_INCREMENTAL,,sina_public_snapshot,2026-09-24,12.33,12.29998802920873,1.1970791270243808e-05
603072.SH,SH_MAIN,,False,False,2026-09-24,2026-09-24,READY_INCREMENTAL,,sina_public_snapshot,2026-09-24,30.53,30.84991360407425,8.6395925752214e-05
603073.SH,SH_MAIN,,False,False,2026-09-24,2026-09-24,READY_INCREMENTAL,,sina_public_snapshot,2026-09-24,18.88,18.10006806699326,6.806699325778709e-05
603075.SH,SH_MAIN,,False,False,2026-09-24,2026-09-24,READY_INCREMENTAL,,sina_public_snapshot,2026-09-24,20.15,20.489927903926134,7.209607386471362e-05
603076.SH,SH_MAIN,,False,False,2026-09-24,2026-09-24,READY_INCREMENTAL,,sina_public_snapshot,2026-09-24,20.21,20.37996894096767,3.105903232736296e-05
603077.SH,SH_MAIN,,False,False,2026-09-24,2026-09-24,READY_INCREMENTAL,,sina_public_snapshot,2026-09-24,2.22,2.249992398674329,7.601325671124925e-06
603078.SH,SH_MAIN,,False,False,2026-09-24,2026-09-24,READY_INCREMENTAL,,sina_public_snapshot,2026-09-24,31.96,32.6799390574353,0.0300609425647024
603079.SH,SH_MAIN,,False,False,2026-09-24,2026-09-24,READY_INCREMENTAL,,sina_public_snapshot,2026-09-24,13.11,13.27998379254457,1.6207455429295692e-05
603080.SH,SH_MAIN,,False,False,2026-09-24,2026-09-24,READY_INCREMENTAL,,sina_public_snapshot,2026-09-24,19.8,19.900097490376595,9.74903765964541e-05
603081.SH,SH_MAIN,,False,False,2026-09-24,2026-09-24,READY_INCREMENTAL,,sina_public_snapshot,2026-09-24,9.4,9.45997624942133,2.3750578669989864e-05
603082.SH,SH_MAIN,,False,False,2026-09-24,2026-09-24,READY_INCREMENTAL,,sina_public_snapshot,2026-09-24,46.74,48.99011602922218,0.0001160292221769
603083.SH,SH_MAIN,,False,False,2026-09-24,2026-09-24,READY_INCREMENTAL,,sina_public_snapshot,2026-09-24,209.63,218.1691401452865,0.0008598547134965
603085.SH,SH_MAIN,,False,False,2026-09-24,2026-09-24,READY_INCREMENTAL,,sina_public_snapshot,2026-09-24,9.74,9.820033271159954,3.327115995332974e-05
603086.SH,SH_MAIN,,False,False,2026-09-24,2026-09-24,READY_INCREMENTAL,,sina_public_snapshot,2026-09-24,5.83,5.819989617857286,1.0382142714426834e-05
603087.SH,SH_MAIN,,False,False,2026-09-24,2026-09-24,READY_INCREMENTAL,,sina_public_snapshot,2026-09-24,73.44,74.55988954090438,0.0001104590956231
603088.SH,SH_MAIN,,False,False,2026-09-24,2026-09-24,READY_INCREMENTAL,,sina_public_snapshot,2026-09-24,10.15,10.359997142069757,2.8579302444597943e-06
603089.SH,SH_MAIN,,False,False,2026-09-24,2026-09-24,READY_INCREMENTAL,,sina_public_snapshot,2026-09-24,9.62,9.76996902452648,3.097547351949004e-05
603090.SH,SH_MAIN,,False,False,2026-09-24,2026-09-24,READY_INCREMENTAL,,sina_public_snapshot,2026-09-24,37.87,39.07991414183109,8.585816890871456e-05
603091.SH,SH_MAIN,,False,False,2026-09-24,2026-09-24,READY_INCREMENTAL,,sina_public_snapshot,2026-09-24,46.43,47.74980459911967,0.0001954008803295
603092.SH,SH_MAIN,,False,False,2026-09-24,2026-09-24,READY_INCREMENTAL,,sina_public_snapshot,2026-09-24,45.85,43.75,0.0
603093.SH,SH_MAIN,,False,False,2026-09-24,2026-09-24,READY_INCREMENTAL,,sina_public_snapshot,2026-09-24,13.4,13.60005683605842,5.683605841966255e-05
603095.SH,SH_MAIN,,False,False,2026-09-24,2026-09-24,READY_INCREMENTAL,,sina_public_snapshot,2026-09-24,14.43,14.760034368479197,3.436847919502384e-05
603096.SH,SH_MAIN,,False,False,2026-09-24,2026-09-24,READY_INCREMENTAL,,sina_public_snapshot,2026-09-24,15.96,15.9200406978484,4.069784840154966e-05
603097.SH,SH_MAIN,,False,False,2026-09-24,2026-09-24,READY_INCREMENTAL,,sina_public_snapshot,2026-09-24,18.44,18.550001508948064,1.5089480633889707e-06
603098.SH,SH_MAIN,,False,False,2026-09-24,2026-09-24,READY_INCREMENTAL,,sina_public_snapshot,2026-09-24,10.72,10.739976356022202,2.364397779786032e-05
603099.SH,SH_MAIN,,False,False,2026-09-24,2026-09-24,READY_INCREMENTAL,,sina_public_snapshot,2026-09-24,41.76,40.4898339102359,0.0001660897641002
603100.SH,SH_MAIN,,False,False,2026-09-24,2026-09-24,READY_INCREMENTAL,,sina_public_snapshot,2026-09-24,18.55,18.70997024559988,2.975440012065178e-05
603101.SH,SH_MAIN,,False,False,2026-09-24,2026-09-24,READY_INCREMENTAL,,sina_public_snapshot,2026-09-24,7.26,7.36002270861001,2.2708610009303243e-05
603102.SH,SH_MAIN,,False,False,2026-09-24,2026-09-24,READY_INCREMENTAL,,sina_public_snapshot,2026-09-24,37.5,37.649846388626734,0.000153611373264
603103.SH,SH_MAIN,,False,False,2026-09-24,2026-09-24,READY_INCREMENTAL,,sina_public_snapshot,2026-09-24,16.01,16.269994512306663,5.487693336192479e-06
603105.SH,SH_MAIN,,False,False,2026-09-24,2026-09-24,READY_INCREMENTAL,,sina_public_snapshot,2026-09-24,8.68,8.189992734683864,7.265316135374178e-06
603106.SH,SH_MAIN,,False,False,2026-09-24,2026-09-24,READY_INCREMENTAL,,sina_public_snapshot,2026-09-24,7.26,7.36002270861001,2.2708610009303243e-05
603107.SH,SH_MAIN,,False,False,2026-09-24,2026-09-24,READY_INCREMENTAL,,sina_public_snapshot,2026-09-24,12.08,12.189953379482937,4.662051706283421e-05
603108.SH,SH_MAIN,,False,False,2026-09-24,2026-09-24,READY_INCREMENTAL,,sina_public_snapshot,2026-09-24,9.98,10.0,0.0
603109.SH,SH_MAIN,,False,False,2026-09-24,2026-09-24,READY_INCREMENTAL,,sina_public_snapshot,2026-09-24,17.72,17.450047761135234,4.776113523519143e-05
603110.SH,SH_MAIN,,False,False,2026-09-24,2026-09-24,READY_INCREMENTAL,,sina_public_snapshot,2026-09-24,25.23,25.099982092759507,1.790724049399728e-05
603111.SH,SH_MAIN,,False,False,2026-09-24,2026-09-24,READY_INCREMENTAL,,sina_public_snapshot,2026-09-24,6.09,6.080028752845333,2.8752845333102076e-05
603112.SH,SH_MAIN,,False,False,2026-09-24,2026-09-24,READY_INCREMENTAL,,sina_public_snapshot,2026-09-24,17.56,17.610012435316296,1.243531629668837e-05
603113.SH,SH_MAIN,,False,False,2026-09-24,2026-09-24,READY_INCREMENTAL,,sina_public_snapshot,2026-09-24,4.83,4.900021304440454,2.130444045356228e-05
603115.SH,SH_MAIN,,False,False,2026-09-24,2026-09-24,READY_INCREMENTAL,,sina_public_snapshot,2026-09-24,79.4,77.1001039006438,0.0001039006438077
603116.SH,SH_MAIN,,False,False,2026-09-24,2026-09-24,READY_INCREMENTAL,,sina_public_snapshot,2026-09-24,7.16,6.750004713690442,4.713690442414986e-06
603117.SH,SH_MAIN,,False,False,2026-09-24,2026-09-24,READY_INCREMENTAL,,sina_public_snapshot,2026-09-24,3.95,3.870006956215036,6.956215035547331e-06
603118.SH,SH_MAIN,,False,False,2026-09-24,2026-09-24,READY_INCREMENTAL,,sina_public_snapshot,2026-09-24,17.76,18.339907887399576,9.211260042363278e-05
603119.SH,SH_MAIN,,False,False,2026-09-24,2026-09-24,READY_INCREMENTAL,,sina_public_snapshot,2026-09-24,56.42,56.61021030663028,0.0002103066302794
603120.SH,SH_MAIN,,False,False,2026-09-24,2026-09-24,READY_INCREMENTAL,,sina_public_snapshot,2026-09-24,59.87,60.0899291406548,7.08593452074524e-05
603121.SH,SH_MAIN,,False,False,2026-09-24,2026-09-24,READY_INCREMENTAL,,sina_public_snapshot,2026-09-24,13.14,12.639963061295164,3.693870483800765e-05
603122.SH,SH_MAIN,,False,False,2026-09-24,2026-09-24,READY_INCREMENTAL,,sina_public_snapshot,2026-09-24,14.93,13.570013270073256,1.3270073257132252e-05
603123.SH,SH_MAIN,,False,False,2026-09-24,2026-09-24,READY_INCREMENTAL,,sina_public_snapshot,2026-09-24,9.37,9.559956332323264,4.366767673680272e-05
603124.SH,SH_MAIN,,False,False,2026-09-24,2026-09-24,READY_INCREMENTAL,,sina_public_snapshot,2026-09-24,131.82,145.00054999450003,0.0005499945000337
603125.SH,SH_MAIN,,False,False,2026-09-24,2026-09-24,READY_INCREMENTAL,,sina_public_snapshot,2026-09-24,23.44,24.52011088446049,0.0001108844604864
603126.SH,SH_MAIN,,False,False,2026-09-24,2026-09-24,READY_INCREMENTAL,,sina_public_snapshot,2026-09-24,6.33,6.350002507899885,2.50789988509581e-06
603127.SH,SH_MAIN,,False,False,2026-09-24,2026-09-24,READY_INCREMENTAL,,sina_public_snapshot,2026-09-24,46.39,47.77007754013449,7.754013448391106e-05
603128.SH,SH_MAIN,,False,False,2026-09-24,2026-09-24,READY_INCREMENTAL,,sina_public_snapshot,2026-09-24,5.3,5.250019811395514,1.9811395514324204e-05
603129.SH,SH_MAIN,,False,False,2026-09-24,2026-09-24,READY_INCREMENTAL,,sina_public_snapshot,2026-09-24,290.75,296.9685208260985,0.0014791739015436
603130.SH,SH_MAIN,,False,False,2026-09-24,2026-09-24,READY_INCREMENTAL,,sina_public_snapshot,2026-09-24,38.68,38.70980655104431,0.0001934489556916
603131.SH,SH_MAIN,,False,False,2026-09-24,2026-09-24,READY_INCREMENTAL,,sina_public_snapshot,2026-09-24,13.99,13.949963604455217,3.639554478418461e-05
603132.SH,SH_MAIN,,False,False,2026-09-24,2026-09-24,READY_INCREMENTAL,,sina_public_snapshot,2026-09-24,17.93,18.779981984624087,1.8015375914615103e-05
603135.SH,SH_MAIN,,False,False,2026-09-24,2026-09-24,READY_INCREMENTAL,,sina_public_snapshot,2026-09-24,8.76,8.879968372715386,3.1627284615254325e-05
603136.SH,SH_MAIN,,False,False,2026-09-24,2026-09-24,READY_INCREMENTAL,,sina_public_snapshot,2026-09-24,9.07,9.190021683182362,2.1683182362508543e-05
603137.SH,SH_MAIN,,False,False,2026-09-24,2026-09-24,READY_INCREMENTAL,,sina_public_snapshot,2026-09-24,19.63,20.06008829300196,8.82930019621142e-05
603138.SH,SH_MAIN,,False,False,2026-09-24,2026-09-24,READY_INCREMENTAL,,sina_public_snapshot,2026-09-24,14.73,15.039973861281002,2.6138718997259502e-05
603139.SH,SH_MAIN,,False,False,2026-09-24,2026-09-24,READY_INCREMENTAL,,sina_public_snapshot,2026-09-24,36.3,36.56988575688582,0.0001142431141829
603150.SH,SH_MAIN,,False,False,2026-09-24,2026-09-24,READY_INCREMENTAL,,sina_public_snapshot,2026-09-24,71.14,75.97992096550252,7.903449748880575e-05
603151.SH,SH_MAIN,,False,False,2026-09-24,2026-09-24,READY_INCREMENTAL,,sina_public_snapshot,2026-09-24,18.32,18.30992953875369,7.04612463131582e-05
603153.SH,SH_MAIN,,False,False,2026-09-24,2026-09-24,READY_INCREMENTAL,,sina_public_snapshot,2026-09-24,13.28,13.40994234128707,5.765871292950919e-05
603155.SH,SH_MAIN,,False,False,2026-09-24,2026-09-24,READY_INCREMENTAL,,sina_public_snapshot,2026-09-24,15.25,15.579984062442533,1.5937557467538e-05
603156.SH,SH_MAIN,,False,False,2026-09-24,2026-09-24,READY_INCREMENTAL,,sina_public_snapshot,2026-09-24,43.9,45.19995057864173,4.9421358269796656e-05
603158.SH,SH_MAIN,,False,False,2026-09-24,2026-09-24,READY_INCREMENTAL,,sina_public_snapshot,2026-09-24,10.51,10.620023442868114,2.3442868114287307e-05
603159.SH,SH_MAIN,,False,False,2026-09-24,2026-09-24,READY_INCREMENTAL,,sina_public_snapshot,2026-09-24,23.03,23.439964987633715,3.5012366286224506e-05
603160.SH,SH_MAIN,,False,False,2026-09-24,2026-09-24,READY_INCREMENTAL,,sina_public_snapshot,2026-09-24,54.4,55.15004055150041,4.055150041182287e-05
603161.SH,SH_MAIN,,False,False,2026-09-24,2026-09-24,READY_INCREMENTAL,,sina_public_snapshot,2026-09-24,15.03,14.950017406873227,1.740687322815404e-05
603162.SH,SH_MAIN,,False,False,2026-09-24,2026-09-24,READY_INCREMENTAL,,sina_public_snapshot,2026-09-24,13.43,13.480010840217206,1.0840217205654312e-05
603163.SH,SH_MAIN,,False,False,2026-09-24,2026-09-24,READY_INCREMENTAL,,sina_public_snapshot,2026-09-24,82.0,83.49965378192334,0.0003462180766575
603165.SH,SH_MAIN,,False,False,2026-09-24,2026-09-24,READY_INCREMENTAL,,sina_public_snapshot,2026-09-24,13.44,13.499939732411908,6.026758809163368e-05
603166.SH,SH_MAIN,,False,False,2026-09-24,2026-09-24,READY_INCREMENTAL,,sina_public_snapshot,2026-09-24,10.99,11.04001125096688,1.1250966881704016e-05
603167.SH,SH_MAIN,,False,False,2026-09-24,2026-09-24,READY_INCREMENTAL,,sina_public_snapshot,2026-09-24,8.06,8.080038495468763,3.849546876288912e-05
603168.SH,SH_MAIN,,False,False,2026-09-24,2026-09-24,READY_INCREMENTAL,,sina_public_snapshot,2026-09-24,5.85,5.86002063528634,2.063528633922118e-05
603169.SH,SH_MAIN,,False,False,2026-09-24,2026-09-24,READY_INCREMENTAL,,sina_public_snapshot,2026-09-24,6.02,6.050008039877794,8.039877793741823e-06
603170.SH,SH_MAIN,,False,False,2026-09-24,2026-09-24,READY_INCREMENTAL,,sina_public_snapshot,2026-09-24,12.32,11.960003883118144,3.883118143477304e-06
603171.SH,SH_MAIN,,False,False,2026-09-24,2026-09-24,READY_INCREMENTAL,,sina_public_snapshot,2026-09-24,40.02,40.49992410059202,7.589940798169437e-05
603172.SH,SH_MAIN,,False,False,2026-09-24,2026-09-24,READY_INCREMENTAL,,sina_public_snapshot,2026-09-24,19.59,19.81991096721975,8.903278024874339e-05
603173.SH,SH_MAIN,,False,False,2026-09-24,2026-09-24,READY_INCREMENTAL,,sina_public_snapshot,2026-09-24,29.48,29.990132147834668,0.0001321478346696
603175.SH,SH_MAIN,,False,False,2026-09-24,2026-09-24,READY_INCREMENTAL,,sina_public_snapshot,2026-09-24,110.39,114.58019783481934,0.000197834819346
603176.SH,SH_MAIN,,False,False,2026-09-24,2026-09-24,READY_INCREMENTAL,,sina_public_snapshot,2026-09-24,5.29,5.300017032190841,1.703219084081553e-05
603177.SH,SH_MAIN,,False,False,2026-09-24,2026-09-24,READY_INCREMENTAL,,sina_public_snapshot,2026-09-24,11.11,11.04999850810101,1.491898990124696e-06
603178.SH,SH_MAIN,,False,False,2026-09-24,2026-09-24,READY_INCREMENTAL,,sina_public_snapshot,2026-09-24,15.85,16.019971901878936,2.809812106363552e-05
603179.SH,SH_MAIN,,False,False,2026-09-24,2026-09-24,READY_INCREMENTAL,,sina_public_snapshot,2026-09-24,41.29,40.909946596122026,5.340387797048152e-05
603180.SH,SH_MAIN,,False,False,2026-09-24,2026-09-24,READY_INCREMENTAL,,sina_public_snapshot,2026-09-24,15.83,15.760025486838437,2.548683843706101e-05
603181.SH,SH_MAIN,,False,False,2026-09-24,2026-09-24,READY_INCREMENTAL,,sina_public_snapshot,2026-09-24,12.55,12.840056885032894,5.688503289391633e-05
603182.SH,SH_MAIN,,False,False,2026-09-24,2026-09-24,READY_INCREMENTAL,,sina_public_snapshot,2026-09-24,13.52,13.60996184781405,3.815218594915848e-05
603183.SH,SH_MAIN,,False,False,2026-09-24,2026-09-24,READY_INCREMENTAL,,sina_public_snapshot,2026-09-24,4.92,4.990009838027526,9.838027525965742e-06
603185.SH,SH_MAIN,,False,False,2026-09-24,2026-09-24,READY_INCREMENTAL,,sina_public_snapshot,2026-09-24,13.92,14.299949662533516,5.033746648486215e-05
603186.SH,SH_MAIN,,False,False,2026-09-24,2026-09-24,READY_INCREMENTAL,,sina_public_snapshot,2026-09-24,213.3,227.6997309876596,0.0002690123403965
603187.SH,SH_MAIN,,False,False,2026-09-24,2026-09-24,READY_INCREMENTAL,,sina_public_snapshot,2026-09-24,10.65,10.740001210140983,1.2101409829767815e-06
603188.SH,SH_MAIN,,False,False,2026-09-24,2026-09-24,READY_INCREMENTAL,,sina_public_snapshot,2026-09-24,4.5,4.539997376890405,2.6231095953122008e-06
603189.SH,SH_MAIN,,True,False,2026-09-24,2026-09-24,READY_INCREMENTAL,,sina_public_snapshot,2026-09-24,9.63,9.619995204986814,4.795013184732966e-06
603190.SH,SH_MAIN,,False,False,2026-09-24,2026-09-24,READY_INCREMENTAL,,sina_public_snapshot,2026-09-24,16.25,16.380057657802954,5.765780295519107e-05
603191.SH,SH_MAIN,,False,False,2026-09-24,2026-09-24,READY_INCREMENTAL,,sina_public_snapshot,2026-09-24,13.24,13.419961686212105,3.831378789520557e-05
603192.SH,SH_MAIN,,False,False,2026-09-24,2026-09-24,READY_INCREMENTAL,,sina_public_snapshot,2026-09-24,21.08,21.89993351063829,6.648936170350339e-05
603193.SH,SH_MAIN,,False,False,2026-09-24,2026-09-24,READY_INCREMENTAL,,sina_public_snapshot,2026-09-24,20.18,20.3900171769223,1.7176922298745012e-05
603194.SH,SH_MAIN,,False,False,2026-09-24,2026-09-24,READY_INCREMENTAL,,sina_public_snapshot,2026-09-24,33.37,33.759927158682785,7.28413172126352e-05
603195.SH,SH_MAIN,,False,False,2026-09-24,2026-09-24,READY_INCREMENTAL,,sina_public_snapshot,2026-09-24,37.89,38.029950216797815,4.97832021864042e-05
603196.SH,SH_MAIN,,False,False,2026-09-24,2026-09-24,READY_INCREMENTAL,,sina_public_snapshot,2026-09-24,18.49,18.85003568151697,3.568151696953237e-05
603197.SH,SH_MAIN,,False,False,2026-09-24,2026-09-24,READY_INCREMENTAL,,sina_public_snapshot,2026-09-24,29.36,29.299935132977392,6.486702260843913e-05
603198.SH,SH_MAIN,,False,False,2026-09-24,2026-09-24,READY_INCREMENTAL,,sina_public_snapshot,2026-09-24,37.2,39.14017865597677,0.000178655976768
603199.SH,SH_MAIN,,False,False,2026-09-24,2026-09-24,READY_INCREMENTAL,,sina_public_snapshot,2026-09-24,32.3,32.799870019090946,0.0001299809090511
603200.SH,SH_MAIN,,False,False,2026-09-24,2026-09-24,READY_INCREMENTAL,,sina_public_snapshot,2026-09-24,38.32,39.57982585702924,0.0001741429707564
603201.SH,SH_MAIN,,False,False,2026-09-24,2026-09-24,READY_INCREMENTAL,,sina_public_snapshot,2026-09-24,15.62,15.940076740958444,7.674095844478757e-05
603202.SH,SH_MAIN,,False,False,2026-09-24,2026-09-24,READY_INCREMENTAL,,sina_public_snapshot,2026-09-24,51.78,52.87018317711205,0.0001831771120492
603203.SH,SH_MAIN,,False,False,2026-09-24,2026-09-24,READY_INCREMENTAL,,sina_public_snapshot,2026-09-24,47.1,47.84980646734327,0.0001935326567306
603205.SH,SH_MAIN,,False,False,2026-09-24,2026-09-24,READY_INCREMENTAL,,sina_public_snapshot,2026-09-24,21.57,21.61994206617286,5.7933827140033145e-05
603206.SH,SH_MAIN,,False,False,2026-09-24,2026-09-24,READY_INCREMENTAL,,sina_public_snapshot,2026-09-24,13.83,13.90998239879306,1.760120693994338e-05
603207.SH,SH_MAIN,,False,False,2026-09-24,2026-09-24,READY_INCREMENTAL,,sina_public_snapshot,2026-09-24,24.25,24.83994878361076,5.12163892416595e-05
603208.SH,SH_MAIN,,False,False,2026-09-24,2026-09-24,READY_INCREMENTAL,,sina_public_snapshot,2026-09-24,11.34,11.279990450801735,9.549198264124923e-06
603209.SH,SH_MAIN,,False,False,2026-09-24,2026-09-24,READY_INCREMENTAL,,sina_public_snapshot,2026-09-24,14.7,14.610002385306512,2.385306512309171e-06
603210.SH,SH_MAIN,,False,False,2026-09-24,2026-09-24,READY_INCREMENTAL,,sina_public_snapshot,2026-09-24,13.4,13.640065146579804,6.514657980360994e-05
603211.SH,SH_MAIN,,False,False,2026-09-24,2026-09-24,READY_INCREMENTAL,,sina_public_snapshot,2026-09-24,19.78,20.079995127200373,4.872799625132984e-06
603212.SH,SH_MAIN,,False,False,2026-09-24,2026-09-24,READY_INCREMENTAL,,sina_public_snapshot,2026-09-24,11.58,11.849941671271568,5.832872843214432e-05
603213.SH,SH_MAIN,,False,False,2026-09-24,2026-09-24,READY_INCREMENTAL,,sina_public_snapshot,2026-09-24,13.62,13.759938575310912,6.142468908798548e-05
603214.SH,SH_MAIN,,False,False,2026-09-24,2026-09-24,READY_INCREMENTAL,,sina_public_snapshot,2026-09-24,13.5,13.430029546065002,2.954606500260581e-05
603215.SH,SH_MAIN,,False,False,2026-09-24,2026-09-24,READY_INCREMENTAL,,sina_public_snapshot,2026-09-24,15.53,14.81997499785287,2.500214712952697e-05
603216.SH,SH_MAIN,,False,False,2026-09-24,2026-09-24,READY_INCREMENTAL,,sina_public_snapshot,2026-09-24,23.32,23.52988658836825,0.0001134116317551
603217.SH,SH_MAIN,,False,False,2026-09-24,2026-09-24,READY_INCREMENTAL,,sina_public_snapshot,2026-09-24,28.11,28.800049178312364,4.917831236284087e-05
603218.SH,SH_MAIN,,False,False,2026-09-24,2026-09-24,READY_INCREMENTAL,,sina_public_snapshot,2026-09-24,9.31,9.239961094900654,3.89050993465645e-05
603219.SH,SH_MAIN,,False,False,2026-09-24,2026-09-24,READY_INCREMENTAL,,sina_public_snapshot,2026-09-24,12.75,12.759952763155262,4.723684473795231e-05
603220.SH,SH_MAIN,,False,False,2026-09-24,2026-09-24,READY_INCREMENTAL,,sina_public_snapshot,2026-09-24,18.18,18.469978665041147,2.133495885203729e-05
603221.SH,SH_MAIN,,False,False,2026-09-24,2026-09-24,READY_INCREMENTAL,,sina_public_snapshot,2026-09-24,30.8,32.69014413381732,0.0001441338173222
603222.SH,SH_MAIN,,False,False,2026-09-24,2026-09-24,READY_INCREMENTAL,,sina_public_snapshot,2026-09-24,8.27,8.939960651201003,3.934879899603061e-05
603223.SH,SH_MAIN,,False,False,2026-09-24,2026-09-24,READY_INCREMENTAL,,sina_public_snapshot,2026-09-24,9.9,10.010010010010012,1.0010010011995972e-05
603225.SH,SH_MAIN,,False,False,2026-09-24,2026-09-24,READY_INCREMENTAL,,sina_public_snapshot,2026-09-24,17.07,17.63994667713834,5.332286166037648e-05
603226.SH,SH_MAIN,,False,False,2026-09-24,2026-09-24,READY_INCREMENTAL,,sina_public_snapshot,2026-09-24,31.0,32.590069490438495,6.949043849147074e-05
603227.SH,SH_MAIN,,False,False,2026-09-24,2026-09-24,READY_INCREMENTAL,,sina_public_snapshot,2026-09-24,7.4,7.520019511401975,1.951140197586909e-05
603228.SH,SH_MAIN,,False,False,2026-09-24,2026-09-24,READY_INCREMENTAL,,sina_public_snapshot,2026-09-24,103.55,107.45045138528587,0.0004513852858707
603229.SH,SH_MAIN,,False,False,2026-09-24,2026-09-24,READY_INCREMENTAL,,sina_public_snapshot,2026-09-24,8.15,8.39998350923483,1.6490765171184307e-05
603230.SH,SH_MAIN,,False,False,2026-09-24,2026-09-24,READY_INCREMENTAL,,sina_public_snapshot,2026-09-24,18.47,16.789993273094193,6.726905805720662e-06
603231.SH,SH_MAIN,,False,False,2026-09-24,2026-09-24,READY_INCREMENTAL,,sina_public_snapshot,2026-09-24,17.16,17.169958575974064,4.1424025937431e-05
603232.SH,SH_MAIN,,False,False,2026-09-24,2026-09-24,READY_INCREMENTAL,,sina_public_snapshot,2026-09-24,15.93,16.990006505903306,6.505903307640892e-06
603233.SH,SH_MAIN,,False,False,2026-09-24,2026-09-24,READY_INCREMENTAL,,sina_public_snapshot,2026-09-24,17.55,17.96995791650881,4.208349118783872e-05
603235.SH,SH_MAIN,,False,False,2026-09-24,2026-09-24,READY_INCREMENTAL,,sina_public_snapshot,2026-09-24,25.17,25.189900021016605,9.997898339619836e-05
603236.SH,SH_MAIN,,False,False,2026-09-24,2026-09-24,READY_INCREMENTAL,,sina_public_snapshot,2026-09-24,72.68,74.58030620202767,0.0003062020276729
603237.SH,SH_MAIN,,False,False,2026-09-24,2026-09-24,READY_INCREMENTAL,,sina_public_snapshot,2026-09-24,15.1,15.16993339294146,6.660705854066862e-05
603238.SH,SH_MAIN,,False,False,2026-09-24,2026-09-24,READY_INCREMENTAL,,sina_public_snapshot,2026-09-24,12.79,12.539953330588071,4.666941192787988e-05
603239.SH,SH_MAIN,,False,False,2026-09-24,2026-09-24,READY_INCREMENTAL,,sina_public_snapshot,2026-09-24,14.0,14.17994348279669,5.6517203310235686e-05
603248.SH,SH_MAIN,,False,False,2026-09-24,2026-09-24,READY_INCREMENTAL,,sina_public_snapshot,2026-09-24,22.54,21.489998665217477,1.3347825245091371e-06
603255.SH,SH_MAIN,,False,False,2026-09-24,2026-09-24,READY_INCREMENTAL,,sina_public_snapshot,2026-09-24,32.57,32.50985676498478,0.0001432350152157
603256.SH,SH_MAIN,,False,False,2026-09-24,2026-09-24,READY_INCREMENTAL,,sina_public_snapshot,2026-09-24,152.0,156.79963688505143,0.000363114948584
603257.SH,SH_MAIN,,False,False,2026-09-24,2026-09-24,READY_INCREMENTAL,,sina_public_snapshot,2026-09-24,66.91,70.37009770411115,9.77041111411836e-05
603258.SH,SH_MAIN,,False,False,2026-09-24,2026-09-24,READY_INCREMENTAL,,sina_public_snapshot,2026-09-24,13.92,14.049962149886449,3.7850113551840536e-05
603259.SH,SH_MAIN,,False,False,2026-09-24,2026-09-24,READY_INCREMENTAL,,sina_public_snapshot,2026-09-24,162.4,167.95077304927867,0.0007730492786777
603260.SH,SH_MAIN,,False,False,2026-09-24,2026-09-24,READY_INCREMENTAL,,sina_public_snapshot,2026-09-24,31.85,32.899833693148366,0.0001663068516322
603261.SH,SH_MAIN,,False,False,2026-09-24,2026-09-24,READY_INCREMENTAL,,sina_public_snapshot,2026-09-24,53.0,52.00003924531264,3.924531263521658e-05
603262.SH,SH_MAIN,,False,False,2026-09-24,2026-09-24,READY_INCREMENTAL,,sina_public_snapshot,2026-09-24,17.93,18.61000975650261,9.756502606705908e-06
603266.SH,SH_MAIN,,False,False,2026-09-24,2026-09-24,READY_INCREMENTAL,,sina_public_snapshot,2026-09-24,18.06,18.160061941296544,6.194129654346625e-05
603267.SH,SH_MAIN,,False,False,2026-09-24,2026-09-24,READY_INCREMENTAL,,sina_public_snapshot,2026-09-24,50.54,51.629907344032524,9.265596747809468e-05
603268.SH,SH_MAIN,,False,False,2026-09-24,2026-09-24,READY_INCREMENTAL,,sina_public_snapshot,2026-09-24,215.9,215.3207870827474,0.0007870827473936
603269.SH,SH_MAIN,,False,False,2026-09-24,2026-09-24,READY_INCREMENTAL,,sina_public_snapshot,2026-09-24,26.03,26.87994382370557,5.6176294428667006e-05
603270.SH,SH_MAIN,,False,False,2026-09-24,2026-09-24,READY_INCREMENTAL,,sina_public_snapshot,2026-09-24,35.71,37.36997425647251,2.5743527487520623e-05
603271.SH,SH_MAIN,,False,False,2026-09-24,2026-09-24,READY_INCREMENTAL,,sina_public_snapshot,2026-09-24,38.92,39.58986043862148,0.0001395613785248
603272.SH,SH_MAIN,,True,False,2026-09-24,2026-09-24,READY_INCREMENTAL,,sina_public_snapshot,2026-09-24,16.81,16.099990422373335,9.5776266668679e-06
603273.SH,SH_MAIN,,False,False,2026-09-24,2026-09-24,READY_INCREMENTAL,,sina_public_snapshot,2026-09-24,14.81,14.730016013049145,1.601304914267132e-05
603275.SH,SH_MAIN,,False,False,2026-09-24,2026-09-24,READY_INCREMENTAL,,sina_public_snapshot,2026-09-24,37.26,37.04992691439537,7.308560462604419e-05
603276.SH,SH_MAIN,,False,False,2026-09-24,2026-09-24,READY_INCREMENTAL,,sina_public_snapshot,2026-09-24,17.91,18.34007475295684,7.475295683789795e-05
603277.SH,SH_MAIN,,False,False,2026-09-24,2026-09-24,READY_INCREMENTAL,,sina_public_snapshot,2026-09-24,11.24,11.559980253414514,1.974658548675734e-05
603278.SH,SH_MAIN,,False,False,2026-09-24,2026-09-24,READY_INCREMENTAL,,sina_public_snapshot,2026-09-24,9.8,8.909981907281638,1.8092718361728544e-05
603279.SH,SH_MAIN,,False,False,2026-09-24,2026-09-24,READY_INCREMENTAL,,sina_public_snapshot,2026-09-24,10.99,11.220010209290454,1.020929045303376e-05
603280.SH,SH_MAIN,,False,False,2026-09-24,2026-09-24,READY_INCREMENTAL,,sina_public_snapshot,2026-09-24,28.31,26.74994330637237,5.669362763427444e-05
603281.SH,SH_MAIN,,False,False,2026-09-24,2026-09-24,READY_INCREMENTAL,,sina_public_snapshot,2026-09-24,18.96,19.720009152746865,9.152746866192274e-06
603282.SH,SH_MAIN,,False,False,2026-09-24,2026-09-24,READY_INCREMENTAL,,sina_public_snapshot,2026-09-24,17.42,17.35007918090097,7.91809009683675e-05
603283.SH,SH_MAIN,,False,False,2026-09-24,2026-09-24,READY_INCREMENTAL,,sina_public_snapshot,2026-09-24,46.02,46.89984101748808,0.0001589825119197
603284.SH,SH_MAIN,,False,False,2026-09-24,2026-09-24,READY_INCREMENTAL,,sina_public_snapshot,2026-09-24,41.03,42.00020472924557,0.0002047292455742
603285.SH,SH_MAIN,,False,False,2026-09-24,2026-09-24,READY_INCREMENTAL,,sina_public_snapshot,2026-09-24,36.81,38.190193596580414,0.0001935965804165
603286.SH,SH_MAIN,,False,False,2026-09-24,2026-09-24,READY_INCREMENTAL,,sina_public_snapshot,2026-09-24,46.06,45.969898997964,0.0001010020360041
603288.SH,SH_MAIN,,False,False,2026-09-24,2026-09-24,READY_INCREMENTAL,,sina_public_snapshot,2026-09-24,33.93,34.26995798319328,4.201680672366592e-05
603289.SH,SH_MAIN,,False,False,2026-09-24,2026-09-24,READY_INCREMENTAL,,sina_public_snapshot,2026-09-24,10.87,11.160049691481603,4.969148160505199e-05
603290.SH,SH_MAIN,,False,False,2026-09-24,2026-09-24,READY_INCREMENTAL,,sina_public_snapshot,2026-09-24,85.95,88.03015250366153,0.0001525036615248
603291.SH,SH_MAIN,,False,False,2026-09-24,2026-09-24,READY_INCREMENTAL,,sina_public_snapshot,2026-09-24,8.72,8.899957133233992,4.2866766008842205e-05
603293.SH,SH_MAIN,,False,False,2026-09-24,2026-09-24,READY_INCREMENTAL,,sina_public_snapshot,2026-09-24,36.73,36.78996764726504,3.235273496215996e-05
603296.SH,SH_MAIN,,False,False,2026-09-24,2026-09-24,READY_INCREMENTAL,,sina_public_snapshot,2026-09-24,79.11,79.88972370334464,0.0002762966553575
603297.SH,SH_MAIN,,False,False,2026-09-24,2026-09-24,READY_INCREMENTAL,,sina_public_snapshot,2026-09-24,113.32,115.57958080473252,0.000419195267483
603298.SH,SH_MAIN,,False,False,2026-09-24,2026-09-24,READY_INCREMENTAL,,sina_public_snapshot,2026-09-24,22.72,23.289903949647883,9.605035211635028e-05
603299.SH,SH_MAIN,,False,False,2026-09-24,2026-09-24,READY_INCREMENTAL,,sina_public_snapshot,2026-09-24,8.64,8.760012166683566,1.2166683566405824e-05
603300.SH,SH_MAIN,,False,False,2026-09-24,2026-09-24,READY_INCREMENTAL,,sina_public_snapshot,2026-09-24,4.55,4.589978714604203,2.1285395797043805e-05
603301.SH,SH_MAIN,,False,False,2026-09-24,2026-09-24,READY_INCREMENTAL,,sina_public_snapshot,2026-09-24,78.48,80.94977771818174,0.0002222818182673
603303.SH,SH_MAIN,,False,False,2026-09-24,2026-09-24,READY_INCREMENTAL,,sina_public_snapshot,2026-09-24,29.33,29.349957971420565,4.202857943624849e-05
603305.SH,SH_MAIN,,False,False,2026-09-24,2026-09-24,READY_INCREMENTAL,,sina_public_snapshot,2026-09-24,11.17,11.220041384575206,4.138457520497241e-05
603306.SH,SH_MAIN,,False,False,2026-09-24,2026-09-24,READY_INCREMENTAL,,sina_public_snapshot,2026-09-24,79.92,83.28990974842112,9.02515788823166e-05
603307.SH,SH_MAIN,,False,False,2026-09-24,2026-09-24,READY_INCREMENTAL,,sina_public_snapshot,2026-09-24,26.2,26.429940482195097,5.951780490320857e-05
603308.SH,SH_MAIN,,False,False,2026-09-24,2026-09-24,READY_INCREMENTAL,,sina_public_snapshot,2026-09-24,38.95,40.15008607271341,8.607271340821399e-05
603309.SH,SH_MAIN,,False,False,2026-09-24,2026-09-24,READY_INCREMENTAL,,sina_public_snapshot,2026-09-24,11.07,11.049999500903365,4.99096636019658e-07
603310.SH,SH_MAIN,,False,False,2026-09-24,2026-09-24,READY_INCREMENTAL,,sina_public_snapshot,2026-09-24,14.74,14.880020997587296,2.099758729556811e-05
603311.SH,SH_MAIN,,False,False,2026-09-24,2026-09-24,READY_INCREMENTAL,,sina_public_snapshot,2026-09-24,25.89,25.459980922223643,1.9077776357789844e-05
603312.SH,SH_MAIN,,False,False,2026-09-24,2026-09-24,READY_INCREMENTAL,,sina_public_snapshot,2026-09-24,31.79,31.79985795596635,0.0001420440336517
603313.SH,SH_MAIN,,False,False,2026-09-24,2026-09-24,READY_INCREMENTAL,,sina_public_snapshot,2026-09-24,6.43,6.570006845885827,6.845885827111431e-06
603315.SH,SH_MAIN,,False,False,2026-09-24,2026-09-24,READY_INCREMENTAL,,sina_public_snapshot,2026-09-24,10.82,11.040027753119675,2.7753119676177107e-05
603316.SH,SH_MAIN,,False,False,2026-09-24,2026-09-24,READY_INCREMENTAL,,sina_public_snapshot,2026-09-24,17.09,17.269952909315062,4.709068493724544e-05
603317.SH,SH_MAIN,,False,False,2026-09-24,2026-09-24,READY_INCREMENTAL,,sina_public_snapshot,2026-09-24,12.66,12.800032353952236,3.235395223555315e-05
603318.SH,SH_MAIN,,False,False,2026-09-24,2026-09-24,READY_INCREMENTAL,,sina_public_snapshot,2026-09-24,8.86,8.979972431687342,2.7568312658488026e-05
603319.SH,SH_MAIN,,False,False,2026-09-24,2026-09-24,READY_INCREMENTAL,,sina_public_snapshot,2026-09-24,30.85,31.200064726228284,6.472622828468388e-05
603320.SH,SH_MAIN,,False,False,2026-09-24,2026-09-24,READY_INCREMENTAL,,sina_public_snapshot,2026-09-24,18.12,18.35996473914057,3.526085943050816e-05
603321.SH,SH_MAIN,,False,False,2026-09-24,2026-09-24,READY_INCREMENTAL,,sina_public_snapshot,2026-09-24,7.23,7.059995312866182,4.687133817959932e-06
603322.SH,SH_MAIN,,False,False,2026-09-24,2026-09-24,READY_INCREMENTAL,,sina_public_snapshot,2026-09-24,29.12,32.35987020491621,0.0001297950837866
603323.SH,SH_MAIN,,False,False,2026-09-24,2026-09-24,READY_INCREMENTAL,,sina_public_snapshot,2026-09-24,4.41,4.37999702041019,2.9795898095485995e-06
603324.SH,SH_MAIN,,False,False,2026-09-24,2026-09-24,READY_INCREMENTAL,,sina_public_snapshot,2026-09-24,26.51,26.979991451077776,8.548922224349553e-06
603325.SH,SH_MAIN,,False,False,2026-09-24,2026-09-24,READY_INCREMENTAL,,sina_public_snapshot,2026-09-24,52.88,53.52010040079349,0.0001004007934852
603326.SH,SH_MAIN,,False,False,2026-09-24,2026-09-24,READY_INCREMENTAL,,sina_public_snapshot,2026-09-24,7.56,7.56,0.0
603327.SH,SH_MAIN,,False,False,2026-09-24,2026-09-24,READY_INCREMENTAL,,sina_public_snapshot,2026-09-24,8.27,8.380029791157902,2.979115790147091e-05
603328.SH,SH_MAIN,,False,False,2026-09-24,2026-09-24,READY_INCREMENTAL,,sina_public_snapshot,2026-09-24,14.26,15.199965890679628,3.410932037084535e-05
603329.SH,SH_MAIN,,False,False,2026-09-24,2026-09-24,READY_INCREMENTAL,,sina_public_snapshot,2026-09-24,10.2,10.09001879513305,1.879513304992031e-05
603330.SH,SH_MAIN,,False,False,2026-09-24,2026-09-24,READY_INCREMENTAL,,sina_public_snapshot,2026-09-24,9.81,9.85999015006081,9.849939189621182e-06
603331.SH,SH_MAIN,,False,False,2026-09-24,2026-09-24,READY_INCREMENTAL,,sina_public_snapshot,2026-09-24,12.46,12.620021877405502,2.187740550319006e-05
603332.SH,SH_MAIN,,False,False,2026-09-24,2026-09-24,READY_INCREMENTAL,,sina_public_snapshot,2026-09-24,12.03,12.10005934359944,5.934359944070877e-05
603333.SH,SH_MAIN,,False,False,2026-09-24,2026-09-24,READY_INCREMENTAL,,sina_public_snapshot,2026-09-24,9.32,9.42995325495275,4.6745047249885374e-05
603334.SH,SH_MAIN,,False,False,2026-09-24,2026-09-24,READY_INCREMENTAL,,sina_public_snapshot,2026-09-24,32.08,32.170076213397515,7.621339751295864e-05
603335.SH,SH_MAIN,,False,False,2026-09-24,2026-09-24,READY_INCREMENTAL,,sina_public_snapshot,2026-09-24,6.13,6.220003449920347,3.44992034762015e-06
603336.SH,SH_MAIN,,False,False,2026-09-24,2026-09-24,READY_INCREMENTAL,,sina_public_snapshot,2026-09-24,10.3,10.610024928408086,2.4928408086211107e-05
603337.SH,SH_MAIN,,False,False,2026-09-24,2026-09-24,READY_INCREMENTAL,,sina_public_snapshot,2026-09-24,37.04,37.64992884732669,7.115267330704e-05
603338.SH,SH_MAIN,,False,False,2026-09-24,2026-09-24,READY_INCREMENTAL,,sina_public_snapshot,2026-09-24,52.78,54.27974947807934,0.0002505219206625
603339.SH,SH_MAIN,,False,False,2026-09-24,2026-09-24,READY_INCREMENTAL,,sina_public_snapshot,2026-09-24,12.3,12.749945579500576,5.442049942416816e-05
603341.SH,SH_MAIN,,False,False,2026-09-24,2026-09-24,READY_INCREMENTAL,,sina_public_snapshot,2026-09-24,37.33,38.42986266960406,0.0001373303959368
603344.SH,SH_MAIN,,False,False,2026-09-24,2026-09-24,READY_INCREMENTAL,,sina_public_snapshot,2026-09-24,22.36,22.519891227716787,0.0001087722832124
603345.SH,SH_MAIN,,False,False,2026-09-24,2026-09-24,REPAIRED_FULL_HISTORY,QFQ_CONTINUITY_BREAK,sina_daily,2026-09-24,76.93,77.75026529890343,1.7297347010965751
603348.SH,SH_MAIN,,False,False,2026-09-24,2026-09-24,READY_INCREMENTAL,,sina_public_snapshot,2026-09-24,14.48,14.409967557669724,3.2442330276438724e-05
603350.SH,SH_MAIN,,False,False,2026-09-24,2026-09-24,READY_INCREMENTAL,,sina_public_snapshot,2026-09-24,28.31,28.400028089042262,2.8089042263701455e-05
603351.SH,SH_MAIN,,False,False,2026-09-24,2026-09-24,READY_INCREMENTAL,,sina_public_snapshot,2026-09-24,27.16,27.55010955124564,0.0001095512456359
603352.SH,SH_MAIN,,False,False,2026-09-24,2026-09-24,READY_INCREMENTAL,,sina_public_snapshot,2026-09-24,25.62,25.789955808779855,4.419122014098775e-05
603353.SH,SH_MAIN,,False,False,2026-09-24,2026-09-24,READY_INCREMENTAL,,sina_public_snapshot,2026-09-24,44.17,46.23000921041615,9.21041615242757e-06
603355.SH,SH_MAIN,,False,False,2026-09-24,2026-09-24,READY_INCREMENTAL,,sina_public_snapshot,2026-09-24,31.1,32.37998063448104,1.936551896619676e-05
603356.SH,SH_MAIN,,False,False,2026-09-24,2026-09-24,READY_INCREMENTAL,,sina_public_snapshot,2026-09-24,17.11,17.38008654490787,8.654490786952351e-05
603357.SH,SH_MAIN,,False,False,2026-09-24,2026-09-24,READY_INCREMENTAL,,sina_public_snapshot,2026-09-24,5.95,5.960012821540188,1.282154018777959e-05
603358.SH,SH_MAIN,,False,False,2026-09-24,2026-09-24,READY_INCREMENTAL,,sina_public_snapshot,2026-09-24,44.73,46.429794787157846,0.0002052128421539
603359.SH,SH_MAIN,,True,False,2026-09-24,2026-09-24,READY_INCREMENTAL,,sina_public_snapshot,2026-09-24,2.15,2.1799967553536663,3.244646333833145e-06
603360.SH,SH_MAIN,,False,False,2026-09-24,2026-09-24,READY_INCREMENTAL,,sina_public_snapshot,2026-09-24,12.55,12.840056885032894,5.688503289391633e-05
603363.SH,SH_MAIN,,False,False,2026-09-24,2026-09-24,READY_INCREMENTAL,,sina_public_snapshot,2026-09-24,2.8,2.86000286000286,2.860002859872424e-06
603365.SH,SH_MAIN,,False,False,2026-09-24,2026-09-24,READY_INCREMENTAL,,sina_public_snapshot,2026-09-24,16.08,16.05992509363296,7.490636703977316e-05
603366.SH,SH_MAIN,,False,False,2026-09-24,2026-09-24,READY_INCREMENTAL,,sina_public_snapshot,2026-09-24,7.3,7.329979616632025,2.038336797482998e-05
603367.SH,SH_MAIN,,False,False,2026-09-24,2026-09-24,READY_INCREMENTAL,,sina_public_snapshot,2026-09-24,14.28,14.479968363094333,3.1636905667653537e-05
603368.SH,SH_MAIN,,False,False,2026-09-24,2026-09-24,READY_INCREMENTAL,,sina_public_snapshot,2026-09-24,15.17,15.2399513768196,4.8623180399332e-05
603369.SH,SH_MAIN,,False,False,2026-09-24,2026-09-24,READY_INCREMENTAL,,sina_public_snapshot,2026-09-24,26.92,27.25993134385791,6.865614209061732e-05
603370.SH,SH_MAIN,,False,False,2026-09-24,2026-09-24,READY_INCREMENTAL,,sina_public_snapshot,2026-09-24,27.97,27.44013106905652,0.0001310690565183
603373.SH,SH_MAIN,,False,False,2026-09-24,2026-09-24,READY_INCREMENTAL,,sina_public_snapshot,2026-09-24,50.8,47.959819489813256,0.0001805101867446
603375.SH,SH_MAIN,,False,False,2026-09-24,2026-09-24,READY_INCREMENTAL,,sina_public_snapshot,2026-09-24,49.25,44.76987828047306,0.0001217195269447
603376.SH,SH_MAIN,,False,False,2026-09-24,2026-09-24,READY_INCREMENTAL,,sina_public_snapshot,2026-09-24,27.01,27.230018549883056,1.8549883055385408e-05
603377.SH,SH_MAIN,,True,False,2026-09-24,2026-09-24,READY_INCREMENTAL,,sina_public_snapshot,2026-09-24,3.19,3.1699973169301705,2.6830698294233457e-06
603378.SH,SH_MAIN,,True,False,2026-09-24,2026-09-24,READY_INCREMENTAL,,sina_public_snapshot,2026-09-24,4.71,4.900022887580366,2.288758036605998e-05
603379.SH,SH_MAIN,,False,False,2026-09-24,2026-09-24,READY_INCREMENTAL,,sina_public_snapshot,2026-09-24,50.03,51.31018922106559,0.0001892210655896
603380.SH,SH_MAIN,,False,False,2026-09-24,2026-09-24,READY_INCREMENTAL,,sina_public_snapshot,2026-09-24,34.23,35.65996457964371,3.5420356283566434e-05
603381.SH,SH_MAIN,,False,False,2026-09-24,2026-09-24,READY_INCREMENTAL,,sina_public_snapshot,2026-09-24,14.84,15.080074790667426,7.479066742632767e-05
603382.SH,SH_MAIN,,False,False,2026-09-24,2026-09-24,READY_INCREMENTAL,,sina_public_snapshot,2026-09-24,19.16,18.96992138769529,7.861230470496139e-05
603383.SH,SH_MAIN,,False,False,2026-09-24,2026-09-24,READY_INCREMENTAL,,sina_public_snapshot,2026-09-24,26.83,27.180079422967825,7.94229678255931e-05
603385.SH,SH_MAIN,,False,False,2026-09-24,2026-09-24,READY_INCREMENTAL,,sina_public_snapshot,2026-09-24,5.69,5.649998014060452,1.985939547921589e-06
603386.SH,SH_MAIN,,False,False,2026-09-24,2026-09-24,READY_INCREMENTAL,,sina_public_snapshot,2026-09-24,18.47,19.369926799085512,7.320091448903554e-05
603387.SH,SH_MAIN,,False,False,2026-09-24,2026-09-24,READY_INCREMENTAL,,sina_public_snapshot,2026-09-24,9.82,9.950047115803551,4.7115803553765545e-05
603389.SH,SH_MAIN,,False,False,2026-09-24,2026-09-24,READY_INCREMENTAL,,sina_public_snapshot,2026-09-24,43.82,44.300214323264186,0.0002143232641884
603390.SH,SH_MAIN,,False,False,2026-09-24,2026-09-24,READY_INCREMENTAL,,sina_public_snapshot,2026-09-24,10.58,11.06995626425597,4.373574403082614e-05
603391.SH,SH_MAIN,,False,False,2026-09-24,2026-09-24,READY_INCREMENTAL,,sina_public_snapshot,2026-09-24,68.3,68.20996284903927,3.715096072198776e-05
603392.SH,SH_MAIN,,False,False,2026-09-24,2026-09-24,READY_INCREMENTAL,,sina_public_snapshot,2026-09-24,26.38,26.92990873639723,9.126360276923152e-05
603393.SH,SH_MAIN,,False,False,2026-09-24,2026-09-24,READY_INCREMENTAL,,sina_public_snapshot,2026-09-24,24.77,25.189915898019997,8.410198000774471e-05
603395.SH,SH_MAIN,,False,False,2026-09-24,2026-09-24,READY_INCREMENTAL,,sina_public_snapshot,2026-09-24,26.01,26.77992277992278,7.722007721966406e-05
603396.SH,SH_MAIN,,False,False,2026-09-24,2026-09-24,READY_INCREMENTAL,,sina_public_snapshot,2026-09-24,35.64,32.4,0.0
603398.SH,SH_MAIN,,True,False,2026-09-24,2026-09-24,READY_INCREMENTAL,,sina_public_snapshot,2026-09-24,8.75,8.63004241049413,4.241049412989639e-05
603399.SH,SH_MAIN,,False,False,2026-09-24,2026-09-24,READY_INCREMENTAL,,sina_public_snapshot,2026-09-24,13.22,13.539948994745846,5.1005254153579926e-05
603400.SH,SH_MAIN,,False,False,2026-09-24,2026-09-24,REPAIRED_FULL_HISTORY,PRIOR_QUARANTINE_RETRY,sina_daily,2026-09-14,54.67,,
603402.SH,SH_MAIN,,False,False,2026-09-24,2026-09-24,READY_INCREMENTAL,,sina_public_snapshot,2026-09-24,60.65,62.00987659369984,0.0001234063001618
603406.SH,SH_MAIN,,False,False,2026-09-24,2026-09-24,READY_INCREMENTAL,,sina_public_snapshot,2026-09-24,27.91,28.399898244721445,0.0001017552785533
603407.SH,SH_MAIN,,False,False,2026-09-24,2026-09-24,READY_INCREMENTAL,,sina_public_snapshot,2026-09-24,61.5,62.73013800630361,0.0001380063036151
603408.SH,SH_MAIN,,False,False,2026-09-24,2026-09-24,READY_INCREMENTAL,,sina_public_snapshot,2026-09-24,11.69,11.69,0.0
603409.SH,SH_MAIN,,False,False,2026-09-24,2026-09-24,READY_INCREMENTAL,,sina_public_snapshot,2026-09-24,17.99,17.889994928350518,5.07164948260197e-06
603416.SH,SH_MAIN,,False,False,2026-09-24,2026-09-24,READY_INCREMENTAL,,sina_public_snapshot,2026-09-24,46.37,46.710049157869285,4.915786928449961e-05
603418.SH,SH_MAIN,,False,False,2026-09-24,2026-09-24,READY_INCREMENTAL,,sina_public_snapshot,2026-09-24,45.11,44.72004124038385,4.124038385100448e-05
603421.SH,SH_MAIN,,False,False,2026-09-24,2026-09-24,READY_INCREMENTAL,,sina_public_snapshot,2026-09-24,6.38,6.499989811928194,1.01880718057501e-05
603429.SH,SH_MAIN,,True,False,2026-09-24,2026-09-24,READY_INCREMENTAL,,sina_public_snapshot,2026-09-24,8.7,8.599982206933364,1.7793066636073718e-05
603435.SH,SH_MAIN,,False,False,2026-09-24,2026-09-24,READY_INCREMENTAL,,sina_public_snapshot,2026-09-24,48.39,49.24990331182445,9.668817554597808e-05
603439.SH,SH_MAIN,,False,False,2026-09-24,2026-09-24,READY_INCREMENTAL,,sina_public_snapshot,2026-09-24,13.48,13.880022240985191,2.2240985192212293e-05
603444.SH,SH_MAIN,,False,False,2026-09-24,2026-09-24,READY_INCREMENTAL,,sina_public_snapshot,2026-09-24,342.0,344.5809110235665,0.0009110235665161
603448.SH,SH_MAIN,,False,False,2026-09-24,2026-09-24,READY_INCREMENTAL,,sina_public_snapshot,2026-09-24,62.17,61.30015085930645,0.0001508593064514
603456.SH,SH_MAIN,,False,False,2026-09-24,2026-09-24,READY_INCREMENTAL,,sina_public_snapshot,2026-09-24,16.24,16.659998563793224,1.436206776617155e-06
603458.SH,SH_MAIN,,False,False,2026-09-24,2026-09-24,READY_INCREMENTAL,,sina_public_snapshot,2026-09-24,10.81,10.890041807283534,4.1807283533756845e-05
603459.SH,SH_MAIN,,False,False,2026-09-24,2026-09-24,READY_INCREMENTAL,,sina_public_snapshot,2026-09-24,85.16,88.77954192425173,0.0004580757482699
603466.SH,SH_MAIN,,False,False,2026-09-24,2026-09-24,READY_INCREMENTAL,,sina_public_snapshot,2026-09-24,12.11,12.69006276917918,6.276917918057734e-05
603468.SH,SH_MAIN,,False,False,2026-09-24,2026-09-24,READY_INCREMENTAL,,sina_public_snapshot,2026-09-24,22.49,22.379890936591966,0.0001090634080327
603477.SH,SH_MAIN,,False,False,2026-09-24,2026-09-24,READY_INCREMENTAL,,sina_public_snapshot,2026-09-24,13.89,14.240019683828503,1.968382850492389e-05
603486.SH,SH_MAIN,,False,False,2026-09-24,2026-09-24,READY_INCREMENTAL,,sina_public_snapshot,2026-09-24,50.33,50.750211753317465,0.0002117533174654
603488.SH,SH_MAIN,,False,False,2026-09-24,2026-09-24,READY_INCREMENTAL,,sina_public_snapshot,2026-09-24,7.91,7.979984463747061,1.5536252939263306e-05
603489.SH,SH_MAIN,,False,False,2026-09-24,2026-09-24,READY_INCREMENTAL,,sina_public_snapshot,2026-09-24,29.63,29.46001570935701,1.570935700812015e-05
603496.SH,SH_MAIN,,False,False,2026-09-24,2026-09-24,READY_INCREMENTAL,,sina_public_snapshot,2026-09-24,22.58,22.999979628007416,2.0371992583534396e-05
603499.SH,SH_MAIN,,False,False,2026-09-24,2026-09-24,READY_INCREMENTAL,,sina_public_snapshot,2026-09-24,13.18,13.349944797269238,5.520273076164983e-05
603500.SH,SH_MAIN,,False,False,2026-09-24,2026-09-24,READY_INCREMENTAL,,sina_public_snapshot,2026-09-24,10.42,9.469972371673697,2.762832630587297e-05
603501.SH,SH_MAIN,,False,False,2026-09-24,2026-09-24,READY_INCREMENTAL,,sina_public_snapshot,2026-09-24,81.4,82.76984086633789,0.0001591336621089
603505.SH,SH_MAIN,,False,False,2026-09-24,2026-09-24,READY_INCREMENTAL,,sina_public_snapshot,2026-09-24,14.91,15.220032052917938,3.205291793761944e-05
603506.SH,SH_MAIN,,False,False,2026-09-24,2026-09-24,READY_INCREMENTAL,,sina_public_snapshot,2026-09-24,12.08,12.210036892909487,3.689290948649671e-05
603507.SH,SH_MAIN,,False,False,2026-09-24,2026-09-24,READY_INCREMENTAL,,sina_public_snapshot,2026-09-24,26.75,27.74004210264334,4.210264334147951e-05
603508.SH,SH_MAIN,,False,False,2026-09-24,2026-09-24,READY_INCREMENTAL,,sina_public_snapshot,2026-09-24,20.7,20.939972080037226,2.791996277551334e-05
603511.SH,SH_MAIN,,False,False,2026-09-24,2026-09-24,READY_INCREMENTAL,,sina_public_snapshot,2026-09-24,12.77,12.420004279406328,4.2794063279671946e-06
603515.SH,SH_MAIN,,False,False,2026-09-24,2026-09-24,READY_INCREMENTAL,,sina_public_snapshot,2026-09-24,14.6,14.65995923326405,4.076673594965996e-05
603516.SH,SH_MAIN,,False,False,2026-09-24,2026-09-24,READY_INCREMENTAL,,sina_public_snapshot,2026-09-24,82.68,84.99002898789088,2.8987890885900924e-05
603517.SH,SH_MAIN,,True,False,2026-09-24,2026-09-24,READY_INCREMENTAL,,sina_public_snapshot,2026-09-24,11.43,11.380041617300051,4.161730005236564e-05
603518.SH,SH_MAIN,,False,False,2026-09-24,2026-09-24,READY_INCREMENTAL,,sina_public_snapshot,2026-09-24,7.72,7.739969120330453,3.087966954762322e-05
603519.SH,SH_MAIN,,False,False,2026-09-24,2026-09-24,READY_INCREMENTAL,,sina_public_snapshot,2026-09-24,17.58,17.21993123781724,6.876218276019586e-05
603520.SH,SH_MAIN,,False,False,2026-09-24,2026-09-24,READY_INCREMENTAL,,sina_public_snapshot,2026-09-24,8.47,8.64003590664273,3.5906642729344185e-05
603527.SH,SH_MAIN,,False,False,2026-09-24,2026-09-24,READY_INCREMENTAL,,sina_public_snapshot,2026-09-24,9.65,9.93002675447623,2.675447623090577e-05
603528.SH,SH_MAIN,,False,False,2026-09-24,2026-09-24,READY_INCREMENTAL,,sina_public_snapshot,2026-09-24,6.5,6.580012957563977,1.2957563977344932e-05
603529.SH,SH_MAIN,,False,False,2026-09-24,2026-09-24,REPAIRED_FULL_HISTORY,QFQ_CONTINUITY_BREAK,sina_daily,2026-09-24,20.88,21.28006522625357,0.3799347737464345
603530.SH,SH_MAIN,,False,False,2026-09-24,2026-09-24,READY_INCREMENTAL,,sina_public_snapshot,2026-09-24,44.81,46.0099392147199,6.078528009823003e-05
603533.SH,SH_MAIN,,False,False,2026-09-24,2026-09-24,READY_INCREMENTAL,,sina_public_snapshot,2026-09-24,22.37,22.549948589746176,5.141025382471298e-05
603535.SH,SH_MAIN,,False,False,2026-09-24,2026-09-24,READY_INCREMENTAL,,sina_public_snapshot,2026-09-24,6.21,6.220014222898867,1.4222898867544131e-05
603536.SH,SH_MAIN,,False,False,2026-09-24,2026-09-24,READY_INCREMENTAL,,sina_public_snapshot,2026-09-24,9.91,9.870026393107912,2.6393107912525693e-05
603538.SH,SH_MAIN,,False,False,2026-09-24,2026-09-24,READY_INCREMENTAL,,sina_public_snapshot,2026-09-24,26.76,27.78008471057221,8.471057221015599e-05
603551.SH,SH_MAIN,,False,False,2026-09-24,2026-09-24,READY_INCREMENTAL,,sina_public_snapshot,2026-09-24,9.33,9.289960271230994,3.972876900526501e-05
603556.SH,SH_MAIN,,False,False,2026-09-24,2026-09-24,READY_INCREMENTAL,,sina_public_snapshot,2026-09-24,22.68,23.160109060831022,0.0001090608310256
603557.SH,SH_MAIN,,True,False,2026-09-24,2026-09-24,READY_INCREMENTAL,,sina_public_snapshot,2026-09-24,3.14,3.250012937949594,1.293794959389416e-05
603558.SH,SH_MAIN,,False,False,2026-09-24,2026-09-24,READY_INCREMENTAL,,sina_public_snapshot,2026-09-24,13.31,13.050043140638484,4.314063848198657e-05
603559.SH,SH_MAIN,,False,False,2026-09-24,2026-09-24,READY_INCREMENTAL,,sina_public_snapshot,2026-09-24,9.09,9.220002028603307,2.028603306669652e-06
603565.SH,SH_MAIN,,False,False,2026-09-24,2026-09-24,READY_INCREMENTAL,,sina_public_snapshot,2026-09-24,11.69,11.820020222446916,2.022244691524122e-05
603566.SH,SH_MAIN,,False,False,2026-09-24,2026-09-24,READY_INCREMENTAL,,sina_public_snapshot,2026-09-24,10.19,10.220046937997711,4.6937997712603874e-05
603567.SH,SH_MAIN,,False,False,2026-09-24,2026-09-24,READY_INCREMENTAL,,sina_public_snapshot,2026-09-24,5.17,5.3100253689800025,2.5368980002937747e-05
603568.SH,SH_MAIN,,False,False,2026-09-24,2026-09-24,READY_INCREMENTAL,,sina_public_snapshot,2026-09-24,13.36,13.76993084114076,6.915885924030363e-05
603569.SH,SH_MAIN,,False,False,2026-09-24,2026-09-24,READY_INCREMENTAL,,sina_public_snapshot,2026-09-24,5.81,5.780001790706234,1.790706233961714e-06
603577.SH,SH_MAIN,,False,False,2026-09-24,2026-09-24,READY_INCREMENTAL,,sina_public_snapshot,2026-09-24,9.7,9.660007568665725,7.568665722601509e-06
603578.SH,SH_MAIN,,False,False,2026-09-24,2026-09-24,READY_INCREMENTAL,,sina_public_snapshot,2026-09-24,13.83,13.900056283669697,5.628366969645526e-05
603579.SH,SH_MAIN,,False,False,2026-09-24,2026-09-24,READY_INCREMENTAL,,sina_public_snapshot,2026-09-24,18.33,17.85001314649086,1.314649085770725e-05
603580.SH,SH_MAIN,,False,False,2026-09-24,2026-09-24,READY_INCREMENTAL,,sina_public_snapshot,2026-09-24,78.74,77.56030771958511,0.0003077195851091
603583.SH,SH_MAIN,,False,False,2026-09-24,2026-09-24,READY_INCREMENTAL,,sina_public_snapshot,2026-09-24,28.08,28.639910245295525,8.975470447580847e-05
603585.SH,SH_MAIN,,False,False,2026-09-24,2026-09-24,READY_INCREMENTAL,,sina_public_snapshot,2026-09-24,10.36,10.470040121678844,4.012167884326345e-05
603586.SH,SH_MAIN,,False,False,2026-09-24,2026-09-24,READY_INCREMENTAL,,sina_public_snapshot,2026-09-24,13.65,13.710050019083589,5.001908358615026e-05
603587.SH,SH_MAIN,,False,False,2026-09-24,2026-09-24,READY_INCREMENTAL,,sina_public_snapshot,2026-09-24,12.29,12.160009498461443,9.498461444934492e-06
603588.SH,SH_MAIN,,False,False,2026-09-24,2026-09-24,REPAIRED_FULL_HISTORY,QFQ_CONTINUITY_BREAK,sina_daily,2026-09-24,17.22,17.319936030898283,0.1400639691017176
603589.SH,SH_MAIN,,False,False,2026-09-24,2026-09-24,READY_INCREMENTAL,,sina_public_snapshot,2026-09-24,17.58,17.99993856676257,6.14332374304638e-05
603590.SH,SH_MAIN,,False,False,2026-09-24,2026-09-24,READY_INCREMENTAL,,sina_public_snapshot,2026-09-24,29.38,29.920057029380317,5.702938031149074e-05
603595.SH,SH_MAIN,,True,False,2026-09-24,2026-09-24,READY_INCREMENTAL,,sina_public_snapshot,2026-09-24,32.55,33.29991406473789,8.593526210631808e-05
603596.SH,SH_MAIN,,False,False,2026-09-24,2026-09-24,READY_INCREMENTAL,,sina_public_snapshot,2026-09-24,28.55,28.72002253339772,2.2533397718405013e-05
603598.SH,SH_MAIN,,False,False,2026-09-24,2026-09-24,READY_INCREMENTAL,,sina_public_snapshot,2026-09-24,18.26,19.120018428933427,1.8428933426406505e-05
603599.SH,SH_MAIN,,False,False,2026-09-24,2026-09-24,READY_INCREMENTAL,,sina_public_snapshot,2026-09-24,10.35,10.599946744228918,5.325577108195034e-05
603600.SH,SH_MAIN,,False,False,2026-09-24,2026-09-24,READY_INCREMENTAL,,sina_public_snapshot,2026-09-24,10.32,10.300017965147614,1.7965147613097088e-05
603601.SH,SH_MAIN,,False,False,2026-09-24,2026-09-24,READY_INCREMENTAL,,sina_public_snapshot,2026-09-24,10.59,10.12002599289018,2.599289017979345e-05
603602.SH,SH_MAIN,,False,False,2026-09-24,2026-09-24,READY_INCREMENTAL,,sina_public_snapshot,2026-09-24,11.63,11.490051176668182,5.117666818144073e-05
603605.SH,SH_MAIN,,False,False,2026-09-24,2026-09-24,READY_INCREMENTAL,,sina_public_snapshot,2026-09-24,56.45,56.79017313709118,0.0001731370911812
603606.SH,SH_MAIN,,False,False,2026-09-24,2026-09-24,READY_INCREMENTAL,,sina_public_snapshot,2026-09-24,35.56,35.56,0.0
603607.SH,SH_MAIN,,False,False,2026-09-24,2026-09-24,READY_INCREMENTAL,,sina_public_snapshot,2026-09-24,23.28,23.529887404232955,0.000112595767046
603608.SH,SH_MAIN,,False,False,2026-09-24,2026-09-24,READY_INCREMENTAL,,sina_public_snapshot,2026-09-24,20.34,21.130052669305325,5.26693053259919e-05
603609.SH,SH_MAIN,,False,False,2026-09-24,2026-09-24,READY_INCREMENTAL,,sina_public_snapshot,2026-09-24,6.22,6.340016512583199,1.6512583199457254e-05
603610.SH,SH_MAIN,,False,False,2026-09-24,2026-09-24,READY_INCREMENTAL,,sina_public_snapshot,2026-09-24,13.71,13.73004586696577,4.586696577035809e-05
603611.SH,SH_MAIN,,False,False,2026-09-24,2026-09-24,READY_INCREMENTAL,,sina_public_snapshot,2026-09-24,15.67,15.710060654669409,6.065466940619047e-05
603612.SH,SH_MAIN,,False,False,2026-09-24,2026-09-24,READY_INCREMENTAL,,sina_public_snapshot,2026-09-24,16.09,16.870072135547726,7.213554772533826e-05
603613.SH,SH_MAIN,,False,False,2026-09-24,2026-09-24,READY_INCREMENTAL,,sina_public_snapshot,2026-09-24,19.66,20.469997813479377,2.186520621449972e-06
603615.SH,SH_MAIN,,False,False,2026-09-24,2026-09-24,READY_INCREMENTAL,,sina_public_snapshot,2026-09-24,18.82,19.11009118417579,9.118417579045968e-05
603616.SH,SH_MAIN,,False,False,2026-09-24,2026-09-24,READY_INCREMENTAL,,sina_public_snapshot,2026-09-24,5.6,5.58999391089949,6.089100510031642e-06
603617.SH,SH_MAIN,,False,False,2026-09-24,2026-09-24,READY_INCREMENTAL,,sina_public_snapshot,2026-09-24,6.79,6.780033350974068,3.335097406775844e-05
603618.SH,SH_MAIN,,False,False,2026-09-24,2026-09-24,READY_INCREMENTAL,,sina_public_snapshot,2026-09-24,36.35,37.73996283106825,3.716893175464975e-05
603619.SH,SH_MAIN,,False,False,2026-09-24,2026-09-24,READY_INCREMENTAL,,sina_public_snapshot,2026-09-24,21.35,21.599910969922,8.903007800142859e-05
603626.SH,SH_MAIN,,False,False,2026-09-24,2026-09-24,READY_INCREMENTAL,,sina_public_snapshot,2026-09-24,22.51,22.879969100352707,3.089964729241501e-05
603628.SH,SH_MAIN,,False,False,2026-09-24,2026-09-24,READY_INCREMENTAL,,sina_public_snapshot,2026-09-24,10.33,10.30999860271074,1.3972892602964748e-06
603629.SH,SH_MAIN,,False,False,2026-09-24,2026-09-24,READY_INCREMENTAL,,sina_public_snapshot,2026-09-24,105.89,111.57003023949255,3.0239492573969077e-05
603630.SH,SH_MAIN,,False,False,2026-09-24,2026-09-24,READY_INCREMENTAL,,sina_public_snapshot,2026-09-24,14.16,14.38001421752818,1.4217528180537896e-05
603633.SH,SH_MAIN,,False,False,2026-09-24,2026-09-24,READY_INCREMENTAL,,sina_public_snapshot,2026-09-24,6.3,6.3700063700063705,6.3700063703819865e-06
603636.SH,SH_MAIN,,False,False,2026-09-24,2026-09-24,READY_INCREMENTAL,,sina_public_snapshot,2026-09-24,7.94,8.80998613037448,1.3869625520968045e-05
603637.SH,SH_MAIN,,False,False,2026-09-24,2026-09-24,READY_INCREMENTAL,,sina_public_snapshot,2026-09-24,14.08,14.450066195260623,6.619526062578984e-05
603638.SH,SH_MAIN,,False,False,2026-09-24,2026-09-24,READY_INCREMENTAL,,sina_public_snapshot,2026-09-24,19.34,18.83008139580169,8.139580169341798e-05
603639.SH,SH_MAIN,,False,False,2026-09-24,2026-09-24,READY_INCREMENTAL,,sina_public_snapshot,2026-09-24,10.41,10.430025649246554,2.5649246554237948e-05
603648.SH,SH_MAIN,,False,False,2026-09-24,2026-09-24,READY_INCREMENTAL,,sina_public_snapshot,2026-09-24,9.7,9.650012933007025,1.2933007022652989e-05
603650.SH,SH_MAIN,,False,False,2026-09-24,2026-09-24,READY_INCREMENTAL,,sina_public_snapshot,2026-09-24,68.68,69.22968368848659,0.0003163115134157
603655.SH,SH_MAIN,,False,False,2026-09-24,2026-09-24,READY_INCREMENTAL,,sina_public_snapshot,2026-09-24,32.66,32.800056240145416,5.6240145418939846e-05
603656.SH,SH_MAIN,,False,False,2026-09-24,2026-09-24,READY_INCREMENTAL,,sina_public_snapshot,2026-09-24,17.56,17.570014908497843,1.4908497842469616e-05
603657.SH,SH_MAIN,,False,False,2026-09-24,2026-09-24,READY_INCREMENTAL,,sina_public_snapshot,2026-09-24,35.7,36.640187203645546,0.0001872036455452
603658.SH,SH_MAIN,,False,False,2026-09-24,2026-09-24,READY_INCREMENTAL,,sina_public_snapshot,2026-09-24,33.65,34.4400548584529,5.485845290564839e-05
603659.SH,SH_MAIN,,False,False,2026-09-24,2026-09-24,READY_INCREMENTAL,,sina_public_snapshot,2026-09-24,21.5,22.03997949769349,2.0502306508518583e-05
603660.SH,SH_MAIN,,False,False,2026-09-24,2026-09-24,READY_INCREMENTAL,,sina_public_snapshot,2026-09-24,9.64,9.7499797718262,2.022817380087361e-05
603661.SH,SH_MAIN,,False,False,2026-09-24,2026-09-24,READY_INCREMENTAL,,sina_public_snapshot,2026-09-24,35.05,35.63005733338755,5.733338754509987e-05
603662.SH,SH_MAIN,,False,False,2026-09-24,2026-09-24,READY_INCREMENTAL,,sina_public_snapshot,2026-09-24,49.31,49.71016684308685,0.0001668430868519
603663.SH,SH_MAIN,,False,False,2026-09-24,2026-09-24,READY_INCREMENTAL,,sina_public_snapshot,2026-09-24,48.2,47.00008775949997,8.775949996930876e-05
603665.SH,SH_MAIN,,False,False,2026-09-24,2026-09-24,READY_INCREMENTAL,,sina_public_snapshot,2026-09-24,22.37,22.09993874849341,6.125150658675693e-05
603666.SH,SH_MAIN,,False,False,2026-09-24,2026-09-24,READY_INCREMENTAL,,sina_public_snapshot,2026-09-24,27.12,27.73998874852964,1.1251470361628437e-05
603667.SH,SH_MAIN,,False,False,2026-09-24,2026-09-24,READY_INCREMENTAL,,sina_public_snapshot,2026-09-24,50.65,49.68998940470117,1.0595298824966903e-05
603668.SH,SH_MAIN,,False,False,2026-09-24,2026-09-24,READY_INCREMENTAL,,sina_public_snapshot,2026-09-24,12.18,12.279958865162422,4.113483757706149e-05
603669.SH,SH_MAIN,,False,False,2026-09-24,2026-09-24,READY_INCREMENTAL,,sina_public_snapshot,2026-09-24,5.9,6.019978164824962,2.183517503784316e-05
603676.SH,SH_MAIN,,False,False,2026-09-24,2026-09-24,READY_INCREMENTAL,,sina_public_snapshot,2026-09-24,8.85,8.94002606244886,2.6062448860386667e-05
603677.SH,SH_MAIN,,False,False,2026-09-24,2026-09-24,READY_INCREMENTAL,,sina_public_snapshot,2026-09-24,14.44,14.410027143541432,2.7143541432295137e-05
603678.SH,SH_MAIN,,False,False,2026-09-24,2026-09-24,READY_INCREMENTAL,,sina_public_snapshot,2026-09-24,48.05,49.98023674301525,0.0002367430152503
603679.SH,SH_MAIN,,False,False,2026-09-24,2026-09-24,READY_INCREMENTAL,,sina_public_snapshot,2026-09-24,22.61,23.499942835167804,5.716483219586621e-05
603680.SH,SH_MAIN,,False,False,2026-09-24,2026-09-24,READY_INCREMENTAL,,sina_public_snapshot,2026-09-24,9.99,10.210026061628083,2.606162808405088e-05
603681.SH,SH_MAIN,,False,False,2026-09-24,2026-09-24,READY_INCREMENTAL,,sina_public_snapshot,2026-09-24,19.86,19.86,0.0
603682.SH,SH_MAIN,,False,False,2026-09-24,2026-09-24,READY_INCREMENTAL,,sina_public_snapshot,2026-09-24,9.65,9.75999514528739,4.854712610580236e-06
603683.SH,SH_MAIN,,False,False,2026-09-24,2026-09-24,READY_INCREMENTAL,,sina_public_snapshot,2026-09-24,16.19,16.57996067507783,3.932492216662809e-05
603685.SH,SH_MAIN,,False,False,2026-09-24,2026-09-24,READY_INCREMENTAL,,sina_public_snapshot,2026-09-24,25.79,25.97991316523789,8.683476211146512e-05
603686.SH,SH_MAIN,,False,False,2026-09-24,2026-09-24,READY_INCREMENTAL,,sina_public_snapshot,2026-09-24,14.82,14.13003060553188,3.060553187950177e-05
603687.SH,SH_MAIN,,False,False,2026-09-24,2026-09-24,READY_INCREMENTAL,,sina_public_snapshot,2026-09-24,14.97,15.310035897278556,3.589727855590752e-05
603688.SH,SH_MAIN,,False,False,2026-09-24,2026-09-24,READY_INCREMENTAL,,sina_public_snapshot,2026-09-24,48.19,50.09980454942404,0.0001954505759584
603689.SH,SH_MAIN,,False,False,2026-09-24,2026-09-24,READY_INCREMENTAL,,sina_public_snapshot,2026-09-24,7.58,7.5900188248488,1.8824848800669255e-05
603690.SH,SH_MAIN,,False,False,2026-09-24,2026-09-24,READY_INCREMENTAL,,sina_public_snapshot,2026-09-24,24.3,24.239885084989226,0.0001149150107728
603693.SH,SH_MAIN,,False,False,2026-09-24,2026-09-24,READY_INCREMENTAL,,sina_public_snapshot,2026-09-24,11.49,11.610047895236749,4.78952367490848e-05
603696.SH,SH_MAIN,,False,False,2026-09-24,2026-09-24,READY_INCREMENTAL,,sina_public_snapshot,2026-09-24,14.03,13.819936958234829,6.304176517168969e-05
603697.SH,SH_MAIN,,False,False,2026-09-24,2026-09-24,READY_INCREMENTAL,,sina_public_snapshot,2026-09-24,9.07,9.060033962641096,3.396264109412073e-05
603698.SH,SH_MAIN,,False,False,2026-09-24,2026-09-24,READY_INCREMENTAL,,sina_public_snapshot,2026-09-24,20.95,21.199947379605547,5.26203944524184e-05
603699.SH,SH_MAIN,,False,False,2026-09-24,2026-09-24,READY_INCREMENTAL,,sina_public_snapshot,2026-09-24,42.5,44.660214579195696,0.0002145791956991
603700.SH,SH_MAIN,,False,False,2026-09-24,2026-09-24,READY_INCREMENTAL,,sina_public_snapshot,2026-09-24,11.87,11.56999015527375,9.844726250207714e-06
603701.SH,SH_MAIN,,False,False,2026-09-24,2026-09-24,READY_INCREMENTAL,,sina_public_snapshot,2026-09-24,18.81,19.28993354664041,6.64533595866601e-05
603703.SH,SH_MAIN,,False,False,2026-09-24,2026-09-24,READY_INCREMENTAL,,sina_public_snapshot,2026-09-24,10.23,10.430048326910136,4.832691013767487e-05
603706.SH,SH_MAIN,,False,False,2026-09-24,2026-09-24,READY_INCREMENTAL,,sina_public_snapshot,2026-09-24,17.12,17.11007615582962,7.615582962117173e-05
603707.SH,SH_MAIN,,False,False,2026-09-24,2026-09-24,READY_INCREMENTAL,,sina_public_snapshot,2026-09-24,7.7,7.910010786378345,1.0786378345173375e-05
603708.SH,SH_MAIN,,False,False,2026-09-24,2026-09-24,READY_INCREMENTAL,,sina_public_snapshot,2026-09-24,8.85,8.909964058111088,3.59418889122054e-05
603709.SH,SH_MAIN,,False,False,2026-09-24,2026-09-24,READY_INCREMENTAL,,sina_public_snapshot,2026-09-24,12.81,12.700017845458332,1.7845458334164732e-05
603711.SH,SH_MAIN,,False,False,2026-09-24,2026-09-24,READY_INCREMENTAL,,sina_public_snapshot,2026-09-24,11.74,11.799943714067462,5.62859325388132e-05
603712.SH,SH_MAIN,,False,False,2026-09-24,2026-09-24,READY_INCREMENTAL,,sina_public_snapshot,2026-09-24,11.41,11.540056436034105,5.643603410554476e-05
603713.SH,SH_MAIN,,False,False,2026-09-24,2026-09-24,READY_INCREMENTAL,,sina_public_snapshot,2026-09-24,69.43,67.62969745378037,0.0003025462196291
603716.SH,SH_MAIN,,False,False,2026-09-24,2026-09-24,READY_INCREMENTAL,,sina_public_snapshot,2026-09-24,17.27,16.810076312100918,7.631210091929574e-05
603717.SH,SH_MAIN,,False,False,2026-09-24,2026-09-24,READY_INCREMENTAL,,sina_public_snapshot,2026-09-24,5.93,5.8700085129971695,8.512997169418668e-06
603718.SH,SH_MAIN,,True,False,2026-09-24,2026-09-24,READY_INCREMENTAL,,sina_public_snapshot,2026-09-24,3.07,3.07,0.0
603719.SH,SH_MAIN,,False,False,2026-09-24,2026-09-24,READY_INCREMENTAL,,sina_public_snapshot,2026-09-24,9.07,9.149970744305229,2.925569477341128e-05
603721.SH,SH_MAIN,,False,False,2026-09-24,2026-09-24,READY_INCREMENTAL,,sina_public_snapshot,2026-09-24,18.19,18.22992353253625,7.646746374589952e-05
603722.SH,SH_MAIN,,False,False,2026-09-24,2026-09-24,READY_INCREMENTAL,,sina_public_snapshot,2026-09-24,29.67,29.880056799299076,5.679929907387304e-05
603725.SH,SH_MAIN,,False,False,2026-09-24,2026-09-24,READY_INCREMENTAL,,sina_public_snapshot,2026-09-24,11.39,11.969943775944513,5.622405548777465e-05
603726.SH,SH_MAIN,,False,False,2026-09-24,2026-09-24,READY_INCREMENTAL,,sina_public_snapshot,2026-09-24,24.38,24.739966512760667,3.348723933171982e-05
603727.SH,SH_MAIN,,False,False,2026-09-24,2026-09-24,READY_INCREMENTAL,,sina_public_snapshot,2026-09-24,18.24,18.229973514566986,2.64854330147557e-05
603728.SH,SH_MAIN,,False,False,2026-09-24,2026-09-24,READY_INCREMENTAL,,sina_public_snapshot,2026-09-24,51.07,50.23015186088598,0.0001518608859853
603729.SH,SH_MAIN,,True,False,2026-09-24,2026-09-24,READY_INCREMENTAL,,sina_public_snapshot,2026-09-24,12.51,12.620046808167215,4.680816721780445e-05
603730.SH,SH_MAIN,,False,False,2026-09-24,2026-09-24,READY_INCREMENTAL,,sina_public_snapshot,2026-09-24,10.03,9.72002829758986,2.829758985889441e-05
603733.SH,SH_MAIN,,False,False,2026-09-24,2026-09-24,READY_INCREMENTAL,,sina_public_snapshot,2026-09-24,18.87,18.8800064033938,6.403393800979984e-06
603737.SH,SH_MAIN,,False,False,2026-09-24,2026-09-24,READY_INCREMENTAL,,sina_public_snapshot,2026-09-24,21.5,21.83007066850784,7.066850784198664e-05
603738.SH,SH_MAIN,,False,False,2026-09-24,2026-09-24,READY_INCREMENTAL,,sina_public_snapshot,2026-09-24,37.8,38.23008849557522,8.849557521983797e-05
603739.SH,SH_MAIN,,False,False,2026-09-24,2026-09-24,READY_INCREMENTAL,,sina_public_snapshot,2026-09-24,12.85,13.029943520011356,5.647998864333204e-05
603755.SH,SH_MAIN,,False,False,2026-09-24,2026-09-24,READY_INCREMENTAL,,sina_public_snapshot,2026-09-24,25.22,24.16009656374836,9.656374835742554e-05
603757.SH,SH_MAIN,,False,False,2026-09-24,2026-09-24,READY_INCREMENTAL,,sina_public_snapshot,2026-09-24,68.05,69.90025987899705,0.000259878997042
603758.SH,SH_MAIN,,False,False,2026-09-24,2026-09-24,READY_INCREMENTAL,,sina_public_snapshot,2026-09-24,10.91,11.030006470397929,6.470397929447813e-06
603759.SH,SH_MAIN,,False,False,2026-09-24,2026-09-24,READY_INCREMENTAL,,sina_public_snapshot,2026-09-24,7.81,7.929980606577518,1.9393422482139044e-05
603766.SH,SH_MAIN,,False,False,2026-09-24,2026-09-24,READY_INCREMENTAL,,sina_public_snapshot,2026-09-24,14.55,14.560046432038106,4.643203810594798e-05
603767.SH,SH_MAIN,,False,False,2026-09-24,2026-09-24,READY_INCREMENTAL,,sina_public_snapshot,2026-09-24,14.74,13.4,1.7763568394002505e-15
603768.SH,SH_MAIN,,False,False,2026-09-24,2026-09-24,READY_INCREMENTAL,,sina_public_snapshot,2026-09-24,11.57,11.57,0.0
603773.SH,SH_MAIN,,False,False,2026-09-24,2026-09-24,READY_INCREMENTAL,,sina_public_snapshot,2026-09-24,97.7,102.50007868480964,7.868480963679758e-05
603776.SH,SH_MAIN,,False,False,2026-09-24,2026-09-24,READY_INCREMENTAL,,sina_public_snapshot,2026-09-24,21.15,20.830050425464854,5.0425464859671365e-05
603777.SH,SH_MAIN,,False,False,2026-09-24,2026-09-24,READY_INCREMENTAL,,sina_public_snapshot,2026-09-24,14.31,14.499949336305605,5.0663694395325365e-05
603778.SH,SH_MAIN,,False,False,2026-09-24,2026-09-24,READY_INCREMENTAL,,sina_public_snapshot,2026-09-24,8.36,8.600026746494665,2.674649466527512e-05
603779.SH,SH_MAIN,,False,False,2026-09-24,2026-09-24,READY_INCREMENTAL,,sina_public_snapshot,2026-09-24,8.15,8.29998065035186,1.9349648141542275e-05
603786.SH,SH_MAIN,,False,False,2026-09-24,2026-09-24,READY_INCREMENTAL,,sina_public_snapshot,2026-09-24,37.53,37.919815705452045,0.0001842945479566
603787.SH,SH_MAIN,,False,False,2026-09-24,2026-09-24,READY_INCREMENTAL,,sina_public_snapshot,2026-09-24,10.46,10.399992045895186,7.95410481480019e-06
603788.SH,SH_MAIN,,False,False,2026-09-24,2026-09-24,READY_INCREMENTAL,,sina_public_snapshot,2026-09-24,13.74,13.770018640636588,1.8640636588074244e-05
603789.SH,SH_MAIN,,True,False,2026-09-24,2026-09-24,READY_INCREMENTAL,,sina_public_snapshot,2026-09-24,5.85,5.950019833399444,1.9833399443669464e-05
603790.SH,SH_MAIN,,False,False,2026-09-24,2026-09-24,READY_INCREMENTAL,,sina_public_snapshot,2026-09-24,25.47,25.979987147709537,1.285229046388281e-05
603797.SH,SH_MAIN,,False,False,2026-09-24,2026-09-24,READY_INCREMENTAL,,sina_public_snapshot,2026-09-24,4.9,4.940014114326042,1.4114326041259062e-05
603798.SH,SH_MAIN,,False,False,2026-09-24,2026-09-24,READY_INCREMENTAL,,sina_public_snapshot,2026-09-24,13.82,13.560053769243602,5.3769243601564654e-05
603799.SH,SH_MAIN,,False,False,2026-09-24,2026-09-24,READY_INCREMENTAL,,sina_public_snapshot,2026-09-24,35.42,36.170169311520944,0.000169311520942
603800.SH,SH_MAIN,,False,False,2026-09-24,2026-09-24,READY_INCREMENTAL,,sina_public_snapshot,2026-09-24,58.59,58.80994921004557,5.07899544288648e-05
603801.SH,SH_MAIN,,False,False,2026-09-24,2026-09-24,READY_INCREMENTAL,,sina_public_snapshot,2026-09-24,6.2,6.18997224496316,2.7755036840382274e-05
603803.SH,SH_MAIN,,False,False,2026-09-24,2026-09-24,READY_INCREMENTAL,,sina_public_snapshot,2026-09-24,12.34,12.869986024488432,1.3975511565789134e-05
603806.SH,SH_MAIN,,False,False,2026-09-24,2026-09-24,READY_INCREMENTAL,,sina_public_snapshot,2026-09-24,13.9,14.29997016552987,2.9834470129941337e-05
603808.SH,SH_MAIN,,False,False,2026-09-24,2026-09-24,READY_INCREMENTAL,,sina_public_snapshot,2026-09-24,8.95,8.759995693409937,4.306590062341797e-06
603809.SH,SH_MAIN,,False,False,2026-09-24,2026-09-24,READY_INCREMENTAL,,sina_public_snapshot,2026-09-24,8.63,8.679996781461217,3.2185387830452328e-06
603810.SH,SH_MAIN,,False,False,2026-09-24,2026-09-24,READY_INCREMENTAL,,sina_public_snapshot,2026-09-24,12.01,11.95001094505582,1.0945055819888694e-05
603811.SH,SH_MAIN,,False,False,2026-09-24,2026-09-24,READY_INCREMENTAL,,sina_public_snapshot,2026-09-24,6.87,6.959992705684501,7.294315499173365e-06
603813.SH,SH_MAIN,,False,False,2026-09-24,2026-09-24,READY_INCREMENTAL,,sina_public_snapshot,2026-09-24,26.72,25.50007634753397,7.63475339695674e-05
603815.SH,SH_MAIN,,False,False,2026-09-24,2026-09-24,READY_INCREMENTAL,,sina_public_snapshot,2026-09-24,5.09,5.109980021885573,1.9978114427665616e-05
603816.SH,SH_MAIN,,False,False,2026-09-24,2026-09-24,READY_INCREMENTAL,,sina_public_snapshot,2026-09-24,22.55,22.44004378545129,4.378545128957967e-05
603817.SH,SH_MAIN,,False,False,2026-09-24,2026-09-24,READY_INCREMENTAL,,sina_public_snapshot,2026-09-24,6.16,5.790017858821318,1.7858821317773277e-05
603818.SH,SH_MAIN,,False,False,2026-09-24,2026-09-24,READY_INCREMENTAL,,sina_public_snapshot,2026-09-24,3.88,3.8199879886975614,1.2011302438441618e-05
603819.SH,SH_MAIN,,False,False,2026-09-24,2026-09-24,READY_INCREMENTAL,,sina_public_snapshot,2026-09-24,16.76,16.069956085680865,4.391431913575161e-05
603822.SH,SH_MAIN,,True,False,2026-09-24,2026-09-24,READY_INCREMENTAL,,sina_public_snapshot,2026-09-24,62.42,62.64992522557787,7.477442213144059e-05
603823.SH,SH_MAIN,,False,False,2026-09-24,2026-09-24,READY_INCREMENTAL,,sina_public_snapshot,2026-09-24,45.42,50.47003133542236,3.1335422363554244e-05
603825.SH,SH_MAIN,,True,False,2026-09-24,2026-09-24,READY_INCREMENTAL,,sina_public_snapshot,2026-09-24,7.81,7.800015979546181,1.5979546181377202e-05
603826.SH,SH_MAIN,,False,False,2026-09-24,2026-09-24,READY_INCREMENTAL,,sina_public_snapshot,2026-09-24,17.02,17.079950626699716,4.9373300281985166e-05
603828.SH,SH_MAIN,,True,False,2026-09-24,2026-09-24,READY_INCREMENTAL,,sina_public_snapshot,2026-09-24,6.1,6.159998384262718,1.6157372817460214e-06
603829.SH,SH_MAIN,,False,False,2026-09-24,2026-09-24,READY_INCREMENTAL,,sina_public_snapshot,2026-09-24,15.6,15.59002238567317,2.238567316936724e-05
603833.SH,SH_MAIN,,False,False,2026-09-24,2026-09-24,READY_INCREMENTAL,,sina_public_snapshot,2026-09-24,29.36,29.99989782051151,0.0001021794884898
603836.SH,SH_MAIN,,False,False,2026-09-24,2026-09-24,READY_INCREMENTAL,,sina_public_snapshot,2026-09-24,9.5,9.550042221239297,4.222123929409349e-05
603838.SH,SH_MAIN,,True,False,2026-09-24,2026-09-24,READY_INCREMENTAL,,sina_public_snapshot,2026-09-24,13.24,13.780039758120754,3.975812075474039e-05
603839.SH,SH_MAIN,,False,False,2026-09-24,2026-09-24,READY_INCREMENTAL,,sina_public_snapshot,2026-09-24,6.9,6.9,0.0
603843.SH,SH_MAIN,,True,False,2026-09-24,2026-09-24,READY_INCREMENTAL,,sina_public_snapshot,2026-09-24,6.33,6.600006255930101,6.25593010106229e-06
603848.SH,SH_MAIN,,False,False,2026-09-24,2026-09-24,READY_INCREMENTAL,,sina_public_snapshot,2026-09-24,13.32,13.549942524643196,5.74753568045594e-05
603855.SH,SH_MAIN,,False,False,2026-09-24,2026-09-24,READY_INCREMENTAL,,sina_public_snapshot,2026-09-24,16.94,16.75999762550211,2.3744978925321902e-06
603856.SH,SH_MAIN,,False,False,2026-09-24,2026-09-24,READY_INCREMENTAL,,sina_public_snapshot,2026-09-24,11.72,11.710046460508568,4.646050856749184e-05
603858.SH,SH_MAIN,,False,False,2026-09-24,2026-09-24,READY_INCREMENTAL,,sina_public_snapshot,2026-09-24,14.52,14.680012132241432,1.2132241431928035e-05
603859.SH,SH_MAIN,,False,False,2026-09-24,2026-09-24,READY_INCREMENTAL,,sina_public_snapshot,2026-09-24,40.13,41.089859108781134,0.0001408912188693
603860.SH,SH_MAIN,,False,False,2026-09-24,2026-09-24,READY_INCREMENTAL,,sina_public_snapshot,2026-09-24,26.39,26.30005381594945,5.3815949453195344e-05
603861.SH,SH_MAIN,,False,False,2026-09-24,2026-09-24,READY_INCREMENTAL,,sina_public_snapshot,2026-09-24,10.95,10.990003613151872,3.6131518719173528e-06
603863.SH,SH_MAIN,,False,False,2026-09-24,2026-09-24,READY_INCREMENTAL,,sina_public_snapshot,2026-09-24,12.33,12.609940683166291,5.931683370796748e-05
603866.SH,SH_MAIN,,False,False,2026-09-24,2026-09-24,READY_INCREMENTAL,,sina_public_snapshot,2026-09-24,4.15,4.139981245386165,1.8754613834381928e-05
603867.SH,SH_MAIN,,False,False,2026-09-24,2026-09-24,READY_INCREMENTAL,,sina_public_snapshot,2026-09-24,34.97,36.07013924703456,0.0001392470345535
603868.SH,SH_MAIN,,False,False,2026-09-24,2026-09-24,READY_INCREMENTAL,,sina_public_snapshot,2026-09-24,31.0,31.260083898031624,8.389803162245357e-05
603869.SH,SH_MAIN,,True,False,2026-09-24,2026-09-24,READY_INCREMENTAL,,sina_public_snapshot,2026-09-24,8.52,8.539983561533989,1.6438466010626485e-05
603871.SH,SH_MAIN,,False,False,2026-09-24,2026-09-24,READY_INCREMENTAL,,sina_public_snapshot,2026-09-24,12.07,12.170037709976002,3.770997600227588e-05
603876.SH,SH_MAIN,,False,False,2026-09-24,2026-09-24,READY_INCREMENTAL,,sina_public_snapshot,2026-09-24,17.94,18.360078598329785,7.85983297859616e-05
603877.SH,SH_MAIN,,False,False,2026-09-24,2026-09-24,READY_INCREMENTAL,,sina_public_snapshot,2026-09-24,11.85,11.840054354342351,5.435434235323555e-05
603878.SH,SH_MAIN,,False,False,2026-09-24,2026-09-24,READY_INCREMENTAL,,sina_public_snapshot,2026-09-24,4.86,4.86,0.0
603879.SH,SH_MAIN,,False,False,2026-09-24,2026-09-24,READY_INCREMENTAL,,sina_public_snapshot,2026-09-24,4.9,4.870000795102171,7.951021707697237e-07
603880.SH,SH_MAIN,,False,False,2026-09-24,2026-09-24,READY_INCREMENTAL,,sina_public_snapshot,2026-09-24,9.12,9.299954112068525,4.588793147597414e-05
603881.SH,SH_MAIN,,False,False,2026-09-24,2026-09-24,READY_INCREMENTAL,,sina_public_snapshot,2026-09-24,23.95,24.51005475106176,5.4751061760782704e-05
603882.SH,SH_MAIN,,False,False,2026-09-24,2026-09-24,READY_INCREMENTAL,,sina_public_snapshot,2026-09-24,29.39,29.06993996102907,6.003897092909938e-05
603883.SH,SH_MAIN,,False,False,2026-09-24,2026-09-24,READY_INCREMENTAL,,sina_public_snapshot,2026-09-24,12.95,12.899948200980194,5.179901980589818e-05
603885.SH,SH_MAIN,,False,False,2026-09-24,2026-09-24,READY_INCREMENTAL,,sina_public_snapshot,2026-09-24,9.91,10.199985590333172,1.4409666826864507e-05
603886.SH,SH_MAIN,,False,False,2026-09-24,2026-09-24,READY_INCREMENTAL,,sina_public_snapshot,2026-09-24,12.5,12.62996231219246,3.768780753965473e-05
603887.SH,SH_MAIN,,False,False,2026-09-24,2026-09-24,READY_INCREMENTAL,,sina_public_snapshot,2026-09-24,8.65,8.800040693829798,4.069382979743352e-05
603888.SH,SH_MAIN,,False,False,2026-09-24,2026-09-24,READY_INCREMENTAL,,sina_public_snapshot,2026-09-24,17.58,17.78992106860959,7.893139040859865e-05
603889.SH,SH_MAIN,,False,False,2026-09-24,2026-09-24,READY_INCREMENTAL,,sina_public_snapshot,2026-09-24,6.03,6.050025584685309,2.5584685308999155e-05
603890.SH,SH_MAIN,,False,False,2026-09-24,2026-09-24,READY_INCREMENTAL,,sina_public_snapshot,2026-09-24,15.99,16.729966414513953,3.358548604737166e-05
603893.SH,SH_MAIN,,False,False,2026-09-24,2026-09-24,READY_INCREMENTAL,,sina_public_snapshot,2026-09-24,219.05,223.01066949014495,0.0006694901449861
603895.SH,SH_MAIN,,False,False,2026-09-24,2026-09-24,READY_INCREMENTAL,,sina_public_snapshot,2026-09-24,25.87,26.279967492889067,3.2507110933721606e-05
603896.SH,SH_MAIN,,False,False,2026-09-24,2026-09-24,READY_INCREMENTAL,,sina_public_snapshot,2026-09-24,14.51,14.70007193005562,7.193005562022847e-05
603897.SH,SH_MAIN,,False,False,2026-09-24,2026-09-24,READY_INCREMENTAL,,sina_public_snapshot,2026-09-24,29.71,30.36000776627597,7.766275970766401e-06
603898.SH,SH_MAIN,,False,False,2026-09-24,2026-09-24,READY_INCREMENTAL,,sina_public_snapshot,2026-09-24,11.8,11.579980372914624,1.962708537561753e-05
603899.SH,SH_MAIN,,False,False,2026-09-24,2026-09-24,READY_INCREMENTAL,,sina_public_snapshot,2026-09-24,21.9,22.33007728857801,7.728857801225786e-05
603900.SH,SH_MAIN,,False,False,2026-09-24,2026-09-24,READY_INCREMENTAL,,sina_public_snapshot,2026-09-24,6.36,6.529975255911373,2.474408862696009e-05
603901.SH,SH_MAIN,,False,False,2026-09-24,2026-09-24,READY_INCREMENTAL,,sina_public_snapshot,2026-09-24,9.5,9.490035462764098,3.546276409771565e-05
603903.SH,SH_MAIN,,False,False,2026-09-24,2026-09-24,READY_INCREMENTAL,,sina_public_snapshot,2026-09-24,14.97,15.119990303813834,9.696186165086829e-06
603906.SH,SH_MAIN,,False,False,2026-09-24,2026-09-24,READY_INCREMENTAL,,sina_public_snapshot,2026-09-24,17.62,18.020044998977298,4.499897729814961e-05
603908.SH,SH_MAIN,,False,False,2026-09-24,2026-09-24,READY_INCREMENTAL,,sina_public_snapshot,2026-09-24,19.45,19.49991979467437,8.020532563435268e-05
603909.SH,SH_MAIN,,False,False,2026-09-24,2026-09-24,READY_INCREMENTAL,,sina_public_snapshot,2026-09-24,9.88,9.889988888777664,1.1111222335102866e-05
603912.SH,SH_MAIN,,False,False,2026-09-24,2026-09-24,READY_INCREMENTAL,,sina_public_snapshot,2026-09-24,9.39,9.129978220286247,2.1779713753389277e-05
603915.SH,SH_MAIN,,False,False,2026-09-24,2026-09-24,READY_INCREMENTAL,,sina_public_snapshot,2026-09-24,13.29,13.179947438885304,5.256111469442715e-05
603916.SH,SH_MAIN,,False,False,2026-09-24,2026-09-24,READY_INCREMENTAL,,sina_public_snapshot,2026-09-24,10.52,10.67998619317374,1.3806826258289108e-05
603917.SH,SH_MAIN,,False,False,2026-09-24,2026-09-24,READY_INCREMENTAL,,sina_public_snapshot,2026-09-24,14.3,14.349937783486537,6.221651346471901e-05
603918.SH,SH_MAIN,,False,False,2026-09-24,2026-09-24,READY_INCREMENTAL,,sina_public_snapshot,2026-09-24,10.41,10.559951308581862,4.869141813834688e-05
603919.SH,SH_MAIN,,False,False,2026-09-24,2026-09-24,READY_INCREMENTAL,,sina_public_snapshot,2026-09-24,15.85,16.32993684384047,6.315615952701137e-05
603920.SH,SH_MAIN,,False,False,2026-09-24,2026-09-24,READY_INCREMENTAL,,sina_public_snapshot,2026-09-24,45.5,45.96006020262831,6.020262830475076e-05
603922.SH,SH_MAIN,,True,False,2026-09-24,2026-09-24,READY_INCREMENTAL,,sina_public_snapshot,2026-09-24,12.13,12.69997487226736,2.5127732639518285e-05
603926.SH,SH_MAIN,,False,False,2026-09-24,2026-09-24,READY_INCREMENTAL,,sina_public_snapshot,2026-09-24,17.51,17.579968273729445,3.17262705529231e-05
603927.SH,SH_MAIN,,False,False,2026-09-24,2026-09-24,READY_INCREMENTAL,,sina_public_snapshot,2026-09-24,13.57,13.789949697677963,5.030232203573348e-05
603928.SH,SH_MAIN,,False,False,2026-09-24,2026-09-24,READY_INCREMENTAL,,sina_public_snapshot,2026-09-24,12.32,12.32,0.0
603929.SH,SH_MAIN,,False,False,2026-09-24,2026-09-24,READY_INCREMENTAL,,sina_public_snapshot,2026-09-24,154.2,158.7301587301587,0.0001587301587164
603931.SH,SH_MAIN,,False,False,2026-09-24,2026-09-24,READY_INCREMENTAL,,sina_public_snapshot,2026-09-24,35.87,36.69002199151025,2.1991510251950785e-05
603933.SH,SH_MAIN,,False,False,2026-09-24,2026-09-24,READY_INCREMENTAL,,sina_public_snapshot,2026-09-24,19.33,19.400034123184696,3.412318469742104e-05
603936.SH,SH_MAIN,,False,False,2026-09-24,2026-09-24,READY_INCREMENTAL,,sina_public_snapshot,2026-09-24,21.31,22.230104004756885,0.0001040047568849
603937.SH,SH_MAIN,,False,False,2026-09-24,2026-09-24,READY_INCREMENTAL,,sina_public_snapshot,2026-09-24,13.55,12.969982387625391,1.761237460939924e-05
603938.SH,SH_MAIN,,False,False,2026-09-24,2026-09-24,READY_INCREMENTAL,,sina_public_snapshot,2026-09-24,48.03,51.50007505736527,7.50573652723574e-05
603939.SH,SH_MAIN,,False,False,2026-09-24,2026-09-24,READY_INCREMENTAL,,sina_public_snapshot,2026-09-24,22.08,22.089940473212945,5.952678705511971e-05
603948.SH,SH_MAIN,,False,False,2026-09-24,2026-09-24,READY_INCREMENTAL,,sina_public_snapshot,2026-09-24,19.34,19.60009323725842,9.323725841881014e-05
603949.SH,SH_MAIN,,False,False,2026-09-24,2026-09-24,READY_INCREMENTAL,,sina_public_snapshot,2026-09-24,16.9,15.360005816806934,5.816806934788588e-06
603950.SH,SH_MAIN,,False,False,2026-09-24,2026-09-24,READY_INCREMENTAL,,sina_public_snapshot,2026-09-24,56.1,58.590078328981726,7.832898172210889e-05
603955.SH,SH_MAIN,,False,False,2026-09-24,2026-09-24,READY_INCREMENTAL,,sina_public_snapshot,2026-09-24,25.74,24.80007707871664,7.707871663598098e-05
603956.SH,SH_MAIN,,False,False,2026-09-24,2026-09-24,READY_INCREMENTAL,,sina_public_snapshot,2026-09-24,6.97,7.109995817649518,4.182350481940489e-06
603958.SH,SH_MAIN,,False,False,2026-09-24,2026-09-24,READY_INCREMENTAL,,sina_public_snapshot,2026-09-24,18.7,18.92999949385028,5.061497212466293e-07
603959.SH,SH_MAIN,,True,False,2026-09-24,2026-09-24,READY_INCREMENTAL,,sina_public_snapshot,2026-09-24,4.31,4.389985536474566,1.4463525433328073e-05
603960.SH,SH_MAIN,,False,False,2026-09-24,2026-09-24,READY_INCREMENTAL,,sina_public_snapshot,2026-09-24,17.88,18.230016313213703,1.631321370254568e-05
603966.SH,SH_MAIN,,False,False,2026-09-24,2026-09-24,READY_INCREMENTAL,,sina_public_snapshot,2026-09-24,7.54,7.6700066120746655,6.612074665568457e-06
603967.SH,SH_MAIN,,False,False,2026-09-24,2026-09-24,READY_INCREMENTAL,,sina_public_snapshot,2026-09-24,11.53,11.54003983465615,3.983465615142734e-05
603968.SH,SH_MAIN,,False,False,2026-09-24,2026-09-24,READY_INCREMENTAL,,sina_public_snapshot,2026-09-24,10.57,10.629952934550866,4.706544913446464e-05
603969.SH,SH_MAIN,,False,False,2026-09-24,2026-09-24,READY_INCREMENTAL,,sina_public_snapshot,2026-09-24,7.38,7.529997551220309,2.448779691022196e-06
603970.SH,SH_MAIN,,False,False,2026-09-24,2026-09-24,READY_INCREMENTAL,,sina_public_snapshot,2026-09-24,12.17,11.06001672180014,1.672180013834179e-05
603976.SH,SH_MAIN,,False,False,2026-09-24,2026-09-24,READY_INCREMENTAL,,sina_public_snapshot,2026-09-24,31.3,32.899923268549564,7.673145043440854e-05
603977.SH,SH_MAIN,,False,False,2026-09-24,2026-09-24,READY_INCREMENTAL,,sina_public_snapshot,2026-09-24,11.1,11.26000466630824,4.666308241141337e-06
603978.SH,SH_MAIN,,False,False,2026-09-24,2026-09-24,READY_INCREMENTAL,,sina_public_snapshot,2026-09-24,26.01,25.719879756348394,0.0001202436516045
603979.SH,SH_MAIN,,False,False,2026-09-24,2026-09-24,READY_INCREMENTAL,,sina_public_snapshot,2026-09-24,72.35,76.04023248236938,0.0002324823693697
603980.SH,SH_MAIN,,False,False,2026-09-24,2026-09-24,READY_INCREMENTAL,,sina_public_snapshot,2026-09-24,8.09,8.679978112292522,2.1887707477574736e-05
603982.SH,SH_MAIN,,False,False,2026-09-24,2026-09-24,READY_INCREMENTAL,,sina_public_snapshot,2026-09-24,6.33,6.33,0.0
603983.SH,SH_MAIN,,False,False,2026-09-24,2026-09-24,READY_INCREMENTAL,,sina_public_snapshot,2026-09-24,31.59,31.07997756810736,2.24318926420608e-05
603985.SH,SH_MAIN,,False,False,2026-09-24,2026-09-24,READY_INCREMENTAL,,sina_public_snapshot,2026-09-24,16.75,17.070063694267517,6.36942675171781e-05
603986.SH,SH_MAIN,,False,False,2026-09-24,2026-09-24,READY_INCREMENTAL,,sina_public_snapshot,2026-09-24,383.77,398.7179353980738,0.0020646019262358
603987.SH,SH_MAIN,,False,False,2026-09-24,2026-09-24,READY_INCREMENTAL,,sina_public_snapshot,2026-09-24,7.5,7.57002271006813,2.2710068130038508e-05
603988.SH,SH_MAIN,,False,False,2026-09-24,2026-09-24,READY_INCREMENTAL,,sina_public_snapshot,2026-09-24,17.68,17.93994987366947,5.01263305316968e-05
603989.SH,SH_MAIN,,False,False,2026-09-24,2026-09-24,READY_INCREMENTAL,,sina_public_snapshot,2026-09-24,31.15,33.26996197718631,3.802281369047478e-05
603990.SH,SH_MAIN,,False,False,2026-09-24,2026-09-24,READY_INCREMENTAL,,sina_public_snapshot,2026-09-24,19.12,19.340090226780767,9.02267807667556e-05
603991.SH,SH_MAIN,,False,False,2026-09-24,2026-09-24,READY_INCREMENTAL,,sina_public_snapshot,2026-09-24,175.89,185.56929439567855,0.0007056043214106
603992.SH,SH_MAIN,,False,False,2026-09-24,2026-09-24,READY_INCREMENTAL,,sina_public_snapshot,2026-09-24,19.94,20.299917537947817,8.246205218398472e-05
603993.SH,SH_MAIN,,False,False,2026-09-24,2026-09-24,READY_INCREMENTAL,,sina_public_snapshot,2026-09-24,17.08,17.65995285164812,4.714835187868971e-05
603995.SH,SH_MAIN,,False,False,2026-09-24,2026-09-24,READY_INCREMENTAL,,sina_public_snapshot,2026-09-24,25.32,25.700104546238872,0.0001045462388731
603997.SH,SH_MAIN,,False,False,2026-09-24,2026-09-24,READY_INCREMENTAL,,sina_public_snapshot,2026-09-24,14.12,14.329933526158218,6.647384178215532e-05
603998.SH,SH_MAIN,,False,False,2026-09-24,2026-09-24,READY_INCREMENTAL,,sina_public_snapshot,2026-09-24,10.29,10.449989336745574,1.0663254425224976e-05
603999.SH,SH_MAIN,,False,False,2026-09-24,2026-09-24,READY_INCREMENTAL,,sina_public_snapshot,2026-09-24,6.53,6.45997388310712,2.6116892880345688e-05
605001.SH,SH_MAIN,,False,False,2026-09-24,2026-09-24,READY_INCREMENTAL,,sina_public_snapshot,2026-09-24,5.84,5.78997461928934,2.5380710660272143e-05
605003.SH,SH_MAIN,,False,False,2026-09-24,2026-09-24,READY_INCREMENTAL,,sina_public_snapshot,2026-09-24,25.36,24.90009524090057,9.524090056700628e-05
605005.SH,SH_MAIN,,False,False,2026-09-24,2026-09-24,READY_INCREMENTAL,,sina_public_snapshot,2026-09-24,16.11,16.22993925106537,6.074893462937325e-05
605006.SH,SH_MAIN,,False,False,2026-09-24,2026-09-24,READY_INCREMENTAL,,sina_public_snapshot,2026-09-24,15.85,16.79007637630957,7.637630957191277e-05
605007.SH,SH_MAIN,,False,False,2026-09-24,2026-09-24,READY_INCREMENTAL,,sina_public_snapshot,2026-09-24,14.68,15.159964475287603,3.5524712394874314e-05
605008.SH,SH_MAIN,,False,False,2026-09-24,2026-09-24,READY_INCREMENTAL,,sina_public_snapshot,2026-09-24,14.7,14.249985459198513,1.4540801489104638e-05
605009.SH,SH_MAIN,,False,False,2026-09-24,2026-09-24,READY_INCREMENTAL,,sina_public_snapshot,2026-09-24,24.88,24.819935755471757,6.42445282466042e-05
605011.SH,SH_MAIN,,False,False,2026-09-24,2026-09-24,READY_INCREMENTAL,,sina_public_snapshot,2026-09-24,17.3,17.58005019968092,5.01996809205707e-05
605016.SH,SH_MAIN,,False,False,2026-09-24,2026-09-24,READY_INCREMENTAL,,sina_public_snapshot,2026-09-24,21.45,21.54999196270696,8.037293042661986e-06
605018.SH,SH_MAIN,,False,False,2026-09-24,2026-09-24,READY_INCREMENTAL,,sina_public_snapshot,2026-09-24,12.74,11.580028541043657,2.854104365646037e-05
605020.SH,SH_MAIN,,False,False,2026-09-24,2026-09-24,READY_INCREMENTAL,,sina_public_snapshot,2026-09-24,31.04,31.77007635462938,7.635462938182513e-05
605028.SH,SH_MAIN,,False,False,2026-09-24,2026-09-24,READY_INCREMENTAL,,sina_public_snapshot,2026-09-24,24.26,24.699905313635856,9.468636414311504e-05
605033.SH,SH_MAIN,,False,False,2026-09-24,2026-09-24,READY_INCREMENTAL,,sina_public_snapshot,2026-09-24,19.48,19.52999679178697,3.2082130267951925e-06
605050.SH,SH_MAIN,,False,False,2026-09-24,2026-09-24,READY_INCREMENTAL,,sina_public_snapshot,2026-09-24,10.06,10.099995984097024,4.015902975496033e-06
605055.SH,SH_MAIN,,False,False,2026-09-24,2026-09-24,READY_INCREMENTAL,,sina_public_snapshot,2026-09-24,8.83,8.770013110325374,1.3110325374654508e-05
605056.SH,SH_MAIN,,False,False,2026-09-24,2026-09-24,READY_INCREMENTAL,,sina_public_snapshot,2026-09-24,14.01,14.000059957430224,5.995743022424449e-05
605058.SH,SH_MAIN,,False,False,2026-09-24,2026-09-24,READY_INCREMENTAL,,sina_public_snapshot,2026-09-24,60.2,58.60021415360654,0.0002141536065352
605060.SH,SH_MAIN,,False,False,2026-09-24,2026-09-24,READY_INCREMENTAL,,sina_public_snapshot,2026-09-24,39.39,40.4398176666256,0.0001823333743971
605066.SH,SH_MAIN,,False,False,2026-09-24,2026-09-24,READY_INCREMENTAL,,sina_public_snapshot,2026-09-24,6.71,6.750027664047804,2.766404780363274e-05
605068.SH,SH_MAIN,,False,False,2026-09-24,2026-09-24,READY_INCREMENTAL,,sina_public_snapshot,2026-09-24,20.8,20.879970286196134,2.9713803865405453e-05
605069.SH,SH_MAIN,,False,False,2026-09-24,2026-09-24,READY_INCREMENTAL,,sina_public_snapshot,2026-09-24,12.1,11.639987686624597,1.2313375405526015e-05
605077.SH,SH_MAIN,,False,False,2026-09-24,2026-09-24,READY_INCREMENTAL,,sina_public_snapshot,2026-09-24,11.46,11.879956460892553,4.353910744825384e-05
605080.SH,SH_MAIN,,False,False,2026-09-24,2026-09-24,READY_INCREMENTAL,,sina_public_snapshot,2026-09-24,23.33,23.019921655303065,7.834469693435153e-05
605086.SH,SH_MAIN,,False,False,2026-09-24,2026-09-24,READY_INCREMENTAL,,sina_public_snapshot,2026-09-24,23.54,23.760017764499263,1.776449926182977e-05
605088.SH,SH_MAIN,,False,False,2026-09-24,2026-09-24,READY_INCREMENTAL,,sina_public_snapshot,2026-09-24,24.6,25.91001011122346,1.0111223460285146e-05
605089.SH,SH_MAIN,,False,False,2026-09-24,2026-09-24,READY_INCREMENTAL,,sina_public_snapshot,2026-09-24,21.26,20.830067408684748,6.74086847496369e-05
605090.SH,SH_MAIN,,False,False,2026-09-24,2026-09-24,READY_INCREMENTAL,,sina_public_snapshot,2026-09-24,31.39,31.7899171578457,8.284215429910091e-05
605098.SH,SH_MAIN,,False,False,2026-09-24,2026-09-24,READY_INCREMENTAL,,sina_public_snapshot,2026-09-24,53.4,53.4,0.0
605099.SH,SH_MAIN,,False,False,2026-09-24,2026-09-24,READY_INCREMENTAL,,sina_public_snapshot,2026-09-24,28.62,29.080046332987862,4.633298786771434e-05
605100.SH,SH_MAIN,,False,False,2026-09-24,2026-09-24,READY_INCREMENTAL,,sina_public_snapshot,2026-09-24,33.75,34.85994050570154,5.949429846197063e-05
605108.SH,SH_MAIN,,False,False,2026-09-24,2026-09-24,READY_INCREMENTAL,,sina_public_snapshot,2026-09-24,12.12,12.299948242792048,5.175720795413952e-05
605111.SH,SH_MAIN,,False,False,2026-09-24,2026-09-24,READY_INCREMENTAL,,sina_public_snapshot,2026-09-24,59.7,62.37983783331941,0.0001621666805959
605116.SH,SH_MAIN,,False,False,2026-09-24,2026-09-24,READY_INCREMENTAL,,sina_public_snapshot,2026-09-24,19.6,19.960079840319363,7.98403193620345e-05
605117.SH,SH_MAIN,,False,False,2026-09-24,2026-09-24,READY_INCREMENTAL,,sina_public_snapshot,2026-09-24,76.47,78.00991573664129,8.426335871547508e-05
605118.SH,SH_MAIN,,False,False,2026-09-24,2026-09-24,READY_INCREMENTAL,,sina_public_snapshot,2026-09-24,33.24,34.540088948002825,8.894800282632787e-05
605122.SH,SH_MAIN,,False,False,2026-09-24,2026-09-24,READY_INCREMENTAL,,sina_public_snapshot,2026-09-24,12.39,12.200045294760578,4.5294760578684645e-05
605123.SH,SH_MAIN,,False,False,2026-09-24,2026-09-24,READY_INCREMENTAL,,sina_public_snapshot,2026-09-24,80.0,81.60017952039495,0.0001795203949512
605128.SH,SH_MAIN,,False,False,2026-09-24,2026-09-24,READY_INCREMENTAL,,sina_public_snapshot,2026-09-24,23.61,23.860053359204464,5.3359204464698e-05
605133.SH,SH_MAIN,,False,False,2026-09-24,2026-09-24,READY_INCREMENTAL,,sina_public_snapshot,2026-09-24,24.6,24.749984908545787,1.5091454212523558e-05
605136.SH,SH_MAIN,,False,False,2026-09-24,2026-09-24,READY_INCREMENTAL,,sina_public_snapshot,2026-09-24,8.46,8.429989238311611,1.0761688388427617e-05
605138.SH,SH_MAIN,,False,False,2026-09-24,2026-09-24,READY_INCREMENTAL,,sina_public_snapshot,2026-09-24,6.16,6.20999042290438,9.57709561966169e-06
605151.SH,SH_MAIN,,False,False,2026-09-24,2026-09-24,READY_INCREMENTAL,,sina_public_snapshot,2026-09-24,18.7,18.68001238674618,1.2386746181647368e-05
605155.SH,SH_MAIN,,False,False,2026-09-24,2026-09-24,READY_INCREMENTAL,,sina_public_snapshot,2026-09-24,14.67,14.460040216062769,4.021606276616296e-05
605158.SH,SH_MAIN,,False,False,2026-09-24,2026-09-24,READY_INCREMENTAL,,sina_public_snapshot,2026-09-24,7.88,7.769977123925219,2.287607478024256e-05
605162.SH,SH_MAIN,,False,False,2026-09-24,2026-09-24,READY_INCREMENTAL,,sina_public_snapshot,2026-09-24,12.05,12.410014521261806,1.4521261805455763e-05
605166.SH,SH_MAIN,,False,False,2026-09-24,2026-09-24,READY_INCREMENTAL,,sina_public_snapshot,2026-09-24,8.7,8.79996763230296,3.23676970399589e-05
605167.SH,SH_MAIN,,False,False,2026-09-24,2026-09-24,READY_INCREMENTAL,,sina_public_snapshot,2026-09-24,16.4,16.160023648815095,2.364881509464567e-05
605168.SH,SH_MAIN,,False,False,2026-09-24,2026-09-24,READY_INCREMENTAL,,sina_public_snapshot,2026-09-24,53.07,53.72980196816911,0.0001980318308838
605169.SH,SH_MAIN,,False,False,2026-09-24,2026-09-24,READY_INCREMENTAL,,sina_public_snapshot,2026-09-24,12.99,12.94998454774746,1.5452252538850075e-05
605177.SH,SH_MAIN,,False,False,2026-09-24,2026-09-24,READY_INCREMENTAL,,sina_public_snapshot,2026-09-24,25.86,24.890035323445336,3.532344533496712e-05
605178.SH,SH_MAIN,,False,False,2026-09-24,2026-09-24,READY_INCREMENTAL,,sina_public_snapshot,2026-09-24,69.75,73.90023732836073,0.0002373283607255
605179.SH,SH_MAIN,,False,False,2026-09-24,2026-09-24,READY_INCREMENTAL,,sina_public_snapshot,2026-09-24,24.38,27.090092893017463,9.289301746662204e-05
605180.SH,SH_MAIN,,False,False,2026-09-24,2026-09-24,READY_INCREMENTAL,,sina_public_snapshot,2026-09-24,14.28,13.68996261144665,3.738855335022606e-05
605183.SH,SH_MAIN,,False,False,2026-09-24,2026-09-24,READY_INCREMENTAL,,sina_public_snapshot,2026-09-24,16.51,16.4599617163822,3.828361780122691e-05
605186.SH,SH_MAIN,,False,False,2026-09-24,2026-09-24,READY_INCREMENTAL,,sina_public_snapshot,2026-09-24,26.11,26.720018011195595,1.8011195596301377e-05
605188.SH,SH_MAIN,,False,False,2026-09-24,2026-09-24,READY_INCREMENTAL,,sina_public_snapshot,2026-09-24,12.71,12.97004949232104,4.94923210379028e-05
605189.SH,SH_MAIN,,False,False,2026-09-24,2026-09-24,READY_INCREMENTAL,,sina_public_snapshot,2026-09-24,14.24,14.150005962081163,5.962081164767596e-06
605196.SH,SH_MAIN,,False,False,2026-09-24,2026-09-24,READY_INCREMENTAL,,sina_public_snapshot,2026-09-24,34.7,36.73007102558403,7.10255840346008e-05
605198.SH,SH_MAIN,,False,False,2026-09-24,2026-09-24,READY_INCREMENTAL,,sina_public_snapshot,2026-09-24,63.91,70.50970873786407,0.0002912621359314
605199.SH,SH_MAIN,,True,False,2026-09-24,2026-09-24,READY_INCREMENTAL,,sina_public_snapshot,2026-09-24,5.76,5.849972578253539,2.742174646108708e-05
605208.SH,SH_MAIN,,False,False,2026-09-24,2026-09-24,READY_INCREMENTAL,,sina_public_snapshot,2026-09-24,14.73,14.989925304784972,7.469521502834198e-05
605218.SH,SH_MAIN,,False,False,2026-09-24,2026-09-24,READY_INCREMENTAL,,sina_public_snapshot,2026-09-24,14.51,14.899931199490672,6.880050932878135e-05
605222.SH,SH_MAIN,,False,False,2026-09-24,2026-09-24,READY_INCREMENTAL,,sina_public_snapshot,2026-09-24,22.14,22.62993816118976,6.183881024313109e-05
605228.SH,SH_MAIN,,False,False,2026-09-24,2026-09-24,READY_INCREMENTAL,,sina_public_snapshot,2026-09-24,11.15,11.389987026651548,1.2973348452405276e-05
605255.SH,SH_MAIN,,False,False,2026-09-24,2026-09-24,READY_INCREMENTAL,,sina_public_snapshot,2026-09-24,58.1,60.07030603804797,0.0003060380479738
605258.SH,SH_MAIN,,False,False,2026-09-24,2026-09-24,READY_INCREMENTAL,,sina_public_snapshot,2026-09-24,41.12,43.6499511698017,4.8830198295490845e-05
605259.SH,SH_MAIN,,False,False,2026-09-24,2026-09-24,READY_INCREMENTAL,,sina_public_snapshot,2026-09-24,17.43,17.609973933601406,2.6066398593371787e-05
605266.SH,SH_MAIN,,False,False,2026-09-24,2026-09-24,READY_INCREMENTAL,,sina_public_snapshot,2026-09-24,15.68,15.76006111044104,6.111044103995766e-05
605268.SH,SH_MAIN,,False,False,2026-09-24,2026-09-24,READY_INCREMENTAL,,sina_public_snapshot,2026-09-24,10.15,10.329947688737812,5.231126218774307e-05
605277.SH,SH_MAIN,,False,False,2026-09-24,2026-09-24,READY_INCREMENTAL,,sina_public_snapshot,2026-09-24,17.24,17.42998685673845,1.3143261551107344e-05
605286.SH,SH_MAIN,,False,False,2026-09-24,2026-09-24,READY_INCREMENTAL,,sina_public_snapshot,2026-09-24,24.95,25.299897583580925,0.0001024164190752
605287.SH,SH_MAIN,,False,False,2026-09-24,2026-09-24,READY_INCREMENTAL,,sina_public_snapshot,2026-09-24,35.42,36.25012792958756,0.0001279295875562
605288.SH,SH_MAIN,,False,False,2026-09-24,2026-09-24,READY_INCREMENTAL,,sina_public_snapshot,2026-09-24,66.19,67.91992037187157,7.962812843231859e-05
605289.SH,SH_MAIN,,False,False,2026-09-24,2026-09-24,READY_INCREMENTAL,,sina_public_snapshot,2026-09-24,102.05,102.13988309712546,0.000116902874538
605296.SH,SH_MAIN,,False,False,2026-09-24,2026-09-24,READY_INCREMENTAL,,sina_public_snapshot,2026-09-24,30.3,33.59984031759057,0.000159682409432
605298.SH,SH_MAIN,,False,False,2026-09-24,2026-09-24,READY_INCREMENTAL,,sina_public_snapshot,2026-09-24,44.04,45.609892499844655,0.0001075001553445
605299.SH,SH_MAIN,,False,False,2026-09-24,2026-09-24,READY_INCREMENTAL,,sina_public_snapshot,2026-09-24,12.62,12.410022420642724,2.242064272373057e-05
605300.SH,SH_MAIN,,False,False,2026-09-24,2026-09-24,READY_INCREMENTAL,,sina_public_snapshot,2026-09-24,10.19,10.45997187406974,2.8125930262135057e-05
605303.SH,SH_MAIN,,False,False,2026-09-24,2026-09-24,REPAIRED_FULL_HISTORY,PRIOR_QUARANTINE_RETRY,sina_daily,2026-09-11,23.68,,
605305.SH,SH_MAIN,,False,False,2026-09-24,2026-09-24,READY_INCREMENTAL,,sina_public_snapshot,2026-09-24,30.73,30.73,0.0
605318.SH,SH_MAIN,,False,False,2026-09-24,2026-09-24,READY_INCREMENTAL,,sina_public_snapshot,2026-09-24,76.46,79.67986327494033,0.0001367250596757
605319.SH,SH_MAIN,,False,False,2026-09-24,2026-09-24,READY_INCREMENTAL,,sina_public_snapshot,2026-09-24,22.29,23.15988529155064,0.0001147084493595
605333.SH,SH_MAIN,,False,False,2026-09-24,2026-09-24,READY_INCREMENTAL,,sina_public_snapshot,2026-09-24,16.67,16.93004549886253,4.549886253002455e-05
605336.SH,SH_MAIN,,True,False,2026-09-24,2026-09-24,READY_INCREMENTAL,,sina_public_snapshot,2026-09-24,11.63,11.63,0.0
605337.SH,SH_MAIN,,False,False,2026-09-24,2026-09-24,READY_INCREMENTAL,,sina_public_snapshot,2026-09-24,9.01,9.029956203209093,4.379679090682487e-05
605338.SH,SH_MAIN,,False,False,2026-09-24,2026-09-24,READY_INCREMENTAL,,sina_public_snapshot,2026-09-24,17.63,17.780063737948282,6.373794828107293e-05
605339.SH,SH_MAIN,,False,False,2026-09-24,2026-09-24,READY_INCREMENTAL,,sina_public_snapshot,2026-09-24,13.14,13.039983327875197,1.6672124802497024e-05
605358.SH,SH_MAIN,,False,False,2026-09-24,2026-09-24,READY_INCREMENTAL,,sina_public_snapshot,2026-09-24,48.34,48.03020517661086,0.0002051766108621
605365.SH,SH_MAIN,,False,False,2026-09-24,2026-09-24,READY_INCREMENTAL,,sina_public_snapshot,2026-09-24,14.81,14.460066393282563,6.639328256241583e-05
605366.SH,SH_MAIN,,False,False,2026-09-24,2026-09-24,READY_INCREMENTAL,,sina_public_snapshot,2026-09-24,9.22,8.750035588539543,3.558853954288565e-05
605368.SH,SH_MAIN,,False,False,2026-09-24,2026-09-24,READY_INCREMENTAL,,sina_public_snapshot,2026-09-24,6.66,6.709989421187849,1.0578812150718877e-05
605369.SH,SH_MAIN,,False,False,2026-09-24,2026-09-24,READY_INCREMENTAL,,sina_public_snapshot,2026-09-24,17.75,17.959951836974227,4.816302577381748e-05
605376.SH,SH_MAIN,,False,False,2026-09-24,2026-09-24,READY_INCREMENTAL,,sina_public_snapshot,2026-09-24,133.01,139.15072133239877,0.00072133239874
605377.SH,SH_MAIN,,False,False,2026-09-24,2026-09-24,READY_INCREMENTAL,,sina_public_snapshot,2026-09-24,8.06,8.140016360826928,1.636082692790808e-05
605378.SH,SH_MAIN,,False,False,2026-09-24,2026-09-24,READY_INCREMENTAL,,sina_public_snapshot,2026-09-24,14.85,15.070022325959,2.23259589997582e-05
605388.SH,SH_MAIN,,False,False,2026-09-24,2026-09-24,READY_INCREMENTAL,,sina_public_snapshot,2026-09-24,6.05,6.140012584488603,1.258448860319561e-05
605389.SH,SH_MAIN,,False,False,2026-09-24,2026-09-24,READY_INCREMENTAL,,sina_public_snapshot,2026-09-24,64.3,65.97984690212819,0.0001530978718164
605398.SH,SH_MAIN,,False,False,2026-09-24,2026-09-24,READY_INCREMENTAL,,sina_public_snapshot,2026-09-24,22.3,22.66006848827875,6.848827874961216e-05
605399.SH,SH_MAIN,,False,False,2026-09-24,2026-09-24,READY_INCREMENTAL,,sina_public_snapshot,2026-09-24,11.59,11.559944145222422,5.585477757819035e-05
605488.SH,SH_MAIN,,False,False,2026-09-24,2026-09-24,READY_INCREMENTAL,,sina_public_snapshot,2026-09-24,32.22,31.00999018305711,9.816942892371117e-06
605499.SH,SH_MAIN,,False,False,2026-09-24,2026-09-24,REPAIRED_FULL_HISTORY,QFQ_CONTINUITY_BREAK,sina_daily,2026-09-24,110.83,111.47992798012412,2.970072019875886
605500.SH,SH_MAIN,,False,False,2026-09-24,2026-09-24,READY_INCREMENTAL,,sina_public_snapshot,2026-09-24,7.32,7.420021895146577,2.189514657668923e-05
605507.SH,SH_MAIN,,False,False,2026-09-24,2026-09-24,READY_INCREMENTAL,,sina_public_snapshot,2026-09-24,18.1,18.8300406770492,4.067704919918924e-05
605555.SH,SH_MAIN,,False,False,2026-09-24,2026-09-24,READY_INCREMENTAL,,sina_public_snapshot,2026-09-24,12.52,12.630007364141674,7.3641416733494225e-06
605566.SH,SH_MAIN,,False,False,2026-09-24,2026-09-24,READY_INCREMENTAL,,sina_public_snapshot,2026-09-24,32.82,33.320135229799284,0.0001352297992838
605567.SH,SH_MAIN,,False,False,2026-09-24,2026-09-24,READY_INCREMENTAL,,sina_public_snapshot,2026-09-24,9.38,9.420035149384889,3.514938488713426e-05
605577.SH,SH_MAIN,,False,False,2026-09-24,2026-09-24,READY_INCREMENTAL,,sina_public_snapshot,2026-09-24,16.52,15.91997610076227,2.389923773016278e-05
605580.SH,SH_MAIN,,False,False,2026-09-24,2026-09-24,READY_INCREMENTAL,,sina_public_snapshot,2026-09-24,21.89,22.859947575634155,5.24243658439616e-05
605588.SH,SH_MAIN,,False,False,2026-09-24,2026-09-24,READY_INCREMENTAL,,sina_public_snapshot,2026-09-24,47.14,48.37005038119376,5.03811937591081e-05
605589.SH,SH_MAIN,,False,False,2026-09-24,2026-09-24,READY_INCREMENTAL,,sina_public_snapshot,2026-09-24,40.08,41.22990196582691,9.803417308518192e-05
605598.SH,SH_MAIN,,False,False,2026-09-24,2026-09-24,READY_INCREMENTAL,,sina_public_snapshot,2026-09-24,24.56,24.70004927941428,4.927941427723681e-05
605599.SH,SH_MAIN,,False,False,2026-09-24,2026-09-24,READY_INCREMENTAL,,sina_public_snapshot,2026-09-24,13.49,13.799946805245822,5.319475417842057e-05
688001.SH,STAR,,False,False,2026-09-24,2026-09-24,READY_INCREMENTAL,,sina_public_snapshot,2026-09-24,67.57,70.73985280415414,0.0001471958458552
688002.SH,STAR,,False,False,2026-09-24,2026-09-24,READY_INCREMENTAL,,sina_public_snapshot,2026-09-24,178.85,184.060760118968,0.0007601189679746
688003.SH,STAR,,False,False,2026-09-24,2026-09-24,READY_INCREMENTAL,,sina_public_snapshot,2026-09-24,79.3,82.79995405803305,4.594196694540642e-05
688004.SH,STAR,,False,False,2026-09-24,2026-09-24,READY_INCREMENTAL,,sina_public_snapshot,2026-09-24,33.14,33.50012635835229,0.0001263583522899
688005.SH,STAR,,False,False,2026-09-24,2026-09-24,READY_INCREMENTAL,,sina_public_snapshot,2026-09-24,23.35,23.8498937734924,0.0001062265076008
688006.SH,STAR,,False,False,2026-09-24,2026-09-24,READY_INCREMENTAL,,sina_public_snapshot,2026-09-24,20.72,21.19996725873782,3.2741262177893304e-05
688007.SH,STAR,,False,False,2026-09-24,2026-09-24,READY_INCREMENTAL,,sina_public_snapshot,2026-09-24,11.23,11.190051516087568,5.151608756825965e-05
688008.SH,STAR,,False,False,2026-09-24,2026-09-24,READY_INCREMENTAL,,sina_public_snapshot,2026-09-24,214.5,223.3700236386925,2.3638692482563783e-05
688009.SH,STAR,,False,False,2026-09-24,2026-09-24,READY_INCREMENTAL,,sina_public_snapshot,2026-09-24,4.64,4.659991362947043,8.637052957283231e-06
688010.SH,STAR,,False,False,2026-09-24,2026-09-24,READY_INCREMENTAL,,sina_public_snapshot,2026-09-24,29.27,28.709870427950683,0.0001295720493175
688011.SH,STAR,,False,False,2026-09-24,2026-09-24,READY_INCREMENTAL,,sina_public_snapshot,2026-09-24,66.36,73.56984478935698,0.0001552106430153
688012.SH,STAR,,False,False,2026-09-24,2026-09-24,READY_INCREMENTAL,,sina_public_snapshot,2026-09-24,339.3,349.3508231829742,0.0008231829741589
688013.SH,STAR,,False,False,2026-09-24,2026-09-24,READY_INCREMENTAL,,sina_public_snapshot,2026-09-24,25.22,25.369936323672903,6.367632709469717e-05
688015.SH,STAR,,False,False,2026-09-24,2026-09-24,READY_INCREMENTAL,,sina_public_snapshot,2026-09-24,16.96,16.83007184535387,7.184535387239066e-05
688016.SH,STAR,,False,False,2026-09-24,2026-09-24,READY_INCREMENTAL,,sina_public_snapshot,2026-09-24,85.01,86.23977925213546,0.0002207478645317
688017.SH,STAR,,False,False,2026-09-24,2026-09-24,READY_INCREMENTAL,,sina_public_snapshot,2026-09-24,284.34,286.89914033175927,0.0008596682407073
688018.SH,STAR,,False,False,2026-09-24,2026-09-24,READY_INCREMENTAL,,sina_public_snapshot,2026-09-24,118.64,122.2298919258626,0.0001080741374153
688019.SH,STAR,,False,False,2026-09-24,2026-09-24,READY_INCREMENTAL,,sina_public_snapshot,2026-09-24,225.66,232.39958805355303,0.0004119464469738
688020.SH,STAR,,False,False,2026-09-24,2026-09-24,READY_INCREMENTAL,,sina_public_snapshot,2026-09-24,150.05,157.62051325146803,0.0005132514680212
688021.SH,STAR,,False,False,2026-09-24,2026-09-24,READY_INCREMENTAL,,sina_public_snapshot,2026-09-24,20.22,20.309973181192685,0.0500268188073143
688022.SH,STAR,,True,False,2026-09-24,2026-09-24,READY_INCREMENTAL,,sina_public_snapshot,2026-09-24,8.78,8.899971617402587,2.8382597413667557e-05
688023.SH,STAR,,False,False,2026-09-24,2026-09-24,READY_INCREMENTAL,,sina_public_snapshot,2026-09-24,47.9,47.439833613944735,0.0001663860552625
688025.SH,STAR,,False,False,2026-09-24,2026-09-24,READY_INCREMENTAL,,sina_public_snapshot,2026-09-24,444.59,449.78956739913394,0.0004326008660768
688026.SH,STAR,,False,False,2026-09-24,2026-09-24,READY_INCREMENTAL,,sina_public_snapshot,2026-09-24,25.95,27.77985933435389,0.0001406656461107
688027.SH,STAR,,False,False,2026-09-24,2026-09-24,READY_INCREMENTAL,,sina_public_snapshot,2026-09-24,364.0,387.8405591723227,0.0005591723227098
688028.SH,STAR,,False,False,2026-09-24,2026-09-24,READY_INCREMENTAL,,sina_public_snapshot,2026-09-24,122.6,130.14033076449482,0.0003307644948336
688029.SH,STAR,,False,False,2026-09-24,2026-09-24,READY_INCREMENTAL,,sina_public_snapshot,2026-09-24,82.76,84.90033750859159,0.0003375085915848
688030.SH,STAR,,False,False,2026-09-24,2026-09-24,READY_INCREMENTAL,,sina_public_snapshot,2026-09-24,19.0,19.0,0.0
688031.SH,STAR,,False,False,2026-09-24,2026-09-24,READY_INCREMENTAL,,sina_public_snapshot,2026-09-24,103.7,108.99955853602135,0.0004414639786318
688032.SH,STAR,,False,False,2026-09-24,2026-09-24,READY_INCREMENTAL,,sina_public_snapshot,2026-09-24,68.73,70.33000767459708,7.674597085838286e-06
688033.SH,STAR,,True,False,2026-09-24,2026-09-24,READY_INCREMENTAL,,sina_public_snapshot,2026-09-24,7.51,7.349990702408565,9.297591434531682e-06
688035.SH,STAR,,False,False,2026-09-24,2026-09-24,READY_INCREMENTAL,,sina_public_snapshot,2026-09-24,78.54,84.5397888119867,0.0002111880133099
688036.SH,STAR,,False,False,2026-09-24,2026-09-24,READY_INCREMENTAL,,sina_public_snapshot,2026-09-24,54.92,55.650129701686126,0.0001297016861272
688037.SH,STAR,,False,False,2026-09-24,2026-09-24,READY_INCREMENTAL,,sina_public_snapshot,2026-09-24,344.98,351.56839165970285,0.0016083402971389
688038.SH,STAR,,False,False,2026-09-24,2026-09-24,READY_INCREMENTAL,,sina_public_snapshot,2026-09-24,19.3,19.57006692354492,6.69235449208827e-05
688039.SH,STAR,,False,False,2026-09-24,2026-09-24,READY_INCREMENTAL,,sina_public_snapshot,2026-09-24,32.83,33.38994945231533,5.054768467260829e-05
688041.SH,STAR,,False,False,2026-09-24,2026-09-24,READY_INCREMENTAL,,sina_public_snapshot,2026-09-24,248.3,251.6596564131151,0.0003435868848953
688045.SH,STAR,,False,False,2026-09-24,2026-09-24,READY_INCREMENTAL,,sina_public_snapshot,2026-09-24,60.58,62.2003182914934,0.0003182914934001
688046.SH,STAR,,False,False,2026-09-24,2026-09-24,READY_INCREMENTAL,,sina_public_snapshot,2026-09-24,35.92,38.60995560715016,4.439284984414371e-05
688047.SH,STAR,,False,False,2026-09-24,2026-09-24,READY_INCREMENTAL,,sina_public_snapshot,2026-09-24,104.7,105.84952585073904,0.0004741492609667
688048.SH,STAR,,False,False,2026-09-24,2026-09-24,READY_INCREMENTAL,,sina_public_snapshot,2026-09-24,329.66,348.8982494761129,0.0017505238870967
688049.SH,STAR,,False,False,2026-09-24,2026-09-24,READY_INCREMENTAL,,sina_public_snapshot,2026-09-24,47.1,46.11001791535728,1.7915357275910537e-05
688050.SH,STAR,,False,False,2026-09-24,2026-09-24,READY_INCREMENTAL,,sina_public_snapshot,2026-09-24,38.35,39.41013256602611,0.0001325660261102
688051.SH,STAR,,False,False,2026-09-24,2026-09-24,READY_INCREMENTAL,,sina_public_snapshot,2026-09-24,25.0,25.55009351334226,9.351334226082032e-05
688052.SH,STAR,,False,False,2026-09-24,2026-09-24,READY_INCREMENTAL,,sina_public_snapshot,2026-09-24,253.01,254.2890740424334,0.0009259575665794
688053.SH,STAR,,True,False,2026-09-24,2026-09-24,READY_INCREMENTAL,,sina_public_snapshot,2026-09-24,39.08,39.799981668381015,1.833161898190383e-05
688055.SH,STAR,,False,False,2026-09-24,2026-09-24,READY_INCREMENTAL,,sina_public_snapshot,2026-09-24,3.71,3.799983611930515,1.638806948500715e-05
688056.SH,STAR,,False,False,2026-09-24,2026-09-24,READY_INCREMENTAL,,sina_public_snapshot,2026-09-24,58.24,52.91995674811228,4.325188772469346e-05
688057.SH,STAR,,False,False,2026-09-24,2026-09-24,READY_INCREMENTAL,,sina_public_snapshot,2026-09-24,19.79,19.559974697556733,2.5302443265928787e-05
688058.SH,STAR,,False,False,2026-09-24,2026-09-24,READY_INCREMENTAL,,sina_public_snapshot,2026-09-24,25.25,25.71990262088354,9.737911645757436e-05
688059.SH,STAR,,False,False,2026-09-24,2026-09-24,READY_INCREMENTAL,,sina_public_snapshot,2026-09-24,88.99,91.01974020660734,0.000259793392658
688060.SH,STAR,,False,False,2026-09-24,2026-09-24,READY_INCREMENTAL,,sina_public_snapshot,2026-09-24,37.13,38.08009845648942,9.845648941819718e-05
688061.SH,STAR,,False,False,2026-09-24,2026-09-24,READY_INCREMENTAL,,sina_public_snapshot,2026-09-24,46.49,47.49984674172916,0.0001532582708421
688062.SH,STAR,,False,False,2026-09-24,2026-09-24,READY_INCREMENTAL,,sina_public_snapshot,2026-09-24,26.47,27.79994958830449,5.041169551489588e-05
688063.SH,STAR,,False,False,2026-09-24,2026-09-24,READY_INCREMENTAL,,sina_public_snapshot,2026-09-24,40.51,41.3299869409076,1.3059092395906193e-05
688065.SH,STAR,,False,False,2026-09-24,2026-09-24,READY_INCREMENTAL,,sina_public_snapshot,2026-09-24,38.34,39.319850678918655,0.000149321081345
688066.SH,STAR,,True,False,2026-09-24,2026-09-24,READY_INCREMENTAL,,sina_public_snapshot,2026-09-24,8.96,8.180033779157347,3.3779157346813804e-05
688067.SH,STAR,,False,False,2026-09-24,2026-09-24,READY_INCREMENTAL,,sina_public_snapshot,2026-09-24,23.95,24.01989790289743,0.0001020971025695
688068.SH,STAR,,False,False,2026-09-24,2026-09-24,READY_INCREMENTAL,,sina_public_snapshot,2026-09-24,91.89,95.46021192603368,0.0002119260336712
688069.SH,STAR,,False,False,2026-09-24,2026-09-24,READY_INCREMENTAL,,sina_public_snapshot,2026-09-24,37.3,37.83997646414332,2.3535856684020476e-05
688070.SH,STAR,,False,False,2026-09-24,2026-09-24,READY_INCREMENTAL,,sina_public_snapshot,2026-09-24,36.43,36.62005810154703,5.8101547033118095e-05
688071.SH,STAR,,False,False,2026-09-24,2026-09-24,READY_INCREMENTAL,,sina_public_snapshot,2026-09-24,35.65,35.7501002807862,0.0001002807861993
688072.SH,STAR,,False,False,2026-09-24,2026-09-24,READY_INCREMENTAL,,sina_public_snapshot,2026-09-24,700.9,730.3019567799612,0.0019567799612332
688073.SH,STAR,,False,False,2026-09-24,2026-09-24,READY_INCREMENTAL,,sina_public_snapshot,2026-09-24,74.55,80.75960611411425,0.0003938858857566
688075.SH,STAR,,False,False,2026-09-24,2026-09-24,READY_INCREMENTAL,,sina_public_snapshot,2026-09-24,29.82,30.40995308994493,4.691005506884949e-05
688076.SH,STAR,,True,False,2026-09-24,2026-09-24,READY_INCREMENTAL,,sina_public_snapshot,2026-09-24,28.83,29.059863520446733,0.0001364795532659
688077.SH,STAR,,False,False,2026-09-24,2026-09-24,READY_INCREMENTAL,,sina_public_snapshot,2026-09-24,27.86,28.240111906258235,0.0001119062582368
688078.SH,STAR,,False,False,2026-09-24,2026-09-24,READY_INCREMENTAL,,sina_public_snapshot,2026-09-24,30.92,31.330111155019203,0.000111155019205
688079.SH,STAR,,False,False,2026-09-24,2026-09-24,READY_INCREMENTAL,,sina_public_snapshot,2026-09-24,17.51,18.059924707338457,7.529266154193692e-05
688080.SH,STAR,,False,False,2026-09-24,2026-09-24,READY_INCREMENTAL,,sina_public_snapshot,2026-09-24,38.04,38.519958685217816,4.1314782187384935e-05
688081.SH,STAR,,False,False,2026-09-24,2026-09-24,READY_INCREMENTAL,,sina_public_snapshot,2026-09-24,26.25,26.67005334010668,5.334010667823463e-05
688082.SH,STAR,,False,False,2026-09-24,2026-09-24,READY_INCREMENTAL,,sina_public_snapshot,2026-09-24,304.11,291.3293800952226,0.0006199047774089
688083.SH,STAR,,False,False,2026-09-24,2026-09-24,READY_INCREMENTAL,,sina_public_snapshot,2026-09-24,51.96,52.56980979360584,0.0001902063941656
688084.SH,STAR,,False,False,2026-09-24,2026-09-24,READY_INCREMENTAL,,sina_public_snapshot,2026-09-24,43.03,44.46993654533805,6.345466195512017e-05
688085.SH,STAR,,False,False,2026-09-24,2026-09-24,READY_INCREMENTAL,,sina_public_snapshot,2026-09-24,13.15,13.209973278685233,2.672131476977313e-05
688087.SH,STAR,,False,False,2026-09-24,2026-09-24,READY_INCREMENTAL,,sina_public_snapshot,2026-09-24,33.21,34.37994968787851,5.03121214947555e-05
688088.SH,STAR,,False,False,2026-09-24,2026-09-24,READY_INCREMENTAL,,sina_public_snapshot,2026-09-24,29.49,30.070051289371985,5.128937198506378e-05
688089.SH,STAR,,True,False,2026-09-24,2026-09-24,QUARANTINED,IMPOSSIBLE_OHLC,NONE,,,,
688090.SH,STAR,,False,False,2026-09-24,2026-09-24,READY_INCREMENTAL,,sina_public_snapshot,2026-09-24,83.31,84.79993485540955,6.514459045092735e-05
688091.SH,STAR,,False,False,2026-09-24,2026-09-24,READY_INCREMENTAL,,sina_public_snapshot,2026-09-24,39.95,40.84992382179413,7.617820587313417e-05
688092.SH,STAR,,False,False,2026-09-24,2026-09-24,READY_INCREMENTAL,,sina_public_snapshot,2026-09-24,22.9,22.829912169639208,8.783036079051953e-05
688093.SH,STAR,,False,False,2026-09-24,2026-09-24,READY_INCREMENTAL,,sina_public_snapshot,2026-09-24,23.29,23.93997019067688,2.9809323123686227e-05
688095.SH,STAR,,False,False,2026-09-24,2026-09-24,READY_INCREMENTAL,,sina_public_snapshot,2026-09-24,57.44,58.72009813943978,9.813943978542738e-05
688096.SH,STAR,,False,False,2026-09-24,2026-09-24,READY_INCREMENTAL,,sina_public_snapshot,2026-09-24,7.41,7.5,0.0
688097.SH,STAR,,False,False,2026-09-24,2026-09-24,READY_INCREMENTAL,,sina_public_snapshot,2026-09-24,44.9,46.89980780479653,0.0001921952034749
688098.SH,STAR,,False,False,2026-09-24,2026-09-24,READY_INCREMENTAL,,sina_public_snapshot,2026-09-24,8.37,8.679961422393678,3.857760632186569e-05
688099.SH,STAR,,False,False,2026-09-24,2026-09-24,READY_INCREMENTAL,,sina_public_snapshot,2026-09-24,89.52,92.89005105217282,5.105217282164176e-05
688100.SH,STAR,,False,False,2026-09-24,2026-09-24,READY_INCREMENTAL,,sina_public_snapshot,2026-09-24,24.73,25.0900421041952,4.210419520234154e-05
688101.SH,STAR,,False,False,2026-09-24,2026-09-24,READY_INCREMENTAL,,sina_public_snapshot,2026-09-24,14.54,14.689984744238677,1.5255761322663377e-05
688102.SH,STAR,,False,False,2026-09-24,2026-09-24,READY_INCREMENTAL,,sina_public_snapshot,2026-09-24,30.9,31.579915582491036,8.441750896537314e-05
688103.SH,STAR,,False,False,2026-09-24,2026-09-24,READY_INCREMENTAL,,sina_public_snapshot,2026-09-24,81.24,84.72031034914278,0.0003103491427793
688105.SH,STAR,,False,False,2026-09-24,2026-09-24,READY_INCREMENTAL,,sina_public_snapshot,2026-09-24,26.57,27.590002388295275,2.388295275324026e-06
688106.SH,STAR,,False,False,2026-09-24,2026-09-24,READY_INCREMENTAL,,sina_public_snapshot,2026-09-24,26.82,27.01994761233125,5.238766874882117e-05
688107.SH,STAR,,False,False,2026-09-24,2026-09-24,READY_INCREMENTAL,,sina_public_snapshot,2026-09-24,30.73,31.000010087865306,1.0087865305763444e-05
688108.SH,STAR,,False,False,2026-09-24,2026-09-24,READY_INCREMENTAL,,sina_public_snapshot,2026-09-24,15.2,15.759951061204598,4.8938795401909374e-05
688109.SH,STAR,,False,False,2026-09-24,2026-09-24,READY_INCREMENTAL,,sina_public_snapshot,2026-09-24,72.29,72.60000200857662,2.008576629464187e-06
688110.SH,STAR,,False,False,2026-09-24,2026-09-24,READY_INCREMENTAL,,sina_public_snapshot,2026-09-24,118.73,122.64989050039254,0.0001094996074613
688111.SH,STAR,,False,False,2026-09-24,2026-09-24,READY_INCREMENTAL,,sina_public_snapshot,2026-09-24,222.03,226.60053274547627,0.0005327454762777
688112.SH,STAR,,False,False,2026-09-24,2026-09-24,READY_INCREMENTAL,,sina_public_snapshot,2026-09-24,117.08,114.980456857777,0.0004568577769958
688113.SH,STAR,,False,False,2026-09-24,2026-09-24,READY_INCREMENTAL,,sina_public_snapshot,2026-09-24,37.9,38.070173676333205,0.0001736763332047
688114.SH,STAR,,False,False,2026-09-24,2026-09-24,READY_INCREMENTAL,,sina_public_snapshot,2026-09-24,74.94,75.3400556957444,5.569574439334701e-05
688115.SH,STAR,,False,False,2026-09-24,2026-09-24,READY_INCREMENTAL,,sina_public_snapshot,2026-09-24,67.38,66.90032467210104,0.0003246721010299
688116.SH,STAR,,False,False,2026-09-24,2026-09-24,READY_INCREMENTAL,,sina_public_snapshot,2026-09-24,33.64,34.29993066601411,6.933398588415685e-05
688117.SH,STAR,,False,False,2026-09-24,2026-09-24,READY_INCREMENTAL,,sina_public_snapshot,2026-09-24,18.82,19.750028858968843,2.885896884308181e-05
688118.SH,STAR,,False,False,2026-09-24,2026-09-24,READY_INCREMENTAL,,sina_public_snapshot,2026-09-24,20.15,20.39989875980764,0.0001012401923574
688119.SH,STAR,,False,False,2026-09-24,2026-09-24,READY_INCREMENTAL,,sina_public_snapshot,2026-09-24,3.84,3.869992441421013,7.558578987154618e-06
688120.SH,STAR,,False,False,2026-09-24,2026-09-24,READY_INCREMENTAL,,sina_public_snapshot,2026-09-24,247.17,254.01050284152217,0.0005028415221772
688121.SH,STAR,,True,False,2026-09-24,2026-09-24,READY_INCREMENTAL,,sina_public_snapshot,2026-09-24,1.16,1.16,0.0
688122.SH,STAR,,False,False,2026-09-24,2026-09-24,READY_INCREMENTAL,,sina_public_snapshot,2026-09-24,51.33,52.79017627578831,0.0001762757883057
688123.SH,STAR,,False,False,2026-09-24,2026-09-24,READY_INCREMENTAL,,sina_public_snapshot,2026-09-24,159.55,168.1101698486956,0.0001698486955774
688125.SH,STAR,,False,False,2026-09-24,2026-09-24,READY_INCREMENTAL,,sina_public_snapshot,2026-09-24,124.52,128.6802318972377,0.0002318972376826
688126.SH,STAR,,False,False,2026-09-24,2026-09-24,READY_INCREMENTAL,,sina_public_snapshot,2026-09-24,24.8,24.880113966973656,0.0001139669736573
688127.SH,STAR,,False,False,2026-09-24,2026-09-24,READY_INCREMENTAL,,sina_public_snapshot,2026-09-24,65.78,69.05021834061135,0.0002183406113545
688128.SH,STAR,,False,False,2026-09-24,2026-09-24,READY_INCREMENTAL,,sina_public_snapshot,2026-09-24,22.1,22.28002258246633,2.2582466328913146e-05
688129.SH,STAR,,False,False,2026-09-24,2026-09-24,READY_INCREMENTAL,,sina_public_snapshot,2026-09-24,23.84,24.429984116411333,1.588358866655426e-05
688130.SH,STAR,,False,False,2026-09-24,2026-09-24,READY_INCREMENTAL,,sina_public_snapshot,2026-09-24,27.36,28.51009732613634,9.732613633772758e-05
688131.SH,STAR,,False,False,2026-09-24,2026-09-24,READY_INCREMENTAL,,sina_public_snapshot,2026-09-24,103.54,110.36967552125527,0.0003244787447158
688132.SH,STAR,,False,False,2026-09-24,2026-09-24,READY_INCREMENTAL,,sina_public_snapshot,2026-09-24,16.78,16.71997528871352,2.4711286478407143e-05
688133.SH,STAR,,False,False,2026-09-24,2026-09-24,READY_INCREMENTAL,,sina_public_snapshot,2026-09-24,22.7,23.169885273343404,0.0001147266565979
688135.SH,STAR,,False,False,2026-09-24,2026-09-24,READY_INCREMENTAL,,sina_public_snapshot,2026-09-24,39.55,40.2999826776307,1.7322369295413864e-05
688136.SH,STAR,,False,False,2026-09-24,2026-09-24,READY_INCREMENTAL,,sina_public_snapshot,2026-09-24,23.27,24.589990700820017,9.299179982491523e-06
688137.SH,STAR,,False,False,2026-09-24,2026-09-24,READY_INCREMENTAL,,sina_public_snapshot,2026-09-24,125.25,122.83988152448951,0.0001184755104901
688138.SH,STAR,,False,False,2026-09-24,2026-09-24,READY_INCREMENTAL,,sina_public_snapshot,2026-09-24,40.15,41.79983967184784,0.0001603281521624
688139.SH,STAR,,False,False,2026-09-24,2026-09-24,READY_INCREMENTAL,,sina_public_snapshot,2026-09-24,34.6,35.06993715791607,6.284208392770552e-05
688141.SH,STAR,,False,False,2026-09-24,2026-09-24,READY_INCREMENTAL,,sina_public_snapshot,2026-09-24,112.4,119.29020207165904,0.0002020716590322
688143.SH,STAR,,False,False,2026-09-24,2026-09-24,QUARANTINED,IMPOSSIBLE_OHLC,NONE,,,,
688146.SH,STAR,,False,False,2026-09-24,2026-09-24,READY_INCREMENTAL,,sina_public_snapshot,2026-09-24,212.99,217.40106766287985,0.0010676628798478
688147.SH,STAR,,False,False,2026-09-24,2026-09-24,READY_INCREMENTAL,,sina_public_snapshot,2026-09-24,111.0,115.40021000758938,0.0002100075893736
688148.SH,STAR,,False,False,2026-09-24,2026-09-24,READY_INCREMENTAL,,sina_public_snapshot,2026-09-24,5.88,5.959982971477224,1.702852277585265e-05
688150.SH,STAR,,False,False,2026-09-24,2026-09-24,READY_INCREMENTAL,,sina_public_snapshot,2026-09-24,42.99,44.69000790053641,7.900536409977121e-06
688151.SH,STAR,,False,False,2026-09-24,2026-09-24,READY_INCREMENTAL,,sina_public_snapshot,2026-09-24,17.08,16.99993032815439,6.967184560835449e-05
688152.SH,STAR,,False,False,2026-09-24,2026-09-24,READY_INCREMENTAL,,sina_public_snapshot,2026-09-24,35.23,36.5498137754308,0.0001862245691981
688153.SH,STAR,,False,False,2026-09-24,2026-09-24,READY_INCREMENTAL,,sina_public_snapshot,2026-09-24,26.5,26.919951239333603,4.876066639880605e-05
688155.SH,STAR,,False,False,2026-09-24,2026-09-24,READY_INCREMENTAL,,sina_public_snapshot,2026-09-24,53.9,53.63023989333651,0.0002398933365057
688156.SH,STAR,,False,False,2026-09-24,2026-09-24,READY_INCREMENTAL,,sina_public_snapshot,2026-09-24,22.87,23.29988283836789,0.0001171616321116
688157.SH,STAR,,False,False,2026-09-24,2026-09-24,READY_INCREMENTAL,,sina_public_snapshot,2026-09-24,19.3,19.870072376481247,7.237648124558405e-05
688158.SH,STAR,,False,False,2026-09-24,2026-09-24,READY_INCREMENTAL,,sina_public_snapshot,2026-09-24,29.65,30.210095164346992,9.516434699108343e-05
688159.SH,STAR,,False,False,2026-09-24,2026-09-24,READY_INCREMENTAL,,sina_public_snapshot,2026-09-24,36.62,37.89987891081833,0.0001210891816683
688160.SH,STAR,,False,False,2026-09-24,2026-09-24,READY_INCREMENTAL,,sina_public_snapshot,2026-09-24,97.36,97.50040057683064,0.0004005768306285
688161.SH,STAR,,False,False,2026-09-24,2026-09-24,READY_INCREMENTAL,,sina_public_snapshot,2026-09-24,21.64,21.929913455886823,8.654411317365884e-05
688162.SH,STAR,,False,False,2026-09-24,2026-09-24,READY_INCREMENTAL,,sina_public_snapshot,2026-09-24,24.97,25.040112314480545,0.0001123144805461
688163.SH,STAR,,False,False,2026-09-24,2026-09-24,READY_INCREMENTAL,,sina_public_snapshot,2026-09-24,37.31,38.26980675337464,0.0001932466253649
688165.SH,STAR,,False,False,2026-09-24,2026-09-24,READY_INCREMENTAL,,sina_public_snapshot,2026-09-24,14.81,15.03003978241455,3.978241455016018e-05
688166.SH,STAR,,False,False,2026-09-24,2026-09-24,READY_INCREMENTAL,,sina_public_snapshot,2026-09-24,35.0,36.29989939742167,0.0001006025783283
688167.SH,STAR,,False,False,2026-09-24,2026-09-24,READY_INCREMENTAL,,sina_public_snapshot,2026-09-24,293.84,308.8988173455979,0.0011826544021005
688168.SH,STAR,,False,False,2026-09-24,2026-09-24,READY_INCREMENTAL,,sina_public_snapshot,2026-09-24,44.78,45.300044510986126,4.4510986128898367e-05
688169.SH,STAR,,False,False,2026-09-24,2026-09-24,READY_INCREMENTAL,,sina_public_snapshot,2026-09-24,114.6,116.37944166302768,0.0005583369723041
688170.SH,STAR,,False,False,2026-09-24,2026-09-24,READY_INCREMENTAL,,sina_public_snapshot,2026-09-24,68.65,72.00016780811143,0.0001678081114278
688171.SH,STAR,,False,False,2026-09-24,2026-09-24,READY_INCREMENTAL,,sina_public_snapshot,2026-09-24,24.82,24.029896987065293,0.0001030129347086
688172.SH,STAR,,False,False,2026-09-24,2026-09-24,READY_INCREMENTAL,,sina_public_snapshot,2026-09-24,45.26,46.95995019713634,4.9802863664183405e-05
688173.SH,STAR,,False,False,2026-09-24,2026-09-24,QUARANTINED,IMPOSSIBLE_OHLC,NONE,,,,
688175.SH,STAR,,False,False,2026-09-24,2026-09-24,READY_INCREMENTAL,,sina_public_snapshot,2026-09-24,25.95,26.789862179321734,0.0001378206782653
688176.SH,STAR,,False,False,2026-09-24,2026-09-24,READY_INCREMENTAL,,sina_public_snapshot,2026-09-24,14.73,14.690043082814745,4.3082814743300446e-05
688177.SH,STAR,,False,False,2026-09-24,2026-09-24,READY_INCREMENTAL,,sina_public_snapshot,2026-09-24,20.83,21.270077911999262,7.791199926288073e-05
688178.SH,STAR,,False,False,2026-09-24,2026-09-24,READY_INCREMENTAL,,sina_public_snapshot,2026-09-24,30.11,30.350069046155085,6.904615508318557e-05
688179.SH,STAR,,False,False,2026-09-24,2026-09-24,READY_INCREMENTAL,,sina_public_snapshot,2026-09-24,24.84,24.13009267354433,9.267354432651588e-05
688180.SH,STAR,,False,False,2026-09-24,2026-09-24,READY_INCREMENTAL,,sina_public_snapshot,2026-09-24,34.88,35.77986356875417,0.0001364312458278
688181.SH,STAR,,False,False,2026-09-24,2026-09-24,READY_INCREMENTAL,,sina_public_snapshot,2026-09-24,46.98,46.77978253076831,0.0002174692316927
688182.SH,STAR,,False,False,2026-09-24,2026-09-24,READY_INCREMENTAL,,sina_public_snapshot,2026-09-24,28.67,29.6199105307202,8.946927979991415e-05
688183.SH,STAR,,False,False,2026-09-24,2026-09-24,READY_INCREMENTAL,,sina_public_snapshot,2026-09-24,114.08,118.99943671374628,0.0005632862537225
688184.SH,STAR,,True,False,2026-09-24,2026-09-24,READY_INCREMENTAL,,sina_public_snapshot,2026-09-24,10.76,10.799959851450367,4.014854963330095e-05
688185.SH,STAR,,False,False,2026-09-24,2026-09-24,READY_INCREMENTAL,,sina_public_snapshot,2026-09-24,81.61,85.250182805808,0.0001828058079951
688186.SH,STAR,,False,False,2026-09-24,2026-09-24,READY_INCREMENTAL,,sina_public_snapshot,2026-09-24,14.35,14.720062367929756,6.236792975400363e-05
688187.SH,STAR,,False,False,2026-09-24,2026-09-24,READY_INCREMENTAL,,sina_public_snapshot,2026-09-24,44.4,45.769892894327214,0.0001071056727894
688188.SH,STAR,,False,False,2026-09-24,2026-09-24,READY_INCREMENTAL,,sina_public_snapshot,2026-09-24,95.25,97.31005383978832,5.383978832185221e-05
688189.SH,STAR,,True,False,2026-09-24,2026-09-24,READY_INCREMENTAL,,sina_public_snapshot,2026-09-24,6.48,6.530019952838745,1.9952838744785595e-05
688190.SH,STAR,,False,False,2026-09-24,2026-09-24,READY_INCREMENTAL,,sina_public_snapshot,2026-09-24,71.2,73.50967395568772,0.0003260443122883
688191.SH,STAR,,False,False,2026-09-24,2026-09-24,READY_INCREMENTAL,,sina_public_snapshot,2026-09-24,22.05,23.600051374261493,5.137426149204316e-05
688192.SH,STAR,,False,False,2026-09-24,2026-09-24,READY_INCREMENTAL,,sina_public_snapshot,2026-09-24,56.45,60.24996531224318,3.468775682335945e-05
688193.SH,STAR,,False,False,2026-09-24,2026-09-24,READY_INCREMENTAL,,sina_public_snapshot,2026-09-24,49.18,48.89980412237877,0.0001958776212305
688195.SH,STAR,,False,False,2026-09-24,2026-09-24,READY_INCREMENTAL,,sina_public_snapshot,2026-09-24,188.12,194.3990906272605,0.0009093727394997
688196.SH,STAR,,False,False,2026-09-24,2026-09-24,READY_INCREMENTAL,,sina_public_snapshot,2026-09-24,33.56,34.66011195340095,0.0001119534009532
688197.SH,STAR,,False,False,2026-09-24,2026-09-24,READY_INCREMENTAL,,sina_public_snapshot,2026-09-24,37.72,39.46019458102312,0.0001945810231163
688198.SH,STAR,,False,False,2026-09-24,2026-09-24,READY_INCREMENTAL,,sina_public_snapshot,2026-09-24,71.16,73.41001702171557,1.702171557838028e-05
688199.SH,STAR,,False,False,2026-09-24,2026-09-24,READY_INCREMENTAL,,sina_public_snapshot,2026-09-24,25.51,25.500054978558367,5.497855836722465e-05
688200.SH,STAR,,False,False,2026-09-24,2026-09-24,READY_INCREMENTAL,,sina_public_snapshot,2026-09-24,398.08,397.32111666716565,0.001116667165661
688201.SH,STAR,,True,False,2026-09-24,2026-09-24,READY_INCREMENTAL,,sina_public_snapshot,2026-09-24,7.71,7.899994876786721,5.1232132793899154e-06
688202.SH,STAR,,False,False,2026-09-24,2026-09-24,READY_INCREMENTAL,,sina_public_snapshot,2026-09-24,107.91,117.0796805832827,0.0003194167173035
688203.SH,STAR,,False,False,2026-09-24,2026-09-24,READY_INCREMENTAL,,sina_public_snapshot,2026-09-24,23.06,24.300030559448665,3.0559448664035926e-05
688205.SH,STAR,,False,False,2026-09-24,2026-09-24,READY_INCREMENTAL,,sina_public_snapshot,2026-09-24,210.68,229.65902154007156,0.0009784599284614
688206.SH,STAR,,False,False,2026-09-24,2026-09-24,READY_INCREMENTAL,,sina_public_snapshot,2026-09-24,36.79,37.8400617125225,6.171252249487225e-05
688207.SH,STAR,,False,False,2026-09-24,2026-09-24,READY_INCREMENTAL,,sina_public_snapshot,2026-09-24,19.72,20.850074011418904,7.40114189028418e-05
688208.SH,STAR,,False,False,2026-09-24,2026-09-24,READY_INCREMENTAL,,sina_public_snapshot,2026-09-24,25.6,25.98008869764657,8.869764657148949e-05
688209.SH,STAR,,False,False,2026-09-24,2026-09-24,READY_INCREMENTAL,,sina_public_snapshot,2026-09-24,35.0,36.63003663003663,3.6630036625240336e-05
688210.SH,STAR,,False,False,2026-09-24,2026-09-24,READY_INCREMENTAL,,sina_public_snapshot,2026-09-24,28.92,29.70998859678861,1.1403211388483214e-05
688211.SH,STAR,,False,False,2026-09-24,2026-09-24,READY_INCREMENTAL,,sina_public_snapshot,2026-09-24,33.12,33.19003096533686,3.096533686175462e-05
688212.SH,STAR,,False,False,2026-09-24,2026-09-24,READY_INCREMENTAL,,sina_public_snapshot,2026-09-24,29.39,28.87997956095356,2.0439046437559227e-05
688213.SH,STAR,,False,False,2026-09-24,2026-09-24,READY_INCREMENTAL,,sina_public_snapshot,2026-09-24,93.41,95.6295621372045,0.0004378627954935
688215.SH,STAR,,False,False,2026-09-24,2026-09-24,READY_INCREMENTAL,,sina_public_snapshot,2026-09-24,46.09,47.7898862540568,0.0001137459431959
688216.SH,STAR,,False,False,2026-09-24,2026-09-24,READY_INCREMENTAL,,sina_public_snapshot,2026-09-24,40.29,41.50014420501833,0.00014420501833
688217.SH,STAR,,False,False,2026-09-24,2026-09-24,READY_INCREMENTAL,,sina_public_snapshot,2026-09-24,25.65,25.79003991674794,3.9916747940793584e-05
688218.SH,STAR,,False,False,2026-09-24,2026-09-24,READY_INCREMENTAL,,sina_public_snapshot,2026-09-24,38.69,40.33990199145032,9.800854968489148e-05
688219.SH,STAR,,False,False,2026-09-24,2026-09-24,READY_INCREMENTAL,,sina_public_snapshot,2026-09-24,10.37,10.429972340960523,2.7659039476546354e-05
688220.SH,STAR,,False,False,2026-09-24,2026-09-24,READY_INCREMENTAL,,sina_public_snapshot,2026-09-24,97.36,99.67954296479068,0.0004570352093224
688221.SH,STAR,,False,False,2026-09-24,2026-09-24,READY_INCREMENTAL,,sina_public_snapshot,2026-09-24,16.73,17.480069794899123,6.979489912239956e-05
688222.SH,STAR,,False,False,2026-09-24,2026-09-24,READY_INCREMENTAL,,sina_public_snapshot,2026-09-24,44.19,46.02022432125637,0.0002243212563612
688223.SH,STAR,,False,False,2026-09-24,2026-09-24,READY_INCREMENTAL,,sina_public_snapshot,2026-09-24,3.75,3.8499840867324417,1.591326755834288e-05
688225.SH,STAR,,False,False,2026-09-24,2026-09-24,READY_INCREMENTAL,,sina_public_snapshot,2026-09-24,14.73,14.679941399826593,5.860017340708623e-05
688226.SH,STAR,,False,False,2026-09-24,2026-09-24,READY_INCREMENTAL,,sina_public_snapshot,2026-09-24,30.64,32.070001360672386,1.3606723854309166e-06
688227.SH,STAR,,False,False,2026-09-24,2026-09-24,READY_INCREMENTAL,,sina_public_snapshot,2026-09-24,77.0,78.9597817838758,0.0002182161241961
688228.SH,STAR,,False,False,2026-09-24,2026-09-24,READY_INCREMENTAL,,sina_public_snapshot,2026-09-24,84.44,88.6695369106374,0.0004630893625972
688229.SH,STAR,,False,False,2026-09-24,2026-09-24,READY_INCREMENTAL,,sina_public_snapshot,2026-09-24,60.57,62.17026255824933,0.0002625582493323
688230.SH,STAR,,False,False,2026-09-24,2026-09-24,READY_INCREMENTAL,,sina_public_snapshot,2026-09-24,61.01,62.8502554804681,0.0002554804680983
688231.SH,STAR,,False,False,2026-09-24,2026-09-24,READY_INCREMENTAL,,sina_public_snapshot,2026-09-24,34.65,35.61004686343829,4.686343829263251e-05
688232.SH,STAR,,False,False,2026-09-24,2026-09-24,READY_INCREMENTAL,,sina_public_snapshot,2026-09-24,17.45,17.720053617124986,5.361712498697102e-05
688233.SH,STAR,,False,False,2026-09-24,2026-09-24,READY_INCREMENTAL,,sina_public_snapshot,2026-09-24,100.36,103.08028882201292,0.0002888220129193
688234.SH,STAR,,False,False,2026-09-24,2026-09-24,READY_INCREMENTAL,,sina_public_snapshot,2026-09-24,110.35,114.06981672334838,0.0001832766516116
688235.SH,STAR,,False,False,2026-09-24,2026-09-24,READY_INCREMENTAL,,sina_public_snapshot,2026-09-24,258.0,266.4903836222034,0.000383622203401
688236.SH,STAR,,False,False,2026-09-24,2026-09-24,READY_INCREMENTAL,,sina_public_snapshot,2026-09-24,14.12,14.579998967422169,1.032577831239223e-06
688237.SH,STAR,,False,False,2026-09-24,2026-09-24,READY_INCREMENTAL,,sina_public_snapshot,2026-09-24,59.0,59.329874099995976,0.0001259000040221
688238.SH,STAR,,False,False,2026-09-24,2026-09-24,READY_INCREMENTAL,,sina_public_snapshot,2026-09-24,8.52,8.679971881781228,2.811821877202192e-05
688239.SH,STAR,,False,False,2026-09-24,2026-09-24,READY_INCREMENTAL,,sina_public_snapshot,2026-09-24,55.45,56.87996225098989,3.774901011155407e-05
688244.SH,STAR,,False,False,2026-09-24,2026-09-24,READY_INCREMENTAL,,sina_public_snapshot,2026-09-24,16.5,16.74005235070917,5.235070917208873e-05
688246.SH,STAR,,False,False,2026-09-24,2026-09-24,READY_INCREMENTAL,,sina_public_snapshot,2026-09-24,17.22,17.73995817408235,4.182591764845256e-05
688247.SH,STAR,,False,False,2026-09-24,2026-09-24,READY_INCREMENTAL,,sina_public_snapshot,2026-09-24,9.88,10.250025936300448,2.5936300447781942e-05
688248.SH,STAR,,False,False,2026-09-24,2026-09-24,READY_INCREMENTAL,,sina_public_snapshot,2026-09-24,47.47,49.55011377633035,0.0001137763303518
688249.SH,STAR,,False,False,2026-09-24,2026-09-24,READY_INCREMENTAL,,sina_public_snapshot,2026-09-24,34.82,36.35983918968308,0.0001608103169203
688251.SH,STAR,,False,False,2026-09-24,2026-09-24,READY_INCREMENTAL,,sina_public_snapshot,2026-09-24,18.45,19.14992993928071,7.00607192882785e-05
688252.SH,STAR,,False,False,2026-09-24,2026-09-24,READY_INCREMENTAL,,sina_public_snapshot,2026-09-24,21.32,21.89990960637686,9.03936231395619e-05
688253.SH,STAR,,False,False,2026-09-24,2026-09-24,READY_INCREMENTAL,,sina_public_snapshot,2026-09-24,57.1,57.79001275226201,1.2752262009030346e-05
688255.SH,STAR,,False,False,2026-09-24,2026-09-24,READY_INCREMENTAL,,sina_public_snapshot,2026-09-24,26.8,26.790087667563004,8.766756300460088e-05
688256.SH,STAR,,False,False,2026-09-24,2026-09-24,READY_INCREMENTAL,,sina_public_snapshot,2026-09-24,1091.48,1103.084448397138,0.0044483971380486
688257.SH,STAR,,False,False,2026-09-24,2026-09-24,READY_INCREMENTAL,,sina_public_snapshot,2026-09-24,58.21,60.91014680799858,0.0001468079985826
688258.SH,STAR,,False,False,2026-09-24,2026-09-24,READY_INCREMENTAL,,sina_public_snapshot,2026-09-24,88.14,91.36992691649822,7.308350178902856e-05
688259.SH,STAR,,False,False,2026-09-24,2026-09-24,READY_INCREMENTAL,,sina_public_snapshot,2026-09-24,33.34,33.07999126862858,8.731371416104139e-06
688260.SH,STAR,,False,False,2026-09-24,2026-09-24,READY_INCREMENTAL,,sina_public_snapshot,2026-09-24,108.64,116.3704917681588,0.0004917681587812
688261.SH,STAR,,False,False,2026-09-24,2026-09-24,READY_INCREMENTAL,,sina_public_snapshot,2026-09-24,77.3,79.81991470730976,8.52926902297213e-05
688262.SH,STAR,,False,False,2026-09-24,2026-09-24,READY_INCREMENTAL,,sina_public_snapshot,2026-09-24,29.24,30.649895178197063,0.0001048218029353
688265.SH,STAR,,False,False,2026-09-24,2026-09-24,READY_INCREMENTAL,,sina_public_snapshot,2026-09-24,52.13,53.420095301532,9.530153199932556e-05
688266.SH,STAR,,False,False,2026-09-24,2026-09-24,READY_INCREMENTAL,,sina_public_snapshot,2026-09-24,108.95,116.0499350248184,6.497518160131222e-05
688267.SH,STAR,,False,False,2026-09-24,2026-09-24,READY_INCREMENTAL,,sina_public_snapshot,2026-09-24,22.29,22.30003501575709,3.501575708853011e-05
688268.SH,STAR,,False,False,2026-09-24,2026-09-24,READY_INCREMENTAL,,sina_public_snapshot,2026-09-24,132.03,134.87036999203218,0.0003699920321764
688269.SH,STAR,,False,False,2026-09-24,2026-09-24,READY_INCREMENTAL,,sina_public_snapshot,2026-09-24,27.69,27.370044183494947,4.41834949462816e-05
688270.SH,STAR,,True,False,2026-09-24,2026-09-24,READY_INCREMENTAL,,sina_public_snapshot,2026-09-24,56.91,57.12995030868845,4.96913115526354e-05
688271.SH,STAR,,False,False,2026-09-24,2026-09-24,READY_INCREMENTAL,,sina_public_snapshot,2026-09-24,102.41,102.200488997555,0.0004889975549957
688272.SH,STAR,,False,False,2026-09-24,2026-09-24,READY_INCREMENTAL,,sina_public_snapshot,2026-09-24,29.46,30.0,0.0
688273.SH,STAR,,False,False,2026-09-24,2026-09-24,READY_INCREMENTAL,,sina_public_snapshot,2026-09-24,29.43,30.06988719960765,0.0001128003923511
688275.SH,STAR,,False,False,2026-09-24,2026-09-24,READY_INCREMENTAL,,sina_public_snapshot,2026-09-24,67.64,68.96973652010767,0.0002634798923253
688276.SH,STAR,,False,False,2026-09-24,2026-09-24,READY_INCREMENTAL,,sina_public_snapshot,2026-09-24,17.75,18.23992436853896,7.563146104061502e-05
688277.SH,STAR,,False,False,2026-09-24,2026-09-24,READY_INCREMENTAL,,sina_public_snapshot,2026-09-24,15.29,15.82995993332574,4.006667426104116e-05
688278.SH,STAR,,False,False,2026-09-24,2026-09-24,READY_INCREMENTAL,,sina_public_snapshot,2026-09-24,51.4,53.10027066674932,0.0002706667493157
688279.SH,STAR,,False,False,2026-09-24,2026-09-24,READY_INCREMENTAL,,sina_public_snapshot,2026-09-24,213.56,215.41906654427711,0.0009334557228726
688280.SH,STAR,,False,False,2026-09-24,2026-09-24,READY_INCREMENTAL,,sina_public_snapshot,2026-09-24,4.88,5.100014631189516,1.4631189515945664e-05
688281.SH,STAR,,False,False,2026-09-24,2026-09-24,READY_INCREMENTAL,,sina_public_snapshot,2026-09-24,49.91,51.48014440433212,0.0001444043321257
688282.SH,STAR,,False,False,2026-09-24,2026-09-24,READY_INCREMENTAL,,sina_public_snapshot,2026-09-24,54.9,53.42025883039797,0.0002588303979678
688283.SH,STAR,,False,False,2026-09-24,2026-09-24,READY_INCREMENTAL,,sina_public_snapshot,2026-09-24,34.08,33.09991161702004,8.83829799604996e-05
688285.SH,STAR,,False,False,2026-09-24,2026-09-24,READY_INCREMENTAL,,sina_public_snapshot,2026-09-24,7.62,7.679980648867656,1.9351132343636834e-05
688286.SH,STAR,,False,False,2026-09-24,2026-09-24,READY_INCREMENTAL,,sina_public_snapshot,2026-09-24,55.8,51.14995737503551,4.26249644860377e-05
688288.SH,STAR,,False,False,2026-09-24,2026-09-24,READY_INCREMENTAL,,sina_public_snapshot,2026-09-24,19.9,19.950074687465538,7.468746553840333e-05
688289.SH,STAR,,False,False,2026-09-24,2026-09-24,READY_INCREMENTAL,,sina_public_snapshot,2026-09-24,16.65,16.569967059104524,3.2940895476230025e-05
688290.SH,STAR,,False,False,2026-09-24,2026-09-24,READY_INCREMENTAL,,sina_public_snapshot,2026-09-24,61.0,63.03997354387995,2.645612004670284e-05
688291.SH,STAR,,False,False,2026-09-24,2026-09-24,READY_INCREMENTAL,,sina_public_snapshot,2026-09-24,42.3,42.44984796331048,0.0001520366895206
688292.SH,STAR,,False,False,2026-09-24,2026-09-24,READY_INCREMENTAL,,sina_public_snapshot,2026-09-24,21.74,22.99993652271429,6.347728571043376e-05
688293.SH,STAR,,False,False,2026-09-24,2026-09-24,READY_INCREMENTAL,,sina_public_snapshot,2026-09-24,77.45,84.99967075660133,0.0003292433986672
688295.SH,STAR,,False,False,2026-09-24,2026-09-24,READY_INCREMENTAL,,sina_public_snapshot,2026-09-24,36.41,37.36006649086263,6.649086262910942e-05
688296.SH,STAR,,False,False,2026-09-24,2026-09-24,READY_INCREMENTAL,,sina_public_snapshot,2026-09-24,27.58,28.650080506933985,8.050693398331532e-05
688297.SH,STAR,,False,False,2026-09-24,2026-09-24,READY_INCREMENTAL,,sina_public_snapshot,2026-09-24,42.15,43.02996273799193,3.726200807108171e-05
688298.SH,STAR,,False,False,2026-09-24,2026-09-24,READY_INCREMENTAL,,sina_public_snapshot,2026-09-24,19.18,19.38000161668418,1.6166841803055831e-06
688299.SH,STAR,,False,False,2026-09-24,2026-09-24,READY_INCREMENTAL,,sina_public_snapshot,2026-09-24,13.37,13.750051421284295,5.142128429724835e-05
688300.SH,STAR,,False,False,2026-09-24,2026-09-24,READY_INCREMENTAL,,sina_public_snapshot,2026-09-24,167.8,183.0998210466588,0.0001789533411908
688301.SH,STAR,,False,False,2026-09-24,2026-09-24,READY_INCREMENTAL,,sina_public_snapshot,2026-09-24,89.1,95.94986054425432,0.0001394557456819
688302.SH,STAR,,False,False,2026-09-24,2026-09-24,READY_INCREMENTAL,,sina_public_snapshot,2026-09-24,32.89,33.650157047707715,0.0001570477077166
688303.SH,STAR,,False,False,2026-09-24,2026-09-24,READY_INCREMENTAL,,sina_public_snapshot,2026-09-24,15.83,16.250064158497153,6.415849715324384e-05
688305.SH,STAR,,False,False,2026-09-24,2026-09-24,READY_INCREMENTAL,,sina_public_snapshot,2026-09-24,56.3,57.68974598067444,0.0002540193255597
688306.SH,STAR,,False,False,2026-09-24,2026-09-24,READY_INCREMENTAL,,sina_public_snapshot,2026-09-24,10.15,9.90998027767472,1.9722325280469025e-05
688307.SH,STAR,,False,False,2026-09-24,2026-09-24,READY_INCREMENTAL,,sina_public_snapshot,2026-09-24,47.21,48.70022694450175,0.0002269445017475
688308.SH,STAR,,False,False,2026-09-24,2026-09-24,READY_INCREMENTAL,,sina_public_snapshot,2026-09-24,85.35,88.7703204468158,0.000320446815806
688309.SH,STAR,,False,False,2026-09-24,2026-09-24,READY_INCREMENTAL,,sina_public_snapshot,2026-09-24,77.2,77.21003730484964,3.730484964137304e-05
688310.SH,STAR,,False,False,2026-09-24,2026-09-24,READY_INCREMENTAL,,sina_public_snapshot,2026-09-24,15.75,16.01993592025632,6.407974368016767e-05
688311.SH,STAR,,False,False,2026-09-24,2026-09-24,READY_INCREMENTAL,,sina_public_snapshot,2026-09-24,24.55,25.01987321905383,0.000126780946168
688312.SH,STAR,,False,False,2026-09-24,2026-09-24,READY_INCREMENTAL,,sina_public_snapshot,2026-09-24,57.79,60.60002306974403,2.306974403154527e-05
688313.SH,STAR,,False,False,2026-09-24,2026-09-24,READY_INCREMENTAL,,sina_public_snapshot,2026-09-24,157.3,163.6802563942478,0.0002563942477991
688314.SH,STAR,,False,False,2026-09-24,2026-09-24,READY_INCREMENTAL,,sina_public_snapshot,2026-09-24,30.76,31.799855267238705,0.0001447327612957
688315.SH,STAR,,False,False,2026-09-24,2026-09-24,READY_INCREMENTAL,,sina_public_snapshot,2026-09-24,20.4,19.38997614272543,2.385727457010489e-05
688316.SH,STAR,,False,False,2026-09-24,2026-09-24,READY_INCREMENTAL,,sina_public_snapshot,2026-09-24,45.92,46.38992999080688,7.00091931236102e-05
688317.SH,STAR,,False,False,2026-09-24,2026-09-24,READY_INCREMENTAL,,sina_public_snapshot,2026-09-24,18.75,19.390066081345203,6.608134520291742e-05
688318.SH,STAR,,False,False,2026-09-24,2026-09-24,READY_INCREMENTAL,,sina_public_snapshot,2026-09-24,78.0,81.67966909262266,0.0003309073773465
688319.SH,STAR,,False,False,2026-09-24,2026-09-24,READY_INCREMENTAL,,sina_public_snapshot,2026-09-24,31.52,33.9198278181329,0.0001721818671001
688320.SH,STAR,,False,False,2026-09-24,2026-09-24,READY_INCREMENTAL,,sina_public_snapshot,2026-09-24,37.38,37.18995930793645,4.0692063549840896e-05
688321.SH,STAR,,False,False,2026-09-24,2026-09-24,READY_INCREMENTAL,,sina_public_snapshot,2026-09-24,25.35,26.17990292264794,9.707735205921608e-05
688322.SH,STAR,,False,False,2026-09-24,2026-09-24,READY_INCREMENTAL,,sina_public_snapshot,2026-09-24,89.51,91.21015733268118,0.0001573326811836
688323.SH,STAR,,False,False,2026-09-24,2026-09-24,READY_INCREMENTAL,,sina_public_snapshot,2026-09-24,26.61,27.29986765565849,0.0001323443415124
688325.SH,STAR,,False,False,2026-09-24,2026-09-24,READY_INCREMENTAL,,sina_public_snapshot,2026-09-24,108.83,107.84964671139343,0.0003532886065613
688326.SH,STAR,,False,False,2026-09-24,2026-09-24,READY_INCREMENTAL,,sina_public_snapshot,2026-09-24,57.98,58.74009685328146,9.685328145536688e-05
688327.SH,STAR,,False,False,2026-09-24,2026-09-24,READY_INCREMENTAL,,sina_public_snapshot,2026-09-24,9.89,10.069950006618267,4.999338173128365e-05
688328.SH,STAR,,False,False,2026-09-24,2026-09-24,READY_INCREMENTAL,,sina_public_snapshot,2026-09-24,80.3,84.66980883391854,0.0001911660814641
688329.SH,STAR,,False,False,2026-09-24,2026-09-24,READY_INCREMENTAL,,sina_public_snapshot,2026-09-24,23.32,23.25001744748308,1.744748307785926e-05
688330.SH,STAR,,False,False,2026-09-24,2026-09-24,READY_INCREMENTAL,,sina_public_snapshot,2026-09-24,37.88,38.09983605403177,0.0001639459682323
688331.SH,STAR,,False,False,2026-09-24,2026-09-24,READY_INCREMENTAL,,sina_public_snapshot,2026-09-24,116.28,124.7505632442871,0.0005632442870933
688332.SH,STAR,,False,False,2026-09-24,2026-09-24,READY_INCREMENTAL,,sina_public_snapshot,2026-09-24,93.84,97.70013222417724,0.0001322241772498
688333.SH,STAR,,False,False,2026-09-24,2026-09-24,READY_INCREMENTAL,,sina_public_snapshot,2026-09-24,108.27,113.6096537250787,0.0003462749212985
688334.SH,STAR,,False,False,2026-09-24,2026-09-24,READY_INCREMENTAL,,sina_public_snapshot,2026-09-24,17.95,18.109910509801548,8.949019845161388e-05
688335.SH,STAR,,False,False,2026-09-24,2026-09-24,READY_INCREMENTAL,,sina_public_snapshot,2026-09-24,17.6,17.910022489289606,2.248928960568719e-05
688336.SH,STAR,,False,False,2026-09-24,2026-09-24,READY_INCREMENTAL,,sina_public_snapshot,2026-09-24,39.21,41.35988692221683,0.000113077783169
688337.SH,STAR,,False,False,2026-09-24,2026-09-24,READY_INCREMENTAL,,sina_public_snapshot,2026-09-24,58.61,57.179929951902906,7.004809709343363e-05
688338.SH,STAR,,False,False,2026-09-24,2026-09-24,READY_INCREMENTAL,,sina_public_snapshot,2026-09-24,31.8,32.51001881082849,1.8810828493087683e-05
688339.SH,STAR,,False,False,2026-09-24,2026-09-24,READY_INCREMENTAL,,sina_public_snapshot,2026-09-24,18.1,18.220070263033392,7.026303339330298e-05
688343.SH,STAR,,False,False,2026-09-24,2026-09-24,READY_INCREMENTAL,,sina_public_snapshot,2026-09-24,63.85,65.47979202346401,0.0002079765359894
688345.SH,STAR,,False,False,2026-09-24,2026-09-24,READY_INCREMENTAL,,sina_public_snapshot,2026-09-24,48.11,49.19977501661809,0.0002249833819121
688347.SH,STAR,,False,False,2026-09-24,2026-09-24,READY_INCREMENTAL,,sina_public_snapshot,2026-09-24,224.1,229.5189422259548,0.001057774045222
688348.SH,STAR,,False,False,2026-09-24,2026-09-24,READY_INCREMENTAL,,sina_public_snapshot,2026-09-24,30.5,30.899843981115637,0.0001560188843647
688349.SH,STAR,,False,False,2026-09-24,2026-09-24,READY_INCREMENTAL,,sina_public_snapshot,2026-09-24,12.94,13.20004080383556,4.080383556193112e-05
688350.SH,STAR,,False,False,2026-09-24,2026-09-24,READY_INCREMENTAL,,sina_public_snapshot,2026-09-24,29.39,29.45007815944527,7.815944526967655e-05
688351.SH,STAR,,False,False,2026-09-24,2026-09-24,READY_INCREMENTAL,,sina_public_snapshot,2026-09-24,17.5,17.92996045163009,3.954836990871513e-05
688352.SH,STAR,,False,False,2026-09-24,2026-09-24,READY_INCREMENTAL,,sina_public_snapshot,2026-09-24,19.09,19.810097026928865,9.70269288664838e-05
688353.SH,STAR,,False,False,2026-09-24,2026-09-24,READY_INCREMENTAL,,sina_public_snapshot,2026-09-24,79.86,82.09967924993832,0.0003207500616753
688355.SH,STAR,,False,False,2026-09-24,2026-09-24,READY_INCREMENTAL,,sina_public_snapshot,2026-09-24,16.97,17.119970945482425,2.9054517575843875e-05
688356.SH,STAR,,False,False,2026-09-24,2026-09-24,READY_INCREMENTAL,,sina_public_snapshot,2026-09-24,94.79,102.33959167809292,0.0004083219070878
688357.SH,STAR,,False,False,2026-09-24,2026-09-24,READY_INCREMENTAL,,sina_public_snapshot,2026-09-24,26.93,26.93996778808159,3.221191841262794e-05
688358.SH,STAR,,False,False,2026-09-24,2026-09-24,READY_INCREMENTAL,,sina_public_snapshot,2026-09-24,29.0,29.350147256773305,0.0001472567733031
688359.SH,STAR,,False,False,2026-09-24,2026-09-24,READY_INCREMENTAL,,sina_public_snapshot,2026-09-24,111.09,115.2900152557676,1.5255767607413873e-05
688360.SH,STAR,,False,False,2026-09-24,2026-09-24,READY_INCREMENTAL,,sina_public_snapshot,2026-09-24,16.4,16.36008140138063,8.140138062984192e-05
688361.SH,STAR,,False,False,2026-09-24,2026-09-24,READY_INCREMENTAL,,sina_public_snapshot,2026-09-24,370.3,381.32015240448976,0.0001524044897678
688362.SH,STAR,,False,False,2026-09-24,2026-09-24,READY_INCREMENTAL,,sina_public_snapshot,2026-09-24,60.85,62.870013534875554,1.3534875556331372e-05
688363.SH,STAR,,False,False,2026-09-24,2026-09-24,READY_INCREMENTAL,,sina_public_snapshot,2026-09-24,34.7,35.050151008575675,0.0001510085756777
688365.SH,STAR,,False,False,2026-09-24,2026-09-24,READY_INCREMENTAL,,sina_public_snapshot,2026-09-24,16.07,16.49998973242705,1.0267572950084514e-05
688366.SH,STAR,,False,False,2026-09-24,2026-09-24,READY_INCREMENTAL,,sina_public_snapshot,2026-09-24,29.91,30.40004878643737,4.878643737171728e-05
688367.SH,STAR,,False,False,2026-09-24,2026-09-24,READY_INCREMENTAL,,sina_public_snapshot,2026-09-24,30.9,30.830015863988745,1.5863988746644964e-05
688368.SH,STAR,,False,False,2026-09-24,2026-09-24,READY_INCREMENTAL,,sina_public_snapshot,2026-09-24,140.21,146.9706498951782,0.0006498951782134
688369.SH,STAR,,False,False,2026-09-24,2026-09-24,READY_INCREMENTAL,,sina_public_snapshot,2026-09-24,19.57,19.960018766701342,1.876670134492997e-05
688370.SH,STAR,,False,False,2026-09-24,2026-09-24,READY_INCREMENTAL,,sina_public_snapshot,2026-09-24,28.42,28.400119916058763,0.0001199160587646
688371.SH,STAR,,False,False,2026-09-24,2026-09-24,READY_INCREMENTAL,,sina_public_snapshot,2026-09-24,24.84,25.469869882186472,0.0001301178135264
688372.SH,STAR,,False,False,2026-09-24,2026-09-24,READY_INCREMENTAL,,sina_public_snapshot,2026-09-24,112.78,116.80026512562398,0.0002651256239829
688373.SH,STAR,,False,False,2026-09-24,2026-09-24,READY_INCREMENTAL,,sina_public_snapshot,2026-09-24,5.86,6.02001191674714,1.191674714018376e-05
688375.SH,STAR,,False,False,2026-09-24,2026-09-24,READY_INCREMENTAL,,sina_public_snapshot,2026-09-24,68.88,70.07976558684682,0.0002344131531799
688376.SH,STAR,,False,False,2026-09-24,2026-09-24,READY_INCREMENTAL,,sina_public_snapshot,2026-09-24,63.06,65.13991756794447,8.243205553526423e-05
688377.SH,STAR,,False,False,2026-09-24,2026-09-24,READY_INCREMENTAL,,sina_public_snapshot,2026-09-24,16.97,17.269979544691285,2.0455308714417697e-05
688378.SH,STAR,,False,False,2026-09-24,2026-09-24,READY_INCREMENTAL,,sina_public_snapshot,2026-09-24,50.72,52.48996150184211,3.849815789180866e-05
688379.SH,STAR,,False,False,2026-09-24,2026-09-24,READY_INCREMENTAL,,sina_public_snapshot,2026-09-24,61.27,64.16983483625015,0.0001651637498554
688380.SH,STAR,,False,False,2026-09-24,2026-09-24,READY_INCREMENTAL,,sina_public_snapshot,2026-09-24,42.28,43.51002850586068,2.850586068348093e-05
688381.SH,STAR,,False,False,2026-09-24,2026-09-24,READY_INCREMENTAL,,sina_public_snapshot,2026-09-24,45.1,47.280084705783686,8.470578368502402e-05
688382.SH,STAR,,False,False,2026-09-24,2026-09-24,READY_INCREMENTAL,,sina_public_snapshot,2026-09-24,18.75,19.909953915093336,4.608490666413445e-05
688383.SH,STAR,,False,False,2026-09-24,2026-09-24,READY_INCREMENTAL,,sina_public_snapshot,2026-09-24,143.01,141.60948222083593,0.0005177791640846
688385.SH,STAR,,False,False,2026-09-24,2026-09-24,READY_INCREMENTAL,,sina_public_snapshot,2026-09-24,59.78,60.870185013593456,0.0001850135934589
688386.SH,STAR,,False,False,2026-09-24,2026-09-24,READY_INCREMENTAL,,sina_public_snapshot,2026-09-24,49.11,51.73013114236056,0.0001311423605656
688387.SH,STAR,,False,False,2026-09-24,2026-09-24,READY_INCREMENTAL,,sina_public_snapshot,2026-09-24,12.31,12.429949007926492,5.099207350767188e-05
688388.SH,STAR,,False,False,2026-09-24,2026-09-24,READY_INCREMENTAL,,sina_public_snapshot,2026-09-24,30.0,31.260094405485106,9.44054851004239e-05
688389.SH,STAR,,False,False,2026-09-24,2026-09-24,READY_INCREMENTAL,,sina_public_snapshot,2026-09-24,11.12,11.190049711192062,4.971119206231833e-05
688390.SH,STAR,,False,False,2026-09-24,2026-09-24,READY_INCREMENTAL,,sina_public_snapshot,2026-09-24,56.8,58.8698644334812,0.0001355665188
688391.SH,STAR,,False,False,2026-09-24,2026-09-24,READY_INCREMENTAL,,sina_public_snapshot,2026-09-24,27.02,27.33987655570171,0.0001234442982891
688392.SH,STAR,,False,False,2026-09-24,2026-09-24,READY_INCREMENTAL,,sina_public_snapshot,2026-09-24,167.0,177.35015504863853,0.0001550486385326
688393.SH,STAR,,False,False,2026-09-24,2026-09-24,READY_INCREMENTAL,,sina_public_snapshot,2026-09-24,22.21,22.529924934063704,7.50659362971362e-05
688395.SH,STAR,,False,False,2026-09-24,2026-09-24,READY_INCREMENTAL,,sina_public_snapshot,2026-09-24,26.35,26.759962627452573,3.737254742830487e-05
688396.SH,STAR,,False,False,2026-09-24,2026-09-24,READY_INCREMENTAL,,sina_public_snapshot,2026-09-24,59.17,61.21013375815946,0.0001337581594569
688398.SH,STAR,,False,False,2026-09-24,2026-09-24,READY_INCREMENTAL,,sina_public_snapshot,2026-09-24,23.57,23.45997272790612,2.727209388098117e-05
688399.SH,STAR,,False,False,2026-09-24,2026-09-24,READY_INCREMENTAL,,sina_public_snapshot,2026-09-24,27.63,27.88993418661929,6.58133807114325e-05
688400.SH,STAR,,False,False,2026-09-24,2026-09-24,READY_INCREMENTAL,,sina_public_snapshot,2026-09-24,46.15,47.43989062612432,0.0001093738756736
688401.SH,STAR,,False,False,2026-09-24,2026-09-24,READY_INCREMENTAL,,sina_public_snapshot,2026-09-24,70.76,73.17022728682812,0.000227286828121
688403.SH,STAR,,False,False,2026-09-24,2026-09-24,READY_INCREMENTAL,,sina_public_snapshot,2026-09-24,24.8,25.790081217957383,8.121795738702531e-05
688408.SH,STAR,,False,False,2026-09-24,2026-09-24,READY_INCREMENTAL,,sina_public_snapshot,2026-09-24,22.7,23.169885273343404,0.0001147266565979
688409.SH,STAR,,False,False,2026-09-24,2026-09-24,READY_INCREMENTAL,,sina_public_snapshot,2026-09-24,186.02,192.5991882713493,0.0008117286506887
688410.SH,STAR,,False,False,2026-09-24,2026-09-24,READY_INCREMENTAL,,sina_public_snapshot,2026-09-24,9.77,9.939973547665073,2.6452334926929663e-05
688411.SH,STAR,,False,False,2026-09-24,2026-09-24,READY_INCREMENTAL,,sina_public_snapshot,2026-09-24,161.01,165.47960410692812,0.0003958930718681
688416.SH,STAR,,False,False,2026-09-24,2026-09-24,READY_INCREMENTAL,,sina_public_snapshot,2026-09-24,79.71,83.3202671767694,0.0002671767694124
688418.SH,STAR,,False,False,2026-09-24,2026-09-24,READY_INCREMENTAL,,sina_public_snapshot,2026-09-24,32.0,32.260015726757665,1.5726757666811864e-05
688419.SH,STAR,,False,False,2026-09-24,2026-09-24,READY_INCREMENTAL,,sina_public_snapshot,2026-09-24,52.08,53.54994601819958,5.398180041993328e-05
688420.SH,STAR,,False,False,2026-09-24,2026-09-24,READY_INCREMENTAL,,sina_public_snapshot,2026-09-24,22.81,23.309999489039903,5.109600955677251e-07
688425.SH,STAR,,False,False,2026-09-24,2026-09-24,READY_INCREMENTAL,,sina_public_snapshot,2026-09-24,3.92,3.959995959187797,4.040812203509603e-06
688426.SH,STAR,,False,False,2026-09-24,2026-09-24,READY_INCREMENTAL,,sina_public_snapshot,2026-09-24,21.96,23.78992070026433,7.929973566689341e-05
688428.SH,STAR,,False,False,2026-09-24,2026-09-24,READY_INCREMENTAL,,sina_public_snapshot,2026-09-24,29.86,33.40007382467758,7.382467757821587e-05
688429.SH,STAR,,False,False,2026-09-24,2026-09-24,READY_INCREMENTAL,,sina_public_snapshot,2026-09-24,10.09,9.99000009900892,9.900892017356e-08
688432.SH,STAR,,False,False,2026-09-24,2026-09-24,READY_INCREMENTAL,,sina_public_snapshot,2026-09-24,55.13,55.000199529111306,0.0001995291113061
688433.SH,STAR,,False,False,2026-09-24,2026-09-24,READY_INCREMENTAL,,sina_public_snapshot,2026-09-24,86.5,90.46981550433,0.0001844956699983
688435.SH,STAR,,False,False,2026-09-24,2026-09-24,READY_INCREMENTAL,,sina_public_snapshot,2026-09-24,30.11,30.79991816693944,8.183306055897788e-05
688439.SH,STAR,,False,False,2026-09-24,2026-09-24,READY_INCREMENTAL,,sina_public_snapshot,2026-09-24,38.16,38.489858083777975,0.0001419162220273
688443.SH,STAR,,False,False,2026-09-24,2026-09-24,READY_INCREMENTAL,,sina_public_snapshot,2026-09-24,24.61,25.489911753739072,8.82462609261836e-05
688448.SH,STAR,,False,False,2026-09-24,2026-09-24,READY_INCREMENTAL,,sina_public_snapshot,2026-09-24,65.69,68.40000833003603,8.33003602451754e-06
688449.SH,STAR,,False,False,2026-09-24,2026-09-24,READY_INCREMENTAL,,sina_public_snapshot,2026-09-24,61.61,64.36010738872001,0.0001073887200107
688450.SH,STAR,,False,False,2026-09-24,2026-09-24,READY_INCREMENTAL,,sina_public_snapshot,2026-09-24,33.07,33.880072534295,7.253429499343156e-05
688455.SH,STAR,,False,False,2026-09-24,2026-09-24,READY_INCREMENTAL,,sina_public_snapshot,2026-09-24,17.7,18.00006101715599,6.1017155989162575e-05
688456.SH,STAR,,False,False,2026-09-24,2026-09-24,READY_INCREMENTAL,,sina_public_snapshot,2026-09-24,75.12,78.4002671787593,0.0002671787592873
688458.SH,STAR,,False,False,2026-09-24,2026-09-24,READY_INCREMENTAL,,sina_public_snapshot,2026-09-24,39.16,39.8299395837995,6.041620049757057e-05
688459.SH,STAR,,False,False,2026-09-24,2026-09-24,READY_INCREMENTAL,,sina_public_snapshot,2026-09-24,8.23,8.19998804375984,1.195624015970509e-05
688466.SH,STAR,,False,False,2026-09-24,2026-09-24,READY_INCREMENTAL,,sina_public_snapshot,2026-09-24,14.05,14.120035375462294,3.537546229459565e-05
688468.SH,STAR,,False,False,2026-09-24,2026-09-24,READY_INCREMENTAL,,sina_public_snapshot,2026-09-24,6.53,6.589968715309315,3.1284690685140504e-05
688469.SH,STAR,,False,False,2026-09-24,2026-09-24,READY_INCREMENTAL,,sina_public_snapshot,2026-09-24,8.59,8.829999383236364,6.167636357190531e-07
688472.SH,STAR,,False,False,2026-09-24,2026-09-24,READY_INCREMENTAL,,sina_public_snapshot,2026-09-24,8.32,8.530008817076421,8.817076421863135e-06
688475.SH,STAR,,False,False,2026-09-24,2026-09-24,READY_INCREMENTAL,,sina_public_snapshot,2026-09-24,27.99,28.179932746712844,6.725328715617707e-05
688478.SH,STAR,,False,False,2026-09-24,2026-09-24,READY_INCREMENTAL,,sina_public_snapshot,2026-09-24,50.64,53.17987062085189,0.0001293791481131
688479.SH,STAR,,False,False,2026-09-24,2026-09-24,READY_INCREMENTAL,,sina_public_snapshot,2026-09-24,37.22,37.74005799922938,5.799922937654856e-05
688480.SH,STAR,,False,False,2026-09-24,2026-09-24,READY_INCREMENTAL,,sina_public_snapshot,2026-09-24,70.0,70.60010085728693,0.000100857286938
688484.SH,STAR,,False,False,2026-09-24,2026-09-24,READY_INCREMENTAL,,sina_public_snapshot,2026-09-24,33.67,34.69989281886388,0.0001071811361228
688485.SH,STAR,,False,False,2026-09-24,2026-09-24,READY_INCREMENTAL,,sina_public_snapshot,2026-09-24,119.94,128.02066433267868,0.0006643326786672
688486.SH,STAR,,False,False,2026-09-24,2026-09-24,READY_INCREMENTAL,,sina_public_snapshot,2026-09-24,49.0,50.0,0.0
688488.SH,STAR,,False,False,2026-09-24,2026-09-24,READY_INCREMENTAL,,sina_public_snapshot,2026-09-24,15.95,16.69999685893476,3.1410652390206906e-06
688489.SH,STAR,,False,False,2026-09-24,2026-09-24,READY_INCREMENTAL,,sina_public_snapshot,2026-09-24,27.12,28.91997952567821,2.0474321789976105e-05
688496.SH,STAR,,True,False,2026-09-24,2026-09-24,REPAIRED_FULL_HISTORY,PRIOR_QUARANTINE_RETRY,sina_daily,2026-09-10,0.58,,
688498.SH,STAR,,False,False,2026-09-24,2026-09-24,READY_INCREMENTAL,,sina_public_snapshot,2026-09-24,1700.03,1733.98135492952,0.9986450704800518
688499.SH,STAR,,False,False,2026-09-24,2026-09-24,READY_INCREMENTAL,,sina_public_snapshot,2026-09-24,37.75,38.42982357911453,0.0001764208854666
688500.SH,STAR,,False,False,2026-09-24,2026-09-24,READY_INCREMENTAL,,sina_public_snapshot,2026-09-24,30.7,31.17985801484852,0.0001419851514796
688501.SH,STAR,,False,False,2026-09-24,2026-09-24,READY_INCREMENTAL,,sina_public_snapshot,2026-09-24,15.4,15.92999079370662,9.206293379193651e-06
688502.SH,STAR,,False,False,2026-09-24,2026-09-24,READY_INCREMENTAL,,sina_public_snapshot,2026-09-24,444.6,440.22853069024586,0.0014693097541567
688503.SH,STAR,,False,False,2026-09-24,2026-09-24,READY_INCREMENTAL,,sina_public_snapshot,2026-09-24,76.01,80.6001802661577,0.0001802661576988
688505.SH,STAR,,False,False,2026-09-24,2026-09-24,READY_INCREMENTAL,,sina_public_snapshot,2026-09-24,8.36,8.559960681520314,3.931847968630109e-05
688506.SH,STAR,,False,False,2026-09-24,2026-09-24,READY_INCREMENTAL,,sina_public_snapshot,2026-09-24,239.3,248.2802983928701,0.0002983928701212
688507.SH,STAR,,False,False,2026-09-24,2026-09-24,READY_INCREMENTAL,,sina_public_snapshot,2026-09-24,141.09,144.07965279550675,0.0003472044932379
688508.SH,STAR,,False,False,2026-09-24,2026-09-24,READY_INCREMENTAL,,sina_public_snapshot,2026-09-24,84.29,89.67021276595746,0.0002127659574568
688509.SH,STAR,,False,False,2026-09-24,2026-09-24,READY_INCREMENTAL,,sina_public_snapshot,2026-09-24,4.15,4.170016077170419,1.6077170418959952e-05
688510.SH,STAR,,False,False,2026-09-24,2026-09-24,READY_INCREMENTAL,,sina_public_snapshot,2026-09-24,23.98,24.97006299786536,6.299786536345664e-05
688511.SH,STAR,,False,False,2026-09-24,2026-09-24,READY_INCREMENTAL,,sina_public_snapshot,2026-09-24,23.06,22.89992949284501,7.050715498735372e-05
688512.SH,STAR,,False,False,2026-09-24,2026-09-24,READY_INCREMENTAL,,sina_public_snapshot,2026-09-24,17.58,17.32002640368075,2.6403680749353956e-05
688513.SH,STAR,,False,False,2026-09-24,2026-09-24,READY_INCREMENTAL,,sina_public_snapshot,2026-09-24,50.0,51.99991680013312,8.319986687865821e-05
688515.SH,STAR,,False,False,2026-09-24,2026-09-24,READY_INCREMENTAL,,sina_public_snapshot,2026-09-24,152.5,157.99997927869126,2.0721308743532063e-05
688516.SH,STAR,,False,False,2026-09-24,2026-09-24,REPAIRED_FULL_HISTORY,QFQ_CONTINUITY_BREAK,sina_daily,2026-09-24,43.91,45.59993353687664,0.3000664631233576
688517.SH,STAR,,False,False,2026-09-24,2026-09-24,READY_INCREMENTAL,,sina_public_snapshot,2026-09-24,16.68,16.290016993183194,1.6993183194813355e-05
688518.SH,STAR,,False,False,2026-09-24,2026-09-24,REPAIRED_FULL_HISTORY,QFQ_CONTINUITY_BREAK,sina_daily,2026-09-24,21.08,21.509984591993955,0.0800154080060444
688519.SH,STAR,,False,False,2026-09-24,2026-09-24,READY_INCREMENTAL,,sina_public_snapshot,2026-09-24,295.08,309.4995856976537,0.0004143023463143
688520.SH,STAR,,False,False,2026-09-24,2026-09-24,READY_INCREMENTAL,,sina_public_snapshot,2026-09-24,35.75,37.21981030910662,0.0001896908933787
688521.SH,STAR,,False,False,2026-09-24,2026-09-24,READY_INCREMENTAL,,sina_public_snapshot,2026-09-24,207.45,210.1994082600413,0.0005917399586508
688522.SH,STAR,,False,False,2026-09-24,2026-09-24,READY_INCREMENTAL,,sina_public_snapshot,2026-09-24,18.4,18.59994945665909,5.054334091525448e-05
688523.SH,STAR,,False,False,2026-09-24,2026-09-24,READY_INCREMENTAL,,sina_public_snapshot,2026-09-24,39.52,39.74016048910967,0.0001604891096675
688525.SH,STAR,,False,False,2026-09-24,2026-09-24,READY_INCREMENTAL,,sina_public_snapshot,2026-09-24,211.01,222.69009550947175,9.550947177672242e-05
688526.SH,STAR,,False,False,2026-09-24,2026-09-24,READY_INCREMENTAL,,sina_public_snapshot,2026-09-24,12.18,12.359961032635168,3.896736483177676e-05
688528.SH,STAR,,False,False,2026-09-24,2026-09-24,READY_INCREMENTAL,,sina_public_snapshot,2026-09-24,10.31,10.239958682610942,4.131738905854832e-05
688529.SH,STAR,,False,False,2026-09-24,2026-09-24,READY_INCREMENTAL,,sina_public_snapshot,2026-09-24,15.6,15.389927489764712,7.251023528809242e-05
688530.SH,STAR,,False,False,2026-09-24,2026-09-24,READY_INCREMENTAL,,sina_public_snapshot,2026-09-24,61.71,63.98001078256542,1.0782565425415667e-05
688531.SH,STAR,,False,False,2026-09-24,2026-09-24,READY_INCREMENTAL,,sina_public_snapshot,2026-09-24,138.5,148.16003423192126,3.4231921262062315e-05
688533.SH,STAR,,False,False,2026-09-24,2026-09-24,READY_INCREMENTAL,,sina_public_snapshot,2026-09-24,20.1,20.649907024050467,9.29759495313931e-05
688535.SH,STAR,,False,False,2026-09-24,2026-09-24,READY_INCREMENTAL,,sina_public_snapshot,2026-09-24,108.84,115.99948842562988,0.0005115743701225
688536.SH,STAR,,False,False,2026-09-24,2026-09-24,READY_INCREMENTAL,,sina_public_snapshot,2026-09-24,346.81,357.9715530232654,0.0015530232653873
688538.SH,STAR,,False,False,2026-09-24,2026-09-24,READY_INCREMENTAL,,sina_public_snapshot,2026-09-24,2.05,2.0699961629339416,3.837066058220984e-06
688539.SH,STAR,,False,False,2026-09-24,2026-09-24,READY_INCREMENTAL,,sina_public_snapshot,2026-09-24,24.85,25.150039976924717,3.997692471457981e-05
688543.SH,STAR,,False,False,2026-09-24,2026-09-24,READY_INCREMENTAL,,sina_public_snapshot,2026-09-24,43.73,43.22000395335046,3.953350457663873e-06
688545.SH,STAR,,False,False,2026-09-24,2026-09-24,READY_INCREMENTAL,,sina_public_snapshot,2026-09-24,76.68,79.19033357430548,0.0003335743054861
688548.SH,STAR,,False,False,2026-09-24,2026-09-24,READY_INCREMENTAL,,sina_public_snapshot,2026-09-24,33.32,33.54002254791432,2.254791431965941e-05
688549.SH,STAR,,False,False,2026-09-24,2026-09-24,READY_INCREMENTAL,,sina_public_snapshot,2026-09-24,23.27,23.78008277553523,8.27755352297288e-05
688550.SH,STAR,,False,False,2026-09-24,2026-09-24,READY_INCREMENTAL,,sina_public_snapshot,2026-09-24,38.06,38.92013498312711,0.0001349831271113
688551.SH,STAR,,False,False,2026-09-24,2026-09-24,READY_INCREMENTAL,,sina_public_snapshot,2026-09-24,43.3,43.24983019697151,0.0001698030284913
688552.SH,STAR,,False,False,2026-09-24,2026-09-24,READY_INCREMENTAL,,sina_public_snapshot,2026-09-24,29.86,30.699950649777925,4.9350222074195926e-05
688553.SH,STAR,,False,False,2026-09-24,2026-09-24,READY_INCREMENTAL,,sina_public_snapshot,2026-09-24,12.26,12.729991277983135,8.722016863416115e-06
688556.SH,STAR,,False,False,2026-09-24,2026-09-24,READY_INCREMENTAL,,sina_public_snapshot,2026-09-24,7.85,7.940040054214796,4.00542147955818e-05
688557.SH,STAR,,False,False,2026-09-24,2026-09-24,READY_INCREMENTAL,,sina_public_snapshot,2026-09-24,21.28,21.42008737140901,8.737140901260432e-05
688558.SH,STAR,,False,False,2026-09-24,2026-09-24,READY_INCREMENTAL,,sina_public_snapshot,2026-09-24,34.08,34.19009209655089,9.209655089392754e-05
688559.SH,STAR,,False,False,2026-09-24,2026-09-24,READY_INCREMENTAL,,sina_public_snapshot,2026-09-24,58.33,59.190031152647975,3.115264797770578e-05
688560.SH,STAR,,False,False,2026-09-24,2026-09-24,READY_INCREMENTAL,,sina_public_snapshot,2026-09-24,12.8,12.879984705018163,1.5294981837499222e-05
688561.SH,STAR,,False,False,2026-09-24,2026-09-24,READY_INCREMENTAL,,sina_public_snapshot,2026-09-24,28.61,29.35985058391314,0.0001494160868595
688562.SH,STAR,,False,False,2026-09-24,2026-09-24,READY_INCREMENTAL,,sina_public_snapshot,2026-09-24,14.43,14.45993205936288,6.794063711978993e-05
688563.SH,STAR,,False,False,2026-09-24,2026-09-24,READY_INCREMENTAL,,sina_public_snapshot,2026-09-24,52.79,54.20975344266336,0.000246557336645
688565.SH,STAR,,False,False,2026-09-24,2026-09-24,READY_INCREMENTAL,,sina_public_snapshot,2026-09-24,11.46,11.539972006001593,2.7993998406472546e-05
688566.SH,STAR,,False,False,2026-09-24,2026-09-24,READY_INCREMENTAL,,sina_public_snapshot,2026-09-24,27.72,27.970052267269384,5.226726938545312e-05
688567.SH,STAR,,False,False,2026-09-24,2026-09-24,READY_INCREMENTAL,,sina_public_snapshot,2026-09-24,8.88,9.019990248659193,9.751340808605846e-06
688568.SH,STAR,,False,False,2026-09-24,2026-09-24,READY_INCREMENTAL,,sina_public_snapshot,2026-09-24,30.3,30.79988208626,0.0001179137400022
688569.SH,STAR,,False,False,2026-09-24,2026-09-24,REPAIRED_FULL_HISTORY,QFQ_CONTINUITY_BREAK,sina_daily,2026-09-24,18.75,18.409967893015995,0.1300321069840038
688570.SH,STAR,,False,False,2026-09-24,2026-09-24,READY_INCREMENTAL,,sina_public_snapshot,2026-09-24,14.74,14.74,0.0
688571.SH,STAR,,False,False,2026-09-24,2026-09-24,READY_INCREMENTAL,,sina_public_snapshot,2026-09-24,8.49,8.850018763290665,1.876329066519133e-05
688573.SH,STAR,,False,False,2026-09-24,2026-09-24,READY_INCREMENTAL,,sina_public_snapshot,2026-09-24,15.9,17.150068492411904,6.84924119056518e-05
688575.SH,STAR,,False,False,2026-09-24,2026-09-24,READY_INCREMENTAL,,sina_public_snapshot,2026-09-24,10.28,10.490010000204084,1.0000204085258702e-05
688576.SH,STAR,,False,False,2026-09-24,2026-09-24,READY_INCREMENTAL,,sina_public_snapshot,2026-09-24,40.36,41.15008156606852,8.156606851628112e-05
688577.SH,STAR,,False,False,2026-09-24,2026-09-24,READY_INCREMENTAL,,sina_public_snapshot,2026-09-24,41.37,41.93018730235952,0.0001873023595209
688578.SH,STAR,,False,False,2026-09-24,2026-09-24,READY_INCREMENTAL,,sina_public_snapshot,2026-09-24,104.22,112.41990809656332,9.190343666887202e-05
688579.SH,STAR,,False,False,2026-09-24,2026-09-24,READY_INCREMENTAL,,sina_public_snapshot,2026-09-24,7.92,7.940008822232024,8.82223202403054e-06
688580.SH,STAR,,False,False,2026-09-24,2026-09-24,READY_INCREMENTAL,,sina_public_snapshot,2026-09-24,43.07,44.11011654820672,0.0001165482067193
688581.SH,STAR,,False,False,2026-09-24,2026-09-24,READY_INCREMENTAL,,sina_public_snapshot,2026-09-24,57.77,56.3098846899886,0.0001153100114024
688582.SH,STAR,,False,False,2026-09-24,2026-09-24,READY_INCREMENTAL,,sina_public_snapshot,2026-09-24,38.78,39.550039264479416,3.9264479418932297e-05
688583.SH,STAR,,False,False,2026-09-24,2026-09-24,READY_INCREMENTAL,,sina_public_snapshot,2026-09-24,84.38,89.22019561194818,0.000195611948186
688584.SH,STAR,,False,False,2026-09-24,2026-09-24,READY_INCREMENTAL,,sina_public_snapshot,2026-09-24,29.05,29.20008845465694,8.845465693951837e-05
688585.SH,STAR,,False,False,2026-09-24,2026-09-24,READY_INCREMENTAL,,sina_public_snapshot,2026-09-24,136.2,138.65982530083684,0.0001746991631534
688586.SH,STAR,,False,False,2026-09-24,2026-09-24,READY_INCREMENTAL,,sina_public_snapshot,2026-09-24,11.09,11.260026398619148,2.639861914843777e-05
688588.SH,STAR,,False,False,2026-09-24,2026-09-24,READY_INCREMENTAL,,sina_public_snapshot,2026-09-24,9.0,9.14002518584718,2.518584717847716e-05
688589.SH,STAR,,False,False,2026-09-24,2026-09-24,READY_INCREMENTAL,,sina_public_snapshot,2026-09-24,20.79,21.350010782833728,1.0782833726352692e-05
688590.SH,STAR,,False,False,2026-09-24,2026-09-24,READY_INCREMENTAL,,sina_public_snapshot,2026-09-24,12.19,12.480036037511772,3.603751177294612e-05
688591.SH,STAR,,False,False,2026-09-24,2026-09-24,READY_INCREMENTAL,,sina_public_snapshot,2026-09-24,32.45,33.15995462859829,4.537140170413068e-05
688592.SH,STAR,,False,False,2026-09-24,2026-09-24,READY_INCREMENTAL,,sina_public_snapshot,2026-09-24,23.52,23.40997312630636,2.6873693638407303e-05
688593.SH,STAR,,False,False,2026-09-24,2026-09-24,READY_INCREMENTAL,,sina_public_snapshot,2026-09-24,31.01,32.870120096246595,0.0001200962465972
688595.SH,STAR,,False,False,2026-09-24,2026-09-24,READY_INCREMENTAL,,sina_public_snapshot,2026-09-24,31.65,32.180004677030695,4.677030695177109e-06
688596.SH,STAR,,False,False,2026-09-24,2026-09-24,READY_INCREMENTAL,,sina_public_snapshot,2026-09-24,64.69,66.80021891554198,0.0002189155419785
688597.SH,STAR,,False,False,2026-09-24,2026-09-24,READY_INCREMENTAL,,sina_public_snapshot,2026-09-24,6.26,6.290003315816445,3.3158164445268312e-06
688598.SH,STAR,,False,False,2026-09-24,2026-09-24,READY_INCREMENTAL,,sina_public_snapshot,2026-09-24,36.53,36.400051815020376,5.1815020377432575e-05
688599.SH,STAR,,False,False,2026-09-24,2026-09-24,READY_INCREMENTAL,,sina_public_snapshot,2026-09-24,10.89,11.200016455487908,1.6455487907407473e-05
688600.SH,STAR,,False,False,2026-09-24,2026-09-24,READY_INCREMENTAL,,sina_public_snapshot,2026-09-24,36.34,38.59019422527584,0.000194225275834
688601.SH,STAR,,False,False,2026-09-24,2026-09-24,READY_INCREMENTAL,,sina_public_snapshot,2026-09-24,60.94,62.85973634807006,0.0002636519299414
688602.SH,STAR,,False,False,2026-09-24,2026-09-24,READY_INCREMENTAL,,sina_public_snapshot,2026-09-24,6.9,6.9,0.0
688603.SH,STAR,,False,False,2026-09-24,2026-09-24,READY_INCREMENTAL,,sina_public_snapshot,2026-09-24,125.12,128.63957887810497,0.000421121895016
688605.SH,STAR,,False,False,2026-09-24,2026-09-24,READY_INCREMENTAL,,sina_public_snapshot,2026-09-24,86.59,86.51041042241138,0.0004104224113774
688606.SH,STAR,,False,False,2026-09-24,2026-09-24,READY_INCREMENTAL,,sina_public_snapshot,2026-09-24,46.82,47.59000630196581,6.301965804311749e-06
688607.SH,STAR,,False,False,2026-09-24,2026-09-24,READY_INCREMENTAL,,sina_public_snapshot,2026-09-24,37.96,38.99011894245979,0.0001189424597853
688608.SH,STAR,,False,False,2026-09-24,2026-09-24,READY_INCREMENTAL,,sina_public_snapshot,2026-09-24,108.88,113.49942666527676,0.0005733347232421
688609.SH,STAR,,False,False,2026-09-24,2026-09-24,READY_INCREMENTAL,,sina_public_snapshot,2026-09-24,9.24,9.559972271941897,2.7728058105580544e-05
688610.SH,STAR,,False,False,2026-09-24,2026-09-24,READY_INCREMENTAL,,sina_public_snapshot,2026-09-24,165.04,172.45919454952036,0.0008054504796461
688611.SH,STAR,,False,False,2026-09-24,2026-09-24,READY_INCREMENTAL,,sina_public_snapshot,2026-09-24,66.43,68.69984280632085,0.0001571936791577
688612.SH,STAR,,False,False,2026-09-24,2026-09-24,READY_INCREMENTAL,,sina_public_snapshot,2026-09-24,35.4,36.500113418431525,0.0001134184315247
688613.SH,STAR,,False,False,2026-09-24,2026-09-24,READY_INCREMENTAL,,sina_public_snapshot,2026-09-24,21.09,21.28991227627421,8.772372578391696e-05
688615.SH,STAR,,False,False,2026-09-24,2026-09-24,READY_INCREMENTAL,,sina_public_snapshot,2026-09-24,87.11,90.73958333333334,0.000416666666652
688616.SH,STAR,,False,False,2026-09-24,2026-09-24,READY_INCREMENTAL,,sina_public_snapshot,2026-09-24,11.01,10.9499940327008,5.96729919877248e-06
688617.SH,STAR,,False,False,2026-09-24,2026-09-24,READY_INCREMENTAL,,sina_public_snapshot,2026-09-24,236.04,245.5603757685465,0.0003757685465188
688618.SH,STAR,,False,False,2026-09-24,2026-09-24,READY_INCREMENTAL,,sina_public_snapshot,2026-09-24,29.06,29.99989676566839,0.0001032343316111
688619.SH,STAR,,False,False,2026-09-24,2026-09-24,READY_INCREMENTAL,,sina_public_snapshot,2026-09-24,14.47,14.839960207985069,3.9792014931094855e-05
688620.SH,STAR,,False,False,2026-09-24,2026-09-24,READY_INCREMENTAL,,sina_public_snapshot,2026-09-24,18.01,18.35994046526801,5.9534731988719614e-05
688621.SH,STAR,,False,False,2026-09-24,2026-09-24,READY_INCREMENTAL,,sina_public_snapshot,2026-09-24,72.75,75.25991827445301,8.172554699115153e-05
688622.SH,STAR,,True,False,2026-09-24,2026-09-24,READY_INCREMENTAL,,sina_public_snapshot,2026-09-24,142.39,136.820055539007,5.553900700761005e-05
688623.SH,STAR,,False,False,2026-09-24,2026-09-24,READY_INCREMENTAL,,sina_public_snapshot,2026-09-24,64.67,63.40009607560562,9.607560562585604e-05
688625.SH,STAR,,False,False,2026-09-24,2026-09-24,READY_INCREMENTAL,,sina_public_snapshot,2026-09-24,74.1,72.10977033865316,0.0002296613468359
688626.SH,STAR,,False,False,2026-09-24,2026-09-24,READY_INCREMENTAL,,sina_public_snapshot,2026-09-24,44.06,44.22007667757281,7.667757281382137e-05
688627.SH,STAR,,False,False,2026-09-24,2026-09-24,READY_INCREMENTAL,,sina_public_snapshot,2026-09-24,458.05,474.9979259996682,0.0020740003317882
688628.SH,STAR,,False,False,2026-09-24,2026-09-24,READY_INCREMENTAL,,sina_public_snapshot,2026-09-24,110.89,114.43992652067122,7.347932877621588e-05
688629.SH,STAR,,False,False,2026-09-24,2026-09-24,READY_INCREMENTAL,,sina_public_snapshot,2026-09-24,116.8,123.1495930158998,0.0004069841002092
688630.SH,STAR,,False,False,2026-09-24,2026-09-24,READY_INCREMENTAL,,sina_public_snapshot,2026-09-24,418.0,440.6818972515366,0.0018972515366044
688631.SH,STAR,,False,False,2026-09-24,2026-09-24,READY_INCREMENTAL,,sina_public_snapshot,2026-09-24,37.52,38.07011313479783,0.0001131347978287
688633.SH,STAR,,False,False,2026-09-24,2026-09-24,READY_INCREMENTAL,,sina_public_snapshot,2026-09-24,22.37,22.619950452500127,4.954749987362561e-05
688635.SH,STAR,,False,False,2026-09-24,2026-09-24,READY_INCREMENTAL,,sina_public_snapshot,2026-09-24,282.8,288.8012908233084,0.0012908233083521
688636.SH,STAR,,False,False,2026-09-24,2026-09-24,READY_INCREMENTAL,,sina_public_snapshot,2026-09-24,20.41,21.01004694062423,4.6940624226721184e-05
688638.SH,STAR,,False,False,2026-09-24,2026-09-24,READY_INCREMENTAL,,sina_public_snapshot,2026-09-24,34.69,34.22015724107997,0.0001572410799681
688639.SH,STAR,,False,False,2026-09-24,2026-09-24,READY_INCREMENTAL,,sina_public_snapshot,2026-09-24,17.95,18.29001131025769,1.1310257690411165e-05
688646.SH,STAR,,False,False,2026-09-24,2026-09-24,READY_INCREMENTAL,,sina_public_snapshot,2026-09-24,80.66,77.58977269447944,0.0002273055205677
688648.SH,STAR,,False,False,2026-09-24,2026-09-24,READY_INCREMENTAL,,sina_public_snapshot,2026-09-24,29.19,29.390146900391667,0.000146900391666
688651.SH,STAR,,False,False,2026-09-24,2026-09-24,READY_INCREMENTAL,,sina_public_snapshot,2026-09-24,24.94,25.509890964138865,0.0001090358611364
688652.SH,STAR,,False,False,2026-09-24,2026-09-24,READY_INCREMENTAL,,sina_public_snapshot,2026-09-24,144.05,147.4200216959699,2.1695969905977108e-05
688653.SH,STAR,,False,False,2026-09-24,2026-09-24,READY_INCREMENTAL,,sina_public_snapshot,2026-09-24,15.39,15.679921753216982,7.82467830173772e-05
688655.SH,STAR,,False,False,2026-09-24,2026-09-24,READY_INCREMENTAL,,sina_public_snapshot,2026-09-24,73.8,78.14981892115128,0.0001810788487262
688656.SH,STAR,,False,False,2026-09-24,2026-09-24,READY_INCREMENTAL,,sina_public_snapshot,2026-09-24,132.15,141.03973446321655,0.0002655367834449
688657.SH,STAR,,False,False,2026-09-24,2026-09-24,READY_INCREMENTAL,,sina_public_snapshot,2026-09-24,33.95,34.38984613202865,0.000153867971349
688658.SH,STAR,,False,False,2026-09-24,2026-09-24,READY_INCREMENTAL,,sina_public_snapshot,2026-09-24,13.17,13.79996856499188,3.143500812186062e-05
688659.SH,STAR,,False,False,2026-09-24,2026-09-24,READY_INCREMENTAL,,sina_public_snapshot,2026-09-24,9.3,9.309961658975103,3.8341024895416354e-05
688660.SH,STAR,,False,False,2026-09-24,2026-09-24,READY_INCREMENTAL,,sina_public_snapshot,2026-09-24,8.85,8.920022174066421,2.217406642124331e-05
688661.SH,STAR,,False,False,2026-09-24,2026-09-24,READY_INCREMENTAL,,sina_public_snapshot,2026-09-24,102.5,108.29028134343338,0.0002813434333717
688662.SH,STAR,,False,False,2026-09-24,2026-09-24,READY_INCREMENTAL,,sina_public_snapshot,2026-09-24,128.28,130.61008389671744,8.38967174274785e-05
688663.SH,STAR,,False,False,2026-09-24,2026-09-24,READY_INCREMENTAL,,sina_public_snapshot,2026-09-24,55.83,57.04972307943839,0.0002769205616104
688665.SH,STAR,,False,False,2026-09-24,2026-09-24,READY_INCREMENTAL,,sina_public_snapshot,2026-09-24,47.27,46.98013258196925,0.0001325819692539
688667.SH,STAR,,False,False,2026-09-24,2026-09-24,READY_INCREMENTAL,,sina_public_snapshot,2026-09-24,104.83,103.61050436363996,0.0005043636399477
688668.SH,STAR,,False,False,2026-09-24,2026-09-24,READY_INCREMENTAL,,sina_public_snapshot,2026-09-24,232.0,244.89106569836176,0.0010656983617707
688669.SH,STAR,,False,False,2026-09-24,2026-09-24,READY_INCREMENTAL,,sina_public_snapshot,2026-09-24,66.92,69.07015389061485,0.0001538906148539
688670.SH,STAR,,False,False,2026-09-24,2026-09-24,READY_INCREMENTAL,,sina_public_snapshot,2026-09-24,18.21,18.890041493775936,4.149377593520853e-05
688671.SH,STAR,,False,False,2026-09-24,2026-09-24,READY_INCREMENTAL,,sina_public_snapshot,2026-09-24,26.29,26.810116255353865,0.0001162553538662
688676.SH,STAR,,False,False,2026-09-24,2026-09-24,READY_INCREMENTAL,,sina_public_snapshot,2026-09-24,62.06,64.19977862145304,0.0002213785469677
688677.SH,STAR,,False,False,2026-09-24,2026-09-24,READY_INCREMENTAL,,sina_public_snapshot,2026-09-24,81.01,87.48002246123278,2.246123277416245e-05
688678.SH,STAR,,False,False,2026-09-24,2026-09-24,READY_INCREMENTAL,,sina_public_snapshot,2026-09-24,32.63,31.43000250438267,2.5043826710202666e-06
688679.SH,STAR,,False,False,2026-09-24,2026-09-24,READY_INCREMENTAL,,sina_public_snapshot,2026-09-24,39.6,41.799930333449446,6.966655055151705e-05
688680.SH,STAR,,False,False,2026-09-24,2026-09-24,READY_INCREMENTAL,,sina_public_snapshot,2026-09-24,39.21,38.57012168130712,0.0001216813071138
688681.SH,STAR,,False,False,2026-09-24,2026-09-24,READY_INCREMENTAL,,sina_public_snapshot,2026-09-24,15.51,15.51,0.0
688682.SH,STAR,,False,False,2026-09-24,2026-09-24,READY_INCREMENTAL,,sina_public_snapshot,2026-09-24,37.94,31.62009217665247,9.217665246907814e-05
688683.SH,STAR,,False,False,2026-09-24,2026-09-24,READY_INCREMENTAL,,sina_public_snapshot,2026-09-24,31.86,31.950099279969518,9.927996951475392e-05
688685.SH,STAR,,False,False,2026-09-24,2026-09-24,READY_INCREMENTAL,,sina_public_snapshot,2026-09-24,34.52,34.870095761444915,9.57614449177413e-05
688686.SH,STAR,,False,False,2026-09-24,2026-09-24,READY_INCREMENTAL,,sina_public_snapshot,2026-09-24,136.3,141.79011318242345,0.0001131824234619
688687.SH,STAR,,False,False,2026-09-24,2026-09-24,READY_INCREMENTAL,,sina_public_snapshot,2026-09-24,18.29,18.70009304037543,9.304037543245158e-05
688689.SH,STAR,,False,False,2026-09-24,2026-09-24,READY_INCREMENTAL,,sina_public_snapshot,2026-09-24,41.65,42.68992661227502,7.338772497433865e-05
688690.SH,STAR,,False,False,2026-09-24,2026-09-24,READY_INCREMENTAL,,sina_public_snapshot,2026-09-24,46.99,49.20985663270115,0.000143367298854
688691.SH,STAR,,False,False,2026-09-24,2026-09-24,READY_INCREMENTAL,,sina_public_snapshot,2026-09-24,64.35,65.4901841052728,0.0001841052728082
688692.SH,STAR,,False,False,2026-09-24,2026-09-24,READY_INCREMENTAL,,sina_public_snapshot,2026-09-24,202.77,206.6193178923342,0.0006821076657956
688693.SH,STAR,,False,False,2026-09-24,2026-09-24,READY_INCREMENTAL,,sina_public_snapshot,2026-09-24,76.53,79.05011775399744,0.0001177539974435
688695.SH,STAR,,False,False,2026-09-24,2026-09-24,READY_INCREMENTAL,,sina_public_snapshot,2026-09-24,19.82,19.9300136754887,1.3675488698794425e-05
688696.SH,STAR,,False,False,2026-09-24,2026-09-24,READY_INCREMENTAL,,sina_public_snapshot,2026-09-24,83.58,86.71023965141612,0.0002396514161233
688697.SH,STAR,,False,False,2026-09-24,2026-09-24,READY_INCREMENTAL,,sina_public_snapshot,2026-09-24,14.91,15.270068208352964,6.820835296394989e-05
688698.SH,STAR,,False,False,2026-09-24,2026-09-24,READY_INCREMENTAL,,sina_public_snapshot,2026-09-24,43.87,44.45007345863519,7.345863518537499e-05
688699.SH,STAR,,False,False,2026-09-24,2026-09-24,READY_INCREMENTAL,,sina_public_snapshot,2026-09-24,68.65,70.53976017509068,0.0002398249093289
688700.SH,STAR,,False,False,2026-09-24,2026-09-24,READY_INCREMENTAL,,sina_public_snapshot,2026-09-24,64.3,67.87999071004792,9.289952075164363e-06
688701.SH,STAR,,False,False,2026-09-24,2026-09-24,READY_INCREMENTAL,,sina_public_snapshot,2026-09-24,8.62,8.700040371417035,4.0371417036055846e-05
688702.SH,STAR,,False,False,2026-09-24,2026-09-24,READY_INCREMENTAL,,sina_public_snapshot,2026-09-24,328.5,334.9989802161942,0.0010197838058161
688707.SH,STAR,,False,False,2026-09-24,2026-09-24,READY_INCREMENTAL,,sina_public_snapshot,2026-09-24,10.09,10.279973918004728,2.608199527109889e-05
688708.SH,STAR,,False,False,2026-09-24,2026-09-24,READY_INCREMENTAL,,sina_public_snapshot,2026-09-24,39.55,40.760169430388224,0.000169430388226
688709.SH,STAR,,False,False,2026-09-24,2026-09-24,READY_INCREMENTAL,,sina_public_snapshot,2026-09-24,25.41,25.980001226918592,1.2269185916125025e-06
688710.SH,STAR,,False,False,2026-09-24,2026-09-24,READY_INCREMENTAL,,sina_public_snapshot,2026-09-24,96.0,104.770323805782,0.0003238057820169
688711.SH,STAR,,False,False,2026-09-24,2026-09-24,READY_INCREMENTAL,,sina_public_snapshot,2026-09-24,28.58,29.800012512251577,1.2512251576168865e-05
688712.SH,STAR,,False,False,2026-09-24,2026-09-24,READY_INCREMENTAL,,sina_public_snapshot,2026-09-24,31.22,32.28007775342239,7.77534223885823e-05
688716.SH,STAR,,False,False,2026-09-24,2026-09-24,READY_INCREMENTAL,,sina_public_snapshot,2026-09-24,26.52,26.860048210342946,4.821034294266724e-05
688717.SH,STAR,,False,False,2026-09-24,2026-09-24,READY_INCREMENTAL,,sina_public_snapshot,2026-09-24,41.93,43.2901773730616,0.0001773730615965
688718.SH,STAR,,False,False,2026-09-24,2026-09-24,READY_INCREMENTAL,,sina_public_snapshot,2026-09-24,15.13,15.42995839112344,4.1608876559351415e-05
688719.SH,STAR,,False,False,2026-09-24,2026-09-24,READY_INCREMENTAL,,sina_public_snapshot,2026-09-24,59.32,62.05020920502092,0.0002092050209228
688720.SH,STAR,,False,False,2026-09-24,2026-09-24,READY_INCREMENTAL,,sina_public_snapshot,2026-09-24,67.8,70.02974714923153,0.0002528507684758
688721.SH,STAR,,False,False,2026-09-24,2026-09-24,READY_INCREMENTAL,,sina_public_snapshot,2026-09-24,41.58,42.400016315542594,1.6315542595179977e-05
688722.SH,STAR,,False,False,2026-09-24,2026-09-24,READY_INCREMENTAL,,sina_public_snapshot,2026-09-24,14.58,14.56994673675164,5.3263248359414206e-05
688726.SH,STAR,,False,False,2026-09-24,2026-09-24,READY_INCREMENTAL,,sina_public_snapshot,2026-09-24,46.55,47.850086859985815,8.685998581370313e-05
688727.SH,STAR,,False,False,2026-09-24,2026-09-24,READY_INCREMENTAL,,sina_public_snapshot,2026-09-24,47.99,49.13987302887569,0.0001269711243097
688728.SH,STAR,,False,False,2026-09-24,2026-09-24,READY_INCREMENTAL,,sina_public_snapshot,2026-09-24,14.39,14.739925839428022,7.416057197850989e-05
688729.SH,STAR,,False,False,2026-09-24,2026-09-24,READY_INCREMENTAL,,sina_public_snapshot,2026-09-24,23.92,24.6498830367172,0.0001169632827995
688733.SH,STAR,,False,False,2026-09-24,2026-09-24,READY_INCREMENTAL,,sina_public_snapshot,2026-09-24,29.15,29.84998207977062,1.7920229382184516e-05
688737.SH,STAR,,False,False,2026-09-24,2026-09-24,READY_INCREMENTAL,,sina_public_snapshot,2026-09-24,17.3,17.58005019968092,5.01996809205707e-05
688739.SH,STAR,,False,False,2026-09-24,2026-09-24,READY_INCREMENTAL,,sina_public_snapshot,2026-09-24,20.62,20.919992695249885,7.304750116787773e-06
688750.SH,STAR,,False,False,2026-09-24,2026-09-24,READY_INCREMENTAL,,sina_public_snapshot,2026-09-24,13.9,14.159977181043969,2.281895603140072e-05
688755.SH,STAR,,False,False,2026-09-24,2026-09-24,READY_INCREMENTAL,,sina_public_snapshot,2026-09-24,29.83,31.449988929772584,1.1070227415643784e-05
688757.SH,STAR,,False,False,2026-09-24,2026-09-24,READY_INCREMENTAL,,sina_public_snapshot,2026-09-24,31.7,33.09011576321256,0.0001157632125554
688758.SH,STAR,,False,False,2026-09-24,2026-09-24,READY_INCREMENTAL,,sina_public_snapshot,2026-09-24,32.5,33.62996688741722,3.3112582784156075e-05
688759.SH,STAR,,False,False,2026-09-24,2026-09-24,READY_INCREMENTAL,,sina_public_snapshot,2026-09-24,22.47,23.399912523691498,8.747630850081123e-05
688765.SH,STAR,,False,False,2026-09-24,2026-09-24,READY_INCREMENTAL,,sina_public_snapshot,2026-09-24,41.05,42.549883389479135,0.0001166105208625
688766.SH,STAR,,False,False,2026-09-24,2026-09-24,READY_INCREMENTAL,,sina_public_snapshot,2026-09-24,408.7,430.9999367262144,6.32737856562926e-05
688767.SH,STAR,,False,False,2026-09-24,2026-09-24,READY_INCREMENTAL,,sina_public_snapshot,2026-09-24,42.93,43.40002224086861,2.2240868609912923e-05
688768.SH,STAR,,False,False,2026-09-24,2026-09-24,READY_INCREMENTAL,,sina_public_snapshot,2026-09-24,46.92,47.63983795144635,0.0001620485536477
688772.SH,STAR,,False,False,2026-09-24,2026-09-24,READY_INCREMENTAL,,sina_public_snapshot,2026-09-24,14.03,13.620036889622366,3.688962236658711e-05
688775.SH,STAR,,False,False,2026-09-24,2026-09-24,READY_INCREMENTAL,,sina_public_snapshot,2026-09-24,90.78,94.99989535151428,0.0001046484857312
688776.SH,STAR,,False,False,2026-09-24,2026-09-24,READY_INCREMENTAL,,sina_public_snapshot,2026-09-24,54.25,51.999961659014446,3.834098555444143e-05
688777.SH,STAR,,False,False,2026-09-24,2026-09-24,READY_INCREMENTAL,,sina_public_snapshot,2026-09-24,80.02,81.28974582986244,0.0002541701375662
688778.SH,STAR,,False,False,2026-09-24,2026-09-24,READY_INCREMENTAL,,sina_public_snapshot,2026-09-24,42.15,43.32987242616446,0.0001275738355417
688779.SH,STAR,,False,False,2026-09-24,2026-09-24,READY_INCREMENTAL,,sina_public_snapshot,2026-09-24,7.44,7.629986668034048,1.333196595165731e-05
688781.SH,STAR,,False,False,2026-09-24,2026-09-24,READY_INCREMENTAL,,sina_public_snapshot,2026-09-24,45.02,51.55985157359476,0.0001484264052393
688783.SH,STAR,,False,False,2026-09-24,2026-09-24,READY_INCREMENTAL,,sina_public_snapshot,2026-09-24,29.91,30.0,0.0
688785.SH,STAR,,False,False,2026-09-24,2026-09-24,READY_INCREMENTAL,,sina_public_snapshot,2026-09-24,365.02,380.999102352671,0.0008976473289976
688786.SH,STAR,,False,False,2026-09-24,2026-09-24,READY_INCREMENTAL,,sina_public_snapshot,2026-09-24,28.59,28.96011020846417,0.0001102084641715
688787.SH,STAR,,False,False,2026-09-24,2026-09-24,READY_INCREMENTAL,,sina_public_snapshot,2026-09-24,89.9,92.56017956057082,0.0001795605708139
688788.SH,STAR,,False,False,2026-09-24,2026-09-24,READY_INCREMENTAL,,sina_public_snapshot,2026-09-24,29.04,29.619958793170277,4.120682972796885e-05
688789.SH,STAR,,False,False,2026-09-24,2026-09-24,READY_INCREMENTAL,,sina_public_snapshot,2026-09-24,49.72,51.01004401309108,4.40130910774883e-05
688790.SH,STAR,,False,False,2026-09-24,2026-09-24,READY_INCREMENTAL,,sina_public_snapshot,2026-09-24,106.17,110.13028505041284,0.0002850504128559
688793.SH,STAR,,False,False,2026-09-24,2026-09-24,READY_INCREMENTAL,,sina_public_snapshot,2026-09-24,18.25,18.49000020263014,2.026301402224817e-07
688795.SH,STAR,,False,False,2026-09-24,2026-09-24,READY_INCREMENTAL,,sina_public_snapshot,2026-09-24,433.33,435.00040154192095,0.0004015419209508
688796.SH,STAR,,False,False,2026-09-24,2026-09-24,READY_INCREMENTAL,,sina_public_snapshot,2026-09-24,126.54,135.50065854990524,0.0006585499052391
688797.SH,STAR,,False,False,2026-09-24,2026-09-24,READY_INCREMENTAL,,sina_public_snapshot,2026-09-24,276.18,281.8796056257528,0.0003943742472642
688798.SH,STAR,,False,False,2026-09-24,2026-09-24,READY_INCREMENTAL,,sina_public_snapshot,2026-09-24,56.59,58.06008125743834,8.125743833886645e-05
688799.SH,STAR,,False,False,2026-09-24,2026-09-24,READY_INCREMENTAL,,sina_public_snapshot,2026-09-24,56.88,58.079931382359554,6.861764044430174e-05
688800.SH,STAR,,False,False,2026-09-24,2026-09-24,READY_INCREMENTAL,,sina_public_snapshot,2026-09-24,61.65,66.88001735734433,1.7357344333390756e-05
688801.SH,STAR,,False,False,2026-09-24,2026-09-24,READY_INCREMENTAL,,sina_public_snapshot,2026-09-24,490.0,493.49890725241966,0.0010927475803441
688802.SH,STAR,,False,False,2026-09-24,2026-09-24,READY_INCREMENTAL,,sina_public_snapshot,2026-09-24,556.86,566.4211896818293,0.0011896818293735
688805.SH,STAR,,False,False,2026-09-24,2026-09-24,READY_INCREMENTAL,,sina_public_snapshot,2026-09-24,39.87,41.179933690701205,6.630929879491987e-05
688806.SH,STAR,,False,False,2026-09-24,2026-09-24,READY_INCREMENTAL,,sina_public_snapshot,2026-09-24,25.5,26.459967625451377,3.237454862414779e-05
688807.SH,STAR,,False,False,2026-09-24,2026-09-24,READY_INCREMENTAL,,sina_public_snapshot,2026-09-24,335.56,361.3183878713484,0.0016121286515726
688808.SH,STAR,,False,False,2026-09-24,2026-09-24,READY_INCREMENTAL,,sina_public_snapshot,2026-09-24,2231.01,2280.0306591722024,0.0106591722023949
688809.SH,STAR,,False,False,2026-09-24,2026-09-24,READY_INCREMENTAL,,sina_public_snapshot,2026-09-24,498.0,505.0095323084412,0.0004676915588106
688811.SH,STAR,,False,False,2026-09-24,2026-09-24,READY_INCREMENTAL,,sina_public_snapshot,2026-09-24,20.48,20.8199904439497,9.556050301284811e-06
688813.SH,STAR,,False,False,2026-09-24,2026-09-24,READY_INCREMENTAL,,sina_public_snapshot,2026-09-24,150.07,161.24075984184287,0.0007598418428642
688816.SH,STAR,,False,False,2026-09-24,2026-09-24,READY_INCREMENTAL,,sina_public_snapshot,2026-09-24,47.38,48.43986422933792,0.0001357706620837
688818.SH,STAR,,False,False,2026-09-24,2026-09-24,READY_INCREMENTAL,,sina_public_snapshot,2026-09-24,42.57,42.7598537506529,0.0001462493470967
688819.SH,STAR,,False,False,2026-09-24,2026-09-24,READY_INCREMENTAL,,sina_public_snapshot,2026-09-24,20.5,20.950006131709117,6.13170911378802e-06
688820.SH,STAR,,False,False,2026-09-24,2026-09-24,READY_INCREMENTAL,,sina_public_snapshot,2026-09-24,128.02,133.56982628201786,0.0001737179821361
688825.SH,STAR,,False,False,2026-09-24,2026-09-24,READY_INCREMENTAL,,sina_public_snapshot,2026-09-24,56.2,58.619826435247,0.0001735647529983
688826.SH,STAR,,False,False,2026-09-24,2026-09-24,READY_INCREMENTAL,,sina_public_snapshot,2026-09-24,828.74,858.7801289092454,0.0001289092454044
688828.SH,STAR,,False,False,2026-09-24,2026-09-24,READY_INCREMENTAL,,sina_public_snapshot,2026-09-24,92.2,95.85993221184836,6.778815162533647e-05
688835.SH,STAR,,False,False,2026-09-24,2026-09-24,READY_INCREMENTAL,,sina_public_snapshot,2026-09-24,380.85,354.8798896736801,0.0001103263198842
688836.SH,STAR,,False,False,2026-09-24,2026-09-24,READY_INCREMENTAL,,sina_public_snapshot,2026-09-24,488.0,490.9703707429951,0.0003707429950736
688837.SH,STAR,,False,False,2026-09-24,2026-09-24,READY_INCREMENTAL,,sina_public_snapshot,2026-09-24,47.31,53.59995468192376,4.531807624630346e-05
688981.SH,STAR,,False,False,2026-09-24,2026-09-24,READY_INCREMENTAL,,sina_public_snapshot,2026-09-24,119.98,121.3905582872984,0.0005582872984035
000001.SZ,SZ_MAIN,1991-04-03,False,False,2026-09-24,2026-09-24,REPAIRED_FULL_HISTORY,QFQ_CONTINUITY_BREAK,sina_daily,2026-09-24,11.3,11.350053736980083,0.2499462630199165
000002.SZ,SZ_MAIN,1991-01-29,False,False,2026-09-24,2026-09-24,READY_INCREMENTAL,,sina_public_snapshot,2026-09-24,3.76,3.920015012823453,1.5012823453286472e-05
000006.SZ,SZ_MAIN,1992-04-27,False,False,2026-09-24,2026-09-24,READY_INCREMENTAL,,sina_public_snapshot,2026-09-24,7.21,7.239973490249634,2.650975036644354e-05
000007.SZ,SZ_MAIN,1992-04-13,False,False,2026-09-24,2026-09-24,READY_INCREMENTAL,,sina_public_snapshot,2026-09-24,11.64,11.610046081110736,4.608111073522991e-05
000008.SZ,SZ_MAIN,1992-05-07,False,False,2026-09-24,2026-09-24,READY_INCREMENTAL,,sina_public_snapshot,2026-09-24,2.38,2.38,0.0
000009.SZ,SZ_MAIN,1991-06-25,False,False,2026-09-24,2026-09-24,READY_INCREMENTAL,,sina_public_snapshot,2026-09-24,6.8,6.999989705897491,1.0294102509078584e-05
000010.SZ,SZ_MAIN,1995-10-27,True,False,2026-09-24,2026-09-24,READY_INCREMENTAL,,sina_public_snapshot,2026-09-24,1.5,1.5200032426735843,3.2426735843138488e-06
000011.SZ,SZ_MAIN,1992-03-30,False,False,2026-09-24,2026-09-24,READY_INCREMENTAL,,sina_public_snapshot,2026-09-24,9.2,9.590026372572524,2.637257252402492e-05
000012.SZ,SZ_MAIN,1992-02-28,False,False,2026-09-24,2026-09-24,READY_INCREMENTAL,,sina_public_snapshot,2026-09-24,3.7,3.770009068400192,9.068400191658554e-06
000014.SZ,SZ_MAIN,1992-06-02,False,False,2026-09-24,2026-09-24,READY_INCREMENTAL,,sina_public_snapshot,2026-09-24,10.64,10.82004555808656,4.555808656014904e-05
000016.SZ,SZ_MAIN,1992-03-27,True,True,2026-09-24,2026-09-24,READY_SUSPENDED_NO_APPEND,SNAPSHOT_SUSPENDED,sina_daily,2026-09-03 00:00:00,2.46,,
000017.SZ,SZ_MAIN,1992-03-31,False,False,2026-09-24,2026-09-24,READY_INCREMENTAL,,sina_public_snapshot,2026-09-24,7.53,7.6900295141903,2.951419029972868e-05
000019.SZ,SZ_MAIN,1992-10-12,False,False,2026-09-24,2026-09-24,READY_INCREMENTAL,,sina_public_snapshot,2026-09-24,6.78,6.959985217730512,1.478226948847805e-05
000020.SZ,SZ_MAIN,1992-04-28,False,False,2026-09-24,2026-09-24,READY_INCREMENTAL,,sina_public_snapshot,2026-09-24,13.31,13.58995303246886,4.696753114075136e-05
000021.SZ,SZ_MAIN,1994-02-02,False,False,2026-09-24,2026-09-24,READY_INCREMENTAL,,sina_public_snapshot,2026-09-24,35.53,36.91006742086619,6.742086619482279e-05
000025.SZ,SZ_MAIN,1993-06-21,False,False,2026-09-24,2026-09-24,READY_INCREMENTAL,,sina_public_snapshot,2026-09-24,14.92,15.040019354448498,1.9354448498987157e-05
000026.SZ,SZ_MAIN,1993-06-03,False,False,2026-09-24,2026-09-24,READY_INCREMENTAL,,sina_public_snapshot,2026-09-24,19.75,19.90004634947504,4.6349475042006816e-05
000027.SZ,SZ_MAIN,1993-09-03,False,False,2026-09-24,2026-09-24,READY_INCREMENTAL,,sina_public_snapshot,2026-09-24,6.17,6.229994850409443,5.149590557529393e-06
000028.SZ,SZ_MAIN,1993-08-09,False,False,2026-09-24,2026-09-24,READY_INCREMENTAL,,sina_public_snapshot,2026-09-24,19.5,19.72007604870353,7.604870353006277e-05
000029.SZ,SZ_MAIN,1993-09-15,False,False,2026-09-24,2026-09-24,READY_INCREMENTAL,,sina_public_snapshot,2026-09-24,22.15,21.88000079024833,7.90248336102195e-07
000030.SZ,SZ_MAIN,1993-09-29,False,False,2026-09-24,2026-09-24,READY_INCREMENTAL,,sina_public_snapshot,2026-09-24,3.92,3.929982154672869,1.7845327131116306e-05
000031.SZ,SZ_MAIN,1993-10-08,False,False,2026-09-24,2026-09-24,READY_INCREMENTAL,,sina_public_snapshot,2026-09-24,2.28,2.350006699580503,6.699580502811386e-06
000032.SZ,SZ_MAIN,1993-10-28,False,False,2026-09-24,2026-09-24,READY_INCREMENTAL,,sina_public_snapshot,2026-09-24,14.17,14.530054756875373,5.475687537348506e-05
000034.SZ,SZ_MAIN,1994-05-09,False,False,2026-09-24,2026-09-24,READY_INCREMENTAL,,sina_public_snapshot,2026-09-24,24.15,23.28002544897192,2.5448971918251573e-05
000035.SZ,SZ_MAIN,1994-04-08,False,False,2026-09-24,2026-09-24,READY_INCREMENTAL,,sina_public_snapshot,2026-09-24,4.79,4.910000410020912,4.100209114454856e-07
000036.SZ,SZ_MAIN,1994-06-17,False,False,2026-09-24,2026-09-24,READY_INCREMENTAL,,sina_public_snapshot,2026-09-24,3.9,4.060004788723597,4.788723597215494e-06
000037.SZ,SZ_MAIN,1994-07-01,False,False,2026-09-24,2026-09-24,READY_INCREMENTAL,,sina_public_snapshot,2026-09-24,8.94,9.010007760297512,7.76029751214935e-06
000039.SZ,SZ_MAIN,1994-04-08,False,False,2026-09-24,2026-09-24,READY_INCREMENTAL,,sina_public_snapshot,2026-09-24,8.66,8.790004161549314,4.1615493149294025e-06
000042.SZ,SZ_MAIN,1994-09-21,False,False,2026-09-24,2026-09-24,READY_INCREMENTAL,,sina_public_snapshot,2026-09-24,8.25,8.409957389549227,4.261045077313952e-05
000045.SZ,SZ_MAIN,1994-08-15,False,False,2026-09-24,2026-09-24,READY_INCREMENTAL,,sina_public_snapshot,2026-09-24,11.09,11.249974639371867,2.536062813263129e-05
000048.SZ,SZ_MAIN,1994-11-01,False,False,2026-09-24,2026-09-24,READY_INCREMENTAL,,sina_public_snapshot,2026-09-24,18.66,19.10006550933508,6.550933507654122e-05
000049.SZ,SZ_MAIN,1995-03-20,False,False,2026-09-24,2026-09-24,READY_INCREMENTAL,,sina_public_snapshot,2026-09-24,22.17,22.459958058535697,4.194146430336332e-05
000050.SZ,SZ_MAIN,1995-03-15,False,False,2026-09-24,2026-09-24,READY_INCREMENTAL,,sina_public_snapshot,2026-09-24,6.36,6.589990674541499,9.3254585005198e-06
000055.SZ,SZ_MAIN,1996-04-15,False,False,2026-09-24,2026-09-24,READY_INCREMENTAL,,sina_public_snapshot,2026-09-24,3.79,3.81000251319427,2.5131942700262755e-06
000056.SZ,SZ_MAIN,1996-07-08,True,False,2026-09-24,2026-09-24,READY_INCREMENTAL,,sina_public_snapshot,2026-09-24,2.76,2.6900060427671977,6.042767197733667e-06
000058.SZ,SZ_MAIN,1996-12-26,False,False,2026-09-24,2026-09-24,READY_INCREMENTAL,,sina_public_snapshot,2026-09-24,7.04,7.140031846164768,3.184616476836766e-05
000059.SZ,SZ_MAIN,1997-01-30,False,False,2026-09-24,2026-09-24,READY_INCREMENTAL,,sina_public_snapshot,2026-09-24,5.6,5.650002522322555,2.522322554376899e-06
000060.SZ,SZ_MAIN,1997-01-23,False,False,2026-09-24,2026-09-24,READY_INCREMENTAL,,sina_public_snapshot,2026-09-24,5.95,6.129976098244458,2.390175554189966e-05
000061.SZ,SZ_MAIN,1997-01-10,False,False,2026-09-24,2026-09-24,READY_INCREMENTAL,,sina_public_snapshot,2026-09-24,5.95,6.0300183434171455,1.8343417145239016e-05
000062.SZ,SZ_MAIN,1997-01-30,False,False,2026-09-24,2026-09-24,READY_INCREMENTAL,,sina_public_snapshot,2026-09-24,22.74,23.290112456215816,0.0001124562158167
000063.SZ,SZ_MAIN,1997-11-18,False,False,2026-09-24,2026-09-24,READY_INCREMENTAL,,sina_public_snapshot,2026-09-24,31.92,32.279921120493505,7.887950649632103e-05
000065.SZ,SZ_MAIN,1998-06-05,False,False,2026-09-24,2026-09-24,READY_INCREMENTAL,,sina_public_snapshot,2026-09-24,9.85,10.120001643858137,1.6438581358357851e-06
000066.SZ,SZ_MAIN,1997-06-26,False,False,2026-09-24,2026-09-24,READY_INCREMENTAL,,sina_public_snapshot,2026-09-24,14.8,15.140045420136262,4.542013626185337e-05
000068.SZ,SZ_MAIN,1997-06-11,False,False,2026-09-24,2026-09-24,READY_INCREMENTAL,,sina_public_snapshot,2026-09-24,3.26,3.249990030705427,9.969294572975684e-06
000069.SZ,SZ_MAIN,1997-09-10,False,False,2026-09-24,2026-09-24,READY_INCREMENTAL,,sina_public_snapshot,2026-09-24,1.84,1.900002065219636,2.0652196361936603e-06
000070.SZ,SZ_MAIN,2000-05-11,False,False,2026-09-24,2026-09-24,READY_INCREMENTAL,,sina_public_snapshot,2026-09-24,17.94,17.99001223401055,1.2234010551281926e-05
000078.SZ,SZ_MAIN,1998-12-18,True,False,2026-09-24,2026-09-24,READY_INCREMENTAL,,sina_public_snapshot,2026-09-24,1.55,1.5700018232279238,1.8232279237473392e-06
000088.SZ,SZ_MAIN,1997-07-28,False,False,2026-09-24,2026-09-24,READY_INCREMENTAL,,sina_public_snapshot,2026-09-24,4.5,4.51001222714426,1.222714426063476e-05
000089.SZ,SZ_MAIN,1998-04-20,False,False,2026-09-24,2026-09-24,READY_INCREMENTAL,,sina_public_snapshot,2026-09-24,6.5,6.560024221627895,2.4221627895393283e-05
000090.SZ,SZ_MAIN,1999-07-21,False,False,2026-09-24,2026-09-24,READY_INCREMENTAL,,sina_public_snapshot,2026-09-24,3.5,3.55998576005696,1.4239943040283976e-05
000096.SZ,SZ_MAIN,2000-07-24,False,False,2026-09-24,2026-09-24,READY_INCREMENTAL,,sina_public_snapshot,2026-09-24,7.89,7.900033041963293,3.3041963292568255e-05
000099.SZ,SZ_MAIN,2000-07-31,False,False,2026-09-24,2026-09-24,READY_INCREMENTAL,,sina_public_snapshot,2026-09-24,12.89,13.060041743500376,4.1743500375446274e-05
000100.SZ,SZ_MAIN,2004-01-30,False,False,2026-09-24,2026-09-24,READY_INCREMENTAL,,sina_public_snapshot,2026-09-24,4.87,4.929998076592127,1.9234078729724047e-06
000151.SZ,SZ_MAIN,2000-09-06,False,False,2026-09-24,2026-09-24,READY_INCREMENTAL,,sina_public_snapshot,2026-09-24,10.01,9.97996031943849,3.968056151038013e-05
000153.SZ,SZ_MAIN,2000-09-20,False,False,2026-09-24,2026-09-24,READY_INCREMENTAL,,sina_public_snapshot,2026-09-24,6.09,6.170025227196742,2.522719674225016e-05
000155.SZ,SZ_MAIN,2000-09-26,False,False,2026-09-24,2026-09-24,READY_INCREMENTAL,,sina_public_snapshot,2026-09-24,11.04,11.260020806560185,2.0806560184993828e-05
000156.SZ,SZ_MAIN,2000-09-06,False,False,2026-09-24,2026-09-24,READY_INCREMENTAL,,sina_public_snapshot,2026-09-24,7.02,7.079967323227739,3.267677226137522e-05
000157.SZ,SZ_MAIN,2000-10-12,False,False,2026-09-24,2026-09-24,READY_INCREMENTAL,,sina_public_snapshot,2026-09-24,6.04,6.100024238506908,2.423850690824736e-05
000158.SZ,SZ_MAIN,2000-07-24,False,False,2026-09-24,2026-09-24,READY_INCREMENTAL,,sina_public_snapshot,2026-09-24,12.55,12.719938376712886,6.162328711489806e-05
000159.SZ,SZ_MAIN,2000-09-26,False,False,2026-09-24,2026-09-24,READY_INCREMENTAL,,sina_public_snapshot,2026-09-24,5.46,5.420000397069626,3.970696260680029e-07
000166.SZ,SZ_MAIN,2015-01-26,False,False,2026-09-24,2026-09-24,READY_INCREMENTAL,,sina_public_snapshot,2026-09-24,4.39,4.470013236941248,1.3236941247996016e-05
000301.SZ,SZ_MAIN,2000-05-29,False,False,2026-09-24,2026-09-24,READY_INCREMENTAL,,sina_public_snapshot,2026-09-24,13.36,13.730024150865834,2.4150865833405533e-05
000333.SZ,SZ_MAIN,2013-09-18,False,False,2026-09-24,2026-09-24,READY_INCREMENTAL,,sina_public_snapshot,2026-09-24,82.65,82.47021493144943,0.0002149314494346
000338.SZ,SZ_MAIN,2007-04-30,False,False,2026-09-24,2026-09-24,READY_INCREMENTAL,,sina_public_snapshot,2026-09-24,25.3,25.890033871941547,3.38719415466926e-05
000400.SZ,SZ_MAIN,1997-04-18,False,False,2026-09-24,2026-09-24,READY_INCREMENTAL,,sina_public_snapshot,2026-09-24,20.19,20.30002614168795,2.6141687950342885e-05
000401.SZ,SZ_MAIN,1996-06-14,False,False,2026-09-24,2026-09-24,READY_INCREMENTAL,,sina_public_snapshot,2026-09-24,3.55,3.6200110129912506,1.1012991250503036e-05
000402.SZ,SZ_MAIN,1996-06-26,False,False,2026-09-24,2026-09-24,READY_INCREMENTAL,,sina_public_snapshot,2026-09-24,2.63,2.700011292822898,1.1292822897690511e-05
000403.SZ,SZ_MAIN,1996-06-28,False,False,2026-09-24,2026-09-24,READY_INCREMENTAL,,sina_public_snapshot,2026-09-24,9.92,10.109966266140786,3.373385921356942e-05
000404.SZ,SZ_MAIN,1996-06-19,False,False,2026-09-24,2026-09-24,READY_INCREMENTAL,,sina_public_snapshot,2026-09-24,6.86,6.830016228755763,1.622875576323679e-05
000407.SZ,SZ_MAIN,1996-07-03,False,False,2026-09-24,2026-09-24,READY_INCREMENTAL,,sina_public_snapshot,2026-09-24,4.17,4.100012781814428,1.2781814428208804e-05
000408.SZ,SZ_MAIN,1996-06-28,False,False,2026-09-24,2026-09-24,READY_INCREMENTAL,,sina_public_snapshot,2026-09-24,71.46,73.8497788433715,0.0002211566284984
000409.SZ,SZ_MAIN,1996-06-27,False,False,2026-09-24,2026-09-24,READY_INCREMENTAL,,sina_public_snapshot,2026-09-24,8.84,8.95997405256383,2.5947436171236404e-05
000410.SZ,SZ_MAIN,1996-07-18,False,False,2026-09-24,2026-09-24,READY_INCREMENTAL,,sina_public_snapshot,2026-09-24,5.23,5.269999294646366,7.0535363327906e-07
000411.SZ,SZ_MAIN,1996-07-16,False,False,2026-09-24,2026-09-24,READY_INCREMENTAL,,sina_public_snapshot,2026-09-24,10.42,9.879961314546868,3.868545313245875e-05
000415.SZ,SZ_MAIN,1996-07-16,False,False,2026-09-24,2026-09-24,READY_INCREMENTAL,,sina_public_snapshot,2026-09-24,4.11,4.170006391980602,6.391980601705427e-06
000417.SZ,SZ_MAIN,1996-08-12,False,False,2026-09-24,2026-09-24,READY_INCREMENTAL,,sina_public_snapshot,2026-09-24,5.85,5.6899972765825,2.723417500405389e-06
000419.SZ,SZ_MAIN,1996-08-16,False,False,2026-09-24,2026-09-24,READY_INCREMENTAL,,sina_public_snapshot,2026-09-24,4.99,5.0,0.0
000420.SZ,SZ_MAIN,1996-08-02,False,False,2026-09-24,2026-09-24,READY_INCREMENTAL,,sina_public_snapshot,2026-09-24,3.57,3.5599964100876536,3.5899123465021887e-06
000421.SZ,SZ_MAIN,1996-08-06,False,False,2026-09-24,2026-09-24,READY_INCREMENTAL,,sina_public_snapshot,2026-09-24,5.69,5.69,0.0
000422.SZ,SZ_MAIN,1996-08-15,False,False,2026-09-24,2026-09-24,READY_INCREMENTAL,,sina_public_snapshot,2026-09-24,11.79,11.97002923976608,2.923976608038004e-05
000423.SZ,SZ_MAIN,1996-07-29,False,False,2026-09-24,2026-09-24,READY_INCREMENTAL,,sina_public_snapshot,2026-09-24,45.15,46.049813352915976,0.0001866470840212
000425.SZ,SZ_MAIN,1996-08-28,False,False,2026-09-24,2026-09-24,READY_INCREMENTAL,,sina_public_snapshot,2026-09-24,7.17,7.230009075325199,9.07532519889287e-06
000426.SZ,SZ_MAIN,1996-08-28,False,False,2026-09-24,2026-09-24,READY_INCREMENTAL,,sina_public_snapshot,2026-09-24,32.77,34.36991976506372,8.023493627717926e-05
000428.SZ,SZ_MAIN,1996-08-08,False,False,2026-09-24,2026-09-24,READY_INCREMENTAL,,sina_public_snapshot,2026-09-24,4.02,4.180010813958324,1.0813958324362716e-05
000429.SZ,SZ_MAIN,1998-02-20,False,False,2026-09-24,2026-09-24,READY_INCREMENTAL,,sina_public_snapshot,2026-09-24,12.5,12.580008856326236,8.856326235928691e-06
000430.SZ,SZ_MAIN,1996-08-29,False,False,2026-09-24,2026-09-24,READY_INCREMENTAL,,sina_public_snapshot,2026-09-24,6.84,7.000020467896105,2.0467896105103023e-05
000488.SZ,SZ_MAIN,2000-11-20,True,False,2026-09-24,2026-09-24,READY_INCREMENTAL,,sina_public_snapshot,2026-09-24,2.11,2.120006430351258,6.4303512576913135e-06
000498.SZ,SZ_MAIN,1997-06-09,False,False,2026-09-24,2026-09-24,READY_INCREMENTAL,,sina_public_snapshot,2026-09-24,5.65,5.140008369571151,8.369571150801391e-06
000501.SZ,SZ_MAIN,1992-11-20,False,False,2026-09-24,2026-09-24,READY_INCREMENTAL,,sina_public_snapshot,2026-09-24,7.09,7.160025044939508,2.504493950805653e-05
000503.SZ,SZ_MAIN,1992-11-30,False,False,2026-09-24,2026-09-24,READY_INCREMENTAL,,sina_public_snapshot,2026-09-24,6.76,6.869988516143456,1.1483856543925697e-05
000504.SZ,SZ_MAIN,1992-12-08,False,False,2026-09-24,2026-09-24,READY_INCREMENTAL,,sina_public_snapshot,2026-09-24,13.73,12.759985873868516,1.4126131484104576e-05
000505.SZ,SZ_MAIN,1992-12-21,False,False,2026-09-24,2026-09-24,READY_INCREMENTAL,,sina_public_snapshot,2026-09-24,6.36,6.5999750944336055,2.4905566394117784e-05
000506.SZ,SZ_MAIN,1993-03-12,False,False,2026-09-24,2026-09-24,READY_INCREMENTAL,,sina_public_snapshot,2026-09-24,17.48,18.099922340150144,7.765984985752539e-05
000507.SZ,SZ_MAIN,1993-03-26,False,False,2026-09-24,2026-09-24,READY_INCREMENTAL,,sina_public_snapshot,2026-09-24,4.93,4.949997991887225,2.0081127756199635e-06
000509.SZ,SZ_MAIN,1993-05-07,False,False,2026-09-24,2026-09-24,READY_INCREMENTAL,,sina_public_snapshot,2026-09-24,3.69,3.760011412500764,1.1412500764418354e-05
000510.SZ,SZ_MAIN,1993-05-07,False,False,2026-09-24,2026-09-24,READY_INCREMENTAL,,sina_public_snapshot,2026-09-24,18.55,19.2299718029524,2.8197047601707936e-05
000513.SZ,SZ_MAIN,1993-10-28,False,False,2026-09-24,2026-09-24,READY_INCREMENTAL,,sina_public_snapshot,2026-09-24,27.58,27.730019404980947,1.9404980946546857e-05
000514.SZ,SZ_MAIN,1993-07-12,False,False,2026-09-24,2026-09-24,READY_INCREMENTAL,,sina_public_snapshot,2026-09-24,4.35,4.39998381615148,1.618384851997945e-05
000516.SZ,SZ_MAIN,1993-08-09,False,False,2026-09-24,2026-09-24,READY_INCREMENTAL,,sina_public_snapshot,2026-09-24,4.3,4.269982026354726,1.7973645273450245e-05
000517.SZ,SZ_MAIN,1993-08-06,False,False,2026-09-24,2026-09-24,READY_INCREMENTAL,,sina_public_snapshot,2026-09-24,2.0,2.0100098490482603,9.849048260512916e-06
000518.SZ,SZ_MAIN,1993-09-08,False,False,2026-09-24,2026-09-24,READY_INCREMENTAL,,sina_public_snapshot,2026-09-24,3.67,3.6800096261832183,9.626183218536257e-06
000519.SZ,SZ_MAIN,1993-10-08,False,False,2026-09-24,2026-09-24,READY_INCREMENTAL,,sina_public_snapshot,2026-09-24,14.79,15.010047293320072,4.729332007258336e-05
000520.SZ,SZ_MAIN,1993-10-25,False,False,2026-09-24,2026-09-24,READY_INCREMENTAL,,sina_public_snapshot,2026-09-24,4.07,4.019991308126902,8.691873097710356e-06
000521.SZ,SZ_MAIN,1993-10-18,False,False,2026-09-24,2026-09-24,READY_INCREMENTAL,,sina_public_snapshot,2026-09-24,4.33,4.400004064668882,4.064668881476052e-06
000523.SZ,SZ_MAIN,1993-11-08,False,False,2026-09-24,2026-09-24,READY_INCREMENTAL,,sina_public_snapshot,2026-09-24,3.29,3.4199939708312974,6.029168702514909e-06
000524.SZ,SZ_MAIN,1993-11-18,False,False,2026-09-24,2026-09-24,READY_INCREMENTAL,,sina_public_snapshot,2026-09-24,8.93,8.989963053567292,3.6946432707907206e-05
000525.SZ,SZ_MAIN,1993-10-28,False,False,2026-09-24,2026-09-24,READY_INCREMENTAL,,sina_public_snapshot,2026-09-24,4.47,4.540006906498202,6.9064982017863485e-06
000526.SZ,SZ_MAIN,1993-11-01,False,False,2026-09-24,2026-09-24,READY_INCREMENTAL,,sina_public_snapshot,2026-09-24,36.26,36.15983725081525,0.0001627491847528
000528.SZ,SZ_MAIN,1993-11-18,False,False,2026-09-24,2026-09-24,READY_INCREMENTAL,,sina_public_snapshot,2026-09-24,7.5,7.60996397950383,3.602049617068559e-05
000529.SZ,SZ_MAIN,1993-11-18,False,False,2026-09-24,2026-09-24,READY_INCREMENTAL,,sina_public_snapshot,2026-09-24,4.97,4.959980838705815,1.916129418511048e-05
000530.SZ,SZ_MAIN,1993-12-08,False,False,2026-09-24,2026-09-24,READY_INCREMENTAL,,sina_public_snapshot,2026-09-24,5.2,5.18000518000518,5.180005180349667e-06
000531.SZ,SZ_MAIN,1994-01-06,False,False,2026-09-24,2026-09-24,READY_INCREMENTAL,,sina_public_snapshot,2026-09-24,5.54,5.599975740177299,2.4259822700933853e-05
000532.SZ,SZ_MAIN,1994-01-03,False,False,2026-09-24,2026-09-24,READY_INCREMENTAL,,sina_public_snapshot,2026-09-24,12.87,13.500047202962246,4.7202962246473135e-05
000533.SZ,SZ_MAIN,1994-01-03,False,False,2026-09-24,2026-09-24,READY_INCREMENTAL,,sina_public_snapshot,2026-09-24,10.34,10.440015347024495,1.534702449568215e-05
000534.SZ,SZ_MAIN,1994-01-10,False,False,2026-09-24,2026-09-24,READY_INCREMENTAL,,sina_public_snapshot,2026-09-24,22.64,22.920083419384884,8.341938488243272e-05
000536.SZ,SZ_MAIN,1993-11-26,False,False,2026-09-24,2026-09-24,READY_INCREMENTAL,,sina_public_snapshot,2026-09-24,3.49,3.510007040128734,7.040128734203677e-06
000537.SZ,SZ_MAIN,1993-12-10,False,False,2026-09-24,2026-09-24,READY_INCREMENTAL,,sina_public_snapshot,2026-09-24,7.3,7.340003016439595,3.0164395949938694e-06
000538.SZ,SZ_MAIN,1993-12-15,False,False,2026-09-24,2026-09-24,REPAIRED_FULL_HISTORY,QFQ_CONTINUITY_BREAK,sina_daily,2026-09-24,49.87,50.31985954432627,1.040140455673729
000539.SZ,SZ_MAIN,1993-11-26,False,False,2026-09-24,2026-09-24,READY_INCREMENTAL,,sina_public_snapshot,2026-09-24,4.95,5.0199785002941,2.1499705900041025e-05
000541.SZ,SZ_MAIN,1993-11-23,False,False,2026-09-24,2026-09-24,READY_INCREMENTAL,,sina_public_snapshot,2026-09-24,4.9,4.91001643352439,1.643352439018031e-05
000543.SZ,SZ_MAIN,1993-12-20,False,False,2026-09-24,2026-09-24,READY_INCREMENTAL,,sina_public_snapshot,2026-09-24,7.15,7.15,0.0
000544.SZ,SZ_MAIN,1993-12-08,False,False,2026-09-24,2026-09-24,READY_INCREMENTAL,,sina_public_snapshot,2026-09-24,7.16,7.200032178914766,3.217891476570145e-05
000545.SZ,SZ_MAIN,1993-12-15,False,False,2026-09-24,2026-09-24,READY_INCREMENTAL,,sina_public_snapshot,2026-09-24,2.17,2.17,0.0
000546.SZ,SZ_MAIN,1993-12-15,False,False,2026-09-24,2026-09-24,READY_INCREMENTAL,,sina_public_snapshot,2026-09-24,4.35,4.370014667175664,1.4667175664229148e-05
000547.SZ,SZ_MAIN,1993-11-30,False,False,2026-09-24,2026-09-24,READY_INCREMENTAL,,sina_public_snapshot,2026-09-24,14.56,14.31000422616883,4.226168830001598e-06
000548.SZ,SZ_MAIN,1993-12-20,False,False,2026-09-24,2026-09-24,READY_INCREMENTAL,,sina_public_snapshot,2026-09-24,4.58,4.58,0.0
000550.SZ,SZ_MAIN,1993-12-01,False,False,2026-09-24,2026-09-24,READY_INCREMENTAL,,sina_public_snapshot,2026-09-24,15.99,16.260079927597392,7.992759739039457e-05
000551.SZ,SZ_MAIN,1994-01-06,False,False,2026-09-24,2026-09-24,READY_INCREMENTAL,,sina_public_snapshot,2026-09-24,12.14,12.33000538295128,5.382951279386816e-06
000552.SZ,SZ_MAIN,1994-01-06,False,False,2026-09-24,2026-09-24,READY_INCREMENTAL,,sina_public_snapshot,2026-09-24,2.47,2.459987849452728,1.2150547272327117e-05
000553.SZ,SZ_MAIN,1993-12-03,False,False,2026-09-24,2026-09-24,READY_INCREMENTAL,,sina_public_snapshot,2026-09-24,5.46,5.46,0.0
000554.SZ,SZ_MAIN,1993-12-15,False,False,2026-09-24,2026-09-24,READY_INCREMENTAL,,sina_public_snapshot,2026-09-24,6.26,6.22997153719074,2.8462809260609845e-05
000555.SZ,SZ_MAIN,1994-04-08,False,False,2026-09-24,2026-09-24,READY_INCREMENTAL,,sina_public_snapshot,2026-09-24,9.99,11.009962969493918,3.703050608194758e-05
000557.SZ,SZ_MAIN,1994-06-17,False,False,2026-09-24,2026-09-24,READY_INCREMENTAL,,sina_public_snapshot,2026-09-24,3.62,3.639983509466974,1.6490533026214393e-05
000558.SZ,SZ_MAIN,1994-05-09,False,False,2026-09-24,2026-09-24,READY_INCREMENTAL,,sina_public_snapshot,2026-09-24,3.57,3.6099987865550296,1.213444970282751e-06
000559.SZ,SZ_MAIN,1994-01-10,False,False,2026-09-24,2026-09-24,READY_INCREMENTAL,,sina_public_snapshot,2026-09-24,11.1,11.16004102069132,4.10206913201705e-05
000560.SZ,SZ_MAIN,1994-02-02,False,False,2026-09-24,2026-09-24,READY_INCREMENTAL,,sina_public_snapshot,2026-09-24,3.66,3.859985867811304,1.4132188696169834e-05
000561.SZ,SZ_MAIN,1994-05-09,False,False,2026-09-24,2026-09-24,READY_INCREMENTAL,,sina_public_snapshot,2026-09-24,7.68,7.739984882842026,1.5117157974309237e-05
000563.SZ,SZ_MAIN,1994-01-10,False,False,2026-09-24,2026-09-24,READY_INCREMENTAL,,sina_public_snapshot,2026-09-24,2.88,2.910002121876547,2.1218765469122047e-06
000564.SZ,SZ_MAIN,1994-01-10,False,False,2026-09-24,2026-09-24,READY_INCREMENTAL,,sina_public_snapshot,2026-09-24,1.48,1.48,0.0
000565.SZ,SZ_MAIN,1994-04-08,False,False,2026-09-24,2026-09-24,READY_INCREMENTAL,,sina_public_snapshot,2026-09-24,6.43,6.6099900284753845,9.97152461579276e-06
000566.SZ,SZ_MAIN,1994-05-25,False,False,2026-09-24,2026-09-24,READY_INCREMENTAL,,sina_public_snapshot,2026-09-24,4.69,4.8000163753223895,1.637532238962791e-05
000567.SZ,SZ_MAIN,1994-05-25,False,False,2026-09-24,2026-09-24,READY_INCREMENTAL,,sina_public_snapshot,2026-09-24,5.9,6.000020339051997,2.0339051997275703e-05
000568.SZ,SZ_MAIN,1994-05-09,False,False,2026-09-24,2026-09-24,READY_INCREMENTAL,,sina_public_snapshot,2026-09-24,70.65,72.11023220209238,0.000232202092377
000570.SZ,SZ_MAIN,1994-07-01,False,False,2026-09-24,2026-09-24,READY_INCREMENTAL,,sina_public_snapshot,2026-09-24,5.28,5.260011954572624,1.1954572624262028e-05
000571.SZ,SZ_MAIN,1994-05-25,False,False,2026-09-24,2026-09-24,READY_INCREMENTAL,,sina_public_snapshot,2026-09-24,6.69,6.729976057783232,2.394221676826902e-05
000572.SZ,SZ_MAIN,1994-08-08,False,False,2026-09-24,2026-09-24,READY_INCREMENTAL,,sina_public_snapshot,2026-09-24,3.88,4.020017199042655,1.7199042655846597e-05
000573.SZ,SZ_MAIN,1994-08-15,False,False,2026-09-24,2026-09-24,READY_INCREMENTAL,,sina_public_snapshot,2026-09-24,3.78,3.78,0.0
000576.SZ,SZ_MAIN,1994-09-07,False,False,2026-09-24,2026-09-24,READY_INCREMENTAL,,sina_public_snapshot,2026-09-24,8.27,8.339972368168937,2.763183106324618e-05
000581.SZ,SZ_MAIN,1998-09-24,False,False,2026-09-24,2026-09-24,READY_INCREMENTAL,,sina_public_snapshot,2026-09-24,18.1,18.159927761613325,7.22383866751386e-05
000582.SZ,SZ_MAIN,1995-11-02,False,False,2026-09-24,2026-09-24,READY_INCREMENTAL,,sina_public_snapshot,2026-09-24,9.11,9.39001010121833,1.010121832933919e-05
000586.SZ,SZ_MAIN,1995-12-20,False,False,2026-09-24,2026-09-24,READY_INCREMENTAL,,sina_public_snapshot,2026-09-24,13.41,13.620020719494606,2.07194946071354e-05
000589.SZ,SZ_MAIN,1996-03-08,False,False,2026-09-24,2026-09-24,READY_INCREMENTAL,,sina_public_snapshot,2026-09-24,4.2,4.220002813335209,2.813335209239653e-06
000590.SZ,SZ_MAIN,1996-01-19,False,False,2026-09-24,2026-09-24,READY_INCREMENTAL,,sina_public_snapshot,2026-09-24,8.97,9.050002017837686,2.0178376853863256e-06
000591.SZ,SZ_MAIN,1996-02-08,False,False,2026-09-24,2026-09-24,READY_INCREMENTAL,,sina_public_snapshot,2026-09-24,4.16,4.199983846215976,1.6153784024197648e-05
000592.SZ,SZ_MAIN,1996-03-27,False,False,2026-09-24,2026-09-24,READY_INCREMENTAL,,sina_public_snapshot,2026-09-24,8.78,7.980004544421722,4.544421721597303e-06
000593.SZ,SZ_MAIN,1996-03-12,False,False,2026-09-24,2026-09-24,READY_INCREMENTAL,,sina_public_snapshot,2026-09-24,21.77,24.18996399839993,3.600160007266595e-05
000595.SZ,SZ_MAIN,1996-04-19,False,False,2026-09-24,2026-09-24,READY_INCREMENTAL,,sina_public_snapshot,2026-09-24,5.49,5.6099978540991815,2.145900818817381e-06
000596.SZ,SZ_MAIN,1996-09-27,False,False,2026-09-24,2026-09-24,READY_INCREMENTAL,,sina_public_snapshot,2026-09-24,91.66,96.80008448621818,8.448621818502033e-05
000597.SZ,SZ_MAIN,1996-05-23,False,False,2026-09-24,2026-09-24,READY_INCREMENTAL,,sina_public_snapshot,2026-09-24,4.71,4.779978890963709,2.1109036291377947e-05
000598.SZ,SZ_MAIN,1996-05-29,False,False,2026-09-24,2026-09-24,READY_INCREMENTAL,,sina_public_snapshot,2026-09-24,7.05,7.060025235834885,2.523583488578396e-05
000599.SZ,SZ_MAIN,1996-04-30,False,False,2026-09-24,2026-09-24,READY_INCREMENTAL,,sina_public_snapshot,2026-09-24,4.45,4.480016107923085,1.610792308426312e-05
000600.SZ,SZ_MAIN,1996-06-06,False,False,2026-09-24,2026-09-24,READY_INCREMENTAL,,sina_public_snapshot,2026-09-24,7.08,7.209996232064116,3.7679358841913313e-06
000601.SZ,SZ_MAIN,1996-08-30,False,False,2026-09-24,2026-09-24,READY_INCREMENTAL,,sina_public_snapshot,2026-09-24,6.0,6.009976561091412,2.343890858824693e-05
000603.SZ,SZ_MAIN,1996-08-23,False,False,2026-09-24,2026-09-24,READY_INCREMENTAL,,sina_public_snapshot,2026-09-24,32.12,33.77994657467976,5.34253202388868e-05
000605.SZ,SZ_MAIN,1996-09-13,False,False,2026-09-24,2026-09-24,READY_INCREMENTAL,,sina_public_snapshot,2026-09-24,5.95,5.880027670718451,2.767071845077851e-05
000607.SZ,SZ_MAIN,1996-08-30,False,False,2026-09-24,2026-09-24,READY_INCREMENTAL,,sina_public_snapshot,2026-09-24,4.03,4.480017786671114,1.778667111373977e-05
000608.SZ,SZ_MAIN,1996-09-19,False,False,2026-09-24,2026-09-24,READY_INCREMENTAL,,sina_public_snapshot,2026-09-24,7.19,7.000019471542342,1.9471542342053283e-05
000609.SZ,SZ_MAIN,1996-10-10,True,False,2026-09-24,2026-09-24,READY_INCREMENTAL,,sina_public_snapshot,2026-09-24,9.94,10.00996968811996,3.0311880040656547e-05
000610.SZ,SZ_MAIN,1996-09-26,True,False,2026-09-24,2026-09-24,READY_INCREMENTAL,,sina_public_snapshot,2026-09-24,7.4,7.570022710068131,2.271006813092669e-05
000612.SZ,SZ_MAIN,1996-09-26,False,False,2026-09-24,2026-09-24,READY_INCREMENTAL,,sina_public_snapshot,2026-09-24,10.71,10.939957915381315,4.208461868238089e-05
000615.SZ,SZ_MAIN,1996-10-16,True,False,2026-09-24,2026-09-24,READY_INCREMENTAL,,sina_public_snapshot,2026-09-24,3.2,3.219996176254541,3.8237454593748055e-06
000617.SZ,SZ_MAIN,1996-10-22,False,False,2026-09-24,2026-09-24,READY_INCREMENTAL,,sina_public_snapshot,2026-09-24,6.67,6.749987350098669,1.2649901330874512e-05
000619.SZ,SZ_MAIN,1996-10-23,False,False,2026-09-24,2026-09-24,READY_INCREMENTAL,,sina_public_snapshot,2026-09-24,5.23,5.25000250956143,2.509561429775431e-06
000620.SZ,SZ_MAIN,1996-10-29,False,False,2026-09-24,2026-09-24,READY_INCREMENTAL,,sina_public_snapshot,2026-09-24,3.13,3.279994131639892,5.868360107630366e-06
000623.SZ,SZ_MAIN,1996-10-28,False,False,2026-09-24,2026-09-24,READY_INCREMENTAL,,sina_public_snapshot,2026-09-24,17.48,17.729992899888426,7.10011157423196e-06
000625.SZ,SZ_MAIN,1997-06-10,False,False,2026-09-24,2026-09-24,READY_INCREMENTAL,,sina_public_snapshot,2026-09-24,7.03,7.119996759034192,3.2409658077270365e-06
000626.SZ,SZ_MAIN,1996-11-28,False,False,2026-09-24,2026-09-24,READY_INCREMENTAL,,sina_public_snapshot,2026-09-24,8.96,9.370032627792186,3.26277921871565e-05
000628.SZ,SZ_MAIN,1996-11-18,False,False,2026-09-24,2026-09-24,READY_INCREMENTAL,,sina_public_snapshot,2026-09-24,57.78,59.47014141913173,0.0001414191317294
000629.SZ,SZ_MAIN,1996-11-15,False,False,2026-09-24,2026-09-24,READY_INCREMENTAL,,sina_public_snapshot,2026-09-24,2.83,2.8899963236795885,3.6763204116496695e-06
000630.SZ,SZ_MAIN,1996-11-20,False,False,2026-09-24,2026-09-24,READY_INCREMENTAL,,sina_public_snapshot,2026-09-24,5.89,6.119989193907025,1.0806092975101931e-05
000631.SZ,SZ_MAIN,1996-11-22,False,False,2026-09-24,2026-09-24,READY_INCREMENTAL,,sina_public_snapshot,2026-09-24,3.0,3.0499893250373624,1.067496263740253e-05
000632.SZ,SZ_MAIN,1996-11-21,True,False,2026-09-24,2026-09-24,READY_INCREMENTAL,,sina_public_snapshot,2026-09-24,3.75,3.710006133876808,6.1338768078123e-06
000633.SZ,SZ_MAIN,1996-11-12,False,False,2026-09-24,2026-09-24,READY_INCREMENTAL,,sina_public_snapshot,2026-09-24,5.25,5.239991616013414,8.383986585869252e-06
000635.SZ,SZ_MAIN,1996-11-20,False,False,2026-09-24,2026-09-24,READY_INCREMENTAL,,sina_public_snapshot,2026-09-24,7.49,7.440003178639542,3.178639541800976e-06
000636.SZ,SZ_MAIN,1996-11-29,False,False,2026-09-24,2026-09-24,READY_INCREMENTAL,,sina_public_snapshot,2026-09-24,56.02,58.740261510553744,0.0002615105537415
000637.SZ,SZ_MAIN,1996-11-14,False,False,2026-09-24,2026-09-24,READY_INCREMENTAL,,sina_public_snapshot,2026-09-24,4.22,4.160012618047751,1.2618047750656558e-05
000639.SZ,SZ_MAIN,1996-11-26,True,False,2026-09-24,2026-09-24,READY_INCREMENTAL,,sina_public_snapshot,2026-09-24,1.53,1.53,0.0
000650.SZ,SZ_MAIN,1996-12-10,False,False,2026-09-24,2026-09-24,READY_INCREMENTAL,,sina_public_snapshot,2026-09-24,5.13,5.189996357897293,3.642102707424044e-06
000651.SZ,SZ_MAIN,1996-11-18,False,False,2026-09-24,2026-09-24,READY_INCREMENTAL,,sina_public_snapshot,2026-09-24,38.5,38.359986050914166,1.394908583307597e-05
000652.SZ,SZ_MAIN,1996-11-28,False,False,2026-09-24,2026-09-24,READY_INCREMENTAL,,sina_public_snapshot,2026-09-24,3.31,3.3300133804163017,1.3380416301611577e-05
000655.SZ,SZ_MAIN,1996-11-28,False,False,2026-09-24,2026-09-24,READY_INCREMENTAL,,sina_public_snapshot,2026-09-24,7.1,7.149978348657113,2.1651342887452078e-05
000656.SZ,SZ_MAIN,1996-11-28,False,False,2026-09-24,2026-09-24,READY_INCREMENTAL,,sina_public_snapshot,2026-09-24,1.23,1.2600006146344462,6.146344462276687e-07
000657.SZ,SZ_MAIN,1996-12-05,False,False,2026-09-24,2026-09-24,READY_INCREMENTAL,,sina_public_snapshot,2026-09-24,57.18,59.16008815039368,8.815039367959798e-05
000659.SZ,SZ_MAIN,1996-12-03,False,False,2026-09-24,2026-09-24,READY_INCREMENTAL,,sina_public_snapshot,2026-09-24,2.7,2.7099998996296333,1.0037036668464341e-07
000661.SZ,SZ_MAIN,1996-12-18,False,False,2026-09-24,2026-09-24,READY_INCREMENTAL,,sina_public_snapshot,2026-09-24,70.85,73.24965882304288,0.0003411769571215
000663.SZ,SZ_MAIN,1996-12-06,False,False,2026-09-24,2026-09-24,READY_INCREMENTAL,,sina_public_snapshot,2026-09-24,6.08,5.919982863207502,1.713679249792932e-05
000665.SZ,SZ_MAIN,1996-12-10,False,False,2026-09-24,2026-09-24,READY_INCREMENTAL,,sina_public_snapshot,2026-09-24,4.08,4.040003960788197,3.960788196977205e-06
000668.SZ,SZ_MAIN,1996-12-10,False,False,2026-09-24,2026-09-24,READY_INCREMENTAL,,sina_public_snapshot,2026-09-24,18.35,17.439981752171686,1.824782831505445e-05
000669.SZ,SZ_MAIN,1996-12-10,True,False,2026-09-24,2026-09-24,READY_INCREMENTAL,,sina_public_snapshot,2026-09-24,4.2,4.2,0.0
000670.SZ,SZ_MAIN,1996-12-17,False,False,2026-09-24,2026-09-24,READY_INCREMENTAL,,sina_public_snapshot,2026-09-24,7.93,7.560012965469903,1.296546990303682e-05
000672.SZ,SZ_MAIN,1996-12-18,False,False,2026-09-24,2026-09-24,READY_INCREMENTAL,,sina_public_snapshot,2026-09-24,15.56,15.459973968424295,2.603157570568726e-05
000676.SZ,SZ_MAIN,1996-12-24,False,False,2026-09-24,2026-09-24,READY_INCREMENTAL,,sina_public_snapshot,2026-09-24,6.8,7.250007996332348,7.99633234827013e-06
000677.SZ,SZ_MAIN,1996-12-26,True,False,2026-09-24,2026-09-24,READY_INCREMENTAL,,sina_public_snapshot,2026-09-24,1.8,1.7699985250012291,1.4749987709006265e-06
000678.SZ,SZ_MAIN,1997-01-06,False,False,2026-09-24,2026-09-24,READY_INCREMENTAL,,sina_public_snapshot,2026-09-24,9.68,8.799999999999999,1.7763568394002505e-15
000679.SZ,SZ_MAIN,1997-01-24,False,False,2026-09-24,2026-09-24,READY_INCREMENTAL,,sina_public_snapshot,2026-09-24,6.48,6.489994591671174,5.408328826561615e-06
000680.SZ,SZ_MAIN,1997-01-22,False,False,2026-09-24,2026-09-24,READY_INCREMENTAL,,sina_public_snapshot,2026-09-24,9.04,9.279980290307346,1.9709692653080424e-05
000681.SZ,SZ_MAIN,1997-01-21,False,False,2026-09-24,2026-09-24,READY_INCREMENTAL,,sina_public_snapshot,2026-09-24,15.96,16.239977207049535,2.279295046392349e-05
000682.SZ,SZ_MAIN,1997-01-21,False,False,2026-09-24,2026-09-24,READY_INCREMENTAL,,sina_public_snapshot,2026-09-24,10.4,10.640039286298904,3.928629890381785e-05
000683.SZ,SZ_MAIN,1997-01-31,False,False,2026-09-24,2026-09-24,READY_INCREMENTAL,,sina_public_snapshot,2026-09-24,5.54,5.619972204469602,2.7795530398222468e-05
000685.SZ,SZ_MAIN,1997-01-23,False,False,2026-09-24,2026-09-24,READY_INCREMENTAL,,sina_public_snapshot,2026-09-24,10.81,10.850036635183828,3.6635183828792606e-05
000686.SZ,SZ_MAIN,1997-02-27,False,False,2026-09-24,2026-09-24,READY_INCREMENTAL,,sina_public_snapshot,2026-09-24,7.64,7.740000810471289,8.10471289192094e-07
000688.SZ,SZ_MAIN,1997-01-20,False,False,2026-09-24,2026-09-24,READY_INCREMENTAL,,sina_public_snapshot,2026-09-24,24.94,25.539933026799524,6.697320047521771e-05
000690.SZ,SZ_MAIN,1997-01-28,False,False,2026-09-24,2026-09-24,READY_INCREMENTAL,,sina_public_snapshot,2026-09-24,5.06,5.019990674325625,9.325674374949244e-06
000691.SZ,SZ_MAIN,1997-02-28,False,False,2026-09-24,2026-09-24,READY_INCREMENTAL,,sina_public_snapshot,2026-09-24,9.08,9.279983647605906,1.635239409303324e-05
000692.SZ,SZ_MAIN,1997-02-27,False,False,2026-09-24,2026-09-24,READY_INCREMENTAL,,sina_public_snapshot,2026-09-24,4.12,4.12,0.0
000695.SZ,SZ_MAIN,1997-02-18,False,False,2026-09-24,2026-09-24,READY_INCREMENTAL,,sina_public_snapshot,2026-09-24,12.71,12.909975520817463,2.4479182537007205e-05
000697.SZ,SZ_MAIN,1997-03-25,False,False,2026-09-24,2026-09-24,READY_INCREMENTAL,,sina_public_snapshot,2026-09-24,8.91,9.069994706624865,5.293375137327416e-06
000698.SZ,SZ_MAIN,1997-02-20,True,False,2026-09-24,2026-09-24,READY_INCREMENTAL,,sina_public_snapshot,2026-09-24,3.66,3.6300160672842328,1.6067284232867962e-05
000700.SZ,SZ_MAIN,1997-02-28,False,False,2026-09-24,2026-09-24,READY_INCREMENTAL,,sina_public_snapshot,2026-09-24,12.47,12.059961315280464,3.8684719536163925e-05
000701.SZ,SZ_MAIN,1997-02-26,False,False,2026-09-24,2026-09-24,READY_INCREMENTAL,,sina_public_snapshot,2026-09-24,5.46,5.129987879698965,1.2120301034812542e-05
000702.SZ,SZ_MAIN,1997-03-18,False,False,2026-09-24,2026-09-24,READY_INCREMENTAL,,sina_public_snapshot,2026-09-24,5.69,5.669984953115502,1.5046884497493808e-05
000703.SZ,SZ_MAIN,1997-03-28,False,False,2026-09-24,2026-09-24,READY_INCREMENTAL,,sina_public_snapshot,2026-09-24,17.24,17.39007635897798,7.635897797797497e-05
000705.SZ,SZ_MAIN,1997-04-10,False,False,2026-09-24,2026-09-24,READY_INCREMENTAL,,sina_public_snapshot,2026-09-24,7.02,7.009975734699379,2.4265300620385236e-05
000707.SZ,SZ_MAIN,1997-04-15,False,False,2026-09-24,2026-09-24,READY_INCREMENTAL,,sina_public_snapshot,2026-09-24,4.57,4.49998030643192,1.9693568080292323e-05
000708.SZ,SZ_MAIN,1997-03-26,False,False,2026-09-24,2026-09-24,READY_INCREMENTAL,,sina_public_snapshot,2026-09-24,12.92,12.960046543820406,4.6543820404920666e-05
000709.SZ,SZ_MAIN,1997-04-16,False,False,2026-09-24,2026-09-24,READY_INCREMENTAL,,sina_public_snapshot,2026-09-24,2.01,2.029995455234056,4.544765944469731e-06
000710.SZ,SZ_MAIN,1997-04-22,False,False,2026-09-24,2026-09-24,READY_INCREMENTAL,,sina_public_snapshot,2026-09-24,11.01,10.01000090917356,9.091735595490036e-07
000711.SZ,SZ_MAIN,1997-04-11,False,False,2026-09-24,2026-09-24,READY_INCREMENTAL,,sina_public_snapshot,2026-09-24,4.82,4.82,0.0
000712.SZ,SZ_MAIN,1997-04-15,False,False,2026-09-24,2026-09-24,READY_INCREMENTAL,,sina_public_snapshot,2026-09-24,9.98,10.279969510310872,3.0489689127222164e-05
000713.SZ,SZ_MAIN,1997-04-22,False,False,2026-09-24,2026-09-24,READY_INCREMENTAL,,sina_public_snapshot,2026-09-24,6.35,6.590008094813093,8.094813092718312e-06
000715.SZ,SZ_MAIN,1997-05-08,False,False,2026-09-24,2026-09-24,READY_INCREMENTAL,,sina_public_snapshot,2026-09-24,5.3,5.3,0.0
000716.SZ,SZ_MAIN,1997-04-18,False,False,2026-09-24,2026-09-24,READY_INCREMENTAL,,sina_public_snapshot,2026-09-24,4.97,5.009979637507308,2.0362492691994305e-05
000717.SZ,SZ_MAIN,1997-05-08,False,False,2026-09-24,2026-09-24,READY_INCREMENTAL,,sina_public_snapshot,2026-09-24,2.13,2.1499949530634903,5.046936509600641e-06
000718.SZ,SZ_MAIN,1997-04-08,False,False,2026-09-24,2026-09-24,READY_INCREMENTAL,,sina_public_snapshot,2026-09-24,2.04,2.0699942161926312,5.783807368597849e-06
000719.SZ,SZ_MAIN,1997-03-31,False,False,2026-09-24,2026-09-24,READY_INCREMENTAL,,sina_public_snapshot,2026-09-24,12.09,12.210024541240394,2.4541240392750296e-05
000720.SZ,SZ_MAIN,1997-05-09,False,False,2026-09-24,2026-09-24,READY_INCREMENTAL,,sina_public_snapshot,2026-09-24,3.62,3.6500030248643855,3.0248643856367607e-06
000721.SZ,SZ_MAIN,1997-04-30,False,False,2026-09-24,2026-09-24,READY_INCREMENTAL,,sina_public_snapshot,2026-09-24,6.13,6.27000930784416,9.307844160311164e-06
000722.SZ,SZ_MAIN,1997-05-22,False,False,2026-09-24,2026-09-24,READY_INCREMENTAL,,sina_public_snapshot,2026-09-24,13.29,13.459999797441688,2.0255831323368056e-07
000723.SZ,SZ_MAIN,1997-05-15,False,False,2026-09-24,2026-09-24,READY_INCREMENTAL,,sina_public_snapshot,2026-09-24,3.52,3.52,0.0
000725.SZ,SZ_MAIN,2001-01-12,False,False,2026-09-24,2026-09-24,READY_INCREMENTAL,,sina_public_snapshot,2026-09-24,5.85,6.0200049394912325,4.939491232924809e-06
000726.SZ,SZ_MAIN,2000-12-25,False,False,2026-09-24,2026-09-24,READY_INCREMENTAL,,sina_public_snapshot,2026-09-24,6.07,6.019974015927641,2.598407235865352e-05
000727.SZ,SZ_MAIN,1997-05-20,False,False,2026-09-24,2026-09-24,READY_INCREMENTAL,,sina_public_snapshot,2026-09-24,2.17,2.2000081106289797,8.110628979096646e-06
000728.SZ,SZ_MAIN,1997-06-16,False,False,2026-09-24,2026-09-24,READY_INCREMENTAL,,sina_public_snapshot,2026-09-24,7.29,7.40996737174861,3.262825138961034e-05
000729.SZ,SZ_MAIN,1997-07-16,False,False,2026-09-24,2026-09-24,READY_INCREMENTAL,,sina_public_snapshot,2026-09-24,10.78,11.0,0.0
000731.SZ,SZ_MAIN,1997-06-17,False,False,2026-09-24,2026-09-24,READY_INCREMENTAL,,sina_public_snapshot,2026-09-24,7.94,8.180001236272227,1.2362722277003968e-06
000733.SZ,SZ_MAIN,1997-07-03,False,False,2026-09-24,2026-09-24,READY_INCREMENTAL,,sina_public_snapshot,2026-09-24,40.9,41.4001133695036,0.0001133695036017
000735.SZ,SZ_MAIN,1997-06-11,False,False,2026-09-24,2026-09-24,READY_INCREMENTAL,,sina_public_snapshot,2026-09-24,5.64,5.800022624201725,2.2624201725385262e-05
000736.SZ,SZ_MAIN,1997-04-25,False,False,2026-09-24,2026-09-24,READY_INCREMENTAL,,sina_public_snapshot,2026-09-24,4.6,4.7400201966077935,2.0196607793288024e-05
000737.SZ,SZ_MAIN,1997-04-28,False,False,2026-09-24,2026-09-24,READY_INCREMENTAL,,sina_public_snapshot,2026-09-24,13.96,14.8200048833827,4.883382699105709e-06
000738.SZ,SZ_MAIN,1997-06-26,False,False,2026-09-24,2026-09-24,READY_INCREMENTAL,,sina_public_snapshot,2026-09-24,18.81,19.18996123240155,3.876759845056199e-05
000739.SZ,SZ_MAIN,1997-05-09,False,False,2026-09-24,2026-09-24,READY_INCREMENTAL,,sina_public_snapshot,2026-09-24,25.3,25.32000280221375,2.8022137499306154e-06
000750.SZ,SZ_MAIN,1997-07-09,False,False,2026-09-24,2026-09-24,READY_INCREMENTAL,,sina_public_snapshot,2026-09-24,3.61,3.6599955390636087,4.460936391392778e-06
000751.SZ,SZ_MAIN,1997-06-26,False,False,2026-09-24,2026-09-24,READY_INCREMENTAL,,sina_public_snapshot,2026-09-24,4.45,4.57997982750458,2.0172495419856773e-05
000752.SZ,SZ_MAIN,1997-06-25,True,False,2026-09-24,2026-09-24,READY_INCREMENTAL,,sina_public_snapshot,2026-09-24,8.96,8.729965411409363,3.458859063698583e-05
000753.SZ,SZ_MAIN,1997-06-26,False,False,2026-09-24,2026-09-24,READY_INCREMENTAL,,sina_public_snapshot,2026-09-24,5.35,4.860013444523173,1.3444523172978506e-05
000755.SZ,SZ_MAIN,1997-06-27,False,False,2026-09-24,2026-09-24,READY_INCREMENTAL,,sina_public_snapshot,2026-09-24,4.66,4.6400015931335945,1.5931335948238257e-06
000756.SZ,SZ_MAIN,1997-08-06,False,False,2026-09-24,2026-09-24,READY_INCREMENTAL,,sina_public_snapshot,2026-09-24,13.92,14.52996805912194,3.1940878059799616e-05
000757.SZ,SZ_MAIN,1997-06-27,False,False,2026-09-24,2026-09-24,READY_INCREMENTAL,,sina_public_snapshot,2026-09-24,4.3,4.340014937725832,1.4937725832275817e-05
000758.SZ,SZ_MAIN,1997-04-16,False,False,2026-09-24,2026-09-24,READY_INCREMENTAL,,sina_public_snapshot,2026-09-24,5.8,5.990002891725534,2.891725533693545e-06
000759.SZ,SZ_MAIN,1997-05-19,False,False,2026-09-24,2026-09-24,READY_INCREMENTAL,,sina_public_snapshot,2026-09-24,6.39,6.520008979042099,8.979042099177548e-06
000761.SZ,SZ_MAIN,1998-01-15,False,False,2026-09-24,2026-09-24,READY_INCREMENTAL,,sina_public_snapshot,2026-09-24,2.21,2.2199899547965845,1.0045203415742776e-05
000762.SZ,SZ_MAIN,1997-07-08,False,False,2026-09-24,2026-09-24,REPAIRED_FULL_HISTORY,QFQ_CONTINUITY_BREAK,sina_daily,2026-09-24,20.95,21.43990175510413,0.100098244895868
000766.SZ,SZ_MAIN,1997-04-30,False,False,2026-09-24,2026-09-24,READY_INCREMENTAL,,sina_public_snapshot,2026-09-24,15.19,15.429935496978008,6.450302199212388e-05
000767.SZ,SZ_MAIN,1997-06-09,False,False,2026-09-24,2026-09-24,READY_INCREMENTAL,,sina_public_snapshot,2026-09-24,3.29,3.2999989969607912,1.0030392085802475e-06
000768.SZ,SZ_MAIN,1997-06-26,False,False,2026-09-24,2026-09-24,READY_INCREMENTAL,,sina_public_snapshot,2026-09-24,22.1,22.709990340547098,9.659452903321151e-06
000776.SZ,SZ_MAIN,1997-06-11,False,False,2026-09-24,2026-09-24,READY_INCREMENTAL,,sina_public_snapshot,2026-09-24,20.37,20.829924738219898,7.526178010053286e-05
000777.SZ,SZ_MAIN,1997-07-10,False,False,2026-09-24,2026-09-24,READY_INCREMENTAL,,sina_public_snapshot,2026-09-24,16.37,16.469972734498405,2.7265501593376484e-05
000778.SZ,SZ_MAIN,1997-06-06,False,False,2026-09-24,2026-09-24,READY_INCREMENTAL,,sina_public_snapshot,2026-09-24,3.57,3.5899962792755646,3.7207244352188695e-06
000779.SZ,SZ_MAIN,1997-05-28,False,False,2026-09-24,2026-09-24,READY_INCREMENTAL,,sina_public_snapshot,2026-09-24,8.58,8.690015597463892,1.5597463892902397e-05
000782.SZ,SZ_MAIN,1997-06-19,False,False,2026-09-24,2026-09-24,READY_INCREMENTAL,,sina_public_snapshot,2026-09-24,8.21,8.330035816110149,3.581611014880082e-05
000783.SZ,SZ_MAIN,1997-07-31,False,False,2026-09-24,2026-09-24,READY_INCREMENTAL,,sina_public_snapshot,2026-09-24,8.28,8.460029426189308,2.9426189307457665e-05
000785.SZ,SZ_MAIN,1997-07-11,False,False,2026-09-24,2026-09-24,READY_INCREMENTAL,,sina_public_snapshot,2026-09-24,2.3,2.259998034784317,1.965215682631083e-06
000786.SZ,SZ_MAIN,1997-06-06,False,False,2026-09-24,2026-09-24,READY_INCREMENTAL,,sina_public_snapshot,2026-09-24,15.91,16.049955612944878,4.438705512299634e-05
000788.SZ,SZ_MAIN,1997-06-16,False,False,2026-09-24,2026-09-24,READY_INCREMENTAL,,sina_public_snapshot,2026-09-24,5.38,5.410025642314848,2.5642314847473813e-05
000789.SZ,SZ_MAIN,1997-09-23,False,False,2026-09-24,2026-09-24,READY_INCREMENTAL,,sina_public_snapshot,2026-09-24,4.11,4.18001525553013,1.5255530130708904e-05
000790.SZ,SZ_MAIN,1998-03-27,False,False,2026-09-24,2026-09-24,READY_INCREMENTAL,,sina_public_snapshot,2026-09-24,4.68,4.249986378248787,1.3621751213221955e-05
000791.SZ,SZ_MAIN,1997-10-14,False,False,2026-09-24,2026-09-24,READY_INCREMENTAL,,sina_public_snapshot,2026-09-24,7.05,7.129998584113756,1.4158862438051756e-06
000792.SZ,SZ_MAIN,1997-09-04,False,False,2026-09-24,2026-09-24,READY_INCREMENTAL,,sina_public_snapshot,2026-09-24,23.7,24.47993058855124,6.941144875938221e-05
000793.SZ,SZ_MAIN,1997-07-29,True,False,2026-09-24,2026-09-24,READY_INCREMENTAL,,sina_public_snapshot,2026-09-24,2.03,2.050008078849572,8.078849571990787e-06
000795.SZ,SZ_MAIN,1997-08-08,False,False,2026-09-24,2026-09-24,READY_INCREMENTAL,,sina_public_snapshot,2026-09-24,8.52,8.319987500488262,1.2499511738539582e-05
000796.SZ,SZ_MAIN,1997-07-03,False,False,2026-09-24,2026-09-24,READY_INCREMENTAL,,sina_public_snapshot,2026-09-24,3.59,3.700001030640955,1.030640955246298e-06
000797.SZ,SZ_MAIN,1997-07-15,False,False,2026-09-24,2026-09-24,READY_INCREMENTAL,,sina_public_snapshot,2026-09-24,2.78,2.6800088690940997,8.86909409913983e-06
000798.SZ,SZ_MAIN,1998-02-12,False,False,2026-09-24,2026-09-24,READY_INCREMENTAL,,sina_public_snapshot,2026-09-24,9.98,10.089980790617734,1.9209382266183184e-05
000799.SZ,SZ_MAIN,1997-07-18,False,False,2026-09-24,2026-09-24,READY_INCREMENTAL,,sina_public_snapshot,2026-09-24,36.66,37.67999753322438,2.46677561932529e-06
000800.SZ,SZ_MAIN,1997-06-18,False,False,2026-09-24,2026-09-24,READY_INCREMENTAL,,sina_public_snapshot,2026-09-24,5.86,5.929973689536531,2.6310463468348644e-05
000801.SZ,SZ_MAIN,1998-05-06,False,False,2026-09-24,2026-09-24,READY_INCREMENTAL,,sina_public_snapshot,2026-09-24,11.85,11.869941501722897,5.849827710413536e-05
000802.SZ,SZ_MAIN,1998-01-08,False,False,2026-09-24,2026-09-24,READY_INCREMENTAL,,sina_public_snapshot,2026-09-24,3.91,3.8900053723859367,5.3723859365639726e-06
000803.SZ,SZ_MAIN,1998-03-03,False,False,2026-09-24,2026-09-24,READY_INCREMENTAL,,sina_public_snapshot,2026-09-24,7.17,7.090024523376315,2.4523376315421785e-05
000807.SZ,SZ_MAIN,1998-04-08,False,False,2026-09-24,2026-09-24,READY_INCREMENTAL,,sina_public_snapshot,2026-09-24,26.03,26.579938936598214,6.106340178035907e-05
000809.SZ,SZ_MAIN,1998-06-16,False,False,2026-09-24,2026-09-24,READY_INCREMENTAL,,sina_public_snapshot,2026-09-24,3.46,3.3499864451415515,1.3554858448561191e-05
000810.SZ,SZ_MAIN,1998-06-02,False,False,2026-09-24,2026-09-24,READY_INCREMENTAL,,sina_public_snapshot,2026-09-24,9.35,9.50995748489595,4.25151040506222e-05
000811.SZ,SZ_MAIN,1998-05-28,False,False,2026-09-24,2026-09-24,READY_INCREMENTAL,,sina_public_snapshot,2026-09-24,39.45,39.82997799002484,2.200997516155212e-05
000812.SZ,SZ_MAIN,1998-06-23,False,False,2026-09-24,2026-09-24,READY_INCREMENTAL,,sina_public_snapshot,2026-09-24,3.73,3.6699955723914,4.427608599755217e-06
000813.SZ,SZ_MAIN,1998-05-19,False,False,2026-09-24,2026-09-24,READY_INCREMENTAL,,sina_public_snapshot,2026-09-24,3.2,3.23000676282666,6.762826660011712e-06
000815.SZ,SZ_MAIN,1998-06-09,False,False,2026-09-24,2026-09-24,READY_INCREMENTAL,,sina_public_snapshot,2026-09-24,15.27,15.820063611781649,6.361178164659975e-05
000816.SZ,SZ_MAIN,1997-08-18,False,False,2026-09-24,2026-09-24,READY_INCREMENTAL,,sina_public_snapshot,2026-09-24,2.86,2.879987110547197,1.2889452802422596e-05
000818.SZ,SZ_MAIN,1997-10-17,False,False,2026-09-24,2026-09-24,READY_INCREMENTAL,,sina_public_snapshot,2026-09-24,11.86,12.010004961975069,4.96197506905105e-06
000819.SZ,SZ_MAIN,1997-06-25,False,False,2026-09-24,2026-09-24,READY_INCREMENTAL,,sina_public_snapshot,2026-09-24,12.05,12.28000448398504,4.4839850410483e-06
000820.SZ,SZ_MAIN,1998-06-30,False,False,2026-09-24,2026-09-24,READY_INCREMENTAL,,sina_public_snapshot,2026-09-24,3.58,3.58,0.0
000821.SZ,SZ_MAIN,1998-06-26,True,False,2026-09-24,2026-09-24,READY_INCREMENTAL,,sina_public_snapshot,2026-09-24,7.45,7.569984250368338,1.574963166195431e-05
000822.SZ,SZ_MAIN,1998-07-03,False,False,2026-09-24,2026-09-24,READY_INCREMENTAL,,sina_public_snapshot,2026-09-24,4.22,4.209980247012111,1.9752987888921325e-05
000823.SZ,SZ_MAIN,1997-10-08,False,False,2026-09-24,2026-09-24,READY_INCREMENTAL,,sina_public_snapshot,2026-09-24,24.48,27.2,0.0
000825.SZ,SZ_MAIN,1998-10-21,False,False,2026-09-24,2026-09-24,READY_INCREMENTAL,,sina_public_snapshot,2026-09-24,3.34,3.379985225214285,1.4774785714877224e-05
000826.SZ,SZ_MAIN,1998-02-25,True,False,2026-09-24,2026-09-24,READY_INCREMENTAL,,sina_public_snapshot,2026-09-24,1.78,1.8400024809022213,2.480902221435599e-06
000828.SZ,SZ_MAIN,1997-06-17,False,False,2026-09-24,2026-09-24,READY_INCREMENTAL,,sina_public_snapshot,2026-09-24,10.04,10.10996092963306,3.9070366939952805e-05
000829.SZ,SZ_MAIN,1997-12-02,False,False,2026-09-24,2026-09-24,READY_INCREMENTAL,,sina_public_snapshot,2026-09-24,9.32,9.05997861378439,2.138621561087461e-05
000830.SZ,SZ_MAIN,1998-08-07,False,False,2026-09-24,2026-09-24,READY_INCREMENTAL,,sina_public_snapshot,2026-09-24,11.57,11.850015875129309,1.5875129307119096e-05
000831.SZ,SZ_MAIN,1998-09-11,False,False,2026-09-24,2026-09-24,READY_INCREMENTAL,,sina_public_snapshot,2026-09-24,53.9,53.63023989333651,0.0002398933365057
000833.SZ,SZ_MAIN,1998-11-11,False,False,2026-09-24,2026-09-24,READY_INCREMENTAL,,sina_public_snapshot,2026-09-24,19.05,19.29993414720632,6.585279367854469e-05
000837.SZ,SZ_MAIN,1998-09-28,False,False,2026-09-24,2026-09-24,READY_INCREMENTAL,,sina_public_snapshot,2026-09-24,9.61,9.660039002030516,3.9002030517210073e-05
000838.SZ,SZ_MAIN,1997-06-26,True,False,2026-09-24,2026-09-24,READY_INCREMENTAL,,sina_public_snapshot,2026-09-24,2.31,2.3899930679854737,6.932014526395136e-06
000839.SZ,SZ_MAIN,1997-10-31,False,False,2026-09-24,2026-09-24,READY_INCREMENTAL,,sina_public_snapshot,2026-09-24,2.83,2.819989038911863,1.0961088136696162e-05
000848.SZ,SZ_MAIN,1997-11-13,False,False,2026-09-24,2026-09-24,READY_INCREMENTAL,,sina_public_snapshot,2026-09-24,8.06,8.259973969809078,2.603019092184411e-05
000850.SZ,SZ_MAIN,1998-10-07,False,False,2026-09-24,2026-09-24,READY_INCREMENTAL,,sina_public_snapshot,2026-09-24,5.12,4.649980019617103,1.998038289752202e-05
000852.SZ,SZ_MAIN,1998-11-26,False,False,2026-09-24,2026-09-24,READY_INCREMENTAL,,sina_public_snapshot,2026-09-24,5.32,5.379986853415584,1.3146584415757443e-05
000856.SZ,SZ_MAIN,1998-08-13,False,False,2026-09-24,2026-09-24,READY_INCREMENTAL,,sina_public_snapshot,2026-09-24,8.81,8.799968036438461,3.196356153978286e-05
000858.SZ,SZ_MAIN,1998-04-27,False,False,2026-09-24,2026-09-24,READY_INCREMENTAL,,sina_public_snapshot,2026-09-24,69.67,70.34034347330056,0.0003434733005605
000859.SZ,SZ_MAIN,1998-11-19,False,False,2026-09-24,2026-09-24,READY_INCREMENTAL,,sina_public_snapshot,2026-09-24,9.02,9.349960091633756,3.990836624367944e-05
000860.SZ,SZ_MAIN,1998-11-04,False,False,2026-09-24,2026-09-24,READY_INCREMENTAL,,sina_public_snapshot,2026-09-24,10.09,10.43994702425296,5.297574704066221e-05
000862.SZ,SZ_MAIN,1998-09-15,False,False,2026-09-24,2026-09-24,READY_INCREMENTAL,,sina_public_snapshot,2026-09-24,5.23,5.259981896811828,1.8103188171636475e-05
000863.SZ,SZ_MAIN,1997-09-25,False,False,2026-09-24,2026-09-24,READY_INCREMENTAL,,sina_public_snapshot,2026-09-24,4.52,4.450001476770401,1.4767704010765217e-06
000868.SZ,SZ_MAIN,1997-07-25,False,False,2026-09-24,2026-09-24,READY_INCREMENTAL,,sina_public_snapshot,2026-09-24,3.99,4.130007245626747,7.245626747476308e-06
000869.SZ,SZ_MAIN,2000-10-26,False,False,2026-09-24,2026-09-24,READY_INCREMENTAL,,sina_public_snapshot,2026-09-24,16.94,17.390054613394657,5.4613394656399805e-05
000875.SZ,SZ_MAIN,2002-09-26,False,False,2026-09-24,2026-09-24,READY_INCREMENTAL,,sina_public_snapshot,2026-09-24,4.62,4.7200171636987776,1.7163698777800107e-05
000876.SZ,SZ_MAIN,1998-03-11,False,False,2026-09-24,2026-09-24,READY_INCREMENTAL,,sina_public_snapshot,2026-09-24,6.92,7.030019810026921,1.9810026921085463e-05
000877.SZ,SZ_MAIN,1999-01-07,False,False,2026-09-24,2026-09-24,READY_INCREMENTAL,,sina_public_snapshot,2026-09-24,3.77,3.940011496054763,1.149605476324922e-05
000878.SZ,SZ_MAIN,1998-06-02,False,False,2026-09-24,2026-09-24,READY_INCREMENTAL,,sina_public_snapshot,2026-09-24,16.36,17.279986480206176,1.3519793824912084e-05
000880.SZ,SZ_MAIN,1998-04-02,False,False,2026-09-24,2026-09-24,READY_INCREMENTAL,,sina_public_snapshot,2026-09-24,25.19,25.289895085588075,0.0001049144119242
000881.SZ,SZ_MAIN,1998-09-02,False,False,2026-09-24,2026-09-24,READY_INCREMENTAL,,sina_public_snapshot,2026-09-24,6.48,6.550019710707463,1.9710707463538316e-05
000882.SZ,SZ_MAIN,1998-06-16,False,False,2026-09-24,2026-09-24,READY_INCREMENTAL,,sina_public_snapshot,2026-09-24,1.5,1.5399936346929768,6.365307023248334e-06
000883.SZ,SZ_MAIN,1998-05-19,False,False,2026-09-24,2026-09-24,READY_INCREMENTAL,,sina_public_snapshot,2026-09-24,4.34,4.360012457178449,1.2457178448777029e-05
000885.SZ,SZ_MAIN,1999-03-19,False,False,2026-09-24,2026-09-24,READY_INCREMENTAL,,sina_public_snapshot,2026-09-24,11.63,11.789990166560225,9.83343977623008e-06
000886.SZ,SZ_MAIN,1998-01-23,False,False,2026-09-24,2026-09-24,READY_INCREMENTAL,,sina_public_snapshot,2026-09-24,4.61,4.660001819523488,1.8195234874340829e-06
000887.SZ,SZ_MAIN,1998-12-03,False,False,2026-09-24,2026-09-24,READY_INCREMENTAL,,sina_public_snapshot,2026-09-24,19.38,19.799957089876276,4.291012372803493e-05
000888.SZ,SZ_MAIN,1997-10-21,False,False,2026-09-24,2026-09-24,READY_INCREMENTAL,,sina_public_snapshot,2026-09-24,9.22,9.340019247328168,1.9247328168603417e-05
000889.SZ,SZ_MAIN,1997-12-18,False,False,2026-09-24,2026-09-24,READY_INCREMENTAL,,sina_public_snapshot,2026-09-24,3.7,3.7400181946831097,1.81946831094848e-05
000890.SZ,SZ_MAIN,1999-01-19,False,False,2026-09-24,2026-09-24,READY_INCREMENTAL,,sina_public_snapshot,2026-09-24,7.35,7.419970320118719,2.9679881280664237e-05
000892.SZ,SZ_MAIN,1999-01-15,False,False,2026-09-24,2026-09-24,READY_INCREMENTAL,,sina_public_snapshot,2026-09-24,4.51,4.549994451226278,5.548773721386624e-06
000893.SZ,SZ_MAIN,1998-12-24,False,False,2026-09-24,2026-09-24,READY_INCREMENTAL,,sina_public_snapshot,2026-09-24,37.18,38.98010106728733,0.000101067287332
000895.SZ,SZ_MAIN,1998-12-10,False,False,2026-09-24,2026-09-24,READY_INCREMENTAL,,sina_public_snapshot,2026-09-24,23.18,23.330011977012187,1.197701218913494e-05
000897.SZ,SZ_MAIN,1999-04-22,False,False,2026-09-24,2026-09-24,READY_INCREMENTAL,,sina_public_snapshot,2026-09-24,1.88,1.9000070744944264,7.074494426273503e-06
000898.SZ,SZ_MAIN,1997-12-25,False,False,2026-09-24,2026-09-24,READY_INCREMENTAL,,sina_public_snapshot,2026-09-24,1.99,2.009999494975001,5.050249987093025e-07
000899.SZ,SZ_MAIN,1997-11-26,False,False,2026-09-24,2026-09-24,READY_INCREMENTAL,,sina_public_snapshot,2026-09-24,8.98,9.100029387622746,2.9387622745957746e-05
000900.SZ,SZ_MAIN,1999-01-28,False,False,2026-09-24,2026-09-24,READY_INCREMENTAL,,sina_public_snapshot,2026-09-24,3.55,3.5600036101445056,3.610144505561408e-06
000901.SZ,SZ_MAIN,1999-04-01,False,False,2026-09-24,2026-09-24,READY_INCREMENTAL,,sina_public_snapshot,2026-09-24,14.06,14.050024482617342,2.448261734144808e-05
000902.SZ,SZ_MAIN,1999-04-08,False,False,2026-09-24,2026-09-24,READY_INCREMENTAL,,sina_public_snapshot,2026-09-24,13.71,13.809984286232323,1.5713767677283386e-05
000903.SZ,SZ_MAIN,1999-04-15,True,False,2026-09-24,2026-09-24,READY_INCREMENTAL,,sina_public_snapshot,2026-09-24,1.96,1.97000763880513,7.638805129994708e-06
000905.SZ,SZ_MAIN,1999-04-29,False,False,2026-09-24,2026-09-24,READY_INCREMENTAL,,sina_public_snapshot,2026-09-24,9.81,8.919965811344088,3.418865591164888e-05
000906.SZ,SZ_MAIN,1999-07-07,False,False,2026-09-24,2026-09-24,READY_INCREMENTAL,,sina_public_snapshot,2026-09-24,6.18,6.140028415018231,2.8415018231697783e-05
000908.SZ,SZ_MAIN,1999-02-03,False,False,2026-09-24,2026-09-24,READY_INCREMENTAL,,sina_public_snapshot,2026-09-24,6.05,6.020020298911421,2.0298911421079424e-05
000909.SZ,SZ_MAIN,1999-05-07,True,False,2026-09-24,2026-09-24,READY_INCREMENTAL,,sina_public_snapshot,2026-09-24,5.32,5.459994252637629,5.747362370911446e-06
000910.SZ,SZ_MAIN,1999-06-30,False,False,2026-09-24,2026-09-24,READY_INCREMENTAL,,sina_public_snapshot,2026-09-24,7.6,7.579988829490146,1.1170509853997146e-05
000911.SZ,SZ_MAIN,1999-05-27,True,False,2026-09-24,2026-09-24,READY_INCREMENTAL,,sina_public_snapshot,2026-09-24,5.11,5.1600004039139264,4.039139263056768e-07
000912.SZ,SZ_MAIN,1999-06-03,False,False,2026-09-24,2026-09-24,READY_INCREMENTAL,,sina_public_snapshot,2026-09-24,3.93,4.0,0.0
000913.SZ,SZ_MAIN,1999-05-14,False,False,2026-09-24,2026-09-24,READY_INCREMENTAL,,sina_public_snapshot,2026-09-24,10.54,10.660031959868114,3.195986811377338e-05
000915.SZ,SZ_MAIN,1999-06-09,False,False,2026-09-24,2026-09-24,READY_INCREMENTAL,,sina_public_snapshot,2026-09-24,23.97,24.219949882790395,5.011720960368393e-05
000917.SZ,SZ_MAIN,1999-03-25,False,False,2026-09-24,2026-09-24,READY_INCREMENTAL,,sina_public_snapshot,2026-09-24,6.84,6.9300209724318895,2.0972431889809684e-05
000919.SZ,SZ_MAIN,1999-11-18,False,False,2026-09-24,2026-09-24,READY_INCREMENTAL,,sina_public_snapshot,2026-09-24,6.42,6.490027395598507,2.7395598507062857e-05
000920.SZ,SZ_MAIN,1999-06-16,False,False,2026-09-24,2026-09-24,READY_INCREMENTAL,,sina_public_snapshot,2026-09-24,12.71,12.410049112940236,4.911294023557389e-05
000921.SZ,SZ_MAIN,1999-07-13,False,False,2026-09-24,2026-09-24,READY_INCREMENTAL,,sina_public_snapshot,2026-09-24,26.36,26.47011568123393,0.000115681233936
000922.SZ,SZ_MAIN,1999-06-18,False,False,2026-09-24,2026-09-24,READY_INCREMENTAL,,sina_public_snapshot,2026-09-24,12.17,12.32005831021846,5.831021845992268e-05
000923.SZ,SZ_MAIN,1999-07-14,False,False,2026-09-24,2026-09-24,READY_INCREMENTAL,,sina_public_snapshot,2026-09-24,15.75,16.36006689449575,6.689449574892592e-05
000925.SZ,SZ_MAIN,1999-06-11,False,False,2026-09-24,2026-09-24,READY_INCREMENTAL,,sina_public_snapshot,2026-09-24,7.93,8.019984222981856,1.5777018143481314e-05
000926.SZ,SZ_MAIN,1999-06-18,False,False,2026-09-24,2026-09-24,READY_INCREMENTAL,,sina_public_snapshot,2026-09-24,2.12,2.1899921490847487,7.850915251239599e-06
000927.SZ,SZ_MAIN,1999-07-27,False,False,2026-09-24,2026-09-24,READY_INCREMENTAL,,sina_public_snapshot,2026-09-24,2.43,2.4400040164675167,4.016467516798628e-06
000928.SZ,SZ_MAIN,1999-03-12,False,False,2026-09-24,2026-09-24,READY_INCREMENTAL,,sina_public_snapshot,2026-09-24,5.29,5.360001621172513,1.6211725126780152e-06
000929.SZ,SZ_MAIN,1999-06-23,False,False,2026-09-24,2026-09-24,READY_INCREMENTAL,,sina_public_snapshot,2026-09-24,9.17,9.1999919738347,8.02616529860245e-06
000930.SZ,SZ_MAIN,1999-07-12,False,False,2026-09-24,2026-09-24,READY_INCREMENTAL,,sina_public_snapshot,2026-09-24,5.26,5.4199983513313,1.6486687002270628e-06
000931.SZ,SZ_MAIN,1999-07-12,False,False,2026-09-24,2026-09-24,READY_INCREMENTAL,,sina_public_snapshot,2026-09-24,4.52,4.569995753543768,4.246456231982165e-06
000932.SZ,SZ_MAIN,1999-08-03,False,False,2026-09-24,2026-09-24,READY_INCREMENTAL,,sina_public_snapshot,2026-09-24,3.45,3.539986455703996,1.354429600430862e-05
000933.SZ,SZ_MAIN,1999-08-31,False,False,2026-09-24,2026-09-24,READY_INCREMENTAL,,sina_public_snapshot,2026-09-24,25.72,26.11989560166144,0.0001043983385642
000935.SZ,SZ_MAIN,1999-08-24,False,False,2026-09-24,2026-09-24,READY_INCREMENTAL,,sina_public_snapshot,2026-09-24,19.99,20.599964962540835,3.503745916688672e-05
000936.SZ,SZ_MAIN,1999-08-10,False,False,2026-09-24,2026-09-24,READY_INCREMENTAL,,sina_public_snapshot,2026-09-24,5.45,5.54002541296061,2.541296060964981e-05
000937.SZ,SZ_MAIN,1999-09-09,False,False,2026-09-24,2026-09-24,READY_INCREMENTAL,,sina_public_snapshot,2026-09-24,4.42,4.39001618942622,1.6189426220059033e-05
000938.SZ,SZ_MAIN,1999-11-04,False,False,2026-09-24,2026-09-24,READY_INCREMENTAL,,sina_public_snapshot,2026-09-24,33.4,33.65985407344701,0.0001459265529888
000948.SZ,SZ_MAIN,1999-10-14,False,False,2026-09-24,2026-09-24,READY_INCREMENTAL,,sina_public_snapshot,2026-09-24,13.11,13.380008573003204,8.573003203338203e-06
000949.SZ,SZ_MAIN,1999-10-21,False,False,2026-09-24,2026-09-24,READY_INCREMENTAL,,sina_public_snapshot,2026-09-24,6.86,6.940018412293748,1.841229374743847e-05
000950.SZ,SZ_MAIN,1999-09-16,False,False,2026-09-24,2026-09-24,READY_INCREMENTAL,,sina_public_snapshot,2026-09-24,5.19,5.220015086748806,1.5086748806680816e-05
000951.SZ,SZ_MAIN,1999-11-25,False,False,2026-09-24,2026-09-24,READY_INCREMENTAL,,sina_public_snapshot,2026-09-24,19.9,20.26002056544801,2.0565448007658915e-05
000952.SZ,SZ_MAIN,1999-11-12,False,False,2026-09-24,2026-09-24,READY_INCREMENTAL,,sina_public_snapshot,2026-09-24,6.48,6.560032395221705,3.2395221705172617e-05
000953.SZ,SZ_MAIN,1999-12-02,False,False,2026-09-24,2026-09-24,READY_INCREMENTAL,,sina_public_snapshot,2026-09-24,6.02,6.080009695696525,9.695696524758546e-06
000955.SZ,SZ_MAIN,1999-12-09,False,False,2026-09-24,2026-09-24,READY_INCREMENTAL,,sina_public_snapshot,2026-09-24,4.03,3.959987422372456,1.2577627544363423e-05
000957.SZ,SZ_MAIN,2000-01-13,False,False,2026-09-24,2026-09-24,READY_INCREMENTAL,,sina_public_snapshot,2026-09-24,9.68,9.850011193194538,1.1193194538350326e-05
000958.SZ,SZ_MAIN,1999-12-23,False,False,2026-09-24,2026-09-24,READY_INCREMENTAL,,sina_public_snapshot,2026-09-24,5.03,5.03,0.0
000959.SZ,SZ_MAIN,1999-12-16,False,False,2026-09-24,2026-09-24,READY_INCREMENTAL,,sina_public_snapshot,2026-09-24,3.42,3.470002739475847,2.739475846613715e-06
000960.SZ,SZ_MAIN,2000-02-21,False,False,2026-09-24,2026-09-24,READY_INCREMENTAL,,sina_public_snapshot,2026-09-24,31.61,33.2799898928218,1.0107178205487344e-05
000962.SZ,SZ_MAIN,2000-01-20,False,False,2026-09-24,2026-09-24,READY_INCREMENTAL,,sina_public_snapshot,2026-09-24,58.52,61.03971962616823,0.0002803738317709
000963.SZ,SZ_MAIN,2000-01-27,False,False,2026-09-24,2026-09-24,READY_INCREMENTAL,,sina_public_snapshot,2026-09-24,26.06,26.499898311978846,0.0001016880211537
000965.SZ,SZ_MAIN,2000-04-06,False,False,2026-09-24,2026-09-24,READY_INCREMENTAL,,sina_public_snapshot,2026-09-24,3.31,3.3699857462838527,1.4253716147383244e-05
000966.SZ,SZ_MAIN,2000-03-16,False,False,2026-09-24,2026-09-24,READY_INCREMENTAL,,sina_public_snapshot,2026-09-24,3.9,3.9,0.0
000967.SZ,SZ_MAIN,2000-03-30,False,False,2026-09-24,2026-09-24,READY_INCREMENTAL,,sina_public_snapshot,2026-09-24,8.15,8.100022858960216,2.285896021625433e-05
000968.SZ,SZ_MAIN,2000-06-22,False,False,2026-09-24,2026-09-24,READY_INCREMENTAL,,sina_public_snapshot,2026-09-24,6.85,6.85,0.0
000969.SZ,SZ_MAIN,2000-05-29,False,False,2026-09-24,2026-09-24,READY_INCREMENTAL,,sina_public_snapshot,2026-09-24,16.86,17.42005476055174,5.476055173758709e-05
000970.SZ,SZ_MAIN,2000-04-20,False,False,2026-09-24,2026-09-24,READY_INCREMENTAL,,sina_public_snapshot,2026-09-24,11.38,11.569979056101182,2.0943898817904483e-05
000972.SZ,SZ_MAIN,2000-09-26,False,False,2026-09-24,2026-09-24,READY_INCREMENTAL,,sina_public_snapshot,2026-09-24,3.96,4.070012436149111,1.2436149110506278e-05
000973.SZ,SZ_MAIN,2000-05-25,False,False,2026-09-24,2026-09-24,READY_INCREMENTAL,,sina_public_snapshot,2026-09-24,11.6,11.760054339561432,5.4339561431859806e-05
000975.SZ,SZ_MAIN,2000-06-08,False,False,2026-09-24,2026-09-24,READY_INCREMENTAL,,sina_public_snapshot,2026-09-24,23.17,24.28008550949407,8.550949407037933e-05
000977.SZ,SZ_MAIN,2000-06-08,False,False,2026-09-24,2026-09-24,READY_INCREMENTAL,,sina_public_snapshot,2026-09-24,69.9,71.26980566487899,0.0001943351210087
000978.SZ,SZ_MAIN,2000-05-18,False,False,2026-09-24,2026-09-24,READY_INCREMENTAL,,sina_public_snapshot,2026-09-24,7.91,8.789963217726612,3.6782273387103714e-05
000980.SZ,SZ_MAIN,2000-06-16,False,False,2026-09-24,2026-09-24,READY_INCREMENTAL,,sina_public_snapshot,2026-09-24,2.04,2.2000064706072666,6.470607266439998e-06
000981.SZ,SZ_MAIN,2000-06-22,False,False,2026-09-24,2026-09-24,READY_INCREMENTAL,,sina_public_snapshot,2026-09-24,2.74,2.809997025915557,2.974084443163605e-06
000983.SZ,SZ_MAIN,2000-07-26,False,False,2026-09-24,2026-09-24,READY_INCREMENTAL,,sina_public_snapshot,2026-09-24,6.53,6.490021467758607,2.1467758607229825e-05
000985.SZ,SZ_MAIN,2000-07-26,False,False,2026-09-24,2026-09-24,READY_INCREMENTAL,,sina_public_snapshot,2026-09-24,17.23,17.329994065759433,5.934240565608207e-06
000987.SZ,SZ_MAIN,2000-07-18,False,False,2026-09-24,2026-09-24,READY_INCREMENTAL,,sina_public_snapshot,2026-09-24,7.26,7.4099779537846,2.2046215399917912e-05
000988.SZ,SZ_MAIN,2000-06-08,False,False,2026-09-24,2026-09-24,READY_INCREMENTAL,,sina_public_snapshot,2026-09-24,102.9,106.0595128889622,0.0004871110378132
000989.SZ,SZ_MAIN,2000-06-28,False,False,2026-09-24,2026-09-24,READY_INCREMENTAL,,sina_public_snapshot,2026-09-24,8.52,8.66999084155897,9.15844102955532e-06
000990.SZ,SZ_MAIN,2000-07-06,False,False,2026-09-24,2026-09-24,READY_INCREMENTAL,,sina_public_snapshot,2026-09-24,6.34,6.4400134082298095,1.3408229809108718e-05
000993.SZ,SZ_MAIN,2000-07-31,False,False,2026-09-24,2026-09-24,READY_INCREMENTAL,,sina_public_snapshot,2026-09-24,19.32,18.81995382682136,4.6173178642305857e-05
000995.SZ,SZ_MAIN,2000-08-07,False,False,2026-09-24,2026-09-24,READY_INCREMENTAL,,sina_public_snapshot,2026-09-24,11.44,11.810007536106207,7.536106206629256e-06
000997.SZ,SZ_MAIN,2000-08-07,False,False,2026-09-24,2026-09-24,READY_INCREMENTAL,,sina_public_snapshot,2026-09-24,19.53,19.70001109575638,1.1095756381251933e-05
000998.SZ,SZ_MAIN,2000-12-11,False,False,2026-09-24,2026-09-24,READY_INCREMENTAL,,sina_public_snapshot,2026-09-24,8.68,8.889981359716502,1.8640283498072563e-05
000999.SZ,SZ_MAIN,2000-03-09,False,False,2026-09-24,2026-09-24,READY_INCREMENTAL,,sina_public_snapshot,2026-09-24,23.39,23.75994230163648,5.769836351987578e-05
001201.SZ,SZ_MAIN,2021-04-28,False,False,2026-09-24,2026-09-24,READY_INCREMENTAL,,sina_public_snapshot,2026-09-24,14.66,16.019932030029178,6.796997082147982e-05
001202.SZ,SZ_MAIN,2021-04-29,False,False,2026-09-24,2026-09-24,READY_INCREMENTAL,,sina_public_snapshot,2026-09-24,15.08,15.039993616978837,6.383021164069191e-06
001203.SZ,SZ_MAIN,2021-05-10,False,False,2026-09-24,2026-09-24,READY_INCREMENTAL,,sina_public_snapshot,2026-09-24,23.11,23.57994837103472,5.162896527721728e-05
001205.SZ,SZ_MAIN,2021-05-13,False,False,2026-09-24,2026-09-24,READY_INCREMENTAL,,sina_public_snapshot,2026-09-24,14.61,14.519976147883124,2.385211687538913e-05
001206.SZ,SZ_MAIN,2021-05-18,False,False,2026-09-24,2026-09-24,READY_INCREMENTAL,,sina_public_snapshot,2026-09-24,17.0,17.040044103643563,4.410364356388641e-05
001207.SZ,SZ_MAIN,2021-06-23,False,False,2026-09-24,2026-09-24,READY_INCREMENTAL,,sina_public_snapshot,2026-09-24,18.55,18.210018946273085,1.894627308374197e-05
001208.SZ,SZ_MAIN,2021-06-24,False,False,2026-09-24,2026-09-24,READY_INCREMENTAL,,sina_public_snapshot,2026-09-24,13.62,13.479943388196638,5.6611803362471846e-05
001209.SZ,SZ_MAIN,2021-07-23,False,False,2026-09-24,2026-09-24,READY_INCREMENTAL,,sina_public_snapshot,2026-09-24,19.0,19.07994496942188,5.503057812106249e-05
001210.SZ,SZ_MAIN,2021-07-29,False,False,2026-09-24,2026-09-24,READY_INCREMENTAL,,sina_public_snapshot,2026-09-24,28.77,29.099993931179576,6.068820425753074e-06
001211.SZ,SZ_MAIN,2021-08-05,False,False,2026-09-24,2026-09-24,READY_INCREMENTAL,,sina_public_snapshot,2026-09-24,25.68,26.059954131233383,4.586876661605288e-05
001212.SZ,SZ_MAIN,2021-08-23,False,False,2026-09-24,2026-09-24,READY_INCREMENTAL,,sina_public_snapshot,2026-09-24,38.27,38.82992755534812,7.244465187739024e-05
001213.SZ,SZ_MAIN,2021-09-08,False,False,2026-09-24,2026-09-24,READY_INCREMENTAL,,sina_public_snapshot,2026-09-24,3.49,3.4800123645138457,0.0099876354861545
001215.SZ,SZ_MAIN,2021-09-06,False,False,2026-09-24,2026-09-24,READY_INCREMENTAL,,sina_public_snapshot,2026-09-24,33.36,33.70990885390352,9.114609648008808e-05
001216.SZ,SZ_MAIN,2021-10-19,False,False,2026-09-24,2026-09-24,READY_INCREMENTAL,,sina_public_snapshot,2026-09-24,28.4,28.309974281783926,2.57182160723346e-05
001217.SZ,SZ_MAIN,2021-09-29,False,False,2026-09-24,2026-09-24,READY_INCREMENTAL,,sina_public_snapshot,2026-09-24,11.03,10.999970081677022,2.991832297816188e-05
001218.SZ,SZ_MAIN,2021-10-15,False,False,2026-09-24,2026-09-24,READY_INCREMENTAL,,sina_public_snapshot,2026-09-24,23.8,24.18011135042874,0.0001113504287388
001219.SZ,SZ_MAIN,2021-10-21,False,False,2026-09-24,2026-09-24,READY_INCREMENTAL,,sina_public_snapshot,2026-09-24,12.72,12.749962411667418,3.758833258160621e-05
001220.SZ,SZ_MAIN,2026-02-03,False,False,2026-09-24,2026-09-24,READY_INCREMENTAL,,sina_public_snapshot,2026-09-24,31.78,31.949973860940204,2.613905979487185e-05
001221.SZ,SZ_MAIN,2025-07-30,False,False,2026-09-24,2026-09-24,READY_INCREMENTAL,,sina_public_snapshot,2026-09-24,34.86,35.80011091256392,0.000110912563926
001222.SZ,SZ_MAIN,2022-08-18,False,False,2026-09-24,2026-09-24,READY_INCREMENTAL,,sina_public_snapshot,2026-09-24,15.62,15.749936980085709,6.301991429324971e-05
001223.SZ,SZ_MAIN,2022-12-12,False,False,2026-09-24,2026-09-24,READY_INCREMENTAL,,sina_public_snapshot,2026-09-24,43.05,44.56014325490886,0.0001432549088562
001225.SZ,SZ_MAIN,2023-02-22,False,False,2026-09-24,2026-09-24,READY_INCREMENTAL,,sina_public_snapshot,2026-09-24,34.6,37.02990218112546,9.781887454352044e-05
001226.SZ,SZ_MAIN,2022-06-22,False,False,2026-09-24,2026-09-24,READY_INCREMENTAL,,sina_public_snapshot,2026-09-24,46.69,46.49981575356791,0.0001842464320915
001227.SZ,SZ_MAIN,2022-01-17,False,False,2026-09-24,2026-09-24,READY_INCREMENTAL,,sina_public_snapshot,2026-09-24,2.07,2.10000913047448,9.130474480034678e-06
001228.SZ,SZ_MAIN,2022-04-29,False,False,2026-09-24,2026-09-24,READY_INCREMENTAL,,sina_public_snapshot,2026-09-24,37.42,37.35015520975775,0.0001552097577501
001229.SZ,SZ_MAIN,2022-08-08,False,False,2026-09-24,2026-09-24,READY_INCREMENTAL,,sina_public_snapshot,2026-09-24,38.68,39.15019382787275,0.0001938278727493
001230.SZ,SZ_MAIN,2022-07-15,False,False,2026-09-24,2026-09-24,READY_INCREMENTAL,,sina_public_snapshot,2026-09-24,20.31,19.350044302169376,4.430216937478804e-05
001231.SZ,SZ_MAIN,2022-08-19,False,False,2026-09-24,2026-09-24,READY_INCREMENTAL,,sina_public_snapshot,2026-09-24,22.75,22.77003763311714,3.7633117141666617e-05
001232.SZ,SZ_MAIN,2026-08-04,False,False,2026-09-24,2026-09-24,READY_INCREMENTAL,,sina_public_snapshot,2026-09-24,199.48,205.8489670402245,0.0010329597754719
001233.SZ,SZ_MAIN,2025-11-25,False,False,2026-09-24,2026-09-24,READY_INCREMENTAL,,sina_public_snapshot,2026-09-24,45.35,46.00978024876733,0.0002197512326702
001234.SZ,SZ_MAIN,2022-01-11,False,False,2026-09-24,2026-09-24,READY_INCREMENTAL,,sina_public_snapshot,2026-09-24,35.4,32.18006290565969,6.290565968924966e-05
001236.SZ,SZ_MAIN,2022-08-05,False,False,2026-09-24,2026-09-24,READY_INCREMENTAL,,sina_public_snapshot,2026-09-24,7.77,7.790020352305424,2.0352305424076175e-05
001237.SZ,SZ_MAIN,2026-05-22,False,False,2026-09-24,2026-09-24,READY_INCREMENTAL,,sina_public_snapshot,2026-09-24,50.56,51.02020222406104,0.0002022240610344
001238.SZ,SZ_MAIN,2022-09-19,False,False,2026-09-24,2026-09-24,READY_INCREMENTAL,,sina_public_snapshot,2026-09-24,26.16,26.41997252969217,2.7470307831123364e-05
001239.SZ,SZ_MAIN,2023-12-12,False,False,2026-09-24,2026-09-24,READY_INCREMENTAL,,sina_public_snapshot,2026-09-24,12.43,12.0800412062548,4.120625479941964e-05
001248.SZ,SZ_MAIN,2026-07-02,False,False,2026-09-24,2026-09-24,READY_INCREMENTAL,,sina_public_snapshot,2026-09-24,11.69,11.809989493251434,1.050674856628575e-05
001255.SZ,SZ_MAIN,2022-09-30,False,False,2026-09-24,2026-09-24,READY_INCREMENTAL,,sina_public_snapshot,2026-09-24,27.2,26.999930514884703,6.948511529358825e-05
001256.SZ,SZ_MAIN,2022-12-05,False,False,2026-09-24,2026-09-24,READY_INCREMENTAL,,sina_public_snapshot,2026-09-24,21.89,22.210046774013534,4.677401353703203e-05
001257.SZ,SZ_MAIN,2026-03-31,False,False,2026-09-24,2026-09-24,READY_INCREMENTAL,,sina_public_snapshot,2026-09-24,22.24,22.84000698345537,6.983455371312175e-06
001258.SZ,SZ_MAIN,2022-07-27,False,False,2026-09-24,2026-09-24,READY_INCREMENTAL,,sina_public_snapshot,2026-09-24,10.44,10.620009155180306,9.155180306308353e-06
001259.SZ,SZ_MAIN,2022-08-31,False,False,2026-09-24,2026-09-24,READY_INCREMENTAL,,sina_public_snapshot,2026-09-24,45.88,46.0000601570098,6.015700979844496e-05
001260.SZ,SZ_MAIN,2023-02-16,False,False,2026-09-24,2026-09-24,READY_INCREMENTAL,,sina_public_snapshot,2026-09-24,19.24,19.27990941248384,9.058751616208838e-05
001266.SZ,SZ_MAIN,2022-02-28,False,False,2026-09-24,2026-09-24,READY_INCREMENTAL,,sina_public_snapshot,2026-09-24,35.6,37.6198074626708,0.0001925373291982
001267.SZ,SZ_MAIN,2021-11-17,False,False,2026-09-24,2026-09-24,READY_INCREMENTAL,,sina_public_snapshot,2026-09-24,36.75,37.80980894472052,0.0001910552794868
001268.SZ,SZ_MAIN,2022-06-30,False,False,2026-09-24,2026-09-24,READY_INCREMENTAL,,sina_public_snapshot,2026-09-24,25.99,27.169992786727576,7.213272425588002e-06
001269.SZ,SZ_MAIN,2022-09-30,False,False,2026-09-24,2026-09-24,READY_INCREMENTAL,,sina_public_snapshot,2026-09-24,19.35,19.48993775306702,6.224693297696149e-05
001270.SZ,SZ_MAIN,2022-06-06,False,False,2026-09-24,2026-09-24,READY_INCREMENTAL,,sina_public_snapshot,2026-09-24,99.26,99.18957540146496,0.0004245985350337
001277.SZ,SZ_MAIN,2024-09-03,False,False,2026-09-24,2026-09-24,READY_INCREMENTAL,,sina_public_snapshot,2026-09-24,30.55,30.629944154242573,5.58457574264537e-05
001278.SZ,SZ_MAIN,2023-03-08,False,False,2026-09-24,2026-09-24,READY_INCREMENTAL,,sina_public_snapshot,2026-09-24,16.76,16.71003698940169,3.69894016891692e-05
001279.SZ,SZ_MAIN,2024-10-11,False,False,2026-09-24,2026-09-24,READY_INCREMENTAL,,sina_public_snapshot,2026-09-24,26.4,26.4301303485974,0.000130348597402
001280.SZ,SZ_MAIN,2025-12-03,False,False,2026-09-24,2026-09-24,READY_INCREMENTAL,,sina_public_snapshot,2026-09-24,61.36,62.91978138042062,0.0002186195793782
001282.SZ,SZ_MAIN,2023-05-24,False,False,2026-09-24,2026-09-24,READY_INCREMENTAL,,sina_public_snapshot,2026-09-24,16.74,16.519954209923814,4.5790076185880935e-05
001283.SZ,SZ_MAIN,2022-09-05,False,False,2026-09-24,2026-09-24,READY_INCREMENTAL,,sina_public_snapshot,2026-09-24,46.3,47.57012226446111,0.0001222644611047
001285.SZ,SZ_MAIN,2025-09-30,False,False,2026-09-24,2026-09-24,READY_INCREMENTAL,,sina_public_snapshot,2026-09-24,42.59,42.77994294668328,5.705331672345437e-05
001286.SZ,SZ_MAIN,2023-04-10,False,False,2026-09-24,2026-09-24,READY_INCREMENTAL,,sina_public_snapshot,2026-09-24,9.43,9.43,0.0
001287.SZ,SZ_MAIN,2023-04-10,False,False,2026-09-24,2026-09-24,READY_INCREMENTAL,,sina_public_snapshot,2026-09-24,24.42,25.199938083690213,6.191630978591434e-05
001288.SZ,SZ_MAIN,2021-11-01,False,False,2026-09-24,2026-09-24,READY_INCREMENTAL,,sina_public_snapshot,2026-09-24,34.84,33.690155009524915,0.0001550095249172
001289.SZ,SZ_MAIN,2022-01-24,False,False,2026-09-24,2026-09-24,READY_INCREMENTAL,,sina_public_snapshot,2026-09-24,14.95,14.990023362377547,2.3362377547186952e-05
001296.SZ,SZ_MAIN,2021-12-24,False,False,2026-09-24,2026-09-24,READY_INCREMENTAL,,sina_public_snapshot,2026-09-24,19.99,20.619939140749903,6.0859250094580375e-05
001298.SZ,SZ_MAIN,2022-10-31,False,False,2026-09-24,2026-09-24,READY_INCREMENTAL,,sina_public_snapshot,2026-09-24,16.94,17.129971382633407,2.8617366591987548e-05
001299.SZ,SZ_MAIN,2022-10-31,False,False,2026-09-24,2026-09-24,READY_INCREMENTAL,,sina_public_snapshot,2026-09-24,10.16,10.3199593702387,4.062976130114748e-05
001300.SZ,SZ_MAIN,2022-10-19,False,False,2026-09-24,2026-09-24,READY_INCREMENTAL,,sina_public_snapshot,2026-09-24,12.39,12.420056536819102,5.653681910189334e-05
001301.SZ,SZ_MAIN,2022-12-28,False,False,2026-09-24,2026-09-24,READY_INCREMENTAL,,sina_public_snapshot,2026-09-24,47.65,48.629892330458745,0.0001076695412578
001306.SZ,SZ_MAIN,2023-11-16,False,False,2026-09-24,2026-09-24,READY_INCREMENTAL,,sina_public_snapshot,2026-09-24,57.19,56.82010114156839,0.0001011415683862
001308.SZ,SZ_MAIN,2022-03-18,False,False,2026-09-24,2026-09-24,READY_INCREMENTAL,,sina_public_snapshot,2026-09-24,18.14,18.25004778816262,4.778816262174246e-05
001309.SZ,SZ_MAIN,2022-07-01,False,False,2026-09-24,2026-09-24,READY_INCREMENTAL,,sina_public_snapshot,2026-09-24,394.43,410.3217618359046,0.0017618359046309
001311.SZ,SZ_MAIN,2023-02-27,False,False,2026-09-24,2026-09-24,READY_INCREMENTAL,,sina_public_snapshot,2026-09-24,17.14,17.14,0.0
001312.SZ,SZ_MAIN,2026-04-21,False,False,2026-09-24,2026-09-24,READY_INCREMENTAL,,sina_public_snapshot,2026-09-24,18.35,18.020052832634462,5.283263446287378e-05
001313.SZ,SZ_MAIN,2022-02-16,False,False,2026-09-24,2026-09-24,READY_INCREMENTAL,,sina_public_snapshot,2026-09-24,7.31,7.460021022767861,2.102276786075663e-05
001314.SZ,SZ_MAIN,2023-02-14,False,False,2026-09-24,2026-09-24,READY_INCREMENTAL,,sina_public_snapshot,2026-09-24,54.67,56.02008402500256,8.402500255755285e-05
001316.SZ,SZ_MAIN,2022-06-24,False,False,2026-09-24,2026-09-24,READY_INCREMENTAL,,sina_public_snapshot,2026-09-24,27.71,28.44005624377777,5.624377777380119e-05
001317.SZ,SZ_MAIN,2021-11-30,False,False,2026-09-24,2026-09-24,READY_INCREMENTAL,,sina_public_snapshot,2026-09-24,65.3,59.359858918068845,0.0001410819311544
001318.SZ,SZ_MAIN,2022-05-20,False,False,2026-09-24,2026-09-24,READY_INCREMENTAL,,sina_public_snapshot,2026-09-24,11.63,11.699965795456832,3.420454316760413e-05
001319.SZ,SZ_MAIN,2022-05-12,False,False,2026-09-24,2026-09-24,READY_INCREMENTAL,,sina_public_snapshot,2026-09-24,21.33,22.029889592348923,0.0001104076510785
001322.SZ,SZ_MAIN,2022-10-26,False,False,2026-09-24,2026-09-24,READY_INCREMENTAL,,sina_public_snapshot,2026-09-24,6.51,6.7100258712211005,2.587122110053741e-05
001323.SZ,SZ_MAIN,2022-06-23,False,False,2026-09-24,2026-09-24,READY_INCREMENTAL,,sina_public_snapshot,2026-09-24,17.66,17.980044797393607,4.479739360618851e-05
001324.SZ,SZ_MAIN,2023-05-22,False,False,2026-09-24,2026-09-24,READY_INCREMENTAL,,sina_public_snapshot,2026-09-24,20.67,21.180014755307813,1.4755307812919227e-05
001325.SZ,SZ_MAIN,2025-12-18,False,False,2026-09-24,2026-09-24,READY_INCREMENTAL,,sina_public_snapshot,2026-09-24,36.57,36.89988497164652,0.0001150283534769
001326.SZ,SZ_MAIN,2023-11-09,False,False,2026-09-24,2026-09-24,READY_INCREMENTAL,,sina_public_snapshot,2026-09-24,110.15,106.99992228784583,7.771215416596533e-05
001328.SZ,SZ_MAIN,2023-04-10,False,False,2026-09-24,2026-09-24,READY_INCREMENTAL,,sina_public_snapshot,2026-09-24,30.32,29.75991833689955,8.166310045254477e-05
001330.SZ,SZ_MAIN,2022-08-18,False,False,2026-09-24,2026-09-24,READY_INCREMENTAL,,sina_public_snapshot,2026-09-24,5.78,5.749985077893396,1.4922106603698635e-05
001331.SZ,SZ_MAIN,2022-09-08,False,False,2026-09-24,2026-09-24,READY_INCREMENTAL,,sina_public_snapshot,2026-09-24,40.89,42.78002134293068,2.134293067967974e-05
001332.SZ,SZ_MAIN,2022-09-20,False,False,2026-09-24,2026-09-24,READY_INCREMENTAL,,sina_public_snapshot,2026-09-24,27.19,27.48991497234832,8.502765167861526e-05
001333.SZ,SZ_MAIN,2022-12-08,False,False,2026-09-24,2026-09-24,READY_INCREMENTAL,,sina_public_snapshot,2026-09-24,20.23,20.599975561076945,2.4438923059477705e-05
001335.SZ,SZ_MAIN,2025-04-15,False,False,2026-09-24,2026-09-24,READY_INCREMENTAL,,sina_public_snapshot,2026-09-24,33.63,33.670067380182424,6.73801824220277e-05
001336.SZ,SZ_MAIN,2022-07-25,False,False,2026-09-24,2026-09-24,READY_INCREMENTAL,,sina_public_snapshot,2026-09-24,19.19,19.439998379155945,1.6208440563048043e-06
001337.SZ,SZ_MAIN,2023-03-03,False,False,2026-09-24,2026-09-24,READY_INCREMENTAL,,sina_public_snapshot,2026-09-24,46.71,48.72985238120077,0.0001476187992253
001338.SZ,SZ_MAIN,2022-11-16,False,False,2026-09-24,2026-09-24,READY_INCREMENTAL,,sina_public_snapshot,2026-09-24,9.1,9.179957429208406,4.257079159408761e-05
001339.SZ,SZ_MAIN,2022-08-15,False,False,2026-09-24,2026-09-24,READY_INCREMENTAL,,sina_public_snapshot,2026-09-24,76.18,79.70036512769008,0.000365127690074
001356.SZ,SZ_MAIN,2025-01-23,False,False,2026-09-24,2026-09-24,READY_INCREMENTAL,,sina_public_snapshot,2026-09-24,9.5,9.459984266552484,1.5733447517263244e-05
001358.SZ,SZ_MAIN,2023-12-21,False,False,2026-09-24,2026-09-24,READY_INCREMENTAL,,sina_public_snapshot,2026-09-24,25.48,24.729940892723693,5.910727630720203e-05
001359.SZ,SZ_MAIN,2024-03-28,False,False,2026-09-24,2026-09-24,READY_INCREMENTAL,,sina_public_snapshot,2026-09-24,87.89,92.1500990804911,9.908049109697004e-05
001360.SZ,SZ_MAIN,2023-04-10,False,False,2026-09-24,2026-09-24,READY_INCREMENTAL,,sina_public_snapshot,2026-09-24,19.79,20.250081859855925,8.185985592490397e-05
001365.SZ,SZ_MAIN,2026-05-18,False,False,2026-09-24,2026-09-24,READY_INCREMENTAL,,sina_public_snapshot,2026-09-24,36.1,36.50004044325811,4.044325810781402e-05
001366.SZ,SZ_MAIN,2023-03-07,False,False,2026-09-24,2026-09-24,READY_INCREMENTAL,,sina_public_snapshot,2026-09-24,13.05,13.090055570044337,5.557004433676127e-05
001367.SZ,SZ_MAIN,2023-04-10,False,False,2026-09-24,2026-09-24,READY_INCREMENTAL,,sina_public_snapshot,2026-09-24,21.5,22.049925132812337,7.486718766358536e-05
001368.SZ,SZ_MAIN,2023-03-13,False,False,2026-09-24,2026-09-24,READY_INCREMENTAL,,sina_public_snapshot,2026-09-24,38.0,37.53012286177063,0.0001228617706274
001369.SZ,SZ_MAIN,2025-12-30,False,False,2026-09-24,2026-09-24,READY_INCREMENTAL,,sina_public_snapshot,2026-09-24,12.3,12.450022774431906,2.2774431906569248e-05
001373.SZ,SZ_MAIN,2023-06-01,False,False,2026-09-24,2026-09-24,READY_INCREMENTAL,,sina_public_snapshot,2026-09-24,32.3,31.390003790124293,3.790124292635255e-06
001376.SZ,SZ_MAIN,2023-11-03,False,False,2026-09-24,2026-09-24,READY_INCREMENTAL,,sina_public_snapshot,2026-09-24,13.12,12.420008330493392,8.330493391994764e-06
001378.SZ,SZ_MAIN,2023-10-30,False,False,2026-09-24,2026-09-24,READY_INCREMENTAL,,sina_public_snapshot,2026-09-24,23.17,23.479935143899475,6.485610052564539e-05
001379.SZ,SZ_MAIN,2024-01-19,False,False,2026-09-24,2026-09-24,READY_INCREMENTAL,,sina_public_snapshot,2026-09-24,15.76,15.829968460595833,3.1539404167446605e-05
001380.SZ,SZ_MAIN,2023-05-16,False,False,2026-09-24,2026-09-24,READY_INCREMENTAL,,sina_public_snapshot,2026-09-24,19.13,18.82003403937155,3.40393715489995e-05
001382.SZ,SZ_MAIN,2025-03-21,False,False,2026-09-24,2026-09-24,READY_INCREMENTAL,,sina_public_snapshot,2026-09-24,16.41,16.420016209888033,1.6209888030971342e-05
001386.SZ,SZ_MAIN,2025-10-22,False,False,2026-09-24,2026-09-24,READY_INCREMENTAL,,sina_public_snapshot,2026-09-24,16.1,16.379933055925775,6.694407422358495e-05
001387.SZ,SZ_MAIN,2024-01-11,False,False,2026-09-24,2026-09-24,READY_INCREMENTAL,,sina_public_snapshot,2026-09-24,12.18,12.249947198503454,5.280149654574018e-05
001388.SZ,SZ_MAIN,2025-07-01,False,False,2026-09-24,2026-09-24,READY_INCREMENTAL,,sina_public_snapshot,2026-09-24,19.59,20.379925929008365,7.407099163359021e-05
001389.SZ,SZ_MAIN,2024-04-02,False,False,2026-09-24,2026-09-24,READY_INCREMENTAL,,sina_public_snapshot,2026-09-24,181.16,192.25095775275653,0.000957752756534
001390.SZ,SZ_MAIN,2025-05-29,False,False,2026-09-24,2026-09-24,READY_INCREMENTAL,,sina_public_snapshot,2026-09-24,17.78,17.75993127765625,6.872234375165931e-05
001391.SZ,SZ_MAIN,2024-12-30,False,False,2026-09-24,2026-09-24,READY_INCREMENTAL,,sina_public_snapshot,2026-09-24,3.83,3.8499814034840822,1.8596515917401742e-05
001393.SZ,SZ_MAIN,2026-05-15,False,False,2026-09-24,2026-09-24,READY_INCREMENTAL,,sina_public_snapshot,2026-09-24,42.04,43.41002023873446,2.0238734464328445e-05
001395.SZ,SZ_MAIN,2025-01-27,False,False,2026-09-24,2026-09-24,READY_INCREMENTAL,,sina_public_snapshot,2026-09-24,30.55,30.949872350771976,0.0001276492280233
001396.SZ,SZ_MAIN,2025-12-30,False,False,2026-09-24,2026-09-24,READY_INCREMENTAL,,sina_public_snapshot,2026-09-24,32.17,32.760007739386346,7.739386347793697e-06
001399.SZ,SZ_MAIN,2026-06-26,False,False,2026-09-24,2026-09-24,READY_INCREMENTAL,,sina_public_snapshot,2026-09-24,22.98,23.770118747155447,0.0001187471554473
001400.SZ,SZ_MAIN,2025-04-24,False,False,2026-09-24,2026-09-24,READY_INCREMENTAL,,sina_public_snapshot,2026-09-24,80.21,78.37983094737871,0.0001690526212883
001696.SZ,SZ_MAIN,1997-03-06,False,False,2026-09-24,2026-09-24,READY_INCREMENTAL,,sina_public_snapshot,2026-09-24,15.64,16.41994750656168,5.2493438321477015e-05
001872.SZ,SZ_MAIN,1993-05-05,False,False,2026-09-24,2026-09-24,READY_INCREMENTAL,,sina_public_snapshot,2026-09-24,23.26,22.80995949908309,4.050091690643853e-05
001896.SZ,SZ_MAIN,1998-01-22,False,False,2026-09-24,2026-09-24,READY_INCREMENTAL,,sina_public_snapshot,2026-09-24,10.79,11.339989490278509,1.0509721493079384e-05
001914.SZ,SZ_MAIN,1994-09-28,False,False,2026-09-24,2026-09-24,READY_INCREMENTAL,,sina_public_snapshot,2026-09-24,8.87,9.13002305665349,2.305665348956154e-05
001965.SZ,SZ_MAIN,2017-12-25,False,False,2026-09-24,2026-09-24,READY_INCREMENTAL,,sina_public_snapshot,2026-09-24,9.88,9.859984232009024,1.5767990976911506e-05
001979.SZ,SZ_MAIN,2015-12-30,False,False,2026-09-24,2026-09-24,READY_INCREMENTAL,,sina_public_snapshot,2026-09-24,7.18,7.250035341397903,3.534139790328794e-05
002001.SZ,SZ_MAIN,2004-06-25,False,False,2026-09-24,2026-09-24,READY_INCREMENTAL,,sina_public_snapshot,2026-09-24,25.7,26.340063544122167,6.354412216680316e-05
002003.SZ,SZ_MAIN,2004-06-25,False,False,2026-09-24,2026-09-24,READY_INCREMENTAL,,sina_public_snapshot,2026-09-24,11.58,11.250036431465126,3.64314651264408e-05
002004.SZ,SZ_MAIN,2004-06-25,False,False,2026-09-24,2026-09-24,READY_INCREMENTAL,,sina_public_snapshot,2026-09-24,4.3,4.370007520478058,7.520478058076208e-06
002005.SZ,SZ_MAIN,2004-06-25,False,False,2026-09-24,2026-09-24,READY_INCREMENTAL,,sina_public_snapshot,2026-09-24,2.8,2.660003990005985,3.990005984721989e-06
002006.SZ,SZ_MAIN,2004-06-25,False,False,2026-09-24,2026-09-24,READY_INCREMENTAL,,sina_public_snapshot,2026-09-24,13.56,13.48998696763796,1.3032362041087708e-05
002007.SZ,SZ_MAIN,2004-06-25,False,False,2026-09-24,2026-09-24,READY_INCREMENTAL,,sina_public_snapshot,2026-09-24,13.11,13.300057826338374,5.782633837370099e-05
002008.SZ,SZ_MAIN,2004-06-25,False,False,2026-09-24,2026-09-24,READY_INCREMENTAL,,sina_public_snapshot,2026-09-24,89.09,92.98029556650246,0.0002955665024586
002009.SZ,SZ_MAIN,2004-06-29,False,False,2026-09-24,2026-09-24,READY_INCREMENTAL,,sina_public_snapshot,2026-09-24,15.49,15.66006834219625,6.834219625062588e-05
002010.SZ,SZ_MAIN,2004-06-29,False,False,2026-09-24,2026-09-24,READY_INCREMENTAL,,sina_public_snapshot,2026-09-24,4.49,4.550014693811373,1.4693811372978873e-05
002011.SZ,SZ_MAIN,2004-07-05,False,False,2026-09-24,2026-09-24,READY_INCREMENTAL,,sina_public_snapshot,2026-09-24,14.08,14.33005953895476,5.953895476018545e-05
002012.SZ,SZ_MAIN,2004-07-05,False,False,2026-09-24,2026-09-24,READY_INCREMENTAL,,sina_public_snapshot,2026-09-24,7.05,7.099983886561392,1.6113438607412434e-05
002014.SZ,SZ_MAIN,2004-07-08,False,False,2026-09-24,2026-09-24,READY_INCREMENTAL,,sina_public_snapshot,2026-09-24,10.96,10.900049726504228,4.972650422629954e-05
002015.SZ,SZ_MAIN,2004-07-08,False,False,2026-09-24,2026-09-24,READY_INCREMENTAL,,sina_public_snapshot,2026-09-24,14.96,15.269980606308057,1.939369194481344e-05
002016.SZ,SZ_MAIN,2004-07-08,False,False,2026-09-24,2026-09-24,READY_INCREMENTAL,,sina_public_snapshot,2026-09-24,4.67,4.76997875469848,2.1245301519812188e-05
002017.SZ,SZ_MAIN,2004-07-13,False,False,2026-09-24,2026-09-24,READY_INCREMENTAL,,sina_public_snapshot,2026-09-24,14.2,14.459990631555364,9.36844463694797e-06
002019.SZ,SZ_MAIN,2004-07-13,False,False,2026-09-24,2026-09-24,READY_INCREMENTAL,,sina_public_snapshot,2026-09-24,9.36,9.550045913682276,4.591368227657711e-05
002020.SZ,SZ_MAIN,2004-07-15,False,False,2026-09-24,2026-09-24,READY_INCREMENTAL,,sina_public_snapshot,2026-09-24,11.25,11.680059801906186,5.980190618615211e-05
002021.SZ,SZ_MAIN,2004-07-15,False,False,2026-09-24,2026-09-24,READY_INCREMENTAL,,sina_public_snapshot,2026-09-24,2.57,2.57,0.0
002022.SZ,SZ_MAIN,2004-07-21,False,False,2026-09-24,2026-09-24,READY_INCREMENTAL,,sina_public_snapshot,2026-09-24,6.12,6.0500014828435,1.482843500433262e-06
002023.SZ,SZ_MAIN,2004-07-21,False,False,2026-09-24,2026-09-24,READY_INCREMENTAL,,sina_public_snapshot,2026-09-24,9.77,9.82996277291478,3.72270852206924e-05
002024.SZ,SZ_MAIN,2004-07-21,True,False,2026-09-24,2026-09-24,READY_INCREMENTAL,,sina_public_snapshot,2026-09-24,1.15,1.1599991930440394,8.069559604972909e-07
002025.SZ,SZ_MAIN,2004-07-26,False,False,2026-09-24,2026-09-24,READY_INCREMENTAL,,sina_public_snapshot,2026-09-24,71.35,72.28976697061803,0.0002330293819738
002026.SZ,SZ_MAIN,2004-07-27,False,False,2026-09-24,2026-09-24,READY_INCREMENTAL,,sina_public_snapshot,2026-09-24,11.38,11.369994404923668,5.5950763311329865e-06
002027.SZ,SZ_MAIN,2004-08-04,False,False,2026-09-24,2026-09-24,READY_INCREMENTAL,,sina_public_snapshot,2026-09-24,4.66,4.750012741450487,1.274145048668629e-05
002028.SZ,SZ_MAIN,2004-08-05,False,False,2026-09-24,2026-09-24,READY_INCREMENTAL,,sina_public_snapshot,2026-09-24,125.22,128.5599885012628,1.1498737194415298e-05
002029.SZ,SZ_MAIN,2004-08-06,False,False,2026-09-24,2026-09-24,READY_INCREMENTAL,,sina_public_snapshot,2026-09-24,9.26,8.420018913217428,1.891321742775176e-05
002030.SZ,SZ_MAIN,2004-08-09,False,False,2026-09-24,2026-09-24,READY_INCREMENTAL,,sina_public_snapshot,2026-09-24,5.67,5.6000000000000005,8.881784197001252e-16
002031.SZ,SZ_MAIN,2004-08-16,False,False,2026-09-24,2026-09-24,READY_INCREMENTAL,,sina_public_snapshot,2026-09-24,5.35,5.270001379065781,1.379065781570432e-06
002032.SZ,SZ_MAIN,2004-08-17,False,False,2026-09-24,2026-09-24,READY_INCREMENTAL,,sina_public_snapshot,2026-09-24,39.23,39.10018737790535,0.0001873779053482
002033.SZ,SZ_MAIN,2004-08-25,False,False,2026-09-24,2026-09-24,READY_INCREMENTAL,,sina_public_snapshot,2026-09-24,8.28,8.379973078830446,2.692116955493873e-05
002034.SZ,SZ_MAIN,2004-08-26,False,False,2026-09-24,2026-09-24,READY_INCREMENTAL,,sina_public_snapshot,2026-09-24,14.15,14.3999837173329,1.6282667100853132e-05
002035.SZ,SZ_MAIN,2004-09-01,False,False,2026-09-24,2026-09-24,READY_INCREMENTAL,,sina_public_snapshot,2026-09-24,4.83,4.680005813671818,5.813671818621913e-06
002036.SZ,SZ_MAIN,2004-09-03,False,False,2026-09-24,2026-09-24,READY_INCREMENTAL,,sina_public_snapshot,2026-09-24,6.16,6.2599717488287965,2.8251171203308445e-05
002037.SZ,SZ_MAIN,2004-09-08,False,False,2026-09-24,2026-09-24,READY_INCREMENTAL,,sina_public_snapshot,2026-09-24,6.83,6.899965651708323,3.434829167758835e-05
002038.SZ,SZ_MAIN,2004-09-09,False,False,2026-09-24,2026-09-24,READY_INCREMENTAL,,sina_public_snapshot,2026-09-24,5.65,5.7799920205419895,7.979458010787255e-06
002039.SZ,SZ_MAIN,2005-03-03,False,False,2026-09-24,2026-09-24,READY_INCREMENTAL,,sina_public_snapshot,2026-09-24,18.94,19.030011956554503,1.1956554502035033e-05
002040.SZ,SZ_MAIN,2005-03-25,False,False,2026-09-24,2026-09-24,READY_INCREMENTAL,,sina_public_snapshot,2026-09-24,9.08,9.040043009896255,4.300989625782847e-05
002041.SZ,SZ_MAIN,2005-04-18,False,False,2026-09-24,2026-09-24,READY_INCREMENTAL,,sina_public_snapshot,2026-09-24,9.94,10.240032965900896,3.2965900896186895e-05
002042.SZ,SZ_MAIN,2005-04-27,False,False,2026-09-24,2026-09-24,READY_INCREMENTAL,,sina_public_snapshot,2026-09-24,3.87,3.8999909302536495,9.06974634951041e-06
002043.SZ,SZ_MAIN,2005-05-10,False,False,2026-09-24,2026-09-24,READY_INCREMENTAL,,sina_public_snapshot,2026-09-24,11.4,11.660018410555386,1.8410555385983685e-05
002044.SZ,SZ_MAIN,2005-05-18,False,False,2026-09-24,2026-09-24,READY_INCREMENTAL,,sina_public_snapshot,2026-09-24,4.48,4.48,0.0
002045.SZ,SZ_MAIN,2005-05-23,False,False,2026-09-24,2026-09-24,READY_INCREMENTAL,,sina_public_snapshot,2026-09-24,8.89,9.08997955010225,2.044989775029649e-05
002046.SZ,SZ_MAIN,2005-05-26,False,False,2026-09-24,2026-09-24,READY_INCREMENTAL,,sina_public_snapshot,2026-09-24,63.9,66.09980139026813,0.0001986097318678
002047.SZ,SZ_MAIN,2005-05-31,False,False,2026-09-24,2026-09-24,READY_INCREMENTAL,,sina_public_snapshot,2026-09-24,3.19,3.2399930934316505,6.906568349673847e-06
002048.SZ,SZ_MAIN,2005-06-03,False,False,2026-09-24,2026-09-24,READY_INCREMENTAL,,sina_public_snapshot,2026-09-24,18.36,18.450036176541524,3.617654152421324e-05
002049.SZ,SZ_MAIN,2005-06-06,False,False,2026-09-24,2026-09-24,READY_INCREMENTAL,,sina_public_snapshot,2026-09-24,60.6,61.37019595928908,0.0001959592890798
002050.SZ,SZ_MAIN,2005-06-07,False,False,2026-09-24,2026-09-24,READY_INCREMENTAL,,sina_public_snapshot,2026-09-24,36.08,35.99002493765586,2.49376558585368e-05
002051.SZ,SZ_MAIN,2006-06-19,False,False,2026-09-24,2026-09-24,READY_INCREMENTAL,,sina_public_snapshot,2026-09-24,8.87,9.13002305665349,2.305665348956154e-05
002052.SZ,SZ_MAIN,2006-06-27,False,False,2026-09-24,2026-09-24,READY_INCREMENTAL,,sina_public_snapshot,2026-09-24,8.3,8.440019930649475,1.9930649475696786e-05
002053.SZ,SZ_MAIN,2006-06-27,False,False,2026-09-24,2026-09-24,READY_INCREMENTAL,,sina_public_snapshot,2026-09-24,9.44,9.34995988629498,4.011370502077227e-05
002054.SZ,SZ_MAIN,2006-07-25,False,False,2026-09-24,2026-09-24,READY_INCREMENTAL,,sina_public_snapshot,2026-09-24,7.05,7.20998967079494,1.0329205060166656e-05
002055.SZ,SZ_MAIN,2006-07-25,True,False,2026-09-24,2026-09-24,READY_INCREMENTAL,,sina_public_snapshot,2026-09-24,6.88,6.900010029084345,1.0029084344331808e-05
002056.SZ,SZ_MAIN,2006-08-02,False,False,2026-09-24,2026-09-24,READY_INCREMENTAL,,sina_public_snapshot,2026-09-24,20.04,20.410033914876717,3.3914876713225794e-05
002057.SZ,SZ_MAIN,2006-08-02,False,False,2026-09-24,2026-09-24,READY_INCREMENTAL,,sina_public_snapshot,2026-09-24,8.93,9.1300391579507,3.915795069886485e-05
002058.SZ,SZ_MAIN,2006-08-02,False,False,2026-09-24,2026-09-24,READY_INCREMENTAL,,sina_public_snapshot,2026-09-24,17.22,17.339992749828816,7.250171183414977e-06
002059.SZ,SZ_MAIN,2006-08-10,False,False,2026-09-24,2026-09-24,READY_INCREMENTAL,,sina_public_snapshot,2026-09-24,4.39,4.549977198291944,2.280170805590842e-05
002060.SZ,SZ_MAIN,2006-08-10,False,False,2026-09-24,2026-09-24,READY_INCREMENTAL,,sina_public_snapshot,2026-09-24,3.02,3.0400032211954664,3.221195466363014e-06
002061.SZ,SZ_MAIN,2006-08-16,False,False,2026-09-24,2026-09-24,READY_INCREMENTAL,,sina_public_snapshot,2026-09-24,3.3,3.3300033300033296,3.330003329526932e-06
002062.SZ,SZ_MAIN,2006-08-16,False,False,2026-09-24,2026-09-24,READY_INCREMENTAL,,sina_public_snapshot,2026-09-24,9.61,9.580014554444586,1.4554444586423188e-05
002063.SZ,SZ_MAIN,2006-08-23,False,False,2026-09-24,2026-09-24,READY_INCREMENTAL,,sina_public_snapshot,2026-09-24,5.22,5.2899865216818505,1.3478318149573454e-05
002064.SZ,SZ_MAIN,2006-08-23,False,False,2026-09-24,2026-09-24,READY_INCREMENTAL,,sina_public_snapshot,2026-09-24,9.61,9.82999529469528,4.705304720076242e-06
002065.SZ,SZ_MAIN,2006-08-23,False,False,2026-09-24,2026-09-24,READY_INCREMENTAL,,sina_public_snapshot,2026-09-24,6.56,6.660033706268147,3.3706268147248863e-05
002066.SZ,SZ_MAIN,2006-08-23,False,False,2026-09-24,2026-09-24,READY_INCREMENTAL,,sina_public_snapshot,2026-09-24,19.93,20.24994919731762,5.080268238089048e-05
002067.SZ,SZ_MAIN,2006-09-15,False,False,2026-09-24,2026-09-24,READY_INCREMENTAL,,sina_public_snapshot,2026-09-24,4.0,4.020019698096521,1.9698096521025832e-05
002068.SZ,SZ_MAIN,2006-09-15,False,False,2026-09-24,2026-09-24,READY_INCREMENTAL,,sina_public_snapshot,2026-09-24,9.84,9.860015832139242,1.5832139242277776e-05
002069.SZ,SZ_MAIN,2006-09-28,False,False,2026-09-24,2026-09-24,READY_INCREMENTAL,,sina_public_snapshot,2026-09-24,3.67,3.6800096261832183,9.626183218536257e-06
002072.SZ,SZ_MAIN,2006-10-18,False,False,2026-09-24,2026-09-24,READY_INCREMENTAL,,sina_public_snapshot,2026-09-24,7.36,7.330020217311198,2.0217311197612275e-05
002073.SZ,SZ_MAIN,2006-10-18,False,False,2026-09-24,2026-09-24,READY_INCREMENTAL,,sina_public_snapshot,2026-09-24,5.67,5.67,0.0
002074.SZ,SZ_MAIN,2006-10-18,False,False,2026-09-24,2026-09-24,READY_INCREMENTAL,,sina_public_snapshot,2026-09-24,26.76,27.27995596060921,4.4039390790118205e-05
002075.SZ,SZ_MAIN,2006-10-25,False,False,2026-09-24,2026-09-24,READY_INCREMENTAL,,sina_public_snapshot,2026-09-24,3.47,3.53001017293998,1.0172939980179764e-05
002076.SZ,SZ_MAIN,2006-10-25,False,False,2026-09-24,2026-09-24,READY_INCREMENTAL,,sina_public_snapshot,2026-09-24,2.11,2.11,0.0
002077.SZ,SZ_MAIN,2006-11-16,False,False,2026-09-24,2026-09-24,READY_INCREMENTAL,,sina_public_snapshot,2026-09-24,14.67,14.189953860886218,4.613911378115176e-05
002078.SZ,SZ_MAIN,2006-11-16,False,False,2026-09-24,2026-09-24,READY_INCREMENTAL,,sina_public_snapshot,2026-09-24,13.54,13.740055203766843,5.520376684486905e-05
002079.SZ,SZ_MAIN,2006-11-16,False,False,2026-09-24,2026-09-24,READY_INCREMENTAL,,sina_public_snapshot,2026-09-24,8.94,9.080013812996404,1.3812996403572695e-05
002080.SZ,SZ_MAIN,2006-11-20,False,False,2026-09-24,2026-09-24,READY_INCREMENTAL,,sina_public_snapshot,2026-09-24,57.2,60.69995967485197,4.032514803498088e-05
002081.SZ,SZ_MAIN,2006-11-20,False,False,2026-09-24,2026-09-24,READY_INCREMENTAL,,sina_public_snapshot,2026-09-24,4.97,5.320002997184787,2.99718478657951e-06
002082.SZ,SZ_MAIN,2006-11-20,True,False,2026-09-24,2026-09-24,READY_INCREMENTAL,,sina_public_snapshot,2026-09-24,12.0,11.369988914260809,1.1085739190619393e-05
002083.SZ,SZ_MAIN,2006-11-24,False,False,2026-09-24,2026-09-24,READY_INCREMENTAL,,sina_public_snapshot,2026-09-24,9.48,9.580015360362182,1.5360362182192944e-05
002084.SZ,SZ_MAIN,2006-11-24,False,False,2026-09-24,2026-09-24,READY_INCREMENTAL,,sina_public_snapshot,2026-09-24,6.44,6.470020896961904,2.089696190399337e-05
002085.SZ,SZ_MAIN,2006-11-28,False,False,2026-09-24,2026-09-24,READY_INCREMENTAL,,sina_public_snapshot,2026-09-24,9.44,9.519967728922952,3.2271077047951735e-05
002086.SZ,SZ_MAIN,2006-11-28,False,False,2026-09-24,2026-09-24,READY_INCREMENTAL,,sina_public_snapshot,2026-09-24,2.04,2.050004019615725,4.019615725159298e-06
002088.SZ,SZ_MAIN,2006-11-30,False,False,2026-09-24,2026-09-24,READY_INCREMENTAL,,sina_public_snapshot,2026-09-24,8.05,8.179979880297935,2.011970206439173e-05
002090.SZ,SZ_MAIN,2006-12-08,False,False,2026-09-24,2026-09-24,READY_INCREMENTAL,,sina_public_snapshot,2026-09-24,9.02,9.049955352215834,4.46477841666848e-05
002091.SZ,SZ_MAIN,2006-12-08,False,False,2026-09-24,2026-09-24,READY_INCREMENTAL,,sina_public_snapshot,2026-09-24,7.51,7.530029879479415,2.987947941512914e-05
002092.SZ,SZ_MAIN,2006-12-08,False,False,2026-09-24,2026-09-24,READY_INCREMENTAL,,sina_public_snapshot,2026-09-24,4.35,4.410020377335536,2.0377335536281294e-05
002093.SZ,SZ_MAIN,2006-12-15,False,False,2026-09-24,2026-09-24,READY_INCREMENTAL,,sina_public_snapshot,2026-09-24,7.77,7.579970148380111,2.9851619888887623e-05
002094.SZ,SZ_MAIN,2006-12-15,False,False,2026-09-24,2026-09-24,READY_INCREMENTAL,,sina_public_snapshot,2026-09-24,5.07,5.130021248608722,2.124860872232404e-05
002095.SZ,SZ_MAIN,2006-12-15,False,False,2026-09-24,2026-09-24,READY_INCREMENTAL,,sina_public_snapshot,2026-09-24,16.03,15.699986288221584,1.37117784166918e-05
002096.SZ,SZ_MAIN,2006-12-22,False,False,2026-09-24,2026-09-24,READY_INCREMENTAL,,sina_public_snapshot,2026-09-24,9.03,9.33999441462128,5.585378719530354e-06
002097.SZ,SZ_MAIN,2006-12-22,False,False,2026-09-24,2026-09-24,READY_INCREMENTAL,,sina_public_snapshot,2026-09-24,6.89,6.990027290527448,2.7290527447654256e-05
002098.SZ,SZ_MAIN,2006-12-22,False,False,2026-09-24,2026-09-24,READY_INCREMENTAL,,sina_public_snapshot,2026-09-24,8.41,8.179978990779286,2.100922071335276e-05
002099.SZ,SZ_MAIN,2006-12-26,False,False,2026-09-24,2026-09-24,READY_INCREMENTAL,,sina_public_snapshot,2026-09-24,5.82,5.939987752602573,1.224739742777814e-05
002100.SZ,SZ_MAIN,2006-12-26,False,False,2026-09-24,2026-09-24,READY_INCREMENTAL,,sina_public_snapshot,2026-09-24,7.58,7.739985500291015,1.4499708985482584e-05
002101.SZ,SZ_MAIN,2006-12-29,False,False,2026-09-24,2026-09-24,READY_INCREMENTAL,,sina_public_snapshot,2026-09-24,8.54,8.630011014885254,1.1014885252791372e-05
002102.SZ,SZ_MAIN,2006-12-29,True,False,2026-09-24,2026-09-24,READY_INCREMENTAL,,sina_public_snapshot,2026-09-24,2.65,2.7099993864152334,6.135847665511562e-07
002103.SZ,SZ_MAIN,2007-01-10,False,False,2026-09-24,2026-09-24,READY_INCREMENTAL,,sina_public_snapshot,2026-09-24,6.69,6.740010880735055,1.0880735054286106e-05
002104.SZ,SZ_MAIN,2007-01-10,False,False,2026-09-24,2026-09-24,READY_INCREMENTAL,,sina_public_snapshot,2026-09-24,10.54,10.92998174879708,1.825120292053839e-05
002105.SZ,SZ_MAIN,2007-01-12,False,False,2026-09-24,2026-09-24,READY_INCREMENTAL,,sina_public_snapshot,2026-09-24,6.06,6.109979633401221,2.036659877902025e-05
002106.SZ,SZ_MAIN,2007-01-12,False,False,2026-09-24,2026-09-24,READY_INCREMENTAL,,sina_public_snapshot,2026-09-24,12.51,13.9,1.7763568394002505e-15
002107.SZ,SZ_MAIN,2007-01-24,False,False,2026-09-24,2026-09-24,READY_INCREMENTAL,,sina_public_snapshot,2026-09-24,7.17,7.210015586505103,1.5586505103470927e-05
002108.SZ,SZ_MAIN,2007-01-24,False,False,2026-09-24,2026-09-24,READY_INCREMENTAL,,sina_public_snapshot,2026-09-24,4.36,4.36,0.0
002109.SZ,SZ_MAIN,2007-01-26,True,False,2026-09-24,2026-09-24,READY_INCREMENTAL,,sina_public_snapshot,2026-09-24,2.77,2.77,0.0
002110.SZ,SZ_MAIN,2007-01-26,False,False,2026-09-24,2026-09-24,READY_INCREMENTAL,,sina_public_snapshot,2026-09-24,2.87,2.87999357771467,6.422285329765742e-06
002111.SZ,SZ_MAIN,2007-01-26,False,False,2026-09-24,2026-09-24,READY_INCREMENTAL,,sina_public_snapshot,2026-09-24,9.35,9.390001405989516,1.405989515035344e-06
002112.SZ,SZ_MAIN,2007-02-08,False,False,2026-09-24,2026-09-24,READY_INCREMENTAL,,sina_public_snapshot,2026-09-24,14.1,14.129955505672024,4.449432797670738e-05
002114.SZ,SZ_MAIN,2007-02-15,False,False,2026-09-24,2026-09-24,READY_INCREMENTAL,,sina_public_snapshot,2026-09-24,7.19,7.240028597609482,2.8597609481373357e-05
002115.SZ,SZ_MAIN,2007-02-15,False,False,2026-09-24,2026-09-24,READY_INCREMENTAL,,sina_public_snapshot,2026-09-24,10.16,10.0,0.0
002116.SZ,SZ_MAIN,2007-02-15,False,False,2026-09-24,2026-09-24,READY_INCREMENTAL,,sina_public_snapshot,2026-09-24,7.11,7.149968322925152,3.1677074848524e-05
002117.SZ,SZ_MAIN,2007-03-02,False,False,2026-09-24,2026-09-24,READY_INCREMENTAL,,sina_public_snapshot,2026-09-24,7.94,7.99001750961016,1.750961016000474e-05
002119.SZ,SZ_MAIN,2007-03-02,False,False,2026-09-24,2026-09-24,READY_INCREMENTAL,,sina_public_snapshot,2026-09-24,29.61,26.91989490240288,0.0001050975971246
002120.SZ,SZ_MAIN,2007-03-06,False,False,2026-09-24,2026-09-24,READY_INCREMENTAL,,sina_public_snapshot,2026-09-24,6.83,6.880017728889023,1.7728889023516103e-05
002121.SZ,SZ_MAIN,2007-03-06,False,False,2026-09-24,2026-09-24,READY_INCREMENTAL,,sina_public_snapshot,2026-09-24,4.19,4.41001568239467,1.5682394669980226e-05
002122.SZ,SZ_MAIN,2007-03-28,True,False,2026-09-24,2026-09-24,READY_INCREMENTAL,,sina_public_snapshot,2026-09-24,2.73,2.7400010036633717,1.0036633710797105e-06
002123.SZ,SZ_MAIN,2007-03-28,False,False,2026-09-24,2026-09-24,READY_INCREMENTAL,,sina_public_snapshot,2026-09-24,7.74,7.97001462199065,1.4621990650276471e-05
002124.SZ,SZ_MAIN,2007-04-03,False,False,2026-09-24,2026-09-24,READY_INCREMENTAL,,sina_public_snapshot,2026-09-24,2.07,2.039991721772723,8.278227277003225e-06
002125.SZ,SZ_MAIN,2007-04-03,False,False,2026-09-24,2026-09-24,READY_INCREMENTAL,,sina_public_snapshot,2026-09-24,12.02,12.139942633216176,5.736678382461946e-05
002126.SZ,SZ_MAIN,2007-04-18,False,False,2026-09-24,2026-09-24,READY_INCREMENTAL,,sina_public_snapshot,2026-09-24,36.11,38.330078125,7.81250000017053e-05
002127.SZ,SZ_MAIN,2007-04-18,False,False,2026-09-24,2026-09-24,READY_INCREMENTAL,,sina_public_snapshot,2026-09-24,2.92,2.92,0.0
002128.SZ,SZ_MAIN,2007-04-18,False,False,2026-09-24,2026-09-24,READY_INCREMENTAL,,sina_public_snapshot,2026-09-24,27.82,28.080020994408223,2.0994408224339622e-05
002129.SZ,SZ_MAIN,2007-04-20,False,False,2026-09-24,2026-09-24,READY_INCREMENTAL,,sina_public_snapshot,2026-09-24,9.35,9.610047896067588,4.789606758848208e-05
002130.SZ,SZ_MAIN,2007-04-20,False,False,2026-09-24,2026-09-24,READY_INCREMENTAL,,sina_public_snapshot,2026-09-24,16.09,16.57003388154846,3.388154846106772e-05
002131.SZ,SZ_MAIN,2007-04-27,False,False,2026-09-24,2026-09-24,READY_INCREMENTAL,,sina_public_snapshot,2026-09-24,4.31,4.410019236278803,1.9236278802736703e-05
002132.SZ,SZ_MAIN,2007-04-27,False,False,2026-09-24,2026-09-24,READY_INCREMENTAL,,sina_public_snapshot,2026-09-24,4.09,4.150009132049435,9.132049434867897e-06
002133.SZ,SZ_MAIN,2007-04-27,False,False,2026-09-24,2026-09-24,READY_INCREMENTAL,,sina_public_snapshot,2026-09-24,2.83,2.870007910269152,7.910269151700788e-06
002134.SZ,SZ_MAIN,2007-05-16,False,False,2026-09-24,2026-09-24,READY_INCREMENTAL,,sina_public_snapshot,2026-09-24,26.31,27.47006066174551,6.066174551122572e-05
002135.SZ,SZ_MAIN,2007-05-30,False,False,2026-09-24,2026-09-24,READY_INCREMENTAL,,sina_public_snapshot,2026-09-24,6.0,6.169983032546661,1.6967453339233884e-05
002136.SZ,SZ_MAIN,2007-05-30,False,False,2026-09-24,2026-09-24,READY_INCREMENTAL,,sina_public_snapshot,2026-09-24,11.72,11.779959996381583,4.000361841605127e-05
002137.SZ,SZ_MAIN,2007-06-13,False,False,2026-09-24,2026-09-24,READY_INCREMENTAL,,sina_public_snapshot,2026-09-24,7.98,8.270029950359094,2.995035909414412e-05
002138.SZ,SZ_MAIN,2007-06-13,False,False,2026-09-24,2026-09-24,READY_INCREMENTAL,,sina_public_snapshot,2026-09-24,51.3,54.659946938297125,5.3061702871559646e-05
002139.SZ,SZ_MAIN,2007-06-29,False,False,2026-09-24,2026-09-24,READY_INCREMENTAL,,sina_public_snapshot,2026-09-24,9.6,9.630045742717275,4.574271727619816e-05
002140.SZ,SZ_MAIN,2007-07-12,False,False,2026-09-24,2026-09-24,READY_INCREMENTAL,,sina_public_snapshot,2026-09-24,9.22,9.400010195238824,1.0195238823840214e-05
002141.SZ,SZ_MAIN,2007-07-20,False,False,2026-09-24,2026-09-24,READY_INCREMENTAL,,sina_public_snapshot,2026-09-24,6.76,7.10001995567739,1.9955677390548487e-05
002142.SZ,SZ_MAIN,2007-07-19,False,False,2026-09-24,2026-09-24,READY_INCREMENTAL,,sina_public_snapshot,2026-09-24,34.91,34.720081156076255,8.11560762556951e-05
002144.SZ,SZ_MAIN,2007-08-03,False,False,2026-09-24,2026-09-24,READY_INCREMENTAL,,sina_public_snapshot,2026-09-24,10.9,10.839946695307994,5.330469200615085e-05
002145.SZ,SZ_MAIN,2007-08-03,False,False,2026-09-24,2026-09-24,READY_INCREMENTAL,,sina_public_snapshot,2026-09-24,4.83,4.859986114325388,1.3885674612801324e-05
002146.SZ,SZ_MAIN,2007-08-08,False,False,2026-09-24,2026-09-24,READY_INCREMENTAL,,sina_public_snapshot,2026-09-24,1.2,1.2700025400050798,2.540005079820773e-06
002148.SZ,SZ_MAIN,2007-08-10,False,False,2026-09-24,2026-09-24,READY_INCREMENTAL,,sina_public_snapshot,2026-09-24,6.27,6.370009143553794,9.143553794110916e-06
002149.SZ,SZ_MAIN,2007-08-10,False,False,2026-09-24,2026-09-24,READY_INCREMENTAL,,sina_public_snapshot,2026-09-24,32.93,32.909924945783075,7.50542169214441e-05
002150.SZ,SZ_MAIN,2007-08-10,False,False,2026-09-24,2026-09-24,READY_INCREMENTAL,,sina_public_snapshot,2026-09-24,21.15,21.879913928660105,8.607133989713134e-05
002151.SZ,SZ_MAIN,2007-08-13,False,False,2026-09-24,2026-09-24,READY_INCREMENTAL,,sina_public_snapshot,2026-09-24,29.12,29.840040169284844,4.016928484418258e-05
002152.SZ,SZ_MAIN,2007-08-13,False,False,2026-09-24,2026-09-24,READY_INCREMENTAL,,sina_public_snapshot,2026-09-24,9.03,9.180001219933716,1.2199337167118074e-06
002153.SZ,SZ_MAIN,2007-08-13,False,False,2026-09-24,2026-09-24,READY_INCREMENTAL,,sina_public_snapshot,2026-09-24,7.46,7.660002669706024,2.6697060242497628e-06
002154.SZ,SZ_MAIN,2007-08-16,False,False,2026-09-24,2026-09-24,READY_INCREMENTAL,,sina_public_snapshot,2026-09-24,3.84,3.819983287573117,1.6712426882836695e-05
002155.SZ,SZ_MAIN,2007-08-16,False,False,2026-09-24,2026-09-24,READY_INCREMENTAL,,sina_public_snapshot,2026-09-24,23.69,24.82005720452188,5.720452188029413e-05
002156.SZ,SZ_MAIN,2007-08-16,False,False,2026-09-24,2026-09-24,READY_INCREMENTAL,,sina_public_snapshot,2026-09-24,61.02,62.79974476668794,0.0002552333120533
002157.SZ,SZ_MAIN,2007-08-17,False,False,2026-09-24,2026-09-24,READY_INCREMENTAL,,sina_public_snapshot,2026-09-24,2.92,2.959989457571795,1.0542428205084777e-05
002158.SZ,SZ_MAIN,2007-08-17,False,False,2026-09-24,2026-09-24,READY_INCREMENTAL,,sina_public_snapshot,2026-09-24,27.4,28.280075963999668,7.596399966658396e-05
002159.SZ,SZ_MAIN,2007-08-17,False,False,2026-09-24,2026-09-24,READY_INCREMENTAL,,sina_public_snapshot,2026-09-24,13.46,13.46,0.0
002160.SZ,SZ_MAIN,2007-08-21,False,False,2026-09-24,2026-09-24,READY_INCREMENTAL,,sina_public_snapshot,2026-09-24,3.85,3.879992340794341,7.659205659482637e-06
002161.SZ,SZ_MAIN,2007-08-21,False,False,2026-09-24,2026-09-24,READY_INCREMENTAL,,sina_public_snapshot,2026-09-24,6.54,6.739975060031124,2.49399688767582e-05
002162.SZ,SZ_MAIN,2007-08-23,False,False,2026-09-24,2026-09-24,READY_INCREMENTAL,,sina_public_snapshot,2026-09-24,4.11,4.150006058403005,6.058403005049229e-06
002163.SZ,SZ_MAIN,2007-08-23,False,False,2026-09-24,2026-09-24,READY_INCREMENTAL,,sina_public_snapshot,2026-09-24,7.56,7.599975873092466,2.4126907533172925e-05
002164.SZ,SZ_MAIN,2007-08-23,False,False,2026-09-24,2026-09-24,READY_INCREMENTAL,,sina_public_snapshot,2026-09-24,13.06,11.870029538741196,2.9538741197043805e-05
002165.SZ,SZ_MAIN,2007-09-13,False,False,2026-09-24,2026-09-24,READY_INCREMENTAL,,sina_public_snapshot,2026-09-24,6.89,7.010011395083835,1.139508383563026e-05
002166.SZ,SZ_MAIN,2007-09-13,False,False,2026-09-24,2026-09-24,READY_INCREMENTAL,,sina_public_snapshot,2026-09-24,6.68,6.74999747380334,2.52619665985776e-06
002167.SZ,SZ_MAIN,2007-09-13,False,False,2026-09-24,2026-09-24,READY_INCREMENTAL,,sina_public_snapshot,2026-09-24,16.19,16.359980194217925,1.980578207394501e-05
002168.SZ,SZ_MAIN,2007-09-19,True,False,2026-09-24,2026-09-24,READY_INCREMENTAL,,sina_public_snapshot,2026-09-24,3.59,3.580011767169597,1.1767169596499372e-05
002169.SZ,SZ_MAIN,2007-09-19,False,False,2026-09-24,2026-09-24,READY_INCREMENTAL,,sina_public_snapshot,2026-09-24,13.44,13.879995869048848,4.130951152703233e-06
002170.SZ,SZ_MAIN,2007-09-19,False,False,2026-09-24,2026-09-24,READY_INCREMENTAL,,sina_public_snapshot,2026-09-24,10.7,10.810046271039178,4.627103917798081e-05
002171.SZ,SZ_MAIN,2007-09-21,False,False,2026-09-24,2026-09-24,READY_INCREMENTAL,,sina_public_snapshot,2026-09-24,10.25,10.650014546361332,1.4546361331468916e-05
002172.SZ,SZ_MAIN,2007-09-21,False,False,2026-09-24,2026-09-24,READY_INCREMENTAL,,sina_public_snapshot,2026-09-24,5.42,5.350021715955305,2.171595530509052e-05
002173.SZ,SZ_MAIN,2007-09-25,False,False,2026-09-24,2026-09-24,READY_INCREMENTAL,,sina_public_snapshot,2026-09-24,17.66,18.060029656900344,2.965690034528734e-05
002174.SZ,SZ_MAIN,2007-09-25,False,False,2026-09-24,2026-09-24,READY_INCREMENTAL,,sina_public_snapshot,2026-09-24,14.01,14.329988646475805,1.1353524195456544e-05
002175.SZ,SZ_MAIN,2007-10-12,True,False,2026-09-24,2026-09-24,READY_INCREMENTAL,,sina_public_snapshot,2026-09-24,2.5,2.5099897592417824,1.024075821742798e-05
002176.SZ,SZ_MAIN,2007-10-12,False,False,2026-09-24,2026-09-24,READY_INCREMENTAL,,sina_public_snapshot,2026-09-24,8.29,8.400040530955517,4.053095551626029e-05
002177.SZ,SZ_MAIN,2007-11-01,False,False,2026-09-24,2026-09-24,READY_INCREMENTAL,,sina_public_snapshot,2026-09-24,5.43,5.500015193412136,1.5193412136405016e-05
002178.SZ,SZ_MAIN,2007-11-01,False,False,2026-09-24,2026-09-24,READY_INCREMENTAL,,sina_public_snapshot,2026-09-24,5.07,5.099987929022653,1.2070977346567702e-05
002179.SZ,SZ_MAIN,2007-11-01,False,False,2026-09-24,2026-09-24,READY_INCREMENTAL,,sina_public_snapshot,2026-09-24,34.24,34.769893171940375,0.0001068280596285
002180.SZ,SZ_MAIN,2007-11-13,False,False,2026-09-24,2026-09-24,READY_INCREMENTAL,,sina_public_snapshot,2026-09-24,16.66,17.130048531710127,4.853171012797475e-05
002181.SZ,SZ_MAIN,2007-11-16,False,False,2026-09-24,2026-09-24,READY_INCREMENTAL,,sina_public_snapshot,2026-09-24,9.58,9.11998781463006,1.2185369939743396e-05
002182.SZ,SZ_MAIN,2007-11-13,False,False,2026-09-24,2026-09-24,READY_INCREMENTAL,,sina_public_snapshot,2026-09-24,11.39,11.66004668113509,4.668113508898841e-05
002183.SZ,SZ_MAIN,2007-11-13,False,False,2026-09-24,2026-09-24,READY_INCREMENTAL,,sina_public_snapshot,2026-09-24,4.2,4.300018428650408,1.8428650408353064e-05
002184.SZ,SZ_MAIN,2007-11-16,False,False,2026-09-24,2026-09-24,READY_INCREMENTAL,,sina_public_snapshot,2026-09-24,9.93,9.93,0.0
002185.SZ,SZ_MAIN,2007-11-20,False,False,2026-09-24,2026-09-24,READY_INCREMENTAL,,sina_public_snapshot,2026-09-24,17.58,18.36990595611285,9.404388714884249e-05
002186.SZ,SZ_MAIN,2007-11-20,False,False,2026-09-24,2026-09-24,READY_INCREMENTAL,,sina_public_snapshot,2026-09-24,9.39,9.51001640705706,1.6407057060519037e-05
002187.SZ,SZ_MAIN,2007-11-22,False,False,2026-09-24,2026-09-24,READY_INCREMENTAL,,sina_public_snapshot,2026-09-24,5.44,5.490014027793197,1.4027793196369489e-05
002188.SZ,SZ_MAIN,2007-11-22,False,False,2026-09-24,2026-09-24,READY_INCREMENTAL,,sina_public_snapshot,2026-09-24,5.59,5.710024719606121,2.4719606121159643e-05
002189.SZ,SZ_MAIN,2007-12-03,False,False,2026-09-24,2026-09-24,READY_INCREMENTAL,,sina_public_snapshot,2026-09-24,19.06,19.210030336931432,3.0336931430952063e-05
002190.SZ,SZ_MAIN,2007-12-03,False,False,2026-09-24,2026-09-24,READY_INCREMENTAL,,sina_public_snapshot,2026-09-24,23.46,23.749987345488417,1.265451158261044e-05
002191.SZ,SZ_MAIN,2007-12-05,False,False,2026-09-24,2026-09-24,READY_INCREMENTAL,,sina_public_snapshot,2026-09-24,3.58,3.620001011173467,1.0111734667361816e-06
002192.SZ,SZ_MAIN,2007-12-05,False,False,2026-09-24,2026-09-24,READY_INCREMENTAL,,sina_public_snapshot,2026-09-24,58.75,60.82976983050496,0.0002301694950403
002193.SZ,SZ_MAIN,2007-12-07,True,False,2026-09-24,2026-09-24,READY_INCREMENTAL,,sina_public_snapshot,2026-09-24,4.65,4.660019040938017,1.9040938016523512e-05
002194.SZ,SZ_MAIN,2007-12-07,False,False,2026-09-24,2026-09-24,READY_INCREMENTAL,,sina_public_snapshot,2026-09-24,10.62,10.670042499321818,4.2499321818212366e-05
002195.SZ,SZ_MAIN,2007-12-12,False,False,2026-09-24,2026-09-24,READY_INCREMENTAL,,sina_public_snapshot,2026-09-24,6.01,6.090022900918063,2.2900918063228914e-05
002196.SZ,SZ_MAIN,2007-12-12,False,False,2026-09-24,2026-09-24,READY_INCREMENTAL,,sina_public_snapshot,2026-09-24,10.13,10.09004342802502,4.3428025021441385e-05
002197.SZ,SZ_MAIN,2007-12-18,False,False,2026-09-24,2026-09-24,READY_INCREMENTAL,,sina_public_snapshot,2026-09-24,6.5,6.520016450503045,1.6450503045106757e-05
002198.SZ,SZ_MAIN,2007-12-18,True,False,2026-09-24,2026-09-24,READY_INCREMENTAL,,sina_public_snapshot,2026-09-24,3.61,3.630001307202687,1.3072026869842546e-06
002199.SZ,SZ_MAIN,2007-12-21,False,False,2026-09-24,2026-09-24,READY_INCREMENTAL,,sina_public_snapshot,2026-09-24,12.1,12.449968617847698,3.138215230080732e-05
002200.SZ,SZ_MAIN,2007-12-21,False,False,2026-09-24,2026-09-24,READY_INCREMENTAL,,sina_public_snapshot,2026-09-24,6.83,6.499995241584743,4.758415257377635e-06
002201.SZ,SZ_MAIN,2007-12-26,False,False,2026-09-24,2026-09-24,READY_INCREMENTAL,,sina_public_snapshot,2026-09-24,9.87,10.039976807348408,2.319265159123063e-05
002202.SZ,SZ_MAIN,2007-12-26,False,False,2026-09-24,2026-09-24,READY_INCREMENTAL,,sina_public_snapshot,2026-09-24,17.9,17.829928381460856,7.16185391418378e-05
002203.SZ,SZ_MAIN,2008-01-16,False,False,2026-09-24,2026-09-24,READY_INCREMENTAL,,sina_public_snapshot,2026-09-24,17.78,18.529905266119872,9.47338801289277e-05
002204.SZ,SZ_MAIN,2008-01-16,False,False,2026-09-24,2026-09-24,READY_INCREMENTAL,,sina_public_snapshot,2026-09-24,5.41,5.379979713200343,2.0286799657043275e-05
002205.SZ,SZ_MAIN,2008-01-23,False,False,2026-09-24,2026-09-24,READY_INCREMENTAL,,sina_public_snapshot,2026-09-24,12.78,11.619977632906902,2.2367093096775648e-05
002206.SZ,SZ_MAIN,2008-01-23,False,False,2026-09-24,2026-09-24,READY_INCREMENTAL,,sina_public_snapshot,2026-09-24,4.87,4.980008385229725,8.385229724794385e-06
002207.SZ,SZ_MAIN,2008-01-28,True,False,2026-09-24,2026-09-24,READY_INCREMENTAL,,sina_public_snapshot,2026-09-24,5.38,5.4499777138457794,2.228615422072977e-05
002208.SZ,SZ_MAIN,2008-01-28,False,False,2026-09-24,2026-09-24,READY_INCREMENTAL,,sina_public_snapshot,2026-09-24,10.08,10.340052315740884,5.231574088426783e-05
002209.SZ,SZ_MAIN,2008-01-30,False,False,2026-09-24,2026-09-24,READY_INCREMENTAL,,sina_public_snapshot,2026-09-24,13.34,13.620027770971168,2.777097116890559e-05
002210.SZ,SZ_MAIN,2008-01-30,False,False,2026-09-24,2026-09-24,READY_INCREMENTAL,,sina_public_snapshot,2026-09-24,2.11,2.089998712323068,1.2876769317493595e-06
002211.SZ,SZ_MAIN,2008-02-01,True,False,2026-09-24,2026-09-24,READY_INCREMENTAL,,sina_public_snapshot,2026-09-24,3.8,3.809982153241492,1.7846758507911176e-05
002212.SZ,SZ_MAIN,2008-02-01,False,False,2026-09-24,2026-09-24,READY_INCREMENTAL,,sina_public_snapshot,2026-09-24,6.93,7.059974123615766,2.587638423356964e-05
002213.SZ,SZ_MAIN,2008-02-01,False,False,2026-09-24,2026-09-24,READY_INCREMENTAL,,sina_public_snapshot,2026-09-24,29.2,29.339951568984056,4.843101594431687e-05
002214.SZ,SZ_MAIN,2008-02-18,False,False,2026-09-24,2026-09-24,READY_INCREMENTAL,,sina_public_snapshot,2026-09-24,18.22,18.540000407025257,4.070252579424505e-07
002215.SZ,SZ_MAIN,2008-02-18,False,False,2026-09-24,2026-09-24,READY_INCREMENTAL,,sina_public_snapshot,2026-09-24,9.62,9.759957794777105,4.220522289699602e-05
002216.SZ,SZ_MAIN,2008-02-20,False,False,2026-09-24,2026-09-24,READY_INCREMENTAL,,sina_public_snapshot,2026-09-24,11.49,11.56994834305048,5.165694952147248e-05
002217.SZ,SZ_MAIN,2008-02-20,True,False,2026-09-24,2026-09-24,READY_INCREMENTAL,,sina_public_snapshot,2026-09-24,1.56,1.5500024839783395,2.483978339684612e-06
002218.SZ,SZ_MAIN,2008-02-28,False,False,2026-09-24,2026-09-24,READY_INCREMENTAL,,sina_public_snapshot,2026-09-24,3.77,3.890006706908116,6.706908115550192e-06
002219.SZ,SZ_MAIN,2008-03-06,False,False,2026-09-24,2026-09-24,READY_INCREMENTAL,,sina_public_snapshot,2026-09-24,2.06,2.080009693249056,9.693249055864328e-06
002221.SZ,SZ_MAIN,2008-03-06,False,False,2026-09-24,2026-09-24,READY_INCREMENTAL,,sina_public_snapshot,2026-09-24,5.71,5.70002495632643,2.495632642940393e-05
002222.SZ,SZ_MAIN,2008-03-19,False,False,2026-09-24,2026-09-24,READY_INCREMENTAL,,sina_public_snapshot,2026-09-24,68.07,69.93014177111156,0.0001417711115578
002223.SZ,SZ_MAIN,2008-04-18,False,False,2026-09-24,2026-09-24,READY_INCREMENTAL,,sina_public_snapshot,2026-09-24,26.38,26.78009461352608,9.46135260768699e-05
002224.SZ,SZ_MAIN,2008-04-25,False,False,2026-09-24,2026-09-24,READY_INCREMENTAL,,sina_public_snapshot,2026-09-24,3.74,3.7099862115485727,1.3788451427299007e-05
002225.SZ,SZ_MAIN,2008-04-25,False,False,2026-09-24,2026-09-24,READY_INCREMENTAL,,sina_public_snapshot,2026-09-24,3.44,3.4900118700985114,1.1870098511224114e-05
002226.SZ,SZ_MAIN,2008-05-06,False,False,2026-09-24,2026-09-24,READY_INCREMENTAL,,sina_public_snapshot,2026-09-24,4.99,5.15001083669615,1.0836696149318923e-05
002227.SZ,SZ_MAIN,2008-05-06,True,False,2026-09-24,2026-09-24,READY_INCREMENTAL,,sina_public_snapshot,2026-09-24,6.35,6.460014039085628,1.403908562824796e-05
002228.SZ,SZ_MAIN,2008-05-08,False,False,2026-09-24,2026-09-24,READY_INCREMENTAL,,sina_public_snapshot,2026-09-24,3.27,3.1699869128980662,1.3087101933706435e-05
002229.SZ,SZ_MAIN,2008-05-08,False,False,2026-09-24,2026-09-24,READY_INCREMENTAL,,sina_public_snapshot,2026-09-24,10.52,10.620040784187042,4.078418704267506e-05
002230.SZ,SZ_MAIN,2008-05-12,False,False,2026-09-24,2026-09-24,READY_INCREMENTAL,,sina_public_snapshot,2026-09-24,38.32,38.71997736619277,2.2633807226668523e-05
002232.SZ,SZ_MAIN,2008-05-09,False,False,2026-09-24,2026-09-24,READY_INCREMENTAL,,sina_public_snapshot,2026-09-24,14.8,15.160051216389244,5.121638924521221e-05
002233.SZ,SZ_MAIN,2008-05-16,False,False,2026-09-24,2026-09-24,REPAIRED_FULL_HISTORY,QFQ_CONTINUITY_BREAK,sina_daily,2026-09-24,6.73,6.990029081844621,0.1299709181553794
002234.SZ,SZ_MAIN,2008-05-16,False,False,2026-09-24,2026-09-24,READY_INCREMENTAL,,sina_public_snapshot,2026-09-24,7.75,7.8300228333569075,2.283335690744792e-05
002235.SZ,SZ_MAIN,2008-05-16,False,False,2026-09-24,2026-09-24,READY_INCREMENTAL,,sina_public_snapshot,2026-09-24,7.77,7.84001130091719,1.1300917190482096e-05
002236.SZ,SZ_MAIN,2008-05-20,False,False,2026-09-24,2026-09-24,READY_INCREMENTAL,,sina_public_snapshot,2026-09-24,15.54,15.850026518705889,2.6518705887212946e-05
002237.SZ,SZ_MAIN,2008-05-20,False,False,2026-09-24,2026-09-24,READY_INCREMENTAL,,sina_public_snapshot,2026-09-24,12.84,13.330011212158963,1.1212158963047614e-05
002238.SZ,SZ_MAIN,2008-05-26,False,False,2026-09-24,2026-09-24,READY_INCREMENTAL,,sina_public_snapshot,2026-09-24,8.43,7.660015265510849,1.5265510849182817e-05
002239.SZ,SZ_MAIN,2008-05-22,False,False,2026-09-24,2026-09-24,READY_INCREMENTAL,,sina_public_snapshot,2026-09-24,2.47,2.479994377340683,5.622659316806278e-06
002240.SZ,SZ_MAIN,2008-05-23,False,False,2026-09-24,2026-09-24,READY_INCREMENTAL,,sina_public_snapshot,2026-09-24,25.69,26.620106521874288,0.0001065218742866
002241.SZ,SZ_MAIN,2008-05-22,False,False,2026-09-24,2026-09-24,READY_INCREMENTAL,,sina_public_snapshot,2026-09-24,23.94,24.45002757521907,2.7575219071707124e-05
002242.SZ,SZ_MAIN,2008-05-28,False,False,2026-09-24,2026-09-24,READY_INCREMENTAL,,sina_public_snapshot,2026-09-24,9.39,9.760001663046078,1.6630460777378175e-06
002243.SZ,SZ_MAIN,2008-05-28,False,False,2026-09-24,2026-09-24,READY_INCREMENTAL,,sina_public_snapshot,2026-09-24,6.94,7.0499796830556685,2.031694433135556e-05
002244.SZ,SZ_MAIN,2008-05-29,False,False,2026-09-24,2026-09-24,READY_INCREMENTAL,,sina_public_snapshot,2026-09-24,8.32,8.600016538493344,1.6538493344597782e-05
002245.SZ,SZ_MAIN,2008-06-05,False,False,2026-09-24,2026-09-24,READY_INCREMENTAL,,sina_public_snapshot,2026-09-24,16.76,16.859979679499432,2.032050056754997e-05
002246.SZ,SZ_MAIN,2008-06-05,False,False,2026-09-24,2026-09-24,READY_INCREMENTAL,,sina_public_snapshot,2026-09-24,26.0,25.590047440011027,4.744001102707784e-05
002247.SZ,SZ_MAIN,2008-06-12,False,False,2026-09-24,2026-09-24,READY_INCREMENTAL,,sina_public_snapshot,2026-09-24,2.45,2.4399960163330348,3.98366696519048e-06
002248.SZ,SZ_MAIN,2008-06-12,False,False,2026-09-24,2026-09-24,READY_INCREMENTAL,,sina_public_snapshot,2026-09-24,9.48,9.540006641776776,6.641776776561414e-06
002249.SZ,SZ_MAIN,2008-06-19,False,False,2026-09-24,2026-09-24,READY_INCREMENTAL,,sina_public_snapshot,2026-09-24,6.45,6.4400179721431785,1.7972143178113242e-05
002250.SZ,SZ_MAIN,2008-06-19,False,False,2026-09-24,2026-09-24,READY_INCREMENTAL,,sina_public_snapshot,2026-09-24,14.51,14.73994311255587,5.688744412957192e-05
002251.SZ,SZ_MAIN,2008-06-19,False,False,2026-09-24,2026-09-24,READY_INCREMENTAL,,sina_public_snapshot,2026-09-24,3.44,3.479985027971391,1.4972028608895016e-05
002252.SZ,SZ_MAIN,2008-06-23,False,False,2026-09-24,2026-09-24,READY_INCREMENTAL,,sina_public_snapshot,2026-09-24,5.02,4.970001782072352,1.7820723519079706e-06
002253.SZ,SZ_MAIN,2008-06-23,False,False,2026-09-24,2026-09-24,READY_INCREMENTAL,,sina_public_snapshot,2026-09-24,8.7,9.23998470623221,1.5293767789970047e-05
002254.SZ,SZ_MAIN,2008-06-25,False,False,2026-09-24,2026-09-24,READY_INCREMENTAL,,sina_public_snapshot,2026-09-24,12.39,12.750061743640408,6.174364040667513e-05
002255.SZ,SZ_MAIN,2008-06-25,False,False,2026-09-24,2026-09-24,READY_INCREMENTAL,,sina_public_snapshot,2026-09-24,7.52,7.589979612022851,2.0387977149205483e-05
002256.SZ,SZ_MAIN,2008-06-25,False,False,2026-09-24,2026-09-24,READY_INCREMENTAL,,sina_public_snapshot,2026-09-24,3.14,3.169988087305914,1.1912694085847164e-05
002258.SZ,SZ_MAIN,2008-07-08,False,False,2026-09-24,2026-09-24,READY_INCREMENTAL,,sina_public_snapshot,2026-09-24,14.23,14.740004143360265,4.143360264663443e-06
002259.SZ,SZ_MAIN,2008-07-16,False,False,2026-09-24,2026-09-24,READY_INCREMENTAL,,sina_public_snapshot,2026-09-24,4.74,4.780008672589575,8.672589574487688e-06
002261.SZ,SZ_MAIN,2008-07-23,False,False,2026-09-24,2026-09-24,READY_INCREMENTAL,,sina_public_snapshot,2026-09-24,24.93,25.23994654355485,5.345644514775927e-05
002262.SZ,SZ_MAIN,2008-07-23,False,False,2026-09-24,2026-09-24,READY_INCREMENTAL,,sina_public_snapshot,2026-09-24,21.16,21.99995841217692,4.158782308394393e-05
002263.SZ,SZ_MAIN,2008-07-28,False,False,2026-09-24,2026-09-24,READY_INCREMENTAL,,sina_public_snapshot,2026-09-24,3.16,3.169985454180669,1.4545819330802344e-05
002264.SZ,SZ_MAIN,2008-07-31,False,False,2026-09-24,2026-09-24,REPAIRED_FULL_HISTORY,QFQ_CONTINUITY_BREAK,sina_daily,2026-09-24,8.13,7.389968549457343,0.0500314505426571
002265.SZ,SZ_MAIN,2008-08-06,False,False,2026-09-24,2026-09-24,READY_INCREMENTAL,,sina_public_snapshot,2026-09-24,19.36,19.6199645300228,3.546997719894307e-05
002266.SZ,SZ_MAIN,2008-08-06,False,False,2026-09-24,2026-09-24,READY_INCREMENTAL,,sina_public_snapshot,2026-09-24,4.59,4.789981737542394,1.8262457605722204e-05
002267.SZ,SZ_MAIN,2008-08-13,False,False,2026-09-24,2026-09-24,READY_INCREMENTAL,,sina_public_snapshot,2026-09-24,7.12,7.12,0.0
002268.SZ,SZ_MAIN,2008-08-11,False,False,2026-09-24,2026-09-24,READY_INCREMENTAL,,sina_public_snapshot,2026-09-24,14.74,14.919934408972203,6.5591027794909e-05
002269.SZ,SZ_MAIN,2008-08-28,False,False,2026-09-24,2026-09-24,READY_INCREMENTAL,,sina_public_snapshot,2026-09-24,1.39,1.39,0.0
002270.SZ,SZ_MAIN,2008-09-05,False,False,2026-09-24,2026-09-24,READY_INCREMENTAL,,sina_public_snapshot,2026-09-24,17.75,17.930017374439373,1.7374439373440964e-05
002271.SZ,SZ_MAIN,2008-09-10,False,False,2026-09-24,2026-09-24,READY_INCREMENTAL,,sina_public_snapshot,2026-09-24,10.4,10.700028807769868,2.8807769867356114e-05
002272.SZ,SZ_MAIN,2008-09-19,False,False,2026-09-24,2026-09-24,READY_INCREMENTAL,,sina_public_snapshot,2026-09-24,15.55,16.02002761007974,2.761007974072527e-05
002273.SZ,SZ_MAIN,2008-09-19,False,False,2026-09-24,2026-09-24,READY_INCREMENTAL,,sina_public_snapshot,2026-09-24,25.17,26.19010457312315,0.0001045731231492
002274.SZ,SZ_MAIN,2008-09-25,False,False,2026-09-24,2026-09-24,READY_INCREMENTAL,,sina_public_snapshot,2026-09-24,5.95,6.139970693249128,2.9306750871427312e-05
002275.SZ,SZ_MAIN,2009-07-10,False,False,2026-09-24,2026-09-24,READY_INCREMENTAL,,sina_public_snapshot,2026-09-24,12.1,12.230004952646636,4.952646634137636e-06
002276.SZ,SZ_MAIN,2009-07-10,False,False,2026-09-24,2026-09-24,READY_INCREMENTAL,,sina_public_snapshot,2026-09-24,9.82,9.909982642392928,1.7357607072554515e-05
002277.SZ,SZ_MAIN,2009-07-17,False,False,2026-09-24,2026-09-24,READY_INCREMENTAL,,sina_public_snapshot,2026-09-24,5.25,5.3599869318413855,1.3068158614792935e-05
002278.SZ,SZ_MAIN,2009-08-11,False,False,2026-09-24,2026-09-24,READY_INCREMENTAL,,sina_public_snapshot,2026-09-24,7.96,7.910008744733285,8.744733285048767e-06
002279.SZ,SZ_MAIN,2009-08-11,False,False,2026-09-24,2026-09-24,READY_INCREMENTAL,,sina_public_snapshot,2026-09-24,6.57,6.659976279536539,2.372046346099665e-05
002281.SZ,SZ_MAIN,2009-08-21,False,False,2026-09-24,2026-09-24,READY_INCREMENTAL,,sina_public_snapshot,2026-09-24,181.99,190.0004176062808,0.0004176062807914
002282.SZ,SZ_MAIN,2009-08-21,False,False,2026-09-24,2026-09-24,READY_INCREMENTAL,,sina_public_snapshot,2026-09-24,6.05,6.069970201964463,2.979803553770921e-05
002283.SZ,SZ_MAIN,2009-08-21,False,False,2026-09-24,2026-09-24,READY_INCREMENTAL,,sina_public_snapshot,2026-09-24,8.01,7.99002493765586,2.493765586031316e-05
002284.SZ,SZ_MAIN,2009-08-28,False,False,2026-09-24,2026-09-24,READY_INCREMENTAL,,sina_public_snapshot,2026-09-24,9.51,9.589980436843272,1.956315672657638e-05
002285.SZ,SZ_MAIN,2009-08-28,False,False,2026-09-24,2026-09-24,READY_INCREMENTAL,,sina_public_snapshot,2026-09-24,3.26,3.1700035978568444,3.5978568444505754e-06
002286.SZ,SZ_MAIN,2009-08-28,False,False,2026-09-24,2026-09-24,READY_INCREMENTAL,,sina_public_snapshot,2026-09-24,8.46,8.749974143102415,2.5856897584830563e-05
002287.SZ,SZ_MAIN,2009-08-28,False,False,2026-09-24,2026-09-24,READY_INCREMENTAL,,sina_public_snapshot,2026-09-24,19.38,19.550085745990117,8.574599011268447e-05
002289.SZ,SZ_MAIN,2009-09-03,False,False,2026-09-24,2026-09-24,READY_INCREMENTAL,,sina_public_snapshot,2026-09-24,34.91,35.940041592027505,4.159202750741997e-05
002290.SZ,SZ_MAIN,2009-09-03,False,False,2026-09-24,2026-09-24,READY_INCREMENTAL,,sina_public_snapshot,2026-09-24,73.89,74.649936352064,6.364793600255325e-05
002291.SZ,SZ_MAIN,2009-09-03,False,False,2026-09-24,2026-09-24,READY_INCREMENTAL,,sina_public_snapshot,2026-09-24,5.45,5.4900222622921095,2.226229210933184e-05
002292.SZ,SZ_MAIN,2009-09-10,False,False,2026-09-24,2026-09-24,READY_INCREMENTAL,,sina_public_snapshot,2026-09-24,8.73,8.709967075725832,3.2924274169232604e-05
002293.SZ,SZ_MAIN,2009-09-10,False,False,2026-09-24,2026-09-24,READY_INCREMENTAL,,sina_public_snapshot,2026-09-24,10.75,10.7799683119071,3.168809289810781e-05
002294.SZ,SZ_MAIN,2009-09-10,False,False,2026-09-24,2026-09-24,READY_INCREMENTAL,,sina_public_snapshot,2026-09-24,30.22,30.979937876100752,6.21238992479789e-05
002295.SZ,SZ_MAIN,2009-09-29,False,False,2026-09-24,2026-09-24,READY_INCREMENTAL,,sina_public_snapshot,2026-09-24,9.88,10.18000473967832,4.739678320930807e-06
002296.SZ,SZ_MAIN,2009-09-29,False,False,2026-09-24,2026-09-24,READY_INCREMENTAL,,sina_public_snapshot,2026-09-24,9.43,9.550044053755707,4.405375570826209e-05
002297.SZ,SZ_MAIN,2009-09-29,False,False,2026-09-24,2026-09-24,READY_INCREMENTAL,,sina_public_snapshot,2026-09-24,22.47,21.29999146862825,8.531371751274719e-06
002298.SZ,SZ_MAIN,2009-09-29,False,False,2026-09-24,2026-09-24,READY_INCREMENTAL,,sina_public_snapshot,2026-09-24,8.56,8.619995166357851,4.833642147872297e-06
002299.SZ,SZ_MAIN,2009-10-21,False,False,2026-09-24,2026-09-24,READY_INCREMENTAL,,sina_public_snapshot,2026-09-24,15.7,15.910012160518848,1.2160518847892376e-05
002300.SZ,SZ_MAIN,2009-10-21,False,False,2026-09-24,2026-09-24,READY_INCREMENTAL,,sina_public_snapshot,2026-09-24,8.19,7.979967261672773,3.273832722783254e-05
002301.SZ,SZ_MAIN,2009-10-21,False,False,2026-09-24,2026-09-24,READY_INCREMENTAL,,sina_public_snapshot,2026-09-24,8.91,8.760028315243039,2.8315243039145344e-05
002302.SZ,SZ_MAIN,2009-11-03,False,False,2026-09-24,2026-09-24,READY_INCREMENTAL,,sina_public_snapshot,2026-09-24,4.69,4.79001552414413,1.552414413019676e-05
002303.SZ,SZ_MAIN,2009-11-03,False,False,2026-09-24,2026-09-24,READY_INCREMENTAL,,sina_public_snapshot,2026-09-24,6.35,6.700008440955515,8.440955514998905e-06
002304.SZ,SZ_MAIN,2009-11-06,False,False,2026-09-24,2026-09-24,READY_INCREMENTAL,,sina_public_snapshot,2026-09-24,37.47,38.03018461944441,0.0001846194444112
002305.SZ,SZ_MAIN,2009-11-06,True,False,2026-09-24,2026-09-24,READY_INCREMENTAL,,sina_public_snapshot,2026-09-24,2.01,2.019998995025376,1.0049746244078506e-06
002306.SZ,SZ_MAIN,2009-11-11,True,False,2026-09-24,2026-09-24,READY_INCREMENTAL,,sina_public_snapshot,2026-09-24,2.15,2.1899892028439303,1.0797156069664028e-05
002307.SZ,SZ_MAIN,2009-11-11,False,False,2026-09-24,2026-09-24,READY_INCREMENTAL,,sina_public_snapshot,2026-09-24,2.93,2.9900094904738097,9.490473809492528e-06
002309.SZ,SZ_MAIN,2009-11-27,False,False,2026-09-24,2026-09-24,READY_INCREMENTAL,,sina_public_snapshot,2026-09-24,2.85,2.819995250534315,4.749465684739107e-06
002310.SZ,SZ_MAIN,2009-11-27,False,False,2026-09-24,2026-09-24,READY_INCREMENTAL,,sina_public_snapshot,2026-09-24,2.26,2.2300064137352607,6.413735260668574e-06
002311.SZ,SZ_MAIN,2009-11-27,False,False,2026-09-24,2026-09-24,READY_INCREMENTAL,,sina_public_snapshot,2026-09-24,41.1,41.43980641258318,0.0001935874168168
002312.SZ,SZ_MAIN,2009-12-03,False,False,2026-09-24,2026-09-24,READY_INCREMENTAL,,sina_public_snapshot,2026-09-24,8.21,8.409989551535515,1.0448464484724695e-05
002313.SZ,SZ_MAIN,2009-12-03,False,False,2026-09-24,2026-09-24,READY_INCREMENTAL,,sina_public_snapshot,2026-09-24,8.98,9.310040951739154,4.0951739153527456e-05
002314.SZ,SZ_MAIN,2009-12-03,False,False,2026-09-24,2026-09-24,READY_INCREMENTAL,,sina_public_snapshot,2026-09-24,2.27,2.3399890731787774,1.0926821222501104e-05
002315.SZ,SZ_MAIN,2009-12-09,False,False,2026-09-24,2026-09-24,READY_INCREMENTAL,,sina_public_snapshot,2026-09-24,24.76,25.5999338289271,6.6171072901966e-05
002316.SZ,SZ_MAIN,2009-12-09,False,False,2026-09-24,2026-09-24,READY_INCREMENTAL,,sina_public_snapshot,2026-09-24,4.3,4.250019767533803,1.976753380272811e-05
002317.SZ,SZ_MAIN,2009-12-11,False,False,2026-09-24,2026-09-24,READY_INCREMENTAL,,sina_public_snapshot,2026-09-24,23.35,24.91995731056564,4.268943436613881e-05
002318.SZ,SZ_MAIN,2009-12-11,False,False,2026-09-24,2026-09-24,READY_INCREMENTAL,,sina_public_snapshot,2026-09-24,18.4,18.30991521713171,8.478286828861314e-05
002319.SZ,SZ_MAIN,2009-12-11,False,False,2026-09-24,2026-09-24,READY_INCREMENTAL,,sina_public_snapshot,2026-09-24,10.22,10.06004528004725,4.5280047249463e-05
002320.SZ,SZ_MAIN,2009-12-16,False,False,2026-09-24,2026-09-24,READY_INCREMENTAL,,sina_public_snapshot,2026-09-24,6.76,6.410013275175422,1.3275175422045038e-05
002321.SZ,SZ_MAIN,2009-12-16,False,False,2026-09-24,2026-09-24,READY_INCREMENTAL,,sina_public_snapshot,2026-09-24,2.27,2.0600032669655337,3.2669655336547976e-06
002322.SZ,SZ_MAIN,2009-12-18,False,False,2026-09-24,2026-09-24,READY_INCREMENTAL,,sina_public_snapshot,2026-09-24,11.99,11.99995996677242,4.00332275791726e-05
002323.SZ,SZ_MAIN,2009-12-18,True,False,2026-09-24,2026-09-24,READY_INCREMENTAL,,sina_public_snapshot,2026-09-24,1.25,1.25,0.0
002324.SZ,SZ_MAIN,2009-12-18,False,False,2026-09-24,2026-09-24,READY_INCREMENTAL,,sina_public_snapshot,2026-09-24,8.99,9.129962322402427,3.767759757167255e-05
002326.SZ,SZ_MAIN,2009-12-22,False,False,2026-09-24,2026-09-24,READY_INCREMENTAL,,sina_public_snapshot,2026-09-24,16.57,16.960081883316274,8.188331627323464e-05
002327.SZ,SZ_MAIN,2009-12-30,False,False,2026-09-24,2026-09-24,READY_INCREMENTAL,,sina_public_snapshot,2026-09-24,6.14,6.11998764041584,1.2359584160570591e-05
002328.SZ,SZ_MAIN,2009-12-30,False,False,2026-09-24,2026-09-24,READY_INCREMENTAL,,sina_public_snapshot,2026-09-24,8.75,8.920015495341204,1.549534120393048e-05
002329.SZ,SZ_MAIN,2010-01-06,False,False,2026-09-24,2026-09-24,READY_INCREMENTAL,,sina_public_snapshot,2026-09-24,3.6,3.629983665073508,1.6334926492334034e-05
002330.SZ,SZ_MAIN,2010-01-06,False,False,2026-09-24,2026-09-24,READY_INCREMENTAL,,sina_public_snapshot,2026-09-24,4.05,4.0799879111469295,1.208885307057983e-05
002331.SZ,SZ_MAIN,2010-01-06,False,False,2026-09-24,2026-09-24,READY_INCREMENTAL,,sina_public_snapshot,2026-09-24,6.8,6.840014082381934,1.4082381934343856e-05
002332.SZ,SZ_MAIN,2010-01-12,False,False,2026-09-24,2026-09-24,READY_INCREMENTAL,,sina_public_snapshot,2026-09-24,8.61,8.730038022813687,3.8022813686922063e-05
002333.SZ,SZ_MAIN,2010-01-12,False,False,2026-09-24,2026-09-24,READY_INCREMENTAL,,sina_public_snapshot,2026-09-24,5.47,5.790014078096387,1.4078096387315496e-05
002334.SZ,SZ_MAIN,2010-01-13,False,False,2026-09-24,2026-09-24,READY_INCREMENTAL,,sina_public_snapshot,2026-09-24,6.5,6.5400249527105885,2.495271058844395e-05
002335.SZ,SZ_MAIN,2010-01-13,False,False,2026-09-24,2026-09-24,READY_INCREMENTAL,,sina_public_snapshot,2026-09-24,31.85,32.629853498616946,0.0001465013830568
002337.SZ,SZ_MAIN,2010-01-15,False,False,2026-09-24,2026-09-24,READY_INCREMENTAL,,sina_public_snapshot,2026-09-24,4.79,4.870014335532804,1.4335532803499971e-05
002338.SZ,SZ_MAIN,2010-01-15,False,False,2026-09-24,2026-09-24,READY_INCREMENTAL,,sina_public_snapshot,2026-09-24,45.85,46.69993888775719,6.111224281823979e-05
002339.SZ,SZ_MAIN,2010-01-22,False,False,2026-09-24,2026-09-24,READY_INCREMENTAL,,sina_public_snapshot,2026-09-24,7.55,7.490005059473615,5.059473615176557e-06
002340.SZ,SZ_MAIN,2010-01-22,False,False,2026-09-24,2026-09-24,READY_INCREMENTAL,,sina_public_snapshot,2026-09-24,6.12,6.220017887633141,1.7887633140922787e-05
002342.SZ,SZ_MAIN,2010-01-26,False,False,2026-09-24,2026-09-24,READY_INCREMENTAL,,sina_public_snapshot,2026-09-24,7.89,7.539993501653257,6.498346743377681e-06
002343.SZ,SZ_MAIN,2010-01-26,False,False,2026-09-24,2026-09-24,READY_INCREMENTAL,,sina_public_snapshot,2026-09-24,5.72,5.799981748309183,1.8251690816484256e-05
002344.SZ,SZ_MAIN,2010-01-26,False,False,2026-09-24,2026-09-24,READY_INCREMENTAL,,sina_public_snapshot,2026-09-24,3.99,3.980010174462101,1.0174462100387416e-05
002345.SZ,SZ_MAIN,2010-01-28,False,False,2026-09-24,2026-09-24,READY_INCREMENTAL,,sina_public_snapshot,2026-09-24,8.47,8.609998576859741,1.423140258083322e-06
002346.SZ,SZ_MAIN,2010-01-28,False,False,2026-09-24,2026-09-24,READY_INCREMENTAL,,sina_public_snapshot,2026-09-24,18.41,18.52000885258435,8.852584350904635e-06
002347.SZ,SZ_MAIN,2010-01-28,False,False,2026-09-24,2026-09-24,READY_INCREMENTAL,,sina_public_snapshot,2026-09-24,5.84,5.759993687678151,6.312321849222258e-06
002348.SZ,SZ_MAIN,2010-02-03,False,False,2026-09-24,2026-09-24,READY_INCREMENTAL,,sina_public_snapshot,2026-09-24,11.01,10.860023081247965,2.3081247965350823e-05
002349.SZ,SZ_MAIN,2010-02-03,False,False,2026-09-24,2026-09-24,READY_INCREMENTAL,,sina_public_snapshot,2026-09-24,8.46,8.570039304671988,3.9304671988205087e-05
002350.SZ,SZ_MAIN,2010-02-03,False,False,2026-09-24,2026-09-24,READY_INCREMENTAL,,sina_public_snapshot,2026-09-24,13.71,13.940010167768175,1.0167768175861625e-05
002351.SZ,SZ_MAIN,2010-02-05,False,False,2026-09-24,2026-09-24,READY_INCREMENTAL,,sina_public_snapshot,2026-09-24,9.87,10.02997815151669,2.184848330877287e-05
002352.SZ,SZ_MAIN,2010-02-05,False,False,2026-09-24,2026-09-24,READY_INCREMENTAL,,sina_public_snapshot,2026-09-24,30.54,30.889983513204605,1.6486795395564968e-05
002353.SZ,SZ_MAIN,2010-02-05,False,False,2026-09-24,2026-09-24,READY_INCREMENTAL,,sina_public_snapshot,2026-09-24,116.02,116.84021833269551,0.0002183326955247
002354.SZ,SZ_MAIN,2010-02-09,False,False,2026-09-24,2026-09-24,READY_INCREMENTAL,,sina_public_snapshot,2026-09-24,7.48,7.5299991946524925,8.053475077929306e-07
002355.SZ,SZ_MAIN,2010-02-09,False,False,2026-09-24,2026-09-24,READY_INCREMENTAL,,sina_public_snapshot,2026-09-24,4.64,4.609988971793623,1.1028206377439176e-05
002356.SZ,SZ_MAIN,2010-02-09,False,False,2026-09-24,2026-09-24,READY_INCREMENTAL,,sina_public_snapshot,2026-09-24,2.67,2.6899866004412787,1.3399558721260972e-05
002357.SZ,SZ_MAIN,2010-02-10,False,False,2026-09-24,2026-09-24,READY_INCREMENTAL,,sina_public_snapshot,2026-09-24,11.72,11.950038236043843,3.823604384578516e-05
002358.SZ,SZ_MAIN,2010-02-10,False,False,2026-09-24,2026-09-24,READY_INCREMENTAL,,sina_public_snapshot,2026-09-24,5.13,5.170015923245924,1.592324592358807e-05
002360.SZ,SZ_MAIN,2010-03-03,True,False,2026-09-24,2026-09-24,READY_INCREMENTAL,,sina_public_snapshot,2026-09-24,5.5,5.340013204396287,1.3204396287491704e-05
002361.SZ,SZ_MAIN,2010-03-03,False,False,2026-09-24,2026-09-24,READY_INCREMENTAL,,sina_public_snapshot,2026-09-24,10.14,10.10000398422248,3.9842224808239735e-06
002362.SZ,SZ_MAIN,2010-03-03,False,False,2026-09-24,2026-09-24,READY_INCREMENTAL,,sina_public_snapshot,2026-09-24,15.75,15.930009102862345,9.102862344789742e-06
002363.SZ,SZ_MAIN,2010-03-05,False,False,2026-09-24,2026-09-24,READY_INCREMENTAL,,sina_public_snapshot,2026-09-24,6.9,6.869978195286598,2.180471340196277e-05
002364.SZ,SZ_MAIN,2010-03-05,False,False,2026-09-24,2026-09-24,READY_INCREMENTAL,,sina_public_snapshot,2026-09-24,34.92,36.34017399991675,0.0001739999167469
002365.SZ,SZ_MAIN,2010-03-05,False,False,2026-09-24,2026-09-24,READY_INCREMENTAL,,sina_public_snapshot,2026-09-24,13.48,13.839977823180936,2.2176819063801645e-05
002366.SZ,SZ_MAIN,2010-03-12,False,False,2026-09-24,2026-09-24,READY_INCREMENTAL,,sina_public_snapshot,2026-09-24,5.58,5.58,0.0
002367.SZ,SZ_MAIN,2010-03-12,False,False,2026-09-24,2026-09-24,READY_INCREMENTAL,,sina_public_snapshot,2026-09-24,5.97,6.189992327312693,7.672687307724857e-06
002368.SZ,SZ_MAIN,2010-03-12,False,False,2026-09-24,2026-09-24,READY_INCREMENTAL,,sina_public_snapshot,2026-09-24,12.98,13.119990296463262,9.703536736793694e-06
002369.SZ,SZ_MAIN,2010-03-16,False,False,2026-09-24,2026-09-24,READY_INCREMENTAL,,sina_public_snapshot,2026-09-24,5.56,5.639974843277677,2.515672232306088e-05
002370.SZ,SZ_MAIN,2010-03-16,False,False,2026-09-24,2026-09-24,READY_INCREMENTAL,,sina_public_snapshot,2026-09-24,5.12,5.239995906253198,4.093746801991927e-06
002371.SZ,SZ_MAIN,2010-03-16,False,False,2026-09-24,2026-09-24,READY_INCREMENTAL,,sina_public_snapshot,2026-09-24,653.06,668.1467536985124,0.0032463014875929
002372.SZ,SZ_MAIN,2010-03-18,False,False,2026-09-24,2026-09-24,READY_INCREMENTAL,,sina_public_snapshot,2026-09-24,8.17,8.260034374684055,3.437468405564914e-05
002373.SZ,SZ_MAIN,2010-03-18,False,False,2026-09-24,2026-09-24,READY_INCREMENTAL,,sina_public_snapshot,2026-09-24,7.29,7.380036444624418,3.6444624417875104e-05
002374.SZ,SZ_MAIN,2010-03-18,False,False,2026-09-24,2026-09-24,READY_INCREMENTAL,,sina_public_snapshot,2026-09-24,3.22,3.239990742883592,9.257116408090129e-06
002375.SZ,SZ_MAIN,2010-03-23,False,False,2026-09-24,2026-09-24,READY_INCREMENTAL,,sina_public_snapshot,2026-09-24,3.85,3.950014363688595,1.4363688594976054e-05
002376.SZ,SZ_MAIN,2010-03-23,False,False,2026-09-24,2026-09-24,READY_INCREMENTAL,,sina_public_snapshot,2026-09-24,6.75,6.730011864761658,1.1864761657598422e-05
002377.SZ,SZ_MAIN,2010-03-23,False,False,2026-09-24,2026-09-24,READY_INCREMENTAL,,sina_public_snapshot,2026-09-24,2.95,2.990006284081004,6.28408100356026e-06
002378.SZ,SZ_MAIN,2010-03-31,False,False,2026-09-24,2026-09-24,READY_INCREMENTAL,,sina_public_snapshot,2026-09-24,22.5,23.189899510435456,0.0001004895645451
002379.SZ,SZ_MAIN,2010-03-31,False,False,2026-09-24,2026-09-24,READY_INCREMENTAL,,sina_public_snapshot,2026-09-24,16.11,16.510038226221344,3.822622134208586e-05
002380.SZ,SZ_MAIN,2010-03-31,False,False,2026-09-24,2026-09-24,READY_INCREMENTAL,,sina_public_snapshot,2026-09-24,27.02,27.45990772170166,9.227829833946544e-05
002381.SZ,SZ_MAIN,2010-04-02,False,False,2026-09-24,2026-09-24,READY_INCREMENTAL,,sina_public_snapshot,2026-09-24,5.55,5.569996286669142,3.713330857912922e-06
002382.SZ,SZ_MAIN,2010-04-02,False,False,2026-09-24,2026-09-24,READY_INCREMENTAL,,sina_public_snapshot,2026-09-24,5.95,5.8599905452253385,9.454774661854516e-06
002383.SZ,SZ_MAIN,2010-04-02,False,False,2026-09-24,2026-09-24,READY_INCREMENTAL,,sina_public_snapshot,2026-09-24,8.3,8.519986039540948,1.3960459051887142e-05
002384.SZ,SZ_MAIN,2010-04-09,False,False,2026-09-24,2026-09-24,READY_INCREMENTAL,,sina_public_snapshot,2026-09-24,185.99,192.99975095467377,0.0002490453262282
002385.SZ,SZ_MAIN,2010-04-09,False,False,2026-09-24,2026-09-24,READY_INCREMENTAL,,sina_public_snapshot,2026-09-24,3.09,3.1399886188114787,1.138118852139769e-05
002386.SZ,SZ_MAIN,2010-04-09,False,False,2026-09-24,2026-09-24,READY_INCREMENTAL,,sina_public_snapshot,2026-09-24,5.95,6.0300183434171455,1.8343417145239016e-05
002387.SZ,SZ_MAIN,2010-04-13,False,False,2026-09-24,2026-09-24,READY_INCREMENTAL,,sina_public_snapshot,2026-09-24,6.87,6.940024850744008,2.4850744007487435e-05
002388.SZ,SZ_MAIN,2010-04-13,False,False,2026-09-24,2026-09-24,READY_INCREMENTAL,,sina_public_snapshot,2026-09-24,7.76,7.960035697067301,3.569706730122135e-05
002389.SZ,SZ_MAIN,2010-04-13,False,False,2026-09-24,2026-09-24,READY_INCREMENTAL,,sina_public_snapshot,2026-09-24,18.31,18.66006277770984,6.277770983587061e-05
002390.SZ,SZ_MAIN,2010-04-16,False,False,2026-09-24,2026-09-24,READY_INCREMENTAL,,sina_public_snapshot,2026-09-24,2.91,2.9599943037910306,5.696208969396821e-06
002391.SZ,SZ_MAIN,2010-04-16,False,False,2026-09-24,2026-09-24,READY_INCREMENTAL,,sina_public_snapshot,2026-09-24,5.12,5.139994578911967,5.421088032697696e-06
002392.SZ,SZ_MAIN,2010-04-23,False,False,2026-09-24,2026-09-24,READY_INCREMENTAL,,sina_public_snapshot,2026-09-24,7.6,7.640033776991435,3.377699143491952e-05
002393.SZ,SZ_MAIN,2010-04-23,False,False,2026-09-24,2026-09-24,READY_INCREMENTAL,,sina_public_snapshot,2026-09-24,13.82,13.930047374256628,4.737425662781902e-05
002394.SZ,SZ_MAIN,2010-04-23,False,False,2026-09-24,2026-09-24,READY_INCREMENTAL,,sina_public_snapshot,2026-09-24,10.23,10.329994345262138,5.654737861959802e-06
002395.SZ,SZ_MAIN,2010-04-29,False,False,2026-09-24,2026-09-24,READY_INCREMENTAL,,sina_public_snapshot,2026-09-24,14.05,12.770057169864485,5.716986448334183e-05
002396.SZ,SZ_MAIN,2010-06-23,False,False,2026-09-24,2026-09-24,READY_INCREMENTAL,,sina_public_snapshot,2026-09-24,36.65,36.51998883973056,1.1160269444587811e-05
002397.SZ,SZ_MAIN,2010-04-29,False,False,2026-09-24,2026-09-24,READY_INCREMENTAL,,sina_public_snapshot,2026-09-24,3.62,3.610000299171296,2.991712961808446e-07
002398.SZ,SZ_MAIN,2010-05-06,False,False,2026-09-24,2026-09-24,READY_INCREMENTAL,,sina_public_snapshot,2026-09-24,4.27,4.199986229553345,1.37704466549593e-05
002399.SZ,SZ_MAIN,2010-05-06,False,False,2026-09-24,2026-09-24,READY_INCREMENTAL,,sina_public_snapshot,2026-09-24,9.58,9.730037173210912,3.717321091123438e-05
002400.SZ,SZ_MAIN,2010-05-06,False,False,2026-09-24,2026-09-24,READY_INCREMENTAL,,sina_public_snapshot,2026-09-24,6.46,6.530001617337861,1.6173378609707356e-06
002401.SZ,SZ_MAIN,2010-05-06,False,False,2026-09-24,2026-09-24,READY_INCREMENTAL,,sina_public_snapshot,2026-09-24,12.06,12.110014359303923,1.43593039254597e-05
002402.SZ,SZ_MAIN,2010-05-11,False,False,2026-09-24,2026-09-24,READY_INCREMENTAL,,sina_public_snapshot,2026-09-24,18.37,18.72006521960665,6.521960664684912e-05
002403.SZ,SZ_MAIN,2010-05-11,False,False,2026-09-24,2026-09-24,READY_INCREMENTAL,,sina_public_snapshot,2026-09-24,10.33,10.100022487949392,2.2487949392413498e-05
002404.SZ,SZ_MAIN,2010-05-11,False,False,2026-09-24,2026-09-24,READY_INCREMENTAL,,sina_public_snapshot,2026-09-24,5.88,5.809989625018528,1.0374981472160982e-05
002405.SZ,SZ_MAIN,2010-05-18,False,False,2026-09-24,2026-09-24,READY_INCREMENTAL,,sina_public_snapshot,2026-09-24,5.95,6.039995939498528,4.060501471947475e-06
002406.SZ,SZ_MAIN,2010-05-18,False,False,2026-09-24,2026-09-24,READY_INCREMENTAL,,sina_public_snapshot,2026-09-24,6.45,6.400015876008374,1.5876008373716388e-05
002407.SZ,SZ_MAIN,2010-05-18,False,False,2026-09-24,2026-09-24,READY_INCREMENTAL,,sina_public_snapshot,2026-09-24,30.92,32.09000145297549,1.452975489257824e-06
002408.SZ,SZ_MAIN,2010-05-18,False,False,2026-09-24,2026-09-24,READY_INCREMENTAL,,sina_public_snapshot,2026-09-24,5.32,5.3699946501933,5.349806699861404e-06
002409.SZ,SZ_MAIN,2010-05-25,False,False,2026-09-24,2026-09-24,READY_INCREMENTAL,,sina_public_snapshot,2026-09-24,132.62,137.2806790538792,0.000679053879196
002410.SZ,SZ_MAIN,2010-05-25,False,False,2026-09-24,2026-09-24,READY_INCREMENTAL,,sina_public_snapshot,2026-09-24,8.4,8.459981267184338,1.873281566311391e-05
002412.SZ,SZ_MAIN,2010-05-25,False,False,2026-09-24,2026-09-24,READY_INCREMENTAL,,sina_public_snapshot,2026-09-24,9.1,9.409964221454718,3.577854528202806e-05
002413.SZ,SZ_MAIN,2010-05-28,False,False,2026-09-24,2026-09-24,READY_INCREMENTAL,,sina_public_snapshot,2026-09-24,8.97,8.150025894731103,2.589473110248264e-05
002414.SZ,SZ_MAIN,2010-07-16,False,False,2026-09-24,2026-09-24,READY_INCREMENTAL,,sina_public_snapshot,2026-09-24,11.88,12.020033388981638,3.338898163818271e-05
002415.SZ,SZ_MAIN,2010-05-28,False,False,2026-09-24,2026-09-24,READY_INCREMENTAL,,sina_public_snapshot,2026-09-24,32.63,33.110096397767634,9.639776763492593e-05
002416.SZ,SZ_MAIN,2010-05-28,False,False,2026-09-24,2026-09-24,READY_INCREMENTAL,,sina_public_snapshot,2026-09-24,9.06,9.009994530356522,5.46964347769574e-06
002418.SZ,SZ_MAIN,2010-06-01,False,False,2026-09-24,2026-09-24,READY_INCREMENTAL,,sina_public_snapshot,2026-09-24,4.47,4.540006906498202,6.9064982017863485e-06
002419.SZ,SZ_MAIN,2010-06-01,False,False,2026-09-24,2026-09-24,READY_INCREMENTAL,,sina_public_snapshot,2026-09-24,4.55,4.570016673027862,1.6673027861457967e-05
002420.SZ,SZ_MAIN,2010-06-01,False,False,2026-09-24,2026-09-24,READY_INCREMENTAL,,sina_public_snapshot,2026-09-24,6.08,6.110000100493423,1.0049342247242521e-07
002421.SZ,SZ_MAIN,2010-06-03,False,False,2026-09-24,2026-09-24,READY_INCREMENTAL,,sina_public_snapshot,2026-09-24,3.11,3.1599910585462005,8.941453799593546e-06
002422.SZ,SZ_MAIN,2010-06-03,False,False,2026-09-24,2026-09-24,READY_INCREMENTAL,,sina_public_snapshot,2026-09-24,38.86,41.70020066746075,0.0002006674607457
002423.SZ,SZ_MAIN,2010-06-03,False,False,2026-09-24,2026-09-24,READY_INCREMENTAL,,sina_public_snapshot,2026-09-24,9.05,9.229984701682817,1.5298317185497012e-05
002424.SZ,SZ_MAIN,2010-06-03,True,False,2026-09-24,2026-09-24,READY_INCREMENTAL,,sina_public_snapshot,2026-09-24,4.61,4.439992680272372,7.319727628463113e-06
002425.SZ,SZ_MAIN,2010-06-08,False,False,2026-09-24,2026-09-24,READY_INCREMENTAL,,sina_public_snapshot,2026-09-24,3.04,3.050004013163175,4.013163175109469e-06
002426.SZ,SZ_MAIN,2010-06-08,False,False,2026-09-24,2026-09-24,READY_INCREMENTAL,,sina_public_snapshot,2026-09-24,2.8,2.959987314340081,1.2685659918520996e-05
002427.SZ,SZ_MAIN,2010-06-08,False,False,2026-09-24,2026-09-24,READY_INCREMENTAL,,sina_public_snapshot,2026-09-24,4.52,4.559991122141177,8.877858822309292e-06
002428.SZ,SZ_MAIN,2010-06-08,False,False,2026-09-24,2026-09-24,READY_INCREMENTAL,,sina_public_snapshot,2026-09-24,91.63,94.38996250360542,3.7496394583058645e-05
002429.SZ,SZ_MAIN,2010-06-10,False,False,2026-09-24,2026-09-24,READY_INCREMENTAL,,sina_public_snapshot,2026-09-24,8.3,8.240012707489477,1.27074894766821e-05
002430.SZ,SZ_MAIN,2010-06-10,False,False,2026-09-24,2026-09-24,READY_INCREMENTAL,,sina_public_snapshot,2026-09-24,24.9,25.349961822346653,3.817765334801493e-05
002431.SZ,SZ_MAIN,2010-06-10,True,False,2026-09-24,2026-09-24,READY_INCREMENTAL,,sina_public_snapshot,2026-09-24,1.31,1.330003248862898,3.2488628980420486e-06
002432.SZ,SZ_MAIN,2010-06-10,False,False,2026-09-24,2026-09-24,READY_INCREMENTAL,,sina_public_snapshot,2026-09-24,61.68,63.32973971969814,0.0002602803018589
002434.SZ,SZ_MAIN,2010-06-18,False,False,2026-09-24,2026-09-24,READY_INCREMENTAL,,sina_public_snapshot,2026-09-24,6.17,6.18999367958506,6.320414940752528e-06
002436.SZ,SZ_MAIN,2010-06-18,False,False,2026-09-24,2026-09-24,READY_INCREMENTAL,,sina_public_snapshot,2026-09-24,43.31,45.900145193255405,0.0001451932554061
002437.SZ,SZ_MAIN,2010-06-23,False,False,2026-09-24,2026-09-24,READY_INCREMENTAL,,sina_public_snapshot,2026-09-24,3.5,3.6399941760093184,5.823990681719238e-06
002438.SZ,SZ_MAIN,2010-06-23,False,False,2026-09-24,2026-09-24,READY_INCREMENTAL,,sina_public_snapshot,2026-09-24,13.76,13.80002005816869,2.0058168688663613e-05
002439.SZ,SZ_MAIN,2010-06-23,False,False,2026-09-24,2026-09-24,READY_INCREMENTAL,,sina_public_snapshot,2026-09-24,14.35,14.469955934698651,4.406530134914988e-05
002440.SZ,SZ_MAIN,2010-07-06,False,False,2026-09-24,2026-09-24,READY_INCREMENTAL,,sina_public_snapshot,2026-09-24,12.79,13.059949148907926,5.085109207492167e-05
002441.SZ,SZ_MAIN,2010-07-06,False,False,2026-09-24,2026-09-24,READY_INCREMENTAL,,sina_public_snapshot,2026-09-24,8.16,8.1799591002045,4.089979550059297e-05
002442.SZ,SZ_MAIN,2010-07-06,False,False,2026-09-24,2026-09-24,READY_INCREMENTAL,,sina_public_snapshot,2026-09-24,5.42,5.560000820664327,8.206643276054137e-07
002443.SZ,SZ_MAIN,2010-07-06,False,False,2026-09-24,2026-09-24,READY_INCREMENTAL,,sina_public_snapshot,2026-09-24,12.93,13.370006928000496,6.928000496841946e-06
002444.SZ,SZ_MAIN,2010-07-13,False,False,2026-09-24,2026-09-24,READY_INCREMENTAL,,sina_public_snapshot,2026-09-24,27.28,27.999876833386367,0.0001231666136334
002445.SZ,SZ_MAIN,2010-07-13,False,False,2026-09-24,2026-09-24,READY_INCREMENTAL,,sina_public_snapshot,2026-09-24,3.11,3.11,0.0
002446.SZ,SZ_MAIN,2010-07-13,False,False,2026-09-24,2026-09-24,READY_INCREMENTAL,,sina_public_snapshot,2026-09-24,8.15,8.070026041924528,2.604192452793086e-05
002448.SZ,SZ_MAIN,2010-07-16,False,False,2026-09-24,2026-09-24,READY_INCREMENTAL,,sina_public_snapshot,2026-09-24,10.89,11.1099775556009,2.2444399100152168e-05
002449.SZ,SZ_MAIN,2010-07-16,False,False,2026-09-24,2026-09-24,READY_INCREMENTAL,,sina_public_snapshot,2026-09-24,6.59,6.690015735241865,1.5735241865044713e-05
002451.SZ,SZ_MAIN,2010-07-20,False,False,2026-09-24,2026-09-24,READY_INCREMENTAL,,sina_public_snapshot,2026-09-24,7.62,7.489974050483604,2.5949516396117644e-05
002452.SZ,SZ_MAIN,2010-07-20,False,False,2026-09-24,2026-09-24,READY_INCREMENTAL,,sina_public_snapshot,2026-09-24,11.59,11.820017541354764,1.7541354763395134e-05
002453.SZ,SZ_MAIN,2010-07-20,False,False,2026-09-24,2026-09-24,READY_INCREMENTAL,,sina_public_snapshot,2026-09-24,5.02,5.100019302861902,1.930286190265917e-05
002454.SZ,SZ_MAIN,2010-07-20,False,False,2026-09-24,2026-09-24,READY_INCREMENTAL,,sina_public_snapshot,2026-09-24,5.14,5.129996506811717,3.4931882826327865e-06
002455.SZ,SZ_MAIN,2010-08-03,False,False,2026-09-24,2026-09-24,READY_INCREMENTAL,,sina_public_snapshot,2026-09-24,6.79,6.899985773225209,1.4226774791126218e-05
002456.SZ,SZ_MAIN,2010-08-03,False,False,2026-09-24,2026-09-24,READY_INCREMENTAL,,sina_public_snapshot,2026-09-24,6.69,6.850016382699869,1.638269986958818e-05
002457.SZ,SZ_MAIN,2010-08-03,False,False,2026-09-24,2026-09-24,READY_INCREMENTAL,,sina_public_snapshot,2026-09-24,11.09,11.29995312913941,4.687086059007584e-05
002458.SZ,SZ_MAIN,2010-08-10,False,False,2026-09-24,2026-09-24,READY_INCREMENTAL,,sina_public_snapshot,2026-09-24,8.09,8.210030648074854,3.064807485309018e-05
002459.SZ,SZ_MAIN,2010-08-10,False,False,2026-09-24,2026-09-24,READY_INCREMENTAL,,sina_public_snapshot,2026-09-24,6.7,6.879980284235604,1.971576439618872e-05
002460.SZ,SZ_MAIN,2010-08-10,False,False,2026-09-24,2026-09-24,READY_INCREMENTAL,,sina_public_snapshot,2026-09-24,43.68,45.52987898308265,0.0001210169173546
002461.SZ,SZ_MAIN,2010-08-18,False,False,2026-09-24,2026-09-24,READY_INCREMENTAL,,sina_public_snapshot,2026-09-24,8.15,8.380031874967868,3.187496786694055e-05
002462.SZ,SZ_MAIN,2010-08-18,False,False,2026-09-24,2026-09-24,READY_INCREMENTAL,,sina_public_snapshot,2026-09-24,12.24,12.310044151220444,4.415122044321152e-05
002463.SZ,SZ_MAIN,2010-08-18,False,False,2026-09-24,2026-09-24,READY_INCREMENTAL,,sina_public_snapshot,2026-09-24,124.05,128.10053904458994,0.0005390445899422
002465.SZ,SZ_MAIN,2010-08-31,False,False,2026-09-24,2026-09-24,READY_INCREMENTAL,,sina_public_snapshot,2026-09-24,10.31,10.210043672446748,4.367244674696735e-05
002466.SZ,SZ_MAIN,2010-08-31,False,False,2026-09-24,2026-09-24,READY_INCREMENTAL,,sina_public_snapshot,2026-09-24,40.9,42.41990520343923,9.479656077360232e-05
002467.SZ,SZ_MAIN,2010-09-08,False,False,2026-09-24,2026-09-24,READY_INCREMENTAL,,sina_public_snapshot,2026-09-24,4.82,4.859997781743751,2.218256248909256e-06
002468.SZ,SZ_MAIN,2010-09-08,False,False,2026-09-24,2026-09-24,READY_INCREMENTAL,,sina_public_snapshot,2026-09-24,14.87,14.770007052256226,7.052256226103282e-06
002469.SZ,SZ_MAIN,2010-09-08,False,False,2026-09-24,2026-09-24,READY_INCREMENTAL,,sina_public_snapshot,2026-09-24,6.03,6.120025576226289,2.5576226288848147e-05
002470.SZ,SZ_MAIN,2010-09-08,False,False,2026-09-24,2026-09-24,READY_INCREMENTAL,,sina_public_snapshot,2026-09-24,2.02,2.039991920824076,8.079175923825233e-06
002471.SZ,SZ_MAIN,2010-09-10,False,False,2026-09-24,2026-09-24,READY_INCREMENTAL,,sina_public_snapshot,2026-09-24,5.52,5.410014407103584,1.4407103583913283e-05
002472.SZ,SZ_MAIN,2010-09-10,False,False,2026-09-24,2026-09-24,READY_INCREMENTAL,,sina_public_snapshot,2026-09-24,38.94,37.57998050550575,1.9494494253535777e-05
002474.SZ,SZ_MAIN,2010-09-15,False,False,2026-09-24,2026-09-24,READY_INCREMENTAL,,sina_public_snapshot,2026-09-24,6.36,6.379969303921274,3.069607872596691e-05
002475.SZ,SZ_MAIN,2010-09-15,False,False,2026-09-24,2026-09-24,READY_INCREMENTAL,,sina_public_snapshot,2026-09-24,52.0,54.36998776675275,1.2233247247195322e-05
002476.SZ,SZ_MAIN,2010-09-15,False,False,2026-09-24,2026-09-24,READY_INCREMENTAL,,sina_public_snapshot,2026-09-24,5.02,4.990010039661633,1.0039661632710306e-05
002478.SZ,SZ_MAIN,2010-09-21,False,False,2026-09-24,2026-09-24,READY_INCREMENTAL,,sina_public_snapshot,2026-09-24,6.72,6.469999229761997,7.702380031560097e-07
002479.SZ,SZ_MAIN,2010-09-21,False,False,2026-09-24,2026-09-24,READY_INCREMENTAL,,sina_public_snapshot,2026-09-24,5.83,5.890019296632687,1.9296632687293425e-05
002480.SZ,SZ_MAIN,2010-09-21,False,False,2026-09-24,2026-09-24,READY_INCREMENTAL,,sina_public_snapshot,2026-09-24,5.14,5.380001884047353,1.8840473527959036e-06
002481.SZ,SZ_MAIN,2010-09-21,False,False,2026-09-24,2026-09-24,READY_INCREMENTAL,,sina_public_snapshot,2026-09-24,4.16,4.240008969249743,8.96924974291835e-06
002482.SZ,SZ_MAIN,2010-09-29,False,False,2026-09-24,2026-09-24,READY_INCREMENTAL,,sina_public_snapshot,2026-09-24,1.33,1.370004120313144,4.120313143785026e-06
002483.SZ,SZ_MAIN,2010-09-29,False,False,2026-09-24,2026-09-24,READY_INCREMENTAL,,sina_public_snapshot,2026-09-24,6.02,6.150011237562062,1.123756206133919e-05
002484.SZ,SZ_MAIN,2010-09-29,False,False,2026-09-24,2026-09-24,READY_INCREMENTAL,,sina_public_snapshot,2026-09-24,57.96,59.850065054418536,6.505441853477123e-05
002485.SZ,SZ_MAIN,2010-10-15,True,False,2026-09-24,2026-09-24,READY_INCREMENTAL,,sina_public_snapshot,2026-09-24,5.88,5.959982971477224,1.702852277585265e-05
002486.SZ,SZ_MAIN,2010-10-15,False,False,2026-09-24,2026-09-24,READY_INCREMENTAL,,sina_public_snapshot,2026-09-24,2.73,2.71999043519847,9.564801530359546e-06
002487.SZ,SZ_MAIN,2010-10-15,False,False,2026-09-24,2026-09-24,READY_INCREMENTAL,,sina_public_snapshot,2026-09-24,39.77,37.88990301251882,9.698748117870082e-05
002488.SZ,SZ_MAIN,2010-10-21,False,False,2026-09-24,2026-09-24,READY_INCREMENTAL,,sina_public_snapshot,2026-09-24,7.34,7.510027011541295,2.7011541295252076e-05
002489.SZ,SZ_MAIN,2010-10-21,False,False,2026-09-24,2026-09-24,READY_INCREMENTAL,,sina_public_snapshot,2026-09-24,3.04,3.04,0.0
002490.SZ,SZ_MAIN,2010-10-21,False,False,2026-09-24,2026-09-24,READY_INCREMENTAL,,sina_public_snapshot,2026-09-24,7.15,7.129964798915049,3.520108495091989e-05
002491.SZ,SZ_MAIN,2010-10-21,False,False,2026-09-24,2026-09-24,READY_INCREMENTAL,,sina_public_snapshot,2026-09-24,23.8,24.28001591463228,1.591463227867962e-05
002492.SZ,SZ_MAIN,2010-11-02,False,False,2026-09-24,2026-09-24,READY_INCREMENTAL,,sina_public_snapshot,2026-09-24,6.32,6.300028908360498,2.890836049829204e-05
002493.SZ,SZ_MAIN,2010-11-02,False,False,2026-09-24,2026-09-24,READY_INCREMENTAL,,sina_public_snapshot,2026-09-24,13.11,13.549967442869988,3.2557130012378366e-05
002494.SZ,SZ_MAIN,2010-11-02,False,False,2026-09-24,2026-09-24,READY_INCREMENTAL,,sina_public_snapshot,2026-09-24,5.0,4.810004810004809,4.810004809563395e-06
002495.SZ,SZ_MAIN,2010-11-02,False,False,2026-09-24,2026-09-24,READY_INCREMENTAL,,sina_public_snapshot,2026-09-24,2.4,2.4199891100490047,1.0889950995185416e-05
002496.SZ,SZ_MAIN,2010-11-09,False,False,2026-09-24,2026-09-24,READY_INCREMENTAL,,sina_public_snapshot,2026-09-24,2.13,2.099991126798056,8.873201944314957e-06
002497.SZ,SZ_MAIN,2010-11-09,False,False,2026-09-24,2026-09-24,READY_INCREMENTAL,,sina_public_snapshot,2026-09-24,15.94,16.37996588363442,3.41163655797061e-05
002498.SZ,SZ_MAIN,2010-11-09,False,False,2026-09-24,2026-09-24,READY_INCREMENTAL,,sina_public_snapshot,2026-09-24,6.3,6.270029260136547,2.926013654747095e-05
002500.SZ,SZ_MAIN,2010-11-15,False,False,2026-09-24,2026-09-24,READY_INCREMENTAL,,sina_public_snapshot,2026-09-24,5.14,5.249987232521321,1.2767478678732402e-05
002501.SZ,SZ_MAIN,2010-11-17,True,False,2026-09-24,2026-09-24,READY_INCREMENTAL,,sina_public_snapshot,2026-09-24,1.3,1.3099952638632768,4.736136723249018e-06
002506.SZ,SZ_MAIN,2010-11-18,False,False,2026-09-24,2026-09-24,READY_INCREMENTAL,,sina_public_snapshot,2026-09-24,2.36,2.4199915915546395,8.408445360430505e-06
002507.SZ,SZ_MAIN,2010-11-23,False,False,2026-09-24,2026-09-24,READY_INCREMENTAL,,sina_public_snapshot,2026-09-24,11.04,11.17997326528132,2.6734718678866894e-05
002508.SZ,SZ_MAIN,2010-11-23,False,False,2026-09-24,2026-09-24,READY_INCREMENTAL,,sina_public_snapshot,2026-09-24,16.58,16.47996660272148,3.3397278521363205e-05
002510.SZ,SZ_MAIN,2010-11-25,False,False,2026-09-24,2026-09-24,READY_INCREMENTAL,,sina_public_snapshot,2026-09-24,5.65,5.670015153491827,1.5153491826680464e-05
002511.SZ,SZ_MAIN,2010-11-25,False,False,2026-09-24,2026-09-24,READY_INCREMENTAL,,sina_public_snapshot,2026-09-24,6.91,7.000020260550682,2.0260550681605597e-05
002512.SZ,SZ_MAIN,2010-12-03,True,False,2026-09-24,2026-09-24,READY_INCREMENTAL,,sina_public_snapshot,2026-09-24,3.88,3.8600051732028096,5.17320280968292e-06
002513.SZ,SZ_MAIN,2010-12-03,False,False,2026-09-24,2026-09-24,READY_INCREMENTAL,,sina_public_snapshot,2026-09-24,5.31,5.270000694727021,6.947270216883794e-07
002514.SZ,SZ_MAIN,2010-12-03,True,False,2026-09-24,2026-09-24,READY_INCREMENTAL,,sina_public_snapshot,2026-09-24,2.49,2.49,0.0
002515.SZ,SZ_MAIN,2010-12-03,False,False,2026-09-24,2026-09-24,READY_INCREMENTAL,,sina_public_snapshot,2026-09-24,7.4,7.699991675684675,8.324315325047849e-06
002516.SZ,SZ_MAIN,2010-12-07,False,False,2026-09-24,2026-09-24,READY_INCREMENTAL,,sina_public_snapshot,2026-09-24,5.76,5.909995690628142,4.30937185846858e-06
002517.SZ,SZ_MAIN,2010-12-07,False,False,2026-09-24,2026-09-24,READY_INCREMENTAL,,sina_public_snapshot,2026-09-24,16.17,16.379991490913515,8.509086484309591e-06
002518.SZ,SZ_MAIN,2010-12-07,False,False,2026-09-24,2026-09-24,READY_INCREMENTAL,,sina_public_snapshot,2026-09-24,37.12,38.96990121046056,9.87895394359839e-05
002519.SZ,SZ_MAIN,2010-12-07,False,False,2026-09-24,2026-09-24,READY_INCREMENTAL,,sina_public_snapshot,2026-09-24,5.9,5.770001858136192,1.858136192467441e-06
002520.SZ,SZ_MAIN,2010-12-10,False,False,2026-09-24,2026-09-24,READY_INCREMENTAL,,sina_public_snapshot,2026-09-24,6.46,6.249999999999999,8.881784197001252e-16
002521.SZ,SZ_MAIN,2010-12-10,False,False,2026-09-24,2026-09-24,READY_INCREMENTAL,,sina_public_snapshot,2026-09-24,6.28,6.27003065126449,3.065126449008915e-05
002522.SZ,SZ_MAIN,2010-12-10,False,False,2026-09-24,2026-09-24,READY_INCREMENTAL,,sina_public_snapshot,2026-09-24,5.59,5.759976918876032,2.308112396764983e-05
002523.SZ,SZ_MAIN,2010-12-10,False,False,2026-09-24,2026-09-24,READY_INCREMENTAL,,sina_public_snapshot,2026-09-24,3.38,3.38,0.0
002524.SZ,SZ_MAIN,2010-12-17,False,False,2026-09-24,2026-09-24,READY_INCREMENTAL,,sina_public_snapshot,2026-09-24,4.03,4.01999022434139,9.775658609711968e-06
002526.SZ,SZ_MAIN,2010-12-17,False,False,2026-09-24,2026-09-24,READY_INCREMENTAL,,sina_public_snapshot,2026-09-24,2.6,2.6,0.0
002527.SZ,SZ_MAIN,2010-12-24,False,False,2026-09-24,2026-09-24,READY_INCREMENTAL,,sina_public_snapshot,2026-09-24,10.75,10.700030855902934,3.0855902934945334e-05
002528.SZ,SZ_MAIN,2010-12-24,True,False,2026-09-24,2026-09-24,READY_INCREMENTAL,,sina_public_snapshot,2026-09-24,5.73,5.80000607330479,6.073304789744327e-06
002529.SZ,SZ_MAIN,2010-12-24,False,False,2026-09-24,2026-09-24,READY_INCREMENTAL,,sina_public_snapshot,2026-09-24,6.59,6.549979624494339,2.0375505660474857e-05
002530.SZ,SZ_MAIN,2010-12-31,False,False,2026-09-24,2026-09-24,READY_INCREMENTAL,,sina_public_snapshot,2026-09-24,7.03,7.170030699562456,3.0699562455716034e-05
002531.SZ,SZ_MAIN,2010-12-31,False,False,2026-09-24,2026-09-24,READY_INCREMENTAL,,sina_public_snapshot,2026-09-24,7.44,7.159973438808211,2.656119178912064e-05
002532.SZ,SZ_MAIN,2010-12-31,False,False,2026-09-24,2026-09-24,READY_INCREMENTAL,,sina_public_snapshot,2026-09-24,12.11,12.409948454136478,5.154586352240642e-05
002533.SZ,SZ_MAIN,2010-12-31,False,False,2026-09-24,2026-09-24,READY_INCREMENTAL,,sina_public_snapshot,2026-09-24,10.91,10.889962469056934,3.753094306624405e-05
002534.SZ,SZ_MAIN,2011-01-10,False,False,2026-09-24,2026-09-24,READY_INCREMENTAL,,sina_public_snapshot,2026-09-24,17.41,17.60008087343308,8.087343307749961e-05
002535.SZ,SZ_MAIN,2011-01-11,False,False,2026-09-24,2026-09-24,READY_INCREMENTAL,,sina_public_snapshot,2026-09-24,2.42,2.379992328950345,7.671049655044726e-06
002536.SZ,SZ_MAIN,2011-01-11,False,False,2026-09-24,2026-09-24,READY_INCREMENTAL,,sina_public_snapshot,2026-09-24,50.67,52.26998421687866,1.578312134142834e-05
002537.SZ,SZ_MAIN,2011-01-10,False,False,2026-09-24,2026-09-24,READY_INCREMENTAL,,sina_public_snapshot,2026-09-24,5.62,5.700028398718001,2.839871800119909e-05
002538.SZ,SZ_MAIN,2011-01-18,True,False,2026-09-24,2026-09-24,READY_INCREMENTAL,,sina_public_snapshot,2026-09-24,6.61,6.729995825569912,4.174430088710324e-06
002539.SZ,SZ_MAIN,2011-01-18,False,False,2026-09-24,2026-09-24,READY_INCREMENTAL,,sina_public_snapshot,2026-09-24,12.04,12.230055055563454,5.505556345397622e-05
002540.SZ,SZ_MAIN,2011-01-18,False,False,2026-09-24,2026-09-24,READY_INCREMENTAL,,sina_public_snapshot,2026-09-24,4.98,5.029998181928368,1.8180716319093904e-06
002541.SZ,SZ_MAIN,2011-01-18,False,False,2026-09-24,2026-09-24,READY_INCREMENTAL,,sina_public_snapshot,2026-09-24,18.26,19.690091333556182,9.133355618473615e-05
002542.SZ,SZ_MAIN,2011-01-28,True,False,2026-09-24,2026-09-24,READY_INCREMENTAL,,sina_public_snapshot,2026-09-24,1.63,1.6599961300703716,3.869929628308455e-06
002543.SZ,SZ_MAIN,2011-01-28,False,False,2026-09-24,2026-09-24,READY_INCREMENTAL,,sina_public_snapshot,2026-09-24,7.11,7.360019875159157,1.987515915669036e-05
002544.SZ,SZ_MAIN,2011-01-28,False,False,2026-09-24,2026-09-24,READY_INCREMENTAL,,sina_public_snapshot,2026-09-24,15.69,15.860019408054342,1.940805434230697e-05
002545.SZ,SZ_MAIN,2011-02-11,False,False,2026-09-24,2026-09-24,READY_INCREMENTAL,,sina_public_snapshot,2026-09-24,14.79,15.629953712510304,4.628748969714991e-05
002546.SZ,SZ_MAIN,2011-02-11,False,False,2026-09-24,2026-09-24,READY_INCREMENTAL,,sina_public_snapshot,2026-09-24,7.37,7.4599672044861025,3.27955138974545e-05
002547.SZ,SZ_MAIN,2011-02-18,True,False,2026-09-24,2026-09-24,READY_INCREMENTAL,,sina_public_snapshot,2026-09-24,2.45,2.359989982083341,1.0017916658444648e-05
002548.SZ,SZ_MAIN,2011-02-18,False,False,2026-09-24,2026-09-24,READY_INCREMENTAL,,sina_public_snapshot,2026-09-24,3.82,3.9300007201572,7.201571996517941e-07
002549.SZ,SZ_MAIN,2011-02-18,False,False,2026-09-24,2026-09-24,READY_INCREMENTAL,,sina_public_snapshot,2026-09-24,13.05,13.30004076640848,4.0766408480052974e-05
002550.SZ,SZ_MAIN,2011-02-18,False,False,2026-09-24,2026-09-24,READY_INCREMENTAL,,sina_public_snapshot,2026-09-24,6.36,6.529975255911373,2.474408862696009e-05
002551.SZ,SZ_MAIN,2011-02-25,False,False,2026-09-24,2026-09-24,READY_INCREMENTAL,,sina_public_snapshot,2026-09-24,3.35,3.3299867794554725,1.3220544527570157e-05
002552.SZ,SZ_MAIN,2011-02-25,False,False,2026-09-24,2026-09-24,READY_INCREMENTAL,,sina_public_snapshot,2026-09-24,49.88,53.44992016802221,7.983197779282136e-05
002553.SZ,SZ_MAIN,2011-02-25,False,False,2026-09-24,2026-09-24,READY_INCREMENTAL,,sina_public_snapshot,2026-09-24,16.27,15.470044023542613,4.4023542612237065e-05
002554.SZ,SZ_MAIN,2011-02-25,False,False,2026-09-24,2026-09-24,READY_INCREMENTAL,,sina_public_snapshot,2026-09-24,2.76,2.769999698913076,3.010869238373459e-07
002555.SZ,SZ_MAIN,2011-03-02,False,False,2026-09-24,2026-09-24,READY_INCREMENTAL,,sina_public_snapshot,2026-09-24,17.38,17.390086250025014,8.625002501361223e-05
002556.SZ,SZ_MAIN,2011-03-02,False,False,2026-09-24,2026-09-24,READY_INCREMENTAL,,sina_public_snapshot,2026-09-24,5.08,5.130017672304974,1.767230497407013e-05
002557.SZ,SZ_MAIN,2011-03-02,False,False,2026-09-24,2026-09-24,READY_INCREMENTAL,,sina_public_snapshot,2026-09-24,18.2,18.11990999780968,9.000219032273549e-05
002558.SZ,SZ_MAIN,2011-03-02,False,False,2026-09-24,2026-09-24,READY_INCREMENTAL,,sina_public_snapshot,2026-09-24,23.62,23.59994005095669,5.994904331529938e-05
002559.SZ,SZ_MAIN,2011-03-03,False,False,2026-09-24,2026-09-24,READY_INCREMENTAL,,sina_public_snapshot,2026-09-24,8.97,9.169997648718551,2.3512814468773517e-06
002560.SZ,SZ_MAIN,2011-03-03,False,False,2026-09-24,2026-09-24,READY_INCREMENTAL,,sina_public_snapshot,2026-09-24,6.8,6.980014575912791,1.4575912790526502e-05
002561.SZ,SZ_MAIN,2011-03-03,False,False,2026-09-24,2026-09-24,READY_INCREMENTAL,,sina_public_snapshot,2026-09-24,7.33,7.370019204279236,1.9204279236184615e-05
002562.SZ,SZ_MAIN,2011-03-10,False,False,2026-09-24,2026-09-24,READY_INCREMENTAL,,sina_public_snapshot,2026-09-24,5.0,4.9799804784765245,1.95215234759516e-05
002563.SZ,SZ_MAIN,2011-03-11,False,False,2026-09-24,2026-09-24,READY_INCREMENTAL,,sina_public_snapshot,2026-09-24,5.44,5.500005055151705,5.055151705235517e-06
002564.SZ,SZ_MAIN,2011-03-10,False,False,2026-09-24,2026-09-24,READY_INCREMENTAL,,sina_public_snapshot,2026-09-24,5.28,5.489992201715623,7.7982843773583e-06
002565.SZ,SZ_MAIN,2011-03-18,False,False,2026-09-24,2026-09-24,READY_INCREMENTAL,,sina_public_snapshot,2026-09-24,8.78,8.659972777306532,2.7222693468331727e-05
002566.SZ,SZ_MAIN,2011-03-18,False,False,2026-09-24,2026-09-24,READY_INCREMENTAL,,sina_public_snapshot,2026-09-24,6.96,7.0099811657115225,1.8834288477265204e-05
002567.SZ,SZ_MAIN,2011-03-25,False,False,2026-09-24,2026-09-24,READY_INCREMENTAL,,sina_public_snapshot,2026-09-24,3.58,3.66998810841842,1.189158158032555e-05
002568.SZ,SZ_MAIN,2011-03-25,False,False,2026-09-24,2026-09-24,READY_INCREMENTAL,,sina_public_snapshot,2026-09-24,19.25,18.629993806131928,6.193868070880626e-06
002569.SZ,SZ_MAIN,2011-04-12,True,False,2026-09-24,2026-09-24,READY_INCREMENTAL,,sina_public_snapshot,2026-09-24,11.43,11.600056833174335,5.683317433557989e-05
002570.SZ,SZ_MAIN,2011-04-12,False,False,2026-09-24,2026-09-24,READY_INCREMENTAL,,sina_public_snapshot,2026-09-24,4.38,4.400020091415943,2.009141594250252e-05
002571.SZ,SZ_MAIN,2011-04-12,False,False,2026-09-24,2026-09-24,READY_INCREMENTAL,,sina_public_snapshot,2026-09-24,10.97,11.020030940469733,3.094046973295406e-05
002572.SZ,SZ_MAIN,2011-04-12,False,False,2026-09-24,2026-09-24,READY_INCREMENTAL,,sina_public_snapshot,2026-09-24,7.45,7.590036167286435,3.616728643507372e-05
002573.SZ,SZ_MAIN,2011-04-22,False,False,2026-09-24,2026-09-24,READY_INCREMENTAL,,sina_public_snapshot,2026-09-24,3.11,3.120015248949126,1.524894912652286e-05
002574.SZ,SZ_MAIN,2011-04-22,False,False,2026-09-24,2026-09-24,READY_INCREMENTAL,,sina_public_snapshot,2026-09-24,4.97,5.01999919195184,8.080481599392897e-07
002575.SZ,SZ_MAIN,2011-04-22,False,False,2026-09-24,2026-09-24,READY_INCREMENTAL,,sina_public_snapshot,2026-09-24,5.06,5.120006475897518,6.475897517788098e-06
002576.SZ,SZ_MAIN,2011-04-28,False,False,2026-09-24,2026-09-24,READY_INCREMENTAL,,sina_public_snapshot,2026-09-24,14.49,14.410024364775497,2.4364775496721336e-05
002577.SZ,SZ_MAIN,2011-04-28,False,False,2026-09-24,2026-09-24,READY_INCREMENTAL,,sina_public_snapshot,2026-09-24,21.9,22.30006313259882,6.313259881807198e-05
002578.SZ,SZ_MAIN,2011-04-28,False,False,2026-09-24,2026-09-24,READY_INCREMENTAL,,sina_public_snapshot,2026-09-24,4.08,4.139988432385263,1.1567614737195696e-05
002579.SZ,SZ_MAIN,2011-05-06,False,False,2026-09-24,2026-09-24,READY_INCREMENTAL,,sina_public_snapshot,2026-09-24,19.22,18.600060000193547,6.000019354601704e-05
002580.SZ,SZ_MAIN,2011-05-06,False,False,2026-09-24,2026-09-24,READY_INCREMENTAL,,sina_public_snapshot,2026-09-24,18.4,18.64990877762011,9.122237988989924e-05
002581.SZ,SZ_MAIN,2011-05-20,True,False,2026-09-24,2026-09-24,READY_INCREMENTAL,,sina_public_snapshot,2026-09-24,4.97,5.179997081691785,2.9183082146388983e-06
002582.SZ,SZ_MAIN,2011-05-20,False,False,2026-09-24,2026-09-24,READY_INCREMENTAL,,sina_public_snapshot,2026-09-24,9.45,9.61998513737746,1.486262254069004e-05
002583.SZ,SZ_MAIN,2011-05-27,False,False,2026-09-24,2026-09-24,READY_INCREMENTAL,,sina_public_snapshot,2026-09-24,8.03,8.019975031210986,2.496878901325772e-05
002584.SZ,SZ_MAIN,2011-06-02,False,False,2026-09-24,2026-09-24,READY_INCREMENTAL,,sina_public_snapshot,2026-09-24,8.79,9.02001026167265,1.0261672651168396e-05
002585.SZ,SZ_MAIN,2011-06-02,False,False,2026-09-24,2026-09-24,READY_INCREMENTAL,,sina_public_snapshot,2026-09-24,11.2,11.7200171614537,1.7161453699898743e-05
002586.SZ,SZ_MAIN,2011-06-02,False,False,2026-09-24,2026-09-24,READY_INCREMENTAL,,sina_public_snapshot,2026-09-24,3.74,3.770009273819604,9.273819604249668e-06
002587.SZ,SZ_MAIN,2011-06-10,False,False,2026-09-24,2026-09-24,READY_INCREMENTAL,,sina_public_snapshot,2026-09-24,5.25,5.239991616013414,8.383986585869252e-06
002588.SZ,SZ_MAIN,2011-06-10,False,False,2026-09-24,2026-09-24,READY_INCREMENTAL,,sina_public_snapshot,2026-09-24,7.54,7.640007700803518,7.700803518417842e-06
002589.SZ,SZ_MAIN,2011-06-10,False,False,2026-09-24,2026-09-24,READY_INCREMENTAL,,sina_public_snapshot,2026-09-24,3.32,3.3799949096462205,5.090353779380052e-06
002590.SZ,SZ_MAIN,2011-06-10,False,False,2026-09-24,2026-09-24,READY_INCREMENTAL,,sina_public_snapshot,2026-09-24,9.6,9.62000962000962,9.620009620903149e-06
002591.SZ,SZ_MAIN,2011-06-21,False,False,2026-09-24,2026-09-24,READY_INCREMENTAL,,sina_public_snapshot,2026-09-24,6.37,6.340011744448758,1.1744448758399528e-05
002592.SZ,SZ_MAIN,2011-11-11,True,False,2026-09-24,2026-09-24,READY_INCREMENTAL,,sina_public_snapshot,2026-09-24,6.36,6.420027254832686,2.725483268584128e-05
002593.SZ,SZ_MAIN,2011-06-28,False,False,2026-09-24,2026-09-24,READY_INCREMENTAL,,sina_public_snapshot,2026-09-24,4.63,4.529978083907325,2.1916092674878485e-05
002594.SZ,SZ_MAIN,2011-06-30,False,False,2026-09-24,2026-09-24,READY_INCREMENTAL,,sina_public_snapshot,2026-09-24,84.34,85.85010331735222,0.0001033173522273
002595.SZ,SZ_MAIN,2011-06-28,False,False,2026-09-24,2026-09-24,READY_INCREMENTAL,,sina_public_snapshot,2026-09-24,38.94,39.76999989786852,1.0213148726734289e-07
002596.SZ,SZ_MAIN,2011-07-07,False,False,2026-09-24,2026-09-24,READY_INCREMENTAL,,sina_public_snapshot,2026-09-24,3.22,3.19001386962552,1.3869625520079865e-05
002597.SZ,SZ_MAIN,2011-07-07,False,False,2026-09-24,2026-09-24,READY_INCREMENTAL,,sina_public_snapshot,2026-09-24,21.56,21.989902595746848,9.740425315030166e-05
002598.SZ,SZ_MAIN,2011-07-07,True,False,2026-09-24,2026-09-24,READY_INCREMENTAL,,sina_public_snapshot,2026-09-24,6.9,6.949970286358921,2.971364107917651e-05
002599.SZ,SZ_MAIN,2011-07-15,False,False,2026-09-24,2026-09-24,READY_INCREMENTAL,,sina_public_snapshot,2026-09-24,5.58,5.6400097032425,9.703242500158638e-06
002600.SZ,SZ_MAIN,2011-07-15,False,False,2026-09-24,2026-09-24,READY_INCREMENTAL,,sina_public_snapshot,2026-09-24,12.23,12.370028725168911,2.8725168913723564e-05
002601.SZ,SZ_MAIN,2011-07-15,False,False,2026-09-24,2026-09-24,READY_INCREMENTAL,,sina_public_snapshot,2026-09-24,15.0,15.24003048006096,3.048006096051381e-05
002602.SZ,SZ_MAIN,2011-07-28,False,False,2026-09-24,2026-09-24,REPAIRED_FULL_HISTORY,QFQ_CONTINUITY_BREAK,sina_daily,2026-09-24,14.23,14.25994588636136,0.0800541136386403
002603.SZ,SZ_MAIN,2011-07-28,False,False,2026-09-24,2026-09-24,READY_INCREMENTAL,,sina_public_snapshot,2026-09-24,15.14,15.46002246502604,2.246502604030809e-05
002605.SZ,SZ_MAIN,2011-08-05,False,False,2026-09-24,2026-09-24,READY_INCREMENTAL,,sina_public_snapshot,2026-09-24,16.43,16.61996621382401,3.3786175990258016e-05
002606.SZ,SZ_MAIN,2011-08-05,False,False,2026-09-24,2026-09-24,READY_INCREMENTAL,,sina_public_snapshot,2026-09-24,12.16,12.299973700714126,2.6299285874387124e-05
002607.SZ,SZ_MAIN,2011-08-10,False,False,2026-09-24,2026-09-24,READY_INCREMENTAL,,sina_public_snapshot,2026-09-24,1.88,1.9000070744944264,7.074494426273503e-06
002608.SZ,SZ_MAIN,2011-08-10,False,False,2026-09-24,2026-09-24,READY_INCREMENTAL,,sina_public_snapshot,2026-09-24,7.24,7.270025204092904,2.520409290429626e-05
002609.SZ,SZ_MAIN,2011-08-15,False,False,2026-09-24,2026-09-24,READY_INCREMENTAL,,sina_public_snapshot,2026-09-24,7.81,7.769984579416008,1.5420583991954118e-05
002611.SZ,SZ_MAIN,2011-08-30,False,False,2026-09-24,2026-09-24,READY_INCREMENTAL,,sina_public_snapshot,2026-09-24,14.44,14.380035252995013,3.525299501028201e-05
002612.SZ,SZ_MAIN,2011-08-30,False,False,2026-09-24,2026-09-24,READY_INCREMENTAL,,sina_public_snapshot,2026-09-24,17.14,17.229940288304952,5.971169504803697e-05
002613.SZ,SZ_MAIN,2011-08-30,False,False,2026-09-24,2026-09-24,READY_INCREMENTAL,,sina_public_snapshot,2026-09-24,3.41,3.580014907979969,1.4907979968725726e-05
002614.SZ,SZ_MAIN,2011-09-09,False,False,2026-09-24,2026-09-24,READY_INCREMENTAL,,sina_public_snapshot,2026-09-24,8.33,7.569974554707379,2.54452926213844e-05
002615.SZ,SZ_MAIN,2011-09-09,False,False,2026-09-24,2026-09-24,READY_INCREMENTAL,,sina_public_snapshot,2026-09-24,6.35,6.359985176727461,1.4823272539210564e-05
002616.SZ,SZ_MAIN,2011-09-20,False,False,2026-09-24,2026-09-24,READY_INCREMENTAL,,sina_public_snapshot,2026-09-24,4.81,4.789977892409727,2.2107590273101607e-05
002617.SZ,SZ_MAIN,2011-09-20,False,False,2026-09-24,2026-09-24,READY_INCREMENTAL,,sina_public_snapshot,2026-09-24,6.68,6.950007803152474,7.803152473506714e-06
002620.SZ,SZ_MAIN,2011-09-29,True,False,2026-09-24,2026-09-24,READY_INCREMENTAL,,sina_public_snapshot,2026-09-24,5.72,5.819987383244134,1.2616755866723396e-05
002622.SZ,SZ_MAIN,2011-10-18,False,False,2026-09-24,2026-09-24,READY_INCREMENTAL,,sina_public_snapshot,2026-09-24,2.72,2.4700102614396893,1.0261439689074336e-05
002623.SZ,SZ_MAIN,2011-10-13,False,False,2026-09-24,2026-09-24,READY_INCREMENTAL,,sina_public_snapshot,2026-09-24,19.05,18.71996698210548,3.301789451981563e-05
002624.SZ,SZ_MAIN,2011-10-28,False,False,2026-09-24,2026-09-24,READY_INCREMENTAL,,sina_public_snapshot,2026-09-24,9.69,9.88997530057768,2.469942232075084e-05
002625.SZ,SZ_MAIN,2011-11-03,False,False,2026-09-24,2026-09-24,READY_INCREMENTAL,,sina_public_snapshot,2026-09-24,24.97,26.570048309178745,4.83091787444323e-05
002626.SZ,SZ_MAIN,2011-10-28,False,False,2026-09-24,2026-09-24,READY_INCREMENTAL,,sina_public_snapshot,2026-09-24,16.19,16.779984246092617,1.5753907383952992e-05
002627.SZ,SZ_MAIN,2011-11-03,False,False,2026-09-24,2026-09-24,READY_INCREMENTAL,,sina_public_snapshot,2026-09-24,6.6,6.700031469844782,3.146984478163972e-05
002628.SZ,SZ_MAIN,2011-11-03,False,False,2026-09-24,2026-09-24,READY_INCREMENTAL,,sina_public_snapshot,2026-09-24,5.0,5.070016933856559,1.6933856558765115e-05
002629.SZ,SZ_MAIN,2011-11-03,False,False,2026-09-24,2026-09-24,READY_INCREMENTAL,,sina_public_snapshot,2026-09-24,4.29,4.240010278812798,1.0278812797359649e-05
002630.SZ,SZ_MAIN,2011-11-11,True,False,2026-09-24,2026-09-24,READY_INCREMENTAL,,sina_public_snapshot,2026-09-24,1.59,1.6,0.0
002631.SZ,SZ_MAIN,2011-11-11,False,False,2026-09-24,2026-09-24,READY_INCREMENTAL,,sina_public_snapshot,2026-09-24,13.93,13.600062484134888,6.248413488840754e-05
002632.SZ,SZ_MAIN,2011-11-22,False,False,2026-09-24,2026-09-24,READY_INCREMENTAL,,sina_public_snapshot,2026-09-24,9.59,9.7300149146214,1.4914621401018737e-05
002633.SZ,SZ_MAIN,2011-11-22,False,False,2026-09-24,2026-09-24,READY_INCREMENTAL,,sina_public_snapshot,2026-09-24,15.86,15.869998098802244,1.9011977538951896e-06
002634.SZ,SZ_MAIN,2011-12-05,True,False,2026-09-24,2026-09-24,READY_INCREMENTAL,,sina_public_snapshot,2026-09-24,4.04,4.010005161392782,5.1613927825044925e-06
002635.SZ,SZ_MAIN,2011-11-25,False,False,2026-09-24,2026-09-24,READY_INCREMENTAL,,sina_public_snapshot,2026-09-24,15.81,16.79003430222062,3.430222061950872e-05
002636.SZ,SZ_MAIN,2011-11-25,False,False,2026-09-24,2026-09-24,READY_INCREMENTAL,,sina_public_snapshot,2026-09-24,80.88,87.14953774540439,0.0004622545956181
002637.SZ,SZ_MAIN,2011-11-25,False,False,2026-09-24,2026-09-24,READY_INCREMENTAL,,sina_public_snapshot,2026-09-24,10.47,10.950050200803211,5.020080321394005e-05
002638.SZ,SZ_MAIN,2011-11-25,False,False,2026-09-24,2026-09-24,READY_INCREMENTAL,,sina_public_snapshot,2026-09-24,4.93,4.740019998461657,1.999846165645636e-05
002639.SZ,SZ_MAIN,2011-12-05,False,False,2026-09-24,2026-09-24,READY_INCREMENTAL,,sina_public_snapshot,2026-09-24,14.28,13.749939819941265,6.018005873720256e-05
002640.SZ,SZ_MAIN,2011-12-08,False,False,2026-09-24,2026-09-24,READY_INCREMENTAL,,sina_public_snapshot,2026-09-24,3.6,3.51000351000351,3.5100035100654736e-06
002641.SZ,SZ_MAIN,2011-12-08,False,False,2026-09-24,2026-09-24,READY_INCREMENTAL,,sina_public_snapshot,2026-09-24,3.78,3.809984578633848,1.5421366151624483e-05
002642.SZ,SZ_MAIN,2011-12-20,False,False,2026-09-24,2026-09-24,READY_INCREMENTAL,,sina_public_snapshot,2026-09-24,6.81,6.889992816600734,7.183399265642265e-06
002643.SZ,SZ_MAIN,2011-12-20,False,False,2026-09-24,2026-09-24,READY_INCREMENTAL,,sina_public_snapshot,2026-09-24,13.06,13.320006527415144,6.527415143509074e-06
002644.SZ,SZ_MAIN,2011-12-22,False,False,2026-09-24,2026-09-24,READY_INCREMENTAL,,sina_public_snapshot,2026-09-24,8.14,8.169983840695352,1.6159304648155626e-05
002645.SZ,SZ_MAIN,2011-12-20,False,False,2026-09-24,2026-09-24,READY_INCREMENTAL,,sina_public_snapshot,2026-09-24,18.2,18.5799601857996,3.981420039878003e-05
002646.SZ,SZ_MAIN,2011-12-22,False,False,2026-09-24,2026-09-24,READY_INCREMENTAL,,sina_public_snapshot,2026-09-24,7.08,7.339982168404902,1.7831595098272146e-05
002647.SZ,SZ_MAIN,2011-12-28,False,False,2026-09-24,2026-09-24,READY_INCREMENTAL,,sina_public_snapshot,2026-09-24,11.75,11.580005518981354,5.518981353702657e-06
002648.SZ,SZ_MAIN,2011-12-28,False,False,2026-09-24,2026-09-24,READY_INCREMENTAL,,sina_public_snapshot,2026-09-24,26.64,26.819961944648597,3.8055351406995896e-05
002649.SZ,SZ_MAIN,2012-01-06,False,False,2026-09-24,2026-09-24,READY_INCREMENTAL,,sina_public_snapshot,2026-09-24,9.14,9.31000061115978,6.111597787850087e-07
002650.SZ,SZ_MAIN,2012-01-06,True,False,2026-09-24,2026-09-24,READY_INCREMENTAL,,sina_public_snapshot,2026-09-24,6.54,7.269978545781967,2.145421803234626e-05
002651.SZ,SZ_MAIN,2012-01-06,False,False,2026-09-24,2026-09-24,READY_INCREMENTAL,,sina_public_snapshot,2026-09-24,8.13,8.120012384766737,1.2384766737483233e-05
002652.SZ,SZ_MAIN,2012-01-19,False,False,2026-09-24,2026-09-24,READY_INCREMENTAL,,sina_public_snapshot,2026-09-24,4.58,4.689980031744407,1.996825559391624e-05
002653.SZ,SZ_MAIN,2012-01-17,False,False,2026-09-24,2026-09-24,READY_INCREMENTAL,,sina_public_snapshot,2026-09-24,61.31,65.4601751014307,0.0001751014307131
002654.SZ,SZ_MAIN,2012-02-17,False,False,2026-09-24,2026-09-24,READY_INCREMENTAL,,sina_public_snapshot,2026-09-24,13.21,13.75998666708332,1.3332916680042216e-05
002655.SZ,SZ_MAIN,2012-02-17,False,False,2026-09-24,2026-09-24,READY_INCREMENTAL,,sina_public_snapshot,2026-09-24,37.43,39.61014222824247,0.000142228242467
002656.SZ,SZ_MAIN,2012-02-28,False,False,2026-09-24,2026-09-24,READY_INCREMENTAL,,sina_public_snapshot,2026-09-24,2.76,2.769999698913076,3.010869238373459e-07
002657.SZ,SZ_MAIN,2012-02-28,False,False,2026-09-24,2026-09-24,READY_INCREMENTAL,,sina_public_snapshot,2026-09-24,14.89,15.270072094430372,7.209443037226038e-05
002658.SZ,SZ_MAIN,2012-03-09,False,False,2026-09-24,2026-09-24,READY_INCREMENTAL,,sina_public_snapshot,2026-09-24,7.32,7.349987950839425,1.204916057506722e-05
002659.SZ,SZ_MAIN,2012-03-09,False,False,2026-09-24,2026-09-24,READY_INCREMENTAL,,sina_public_snapshot,2026-09-24,4.69,4.599978422276058,2.157772394184576e-05
002660.SZ,SZ_MAIN,2012-03-16,False,False,2026-09-24,2026-09-24,READY_INCREMENTAL,,sina_public_snapshot,2026-09-24,7.83,7.899993946364792,6.0536352082252165e-06
002661.SZ,SZ_MAIN,2012-03-16,False,False,2026-09-24,2026-09-24,READY_INCREMENTAL,,sina_public_snapshot,2026-09-24,7.55,7.589999296291456,7.037085438810209e-07
002662.SZ,SZ_MAIN,2012-03-09,False,False,2026-09-24,2026-09-24,READY_INCREMENTAL,,sina_public_snapshot,2026-09-24,3.1,3.1,0.0
002663.SZ,SZ_MAIN,2012-03-16,False,False,2026-09-24,2026-09-24,READY_INCREMENTAL,,sina_public_snapshot,2026-09-24,1.7,1.6899952282487674,4.77175123259066e-06
002664.SZ,SZ_MAIN,2012-03-16,False,False,2026-09-24,2026-09-24,READY_INCREMENTAL,,sina_public_snapshot,2026-09-24,14.72,14.879959565327267,4.043467273184831e-05
002666.SZ,SZ_MAIN,2012-03-27,False,False,2026-09-24,2026-09-24,READY_INCREMENTAL,,sina_public_snapshot,2026-09-24,4.24,4.249987470555806,1.2529444194164796e-05
002667.SZ,SZ_MAIN,2012-03-29,True,False,2026-09-24,2026-09-24,READY_INCREMENTAL,,sina_public_snapshot,2026-09-24,21.02,22.090041615872885,4.16158728846483e-05
002668.SZ,SZ_MAIN,2012-04-16,False,False,2026-09-24,2026-09-24,READY_INCREMENTAL,,sina_public_snapshot,2026-09-24,8.93,8.910041507024266,4.150702426564124e-05
002669.SZ,SZ_MAIN,2012-04-16,False,False,2026-09-24,2026-09-24,READY_INCREMENTAL,,sina_public_snapshot,2026-09-24,15.15,14.519978148151695,2.1851848302389957e-05
002670.SZ,SZ_MAIN,2012-04-16,False,False,2026-09-24,2026-09-24,READY_INCREMENTAL,,sina_public_snapshot,2026-09-24,11.48,11.69995923359152,4.076640847827662e-05
002671.SZ,SZ_MAIN,2012-04-26,False,False,2026-09-24,2026-09-24,READY_INCREMENTAL,,sina_public_snapshot,2026-09-24,4.03,4.01999022434139,9.775658609711968e-06
002672.SZ,SZ_MAIN,2012-04-26,False,False,2026-09-24,2026-09-24,READY_INCREMENTAL,,sina_public_snapshot,2026-09-24,3.71,3.8899898294066455,1.0170593354619228e-05
002673.SZ,SZ_MAIN,2012-05-03,False,False,2026-09-24,2026-09-24,READY_INCREMENTAL,,sina_public_snapshot,2026-09-24,6.61,6.7400148871735786,1.4887173578337354e-05
002674.SZ,SZ_MAIN,2012-05-07,False,False,2026-09-24,2026-09-24,READY_INCREMENTAL,,sina_public_snapshot,2026-09-24,20.42,20.24990083300278,9.916699722012368e-05
002675.SZ,SZ_MAIN,2012-05-25,False,False,2026-09-24,2026-09-24,READY_INCREMENTAL,,sina_public_snapshot,2026-09-24,12.68,12.770028702351578,2.8702351578147045e-05
002676.SZ,SZ_MAIN,2012-05-25,False,False,2026-09-24,2026-09-24,READY_INCREMENTAL,,sina_public_snapshot,2026-09-24,5.26,5.300015114111542,1.511411154186959e-05
002677.SZ,SZ_MAIN,2012-05-25,False,False,2026-09-24,2026-09-24,READY_INCREMENTAL,,sina_public_snapshot,2026-09-24,6.4,6.300018703180525,1.870318052521469e-05
002678.SZ,SZ_MAIN,2012-05-30,False,False,2026-09-24,2026-09-24,READY_INCREMENTAL,,sina_public_snapshot,2026-09-24,4.39,4.430002926425623,2.926425623606121e-06
002679.SZ,SZ_MAIN,2012-06-05,False,False,2026-09-24,2026-09-24,READY_INCREMENTAL,,sina_public_snapshot,2026-09-24,11.58,10.529953078965557,4.692103444448037e-05
002681.SZ,SZ_MAIN,2012-06-05,False,False,2026-09-24,2026-09-24,READY_INCREMENTAL,,sina_public_snapshot,2026-09-24,4.49,4.529999899109134,1.0089086632802947e-07
002682.SZ,SZ_MAIN,2012-06-12,False,False,2026-09-24,2026-09-24,READY_INCREMENTAL,,sina_public_snapshot,2026-09-24,5.05,4.839992716050566,7.283949433833925e-06
002683.SZ,SZ_MAIN,2012-06-12,False,False,2026-09-24,2026-09-24,READY_INCREMENTAL,,sina_public_snapshot,2026-09-24,28.26,28.60005464978596,5.464978595526304e-05
002685.SZ,SZ_MAIN,2012-06-12,False,False,2026-09-24,2026-09-24,READY_INCREMENTAL,,sina_public_snapshot,2026-09-24,5.48,5.520020146058927,2.0146058927750232e-05
002686.SZ,SZ_MAIN,2012-07-03,False,False,2026-09-24,2026-09-24,READY_INCREMENTAL,,sina_public_snapshot,2026-09-24,6.21,6.170018281535649,1.8281535648867475e-05
002687.SZ,SZ_MAIN,2012-07-13,False,False,2026-09-24,2026-09-24,READY_INCREMENTAL,,sina_public_snapshot,2026-09-24,5.77,5.569981948238746,1.8051761254689325e-05
002688.SZ,SZ_MAIN,2012-07-13,False,False,2026-09-24,2026-09-24,READY_INCREMENTAL,,sina_public_snapshot,2026-09-24,5.15,5.170007930691778,7.930691777957577e-06
002689.SZ,SZ_MAIN,2012-07-17,True,False,2026-09-24,2026-09-24,READY_INCREMENTAL,,sina_public_snapshot,2026-09-24,2.93,2.93,0.0
002690.SZ,SZ_MAIN,2012-07-31,False,False,2026-09-24,2026-09-24,READY_INCREMENTAL,,sina_public_snapshot,2026-09-24,15.83,16.0300550874919,5.508749189786499e-05
002691.SZ,SZ_MAIN,2012-07-31,True,False,2026-09-24,2026-09-24,READY_INCREMENTAL,,sina_public_snapshot,2026-09-24,4.09,4.130019892760853,1.989276085279101e-05
002692.SZ,SZ_MAIN,2012-08-08,False,False,2026-09-24,2026-09-24,READY_INCREMENTAL,,sina_public_snapshot,2026-09-24,4.29,4.270016323605526,1.632360552683565e-05
002693.SZ,SZ_MAIN,2012-08-08,False,False,2026-09-24,2026-09-24,READY_INCREMENTAL,,sina_public_snapshot,2026-09-24,8.98,9.199971314120624,2.868587937499001e-05
002694.SZ,SZ_MAIN,2012-08-16,True,False,2026-09-24,2026-09-24,READY_INCREMENTAL,,sina_public_snapshot,2026-09-24,2.52,2.510010159564932,1.0159564931555565e-05
002695.SZ,SZ_MAIN,2012-09-05,False,False,2026-09-24,2026-09-24,READY_INCREMENTAL,,sina_public_snapshot,2026-09-24,10.53,10.53,0.0
002696.SZ,SZ_MAIN,2012-09-05,False,False,2026-09-24,2026-09-24,READY_INCREMENTAL,,sina_public_snapshot,2026-09-24,6.65,6.590030720443959,3.072044395935336e-05
002697.SZ,SZ_MAIN,2012-09-05,False,False,2026-09-24,2026-09-24,READY_INCREMENTAL,,sina_public_snapshot,2026-09-24,4.61,4.660001819523488,1.8195234874340829e-06
002698.SZ,SZ_MAIN,2012-09-11,False,False,2026-09-24,2026-09-24,READY_INCREMENTAL,,sina_public_snapshot,2026-09-24,11.32,11.400028197949608,2.8197949607289274e-05
002700.SZ,SZ_MAIN,2012-09-21,False,False,2026-09-24,2026-09-24,READY_INCREMENTAL,,sina_public_snapshot,2026-09-24,6.36,6.379969303921274,3.069607872596691e-05
002701.SZ,SZ_MAIN,2012-10-11,False,False,2026-09-24,2026-09-24,READY_INCREMENTAL,,sina_public_snapshot,2026-09-24,4.32,4.380006083341783,6.083341783202911e-06
002702.SZ,SZ_MAIN,2012-10-11,False,False,2026-09-24,2026-09-24,READY_INCREMENTAL,,sina_public_snapshot,2026-09-24,5.55,5.449992635145087,7.364854913483043e-06
002703.SZ,SZ_MAIN,2012-11-02,False,False,2026-09-24,2026-09-24,READY_INCREMENTAL,,sina_public_snapshot,2026-09-24,15.18,15.20006408459166,6.408459166173941e-05
002705.SZ,SZ_MAIN,2014-01-21,False,False,2026-09-24,2026-09-24,READY_INCREMENTAL,,sina_public_snapshot,2026-09-24,11.77,11.679947603973364,5.239602663564824e-05
002706.SZ,SZ_MAIN,2014-01-21,False,False,2026-09-24,2026-09-24,READY_INCREMENTAL,,sina_public_snapshot,2026-09-24,8.61,8.699957561182629,4.243881737053812e-05
002707.SZ,SZ_MAIN,2014-01-23,False,False,2026-09-24,2026-09-24,READY_INCREMENTAL,,sina_public_snapshot,2026-09-24,5.09,5.160021491641576,2.1491641575721587e-05
002708.SZ,SZ_MAIN,2014-01-21,False,False,2026-09-24,2026-09-24,READY_INCREMENTAL,,sina_public_snapshot,2026-09-24,16.45,17.209993304318715,6.695681285862065e-06
002709.SZ,SZ_MAIN,2014-01-23,False,False,2026-09-24,2026-09-24,READY_INCREMENTAL,,sina_public_snapshot,2026-09-24,31.76,32.840111259319,0.0001112593189986
002712.SZ,SZ_MAIN,2014-01-23,False,False,2026-09-24,2026-09-24,READY_INCREMENTAL,,sina_public_snapshot,2026-09-24,4.96,4.980019679110022,1.96791100215421e-05
002713.SZ,SZ_MAIN,2014-02-19,False,False,2026-09-24,2026-09-24,READY_INCREMENTAL,,sina_public_snapshot,2026-09-24,10.47,10.729987599536775,1.2400463223372071e-05
002714.SZ,SZ_MAIN,2014-01-28,False,False,2026-09-24,2026-09-24,READY_INCREMENTAL,,sina_public_snapshot,2026-09-24,40.48,41.39990590930475,9.40906952493492e-05
002715.SZ,SZ_MAIN,2014-02-19,False,False,2026-09-24,2026-09-24,READY_INCREMENTAL,,sina_public_snapshot,2026-09-24,13.11,13.089972342316257,2.7657683745019312e-05
002716.SZ,SZ_MAIN,2014-01-28,False,False,2026-09-24,2026-09-24,READY_INCREMENTAL,,sina_public_snapshot,2026-09-24,9.09,9.55996802826974,3.1971730260593745e-05
002717.SZ,SZ_MAIN,2014-02-19,True,False,2026-09-24,2026-09-24,READY_INCREMENTAL,,sina_public_snapshot,2026-09-24,0.85,0.8899964400142399,3.559985760070994e-06
002718.SZ,SZ_MAIN,2014-01-28,False,False,2026-09-24,2026-09-24,READY_INCREMENTAL,,sina_public_snapshot,2026-09-24,85.96,83.2203849281648,0.0003849281648058
002719.SZ,SZ_MAIN,2014-01-28,True,False,2026-09-24,2026-09-24,READY_INCREMENTAL,,sina_public_snapshot,2026-09-24,6.25,6.2600160256410255,1.6025641025763093e-05
002721.SZ,SZ_MAIN,2014-01-27,False,False,2026-09-24,2026-09-24,READY_INCREMENTAL,,sina_public_snapshot,2026-09-24,2.66,2.66,0.0
002722.SZ,SZ_MAIN,2014-01-28,False,False,2026-09-24,2026-09-24,READY_INCREMENTAL,,sina_public_snapshot,2026-09-24,13.28,13.219981284966252,1.871503374850647e-05
002723.SZ,SZ_MAIN,2014-01-29,False,False,2026-09-24,2026-09-24,READY_INCREMENTAL,,sina_public_snapshot,2026-09-24,7.38,7.279973168662575,2.6831337424759735e-05
002724.SZ,SZ_MAIN,2014-11-04,False,False,2026-09-24,2026-09-24,READY_INCREMENTAL,,sina_public_snapshot,2026-09-24,7.22,7.170024926263941,2.492626394090536e-05
002725.SZ,SZ_MAIN,2014-01-29,False,False,2026-09-24,2026-09-24,READY_INCREMENTAL,,sina_public_snapshot,2026-09-24,10.86,10.990011840068004,1.18400680033659e-05
002726.SZ,SZ_MAIN,2014-06-26,True,False,2026-09-24,2026-09-24,READY_INCREMENTAL,,sina_public_snapshot,2026-09-24,2.39,2.479999169874755,8.301252449882668e-07
002727.SZ,SZ_MAIN,2014-07-02,False,False,2026-09-24,2026-09-24,REPAIRED_FULL_HISTORY,QFQ_CONTINUITY_BREAK,sina_daily,2026-09-24,10.6,10.660015889457648,0.1999841105423527
002728.SZ,SZ_MAIN,2014-07-31,False,False,2026-09-24,2026-09-24,READY_INCREMENTAL,,sina_public_snapshot,2026-09-24,9.61,9.83995986197434,4.0138025660496623e-05
002729.SZ,SZ_MAIN,2014-09-12,False,False,2026-09-24,2026-09-24,READY_INCREMENTAL,,sina_public_snapshot,2026-09-24,13.97,13.950051426460162,5.142646016231822e-05
002730.SZ,SZ_MAIN,2014-10-09,False,False,2026-09-24,2026-09-24,READY_INCREMENTAL,,sina_public_snapshot,2026-09-24,22.31,22.820027617245437,2.7617245432765003e-05
002731.SZ,SZ_MAIN,2014-11-04,True,True,2026-09-24,2026-09-24,READY_SUSPENDED_NO_APPEND,SNAPSHOT_SUSPENDED,sina_daily,2026-08-31 00:00:00,0.77,,
002732.SZ,SZ_MAIN,2014-12-05,False,False,2026-09-24,2026-09-24,READY_INCREMENTAL,,sina_public_snapshot,2026-09-24,14.17,14.110032362459544,3.236245954596484e-05
002733.SZ,SZ_MAIN,2014-12-03,False,False,2026-09-24,2026-09-24,READY_INCREMENTAL,,sina_public_snapshot,2026-09-24,17.72,18.079972247446666,2.7752553336313213e-05
002734.SZ,SZ_MAIN,2015-01-27,False,False,2026-09-24,2026-09-24,READY_INCREMENTAL,,sina_public_snapshot,2026-09-24,19.86,20.320045837767044,4.583776704336629e-05
002735.SZ,SZ_MAIN,2014-12-03,False,False,2026-09-24,2026-09-24,READY_INCREMENTAL,,sina_public_snapshot,2026-09-24,11.38,11.90003137090871,3.1370908709860146e-05
002736.SZ,SZ_MAIN,2014-12-29,False,False,2026-09-24,2026-09-24,READY_INCREMENTAL,,sina_public_snapshot,2026-09-24,9.84,9.980019676055052,1.9676055051931485e-05
002737.SZ,SZ_MAIN,2014-12-30,False,False,2026-09-24,2026-09-24,READY_INCREMENTAL,,sina_public_snapshot,2026-09-24,11.24,11.379973676217476,2.6323782526205264e-05
002738.SZ,SZ_MAIN,2014-12-30,False,False,2026-09-24,2026-09-24,READY_INCREMENTAL,,sina_public_snapshot,2026-09-24,42.58,44.35000885333667,8.85333666644783e-06
002739.SZ,SZ_MAIN,2015-01-22,False,False,2026-09-24,2026-09-24,READY_INCREMENTAL,,sina_public_snapshot,2026-09-24,8.35,8.490000101676648,1.0167664754590079e-07
002741.SZ,SZ_MAIN,2015-02-16,False,False,2026-09-24,2026-09-24,READY_INCREMENTAL,,sina_public_snapshot,2026-09-24,28.6,27.46988877576503,0.0001112242349705
002742.SZ,SZ_MAIN,2015-02-17,False,False,2026-09-24,2026-09-24,READY_INCREMENTAL,,sina_public_snapshot,2026-09-24,4.14,4.210012508008176,1.2508008175871057e-05
002743.SZ,SZ_MAIN,2015-02-17,True,False,2026-09-24,2026-09-24,READY_INCREMENTAL,,sina_public_snapshot,2026-09-24,4.75,4.569988166135906,1.1833864093979685e-05
002745.SZ,SZ_MAIN,2015-02-17,False,False,2026-09-24,2026-09-24,READY_INCREMENTAL,,sina_public_snapshot,2026-09-24,11.87,12.41995563554179,4.436445821021096e-05
002746.SZ,SZ_MAIN,2015-02-16,False,False,2026-09-24,2026-09-24,READY_INCREMENTAL,,sina_public_snapshot,2026-09-24,6.19,6.279992289508659,7.710491341406112e-06
002747.SZ,SZ_MAIN,2015-03-20,False,False,2026-09-24,2026-09-24,READY_INCREMENTAL,,sina_public_snapshot,2026-09-24,29.35,29.46994266665328,5.733334671731427e-05
002748.SZ,SZ_MAIN,2015-03-19,False,False,2026-09-24,2026-09-24,READY_INCREMENTAL,,sina_public_snapshot,2026-09-24,12.11,12.340017934295265,1.7934295263088984e-05
002749.SZ,SZ_MAIN,2015-03-20,False,False,2026-09-24,2026-09-24,READY_INCREMENTAL,,sina_public_snapshot,2026-09-24,8.44,8.449970965739572,2.903426042699664e-05
002752.SZ,SZ_MAIN,2015-04-22,False,False,2026-09-24,2026-09-24,READY_INCREMENTAL,,sina_public_snapshot,2026-09-24,6.15,6.120011941486716,1.1941486715905114e-05
002753.SZ,SZ_MAIN,2015-05-19,False,False,2026-09-24,2026-09-24,READY_INCREMENTAL,,sina_public_snapshot,2026-09-24,6.82,6.710022727496336,2.2727496335583908e-05
002755.SZ,SZ_MAIN,2015-05-15,False,False,2026-09-24,2026-09-24,READY_INCREMENTAL,,sina_public_snapshot,2026-09-24,12.6,12.970035101444203,3.510144420282302e-05
002756.SZ,SZ_MAIN,2015-05-15,False,False,2026-09-24,2026-09-24,READY_INCREMENTAL,,sina_public_snapshot,2026-09-24,39.08,40.12979544894438,0.0002045510556243
002757.SZ,SZ_MAIN,2015-05-27,False,False,2026-09-24,2026-09-24,READY_INCREMENTAL,,sina_public_snapshot,2026-09-24,19.4,20.27994689580916,5.310419084381124e-05
002758.SZ,SZ_MAIN,2015-05-27,False,False,2026-09-24,2026-09-24,READY_INCREMENTAL,,sina_public_snapshot,2026-09-24,8.62,8.539980383803757,1.96161962424668e-05
002759.SZ,SZ_MAIN,2015-05-28,True,False,2026-09-24,2026-09-24,READY_INCREMENTAL,,sina_public_snapshot,2026-09-24,13.89,14.320030516407725,3.0516407724334726e-05
002760.SZ,SZ_MAIN,2015-06-11,False,False,2026-09-24,2026-09-24,READY_INCREMENTAL,,sina_public_snapshot,2026-09-24,17.65,17.719993976206013,6.023793986287274e-06
002761.SZ,SZ_MAIN,2015-06-10,False,False,2026-09-24,2026-09-24,READY_INCREMENTAL,,sina_public_snapshot,2026-09-24,7.23,7.370030581039756,3.058103975561721e-05
002762.SZ,SZ_MAIN,2015-06-10,False,False,2026-09-24,2026-09-24,READY_INCREMENTAL,,sina_public_snapshot,2026-09-24,10.25,10.189981011840262,1.8988159737887145e-05
002763.SZ,SZ_MAIN,2015-06-10,False,False,2026-09-24,2026-09-24,READY_INCREMENTAL,,sina_public_snapshot,2026-09-24,7.39,7.320020603034985,2.060303498474525e-05
002765.SZ,SZ_MAIN,2015-06-12,False,False,2026-09-24,2026-09-24,READY_INCREMENTAL,,sina_public_snapshot,2026-09-24,6.88,6.909989353795472,1.0646204527731127e-05
002766.SZ,SZ_MAIN,2015-06-11,False,False,2026-09-24,2026-09-24,READY_INCREMENTAL,,sina_public_snapshot,2026-09-24,4.02,4.0,0.0
002767.SZ,SZ_MAIN,2015-06-12,False,False,2026-09-24,2026-09-24,READY_INCREMENTAL,,sina_public_snapshot,2026-09-24,18.71,18.819908264263297,9.173573670295808e-05
002768.SZ,SZ_MAIN,2015-06-30,False,False,2026-09-24,2026-09-24,READY_INCREMENTAL,,sina_public_snapshot,2026-09-24,78.01,79.01987398958693,0.0001260104130693
002769.SZ,SZ_MAIN,2015-06-29,False,False,2026-09-24,2026-09-24,READY_INCREMENTAL,,sina_public_snapshot,2026-09-24,6.73,6.739975163241598,2.4836758401924897e-05
002771.SZ,SZ_MAIN,2015-06-29,False,False,2026-09-24,2026-09-24,READY_INCREMENTAL,,sina_public_snapshot,2026-09-24,13.55,13.65996269973285,3.73002671505418e-05
002772.SZ,SZ_MAIN,2015-06-26,False,False,2026-09-24,2026-09-24,READY_INCREMENTAL,,sina_public_snapshot,2026-09-24,10.64,10.949994339758565,5.660241434668478e-06
002773.SZ,SZ_MAIN,2015-06-26,False,False,2026-09-24,2026-09-24,READY_INCREMENTAL,,sina_public_snapshot,2026-09-24,20.42,20.17009255326505,9.255326504842289e-05
002774.SZ,SZ_MAIN,2017-03-24,False,False,2026-09-24,2026-09-24,READY_INCREMENTAL,,sina_public_snapshot,2026-09-24,17.46,17.410033204702504,3.320470250400831e-05
002775.SZ,SZ_MAIN,2015-06-29,False,False,2026-09-24,2026-09-24,READY_INCREMENTAL,,sina_public_snapshot,2026-09-24,3.33,3.3000029729756517,2.972975651438503e-06
002777.SZ,SZ_MAIN,2015-12-31,False,False,2026-09-24,2026-09-24,READY_INCREMENTAL,,sina_public_snapshot,2026-09-24,12.52,12.660019819200356,1.981920035554197e-05
002778.SZ,SZ_MAIN,2016-01-06,False,False,2026-09-24,2026-09-24,READY_INCREMENTAL,,sina_public_snapshot,2026-09-24,15.83,15.799980037927936,1.9962072064672043e-05
002779.SZ,SZ_MAIN,2015-12-09,False,False,2026-09-24,2026-09-24,READY_INCREMENTAL,,sina_public_snapshot,2026-09-24,82.86,85.9998546949112,0.0001453050887931
002780.SZ,SZ_MAIN,2015-12-09,False,False,2026-09-24,2026-09-24,READY_INCREMENTAL,,sina_public_snapshot,2026-09-24,14.91,14.919996397586385,3.6024136171874943e-06
002782.SZ,SZ_MAIN,2015-12-22,False,False,2026-09-24,2026-09-24,READY_INCREMENTAL,,sina_public_snapshot,2026-09-24,14.96,15.519960162669102,3.983733089718555e-05
002783.SZ,SZ_MAIN,2015-12-09,False,False,2026-09-24,2026-09-24,READY_INCREMENTAL,,sina_public_snapshot,2026-09-24,8.02,8.100028279400476,2.8279400476449723e-05
002785.SZ,SZ_MAIN,2015-12-23,False,False,2026-09-24,2026-09-24,READY_INCREMENTAL,,sina_public_snapshot,2026-09-24,41.0,39.48001925854598,1.925854598283649e-05
002786.SZ,SZ_MAIN,2015-12-23,False,False,2026-09-24,2026-09-24,READY_INCREMENTAL,,sina_public_snapshot,2026-09-24,7.7,7.670010259883853,1.0259883853613871e-05
002787.SZ,SZ_MAIN,2015-12-31,False,False,2026-09-24,2026-09-24,READY_INCREMENTAL,,sina_public_snapshot,2026-09-24,26.35,27.08007892789608,7.892789608021644e-05
002788.SZ,SZ_MAIN,2016-02-18,False,False,2026-09-24,2026-09-24,READY_INCREMENTAL,,sina_public_snapshot,2026-09-24,10.89,10.819994634713405,5.3652865954489926e-06
002789.SZ,SZ_MAIN,2016-03-11,True,False,2026-09-24,2026-09-24,READY_INCREMENTAL,,sina_public_snapshot,2026-09-24,14.05,13.169981815114078,1.8184885922423177e-05
002790.SZ,SZ_MAIN,2016-03-08,False,False,2026-09-24,2026-09-24,READY_INCREMENTAL,,sina_public_snapshot,2026-09-24,6.49,6.600022372957197,2.237295719709209e-05
002791.SZ,SZ_MAIN,2016-03-29,False,False,2026-09-24,2026-09-24,READY_INCREMENTAL,,sina_public_snapshot,2026-09-24,15.48,15.430006778039155,6.778039155719284e-06
002792.SZ,SZ_MAIN,2016-03-28,False,False,2026-09-24,2026-09-24,READY_INCREMENTAL,,sina_public_snapshot,2026-09-24,33.05,33.35015136226034,0.0001513622603397
002793.SZ,SZ_MAIN,2016-04-15,False,False,2026-09-24,2026-09-24,READY_INCREMENTAL,,sina_public_snapshot,2026-09-24,4.66,4.769996110303601,3.889696398751141e-06
002795.SZ,SZ_MAIN,2016-04-28,False,False,2026-09-24,2026-09-24,READY_INCREMENTAL,,sina_public_snapshot,2026-09-24,7.94,7.910021020332939,2.1020332939158948e-05
002796.SZ,SZ_MAIN,2016-05-10,False,False,2026-09-24,2026-09-24,READY_INCREMENTAL,,sina_public_snapshot,2026-09-24,29.16,30.60003777782442,3.7777824417162265e-05
002797.SZ,SZ_MAIN,2016-05-11,False,False,2026-09-24,2026-09-24,READY_INCREMENTAL,,sina_public_snapshot,2026-09-24,6.21,6.29000891337817,8.913378169772557e-06
002798.SZ,SZ_MAIN,2016-05-25,False,False,2026-09-24,2026-09-24,READY_INCREMENTAL,,sina_public_snapshot,2026-09-24,6.6,6.669967963941748,3.203605825152778e-05
002799.SZ,SZ_MAIN,2016-06-08,False,False,2026-09-24,2026-09-24,READY_INCREMENTAL,,sina_public_snapshot,2026-09-24,6.82,6.829971758767801,2.8241232199022196e-05
002800.SZ,SZ_MAIN,2016-05-30,False,False,2026-09-24,2026-09-24,READY_INCREMENTAL,,sina_public_snapshot,2026-09-24,14.64,14.679929407989734,7.059201026571316e-05
002801.SZ,SZ_MAIN,2016-06-22,False,False,2026-09-24,2026-09-24,READY_INCREMENTAL,,sina_public_snapshot,2026-09-24,27.1,26.939976539356223,2.346064377789503e-05
002802.SZ,SZ_MAIN,2016-06-29,False,False,2026-09-24,2026-09-24,READY_INCREMENTAL,,sina_public_snapshot,2026-09-24,12.42,12.38001255943303,1.2559433029579736e-05
002803.SZ,SZ_MAIN,2016-07-12,False,False,2026-09-24,2026-09-24,READY_INCREMENTAL,,sina_public_snapshot,2026-09-24,19.42,19.88002374956493,2.374956493511604e-05
002805.SZ,SZ_MAIN,2016-07-07,False,False,2026-09-24,2026-09-24,READY_INCREMENTAL,,sina_public_snapshot,2026-09-24,16.16,16.46006702180755,6.702180754913911e-05
002806.SZ,SZ_MAIN,2016-07-26,False,False,2026-09-24,2026-09-24,READY_INCREMENTAL,,sina_public_snapshot,2026-09-24,15.21,15.279982319021116,1.7680978881884357e-05
002807.SZ,SZ_MAIN,2016-09-02,False,False,2026-09-24,2026-09-24,READY_INCREMENTAL,,sina_public_snapshot,2026-09-24,4.16,4.119994850006437,5.149993563158262e-06
002809.SZ,SZ_MAIN,2016-08-23,False,False,2026-09-24,2026-09-24,READY_INCREMENTAL,,sina_public_snapshot,2026-09-24,8.49,8.38999130366037,8.696339630631655e-06
002810.SZ,SZ_MAIN,2016-08-26,False,False,2026-09-24,2026-09-24,READY_INCREMENTAL,,sina_public_snapshot,2026-09-24,21.23,21.470034991201636,3.4991201633971514e-05
002811.SZ,SZ_MAIN,2016-09-08,False,False,2026-09-24,2026-09-24,REPAIRED_FULL_HISTORY,QFQ_CONTINUITY_BREAK,sina_daily,2026-09-24,16.36,17.159999160880236,0.1900008391197651
002812.SZ,SZ_MAIN,2016-09-14,False,False,2026-09-24,2026-09-24,READY_INCREMENTAL,,sina_public_snapshot,2026-09-24,46.3,47.49984611280957,0.0001538871904358
002813.SZ,SZ_MAIN,2016-10-12,False,False,2026-09-24,2026-09-24,READY_INCREMENTAL,,sina_public_snapshot,2026-09-24,23.1,22.79995262347507,4.737652493247424e-05
002815.SZ,SZ_MAIN,2016-10-12,False,False,2026-09-24,2026-09-24,READY_INCREMENTAL,,sina_public_snapshot,2026-09-24,23.83,24.85994763032433,5.2369675664465376e-05
002816.SZ,SZ_MAIN,2016-10-25,True,False,2026-09-24,2026-09-24,READY_INCREMENTAL,,sina_public_snapshot,2026-09-24,21.29,21.55993032770284,6.967229716181578e-05
002817.SZ,SZ_MAIN,2016-10-25,False,False,2026-09-24,2026-09-24,READY_INCREMENTAL,,sina_public_snapshot,2026-09-24,6.73,6.739975163241598,2.4836758401924897e-05
002818.SZ,SZ_MAIN,2016-11-09,False,False,2026-09-24,2026-09-24,READY_INCREMENTAL,,sina_public_snapshot,2026-09-24,11.15,11.13997402337896,2.597662104086851e-05
002819.SZ,SZ_MAIN,2016-11-11,False,False,2026-09-24,2026-09-24,READY_INCREMENTAL,,sina_public_snapshot,2026-09-24,26.66,24.24010983515634,0.0001098351563406
002820.SZ,SZ_MAIN,2016-11-18,False,False,2026-09-24,2026-09-24,READY_INCREMENTAL,,sina_public_snapshot,2026-09-24,9.75,9.790041268789349,4.126878934940237e-05
002821.SZ,SZ_MAIN,2016-11-18,False,False,2026-09-24,2026-09-24,READY_INCREMENTAL,,sina_public_snapshot,2026-09-24,178.3,188.0107555227501,0.0007555227500688
002822.SZ,SZ_MAIN,2016-11-29,True,False,2026-09-24,2026-09-24,READY_INCREMENTAL,,sina_public_snapshot,2026-09-24,2.91,2.93001198183594,1.1981835939423036e-05
002823.SZ,SZ_MAIN,2016-11-24,False,False,2026-09-24,2026-09-24,READY_INCREMENTAL,,sina_public_snapshot,2026-09-24,12.92,12.999949690597171,5.030940282679808e-05
002824.SZ,SZ_MAIN,2017-01-12,False,False,2026-09-24,2026-09-24,READY_INCREMENTAL,,sina_public_snapshot,2026-09-24,27.22,28.53010229750125,0.0001022975012539
002825.SZ,SZ_MAIN,2016-11-29,False,False,2026-09-24,2026-09-24,READY_INCREMENTAL,,sina_public_snapshot,2026-09-24,9.43,9.539996155674933,3.844325066282295e-06
002826.SZ,SZ_MAIN,2016-12-09,False,False,2026-09-24,2026-09-24,READY_INCREMENTAL,,sina_public_snapshot,2026-09-24,17.68,17.150063051702396,6.305170239784275e-05
002827.SZ,SZ_MAIN,2016-12-09,False,False,2026-09-24,2026-09-24,READY_INCREMENTAL,,sina_public_snapshot,2026-09-24,76.59,79.40984354425656,0.0001564557434363
002828.SZ,SZ_MAIN,2016-12-08,False,False,2026-09-24,2026-09-24,READY_INCREMENTAL,,sina_public_snapshot,2026-09-24,10.85,10.730038173223363,3.817322336274742e-05
002829.SZ,SZ_MAIN,2016-12-13,False,False,2026-09-24,2026-09-24,READY_INCREMENTAL,,sina_public_snapshot,2026-09-24,19.96,20.23991806686474,8.19331352595043e-05
002830.SZ,SZ_MAIN,2016-12-13,False,False,2026-09-24,2026-09-24,READY_INCREMENTAL,,sina_public_snapshot,2026-09-24,14.98,14.990043329030453,4.332903045067837e-05
002831.SZ,SZ_MAIN,2016-12-16,False,False,2026-09-24,2026-09-24,READY_INCREMENTAL,,sina_public_snapshot,2026-09-24,29.0,28.749876078120355,0.0001239218796449
002832.SZ,SZ_MAIN,2016-12-23,False,False,2026-09-24,2026-09-24,READY_INCREMENTAL,,sina_public_snapshot,2026-09-24,25.15,25.450056162151768,5.616215176829087e-05
002833.SZ,SZ_MAIN,2016-12-28,False,False,2026-09-24,2026-09-24,READY_INCREMENTAL,,sina_public_snapshot,2026-09-24,18.32,18.6799628847899,3.7115210098193074e-05
002835.SZ,SZ_MAIN,2016-12-28,False,False,2026-09-24,2026-09-24,READY_INCREMENTAL,,sina_public_snapshot,2026-09-24,13.08,13.100043065890814,4.306589081437551e-05
002836.SZ,SZ_MAIN,2016-12-29,False,False,2026-09-24,2026-09-24,READY_INCREMENTAL,,sina_public_snapshot,2026-09-24,12.27,11.149984097414697,1.590258530548283e-05
002837.SZ,SZ_MAIN,2016-12-29,False,False,2026-09-24,2026-09-24,READY_INCREMENTAL,,sina_public_snapshot,2026-09-24,57.22,61.25026760864911,0.0002676086491106
002838.SZ,SZ_MAIN,2017-01-06,False,False,2026-09-24,2026-09-24,READY_INCREMENTAL,,sina_public_snapshot,2026-09-24,25.65,25.839923437263888,7.65627361118959e-05
002839.SZ,SZ_MAIN,2017-01-24,False,False,2026-09-24,2026-09-24,READY_INCREMENTAL,,sina_public_snapshot,2026-09-24,4.25,4.25,0.0
002840.SZ,SZ_MAIN,2017-01-10,False,False,2026-09-24,2026-09-24,READY_INCREMENTAL,,sina_public_snapshot,2026-09-24,7.75,8.36003149844126,3.149844125971413e-05
002841.SZ,SZ_MAIN,2017-01-19,False,False,2026-09-24,2026-09-24,READY_INCREMENTAL,,sina_public_snapshot,2026-09-24,44.94,46.59988801095004,0.0001119890499623
002842.SZ,SZ_MAIN,2017-01-19,False,False,2026-09-24,2026-09-24,READY_INCREMENTAL,,sina_public_snapshot,2026-09-24,32.86,33.78017188206752,0.0001718820675193
002843.SZ,SZ_MAIN,2017-01-20,False,False,2026-09-24,2026-09-24,READY_INCREMENTAL,,sina_public_snapshot,2026-09-24,15.71,16.18002986765539,2.986765538892655e-05
002845.SZ,SZ_MAIN,2017-01-25,False,False,2026-09-24,2026-09-24,READY_INCREMENTAL,,sina_public_snapshot,2026-09-24,14.02,14.51000279436573,2.794365730807158e-06
002846.SZ,SZ_MAIN,2017-02-07,False,False,2026-09-24,2026-09-24,READY_INCREMENTAL,,sina_public_snapshot,2026-09-24,11.28,11.400042446966555,4.244696655675284e-05
002847.SZ,SZ_MAIN,2017-02-08,False,False,2026-09-24,2026-09-24,READY_INCREMENTAL,,sina_public_snapshot,2026-09-24,43.15,43.200112130070885,0.0001121300708817
002848.SZ,SZ_MAIN,2017-02-13,False,False,2026-09-24,2026-09-24,READY_INCREMENTAL,,sina_public_snapshot,2026-09-24,15.44,15.660023327754956,2.3327754956170565e-05
002849.SZ,SZ_MAIN,2017-02-17,False,False,2026-09-24,2026-09-24,READY_INCREMENTAL,,sina_public_snapshot,2026-09-24,24.75,22.99993494967893,6.50503210692932e-05
002850.SZ,SZ_MAIN,2017-03-02,False,False,2026-09-24,2026-09-24,READY_INCREMENTAL,,sina_public_snapshot,2026-09-24,169.27,170.97979797979798,0.0002020202020105
002851.SZ,SZ_MAIN,2017-03-06,False,False,2026-09-24,2026-09-24,READY_INCREMENTAL,,sina_public_snapshot,2026-09-24,122.61,122.8495566354391,0.0004433645608941
002852.SZ,SZ_MAIN,2017-03-10,False,False,2026-09-24,2026-09-24,READY_INCREMENTAL,,sina_public_snapshot,2026-09-24,8.09,8.079980823778515,1.9176221485395217e-05
002853.SZ,SZ_MAIN,2017-03-10,False,False,2026-09-24,2026-09-24,READY_INCREMENTAL,,sina_public_snapshot,2026-09-24,21.26,21.73002033995319,2.033995318839743e-05
002855.SZ,SZ_MAIN,2017-03-21,False,False,2026-09-24,2026-09-24,READY_INCREMENTAL,,sina_public_snapshot,2026-09-24,12.91,13.060060090439146,6.009043914545487e-05
002856.SZ,SZ_MAIN,2017-03-20,True,False,2026-09-24,2026-09-24,READY_INCREMENTAL,,sina_public_snapshot,2026-09-24,17.79,19.76996166027671,3.833972328948221e-05
002857.SZ,SZ_MAIN,2017-03-23,False,False,2026-09-24,2026-09-24,READY_INCREMENTAL,,sina_public_snapshot,2026-09-24,17.69,17.769964841788045,3.515821195421154e-05
002858.SZ,SZ_MAIN,2017-03-24,False,False,2026-09-24,2026-09-24,READY_INCREMENTAL,,sina_public_snapshot,2026-09-24,11.66,11.470055874714726,5.587471472523475e-05
002859.SZ,SZ_MAIN,2017-04-07,False,False,2026-09-24,2026-09-24,READY_INCREMENTAL,,sina_public_snapshot,2026-09-24,65.63,68.6499095197749,9.048022511137788e-05
002860.SZ,SZ_MAIN,2017-04-12,False,True,2026-09-24,2026-09-24,READY_SUSPENDED_NO_APPEND,SNAPSHOT_SUSPENDED,sina_daily,2026-09-21 00:00:00,18.39,,
002861.SZ,SZ_MAIN,2017-04-13,False,False,2026-09-24,2026-09-24,READY_INCREMENTAL,,sina_public_snapshot,2026-09-24,14.73,14.660071459139903,7.145913990314057e-05
002862.SZ,SZ_MAIN,2017-04-11,False,False,2026-09-24,2026-09-24,READY_INCREMENTAL,,sina_public_snapshot,2026-09-24,15.35,15.699951928485952,4.807151404762067e-05
002863.SZ,SZ_MAIN,2017-04-18,False,False,2026-09-24,2026-09-24,READY_INCREMENTAL,,sina_public_snapshot,2026-09-24,4.76,4.73001172565932,1.1725659319061776e-05
002864.SZ,SZ_MAIN,2017-11-16,False,False,2026-09-24,2026-09-24,READY_INCREMENTAL,,sina_public_snapshot,2026-09-24,20.95,21.219917348675143,8.265132485263393e-05
002865.SZ,SZ_MAIN,2017-04-25,False,False,2026-09-24,2026-09-24,READY_INCREMENTAL,,sina_public_snapshot,2026-09-24,37.6,38.27985013845903,0.0001498615409687
002866.SZ,SZ_MAIN,2017-04-26,False,False,2026-09-24,2026-09-24,READY_INCREMENTAL,,sina_public_snapshot,2026-09-24,14.3,14.479986228824288,1.3771175712662398e-05
002867.SZ,SZ_MAIN,2017-04-27,False,False,2026-09-24,2026-09-24,READY_INCREMENTAL,,sina_public_snapshot,2026-09-24,10.07,10.169970813092702,2.918690729813989e-05
002868.SZ,SZ_MAIN,2017-05-03,False,False,2026-09-24,2026-09-24,READY_INCREMENTAL,,sina_public_snapshot,2026-09-24,22.42,22.87988570262272,0.00011429737728
002869.SZ,SZ_MAIN,2017-05-15,False,False,2026-09-24,2026-09-24,READY_INCREMENTAL,,sina_public_snapshot,2026-09-24,16.81,16.769919891459413,8.010854058682071e-05
002870.SZ,SZ_MAIN,2017-05-15,False,False,2026-09-24,2026-09-24,READY_INCREMENTAL,,sina_public_snapshot,2026-09-24,48.2,49.3599590373784,4.096262160402375e-05
002871.SZ,SZ_MAIN,2017-05-11,False,False,2026-09-24,2026-09-24,READY_INCREMENTAL,,sina_public_snapshot,2026-09-24,18.2,18.839994617144395,5.382855604807446e-06
002872.SZ,SZ_MAIN,2017-05-19,True,False,2026-09-24,2026-09-24,READY_INCREMENTAL,,sina_public_snapshot,2026-09-24,5.94,5.960025686305989,2.568630598887012e-05
002873.SZ,SZ_MAIN,2017-05-19,False,False,2026-09-24,2026-09-24,READY_INCREMENTAL,,sina_public_snapshot,2026-09-24,8.38,8.449965716129553,3.4283870446572e-05
002875.SZ,SZ_MAIN,2017-06-01,False,False,2026-09-24,2026-09-24,READY_INCREMENTAL,,sina_public_snapshot,2026-09-24,12.97,13.099951519069169,4.848093083253957e-05
002876.SZ,SZ_MAIN,2017-05-25,False,False,2026-09-24,2026-09-24,READY_INCREMENTAL,,sina_public_snapshot,2026-09-24,32.54,33.20001632453169,1.6324531685540933e-05
002877.SZ,SZ_MAIN,2017-06-05,False,False,2026-09-24,2026-09-24,READY_INCREMENTAL,,sina_public_snapshot,2026-09-24,7.45,7.45,0.0
002878.SZ,SZ_MAIN,2017-06-06,False,False,2026-09-24,2026-09-24,READY_INCREMENTAL,,sina_public_snapshot,2026-09-24,12.58,12.610011828151,1.182815100086998e-05
002879.SZ,SZ_MAIN,2017-07-07,False,False,2026-09-24,2026-09-24,READY_INCREMENTAL,,sina_public_snapshot,2026-09-24,17.92,16.85002350728726,2.350728725986073e-05
002880.SZ,SZ_MAIN,2017-06-16,False,False,2026-09-24,2026-09-24,READY_INCREMENTAL,,sina_public_snapshot,2026-09-24,21.51,21.86997986863778,2.013136221989953e-05
002881.SZ,SZ_MAIN,2017-06-22,False,False,2026-09-24,2026-09-24,READY_INCREMENTAL,,sina_public_snapshot,2026-09-24,45.53,46.25011427932915,0.0001142793291535
002882.SZ,SZ_MAIN,2017-07-17,False,False,2026-09-24,2026-09-24,READY_INCREMENTAL,,sina_public_snapshot,2026-09-24,21.71,22.060093686809672,9.368680967369868e-05
002883.SZ,SZ_MAIN,2017-06-20,True,False,2026-09-24,2026-09-24,READY_INCREMENTAL,,sina_public_snapshot,2026-09-24,9.26,9.219985263954438,1.4736045562457887e-05
002884.SZ,SZ_MAIN,2017-07-11,False,False,2026-09-24,2026-09-24,READY_INCREMENTAL,,sina_public_snapshot,2026-09-24,15.4,15.45005818853084,5.818853084171849e-05
002885.SZ,SZ_MAIN,2017-06-27,False,False,2026-09-24,2026-09-24,READY_INCREMENTAL,,sina_public_snapshot,2026-09-24,28.04,28.759859277721365,0.0001407222786369
002886.SZ,SZ_MAIN,2017-06-27,False,False,2026-09-24,2026-09-24,READY_INCREMENTAL,,sina_public_snapshot,2026-09-24,25.51,27.14003021469456,3.021469455788406e-05
002887.SZ,SZ_MAIN,2017-08-01,False,False,2026-09-24,2026-09-24,READY_INCREMENTAL,,sina_public_snapshot,2026-09-24,9.14,9.05004257678674,4.257678673980081e-05
002888.SZ,SZ_MAIN,2017-07-21,False,False,2026-09-24,2026-09-24,READY_INCREMENTAL,,sina_public_snapshot,2026-09-24,19.03,18.69002838370049,2.8383700488632257e-05
002889.SZ,SZ_MAIN,2017-07-31,False,False,2026-09-24,2026-09-24,READY_INCREMENTAL,,sina_public_snapshot,2026-09-24,12.06,11.960014280614068,1.4280614067274657e-05
002890.SZ,SZ_MAIN,2017-08-02,False,False,2026-09-24,2026-09-24,READY_INCREMENTAL,,sina_public_snapshot,2026-09-24,15.31,15.3500636661687,6.366616870145947e-05
002891.SZ,SZ_MAIN,2017-08-21,False,False,2026-09-24,2026-09-24,READY_INCREMENTAL,,sina_public_snapshot,2026-09-24,27.83,28.429870262539584,0.0001297374604156
002892.SZ,SZ_MAIN,2017-08-17,False,False,2026-09-24,2026-09-24,READY_INCREMENTAL,,sina_public_snapshot,2026-09-24,8.63,8.63,0.0
002893.SZ,SZ_MAIN,2017-09-15,False,False,2026-09-24,2026-09-24,READY_INCREMENTAL,,sina_public_snapshot,2026-09-24,10.15,10.25004039424786,4.0394247859509846e-05
002895.SZ,SZ_MAIN,2017-08-25,False,False,2026-09-24,2026-09-24,READY_INCREMENTAL,,sina_public_snapshot,2026-09-24,30.17,30.890046995464274,4.699546427389123e-05
002896.SZ,SZ_MAIN,2017-08-29,False,False,2026-09-24,2026-09-24,READY_INCREMENTAL,,sina_public_snapshot,2026-09-24,61.22,60.7401527929358,0.0001527929358005
002897.SZ,SZ_MAIN,2017-09-07,False,False,2026-09-24,2026-09-24,READY_INCREMENTAL,,sina_public_snapshot,2026-09-24,65.71,67.84998864176114,1.1358238850789348e-05
002899.SZ,SZ_MAIN,2017-09-15,False,False,2026-09-24,2026-09-24,READY_INCREMENTAL,,sina_public_snapshot,2026-09-24,21.14,21.33995538192867,4.461807132827289e-05
002900.SZ,SZ_MAIN,2017-09-22,False,False,2026-09-24,2026-09-24,READY_INCREMENTAL,,sina_public_snapshot,2026-09-24,12.61,12.839963750776404,3.624922359612981e-05
002901.SZ,SZ_MAIN,2017-09-22,False,False,2026-09-24,2026-09-24,READY_INCREMENTAL,,sina_public_snapshot,2026-09-24,41.34,41.720069836207855,6.98362078566106e-05
002902.SZ,SZ_MAIN,2017-09-29,False,False,2026-09-24,2026-09-24,READY_INCREMENTAL,,sina_public_snapshot,2026-09-24,27.86,28.83013400941688,0.0001340094168789
002903.SZ,SZ_MAIN,2017-10-13,False,False,2026-09-24,2026-09-24,READY_INCREMENTAL,,sina_public_snapshot,2026-09-24,29.99,30.669952854790708,4.71452092938307e-05
002905.SZ,SZ_MAIN,2017-10-16,False,False,2026-09-24,2026-09-24,READY_INCREMENTAL,,sina_public_snapshot,2026-09-24,8.78,8.940026473882495,2.647388249599203e-05
002906.SZ,SZ_MAIN,2017-10-13,False,False,2026-09-24,2026-09-24,READY_INCREMENTAL,,sina_public_snapshot,2026-09-24,27.5,27.78002262809116,2.2628091155496577e-05
002907.SZ,SZ_MAIN,2017-10-20,False,False,2026-09-24,2026-09-24,READY_INCREMENTAL,,sina_public_snapshot,2026-09-24,14.43,14.709929967277288,7.003272271433048e-05
002908.SZ,SZ_MAIN,2017-10-20,False,False,2026-09-24,2026-09-24,READY_INCREMENTAL,,sina_public_snapshot,2026-09-24,7.0,7.02000702000702,7.020007020130947e-06
002909.SZ,SZ_MAIN,2017-10-26,False,False,2026-09-24,2026-09-24,READY_INCREMENTAL,,sina_public_snapshot,2026-09-24,8.29,7.53999654378928,3.456210720287345e-06
002910.SZ,SZ_MAIN,2017-10-31,False,False,2026-09-24,2026-09-24,READY_INCREMENTAL,,sina_public_snapshot,2026-09-24,9.98,10.030049949246742,4.9949246742286846e-05
002911.SZ,SZ_MAIN,2017-11-22,False,False,2026-09-24,2026-09-24,READY_INCREMENTAL,,sina_public_snapshot,2026-09-24,11.17,11.059953463042726,4.653695727441232e-05
002912.SZ,SZ_MAIN,2017-11-21,False,False,2026-09-24,2026-09-24,READY_INCREMENTAL,,sina_public_snapshot,2026-09-24,24.06,25.41003516850254,3.516850253859616e-05
002913.SZ,SZ_MAIN,2017-12-01,False,False,2026-09-24,2026-09-24,READY_INCREMENTAL,,sina_public_snapshot,2026-09-24,86.8,90.85960725202028,0.0003927479797312
002915.SZ,SZ_MAIN,2017-12-05,False,False,2026-09-24,2026-09-24,READY_INCREMENTAL,,sina_public_snapshot,2026-09-24,16.82,17.050004561535108,4.5615351069727694e-06
002916.SZ,SZ_MAIN,2017-12-13,False,False,2026-09-24,2026-09-24,READY_INCREMENTAL,,sina_public_snapshot,2026-09-24,394.5,414.769800132474,0.0001998675259642
002917.SZ,SZ_MAIN,2017-12-08,False,False,2026-09-24,2026-09-24,READY_INCREMENTAL,,sina_public_snapshot,2026-09-24,10.14,10.230024213075062,2.421307506139669e-05
002918.SZ,SZ_MAIN,2017-12-19,False,False,2026-09-24,2026-09-24,READY_INCREMENTAL,,sina_public_snapshot,2026-09-24,10.56,10.859951870667846,4.812933215347925e-05
002919.SZ,SZ_MAIN,2017-12-18,False,False,2026-09-24,2026-09-24,READY_INCREMENTAL,,sina_public_snapshot,2026-09-24,16.48,16.49005893595093,5.8935950931982006e-05
002920.SZ,SZ_MAIN,2017-12-26,False,False,2026-09-24,2026-09-24,READY_INCREMENTAL,,sina_public_snapshot,2026-09-24,82.88,83.50966285794892,0.0003371420510802
002921.SZ,SZ_MAIN,2017-12-27,False,False,2026-09-24,2026-09-24,READY_INCREMENTAL,,sina_public_snapshot,2026-09-24,20.89,21.249974569202287,2.543079771299972e-05
002922.SZ,SZ_MAIN,2017-12-29,False,False,2026-09-24,2026-09-24,READY_INCREMENTAL,,sina_public_snapshot,2026-09-24,22.75,23.440075832509063,7.583250906506578e-05
002923.SZ,SZ_MAIN,2018-01-05,False,False,2026-09-24,2026-09-24,READY_INCREMENTAL,,sina_public_snapshot,2026-09-24,10.85,11.060029969113463,2.996911346286879e-05
002925.SZ,SZ_MAIN,2018-01-15,False,False,2026-09-24,2026-09-24,READY_INCREMENTAL,,sina_public_snapshot,2026-09-24,23.02,24.580098875636654,9.887563665955668e-05
002926.SZ,SZ_MAIN,2018-02-05,False,False,2026-09-24,2026-09-24,READY_INCREMENTAL,,sina_public_snapshot,2026-09-24,8.23,8.349989346915171,1.0653084828504689e-05
002927.SZ,SZ_MAIN,2018-02-23,False,False,2026-09-24,2026-09-24,READY_INCREMENTAL,,sina_public_snapshot,2026-09-24,19.58,19.3300622945317,6.2294531701923e-05
002928.SZ,SZ_MAIN,2018-03-02,False,False,2026-09-24,2026-09-24,READY_INCREMENTAL,,sina_public_snapshot,2026-09-24,6.2,6.499973790428265,2.620957173515848e-05
002929.SZ,SZ_MAIN,2018-03-01,False,False,2026-09-24,2026-09-24,READY_INCREMENTAL,,sina_public_snapshot,2026-09-24,51.4,51.96013020359475,0.0001302035947503
002930.SZ,SZ_MAIN,2018-03-28,False,False,2026-09-24,2026-09-24,READY_INCREMENTAL,,sina_public_snapshot,2026-09-24,9.17,9.10002083974238,2.083974238153985e-05
002931.SZ,SZ_MAIN,2018-04-03,False,False,2026-09-24,2026-09-24,READY_INCREMENTAL,,sina_public_snapshot,2026-09-24,40.48,40.85010192342624,0.0001019234262358
002932.SZ,SZ_MAIN,2018-07-10,True,False,2026-09-24,2026-09-24,READY_INCREMENTAL,,sina_public_snapshot,2026-09-24,15.26,15.34995071116744,4.92888325585028e-05
002933.SZ,SZ_MAIN,2018-08-28,False,False,2026-09-24,2026-09-24,READY_INCREMENTAL,,sina_public_snapshot,2026-09-24,27.73,27.810093068035943,9.30680359445546e-05
002935.SZ,SZ_MAIN,2018-09-03,False,False,2026-09-24,2026-09-24,READY_INCREMENTAL,,sina_public_snapshot,2026-09-24,18.08,17.520058917012285,5.891701228577517e-05
002936.SZ,SZ_MAIN,2018-09-19,False,False,2026-09-24,2026-09-24,READY_INCREMENTAL,,sina_public_snapshot,2026-09-24,1.71,1.7399975578981643,2.4421018356424185e-06
002937.SZ,SZ_MAIN,2018-09-26,False,False,2026-09-24,2026-09-24,READY_INCREMENTAL,,sina_public_snapshot,2026-09-24,30.25,30.130082272555228,8.227255522896826e-05
002938.SZ,SZ_MAIN,2018-09-18,False,False,2026-09-24,2026-09-24,READY_INCREMENTAL,,sina_public_snapshot,2026-09-24,82.94,88.18994757940179,5.24205982088688e-05
002939.SZ,SZ_MAIN,2018-10-26,False,False,2026-09-24,2026-09-24,READY_INCREMENTAL,,sina_public_snapshot,2026-09-24,7.76,7.870022920427577,2.2920427577233227e-05
002940.SZ,SZ_MAIN,2018-10-23,False,False,2026-09-24,2026-09-24,READY_INCREMENTAL,,sina_public_snapshot,2026-09-24,22.84,23.27999184588727,8.154112730807128e-06
002941.SZ,SZ_MAIN,2018-11-28,False,False,2026-09-24,2026-09-24,READY_INCREMENTAL,,sina_public_snapshot,2026-09-24,10.4,10.439985143098069,1.4856901932702726e-05
002942.SZ,SZ_MAIN,2018-12-05,False,False,2026-09-24,2026-09-24,READY_INCREMENTAL,,sina_public_snapshot,2026-09-24,16.77,16.929988390288223,1.160971177682768e-05
002943.SZ,SZ_MAIN,2018-11-29,False,False,2026-09-24,2026-09-24,READY_INCREMENTAL,,sina_public_snapshot,2026-09-24,31.05,31.57991090498566,8.909501433862488e-05
002945.SZ,SZ_MAIN,2019-01-17,False,False,2026-09-24,2026-09-24,READY_INCREMENTAL,,sina_public_snapshot,2026-09-24,14.48,14.769933800503892,6.619949610708886e-05
002946.SZ,SZ_MAIN,2019-01-25,False,False,2026-09-24,2026-09-24,READY_INCREMENTAL,,sina_public_snapshot,2026-09-24,14.33,14.449934455984671,6.554401532632426e-05
002947.SZ,SZ_MAIN,2019-02-01,False,False,2026-09-24,2026-09-24,READY_INCREMENTAL,,sina_public_snapshot,2026-09-24,63.41,65.76982118408496,0.0001788159150351
002948.SZ,SZ_MAIN,2019-01-16,False,False,2026-09-24,2026-09-24,READY_INCREMENTAL,,sina_public_snapshot,2026-09-24,6.04,6.0200135549974085,1.3554997408959936e-05
002949.SZ,SZ_MAIN,2019-02-26,False,False,2026-09-24,2026-09-24,READY_INCREMENTAL,,sina_public_snapshot,2026-09-24,13.08,13.02996493465094,3.50653490599484e-05
002950.SZ,SZ_MAIN,2019-03-11,False,False,2026-09-24,2026-09-24,READY_INCREMENTAL,,sina_public_snapshot,2026-09-24,8.55,8.640029103255927,2.9103255926088423e-05
002951.SZ,SZ_MAIN,2019-03-15,False,False,2026-09-24,2026-09-24,READY_INCREMENTAL,,sina_public_snapshot,2026-09-24,16.98,16.83004430524031,4.430524031207028e-05
002952.SZ,SZ_MAIN,2019-03-28,False,False,2026-09-24,2026-09-24,READY_INCREMENTAL,,sina_public_snapshot,2026-09-24,19.33,19.629945568283368,5.44317166308872e-05
002953.SZ,SZ_MAIN,2019-05-09,False,False,2026-09-24,2026-09-24,READY_INCREMENTAL,,sina_public_snapshot,2026-09-24,10.29,10.350030175015087,3.0175015087507973e-05
002955.SZ,SZ_MAIN,2019-05-23,False,False,2026-09-24,2026-09-24,READY_INCREMENTAL,,sina_public_snapshot,2026-09-24,37.46,37.409870773163966,0.0001292268360302
002956.SZ,SZ_MAIN,2019-06-19,False,False,2026-09-24,2026-09-24,READY_INCREMENTAL,,sina_public_snapshot,2026-09-24,17.33,17.669970227170765,2.97728292366628e-05
002957.SZ,SZ_MAIN,2019-07-26,False,False,2026-09-24,2026-09-24,READY_INCREMENTAL,,sina_public_snapshot,2026-09-24,41.4,43.88010344681392,0.0001034468139167
002958.SZ,SZ_MAIN,2019-03-26,False,False,2026-09-24,2026-09-24,READY_INCREMENTAL,,sina_public_snapshot,2026-09-24,2.89,2.9000050173097187,5.01730971880221e-06
002959.SZ,SZ_MAIN,2019-08-23,False,False,2026-09-24,2026-09-24,READY_INCREMENTAL,,sina_public_snapshot,2026-09-24,31.58,31.70014354403188,0.0001435440318786
002960.SZ,SZ_MAIN,2019-08-09,False,False,2026-09-24,2026-09-24,READY_INCREMENTAL,,sina_public_snapshot,2026-09-24,8.78,8.940026473882495,2.647388249599203e-05
002961.SZ,SZ_MAIN,2019-09-05,False,False,2026-09-24,2026-09-24,READY_INCREMENTAL,,sina_public_snapshot,2026-09-24,13.56,13.729977116704806,2.288329519473109e-05
002962.SZ,SZ_MAIN,2019-09-17,False,False,2026-09-24,2026-09-24,READY_INCREMENTAL,,sina_public_snapshot,2026-09-24,13.42,13.709965776165909,3.422383409201757e-05
002963.SZ,SZ_MAIN,2019-10-28,False,False,2026-09-24,2026-09-24,READY_INCREMENTAL,,sina_public_snapshot,2026-09-24,23.51,23.90004879635654,4.879635654120307e-05
002965.SZ,SZ_MAIN,2019-10-25,False,False,2026-09-24,2026-09-24,READY_INCREMENTAL,,sina_public_snapshot,2026-09-24,31.79,32.37007168458781,7.168458781592335e-05
002966.SZ,SZ_MAIN,2019-08-02,False,False,2026-09-24,2026-09-24,READY_INCREMENTAL,,sina_public_snapshot,2026-09-24,9.2,9.090010868491255,1.086849125542244e-05
002967.SZ,SZ_MAIN,2019-11-08,False,False,2026-09-24,2026-09-24,READY_INCREMENTAL,,sina_public_snapshot,2026-09-24,18.11,17.560020168327966,2.0168327967695632e-05
002968.SZ,SZ_MAIN,2019-12-03,False,False,2026-09-24,2026-09-24,READY_INCREMENTAL,,sina_public_snapshot,2026-09-24,9.75,9.989958810631366,4.118936863406475e-05
002969.SZ,SZ_MAIN,2019-12-02,False,False,2026-09-24,2026-09-24,READY_INCREMENTAL,,sina_public_snapshot,2026-09-24,11.1,11.180049151927804,4.9151927804302886e-05
002970.SZ,SZ_MAIN,2019-12-17,False,False,2026-09-24,2026-09-24,READY_INCREMENTAL,,sina_public_snapshot,2026-09-24,42.35,43.93016814829414,0.0001681482941435
002971.SZ,SZ_MAIN,2020-01-13,False,False,2026-09-24,2026-09-24,READY_INCREMENTAL,,sina_public_snapshot,2026-09-24,43.19,41.77992744860944,7.255139056638882e-05
002972.SZ,SZ_MAIN,2019-12-27,False,False,2026-09-24,2026-09-24,READY_INCREMENTAL,,sina_public_snapshot,2026-09-24,13.29,13.42993997453465,6.002546535022191e-05
002973.SZ,SZ_MAIN,2020-01-06,False,False,2026-09-24,2026-09-24,READY_INCREMENTAL,,sina_public_snapshot,2026-09-24,12.35,12.860028739821312,2.8739821313905622e-05
002975.SZ,SZ_MAIN,2020-02-05,False,False,2026-09-24,2026-09-24,READY_INCREMENTAL,,sina_public_snapshot,2026-09-24,110.9,110.57049991026742,0.0004999102674219
002976.SZ,SZ_MAIN,2020-03-06,False,False,2026-09-24,2026-09-24,READY_INCREMENTAL,,sina_public_snapshot,2026-09-24,24.28,25.639942553011743,5.744698825793648e-05
002977.SZ,SZ_MAIN,2020-03-17,True,False,2026-09-24,2026-09-24,READY_INCREMENTAL,,sina_public_snapshot,2026-09-24,19.66,19.569978100736613,2.1899263387581414e-05
002978.SZ,SZ_MAIN,2020-04-17,False,False,2026-09-24,2026-09-24,READY_INCREMENTAL,,sina_public_snapshot,2026-09-24,24.8,25.229917799300072,8.22006999285918e-05
002979.SZ,SZ_MAIN,2020-04-08,False,False,2026-09-24,2026-09-24,READY_INCREMENTAL,,sina_public_snapshot,2026-09-24,53.99,54.13996771055825,3.228944174793469e-05
002980.SZ,SZ_MAIN,2020-04-15,False,False,2026-09-24,2026-09-24,READY_INCREMENTAL,,sina_public_snapshot,2026-09-24,108.11,116.0501513557612,0.00015135576119
002981.SZ,SZ_MAIN,2020-04-17,False,False,2026-09-24,2026-09-24,READY_INCREMENTAL,,sina_public_snapshot,2026-09-24,24.24,24.62989117733725,0.000108822662753
002982.SZ,SZ_MAIN,2020-04-24,False,False,2026-09-24,2026-09-24,READY_INCREMENTAL,,sina_public_snapshot,2026-09-24,12.42,12.550018188432157,1.8188432155952228e-05
002983.SZ,SZ_MAIN,2020-04-28,False,False,2026-09-24,2026-09-24,READY_INCREMENTAL,,sina_public_snapshot,2026-09-24,22.17,22.65990719352399,9.280647601173088e-05
002984.SZ,SZ_MAIN,2020-09-11,False,False,2026-09-24,2026-09-24,READY_INCREMENTAL,,sina_public_snapshot,2026-09-24,12.93,13.059946467350134,5.353264986673878e-05
002985.SZ,SZ_MAIN,2020-04-29,False,False,2026-09-24,2026-09-24,READY_INCREMENTAL,,sina_public_snapshot,2026-09-24,27.43,27.87006837971571,6.83797157101651e-05
002986.SZ,SZ_MAIN,2020-06-02,False,False,2026-09-24,2026-09-24,READY_INCREMENTAL,,sina_public_snapshot,2026-09-24,12.8,13.21003963011889,3.963011888963308e-05
002987.SZ,SZ_MAIN,2020-05-07,False,False,2026-09-24,2026-09-24,READY_INCREMENTAL,,sina_public_snapshot,2026-09-24,10.55,10.770031748624396,3.174862439614401e-05
002988.SZ,SZ_MAIN,2020-05-18,False,False,2026-09-24,2026-09-24,READY_INCREMENTAL,,sina_public_snapshot,2026-09-24,31.0,31.6100744366269,7.443662689965436e-05
002989.SZ,SZ_MAIN,2020-06-10,False,False,2026-09-24,2026-09-24,READY_INCREMENTAL,,sina_public_snapshot,2026-09-24,25.83,27.95999220627395,7.793726052085503e-06
002990.SZ,SZ_MAIN,2020-05-25,False,False,2026-09-24,2026-09-24,READY_INCREMENTAL,,sina_public_snapshot,2026-09-24,56.45,54.56004020722184,4.020722183639691e-05
002991.SZ,SZ_MAIN,2020-07-31,False,False,2026-09-24,2026-09-24,READY_INCREMENTAL,,sina_public_snapshot,2026-09-24,37.11,37.5,0.0
002992.SZ,SZ_MAIN,2020-08-03,False,False,2026-09-24,2026-09-24,READY_INCREMENTAL,,sina_public_snapshot,2026-09-24,33.53,35.14012031272925,0.0001203127292512
002993.SZ,SZ_MAIN,2020-08-17,False,False,2026-09-24,2026-09-24,READY_INCREMENTAL,,sina_public_snapshot,2026-09-24,34.28,35.47001914222153,1.914222153232004e-05
002995.SZ,SZ_MAIN,2020-08-05,False,False,2026-09-24,2026-09-24,READY_INCREMENTAL,,sina_public_snapshot,2026-09-24,17.02,17.339921552646324,7.844735367612543e-05
002996.SZ,SZ_MAIN,2020-08-28,False,False,2026-09-24,2026-09-24,READY_INCREMENTAL,,sina_public_snapshot,2026-09-24,5.88,5.939993938781695,6.06121830504236e-06
002997.SZ,SZ_MAIN,2020-09-03,False,False,2026-09-24,2026-09-24,READY_INCREMENTAL,,sina_public_snapshot,2026-09-24,26.14,26.320028998348704,2.8998348703623836e-05
002998.SZ,SZ_MAIN,2020-09-25,False,False,2026-09-24,2026-09-24,READY_INCREMENTAL,,sina_public_snapshot,2026-09-24,8.26,8.130001279540153,1.279540152054892e-06
002999.SZ,SZ_MAIN,2020-09-03,False,False,2026-09-24,2026-09-24,READY_INCREMENTAL,,sina_public_snapshot,2026-09-24,6.35,6.3900014088192085,1.4088192088479443e-06
003000.SZ,SZ_MAIN,2020-09-14,False,False,2026-09-24,2026-09-24,REPAIRED_FULL_HISTORY,QFQ_CONTINUITY_BREAK,sina_daily,2026-09-24,9.38,9.34002469430836,0.0999753056916397
003001.SZ,SZ_MAIN,2020-10-13,False,False,2026-09-24,2026-09-24,READY_INCREMENTAL,,sina_public_snapshot,2026-09-24,21.1,21.49989810474832,0.0001018952516815
003002.SZ,SZ_MAIN,2020-09-22,False,False,2026-09-24,2026-09-24,READY_INCREMENTAL,,sina_public_snapshot,2026-09-24,15.4,15.829941203075531,5.87969244687514e-05
003003.SZ,SZ_MAIN,2020-09-21,False,False,2026-09-24,2026-09-24,READY_INCREMENTAL,,sina_public_snapshot,2026-09-24,10.98,10.930049672994416,4.9672994416383176e-05
003004.SZ,SZ_MAIN,2020-11-26,False,False,2026-09-24,2026-09-24,READY_INCREMENTAL,,sina_public_snapshot,2026-09-24,58.06,60.61998183279911,1.8167200892094115e-05
003005.SZ,SZ_MAIN,2020-09-22,False,False,2026-09-24,2026-09-24,READY_INCREMENTAL,,sina_public_snapshot,2026-09-24,14.85,14.869925700438587,7.429956141180583e-05
003006.SZ,SZ_MAIN,2020-09-21,False,False,2026-09-24,2026-09-24,READY_INCREMENTAL,,sina_public_snapshot,2026-09-24,22.64,21.59007466885365,7.466885364948439e-05
003007.SZ,SZ_MAIN,2020-09-23,False,False,2026-09-24,2026-09-24,READY_INCREMENTAL,,sina_public_snapshot,2026-09-24,40.76,40.77998219127373,1.7808726276768994e-05
003008.SZ,SZ_MAIN,2020-09-23,False,False,2026-09-24,2026-09-24,READY_INCREMENTAL,,sina_public_snapshot,2026-09-24,19.75,19.940028471331797,2.847133179173511e-05
003009.SZ,SZ_MAIN,2020-09-25,False,False,2026-09-24,2026-09-24,READY_INCREMENTAL,,sina_public_snapshot,2026-09-24,46.58,46.70001904895582,1.904895581361643e-05
003010.SZ,SZ_MAIN,2020-09-25,False,False,2026-09-24,2026-09-24,READY_INCREMENTAL,,sina_public_snapshot,2026-09-24,28.45,27.88996941416359,3.058583640935808e-05
003011.SZ,SZ_MAIN,2020-09-30,False,False,2026-09-24,2026-09-24,READY_INCREMENTAL,,sina_public_snapshot,2026-09-24,19.98,20.78003120124805,3.1201248049228525e-05
003012.SZ,SZ_MAIN,2020-10-19,False,False,2026-09-24,2026-09-24,READY_INCREMENTAL,,sina_public_snapshot,2026-09-24,4.61,4.680012994396167,1.299439616708753e-05
003013.SZ,SZ_MAIN,2020-10-22,False,False,2026-09-24,2026-09-24,READY_INCREMENTAL,,sina_public_snapshot,2026-09-24,16.3,16.200045717920432,4.571792043250866e-05
003015.SZ,SZ_MAIN,2020-10-21,False,False,2026-09-24,2026-09-24,READY_INCREMENTAL,,sina_public_snapshot,2026-09-24,12.39,12.57995735607676,4.2643923240603954e-05
003016.SZ,SZ_MAIN,2020-10-26,False,False,2026-09-24,2026-09-24,READY_INCREMENTAL,,sina_public_snapshot,2026-09-24,7.7,7.49997564942971,2.4350570289932705e-05
003017.SZ,SZ_MAIN,2020-10-26,False,False,2026-09-24,2026-09-24,READY_INCREMENTAL,,sina_public_snapshot,2026-09-24,22.9,23.00005021845025,5.021845025510174e-05
003018.SZ,SZ_MAIN,2020-11-06,False,False,2026-09-24,2026-09-24,READY_INCREMENTAL,,sina_public_snapshot,2026-09-24,48.5,49.27009153062365,9.15306236493052e-05
003019.SZ,SZ_MAIN,2020-11-17,False,False,2026-09-24,2026-09-24,READY_INCREMENTAL,,sina_public_snapshot,2026-09-24,27.41,27.89992264158625,7.735841374412189e-05
003020.SZ,SZ_MAIN,2020-12-15,False,False,2026-09-24,2026-09-24,READY_INCREMENTAL,,sina_public_snapshot,2026-09-24,16.99,17.750057460456755,5.746045675536493e-05
003021.SZ,SZ_MAIN,2020-12-04,False,False,2026-09-24,2026-09-24,READY_INCREMENTAL,,sina_public_snapshot,2026-09-24,69.87,70.7501316375714,0.0001316375713997
003022.SZ,SZ_MAIN,2020-12-08,False,False,2026-09-24,2026-09-24,READY_INCREMENTAL,,sina_public_snapshot,2026-09-24,19.18,19.46990691394869,9.308605130442515e-05
003023.SZ,SZ_MAIN,2020-12-11,False,False,2026-09-24,2026-09-24,READY_INCREMENTAL,,sina_public_snapshot,2026-09-24,25.73,26.090042587710403,4.258771040355214e-05
003025.SZ,SZ_MAIN,2020-12-11,False,False,2026-09-24,2026-09-24,READY_INCREMENTAL,,sina_public_snapshot,2026-09-24,12.2,12.409976807584329,2.3192415673278788e-05
003026.SZ,SZ_MAIN,2020-12-18,False,False,2026-09-24,2026-09-24,READY_INCREMENTAL,,sina_public_snapshot,2026-09-24,35.55,35.99999999999999,7.105427357601002e-15
003027.SZ,SZ_MAIN,2020-12-18,False,False,2026-09-24,2026-09-24,READY_INCREMENTAL,,sina_public_snapshot,2026-09-24,16.54,16.5300819508295,8.195082950024357e-05
003028.SZ,SZ_MAIN,2020-12-28,False,False,2026-09-24,2026-09-24,READY_INCREMENTAL,,sina_public_snapshot,2026-09-24,23.61,23.860053359204464,5.3359204464698e-05
003029.SZ,SZ_MAIN,2020-12-24,False,False,2026-09-24,2026-09-24,READY_INCREMENTAL,,sina_public_snapshot,2026-09-24,17.59,17.480050482465295,5.048246529426592e-05
003030.SZ,SZ_MAIN,2021-01-06,False,False,2026-09-24,2026-09-24,READY_INCREMENTAL,,sina_public_snapshot,2026-09-24,26.87,27.270051657820225,5.165782022231724e-05
003031.SZ,SZ_MAIN,2021-01-04,False,False,2026-09-24,2026-09-24,READY_INCREMENTAL,,sina_public_snapshot,2026-09-24,129.35,134.5993756503642,0.0006243496357853
003032.SZ,SZ_MAIN,2021-01-12,False,False,2026-09-24,2026-09-24,READY_INCREMENTAL,,sina_public_snapshot,2026-09-24,9.0,9.26002140093835,2.1400938349458443e-05
003033.SZ,SZ_MAIN,2021-01-11,False,False,2026-09-24,2026-09-24,READY_INCREMENTAL,,sina_public_snapshot,2026-09-24,91.74,95.37968892955168,0.0003110704483049
003035.SZ,SZ_MAIN,2021-01-19,False,False,2026-09-24,2026-09-24,READY_INCREMENTAL,,sina_public_snapshot,2026-09-24,5.31,5.340010861039039,1.0861039038800868e-05
003036.SZ,SZ_MAIN,2021-01-28,False,False,2026-09-24,2026-09-24,READY_INCREMENTAL,,sina_public_snapshot,2026-09-24,56.56,58.80029109054996,0.0002910905499575
003037.SZ,SZ_MAIN,2021-02-04,False,False,2026-09-24,2026-09-24,READY_INCREMENTAL,,sina_public_snapshot,2026-09-24,5.8,5.840004027588985,4.02758898498945e-06
003038.SZ,SZ_MAIN,2021-02-10,False,False,2026-09-24,2026-09-24,READY_INCREMENTAL,,sina_public_snapshot,2026-09-24,10.71,10.71,0.0
003039.SZ,SZ_MAIN,2021-03-08,False,False,2026-09-24,2026-09-24,READY_INCREMENTAL,,sina_public_snapshot,2026-09-24,12.62,12.660005617752097,5.617752096398476e-06
003040.SZ,SZ_MAIN,2021-03-22,False,False,2026-09-24,2026-09-24,READY_INCREMENTAL,,sina_public_snapshot,2026-09-24,14.5,15.90993877416665,6.122583335077536e-05
003041.SZ,SZ_MAIN,2021-04-06,False,False,2026-09-24,2026-09-24,READY_INCREMENTAL,,sina_public_snapshot,2026-09-24,41.31,42.79010990149264,0.0001099014926353
003042.SZ,SZ_MAIN,2021-04-06,False,False,2026-09-24,2026-09-24,READY_INCREMENTAL,,sina_public_snapshot,2026-09-24,14.29,14.300010007004904,1.0007004902945482e-05
003043.SZ,SZ_MAIN,2021-04-06,False,False,2026-09-24,2026-09-24,READY_INCREMENTAL,,sina_public_snapshot,2026-09-24,63.1,64.82033160068211,0.0003316006821165
003816.SZ,SZ_MAIN,2019-08-26,False,False,2026-09-24,2026-09-24,READY_INCREMENTAL,,sina_public_snapshot,2026-09-24,4.19,4.180009776633846,9.776633846492189e-06
302132.SZ,UNKNOWN,2010-08-27,False,False,2026-09-24,2026-09-24,READY_INCREMENTAL,,sina_public_snapshot,2026-09-24,58.1,59.43977247150779,0.0002275284922106
