as_of_date,overall_rank,research_priority,symbol,name,exchange,board,listing_status,industry_name,primary_sleeve,sleeves,sleeve_count,primary_sleeve_rank,primary_sleeve_rank_percentile,best_sleeve_score,normalized_primary_score,cross_sleeve_bonus,aggregate_score,score_basis,investability_status,factor_record_quality,confidence_grade,event_flag_count,avg_turnover_cny_20d,return_20d,return_60d,return_120d,return_250d,distance_52w_high,volatility_60d,max_drawdown_120d,screen_row_hash,next_workflow,authority,longlist_row_hash,replay_date
2026-07-10,1,A_IMMEDIATE_RESEARCH,301200.SZ,大族数控,SZ,CHINEXT,ACTIVE,C 制造业,TREND_PERSISTENCE,TREND_PERSISTENCE,1,1,1.0,0.9738764,0.99216292,0.0,0.99216292,WITHIN_SLEEVE_RANK_PERCENTILE_PLUS_RAW_SCORE,ELIGIBLE_CORE,VALID,A,0,1598108977.5,0.2771294994108482,0.8386779030316296,1.6252050941479803,6.9338842975206605,-0.13299272333178513,0.7433461115734763,-0.18976105692315637,b512fc2408eecfaec0c04fbc0b487c81d2bf1644acdd7f3ce51eb547999a66f8,PUBLIC_EQUITY_INVESTING_IDEA_GENERATION,RESEARCH_PRIORITY_ONLY_NO_TRADE_AUTHORITY,743aae34e7ce982443cf70de9ea4c7545e2738abb7ef1abc80d8cc073922e6c3,2026-07-10
2026-07-10,2,A_IMMEDIATE_RESEARCH,600900.SH,XD长江电,SH,SH_MAIN,ACTIVE,,DEFENSIVE_STABILITY,DEFENSIVE_STABILITY,1,1,1.0,0.94814425,0.98444328,0.0,0.98444328,WITHIN_SLEEVE_RANK_PERCENTILE_PLUS_RAW_SCORE,ELIGIBLE_CORE,VALID,A,0,3471272026.8,0.005164146071560349,0.06113707165109039,0.03651578546976042,-0.039139633286318753,-0.05381944444444442,0.150024697187968,-0.0727537286285922,19105c2d9ee5770c1c2422e309791f02dbe02a2f9931a66bafb741e017832b20,PUBLIC_EQUITY_INVESTING_IDEA_GENERATION,RESEARCH_PRIORITY_ONLY_NO_TRADE_AUTHORITY,5db36685e63b7826d0e19e85f841b67f6ee7ae51e4808c14d4ae7bd05d304bf5,2026-07-10
2026-07-10,3,A_IMMEDIATE_RESEARCH,002185.SZ,华天科技,SZ,SZ_MAIN,ACTIVE,C 制造业,LIQUID_BREAKOUT,LIQUID_BREAKOUT,1,1,1.0,0.94697945,0.98409383,0.0,0.98409383,WITHIN_SLEEVE_RANK_PERCENTILE_PLUS_RAW_SCORE,ELIGIBLE_CORE,VALID,A,0,10093889730.25,0.5110447761194028,1.0510534846029174,1.200869565217391,1.8925714285714283,0.0,0.7391584080267765,-0.25230566534914367,b5723e10d3e323fd5ac32f2bb481509177f0f1afe6253ddabc3572c1224b79f8,PUBLIC_EQUITY_INVESTING_IDEA_GENERATION,RESEARCH_PRIORITY_ONLY_NO_TRADE_AUTHORITY,577d9ca58417fcc04c3cb5cfa0700fe38059662d7c4d519be90978a1df4fc725,2026-07-10
2026-07-10,4,A_IMMEDIATE_RESEARCH,301369.SZ,联动科技,SZ,CHINEXT,ACTIVE,C 制造业,TREND_PERSISTENCE,TREND_PERSISTENCE,1,2,0.975,0.97309608,0.97442883,0.0,0.97442883,WITHIN_SLEEVE_RANK_PERCENTILE_PLUS_RAW_SCORE,ELIGIBLE_CORE,VALID,A,0,640044423.15,0.20655076570930286,1.049527865210146,1.2517290480065095,4.991610284167794,-0.09636734693877558,0.7430862281778723,-0.18690355329949238,64e0a3b5a30224522f55b4417186a914b4e4e09315a87278f13d73e95254103d,PUBLIC_EQUITY_INVESTING_IDEA_GENERATION,RESEARCH_PRIORITY_ONLY_NO_TRADE_AUTHORITY,ba8f43f3edbeef9c695b9fff8cc097f48e7cd04be36b167d74140ef6b9215bd1,2026-07-10
2026-07-10,5,A_IMMEDIATE_RESEARCH,002936.SZ,郑州银行,SZ,SZ_MAIN,ACTIVE,J 金融业,DEFENSIVE_STABILITY,DEFENSIVE_STABILITY,1,2,0.975,0.9462648,0.96637944,0.0,0.96637944,WITHIN_SLEEVE_RANK_PERCENTILE_PLUS_RAW_SCORE,ELIGIBLE_CORE,VALID,A,0,126556379.35,-0.034285714285714364,-0.07142857142857151,-0.12886597938144329,-0.17156862745098045,-0.2522123893805309,0.159086463285021,-0.15816326530612246,a3760017033eda3cf95fa08ba0f3e93073292595e4e2556114eda08baf7c7c92,PUBLIC_EQUITY_INVESTING_IDEA_GENERATION,RESEARCH_PRIORITY_ONLY_NO_TRADE_AUTHORITY,692d6acc418959b314f0fb16107c096e8c35dc0d5a2a61b96e57e26be20ae13b,2026-07-10
2026-07-10,6,A_IMMEDIATE_RESEARCH,600584.SH,长电科技,SH,SH_MAIN,ACTIVE,,LIQUID_BREAKOUT,LIQUID_BREAKOUT,1,2,0.975,0.94346475,0.96553942,0.0,0.96553942,WITHIN_SLEEVE_RANK_PERCENTILE_PLUS_RAW_SCORE,ELIGIBLE_CORE,VALID,A,0,21163560054.3,0.40684569361346856,1.3623831775700936,1.5965588084232154,2.006541778174249,-0.05185671417854465,0.8350265751499473,-0.2721217887725975,dcd67dd82fc2e3c5061c65b8644c84d03ad57f5bffba4ce94c432cb168c6939f,PUBLIC_EQUITY_INVESTING_IDEA_GENERATION,RESEARCH_PRIORITY_ONLY_NO_TRADE_AUTHORITY,f9dd3f2e5d3a64a50d6dd0236d475667aa93ce8bb6b1efba0d953f75d641d7f2,2026-07-10
2026-07-10,7,A_IMMEDIATE_RESEARCH,603928.SH,兴业股份,SH,SH_MAIN,ACTIVE,,RECOVERY_WATCH,RECOVERY_WATCH,1,1,1.0,0.88283573,0.96485072,0.0,0.96485072,WITHIN_SLEEVE_RANK_PERCENTILE_PLUS_RAW_SCORE,ELIGIBLE_CORE,VALID,A,0,469724443.95,0.6404886561954624,0.654929577464789,0.40718562874251507,0.25083166999334683,0.0,0.6708542327462497,-0.2174236783320923,9f82efdfe1553ec2e86d05650eddf15748f28d2a2d83e2d74dc9445d5897b7cb,PUBLIC_EQUITY_INVESTING_IDEA_GENERATION,RESEARCH_PRIORITY_ONLY_NO_TRADE_AUTHORITY,8512d12da66084113b6cebdea6b3365b4cde7a937645496c530ac37a8e652575,2026-07-10
2026-07-10,8,A_IMMEDIATE_RESEARCH,000668.SZ,荣丰控股,SZ,SZ_MAIN,ACTIVE,K 房地产,TREND_PERSISTENCE,TREND_PERSISTENCE,1,3,0.95,0.9620714,0.95362142,0.0,0.95362142,WITHIN_SLEEVE_RANK_PERCENTILE_PLUS_RAW_SCORE,ELIGIBLE_CORE,VALID,A,0,98822908.85,0.09242871189773849,0.5208761122518824,0.9821587867975019,1.6642685851318944,-0.044711951848667386,0.5954160521242169,-0.1911481719050674,28cd753562eaaf3bbc2ae553e239f75d28f621a6ed5e7699c922a2b3f836d16a,PUBLIC_EQUITY_INVESTING_IDEA_GENERATION,RESEARCH_PRIORITY_ONLY_NO_TRADE_AUTHORITY,fe70be52ce41589401878e183581029c0ca5bc04ab5964c807bd1577e5353cb0,2026-07-10
2026-07-10,9,A_IMMEDIATE_RESEARCH,000538.SZ,云南白药,SZ,SZ_MAIN,ACTIVE,C 制造业,DEFENSIVE_STABILITY,DEFENSIVE_STABILITY,1,3,0.95,0.94344486,0.94803346,0.0,0.94803346,WITHIN_SLEEVE_RANK_PERCENTILE_PLUS_RAW_SCORE,ELIGIBLE_CORE,VALID,A,0,458814908.15,-0.03422354104846681,-0.0812946932630787,-0.12115211521152114,-0.08267568583239382,-0.1505133112928484,0.16754490647106396,-0.15573917729477282,08cde3017fda202335d7302745bfd105c8b25da6380a7d49c9d888f138046417,PUBLIC_EQUITY_INVESTING_IDEA_GENERATION,RESEARCH_PRIORITY_ONLY_NO_TRADE_AUTHORITY,5980a5de2d16d2a3387282a0e549696de66030ab62a504325a872ae33f3f9d61,2026-07-10
2026-07-10,10,A_IMMEDIATE_RESEARCH,600206.SH,有研新材,SH,SH_MAIN,ACTIVE,,LIQUID_BREAKOUT,LIQUID_BREAKOUT,1,3,0.95,0.9420634,0.94761902,0.0,0.94761902,WITHIN_SLEEVE_RANK_PERCENTILE_PLUS_RAW_SCORE,ELIGIBLE_CORE,VALID,A,0,7013759928.75,0.7523364485981308,1.6607538802660753,1.7662517289073305,2.151260504201681,-0.09909909909909898,0.8494056470370442,-0.2646831530139103,4e5082d2476dd272472144f1cf9c4c31b60da31aa2ccda59d6394a6378d732a9,PUBLIC_EQUITY_INVESTING_IDEA_GENERATION,RESEARCH_PRIORITY_ONLY_NO_TRADE_AUTHORITY,0455ead01c0b7de920eed649220c07a449c64d29184de321c559ac6fa9864c39,2026-07-10
2026-07-10,11,A_IMMEDIATE_RESEARCH,300687.SZ,赛意信息,SZ,CHINEXT,ACTIVE,I 信息技术,RECOVERY_WATCH,RECOVERY_WATCH,1,2,0.96666667,0.87921871,0.94043228,0.0,0.94043228,WITHIN_SLEEVE_RANK_PERCENTILE_PLUS_RAW_SCORE,ELIGIBLE_CORE,VALID,A,0,878354564.4,0.325935596170583,0.6138771186440679,0.20912698412698405,0.09683225341972634,-0.1363378684807257,0.943584938254192,-0.3777164539496378,935d76d927933579b75aa7934bd4c3920cbce99364518d836801e68ba879e83f,PUBLIC_EQUITY_INVESTING_IDEA_GENERATION,RESEARCH_PRIORITY_ONLY_NO_TRADE_AUTHORITY,b96b5e08a3a32ca1c0aa6a908c3d8585a3f0255f84465e58dab99ca2329b8684,2026-07-10
2026-07-10,12,A_IMMEDIATE_RESEARCH,002768.SZ,国恩股份,SZ,SZ_MAIN,ACTIVE,C 制造业,TREND_PERSISTENCE,TREND_PERSISTENCE|LIQUID_BREAKOUT,2,5,0.9,0.95989414,0.91796824,0.02,0.93796824,WITHIN_SLEEVE_RANK_PERCENTILE_PLUS_RAW_SCORE,ELIGIBLE_CORE,VALID,A,0,789473426.9,0.2544130626654899,0.7342892007321538,0.5605270381553664,2.1813094571908227,-0.05265789035160806,0.46438980279471587,-0.2451756556160316,92e2a01e3669f77b84a730423aba1f09de004c8ac3ae46b28fdb0de6f5410b53,PUBLIC_EQUITY_INVESTING_IDEA_GENERATION,RESEARCH_PRIORITY_ONLY_NO_TRADE_AUTHORITY,332ef65d094bedfcef1d95261fcc1855417b371cc103ea0ac84b44d14f25c239,2026-07-10
2026-07-10,13,A_IMMEDIATE_RESEARCH,002718.SZ,友邦吊顶,SZ,SZ_MAIN,ACTIVE,C 制造业,TREND_PERSISTENCE,TREND_PERSISTENCE,1,4,0.925,0.96155801,0.9359674,0.0,0.9359674,WITHIN_SLEEVE_RANK_PERCENTILE_PLUS_RAW_SCORE,ELIGIBLE_CORE,VALID,A,0,198848031.7,0.06609961057593772,0.4077131258457374,2.1842669115396385,5.742060920285159,-0.1366088472072371,0.5308729923788343,-0.3162541972391494,7790e0171571d41148e4ce9894cc539b311478fe811212891c8f5012f310751e,PUBLIC_EQUITY_INVESTING_IDEA_GENERATION,RESEARCH_PRIORITY_ONLY_NO_TRADE_AUTHORITY,e741944f3b023751166ba43ef3d41bbe08fb6bdf844b3aa81f99d9b6aaedeeb9,2026-07-10
2026-07-10,14,A_IMMEDIATE_RESEARCH,601818.SH,光大银行,SH,SH_MAIN,ACTIVE,,DEFENSIVE_STABILITY,DEFENSIVE_STABILITY,1,4,0.925,0.94059459,0.92967838,0.0,0.92967838,WITHIN_SLEEVE_RANK_PERCENTILE_PLUS_RAW_SCORE,ELIGIBLE_CORE,VALID,A,0,672847920.75,-0.034700315457413256,-0.040752351097178674,-0.08928571428571419,-0.2233502538071066,-0.2748815165876777,0.15204340898496704,-0.13731343283582087,3655413486105537d93e4e33f82f36080a8eb88b532c63b64773f370424dfd74,PUBLIC_EQUITY_INVESTING_IDEA_GENERATION,RESEARCH_PRIORITY_ONLY_NO_TRADE_AUTHORITY,512eeb6920904b4cd6fd3d097ce19ce9f43ffcb893cc113ec263825bf851c8e1,2026-07-10
2026-07-10,15,A_IMMEDIATE_RESEARCH,920725.BJ,惠丰钻石,BJ,BSE,ACTIVE,非金属矿物制品业,LIQUID_BREAKOUT,LIQUID_BREAKOUT,1,4,0.925,0.94053728,0.92966118,0.0,0.92966118,WITHIN_SLEEVE_RANK_PERCENTILE_PLUS_RAW_SCORE,ELIGIBLE_CORE,VALID,A,0,924629460.2,0.5346811819595647,2.3169747899159665,1.751045441873432,2.2589167767503304,-0.19114754098360653,1.518834284168017,-0.3195767195767196,2461a9a0b8c4a44fba75cef4f38b69b2c030ffe1322c49d8547bdfc6a5489e23,PUBLIC_EQUITY_INVESTING_IDEA_GENERATION,RESEARCH_PRIORITY_ONLY_NO_TRADE_AUTHORITY,dfbaf0ef7aec6768b87bad4059432905318a0d4db8c4cdb97623daff1b8e1443,2026-07-10
2026-07-10,16,A_IMMEDIATE_RESEARCH,000032.SZ,深桑达Ａ,SZ,SZ_MAIN,ACTIVE,E 建筑业,RECOVERY_WATCH,RECOVERY_WATCH,1,3,0.93333333,0.87329657,0.9153223,0.0,0.9153223,WITHIN_SLEEVE_RANK_PERCENTILE_PLUS_RAW_SCORE,ELIGIBLE_CORE,VALID,A,0,2014693026.5,0.2604651162790699,0.20110803324099713,0.026029342167534386,0.07326732673267333,-0.22266045177482974,0.6757979016434771,-0.3496985357450474,85c5500b8a1a00684d8b530022c94d87050dd76c09274031e767269c5c4d5761,PUBLIC_EQUITY_INVESTING_IDEA_GENERATION,RESEARCH_PRIORITY_ONLY_NO_TRADE_AUTHORITY,c20c85b33d8078376e4a3e56fcb50ba7e2d6395b432ed81c88bbe2f90ec98cd6,2026-07-10
2026-07-10,17,A_IMMEDIATE_RESEARCH,000021.SZ,深科技,SZ,SZ_MAIN,ACTIVE,C 制造业,LIQUID_BREAKOUT,LIQUID_BREAKOUT,1,5,0.9,0.93926935,0.9117808,0.0,0.9117808,WITHIN_SLEEVE_RANK_PERCENTILE_PLUS_RAW_SCORE,ELIGIBLE_CORE,VALID,A,0,10510839391.9,0.4818321392016376,1.0615877536489853,1.176249530251785,2.1084272678475577,-0.09895752295005444,0.7523901211216156,-0.2606552623948971,41992c39e5b49aab958f165382d279ffe207950cd8edbb1c376889186f33751f,PUBLIC_EQUITY_INVESTING_IDEA_GENERATION,RESEARCH_PRIORITY_ONLY_NO_TRADE_AUTHORITY,c1277fb8f225ef8216409ff6511ee248d4112cf98415073d5cc1ba633c6353bd,2026-07-10
2026-07-10,18,A_IMMEDIATE_RESEARCH,002142.SZ,宁波银行,SZ,SZ_MAIN,ACTIVE,J 金融业,DEFENSIVE_STABILITY,DEFENSIVE_STABILITY,1,5,0.9,0.93918012,0.91175404,0.0,0.91175404,WITHIN_SLEEVE_RANK_PERCENTILE_PLUS_RAW_SCORE,ELIGIBLE_CORE,VALID,A,0,1020860757.7,-0.06543519098309325,0.006405933917734474,0.07027608461814272,0.17196702002355724,-0.0849172286940526,0.23088304804891632,-0.11496014714898828,4f04080a5ccbcea592e020cca08faf9c557943e8d06e2418bd5a6864b92a6f26,PUBLIC_EQUITY_INVESTING_IDEA_GENERATION,RESEARCH_PRIORITY_ONLY_NO_TRADE_AUTHORITY,9538b077bc7c52f225de00f78d597e91e5582a2c5f74f414e0e1be4bec7a21bb,2026-07-10
2026-07-10,19,A_IMMEDIATE_RESEARCH,002371.SZ,北方华创,SZ,SZ_MAIN,ACTIVE,C 制造业,TREND_PERSISTENCE,TREND_PERSISTENCE,1,6,0.875,0.95692298,0.89957689,0.0,0.89957689,WITHIN_SLEEVE_RANK_PERCENTILE_PLUS_RAW_SCORE,ELIGIBLE_CORE,VALID,A,0,10523081981.4,0.25761477108585074,0.6967822568686848,0.5823472471899014,1.4535179342665479,-0.14286631496720203,0.6103550585471231,-0.19050075466651384,91369c4bd78dda8779880b4fba9feec15b8d0600352bb7a0740d28527b956635,PUBLIC_EQUITY_INVESTING_IDEA_GENERATION,RESEARCH_PRIORITY_ONLY_NO_TRADE_AUTHORITY,03cfe428ad482f05d8e114616608ce397803cab958eded0c4f4cfcee07c911da,2026-07-10
2026-07-10,20,A_IMMEDIATE_RESEARCH,600018.SH,上港集团,SH,SH_MAIN,ACTIVE,,DEFENSIVE_STABILITY,DEFENSIVE_STABILITY,1,6,0.875,0.93864993,0.89409498,0.0,0.89409498,WITHIN_SLEEVE_RANK_PERCENTILE_PLUS_RAW_SCORE,ELIGIBLE_CORE,VALID,A,0,279830632.5,0.01810865191146882,0.014028056112224352,-0.06469500924214422,-0.08333333333333337,-0.13058419243986263,0.16781205456120477,-0.13394495412844043,1eb79347151941f8efe1ca54c8e24f5fb04b7aa5026b7234ec7e5d6dab802811,PUBLIC_EQUITY_INVESTING_IDEA_GENERATION,RESEARCH_PRIORITY_ONLY_NO_TRADE_AUTHORITY,65348d9b58d6b97dfcde5a17c67698884c3fd538eb11dd9020ced0a4371aea5d,2026-07-10
2026-07-10,21,B_WATCH_OR_TRIGGER,920510.BJ,丰光精密,BJ,BSE,ACTIVE,通用设备制造业,LIQUID_BREAKOUT,LIQUID_BREAKOUT,1,6,0.875,0.93741363,0.89372409,0.0,0.89372409,WITHIN_SLEEVE_RANK_PERCENTILE_PLUS_RAW_SCORE,ELIGIBLE_CORE,VALID,A,0,372120753.5,0.32089552238805963,0.8386426592797784,0.3215530114484819,0.1160151324085752,-0.18956043956043944,1.4251037757978045,-0.3418269230769231,7e5e4a358e3a179140ceb60b50d1b30a6f90bd6ff58399d9714a360bde1a8b09,PUBLIC_EQUITY_INVESTING_IDEA_GENERATION,RESEARCH_PRIORITY_ONLY_NO_TRADE_AUTHORITY,c4591e23490227a29b864406dc5f635e9a9e5d1bdddb64ae80253362e461f397,2026-07-10
2026-07-10,22,B_WATCH_OR_TRIGGER,300558.SZ,贝达药业,SZ,CHINEXT,ACTIVE,C 制造业,RECOVERY_WATCH,RECOVERY_WATCH,1,4,0.9,0.87171985,0.89151596,0.0,0.89151596,WITHIN_SLEEVE_RANK_PERCENTILE_PLUS_RAW_SCORE,ELIGIBLE_CORE,VALID,A,0,1591111223.85,0.24734848484848482,0.5150678628939498,0.33753046303818035,0.14003808204950663,-0.1188118811881188,0.6534783965936798,-0.21615294576667965,4114096712ffa576679abee0b72f0655df86088fd0118cf342b7808a372f2d83,PUBLIC_EQUITY_INVESTING_IDEA_GENERATION,RESEARCH_PRIORITY_ONLY_NO_TRADE_AUTHORITY,5ce0fd09f9c8f09d40ca7b9549e6739525e89fd77e63c3a29c7533bead533ff9,2026-07-10
2026-07-10,23,B_WATCH_OR_TRIGGER,002937.SZ,兴瑞科技,SZ,SZ_MAIN,ACTIVE,C 制造业,TREND_PERSISTENCE,TREND_PERSISTENCE,1,7,0.85,0.95418492,0.88125548,0.0,0.88125548,WITHIN_SLEEVE_RANK_PERCENTILE_PLUS_RAW_SCORE,ELIGIBLE_CORE,VALID,A,0,583317638.0,0.13095238095238093,0.342324983943481,0.7103109656301143,1.5425790754257904,-0.0847383402671339,0.47470702504243456,-0.18780831571529244,c312aa574a162bdba6dbc58e9db3bb033daba735e5b87f0c52cd64314127f265,PUBLIC_EQUITY_INVESTING_IDEA_GENERATION,RESEARCH_PRIORITY_ONLY_NO_TRADE_AUTHORITY,cdb24a814f6033122027980ab5d115666d14d85ab333ae17d245b5c2849ff4b7,2026-07-10
2026-07-10,24,B_WATCH_OR_TRIGGER,002409.SZ,雅克科技,SZ,SZ_MAIN,ACTIVE,C 制造业,LIQUID_BREAKOUT,LIQUID_BREAKOUT,1,7,0.85,0.93634026,0.87590208,0.0,0.87590208,WITHIN_SLEEVE_RANK_PERCENTILE_PLUS_RAW_SCORE,ELIGIBLE_CORE,VALID,A,0,7203819865.65,0.536755433573177,1.4284374633688897,1.4097941142258925,2.81598821145699,-0.12249565843534249,0.8193007277212536,-0.21666158071406771,2a72f1378d052b06554d9025a8988b6abce0145ea51987fad641f3fc9e922e06,PUBLIC_EQUITY_INVESTING_IDEA_GENERATION,RESEARCH_PRIORITY_ONLY_NO_TRADE_AUTHORITY,769d7c566b32aaa9dbdaf6465c088b3b42fe764530e0faaf36dcaf14ee441a99,2026-07-10
2026-07-10,25,B_WATCH_OR_TRIGGER,601229.SH,上海银行,SH,SH_MAIN,ACTIVE,,DEFENSIVE_STABILITY,DEFENSIVE_STABILITY,1,7,0.85,0.93461934,0.8753858,0.0,0.8753858,WITHIN_SLEEVE_RANK_PERCENTILE_PLUS_RAW_SCORE,ELIGIBLE_CORE,VALID,A,0,445191208.4,-0.02516411378555805,-0.04705882352941171,-0.08333333333333337,-0.11254980079681265,-0.17652495378927913,0.18986846801676974,-0.11967545638945232,e82943872b0fd337f7ff7ff9a12ad8e9d6f307b2b7003d69ec6bf1c0ced860d1,PUBLIC_EQUITY_INVESTING_IDEA_GENERATION,RESEARCH_PRIORITY_ONLY_NO_TRADE_AUTHORITY,65d09f24002f830f333530fa211c5524309923055f86a179f2054559c94180d2,2026-07-10
2026-07-10,26,B_WATCH_OR_TRIGGER,300458.SZ,全志科技,SZ,CHINEXT,ACTIVE,C 制造业,RECOVERY_WATCH,RECOVERY_WATCH,1,5,0.86666667,0.87125333,0.86804267,0.0,0.86804267,WITHIN_SLEEVE_RANK_PERCENTILE_PLUS_RAW_SCORE,ELIGIBLE_CORE,VALID,A,0,2489869746.3,0.31677631578947385,0.2789137380191693,0.09491247264770242,0.2159781287970839,-0.08061552595314647,0.5213318397351822,-0.3032955715756952,37eeb64bdb2e5ea8301e985716c5bb58d82919761fbc677dd21fc4730cad737e,PUBLIC_EQUITY_INVESTING_IDEA_GENERATION,RESEARCH_PRIORITY_ONLY_NO_TRADE_AUTHORITY,57f28ae92465e4a3101020b9140fba72d62513f73bfd3c4353b6bf2accdfefe0,2026-07-10
2026-07-10,27,B_WATCH_OR_TRIGGER,605389.SH,长龄液压,SH,SH_MAIN,ACTIVE,,TREND_PERSISTENCE,TREND_PERSISTENCE,1,8,0.825,0.94738521,0.86171556,0.0,0.86171556,WITHIN_SLEEVE_RANK_PERCENTILE_PLUS_RAW_SCORE,ELIGIBLE_CORE,VALID,A,0,225363273.15,0.07768996960486318,0.6078360239434064,0.4495502861815208,1.9734988258973498,-0.11262388627490239,0.5871345748199259,-0.20528868721639804,e21099c9a45d1cee6471351a1564df1cbfc7255c21c3b792533f1b9cb7d8c268,PUBLIC_EQUITY_INVESTING_IDEA_GENERATION,RESEARCH_PRIORITY_ONLY_NO_TRADE_AUTHORITY,b1cf1bedfb5e0daa9a2f9496db22a1364de28b9902e42973eb36c5f61e30d343,2026-07-10
2026-07-10,28,B_WATCH_OR_TRIGGER,688361.SH,中科飞测,SH,STAR,ACTIVE,,LIQUID_BREAKOUT,LIQUID_BREAKOUT,1,8,0.825,0.93391116,0.85767335,0.0,0.85767335,WITHIN_SLEEVE_RANK_PERCENTILE_PLUS_RAW_SCORE,ELIGIBLE_CORE,VALID,A,0,3920029552.75,0.986933634141756,1.552777777777778,1.3458187669940624,4.021261432474166,-0.05321388577827546,0.9412520628954049,-0.2912621359223302,e08096bffcb96b7ce08586481dc7bc5814949f67edbdd367f3cbd44267d98f58,PUBLIC_EQUITY_INVESTING_IDEA_GENERATION,RESEARCH_PRIORITY_ONLY_NO_TRADE_AUTHORITY,b596f9a0bff71ab0cb0110e47146adb2a70e73dd44d03dca675aaad4a91969d6,2026-07-10
2026-07-10,29,B_WATCH_OR_TRIGGER,001227.SZ,兰州银行,SZ,SZ_MAIN,ACTIVE,J 金融业,DEFENSIVE_STABILITY,DEFENSIVE_STABILITY,1,8,0.825,0.93349773,0.85754932,0.0,0.85754932,WITHIN_SLEEVE_RANK_PERCENTILE_PLUS_RAW_SCORE,ELIGIBLE_CORE,VALID,A,0,93089948.25,-0.03333333333333344,-0.07305936073059371,-0.09777777777777785,-0.14345991561181448,-0.2222222222222222,0.13470638790238532,-0.14163090128755362,fa167d27817f04b879be310d5be8dbeb9aa660d3d7c9e1566d751d7bb80113a6,PUBLIC_EQUITY_INVESTING_IDEA_GENERATION,RESEARCH_PRIORITY_ONLY_NO_TRADE_AUTHORITY,974e5a2dc3971219ede6a1474f7ef94ae3ac6daa8c1918b185ae3d0a1ce9f301,2026-07-10
2026-07-10,30,B_WATCH_OR_TRIGGER,603223.SH,恒通股份,SH,SH_MAIN,ACTIVE,,RECOVERY_WATCH,RECOVERY_WATCH,1,6,0.83333333,0.86981949,0.84427918,0.0,0.84427918,WITHIN_SLEEVE_RANK_PERCENTILE_PLUS_RAW_SCORE,ELIGIBLE_CORE,VALID,A,0,322398866.0,0.5143487858719646,0.6570048309178746,0.4929270946681177,0.30916030534351147,-0.047222222222222165,0.595187270330587,-0.22953904045155227,53277ce361708d23ec8e6d61868dc52bdea502c5136386ea0c844ed658aff49a,PUBLIC_EQUITY_INVESTING_IDEA_GENERATION,RESEARCH_PRIORITY_ONLY_NO_TRADE_AUTHORITY,693e7df8cd8c079eb57865b12ae99dbaebc1853a3175007813777dc9705cec7e,2026-07-10
2026-07-10,31,B_WATCH_OR_TRIGGER,603156.SH,养元饮品,SH,SH_MAIN,ACTIVE,,TREND_PERSISTENCE,TREND_PERSISTENCE,1,9,0.8,0.9459665,0.84378995,0.0,0.84378995,WITHIN_SLEEVE_RANK_PERCENTILE_PLUS_RAW_SCORE,ELIGIBLE_CORE,VALID,A,0,561055185.4,0.12254901960784315,0.5472972972972971,0.49673202614379064,1.2684497275879147,-0.08837579617834401,0.6107436518974996,-0.22571656050955424,0f59b3b58be9573e63cb427bb057e7623b65f553e6c856fdda7fbc84c6e4caee,PUBLIC_EQUITY_INVESTING_IDEA_GENERATION,RESEARCH_PRIORITY_ONLY_NO_TRADE_AUTHORITY,7f7ff3477ac53eb02cfecd9c1bc14286bea6a28f47d8bdba81b54a2ef023e3de,2026-07-10
2026-07-10,32,B_WATCH_OR_TRIGGER,000598.SZ,兴蓉环境,SZ,SZ_MAIN,ACTIVE,D 水电煤气,DEFENSIVE_STABILITY,DEFENSIVE_STABILITY,1,9,0.8,0.93257192,0.83977158,0.0,0.83977158,WITHIN_SLEEVE_RANK_PERCENTILE_PLUS_RAW_SCORE,ELIGIBLE_CORE,VALID,A,0,163990772.6,-0.025487256371814038,0.020408163265306145,-0.05933429811866864,-0.06609195402298851,-0.11564625850340127,0.2015902309954025,-0.13043478260869557,5a13dc7d04f4b44eca64ad0ee93e8193cab49b939f1e7d4fe135634fcfe2da1b,PUBLIC_EQUITY_INVESTING_IDEA_GENERATION,RESEARCH_PRIORITY_ONLY_NO_TRADE_AUTHORITY,2d5b340c2f2ced6ccbbc3a639bb15b11d1454bd56536f6d0e219e400a92046a5,2026-07-10
2026-07-10,33,B_WATCH_OR_TRIGGER,000938.SZ,紫光股份,SZ,SZ_MAIN,ACTIVE,C 制造业,LIQUID_BREAKOUT,LIQUID_BREAKOUT,1,9,0.8,0.93158566,0.8394757,0.0,0.8394757,WITHIN_SLEEVE_RANK_PERCENTILE_PLUS_RAW_SCORE,ELIGIBLE_CORE,VALID,A,0,6979121218.2,0.5187821273230524,0.3635072772452963,0.49921935987509736,0.6050982030923526,0.0,0.6667329276695121,-0.23972188633615477,87369aa8a0bf7159a315fc59e043a65903f1b10a1ca1d5de38479c472cf3a554,PUBLIC_EQUITY_INVESTING_IDEA_GENERATION,RESEARCH_PRIORITY_ONLY_NO_TRADE_AUTHORITY,17b773eb1336beaa858833ae46cd4d09a900bdec7a7972a3e8d14c823a14b606,2026-07-10
2026-07-10,34,B_WATCH_OR_TRIGGER,603268.SH,松发股份,SH,SH_MAIN,ACTIVE,,TREND_PERSISTENCE,TREND_PERSISTENCE,1,10,0.775,0.94424773,0.82577432,0.0,0.82577432,WITHIN_SLEEVE_RANK_PERCENTILE_PLUS_RAW_SCORE,ELIGIBLE_CORE,VALID,A,0,1463136328.55,0.10200138026224992,0.3646696863515939,0.7273907399394204,3.223221370007934,-0.04822077844668293,0.586078586973221,-0.21068572813181485,416bca7044564a95286dd4b9d90e0b33229f2d7d8e7d33313b862a2be80e6d77,PUBLIC_EQUITY_INVESTING_IDEA_GENERATION,RESEARCH_PRIORITY_ONLY_NO_TRADE_AUTHORITY,ba15b052eb53cf94e2df730d6c5f796ac9fad0409f5ad31b73bbcac28d484a8b,2026-07-10
2026-07-10,35,B_WATCH_OR_TRIGGER,002507.SZ,涪陵榨菜,SZ,SZ_MAIN,ACTIVE,C 制造业,DEFENSIVE_STABILITY,DEFENSIVE_STABILITY,1,10,0.775,0.93208287,0.82212486,0.0,0.82212486,WITHIN_SLEEVE_RANK_PERCENTILE_PLUS_RAW_SCORE,ELIGIBLE_CORE,VALID,A,0,100417763.1,-0.057313943541488444,-0.09075907590759069,-0.12470214455917394,-0.10841423948220064,-0.17699775952203145,0.1854241382255219,-0.18796992481203012,2e93c664ac8842395a7bd3f80b5896e5efef935bc0f218056361fe3be06420f3,PUBLIC_EQUITY_INVESTING_IDEA_GENERATION,RESEARCH_PRIORITY_ONLY_NO_TRADE_AUTHORITY,5319070b0ac7d5980742abcf2e1908808665863899ca1bc9855a60a3d3b5fd62,2026-07-10
2026-07-10,36,B_WATCH_OR_TRIGGER,600172.SH,黄河旋风,SH,SH_MAIN,ACTIVE,,LIQUID_BREAKOUT,LIQUID_BREAKOUT,1,10,0.775,0.93144605,0.82193381,0.0,0.82193381,WITHIN_SLEEVE_RANK_PERCENTILE_PLUS_RAW_SCORE,ELIGIBLE_CORE,VALID,A,0,4545202615.35,0.4382402707275803,1.0383693045563551,1.6113671274961598,2.8374717832957113,-0.09090909090909083,0.8952971556012567,-0.3056807935076645,9b7d4ed1d00b35ebcc00fe1cb127948221b2c1f5774dede8a34f6813518d6326,PUBLIC_EQUITY_INVESTING_IDEA_GENERATION,RESEARCH_PRIORITY_ONLY_NO_TRADE_AUTHORITY,7846de45cd8d6f10b899c8d2cbdabfb59233b46de23243cd7035cec1021927cb,2026-07-10
2026-07-10,37,B_WATCH_OR_TRIGGER,000034.SZ,神州数码,SZ,SZ_MAIN,ACTIVE,F 批发零售,RECOVERY_WATCH,RECOVERY_WATCH,1,7,0.8,0.86798084,0.82039425,0.0,0.82039425,WITHIN_SLEEVE_RANK_PERCENTILE_PLUS_RAW_SCORE,ELIGIBLE_CORE,VALID,A,0,1616266850.35,0.3372460496613996,0.18765036086607867,0.0324154757755315,0.10357675111773479,-0.1431877350303732,0.6324491899673816,-0.2845607235142119,073303321a4b80dd6a613ec763f9d1ee3b28e4bd944366ea190bee080220e183,PUBLIC_EQUITY_INVESTING_IDEA_GENERATION,RESEARCH_PRIORITY_ONLY_NO_TRADE_AUTHORITY,85dca5554dadd73860ff68616aa354ec4c1d4c10c216e9fb165a2ace97327bf6,2026-07-10
2026-07-10,38,B_WATCH_OR_TRIGGER,920116.BJ,星图测控,BJ,BSE,ACTIVE,软件和信息技术服务业,TREND_PERSISTENCE,TREND_PERSISTENCE,1,11,0.75,0.94392246,0.80817674,0.0,0.80817674,WITHIN_SLEEVE_RANK_PERCENTILE_PLUS_RAW_SCORE,ELIGIBLE_CORE,VALID,A,0,288154869.95,0.0534216335540838,0.13980891719745214,0.08028976758225159,0.4082234900649222,-0.3127220355256841,0.6679859347387883,-0.47047527604416706,460525d10ee46e5a2774d98a31dd7d45efba584decc45fba45faf562a6eccbd9,PUBLIC_EQUITY_INVESTING_IDEA_GENERATION,RESEARCH_PRIORITY_ONLY_NO_TRADE_AUTHORITY,a428578806389767980b3a4e9625ed93ed44c0f7677c32dc73d9d74e4e7495d5,2026-07-10
2026-07-10,39,B_WATCH_OR_TRIGGER,600919.SH,江苏银行,SH,SH_MAIN,ACTIVE,,DEFENSIVE_STABILITY,DEFENSIVE_STABILITY,1,11,0.75,0.93190324,0.80457097,0.0,0.80457097,WITHIN_SLEEVE_RANK_PERCENTILE_PLUS_RAW_SCORE,ELIGIBLE_CORE,VALID,A,0,1186349290.8,-0.03986135181975725,0.04627006610009454,0.11022044088176353,-0.004492362982929099,-0.05218135158254911,0.18372008125851957,-0.09356223175965661,b5a0cfd22d8cd5733ed33b78d0604be8c89179df3dc6d8e92df9ef3876b2a732,PUBLIC_EQUITY_INVESTING_IDEA_GENERATION,RESEARCH_PRIORITY_ONLY_NO_TRADE_AUTHORITY,a9e854a84e1c41108aa4b2e2c61afbbd8d6954dcdeba6a16c27f8ba433bb39dc,2026-07-10
2026-07-10,40,B_WATCH_OR_TRIGGER,603823.SH,百合花,SH,SH_MAIN,ACTIVE,,LIQUID_BREAKOUT,LIQUID_BREAKOUT,1,11,0.75,0.93097063,0.80429119,0.0,0.80429119,WITHIN_SLEEVE_RANK_PERCENTILE_PLUS_RAW_SCORE,ELIGIBLE_CORE,VALID,A,0,1350759581.55,0.5519587145202907,3.428380187416332,3.232885476647472,4.1446345256609645,-0.08681849551414778,0.7966961218445193,-0.2460438999489536,33ecebaea70241b0a0eb46e5e880fe7b031fa8c37a92e8035e830abc35012638,PUBLIC_EQUITY_INVESTING_IDEA_GENERATION,RESEARCH_PRIORITY_ONLY_NO_TRADE_AUTHORITY,835a1b6e2a092a9879a286c9882d479bd7c59f53de8373e0bccf7cd103fad723,2026-07-10
2026-07-10,41,B_WATCH_OR_TRIGGER,002174.SZ,游族网络,SZ,SZ_MAIN,ACTIVE,I 信息技术,RECOVERY_WATCH,RECOVERY_WATCH,1,8,0.76666667,0.86571128,0.79638005,0.0,0.79638005,WITHIN_SLEEVE_RANK_PERCENTILE_PLUS_RAW_SCORE,ELIGIBLE_CORE,VALID,A,0,576073761.65,0.2829808660624371,0.32570239334027073,-0.009331259720062102,0.05028854080791412,-0.26400924321201613,0.5324008621864583,-0.34115920763022745,462fc897e9b9e532f12e28186e97a54c522b5e5728457501d63f2fbaf4eae661,PUBLIC_EQUITY_INVESTING_IDEA_GENERATION,RESEARCH_PRIORITY_ONLY_NO_TRADE_AUTHORITY,d955a82ac1843b2585204b25137004ec2c347bc8ba4d2c67077119cc0c4d05c0,2026-07-10
2026-07-10,42,B_WATCH_OR_TRIGGER,300331.SZ,苏大维格,SZ,CHINEXT,ACTIVE,C 制造业,TREND_PERSISTENCE,TREND_PERSISTENCE,1,12,0.725,0.94322155,0.79046647,0.0,0.79046647,WITHIN_SLEEVE_RANK_PERCENTILE_PLUS_RAW_SCORE,ELIGIBLE_CORE,VALID,A,0,1266771655.7,0.006503561474140662,0.4918521918751435,0.5719467956469164,1.8722934158197084,-0.10787812242657147,0.725193890763786,-0.28199404761904756,068f10f04bfb12a99d8109e19ab0a7ac4e75c695a50774d6e9f1fa4d8933299c,PUBLIC_EQUITY_INVESTING_IDEA_GENERATION,RESEARCH_PRIORITY_ONLY_NO_TRADE_AUTHORITY,074569b7a6f4bf35f369aabaa9878c2d4d8dec0d220ff9cc1bc57f8f421be6f4,2026-07-10
2026-07-10,43,B_WATCH_OR_TRIGGER,601939.SH,建设银行,SH,SH_MAIN,ACTIVE,,DEFENSIVE_STABILITY,DEFENSIVE_STABILITY,1,12,0.725,0.93185245,0.78705574,0.0,0.78705574,WITHIN_SLEEVE_RANK_PERCENTILE_PLUS_RAW_SCORE,ELIGIBLE_CORE,VALID,A,0,1123617518.2,-0.05389797882579406,0.07667031763417298,0.10325476992143656,0.08498896247240606,-0.06202290076335881,0.20615741488841324,-0.11259541984732824,c471ec4f356253edc27aa4322b1a1ca3a8bc81c649d299173a8eb56e68e93701,PUBLIC_EQUITY_INVESTING_IDEA_GENERATION,RESEARCH_PRIORITY_ONLY_NO_TRADE_AUTHORITY,bc7e50768bb37aca55f4f91e72e0e1b8c54f9c365205bbad148d1abe72421163,2026-07-10
2026-07-10,44,B_WATCH_OR_TRIGGER,600641.SH,先导基电,SH,SH_MAIN,ACTIVE,,LIQUID_BREAKOUT,LIQUID_BREAKOUT,1,12,0.725,0.92901575,0.78620472,0.0,0.78620472,WITHIN_SLEEVE_RANK_PERCENTILE_PLUS_RAW_SCORE,ELIGIBLE_CORE,VALID,A,0,3824771769.75,0.47699757869249404,0.9569202566452797,1.1919917864476388,2.085260115606937,-0.1148424543946932,0.7605654361929113,-0.20844072164948446,47a4552defb47fb662435749570993cd20f62c323f3edb69300c87ee521a2bc7,PUBLIC_EQUITY_INVESTING_IDEA_GENERATION,RESEARCH_PRIORITY_ONLY_NO_TRADE_AUTHORITY,b37f976c519b9931a74e25f2d0e5ba3a037fe5052f2a43c462a636bb3f19348c,2026-07-10
2026-07-10,45,B_WATCH_OR_TRIGGER,688498.SH,源杰科技,SH,STAR,ACTIVE,,TREND_PERSISTENCE,TREND_PERSISTENCE,1,13,0.7,0.93954137,0.77186241,0.0,0.77186241,WITHIN_SLEEVE_RANK_PERCENTILE_PLUS_RAW_SCORE,ELIGIBLE_CORE,VALID,A,0,8471016364.35,0.10812672176308546,0.8418883648518707,2.2613101994486784,10.972617010194211,-0.14687168610816548,0.8504250294819357,-0.14687168610816548,1f04be80f7b096885fc4b37456eb8c992c0fd73c5145bd03b5ecad9c3ba88da1,PUBLIC_EQUITY_INVESTING_IDEA_GENERATION,RESEARCH_PRIORITY_ONLY_NO_TRADE_AUTHORITY,3df9161be0f28deab80b351e2b078db948dea74efd4b7b1b29747a8395fc1331,2026-07-10
2026-07-10,46,B_WATCH_OR_TRIGGER,688728.SH,格科微,SH,STAR,ACTIVE,,RECOVERY_WATCH,RECOVERY_WATCH,1,9,0.73333333,0.85679801,0.77037274,0.0,0.77037274,WITHIN_SLEEVE_RANK_PERCENTILE_PLUS_RAW_SCORE,ELIGIBLE_CORE,VALID,A,0,1398663344.0,0.639035418236624,0.6590389016018308,0.3644918444165621,0.4141742522756826,-0.13861386138613863,0.8068818683227356,-0.25654450261780115,395cf754abf15846dcb73c12807d38b005dc28aac54334e7a6f657585c25ac77,PUBLIC_EQUITY_INVESTING_IDEA_GENERATION,RESEARCH_PRIORITY_ONLY_NO_TRADE_AUTHORITY,dcedee14e0d97eec0013b53f6be9e1db8589d4277c20ebf2d5c05cf2309b3924,2026-07-10
2026-07-10,47,B_WATCH_OR_TRIGGER,000088.SZ,盐 田 港,SZ,SZ_MAIN,ACTIVE,G 运输仓储,DEFENSIVE_STABILITY,DEFENSIVE_STABILITY,1,13,0.7,0.93066083,0.76919825,0.0,0.76919825,WITHIN_SLEEVE_RANK_PERCENTILE_PLUS_RAW_SCORE,ELIGIBLE_CORE,VALID,A,0,72790776.85,0.02676399026763976,-0.05803571428571441,-0.029885057471264354,-0.025404157043879994,-0.07860262008733632,0.1583401290170823,-0.10917030567685593,0aabf77abeb9a644b66c0812cc3fd99f4e4ee826997ad3947298ced761f0d471,PUBLIC_EQUITY_INVESTING_IDEA_GENERATION,RESEARCH_PRIORITY_ONLY_NO_TRADE_AUTHORITY,02b8c070bf1e0cd4d27d999883904b6d7055c9559f7d41d29dc88e68e4128031,2026-07-10
2026-07-10,48,B_WATCH_OR_TRIGGER,300223.SZ,北京君正,SZ,CHINEXT,ACTIVE,C 制造业,LIQUID_BREAKOUT,LIQUID_BREAKOUT,1,13,0.7,0.92669007,0.76800702,0.0,0.76800702,WITHIN_SLEEVE_RANK_PERCENTILE_PLUS_RAW_SCORE,ELIGIBLE_CORE,VALID,A,0,10697160415.25,0.5114440855041582,0.9621665030784332,0.8190090164612458,2.181423611111111,-0.15279704114655568,0.9030335984542116,-0.2928600515813764,bf351b7ed7edb95a012c70a2af48eca18252ea553a5d01c87f3cd336dd7e4d08,PUBLIC_EQUITY_INVESTING_IDEA_GENERATION,RESEARCH_PRIORITY_ONLY_NO_TRADE_AUTHORITY,af34286ad2c852e4fb951c447c4be611203aafe3245a819f3772e1ce9f78c695,2026-07-10
2026-07-10,49,B_WATCH_OR_TRIGGER,301093.SZ,华兰股份,SZ,CHINEXT,ACTIVE,C 制造业,TREND_PERSISTENCE,TREND_PERSISTENCE,1,14,0.675,0.93947819,0.75434346,0.0,0.75434346,WITHIN_SLEEVE_RANK_PERCENTILE_PLUS_RAW_SCORE,ELIGIBLE_CORE,VALID,A,0,572867509.55,-0.12539648974413198,0.43636047924986965,1.2441671188279977,3.4425349087003223,-0.22612031059968196,0.7459223179026091,-0.22883338011039378,68915929b863b1390bfe4e0466b95f788872152ffd737281d2b3d3f31d470f98,PUBLIC_EQUITY_INVESTING_IDEA_GENERATION,RESEARCH_PRIORITY_ONLY_NO_TRADE_AUTHORITY,46bbefde4d34f057bfbba017d3c4c57d2539d73fb439a38db029d2d33b428446,2026-07-10
2026-07-10,50,B_WATCH_OR_TRIGGER,601128.SH,常熟银行,SH,SH_MAIN,ACTIVE,,DEFENSIVE_STABILITY,DEFENSIVE_STABILITY,1,14,0.675,0.92975536,0.75142661,0.0,0.75142661,WITHIN_SLEEVE_RANK_PERCENTILE_PLUS_RAW_SCORE,ELIGIBLE_CORE,VALID,A,0,244985976.6,-0.059097978227060644,-0.033546325878594296,-0.033546325878594296,-0.06346749226006199,-0.12698412698412698,0.17760101124081365,-0.12084592145015105,091f4932dc10fd3d9751c682db812274e82de42c06e77cb5dc529a1002a958ee,PUBLIC_EQUITY_INVESTING_IDEA_GENERATION,RESEARCH_PRIORITY_ONLY_NO_TRADE_AUTHORITY,220870ece7c84fcade5a966aa51fd8610ea888e2e2b55d0aa6a94c821d2fe51c,2026-07-10
2026-07-10,51,B_WATCH_OR_TRIGGER,688432.SH,有研硅,SH,STAR,ACTIVE,,LIQUID_BREAKOUT,LIQUID_BREAKOUT,1,14,0.675,0.9259032,0.75027096,0.0,0.75027096,WITHIN_SLEEVE_RANK_PERCENTILE_PLUS_RAW_SCORE,ELIGIBLE_CORE,VALID,A,0,2588662194.6,1.447038478166883,2.9747191011235956,3.1404535479151425,4.136116152450091,0.0,1.1484031557022798,-0.2551647124511446,5fe3ec61b4c826b7327d2902fc5c110005a3dd788ae32749fc7dd50be40398e8,PUBLIC_EQUITY_INVESTING_IDEA_GENERATION,RESEARCH_PRIORITY_ONLY_NO_TRADE_AUTHORITY,10541736cd7b11fe9b5142b8991c4ef1a813614df46be7b64bac11b6d193d852,2026-07-10
2026-07-10,52,B_WATCH_OR_TRIGGER,603068.SH,博通集成,SH,SH_MAIN,ACTIVE,,RECOVERY_WATCH,RECOVERY_WATCH,1,10,0.7,0.85454606,0.74636382,0.0,0.74636382,WITHIN_SLEEVE_RANK_PERCENTILE_PLUS_RAW_SCORE,ELIGIBLE_CORE,VALID,A,0,340968212.2,0.22413793103448265,0.2019082794706062,-0.0002560163850487962,0.1322122354305595,-0.18510016694490827,0.40685238967955617,-0.26563257392147355,30d400ae13a7689d587bc74919c3dc952c02ab2e088c0dae2382e2e9c7110614,PUBLIC_EQUITY_INVESTING_IDEA_GENERATION,RESEARCH_PRIORITY_ONLY_NO_TRADE_AUTHORITY,4f9b379d8763b308c2b582d92d35542e157c1fa07ddcbee5cb6b07c4f5df1971,2026-07-10
2026-07-10,53,B_WATCH_OR_TRIGGER,301086.SZ,鸿富瀚,SZ,CHINEXT,ACTIVE,C 制造业,TREND_PERSISTENCE,TREND_PERSISTENCE,1,15,0.65,0.93901133,0.7367034,0.0,0.7367034,WITHIN_SLEEVE_RANK_PERCENTILE_PLUS_RAW_SCORE,ELIGIBLE_CORE,VALID,A,0,693345521.9,0.040609137055837685,0.518940446420302,0.9239793524167059,4.077399380804954,-0.25451156870766856,0.7369709718503018,-0.25451156870766856,af4decb1ffac6ccb7562458b7a281166a73ca68dc9e9db6f28ba7d369dc10337,PUBLIC_EQUITY_INVESTING_IDEA_GENERATION,RESEARCH_PRIORITY_ONLY_NO_TRADE_AUTHORITY,2125e3fca73667e4a19e0dc1bb7f8111e23ce8e5d7c63281598ff1677a07df0d,2026-07-10
2026-07-10,54,B_WATCH_OR_TRIGGER,601985.SH,XD中国核,SH,SH_MAIN,ACTIVE,,DEFENSIVE_STABILITY,DEFENSIVE_STABILITY,1,15,0.65,0.92940368,0.73382111,0.0,0.73382111,WITHIN_SLEEVE_RANK_PERCENTILE_PLUS_RAW_SCORE,ELIGIBLE_CORE,VALID,A,0,1172451284.05,-0.02343750000000011,0.02579132473622514,-0.017957351290684653,-0.025612472160356448,-0.06115879828326187,0.18974663387632745,-0.0784530386740332,58c84faa3faddb3dda7350d3efedc632395cf21208b4e9a61cb97c504a4e58c2,PUBLIC_EQUITY_INVESTING_IDEA_GENERATION,RESEARCH_PRIORITY_ONLY_NO_TRADE_AUTHORITY,362679da50214b72ee0c939041e880a09912c2b28550af0c2ada5bb5d0b67fb0,2026-07-10
2026-07-10,55,B_WATCH_OR_TRIGGER,002747.SZ,埃斯顿,SZ,SZ_MAIN,ACTIVE,C 制造业,LIQUID_BREAKOUT,LIQUID_BREAKOUT,1,15,0.65,0.92533207,0.73259962,0.0,0.73259962,WITHIN_SLEEVE_RANK_PERCENTILE_PLUS_RAW_SCORE,ELIGIBLE_CORE,VALID,A,0,4492371477.85,0.28275862068965507,1.0736791080950074,0.7773161611965103,1.1136363636363638,-0.12693877551020405,0.7380729249745115,-0.24562767197823554,6c1bc89671d21b216cd2e819245d088062aa735948633982e9e6775565427b8f,PUBLIC_EQUITY_INVESTING_IDEA_GENERATION,RESEARCH_PRIORITY_ONLY_NO_TRADE_AUTHORITY,65126c7096ac84c8a250ec475e688bce38fd336472e519cea8f8dd0ddc9af5e0,2026-07-10
2026-07-10,56,B_WATCH_OR_TRIGGER,300522.SZ,世名科技,SZ,CHINEXT,ACTIVE,C 制造业,RECOVERY_WATCH,RECOVERY_WATCH,1,11,0.66666667,0.85300849,0.72256921,0.0,0.72256921,WITHIN_SLEEVE_RANK_PERCENTILE_PLUS_RAW_SCORE,ELIGIBLE_CORE,VALID,A,0,714902838.9,0.4497925311203317,0.36805011746280347,0.36697965571205016,0.2714701601164482,-0.3023162939297125,1.0336472720997048,-0.3023162939297125,f976e511ad27f277b7ec60adf9900c8be273829f33e50fa9edc052533480abca,PUBLIC_EQUITY_INVESTING_IDEA_GENERATION,RESEARCH_PRIORITY_ONLY_NO_TRADE_AUTHORITY,e16cebdecc8df42bf9b4ed3d6b6fa4b467a792d21b1e293993ea3ce37db7a166,2026-07-10
2026-07-10,57,B_WATCH_OR_TRIGGER,300201.SZ,海伦哲,SZ,CHINEXT,ACTIVE,C 制造业,TREND_PERSISTENCE,TREND_PERSISTENCE,1,16,0.625,0.93636352,0.71840906,0.0,0.71840906,WITHIN_SLEEVE_RANK_PERCENTILE_PLUS_RAW_SCORE,ELIGIBLE_CORE,VALID,A,0,919504672.85,-0.05967555040556205,0.4516994633273703,1.386764705882353,1.9509090909090911,-0.22971048884670142,0.6579064416393663,-0.22971048884670142,3e16575e50a879f4bfdcfe7aa5cbb28cd3a47d26466842909845b7dedad35f4b,PUBLIC_EQUITY_INVESTING_IDEA_GENERATION,RESEARCH_PRIORITY_ONLY_NO_TRADE_AUTHORITY,55566b1f45b23e5fd367b8387be34558282aac7db01a144ed920f9c22d3db57b,2026-07-10
2026-07-10,58,B_WATCH_OR_TRIGGER,601928.SH,凤凰传媒,SH,SH_MAIN,ACTIVE,,DEFENSIVE_STABILITY,DEFENSIVE_STABILITY,1,16,0.625,0.92703197,0.71560959,0.0,0.71560959,WITHIN_SLEEVE_RANK_PERCENTILE_PLUS_RAW_SCORE,ELIGIBLE_CORE,VALID,A,0,60280150.4,0.002195389681668658,-0.05584281282316439,-0.08425275827482448,-0.13867924528301878,-0.20746527777777768,0.19729021044011744,-0.16249999999999998,6b13e23997d6aa7d9b2fbaf68867f8382b77481cd5b384cd3a8b2e191828b90a,PUBLIC_EQUITY_INVESTING_IDEA_GENERATION,RESEARCH_PRIORITY_ONLY_NO_TRADE_AUTHORITY,8408cbb27a0d3e8cf6ef9bbbfadb67723c96d0b837647498407103374669dc54,2026-07-10
2026-07-10,59,B_WATCH_OR_TRIGGER,688120.SH,华海清科,SH,STAR,ACTIVE,,LIQUID_BREAKOUT,LIQUID_BREAKOUT,1,16,0.625,0.92528754,0.71508626,0.0,0.71508626,WITHIN_SLEEVE_RANK_PERCENTILE_PLUS_RAW_SCORE,ELIGIBLE_CORE,VALID,A,0,4722935341.25,0.7382456891935312,1.5395086840869978,1.61563255439162,3.027295285359802,-0.0563953488372092,0.8801783358933861,-0.19361512059805353,007c360b71ca44eb8a87d1d142794661e4cfc2215a97bf5aab3e352e82161b19,PUBLIC_EQUITY_INVESTING_IDEA_GENERATION,RESEARCH_PRIORITY_ONLY_NO_TRADE_AUTHORITY,12ae4367b2c98e2352ed905ddb94193e2c523b9b80f8660e539c0978d19539fc,2026-07-10
2026-07-10,60,B_WATCH_OR_TRIGGER,301228.SZ,实朴检测,SZ,CHINEXT,ACTIVE,M 科研服务,TREND_PERSISTENCE,TREND_PERSISTENCE,1,17,0.6,0.9360203,0.70080609,0.0,0.70080609,WITHIN_SLEEVE_RANK_PERCENTILE_PLUS_RAW_SCORE,ELIGIBLE_CORE,VALID,A,0,285933324.4,-0.08416759362254356,0.5472958864063477,0.9505132929718345,1.6304579339723104,-0.12037037037037035,0.7059850789993788,-0.15098468271334808,551f605c03336c2aa03f982987cdbd25dbacd04bd9c644957c433650f9c6ed9e,PUBLIC_EQUITY_INVESTING_IDEA_GENERATION,RESEARCH_PRIORITY_ONLY_NO_TRADE_AUTHORITY,7de3fa17c7dcf55f7e5286c5bb7676524557bb229d0ad493284c26fc82ecbac1,2026-07-10
2026-07-10,61,C_SCREEN_FLAG_ONLY,000001.SZ,平安银行,SZ,SZ_MAIN,ACTIVE,J 金融业,DEFENSIVE_STABILITY,DEFENSIVE_STABILITY,1,17,0.6,0.92678465,0.6980354,0.0,0.6980354,WITHIN_SLEEVE_RANK_PERCENTILE_PLUS_RAW_SCORE,ELIGIBLE_CORE,VALID,A,0,1181042888.5,-0.04478976234003662,-0.02518656716417922,-0.06193895870736099,-0.0873362445414847,-0.16400000000000003,0.18779549500512385,-0.1058718861209964,60a99b2b8890998aa03cde0afcc3490798b3f6a593ba0f7ba945499d090b2ec2,PUBLIC_EQUITY_INVESTING_IDEA_GENERATION,RESEARCH_PRIORITY_ONLY_NO_TRADE_AUTHORITY,b8bc3aa8af882946495b9af0483ff7d30212c4fa72ee8d6ee077529f888a053a,2026-07-10
2026-07-10,62,C_SCREEN_FLAG_ONLY,603669.SH,灵康药业,SH,SH_MAIN,ACTIVE,,RECOVERY_WATCH,RECOVERY_WATCH,1,12,0.63333333,0.84746091,0.69757161,0.0,0.69757161,WITHIN_SLEEVE_RANK_PERCENTILE_PLUS_RAW_SCORE,ELIGIBLE_CORE,VALID,A,0,208824796.6,0.3522975929978116,0.3702882483370289,0.3037974683544302,0.14444444444444438,-0.11334289813486376,0.4605373394127093,-0.18674698795180733,1cf2141521e22444babd68672d1bc0dd3c0f9120449494c3c2d38296490b85fb,PUBLIC_EQUITY_INVESTING_IDEA_GENERATION,RESEARCH_PRIORITY_ONLY_NO_TRADE_AUTHORITY,695573931b0d69d7b3efb214d33753ad1f6c375583f1410073265e6cfb1b30bc,2026-07-10
2026-07-10,63,C_SCREEN_FLAG_ONLY,000725.SZ,京东方Ａ,SZ,SZ_MAIN,ACTIVE,C 制造业,LIQUID_BREAKOUT,LIQUID_BREAKOUT,1,17,0.6,0.92271848,0.69681554,0.0,0.69681554,WITHIN_SLEEVE_RANK_PERCENTILE_PLUS_RAW_SCORE,ELIGIBLE_CORE,VALID,A,0,28056482955.65,0.31314878892733566,0.8975,0.7610208816705337,0.9166666666666667,-0.1659340659340659,0.7211831336734525,-0.167032967032967,b1ee2313101cce1d6fc47b27f27c310ff831750e27cc07cc3d601b85d230f125,PUBLIC_EQUITY_INVESTING_IDEA_GENERATION,RESEARCH_PRIORITY_ONLY_NO_TRADE_AUTHORITY,5ddf314fd1ddb33d63f9058cea0aa41f4c6e5b39573804fa7101c9702e457410,2026-07-10
2026-07-10,64,C_SCREEN_FLAG_ONLY,601668.SH,中国建筑,SH,SH_MAIN,ACTIVE,,DEFENSIVE_STABILITY,DEFENSIVE_STABILITY,1,18,0.575,0.92659137,0.68047741,0.0,0.68047741,WITHIN_SLEEVE_RANK_PERCENTILE_PLUS_RAW_SCORE,ELIGIBLE_CORE,VALID,A,0,966257302.85,-0.031319910514541305,-0.06681034482758608,-0.11451942740286292,-0.16730769230769227,-0.2322695035460992,0.15306384955558702,-0.16359918200408996,288b7477303e7c459894d99109828239d1cb0023f7f1522aa116dc1f44badfe5,PUBLIC_EQUITY_INVESTING_IDEA_GENERATION,RESEARCH_PRIORITY_ONLY_NO_TRADE_AUTHORITY,d44651841784265590e479bc65d1a043345b3d59b1da5a55b0bbabbd899041e6,2026-07-10
2026-07-10,65,C_SCREEN_FLAG_ONLY,603301.SH,振德医疗,SH,SH_MAIN,ACTIVE,,TREND_PERSISTENCE,TREND_PERSISTENCE,1,18,0.575,0.92535024,0.68010507,0.0,0.68010507,WITHIN_SLEEVE_RANK_PERCENTILE_PLUS_RAW_SCORE,ELIGIBLE_CORE,VALID,A,0,205921952.05,0.04189544043924576,0.03289551532363033,0.2617808615206707,3.1487642585551336,-0.12605126151381651,0.35075551153635476,-0.21195434521425716,83b7142fa0f8a4c39bbe5889d6bfae7654f1a3105e90d60d089712b6dc86e7fd,PUBLIC_EQUITY_INVESTING_IDEA_GENERATION,RESEARCH_PRIORITY_ONLY_NO_TRADE_AUTHORITY,8292a21d6f56dcbf33368216c7a4a09f26ecd5ea8e96b08eb22036c1df6635a6,2026-07-10
2026-07-10,66,C_SCREEN_FLAG_ONLY,688200.SH,华峰测控,SH,STAR,ACTIVE,,LIQUID_BREAKOUT,LIQUID_BREAKOUT,1,18,0.575,0.9214515,0.67893545,0.0,0.67893545,WITHIN_SLEEVE_RANK_PERCENTILE_PLUS_RAW_SCORE,ELIGIBLE_CORE,VALID,A,0,2895425490.1,0.6031746031746033,1.6585943669386682,2.555586847849046,4.194938792305319,-0.06998158379373853,0.8767547522585848,-0.21871896722939432,5b7572fe5f27770563761e949a3a2fb37b93daf7071b3c6a4728fd8c627982cb,PUBLIC_EQUITY_INVESTING_IDEA_GENERATION,RESEARCH_PRIORITY_ONLY_NO_TRADE_AUTHORITY,f7471764c72d7661b4d4a41c8116e6d48d7d2586465e6b4b489c112f922de76c,2026-07-10
2026-07-10,67,C_SCREEN_FLAG_ONLY,301269.SZ,华大九天,SZ,CHINEXT,ACTIVE,I 信息技术,RECOVERY_WATCH,RECOVERY_WATCH,1,13,0.6,0.84738416,0.67421525,0.0,0.67421525,WITHIN_SLEEVE_RANK_PERCENTILE_PLUS_RAW_SCORE,ELIGIBLE_CORE,VALID,A,0,2313686779.75,0.16537065837221365,0.33364973896535366,-0.004164082572871486,-0.09149692854833491,-0.17340785409619053,0.8342324489169989,-0.3102596849723286,6fff48a07d7b5ab373da0ca3287cee4901c04cdd2107d14b229331a286fb5064,PUBLIC_EQUITY_INVESTING_IDEA_GENERATION,RESEARCH_PRIORITY_ONLY_NO_TRADE_AUTHORITY,e16c8ae324453832df5061232077daf0d4c20ef57480606d36ed9f23cdd0f9b5,2026-07-10
2026-07-10,68,C_SCREEN_FLAG_ONLY,601006.SH,大秦铁路,SH,SH_MAIN,ACTIVE,,DEFENSIVE_STABILITY,DEFENSIVE_STABILITY,1,19,0.55,0.92585264,0.66275579,0.0,0.66275579,WITHIN_SLEEVE_RANK_PERCENTILE_PLUS_RAW_SCORE,ELIGIBLE_CORE,VALID,A,0,482776079.6,-0.040983606557377095,-0.07509881422924902,-0.06024096385542177,-0.24394184168012933,-0.27889060092449924,0.18202646687334836,-0.16791044776119413,a26b6105119b73c0b9da587321fe31be2e0aba894bc2200df58bbbaf79df9311,PUBLIC_EQUITY_INVESTING_IDEA_GENERATION,RESEARCH_PRIORITY_ONLY_NO_TRADE_AUTHORITY,ad068e4790b31caabdde168425947cb517cf3a22acf23ee0451bc5c9002cbc96,2026-07-10
2026-07-10,69,C_SCREEN_FLAG_ONLY,000977.SZ,浪潮信息,SZ,SZ_MAIN,ACTIVE,C 制造业,LIQUID_BREAKOUT,LIQUID_BREAKOUT,1,19,0.55,0.92104936,0.66131481,0.0,0.66131481,WITHIN_SLEEVE_RANK_PERCENTILE_PLUS_RAW_SCORE,ELIGIBLE_CORE,VALID,A,0,6963817173.7,0.5477178423236513,0.31068814055636906,0.33452593917710205,0.7604719764011798,0.0,0.6429577593776377,-0.25213343677269195,52d399538fe510f214ec76342b98251d7c7930781c068fe83a4fa9b22a538778,PUBLIC_EQUITY_INVESTING_IDEA_GENERATION,RESEARCH_PRIORITY_ONLY_NO_TRADE_AUTHORITY,14da59998faf0b366f3b00eb0ae90d7fb0cc5d7a39571d895c8e57142845fe20,2026-07-10
2026-07-10,70,C_SCREEN_FLAG_ONLY,603389.SH,亚振家居,SH,SH_MAIN,ACTIVE,,TREND_PERSISTENCE,TREND_PERSISTENCE,1,19,0.55,0.91889931,0.66066979,0.0,0.66066979,WITHIN_SLEEVE_RANK_PERCENTILE_PLUS_RAW_SCORE,ELIGIBLE_CORE,PARTIAL,B,0,105058800.7,-0.00034482758620690834,0.310874971738639,0.2904518139327843,3.9597946963216426,-0.17088517088517097,0.48376732671176326,-0.2067763794772507,386a7631bf7e49644c756c0a5a7631ad474feccb1cc7e233309d775f0c91abd8,PUBLIC_EQUITY_INVESTING_IDEA_GENERATION,RESEARCH_PRIORITY_ONLY_NO_TRADE_AUTHORITY,e35cf7d42bcc5a790f65d0df394a947949b7069b615fdfc505e375292abc6ad0,2026-07-10
2026-07-10,71,C_SCREEN_FLAG_ONLY,002739.SZ,儒意电影,SZ,SZ_MAIN,ACTIVE,R 文化传播,RECOVERY_WATCH,RECOVERY_WATCH,1,14,0.56666667,0.84018502,0.64872217,0.0,0.64872217,WITHIN_SLEEVE_RANK_PERCENTILE_PLUS_RAW_SCORE,ELIGIBLE_CORE,VALID,A,0,763635641.55,0.27350427350427364,0.052472250252270314,-0.08428446005267787,-0.0874890638670166,-0.2480173035328046,0.41502274507484427,-0.4253785147801009,507d730e423de43fd7f7d396367fe23c0523c0d171dc085c31ebdd05aa45cb49,PUBLIC_EQUITY_INVESTING_IDEA_GENERATION,RESEARCH_PRIORITY_ONLY_NO_TRADE_AUTHORITY,4b8ebf27f2ff4da91cc31eb4cda4bc9238944788a8a177e38313add94b3a1f0f,2026-07-10
2026-07-10,72,C_SCREEN_FLAG_ONLY,600016.SH,民生银行,SH,SH_MAIN,ACTIVE,,DEFENSIVE_STABILITY,DEFENSIVE_STABILITY,1,20,0.525,0.92528155,0.64508447,0.0,0.64508447,WITHIN_SLEEVE_RANK_PERCENTILE_PLUS_RAW_SCORE,ELIGIBLE_CORE,VALID,A,0,868203870.4,-0.04843304843304841,-0.08241758241758246,-0.11405835543766585,-0.2527964205816555,-0.3613766730401531,0.1617272831481855,-0.19338422391857513,af29ee2f864572e4396d134da84ee628551d514ee88412653575c6303fb3ee66,PUBLIC_EQUITY_INVESTING_IDEA_GENERATION,RESEARCH_PRIORITY_ONLY_NO_TRADE_AUTHORITY,8ebb36c8f59cf88144dcadb5dbe91959717cde815e6d5fff749dffff88374d36,2026-07-10
2026-07-10,73,C_SCREEN_FLAG_ONLY,920015.BJ,锦华新材,BJ,BSE,ACTIVE,化学原料和化学制品制造业,LIQUID_BREAKOUT,LIQUID_BREAKOUT,1,20,0.525,0.92100522,0.64380157,0.0,0.64380157,WITHIN_SLEEVE_RANK_PERCENTILE_PLUS_RAW_SCORE,ELIGIBLE_CORE,PARTIAL,B,0,252383189.05,0.18368200836820092,0.44116148751910345,-0.0035223670306446797,,-0.14337623012869039,0.6918608778228346,-0.3661527680448493,4ac98b1d94e9880091df3bfc88bfe2e55ecaf9888c721d97d9e61563950d5f56,PUBLIC_EQUITY_INVESTING_IDEA_GENERATION,RESEARCH_PRIORITY_ONLY_NO_TRADE_AUTHORITY,b4e36eb69fefce21ace8b6ab21b0233d7dcc47c41d74c3072b36c3e22c6ab53e,2026-07-10
2026-07-10,74,C_SCREEN_FLAG_ONLY,000691.SZ,亚太实业,SZ,SZ_MAIN,ACTIVE,C 制造业,TREND_PERSISTENCE,TREND_PERSISTENCE,1,20,0.525,0.91794537,0.64288361,0.0,0.64288361,WITHIN_SLEEVE_RANK_PERCENTILE_PLUS_RAW_SCORE,ELIGIBLE_CORE,VALID,A,0,266863780.1,0.14602215508559935,0.41718555417185565,0.39460784313725505,2.270114942528736,-0.15641215715344692,0.5741583453927138,-0.31285988483685223,ec30cc85e250cd0144f3f7fedffda55567aca2503e3934967768017e02dda801,PUBLIC_EQUITY_INVESTING_IDEA_GENERATION,RESEARCH_PRIORITY_ONLY_NO_TRADE_AUTHORITY,23a23b3aed73cd606726b82ee9f5e330d91c6384c61b3035f943093b02ba01f8,2026-07-10
2026-07-10,75,C_SCREEN_FLAG_ONLY,000333.SZ,美的集团,SZ,SZ_MAIN,ACTIVE,C 制造业,DEFENSIVE_STABILITY,DEFENSIVE_STABILITY,1,21,0.5,0.92445296,0.62733589,0.0,0.62733589,WITHIN_SLEEVE_RANK_PERCENTILE_PLUS_RAW_SCORE,ELIGIBLE_CORE,VALID,A,0,3359074924.5,-0.028532775796335064,0.09419587200443269,0.04914331252490345,0.15566934893928308,-0.028532775796335064,0.21348620160784013,-0.10386221294363251,d4279d773da91a7623920228d66dbb800f5d492a678b041593080cf0cc6b7803,PUBLIC_EQUITY_INVESTING_IDEA_GENERATION,RESEARCH_PRIORITY_ONLY_NO_TRADE_AUTHORITY,85bd0b491b655f49b988c42a1e61755c655775e7effe31349b1c7fe113f61d36,2026-07-10
2026-07-10,76,C_SCREEN_FLAG_ONLY,300821.SZ,东岳硅材,SZ,CHINEXT,ACTIVE,C 制造业,LIQUID_BREAKOUT,LIQUID_BREAKOUT,1,21,0.5,0.91899809,0.62569943,0.0,0.62569943,WITHIN_SLEEVE_RANK_PERCENTILE_PLUS_RAW_SCORE,ELIGIBLE_CORE,VALID,A,0,2815359957.1,0.5086737548964746,0.9215965787598006,1.069071373752878,2.434394904458599,-0.11111111111111105,0.9181610130053726,-0.2609280430396772,c2cbd02725ec4b892ac2084dd3582e5248a439fd11d63d41a860a2a55f6fd9ed,PUBLIC_EQUITY_INVESTING_IDEA_GENERATION,RESEARCH_PRIORITY_ONLY_NO_TRADE_AUTHORITY,78c6a33ab6320af5fe19681c1a7294a9462490e54733baf37736ea1b4a3d2259,2026-07-10
2026-07-10,77,C_SCREEN_FLAG_ONLY,002126.SZ,银轮股份,SZ,SZ_MAIN,ACTIVE,C 制造业,TREND_PERSISTENCE,TREND_PERSISTENCE,1,21,0.5,0.91735751,0.62520725,0.0,0.62520725,WITHIN_SLEEVE_RANK_PERCENTILE_PLUS_RAW_SCORE,ELIGIBLE_CORE,VALID,A,0,1534649850.85,0.16428113650929288,0.15588547189819724,0.339395428852298,1.24927775484936,-0.08464897547866979,0.587008898087093,-0.24870848708487092,42f2993bb6327b3ad28f5ca85e3ca285adf69f078d77a84373a053490d706913,PUBLIC_EQUITY_INVESTING_IDEA_GENERATION,RESEARCH_PRIORITY_ONLY_NO_TRADE_AUTHORITY,ff36d2cb6ad2ca41c21afaedc832bf06a22030c977788eb113619369a62c7717,2026-07-10
2026-07-10,78,C_SCREEN_FLAG_ONLY,000759.SZ,中百集团,SZ,SZ_MAIN,ACTIVE,F 批发零售,RECOVERY_WATCH,RECOVERY_WATCH,1,15,0.53333333,0.83933031,0.62513243,0.0,0.62513243,WITHIN_SLEEVE_RANK_PERCENTILE_PLUS_RAW_SCORE,ELIGIBLE_CORE,VALID,A,0,622269809.55,0.2566037735849058,0.20433996383363473,-0.1537484116899619,-0.14395886889460152,-0.2525252525252525,0.7528958264729024,-0.4072289156626506,4e8b22f6fd480872efc964b616706557e51f277f025320cf43b880e790b40d43,PUBLIC_EQUITY_INVESTING_IDEA_GENERATION,RESEARCH_PRIORITY_ONLY_NO_TRADE_AUTHORITY,9d511b5b77a43282316c6c8d4e0d742a05d4a2d5ac433ed994b063f5e14cb1b1,2026-07-10
2026-07-10,79,C_SCREEN_FLAG_ONLY,601328.SH,交通银行,SH,SH_MAIN,ACTIVE,,DEFENSIVE_STABILITY,DEFENSIVE_STABILITY,1,22,0.475,0.91909495,0.60822849,0.0,0.60822849,WITHIN_SLEEVE_RANK_PERCENTILE_PLUS_RAW_SCORE,ELIGIBLE_CORE,VALID,A,0,1435510735.8,-0.026509572901325384,-0.010479041916167553,-0.04341534008683068,-0.13368283093053734,-0.15688775510204078,0.18816211274865913,-0.09913793103448276,0e086512084607bb8196bd4f32ec65b766a36a2157afba51b36d47a5275e7946,PUBLIC_EQUITY_INVESTING_IDEA_GENERATION,RESEARCH_PRIORITY_ONLY_NO_TRADE_AUTHORITY,e32a7cf9c3583f51edc9fa8c913faec2d218014f1e30934fb458196c3780034d,2026-07-10
2026-07-10,80,C_SCREEN_FLAG_ONLY,603991.SH,领先股份,SH,SH_MAIN,ACTIVE,,LIQUID_BREAKOUT,LIQUID_BREAKOUT,1,22,0.475,0.9189613,0.60818839,0.0,0.60818839,WITHIN_SLEEVE_RANK_PERCENTILE_PLUS_RAW_SCORE,ELIGIBLE_CORE,VALID,A,0,1000842661.2,0.3419016720738708,0.5540462427745665,1.1562625317470925,1.5208626347866856,-0.03441877169879082,0.6850913027644723,-0.20890277235454913,75efd3aad979e8923e1748884c093c6b8a97d66cf3665b183b951d4e00ac30e3,PUBLIC_EQUITY_INVESTING_IDEA_GENERATION,RESEARCH_PRIORITY_ONLY_NO_TRADE_AUTHORITY,d80634622407bf2dc297107385ab3029ecd7b913f4a46ffbdd36c2acd5b974e3,2026-07-10
2026-07-10,81,C_SCREEN_FLAG_ONLY,920808.BJ,曙光数创,BJ,BSE,ACTIVE,通用设备制造业,TREND_PERSISTENCE,TREND_PERSISTENCE,1,22,0.475,0.91666936,0.60750081,0.0,0.60750081,WITHIN_SLEEVE_RANK_PERCENTILE_PLUS_RAW_SCORE,ELIGIBLE_CORE,VALID,A,0,338030361.2,0.0766973456049087,0.046002332512634414,0.049538421531660326,0.35595498068200904,-0.22054847431440716,0.5585139236182025,-0.2652432313449262,2f3fee085be6d3312a0908d88a28656310b7fb4e551058fee65b0cad6e0c98e9,PUBLIC_EQUITY_INVESTING_IDEA_GENERATION,RESEARCH_PRIORITY_ONLY_NO_TRADE_AUTHORITY,e179b38eeb7836b747b1a45c149892262d92580dd1a975e36864d3c9b1e951b3,2026-07-10
2026-07-10,82,C_SCREEN_FLAG_ONLY,002141.SZ,贤丰控股,SZ,SZ_MAIN,ACTIVE,C 制造业,RECOVERY_WATCH,RECOVERY_WATCH,1,16,0.5,0.83634756,0.60090427,0.0,0.60090427,WITHIN_SLEEVE_RANK_PERCENTILE_PLUS_RAW_SCORE,ELIGIBLE_CORE,VALID,A,0,842770483.5,0.5147058823529413,0.36243386243386255,0.3881401617250675,0.1573033707865168,-0.11965811965811957,0.8004217216730029,-0.3113636363636365,f71ae6be01f9e5565842d2e019f4657e698ee5e3ff27780e915d0dd8220386a8,PUBLIC_EQUITY_INVESTING_IDEA_GENERATION,RESEARCH_PRIORITY_ONLY_NO_TRADE_AUTHORITY,38460124eedf60277bce032a9285d65e1054d55674b38dc641cddcf3e5c124d3,2026-07-10
2026-07-10,83,C_SCREEN_FLAG_ONLY,002839.SZ,张家港行,SZ,SZ_MAIN,ACTIVE,J 金融业,DEFENSIVE_STABILITY,DEFENSIVE_STABILITY,1,23,0.45,0.91879849,0.59063955,0.0,0.59063955,WITHIN_SLEEVE_RANK_PERCENTILE_PLUS_RAW_SCORE,ELIGIBLE_CORE,VALID,A,0,91200866.9,-0.039906103286385,-0.05542725173210161,-0.07256235827664403,-0.04439252336448607,-0.12419700214132767,0.20269575776680143,-0.1576673866090713,9c4070f88e9275f54280fe12aa4079395b84acf5763721ef10b7b75fd4d37910,PUBLIC_EQUITY_INVESTING_IDEA_GENERATION,RESEARCH_PRIORITY_ONLY_NO_TRADE_AUTHORITY,d531a0dc179506d92989017163752a7a5b2f9a4fc0fc0bae12462ee75185fae2,2026-07-10
2026-07-10,84,C_SCREEN_FLAG_ONLY,002745.SZ,木林森,SZ,SZ_MAIN,ACTIVE,C 制造业,LIQUID_BREAKOUT,LIQUID_BREAKOUT,1,23,0.45,0.91844851,0.59053455,0.0,0.59053455,WITHIN_SLEEVE_RANK_PERCENTILE_PLUS_RAW_SCORE,ELIGIBLE_CORE,VALID,A,0,1234038103.55,0.39111592632719394,0.5213270142180095,0.35443037974683533,0.6398467432950192,0.0,0.5976165646395587,-0.27064220183486243,fe914004bb0fd425db7c51d739f45df72b70e1aadb295a31461821e7a6d41254,PUBLIC_EQUITY_INVESTING_IDEA_GENERATION,RESEARCH_PRIORITY_ONLY_NO_TRADE_AUTHORITY,fb2b330d027b287d5fdd80e8d25e3a2149403f5eadcef93d387fd3efd3cd7f27,2026-07-10
2026-07-10,85,C_SCREEN_FLAG_ONLY,301128.SZ,强瑞技术,SZ,CHINEXT,ACTIVE,C 制造业,TREND_PERSISTENCE,TREND_PERSISTENCE,1,23,0.45,0.91661822,0.58998547,0.0,0.58998547,WITHIN_SLEEVE_RANK_PERCENTILE_PLUS_RAW_SCORE,ELIGIBLE_CORE,VALID,A,0,1258966505.0,-0.1278653295128941,0.25493901391513485,1.144429766622633,3.04149377593361,-0.22369819341126462,0.7411268846438032,-0.2613708820403826,e789bcafe9e7f11de3abc5801d0220464a307adfaaf83a6eb795b588b1b5bbca,PUBLIC_EQUITY_INVESTING_IDEA_GENERATION,RESEARCH_PRIORITY_ONLY_NO_TRADE_AUTHORITY,d0ff34d44bf30aa3f2be44065cf1312b0da5f32f63a2e8223609c49592835622,2026-07-10
2026-07-10,86,C_SCREEN_FLAG_ONLY,000779.SZ,甘咨询,SZ,SZ_MAIN,ACTIVE,M 科研服务,RECOVERY_WATCH,RECOVERY_WATCH,1,17,0.46666667,0.83555642,0.57733359,0.0,0.57733359,WITHIN_SLEEVE_RANK_PERCENTILE_PLUS_RAW_SCORE,ELIGIBLE_CORE,VALID,A,0,192496644.0,0.3947368421052633,0.21004566210045672,0.26040428061831156,0.14967462039045532,-0.01578458681522743,0.36690002336924704,-0.3259052924791086,72b51f35b1eeb5478656827a51a6a2f10f69318dee0649bda08495a18e6cceb9,PUBLIC_EQUITY_INVESTING_IDEA_GENERATION,RESEARCH_PRIORITY_ONLY_NO_TRADE_AUTHORITY,986f26954da6893092b45d17ebe12865dc7ec627eb6da38a0d4fbaf599e9ac32,2026-07-10
2026-07-10,87,C_SCREEN_FLAG_ONLY,603650.SH,彤程新材,SH,SH_MAIN,ACTIVE,,LIQUID_BREAKOUT,LIQUID_BREAKOUT,1,24,0.425,0.91788329,0.57286499,0.0,0.57286499,WITHIN_SLEEVE_RANK_PERCENTILE_PLUS_RAW_SCORE,ELIGIBLE_CORE,VALID,A,0,3164901309.2,0.286936236391913,0.6209598432908914,0.4726819718811177,1.598116169544741,-0.15543988569095735,0.7403769722859723,-0.2534149788035799,fcb383160751d337d3bf9fa1c5e2a1f025be108ac7191088dd1caad8d0aa1e93,PUBLIC_EQUITY_INVESTING_IDEA_GENERATION,RESEARCH_PRIORITY_ONLY_NO_TRADE_AUTHORITY,ff1e03398a7992cfe83fc49d50f186908e95f602d5fdfc8c522b8726660bdb78,2026-07-10
2026-07-10,88,C_SCREEN_FLAG_ONLY,688475.SH,萤石网络,SH,STAR,ACTIVE,,DEFENSIVE_STABILITY,DEFENSIVE_STABILITY,1,24,0.425,0.91723259,0.57266978,0.0,0.57266978,WITHIN_SLEEVE_RANK_PERCENTILE_PLUS_RAW_SCORE,ELIGIBLE_CORE,VALID,A,0,138850373.5,0.07474825716498845,-0.028361344537815136,-0.0898655296818629,-0.10771704180064312,-0.23784674539961537,0.2789477865844574,-0.21769966080789394,ce460cbb1009937e432b3e4b9b6020fdc23c515cd09851fae66b1fc544222336,PUBLIC_EQUITY_INVESTING_IDEA_GENERATION,RESEARCH_PRIORITY_ONLY_NO_TRADE_AUTHORITY,02d8f54743c22c6478b3dee0432881bfbce932b21d541de0b720b8171ceeee98,2026-07-10
2026-07-10,89,C_SCREEN_FLAG_ONLY,301295.SZ,美硕科技,SZ,CHINEXT,ACTIVE,C 制造业,TREND_PERSISTENCE,TREND_PERSISTENCE,1,24,0.425,0.91622236,0.57236671,0.0,0.57236671,WITHIN_SLEEVE_RANK_PERCENTILE_PLUS_RAW_SCORE,ELIGIBLE_CORE,VALID,A,0,95719128.3,0.0962003074895672,0.3925781249999998,0.5920255183413077,1.1014736842105264,-0.05150133029266446,0.5964458359438074,-0.23926263778031165,6374e397b621cd9e1916b5873f89688e21dd78a3e764485c4450797967a96d07,PUBLIC_EQUITY_INVESTING_IDEA_GENERATION,RESEARCH_PRIORITY_ONLY_NO_TRADE_AUTHORITY,ba659ed560726515f0f15000c6809fa51e98872dfee23682401df6a995c49bb8,2026-07-10
2026-07-10,90,C_SCREEN_FLAG_ONLY,002674.SZ,兴业科技,SZ,SZ_MAIN,ACTIVE,C 制造业,LIQUID_BREAKOUT,LIQUID_BREAKOUT,1,25,0.4,0.91762887,0.55528866,0.0,0.55528866,WITHIN_SLEEVE_RANK_PERCENTILE_PLUS_RAW_SCORE,ELIGIBLE_CORE,VALID,A,0,588490863.65,0.9481340923466159,1.3002240477968634,1.1659634317862166,2.1269035532994924,-0.028391167192428957,0.7696311261419506,-0.21667760998030205,6eadbcea721a2404132916f6dc6fb88201035054f930778334a95dd8306ec690,PUBLIC_EQUITY_INVESTING_IDEA_GENERATION,RESEARCH_PRIORITY_ONLY_NO_TRADE_AUTHORITY,72d799ebea0b5b3269d033d1d7bfe86799b479c026850051163b742f2702d5e0,2026-07-10
2026-07-10,91,C_SCREEN_FLAG_ONLY,601166.SH,兴业银行,SH,SH_MAIN,ACTIVE,,DEFENSIVE_STABILITY,DEFENSIVE_STABILITY,1,25,0.4,0.91722304,0.55516691,0.0,0.55516691,WITHIN_SLEEVE_RANK_PERCENTILE_PLUS_RAW_SCORE,ELIGIBLE_CORE,VALID,A,0,1750362176.55,-0.0524876981957354,-0.03346346904629116,-0.12341932220536178,-0.21441523118767003,-0.27062289562289576,0.1844155026630943,-0.16574307304785907,d36a39169ed4f518156055d97bfe8125ec36a74b902b9c65e63806d36a1d26eb,PUBLIC_EQUITY_INVESTING_IDEA_GENERATION,RESEARCH_PRIORITY_ONLY_NO_TRADE_AUTHORITY,cc33fe32c52a50c969c58fc762cc74aedecc328208faad5c06f9baef01d25f56,2026-07-10
2026-07-10,92,C_SCREEN_FLAG_ONLY,300308.SZ,中际旭创,SZ,CHINEXT,ACTIVE,C 制造业,TREND_PERSISTENCE,TREND_PERSISTENCE,1,25,0.4,0.91532941,0.55459882,0.0,0.55459882,WITHIN_SLEEVE_RANK_PERCENTILE_PLUS_RAW_SCORE,ELIGIBLE_CORE,VALID,A,0,38106069077.75,-0.026708185053380795,0.48410728094094657,0.8393947036569989,6.516696440841007,-0.20859707884513823,0.6236491303004936,-0.20859707884513823,c6dc0e7434a89e6141d9a2dfff326eb0bc0e9fb4a453cc3572ecddf0f4f312ee,PUBLIC_EQUITY_INVESTING_IDEA_GENERATION,RESEARCH_PRIORITY_ONLY_NO_TRADE_AUTHORITY,7645ef6a0be5fe9bf7651ec9d652e8b41e256e7125b2fa4e921b67498dfc06e7,2026-07-10
2026-07-10,93,C_SCREEN_FLAG_ONLY,300474.SZ,景嘉微,SZ,CHINEXT,ACTIVE,C 制造业,RECOVERY_WATCH,RECOVERY_WATCH,1,18,0.43333333,0.83448379,0.55367847,0.0,0.55367847,WITHIN_SLEEVE_RANK_PERCENTILE_PLUS_RAW_SCORE,ELIGIBLE_CORE,VALID,A,0,945190780.9,0.23313953488372086,0.056274900398406436,-0.15012688660344597,-0.12835616438356157,-0.2996918335901386,0.5167062229028635,-0.35807915301235194,66ba870c4ccf621666da2be0b8195b2aeb3f9b604719cdc80244c687a7d8f46a,PUBLIC_EQUITY_INVESTING_IDEA_GENERATION,RESEARCH_PRIORITY_ONLY_NO_TRADE_AUTHORITY,7bdc2b592f921bf5be0406ccbaa0db3a0b5c253fc11787942fc289ddb5d362b5,2026-07-10
2026-07-10,94,C_SCREEN_FLAG_ONLY,603065.SH,宿迁联盛,SH,SH_MAIN,ACTIVE,,LIQUID_BREAKOUT,LIQUID_BREAKOUT,1,26,0.375,0.91743585,0.53773075,0.0,0.53773075,WITHIN_SLEEVE_RANK_PERCENTILE_PLUS_RAW_SCORE,ELIGIBLE_CORE,VALID,A,0,955820417.25,0.5736245954692556,1.43125,1.3293413173652695,0.9887525562372188,-0.11227749885896854,0.75338049285659,-0.22468354430379756,a73466ff2fe6594a2ac0babc79d5731840fe3346463794ada6b38a83621d474e,PUBLIC_EQUITY_INVESTING_IDEA_GENERATION,RESEARCH_PRIORITY_ONLY_NO_TRADE_AUTHORITY,0f5c6361f75b510f87b6c5df658f5b60c99c1fa22f96b7c06861cee26632ef42,2026-07-10
2026-07-10,95,C_SCREEN_FLAG_ONLY,600177.SH,雅戈尔,SH,SH_MAIN,ACTIVE,,DEFENSIVE_STABILITY,DEFENSIVE_STABILITY,1,26,0.375,0.91682146,0.53754644,0.0,0.53754644,WITHIN_SLEEVE_RANK_PERCENTILE_PLUS_RAW_SCORE,ELIGIBLE_CORE,VALID,A,0,179679705.75,0.02284946236559149,0.09339080459770122,0.0554785020804438,0.10610465116279078,-0.02809706257982114,0.1973462114916637,-0.08275862068965512,ba40d4494926bb2b2f7efa24078af3400e4431b7e306128480499f86ea70fb89,PUBLIC_EQUITY_INVESTING_IDEA_GENERATION,RESEARCH_PRIORITY_ONLY_NO_TRADE_AUTHORITY,ec23cdd4685d925fa80a8d2f6d50b2e23aaac564ceb89c700ef15a0406328760,2026-07-10
2026-07-10,96,C_SCREEN_FLAG_ONLY,301365.SZ,矩阵股份,SZ,CHINEXT,ACTIVE,M 科研服务,TREND_PERSISTENCE,TREND_PERSISTENCE,1,26,0.375,0.91460672,0.53688201,0.0,0.53688201,WITHIN_SLEEVE_RANK_PERCENTILE_PLUS_RAW_SCORE,ELIGIBLE_CORE,VALID,A,0,216218848.25,0.13609281906553772,0.21495640509725011,0.5436727737537281,1.1681627767803708,-0.12761858897182765,0.696068019008933,-0.24593548387096775,5f2898209a1e67dbcc8ae3643be1a59f18440641813f6fe287aca727bc13e33d,PUBLIC_EQUITY_INVESTING_IDEA_GENERATION,RESEARCH_PRIORITY_ONLY_NO_TRADE_AUTHORITY,7a46cf75f2c6cbd5ed6eae745accea57b9e8dfee94707d02e2d1ea09b077e92b,2026-07-10
2026-07-10,97,C_SCREEN_FLAG_ONLY,002584.SZ,西陇科学,SZ,SZ_MAIN,ACTIVE,C 制造业,RECOVERY_WATCH,RECOVERY_WATCH,1,19,0.4,0.83387166,0.5301615,0.0,0.5301615,WITHIN_SLEEVE_RANK_PERCENTILE_PLUS_RAW_SCORE,ELIGIBLE_CORE,VALID,A,0,895658223.35,0.06569343065693412,0.1332470892626132,-0.08368200836820094,-0.11246200607902734,-0.20508166969147001,0.6553156157106734,-0.291089108910891,dc96440feeeca61a96445151b782c7edf4f9a732eab515cb013871c567ef9fa2,PUBLIC_EQUITY_INVESTING_IDEA_GENERATION,RESEARCH_PRIORITY_ONLY_NO_TRADE_AUTHORITY,ad89b464771a2700f25bfc81f369a1041d4aacdfde347c384d2c93b317913eed,2026-07-10
2026-07-10,98,C_SCREEN_FLAG_ONLY,600036.SH,招商银行,SH,SH_MAIN,ACTIVE,,DEFENSIVE_STABILITY,DEFENSIVE_STABILITY,1,27,0.35,0.91673489,0.52002047,0.0,0.52002047,WITHIN_SLEEVE_RANK_PERCENTILE_PLUS_RAW_SCORE,ELIGIBLE_CORE,VALID,A,0,3524033448.85,-0.021750663129973535,-0.027938850817079475,-0.06514575411913814,-0.11749222301986118,-0.15933439708228847,0.17412309509442433,-0.11817253700867791,bc4b064c92e163bb727bca4e3c118ab64ec0c3bc51327a5abaf24517ddf3b30f,PUBLIC_EQUITY_INVESTING_IDEA_GENERATION,RESEARCH_PRIORITY_ONLY_NO_TRADE_AUTHORITY,cf9746b1204c888482fe729018d7223cf60cd7fac588389fe32f51528cc00a5f,2026-07-10
2026-07-10,99,C_SCREEN_FLAG_ONLY,688012.SH,中微公司,SH,STAR,ACTIVE,,TREND_PERSISTENCE,TREND_PERSISTENCE,1,27,0.35,0.91447095,0.51934129,0.0,0.51934129,WITHIN_SLEEVE_RANK_PERCENTILE_PLUS_RAW_SCORE,ELIGIBLE_CORE,VALID,A,0,12846949514.25,0.43345869622591704,1.0465828269982573,0.873291657684846,2.7958417052502837,-0.07862762145083646,0.7261786369796952,-0.22559704135027725,90bb1cfa8afb7eabffd7ae7f01f2c8a46543b53d640d8033f5fe97234880ff74,PUBLIC_EQUITY_INVESTING_IDEA_GENERATION,RESEARCH_PRIORITY_ONLY_NO_TRADE_AUTHORITY,feafe33d118841da42bdf37fd60bd448654117e33f9fe8196342b38d7f819fbf,2026-07-10
2026-07-10,100,C_SCREEN_FLAG_ONLY,300671.SZ,富满微,SZ,CHINEXT,ACTIVE,I 信息技术,LIQUID_BREAKOUT,LIQUID_BREAKOUT,1,27,0.35,0.91416768,0.5192503,0.0,0.5192503,WITHIN_SLEEVE_RANK_PERCENTILE_PLUS_RAW_SCORE,ELIGIBLE_CORE,VALID,A,0,2155366102.3,0.7911662935070221,0.8779342723004695,1.5981694715087098,1.6870229007633588,-0.13995308835027365,0.909350129037714,-0.3482142857142857,7117a9009ed76aead0040c4f27329092f688e3fc27e276fbab841729c8efac8d,PUBLIC_EQUITY_INVESTING_IDEA_GENERATION,RESEARCH_PRIORITY_ONLY_NO_TRADE_AUTHORITY,74d6ec9cc5b87718e9e48e4fec9b798c0762ad50e76c9be0d0c850045c4e4b1c,2026-07-10
2026-07-13,1,A_IMMEDIATE_RESEARCH,301369.SZ,联动科技,SZ,CHINEXT,ACTIVE,C 制造业,TREND_PERSISTENCE,TREND_PERSISTENCE,1,1,1.0,0.97418908,0.99225672,0.0,0.99225672,WITHIN_SLEEVE_RANK_PERCENTILE_PLUS_RAW_SCORE,ELIGIBLE_CORE,VALID,A,0,657699138.35,0.13852643419572552,0.8964774217725315,1.0972855366763365,4.185194672131148,-0.17375510204081634,0.7686082534061175,-0.18690355329949238,2918812b85cd39577bb716e4cd6f0d11171ebbcac91998e94ad8dfbd8a92b79f,PUBLIC_EQUITY_INVESTING_IDEA_GENERATION,RESEARCH_PRIORITY_ONLY_NO_TRADE_AUTHORITY,7aae8a81710733ab466510dc05a2dcc88cfaffb1da4108ac52550e8981606e24,2026-07-13
2026-07-13,2,A_IMMEDIATE_RESEARCH,300687.SZ,赛意信息,SZ,CHINEXT,ACTIVE,I 信息技术,RECOVERY_WATCH,RECOVERY_WATCH|LIQUID_BREAKOUT,2,1,1.0,0.89054218,0.96716266,0.02,0.98716266,WITHIN_SLEEVE_RANK_PERCENTILE_PLUS_RAW_SCORE,ELIGIBLE_CORE,VALID,A,0,911332220.4,0.3487450462351387,0.593652445369407,0.1808018504240554,0.1315108976727004,-0.13180272108843538,0.9434690923963202,-0.3777164539496378,977f4be9851c82c14d1b700b40e8434ed94dcbcff03f00ebef31c2100c8a0030,PUBLIC_EQUITY_INVESTING_IDEA_GENERATION,RESEARCH_PRIORITY_ONLY_NO_TRADE_AUTHORITY,a75d38f9d38d91cb74fc98ffefffba9d1d820ed42b9c34bdbcc68818a0863342,2026-07-13
2026-07-13,3,A_IMMEDIATE_RESEARCH,002185.SZ,华天科技,SZ,SZ_MAIN,ACTIVE,C 制造业,LIQUID_BREAKOUT,LIQUID_BREAKOUT,1,1,1.0,0.94672178,0.98401653,0.0,0.98401653,WITHIN_SLEEVE_RANK_PERCENTILE_PLUS_RAW_SCORE,ELIGIBLE_CORE,VALID,A,0,10879867497.8,0.5024906600249066,0.9044988161010259,1.0623931623931626,1.717342342342342,-0.04662188858158833,0.7486059681307594,-0.25230566534914367,47060617ae377383945144c81e42296c9ad0291c5d4b60713abf3f84448e18dc,PUBLIC_EQUITY_INVESTING_IDEA_GENERATION,RESEARCH_PRIORITY_ONLY_NO_TRADE_AUTHORITY,d977e7dad5c93823fb4b10878928fc9eb2f406b62153e5304a04be121200d7fb,2026-07-13
2026-07-13,4,A_IMMEDIATE_RESEARCH,002936.SZ,郑州银行,SZ,SZ_MAIN,ACTIVE,J 金融业,DEFENSIVE_STABILITY,DEFENSIVE_STABILITY,1,1,1.0,0.94565942,0.98369783,0.0,0.98369783,WITHIN_SLEEVE_RANK_PERCENTILE_PLUS_RAW_SCORE,ELIGIBLE_CORE,VALID,A,0,127602821.9,-0.0449438202247191,-0.06593406593406603,-0.12371134020618557,-0.1747572815533981,-0.24778761061946897,0.15973556903125397,-0.15816326530612246,e0ecf7445759c88313866f18ccc1e14fa33ef1288a9e7754bf2f7fe1468972c6,PUBLIC_EQUITY_INVESTING_IDEA_GENERATION,RESEARCH_PRIORITY_ONLY_NO_TRADE_AUTHORITY,f3706e7751379e857bbecbfb956a32bc7d2a0163728046857799b1cd1bb558f1,2026-07-13
2026-07-13,5,A_IMMEDIATE_RESEARCH,301200.SZ,大族数控,SZ,CHINEXT,ACTIVE,C 制造业,TREND_PERSISTENCE,TREND_PERSISTENCE,1,2,0.975,0.97281955,0.97434586,0.0,0.97434586,WITHIN_SLEEVE_RANK_PERCENTILE_PLUS_RAW_SCORE,ELIGIBLE_CORE,VALID,A,0,1592958744.15,0.09389891696750907,0.5789172007711949,1.3224496052732428,6.119595864661654,-0.21811941993084594,0.7718133468113157,-0.21811941993084594,d8417d8c4f23a413f5dc78f316a08f1336c562af14a334817182080b1896a192,PUBLIC_EQUITY_INVESTING_IDEA_GENERATION,RESEARCH_PRIORITY_ONLY_NO_TRADE_AUTHORITY,4a8233fe2eec908d320149e235b9acc6ee975437a99b8e53e7274ddcc7074cb3,2026-07-13
2026-07-13,6,A_IMMEDIATE_RESEARCH,600900.SH,XD长江电,SH,SH_MAIN,ACTIVE,,DEFENSIVE_STABILITY,DEFENSIVE_STABILITY,1,2,0.975,0.94419621,0.96575886,0.0,0.96575886,WITHIN_SLEEVE_RANK_PERCENTILE_PLUS_RAW_SCORE,ELIGIBLE_CORE,VALID,A,0,3545239620.25,0.004728992360858664,0.07554517133956384,0.04939209726443772,-0.03325166258312917,-0.04097222222222219,0.15219023528859774,-0.0727537286285922,ee68aba4992a25715bf8a159a3a1fc62571d9970eb11c6a79b097c007a75c5a7,PUBLIC_EQUITY_INVESTING_IDEA_GENERATION,RESEARCH_PRIORITY_ONLY_NO_TRADE_AUTHORITY,f0e07e4ce9a4c798e94802cc87fd94b604dcbba7d20c413a76d906b00801e3d9,2026-07-13
2026-07-13,7,A_IMMEDIATE_RESEARCH,600584.SH,长电科技,SH,SH_MAIN,ACTIVE,,LIQUID_BREAKOUT,LIQUID_BREAKOUT,1,2,0.975,0.94279669,0.96533901,0.0,0.96533901,WITHIN_SLEEVE_RANK_PERCENTILE_PLUS_RAW_SCORE,ELIGIBLE_CORE,VALID,A,0,21746234577.95,0.438843695525857,1.2363964777602168,1.4082178458546073,1.920967266293129,-0.07117404351087775,0.8373080746809762,-0.2721217887725975,b506414952f4c4ca3c3b3d008513c3f929964e94e16f45d343a0036b239b275d,PUBLIC_EQUITY_INVESTING_IDEA_GENERATION,RESEARCH_PRIORITY_ONLY_NO_TRADE_AUTHORITY,4ccf778bcc95518f963366686d415bb871bfdcbb109c4433066b94e628916383,2026-07-13
2026-07-13,8,A_IMMEDIATE_RESEARCH,002768.SZ,国恩股份,SZ,SZ_MAIN,ACTIVE,C 制造业,TREND_PERSISTENCE,TREND_PERSISTENCE,1,3,0.95,0.96477215,0.95443165,0.0,0.95443165,WITHIN_SLEEVE_RANK_PERCENTILE_PLUS_RAW_SCORE,ELIGIBLE_CORE,VALID,A,0,840713773.6,0.10376162299239211,0.54207263064659,0.36406372420997646,1.9081291759465477,-0.12964505915680724,0.4976324409322505,-0.2451756556160316,4c21b76a07bb0f3a29095792e78a9d013a730b39498f8aa9a0e368197b48748e,PUBLIC_EQUITY_INVESTING_IDEA_GENERATION,RESEARCH_PRIORITY_ONLY_NO_TRADE_AUTHORITY,02a8ca26101c306c6ce92a5bb38faf43f7a4891ed5af4d96d92842d76406bc23,2026-07-13
2026-07-13,9,A_IMMEDIATE_RESEARCH,601818.SH,光大银行,SH,SH_MAIN,ACTIVE,,DEFENSIVE_STABILITY,DEFENSIVE_STABILITY,1,3,0.95,0.943423,0.9480269,0.0,0.9480269,WITHIN_SLEEVE_RANK_PERCENTILE_PLUS_RAW_SCORE,ELIGIBLE_CORE,VALID,A,0,656139302.9,-0.04334365325077405,-0.034375000000000044,-0.07485029940119758,-0.2255639097744362,-0.2677725118483413,0.15336073492729643,-0.13731343283582087,8df8fd3347456a78a593479ee2ee3c502b7250cbd69f9d234b360f444be72589,PUBLIC_EQUITY_INVESTING_IDEA_GENERATION,RESEARCH_PRIORITY_ONLY_NO_TRADE_AUTHORITY,628c8fd09d46b9ed52110a890757fa8d7e18337fe0719ebe2b67a87b77ed55aa,2026-07-13
2026-07-13,10,A_IMMEDIATE_RESEARCH,920510.BJ,丰光精密,BJ,BSE,ACTIVE,通用设备制造业,LIQUID_BREAKOUT,LIQUID_BREAKOUT,1,3,0.95,0.94193031,0.94757909,0.0,0.94757909,WITHIN_SLEEVE_RANK_PERCENTILE_PLUS_RAW_SCORE,ELIGIBLE_CORE,VALID,A,0,375137636.35,0.49194414607948445,0.9079670329670331,0.396681749622926,0.20259740259740266,-0.15201465201465192,1.426592730685417,-0.3418269230769231,b37940734e27e243820429e82b684ae2d10df6c6e28a27ad987d6e9a2618795d,PUBLIC_EQUITY_INVESTING_IDEA_GENERATION,RESEARCH_PRIORITY_ONLY_NO_TRADE_AUTHORITY,4790dfdf71bed86fdf70386772ffd695bf5c1915cd4e894418c24fd61bf5e74c,2026-07-13
2026-07-13,11,A_IMMEDIATE_RESEARCH,603928.SH,兴业股份,SH,SH_MAIN,ACTIVE,,RECOVERY_WATCH,RECOVERY_WATCH,1,2,0.96666667,0.88221548,0.94133131,0.0,0.94133131,WITHIN_SLEEVE_RANK_PERCENTILE_PLUS_RAW_SCORE,ELIGIBLE_CORE,VALID,A,0,512220669.85,0.4687500000000002,0.48290972830850154,0.26646706586826374,0.09941520467836273,-0.09999999999999998,0.7072361779650373,-0.2174236783320923,616caa81bed18bc05e5d414957ad61729898cf3bdac2c81836a990e0587fa17f,PUBLIC_EQUITY_INVESTING_IDEA_GENERATION,RESEARCH_PRIORITY_ONLY_NO_TRADE_AUTHORITY,faab271263549be2469c55ecebf13c9b486dd6c127efa52860928c3b974ef1d6,2026-07-13
2026-07-13,12,A_IMMEDIATE_RESEARCH,688200.SH,华峰测控,SH,STAR,ACTIVE,,TREND_PERSISTENCE,TREND_PERSISTENCE|LIQUID_BREAKOUT,2,5,0.9,0.96046281,0.91813884,0.02,0.93813884,WITHIN_SLEEVE_RANK_PERCENTILE_PLUS_RAW_SCORE,ELIGIBLE_CORE,VALID,A,0,2920550167.55,0.630108673911594,1.4428014786691978,2.4648905264649614,4.075246497145823,-0.09944751381215466,0.8793036671152279,-0.21871896722939432,c64e97d1e9380e65d1fc1061d437723739148d285d6c1c748ab704506a127ab4,PUBLIC_EQUITY_INVESTING_IDEA_GENERATION,RESEARCH_PRIORITY_ONLY_NO_TRADE_AUTHORITY,51f22e349f79e8265e68a38827e82c3b8d51877ab3b3be58e6042e6a2848179e,2026-07-13
2026-07-13,13,A_IMMEDIATE_RESEARCH,301269.SZ,华大九天,SZ,CHINEXT,ACTIVE,I 信息技术,RECOVERY_WATCH,RECOVERY_WATCH|LIQUID_BREAKOUT,2,3,0.93333333,0.88048967,0.91748024,0.02,0.93748024,WITHIN_SLEEVE_RANK_PERCENTILE_PLUS_RAW_SCORE,ELIGIBLE_CORE,VALID,A,0,2413696689.45,0.2671037326847838,0.3893333333333333,0.05530603258476452,-0.02418566775244302,-0.1187674658037946,0.8425545336562682,-0.3102596849723286,ccaac5ff1984b39e89950e8ccb4f06b30941d005d62178eb8dab5f63f9294987,PUBLIC_EQUITY_INVESTING_IDEA_GENERATION,RESEARCH_PRIORITY_ONLY_NO_TRADE_AUTHORITY,1542390c1cf5f20955768097668f4d52c412bcf5172a9e5a6d854b9f8a092337,2026-07-13
2026-07-13,14,A_IMMEDIATE_RESEARCH,002718.SZ,友邦吊顶,SZ,SZ_MAIN,ACTIVE,C 制造业,TREND_PERSISTENCE,TREND_PERSISTENCE,1,4,0.925,0.9615764,0.93597292,0.0,0.93597292,WITHIN_SLEEVE_RANK_PERCENTILE_PLUS_RAW_SCORE,ELIGIBLE_CORE,VALID,A,0,190822868.25,-0.01655498620417828,0.3731425426527242,1.7768503060656653,5.58311345646438,-0.17171549506183081,0.537562150748957,-0.3162541972391494,91389abd97f20b4be6636533f32c825dbeb5f011c7c7a5e2e97a7ff0e74f7a51,PUBLIC_EQUITY_INVESTING_IDEA_GENERATION,RESEARCH_PRIORITY_ONLY_NO_TRADE_AUTHORITY,2001c34ba27290854bd865e6acdc42f5a64578072dd913487517fcb4f07e14d1,2026-07-13
2026-07-13,15,A_IMMEDIATE_RESEARCH,000538.SZ,云南白药,SZ,SZ_MAIN,ACTIVE,C 制造业,DEFENSIVE_STABILITY,DEFENSIVE_STABILITY,1,4,0.925,0.94220451,0.93016135,0.0,0.93016135,WITHIN_SLEEVE_RANK_PERCENTILE_PLUS_RAW_SCORE,ELIGIBLE_CORE,VALID,A,0,460514740.55,-0.01679841897233203,-0.06922357343311514,-0.10618038088393811,-0.06484962406015038,-0.13433095528101613,0.1720951080169468,-0.15573917729477282,02a8ae5776c0a56ffb361e0d1c8777297e8b00b49eb065965df49b6dc985aa84,PUBLIC_EQUITY_INVESTING_IDEA_GENERATION,RESEARCH_PRIORITY_ONLY_NO_TRADE_AUTHORITY,e6371f10b41984f450f2835926b36f7145ade62351c2dfa6b16568c93d7722ae,2026-07-13
2026-07-13,16,A_IMMEDIATE_RESEARCH,000938.SZ,紫光股份,SZ,SZ_MAIN,ACTIVE,C 制造业,LIQUID_BREAKOUT,LIQUID_BREAKOUT,1,4,0.925,0.93787252,0.92886176,0.0,0.92886176,WITHIN_SLEEVE_RANK_PERCENTILE_PLUS_RAW_SCORE,ELIGIBLE_CORE,VALID,A,0,7791836617.25,0.5268389662027833,0.38179201151493336,0.4860681114551084,0.6141235813366961,-0.00026034886748238506,0.66562764218101,-0.23972188633615477,17a759f76d3cd850eeb57e1e22768588243c198f1b9156e8ed0325b821919858,PUBLIC_EQUITY_INVESTING_IDEA_GENERATION,RESEARCH_PRIORITY_ONLY_NO_TRADE_AUTHORITY,f2c22fc0b63754e9b22ca0ea1e7881d9a4c2f87e5ee45693b3603489cba9fef5,2026-07-13
2026-07-13,17,A_IMMEDIATE_RESEARCH,300458.SZ,全志科技,SZ,CHINEXT,ACTIVE,C 制造业,RECOVERY_WATCH,RECOVERY_WATCH|LIQUID_BREAKOUT,2,4,0.9,0.88025796,0.89407739,0.02,0.91407739,WITHIN_SLEEVE_RANK_PERCENTILE_PLUS_RAW_SCORE,ELIGIBLE_CORE,VALID,A,0,2651159949.5,0.31674357284113386,0.25668449197860976,0.0747914985203122,0.2015037593984963,-0.08245291685806144,0.5209938020303979,-0.3032955715756952,b02bf0f7a3360e8603ac467a1db53b764ecc23bddee84309fa9e9b9fe2131697,PUBLIC_EQUITY_INVESTING_IDEA_GENERATION,RESEARCH_PRIORITY_ONLY_NO_TRADE_AUTHORITY,59a3b5e471e9ab3740c0eb4466a1226818d389dce1db9174ac83144dcd770640,2026-07-13
2026-07-13,18,A_IMMEDIATE_RESEARCH,600018.SH,上港集团,SH,SH_MAIN,ACTIVE,,DEFENSIVE_STABILITY,DEFENSIVE_STABILITY,1,5,0.9,0.93829673,0.91148902,0.0,0.91148902,WITHIN_SLEEVE_RANK_PERCENTILE_PLUS_RAW_SCORE,ELIGIBLE_CORE,VALID,A,0,279882297.6,0.011904761904761862,0.020000000000000018,-0.05904059040590415,-0.07942238267148016,-0.12371134020618568,0.16850427534110166,-0.13394495412844043,43b46aad3d583a1b4d42cd7c25bc67e4745bd2db0f23383f159b0bfb955c49a0,PUBLIC_EQUITY_INVESTING_IDEA_GENERATION,RESEARCH_PRIORITY_ONLY_NO_TRADE_AUTHORITY,59785686aa146ca0c51afac6cee1eeff98468b37881d328263093a6f6a4186b2,2026-07-13
2026-07-13,19,A_IMMEDIATE_RESEARCH,688120.SH,华海清科,SH,STAR,ACTIVE,,LIQUID_BREAKOUT,LIQUID_BREAKOUT,1,5,0.9,0.93528823,0.91058647,0.0,0.91058647,WITHIN_SLEEVE_RANK_PERCENTILE_PLUS_RAW_SCORE,ELIGIBLE_CORE,VALID,A,0,4859666439.75,0.7690760869565216,1.4806431946349643,1.6084622165237596,3.0350811949919425,-0.053750000000000075,0.880434639983709,-0.19361512059805353,37c55702b6f2b7cd5d9eb61f35250423895f2935f9dd140fd9ec61b80e4c9fba,PUBLIC_EQUITY_INVESTING_IDEA_GENERATION,RESEARCH_PRIORITY_ONLY_NO_TRADE_AUTHORITY,240da090cd8e49c8980105b17efdbb743dc794f7c1b71688cb5afa7cb4310754,2026-07-13
2026-07-13,20,A_IMMEDIATE_RESEARCH,920808.BJ,曙光数创,BJ,BSE,ACTIVE,通用设备制造业,TREND_PERSISTENCE,TREND_PERSISTENCE,1,6,0.875,0.95848899,0.9000467,0.0,0.9000467,WITHIN_SLEEVE_RANK_PERCENTILE_PLUS_RAW_SCORE,ELIGIBLE_CORE,VALID,A,0,343852875.35,0.0691238018090996,0.013307741522712524,0.004184630991630689,0.353906650709523,-0.23532251834685214,0.5595352766861978,-0.2652432313449262,efe1817550c6fe86abfd2a1f776b65f17ad64b310216cafd611c5e4f39f7051a,PUBLIC_EQUITY_INVESTING_IDEA_GENERATION,RESEARCH_PRIORITY_ONLY_NO_TRADE_AUTHORITY,9ab05b6f8578e0a4c1cab6f92f92258261500fcbf40a4eb7ca1de489297d40b6,2026-07-13
2026-07-13,21,B_WATCH_OR_TRIGGER,920020.BJ,泰凯英,BJ,BSE,ACTIVE,橡胶和塑料制品业,DEFENSIVE_STABILITY,DEFENSIVE_STABILITY,1,6,0.875,0.93579469,0.89323841,0.0,0.89323841,WITHIN_SLEEVE_RANK_PERCENTILE_PLUS_RAW_SCORE,ELIGIBLE_CORE,PARTIAL,B,0,17209925.15,0.10126582278481022,0.08821593153390395,-0.0417391304347825,,-0.24623803009575917,0.2887189052159049,-0.20835623969213857,7f97701a76bc2a355fe99a40d877c073e1957d2658adce1f1bb2f2fc82db1417,PUBLIC_EQUITY_INVESTING_IDEA_GENERATION,RESEARCH_PRIORITY_ONLY_NO_TRADE_AUTHORITY,ff293763db86bb50145937e29b398866469e07962d35ccdd68978f9759779aeb,2026-07-13
2026-07-13,22,B_WATCH_OR_TRIGGER,603823.SH,百合花,SH,SH_MAIN,ACTIVE,,LIQUID_BREAKOUT,LIQUID_BREAKOUT,1,6,0.875,0.93135387,0.89190616,0.0,0.89190616,WITHIN_SLEEVE_RANK_PERCENTILE_PLUS_RAW_SCORE,ELIGIBLE_CORE,VALID,A,0,1372335503.55,0.5345268542199488,3.359313077939234,3.1614123581336697,3.6676096181046676,-0.08902691511387162,0.798449116215745,-0.2460438999489536,ca0dcb593771035656705b2a1b60e95be8a1e5b72ad0ecc1181d05994868b5f0,PUBLIC_EQUITY_INVESTING_IDEA_GENERATION,RESEARCH_PRIORITY_ONLY_NO_TRADE_AUTHORITY,a4c27b120ed131e8e281870fae62ea14720923c3fc26779109e49f0efc0792da,2026-07-13
2026-07-13,23,B_WATCH_OR_TRIGGER,300308.SZ,中际旭创,SZ,CHINEXT,ACTIVE,C 制造业,TREND_PERSISTENCE,TREND_PERSISTENCE,1,7,0.85,0.95818661,0.88245598,0.0,0.88245598,WITHIN_SLEEVE_RANK_PERCENTILE_PLUS_RAW_SCORE,ELIGIBLE_CORE,VALID,A,0,38025459757.65,-0.035683202785030455,0.43506586019764537,0.9021132684417434,6.642433439095048,-0.19845478286660923,0.6181607650774643,-0.20859707884513823,a92b713361db90b1f390e3017c3ebc8e223b4a16df76fd8b17f3856f86bfc1df,PUBLIC_EQUITY_INVESTING_IDEA_GENERATION,RESEARCH_PRIORITY_ONLY_NO_TRADE_AUTHORITY,04c0efd64a6527d9c27ebdd0950fe5a2472cf5020d8465a2846514e38e2ad99b,2026-07-13
2026-07-13,24,B_WATCH_OR_TRIGGER,601229.SH,上海银行,SH,SH_MAIN,ACTIVE,,DEFENSIVE_STABILITY,DEFENSIVE_STABILITY,1,7,0.85,0.9355324,0.87565972,0.0,0.87565972,WITHIN_SLEEVE_RANK_PERCENTILE_PLUS_RAW_SCORE,ELIGIBLE_CORE,VALID,A,0,443424233.7,-0.028846153846153855,-0.04916317991631802,-0.06095041322314043,-0.10355029585798825,-0.15988909426987064,0.18874352393617225,-0.11967545638945232,27edc07b840fe8dabaa590c8385490e0adca2bfc92fc7615b54e4f4d1df77091,PUBLIC_EQUITY_INVESTING_IDEA_GENERATION,RESEARCH_PRIORITY_ONLY_NO_TRADE_AUTHORITY,1b6f3859c32ce288802d096743b2eb57af90c94d69ba4774da478470370a5e1a,2026-07-13
2026-07-13,25,B_WATCH_OR_TRIGGER,920015.BJ,锦华新材,BJ,BSE,ACTIVE,化学原料和化学制品制造业,LIQUID_BREAKOUT,LIQUID_BREAKOUT,1,7,0.85,0.92913836,0.87374151,0.0,0.87374151,WITHIN_SLEEVE_RANK_PERCENTILE_PLUS_RAW_SCORE,ELIGIBLE_CORE,PARTIAL,B,0,252206147.3,0.23826642700219702,0.5704154002026343,0.09135715543038203,,-0.061317183951551835,0.7153589719309547,-0.3661527680448493,c3a5e51613de671a232d32d608796f2a362b6804470d934d2b35267c54ba3c2a,PUBLIC_EQUITY_INVESTING_IDEA_GENERATION,RESEARCH_PRIORITY_ONLY_NO_TRADE_AUTHORITY,787cd39fa0d915649ea56b346fd4f352b9ec1cb527b14d22e5d4ef09ad1f18aa,2026-07-13
2026-07-13,26,B_WATCH_OR_TRIGGER,300558.SZ,贝达药业,SZ,CHINEXT,ACTIVE,C 制造业,RECOVERY_WATCH,RECOVERY_WATCH,1,5,0.86666667,0.8746251,0.8690542,0.0,0.8690542,WITHIN_SLEEVE_RANK_PERCENTILE_PLUS_RAW_SCORE,ELIGIBLE_CORE,VALID,A,0,1597793640.8,0.19754920163386558,0.4419852448021464,0.2724403235352142,0.07428381079280477,-0.13700829542413695,0.6545085845117391,-0.21615294576667965,4e9e5f995bd925875e54a4548b2b1363a439915a98b1c4d5c36553dde9499c76,PUBLIC_EQUITY_INVESTING_IDEA_GENERATION,RESEARCH_PRIORITY_ONLY_NO_TRADE_AUTHORITY,eb6c6d9c7ef0d0b9fcf8c6d526aba25a1dcf85be3b912d49d959f53d7ee40d64,2026-07-13
2026-07-13,27,B_WATCH_OR_TRIGGER,000668.SZ,荣丰控股,SZ,SZ_MAIN,ACTIVE,K 房地产,TREND_PERSISTENCE,TREND_PERSISTENCE,1,8,0.825,0.95697058,0.86459117,0.0,0.86459117,WITHIN_SLEEVE_RANK_PERCENTILE_PLUS_RAW_SCORE,ELIGIBLE_CORE,VALID,A,0,98448504.8,0.005862237420615646,0.38095238095238093,0.8400357462019661,1.4541120381406434,-0.11478933791917456,0.6174557990123484,-0.1911481719050674,a5727594d9ba04fa8e3fbcbb8cd919f71a394fb0718a19c0c7a337d02954c6dc,PUBLIC_EQUITY_INVESTING_IDEA_GENERATION,RESEARCH_PRIORITY_ONLY_NO_TRADE_AUTHORITY,d8bf6ebf012e4cf57465a9a6185cb43c7c25654105f79d6464a80062c39fe832,2026-07-13
2026-07-13,28,B_WATCH_OR_TRIGGER,000598.SZ,兴蓉环境,SZ,SZ_MAIN,ACTIVE,D 水电煤气,DEFENSIVE_STABILITY,DEFENSIVE_STABILITY,1,8,0.825,0.93324496,0.85747349,0.0,0.85747349,WITHIN_SLEEVE_RANK_PERCENTILE_PLUS_RAW_SCORE,ELIGIBLE_CORE,VALID,A,0,163277695.4,-0.027982326951399128,0.03937007874015741,-0.0420899854862119,-0.05444126074498579,-0.10204081632653061,0.20375776410949706,-0.13043478260869557,73b989b5e9fb467677ae332c5a7db89fd280380f3603e3d13aa82bfbf99b8649,PUBLIC_EQUITY_INVESTING_IDEA_GENERATION,RESEARCH_PRIORITY_ONLY_NO_TRADE_AUTHORITY,90306df677d793a7a9c097a93c5e55a0f9a83de0f902d304238e2230dc75504a,2026-07-13
2026-07-13,29,B_WATCH_OR_TRIGGER,000021.SZ,深科技,SZ,SZ_MAIN,ACTIVE,C 制造业,LIQUID_BREAKOUT,LIQUID_BREAKOUT,1,8,0.825,0.92829285,0.85598786,0.0,0.85598786,WITHIN_SLEEVE_RANK_PERCENTILE_PLUS_RAW_SCORE,ELIGIBLE_CORE,VALID,A,0,10810693207.65,0.4052305203558908,0.7997237569060771,0.9564564564564564,1.7991407089151448,-0.18904621129609456,0.7862992089545,-0.2606552623948971,63e0acf02b3d5cdb2fc4adc1dadc6d473924d199b3c7d2d34d50bb0f0dd425d1,PUBLIC_EQUITY_INVESTING_IDEA_GENERATION,RESEARCH_PRIORITY_ONLY_NO_TRADE_AUTHORITY,18726d751be03c5d5fcf64e13c206e8b354806219c7cd8bb98380f2e5b5de6f5,2026-07-13
2026-07-13,30,B_WATCH_OR_TRIGGER,002371.SZ,北方华创,SZ,SZ_MAIN,ACTIVE,C 制造业,TREND_PERSISTENCE,TREND_PERSISTENCE,1,9,0.8,0.95562697,0.84668809,0.0,0.84668809,WITHIN_SLEEVE_RANK_PERCENTILE_PLUS_RAW_SCORE,ELIGIBLE_CORE,VALID,A,0,10648619797.25,0.14658185691354486,0.5884529054784269,0.5376722663715923,1.3353092153507702,-0.1821382328707023,0.6204350291139337,-0.19050075466651384,8e51503ac06edc176f311390d4a6fb267143e8378697036e13dd478adfb9aeb7,PUBLIC_EQUITY_INVESTING_IDEA_GENERATION,RESEARCH_PRIORITY_ONLY_NO_TRADE_AUTHORITY,51d132aa8da36c5f526cd475f14c224a547c9d234de67a9a15c126dbed20c2dc,2026-07-13
2026-07-13,31,B_WATCH_OR_TRIGGER,603223.SH,恒通股份,SH,SH_MAIN,ACTIVE,,RECOVERY_WATCH,RECOVERY_WATCH,1,6,0.83333333,0.87314745,0.84527757,0.0,0.84527757,WITHIN_SLEEVE_RANK_PERCENTILE_PLUS_RAW_SCORE,ELIGIBLE_CORE,VALID,A,0,358871139.55,0.3567567567567569,0.5175332527206773,0.34224598930481287,0.19866284622731611,-0.1284722222222222,0.6255896386122887,-0.22953904045155227,936c1b998d01e94eb660b026f7db75e47c00934ca4b290958a44beaa6d194ff6,PUBLIC_EQUITY_INVESTING_IDEA_GENERATION,RESEARCH_PRIORITY_ONLY_NO_TRADE_AUTHORITY,d96167d57d5dd1b147d818222aa936938ae52e0fc675a3395d481f4830261137,2026-07-13
2026-07-13,32,B_WATCH_OR_TRIGGER,001227.SZ,兰州银行,SZ,SZ_MAIN,ACTIVE,J 金融业,DEFENSIVE_STABILITY,DEFENSIVE_STABILITY,1,9,0.8,0.93263407,0.83979022,0.0,0.83979022,WITHIN_SLEEVE_RANK_PERCENTILE_PLUS_RAW_SCORE,ELIGIBLE_CORE,VALID,A,0,92480601.85,-0.03301886792452846,-0.07239819004524894,-0.09292035398230092,-0.14225941422594157,-0.2145593869731801,0.13495070223970435,-0.14163090128755362,f595aaac93b6a3b8fe24b7c351e998ac1202d936b4590c805f6f7c9da8252f18,PUBLIC_EQUITY_INVESTING_IDEA_GENERATION,RESEARCH_PRIORITY_ONLY_NO_TRADE_AUTHORITY,741d7bed99ad223c7118315ce151ab3de3fc41cb2b45b9a0d886011dc0ba0473,2026-07-13
2026-07-13,33,B_WATCH_OR_TRIGGER,603065.SH,宿迁联盛,SH,SH_MAIN,ACTIVE,,LIQUID_BREAKOUT,LIQUID_BREAKOUT,1,9,0.8,0.92814617,0.83844385,0.0,0.83844385,WITHIN_SLEEVE_RANK_PERCENTILE_PLUS_RAW_SCORE,ELIGIBLE_CORE,VALID,A,0,992906395.6,0.5735294117647058,1.671660424469413,1.5721153846153841,1.118811881188119,-0.023277042446371632,0.772192625977916,-0.22468354430379756,e0fcdc73aa95180bb3c73fa045d20c9c67df928194337e1cc7c90fd5df570f27,PUBLIC_EQUITY_INVESTING_IDEA_GENERATION,RESEARCH_PRIORITY_ONLY_NO_TRADE_AUTHORITY,b8414815fd284420fe173bb6c069a37748e31de5102ac3ccdb68685ec50c79d4,2026-07-13
2026-07-13,34,B_WATCH_OR_TRIGGER,688498.SH,源杰科技,SH,STAR,ACTIVE,,TREND_PERSISTENCE,TREND_PERSISTENCE,1,10,0.775,0.95518901,0.8290567,0.0,0.8290567,WITHIN_SLEEVE_RANK_PERCENTILE_PLUS_RAW_SCORE,ELIGIBLE_CORE,VALID,A,0,8095509246.7,0.1358490296497883,0.841489682006624,2.064618705313265,10.832725649229856,-0.15683987274655353,0.8504499391380255,-0.15683987274655353,a3696c223f13151389565e96e76f9849681a9c5cd82777741185fec9985acaf1,PUBLIC_EQUITY_INVESTING_IDEA_GENERATION,RESEARCH_PRIORITY_ONLY_NO_TRADE_AUTHORITY,1fe18ed54629afc73c7fbc41edfb5ff6b683526e32eec7aea36e8308c46e9169,2026-07-13
2026-07-13,35,B_WATCH_OR_TRIGGER,002507.SZ,涪陵榨菜,SZ,SZ_MAIN,ACTIVE,C 制造业,DEFENSIVE_STABILITY,DEFENSIVE_STABILITY,1,10,0.775,0.9325941,0.82227823,0.0,0.82227823,WITHIN_SLEEVE_RANK_PERCENTILE_PLUS_RAW_SCORE,ELIGIBLE_CORE,VALID,A,0,101094597.75,-0.04834605597964359,-0.07502061005770821,-0.11093502377179065,-0.09369951534733445,-0.16206123973114261,0.1897083362617983,-0.18796992481203012,2ad49b6ac58f9ef07ac997f9629aa78c2db5dc8e5ecdbda8ef8b9820cc7a457b,PUBLIC_EQUITY_INVESTING_IDEA_GENERATION,RESEARCH_PRIORITY_ONLY_NO_TRADE_AUTHORITY,b33bd76befd343645a82c568ac9ad1e0150014f28cc7dad97b9a6b4bac28871d,2026-07-13
2026-07-13,36,B_WATCH_OR_TRIGGER,688361.SH,中科飞测,SH,STAR,ACTIVE,,LIQUID_BREAKOUT,LIQUID_BREAKOUT,1,10,0.775,0.92788399,0.8208652,0.0,0.8208652,WITHIN_SLEEVE_RANK_PERCENTILE_PLUS_RAW_SCORE,ELIGIBLE_CORE,VALID,A,0,4005439348.7,0.7221903289909473,1.1998533393501805,1.0966077092629432,3.5033487297921484,-0.12656215005599103,0.954374564046243,-0.2912621359223302,ff84cdab2ebd0b86474f4ddf3627426490446e9019cf3184dab14f594e30f36f,PUBLIC_EQUITY_INVESTING_IDEA_GENERATION,RESEARCH_PRIORITY_ONLY_NO_TRADE_AUTHORITY,5f6f5d593b63b6c0e6b7ba9c03f1f9ffe9099bd56a5b6f5497e0699189789938,2026-07-13
2026-07-13,37,B_WATCH_OR_TRIGGER,002174.SZ,游族网络,SZ,SZ_MAIN,ACTIVE,I 信息技术,RECOVERY_WATCH,RECOVERY_WATCH,1,7,0.8,0.86519974,0.81955992,0.0,0.81955992,WITHIN_SLEEVE_RANK_PERCENTILE_PLUS_RAW_SCORE,ELIGIBLE_CORE,VALID,A,0,591665278.35,0.1785714285714286,0.2362122788761709,-0.09657794676806075,-0.0206100577081616,-0.31369150779896005,0.5528300936880958,-0.34115920763022745,ccf6a3ff7f957d5fa077d55714d38fcec218108fb7938bee3a850a6ea2b65dfa,PUBLIC_EQUITY_INVESTING_IDEA_GENERATION,RESEARCH_PRIORITY_ONLY_NO_TRADE_AUTHORITY,6fbf34f0a2df38f3d2f9c6c946c93c61b16216514708e91d0cb5b1629cab2ec4,2026-07-13
2026-07-13,38,B_WATCH_OR_TRIGGER,603268.SH,松发股份,SH,SH_MAIN,ACTIVE,,TREND_PERSISTENCE,TREND_PERSISTENCE,1,11,0.75,0.95358936,0.81107681,0.0,0.81107681,WITHIN_SLEEVE_RANK_PERCENTILE_PLUS_RAW_SCORE,ELIGIBLE_CORE,VALID,A,0,1530840701.8,0.10192073583119154,0.4586392121754701,0.7642663779101246,3.134229890890637,-0.02884901949096985,0.5769444049712816,-0.21068572813181485,36c277fcbe29f3a1a66782a9b493c59d303c0c8b7b0eaca8d427a718ebe06262,PUBLIC_EQUITY_INVESTING_IDEA_GENERATION,RESEARCH_PRIORITY_ONLY_NO_TRADE_AUTHORITY,3668caebf42ba94fe361dbb00cf8b9ce1155482b5047af1f1424bfa699c6db68,2026-07-13
2026-07-13,39,B_WATCH_OR_TRIGGER,000088.SZ,盐 田 港,SZ,SZ_MAIN,ACTIVE,G 运输仓储,DEFENSIVE_STABILITY,DEFENSIVE_STABILITY,1,11,0.75,0.93237772,0.80471332,0.0,0.80471332,WITHIN_SLEEVE_RANK_PERCENTILE_PLUS_RAW_SCORE,ELIGIBLE_CORE,VALID,A,0,71105203.4,0.0,-0.053691275167785046,-0.03424657534246567,-0.025345622119815503,-0.07641921397379903,0.15846141613396944,-0.10917030567685593,6e545dc7f94621b26a132363cdebbbca21aaa5674b83447e00fdf0db758d0c5e,PUBLIC_EQUITY_INVESTING_IDEA_GENERATION,RESEARCH_PRIORITY_ONLY_NO_TRADE_AUTHORITY,0caaedcb96d69588a165a0e9375fab9f2fbffcfc01e42a3d727c33115b8bcf3a,2026-07-13
2026-07-13,40,B_WATCH_OR_TRIGGER,000034.SZ,神州数码,SZ,SZ_MAIN,ACTIVE,F 批发零售,RECOVERY_WATCH,RECOVERY_WATCH,1,8,0.76666667,0.86183258,0.79521644,0.0,0.79521644,WITHIN_SLEEVE_RANK_PERCENTILE_PLUS_RAW_SCORE,ELIGIBLE_CORE,VALID,A,0,1700475671.1,0.23600537393640852,0.09610802223987291,-0.05834186284544518,0.04347826086956519,-0.20161990164882848,0.6491935451078732,-0.2845607235142119,e95712665b457990504e4e0d7e7319b26646efc58b771f70688b821230c85ce0,PUBLIC_EQUITY_INVESTING_IDEA_GENERATION,RESEARCH_PRIORITY_ONLY_NO_TRADE_AUTHORITY,580320e395b211dd7f889a7a4d01623cce3870fa3a41aafeefdf94ca6d0af64f,2026-07-13
2026-07-13,41,B_WATCH_OR_TRIGGER,002937.SZ,兴瑞科技,SZ,SZ_MAIN,ACTIVE,C 制造业,TREND_PERSISTENCE,TREND_PERSISTENCE,1,12,0.725,0.9528984,0.79336952,0.0,0.79336952,WITHIN_SLEEVE_RANK_PERCENTILE_PLUS_RAW_SCORE,ELIGIBLE_CORE,VALID,A,0,563127222.1,0.06329787234042539,0.29678884203697686,0.6672226855713093,1.4407814407814405,-0.12458944602583766,0.4842284209355034,-0.18780831571529244,ea53cdec1a5ae79561ece9eafc77f4c8a16a5b0a52cb6d2cfc0efefa06cb5410,PUBLIC_EQUITY_INVESTING_IDEA_GENERATION,RESEARCH_PRIORITY_ONLY_NO_TRADE_AUTHORITY,724e249e5e4e50f76eb930682c8f581b6e5c3e33096a62d59a8ba5f1cd21e7ff,2026-07-13
2026-07-13,42,B_WATCH_OR_TRIGGER,601985.SH,XD中国核,SH,SH_MAIN,ACTIVE,,DEFENSIVE_STABILITY,DEFENSIVE_STABILITY,1,12,0.725,0.93102414,0.78680724,0.0,0.78680724,WITHIN_SLEEVE_RANK_PERCENTILE_PLUS_RAW_SCORE,ELIGIBLE_CORE,VALID,A,0,1121461317.8,-0.04520396912899671,0.014051522248243575,-0.022573363431151128,-0.036707452725250334,-0.07081545064377681,0.1910206742046273,-0.0784530386740332,6b160cd25260a0004c563674928b2fa8cd224352221b15d0a17f5a7b3343e9ed,PUBLIC_EQUITY_INVESTING_IDEA_GENERATION,RESEARCH_PRIORITY_ONLY_NO_TRADE_AUTHORITY,5d83ca6a0e5095276e0813912b5f554169382010f187f8f5690a3db5bd5385ab,2026-07-13
2026-07-13,43,B_WATCH_OR_TRIGGER,600206.SH,有研新材,SH,SH_MAIN,ACTIVE,,LIQUID_BREAKOUT,LIQUID_BREAKOUT,1,12,0.725,0.92620037,0.78536011,0.0,0.78536011,WITHIN_SLEEVE_RANK_PERCENTILE_PLUS_RAW_SCORE,ELIGIBLE_CORE,VALID,A,0,7048357229.75,0.6368596544407394,1.378854625550661,1.4578971324533456,1.8601694915254239,-0.18918918918918914,0.8828638466027843,-0.2646831530139103,3f5eef7af296c88fe4c0d9602cf5292fbe583e2f53850279ba4bd7e45ab19a65,PUBLIC_EQUITY_INVESTING_IDEA_GENERATION,RESEARCH_PRIORITY_ONLY_NO_TRADE_AUTHORITY,a5278909ee33e8aa620754af93ad3fbc6b64f1782b824435012811a7f7d55589,2026-07-13
2026-07-13,44,B_WATCH_OR_TRIGGER,688630.SH,芯碁微装,SH,STAR,ACTIVE,,TREND_PERSISTENCE,TREND_PERSISTENCE,1,13,0.7,0.94381331,0.77314399,0.0,0.77314399,WITHIN_SLEEVE_RANK_PERCENTILE_PLUS_RAW_SCORE,ELIGIBLE_CORE,VALID,A,0,2773974554.7,0.13345177664974606,0.8904457520213351,2.003833994753481,4.4607483492296405,-0.19607560756075615,0.8735218577552533,-0.19607560756075615,9c95fd07fd0c0ca5e786a29078ca9055b2271b0aeb414fc278ac4bae18a9a8f7,PUBLIC_EQUITY_INVESTING_IDEA_GENERATION,RESEARCH_PRIORITY_ONLY_NO_TRADE_AUTHORITY,0911fa0321a2ec46310bd4393d9e8182e0355b664eefa5069d54d350078f8450,2026-07-13
2026-07-13,45,B_WATCH_OR_TRIGGER,603068.SH,博通集成,SH,SH_MAIN,ACTIVE,,RECOVERY_WATCH,RECOVERY_WATCH,1,9,0.73333333,0.86114678,0.77167737,0.0,0.77167737,WITHIN_SLEEVE_RANK_PERCENTILE_PLUS_RAW_SCORE,ELIGIBLE_CORE,VALID,A,0,356670001.0,0.2119700748129678,0.17320458660229332,-0.007150153217568844,0.11724137931034506,-0.1886477462437396,0.405664585877689,-0.26563257392147355,151b1aa0037599608395f36811de731a0d5f74972383e885c3e95dbb8971e82e,PUBLIC_EQUITY_INVESTING_IDEA_GENERATION,RESEARCH_PRIORITY_ONLY_NO_TRADE_AUTHORITY,fc8b68fd6f17257dac7eb98aaa15de6627a1a4100b7a65e30080a71bbc7b82b1,2026-07-13
2026-07-13,46,B_WATCH_OR_TRIGGER,600919.SH,江苏银行,SH,SH_MAIN,ACTIVE,,DEFENSIVE_STABILITY,DEFENSIVE_STABILITY,1,13,0.7,0.93060772,0.76918232,0.0,0.76918232,WITHIN_SLEEVE_RANK_PERCENTILE_PLUS_RAW_SCORE,ELIGIBLE_CORE,VALID,A,0,1200630111.1,-0.036909871244635184,0.05849056603773595,0.13677811550151997,-0.00883392226148405,-0.04020530367835751,0.1853092887384408,-0.09356223175965661,f1d371379f83b085392277ca37380202dc47379457f17c2ef212aaca112d9849,PUBLIC_EQUITY_INVESTING_IDEA_GENERATION,RESEARCH_PRIORITY_ONLY_NO_TRADE_AUTHORITY,10712327ad0969672d5b8ccedd403d60e98cd76ad6847a5ce8e84972ff16555c,2026-07-13
2026-07-13,47,B_WATCH_OR_TRIGGER,002409.SZ,雅克科技,SZ,SZ_MAIN,ACTIVE,C 制造业,LIQUID_BREAKOUT,LIQUID_BREAKOUT,1,13,0.7,0.9253493,0.76760479,0.0,0.76760479,WITHIN_SLEEVE_RANK_PERCENTILE_PLUS_RAW_SCORE,ELIGIBLE_CORE,VALID,A,0,7086360895.45,0.4213098729227762,1.1518670309653918,1.1839399191218951,2.481031307550645,-0.19937312042017874,0.845884043130837,-0.21666158071406771,56bbc6195b7e572716d5fc313d29f594e796d029037915fc2d63b4b45adac963,PUBLIC_EQUITY_INVESTING_IDEA_GENERATION,RESEARCH_PRIORITY_ONLY_NO_TRADE_AUTHORITY,6c9eb592ec9e3a07162f56cda29e6f09b80c7f154f4097c11eed85eb2e1e4d9e,2026-07-13
2026-07-13,48,B_WATCH_OR_TRIGGER,002289.SZ,宇顺电子,SZ,SZ_MAIN,ACTIVE,C 制造业,TREND_PERSISTENCE,TREND_PERSISTENCE,1,14,0.675,0.93937604,0.75431281,0.0,0.75431281,WITHIN_SLEEVE_RANK_PERCENTILE_PLUS_RAW_SCORE,ELIGIBLE_CORE,VALID,A,0,203192483.4,0.07422266800401212,0.6470588235294117,0.46461538461538465,1.6444444444444448,-0.13524424707307214,0.6293814190242849,-0.18663250053384572,efefecad0743e5af3802697a4d418f805f36929330ceda0dcbac9310d54f5e27,PUBLIC_EQUITY_INVESTING_IDEA_GENERATION,RESEARCH_PRIORITY_ONLY_NO_TRADE_AUTHORITY,e903303f38730d8485329f49d8f32c85c02b79eb54cd1139fa47a247fdb959fe,2026-07-13
2026-07-13,49,B_WATCH_OR_TRIGGER,601668.SH,中国建筑,SH,SH_MAIN,ACTIVE,,DEFENSIVE_STABILITY,DEFENSIVE_STABILITY,1,14,0.675,0.92850672,0.75105202,0.0,0.75105202,WITHIN_SLEEVE_RANK_PERCENTILE_PLUS_RAW_SCORE,ELIGIBLE_CORE,VALID,A,0,958168905.35,-0.028888888888888853,-0.06623931623931612,-0.1045081967213114,-0.1579961464354528,-0.22517730496453892,0.15323649499979136,-0.16359918200408996,1208b2cd9ba59be9d596426e491e99cb0ca1e24e453e186139d038f2d3217cd9,PUBLIC_EQUITY_INVESTING_IDEA_GENERATION,RESEARCH_PRIORITY_ONLY_NO_TRADE_AUTHORITY,46669e5e8357ac9a563387f09086f18f5a8cdee3be5598f637cb3dc246b32a93,2026-07-13
2026-07-13,50,B_WATCH_OR_TRIGGER,301165.SZ,锐捷网络,SZ,CHINEXT,ACTIVE,C 制造业,LIQUID_BREAKOUT,LIQUID_BREAKOUT,1,14,0.675,0.92476831,0.74993049,0.0,0.74993049,WITHIN_SLEEVE_RANK_PERCENTILE_PLUS_RAW_SCORE,ELIGIBLE_CORE,VALID,A,0,2193858783.05,0.8728571428571428,0.587887963663891,0.719908166612004,1.4550561797752808,-0.03938450265616422,0.8768800026454384,-0.24201407688142929,862184697cd0ff22940b151aa10a606e5ac3e6847d3ac9be2caaa80ec2d28c81,PUBLIC_EQUITY_INVESTING_IDEA_GENERATION,RESEARCH_PRIORITY_ONLY_NO_TRADE_AUTHORITY,5c7a3691f0e513df27b893591fe2844001d1704a324e259b84e1b6f08491e6da,2026-07-13
2026-07-13,51,B_WATCH_OR_TRIGGER,603669.SH,灵康药业,SH,SH_MAIN,ACTIVE,,RECOVERY_WATCH,RECOVERY_WATCH,1,10,0.7,0.8584232,0.74752696,0.0,0.74752696,WITHIN_SLEEVE_RANK_PERCENTILE_PLUS_RAW_SCORE,ELIGIBLE_CORE,VALID,A,0,225372823.65,0.44989339019189756,0.4912280701754388,0.4137214137214138,0.17647058823529393,-0.024390243902439046,0.4996703906705433,-0.18674698795180733,47b7f425f305218f90a983cd431d2aaa1b07cbee0b7b2adf5c27a613cf3d998f,PUBLIC_EQUITY_INVESTING_IDEA_GENERATION,RESEARCH_PRIORITY_ONLY_NO_TRADE_AUTHORITY,7f312cada6b61285047a6625bdaae82ae8c5d3c2919f7f4eec9468c836aed0bf,2026-07-13
2026-07-13,52,B_WATCH_OR_TRIGGER,603156.SH,养元饮品,SH,SH_MAIN,ACTIVE,,TREND_PERSISTENCE,TREND_PERSISTENCE,1,15,0.65,0.93818132,0.7364544,0.0,0.7364544,WITHIN_SLEEVE_RANK_PERCENTILE_PLUS_RAW_SCORE,ELIGIBLE_CORE,VALID,A,0,570538230.85,0.04544355813391343,0.39831878435176216,0.3423339540657977,1.1200980392156863,-0.13913216560509556,0.6195124030806141,-0.22571656050955424,d9136019462e0d1d413b3cba1bb0e83c89aba5731bb4c59356b3bdaded81d760,PUBLIC_EQUITY_INVESTING_IDEA_GENERATION,RESEARCH_PRIORITY_ONLY_NO_TRADE_AUTHORITY,ceb874111bab8d97e3beaefbd3bb72425af265a2a652a598528f96b6e60a3188,2026-07-13
2026-07-13,53,B_WATCH_OR_TRIGGER,601128.SH,常熟银行,SH,SH_MAIN,ACTIVE,,DEFENSIVE_STABILITY,DEFENSIVE_STABILITY,1,15,0.65,0.92790019,0.73337006,0.0,0.73337006,WITHIN_SLEEVE_RANK_PERCENTILE_PLUS_RAW_SCORE,ELIGIBLE_CORE,VALID,A,0,243818177.95,-0.051004636785162316,-0.03001579778830965,-0.022292993630573354,-0.06686930091185417,-0.11399711399711399,0.17879673579898334,-0.12084592145015105,45e809460b133c2b3358ad1d1952df30b81a51a8ced1d32cde977c47e6152163,PUBLIC_EQUITY_INVESTING_IDEA_GENERATION,RESEARCH_PRIORITY_ONLY_NO_TRADE_AUTHORITY,fd1f2ac58549c48a3997e60373fd1f8560ec84abff0924310d21365373278394,2026-07-13
2026-07-13,54,B_WATCH_OR_TRIGGER,603893.SH,瑞芯微,SH,SH_MAIN,ACTIVE,,LIQUID_BREAKOUT,LIQUID_BREAKOUT,1,15,0.65,0.92452503,0.73235751,0.0,0.73235751,WITHIN_SLEEVE_RANK_PERCENTILE_PLUS_RAW_SCORE,ELIGIBLE_CORE,VALID,A,0,3291255079.65,0.3644009719020622,0.28998056193673794,0.1703094105701919,0.4439243093558385,-0.10935784293789896,0.5072479887347588,-0.2746793915896213,6fdcf47c273b2c1adbeda828f3ae0ca3f8e5947b39675532f756d8e0d1e1341b,PUBLIC_EQUITY_INVESTING_IDEA_GENERATION,RESEARCH_PRIORITY_ONLY_NO_TRADE_AUTHORITY,777f942cf321e7c7da2798fc99c6f52726990301f75039a86a6ce5d0547967de,2026-07-13
2026-07-13,55,B_WATCH_OR_TRIGGER,920367.BJ,新赣江,BJ,BSE,ACTIVE,医药制造业,RECOVERY_WATCH,RECOVERY_WATCH,1,11,0.66666667,0.85587547,0.72342931,0.0,0.72342931,WITHIN_SLEEVE_RANK_PERCENTILE_PLUS_RAW_SCORE,ELIGIBLE_CORE,VALID,A,0,139098755.85,0.7349081364829397,0.34966819806023497,0.1888489208633095,0.010317157050057313,-0.13283043620859292,1.0490662098398735,-0.5178747130206625,b3a096efe0b2eecb0339df7f704df612aba635a4c4cb3ae41c7d208f5194ae8b,PUBLIC_EQUITY_INVESTING_IDEA_GENERATION,RESEARCH_PRIORITY_ONLY_NO_TRADE_AUTHORITY,ee773bb11fba5f86cf7c088662161b86d236ceb1aa0e46a76e5b8e3812de7e68,2026-07-13
2026-07-13,56,B_WATCH_OR_TRIGGER,300201.SZ,海伦哲,SZ,CHINEXT,ACTIVE,C 制造业,TREND_PERSISTENCE,TREND_PERSISTENCE,1,16,0.625,0.93686141,0.71855842,0.0,0.71855842,WITHIN_SLEEVE_RANK_PERCENTILE_PLUS_RAW_SCORE,ELIGIBLE_CORE,VALID,A,0,904089066.7,-0.1629711751662971,0.3006029285099052,1.0268456375838926,1.7012522361359572,-0.2833412434741339,0.6729879680567156,-0.2833412434741339,4ee5f0135e2d4a2a210b09ab88fdfee214dc6767302c212c3e2168434a291eca,PUBLIC_EQUITY_INVESTING_IDEA_GENERATION,RESEARCH_PRIORITY_ONLY_NO_TRADE_AUTHORITY,8ae56bbf4ea6d2a9f5412792cfb682ea5240ece937ca4efb18379636880ca0c6,2026-07-13
2026-07-13,57,B_WATCH_OR_TRIGGER,002142.SZ,宁波银行,SZ,SZ_MAIN,ACTIVE,J 金融业,DEFENSIVE_STABILITY,DEFENSIVE_STABILITY,1,16,0.625,0.92633774,0.71540132,0.0,0.71540132,WITHIN_SLEEVE_RANK_PERCENTILE_PLUS_RAW_SCORE,ELIGIBLE_CORE,VALID,A,0,1044018937.85,-0.013211701793016561,0.04392678868552413,0.14614541468761422,0.21072944808954075,-0.038320049049662686,0.2519409301266799,-0.11496014714898828,c61f3240c22160419990447925e1cbde05736f95fd84387d495a494c35252884,PUBLIC_EQUITY_INVESTING_IDEA_GENERATION,RESEARCH_PRIORITY_ONLY_NO_TRADE_AUTHORITY,4b8d73ed59ba2bb085f75004af07257b349d57adb44e1ac58bac68a29b0f3ec5,2026-07-13
2026-07-13,58,B_WATCH_OR_TRIGGER,000977.SZ,浪潮信息,SZ,SZ_MAIN,ACTIVE,C 制造业,LIQUID_BREAKOUT,LIQUID_BREAKOUT,1,16,0.625,0.92439865,0.7148196,0.0,0.7148196,WITHIN_SLEEVE_RANK_PERCENTILE_PLUS_RAW_SCORE,ELIGIBLE_CORE,VALID,A,0,7573617489.1,0.47753197372969236,0.25813097866077994,0.2415045018878883,0.695893671890498,-0.04501787310098304,0.6508743457731232,-0.25213343677269195,572a76dfef382a0877d4c8377064522543b831c8f34a6d80705a4448931a366d,PUBLIC_EQUITY_INVESTING_IDEA_GENERATION,RESEARCH_PRIORITY_ONLY_NO_TRADE_AUTHORITY,6c4f414c6fd06f755771fc52df918f695676310465f39885d718efab8efd3b92,2026-07-13
2026-07-13,59,B_WATCH_OR_TRIGGER,603301.SH,振德医疗,SH,SH_MAIN,ACTIVE,,TREND_PERSISTENCE,TREND_PERSISTENCE,1,17,0.6,0.93307828,0.69992348,0.0,0.69992348,WITHIN_SLEEVE_RANK_PERCENTILE_PLUS_RAW_SCORE,ELIGIBLE_CORE,VALID,A,0,184897611.05,0.02215449536982761,0.02939440443867314,0.257208765859285,3.130743723353861,-0.12695234281137358,0.35075890395594417,-0.21195434521425716,1398e8b35a41394bc9b2ae1f5b5d4553460b966e7806b764b451fd0fee6a58d5,PUBLIC_EQUITY_INVESTING_IDEA_GENERATION,RESEARCH_PRIORITY_ONLY_NO_TRADE_AUTHORITY,e2f0cf9b0418aadece99f1687c9e6dc430336c501c7ee32d2b83eef478910343,2026-07-13
2026-07-13,60,B_WATCH_OR_TRIGGER,600520.SH,三佳科技,SH,SH_MAIN,ACTIVE,,RECOVERY_WATCH,RECOVERY_WATCH,1,12,0.63333333,0.8538371,0.69948446,0.0,0.69948446,WITHIN_SLEEVE_RANK_PERCENTILE_PLUS_RAW_SCORE,ELIGIBLE_CORE,VALID,A,0,758320529.7,0.17143919672740804,0.27840909090909083,0.22663551401869153,0.07179312691391626,-0.20674892974061954,0.7933146136341864,-0.2696903856599674,181c5ac778704e4ad68fe8a3cf23a121fc915fe6d60fc552d74f8c51dec6b347,PUBLIC_EQUITY_INVESTING_IDEA_GENERATION,RESEARCH_PRIORITY_ONLY_NO_TRADE_AUTHORITY,69d4170a9c9ef8790717b049bb55880385949d17739747bd0da1245d4246b925,2026-07-13
2026-07-13,61,C_SCREEN_FLAG_ONLY,000001.SZ,平安银行,SZ,SZ_MAIN,ACTIVE,J 金融业,DEFENSIVE_STABILITY,DEFENSIVE_STABILITY,1,17,0.6,0.92619221,0.69785766,0.0,0.69785766,WITHIN_SLEEVE_RANK_PERCENTILE_PLUS_RAW_SCORE,ELIGIBLE_CORE,VALID,A,0,1116442399.15,-0.062277580071174454,-0.024976873265495025,-0.04959422903516686,-0.09682947729220226,-0.15680000000000005,0.18783919473140728,-0.1058718861209964,68f6414af4b712980664551778ba43ab4b6d583cf55cbe0b50f175664bb2ce57,PUBLIC_EQUITY_INVESTING_IDEA_GENERATION,RESEARCH_PRIORITY_ONLY_NO_TRADE_AUTHORITY,c9dfbf008d711046205d6b5d8d88c2e404a4dc74a3e1d70796be2a775acc231e,2026-07-13
2026-07-13,62,C_SCREEN_FLAG_ONLY,002674.SZ,兴业科技,SZ,SZ_MAIN,ACTIVE,C 制造业,LIQUID_BREAKOUT,LIQUID_BREAKOUT,1,17,0.6,0.92417989,0.69725397,0.0,0.69725397,WITHIN_SLEEVE_RANK_PERCENTILE_PLUS_RAW_SCORE,ELIGIBLE_CORE,VALID,A,0,653948224.9,1.06,1.4781954887218043,1.266850068775791,2.3667007150153223,0.0,0.7764042071794999,-0.21667760998030205,91034b398248d196f6f582fdc0acd8c90072cee9149a39b9326d697b6e497dc8,PUBLIC_EQUITY_INVESTING_IDEA_GENERATION,RESEARCH_PRIORITY_ONLY_NO_TRADE_AUTHORITY,0cb74190640324bbe24d7bf886ccd31a6447acbf7dff1aa02abba42a9cdfe0c7,2026-07-13
2026-07-13,63,C_SCREEN_FLAG_ONLY,301568.SZ,思泰克,SZ,CHINEXT,ACTIVE,C 制造业,TREND_PERSISTENCE,TREND_PERSISTENCE,1,18,0.575,0.93213824,0.68214147,0.0,0.68214147,WITHIN_SLEEVE_RANK_PERCENTILE_PLUS_RAW_SCORE,ELIGIBLE_CORE,VALID,A,0,529163667.85,0.05526495337730264,0.6888080072793448,0.7935833011209894,1.388059701492537,-0.24071346751759126,0.7551207062362648,-0.26836851579119614,69bf3434831e2bb93822e7f9287b9d7897b24c1e8b8c1061ee9539febcf7dc3b,PUBLIC_EQUITY_INVESTING_IDEA_GENERATION,RESEARCH_PRIORITY_ONLY_NO_TRADE_AUTHORITY,75f3a6847c19161e3239ecc6fe656960453d60d93cff80820936740fabd46602,2026-07-13
2026-07-13,64,C_SCREEN_FLAG_ONLY,601928.SH,凤凰传媒,SH,SH_MAIN,ACTIVE,,DEFENSIVE_STABILITY,DEFENSIVE_STABILITY,1,18,0.575,0.92570626,0.68021188,0.0,0.68021188,WITHIN_SLEEVE_RANK_PERCENTILE_PLUS_RAW_SCORE,ELIGIBLE_CORE,VALID,A,0,60305886.4,0.0010834236186347823,-0.045454545454545414,-0.08242303872889767,-0.1348314606741573,-0.19791666666666663,0.19903053533522466,-0.16249999999999998,2c1c977fa8cc5e102f648a218dab250ce447ed045e6455f5eed64ce8ee263463,PUBLIC_EQUITY_INVESTING_IDEA_GENERATION,RESEARCH_PRIORITY_ONLY_NO_TRADE_AUTHORITY,51d01ff2c7813c1d9bfa26dca09614ffa4b02a56d0496163f95c87cb1715cf54,2026-07-13
2026-07-13,65,C_SCREEN_FLAG_ONLY,301379.SZ,天山电子,SZ,CHINEXT,ACTIVE,C 制造业,LIQUID_BREAKOUT,LIQUID_BREAKOUT,1,18,0.575,0.91895499,0.6781865,0.0,0.6781865,WITHIN_SLEEVE_RANK_PERCENTILE_PLUS_RAW_SCORE,ELIGIBLE_CORE,VALID,A,0,1017320136.6,0.5881104033970275,1.0281995661605206,0.8994413407821227,0.8812877263581489,0.0,1.074608738262641,-0.24080111783884484,849bc4fc943e3f80d2e1adabac27682b32b8db154ad5939171f3dba6ded87fbd,PUBLIC_EQUITY_INVESTING_IDEA_GENERATION,RESEARCH_PRIORITY_ONLY_NO_TRADE_AUTHORITY,b54b0ebd98ea9b80910d339cd65c0144e03553d88da1de2aa04bfa4894d5352e,2026-07-13
2026-07-13,66,C_SCREEN_FLAG_ONLY,000032.SZ,深桑达Ａ,SZ,SZ_MAIN,ACTIVE,E 建筑业,RECOVERY_WATCH,RECOVERY_WATCH,1,13,0.6,0.85325783,0.67597735,0.0,0.67597735,WITHIN_SLEEVE_RANK_PERCENTILE_PLUS_RAW_SCORE,ELIGIBLE_CORE,VALID,A,0,1986451239.8,0.07663847780126853,0.09281115879828339,-0.0630174793008279,0.00592592592592589,-0.26963069200430256,0.6857452362157136,-0.3496985357450474,72fab1b3844b973b5d3f0c26ad8ad5875c6e997af46af355765cbe9f1bfd871b,PUBLIC_EQUITY_INVESTING_IDEA_GENERATION,RESEARCH_PRIORITY_ONLY_NO_TRADE_AUTHORITY,58182ea63b5ace20434676e66a22a5335c6e0ca9bd41728bb3ab6390375474d5,2026-07-13
2026-07-13,67,C_SCREEN_FLAG_ONLY,300331.SZ,苏大维格,SZ,CHINEXT,ACTIVE,C 制造业,TREND_PERSISTENCE,TREND_PERSISTENCE,1,19,0.55,0.92887821,0.66366346,0.0,0.66366346,WITHIN_SLEEVE_RANK_PERCENTILE_PLUS_RAW_SCORE,ELIGIBLE_CORE,VALID,A,0,1218791889.4,-0.11106053709603991,0.30142159040426475,0.43779141104294483,1.5562827225130889,-0.1958550645072742,0.7550885943981959,-0.28199404761904756,7f38b8a45f3c33a189483a1e75c7165351a30664d95fb5947cd85f95c1a4f7ad,PUBLIC_EQUITY_INVESTING_IDEA_GENERATION,RESEARCH_PRIORITY_ONLY_NO_TRADE_AUTHORITY,d3f1c2f909c73b259919b45c6a538c5eabb96e1ba06081a6850ebe5bbf2fe4f1,2026-07-13
2026-07-13,68,C_SCREEN_FLAG_ONLY,600016.SH,民生银行,SH,SH_MAIN,ACTIVE,,DEFENSIVE_STABILITY,DEFENSIVE_STABILITY,1,19,0.55,0.92566662,0.66269999,0.0,0.66269999,WITHIN_SLEEVE_RANK_PERCENTILE_PLUS_RAW_SCORE,ELIGIBLE_CORE,VALID,A,0,856325822.25,-0.056022408963585346,-0.0792349726775956,-0.10372340425531912,-0.262582056892779,-0.355640535372849,0.1625166031962472,-0.19338422391857513,a5f8b89bd3ab128c08e01e07871c5227556081f1837426b309d5f6b713f37ec7,PUBLIC_EQUITY_INVESTING_IDEA_GENERATION,RESEARCH_PRIORITY_ONLY_NO_TRADE_AUTHORITY,e67a21ef304c515836e047b36fcfb28cf5ceacbc2d407287ce6c207314b67211,2026-07-13
2026-07-13,69,C_SCREEN_FLAG_ONLY,600641.SH,先导基电,SH,SH_MAIN,ACTIVE,,LIQUID_BREAKOUT,LIQUID_BREAKOUT,1,19,0.55,0.91636548,0.65990964,0.0,0.65990964,WITHIN_SLEEVE_RANK_PERCENTILE_PLUS_RAW_SCORE,ELIGIBLE_CORE,VALID,A,0,3875828106.0,0.3827247191011236,0.7627573858549688,1.044652128764278,1.8290229885057472,-0.18366500829187393,0.7822074323891377,-0.20844072164948446,71fc45a42dbf72376670740798033dd96432acb972d07e51b88b3f4ae984b3dd,PUBLIC_EQUITY_INVESTING_IDEA_GENERATION,RESEARCH_PRIORITY_ONLY_NO_TRADE_AUTHORITY,a1846b1ecf113969a33a4aa962195562a12817681289efac696c6c4111b48548,2026-07-13
2026-07-13,70,C_SCREEN_FLAG_ONLY,688728.SH,格科微,SH,STAR,ACTIVE,,RECOVERY_WATCH,RECOVERY_WATCH,1,14,0.56666667,0.85157411,0.6521389,0.0,0.6521389,WITHIN_SLEEVE_RANK_PERCENTILE_PLUS_RAW_SCORE,ELIGIBLE_CORE,VALID,A,0,1443838961.8,0.5033860045146727,0.5113464447806353,0.23485784919653896,0.28654217643271096,-0.20871287128712868,0.8281822281408006,-0.25654450261780115,a17d388d5ff2dc462c83441b20b8132f5eac282a68b6b0d3dc928c6423b63e52,PUBLIC_EQUITY_INVESTING_IDEA_GENERATION,RESEARCH_PRIORITY_ONLY_NO_TRADE_AUTHORITY,98474c6fa437ed8df1ec4b1ef134fe896f82f13fdfb344b1a107ac230ea4b3a7,2026-07-13
2026-07-13,71,C_SCREEN_FLAG_ONLY,300938.SZ,信测标准,SZ,CHINEXT,ACTIVE,M 科研服务,TREND_PERSISTENCE,TREND_PERSISTENCE,1,20,0.525,0.92826561,0.64597968,0.0,0.64597968,WITHIN_SLEEVE_RANK_PERCENTILE_PLUS_RAW_SCORE,ELIGIBLE_CORE,VALID,A,0,993082582.15,0.10693333333333332,0.2979987492182614,0.884248751702224,1.823809523809524,-0.23554327808471454,0.7328056316313064,-0.23554327808471454,d42942c2c8928c352bfc37e2da8cfbe9d1bd3d1daed842432ee62db1ddd377bb,PUBLIC_EQUITY_INVESTING_IDEA_GENERATION,RESEARCH_PRIORITY_ONLY_NO_TRADE_AUTHORITY,6f242983de9dd998d697d13f956ca5935372099ce920d154d73efdb8dcdda180,2026-07-13
2026-07-13,72,C_SCREEN_FLAG_ONLY,601006.SH,大秦铁路,SH,SH_MAIN,ACTIVE,,DEFENSIVE_STABILITY,DEFENSIVE_STABILITY,1,20,0.525,0.92529361,0.64508808,0.0,0.64508808,WITHIN_SLEEVE_RANK_PERCENTILE_PLUS_RAW_SCORE,ELIGIBLE_CORE,VALID,A,0,488043675.65,-0.05295315682281054,-0.08823529411764697,-0.0662650602409639,-0.2451298701298701,-0.2835130970724191,0.18131893411449962,-0.16791044776119413,f571ab4640d0336ce7e6c269e4abb76c0ea0617db4bdedeff3ed5c6090712f81,PUBLIC_EQUITY_INVESTING_IDEA_GENERATION,RESEARCH_PRIORITY_ONLY_NO_TRADE_AUTHORITY,a617fe8916959b5aa145130a81b856250b4adc31ccebc47399e2e83e2a7c58ab,2026-07-13
2026-07-13,73,C_SCREEN_FLAG_ONLY,300666.SZ,江丰电子,SZ,CHINEXT,ACTIVE,C 制造业,LIQUID_BREAKOUT,LIQUID_BREAKOUT,1,20,0.525,0.91625033,0.6423751,0.0,0.6423751,WITHIN_SLEEVE_RANK_PERCENTILE_PLUS_RAW_SCORE,ELIGIBLE_CORE,VALID,A,0,8052806887.35,0.1614856976065382,0.9700476514635805,2.467378281232981,3.3722016206565026,-0.19270661628585195,0.9960881671190562,-0.22874531259605335,2e04c96edd9396ae9ff6958451ab1d9f9fce74a91ac7fe25b5c4680f23d84b9e,PUBLIC_EQUITY_INVESTING_IDEA_GENERATION,RESEARCH_PRIORITY_ONLY_NO_TRADE_AUTHORITY,97cb2bc162cab0f8f60dd345184e12a9a552ccfd39487e8b747014a9d0539b73,2026-07-13
2026-07-13,74,C_SCREEN_FLAG_ONLY,300522.SZ,世名科技,SZ,CHINEXT,ACTIVE,C 制造业,RECOVERY_WATCH,RECOVERY_WATCH,1,15,0.53333333,0.85042661,0.62846132,0.0,0.62846132,WITHIN_SLEEVE_RANK_PERCENTILE_PLUS_RAW_SCORE,ELIGIBLE_CORE,VALID,A,0,732788048.65,0.34665508253692434,0.20622568093385207,0.21188428459734165,0.12400290065264685,-0.3809904153354632,1.0625203344271936,-0.3809904153354632,a716802552f62e2987cd860ed0a72d17034413775c9ce4cd6d61ca916a0c0ada,PUBLIC_EQUITY_INVESTING_IDEA_GENERATION,RESEARCH_PRIORITY_ONLY_NO_TRADE_AUTHORITY,a64bf6351d5894fb141c27c3589fa1314b963a785af93d94e02c4c043ad12b56,2026-07-13
2026-07-13,75,C_SCREEN_FLAG_ONLY,605389.SH,长龄液压,SH,SH_MAIN,ACTIVE,,TREND_PERSISTENCE,TREND_PERSISTENCE,1,21,0.5,0.92481504,0.62744451,0.0,0.62744451,WITHIN_SLEEVE_RANK_PERCENTILE_PLUS_RAW_SCORE,ELIGIBLE_CORE,VALID,A,0,224250608.35,-0.0092592592592593,0.4839416058394159,0.343244136108358,1.9678832116788318,-0.18590449494443895,0.6155659697379736,-0.20528868721639804,dc70ac41b2a17523f0d39aea57a97ac0603ddc7c63c0fb981060f520f5ccd9b4,PUBLIC_EQUITY_INVESTING_IDEA_GENERATION,RESEARCH_PRIORITY_ONLY_NO_TRADE_AUTHORITY,6621658dfa7ee9f7e97d0957324089d1fd4555453f2b4a39a0a0198f7a7f2543,2026-07-13
2026-07-13,76,C_SCREEN_FLAG_ONLY,000333.SZ,美的集团,SZ,SZ_MAIN,ACTIVE,C 制造业,DEFENSIVE_STABILITY,DEFENSIVE_STABILITY,1,21,0.5,0.92385447,0.62715634,0.0,0.62715634,WITHIN_SLEEVE_RANK_PERCENTILE_PLUS_RAW_SCORE,ELIGIBLE_CORE,VALID,A,0,3369070456.5,0.0139992432841467,0.10257816785518381,0.05803395183576798,0.17784939935540578,-0.011191735333907271,0.2153860891945894,-0.10386221294363251,d5c538312766d231faeaaed833192d116493b76aa5e36a41fe4d69cd9e4e7c8f,PUBLIC_EQUITY_INVESTING_IDEA_GENERATION,RESEARCH_PRIORITY_ONLY_NO_TRADE_AUTHORITY,62537fdee74a0f69d6b59ece7e11504fe469feffb0ebc1b42d1cbc23ffc53bf9,2026-07-13
2026-07-13,77,C_SCREEN_FLAG_ONLY,603650.SH,彤程新材,SH,SH_MAIN,ACTIVE,,LIQUID_BREAKOUT,LIQUID_BREAKOUT,1,21,0.5,0.91621416,0.62486425,0.0,0.62486425,WITHIN_SLEEVE_RANK_PERCENTILE_PLUS_RAW_SCORE,ELIGIBLE_CORE,VALID,A,0,3105221054.1,0.3397274103987886,0.5200458190148911,0.39488437281009126,1.466542750929368,-0.18738518064911203,0.7457032584614897,-0.2534149788035799,74601460fe2d30e062a8b767c57d46d85b00484024bd5d50173b013c931db479,PUBLIC_EQUITY_INVESTING_IDEA_GENERATION,RESEARCH_PRIORITY_ONLY_NO_TRADE_AUTHORITY,7651748d6ab12ef68b920f9926e9d3b95883766d924e0e4405e1aa0723d24452,2026-07-13
2026-07-13,78,C_SCREEN_FLAG_ONLY,603139.SH,康惠股份,SH,SH_MAIN,ACTIVE,,TREND_PERSISTENCE,TREND_PERSISTENCE,1,22,0.475,0.92429284,0.60978785,0.0,0.60978785,WITHIN_SLEEVE_RANK_PERCENTILE_PLUS_RAW_SCORE,ELIGIBLE_CORE,VALID,A,0,246185486.15,0.07182017543859653,0.37337548296452416,0.8816169393647737,0.8160705991639572,-0.13514709135147085,0.6133541205089603,-0.14250614250614246,c4c49364d1206a5930decbe997f54f12eedd5c095eb00227fa528b8aeb697667,PUBLIC_EQUITY_INVESTING_IDEA_GENERATION,RESEARCH_PRIORITY_ONLY_NO_TRADE_AUTHORITY,79bb283054c8e5524ac55cbd066c979118253bf34d2c54568695efc72aa6abba,2026-07-13
2026-07-13,79,C_SCREEN_FLAG_ONLY,601328.SH,交通银行,SH,SH_MAIN,ACTIVE,,DEFENSIVE_STABILITY,DEFENSIVE_STABILITY,1,22,0.475,0.92048001,0.608644,0.0,0.608644,WITHIN_SLEEVE_RANK_PERCENTILE_PLUS_RAW_SCORE,ELIGIBLE_CORE,VALID,A,0,1399146603.5,-0.027298850574712707,0.005943536404160454,-0.01741654571843254,-0.1241914618369988,-0.13647959183673475,0.19407093640711873,-0.09913793103448276,a92a08a8f7b866adbf4cfafc11e65d06d53c76ec1589ba1e178f8e8060d54463,PUBLIC_EQUITY_INVESTING_IDEA_GENERATION,RESEARCH_PRIORITY_ONLY_NO_TRADE_AUTHORITY,9598dc87a9686ffae3da2ae1e696422ffcfba7d23e9ff485a5b8a8857b72c6bf,2026-07-13
2026-07-13,80,C_SCREEN_FLAG_ONLY,603991.SH,领先股份,SH,SH_MAIN,ACTIVE,,LIQUID_BREAKOUT,LIQUID_BREAKOUT,1,22,0.475,0.91619781,0.60735934,0.0,0.60735934,WITHIN_SLEEVE_RANK_PERCENTILE_PLUS_RAW_SCORE,ELIGIBLE_CORE,VALID,A,0,1027824201.5,0.26470828233374144,0.4674304109070253,0.9949800489123442,1.3914519364295632,-0.07224949120076618,0.6916452910730317,-0.20890277235454913,a87ead84c66a466b9f7e19b07b6117fca493eceeb540533080b28b45f59d1097,PUBLIC_EQUITY_INVESTING_IDEA_GENERATION,RESEARCH_PRIORITY_ONLY_NO_TRADE_AUTHORITY,b2b897b1da5dcf018efab2e5c4ac8f6163360d99e3e4ac0da3a6959530599cc4,2026-07-13
2026-07-13,81,C_SCREEN_FLAG_ONLY,000779.SZ,甘咨询,SZ,SZ_MAIN,ACTIVE,M 科研服务,RECOVERY_WATCH,RECOVERY_WATCH,1,16,0.5,0.84997595,0.60499279,0.0,0.60499279,WITHIN_SLEEVE_RANK_PERCENTILE_PLUS_RAW_SCORE,ELIGIBLE_CORE,VALID,A,0,234449835.4,0.4065359477124182,0.21171171171171155,0.276393831553974,0.17211328976034856,-0.0009285051067781103,0.36707779320982165,-0.3259052924791086,72c8b0f346d8ee585f29f98b6696938e8788be13dc6be22a15aa3980b125d363,PUBLIC_EQUITY_INVESTING_IDEA_GENERATION,RESEARCH_PRIORITY_ONLY_NO_TRADE_AUTHORITY,5c97690f5d32512e49d431e193a1eb3f00531d410cfacd8206b85af5b4f2ae1a,2026-07-13
2026-07-13,82,C_SCREEN_FLAG_ONLY,301228.SZ,实朴检测,SZ,CHINEXT,ACTIVE,M 科研服务,TREND_PERSISTENCE,TREND_PERSISTENCE,1,23,0.45,0.92266052,0.59179816,0.0,0.59179816,WITHIN_SLEEVE_RANK_PERCENTILE_PLUS_RAW_SCORE,ELIGIBLE_CORE,VALID,A,0,273716397.5,-0.15934426229508203,0.19544945915703082,0.6372924648786717,1.3917910447761193,-0.23907882241215572,0.7269117476468236,-0.23907882241215572,b38369ccc46f02fafd241ea675a67a6e1586b0fee4035a8b715662caacd41c0e,PUBLIC_EQUITY_INVESTING_IDEA_GENERATION,RESEARCH_PRIORITY_ONLY_NO_TRADE_AUTHORITY,d4aec313793e0a9e101031ae4d0d468e8aa7b42d13a0f0b10553cb64100f1bac,2026-07-13
2026-07-13,83,C_SCREEN_FLAG_ONLY,601939.SH,建设银行,SH,SH_MAIN,ACTIVE,,DEFENSIVE_STABILITY,DEFENSIVE_STABILITY,1,23,0.45,0.92007221,0.59102166,0.0,0.59102166,WITHIN_SLEEVE_RANK_PERCENTILE_PLUS_RAW_SCORE,ELIGIBLE_CORE,VALID,A,0,1161570488.6,-0.028625954198473358,0.11014176663031616,0.14639639639639634,0.09227467811158796,-0.028625954198473358,0.21774650067509038,-0.11259541984732824,bab3cb98847e022f24686a105f86e495003f0abb2b1beb7a038e941b2ffbcd62,PUBLIC_EQUITY_INVESTING_IDEA_GENERATION,RESEARCH_PRIORITY_ONLY_NO_TRADE_AUTHORITY,f91b9a613653bb5ae3c477af3a1b285dbe4ed086536c65a73f47f2a3e0b221ad,2026-07-13
2026-07-13,84,C_SCREEN_FLAG_ONLY,600999.SH,招商证券,SH,SH_MAIN,ACTIVE,,LIQUID_BREAKOUT,LIQUID_BREAKOUT,1,23,0.45,0.91533826,0.58960148,0.0,0.58960148,WITHIN_SLEEVE_RANK_PERCENTILE_PLUS_RAW_SCORE,ELIGIBLE_CORE,VALID,A,0,3270367760.05,0.15655690352397467,0.28498074454428757,0.18813056379821935,0.2067510548523206,-0.10824053452115812,0.39305356443302547,-0.13250883392226143,66e73522615889de3dd5e96be73e8495d446fb427bc40d9f1649a8527cda952f,PUBLIC_EQUITY_INVESTING_IDEA_GENERATION,RESEARCH_PRIORITY_ONLY_NO_TRADE_AUTHORITY,6f192a6f56e2266a6fb76b5c1a8181ac85549cdb82fe779e18f4ef234593d0f8,2026-07-13
2026-07-13,85,C_SCREEN_FLAG_ONLY,601211.SH,国泰海通,SH,SH_MAIN,ACTIVE,,RECOVERY_WATCH,RECOVERY_WATCH,1,17,0.46666667,0.84277656,0.57949964,0.0,0.57949964,WITHIN_SLEEVE_RANK_PERCENTILE_PLUS_RAW_SCORE,ELIGIBLE_CORE,VALID,A,0,3193204886.15,0.05767012687427919,0.0910172516359311,-0.11229428848015488,-0.008112493239588847,-0.16102470265324798,0.29609380749019065,-0.2923892100192679,3546c9daa07f532b97ea02e7ff6d6d0d9186ae0827401eea9dab4278475b5915,PUBLIC_EQUITY_INVESTING_IDEA_GENERATION,RESEARCH_PRIORITY_ONLY_NO_TRADE_AUTHORITY,717605486d2afd3670092eb7d41a1d8deeeb5a2ddd2fa8dddec6c0feac92f230,2026-07-13
2026-07-13,86,C_SCREEN_FLAG_ONLY,301295.SZ,美硕科技,SZ,CHINEXT,ACTIVE,C 制造业,TREND_PERSISTENCE,TREND_PERSISTENCE,1,24,0.425,0.92255986,0.57426796,0.0,0.57426796,WITHIN_SLEEVE_RANK_PERCENTILE_PLUS_RAW_SCORE,ELIGIBLE_CORE,VALID,A,0,103107810.2,0.07653397844732801,0.3433040614709113,0.5075454265475825,1.0549958018471872,-0.06974534397567456,0.5982886882855782,-0.23926263778031165,88659011a415bd52d450ad2463f34f08c3852c15ef591ee2d5241b2a7bf0a9b8,PUBLIC_EQUITY_INVESTING_IDEA_GENERATION,RESEARCH_PRIORITY_ONLY_NO_TRADE_AUTHORITY,393a564a5ae3eef706024cbb9f096f693cf4d0966b24bdd6c1961b04d281c1bf,2026-07-13
2026-07-13,87,C_SCREEN_FLAG_ONLY,601166.SH,兴业银行,SH,SH_MAIN,ACTIVE,,DEFENSIVE_STABILITY,DEFENSIVE_STABILITY,1,24,0.425,0.9168981,0.57256943,0.0,0.57256943,WITHIN_SLEEVE_RANK_PERCENTILE_PLUS_RAW_SCORE,ELIGIBLE_CORE,VALID,A,0,1694329291.55,-0.06125738850080609,-0.03320420586607642,-0.11274758760792292,-0.21483146067415737,-0.2647306397306398,0.1844683502598121,-0.16574307304785907,7fc4eb03aa5efbf714a482f19bae1fffc3fc8c5d86d118358d75f5cdeb96b28d,PUBLIC_EQUITY_INVESTING_IDEA_GENERATION,RESEARCH_PRIORITY_ONLY_NO_TRADE_AUTHORITY,1e43024477022c9f550017a65df77682f67695212fad035b1aa5efe797ee9aaf,2026-07-13
2026-07-13,88,C_SCREEN_FLAG_ONLY,002841.SZ,视源股份,SZ,SZ_MAIN,ACTIVE,C 制造业,LIQUID_BREAKOUT,LIQUID_BREAKOUT,1,24,0.425,0.91438894,0.57181668,0.0,0.57181668,WITHIN_SLEEVE_RANK_PERCENTILE_PLUS_RAW_SCORE,ELIGIBLE_CORE,VALID,A,0,588416219.05,0.49985272459499264,0.5209080047789727,0.283266129032258,0.5096353394604212,-0.029170638703527207,0.5075446986134312,-0.24268585131894493,009bf3036be1ee55cf65e7a9f926c41b0b894c99c722eb98fa5d73b3001e9c11,PUBLIC_EQUITY_INVESTING_IDEA_GENERATION,RESEARCH_PRIORITY_ONLY_NO_TRADE_AUTHORITY,cd8e6e2aee34e6424b57d3c5a9b8d785656ec0cb74a427108a36cc7f702fe544,2026-07-13
2026-07-13,89,C_SCREEN_FLAG_ONLY,002350.SZ,北京科锐,SZ,SZ_MAIN,ACTIVE,C 制造业,TREND_PERSISTENCE,TREND_PERSISTENCE,1,25,0.4,0.92127586,0.55638276,0.0,0.55638276,WITHIN_SLEEVE_RANK_PERCENTILE_PLUS_RAW_SCORE,ELIGIBLE_CORE,VALID,A,0,253343255.6,0.0516399162595953,0.08808664259927812,0.6989853438556934,1.1904069767441863,-0.14472190692395004,0.5899393156638405,-0.24404086265607272,c10013b1bf4fcec3742b0345f296bf78f70aaf014f09dff74ecf50c3131735c9,PUBLIC_EQUITY_INVESTING_IDEA_GENERATION,RESEARCH_PRIORITY_ONLY_NO_TRADE_AUTHORITY,df45b093d4e73199f4dab36fb95f221f80e9c2f64728d2d6559f19121b35802b,2026-07-13
2026-07-13,90,C_SCREEN_FLAG_ONLY,600177.SH,雅戈尔,SH,SH_MAIN,ACTIVE,,DEFENSIVE_STABILITY,DEFENSIVE_STABILITY,1,25,0.4,0.91635035,0.55490511,0.0,0.55490511,WITHIN_SLEEVE_RANK_PERCENTILE_PLUS_RAW_SCORE,ELIGIBLE_CORE,VALID,A,0,182611635.0,0.025299600532623145,0.1031518624641834,0.0620689655172415,0.12081513828238721,-0.016602809706257937,0.19844966147007062,-0.08179419525065967,d44c83a64c1ec7c86bd49085fe2efb4949cbcc4fd98c8dd97cd5af8402eabd96,PUBLIC_EQUITY_INVESTING_IDEA_GENERATION,RESEARCH_PRIORITY_ONLY_NO_TRADE_AUTHORITY,044c4b8e93275362848271b1e6bff30416c361b35520235567ed9763a92b1cfc,2026-07-13
2026-07-13,91,C_SCREEN_FLAG_ONLY,688266.SH,泽璟制药,SH,STAR,ACTIVE,,RECOVERY_WATCH,RECOVERY_WATCH,1,18,0.43333333,0.83658692,0.55430941,0.0,0.55430941,WITHIN_SLEEVE_RANK_PERCENTILE_PLUS_RAW_SCORE,ELIGIBLE_CORE,VALID,A,0,1094028390.0,0.5563092161929373,0.46766169154228865,0.46305668016194357,0.24881209503239754,-0.003103448275861953,0.6251003669153101,-0.2206396130072561,edb905d455cb14733fd7d8e80354a0a0bd7d58a70196c05158b89e32b4b6d6be,PUBLIC_EQUITY_INVESTING_IDEA_GENERATION,RESEARCH_PRIORITY_ONLY_NO_TRADE_AUTHORITY,6bce4200d15bb68bf4b23fe1d2e42c1868687277b6346733cba71a43d123ca13,2026-07-13
2026-07-13,92,C_SCREEN_FLAG_ONLY,688432.SH,有研硅,SH,STAR,ACTIVE,,LIQUID_BREAKOUT,LIQUID_BREAKOUT,1,25,0.4,0.91417241,0.55425172,0.0,0.55425172,WITHIN_SLEEVE_RANK_PERCENTILE_PLUS_RAW_SCORE,ELIGIBLE_CORE,VALID,A,0,2682919436.4,1.3436754176610979,2.383873190902826,2.5918068763716167,3.42741208295762,-0.13250883392226143,1.1932667242577881,-0.2551647124511446,244e3afd6ff3dcec4bd3cae5694d8ae17150becffadb723d8616565e665d2300,PUBLIC_EQUITY_INVESTING_IDEA_GENERATION,RESEARCH_PRIORITY_ONLY_NO_TRADE_AUTHORITY,3a587ef150d389164c022dc68f01b8bf5014a18fcb5d88ef39fd97ed56c8d0cd,2026-07-13
2026-07-13,93,C_SCREEN_FLAG_ONLY,001229.SZ,魅视科技,SZ,SZ_MAIN,ACTIVE,C 制造业,TREND_PERSISTENCE,TREND_PERSISTENCE,1,26,0.375,0.91863312,0.53808994,0.0,0.53808994,WITHIN_SLEEVE_RANK_PERCENTILE_PLUS_RAW_SCORE,ELIGIBLE_CORE,VALID,A,0,250403935.7,0.6740687679083095,0.801156069364162,0.5952218430034131,1.0242529233434388,-0.017241379310344862,0.6075622484741497,-0.19219219219219208,743765b342c4c6f01680b6d9f0a568a05bbf5d02272ee956c94ea409254add14,PUBLIC_EQUITY_INVESTING_IDEA_GENERATION,RESEARCH_PRIORITY_ONLY_NO_TRADE_AUTHORITY,5fcbabe0d53a09c02e492cbef7fb9d0226c8db32576a9531a063f0c0b0040eef,2026-07-13
2026-07-13,94,C_SCREEN_FLAG_ONLY,600036.SH,招商银行,SH,SH_MAIN,ACTIVE,,DEFENSIVE_STABILITY,DEFENSIVE_STABILITY,1,26,0.375,0.91626378,0.53737913,0.0,0.53737913,WITHIN_SLEEVE_RANK_PERCENTILE_PLUS_RAW_SCORE,ELIGIBLE_CORE,VALID,A,0,3478856428.1,-0.027161138678506114,-0.02179621848739488,-0.04925982644206228,-0.11813446969696972,-0.15090038750854795,0.17524299616430278,-0.1152368758002561,4f782a61d6bdfb52c8a8cae03ff1aedca03246e8294a80b6027dc9411d34d173,PUBLIC_EQUITY_INVESTING_IDEA_GENERATION,RESEARCH_PRIORITY_ONLY_NO_TRADE_AUTHORITY,267c5aa266b0689f120e67bfe9fbead0aacd6985628bbf7109fdc5bd0674ead2,2026-07-13
2026-07-13,95,C_SCREEN_FLAG_ONLY,300671.SZ,富满微,SZ,CHINEXT,ACTIVE,I 信息技术,LIQUID_BREAKOUT,LIQUID_BREAKOUT,1,26,0.375,0.91345257,0.53653577,0.0,0.53653577,WITHIN_SLEEVE_RANK_PERCENTILE_PLUS_RAW_SCORE,ELIGIBLE_CORE,VALID,A,0,2205561241.15,0.6703386372909015,0.7347457627118643,1.3969555035128804,1.4963414634146344,-0.19976544175136823,0.924593211644338,-0.3482142857142857,9c2dea618c8a37b7e4a961a170a7f3a12c30b0de3723b71e25eeac09b1eed7ff,PUBLIC_EQUITY_INVESTING_IDEA_GENERATION,RESEARCH_PRIORITY_ONLY_NO_TRADE_AUTHORITY,9dd3dbb6d42fe82c116a5e2ae0570068d0e28753882c2a3a845c1a3a3fde8dba,2026-07-13
2026-07-13,96,C_SCREEN_FLAG_ONLY,300759.SZ,康龙化成,SZ,CHINEXT,ACTIVE,M 科研服务,RECOVERY_WATCH,RECOVERY_WATCH,1,19,0.4,0.83322776,0.52996833,0.0,0.52996833,WITHIN_SLEEVE_RANK_PERCENTILE_PLUS_RAW_SCORE,ELIGIBLE_CORE,VALID,A,0,1886241895.0,0.5330634278002697,0.09300833867864,0.08604206500956013,0.39557739557739535,-0.0445752733389404,0.4505929039039222,-0.34006116207951076,7c71fdd6a065bfbc7c9abab047fcea94e7d789040afb2c3a92d4a3618bea73ec,PUBLIC_EQUITY_INVESTING_IDEA_GENERATION,RESEARCH_PRIORITY_ONLY_NO_TRADE_AUTHORITY,9e8d3804ad1f5162f9fcec7e65d28d7182ddf2e363cbd81dac6c625cf5f90217,2026-07-13
2026-07-13,97,C_SCREEN_FLAG_ONLY,688012.SH,中微公司,SH,STAR,ACTIVE,,TREND_PERSISTENCE,TREND_PERSISTENCE,1,27,0.35,0.91768512,0.52030554,0.0,0.52030554,WITHIN_SLEEVE_RANK_PERCENTILE_PLUS_RAW_SCORE,ELIGIBLE_CORE,VALID,A,0,12989818750.75,0.34443274545933145,0.8775847808105872,0.8096461313609993,2.5511906831218494,-0.1335694141097139,0.7407826816767183,-0.22559704135027725,e789f5b5c628ce870caeb46ee0d4e47422b0db8e30973478c985a0df50d7086f,PUBLIC_EQUITY_INVESTING_IDEA_GENERATION,RESEARCH_PRIORITY_ONLY_NO_TRADE_AUTHORITY,979d5fd8c850b8aad725cf2986a7311e185fa7cb1327f33bfaf23a9981d53845,2026-07-13
2026-07-13,98,C_SCREEN_FLAG_ONLY,002839.SZ,张家港行,SZ,SZ_MAIN,ACTIVE,J 金融业,DEFENSIVE_STABILITY,DEFENSIVE_STABILITY,1,27,0.35,0.91571842,0.51971553,0.0,0.51971553,WITHIN_SLEEVE_RANK_PERCENTILE_PLUS_RAW_SCORE,ELIGIBLE_CORE,VALID,A,0,92322965.0,-0.027906976744186074,-0.039080459770114984,-0.05429864253393668,-0.041284403669724856,-0.1049250535331906,0.20777457466388127,-0.1576673866090713,6c2f405be4c1098a29af0ab31ce9bc2e2b18ddad12e1fd978b2710582bdc31af,PUBLIC_EQUITY_INVESTING_IDEA_GENERATION,RESEARCH_PRIORITY_ONLY_NO_TRADE_AUTHORITY,dcaa88f6be6e227c09a07eed2097daf107a1970bc09dfb17898957821598a513,2026-07-13
2026-07-13,99,C_SCREEN_FLAG_ONLY,002745.SZ,木林森,SZ,SZ_MAIN,ACTIVE,C 制造业,LIQUID_BREAKOUT,LIQUID_BREAKOUT,1,27,0.35,0.91343688,0.51903107,0.0,0.51903107,WITHIN_SLEEVE_RANK_PERCENTILE_PLUS_RAW_SCORE,ELIGIBLE_CORE,VALID,A,0,1279102158.0,0.24034334763948495,0.38112305854241346,0.2297872340425533,0.4744897959183674,-0.09968847352024912,0.6361723693306518,-0.27064220183486243,9cc5df5d056e756bccec01bbd9d6d4da0ae5d3b4154d2b123508231a373f2b70,PUBLIC_EQUITY_INVESTING_IDEA_GENERATION,RESEARCH_PRIORITY_ONLY_NO_TRADE_AUTHORITY,b21e7f9a32306d8a51fa536e2445fd9ae1f326ac384becf611bc8367699ea9d3,2026-07-13
2026-07-13,100,C_SCREEN_FLAG_ONLY,688103.SH,国力电子,SH,STAR,ACTIVE,,RECOVERY_WATCH,RECOVERY_WATCH,1,20,0.36666667,0.82888308,0.50533159,0.0,0.50533159,WITHIN_SLEEVE_RANK_PERCENTILE_PLUS_RAW_SCORE,ELIGIBLE_CORE,VALID,A,0,451319958.45,0.6006165439287547,0.6665477888730384,0.37138664710198066,0.5744609164420484,-0.09262135922330106,0.7816451979214696,-0.27766091712242325,ce830a1c0791e6140cc1ac98771f2aad4580b7768c6dc50563e65db06f3b99ba,PUBLIC_EQUITY_INVESTING_IDEA_GENERATION,RESEARCH_PRIORITY_ONLY_NO_TRADE_AUTHORITY,8f0176d111984e5f911078663850e4c4ac0c758801567a5bdf16f9782179eaca,2026-07-13
2026-07-14,1,A_IMMEDIATE_RESEARCH,600900.SH,XD长江电,SH,SH_MAIN,ACTIVE,,DEFENSIVE_STABILITY,DEFENSIVE_STABILITY|RECOVERY_WATCH,2,1,1.0,0.94681771,0.98404531,0.02,1.00404531,WITHIN_SLEEVE_RANK_PERCENTILE_PLUS_RAW_SCORE,ELIGIBLE_CORE,VALID,A,0,3484576530.9,0.035447761194029814,0.07516466485858198,0.050340651021953065,-0.024947294448348534,-0.03645833333333337,0.15215402911415873,-0.0727537286285922,dfb97b60329d1debc15a2c0023d76186bb2c9fa08e5e85678f0734896582e70f,PUBLIC_EQUITY_INVESTING_IDEA_GENERATION,RESEARCH_PRIORITY_ONLY_NO_TRADE_AUTHORITY,75dc77ff3df435d565f88bdc58df7fd0d83e581e43e785f71ce2a98edab4fd39,2026-07-14
2026-07-14,2,A_IMMEDIATE_RESEARCH,688498.SH,源杰科技,SH,STAR,ACTIVE,,TREND_PERSISTENCE,TREND_PERSISTENCE,1,1,1.0,0.97316085,0.99194826,0.0,0.99194826,WITHIN_SLEEVE_RANK_PERCENTILE_PLUS_RAW_SCORE,ELIGIBLE_CORE,VALID,A,0,8137671045.35,0.228018677297799,1.027249368914533,2.6874795014758943,12.29465671421181,-0.04618239660657475,0.8846165285038408,-0.15683987274655353,3dde9cce308e66acf2b6696e7a4fce967f472ec471e2f795e19c0980d3800f65,PUBLIC_EQUITY_INVESTING_IDEA_GENERATION,RESEARCH_PRIORITY_ONLY_NO_TRADE_AUTHORITY,86bbe77da45b12e4ced4f9653c2244f4a7781ee6dfbd378d9c21e46cecc0bcf6,2026-07-14
2026-07-14,3,A_IMMEDIATE_RESEARCH,002185.SZ,华天科技,SZ,SZ_MAIN,ACTIVE,C 制造业,LIQUID_BREAKOUT,LIQUID_BREAKOUT,1,1,1.0,0.94905862,0.98471758,0.0,0.98471758,WITHIN_SLEEVE_RANK_PERCENTILE_PLUS_RAW_SCORE,ELIGIBLE_CORE,VALID,A,0,11686387550.7,0.49912434325744326,1.064308681672026,1.118811881188119,1.8692737430167599,0.0,0.7535151149171082,-0.25230566534914367,4d5300a349cff21b303f012a0f79e557dc4de70c0c0dd9f0c1076c15ce53b7c0,PUBLIC_EQUITY_INVESTING_IDEA_GENERATION,RESEARCH_PRIORITY_ONLY_NO_TRADE_AUTHORITY,f230f5d5701982a10f508bb1787dc8ce1e9d008a704b9f287c7323225ba583a5,2026-07-14
2026-07-14,4,A_IMMEDIATE_RESEARCH,300687.SZ,赛意信息,SZ,CHINEXT,ACTIVE,I 信息技术,RECOVERY_WATCH,RECOVERY_WATCH|LIQUID_BREAKOUT,2,1,1.0,0.88214392,0.96464317,0.02,0.98464317,WITHIN_SLEEVE_RANK_PERCENTILE_PLUS_RAW_SCORE,ELIGIBLE_CORE,VALID,A,0,924411719.35,0.19897959183673475,0.6095890410958904,0.05381165919282527,0.16647575410462,-0.13407029478458055,0.9427021092902323,-0.37142857142857144,a63790fbf39acf9a438023156264a2dc8f7091c329471a447dde6aeb6a514342,PUBLIC_EQUITY_INVESTING_IDEA_GENERATION,RESEARCH_PRIORITY_ONLY_NO_TRADE_AUTHORITY,bea2565dcdbd56bd4cbd00402ea84db9da1455fa40f396802aa853d562d9570e,2026-07-14
2026-07-14,5,A_IMMEDIATE_RESEARCH,301369.SZ,联动科技,SZ,CHINEXT,ACTIVE,C 制造业,TREND_PERSISTENCE,TREND_PERSISTENCE,1,2,0.975,0.97204064,0.97411219,0.0,0.97411219,WITHIN_SLEEVE_RANK_PERCENTILE_PLUS_RAW_SCORE,ELIGIBLE_CORE,VALID,A,0,669408641.05,0.09931892529629427,0.9029892313405126,1.1397703549060543,4.495710455764076,-0.16330612244897957,0.7685897405606474,-0.18690355329949238,aacaf2540c60bc9f23b1f83590ffde3d3461aeda311c570c2f49220a94f5ab79,PUBLIC_EQUITY_INVESTING_IDEA_GENERATION,RESEARCH_PRIORITY_ONLY_NO_TRADE_AUTHORITY,a5be6874f8c58b9f9de985bbf2fcea081adac2864740bf2d5e870fc92e5455d4,2026-07-14
2026-07-14,6,A_IMMEDIATE_RESEARCH,600584.SH,长电科技,SH,SH_MAIN,ACTIVE,,LIQUID_BREAKOUT,LIQUID_BREAKOUT,1,2,0.975,0.94516013,0.96604804,0.0,0.96604804,WITHIN_SLEEVE_RANK_PERCENTILE_PLUS_RAW_SCORE,ELIGIBLE_CORE,VALID,A,0,22473890189.65,0.3833512931034484,1.3587505741846577,1.3538849415539764,2.088721804511278,-0.03694673668417103,0.8358408546746656,-0.2721217887725975,4d725d46889878c0e930ce5dd66a2de0f625de7aebb3777d30715ac6a498bed8,PUBLIC_EQUITY_INVESTING_IDEA_GENERATION,RESEARCH_PRIORITY_ONLY_NO_TRADE_AUTHORITY,981494b7d77bd23bdce48ea4db065958a16512085f2a5daa727abef96ffabecc,2026-07-14
2026-07-14,7,A_IMMEDIATE_RESEARCH,002936.SZ,郑州银行,SZ,SZ_MAIN,ACTIVE,J 金融业,DEFENSIVE_STABILITY,DEFENSIVE_STABILITY,1,2,0.975,0.94421577,0.96576473,0.0,0.96576473,WITHIN_SLEEVE_RANK_PERCENTILE_PLUS_RAW_SCORE,ELIGIBLE_CORE,VALID,A,0,129323534.4,-0.033519553072625774,-0.0494505494505495,-0.11282051282051286,-0.16826923076923084,-0.2345132743362831,0.16427773277079077,-0.15816326530612246,80d32ab152414e918a3dbf7d0df8c2055ae3bfb9720af645fe37cd6979e200a4,PUBLIC_EQUITY_INVESTING_IDEA_GENERATION,RESEARCH_PRIORITY_ONLY_NO_TRADE_AUTHORITY,29eec85178bd2e4cb3c534f44fbf2a0eecbfc35b88d28df1e744fa48f7d4a8af,2026-07-14
2026-07-14,8,A_IMMEDIATE_RESEARCH,300558.SZ,贝达药业,SZ,CHINEXT,ACTIVE,C 制造业,RECOVERY_WATCH,RECOVERY_WATCH|LIQUID_BREAKOUT,2,2,0.96666667,0.87965524,0.94056324,0.02,0.96056324,WITHIN_SLEEVE_RANK_PERCENTILE_PLUS_RAW_SCORE,ELIGIBLE_CORE,VALID,A,0,1635753906.5,0.3083411433926897,0.5320456540825285,0.38409676779694624,0.23212709620476613,-0.06609579876906602,0.6720823782986971,-0.21615294576667965,85cfe7e429b6c179b6e41751ce43111a2552de39632dbd67fc318f2f817d180b,PUBLIC_EQUITY_INVESTING_IDEA_GENERATION,RESEARCH_PRIORITY_ONLY_NO_TRADE_AUTHORITY,b718f3716e25ace5055403ef7bc0d0d01577a11774ae2848d8574386d168e4d5,2026-07-14
2026-07-14,9,A_IMMEDIATE_RESEARCH,603268.SH,松发股份,SH,SH_MAIN,ACTIVE,,TREND_PERSISTENCE,TREND_PERSISTENCE,1,3,0.95,0.97103205,0.95630962,0.0,0.95630962,WITHIN_SLEEVE_RANK_PERCENTILE_PLUS_RAW_SCORE,ELIGIBLE_CORE,VALID,A,0,1539570189.75,0.03055555555555567,0.48467485220554796,0.8486976217440545,3.0789605197401295,-0.02700125171365564,0.5751229934522254,-0.21068572813181485,6ed77307902072593cbae8e48b85eee0d97091e16a21d877ea02a537b0ffbac7,PUBLIC_EQUITY_INVESTING_IDEA_GENERATION,RESEARCH_PRIORITY_ONLY_NO_TRADE_AUTHORITY,251ffd5730918df26d0433faacc6e4c5d5e6ad61615f7fc5952ee736e077fb62,2026-07-14
2026-07-14,10,A_IMMEDIATE_RESEARCH,601818.SH,光大银行,SH,SH_MAIN,ACTIVE,,DEFENSIVE_STABILITY,DEFENSIVE_STABILITY,1,3,0.95,0.94368786,0.94810636,0.0,0.94810636,WITHIN_SLEEVE_RANK_PERCENTILE_PLUS_RAW_SCORE,ELIGIBLE_CORE,VALID,A,0,660333805.3,-0.021943573667711602,-0.028037383177570097,-0.06865671641791049,-0.22194513715710718,-0.26066350710900466,0.15462055964379198,-0.13731343283582087,3b2cdaa41c97eb532a9953948d3d74bae3434fbd85525398c6542229897c13a4,PUBLIC_EQUITY_INVESTING_IDEA_GENERATION,RESEARCH_PRIORITY_ONLY_NO_TRADE_AUTHORITY,4b13e0a1c6d5446e8f42954287598188faebea29f77f6b823eb79065976d1b99,2026-07-14
2026-07-14,11,A_IMMEDIATE_RESEARCH,920510.BJ,丰光精密,BJ,BSE,ACTIVE,通用设备制造业,LIQUID_BREAKOUT,LIQUID_BREAKOUT,1,3,0.95,0.94115676,0.94734703,0.0,0.94734703,WITHIN_SLEEVE_RANK_PERCENTILE_PLUS_RAW_SCORE,ELIGIBLE_CORE,VALID,A,0,381398843.75,0.4175940646528882,0.8448275862068966,0.2972841901066925,0.18572695035460995,-0.18345543345543336,1.4300307542263326,-0.3418269230769231,b6d371e15f576004e8efc55bf8ba10a8daf75b2a43cbd73450a421f768425480,PUBLIC_EQUITY_INVESTING_IDEA_GENERATION,RESEARCH_PRIORITY_ONLY_NO_TRADE_AUTHORITY,216e9038c2d90fad4d5914eb91541f01ea9dccbc619e078974208c7bfeb93be8,2026-07-14
2026-07-14,12,A_IMMEDIATE_RESEARCH,002718.SZ,友邦吊顶,SZ,SZ_MAIN,ACTIVE,C 制造业,TREND_PERSISTENCE,TREND_PERSISTENCE,1,4,0.925,0.97100097,0.93880029,0.0,0.93880029,WITHIN_SLEEVE_RANK_PERCENTILE_PLUS_RAW_SCORE,ELIGIBLE_CORE,VALID,A,0,189675486.3,0.01179723502304153,0.48011325333692856,1.7771312926890968,6.392592592592593,-0.08888704456801388,0.5704950615413501,-0.3162541972391494,28ffcc981e9b7693cc0d2def2a030f154fa4989977be35ca0bebb91f6ee237e2,PUBLIC_EQUITY_INVESTING_IDEA_GENERATION,RESEARCH_PRIORITY_ONLY_NO_TRADE_AUTHORITY,df40121d0438fd9023a67d475984673581c563691a692a0a33ca0c1ab1e29b64,2026-07-14
2026-07-14,13,A_IMMEDIATE_RESEARCH,920020.BJ,泰凯英,BJ,BSE,ACTIVE,橡胶和塑料制品业,DEFENSIVE_STABILITY,DEFENSIVE_STABILITY,1,4,0.925,0.94301447,0.93040434,0.0,0.93040434,WITHIN_SLEEVE_RANK_PERCENTILE_PLUS_RAW_SCORE,ELIGIBLE_CORE,PARTIAL,B,0,18115029.7,0.1230053191489362,0.11191573403554989,-0.03375286041189929,,-0.22982216142270862,0.29164743929051185,-0.20835623969213857,a3a90d68ac5a93b9c2a10c582be0b289d7b200266d52f2df63b01650f3dc370b,PUBLIC_EQUITY_INVESTING_IDEA_GENERATION,RESEARCH_PRIORITY_ONLY_NO_TRADE_AUTHORITY,319b52bf8abbd1429b25308655d205aa0a41015abdcecc61816b87008f402aca,2026-07-14
2026-07-14,14,A_IMMEDIATE_RESEARCH,688200.SH,华峰测控,SH,STAR,ACTIVE,,LIQUID_BREAKOUT,LIQUID_BREAKOUT|TREND_PERSISTENCE,2,5,0.9,0.93249472,0.90974842,0.02,0.92974842,WITHIN_SLEEVE_RANK_PERCENTILE_PLUS_RAW_SCORE,ELIGIBLE_CORE,VALID,A,0,3008303983.15,0.6812080536912752,1.5985477178423233,2.3176610820475467,4.301026346418368,-0.07734806629834257,0.8723637619183887,-0.21871896722939432,63ef80e05efac2c63a6d84334542889e598750f60d3497267a42bad6afcc2ae0,PUBLIC_EQUITY_INVESTING_IDEA_GENERATION,RESEARCH_PRIORITY_ONLY_NO_TRADE_AUTHORITY,ca465b480362b90cea62408768e800bd546ea909deb0df3e6370d4c31501851f,2026-07-14
2026-07-14,15,A_IMMEDIATE_RESEARCH,920015.BJ,锦华新材,BJ,BSE,ACTIVE,化学原料和化学制品制造业,LIQUID_BREAKOUT,LIQUID_BREAKOUT,1,4,0.925,0.93535294,0.92810588,0.0,0.92810588,WITHIN_SLEEVE_RANK_PERCENTILE_PLUS_RAW_SCORE,ELIGIBLE_CORE,PARTIAL,B,0,261292784.65,0.3403846153846155,0.7685866531337227,0.24353256021409475,,0.0,0.753190080401847,-0.3661527680448493,1ce0bf078f9cb8266a623cc9b17ee6627f4163d2f90a7b79b49f98a3209d360f,PUBLIC_EQUITY_INVESTING_IDEA_GENERATION,RESEARCH_PRIORITY_ONLY_NO_TRADE_AUTHORITY,287732254b998710b1f38b906a138a58402f3ef0a678f30b09e1725c42e88f82,2026-07-14
2026-07-14,16,A_IMMEDIATE_RESEARCH,002768.SZ,国恩股份,SZ,SZ_MAIN,ACTIVE,C 制造业,TREND_PERSISTENCE,TREND_PERSISTENCE|LIQUID_BREAKOUT,2,6,0.875,0.96403124,0.90170937,0.02,0.92170937,WITHIN_SLEEVE_RANK_PERCENTILE_PLUS_RAW_SCORE,ELIGIBLE_CORE,VALID,A,0,824214387.9,0.1037239227919673,0.6858248957712925,0.40089086859688217,2.1484983314794213,-0.056657223796033995,0.5202418339225358,-0.2451756556160316,4314c0a0be171651a28139614dca3b8c856b6844eec3f34a620c741bf5cb5683,PUBLIC_EQUITY_INVESTING_IDEA_GENERATION,RESEARCH_PRIORITY_ONLY_NO_TRADE_AUTHORITY,1018c48b7117a9f6d97d24bf7b3ce13bdb4c7886759c78b02fb2d4b0ade5e9f3,2026-07-14
2026-07-14,17,A_IMMEDIATE_RESEARCH,300308.SZ,中际旭创,SZ,CHINEXT,ACTIVE,C 制造业,TREND_PERSISTENCE,TREND_PERSISTENCE,1,5,0.9,0.96454269,0.91936281,0.0,0.91936281,WITHIN_SLEEVE_RANK_PERCENTILE_PLUS_RAW_SCORE,ELIGIBLE_CORE,VALID,A,0,38300382313.75,-0.04895582329317272,0.5198444279002901,1.002553824817765,7.541696724859326,-0.14343897622130752,0.6310232356502596,-0.20859707884513823,927b9acccab134ff9304fb408a88a088354caa6a161287e010c602968743d4b4,PUBLIC_EQUITY_INVESTING_IDEA_GENERATION,RESEARCH_PRIORITY_ONLY_NO_TRADE_AUTHORITY,8f6df37b47ebe08300e5191673abbf828850b14bc91004e6f21ff66c52577506,2026-07-14
2026-07-14,18,A_IMMEDIATE_RESEARCH,603928.SH,兴业股份,SH,SH_MAIN,ACTIVE,,RECOVERY_WATCH,RECOVERY_WATCH,1,3,0.93333333,0.87682012,0.91637937,0.0,0.91637937,WITHIN_SLEEVE_RANK_PERCENTILE_PLUS_RAW_SCORE,ELIGIBLE_CORE,VALID,A,0,544646353.9,0.29177268871925377,0.35618878005342824,0.1442524417731028,-0.08418520745640401,-0.1898936170212766,0.7393586538341942,-0.2174236783320923,80f505d67a3a5b017655bd85cc68114032910d3d16acff8a31e9c84a26c8526d,PUBLIC_EQUITY_INVESTING_IDEA_GENERATION,RESEARCH_PRIORITY_ONLY_NO_TRADE_AUTHORITY,e0cc692949e7ac680e42c99d7b2c07135832e2bc1c9c703065e0aa3b10600471,2026-07-14
2026-07-14,19,A_IMMEDIATE_RESEARCH,000538.SZ,云南白药,SZ,SZ_MAIN,ACTIVE,C 制造业,DEFENSIVE_STABILITY,DEFENSIVE_STABILITY,1,5,0.9,0.94193775,0.91258132,0.0,0.91258132,WITHIN_SLEEVE_RANK_PERCENTILE_PLUS_RAW_SCORE,ELIGIBLE_CORE,VALID,A,0,472439628.7,-0.001994017946161497,-0.07503234152652005,-0.09411764705882353,-0.05601659751037358,-0.12911084043848964,0.17045989795208286,-0.15573917729477282,cf96b453cea719e878159b553533b2475db7f677d082eae7a833a05aacda2f8a,PUBLIC_EQUITY_INVESTING_IDEA_GENERATION,RESEARCH_PRIORITY_ONLY_NO_TRADE_AUTHORITY,c5c86a6ac33ad84890e7b5e94a4eb1da4212da093b212810e5be4a8e0534f721,2026-07-14
2026-07-14,20,A_IMMEDIATE_RESEARCH,601229.SH,上海银行,SH,SH_MAIN,ACTIVE,,DEFENSIVE_STABILITY,DEFENSIVE_STABILITY,1,6,0.875,0.93632693,0.89339808,0.0,0.89339808,WITHIN_SLEEVE_RANK_PERCENTILE_PLUS_RAW_SCORE,ELIGIBLE_CORE,VALID,A,0,445037527.5,-0.015250544662309462,-0.06321243523316078,-0.08036622583926767,-0.13409961685823757,-0.16451016635859528,0.18777865407927785,-0.11967545638945232,d3d65b12bc2adea2736d047edc0d3cb10a0beb13f72bf75fed024d72fbd0de22,PUBLIC_EQUITY_INVESTING_IDEA_GENERATION,RESEARCH_PRIORITY_ONLY_NO_TRADE_AUTHORITY,9e96fca0e0aff4d41b74cef911359781b3543ffc739f3cd1df3773e842ba0d79,2026-07-14
2026-07-14,21,B_WATCH_OR_TRIGGER,000938.SZ,紫光股份,SZ,SZ_MAIN,ACTIVE,C 制造业,LIQUID_BREAKOUT,LIQUID_BREAKOUT,1,6,0.875,0.93121896,0.89186569,0.0,0.89186569,WITHIN_SLEEVE_RANK_PERCENTILE_PLUS_RAW_SCORE,ELIGIBLE_CORE,VALID,A,0,8451332158.1,0.3965256797583081,0.3491426486683691,0.3731897512068325,0.577645051194539,-0.03722988804998695,0.6703067183582996,-0.23972188633615477,79ca96721c5cddd548051af063fc92d085c479162d560adb7c36847032a6b756,PUBLIC_EQUITY_INVESTING_IDEA_GENERATION,RESEARCH_PRIORITY_ONLY_NO_TRADE_AUTHORITY,32ca6764f01474ba0f918b3623c7c6100d4c13044ed19abc869cd8e50163d0ed,2026-07-14
2026-07-14,22,B_WATCH_OR_TRIGGER,603223.SH,恒通股份,SH,SH_MAIN,ACTIVE,,RECOVERY_WATCH,RECOVERY_WATCH,1,4,0.9,0.86810746,0.89043224,0.0,0.89043224,WITHIN_SLEEVE_RANK_PERCENTILE_PLUS_RAW_SCORE,ELIGIBLE_CORE,VALID,A,0,368029087.75,0.3038906414300737,0.4779499404052443,0.3177470775770457,0.17535545023696675,-0.13888888888888884,0.6267156846799306,-0.22953904045155227,57469edf6bdaae78eef79c370b929f53229a87732d369169dc04ad53f77d899b,PUBLIC_EQUITY_INVESTING_IDEA_GENERATION,RESEARCH_PRIORITY_ONLY_NO_TRADE_AUTHORITY,2e15d6d54d3e50b1869be3ee264f088fbd71230476f0b6c4e4a2bb3b7d8b4811,2026-07-14
2026-07-14,23,B_WATCH_OR_TRIGGER,002507.SZ,涪陵榨菜,SZ,SZ_MAIN,ACTIVE,C 制造业,DEFENSIVE_STABILITY,DEFENSIVE_STABILITY,1,7,0.85,0.93558528,0.87567558,0.0,0.87567558,WITHIN_SLEEVE_RANK_PERCENTILE_PLUS_RAW_SCORE,ELIGIBLE_CORE,VALID,A,0,102153929.7,-0.04414261460101865,-0.07477403451109288,-0.12168486739469586,-0.09266720386784855,-0.15907393577296491,0.189736382050077,-0.18796992481203012,38da6eff89ac967f505d45a648f5ed4473e743445dec826598de7f50428b4aa8,PUBLIC_EQUITY_INVESTING_IDEA_GENERATION,RESEARCH_PRIORITY_ONLY_NO_TRADE_AUTHORITY,96eef9be3013fe1f9c0bff61b88c8fe664579fb1ead0c163e2d24deb2c8a62a8,2026-07-14
2026-07-14,24,B_WATCH_OR_TRIGGER,603823.SH,百合花,SH,SH_MAIN,ACTIVE,,LIQUID_BREAKOUT,LIQUID_BREAKOUT,1,7,0.85,0.9307611,0.87422833,0.0,0.87422833,WITHIN_SLEEVE_RANK_PERCENTILE_PLUS_RAW_SCORE,ELIGIBLE_CORE,VALID,A,0,1379997325.05,0.5057757644394112,3.4114134041141346,3.009650180940893,3.464741437206179,-0.08240165631469976,0.7968669250346102,-0.2460438999489536,05f24567912bf02fa14b268cef83cb02894ece811fdc39fc18ea562c0062ca20,PUBLIC_EQUITY_INVESTING_IDEA_GENERATION,RESEARCH_PRIORITY_ONLY_NO_TRADE_AUTHORITY,8d5457135dc0a11876cecd584e2c78b93e2bf9700fe5af1ef5d6099b54c1c27d,2026-07-14
2026-07-14,25,B_WATCH_OR_TRIGGER,002174.SZ,游族网络,SZ,SZ_MAIN,ACTIVE,I 信息技术,RECOVERY_WATCH,RECOVERY_WATCH,1,5,0.86666667,0.86777312,0.8669986,0.0,0.8669986,WITHIN_SLEEVE_RANK_PERCENTILE_PLUS_RAW_SCORE,ELIGIBLE_CORE,VALID,A,0,612501706.8,0.13615870153291243,0.3179916317991631,-0.07556859867938381,0.04912572855953368,-0.27209705372616977,0.5644132426389027,-0.3353071798667653,9f6fc6697bc7daa40b79de1d2988815775dab47ac4eadd72a05f37c85d50bc67,PUBLIC_EQUITY_INVESTING_IDEA_GENERATION,RESEARCH_PRIORITY_ONLY_NO_TRADE_AUTHORITY,40782906f9b4af9d0d7f654db9e85a6fe1e40f78d2eb314e5e4312472fc55a10,2026-07-14
2026-07-14,26,B_WATCH_OR_TRIGGER,002371.SZ,北方华创,SZ,SZ_MAIN,ACTIVE,C 制造业,TREND_PERSISTENCE,TREND_PERSISTENCE,1,8,0.825,0.95611352,0.86433406,0.0,0.86433406,WITHIN_SLEEVE_RANK_PERCENTILE_PLUS_RAW_SCORE,ELIGIBLE_CORE,VALID,A,0,10864657597.6,0.135856807511737,0.631371557409866,0.544076585560431,1.3989836390679224,-0.1715444457523193,0.6187654160233144,-0.19050075466651384,fd1fa9091d15e6764eb10f21700cf52894c454ed6107dd6ddc3f94aa3882fd91,PUBLIC_EQUITY_INVESTING_IDEA_GENERATION,RESEARCH_PRIORITY_ONLY_NO_TRADE_AUTHORITY,9286327bf2a6114827757ac560e716a0fc25e401d42ee64ef35f3b0042fb0aec,2026-07-14
2026-07-14,27,B_WATCH_OR_TRIGGER,000598.SZ,兴蓉环境,SZ,SZ_MAIN,ACTIVE,D 水电煤气,DEFENSIVE_STABILITY,DEFENSIVE_STABILITY,1,8,0.825,0.93213801,0.8571414,0.0,0.8571414,WITHIN_SLEEVE_RANK_PERCENTILE_PLUS_RAW_SCORE,ELIGIBLE_CORE,VALID,A,0,163584877.9,0.004444444444444473,0.051162790697674376,-0.011661807580174988,-0.028653295128939882,-0.0775510204081632,0.20869619747616439,-0.13043478260869557,c25a97642b302455544a82822005d31ea4d62b8f0cdb31e9504449e6b67b4548,PUBLIC_EQUITY_INVESTING_IDEA_GENERATION,RESEARCH_PRIORITY_ONLY_NO_TRADE_AUTHORITY,5d7b5ca1539e19e4b8b187d0662782a639548e704682b34fbb53aedbe2f95381,2026-07-14
2026-07-14,28,B_WATCH_OR_TRIGGER,603065.SH,宿迁联盛,SH,SH_MAIN,ACTIVE,,LIQUID_BREAKOUT,LIQUID_BREAKOUT,1,8,0.825,0.93065139,0.85669542,0.0,0.85669542,WITHIN_SLEEVE_RANK_PERCENTILE_PLUS_RAW_SCORE,ELIGIBLE_CORE,VALID,A,0,999310152.7,0.7567164179104477,1.9535759096612297,1.8124253285543608,1.4218106995884772,0.0,0.7888447834970465,-0.22468354430379756,4ba94e59697d42333000443dfe135c9ba52bd5a796c879d8d5daeb17ed7b9596,PUBLIC_EQUITY_INVESTING_IDEA_GENERATION,RESEARCH_PRIORITY_ONLY_NO_TRADE_AUTHORITY,cf6248c7cc4c82652ef16bc8475ac0125cf554bc4e326566d9823f0d58110ad4,2026-07-14
2026-07-14,29,B_WATCH_OR_TRIGGER,002937.SZ,兴瑞科技,SZ,SZ_MAIN,ACTIVE,C 制造业,TREND_PERSISTENCE,TREND_PERSISTENCE,1,9,0.8,0.95425457,0.84627637,0.0,0.84627637,WITHIN_SLEEVE_RANK_PERCENTILE_PLUS_RAW_SCORE,ELIGIBLE_CORE,VALID,A,0,526158618.4,0.018802572983671384,0.3339812115322318,0.6618240516545599,1.5388409371146734,-0.09831399167943955,0.4869112053261394,-0.18780831571529244,c2db2899b84f36804da189b38b2ab368c5211f452b849ef4d24677ae4e5beda5,PUBLIC_EQUITY_INVESTING_IDEA_GENERATION,RESEARCH_PRIORITY_ONLY_NO_TRADE_AUTHORITY,31fe48657a4399d892544da4f526a4824c0f9fb1017bfdc307f90f2388f6b463,2026-07-14
2026-07-14,30,B_WATCH_OR_TRIGGER,301269.SZ,华大九天,SZ,CHINEXT,ACTIVE,I 信息技术,RECOVERY_WATCH,RECOVERY_WATCH,1,6,0.83333333,0.86746882,0.84357398,0.0,0.84357398,WITHIN_SLEEVE_RANK_PERCENTILE_PLUS_RAW_SCORE,ELIGIBLE_CORE,VALID,A,0,2453251622.1,0.14894244958189873,0.3717406624383368,0.013010668748373755,-0.0197246936377371,-0.1411236946609794,0.8441928010502188,-0.3102596849723286,8744b8cf6ac535128b678507cc68ccd925a5568168569ac88b97e2ce64c4c9e8,PUBLIC_EQUITY_INVESTING_IDEA_GENERATION,RESEARCH_PRIORITY_ONLY_NO_TRADE_AUTHORITY,ab8b993567a00ee3890a3f2b6d69cd24c51166125433cbe7640a2d3f3cb67436,2026-07-14
2026-07-14,31,B_WATCH_OR_TRIGGER,000088.SZ,盐 田 港,SZ,SZ_MAIN,ACTIVE,G 运输仓储,DEFENSIVE_STABILITY,DEFENSIVE_STABILITY,1,9,0.8,0.93174311,0.83952293,0.0,0.83952293,WITHIN_SLEEVE_RANK_PERCENTILE_PLUS_RAW_SCORE,ELIGIBLE_CORE,VALID,A,0,69101633.3,-0.006944444444444531,-0.04454342984409798,-0.02941176470588236,-0.01830663615560646,-0.0633187772925764,0.16108800691932487,-0.10917030567685593,5cc514d84e84b6e4b5beea942c9f89ab421317d2abde8a1cece4716c2d10879c,PUBLIC_EQUITY_INVESTING_IDEA_GENERATION,RESEARCH_PRIORITY_ONLY_NO_TRADE_AUTHORITY,3c043151598789f482283381c3da1b3c49d80579ef861cd082e5e97261fb2585,2026-07-14
2026-07-14,32,B_WATCH_OR_TRIGGER,000021.SZ,深科技,SZ,SZ_MAIN,ACTIVE,C 制造业,LIQUID_BREAKOUT,LIQUID_BREAKOUT,1,9,0.8,0.92624043,0.83787213,0.0,0.83787213,WITHIN_SLEEVE_RANK_PERCENTILE_PLUS_RAW_SCORE,ELIGIBLE_CORE,VALID,A,0,11091145117.25,0.33037750190017734,0.8673541963015645,0.9206291148500365,1.8867509620670697,-0.18297806130387428,0.7819046763693644,-0.2606552623948971,71071308975e6a88ba968b18a2d22e6c241d8c3f8a714a4502507cb5fab2c5a9,PUBLIC_EQUITY_INVESTING_IDEA_GENERATION,RESEARCH_PRIORITY_ONLY_NO_TRADE_AUTHORITY,974136f894d79e5b27191725e60122bddcea63b3f7e39ab9e4c997aede40354d,2026-07-14
2026-07-14,33,B_WATCH_OR_TRIGGER,603139.SH,康惠股份,SH,SH_MAIN,ACTIVE,,TREND_PERSISTENCE,TREND_PERSISTENCE,1,10,0.775,0.95111702,0.82783511,0.0,0.82783511,WITHIN_SLEEVE_RANK_PERCENTILE_PLUS_RAW_SCORE,ELIGIBLE_CORE,VALID,A,0,232640225.45,0.03957382039573809,0.38539553752535505,0.9348441926345608,0.9060465116279068,-0.09356337093563383,0.6157198633366037,-0.14250614250614246,c57c20669b7110e84337b4c0c656a5e9dd60d27b60d44c1f9f3870b55d516118,PUBLIC_EQUITY_INVESTING_IDEA_GENERATION,RESEARCH_PRIORITY_ONLY_NO_TRADE_AUTHORITY,abaa461262b44a993b9b11162d55a095ac00187a2f1b095b9bd03ca20f6e6a48,2026-07-14
2026-07-14,34,B_WATCH_OR_TRIGGER,002142.SZ,宁波银行,SZ,SZ_MAIN,ACTIVE,J 金融业,DEFENSIVE_STABILITY,DEFENSIVE_STABILITY,1,10,0.775,0.93151145,0.82195344,0.0,0.82195344,WITHIN_SLEEVE_RANK_PERCENTILE_PLUS_RAW_SCORE,ELIGIBLE_CORE,VALID,A,0,1058492405.45,-0.001602050624799789,0.016639477977161476,0.1418101868816417,0.17851739788199694,-0.04475781729000605,0.24920568509788776,-0.11496014714898828,6c9e31dfbf2501242ed3ec29fdb5201dd2d34d08937a7f155f590048649800e4,PUBLIC_EQUITY_INVESTING_IDEA_GENERATION,RESEARCH_PRIORITY_ONLY_NO_TRADE_AUTHORITY,c237e48c31f2fd65600c46ed2094418f40c58638e0440ce57141f02e3a3548cf,2026-07-14
2026-07-14,35,B_WATCH_OR_TRIGGER,688120.SH,华海清科,SH,STAR,ACTIVE,,LIQUID_BREAKOUT,LIQUID_BREAKOUT,1,10,0.775,0.92493247,0.81997974,0.0,0.81997974,WITHIN_SLEEVE_RANK_PERCENTILE_PLUS_RAW_SCORE,ELIGIBLE_CORE,VALID,A,0,5078675249.2,0.5501931470425925,1.359499083689676,1.4323047858942064,2.9277996695055295,-0.10174418604651159,0.8904660785595427,-0.19361512059805353,bd1cded8e1061881878b41618865ccf858055beca77c7e52ab2cad56d6a945b6,PUBLIC_EQUITY_INVESTING_IDEA_GENERATION,RESEARCH_PRIORITY_ONLY_NO_TRADE_AUTHORITY,8a8a10c442317d6a3f86a9e9426ff24ebbce465e914dfded6e76bba9ef5ce143,2026-07-14
2026-07-14,36,B_WATCH_OR_TRIGGER,603669.SH,灵康药业,SH,SH_MAIN,ACTIVE,,RECOVERY_WATCH,RECOVERY_WATCH,1,7,0.8,0.86407775,0.81922332,0.0,0.81922332,WITHIN_SLEEVE_RANK_PERCENTILE_PLUS_RAW_SCORE,ELIGIBLE_CORE,VALID,A,0,257040242.8,0.5644820295983086,0.5711252653927814,0.5257731958762888,0.3381555153707052,0.0,0.5241194152680614,-0.18674698795180733,7bed63475d881ced9f79c305add1b6bfbd2b2e807ec81c6bfab94c3ece321f53,PUBLIC_EQUITY_INVESTING_IDEA_GENERATION,RESEARCH_PRIORITY_ONLY_NO_TRADE_AUTHORITY,df53894a31b8db1a994f90bcd607ca14743289520429a5c9a64383668686be1f,2026-07-14
2026-07-14,37,B_WATCH_OR_TRIGGER,300201.SZ,海伦哲,SZ,CHINEXT,ACTIVE,C 制造业,TREND_PERSISTENCE,TREND_PERSISTENCE,1,11,0.75,0.94560931,0.80868279,0.0,0.80868279,WITHIN_SLEEVE_RANK_PERCENTILE_PLUS_RAW_SCORE,ELIGIBLE_CORE,VALID,A,0,903914145.7,-0.10586944596818426,0.33606557377049184,1.130718954248366,1.9963235294117645,-0.22638822971048878,0.6837485432555004,-0.2833412434741339,8a6e01f8b455473a8decc72d7da4b3c88ca9bb6bd6b8a3727165fe6a6c5ece9a,PUBLIC_EQUITY_INVESTING_IDEA_GENERATION,RESEARCH_PRIORITY_ONLY_NO_TRADE_AUTHORITY,030264aa6b9593b9712384c12556ffcd7607c1add0244f0d049a59b591ca0b7c,2026-07-14
2026-07-14,38,B_WATCH_OR_TRIGGER,601985.SH,XD中国核,SH,SH_MAIN,ACTIVE,,DEFENSIVE_STABILITY,DEFENSIVE_STABILITY,1,11,0.75,0.93117167,0.8043515,0.0,0.8043515,WITHIN_SLEEVE_RANK_PERCENTILE_PLUS_RAW_SCORE,ELIGIBLE_CORE,VALID,A,0,1095259548.6,-0.041850220264317284,0.010452961672473782,-0.038674033149171394,-0.03547671840354771,-0.06652360515021472,0.19052936608915416,-0.06877729257641929,4fa25fde0aeb23365f45c6c12e01d86ea623d49c293b3f89ff18cfc1ff98f2ad,PUBLIC_EQUITY_INVESTING_IDEA_GENERATION,RESEARCH_PRIORITY_ONLY_NO_TRADE_AUTHORITY,1816af80e71f3cc234c0067de622e4adf598bf3bed636ee9f8648d1c53de36ab,2026-07-14
2026-07-14,39,B_WATCH_OR_TRIGGER,002851.SZ,麦格米特,SZ,SZ_MAIN,ACTIVE,C 制造业,LIQUID_BREAKOUT,LIQUID_BREAKOUT,1,11,0.75,0.92353736,0.80206121,0.0,0.80206121,WITHIN_SLEEVE_RANK_PERCENTILE_PLUS_RAW_SCORE,ELIGIBLE_CORE,VALID,A,0,6288370193.5,0.15730034955633232,0.630457429680841,0.7309471144178565,2.610738255033557,-0.08808729275915039,0.8353109334922307,-0.32612444316712175,229088be382bbf2e379bd9feeadbf0bfb71b6f92c06c2a109bbe6745906e242c,PUBLIC_EQUITY_INVESTING_IDEA_GENERATION,RESEARCH_PRIORITY_ONLY_NO_TRADE_AUTHORITY,72e27003cc52c182bd30df0545866504ef02369cbc27c8e4a35be49141e4b52e,2026-07-14
2026-07-14,40,B_WATCH_OR_TRIGGER,000779.SZ,甘咨询,SZ,SZ_MAIN,ACTIVE,M 科研服务,RECOVERY_WATCH,RECOVERY_WATCH,1,8,0.76666667,0.85495607,0.79315349,0.0,0.79315349,WITHIN_SLEEVE_RANK_PERCENTILE_PLUS_RAW_SCORE,ELIGIBLE_CORE,VALID,A,0,277452899.2,0.38692810457516336,0.22235023041474644,0.2497055359246172,0.14331896551724133,-0.014856081708449431,0.36489769234266006,-0.3259052924791086,e6e835e7e8a40e5036d7268c894a90a5d117fab159cd664578fd0477badb9686,PUBLIC_EQUITY_INVESTING_IDEA_GENERATION,RESEARCH_PRIORITY_ONLY_NO_TRADE_AUTHORITY,4bb767f384c1b783d38956d18939dfdd75ce45241c1db6e6e99b246614ad264a,2026-07-14
2026-07-14,41,B_WATCH_OR_TRIGGER,688630.SH,芯碁微装,SH,STAR,ACTIVE,,TREND_PERSISTENCE,TREND_PERSISTENCE,1,12,0.725,0.94541921,0.79112576,0.0,0.79112576,WITHIN_SLEEVE_RANK_PERCENTILE_PLUS_RAW_SCORE,ELIGIBLE_CORE,VALID,A,0,2742917344.65,0.03973162326844526,0.9440177504693634,2.1105345804601625,4.933836936702266,-0.17983798379837979,0.8726647666623731,-0.19607560756075615,937769f873d1c7994e0d8074a1aa4aca3e642e53969fece4ac297c10d06c7e43,PUBLIC_EQUITY_INVESTING_IDEA_GENERATION,RESEARCH_PRIORITY_ONLY_NO_TRADE_AUTHORITY,5b86e8881f41f3e665b6bb3e0e1f5507810aa621bc9ceb509e537e8c37adb234,2026-07-14
2026-07-14,42,B_WATCH_OR_TRIGGER,600018.SH,上港集团,SH,SH_MAIN,ACTIVE,,DEFENSIVE_STABILITY,DEFENSIVE_STABILITY,1,12,0.725,0.93096098,0.78678829,0.0,0.78678829,WITHIN_SLEEVE_RANK_PERCENTILE_PLUS_RAW_SCORE,ELIGIBLE_CORE,VALID,A,0,291623839.9,0.027722772277227747,0.04008016032064132,-0.047706422018348627,-0.07651245551601416,-0.10824742268041232,0.17208880873856222,-0.13235294117647067,d0ac7709bc2f9fa6df2aca86162e6b904f110ff28df707bedffbeafaaa461900,PUBLIC_EQUITY_INVESTING_IDEA_GENERATION,RESEARCH_PRIORITY_ONLY_NO_TRADE_AUTHORITY,a9593d090f1c61024b39f1b4c3706c7d6fcf92644271621692e8d922c0df1920,2026-07-14
2026-07-14,43,B_WATCH_OR_TRIGGER,688361.SH,中科飞测,SH,STAR,ACTIVE,,LIQUID_BREAKOUT,LIQUID_BREAKOUT,1,12,0.725,0.92322354,0.78446706,0.0,0.78446706,WITHIN_SLEEVE_RANK_PERCENTILE_PLUS_RAW_SCORE,ELIGIBLE_CORE,VALID,A,0,4136645463.05,0.6675744680851063,1.2543864695392046,1.1535417926031761,3.8012741975006126,-0.12232922732362828,0.951925749262576,-0.2912621359223302,c1ecd9630de77664eedbf238f8e6e954f56bf7c1c3271a34ed18c977b52a696a,PUBLIC_EQUITY_INVESTING_IDEA_GENERATION,RESEARCH_PRIORITY_ONLY_NO_TRADE_AUTHORITY,8d6a2f4ba8164e0f4502521e9fbcaf86af2fbfb00bfd4646811ab22d80b764a8,2026-07-14
2026-07-14,44,B_WATCH_OR_TRIGGER,920808.BJ,曙光数创,BJ,BSE,ACTIVE,通用设备制造业,TREND_PERSISTENCE,TREND_PERSISTENCE|LIQUID_BREAKOUT,2,14,0.675,0.94159888,0.75497967,0.02,0.77497967,WITHIN_SLEEVE_RANK_PERCENTILE_PLUS_RAW_SCORE,ELIGIBLE_CORE,VALID,A,0,355258552.1,0.08439366398338088,0.09219301686936054,0.009183180280328607,0.4362854686156492,-0.1935110081112399,0.5682617022408514,-0.2652432313449262,83b1188ba7b191f8428e9e73adf1aa1bf42e24121cd1c1cf83ff1cebfd799c80,PUBLIC_EQUITY_INVESTING_IDEA_GENERATION,RESEARCH_PRIORITY_ONLY_NO_TRADE_AUTHORITY,da77e0f2fd20eb68afcc2301e99ec19c66be25b0cad019c4e2138f1b51198f6a,2026-07-14
2026-07-14,45,B_WATCH_OR_TRIGGER,603156.SH,养元饮品,SH,SH_MAIN,ACTIVE,,TREND_PERSISTENCE,TREND_PERSISTENCE,1,13,0.7,0.94235775,0.77270733,0.0,0.77270733,WITHIN_SLEEVE_RANK_PERCENTILE_PLUS_RAW_SCORE,ELIGIBLE_CORE,VALID,A,0,567970079.0,0.04572236625029458,0.4495262985952302,0.3775225085377212,1.17820324005891,-0.11683917197452243,0.6197950646122079,-0.22571656050955424,d7d068a99af7cf49f7bd7a6a5dad82645e3b49e6244809756c756b7e0434e33e,PUBLIC_EQUITY_INVESTING_IDEA_GENERATION,RESEARCH_PRIORITY_ONLY_NO_TRADE_AUTHORITY,30b8815067b030763a173b8d999f9d08c4d1ab1c81c2bb8fc63bd6e78b7dfa3b,2026-07-14
2026-07-14,46,B_WATCH_OR_TRIGGER,600919.SH,江苏银行,SH,SH_MAIN,ACTIVE,,DEFENSIVE_STABILITY,DEFENSIVE_STABILITY,1,13,0.7,0.93093156,0.76927947,0.0,0.76927947,WITHIN_SLEEVE_RANK_PERCENTILE_PLUS_RAW_SCORE,ELIGIBLE_CORE,VALID,A,0,1199312910.7,-0.02074330164217808,0.055917986952469745,0.13755020080321279,-0.008748906386701671,-0.030795551753635575,0.18473911011292324,-0.09356223175965661,a3bfe61b7adfa489d76bc1abb73d15383f0761cb2e67c2c5af6b4b429614ed7b,PUBLIC_EQUITY_INVESTING_IDEA_GENERATION,RESEARCH_PRIORITY_ONLY_NO_TRADE_AUTHORITY,f055822f6eb995be8f212a6526c45b11a1afe791aba4611abe8e0925c80306ef,2026-07-14
2026-07-14,47,B_WATCH_OR_TRIGGER,300759.SZ,康龙化成,SZ,CHINEXT,ACTIVE,M 科研服务,RECOVERY_WATCH,RECOVERY_WATCH,1,9,0.73333333,0.85081249,0.76857708,0.0,0.76857708,WITHIN_SLEEVE_RANK_PERCENTILE_PLUS_RAW_SCORE,ELIGIBLE_CORE,VALID,A,0,2058768552.75,0.6545698924731183,0.18745980707395482,0.17799043062200948,0.5298260149130074,0.0,0.4805934766724916,-0.34006116207951076,b3fc204d1ae075a72c88bf143bc46c6dc2aecee309b6537e868dacff045f1422,PUBLIC_EQUITY_INVESTING_IDEA_GENERATION,RESEARCH_PRIORITY_ONLY_NO_TRADE_AUTHORITY,51ad381119438485de1fda5c09c5e9ba79b910b25da4b6c2f0810d338ebf8f29,2026-07-14
2026-07-14,48,B_WATCH_OR_TRIGGER,300223.SZ,北京君正,SZ,CHINEXT,ACTIVE,C 制造业,LIQUID_BREAKOUT,LIQUID_BREAKOUT,1,13,0.7,0.92287463,0.76686239,0.0,0.76686239,WITHIN_SLEEVE_RANK_PERCENTILE_PLUS_RAW_SCORE,ELIGIBLE_CORE,VALID,A,0,10889397136.9,0.2640900791235543,0.8490918803418805,0.7476438909458094,2.1105286805451553,-0.19983818770226536,0.9613176512741982,-0.2928600515813764,546858608e52ca4555b97b58908fb86965be48b62078d2fd7a95355da579e115,PUBLIC_EQUITY_INVESTING_IDEA_GENERATION,RESEARCH_PRIORITY_ONLY_NO_TRADE_AUTHORITY,0adffdfe165ff33f6e160a11801578e80d7f5aed092abbf31f092c566b884948,2026-07-14
2026-07-14,49,B_WATCH_OR_TRIGGER,000333.SZ,美的集团,SZ,SZ_MAIN,ACTIVE,C 制造业,DEFENSIVE_STABILITY,DEFENSIVE_STABILITY,1,14,0.675,0.93010181,0.75153054,0.0,0.75153054,WITHIN_SLEEVE_RANK_PERCENTILE_PLUS_RAW_SCORE,ELIGIBLE_CORE,VALID,A,0,3378704265.2,0.05291828793774345,0.09970197778379863,0.08398985178261453,0.18286463645636042,-0.0015988193334152134,0.2148972214390139,-0.10386221294363251,1a1aad3e89d049cbf5b0ada1f4a6eae884b3d356c8979c0caeefb9c4fd9d24ea,PUBLIC_EQUITY_INVESTING_IDEA_GENERATION,RESEARCH_PRIORITY_ONLY_NO_TRADE_AUTHORITY,a008438e43a30dfd065272dd63a43fdf88e3c353218f1f604a8b344339f1fb91,2026-07-14
2026-07-14,50,B_WATCH_OR_TRIGGER,002674.SZ,兴业科技,SZ,SZ_MAIN,ACTIVE,C 制造业,LIQUID_BREAKOUT,LIQUID_BREAKOUT,1,14,0.675,0.92286028,0.74935808,0.0,0.74935808,WITHIN_SLEEVE_RANK_PERCENTILE_PLUS_RAW_SCORE,ELIGIBLE_CORE,VALID,A,0,700451051.25,0.915915915915916,1.3984962406015033,1.1280853902601735,2.245167853509664,-0.03216019417475735,0.7820813997938745,-0.21667760998030205,e2df0af74ec48ee5c76d777b6703e9da29146f195918a1fe80290ef56eb779d8,PUBLIC_EQUITY_INVESTING_IDEA_GENERATION,RESEARCH_PRIORITY_ONLY_NO_TRADE_AUTHORITY,98d9bd3f3ef330e72b901b64aed8a54e12b276c27438417726030ff12dc93e0c,2026-07-14
2026-07-14,51,B_WATCH_OR_TRIGGER,000668.SZ,荣丰控股,SZ,SZ_MAIN,ACTIVE,K 房地产,TREND_PERSISTENCE,TREND_PERSISTENCE,1,15,0.65,0.93792897,0.73637869,0.0,0.73637869,WITHIN_SLEEVE_RANK_PERCENTILE_PLUS_RAW_SCORE,ELIGIBLE_CORE,VALID,A,0,97250635.65,-0.05594405594405605,0.2727272727272727,0.6195372750642671,1.271634615384615,-0.1874462596732589,0.6431280657250368,-0.1911481719050674,a5d53869d0cd6035c2f9bd654e137d12371f7b145957d18d8925268fed2e7091,PUBLIC_EQUITY_INVESTING_IDEA_GENERATION,RESEARCH_PRIORITY_ONLY_NO_TRADE_AUTHORITY,64107e82f2a3f0116ce0a48d8c49c6929f3e39c9ac2a92e979dc0446ae3444b0,2026-07-14
2026-07-14,52,B_WATCH_OR_TRIGGER,001227.SZ,兰州银行,SZ,SZ_MAIN,ACTIVE,J 金融业,DEFENSIVE_STABILITY,DEFENSIVE_STABILITY,1,15,0.65,0.92918747,0.73375624,0.0,0.73375624,WITHIN_SLEEVE_RANK_PERCENTILE_PLUS_RAW_SCORE,ELIGIBLE_CORE,VALID,A,0,93513435.55,-0.02358490566037752,-0.06334841628959287,-0.08407079646017701,-0.14814814814814825,-0.2068965517241379,0.13679478123525973,-0.14163090128755362,00185e62774e23ccbd9c2eb2305b7f8eb67dc9466ec0a119f3444af101706111,PUBLIC_EQUITY_INVESTING_IDEA_GENERATION,RESEARCH_PRIORITY_ONLY_NO_TRADE_AUTHORITY,bdf295a4204b8faca694e98bc0bf57ecca07d0bf6ba4eaafc0f0ecaefb24023a,2026-07-14
2026-07-14,53,B_WATCH_OR_TRIGGER,603991.SH,领先股份,SH,SH_MAIN,ACTIVE,,LIQUID_BREAKOUT,LIQUID_BREAKOUT,1,15,0.65,0.92279076,0.73183723,0.0,0.73183723,WITHIN_SLEEVE_RANK_PERCENTILE_PLUS_RAW_SCORE,ELIGIBLE_CORE,VALID,A,0,1066925320.5,0.3924767540152154,0.49836274331453523,1.1706417182764528,1.5207345065034432,-0.01394708487968399,0.6976299916658716,-0.20890277235454913,6b2270b70ffa0aecc659ddc6a3552071d4fb610e9eb26ec1bd1fe8c083739fd5,PUBLIC_EQUITY_INVESTING_IDEA_GENERATION,RESEARCH_PRIORITY_ONLY_NO_TRADE_AUTHORITY,89a3d31e53308cff8fc5e785a02cf02e51bf261eda28d107406e01dde3e94f6b,2026-07-14
2026-07-14,54,B_WATCH_OR_TRIGGER,300522.SZ,世名科技,SZ,CHINEXT,ACTIVE,C 制造业,RECOVERY_WATCH,RECOVERY_WATCH,1,11,0.66666667,0.84553797,0.72032806,0.0,0.72032806,WITHIN_SLEEVE_RANK_PERCENTILE_PLUS_RAW_SCORE,ELIGIBLE_CORE,VALID,A,0,742467110.2,0.31862745098039214,0.23773006134969332,0.22272727272727288,0.18415260454878934,-0.3554313099041533,1.0649187051970848,-0.3809904153354632,e5e28af02aed344c2940f0c1cd8b6c87e5029bf3d2fe8130fb24aae60f19c9ea,PUBLIC_EQUITY_INVESTING_IDEA_GENERATION,RESEARCH_PRIORITY_ONLY_NO_TRADE_AUTHORITY,711a4eab0d22b118771622444e08037233a7e8d044854b632a0aa122c383c2dd,2026-07-14
2026-07-14,55,B_WATCH_OR_TRIGGER,603301.SH,振德医疗,SH,SH_MAIN,ACTIVE,,TREND_PERSISTENCE,TREND_PERSISTENCE,1,16,0.625,0.93585517,0.71825655,0.0,0.71825655,WITHIN_SLEEVE_RANK_PERCENTILE_PLUS_RAW_SCORE,ELIGIBLE_CORE,VALID,A,0,181639978.55,0.038546898726784296,0.04268793244986524,0.32800597460791625,3.209753787878787,-0.10983179815778932,0.3526974814327686,-0.21195434521425716,f3fe9f863e124b0cc3b6b9982bac02a09b1a7e55bf3d23c47798c9a096f37ef0,PUBLIC_EQUITY_INVESTING_IDEA_GENERATION,RESEARCH_PRIORITY_ONLY_NO_TRADE_AUTHORITY,909997e3c1a43b8fd1c63d2c52b70d9e280ac13c8243a27fc778fdd376ab886d,2026-07-14
2026-07-14,56,B_WATCH_OR_TRIGGER,601128.SH,常熟银行,SH,SH_MAIN,ACTIVE,,DEFENSIVE_STABILITY,DEFENSIVE_STABILITY,1,16,0.625,0.92916645,0.71624994,0.0,0.71624994,WITHIN_SLEEVE_RANK_PERCENTILE_PLUS_RAW_SCORE,ELIGIBLE_CORE,VALID,A,0,242247771.35,-0.05092592592592593,-0.03453689167974883,-0.019138755980861122,-0.06818181818181812,-0.11255411255411252,0.1782964955086839,-0.12084592145015105,fc05b2dfdc80144b3f9582b853332d5dc38fbd540e2e088add52a34cf49ee53a,PUBLIC_EQUITY_INVESTING_IDEA_GENERATION,RESEARCH_PRIORITY_ONLY_NO_TRADE_AUTHORITY,7a4478afafa6cbd00c6f5729f38b1315c12486a36ca1cb30e9c5063bafd67ea9,2026-07-14
2026-07-14,57,B_WATCH_OR_TRIGGER,300671.SZ,富满微,SZ,CHINEXT,ACTIVE,I 信息技术,LIQUID_BREAKOUT,LIQUID_BREAKOUT,1,16,0.625,0.92169899,0.7140097,0.0,0.7140097,WITHIN_SLEEVE_RANK_PERCENTILE_PLUS_RAW_SCORE,ELIGIBLE_CORE,VALID,A,0,2227094362.7,0.6274361400189215,0.9319407008086253,1.453223046206503,1.6752721617418356,-0.1594018764659889,0.9171891510004083,-0.3482142857142857,801d09266a2649e949c672623884061cb45ca013c62fee9318af4b965e6809f0,PUBLIC_EQUITY_INVESTING_IDEA_GENERATION,RESEARCH_PRIORITY_ONLY_NO_TRADE_AUTHORITY,9f9c3a6bcf85c023646971ccf6b9afc351a53d934c43546b99a4a6169851f5eb,2026-07-14
2026-07-14,58,B_WATCH_OR_TRIGGER,300938.SZ,信测标准,SZ,CHINEXT,ACTIVE,M 科研服务,TREND_PERSISTENCE,TREND_PERSISTENCE,1,17,0.6,0.93533769,0.70060131,0.0,0.70060131,WITHIN_SLEEVE_RANK_PERCENTILE_PLUS_RAW_SCORE,ELIGIBLE_CORE,VALID,A,0,992738097.4,0.09909246995339704,0.38516228748068015,1.0103185284881113,1.9754316069057105,-0.17476979742173104,0.7483092374400658,-0.23554327808471454,3a591c836d94b47dd2ddf7489b49aebf0734554a10d4c232feaef56e2a6abc52,PUBLIC_EQUITY_INVESTING_IDEA_GENERATION,RESEARCH_PRIORITY_ONLY_NO_TRADE_AUTHORITY,b044768ddd0aff417a1d6555a9e1a5c7ff27fff149968e032d2224977bb1eba8,2026-07-14
2026-07-14,59,B_WATCH_OR_TRIGGER,601668.SH,中国建筑,SH,SH_MAIN,ACTIVE,,DEFENSIVE_STABILITY,DEFENSIVE_STABILITY,1,17,0.6,0.92782942,0.69834883,0.0,0.69834883,WITHIN_SLEEVE_RANK_PERCENTILE_PLUS_RAW_SCORE,ELIGIBLE_CORE,VALID,A,0,969070777.9,-0.013392857142857206,-0.05756929637526664,-0.09611451942740279,-0.15809523809523807,-0.21631205673758858,0.15524819401683415,-0.16359918200408996,7e6e877b41b96149a6f2efb4d3866258788eb6ee7d0af69209718743ae568d72,PUBLIC_EQUITY_INVESTING_IDEA_GENERATION,RESEARCH_PRIORITY_ONLY_NO_TRADE_AUTHORITY,ffae0b9353becd65238b82f031eb759187d0379a04db4113aaadee721058fa83,2026-07-14
2026-07-14,60,B_WATCH_OR_TRIGGER,002141.SZ,贤丰控股,SZ,SZ_MAIN,ACTIVE,C 制造业,RECOVERY_WATCH,RECOVERY_WATCH,1,12,0.63333333,0.8427971,0.69617246,0.0,0.69617246,WITHIN_SLEEVE_RANK_PERCENTILE_PLUS_RAW_SCORE,ELIGIBLE_CORE,VALID,A,0,867323162.6,0.44067796610169485,0.37096774193548376,0.37096774193548376,0.2230215827338129,-0.1282051282051282,0.8486815363724176,-0.3113636363636365,2e50e361638b9093b45aa2ee45ba0d0fc97925fa10a4922c9934ee067a7cafff,PUBLIC_EQUITY_INVESTING_IDEA_GENERATION,RESEARCH_PRIORITY_ONLY_NO_TRADE_AUTHORITY,79212c34d3d982652e3c966ce5e810c8c0495877c9dc3947ad4db8575ef87819,2026-07-14
2026-07-14,61,C_SCREEN_FLAG_ONLY,600641.SH,先导基电,SH,SH_MAIN,ACTIVE,,LIQUID_BREAKOUT,LIQUID_BREAKOUT,1,17,0.6,0.9186269,0.69558807,0.0,0.69558807,WITHIN_SLEEVE_RANK_PERCENTILE_PLUS_RAW_SCORE,ELIGIBLE_CORE,VALID,A,0,3866919040.0,0.2927536231884058,0.8395967002749771,1.0862785862785866,1.908695652173913,-0.16791044776119401,0.7791761213419023,-0.20844072164948446,9a74f74c23f0cf67ce617111bab3264e965f9d84713835ff893d8d102fa75f19,PUBLIC_EQUITY_INVESTING_IDEA_GENERATION,RESEARCH_PRIORITY_ONLY_NO_TRADE_AUTHORITY,67a4fe6b44a63c4cb2db5fe5652e627cbd6e5c6affa8515be2e9d23dc88201a2,2026-07-14
2026-07-14,62,C_SCREEN_FLAG_ONLY,301568.SZ,思泰克,SZ,CHINEXT,ACTIVE,C 制造业,TREND_PERSISTENCE,TREND_PERSISTENCE,1,18,0.575,0.93326668,0.68248,0.0,0.68248,WITHIN_SLEEVE_RANK_PERCENTILE_PLUS_RAW_SCORE,ELIGIBLE_CORE,VALID,A,0,514523495.6,-0.10080684358899583,0.6925892040256176,0.7857142857142858,1.4845554660220253,-0.24316805760104732,0.7549415488627303,-0.26836851579119614,c6d701d0b67997325e8e66ba1636df2f7d4652f53a3cf8346669a13fbfeeb03b,PUBLIC_EQUITY_INVESTING_IDEA_GENERATION,RESEARCH_PRIORITY_ONLY_NO_TRADE_AUTHORITY,30d1846780d039eba0eae59efe3d6a5b3768b4b73ebfe5627b8aed23664d3902,2026-07-14
2026-07-14,63,C_SCREEN_FLAG_ONLY,601928.SH,凤凰传媒,SH,SH_MAIN,ACTIVE,,DEFENSIVE_STABILITY,DEFENSIVE_STABILITY,1,18,0.575,0.92732661,0.68069798,0.0,0.68069798,WITHIN_SLEEVE_RANK_PERCENTILE_PLUS_RAW_SCORE,ELIGIBLE_CORE,VALID,A,0,60760109.6,-0.0010729613733905241,-0.0411946446961895,-0.10308285163776498,-0.13796296296296295,-0.19184027777777768,0.19960591620368523,-0.16249999999999998,bb30b2c104e0cfa34a99b82153e5798310b74305043e772ff6f069eb9b385d33,PUBLIC_EQUITY_INVESTING_IDEA_GENERATION,RESEARCH_PRIORITY_ONLY_NO_TRADE_AUTHORITY,6b6aec14371057a653bc4dd4db3a34095f74ef673aa7802b94cc6ee12db4259c,2026-07-14
2026-07-14,64,C_SCREEN_FLAG_ONLY,603757.SH,大元泵业,SH,SH_MAIN,ACTIVE,,LIQUID_BREAKOUT,LIQUID_BREAKOUT,1,18,0.575,0.91615695,0.67734709,0.0,0.67734709,WITHIN_SLEEVE_RANK_PERCENTILE_PLUS_RAW_SCORE,ELIGIBLE_CORE,VALID,A,0,1215065105.8,0.5504060209942563,0.3573781862320098,0.7904849039341264,2.515042658284688,-0.011491349917918892,0.9172583453458475,-0.2953516450347118,8d274a804951c201cc71e6f513dda19d44cee3732eed1f8d361a6aa05f220c75,PUBLIC_EQUITY_INVESTING_IDEA_GENERATION,RESEARCH_PRIORITY_ONLY_NO_TRADE_AUTHORITY,2410f9ddb7e285b6e52fb8ff5f5178a6b42463c42135cf9f9e30c0985cc828bf,2026-07-14
2026-07-14,65,C_SCREEN_FLAG_ONLY,000759.SZ,中百集团,SZ,SZ_MAIN,ACTIVE,F 批发零售,RECOVERY_WATCH,RECOVERY_WATCH,1,13,0.6,0.84125912,0.67237774,0.0,0.67237774,WITHIN_SLEEVE_RANK_PERCENTILE_PLUS_RAW_SCORE,ELIGIBLE_CORE,VALID,A,0,609284698.3,0.134453781512605,0.2272727272727273,-0.18674698795180733,-0.12564766839378239,-0.24242424242424243,0.7960148049482686,-0.3795712484237074,134752c3d24fc9cd77ffb61edc23b47c128d96817cb22bfb7bb8196f00895a32,PUBLIC_EQUITY_INVESTING_IDEA_GENERATION,RESEARCH_PRIORITY_ONLY_NO_TRADE_AUTHORITY,c3e114523e4d3cd58b6cd4c9692f87c915095abda2a65482770f88886639eead,2026-07-14
2026-07-14,66,C_SCREEN_FLAG_ONLY,002350.SZ,北京科锐,SZ,SZ_MAIN,ACTIVE,C 制造业,TREND_PERSISTENCE,TREND_PERSISTENCE,1,19,0.55,0.93282372,0.66484712,0.0,0.66484712,WITHIN_SLEEVE_RANK_PERCENTILE_PLUS_RAW_SCORE,ELIGIBLE_CORE,VALID,A,0,251821966.35,0.01553398058252431,0.14358600583090375,0.7931428571428571,1.2706222865412444,-0.10953461975028389,0.5948149276547584,-0.24404086265607272,be615b1c53118aefe85b4ba41578fc051483752f2c8e4a4e2d1b49239c0236cb,PUBLIC_EQUITY_INVESTING_IDEA_GENERATION,RESEARCH_PRIORITY_ONLY_NO_TRADE_AUTHORITY,7cd6211135392391ede8e3575cefcb7aff41b2826cc9051d510430df18ee1af0,2026-07-14
2026-07-14,67,C_SCREEN_FLAG_ONLY,601006.SH,大秦铁路,SH,SH_MAIN,ACTIVE,,DEFENSIVE_STABILITY,DEFENSIVE_STABILITY,1,19,0.55,0.92661963,0.66298589,0.0,0.66298589,WITHIN_SLEEVE_RANK_PERCENTILE_PLUS_RAW_SCORE,ELIGIBLE_CORE,VALID,A,0,498052233.75,-0.04878048780487809,-0.07874015748031504,-0.06958250497017904,-0.24271844660194175,-0.27889060092449924,0.1819659701992355,-0.16791044776119413,32f5bb03608c954a30410518a3ea1ad132d081fde984985998092182afb3ae82,PUBLIC_EQUITY_INVESTING_IDEA_GENERATION,RESEARCH_PRIORITY_ONLY_NO_TRADE_AUTHORITY,47fc12fb6542a5a6adef10f840e16f4cd1cadaae1c98a62cd886b2f3426df959,2026-07-14
2026-07-14,68,C_SCREEN_FLAG_ONLY,002841.SZ,视源股份,SZ,SZ_MAIN,ACTIVE,C 制造业,LIQUID_BREAKOUT,LIQUID_BREAKOUT,1,19,0.55,0.91596072,0.65978822,0.0,0.65978822,WITHIN_SLEEVE_RANK_PERCENTILE_PLUS_RAW_SCORE,ELIGIBLE_CORE,VALID,A,0,652353368.15,0.5123094958968348,0.5074496056091149,0.2374100719424459,0.5458358298382264,-0.0162059103908484,0.5067480998785764,-0.23958584156031792,cec47de88d063c6b014d05d699db0687130260440ab2e44e53d1ada04dcee0b8,PUBLIC_EQUITY_INVESTING_IDEA_GENERATION,RESEARCH_PRIORITY_ONLY_NO_TRADE_AUTHORITY,7cd861e9d86c34414b12d858560d64b48c70cfdb789ceee014411fc5b69ec94d,2026-07-14
2026-07-14,69,C_SCREEN_FLAG_ONLY,601211.SH,国泰海通,SH,SH_MAIN,ACTIVE,,RECOVERY_WATCH,RECOVERY_WATCH,1,14,0.56666667,0.84073965,0.64888856,0.0,0.64888856,WITHIN_SLEEVE_RANK_PERCENTILE_PLUS_RAW_SCORE,ELIGIBLE_CORE,VALID,A,0,3060649549.95,0.05947521865889227,0.08672248803827776,-0.12052274927395923,-0.01357220412595006,-0.1688014638609331,0.2965961456852552,-0.2923892100192679,2c5bc808c7f9267e5f25f3243dcb7fdab6eb060736a348c3039321dd89d52319,PUBLIC_EQUITY_INVESTING_IDEA_GENERATION,RESEARCH_PRIORITY_ONLY_NO_TRADE_AUTHORITY,2afd3b95475624d85a609435fb02c92e56634e6ea4c5cb8ace11d1886ae6cfa8,2026-07-14
2026-07-14,70,C_SCREEN_FLAG_ONLY,301536.SZ,星宸科技,SZ,CHINEXT,ACTIVE,C 制造业,TREND_PERSISTENCE,TREND_PERSISTENCE,1,20,0.525,0.92912758,0.64623827,0.0,0.64623827,WITHIN_SLEEVE_RANK_PERCENTILE_PLUS_RAW_SCORE,ELIGIBLE_CORE,VALID,A,0,1364692324.1,0.06150943396226416,0.5133826496301279,0.7329431695672259,0.9630146545708302,-0.12578665216377916,0.641633431103591,-0.20047018593716615,afe3b953f7a52c71811cbd1c4403d0b5f5207ae0c8e7a0f287fee808068f9a34,PUBLIC_EQUITY_INVESTING_IDEA_GENERATION,RESEARCH_PRIORITY_ONLY_NO_TRADE_AUTHORITY,bb39ec32306cb799d6901e72429c0194d2082cb2108c8ad7cefb6350d0d17bc4,2026-07-14
2026-07-14,71,C_SCREEN_FLAG_ONLY,600016.SH,民生银行,SH,SH_MAIN,ACTIVE,,DEFENSIVE_STABILITY,DEFENSIVE_STABILITY,1,20,0.525,0.92640389,0.64542117,0.0,0.64542117,WITHIN_SLEEVE_RANK_PERCENTILE_PLUS_RAW_SCORE,ELIGIBLE_CORE,VALID,A,0,842382897.95,-0.04761904761904756,-0.07356948228882831,-0.10052910052910047,-0.2703862660944206,-0.34990439770554504,0.16366208486496966,-0.19338422391857513,cc3aaa380893e40a78ff3cde0f824d556ee12b0a014cca9d8c3b288f60538fb6,PUBLIC_EQUITY_INVESTING_IDEA_GENERATION,RESEARCH_PRIORITY_ONLY_NO_TRADE_AUTHORITY,49a31b21ebafc2f4f923ba82a67b45d369bbb23dd8db8e1705481620d7cf7c1f,2026-07-14
2026-07-14,72,C_SCREEN_FLAG_ONLY,603893.SH,瑞芯微,SH,SH_MAIN,ACTIVE,,LIQUID_BREAKOUT,LIQUID_BREAKOUT,1,20,0.525,0.91588253,0.64226476,0.0,0.64226476,WITHIN_SLEEVE_RANK_PERCENTILE_PLUS_RAW_SCORE,ELIGIBLE_CORE,VALID,A,0,3433556310.45,0.27026235652377606,0.27234866259971846,0.10285743339434616,0.49696342305037944,-0.11785757859205337,0.5080932900337817,-0.2746793915896213,6ea34ba5f3b7f845543f4afa8af73a8c8565c1da3c5f723425b6340b157b3175,PUBLIC_EQUITY_INVESTING_IDEA_GENERATION,RESEARCH_PRIORITY_ONLY_NO_TRADE_AUTHORITY,79f1b8c2af61f1f35084de39c9de7ed818b8b82a996a4a23f61952d09e660653,2026-07-14
2026-07-14,73,C_SCREEN_FLAG_ONLY,688359.SH,三孚新科,SH,STAR,ACTIVE,,TREND_PERSISTENCE,TREND_PERSISTENCE,1,21,0.5,0.92602491,0.62780747,0.0,0.62780747,WITHIN_SLEEVE_RANK_PERCENTILE_PLUS_RAW_SCORE,ELIGIBLE_CORE,VALID,A,0,1002312631.1,0.25756992558378244,1.1354030501089327,1.77191742081448,2.712689393939394,-0.0818266978922717,0.7689302853987687,-0.22235294117647064,ce4da3af884d6be5b965f734316dcab460dae9d1bcc74027165416bb04bce89d,PUBLIC_EQUITY_INVESTING_IDEA_GENERATION,RESEARCH_PRIORITY_ONLY_NO_TRADE_AUTHORITY,6fc896572cb70b88061d733b62186762dd6c3b4e1cec06f479a21dd1d70e2c12,2026-07-14
2026-07-14,74,C_SCREEN_FLAG_ONLY,601328.SH,交通银行,SH,SH_MAIN,ACTIVE,,DEFENSIVE_STABILITY,DEFENSIVE_STABILITY,1,21,0.5,0.92584054,0.62775216,0.0,0.62775216,WITHIN_SLEEVE_RANK_PERCENTILE_PLUS_RAW_SCORE,ELIGIBLE_CORE,VALID,A,0,1375125203.8,-0.007320644216691097,0.002958579881656931,-0.020231213872832332,-0.12403100775193798,-0.13520408163265296,0.1938858767341599,-0.09913793103448276,93626dd9e907008e3959b3005e059363ecb3bfc69e911201604df5d1666a9e41,PUBLIC_EQUITY_INVESTING_IDEA_GENERATION,RESEARCH_PRIORITY_ONLY_NO_TRADE_AUTHORITY,1aa0055b7b67807e0b9b6f209c23d84db21f85a427db9265b066b4fc022eb03f,2026-07-14
2026-07-14,75,C_SCREEN_FLAG_ONLY,301379.SZ,天山电子,SZ,CHINEXT,ACTIVE,C 制造业,LIQUID_BREAKOUT,LIQUID_BREAKOUT,1,21,0.5,0.91579857,0.62473957,0.0,0.62473957,WITHIN_SLEEVE_RANK_PERCENTILE_PLUS_RAW_SCORE,ELIGIBLE_CORE,VALID,A,0,1077904212.85,0.47238776321017073,1.053185595567867,0.8821736922295582,0.9946178686759961,-0.009090909090909038,1.0732081519402006,-0.24080111783884484,9037e580b912fbf63d4e68dcaa51c890043a28e986596a4258e78c0a778b8948,PUBLIC_EQUITY_INVESTING_IDEA_GENERATION,RESEARCH_PRIORITY_ONLY_NO_TRADE_AUTHORITY,ae887ca10698f8d3158d960a0710d2a32a2e1ae231ae2fa6ab9cbac7ff39530a,2026-07-14
2026-07-14,76,C_SCREEN_FLAG_ONLY,688728.SH,格科微,SH,STAR,ACTIVE,,RECOVERY_WATCH,RECOVERY_WATCH,1,15,0.53333333,0.83765468,0.62462974,0.0,0.62462974,WITHIN_SLEEVE_RANK_PERCENTILE_PLUS_RAW_SCORE,ELIGIBLE_CORE,VALID,A,0,1474857314.4,0.37177650429799414,0.4540622627182991,0.1501501501501501,0.25986842105263164,-0.2415841584158417,0.834104631122488,-0.25654450261780115,ade9dab9e5d65e91e6f907091958ed730ddf20f9f0e6e6fc31ac22c5918c2339,PUBLIC_EQUITY_INVESTING_IDEA_GENERATION,RESEARCH_PRIORITY_ONLY_NO_TRADE_AUTHORITY,882e48865b6c5a6c90aed1a1561f1a9c0e9d1f85a3e9aba25741e5bf93b9f096,2026-07-14
2026-07-14,77,C_SCREEN_FLAG_ONLY,601939.SH,建设银行,SH,SH_MAIN,ACTIVE,,DEFENSIVE_STABILITY,DEFENSIVE_STABILITY,1,22,0.475,0.92484206,0.60995262,0.0,0.60995262,WITHIN_SLEEVE_RANK_PERCENTILE_PLUS_RAW_SCORE,ELIGIBLE_CORE,VALID,A,0,1137405529.6,-0.013752455795677854,0.08306364617044215,0.1243001119820828,0.07150480256136604,-0.041984732824427606,0.21921835379906063,-0.11259541984732824,ecbc25b68fc0a19481702a7b4bb32aa501608e11cdfdf8fb2fced33c9e9d9e1c,PUBLIC_EQUITY_INVESTING_IDEA_GENERATION,RESEARCH_PRIORITY_ONLY_NO_TRADE_AUTHORITY,bd6aa0376d2f60117b683501f4a60ce8df8c27abf91922da02e1db042024ce81,2026-07-14
2026-07-14,78,C_SCREEN_FLAG_ONLY,301365.SZ,矩阵股份,SZ,CHINEXT,ACTIVE,M 科研服务,TREND_PERSISTENCE,TREND_PERSISTENCE,1,22,0.475,0.92390394,0.60967118,0.0,0.60967118,WITHIN_SLEEVE_RANK_PERCENTILE_PLUS_RAW_SCORE,ELIGIBLE_CORE,VALID,A,0,222654164.25,0.15651358950328031,0.22218553978210642,0.43655413271245647,1.230120481927711,-0.10859619552130984,0.7143865263714482,-0.24593548387096775,dcb8ea1d8a2ae2e00acaa3b6f8fc67b0eb89f33bd6cee898079acaa3da8381df,PUBLIC_EQUITY_INVESTING_IDEA_GENERATION,RESEARCH_PRIORITY_ONLY_NO_TRADE_AUTHORITY,68d78d60e1649fccd60ce2494bc38253c62a19485ae5eca367215d0372c2b01f,2026-07-14
2026-07-14,79,C_SCREEN_FLAG_ONLY,688266.SH,泽璟制药,SH,STAR,ACTIVE,,RECOVERY_WATCH,RECOVERY_WATCH,1,16,0.5,0.83706962,0.60112089,0.0,0.60112089,WITHIN_SLEEVE_RANK_PERCENTILE_PLUS_RAW_SCORE,ELIGIBLE_CORE,VALID,A,0,1138394277.15,0.634327530768378,0.46944472136377224,0.5455594002306805,0.3203152991759226,0.0,0.6252011320496941,-0.2206396130072561,239f6f1a135b1edf91e8dca046f6779ff8080dc40913e26984eadbed18052ce5,PUBLIC_EQUITY_INVESTING_IDEA_GENERATION,RESEARCH_PRIORITY_ONLY_NO_TRADE_AUTHORITY,41fcc0b44bdc14c433f29db7e418a58a98cc30eaa4d1f30cb56c30364d3b8e1b,2026-07-14
2026-07-14,80,C_SCREEN_FLAG_ONLY,000001.SZ,平安银行,SZ,SZ_MAIN,ACTIVE,J 金融业,DEFENSIVE_STABILITY,DEFENSIVE_STABILITY,1,23,0.45,0.92332124,0.59199637,0.0,0.59199637,WITHIN_SLEEVE_RANK_PERCENTILE_PLUS_RAW_SCORE,ELIGIBLE_CORE,VALID,A,0,1094239894.0,-0.03345388788426773,-0.014746543778801802,-0.03780378037803778,-0.08476027397260277,-0.14480000000000004,0.19003684799589904,-0.1058718861209964,b2f363af72036cfb0695635e34cfd047283832105eb87e867be038800af4ac80,PUBLIC_EQUITY_INVESTING_IDEA_GENERATION,RESEARCH_PRIORITY_ONLY_NO_TRADE_AUTHORITY,07d02b0d3d500fb848182263a9d0cb5189d618996148d403288c666c73ee62ef,2026-07-14
2026-07-14,81,C_SCREEN_FLAG_ONLY,605186.SH,健麾信息,SH,SH_MAIN,ACTIVE,,TREND_PERSISTENCE,TREND_PERSISTENCE,1,23,0.45,0.91761816,0.59028545,0.0,0.59028545,WITHIN_SLEEVE_RANK_PERCENTILE_PLUS_RAW_SCORE,ELIGIBLE_CORE,VALID,A,0,222318690.25,0.0062893081761006275,0.6460905349794237,0.5325670498084292,0.5384615384615383,-0.08753920729968634,0.5233675043659055,-0.2257106491302503,f2e1781f0b95f2d2c943e9da5c35c58c1f407a0c3573f60106969ff8d6b6deef,PUBLIC_EQUITY_INVESTING_IDEA_GENERATION,RESEARCH_PRIORITY_ONLY_NO_TRADE_AUTHORITY,814d65b6a93f0f967af249873c004c61f813ee43fdbef46ba5fe10937d7e8d7d,2026-07-14
2026-07-14,82,C_SCREEN_FLAG_ONLY,002422.SZ,科伦药业,SZ,SZ_MAIN,ACTIVE,C 制造业,LIQUID_BREAKOUT,LIQUID_BREAKOUT,1,23,0.45,0.91469315,0.58940795,0.0,0.58940795,WITHIN_SLEEVE_RANK_PERCENTILE_PLUS_RAW_SCORE,ELIGIBLE_CORE,VALID,A,0,1651228775.6,0.32913126884077815,0.37784090909090895,0.4486260454002391,0.38968481375358177,0.0,0.5751045813884216,-0.14536830357142871,119b102869103823d32701b8e3f45a512e831c5309eb9107142694bf9be8847d,PUBLIC_EQUITY_INVESTING_IDEA_GENERATION,RESEARCH_PRIORITY_ONLY_NO_TRADE_AUTHORITY,c65f9b42ca5953382591eda39b5c13272ed216d527644f6bb7bd7fc64c1c2d1a,2026-07-14
2026-07-14,83,C_SCREEN_FLAG_ONLY,000034.SZ,神州数码,SZ,SZ_MAIN,ACTIVE,F 批发零售,RECOVERY_WATCH,RECOVERY_WATCH,1,17,0.46666667,0.83672689,0.57768473,0.0,0.57768473,WITHIN_SLEEVE_RANK_PERCENTILE_PLUS_RAW_SCORE,ELIGIBLE_CORE,VALID,A,0,1745840496.55,0.08146300914380711,0.04581993569131826,-0.13926563016870663,0.007355787843592809,-0.2473242695979173,0.6600043585940869,-0.2845607235142119,3e79b1713c0cc506f83b5651c514d7a9f7755405aca60ebf53d3f11a33c7498b,PUBLIC_EQUITY_INVESTING_IDEA_GENERATION,RESEARCH_PRIORITY_ONLY_NO_TRADE_AUTHORITY,96cfa004b0884ab2d9514233a97328210af0c527ac3e26cd604f6fc95b8d2118,2026-07-14
2026-07-14,84,C_SCREEN_FLAG_ONLY,600177.SH,雅戈尔,SH,SH_MAIN,ACTIVE,,DEFENSIVE_STABILITY,DEFENSIVE_STABILITY,1,24,0.425,0.91950282,0.57335085,0.0,0.57335085,WITHIN_SLEEVE_RANK_PERCENTILE_PLUS_RAW_SCORE,ELIGIBLE_CORE,VALID,A,0,185083893.05,0.045698924731182755,0.10042432814710045,0.07607192254495154,0.1324599708879186,-0.0063856960408684715,0.19791269780217433,-0.08179419525065967,d04064feb311276f057caedc4fee9043bcc4608d4b2efb10cf30c40e2385ebda,PUBLIC_EQUITY_INVESTING_IDEA_GENERATION,RESEARCH_PRIORITY_ONLY_NO_TRADE_AUTHORITY,bc41601bc781d9be57330b0d19199cae20e0fc7e3442822ea2364df026691d9a,2026-07-14
2026-07-14,85,C_SCREEN_FLAG_ONLY,300649.SZ,杭州园林,SZ,CHINEXT,ACTIVE,M 科研服务,TREND_PERSISTENCE,TREND_PERSISTENCE,1,24,0.425,0.91757651,0.57277295,0.0,0.57277295,WITHIN_SLEEVE_RANK_PERCENTILE_PLUS_RAW_SCORE,ELIGIBLE_CORE,VALID,A,0,142837593.35,0.12278582930756854,0.8793800539083558,0.8793800539083558,0.7026862026862029,-0.07311399135925556,0.7158983351482688,-0.17380191693290736,1bb833fbbe54b1d9077f388267471e9c3c48947abce2424cf06e772c684ada5d,PUBLIC_EQUITY_INVESTING_IDEA_GENERATION,RESEARCH_PRIORITY_ONLY_NO_TRADE_AUTHORITY,d09bfbd8afdfce529b58e1d87da1ff696cbe1fed967af800332fe207a0781618,2026-07-14
2026-07-14,86,C_SCREEN_FLAG_ONLY,002745.SZ,木林森,SZ,SZ_MAIN,ACTIVE,C 制造业,LIQUID_BREAKOUT,LIQUID_BREAKOUT,1,24,0.425,0.91469238,0.57190771,0.0,0.57190771,WITHIN_SLEEVE_RANK_PERCENTILE_PLUS_RAW_SCORE,ELIGIBLE_CORE,VALID,A,0,1306433236.2,0.19804878048780483,0.46016646848989295,0.2712215320910971,0.5663265306122449,-0.04361370716510904,0.646464972298274,-0.27064220183486243,aecda73ba37d1a450f9858c395d7d459c2f23ecd63f7346b8dcdf1c662f6ba91,PUBLIC_EQUITY_INVESTING_IDEA_GENERATION,RESEARCH_PRIORITY_ONLY_NO_TRADE_AUTHORITY,c44d53d26ee14dccf36ef027fa3973a74fa7640a1b508bdb88956bb5f2deec92,2026-07-14
2026-07-14,87,C_SCREEN_FLAG_ONLY,000089.SZ,深圳机场,SZ,SZ_MAIN,ACTIVE,G 运输仓储,DEFENSIVE_STABILITY,DEFENSIVE_STABILITY,1,25,0.4,0.91775296,0.55532589,0.0,0.55532589,WITHIN_SLEEVE_RANK_PERCENTILE_PLUS_RAW_SCORE,ELIGIBLE_CORE,VALID,A,0,72215493.4,0.0,-0.04367469879518071,-0.07163742690058483,-0.05786350148367958,-0.12413793103448278,0.20000841996956753,-0.1530898876404494,0fa02035847465e9f2c80ed4a923813ea157184b50713301bfe0df0f95e7088a,PUBLIC_EQUITY_INVESTING_IDEA_GENERATION,RESEARCH_PRIORITY_ONLY_NO_TRADE_AUTHORITY,16795d973ba64d2280a9d5b2b09e8de0f522330a08e2dbfba1bd20281118861b,2026-07-14
2026-07-14,88,C_SCREEN_FLAG_ONLY,002838.SZ,道恩股份,SZ,SZ_MAIN,ACTIVE,C 制造业,TREND_PERSISTENCE,TREND_PERSISTENCE,1,25,0.4,0.9153081,0.55459243,0.0,0.55459243,WITHIN_SLEEVE_RANK_PERCENTILE_PLUS_RAW_SCORE,ELIGIBLE_CORE,VALID,A,0,272346217.25,-0.017030939540164436,0.2926465098917508,0.22584070796460187,0.9027472527472529,-0.08240593534711182,0.5545298765319762,-0.237467018469657,eeb47782e6c9eb80ce91c2afdb02fac0727144d2c862bc34442db6adf47c5e42,PUBLIC_EQUITY_INVESTING_IDEA_GENERATION,RESEARCH_PRIORITY_ONLY_NO_TRADE_AUTHORITY,e224a5ce65a00d74f89b7df23254c7d04858009ef6c1ef8e7116392f433085e4,2026-07-14
2026-07-14,89,C_SCREEN_FLAG_ONLY,001359.SZ,平安电工,SZ,SZ_MAIN,ACTIVE,C 制造业,LIQUID_BREAKOUT,LIQUID_BREAKOUT,1,25,0.4,0.91422978,0.55426893,0.0,0.55426893,WITHIN_SLEEVE_RANK_PERCENTILE_PLUS_RAW_SCORE,ELIGIBLE_CORE,VALID,A,0,624577827.4,0.3302731998672712,0.9843260188087775,1.2421700223713645,3.687061574434918,-0.07434772569845305,0.7513129000592224,-0.21343329253365972,7e42ac4c1f37b1dbeec60261cf81b70eb06255dddc530f995cfb9f77e2ee8ebd,PUBLIC_EQUITY_INVESTING_IDEA_GENERATION,RESEARCH_PRIORITY_ONLY_NO_TRADE_AUTHORITY,57c1cc2aa56b65bdd3627bb850820fca570f63bfbabef1287cfbfd1321e245af,2026-07-14
2026-07-14,90,C_SCREEN_FLAG_ONLY,688103.SH,国力电子,SH,STAR,ACTIVE,,RECOVERY_WATCH,RECOVERY_WATCH,1,18,0.43333333,0.82871395,0.55194752,0.0,0.55194752,WITHIN_SLEEVE_RANK_PERCENTILE_PLUS_RAW_SCORE,ELIGIBLE_CORE,VALID,A,0,477012803.45,0.5262057877813506,0.6918552842630548,0.33122984153695145,0.6194131695667009,-0.07834951456310668,0.7815046418200561,-0.24802919708029203,9765ea4d87d7f4e8b9f869b410fcee9f911fdab2c0193b4fcb9bc568d558ae4b,PUBLIC_EQUITY_INVESTING_IDEA_GENERATION,RESEARCH_PRIORITY_ONLY_NO_TRADE_AUTHORITY,2d89200e23db832f6039dc44fd05ed09e928f3fc46a6be9b9ad80b78c24badb4,2026-07-14
2026-07-14,91,C_SCREEN_FLAG_ONLY,600941.SH,中国移动,SH,SH_MAIN,ACTIVE,,DEFENSIVE_STABILITY,DEFENSIVE_STABILITY,1,26,0.375,0.91740327,0.53772098,0.0,0.53772098,WITHIN_SLEEVE_RANK_PERCENTILE_PLUS_RAW_SCORE,ELIGIBLE_CORE,VALID,A,0,874373676.05,-0.025787965616045905,0.0016366612111291534,-0.06507791017415221,-0.14149443561208275,-0.15383906350815746,0.18188487538836465,-0.1280623608017818,391deead92eeb9c3f1759b0d4ef8ed236f5486ad7c60023d910f3952732478d0,PUBLIC_EQUITY_INVESTING_IDEA_GENERATION,RESEARCH_PRIORITY_ONLY_NO_TRADE_AUTHORITY,890991b7ea9e5251f75c5bf4ac9a586c2fd41f277b4bfe553bc96324f8a7c708,2026-07-14
2026-07-14,92,C_SCREEN_FLAG_ONLY,301228.SZ,实朴检测,SZ,CHINEXT,ACTIVE,M 科研服务,TREND_PERSISTENCE,TREND_PERSISTENCE,1,26,0.375,0.91319737,0.53645921,0.0,0.53645921,WITHIN_SLEEVE_RANK_PERCENTILE_PLUS_RAW_SCORE,ELIGIBLE_CORE,VALID,A,0,269491052.2,-0.18291431503335032,0.19512195121951237,0.6126582278481014,1.392039053698836,-0.24382716049382713,0.7269279336878129,-0.24382716049382713,2b8be221dbf602cadfb25fc64ff66925e881e225e09d24ae85873bb20a7450ec,PUBLIC_EQUITY_INVESTING_IDEA_GENERATION,RESEARCH_PRIORITY_ONLY_NO_TRADE_AUTHORITY,d40bdbf6ee5a94b6f03a305597b25bf10d2c82457e842d7e1dbe86697aa4206d,2026-07-14
2026-07-14,93,C_SCREEN_FLAG_ONLY,002965.SZ,祥鑫科技,SZ,SZ_MAIN,ACTIVE,C 制造业,LIQUID_BREAKOUT,LIQUID_BREAKOUT,1,26,0.375,0.91314626,0.53644388,0.0,0.53644388,WITHIN_SLEEVE_RANK_PERCENTILE_PLUS_RAW_SCORE,ELIGIBLE_CORE,VALID,A,0,1004025723.8,0.2384482332592044,0.6519446275543836,0.1812396888993637,0.3322700691121745,-0.07714969618854728,0.6029976752730971,-0.33526290400385916,962f31b6dbc023cbb0a0b25fe719cc061e4be75db7924b7b8ec1e94123638acd,PUBLIC_EQUITY_INVESTING_IDEA_GENERATION,RESEARCH_PRIORITY_ONLY_NO_TRADE_AUTHORITY,593d12ecbfcc12b3a2150a861850afbcf962dc3fcbf0a85e96516b10cb6e16df,2026-07-14
2026-07-14,94,C_SCREEN_FLAG_ONLY,920367.BJ,新赣江,BJ,BSE,ACTIVE,医药制造业,RECOVERY_WATCH,RECOVERY_WATCH,1,19,0.4,0.82283197,0.52684959,0.0,0.52684959,WITHIN_SLEEVE_RANK_PERCENTILE_PLUS_RAW_SCORE,ELIGIBLE_CORE,VALID,A,0,149998695.05,0.7065789473684212,0.27531956735496577,0.10571184995737437,0.01885310290651998,-0.14922925549360433,1.0483175376597935,-0.5178747130206625,37db4e73390ea244fc6862b96143edbbfaf5476469189f5c5195822e18166caf,PUBLIC_EQUITY_INVESTING_IDEA_GENERATION,RESEARCH_PRIORITY_ONLY_NO_TRADE_AUTHORITY,2ebb2ce914895eecaaf096bcb4a06030088e85c6a62c4da2559c1bf2c2fb4d28,2026-07-14
2026-07-14,95,C_SCREEN_FLAG_ONLY,600036.SH,招商银行,SH,SH_MAIN,ACTIVE,,DEFENSIVE_STABILITY,DEFENSIVE_STABILITY,1,27,0.35,0.91714722,0.52014417,0.0,0.52014417,WITHIN_SLEEVE_RANK_PERCENTILE_PLUS_RAW_SCORE,ELIGIBLE_CORE,VALID,A,0,3437222906.55,-0.01925613294645201,-0.04249291784702547,-0.04691104844911553,-0.12825322391559202,-0.15249601094141774,0.17023102620801686,-0.1152368758002561,c7920d275790ff10fd0780a073c5c0f0c6d5f381711245c3f4a47f5f1be226cd,PUBLIC_EQUITY_INVESTING_IDEA_GENERATION,RESEARCH_PRIORITY_ONLY_NO_TRADE_AUTHORITY,ed0388ef32d2296628ae1da8c10f017f26b10f652f6b72949fb75c9615939c53,2026-07-14
2026-07-14,96,C_SCREEN_FLAG_ONLY,300990.SZ,同飞股份,SZ,CHINEXT,ACTIVE,C 制造业,LIQUID_BREAKOUT,LIQUID_BREAKOUT,1,27,0.35,0.91209465,0.51862839,0.0,0.51862839,WITHIN_SLEEVE_RANK_PERCENTILE_PLUS_RAW_SCORE,ELIGIBLE_CORE,VALID,A,0,830264966.6,0.35902934537246045,0.4324292172257911,0.3378888888888889,1.450844697740688,0.0,0.8170308632818828,-0.2519230769230769,20d97c492b7b948957ce78eab94d4fe4b3be2518ede3fc9c1332d096c24e6fcb,PUBLIC_EQUITY_INVESTING_IDEA_GENERATION,RESEARCH_PRIORITY_ONLY_NO_TRADE_AUTHORITY,20c784f5ea0e5960b649cdd6c40ab78f65d867bced2b4cad16262db9dd41d69a,2026-07-14
2026-07-14,97,C_SCREEN_FLAG_ONLY,002126.SZ,银轮股份,SZ,SZ_MAIN,ACTIVE,C 制造业,TREND_PERSISTENCE,TREND_PERSISTENCE,1,27,0.35,0.91181334,0.518544,0.0,0.518544,WITHIN_SLEEVE_RANK_PERCENTILE_PLUS_RAW_SCORE,ELIGIBLE_CORE,VALID,A,0,1550542341.15,0.05927887553473199,0.07084019769357486,0.33641737342585465,1.2608695652173911,-0.1266375545851528,0.6090909072332656,-0.24870848708487092,90d463d12e4533fcefc8a9e06dee00c2174c77e156eab681811120cbed03816a,PUBLIC_EQUITY_INVESTING_IDEA_GENERATION,RESEARCH_PRIORITY_ONLY_NO_TRADE_AUTHORITY,d2e389192f50b6e02c4db41c079948be0b9b6bc747768c2fba57ba9c235199e5,2026-07-14
2026-07-14,98,C_SCREEN_FLAG_ONLY,301393.SZ,昊帆生物,SZ,CHINEXT,ACTIVE,C 制造业,RECOVERY_WATCH,RECOVERY_WATCH,1,20,0.36666667,0.82187708,0.50322979,0.0,0.50322979,WITHIN_SLEEVE_RANK_PERCENTILE_PLUS_RAW_SCORE,ELIGIBLE_CORE,VALID,A,0,232106581.75,0.4059288537549406,0.19865206402695867,0.32328869047619047,0.36702536510376627,0.0,0.5658949027073241,-0.23278943278943276,506298ecb4caaae93c01fa26ed522319a4891c31f2fe74d095a51f1f8e760f55,PUBLIC_EQUITY_INVESTING_IDEA_GENERATION,RESEARCH_PRIORITY_ONLY_NO_TRADE_AUTHORITY,a1d4b31a78bab399c412e6ff4666933554eea3ecd6345cae5121dd0aac3af0e7,2026-07-14
2026-07-14,99,C_SCREEN_FLAG_ONLY,600511.SH,国药股份,SH,SH_MAIN,ACTIVE,,DEFENSIVE_STABILITY,DEFENSIVE_STABILITY,1,28,0.325,0.91678019,0.50253406,0.0,0.50253406,WITHIN_SLEEVE_RANK_PERCENTILE_PLUS_RAW_SCORE,ELIGIBLE_CORE,VALID,A,0,111764425.35,0.016911764705882293,-0.024682651622002783,-0.025026436376454075,-0.018104366347177936,-0.07367716008037506,0.18769340326147022,-0.1343886830582688,a670c42aaba62d3c791ae700ba206ee844fa0617173a2d86033944d375c3ccf6,PUBLIC_EQUITY_INVESTING_IDEA_GENERATION,RESEARCH_PRIORITY_ONLY_NO_TRADE_AUTHORITY,5855690bfeed335e09ec8e7518f665dc54d5128f5ded30c08eb013061f1cf436,2026-07-14
2026-07-14,100,C_SCREEN_FLAG_ONLY,300661.SZ,圣邦股份,SZ,CHINEXT,ACTIVE,C 制造业,TREND_PERSISTENCE,TREND_PERSISTENCE,1,28,0.325,0.91157667,0.500973,0.0,0.500973,WITHIN_SLEEVE_RANK_PERCENTILE_PLUS_RAW_SCORE,ELIGIBLE_CORE,VALID,A,0,2681416454.0,0.004108533767011924,0.5494650640602299,0.6041296321619036,0.6503939223410242,-0.18239475885140777,0.6749127591460068,-0.20240532241555775,ced93ca838a4a133a509151753777acbf6f88cb6d9eda6239c1ff10d63152c82,PUBLIC_EQUITY_INVESTING_IDEA_GENERATION,RESEARCH_PRIORITY_ONLY_NO_TRADE_AUTHORITY,36dbbd10bebc5d5e78ed39b2d02bf939064c2f03170d27b8b7dc497509e58dbe,2026-07-14
2026-07-15,1,A_IMMEDIATE_RESEARCH,600900.SH,XD长江电,SH,SH_MAIN,ACTIVE,,DEFENSIVE_STABILITY,DEFENSIVE_STABILITY|RECOVERY_WATCH,2,1,1.0,0.9472302,0.98416906,0.02,1.00416906,WITHIN_SLEEVE_RANK_PERCENTILE_PLUS_RAW_SCORE,ELIGIBLE_CORE,VALID,A,0,3491001680.35,0.05486189935679153,0.08020147229755903,0.056861258529188774,-0.015188979159307614,-0.03194444444444455,0.1522919876698095,-0.0727537286285922,eddf27e3ef3639c082e4c3280de17402eb6cbf6e428c2472d172faf2b96d799d,PUBLIC_EQUITY_INVESTING_IDEA_GENERATION,RESEARCH_PRIORITY_ONLY_NO_TRADE_AUTHORITY,aa38659f3f28c76e2980360b08aa5368047886bac43dff3afc0efd3119ca3fd8,2026-07-15
2026-07-15,2,A_IMMEDIATE_RESEARCH,688498.SH,源杰科技,SH,STAR,ACTIVE,,TREND_PERSISTENCE,TREND_PERSISTENCE,1,1,1.0,0.97682407,0.99304722,0.0,0.99304722,WITHIN_SLEEVE_RANK_PERCENTILE_PLUS_RAW_SCORE,ELIGIBLE_CORE,VALID,A,0,8134754833.35,0.12438466510864687,0.9967107804721906,2.920846157180632,12.257603517772079,-0.04082714740190885,0.8846087582845585,-0.15683987274655353,af1332aa8b499a01a5c99938030d385461c1f4a4aa6835b3277354961d82cda0,PUBLIC_EQUITY_INVESTING_IDEA_GENERATION,RESEARCH_PRIORITY_ONLY_NO_TRADE_AUTHORITY,f27267f3a2658765dd0b5424cc63a68c6a8786cdf1d49408888202cf5b91cb6d,2026-07-15
2026-07-15,3,A_IMMEDIATE_RESEARCH,300558.SZ,贝达药业,SZ,CHINEXT,ACTIVE,C 制造业,RECOVERY_WATCH,RECOVERY_WATCH|LIQUID_BREAKOUT,2,1,1.0,0.88829052,0.96648716,0.02,0.98648716,WITHIN_SLEEVE_RANK_PERCENTILE_PLUS_RAW_SCORE,ELIGIBLE_CORE,VALID,A,0,1721582194.5,0.3284527107241788,0.4936596218020022,0.31983487320621196,0.14534288638689863,-0.10168584426010163,0.6773302563969719,-0.21615294576667965,619afa12428ffeb466dfa13bffabd262d7b424f031323b352bd8d763fc910f30,PUBLIC_EQUITY_INVESTING_IDEA_GENERATION,RESEARCH_PRIORITY_ONLY_NO_TRADE_AUTHORITY,fd389773de3770324f2bc553083af942df89c3efc21f1489e31c368603f32383,2026-07-15
2026-07-15,4,A_IMMEDIATE_RESEARCH,920510.BJ,丰光精密,BJ,BSE,ACTIVE,通用设备制造业,LIQUID_BREAKOUT,LIQUID_BREAKOUT,1,1,1.0,0.94342532,0.9830276,0.0,0.9830276,WITHIN_SLEEVE_RANK_PERCENTILE_PLUS_RAW_SCORE,ELIGIBLE_CORE,VALID,A,0,386468167.25,0.4894736842105263,0.9357045143638851,0.418546365914787,0.24286341677646028,-0.1361416361416361,1.4327997895181908,-0.3418269230769231,6262ad93dc15f5f0592193fd45adf3be5c2cf51e4983939c221f79620ecebadf,PUBLIC_EQUITY_INVESTING_IDEA_GENERATION,RESEARCH_PRIORITY_ONLY_NO_TRADE_AUTHORITY,c83883ef98b23993c1a11fd69d367995bb9d48a02fbe2141e30a66bbca3ba295,2026-07-15
2026-07-15,5,A_IMMEDIATE_RESEARCH,002768.SZ,国恩股份,SZ,SZ_MAIN,ACTIVE,C 制造业,TREND_PERSISTENCE,TREND_PERSISTENCE|LIQUID_BREAKOUT,2,3,0.95,0.9687274,0.95561822,0.02,0.97561822,WITHIN_SLEEVE_RANK_PERCENTILE_PLUS_RAW_SCORE,ELIGIBLE_CORE,VALID,A,0,830927466.1,0.12274024738344447,0.7271662763466045,0.5404699738903396,2.1771674744211094,-0.01683052824529241,0.5243764862425899,-0.2451756556160316,124aa2d4dd7e2389cdb02e9b152ccf484b349d0e228a5bf2a7ab242e49f3a371,PUBLIC_EQUITY_INVESTING_IDEA_GENERATION,RESEARCH_PRIORITY_ONLY_NO_TRADE_AUTHORITY,a7689e57ed0d77509b896285cc355eb34b0856b7c5d623e5fdc9ce5e374d49ed,2026-07-15
2026-07-15,6,A_IMMEDIATE_RESEARCH,300308.SZ,中际旭创,SZ,CHINEXT,ACTIVE,C 制造业,TREND_PERSISTENCE,TREND_PERSISTENCE,1,2,0.975,0.97246609,0.97423983,0.0,0.97423983,WITHIN_SLEEVE_RANK_PERCENTILE_PLUS_RAW_SCORE,ELIGIBLE_CORE,VALID,A,0,38309891825.5,-0.06312044804461214,0.4460025969207939,0.9985813663322334,7.237477985206059,-0.15410213190772104,0.6291732648417031,-0.20859707884513823,04c5ec2273ffe388022fdbb3380c62b12fafc1e0a12f9015939404366f60a565,PUBLIC_EQUITY_INVESTING_IDEA_GENERATION,RESEARCH_PRIORITY_ONLY_NO_TRADE_AUTHORITY,4d4e2f6921a0c997a88fa0419f04974f5e9ab526fe3247cb523bb3c76721faaf,2026-07-15
2026-07-15,7,A_IMMEDIATE_RESEARCH,002936.SZ,郑州银行,SZ,SZ_MAIN,ACTIVE,J 金融业,DEFENSIVE_STABILITY,DEFENSIVE_STABILITY,1,2,0.975,0.94418438,0.96575531,0.0,0.96575531,WITHIN_SLEEVE_RANK_PERCENTILE_PLUS_RAW_SCORE,ELIGIBLE_CORE,VALID,A,0,133500237.6,0.0,-0.03296703296703296,-0.10204081632653061,-0.14975845410628008,-0.22123893805309724,0.16842659236299604,-0.15384615384615385,a13d894bed04765098ae80ab44d07c4e8ebaab12eb49a34ce3d2b9fcfcae513f,PUBLIC_EQUITY_INVESTING_IDEA_GENERATION,RESEARCH_PRIORITY_ONLY_NO_TRADE_AUTHORITY,5e1a52010badba43238f94793f13bf84409e5c0f556280c17b83677975a8ead5,2026-07-15
2026-07-15,8,A_IMMEDIATE_RESEARCH,002185.SZ,华天科技,SZ,SZ_MAIN,ACTIVE,C 制造业,LIQUID_BREAKOUT,LIQUID_BREAKOUT,1,2,0.975,0.93928825,0.96428648,0.0,0.96428648,WITHIN_SLEEVE_RANK_PERCENTILE_PLUS_RAW_SCORE,ELIGIBLE_CORE,VALID,A,0,12136186730.4,0.2968574635241301,0.845846645367412,0.9802913453299058,1.6142533936651584,-0.10007788161993769,0.7884380881032662,-0.25230566534914367,d5e53f4d44d2bc94f520375790b908ec4a3d13bd71acc2c6f31dbfa6f69a3511,PUBLIC_EQUITY_INVESTING_IDEA_GENERATION,RESEARCH_PRIORITY_ONLY_NO_TRADE_AUTHORITY,b13827f44f8e7e5075e47929e17deb55bae2e720ba399d51fc737f953882b5e8,2026-07-15
2026-07-15,9,A_IMMEDIATE_RESEARCH,920020.BJ,泰凯英,BJ,BSE,ACTIVE,橡胶和塑料制品业,DEFENSIVE_STABILITY,DEFENSIVE_STABILITY,1,3,0.95,0.94412911,0.94823873,0.0,0.94823873,WITHIN_SLEEVE_RANK_PERCENTILE_PLUS_RAW_SCORE,ELIGIBLE_CORE,PARTIAL,B,0,18421696.9,0.11006711409395975,0.0874424720578566,-0.04997128087306146,,-0.2457820337437301,0.2953212759422887,-0.20835623969213857,3a2ba879cbe03de29305b291c5eb151f3e40f56deab7781c207b3d2fc38662f7,PUBLIC_EQUITY_INVESTING_IDEA_GENERATION,RESEARCH_PRIORITY_ONLY_NO_TRADE_AUTHORITY,f72367e9878ec8cd92ae61e7ef5f75edd0a5f16f919517f44d08075aaf5317d7,2026-07-15
2026-07-15,10,A_IMMEDIATE_RESEARCH,600584.SH,长电科技,SH,SH_MAIN,ACTIVE,,LIQUID_BREAKOUT,LIQUID_BREAKOUT,1,3,0.95,0.92941851,0.94382555,0.0,0.94382555,WITHIN_SLEEVE_RANK_PERCENTILE_PLUS_RAW_SCORE,ELIGIBLE_CORE,VALID,A,0,22887177507.05,0.20312296681847752,1.1167582417582418,1.193594306049822,1.7624738571855394,-0.13297074268567144,0.868413190783775,-0.2721217887725975,015e48f804cab169f03ec2b4057b8b58530ca630b99d0c6d1645401e29d33e65,PUBLIC_EQUITY_INVESTING_IDEA_GENERATION,RESEARCH_PRIORITY_ONLY_NO_TRADE_AUTHORITY,b665ceb8b41f0dec4392114360fb734ad265d3759533c2d6f08f6b5a83d3fbc1,2026-07-15
2026-07-15,11,A_IMMEDIATE_RESEARCH,603501.SH,豪威集团,SH,SH_MAIN,ACTIVE,,RECOVERY_WATCH,RECOVERY_WATCH,1,2,0.96666667,0.88650179,0.9426172,0.0,0.9426172,WITHIN_SLEEVE_RANK_PERCENTILE_PLUS_RAW_SCORE,ELIGIBLE_CORE,VALID,A,0,3563183580.6,0.2598639455782312,0.18692587054048282,-0.13356725146198822,-0.10732647814910024,-0.2616611295681063,0.5322432798279916,-0.34835501147666403,74c919655422928616ea7edb1c3ddd3b3e26f3ce2e3b79b8b62db0f7463efc57,PUBLIC_EQUITY_INVESTING_IDEA_GENERATION,RESEARCH_PRIORITY_ONLY_NO_TRADE_AUTHORITY,f6070efbff7b93053a6b78a1122745ba08b702e1d93f580eec8ef3ba21b39037,2026-07-15
2026-07-15,12,A_IMMEDIATE_RESEARCH,603268.SH,松发股份,SH,SH_MAIN,ACTIVE,,TREND_PERSISTENCE,TREND_PERSISTENCE,1,4,0.925,0.96687888,0.93756366,0.0,0.93756366,WITHIN_SLEEVE_RANK_PERCENTILE_PLUS_RAW_SCORE,ELIGIBLE_CORE,VALID,A,0,1543567811.75,0.06434067391881149,0.38986574274577745,0.823409090909091,2.9925354565812397,-0.0435715562973118,0.5702171629169264,-0.21068572813181485,1ec617ec5aa44d1bfc1f607e7abc82a0a7f03ae1f5336099faefd9e92ff9ebe1,PUBLIC_EQUITY_INVESTING_IDEA_GENERATION,RESEARCH_PRIORITY_ONLY_NO_TRADE_AUTHORITY,18b05aba04e32de88de0910458ea01af945ee4fa77fd5c828e11321f71cb6f28,2026-07-15
2026-07-15,13,A_IMMEDIATE_RESEARCH,603669.SH,灵康药业,SH,SH_MAIN,ACTIVE,,RECOVERY_WATCH,RECOVERY_WATCH|LIQUID_BREAKOUT,2,3,0.93333333,0.87515867,0.91588093,0.02,0.93588093,WITHIN_SLEEVE_RANK_PERCENTILE_PLUS_RAW_SCORE,ELIGIBLE_CORE,VALID,A,0,292062944.25,0.710970464135021,0.7440860215053762,0.6285140562248994,0.4353982300884953,0.0,0.5522555386895692,-0.18599999999999994,31f7006503501a0fdae6bf0617422956baf4d0480cff0123932278170acb531a,PUBLIC_EQUITY_INVESTING_IDEA_GENERATION,RESEARCH_PRIORITY_ONLY_NO_TRADE_AUTHORITY,85fbda1b43533c7826c285b44da87bdf095e8feaa492dca03f2b5417e40868d2,2026-07-15
2026-07-15,14,A_IMMEDIATE_RESEARCH,601818.SH,光大银行,SH,SH_MAIN,ACTIVE,,DEFENSIVE_STABILITY,DEFENSIVE_STABILITY,1,4,0.925,0.94365809,0.93059743,0.0,0.93059743,WITHIN_SLEEVE_RANK_PERCENTILE_PLUS_RAW_SCORE,ELIGIBLE_CORE,VALID,A,0,672676531.1,-0.012539184952978122,-0.01562500000000011,-0.059701492537313494,-0.22029702970297027,-0.25355450236966826,0.15587137222810438,-0.13731343283582087,51e4b095e6ac33dd542dd99a53271453aa598432968b89f24f2b2da9af7d6ec9,PUBLIC_EQUITY_INVESTING_IDEA_GENERATION,RESEARCH_PRIORITY_ONLY_NO_TRADE_AUTHORITY,c0eea2d55cdf43f23e1eb446bd48e5298b8add673b7c98cc76f308b38b3d6774,2026-07-15
2026-07-15,15,A_IMMEDIATE_RESEARCH,603823.SH,百合花,SH,SH_MAIN,ACTIVE,,LIQUID_BREAKOUT,LIQUID_BREAKOUT,1,4,0.925,0.92845404,0.92603621,0.0,0.92603621,WITHIN_SLEEVE_RANK_PERCENTILE_PLUS_RAW_SCORE,ELIGIBLE_CORE,VALID,A,0,1382377496.5,0.47102593010146543,3.1928020565552693,2.9853390348197917,3.48076923076923,-0.09951690821256054,0.8020346898261681,-0.2460438999489536,2c9d985bad787e8f80a293ba966a8995ac1ebc087435b04e05b6422c48a12b82,PUBLIC_EQUITY_INVESTING_IDEA_GENERATION,RESEARCH_PRIORITY_ONLY_NO_TRADE_AUTHORITY,107ba056b860974a3ac70ea8e349dbf9f6d3b09fbcc8f299d07f3ba956e8de7c,2026-07-15
2026-07-15,16,A_IMMEDIATE_RESEARCH,002937.SZ,兴瑞科技,SZ,SZ_MAIN,ACTIVE,C 制造业,TREND_PERSISTENCE,TREND_PERSISTENCE,1,5,0.9,0.96623,0.919869,0.0,0.919869,WITHIN_SLEEVE_RANK_PERCENTILE_PLUS_RAW_SCORE,ELIGIBLE_CORE,VALID,A,0,497632688.8,0.04220368966388688,0.33247172859450735,0.7233597994149603,1.5115712545676003,-0.09700021896211952,0.4869434620681903,-0.18780831571529244,f231cd5361d8f400407ed61f4a4c9f36671403047768a879d251b09c17daf0d9,PUBLIC_EQUITY_INVESTING_IDEA_GENERATION,RESEARCH_PRIORITY_ONLY_NO_TRADE_AUTHORITY,33faa6893e972d85d00543fd2634ec550851b8f185a2668c240fb550f8d0a168,2026-07-15
2026-07-15,17,A_IMMEDIATE_RESEARCH,000538.SZ,云南白药,SZ,SZ_MAIN,ACTIVE,C 制造业,DEFENSIVE_STABILITY,DEFENSIVE_STABILITY,1,5,0.9,0.94079624,0.91223887,0.0,0.91223887,WITHIN_SLEEVE_RANK_PERCENTILE_PLUS_RAW_SCORE,ELIGIBLE_CORE,VALID,A,0,497956137.45,0.02813195709370575,-0.05768874049341499,-0.08418965206417883,-0.04600938967136159,-0.11606055333217336,0.17358219306583775,-0.15573917729477282,d684d2e0bf313d5e35e9a48af18fee9df491833007630ae5cc310e727ea295c6,PUBLIC_EQUITY_INVESTING_IDEA_GENERATION,RESEARCH_PRIORITY_ONLY_NO_TRADE_AUTHORITY,5acc0ebf6d4176bba8515f38c11b01f5126b0f94b85328539da96305ccb93425,2026-07-15
2026-07-15,18,A_IMMEDIATE_RESEARCH,300759.SZ,康龙化成,SZ,CHINEXT,ACTIVE,M 科研服务,RECOVERY_WATCH,RECOVERY_WATCH|LIQUID_BREAKOUT,2,4,0.9,0.86817187,0.89045156,0.02,0.91045156,WITHIN_SLEEVE_RANK_PERCENTILE_PLUS_RAW_SCORE,ELIGIBLE_CORE,VALID,A,0,2351240316.0,0.8443935926773454,0.2920807951266431,0.23543838136112805,0.6632274040445727,0.0,0.5132734508196778,-0.34006116207951076,1c632ec56135c9184cc803d498cdff0ca7e1f847d71d2b93f3a423f1500adcf9,PUBLIC_EQUITY_INVESTING_IDEA_GENERATION,RESEARCH_PRIORITY_ONLY_NO_TRADE_AUTHORITY,ece9889b9ccd753b77f69a7f6a5e446b1f2cb54de0b0f1dabdc0d55ddd71e3a6,2026-07-15
2026-07-15,19,A_IMMEDIATE_RESEARCH,000938.SZ,紫光股份,SZ,SZ_MAIN,ACTIVE,C 制造业,LIQUID_BREAKOUT,LIQUID_BREAKOUT,1,5,0.9,0.92471473,0.90741442,0.0,0.90741442,WITHIN_SLEEVE_RANK_PERCENTILE_PLUS_RAW_SCORE,ELIGIBLE_CORE,VALID,A,0,8905611110.35,0.3267363704256907,0.2680228408279801,0.36130268199233706,0.4909777591271509,-0.07498047383493867,0.6757069339956008,-0.23972188633615477,c0a270a024358175610cebcac1e4c709dd92fed898a789b3b6b874b52f2f71b9,PUBLIC_EQUITY_INVESTING_IDEA_GENERATION,RESEARCH_PRIORITY_ONLY_NO_TRADE_AUTHORITY,61304d75824e23cc6956c3e6b47f5ea6edc4d7df4b79245983f93ffe9c6f9d0c,2026-07-15
2026-07-15,20,A_IMMEDIATE_RESEARCH,002718.SZ,友邦吊顶,SZ,SZ_MAIN,ACTIVE,C 制造业,TREND_PERSISTENCE,TREND_PERSISTENCE,1,6,0.875,0.96591438,0.90227432,0.0,0.90227432,WITHIN_SLEEVE_RANK_PERCENTILE_PLUS_RAW_SCORE,ELIGIBLE_CORE,VALID,A,0,186533025.35,-0.021641118124436476,0.4410944348519059,1.4954001839926403,6.487922705314009,-0.09951033280770183,0.5715429761153609,-0.3162541972391494,cdb71f159c4ecfc21e5a878b7bbf5ddbb7744f2f4dabffc1103c73ab43193fb9,PUBLIC_EQUITY_INVESTING_IDEA_GENERATION,RESEARCH_PRIORITY_ONLY_NO_TRADE_AUTHORITY,ac39a9ba2b3e9be7808becafab4ea849cf0a5ca7827e548354c73ed1e22c8ea5,2026-07-15
2026-07-15,21,B_WATCH_OR_TRIGGER,600018.SH,上港集团,SH,SH_MAIN,ACTIVE,,DEFENSIVE_STABILITY,DEFENSIVE_STABILITY|RECOVERY_WATCH,2,7,0.85,0.93376317,0.87512895,0.02,0.89512895,WITHIN_SLEEVE_RANK_PERCENTILE_PLUS_RAW_SCORE,ELIGIBLE_CORE,VALID,A,0,294533690.6,0.05858585858585852,0.052208835341365445,-0.03676470588235292,-0.06093189964157708,-0.09965635738831613,0.17295463242118186,-0.10436432637571158,20de66b12b436df7b9cebac08f3eea045cfd72b8c63b862be8a7f10e4c2085aa,PUBLIC_EQUITY_INVESTING_IDEA_GENERATION,RESEARCH_PRIORITY_ONLY_NO_TRADE_AUTHORITY,1fa9c2dfac592ed9f212edaa7fc984305fe9c22aed06cded9c4ed64a71b8f252,2026-07-15
2026-07-15,22,B_WATCH_OR_TRIGGER,601229.SH,上海银行,SH,SH_MAIN,ACTIVE,,DEFENSIVE_STABILITY,DEFENSIVE_STABILITY,1,6,0.875,0.93508878,0.89302663,0.0,0.89302663,WITHIN_SLEEVE_RANK_PERCENTILE_PLUS_RAW_SCORE,ELIGIBLE_CORE,VALID,A,0,456634806.5,0.005506607929515406,-0.04597701149425282,-0.07309644670050752,-0.13541666666666663,-0.15619223659889092,0.18848271661710833,-0.11967545638945232,56b1d8075d2028e6d5a19725f3b12b4b4b5e878f02011fe47566992520429e45,PUBLIC_EQUITY_INVESTING_IDEA_GENERATION,RESEARCH_PRIORITY_ONLY_NO_TRADE_AUTHORITY,a544550cadda4a0d15c21f9e16a5f77ffa1630dd4897074b355c5d5b9c5d9b72,2026-07-15
2026-07-15,23,B_WATCH_OR_TRIGGER,002747.SZ,埃斯顿,SZ,SZ_MAIN,ACTIVE,C 制造业,LIQUID_BREAKOUT,LIQUID_BREAKOUT,1,6,0.875,0.92043494,0.88863048,0.0,0.88863048,WITHIN_SLEEVE_RANK_PERCENTILE_PLUS_RAW_SCORE,ELIGIBLE_CORE,VALID,A,0,4557255289.6,0.2064896755162242,0.9504053409632809,0.6301315265045835,1.0532128514056223,-0.16530612244897958,0.7808966775595738,-0.24562767197823554,f5cf24ef194fa91d8649a928221a47b1df1b73b70335c9c212348b589d436fc1,PUBLIC_EQUITY_INVESTING_IDEA_GENERATION,RESEARCH_PRIORITY_ONLY_NO_TRADE_AUTHORITY,c712db99a4ce0c506f8fdaa58cf6c68b0c926065cebb2b2b0e5c9853853cea91,2026-07-15
2026-07-15,24,B_WATCH_OR_TRIGGER,301369.SZ,联动科技,SZ,CHINEXT,ACTIVE,C 制造业,TREND_PERSISTENCE,TREND_PERSISTENCE,1,7,0.85,0.95701875,0.88210563,0.0,0.88210563,WITHIN_SLEEVE_RANK_PERCENTILE_PLUS_RAW_SCORE,ELIGIBLE_CORE,VALID,A,0,679062157.35,-0.024958830794565623,0.5818166638837869,1.0657435673789797,3.9808096740273395,-0.2266530612244898,0.7604296955522356,-0.2266530612244898,d7e816e8973001c9df71f7944c31f01f367d7bf9e7e4b13c703befc61c6242e0,PUBLIC_EQUITY_INVESTING_IDEA_GENERATION,RESEARCH_PRIORITY_ONLY_NO_TRADE_AUTHORITY,73704f80ee4657f3049137dd2c3cc5ef3dc861e810573e9f6dd9dfcbf37b53c5,2026-07-15
2026-07-15,25,B_WATCH_OR_TRIGGER,603065.SH,宿迁联盛,SH,SH_MAIN,ACTIVE,,LIQUID_BREAKOUT,LIQUID_BREAKOUT,1,7,0.85,0.92022045,0.87106614,0.0,0.87106614,WITHIN_SLEEVE_RANK_PERCENTILE_PLUS_RAW_SCORE,ELIGIBLE_CORE,VALID,A,0,999096776.05,0.4664359861591698,1.593635250917993,1.5407673860911273,1.1778006166495376,-0.09983007646559039,0.8256754176981506,-0.22468354430379756,d79b7648d432060fa5bc93ee3bcd0ee6c23dde0777b5d98bc7b9e1a12e75e25e,PUBLIC_EQUITY_INVESTING_IDEA_GENERATION,RESEARCH_PRIORITY_ONLY_NO_TRADE_AUTHORITY,795c1f32c28a108c874e036d60c92f04c6c3037cedb1d52565698955ca122628,2026-07-15
2026-07-15,26,B_WATCH_OR_TRIGGER,301269.SZ,华大九天,SZ,CHINEXT,ACTIVE,I 信息技术,RECOVERY_WATCH,RECOVERY_WATCH,1,5,0.86666667,0.86772285,0.86698352,0.0,0.86698352,WITHIN_SLEEVE_RANK_PERCENTILE_PLUS_RAW_SCORE,ELIGIBLE_CORE,VALID,A,0,2478100314.95,0.10561188635679142,0.2954946476885072,-0.027463793712469098,-0.046741106206180216,-0.19010148551257533,0.8540944036500571,-0.3102596849723286,61b926ab88b73525fb2da7dcb655f7875ea8a232d583f00ec3c19084db904b32,PUBLIC_EQUITY_INVESTING_IDEA_GENERATION,RESEARCH_PRIORITY_ONLY_NO_TRADE_AUTHORITY,93bb9d5030bba8d943e179dd7c4d9051ac8b82180dbbe3dc9c71e714e7b40ac2,2026-07-15
2026-07-15,27,B_WATCH_OR_TRIGGER,002371.SZ,北方华创,SZ,SZ_MAIN,ACTIVE,C 制造业,TREND_PERSISTENCE,TREND_PERSISTENCE,1,8,0.825,0.95000131,0.86250039,0.0,0.86250039,WITHIN_SLEEVE_RANK_PERCENTILE_PLUS_RAW_SCORE,ELIGIBLE_CORE,VALID,A,0,11037413010.6,0.105839959498496,0.5696742967049224,0.516375367526952,1.2651050721322474,-0.20529475340017767,0.6266561812127145,-0.20529475340017767,02f33fee389aa74c5a9619f25654396efdf626b14b7cc99618ce8641d5a0a4f0,PUBLIC_EQUITY_INVESTING_IDEA_GENERATION,RESEARCH_PRIORITY_ONLY_NO_TRADE_AUTHORITY,6fd0f5e2ee54c18d88a9c5acd16a3b72bcf917c5052f6e79485d1cea7b758d04,2026-07-15
2026-07-15,28,B_WATCH_OR_TRIGGER,002507.SZ,涪陵榨菜,SZ,SZ_MAIN,ACTIVE,C 制造业,DEFENSIVE_STABILITY,DEFENSIVE_STABILITY,1,8,0.825,0.93370583,0.85761175,0.0,0.85761175,WITHIN_SLEEVE_RANK_PERCENTILE_PLUS_RAW_SCORE,ELIGIBLE_CORE,VALID,A,0,105015612.25,-0.011996572407883543,-0.05180921052631582,-0.09497645211930927,-0.0694108151735271,-0.13890963405526524,0.19664293127888127,-0.18796992481203012,9ce2020fabaab756f1134915bdb58f32618ca6791590ae62b79d110be938741e,PUBLIC_EQUITY_INVESTING_IDEA_GENERATION,RESEARCH_PRIORITY_ONLY_NO_TRADE_AUTHORITY,d31f4607f9943eb19cb6631ab443b14a198bb40ac554019a548f3646273b6d5e,2026-07-15
2026-07-15,29,B_WATCH_OR_TRIGGER,002422.SZ,科伦药业,SZ,SZ_MAIN,ACTIVE,C 制造业,LIQUID_BREAKOUT,LIQUID_BREAKOUT,1,8,0.825,0.91969275,0.85340782,0.0,0.85340782,WITHIN_SLEEVE_RANK_PERCENTILE_PLUS_RAW_SCORE,ELIGIBLE_CORE,VALID,A,0,1841198069.3,0.36305555555555546,0.38537549407114624,0.4665271966527196,0.3436473165388827,0.0,0.5752257140201137,-0.14536830357142871,05475c0927235bc75a0679848300868b6dc25b8bf52826dbbb0496722bd4187b,PUBLIC_EQUITY_INVESTING_IDEA_GENERATION,RESEARCH_PRIORITY_ONLY_NO_TRADE_AUTHORITY,4359087d9dfcc9915167f6a6c7140a574f85bbe7028e569df0ffc77f4f2f0a85,2026-07-15
2026-07-15,30,B_WATCH_OR_TRIGGER,603139.SH,康惠股份,SH,SH_MAIN,ACTIVE,,TREND_PERSISTENCE,TREND_PERSISTENCE,1,9,0.8,0.9471862,0.84415586,0.0,0.84415586,WITHIN_SLEEVE_RANK_PERCENTILE_PLUS_RAW_SCORE,ELIGIBLE_CORE,VALID,A,0,224383532.2,0.020438683948155623,0.3206451612903225,0.9211637728765838,0.810703228659885,-0.09444813094448135,0.6096611377632494,-0.14250614250614246,7fbe5168e24ccddd36bd20afd08e915dea657cbe5575b2c7b5c61053f2322a16,PUBLIC_EQUITY_INVESTING_IDEA_GENERATION,RESEARCH_PRIORITY_ONLY_NO_TRADE_AUTHORITY,ef68ecc665e1bc3d3774db4e2eeb124e53e616fb5d1b5ddf6a57d43424db0727,2026-07-15
2026-07-15,31,B_WATCH_OR_TRIGGER,603928.SH,兴业股份,SH,SH_MAIN,ACTIVE,,RECOVERY_WATCH,RECOVERY_WATCH,1,6,0.83333333,0.86619095,0.84319062,0.0,0.84319062,WITHIN_SLEEVE_RANK_PERCENTILE_PLUS_RAW_SCORE,ELIGIBLE_CORE,VALID,A,0,568765015.45,0.15793918918918926,0.21006178287731703,0.04656488549618332,-0.08416833667334667,-0.27074468085106385,0.7705346435205986,-0.27074468085106385,dd237b3aeb76ec4e58bf2dc904b9fd4d391bd0203d798ba53a923c74191b4449,PUBLIC_EQUITY_INVESTING_IDEA_GENERATION,RESEARCH_PRIORITY_ONLY_NO_TRADE_AUTHORITY,44cd83aac3fda362c76f3e2e68e974e2a159cea8ebc243b3511a379f47508316,2026-07-15
2026-07-15,32,B_WATCH_OR_TRIGGER,000333.SZ,美的集团,SZ,SZ_MAIN,ACTIVE,C 制造业,DEFENSIVE_STABILITY,DEFENSIVE_STABILITY|LIQUID_BREAKOUT,2,10,0.775,0.9335226,0.82255678,0.02,0.84255678,WITHIN_SLEEVE_RANK_PERCENTILE_PLUS_RAW_SCORE,ELIGIBLE_CORE,VALID,A,0,3350448436.6,0.09904280776389252,0.11400080851637262,0.13886210221793638,0.19811594202898553,0.0,0.21748852116205009,-0.10386221294363251,b5dc9d01aeebcf80310b51bdbe67607a1a82dbe70a2ea1e445877855de209469,PUBLIC_EQUITY_INVESTING_IDEA_GENERATION,RESEARCH_PRIORITY_ONLY_NO_TRADE_AUTHORITY,868f64ece3a88ad7d827b55c213fa7f50a6614b22ff8f5193bae8c9b87acff1e,2026-07-15
2026-07-15,33,B_WATCH_OR_TRIGGER,600919.SH,江苏银行,SH,SH_MAIN,ACTIVE,,DEFENSIVE_STABILITY,DEFENSIVE_STABILITY,1,9,0.8,0.93366987,0.84010096,0.0,0.84010096,WITHIN_SLEEVE_RANK_PERCENTILE_PLUS_RAW_SCORE,ELIGIBLE_CORE,VALID,A,0,1191841926.55,0.012378426171529622,0.07209737827715346,0.1381709741550694,-0.0017436791630340842,-0.020530367835757124,0.18539545626930254,-0.09356223175965661,8627a806d14b68f9421a60bc5478998ea679c4ab368e353c96d386fb871f6249,PUBLIC_EQUITY_INVESTING_IDEA_GENERATION,RESEARCH_PRIORITY_ONLY_NO_TRADE_AUTHORITY,0d71dc898625dd05c9d080eebea9475a0a7ed59a574d882eb5b1759f42826242,2026-07-15
2026-07-15,34,B_WATCH_OR_TRIGGER,920015.BJ,锦华新材,BJ,BSE,ACTIVE,化学原料和化学制品制造业,LIQUID_BREAKOUT,LIQUID_BREAKOUT,1,9,0.8,0.91921065,0.8357632,0.0,0.8357632,WITHIN_SLEEVE_RANK_PERCENTILE_PLUS_RAW_SCORE,ELIGIBLE_CORE,PARTIAL,B,0,263523346.55,0.08955482418153471,0.5831865089353134,0.17922759655043108,,-0.09756097560975618,0.7851551585396628,-0.3661527680448493,37a7cd010ebec2f8e8ec1dda7e9bcbd6d8766f63000f84b75fbfad6890fa1c2c,PUBLIC_EQUITY_INVESTING_IDEA_GENERATION,RESEARCH_PRIORITY_ONLY_NO_TRADE_AUTHORITY,8c0f76cd5ec5f5d24c3552600aa6aa401b0b86515de704870ec3684093767a7b,2026-07-15
2026-07-15,35,B_WATCH_OR_TRIGGER,000668.SZ,荣丰控股,SZ,SZ_MAIN,ACTIVE,K 房地产,TREND_PERSISTENCE,TREND_PERSISTENCE,1,10,0.775,0.94643705,0.82643112,0.0,0.82643112,WITHIN_SLEEVE_RANK_PERCENTILE_PLUS_RAW_SCORE,ELIGIBLE_CORE,VALID,A,0,94428363.4,-0.11710037174721188,0.28465179175118327,0.6622922134733158,1.342786683107275,-0.1831470335339639,0.6428623927223953,-0.1911481719050674,308ba4b39510f8db71d9c3e7bfd9047334c944c09e03ab5d76aada1e49f02bf1,PUBLIC_EQUITY_INVESTING_IDEA_GENERATION,RESEARCH_PRIORITY_ONLY_NO_TRADE_AUTHORITY,88b83f19360b276dbb224fff27725042d3c22f10f578d3e949ac09058d1a29fe,2026-07-15
2026-07-15,36,B_WATCH_OR_TRIGGER,603223.SH,恒通股份,SH,SH_MAIN,ACTIVE,,RECOVERY_WATCH,RECOVERY_WATCH,1,7,0.8,0.86472283,0.81941685,0.0,0.81941685,WITHIN_SLEEVE_RANK_PERCENTILE_PLUS_RAW_SCORE,ELIGIBLE_CORE,VALID,A,0,374687570.65,0.274468085106383,0.39140534262485493,0.2663847780126849,0.1248826291079812,-0.1680555555555555,0.6310502707990184,-0.22953904045155227,fdd5ad75c4591244da9b848fc3744f04c3a56626971a0a853dc1180e974621f6,PUBLIC_EQUITY_INVESTING_IDEA_GENERATION,RESEARCH_PRIORITY_ONLY_NO_TRADE_AUTHORITY,8052e6b12f1921b958c6234026648646a46fd61c2152915e526638f37a91cda4,2026-07-15
2026-07-15,37,B_WATCH_OR_TRIGGER,603259.SH,药明康德,SH,SH_MAIN,ACTIVE,,LIQUID_BREAKOUT,LIQUID_BREAKOUT,1,10,0.775,0.91888201,0.8181646,0.0,0.8181646,WITHIN_SLEEVE_RANK_PERCENTILE_PLUS_RAW_SCORE,ELIGIBLE_CORE,VALID,A,0,8860823294.15,0.3396495517522413,0.26442307692307687,0.2771950271950272,0.8950857472258251,0.0,0.4724245918547708,-0.16318032151849704,23d3a882b2479d33e5488b0840a54912619ba1bd75f6be44265db4ba895d128a,PUBLIC_EQUITY_INVESTING_IDEA_GENERATION,RESEARCH_PRIORITY_ONLY_NO_TRADE_AUTHORITY,5012014851dc02ce29f26a9a700d3b5943de8606de8fd527c0b9b156a4e2b2c8,2026-07-15
2026-07-15,38,B_WATCH_OR_TRIGGER,301568.SZ,思泰克,SZ,CHINEXT,ACTIVE,C 制造业,TREND_PERSISTENCE,TREND_PERSISTENCE,1,11,0.75,0.93847158,0.80654147,0.0,0.80654147,WITHIN_SLEEVE_RANK_PERCENTILE_PLUS_RAW_SCORE,ELIGIBLE_CORE,VALID,A,0,478854487.05,-0.20666074600355233,0.628623518687329,0.8075677863213273,1.3917001338688086,-0.26910489281623307,0.7602628045148662,-0.26910489281623307,32f337b83524574f0e0f387a1208e44e084dd582638b43313f3ee7a5d23d14e3,PUBLIC_EQUITY_INVESTING_IDEA_GENERATION,RESEARCH_PRIORITY_ONLY_NO_TRADE_AUTHORITY,725645242a9aa817988c3be7bf2adb1199306b47aa7004b896bbf7dbed024485,2026-07-15
2026-07-15,39,B_WATCH_OR_TRIGGER,002142.SZ,宁波银行,SZ,SZ_MAIN,ACTIVE,J 金融业,DEFENSIVE_STABILITY,DEFENSIVE_STABILITY,1,11,0.75,0.93302003,0.80490601,0.0,0.80490601,WITHIN_SLEEVE_RANK_PERCENTILE_PLUS_RAW_SCORE,ELIGIBLE_CORE,VALID,A,0,1083591883.75,0.028664495114006483,0.03779165297403875,0.11001757469244278,0.2012171928489921,-0.03188228080931943,0.25011851804541985,-0.11496014714898828,53af6a2112d8b26807953b0cc646f4b928a667f255e3b2357bb774a560340ae6,PUBLIC_EQUITY_INVESTING_IDEA_GENERATION,RESEARCH_PRIORITY_ONLY_NO_TRADE_AUTHORITY,2bc97629b0e736f848160b92370a0b5579600b4265647a98a3d959fe079ad714,2026-07-15
2026-07-15,40,B_WATCH_OR_TRIGGER,603757.SH,大元泵业,SH,SH_MAIN,ACTIVE,,LIQUID_BREAKOUT,LIQUID_BREAKOUT,1,11,0.75,0.91770753,0.80031226,0.0,0.80031226,WITHIN_SLEEVE_RANK_PERCENTILE_PLUS_RAW_SCORE,ELIGIBLE_CORE,VALID,A,0,1262392579.0,0.408450704225352,0.3732833957553059,0.8311533888228302,2.4669067987393065,-0.027655006945321303,0.9157252004105408,-0.2953516450347118,2edfd6c794e41a47f1800fddf5793ef51abcb9d4f413ae52dfab6d095762539b,PUBLIC_EQUITY_INVESTING_IDEA_GENERATION,RESEARCH_PRIORITY_ONLY_NO_TRADE_AUTHORITY,3a595a1dc28593a05df19f18f137e8affd336b8f5b03962397417c83e327c4c9,2026-07-15
2026-07-15,41,B_WATCH_OR_TRIGGER,000779.SZ,甘咨询,SZ,SZ_MAIN,ACTIVE,M 科研服务,RECOVERY_WATCH,RECOVERY_WATCH,1,8,0.76666667,0.86447024,0.79600774,0.0,0.79600774,WITHIN_SLEEVE_RANK_PERCENTILE_PLUS_RAW_SCORE,ELIGIBLE_CORE,VALID,A,0,314856663.1,0.4538361508452535,0.25476992143658794,0.312206572769953,0.2060409924487594,0.0,0.3762804419931726,-0.3259052924791086,aa0d2ba2fdca833333adcc190af7a62e2ac17c2c25db30ba32fd8774e1e9a7ed,PUBLIC_EQUITY_INVESTING_IDEA_GENERATION,RESEARCH_PRIORITY_ONLY_NO_TRADE_AUTHORITY,cd015cdbb8806fc76a1d185a030ca57a12258daeccd3d567192e937ec9f1d133,2026-07-15
2026-07-15,42,B_WATCH_OR_TRIGGER,920367.BJ,新赣江,BJ,BSE,ACTIVE,医药制造业,RECOVERY_WATCH,RECOVERY_WATCH|LIQUID_BREAKOUT,2,9,0.73333333,0.86128595,0.77171912,0.02,0.79171912,WITHIN_SLEEVE_RANK_PERCENTILE_PLUS_RAW_SCORE,ELIGIBLE_CORE,VALID,A,0,165197427.25,0.9597315436241609,0.4928425357873212,-0.042308953755329615,0.14464915719325755,-0.042308953755329615,1.0723017204376577,-0.4740608228980322,a469da6eddc1181a7a68759112647f4b0f821099304163c5bf0c68c1900e75e2,PUBLIC_EQUITY_INVESTING_IDEA_GENERATION,RESEARCH_PRIORITY_ONLY_NO_TRADE_AUTHORITY,7c47715fa34ce8fb63202371c8723f1338cb0262caef3577de13d7d67f53cc43,2026-07-15
2026-07-15,43,B_WATCH_OR_TRIGGER,688630.SH,芯碁微装,SH,STAR,ACTIVE,,TREND_PERSISTENCE,TREND_PERSISTENCE,1,12,0.725,0.93628644,0.78838593,0.0,0.78838593,WITHIN_SLEEVE_RANK_PERCENTILE_PLUS_RAW_SCORE,ELIGIBLE_CORE,VALID,A,0,2727819139.75,-0.07121604139715398,0.8239827243087607,1.9400081900081898,4.498021697511168,-0.22453645364536456,0.883402941011166,-0.22453645364536456,ed9b4de189f660697dc2f23eaed23d9e5a18ed95f7fcbda108b1d3a6116682a7,PUBLIC_EQUITY_INVESTING_IDEA_GENERATION,RESEARCH_PRIORITY_ONLY_NO_TRADE_AUTHORITY,8906c1d00e0d8cdc78521ec3f96292d9cf0c001612252b79b6fee28ef3ed7b54,2026-07-15
2026-07-15,44,B_WATCH_OR_TRIGGER,601928.SH,凤凰传媒,SH,SH_MAIN,ACTIVE,,DEFENSIVE_STABILITY,DEFENSIVE_STABILITY,1,12,0.725,0.93242316,0.78722695,0.0,0.78722695,WITHIN_SLEEVE_RANK_PERCENTILE_PLUS_RAW_SCORE,ELIGIBLE_CORE,VALID,A,0,62349692.6,0.020742358078602585,-0.04396728016359919,-0.08869395711500971,-0.1406250000000001,-0.18836805555555558,0.19920662479393564,-0.16249999999999998,61ae1e05d88fdf1dec1f421c0209c69f19731284f921fb79d96ad4a6c4807541,PUBLIC_EQUITY_INVESTING_IDEA_GENERATION,RESEARCH_PRIORITY_ONLY_NO_TRADE_AUTHORITY,7f74feb347fed82e1101ef99a0e0dd1276b6d18d4bebb5d6ee83d184310f364c,2026-07-15
2026-07-15,45,B_WATCH_OR_TRIGGER,301165.SZ,锐捷网络,SZ,CHINEXT,ACTIVE,C 制造业,LIQUID_BREAKOUT,LIQUID_BREAKOUT,1,12,0.725,0.91694539,0.78258362,0.0,0.78258362,WITHIN_SLEEVE_RANK_PERCENTILE_PLUS_RAW_SCORE,ELIGIBLE_CORE,VALID,A,0,2441455598.2,0.5761465017999687,0.4832817793489468,0.7073584265852833,1.4288470815243608,-0.07766990291262144,0.8873784644212861,-0.24201407688142929,cfe3ae6208222b6ab1d9d0720f47db1f0e05bea40d1f3e9ec33f17182cf7d7b8,PUBLIC_EQUITY_INVESTING_IDEA_GENERATION,RESEARCH_PRIORITY_ONLY_NO_TRADE_AUTHORITY,0e23a57c117e0c2fdd338d6516f50ef7cfee61c3fa91c92280a6a5d4382e8c4f,2026-07-15
2026-07-15,46,B_WATCH_OR_TRIGGER,000598.SZ,兴蓉环境,SZ,SZ_MAIN,ACTIVE,D 水电煤气,DEFENSIVE_STABILITY,DEFENSIVE_STABILITY,1,13,0.7,0.93227237,0.76968171,0.0,0.76968171,WITHIN_SLEEVE_RANK_PERCENTILE_PLUS_RAW_SCORE,ELIGIBLE_CORE,VALID,A,0,166538023.85,0.03293413173652704,0.07309486780715413,0.007299270072992803,-0.012875536480686622,-0.061224489795918324,0.2113228874800025,-0.13043478260869557,8761f99bcd4bc0777404631c83d0144268d24642a915280534627b0716994c97,PUBLIC_EQUITY_INVESTING_IDEA_GENERATION,RESEARCH_PRIORITY_ONLY_NO_TRADE_AUTHORITY,bba5e12c297a3d53e896a1840d6fc63e9cd21d38f8c454816d6c7f12aa4f3e8e,2026-07-15
2026-07-15,47,B_WATCH_OR_TRIGGER,300938.SZ,信测标准,SZ,CHINEXT,ACTIVE,M 科研服务,TREND_PERSISTENCE,TREND_PERSISTENCE,1,13,0.7,0.93075897,0.76922769,0.0,0.76922769,WITHIN_SLEEVE_RANK_PERCENTILE_PLUS_RAW_SCORE,ELIGIBLE_CORE,VALID,A,0,994766914.2,0.06851940584571148,0.22662266226622663,1.0524620340543027,1.932281393819855,-0.17863720073664813,0.7074099565869846,-0.23554327808471454,4dde630130b892f8ef1a4bbe2db3bacfbcf0742140dd44498164137490020f08,PUBLIC_EQUITY_INVESTING_IDEA_GENERATION,RESEARCH_PRIORITY_ONLY_NO_TRADE_AUTHORITY,e3231a72e358e72b10abeb2c2d976bf1f140db3967679ecc6b3af048ae2b9a24,2026-07-15
2026-07-15,48,B_WATCH_OR_TRIGGER,002674.SZ,兴业科技,SZ,SZ_MAIN,ACTIVE,C 制造业,LIQUID_BREAKOUT,LIQUID_BREAKOUT,1,13,0.7,0.91563339,0.76469002,0.0,0.76469002,WITHIN_SLEEVE_RANK_PERCENTILE_PLUS_RAW_SCORE,ELIGIBLE_CORE,VALID,A,0,732841174.65,0.7932542161149281,1.142537313432836,0.953061224489796,1.9176829268292686,-0.1289441747572816,0.8172293979016886,-0.21667760998030205,495a63aa3c5cc258d14805d1a5710b1c7ac2981fbffb2f0ae3bfa8aaddbb8936,PUBLIC_EQUITY_INVESTING_IDEA_GENERATION,RESEARCH_PRIORITY_ONLY_NO_TRADE_AUTHORITY,645ea3154a9200e2a01a6f43f4e0c4e6a96f2d530a651de1e39a3787bd59f7fe,2026-07-15
2026-07-15,49,B_WATCH_OR_TRIGGER,601985.SH,XD中国核,SH,SH_MAIN,ACTIVE,,DEFENSIVE_STABILITY,DEFENSIVE_STABILITY,1,14,0.675,0.93126021,0.75187806,0.0,0.75187806,WITHIN_SLEEVE_RANK_PERCENTILE_PLUS_RAW_SCORE,ELIGIBLE_CORE,VALID,A,0,1059664845.35,-0.028697571743929284,0.023255813953488413,-0.006772009029345272,-0.024390243902438935,-0.05579399141630892,0.19189098068399127,-0.06877729257641929,6fb397fd40d3a80e5dd755e87e33e8c8f04549b12335561335ec93a7b60ff48f,PUBLIC_EQUITY_INVESTING_IDEA_GENERATION,RESEARCH_PRIORITY_ONLY_NO_TRADE_AUTHORITY,25af47550678c7d2a646b81dd4a16293dff515e6b626d88e8007b7ce307688a0,2026-07-15
2026-07-15,50,B_WATCH_OR_TRIGGER,301365.SZ,矩阵股份,SZ,CHINEXT,ACTIVE,M 科研服务,TREND_PERSISTENCE,TREND_PERSISTENCE,1,14,0.675,0.92990836,0.75147251,0.0,0.75147251,WITHIN_SLEEVE_RANK_PERCENTILE_PLUS_RAW_SCORE,ELIGIBLE_CORE,VALID,A,0,227222211.2,0.17634275069854088,0.24967018469656987,0.47892271662763464,1.2702216896345115,-0.08764748374668918,0.7154238787977184,-0.24593548387096775,861caeb21394c6c31149cccd616d9905d76fbec7d61f8d80702270eeb9c4fbd0,PUBLIC_EQUITY_INVESTING_IDEA_GENERATION,RESEARCH_PRIORITY_ONLY_NO_TRADE_AUTHORITY,4aa65dea8f5718eb07a3e409dd1400dabe3b3380486e8d8621ca9019e93b411c,2026-07-15
2026-07-15,51,B_WATCH_OR_TRIGGER,000977.SZ,浪潮信息,SZ,SZ_MAIN,ACTIVE,C 制造业,LIQUID_BREAKOUT,LIQUID_BREAKOUT,1,14,0.675,0.91512219,0.74703666,0.0,0.74703666,WITHIN_SLEEVE_RANK_PERCENTILE_PLUS_RAW_SCORE,ELIGIBLE_CORE,VALID,A,0,8478389515.9,0.359550561797753,0.24120750293083248,0.2525879917184264,0.6637202907090947,-0.053842716711349325,0.6506278128109534,-0.25213343677269195,5094b0d550185ae94211c6fbeb176bbfb12a95a4b1dbe78779d0dd9c70432bf0,PUBLIC_EQUITY_INVESTING_IDEA_GENERATION,RESEARCH_PRIORITY_ONLY_NO_TRADE_AUTHORITY,80ec16add636ce34bcfbc742725b63aa01ca91ed0b108216f3fd0ed3a9371ae7,2026-07-15
2026-07-15,52,B_WATCH_OR_TRIGGER,601668.SH,中国建筑,SH,SH_MAIN,ACTIVE,,DEFENSIVE_STABILITY,DEFENSIVE_STABILITY,1,15,0.65,0.93110261,0.73433078,0.0,0.73433078,WITHIN_SLEEVE_RANK_PERCENTILE_PLUS_RAW_SCORE,ELIGIBLE_CORE,VALID,A,0,998602752.6,0.0022522522522521182,-0.05117270788912587,-0.08997955010224934,-0.1587901701323251,-0.21099290780141833,0.15604494941723834,-0.15670103092783505,7d8739a982de7416e8ad944e8c2715747b2c3a9cd60df66a061dbf3a13e7af47,PUBLIC_EQUITY_INVESTING_IDEA_GENERATION,RESEARCH_PRIORITY_ONLY_NO_TRADE_AUTHORITY,58309559508f86e7cb36e439fa78c73401c2e6664094507dc2b7db08d2e9092f,2026-07-15
2026-07-15,53,B_WATCH_OR_TRIGGER,601918.SH,新集能源,SH,SH_MAIN,ACTIVE,,TREND_PERSISTENCE,TREND_PERSISTENCE,1,15,0.65,0.92479186,0.73243756,0.0,0.73243756,WITHIN_SLEEVE_RANK_PERCENTILE_PLUS_RAW_SCORE,ELIGIBLE_CORE,VALID,A,0,491021384.75,0.08042328042328051,0.34519104084321484,0.45028409090909105,0.6155063291139242,-0.09485815602836867,0.5545489252520749,-0.23847517730496448,ac3471beac602ecce487038bc753211f8b195f4e4cf4ba0a7447eb16fd9e5bf5,PUBLIC_EQUITY_INVESTING_IDEA_GENERATION,RESEARCH_PRIORITY_ONLY_NO_TRADE_AUTHORITY,dce5bccd0cf6bf71e0979bfc3cad1974f1b5fdf08f6c1af133e97c10513dc4c6,2026-07-15
2026-07-15,54,B_WATCH_OR_TRIGGER,002141.SZ,贤丰控股,SZ,SZ_MAIN,ACTIVE,C 制造业,RECOVERY_WATCH,RECOVERY_WATCH,1,11,0.66666667,0.84956649,0.72153661,0.0,0.72153661,WITHIN_SLEEVE_RANK_PERCENTILE_PLUS_RAW_SCORE,ELIGIBLE_CORE,VALID,A,0,871035834.4,0.44215938303341895,0.48021108179419536,0.48806366047745375,0.3453237410071943,-0.04102564102564088,0.8697008340324222,-0.3113636363636365,d070f918590637a81b73640248108e0c5d750226e8dfe344630ff8b06dd8c757,PUBLIC_EQUITY_INVESTING_IDEA_GENERATION,RESEARCH_PRIORITY_ONLY_NO_TRADE_AUTHORITY,43b07b1feb707f629b20b4bfd8524d358f46c18e7d2976e4cb057cfe02c7772a,2026-07-15
2026-07-15,55,B_WATCH_OR_TRIGGER,001227.SZ,兰州银行,SZ,SZ_MAIN,ACTIVE,J 金融业,DEFENSIVE_STABILITY,DEFENSIVE_STABILITY,1,16,0.625,0.92979157,0.71643747,0.0,0.71643747,WITHIN_SLEEVE_RANK_PERCENTILE_PLUS_RAW_SCORE,ELIGIBLE_CORE,VALID,A,0,97132876.4,0.0,-0.045248868778280604,-0.07048458149779746,-0.13168724279835398,-0.1915708812260537,0.14302107212354453,-0.14163090128755362,69d3a43170b069f2b8ac881b57703269363eeaa4bb20e75ceffca16c0ff57563,PUBLIC_EQUITY_INVESTING_IDEA_GENERATION,RESEARCH_PRIORITY_ONLY_NO_TRADE_AUTHORITY,88d6e44a2aa205cc5029b900e9f356de23808cb3c1aa4057daadbf5883b5c776,2026-07-15
2026-07-15,56,B_WATCH_OR_TRIGGER,300649.SZ,杭州园林,SZ,CHINEXT,ACTIVE,M 科研服务,TREND_PERSISTENCE,TREND_PERSISTENCE,1,16,0.625,0.9235638,0.71456914,0.0,0.71456914,WITHIN_SLEEVE_RANK_PERCENTILE_PLUS_RAW_SCORE,ELIGIBLE_CORE,VALID,A,0,142599898.7,0.10184501845018445,0.9116517285531371,1.0026827632461432,0.7190558434081749,-0.00764373546028585,0.7212608359195042,-0.17380191693290736,2ef8b806705c4dbba83ced784ea024e0d939f7df5497b1ac351dc2409155bc76,PUBLIC_EQUITY_INVESTING_IDEA_GENERATION,RESEARCH_PRIORITY_ONLY_NO_TRADE_AUTHORITY,f524cf5bed8ce5edd886ade66c33ccf7630e8fe014ce5bdec001a96edd48b522,2026-07-15
2026-07-15,57,B_WATCH_OR_TRIGGER,000088.SZ,盐 田 港,SZ,SZ_MAIN,ACTIVE,G 运输仓储,DEFENSIVE_STABILITY,DEFENSIVE_STABILITY,1,17,0.6,0.92976343,0.69892903,0.0,0.69892903,WITHIN_SLEEVE_RANK_PERCENTILE_PLUS_RAW_SCORE,ELIGIBLE_CORE,VALID,A,0,69471296.1,0.021176470588235352,-0.024719101123595544,-0.015873015873015928,-0.004587155963302836,-0.05240174672489084,0.1621262316515007,-0.10917030567685593,e4f21d56768caeac1e5f07dafa14effa332823054adb498c02b84f022b20e0af,PUBLIC_EQUITY_INVESTING_IDEA_GENERATION,RESEARCH_PRIORITY_ONLY_NO_TRADE_AUTHORITY,73d4f638aa257c0cc751995629fff25fe7c3a31652ccd9046f3de661ea1ca751,2026-07-15
2026-07-15,58,B_WATCH_OR_TRIGGER,002832.SZ,比音勒芬,SZ,SZ_MAIN,ACTIVE,C 制造业,TREND_PERSISTENCE,TREND_PERSISTENCE,1,17,0.6,0.9215132,0.69645396,0.0,0.69645396,WITHIN_SLEEVE_RANK_PERCENTILE_PLUS_RAW_SCORE,ELIGIBLE_CORE,VALID,A,0,217390908.7,0.024559777571825814,0.2960140679953107,0.4868863483523873,0.47892976588628766,0.0,0.43781503015538625,-0.0876162506118453,ea2fddfadec0f62cde36a498391e8a2a4ad32e3bea098be2a5a7c4ce5f6f38b5,PUBLIC_EQUITY_INVESTING_IDEA_GENERATION,RESEARCH_PRIORITY_ONLY_NO_TRADE_AUTHORITY,276f9517875bd8c8f755bdddf853696641caa351571aa921cbeb91be8a46f14c,2026-07-15
2026-07-15,59,B_WATCH_OR_TRIGGER,601211.SH,国泰海通,SH,SH_MAIN,ACTIVE,,RECOVERY_WATCH,RECOVERY_WATCH,1,12,0.63333333,0.84320377,0.69629446,0.0,0.69629446,WITHIN_SLEEVE_RANK_PERCENTILE_PLUS_RAW_SCORE,ELIGIBLE_CORE,VALID,A,0,3025973007.3,0.06475644699140393,0.1059523809523808,-0.1050096339113682,0.00432432432432428,-0.15004574565416295,0.29964510755759455,-0.2784872298624754,6ef1b51bfd4bd7103ce27f75120dba6376012ef206af2a5f6d0b1c208270c229,PUBLIC_EQUITY_INVESTING_IDEA_GENERATION,RESEARCH_PRIORITY_ONLY_NO_TRADE_AUTHORITY,cb4012db029f8b3f94a58c7d9685a73d4cef39641ae35cbf0e2c6b294a680bad,2026-07-15
2026-07-15,60,B_WATCH_OR_TRIGGER,301379.SZ,天山电子,SZ,CHINEXT,ACTIVE,C 制造业,LIQUID_BREAKOUT,LIQUID_BREAKOUT,1,17,0.6,0.91432936,0.69429881,0.0,0.69429881,WITHIN_SLEEVE_RANK_PERCENTILE_PLUS_RAW_SCORE,ELIGIBLE_CORE,VALID,A,0,1126763369.85,0.4481113320079524,0.9729144095341278,0.914826498422713,0.9229144667370643,-0.02620320855614966,1.0749773569656664,-0.24080111783884484,6f1aa380d0f8275e1d21ebbb2c1ef335354b1aecd17d786cd2b7c6ed66036fe7,PUBLIC_EQUITY_INVESTING_IDEA_GENERATION,RESEARCH_PRIORITY_ONLY_NO_TRADE_AUTHORITY,fe0b00132f354ce9280574b259dd46c257640174c7c854ec29a2fb6a78638f07,2026-07-15
2026-07-15,61,C_SCREEN_FLAG_ONLY,601939.SH,建设银行,SH,SH_MAIN,ACTIVE,,DEFENSIVE_STABILITY,DEFENSIVE_STABILITY,1,18,0.575,0.92955397,0.68136619,0.0,0.68136619,WITHIN_SLEEVE_RANK_PERCENTILE_PLUS_RAW_SCORE,ELIGIBLE_CORE,VALID,A,0,1130572237.65,0.00401606425702794,0.079913606911447,0.10987791342952269,0.07642626480086134,-0.04580152671755733,0.2194407851651948,-0.11259541984732824,b41f2917a2a03f13f8c8036a0dbd67f14f0b533514bbdcf1779ff11673adca1e,PUBLIC_EQUITY_INVESTING_IDEA_GENERATION,RESEARCH_PRIORITY_ONLY_NO_TRADE_AUTHORITY,ceb3f9ece3e3534092d0d0112e466fbaed75d92e80c4da3f567bab52fafc01a7,2026-07-15
2026-07-15,62,C_SCREEN_FLAG_ONLY,301273.SZ,瑞晨环保,SZ,CHINEXT,ACTIVE,C 制造业,TREND_PERSISTENCE,TREND_PERSISTENCE,1,18,0.575,0.91917444,0.67825233,0.0,0.67825233,WITHIN_SLEEVE_RANK_PERCENTILE_PLUS_RAW_SCORE,ELIGIBLE_CORE,VALID,A,0,65324102.95,-0.0798319327731093,0.4070674621385957,0.5516194331983804,0.7282976324689967,-0.10586176727909014,0.5092824888740407,-0.2325581395348838,b6fdd09a9e19095cc1240e9e0babf2441145297859931ee1004a933e9100df99,PUBLIC_EQUITY_INVESTING_IDEA_GENERATION,RESEARCH_PRIORITY_ONLY_NO_TRADE_AUTHORITY,e6ca20acac4cb86874f83466dfb3cdc17cc02797fa3033879b83f9c5078038b9,2026-07-15
2026-07-15,63,C_SCREEN_FLAG_ONLY,002821.SZ,凯莱英,SZ,SZ_MAIN,ACTIVE,C 制造业,LIQUID_BREAKOUT,LIQUID_BREAKOUT,1,18,0.575,0.9138251,0.67664753,0.0,0.67664753,WITHIN_SLEEVE_RANK_PERCENTILE_PLUS_RAW_SCORE,ELIGIBLE_CORE,VALID,A,0,2308483480.75,0.7617676176761767,0.6815565673052144,0.8649961890243905,1.2151182528007243,0.0,0.6549494732823143,-0.14375436147941378,d12dbada19472d8d6dcd3253ad8b0a4dec1ba44f66185a11ebeabdcb6c3c1d7d,PUBLIC_EQUITY_INVESTING_IDEA_GENERATION,RESEARCH_PRIORITY_ONLY_NO_TRADE_AUTHORITY,4f9e43d8e5fdedd8b6b8eae7b8c85c10fcde0aff61cc631c092fed7582493f16,2026-07-15
2026-07-15,64,C_SCREEN_FLAG_ONLY,000759.SZ,中百集团,SZ,SZ_MAIN,ACTIVE,F 批发零售,RECOVERY_WATCH,RECOVERY_WATCH,1,13,0.6,0.84268895,0.67280668,0.0,0.67280668,WITHIN_SLEEVE_RANK_PERCENTILE_PLUS_RAW_SCORE,ELIGIBLE_CORE,VALID,A,0,626879661.3,0.106280193236715,0.235611510791367,-0.13366960907944514,-0.10196078431372557,-0.2289562289562289,0.7963704128519271,-0.3756345177664975,e63b8a6f7a0faac1a8fb6f9d8d54b511787892a669942128b23b9d5c4bcfbcf4,PUBLIC_EQUITY_INVESTING_IDEA_GENERATION,RESEARCH_PRIORITY_ONLY_NO_TRADE_AUTHORITY,4e420f72b483f903c7af67f6dc780c61188073669fb4f5976e2c22728f8422fb,2026-07-15
2026-07-15,65,C_SCREEN_FLAG_ONLY,601328.SH,交通银行,SH,SH_MAIN,ACTIVE,,DEFENSIVE_STABILITY,DEFENSIVE_STABILITY,1,19,0.55,0.92822669,0.66346801,0.0,0.66346801,WITHIN_SLEEVE_RANK_PERCENTILE_PLUS_RAW_SCORE,ELIGIBLE_CORE,VALID,A,0,1387305947.15,0.00886262924667669,0.01185185185185178,-0.01157742402315487,-0.11298701298701297,-0.12882653061224492,0.1944217406005465,-0.09913793103448276,02e3f7b95a92160e821c7d94d323c1a297ff15ffcebbed9dadaf17ff013e6b16,PUBLIC_EQUITY_INVESTING_IDEA_GENERATION,RESEARCH_PRIORITY_ONLY_NO_TRADE_AUTHORITY,1afc31e5d57f5a7d31a750b50216aa92b61301f3ca12aeb7cd6f9916d34911d9,2026-07-15
2026-07-15,66,C_SCREEN_FLAG_ONLY,300331.SZ,苏大维格,SZ,CHINEXT,ACTIVE,C 制造业,TREND_PERSISTENCE,TREND_PERSISTENCE,1,19,0.55,0.9183044,0.66049132,0.0,0.66049132,WITHIN_SLEEVE_RANK_PERCENTILE_PLUS_RAW_SCORE,ELIGIBLE_CORE,VALID,A,0,1102658827.95,-0.23863953164204066,0.237706775436211,0.3110897743638983,1.4416629414394277,-0.25034312379906676,0.7619063572822824,-0.28199404761904756,e3da2baba03b30efedaf18392fc381a6f29c94c941db1fd4420502a10619761a,PUBLIC_EQUITY_INVESTING_IDEA_GENERATION,RESEARCH_PRIORITY_ONLY_NO_TRADE_AUTHORITY,8a8540d9bce183d89c51bddd750df8701f8d740649ab40a6f3dce70392877ac4,2026-07-15
2026-07-15,67,C_SCREEN_FLAG_ONLY,600999.SH,招商证券,SH,SH_MAIN,ACTIVE,,LIQUID_BREAKOUT,LIQUID_BREAKOUT,1,19,0.55,0.91347628,0.65904288,0.0,0.65904288,WITHIN_SLEEVE_RANK_PERCENTILE_PLUS_RAW_SCORE,ELIGIBLE_CORE,VALID,A,0,3225672639.45,0.10421166306695473,0.31850419084461645,0.2064896755162242,0.23044524669073385,-0.08908685968819596,0.39493175448801165,-0.12943262411347523,aa3e709c715839ff5ed3f8463ddd10fddfdf13c81aa82e19738b3ffd7891f7ab,PUBLIC_EQUITY_INVESTING_IDEA_GENERATION,RESEARCH_PRIORITY_ONLY_NO_TRADE_AUTHORITY,a91b23e81cbbce8c78bf689d80b6a3f60fff2af2108394b419b541869c675ef4,2026-07-15
2026-07-15,68,C_SCREEN_FLAG_ONLY,002292.SZ,奥飞娱乐,SZ,SZ_MAIN,ACTIVE,C 制造业,RECOVERY_WATCH,RECOVERY_WATCH,1,14,0.56666667,0.84087393,0.64892885,0.0,0.64892885,WITHIN_SLEEVE_RANK_PERCENTILE_PLUS_RAW_SCORE,ELIGIBLE_CORE,VALID,A,0,415852574.55,0.18479880774962743,0.005056890012642201,-0.22815533980582525,-0.17359667359667352,-0.2693014705882353,0.48017568624202334,-0.4163602941176471,89f66b76e2d97402e83c61272a38a83bc0680eeef582a3572a12f1938a547c92,PUBLIC_EQUITY_INVESTING_IDEA_GENERATION,RESEARCH_PRIORITY_ONLY_NO_TRADE_AUTHORITY,08d7c1c985d40f8ee181f5b7ba78b549df462ee7d5efd9d39013a367022dba64,2026-07-15
2026-07-15,69,C_SCREEN_FLAG_ONLY,601128.SH,常熟银行,SH,SH_MAIN,ACTIVE,,DEFENSIVE_STABILITY,DEFENSIVE_STABILITY,1,20,0.525,0.92795833,0.6458875,0.0,0.6458875,WITHIN_SLEEVE_RANK_PERCENTILE_PLUS_RAW_SCORE,ELIGIBLE_CORE,VALID,A,0,247304263.8,-0.023474178403755763,-0.023474178403755763,-0.0031948881789136685,-0.055975794251134636,-0.09956709956709953,0.18084313666147278,-0.12084592145015105,75051ff22b59b13666904bb2731d374d17ca8b9b3a9012865d5843d142c3e7ce,PUBLIC_EQUITY_INVESTING_IDEA_GENERATION,RESEARCH_PRIORITY_ONLY_NO_TRADE_AUTHORITY,0b1602d158c805684fdea2a3149632f2d8820561f085bb7d32d8fc9e4f4e6a10,2026-07-15
2026-07-15,70,C_SCREEN_FLAG_ONLY,301072.SZ,中捷精工,SZ,CHINEXT,ACTIVE,C 制造业,TREND_PERSISTENCE,TREND_PERSISTENCE,1,20,0.525,0.91548474,0.64214542,0.0,0.64214542,WITHIN_SLEEVE_RANK_PERCENTILE_PLUS_RAW_SCORE,ELIGIBLE_CORE,VALID,A,0,183008429.7,0.1875,0.7799381352187362,0.7705494505494506,0.8275862068965518,-0.06521234625203065,0.609204918231491,-0.1884172947243158,ec210fc75bee4416c9df76f773a1f1b248ae9f9f5fa17bb114179816b5f8a35c,PUBLIC_EQUITY_INVESTING_IDEA_GENERATION,RESEARCH_PRIORITY_ONLY_NO_TRADE_AUTHORITY,d026773cb79d8ce2c15aa28a6376c0ae3a07c97776e56465e00e85e522f94103,2026-07-15
2026-07-15,71,C_SCREEN_FLAG_ONLY,300420.SZ,五洋自控,SZ,CHINEXT,ACTIVE,C 制造业,LIQUID_BREAKOUT,LIQUID_BREAKOUT,1,20,0.525,0.91282898,0.64134869,0.0,0.64134869,WITHIN_SLEEVE_RANK_PERCENTILE_PLUS_RAW_SCORE,ELIGIBLE_CORE,VALID,A,0,1513852459.2,0.26265822784810133,1.1626016260162602,0.8302752293577982,1.2865329512893982,-0.1923076923076923,0.8672962541333591,-0.24493927125506076,1340b80cb577c25afeaaaba48de8ab343ed030c682463c1556539c7dd8b52a7a,PUBLIC_EQUITY_INVESTING_IDEA_GENERATION,RESEARCH_PRIORITY_ONLY_NO_TRADE_AUTHORITY,ec995255cbf8d30df9c3ca3febe81fb35b936684f425cb5c1564a941d766970f,2026-07-15
2026-07-15,72,C_SCREEN_FLAG_ONLY,600016.SH,民生银行,SH,SH_MAIN,ACTIVE,,DEFENSIVE_STABILITY,DEFENSIVE_STABILITY,1,21,0.5,0.92625636,0.62787691,0.0,0.62787691,WITHIN_SLEEVE_RANK_PERCENTILE_PLUS_RAW_SCORE,ELIGIBLE_CORE,VALID,A,0,865222982.85,-0.016997167138810054,-0.051912568306010876,-0.08923884514435687,-0.25536480686695273,-0.3365200764818356,0.16961248574607973,-0.19338422391857513,c08574569660e2c63fd6e2a853f16f5c2d81a8037d444b64ed72b7d1183085f5,PUBLIC_EQUITY_INVESTING_IDEA_GENERATION,RESEARCH_PRIORITY_ONLY_NO_TRADE_AUTHORITY,c0f03031fd082b01514ed752354802a28b82ef676a7e2f51bf3a907fa1864add,2026-07-15
2026-07-15,73,C_SCREEN_FLAG_ONLY,688103.SH,国力电子,SH,STAR,ACTIVE,,RECOVERY_WATCH,RECOVERY_WATCH,1,15,0.53333333,0.83940896,0.62515602,0.0,0.62515602,WITHIN_SLEEVE_RANK_PERCENTILE_PLUS_RAW_SCORE,ELIGIBLE_CORE,VALID,A,0,508519880.65,0.5503516624040918,0.6991941135248774,0.44782803403493054,0.6693631669535283,-0.058349514563106886,0.7817338609768208,-0.24802919708029203,127e263e5c5ee44e5033555d807ec9180df40634f3db516edd200454c3400c16,PUBLIC_EQUITY_INVESTING_IDEA_GENERATION,RESEARCH_PRIORITY_ONLY_NO_TRADE_AUTHORITY,9a407ff5781a28538520a65755f995199fddc9122e01b189eb81f79bb0df0e9e,2026-07-15
2026-07-15,74,C_SCREEN_FLAG_ONLY,301536.SZ,星宸科技,SZ,CHINEXT,ACTIVE,C 制造业,TREND_PERSISTENCE,TREND_PERSISTENCE,1,21,0.5,0.91507495,0.62452249,0.0,0.62452249,WITHIN_SLEEVE_RANK_PERCENTILE_PLUS_RAW_SCORE,ELIGIBLE_CORE,VALID,A,0,1305462665.2,-0.029723606705935657,0.4157080523601746,0.7144915932746194,0.8708719203215096,-0.1681299044363298,0.6515099734156261,-0.20047018593716615,944d830903f8755b5b313e6cce20bbc974f8c2181cb0c2a03116a547f513cee9,PUBLIC_EQUITY_INVESTING_IDEA_GENERATION,RESEARCH_PRIORITY_ONLY_NO_TRADE_AUTHORITY,77a675b0b74bf236e53cdc0a35658ec83a64aee6296e9ecdd1f6a228b8af583c,2026-07-15
2026-07-15,75,C_SCREEN_FLAG_ONLY,688120.SH,华海清科,SH,STAR,ACTIVE,,LIQUID_BREAKOUT,LIQUID_BREAKOUT,1,21,0.5,0.91276795,0.62383039,0.0,0.62383039,WITHIN_SLEEVE_RANK_PERCENTILE_PLUS_RAW_SCORE,ELIGIBLE_CORE,VALID,A,0,5191395408.55,0.4413957649865792,1.144029574861368,1.3400581020012914,2.746995735883189,-0.15703488372093022,0.9037226266545942,-0.19361512059805353,6736b0a8b4419dc238ab86f5b1d797e2686fde257fb7402b084001a99c95e2bc,PUBLIC_EQUITY_INVESTING_IDEA_GENERATION,RESEARCH_PRIORITY_ONLY_NO_TRADE_AUTHORITY,d9b26c10607ee88d51f338ce3b19c38840a17f576c396082d917594be73e4692,2026-07-15
2026-07-15,76,C_SCREEN_FLAG_ONLY,601006.SH,大秦铁路,SH,SH_MAIN,ACTIVE,,DEFENSIVE_STABILITY,DEFENSIVE_STABILITY,1,22,0.475,0.92561797,0.61018539,0.0,0.61018539,WITHIN_SLEEVE_RANK_PERCENTILE_PLUS_RAW_SCORE,ELIGIBLE_CORE,VALID,A,0,521550120.35,-0.02862985685071573,-0.07407407407407407,-0.050000000000000044,-0.22764227642276424,-0.26810477657935283,0.18359842528329737,-0.16791044776119413,6ed7acd3760412026a025ac834df0eaeaaca524bb6cf4283e2c7db7e1e117e92,PUBLIC_EQUITY_INVESTING_IDEA_GENERATION,RESEARCH_PRIORITY_ONLY_NO_TRADE_AUTHORITY,22fef35551e4136a72e16648e4378201e5a98d1eea66b2f369fc6fab8fcd6e63,2026-07-15
2026-07-15,77,C_SCREEN_FLAG_ONLY,600641.SH,先导基电,SH,SH_MAIN,ACTIVE,,LIQUID_BREAKOUT,LIQUID_BREAKOUT,1,22,0.475,0.91127656,0.60588297,0.0,0.60588297,WITHIN_SLEEVE_RANK_PERCENTILE_PLUS_RAW_SCORE,ELIGIBLE_CORE,VALID,A,0,3863435559.2,0.20522161505768088,0.7980072463768118,1.144786601836845,1.8978102189781025,-0.17703150912106136,0.7805183170684562,-0.20844072164948446,aeafc55f1006860f0c722b1425c21114944019e8d530671c53654d55b4d0df15,PUBLIC_EQUITY_INVESTING_IDEA_GENERATION,RESEARCH_PRIORITY_ONLY_NO_TRADE_AUTHORITY,45ca2c7f867443adc002d18513a78e790bc083ee6697c788a376d1179d13be43,2026-07-15
2026-07-15,78,C_SCREEN_FLAG_ONLY,301086.SZ,鸿富瀚,SZ,CHINEXT,ACTIVE,C 制造业,TREND_PERSISTENCE,TREND_PERSISTENCE,1,22,0.475,0.91046552,0.60563965,0.0,0.60563965,WITHIN_SLEEVE_RANK_PERCENTILE_PLUS_RAW_SCORE,ELIGIBLE_CORE,VALID,A,0,654298506.1,-0.2719798234552332,0.2292820032365217,0.6580126364158532,3.4587581093605193,-0.3439247238510841,0.7530890662774856,-0.3459702713759717,4faabe8ecf8b911ba07a2e02aad27db68152f8e0a1d9de90475aef3debe35d0c,PUBLIC_EQUITY_INVESTING_IDEA_GENERATION,RESEARCH_PRIORITY_ONLY_NO_TRADE_AUTHORITY,c9b90ad8b331e7725a983ce72a342ff50cf674ddc17cc5f032222598ab16452b,2026-07-15
2026-07-15,79,C_SCREEN_FLAG_ONLY,301393.SZ,昊帆生物,SZ,CHINEXT,ACTIVE,C 制造业,RECOVERY_WATCH,RECOVERY_WATCH,1,16,0.5,0.83549554,0.60064866,0.0,0.60064866,WITHIN_SLEEVE_RANK_PERCENTILE_PLUS_RAW_SCORE,ELIGIBLE_CORE,VALID,A,0,259757022.25,0.37080405932864924,0.20294570988182903,0.2826880934989042,0.3136338133532821,-0.012651110486365025,0.5654136976790447,-0.23278943278943276,4a3145450adb1c3b0041f2ccc3306809d6c7c1f041cb0845655234025c0f0e23,PUBLIC_EQUITY_INVESTING_IDEA_GENERATION,RESEARCH_PRIORITY_ONLY_NO_TRADE_AUTHORITY,d63b3fcd3e6f6b5c45fab3b4cef3dc45207e3f472cbddb81c0d13ba956be03b8,2026-07-15
2026-07-15,80,C_SCREEN_FLAG_ONLY,000001.SZ,平安银行,SZ,SZ_MAIN,ACTIVE,J 金融业,DEFENSIVE_STABILITY,DEFENSIVE_STABILITY,1,23,0.45,0.92187836,0.59156351,0.0,0.59156351,WITHIN_SLEEVE_RANK_PERCENTILE_PLUS_RAW_SCORE,ELIGIBLE_CORE,VALID,A,0,1095472635.8,-0.009140767824497242,0.009310986964618184,-0.023423423423423406,-0.0742954739538857,-0.13280000000000003,0.1910785083461307,-0.1058718861209964,1922fba7908d36276f3d1062e9ee879b82cb756582296f6816fe685b19bb398a,PUBLIC_EQUITY_INVESTING_IDEA_GENERATION,RESEARCH_PRIORITY_ONLY_NO_TRADE_AUTHORITY,47985190800222d97c3b36d6a6dfcdd1b19a8a5d6822b28141a241376aa92f3a,2026-07-15
2026-07-15,81,C_SCREEN_FLAG_ONLY,600236.SH,桂冠电力,SH,SH_MAIN,ACTIVE,,TREND_PERSISTENCE,TREND_PERSISTENCE,1,23,0.45,0.91042531,0.58812759,0.0,0.58812759,WITHIN_SLEEVE_RANK_PERCENTILE_PLUS_RAW_SCORE,ELIGIBLE_CORE,VALID,A,0,154481139.75,0.04384133611691032,0.04493207941483801,0.27877237851662406,0.6528925619834711,-0.15540540540540537,0.5319195613868053,-0.25844594594594594,194ebd9297d53ed4cdc1029e6d6cf8d85c70457a71088a2c172c7d870aabc37d,PUBLIC_EQUITY_INVESTING_IDEA_GENERATION,RESEARCH_PRIORITY_ONLY_NO_TRADE_AUTHORITY,05ac6a330c364eadaffa2f1ed7d48ef4323fb111eda0b0fbe5c926d9c00f6e3a,2026-07-15
2026-07-15,82,C_SCREEN_FLAG_ONLY,002841.SZ,视源股份,SZ,SZ_MAIN,ACTIVE,C 制造业,LIQUID_BREAKOUT,LIQUID_BREAKOUT,1,23,0.45,0.91030651,0.58809195,0.0,0.58809195,WITHIN_SLEEVE_RANK_PERCENTILE_PLUS_RAW_SCORE,ELIGIBLE_CORE,VALID,A,0,707366137.2,0.3984329657573997,0.3976218097447797,0.16598112751028316,0.41610343814281503,-0.08122020972354638,0.5286229294578509,-0.23958584156031792,09783e0a43602f63051d14500a7dffc297390291871be2a7004748f8c5f3d927,PUBLIC_EQUITY_INVESTING_IDEA_GENERATION,RESEARCH_PRIORITY_ONLY_NO_TRADE_AUTHORITY,13804ad9dc95c89b8e164504f8c6419aa3386862d5cc2211d7eb6904dfef365e,2026-07-15
2026-07-15,83,C_SCREEN_FLAG_ONLY,300105.SZ,龙源技术,SZ,CHINEXT,ACTIVE,C 制造业,RECOVERY_WATCH,RECOVERY_WATCH,1,17,0.46666667,0.82992605,0.57564448,0.0,0.57564448,WITHIN_SLEEVE_RANK_PERCENTILE_PLUS_RAW_SCORE,ELIGIBLE_CORE,VALID,A,0,265551466.0,0.27540500736377016,0.31610942249240126,0.1846785225718195,0.13202614379084965,0.0,0.7747523473853517,-0.25935162094763087,c266869cac1306831a3a448f273a1187ef59220d5854b5740629d89c78b49d49,PUBLIC_EQUITY_INVESTING_IDEA_GENERATION,RESEARCH_PRIORITY_ONLY_NO_TRADE_AUTHORITY,08472563468088aaad523ae6bb339de5febefa08e89779a7af7751dda2ac8e6b,2026-07-15
2026-07-15,84,C_SCREEN_FLAG_ONLY,600177.SH,雅戈尔,SH,SH_MAIN,ACTIVE,,DEFENSIVE_STABILITY,DEFENSIVE_STABILITY,1,24,0.425,0.91950261,0.57335078,0.0,0.57335078,WITHIN_SLEEVE_RANK_PERCENTILE_PLUS_RAW_SCORE,ELIGIBLE_CORE,VALID,A,0,185957575.55,0.055330634278002666,0.10140845070422544,0.08611111111111103,0.1366279069767442,-0.0012771392081736277,0.197971077562262,-0.08179419525065967,523b0456d3462442ab5cdce646922f31ca3698ce6cfb5d25bf9a7695489c09bb,PUBLIC_EQUITY_INVESTING_IDEA_GENERATION,RESEARCH_PRIORITY_ONLY_NO_TRADE_AUTHORITY,8c399c5ffeda30f05f899b938bd1a3e03509cc9143e01e508de59b5beb41cb63,2026-07-15
2026-07-15,85,C_SCREEN_FLAG_ONLY,603991.SH,领先股份,SH,SH_MAIN,ACTIVE,,LIQUID_BREAKOUT,LIQUID_BREAKOUT,1,24,0.425,0.90992756,0.57047827,0.0,0.57047827,WITHIN_SLEEVE_RANK_PERCENTILE_PLUS_RAW_SCORE,ELIGIBLE_CORE,VALID,A,0,1108414137.5,0.29394309652644424,0.32375,0.970494417862839,1.1745379876796713,-0.1125344187716989,0.7312216935420592,-0.20890277235454913,0f7ce7097363844e9c99c6f8d1a60e9f73b48316aea75d51f6283fb8b1d76969,PUBLIC_EQUITY_INVESTING_IDEA_GENERATION,RESEARCH_PRIORITY_ONLY_NO_TRADE_AUTHORITY,95a2370117388178c08f20a31328d1e4c86caf51afbe69cedcbe33de0bce9a27,2026-07-15
2026-07-15,86,C_SCREEN_FLAG_ONLY,688090.SH,瑞松科技,SH,STAR,ACTIVE,,TREND_PERSISTENCE,TREND_PERSISTENCE,1,24,0.425,0.90939874,0.57031962,0.0,0.57031962,WITHIN_SLEEVE_RANK_PERCENTILE_PLUS_RAW_SCORE,ELIGIBLE_CORE,VALID,A,0,917862449.75,-0.05645922971980277,0.7197781178270848,1.433288227334235,2.517605633802817,-0.20257206208425727,0.8621736074595213,-0.2320177383592017,6352a27d27b4c0313d8ba2a16162c9b40a0b9835ee3334dacd73a7cc7a859696,PUBLIC_EQUITY_INVESTING_IDEA_GENERATION,RESEARCH_PRIORITY_ONLY_NO_TRADE_AUTHORITY,a05318a0cf23a0c5f3386457924d0dbd4bd2618b840bb3eefbf2da653a2469af,2026-07-15
2026-07-15,87,C_SCREEN_FLAG_ONLY,601398.SH,工商银行,SH,SH_MAIN,ACTIVE,,DEFENSIVE_STABILITY,DEFENSIVE_STABILITY,1,25,0.4,0.91882681,0.55564804,0.0,0.55564804,WITHIN_SLEEVE_RANK_PERCENTILE_PLUS_RAW_SCORE,ELIGIBLE_CORE,VALID,A,0,3022415014.9,0.0121293800539084,0.030178326474622708,-0.01572739187418093,0.04596100278551529,-0.05889724310776945,0.20367827508208178,-0.10106382978723405,2f89836a75dfc832c532634408bcf039e033730de6a188d900f6ef274d6e44b8,PUBLIC_EQUITY_INVESTING_IDEA_GENERATION,RESEARCH_PRIORITY_ONLY_NO_TRADE_AUTHORITY,bc6db6f0a020e4166caa4a3d65365b7733e5b6c7f8353755b55d9d58e16f4763,2026-07-15
2026-07-15,88,C_SCREEN_FLAG_ONLY,603893.SH,瑞芯微,SH,SH_MAIN,ACTIVE,,LIQUID_BREAKOUT,LIQUID_BREAKOUT,1,25,0.4,0.90937268,0.5528118,0.0,0.5528118,WITHIN_SLEEVE_RANK_PERCENTILE_PLUS_RAW_SCORE,ELIGIBLE_CORE,VALID,A,0,3529712295.6,0.22348154606219106,0.23113814481225892,0.13360977974042765,0.4348033535546314,-0.14392614583756957,0.5128670250124272,-0.2746793915896213,05d4d4c3ddbd279620911ae0c69f5bfab3fe265bb3e2e97f69aa001dceaa81d9,PUBLIC_EQUITY_INVESTING_IDEA_GENERATION,RESEARCH_PRIORITY_ONLY_NO_TRADE_AUTHORITY,507edb12f94bab7b51cecc07d5fa2691e1d16969c9ce4c9b6c5e0e48252d1db7,2026-07-15
2026-07-15,89,C_SCREEN_FLAG_ONLY,300234.SZ,开尔新材,SZ,CHINEXT,ACTIVE,C 制造业,TREND_PERSISTENCE,TREND_PERSISTENCE,1,25,0.4,0.90736886,0.55221066,0.0,0.55221066,WITHIN_SLEEVE_RANK_PERCENTILE_PLUS_RAW_SCORE,ELIGIBLE_CORE,VALID,A,0,238449008.15,-0.16491228070175445,0.6190476190476191,0.5999999999999999,0.8703339882121808,-0.18840579710144933,0.6521745608819828,-0.18840579710144933,da1cc688bda7dff49ef38080f9a02f502d3c078b17cce86902bfccdef0aaca85,PUBLIC_EQUITY_INVESTING_IDEA_GENERATION,RESEARCH_PRIORITY_ONLY_NO_TRADE_AUTHORITY,95660cf53265bce0d2216610fd85bd56f823469bde254fd42a6dbb037ba694e5,2026-07-15
2026-07-15,90,C_SCREEN_FLAG_ONLY,688728.SH,格科微,SH,STAR,ACTIVE,,RECOVERY_WATCH,RECOVERY_WATCH,1,18,0.43333333,0.82834019,0.55183539,0.0,0.55183539,WITHIN_SLEEVE_RANK_PERCENTILE_PLUS_RAW_SCORE,ELIGIBLE_CORE,VALID,A,0,1502776732.85,0.2786069651741292,0.3536493604213695,0.12297128589263417,0.15246636771300448,-0.28752475247524756,0.8456911492027317,-0.28752475247524756,9b62cb7fac79b1941e32d135ce123115b0fdde3fed3c9eee7c1c6567207832b4,PUBLIC_EQUITY_INVESTING_IDEA_GENERATION,RESEARCH_PRIORITY_ONLY_NO_TRADE_AUTHORITY,48d124e2229042a899a32e7ee0a6d660f91a1a3ee6b9cfecb262983320d05f29,2026-07-15
2026-07-15,91,C_SCREEN_FLAG_ONLY,601658.SH,邮储银行,SH,SH_MAIN,ACTIVE,,DEFENSIVE_STABILITY,DEFENSIVE_STABILITY,1,26,0.375,0.91870881,0.53811264,0.0,0.53811264,WITHIN_SLEEVE_RANK_PERCENTILE_PLUS_RAW_SCORE,ELIGIBLE_CORE,VALID,A,0,832744059.3,0.030364372469635414,0.024144869215291687,-0.03415559772296006,-0.03598484848484851,-0.16965742251223492,0.16773881803578577,-0.07915057915057921,3c38ea4ceca7816d533cd036a3e4257df4121f21cb232074d364b1da70262644,PUBLIC_EQUITY_INVESTING_IDEA_GENERATION,RESEARCH_PRIORITY_ONLY_NO_TRADE_AUTHORITY,8bc01802d2d46c0b7480bde97758d12c95b785bb88309b41453457b76b62cf62,2026-07-15
2026-07-15,92,C_SCREEN_FLAG_ONLY,300990.SZ,同飞股份,SZ,CHINEXT,ACTIVE,C 制造业,LIQUID_BREAKOUT,LIQUID_BREAKOUT,1,26,0.375,0.90780707,0.53484212,0.0,0.53484212,WITHIN_SLEEVE_RANK_PERCENTILE_PLUS_RAW_SCORE,ELIGIBLE_CORE,VALID,A,0,864002123.3,0.24257641921397388,0.33200702165008766,0.34269199009083406,1.2892196299275946,-0.054729673615148244,0.8265845730632772,-0.2519230769230769,9e93d8ee484163c34b11ec6c0181203daec48c75accb25d040045de04056677b,PUBLIC_EQUITY_INVESTING_IDEA_GENERATION,RESEARCH_PRIORITY_ONLY_NO_TRADE_AUTHORITY,573644e9b456a97c07e70e3e55323a13f79f34ab7d760f04352e6e26cdf4dbaa,2026-07-15
2026-07-15,93,C_SCREEN_FLAG_ONLY,688668.SH,鼎通科技,SH,STAR,ACTIVE,,TREND_PERSISTENCE,TREND_PERSISTENCE,1,26,0.375,0.90721302,0.5346639,0.0,0.5346639,WITHIN_SLEEVE_RANK_PERCENTILE_PLUS_RAW_SCORE,ELIGIBLE_CORE,VALID,A,0,1837595535.75,-0.17941411717656464,0.5865268448267531,2.0811825434068516,4.562521179261267,-0.24004629629629626,0.8657406742095265,-0.28372835004557895,d15002a0f247b668941137a39086bed0510bd2778a40867605872d3e4b0e0e8b,PUBLIC_EQUITY_INVESTING_IDEA_GENERATION,RESEARCH_PRIORITY_ONLY_NO_TRADE_AUTHORITY,eeea7b6c4cd0e092912f55c66a608a092a2691b5abc8c8abbb700a1c4d6fbd0e,2026-07-15
2026-07-15,94,C_SCREEN_FLAG_ONLY,688266.SH,泽璟制药,SH,STAR,ACTIVE,,RECOVERY_WATCH,RECOVERY_WATCH,1,19,0.4,0.82633092,0.52789928,0.0,0.52789928,WITHIN_SLEEVE_RANK_PERCENTILE_PLUS_RAW_SCORE,ELIGIBLE_CORE,VALID,A,0,1238091504.7,0.4672783550740658,0.3076847290640392,0.42720430107526863,0.1437311503662213,-0.09952510176390783,0.6622229065119382,-0.2206396130072561,83073616a32eb070f1898eec84c8db9a7d97a31778527bc46202c7944e7fb037,PUBLIC_EQUITY_INVESTING_IDEA_GENERATION,RESEARCH_PRIORITY_ONLY_NO_TRADE_AUTHORITY,d1ce66c8afe1e9ecf8e0839bbe876e62e07660f1e3e71b16a01182b270ea56bc,2026-07-15
2026-07-15,95,C_SCREEN_FLAG_ONLY,600941.SH,中国移动,SH,SH_MAIN,ACTIVE,,DEFENSIVE_STABILITY,DEFENSIVE_STABILITY,1,27,0.35,0.91740311,0.52022093,0.0,0.52022093,WITHIN_SLEEVE_RANK_PERCENTILE_PLUS_RAW_SCORE,ELIGIBLE_CORE,VALID,A,0,868371325.75,-0.0020432304548876346,0.013100436681222849,-0.05286793223106767,-0.12675261127317206,-0.14462162411282142,0.18321954663503812,-0.1280623608017818,6c65f1a406055c0058f1efb306fee78dc0db82b1acd383c665b93537ad5091d0,PUBLIC_EQUITY_INVESTING_IDEA_GENERATION,RESEARCH_PRIORITY_ONLY_NO_TRADE_AUTHORITY,6d5ad830358f3388132ae3ba18e5daa68f4f0c698a3d5d281240a5c79e029746,2026-07-15
2026-07-15,96,C_SCREEN_FLAG_ONLY,688200.SH,华峰测控,SH,STAR,ACTIVE,,LIQUID_BREAKOUT,LIQUID_BREAKOUT,1,27,0.35,0.90764241,0.51729272,0.0,0.51729272,WITHIN_SLEEVE_RANK_PERCENTILE_PLUS_RAW_SCORE,ELIGIBLE_CORE,VALID,A,0,3115311213.6,0.4101391211079213,1.2170419601230038,2.0683690280065896,3.8095545513234343,-0.17679558011049723,0.9071955902554985,-0.21871896722939432,1c3b517bd1d060e5ababbaaf166ed7911d0c3b0c2093a18e73ca1591c6679d8b,PUBLIC_EQUITY_INVESTING_IDEA_GENERATION,RESEARCH_PRIORITY_ONLY_NO_TRADE_AUTHORITY,5d9be0b5625b7069988ea0a263742346bc82a87006faf0e1e57ae9f942a62bba,2026-07-15
2026-07-15,97,C_SCREEN_FLAG_ONLY,301070.SZ,开勒股份,SZ,CHINEXT,ACTIVE,C 制造业,TREND_PERSISTENCE,TREND_PERSISTENCE,1,27,0.35,0.90705628,0.51711688,0.0,0.51711688,WITHIN_SLEEVE_RANK_PERCENTILE_PLUS_RAW_SCORE,ELIGIBLE_CORE,VALID,A,0,437918822.1,-0.12079831932773122,0.14257545881996037,0.69015032533094,1.438653285853027,-0.1553985872855701,0.748211734868017,-0.1729380463702015,9582317a243644dd1b61d0053e0c96bd2eae6865e90ad7aa820ef7d2a404af68,PUBLIC_EQUITY_INVESTING_IDEA_GENERATION,RESEARCH_PRIORITY_ONLY_NO_TRADE_AUTHORITY,f6aac23bea0e13703f2566729955cd1296d87995cd157fd7fea496900e22afef,2026-07-15
2026-07-15,98,C_SCREEN_FLAG_ONLY,300725.SZ,药石科技,SZ,CHINEXT,ACTIVE,M 科研服务,RECOVERY_WATCH,RECOVERY_WATCH,1,20,0.36666667,0.8205818,0.50284121,0.0,0.50284121,WITHIN_SLEEVE_RANK_PERCENTILE_PLUS_RAW_SCORE,ELIGIBLE_CORE,VALID,A,0,510343524.05,0.27805486284289294,0.0727367870225013,-0.10616960976673206,0.08666843360720922,-0.22112462006079026,0.4112119346603297,-0.33946311562037623,5fbede0ee4f87080096845579144ba223159a17a5a4ad64697723e6a0e8f9da6,PUBLIC_EQUITY_INVESTING_IDEA_GENERATION,RESEARCH_PRIORITY_ONLY_NO_TRADE_AUTHORITY,c3612f230b7e06d522e2478bf0d43f3c77a4742f7cb13d95ae5b30fbd3dd5b61,2026-07-15
2026-07-15,99,C_SCREEN_FLAG_ONLY,601166.SH,兴业银行,SH,SH_MAIN,ACTIVE,,DEFENSIVE_STABILITY,DEFENSIVE_STABILITY,1,28,0.325,0.91725845,0.50267754,0.0,0.50267754,WITHIN_SLEEVE_RANK_PERCENTILE_PLUS_RAW_SCORE,ELIGIBLE_CORE,VALID,A,0,1715944240.05,-0.014388489208633226,-0.01656543346217565,-0.10277078085642333,-0.2171428571428572,-0.25042087542087554,0.18862250275803816,-0.1455108359133127,230b2225de4f768100be8b6724b418a8f2f554a77340912a1317bf9c4d54cb7b,PUBLIC_EQUITY_INVESTING_IDEA_GENERATION,RESEARCH_PRIORITY_ONLY_NO_TRADE_AUTHORITY,a913ca4a7ed310044a63cfdc5aebd0dfed657b8673a9a33861bdb290d473c521,2026-07-15
2026-07-15,100,C_SCREEN_FLAG_ONLY,301228.SZ,实朴检测,SZ,CHINEXT,ACTIVE,M 科研服务,TREND_PERSISTENCE,TREND_PERSISTENCE,1,28,0.325,0.90689548,0.49956864,0.0,0.49956864,WITHIN_SLEEVE_RANK_PERCENTILE_PLUS_RAW_SCORE,ELIGIBLE_CORE,VALID,A,0,260050736.9,-0.24280487804878048,0.16579046188509206,0.643897272967964,1.3193873739260367,-0.26293922127255454,0.7293472309936069,-0.26293922127255454,ec7b3d359a64bb362478fe7d541b1b0753817745e143cab83eae2e938176df76,PUBLIC_EQUITY_INVESTING_IDEA_GENERATION,RESEARCH_PRIORITY_ONLY_NO_TRADE_AUTHORITY,2172d19ceda3541b8927717b41becf8937e49de855d0bcbc4e371ba79477675c,2026-07-15
2026-07-16,1,A_IMMEDIATE_RESEARCH,600900.SH,XD长江电,SH,SH_MAIN,ACTIVE,,DEFENSIVE_STABILITY,DEFENSIVE_STABILITY|RECOVERY_WATCH,2,1,1.0,0.94593358,0.98378008,0.02,1.00378008,WITHIN_SLEEVE_RANK_PERCENTILE_PLUS_RAW_SCORE,ELIGIBLE_CORE,VALID,A,0,3558237493.8,0.04611280487804881,0.0705928237129485,0.06189555125725321,-0.03276955602537002,-0.046875,0.15530145709950913,-0.0727537286285922,fe83b057dc1f53dbc7ede4f53f65cba99238b0a01f33fe87cce7a8fd904af8c7,PUBLIC_EQUITY_INVESTING_IDEA_GENERATION,RESEARCH_PRIORITY_ONLY_NO_TRADE_AUTHORITY,10573c5a85bc8d9b0b9c97c62e9d713c407316370468c4fd720b801574074f1e,2026-07-16
2026-07-16,2,A_IMMEDIATE_RESEARCH,688498.SH,源杰科技,SH,STAR,ACTIVE,,TREND_PERSISTENCE,TREND_PERSISTENCE,1,1,1.0,0.98306039,0.99491812,0.0,0.99491812,WITHIN_SLEEVE_RANK_PERCENTILE_PLUS_RAW_SCORE,ELIGIBLE_CORE,VALID,A,0,8171956406.25,0.13274193548387103,0.8313458433209302,2.758939415772897,12.981470137825422,-0.031823966065747555,0.8656377184950772,-0.15683987274655353,a1d37493c05737dd4c31df58815b2c88eaffa2cc77e2ae85b699bf44ff6b8ee6,PUBLIC_EQUITY_INVESTING_IDEA_GENERATION,RESEARCH_PRIORITY_ONLY_NO_TRADE_AUTHORITY,a46f4380bc6d0400b8fa932d679570ec2c0025f4273a058d0d0059055413680f,2026-07-16
2026-07-16,3,A_IMMEDIATE_RESEARCH,002768.SZ,国恩股份,SZ,SZ_MAIN,ACTIVE,C 制造业,TREND_PERSISTENCE,TREND_PERSISTENCE|LIQUID_BREAKOUT,2,2,0.975,0.97199955,0.97409987,0.02,0.99409987,WITHIN_SLEEVE_RANK_PERCENTILE_PLUS_RAW_SCORE,ELIGIBLE_CORE,VALID,A,0,827171882.4,0.04867006225240522,0.6292497069167646,0.47063492063492074,1.796277665995976,-0.07365439093484416,0.5419310649151869,-0.2451756556160316,aebf660b7b7e3e98f7281ddbb312aaa3894694003c2f4efc2c2a39f9d3d2c139,PUBLIC_EQUITY_INVESTING_IDEA_GENERATION,RESEARCH_PRIORITY_ONLY_NO_TRADE_AUTHORITY,7b775fd7efccebbeb08d2eda14fec00777de82763d5ef0c10507b17cf48341d5,2026-07-16
2026-07-16,4,A_IMMEDIATE_RESEARCH,300558.SZ,贝达药业,SZ,CHINEXT,ACTIVE,C 制造业,RECOVERY_WATCH,RECOVERY_WATCH|LIQUID_BREAKOUT,2,1,1.0,0.89274363,0.96782309,0.02,0.98782309,WITHIN_SLEEVE_RANK_PERCENTILE_PLUS_RAW_SCORE,ELIGIBLE_CORE,VALID,A,0,1784556928.55,0.2825615763546798,0.48167539267015713,0.26980101443620774,0.12612456747404854,-0.12911426277762905,0.6790156602252297,-0.196078431372549,76f06726847bb71c13f81fcb2ab7939250b2d4683e1a1b5f54b0da8826477256,PUBLIC_EQUITY_INVESTING_IDEA_GENERATION,RESEARCH_PRIORITY_ONLY_NO_TRADE_AUTHORITY,bd9cc99330f5f3823c349fc7dd1f9c30842118d672536547aa2a8836ff150d1f,2026-07-16
2026-07-16,5,A_IMMEDIATE_RESEARCH,920510.BJ,丰光精密,BJ,BSE,ACTIVE,通用设备制造业,LIQUID_BREAKOUT,LIQUID_BREAKOUT,1,1,1.0,0.94443833,0.9833315,0.0,0.9833315,WITHIN_SLEEVE_RANK_PERCENTILE_PLUS_RAW_SCORE,ELIGIBLE_CORE,VALID,A,0,397838490.95,0.553413236060448,0.906010230179028,0.5002516356316054,0.350090579710145,-0.09004884004884006,1.4305056087875232,-0.3418269230769231,028625170e119e570c8c1f90074b62076d6990e9599a48ec27cf13774484f8b3,PUBLIC_EQUITY_INVESTING_IDEA_GENERATION,RESEARCH_PRIORITY_ONLY_NO_TRADE_AUTHORITY,a4e54c268689c7d52d158cccd078cc43e1631a564ab10a61a8590bf90179f2de,2026-07-16
2026-07-16,6,A_IMMEDIATE_RESEARCH,002936.SZ,郑州银行,SZ,SZ_MAIN,ACTIVE,J 金融业,DEFENSIVE_STABILITY,DEFENSIVE_STABILITY,1,2,0.975,0.9433795,0.96551385,0.0,0.96551385,WITHIN_SLEEVE_RANK_PERCENTILE_PLUS_RAW_SCORE,ELIGIBLE_CORE,VALID,A,0,136032118.4,0.005714285714285783,-0.03296703296703296,-0.09278350515463918,-0.16587677725118477,-0.22123893805309724,0.16842659236299604,-0.15384615384615385,e6d734973f2fa5f8c040527294a38eeb92371e464bfe53d07378ec2c66e53af7,PUBLIC_EQUITY_INVESTING_IDEA_GENERATION,RESEARCH_PRIORITY_ONLY_NO_TRADE_AUTHORITY,122190c8f74c30c485b751c13c0eafbe50a94e47520434be30017b078098f4b4,2026-07-16
2026-07-16,7,A_IMMEDIATE_RESEARCH,000938.SZ,紫光股份,SZ,SZ_MAIN,ACTIVE,C 制造业,LIQUID_BREAKOUT,LIQUID_BREAKOUT,1,2,0.975,0.94044403,0.96463321,0.0,0.96463321,WITHIN_SLEEVE_RANK_PERCENTILE_PLUS_RAW_SCORE,ELIGIBLE_CORE,VALID,A,0,9587739027.45,0.41822859242925414,0.39667028592110043,0.4287300999629766,0.6358626536668082,0.0,0.6946748213235748,-0.23972188633615477,f3362e46e1c6980f559fd8083bff78f7b5636ef399dcba8df756b9b3769e710e,PUBLIC_EQUITY_INVESTING_IDEA_GENERATION,RESEARCH_PRIORITY_ONLY_NO_TRADE_AUTHORITY,c8fa739a0c08b59d6f3c6bafa90de0721b1f449e437d26853bb17ca60f847896,2026-07-16
2026-07-16,8,A_IMMEDIATE_RESEARCH,603268.SH,松发股份,SH,SH_MAIN,ACTIVE,,TREND_PERSISTENCE,TREND_PERSISTENCE,1,3,0.95,0.97184284,0.95655285,0.0,0.95655285,WITHIN_SLEEVE_RANK_PERCENTILE_PLUS_RAW_SCORE,ELIGIBLE_CORE,VALID,A,0,1564551283.0,0.028082463327606666,0.2835340702854314,0.6838744588744587,2.894618272841051,-0.07259939202479593,0.5675904023114304,-0.21068572813181485,e98bb099f4bf1b2e56ba597bcb258bd2306ffa6e91e0d50b4e72e4da6413dfa7,PUBLIC_EQUITY_INVESTING_IDEA_GENERATION,RESEARCH_PRIORITY_ONLY_NO_TRADE_AUTHORITY,52e323015ec3a38059624a0b03224fc7d78fb6f386209cd4a669954059ccc0f9,2026-07-16
2026-07-16,9,A_IMMEDIATE_RESEARCH,601818.SH,光大银行,SH,SH_MAIN,ACTIVE,,DEFENSIVE_STABILITY,DEFENSIVE_STABILITY,1,3,0.95,0.94300988,0.94790297,0.0,0.94790297,WITHIN_SLEEVE_RANK_PERCENTILE_PLUS_RAW_SCORE,ELIGIBLE_CORE,VALID,A,0,668362268.05,-0.00952380952380949,-0.018867924528301883,-0.06024096385542166,-0.25,-0.26066350710900466,0.15655565690428136,-0.13731343283582087,ff6cfc4371a23d9912ff187d44c12c740a76919d3558b53710816de5e189faf2,PUBLIC_EQUITY_INVESTING_IDEA_GENERATION,RESEARCH_PRIORITY_ONLY_NO_TRADE_AUTHORITY,7d25f75e48c095c5ff252517a80d441fff04e62892991cc1a690f22f52218280,2026-07-16
2026-07-16,10,A_IMMEDIATE_RESEARCH,603823.SH,百合花,SH,SH_MAIN,ACTIVE,,LIQUID_BREAKOUT,LIQUID_BREAKOUT,1,3,0.95,0.93586024,0.94575807,0.0,0.94575807,WITHIN_SLEEVE_RANK_PERCENTILE_PLUS_RAW_SCORE,ELIGIBLE_CORE,VALID,A,0,1411625891.35,0.4859215017064844,3.3320895522388065,3.1292234736218134,3.926449787835926,-0.03850931677018643,0.8065722901853504,-0.2460438999489536,1a0f037172d692c72eaaee2db738021deac85189e90ae7a2d2b79c13a291403a,PUBLIC_EQUITY_INVESTING_IDEA_GENERATION,RESEARCH_PRIORITY_ONLY_NO_TRADE_AUTHORITY,0463e6c24460112751a96991dc7edfd13cb095ea52863c310dd0395b309165fa,2026-07-16
2026-07-16,11,A_IMMEDIATE_RESEARCH,603501.SH,豪威集团,SH,SH_MAIN,ACTIVE,,RECOVERY_WATCH,RECOVERY_WATCH,1,2,0.96666667,0.8878004,0.94300679,0.0,0.94300679,WITHIN_SLEEVE_RANK_PERCENTILE_PLUS_RAW_SCORE,ELIGIBLE_CORE,VALID,A,0,3718837845.4,0.21893031513537498,0.18181818181818166,-0.1389716256466531,-0.10857745678811981,-0.27009966777408645,0.5326772596486571,-0.34835501147666403,008278f82ea65c37254ef6be561cc4ec0859744b2a15feb6cec175042d2c4956,PUBLIC_EQUITY_INVESTING_IDEA_GENERATION,RESEARCH_PRIORITY_ONLY_NO_TRADE_AUTHORITY,41375fef17957b30ce1e56ff4c3c20f8af374ad525e21cfeb430b7f5ebe245ff,2026-07-16
2026-07-16,12,A_IMMEDIATE_RESEARCH,300308.SZ,中际旭创,SZ,CHINEXT,ACTIVE,C 制造业,TREND_PERSISTENCE,TREND_PERSISTENCE,1,4,0.925,0.96975719,0.93842716,0.0,0.93842716,WITHIN_SLEEVE_RANK_PERCENTILE_PLUS_RAW_SCORE,ELIGIBLE_CORE,VALID,A,0,38670000127.35,-0.12781813480029147,0.3094271697314086,0.8791153131858858,6.9991375592928,-0.19483770156185565,0.6322822279063349,-0.20859707884513823,90a61724ce3bdb2eb36c644b8affc594364283a95c4684d452fba670f7ca37c0,PUBLIC_EQUITY_INVESTING_IDEA_GENERATION,RESEARCH_PRIORITY_ONLY_NO_TRADE_AUTHORITY,14cb66332e73bd08c0173e280634bbb6c30a64fcb1596fb7f98c4c6f6a1c1829,2026-07-16
2026-07-16,13,A_IMMEDIATE_RESEARCH,603669.SH,灵康药业,SH,SH_MAIN,ACTIVE,,RECOVERY_WATCH,RECOVERY_WATCH|LIQUID_BREAKOUT,2,3,0.93333333,0.87907547,0.91705597,0.02,0.93705597,WITHIN_SLEEVE_RANK_PERCENTILE_PLUS_RAW_SCORE,ELIGIBLE_CORE,VALID,A,0,324252157.9,0.5145228215767634,0.6478555304740408,0.49897330595482536,0.29662522202486685,-0.09987669543773114,0.5850436713110267,-0.18599999999999994,c4924dab176165f7c1d7a8a63cffe08afc97b48b0841f918fbcc4d3105166a02,PUBLIC_EQUITY_INVESTING_IDEA_GENERATION,RESEARCH_PRIORITY_ONLY_NO_TRADE_AUTHORITY,3094ff068ef69784dae5870805e98923afac250db924646642744660f200558f,2026-07-16
2026-07-16,14,A_IMMEDIATE_RESEARCH,000333.SZ,美的集团,SZ,SZ_MAIN,ACTIVE,C 制造业,DEFENSIVE_STABILITY,DEFENSIVE_STABILITY|LIQUID_BREAKOUT,2,5,0.9,0.93640918,0.91092276,0.02,0.93092276,WITHIN_SLEEVE_RANK_PERCENTILE_PLUS_RAW_SCORE,ELIGIBLE_CORE,VALID,A,0,3367181993.5,0.08387438717371132,0.09183128670581953,0.11307660906245753,0.1759631972397928,-0.010523769202854805,0.21835634767739595,-0.10386221294363251,3f4c1fedf6a20f4da40ded6e8b770bb7820e98cd5e01ef8172dac36a26fb3901,PUBLIC_EQUITY_INVESTING_IDEA_GENERATION,RESEARCH_PRIORITY_ONLY_NO_TRADE_AUTHORITY,31c4ed8546b686434b91d399471d4857bf8680ab4eeb73f5544453dd7d833aa0,2026-07-16
2026-07-16,15,A_IMMEDIATE_RESEARCH,920020.BJ,泰凯英,BJ,BSE,ACTIVE,橡胶和塑料制品业,DEFENSIVE_STABILITY,DEFENSIVE_STABILITY,1,4,0.925,0.93860795,0.92908239,0.0,0.92908239,WITHIN_SLEEVE_RANK_PERCENTILE_PLUS_RAW_SCORE,ELIGIBLE_CORE,PARTIAL,B,0,18884261.8,0.07432432432432434,0.0140306122448981,-0.0841013824884792,,-0.27496580027359774,0.3001973903207407,-0.20835623969213857,7294aee96dece5b8a634fcd568bef93c1b94d0bdd585bafb7cd5ab789828bdd6,PUBLIC_EQUITY_INVESTING_IDEA_GENERATION,RESEARCH_PRIORITY_ONLY_NO_TRADE_AUTHORITY,3f81de9af2720b8b89b37985d08466c14c0a9a17371badf5ee92dad0195c40ee,2026-07-16
2026-07-16,16,A_IMMEDIATE_RESEARCH,002747.SZ,埃斯顿,SZ,SZ_MAIN,ACTIVE,C 制造业,LIQUID_BREAKOUT,LIQUID_BREAKOUT,1,4,0.925,0.93149625,0.92694888,0.0,0.92694888,WITHIN_SLEEVE_RANK_PERCENTILE_PLUS_RAW_SCORE,ELIGIBLE_CORE,VALID,A,0,4675712550.7,0.27878239903556357,0.9854936827328029,0.7012830793905371,1.1570920183019826,-0.13408163265306128,0.7824711287456776,-0.24562767197823554,1151b40500ff77b719fb8e8d31a0b970e473213fb0cbfdd76b01923d3b36d647,PUBLIC_EQUITY_INVESTING_IDEA_GENERATION,RESEARCH_PRIORITY_ONLY_NO_TRADE_AUTHORITY,6dfbaf4ead6f39aa5ddd3a09bdee698c438f9083e42124f01b52fe587fdf19d5,2026-07-16
2026-07-16,17,A_IMMEDIATE_RESEARCH,002937.SZ,兴瑞科技,SZ,SZ_MAIN,ACTIVE,C 制造业,TREND_PERSISTENCE,TREND_PERSISTENCE,1,5,0.9,0.96800176,0.92040053,0.0,0.92040053,WITHIN_SLEEVE_RANK_PERCENTILE_PLUS_RAW_SCORE,ELIGIBLE_CORE,VALID,A,0,467017355.25,0.007123556865634928,0.3032422123331213,0.7581475128644939,1.535559678416821,-0.10225530983139919,0.4868928238499023,-0.18780831571529244,7ac0c729322006df8110ee2ad505efa6f486e34683b82b404d4ae9b215c8c735,PUBLIC_EQUITY_INVESTING_IDEA_GENERATION,RESEARCH_PRIORITY_ONLY_NO_TRADE_AUTHORITY,5d5519d64210d5972487ff0cfc8494b0e41eb530ccb26270873d697eb9e1e9a5,2026-07-16
2026-07-16,18,A_IMMEDIATE_RESEARCH,920367.BJ,新赣江,BJ,BSE,ACTIVE,医药制造业,RECOVERY_WATCH,RECOVERY_WATCH|LIQUID_BREAKOUT,2,4,0.9,0.87582887,0.89274866,0.02,0.91274866,WITHIN_SLEEVE_RANK_PERCENTILE_PLUS_RAW_SCORE,ELIGIBLE_CORE,VALID,A,0,185717706.15,1.3558528428093646,0.7698492462311559,0.26010733452593926,0.4043062200956937,0.0,1.1460654856279033,-0.4335260115606937,d6e2fa8f6dc5782207f34ed3913874fbbcf26e93323500a7fe13a5d2bab0339c,PUBLIC_EQUITY_INVESTING_IDEA_GENERATION,RESEARCH_PRIORITY_ONLY_NO_TRADE_AUTHORITY,e03650d804a316e28a5f2477c6fe3f4b000fb445ce9ef9c0070812dffa821ba3,2026-07-16
2026-07-16,19,A_IMMEDIATE_RESEARCH,002422.SZ,科伦药业,SZ,SZ_MAIN,ACTIVE,C 制造业,LIQUID_BREAKOUT,LIQUID_BREAKOUT,1,5,0.9,0.92961272,0.90888382,0.0,0.90888382,WITHIN_SLEEVE_RANK_PERCENTILE_PLUS_RAW_SCORE,ELIGIBLE_CORE,VALID,A,0,1974464760.25,0.4008983717012915,0.43638457109959683,0.5245951726245037,0.396976483762598,0.0,0.5732042397053302,-0.14536830357142871,b979bbfcb1a0351384826e110d678e0d001ee0aa9955d448ef70207da68ee3e2,PUBLIC_EQUITY_INVESTING_IDEA_GENERATION,RESEARCH_PRIORITY_ONLY_NO_TRADE_AUTHORITY,d781821fae645afe97f87c710da4f6bc3927cd12f95a5c28562ba5d91ac0dab9,2026-07-16
2026-07-16,20,A_IMMEDIATE_RESEARCH,002718.SZ,友邦吊顶,SZ,SZ_MAIN,ACTIVE,C 制造业,TREND_PERSISTENCE,TREND_PERSISTENCE,1,6,0.875,0.95917059,0.90025118,0.0,0.90025118,WITHIN_SLEEVE_RANK_PERCENTILE_PLUS_RAW_SCORE,ELIGIBLE_CORE,VALID,A,0,183975829.75,-0.03034111310592469,0.42770288131112877,1.258415220572862,6.532775453277545,-0.10349406589758481,0.5719901042325696,-0.3162541972391494,2bc441940b835eda04f451809c469fc7711314121f024ef16a32dc1afbb6e11e,PUBLIC_EQUITY_INVESTING_IDEA_GENERATION,RESEARCH_PRIORITY_ONLY_NO_TRADE_AUTHORITY,37f8f71015f44065ac12fe53cc8535dde59fe9619b6e51ebf797e7737316ecd9,2026-07-16
2026-07-16,21,B_WATCH_OR_TRIGGER,000538.SZ,云南白药,SZ,SZ_MAIN,ACTIVE,C 制造业,DEFENSIVE_STABILITY,DEFENSIVE_STABILITY,1,6,0.875,0.93583057,0.89324917,0.0,0.89324917,WITHIN_SLEEVE_RANK_PERCENTILE_PLUS_RAW_SCORE,ELIGIBLE_CORE,VALID,A,0,540910706.75,0.06542629319157633,-0.029428198919724258,-0.05254545454545456,-0.020856820744081128,-0.09326605185314074,0.18186270711521538,-0.15573917729477282,a432f0ec10207585f2c377b049b44764ebe0ad9db28520c7763d388dd22b8832,PUBLIC_EQUITY_INVESTING_IDEA_GENERATION,RESEARCH_PRIORITY_ONLY_NO_TRADE_AUTHORITY,c6792f605148638551e365190c9b81aa580dd6d5f7dff5a0382c6989cf6b1e3a,2026-07-16
2026-07-16,22,B_WATCH_OR_TRIGGER,002536.SZ,飞龙股份,SZ,SZ_MAIN,ACTIVE,C 制造业,LIQUID_BREAKOUT,LIQUID_BREAKOUT,1,6,0.875,0.92947742,0.89134323,0.0,0.89134323,WITHIN_SLEEVE_RANK_PERCENTILE_PLUS_RAW_SCORE,ELIGIBLE_CORE,VALID,A,0,2481946160.2,0.23069997749268523,0.4782373614490403,0.9165790396074307,2.7247956403269757,-0.021824686940965954,0.8448620516907768,-0.3280826975141521,98c65396ca5423f74800c65941833ed5e85091e33f60504864c1a2caf526fe9c,PUBLIC_EQUITY_INVESTING_IDEA_GENERATION,RESEARCH_PRIORITY_ONLY_NO_TRADE_AUTHORITY,2afc5f088802e01c2b35a86ce84d46f9291cf106e449596bf5adb8782ff6da82,2026-07-16
2026-07-16,23,B_WATCH_OR_TRIGGER,300759.SZ,康龙化成,SZ,CHINEXT,ACTIVE,M 科研服务,RECOVERY_WATCH,RECOVERY_WATCH|LIQUID_BREAKOUT,2,5,0.86666667,0.87492127,0.86914305,0.02,0.88914305,WITHIN_SLEEVE_RANK_PERCENTILE_PLUS_RAW_SCORE,ELIGIBLE_CORE,VALID,A,0,2590788080.45,0.7521561507035861,0.27518995705318794,0.1804281345565748,0.5897858319604612,-0.04218362282878396,0.5175330171802696,-0.3374270801350937,83f0ae963b8f1ca75e2ca66efab6aa0bba58e9508ad3f50790e3a90b57f9ffe1,PUBLIC_EQUITY_INVESTING_IDEA_GENERATION,RESEARCH_PRIORITY_ONLY_NO_TRADE_AUTHORITY,000723d2ed099d468a8308767acfa736d4c7dc9b85adc74c5fedc269e32eb922,2026-07-16
2026-07-16,24,B_WATCH_OR_TRIGGER,301369.SZ,联动科技,SZ,CHINEXT,ACTIVE,C 制造业,TREND_PERSISTENCE,TREND_PERSISTENCE,1,7,0.85,0.94591805,0.87877542,0.0,0.87877542,WITHIN_SLEEVE_RANK_PERCENTILE_PLUS_RAW_SCORE,ELIGIBLE_CORE,VALID,A,0,668128931.05,-0.1647667401092059,0.49836741708197296,0.8772741952847454,3.529350649350649,-0.28824489795918373,0.7781773433961121,-0.28824489795918373,45bf5ec72a2a7625a48416587aa1b0f26a227a8cb7e095900c2740116bade8d0,PUBLIC_EQUITY_INVESTING_IDEA_GENERATION,RESEARCH_PRIORITY_ONLY_NO_TRADE_AUTHORITY,e428b5f80958d819985bd748116af72539b1276f9d10d5fa3e22878ffd74b9d4,2026-07-16
2026-07-16,25,B_WATCH_OR_TRIGGER,002507.SZ,涪陵榨菜,SZ,SZ_MAIN,ACTIVE,C 制造业,DEFENSIVE_STABILITY,DEFENSIVE_STABILITY,1,7,0.85,0.93555262,0.87566579,0.0,0.87566579,WITHIN_SLEEVE_RANK_PERCENTILE_PLUS_RAW_SCORE,ELIGIBLE_CORE,VALID,A,0,107702307.95,0.0025974025974024872,-0.04059652029826022,-0.08530805687203791,-0.06462035541195477,-0.13517550410754298,0.19643395783592024,-0.18796992481203012,ac2652675cb8bf116d497d64b7534b8c526af7efd2f5cac04131071e7ca499d7,PUBLIC_EQUITY_INVESTING_IDEA_GENERATION,RESEARCH_PRIORITY_ONLY_NO_TRADE_AUTHORITY,d939d1b11f53f4db35c20b9a2b882172c2c2bee472b797595474a98bfe8f835a,2026-07-16
2026-07-16,26,B_WATCH_OR_TRIGGER,603757.SH,大元泵业,SH,SH_MAIN,ACTIVE,,LIQUID_BREAKOUT,LIQUID_BREAKOUT,1,7,0.85,0.9274955,0.87324865,0.0,0.87324865,WITHIN_SLEEVE_RANK_PERCENTILE_PLUS_RAW_SCORE,ELIGIBLE_CORE,VALID,A,0,1306322960.8,0.4974571482388397,0.4285714285714286,0.8622628250175686,2.6103542234332426,0.0,0.9166997733806909,-0.2953516450347118,bfae3acedc5e3b93d903cb6b655375d8079ea8d183f932c45223413cce7db329,PUBLIC_EQUITY_INVESTING_IDEA_GENERATION,RESEARCH_PRIORITY_ONLY_NO_TRADE_AUTHORITY,242a8a72e7a5f01847ca6c792f8d6dd23304c8f5e8f724f4b70eaf8472f4b5d6,2026-07-16
2026-07-16,27,B_WATCH_OR_TRIGGER,000779.SZ,甘咨询,SZ,SZ_MAIN,ACTIVE,M 科研服务,RECOVERY_WATCH,RECOVERY_WATCH|LIQUID_BREAKOUT,2,6,0.83333333,0.87229317,0.84502129,0.02,0.86502129,WITHIN_SLEEVE_RANK_PERCENTILE_PLUS_RAW_SCORE,ELIGIBLE_CORE,VALID,A,0,349855316.65,0.44228274967574577,0.27669345579793325,0.30363423212192253,0.20607375271149664,-0.00536672629695889,0.3727527824394795,-0.3259052924791086,f001d0e1643a871cf112566ace2a4fc46e724af9af21c04e8605c84895bb791f,PUBLIC_EQUITY_INVESTING_IDEA_GENERATION,RESEARCH_PRIORITY_ONLY_NO_TRADE_AUTHORITY,2266bd715cfa95c7494fa994af263308d2fa63852d1857bb97777a425b01e3ba,2026-07-16
2026-07-16,28,B_WATCH_OR_TRIGGER,603139.SH,康惠股份,SH,SH_MAIN,ACTIVE,,TREND_PERSISTENCE,TREND_PERSISTENCE,1,8,0.825,0.94292964,0.86037889,0.0,0.86037889,WITHIN_SLEEVE_RANK_PERCENTILE_PLUS_RAW_SCORE,ELIGIBLE_CORE,VALID,A,0,219389554.55,-0.09426693859052804,0.3270252324037184,0.9078758949880668,0.7103123662815574,-0.11590356115903566,0.6086262968465962,-0.14250614250614246,2e945b33b68f1f2879c93a0bfaf7d8c439f96c31c688bd2122751fc37f5a847b,PUBLIC_EQUITY_INVESTING_IDEA_GENERATION,RESEARCH_PRIORITY_ONLY_NO_TRADE_AUTHORITY,de0e2f5d858600916b9c56e03d7c2116025d52c7ee2eb97400f3ebef95d4658a,2026-07-16
2026-07-16,29,B_WATCH_OR_TRIGGER,601928.SH,凤凰传媒,SH,SH_MAIN,ACTIVE,,DEFENSIVE_STABILITY,DEFENSIVE_STABILITY,1,8,0.825,0.93483919,0.85795176,0.0,0.85795176,WITHIN_SLEEVE_RANK_PERCENTILE_PLUS_RAW_SCORE,ELIGIBLE_CORE,VALID,A,0,63336589.65,0.02071973827699014,-0.05740181268882183,-0.09126213592233023,-0.14754098360655743,-0.1875,0.196435883088557,-0.16249999999999998,65f5d05121913c0916fac0db10ec76d7df44342d012916f14c0babbdc01b4020,PUBLIC_EQUITY_INVESTING_IDEA_GENERATION,RESEARCH_PRIORITY_ONLY_NO_TRADE_AUTHORITY,19e68563a774c437fd10d9a57add359bec63b4326bd702708aa7925de8e81086,2026-07-16
2026-07-16,30,B_WATCH_OR_TRIGGER,603893.SH,瑞芯微,SH,SH_MAIN,ACTIVE,,LIQUID_BREAKOUT,LIQUID_BREAKOUT,1,8,0.825,0.92646634,0.8554399,0.0,0.8554399,WITHIN_SLEEVE_RANK_PERCENTILE_PLUS_RAW_SCORE,ELIGIBLE_CORE,VALID,A,0,3813145794.65,0.2630861040068202,0.30018136079096713,0.16070402674048156,0.48268730402295046,-0.0961812192443775,0.5236278905434021,-0.2746793915896213,edf8d4b2ca70322d8a3c1d58c290e43208b6acdef78cd89831be1d62811efe2d,PUBLIC_EQUITY_INVESTING_IDEA_GENERATION,RESEARCH_PRIORITY_ONLY_NO_TRADE_AUTHORITY,52b02b73838dd69a8a74dda53eb8ea1a17491ce63fcce0a61728ca8c754322ab,2026-07-16
2026-07-16,31,B_WATCH_OR_TRIGGER,002350.SZ,北京科锐,SZ,SZ_MAIN,ACTIVE,C 制造业,TREND_PERSISTENCE,TREND_PERSISTENCE,1,9,0.8,0.94128766,0.8423863,0.0,0.8423863,WITHIN_SLEEVE_RANK_PERCENTILE_PLUS_RAW_SCORE,ELIGIBLE_CORE,VALID,A,0,263690869.5,0.054497701904136386,0.17311906501095686,0.8270762229806599,1.3343023255813953,-0.08853575482406373,0.6437066468670088,-0.24404086265607272,a6c2fdafff7aab3aeae65002a61f1bc26f18c99154070147d05e3d48dda66b25,PUBLIC_EQUITY_INVESTING_IDEA_GENERATION,RESEARCH_PRIORITY_ONLY_NO_TRADE_AUTHORITY,3a4157bd2ea96078088c4023944e4b4a3d3d08f92e13774303373dbedfbe3539,2026-07-16
2026-07-16,32,B_WATCH_OR_TRIGGER,601229.SH,上海银行,SH,SH_MAIN,ACTIVE,,DEFENSIVE_STABILITY,DEFENSIVE_STABILITY,1,9,0.8,0.93340955,0.84002287,0.0,0.84002287,WITHIN_SLEEVE_RANK_PERCENTILE_PLUS_RAW_SCORE,ELIGIBLE_CORE,VALID,A,0,458263684.25,0.002219755826859071,-0.050473186119873836,-0.07098765432098775,-0.1654343807763402,-0.1615598885793872,0.18931477301851155,-0.11967545638945232,7478839646626171ad98a95a6241d0a79c7591ddff79c665554dc72bbfd568d2,PUBLIC_EQUITY_INVESTING_IDEA_GENERATION,RESEARCH_PRIORITY_ONLY_NO_TRADE_AUTHORITY,cf052fc362612f61e1b862fc167affb63f368cd92f5872882f864564bf7fa892,2026-07-16
2026-07-16,33,B_WATCH_OR_TRIGGER,688266.SH,泽璟制药,SH,STAR,ACTIVE,,RECOVERY_WATCH,RECOVERY_WATCH|LIQUID_BREAKOUT,2,7,0.8,0.86230297,0.81869089,0.02,0.83869089,WITHIN_SLEEVE_RANK_PERCENTILE_PLUS_RAW_SCORE,ELIGIBLE_CORE,VALID,A,0,1307673867.65,0.5863218390804597,0.3968623481781377,0.4678791746436928,0.19354838709677424,-0.06370420624151973,0.6625244216967636,-0.2206396130072561,a14c0ec971482abdb48bcc98230720329593d3783ac66d61dc34e6ad587662b1,PUBLIC_EQUITY_INVESTING_IDEA_GENERATION,RESEARCH_PRIORITY_ONLY_NO_TRADE_AUTHORITY,eef28af839c72661fb442ebe33c88792f666877d8d0509625f0e915895f91f44,2026-07-16
2026-07-16,34,B_WATCH_OR_TRIGGER,000977.SZ,浪潮信息,SZ,SZ_MAIN,ACTIVE,C 制造业,LIQUID_BREAKOUT,LIQUID_BREAKOUT,1,9,0.8,0.9251288,0.83753864,0.0,0.83753864,WITHIN_SLEEVE_RANK_PERCENTILE_PLUS_RAW_SCORE,ELIGIBLE_CORE,VALID,A,0,8894322346.4,0.317829457364341,0.24651708461651278,0.22284563372176658,0.6905330151153539,-0.050491510277033025,0.6505420396768263,-0.25213343677269195,f83038ca44b34fbcab47fbb0f7011aab7950d0e1e432e1ed81307c85fdd44943,PUBLIC_EQUITY_INVESTING_IDEA_GENERATION,RESEARCH_PRIORITY_ONLY_NO_TRADE_AUTHORITY,9e787695728d79ac5e99ebcdf91754776877a0fb434cac4212d235da8410e3a5,2026-07-16
2026-07-16,35,B_WATCH_OR_TRIGGER,002371.SZ,北方华创,SZ,SZ_MAIN,ACTIVE,C 制造业,TREND_PERSISTENCE,TREND_PERSISTENCE,1,10,0.775,0.93772754,0.82381826,0.0,0.82381826,WITHIN_SLEEVE_RANK_PERCENTILE_PLUS_RAW_SCORE,ELIGIBLE_CORE,VALID,A,0,11134786308.3,-0.0011654680349072466,0.4968901763653404,0.42591052044232525,1.0987307749738688,-0.2479909257257814,0.6386612351980596,-0.2479909257257814,571009fead97a6ee9cce0db81a3dc8161c6e68f78610317bc78dd46907f6d4f2,PUBLIC_EQUITY_INVESTING_IDEA_GENERATION,RESEARCH_PRIORITY_ONLY_NO_TRADE_AUTHORITY,cb80357e0d49722db48e7d43776f5843cdbeeb07388c26445113562c1468b2e9,2026-07-16
2026-07-16,36,B_WATCH_OR_TRIGGER,600018.SH,上港集团,SH,SH_MAIN,ACTIVE,,DEFENSIVE_STABILITY,DEFENSIVE_STABILITY,1,10,0.775,0.93326296,0.82247889,0.0,0.82247889,WITHIN_SLEEVE_RANK_PERCENTILE_PLUS_RAW_SCORE,ELIGIBLE_CORE,VALID,A,0,297046449.4,0.04024144869215296,0.04868154158215021,-0.018975332068311146,-0.08818342151675485,-0.1116838487972509,0.17398246250714633,-0.10095238095238102,6571eba86034862f5cd18ac1ef57035965ec85fc9a741b6263ba95bfb27b7178,PUBLIC_EQUITY_INVESTING_IDEA_GENERATION,RESEARCH_PRIORITY_ONLY_NO_TRADE_AUTHORITY,3e3a4f4b36974df709422f6c5307165b85c99f0472318f4bac21de5f5017cbd2,2026-07-16
2026-07-16,37,B_WATCH_OR_TRIGGER,301165.SZ,锐捷网络,SZ,CHINEXT,ACTIVE,C 制造业,LIQUID_BREAKOUT,LIQUID_BREAKOUT,1,10,0.775,0.92436299,0.8198089,0.0,0.8198089,WITHIN_SLEEVE_RANK_PERCENTILE_PLUS_RAW_SCORE,ELIGIBLE_CORE,VALID,A,0,2549748216.7,0.5907631136259366,0.5256673511293632,0.6516354398221658,1.5265970366771917,-0.04726140318739702,0.8888011623186637,-0.24201407688142929,a42d832778c0ac54229bdb16751132c847dd78739b34dd5a053704be122841d3,PUBLIC_EQUITY_INVESTING_IDEA_GENERATION,RESEARCH_PRIORITY_ONLY_NO_TRADE_AUTHORITY,d230b9f8df4f63688ad0ea94f90b5417c9a5d4caf5e6034154ea83fae2e89724,2026-07-16
2026-07-16,38,B_WATCH_OR_TRIGGER,301365.SZ,矩阵股份,SZ,CHINEXT,ACTIVE,M 科研服务,TREND_PERSISTENCE,TREND_PERSISTENCE,1,11,0.75,0.93690305,0.80607092,0.0,0.80607092,WITHIN_SLEEVE_RANK_PERCENTILE_PLUS_RAW_SCORE,ELIGIBLE_CORE,VALID,A,0,224722643.2,0.1095364629465605,0.2593833780160857,0.4207939508506615,1.2693236714975846,-0.09511196725258853,0.7146566874084461,-0.24593548387096775,79af6d167f66b1965597d1bffe9a6b722c905891264f640ed0f6774cf7e89c50,PUBLIC_EQUITY_INVESTING_IDEA_GENERATION,RESEARCH_PRIORITY_ONLY_NO_TRADE_AUTHORITY,4f8b00d29bc79852cdb791978308ac7f6d13e9d65ac31df0f7b1ba4764c3d312,2026-07-16
2026-07-16,39,B_WATCH_OR_TRIGGER,000598.SZ,兴蓉环境,SZ,SZ_MAIN,ACTIVE,D 水电煤气,DEFENSIVE_STABILITY,DEFENSIVE_STABILITY,1,11,0.75,0.93233966,0.8047019,0.0,0.8047019,WITHIN_SLEEVE_RANK_PERCENTILE_PLUS_RAW_SCORE,ELIGIBLE_CORE,VALID,A,0,168149027.4,0.0359820089955023,0.08137715179968708,0.022189349112426093,-0.02812939521800284,-0.05986394557823127,0.2107464962428753,-0.13043478260869557,2b2527d49a45cef59f41a23f28b2f29a889a2e429a6b60bee4519d8b4f098d31,PUBLIC_EQUITY_INVESTING_IDEA_GENERATION,RESEARCH_PRIORITY_ONLY_NO_TRADE_AUTHORITY,d8cd0bd83a374b63c142b8ccb8d6a735a6aa483a41f368e95064aedaaad7ee8a,2026-07-16
2026-07-16,40,B_WATCH_OR_TRIGGER,603991.SH,领先股份,SH,SH_MAIN,ACTIVE,,LIQUID_BREAKOUT,LIQUID_BREAKOUT,1,11,0.75,0.92140043,0.80142013,0.0,0.80142013,WITHIN_SLEEVE_RANK_PERCENTILE_PLUS_RAW_SCORE,ELIGIBLE_CORE,VALID,A,0,1149070652.2,0.3268023748939779,0.3517974421016248,1.1011417058428474,1.336868837765163,-0.06362983359272112,0.7360979643759232,-0.20890277235454913,d74f13d82425c87a0f7a38844a1284fc504dd37626eacffd0b8b139d66067de5,PUBLIC_EQUITY_INVESTING_IDEA_GENERATION,RESEARCH_PRIORITY_ONLY_NO_TRADE_AUTHORITY,b70ea4617e73bc085d8a92159fd6ea43d66e8938f72ec86843040beeb3c45e09,2026-07-16
2026-07-16,41,B_WATCH_OR_TRIGGER,603223.SH,恒通股份,SH,SH_MAIN,ACTIVE,,RECOVERY_WATCH,RECOVERY_WATCH,1,8,0.76666667,0.85667957,0.79367054,0.0,0.79367054,WITHIN_SLEEVE_RANK_PERCENTILE_PLUS_RAW_SCORE,ELIGIBLE_CORE,VALID,A,0,380534074.1,0.21969696969696972,0.2865296803652968,0.13838383838383828,0.05722326454033766,-0.21736111111111112,0.6446979274239463,-0.22953904045155227,29d8c8e15a974e251853e745876833b0c654cd0e0050fc39ad310daf9e50d191,PUBLIC_EQUITY_INVESTING_IDEA_GENERATION,RESEARCH_PRIORITY_ONLY_NO_TRADE_AUTHORITY,81d2d8ea6668b5b813808db37b120cf2e0f3be1ceffb740c84e7d31590a83c80,2026-07-16
2026-07-16,42,B_WATCH_OR_TRIGGER,001227.SZ,兰州银行,SZ,SZ_MAIN,ACTIVE,J 金融业,DEFENSIVE_STABILITY,DEFENSIVE_STABILITY,1,12,0.725,0.93214056,0.78714217,0.0,0.78714217,WITHIN_SLEEVE_RANK_PERCENTILE_PLUS_RAW_SCORE,ELIGIBLE_CORE,VALID,A,0,99982294.35,0.004761904761904745,-0.040909090909091006,-0.05803571428571441,-0.14574898785425117,-0.1915708812260537,0.142808945411725,-0.14163090128755362,608d8a2fed96fa34e5bca8c2793f8f72d4b71979e9a50670f89e746641f24f44,PUBLIC_EQUITY_INVESTING_IDEA_GENERATION,RESEARCH_PRIORITY_ONLY_NO_TRADE_AUTHORITY,f49ca75f70ef2b0d497621076acf7264c9a099cd679ef863a4cc25fded8b39b7,2026-07-16
2026-07-16,43,B_WATCH_OR_TRIGGER,301568.SZ,思泰克,SZ,CHINEXT,ACTIVE,C 制造业,TREND_PERSISTENCE,TREND_PERSISTENCE,1,12,0.725,0.92483282,0.78494985,0.0,0.78494985,WITHIN_SLEEVE_RANK_PERCENTILE_PLUS_RAW_SCORE,ELIGIBLE_CORE,VALID,A,0,455792105.8,-0.2685096363477807,0.48355146798726567,0.6962588473205256,1.2874284155985816,-0.3136966126656848,0.7723394568173487,-0.3136966126656848,71a98e8a126cb868b72fdb9bf9fc486173fb9f86d60b6012efa6284bb884611e,PUBLIC_EQUITY_INVESTING_IDEA_GENERATION,RESEARCH_PRIORITY_ONLY_NO_TRADE_AUTHORITY,d5c7376ed30a90329063c4dfc2752ae8e1bdd3cf714d5cec0f55b59a23171ce9,2026-07-16
2026-07-16,44,B_WATCH_OR_TRIGGER,603259.SH,药明康德,SH,SH_MAIN,ACTIVE,,LIQUID_BREAKOUT,LIQUID_BREAKOUT,1,12,0.725,0.92029374,0.78358812,0.0,0.78358812,WITHIN_SLEEVE_RANK_PERCENTILE_PLUS_RAW_SCORE,ELIGIBLE_CORE,VALID,A,0,9261692800.1,0.29327902240325865,0.29817029541040574,0.24778934957752008,0.8278641335636154,-0.034220532319391594,0.460626519473616,-0.16318032151849704,e76020dd8534b00bfd33257e8bd980a0003c485c5e2794d8dc28bdd9f7f7e376,PUBLIC_EQUITY_INVESTING_IDEA_GENERATION,RESEARCH_PRIORITY_ONLY_NO_TRADE_AUTHORITY,f05d64856f20b218b101d803caa8191d4366ad81361ac951d153356660c84c78,2026-07-16
2026-07-16,45,B_WATCH_OR_TRIGGER,002142.SZ,宁波银行,SZ,SZ_MAIN,ACTIVE,J 金融业,DEFENSIVE_STABILITY,DEFENSIVE_STABILITY,1,13,0.7,0.93167863,0.76950359,0.0,0.76950359,WITHIN_SLEEVE_RANK_PERCENTILE_PLUS_RAW_SCORE,ELIGIBLE_CORE,VALID,A,0,1113264118.85,0.02322538436375532,0.03302509907529716,0.11316725978647679,0.17948717948717952,-0.04107909258123843,0.2507355695600281,-0.11496014714898828,d52d14448f939d9446c197115e35098c476da0c90072aecdc719a5e8f3f8fc9d,PUBLIC_EQUITY_INVESTING_IDEA_GENERATION,RESEARCH_PRIORITY_ONLY_NO_TRADE_AUTHORITY,6982c2f0b4a1931949ced6e2890dc0a6d00919461c426e8d0caf2f618ff6f729,2026-07-16
2026-07-16,46,B_WATCH_OR_TRIGGER,002739.SZ,儒意电影,SZ,SZ_MAIN,ACTIVE,R 文化传播,RECOVERY_WATCH,RECOVERY_WATCH,1,9,0.73333333,0.85083236,0.76858304,0.0,0.76858304,WITHIN_SLEEVE_RANK_PERCENTILE_PLUS_RAW_SCORE,ELIGIBLE_CORE,VALID,A,0,909440023.5,0.28358208955223896,0.02482621648460781,-0.10957722174288176,-0.08753315649867377,-0.2559480894015861,0.5782979381822255,-0.4253785147801009,6484a3684bc0e7de44642494f64e1905751364f06e8cec01c33faa3c14d43188,PUBLIC_EQUITY_INVESTING_IDEA_GENERATION,RESEARCH_PRIORITY_ONLY_NO_TRADE_AUTHORITY,bd5f76160fef9d10b81931d1612895578c970ce05c4005929f374c410d03aefc,2026-07-16
2026-07-16,47,B_WATCH_OR_TRIGGER,300938.SZ,信测标准,SZ,CHINEXT,ACTIVE,M 科研服务,TREND_PERSISTENCE,TREND_PERSISTENCE,1,13,0.7,0.92347859,0.76704358,0.0,0.76704358,WITHIN_SLEEVE_RANK_PERCENTILE_PLUS_RAW_SCORE,ELIGIBLE_CORE,VALID,A,0,977192495.25,-0.06109613656783486,0.1953102659422361,0.9034608378870672,1.6950354609929077,-0.23020257826887658,0.7154702521375907,-0.23554327808471454,b325bb40fe53e26e07e757f8301ad0ac7fe024ae41324de0e8337de5d989447a,PUBLIC_EQUITY_INVESTING_IDEA_GENERATION,RESEARCH_PRIORITY_ONLY_NO_TRADE_AUTHORITY,192ca89fe15f35b1f2c4108c4b39be4b1bc003ab1707f99026a05194d54eecd9,2026-07-16
2026-07-16,48,B_WATCH_OR_TRIGGER,000811.SZ,冰轮环境,SZ,SZ_MAIN,ACTIVE,C 制造业,LIQUID_BREAKOUT,LIQUID_BREAKOUT,1,13,0.7,0.91980348,0.76594104,0.0,0.76594104,WITHIN_SLEEVE_RANK_PERCENTILE_PLUS_RAW_SCORE,ELIGIBLE_CORE,VALID,A,0,2813576586.35,0.289437585733882,1.445369406867846,1.9898218829516536,3.3884220354808585,-0.16399857701885445,0.9043440623409835,-0.23438956197576888,f2e13d0176f96c616845c9fb09b2dc3f201456ce213fdfd01f0f8df4bc6294d9,PUBLIC_EQUITY_INVESTING_IDEA_GENERATION,RESEARCH_PRIORITY_ONLY_NO_TRADE_AUTHORITY,b511ef4a0f19555bbc574be2f7c0b7382c40580afddb95f3e5e578ad7efa9df4,2026-07-16
2026-07-16,49,B_WATCH_OR_TRIGGER,601985.SH,XD中国核,SH,SH_MAIN,ACTIVE,,DEFENSIVE_STABILITY,DEFENSIVE_STABILITY,1,14,0.675,0.93137786,0.75191336,0.0,0.75191336,WITHIN_SLEEVE_RANK_PERCENTILE_PLUS_RAW_SCORE,ELIGIBLE_CORE,VALID,A,0,1038484350.9,-0.04600219058050381,0.02110199296600257,-0.0091012514220703,-0.03863134657836642,-0.06545064377682397,0.1923375639926444,-0.06877729257641929,2be2c49bf06357c6394a1601edd6c5dd13b2a0375b934338ce864112ff32f69a,PUBLIC_EQUITY_INVESTING_IDEA_GENERATION,RESEARCH_PRIORITY_ONLY_NO_TRADE_AUTHORITY,6701434099c7e1f39d1f40870977b26c39f626daa292e865ab8170a9f1d85527,2026-07-16
2026-07-16,50,B_WATCH_OR_TRIGGER,301536.SZ,星宸科技,SZ,CHINEXT,ACTIVE,C 制造业,TREND_PERSISTENCE,TREND_PERSISTENCE,1,14,0.675,0.9224425,0.74923275,0.0,0.74923275,WITHIN_SLEEVE_RANK_PERCENTILE_PLUS_RAW_SCORE,ELIGIBLE_CORE,VALID,A,0,1285038190.55,-0.05506087588588049,0.3660843294364904,0.6041955884621317,0.8420120439249026,-0.1919819749825189,0.6555117243735402,-0.20047018593716615,0a8c2b1d62f822be95d8965f424504d82b011c57bb3ede1613c035e0fca16301,PUBLIC_EQUITY_INVESTING_IDEA_GENERATION,RESEARCH_PRIORITY_ONLY_NO_TRADE_AUTHORITY,81780493533632736ffc883e0c21bb3ce497d61e7fb6179a6cb8fd35f0439869,2026-07-16
2026-07-16,51,B_WATCH_OR_TRIGGER,920190.BJ,雷神科技,BJ,BSE,ACTIVE,计算机、通信和其他电子设备制造业,LIQUID_BREAKOUT,LIQUID_BREAKOUT,1,14,0.675,0.91891971,0.74817591,0.0,0.74817591,WITHIN_SLEEVE_RANK_PERCENTILE_PLUS_RAW_SCORE,ELIGIBLE_CORE,VALID,A,0,198283131.05,0.19824140687450043,0.30291177748804854,-0.08374083129584342,-0.04583068109484412,-0.19603110753553232,1.0814092671144806,-0.42021989809600424,2be7b6066ebb96b45a75065b28f225b12479de3e1ffdc68f0c54b18ae4626b3b,PUBLIC_EQUITY_INVESTING_IDEA_GENERATION,RESEARCH_PRIORITY_ONLY_NO_TRADE_AUTHORITY,879e3607a65a6dd96ac27da7e155753da78e554ee9a0b96b3a8bfd14a7832a42,2026-07-16
2026-07-16,52,B_WATCH_OR_TRIGGER,300725.SZ,药石科技,SZ,CHINEXT,ACTIVE,M 科研服务,RECOVERY_WATCH,RECOVERY_WATCH,1,10,0.7,0.84920318,0.74476096,0.0,0.74476096,WITHIN_SLEEVE_RANK_PERCENTILE_PLUS_RAW_SCORE,ELIGIBLE_CORE,VALID,A,0,565890945.25,0.30249221183800623,0.10813676119798576,-0.11625449165081381,0.10872447626624249,-0.20573708206686925,0.4117865996698646,-0.3278124327812433,dbe8619bca282e26f9fa957998f89c50694370468960a6e9844ee0883f9218a0,PUBLIC_EQUITY_INVESTING_IDEA_GENERATION,RESEARCH_PRIORITY_ONLY_NO_TRADE_AUTHORITY,b500863ea5faecd7cb62290002294fb6269e49e79f9b3e39ca6bdb1831e39c93,2026-07-16
2026-07-16,53,B_WATCH_OR_TRIGGER,000088.SZ,盐 田 港,SZ,SZ_MAIN,ACTIVE,G 运输仓储,DEFENSIVE_STABILITY,DEFENSIVE_STABILITY,1,15,0.65,0.92983072,0.73394922,0.0,0.73394922,WITHIN_SLEEVE_RANK_PERCENTILE_PLUS_RAW_SCORE,ELIGIBLE_CORE,VALID,A,0,70772203.55,0.028436018957346043,-0.022522522522522626,-0.006864988558352492,-0.0022988505747125743,-0.05240174672489084,0.16208025213601338,-0.10917030567685593,067eecfef9460aab2a8f90ebfba83ebad04c956cbb93efb54cc401cccecfbac9,PUBLIC_EQUITY_INVESTING_IDEA_GENERATION,RESEARCH_PRIORITY_ONLY_NO_TRADE_AUTHORITY,6fc9e82905bb4d70cc39059f884b00685ef80a1f14c0196731a3165f94126209,2026-07-16
2026-07-16,54,B_WATCH_OR_TRIGGER,601918.SH,新集能源,SH,SH_MAIN,ACTIVE,,TREND_PERSISTENCE,TREND_PERSISTENCE,1,15,0.65,0.92094949,0.73128485,0.0,0.73128485,WITHIN_SLEEVE_RANK_PERCENTILE_PLUS_RAW_SCORE,ELIGIBLE_CORE,VALID,A,0,486767628.3,0.03833865814696469,0.30000000000000004,0.40287769784172656,0.5378548895899053,-0.13563829787234039,0.5631059930048715,-0.23847517730496448,2caa9983494f3ad24b52000242857c26aa524886d4c913584376b5a257db36f7,PUBLIC_EQUITY_INVESTING_IDEA_GENERATION,RESEARCH_PRIORITY_ONLY_NO_TRADE_AUTHORITY,0f655d9bdc951281f307af8bd27fa300a0b31b75fd19db97233487ceddbdefa1,2026-07-16
2026-07-16,55,B_WATCH_OR_TRIGGER,002653.SZ,海思科,SZ,SZ_MAIN,ACTIVE,C 制造业,LIQUID_BREAKOUT,LIQUID_BREAKOUT,1,15,0.65,0.91844139,0.73053242,0.0,0.73053242,WITHIN_SLEEVE_RANK_PERCENTILE_PLUS_RAW_SCORE,ELIGIBLE_CORE,VALID,A,0,1110559006.3,0.6566945606694561,0.4209581912793827,0.4810173929306152,0.7779524023349798,0.0,0.6499317852011045,-0.22994031830238726,fcac545e0e63f97a998926a2e9ac20f245b5aad23064923c5def32de40d4f56a,PUBLIC_EQUITY_INVESTING_IDEA_GENERATION,RESEARCH_PRIORITY_ONLY_NO_TRADE_AUTHORITY,d55fe900ddbe9cda4450c962a6011208d0bb5685e4fb9589bcdbeb4c5cb97f20,2026-07-16
2026-07-16,56,B_WATCH_OR_TRIGGER,600919.SH,江苏银行,SH,SH_MAIN,ACTIVE,,DEFENSIVE_STABILITY,DEFENSIVE_STABILITY,1,16,0.625,0.92972344,0.71641703,0.0,0.71641703,WITHIN_SLEEVE_RANK_PERCENTILE_PLUS_RAW_SCORE,ELIGIBLE_CORE,VALID,A,0,1200077387.5,-0.003542958370239102,0.06032045240339312,0.13521695257315836,-0.03763900769888795,-0.03433476394849788,0.18867210157018835,-0.09356223175965661,dae2d6776121da46c0934a3ba5e40f48df9311148bbcb1ff01ae8d6d39debe39,PUBLIC_EQUITY_INVESTING_IDEA_GENERATION,RESEARCH_PRIORITY_ONLY_NO_TRADE_AUTHORITY,48f7002651fe3d8c86e6eed5b9cb4743e9832d6586ab0456c7b61b8c924445b9,2026-07-16
2026-07-16,57,B_WATCH_OR_TRIGGER,603127.SH,昭衍新药,SH,SH_MAIN,ACTIVE,,LIQUID_BREAKOUT,LIQUID_BREAKOUT,1,16,0.625,0.91800537,0.71290161,0.0,0.71290161,WITHIN_SLEEVE_RANK_PERCENTILE_PLUS_RAW_SCORE,ELIGIBLE_CORE,VALID,A,0,1847867065.8,0.6475866336633662,0.44622487778381315,0.2418376865671641,1.391109115401886,0.0,0.6503351451289402,-0.3811197001639728,fb851b758adaa610aa928182f921018d1c59b5035e085880e0fb735e0b1e51a9,PUBLIC_EQUITY_INVESTING_IDEA_GENERATION,RESEARCH_PRIORITY_ONLY_NO_TRADE_AUTHORITY,c635d73c6cef958f7657ecdde381b782c891b0e4690418e0af920318da4c2ee1,2026-07-16
2026-07-16,58,B_WATCH_OR_TRIGGER,601168.SH,西部矿业,SH,SH_MAIN,ACTIVE,,TREND_PERSISTENCE,TREND_PERSISTENCE,1,16,0.625,0.91681929,0.71254579,0.0,0.71254579,WITHIN_SLEEVE_RANK_PERCENTILE_PLUS_RAW_SCORE,ELIGIBLE_CORE,VALID,A,0,1941876587.05,0.07496823379923767,0.1828032156588606,0.1295060080106809,0.9859154929577467,-0.14155251141552505,0.5810091101609784,-0.3754439370877727,374936d4780b49f8fafedc9936ac311583dce494ff444a632c4dc2f0964be544,PUBLIC_EQUITY_INVESTING_IDEA_GENERATION,RESEARCH_PRIORITY_ONLY_NO_TRADE_AUTHORITY,bedd91f2d5c0d608f7f6c1e0cb87523ea8e878572d10d7fdba6484d490771d66,2026-07-16
2026-07-16,59,B_WATCH_OR_TRIGGER,601668.SH,中国建筑,SH,SH_MAIN,ACTIVE,,DEFENSIVE_STABILITY,DEFENSIVE_STABILITY,1,17,0.6,0.92904025,0.69871208,0.0,0.69871208,WITHIN_SLEEVE_RANK_PERCENTILE_PLUS_RAW_SCORE,ELIGIBLE_CORE,VALID,A,0,1013672894.15,0.0022421524663676085,-0.04077253218884125,-0.07644628099173556,-0.16135084427767366,-0.20744680851063835,0.15598104667812626,-0.15670103092783505,ce7bcd1eefc19e7388392f3792dfa3aa999ff505e63330dbd5b69643f671542d,PUBLIC_EQUITY_INVESTING_IDEA_GENERATION,RESEARCH_PRIORITY_ONLY_NO_TRADE_AUTHORITY,88c286cdf1ae8f7bba524d48f63dcd44842a16fae6a283b91eb5d5d1f1498934,2026-07-16
2026-07-16,60,B_WATCH_OR_TRIGGER,601211.SH,国泰海通,SH,SH_MAIN,ACTIVE,,RECOVERY_WATCH,RECOVERY_WATCH,1,12,0.63333333,0.84297307,0.69622526,0.0,0.69622526,WITHIN_SLEEVE_RANK_PERCENTILE_PLUS_RAW_SCORE,ELIGIBLE_CORE,VALID,A,0,3000095589.15,0.0636833046471601,0.11351351351351346,-0.08939096267190572,-0.0010775862068965747,-0.151875571820677,0.2989246230529395,-0.26476476476476485,d3e44e12c6746bd4aa82861892a0d6db296cd20407c039e3b7522adede5c5095,PUBLIC_EQUITY_INVESTING_IDEA_GENERATION,RESEARCH_PRIORITY_ONLY_NO_TRADE_AUTHORITY,bb20896c749b733131a81d8953b7b0ed69ce21dddc1cf323b1ac14a25d7fbacd,2026-07-16
2026-07-16,61,C_SCREEN_FLAG_ONLY,002832.SZ,比音勒芬,SZ,SZ_MAIN,ACTIVE,C 制造业,TREND_PERSISTENCE,TREND_PERSISTENCE,1,17,0.6,0.91553269,0.69465981,0.0,0.69465981,WITHIN_SLEEVE_RANK_PERCENTILE_PLUS_RAW_SCORE,ELIGIBLE_CORE,VALID,A,0,214385182.7,0.025531914893617058,0.2603137710633352,0.466531440162272,0.4566823371390194,-0.01899592944369055,0.44040171559130376,-0.0876162506118453,2cdf13baba4c7b6f727bca9d3152c0f7e18ce4c4195a97e832e557251dd77f15,PUBLIC_EQUITY_INVESTING_IDEA_GENERATION,RESEARCH_PRIORITY_ONLY_NO_TRADE_AUTHORITY,cab9af75cf5255a42c1a794981f4c461a873477479ab040d444a9e6d87158a13,2026-07-16
2026-07-16,62,C_SCREEN_FLAG_ONLY,601128.SH,常熟银行,SH,SH_MAIN,ACTIVE,,DEFENSIVE_STABILITY,DEFENSIVE_STABILITY,1,18,0.575,0.92751674,0.68075502,0.0,0.68075502,WITHIN_SLEEVE_RANK_PERCENTILE_PLUS_RAW_SCORE,ELIGIBLE_CORE,VALID,A,0,248719578.35,-0.026521060842433664,-0.03105590062111807,0.003215434083601254,-0.06306306306306309,-0.09956709956709953,0.18004495994922076,-0.12084592145015105,05f654816d7f4283266e5809530f80813451df6976b0e53fec0c518c659a997e,PUBLIC_EQUITY_INVESTING_IDEA_GENERATION,RESEARCH_PRIORITY_ONLY_NO_TRADE_AUTHORITY,8da7cea005d152592039fbacb069118dcfab879d76fac38b6cd9915eddae0a2c,2026-07-16
2026-07-16,63,C_SCREEN_FLAG_ONLY,002965.SZ,祥鑫科技,SZ,SZ_MAIN,ACTIVE,C 制造业,LIQUID_BREAKOUT,LIQUID_BREAKOUT,1,18,0.575,0.91498399,0.6769952,0.0,0.6769952,WITHIN_SLEEVE_RANK_PERCENTILE_PLUS_RAW_SCORE,ELIGIBLE_CORE,VALID,A,0,1009847046.8,0.19058823529411772,0.6401944894651539,0.24293785310734473,0.3657219973009449,-0.0683115448352053,0.6035721252680609,-0.3346209560598745,97cf6233b353897e54c346b93fd59b76b1c0197e65b3b6913b697501711bae31,PUBLIC_EQUITY_INVESTING_IDEA_GENERATION,RESEARCH_PRIORITY_ONLY_NO_TRADE_AUTHORITY,c49972562d37501f247475544b02919945dab90ae485211a0e81b2f90fc8bd63,2026-07-16
2026-07-16,64,C_SCREEN_FLAG_ONLY,300201.SZ,海伦哲,SZ,CHINEXT,ACTIVE,C 制造业,TREND_PERSISTENCE,TREND_PERSISTENCE,1,18,0.575,0.91250012,0.67625003,0.0,0.67625003,WITHIN_SLEEVE_RANK_PERCENTILE_PLUS_RAW_SCORE,ELIGIBLE_CORE,VALID,A,0,894151042.7,-0.2466343564889607,0.15333882934872212,0.8879892037786774,1.6100746268656714,-0.33602278120550544,0.7208298324646883,-0.33602278120550544,48b4c648460097ef49b0b7d0453eaefedcac7ba79773b2aaafab3d649d277cbb,PUBLIC_EQUITY_INVESTING_IDEA_GENERATION,RESEARCH_PRIORITY_ONLY_NO_TRADE_AUTHORITY,b77aabfe2e6a00c13df6b11b4f778f5a5fab55cf54bc6940da98f73d8fa7a4e4,2026-07-16
2026-07-16,65,C_SCREEN_FLAG_ONLY,301393.SZ,昊帆生物,SZ,CHINEXT,ACTIVE,C 制造业,RECOVERY_WATCH,RECOVERY_WATCH,1,13,0.6,0.83902016,0.67170605,0.0,0.67170605,WITHIN_SLEEVE_RANK_PERCENTILE_PLUS_RAW_SCORE,ELIGIBLE_CORE,VALID,A,0,276510343.7,0.28811919504643946,0.15995818086774682,0.16503325166258298,0.2529644268774702,-0.06423952769187524,0.575432398420051,-0.23278943278943276,cf7985698c5342efc73c7e80f915f393ae8455a0da270a4f04f15b500ceabc19,PUBLIC_EQUITY_INVESTING_IDEA_GENERATION,RESEARCH_PRIORITY_ONLY_NO_TRADE_AUTHORITY,1ccfcf73719e5f5eebb0c4627b384e02b4e87d1cef002567b500e89651caa0dc,2026-07-16
2026-07-16,66,C_SCREEN_FLAG_ONLY,600016.SH,民生银行,SH,SH_MAIN,ACTIVE,,DEFENSIVE_STABILITY,DEFENSIVE_STABILITY,1,19,0.55,0.92740487,0.66322146,0.0,0.66322146,WITHIN_SLEEVE_RANK_PERCENTILE_PLUS_RAW_SCORE,ELIGIBLE_CORE,VALID,A,0,873577872.6,-0.014285714285714235,-0.05479452054794509,-0.07999999999999996,-0.2797494780793319,-0.3403441682600382,0.169871129399294,-0.19338422391857513,fe31888b03815da44b4e0b7c44519d4d415e739fe0f529a0086719935269fe32,PUBLIC_EQUITY_INVESTING_IDEA_GENERATION,RESEARCH_PRIORITY_ONLY_NO_TRADE_AUTHORITY,4da6bd617315d60360fb44a95f6f850e097db377cc16c3f63aa05f95a17cae0d,2026-07-16
2026-07-16,67,C_SCREEN_FLAG_ONLY,002841.SZ,视源股份,SZ,SZ_MAIN,ACTIVE,C 制造业,LIQUID_BREAKOUT,LIQUID_BREAKOUT,1,19,0.55,0.91399882,0.65919965,0.0,0.65919965,WITHIN_SLEEVE_RANK_PERCENTILE_PLUS_RAW_SCORE,ELIGIBLE_CORE,VALID,A,0,748382523.45,0.3740000000000001,0.3959361393323657,0.16723300970873778,0.42446682464455,-0.08312678741658719,0.5286967973444885,-0.23958584156031792,fbbd63e96916da07125d3d0da518cd84d1cb98a04490114fdc5d19751cb49973,PUBLIC_EQUITY_INVESTING_IDEA_GENERATION,RESEARCH_PRIORITY_ONLY_NO_TRADE_AUTHORITY,b0e3568e4861ba7a7bc45df730feae511b554d590d269f0774c5013b5c75085e,2026-07-16
2026-07-16,68,C_SCREEN_FLAG_ONLY,300649.SZ,杭州园林,SZ,CHINEXT,ACTIVE,M 科研服务,TREND_PERSISTENCE,TREND_PERSISTENCE,1,19,0.55,0.90878827,0.65763648,0.0,0.65763648,WITHIN_SLEEVE_RANK_PERCENTILE_PLUS_RAW_SCORE,ELIGIBLE_CORE,VALID,A,0,147328089.35,0.07829570284049514,0.916504854368932,0.9753168779186123,0.4208253358925145,-0.015952143569292088,0.720941336652283,-0.17380191693290736,125375f64364ef0ae022b6e1c0ff8f871626c7b3a3cb545c3467d40709bd23d1,PUBLIC_EQUITY_INVESTING_IDEA_GENERATION,RESEARCH_PRIORITY_ONLY_NO_TRADE_AUTHORITY,d61ec56b360f83396e02316765faca049f46f95e7f6acd66740446c0933e21ec,2026-07-16
2026-07-16,69,C_SCREEN_FLAG_ONLY,688103.SH,国力电子,SH,STAR,ACTIVE,,RECOVERY_WATCH,RECOVERY_WATCH,1,14,0.56666667,0.83758011,0.6479407,0.0,0.6479407,WITHIN_SLEEVE_RANK_PERCENTILE_PLUS_RAW_SCORE,ELIGIBLE_CORE,VALID,A,0,533842010.65,0.44916183612721294,0.5640852215082854,0.39517345399698356,0.595928226363009,-0.10194174757281549,0.7882068390277066,-0.24802919708029203,ac79c84fbea9517f0d1f6ae6dcb2e2e1ecb04da2d380acc0e96d56e260defee2,PUBLIC_EQUITY_INVESTING_IDEA_GENERATION,RESEARCH_PRIORITY_ONLY_NO_TRADE_AUTHORITY,4799498ff5f9f94caa8968e3659c39359d5dec101719245589ca9e5e46641243,2026-07-16
2026-07-16,70,C_SCREEN_FLAG_ONLY,601328.SH,交通银行,SH,SH_MAIN,ACTIVE,,DEFENSIVE_STABILITY,DEFENSIVE_STABILITY,1,20,0.525,0.92716646,0.64564994,0.0,0.64564994,WITHIN_SLEEVE_RANK_PERCENTILE_PLUS_RAW_SCORE,ELIGIBLE_CORE,VALID,A,0,1386906347.7,0.005943536404160454,-0.001474926253687392,-0.013119533527696903,-0.13647959183673475,-0.13647959183673475,0.1950977906668751,-0.09913793103448276,d68fe811ba2b4ad441cf1d58c4fbd38033af339193f6be65605d307e9f1398d7,PUBLIC_EQUITY_INVESTING_IDEA_GENERATION,RESEARCH_PRIORITY_ONLY_NO_TRADE_AUTHORITY,86f371c5cfa4a7365874c63a63dd93e882eed7b4112b93257392281a28261d91,2026-07-16
2026-07-16,71,C_SCREEN_FLAG_ONLY,002821.SZ,凯莱英,SZ,SZ_MAIN,ACTIVE,C 制造业,LIQUID_BREAKOUT,LIQUID_BREAKOUT,1,20,0.525,0.91072028,0.64071608,0.0,0.64071608,WITHIN_SLEEVE_RANK_PERCENTILE_PLUS_RAW_SCORE,ELIGIBLE_CORE,VALID,A,0,2485966715.55,0.5785827047886336,0.5867936172088513,0.7449345613184681,1.0388536474852743,-0.08051085568326943,0.6768260794062144,-0.14375436147941378,b27a009208edf49c7c57f82a1ee95a4935d3c107b0dbf0bab63bf6288f89bbd8,PUBLIC_EQUITY_INVESTING_IDEA_GENERATION,RESEARCH_PRIORITY_ONLY_NO_TRADE_AUTHORITY,b8f2addd20651f4b0611ca0cb19a35961a2631ee6c94f12915b99809521ebc2e,2026-07-16
2026-07-16,72,C_SCREEN_FLAG_ONLY,301072.SZ,中捷精工,SZ,CHINEXT,ACTIVE,C 制造业,TREND_PERSISTENCE,TREND_PERSISTENCE,1,20,0.525,0.90678612,0.63953584,0.0,0.63953584,WITHIN_SLEEVE_RANK_PERCENTILE_PLUS_RAW_SCORE,ELIGIBLE_CORE,VALID,A,0,173837947.95,0.028165306659647227,0.7252650176678446,0.7056768558951967,0.8218283582089552,-0.09352517985611508,0.614573656267417,-0.1884172947243158,f8474a3bc72ac737e836d060b688f299163a075f3ee238d5fa58679ba670cb46,PUBLIC_EQUITY_INVESTING_IDEA_GENERATION,RESEARCH_PRIORITY_ONLY_NO_TRADE_AUTHORITY,4dcc269c48553a2ace73c20a3a82a6c2118c347396866fc67d8c855be89675cc,2026-07-16
2026-07-16,73,C_SCREEN_FLAG_ONLY,601006.SH,大秦铁路,SH,SH_MAIN,ACTIVE,,DEFENSIVE_STABILITY,DEFENSIVE_STABILITY,1,21,0.5,0.92620761,0.62786228,0.0,0.62786228,WITHIN_SLEEVE_RANK_PERCENTILE_PLUS_RAW_SCORE,ELIGIBLE_CORE,VALID,A,0,523142943.2,-0.03305785123966942,-0.08235294117647063,-0.052631578947368585,-0.24394184168012933,-0.27889060092449924,0.1854506677402344,-0.16791044776119413,d65b2509a900486201057967e2e090fed3fcab2fef87526153a57b27169bab79,PUBLIC_EQUITY_INVESTING_IDEA_GENERATION,RESEARCH_PRIORITY_ONLY_NO_TRADE_AUTHORITY,40c18a30b966ab2d4c6e58b7d151f5c6915dc4b98cbe043c7d21883ccb45671c,2026-07-16
2026-07-16,74,C_SCREEN_FLAG_ONLY,920017.BJ,星昊医药,BJ,BSE,ACTIVE,医药制造业,RECOVERY_WATCH,RECOVERY_WATCH,1,15,0.53333333,0.83585352,0.62408939,0.0,0.62408939,WITHIN_SLEEVE_RANK_PERCENTILE_PLUS_RAW_SCORE,ELIGIBLE_CORE,VALID,A,0,64787781.7,0.15714285714285703,0.03785672684915542,-0.08615384615384614,-0.23683083511777303,-0.2690730106644791,0.407714050541628,-0.22694672131147542,faad3a4cfda2ee5a7f7b5069debb6807b57a007b8fc732c92ca31a806c6ac775,PUBLIC_EQUITY_INVESTING_IDEA_GENERATION,RESEARCH_PRIORITY_ONLY_NO_TRADE_AUTHORITY,62516c39e0ceb5ee33c7498dcca4edd29abc0c919c0c384a9c2b4fe8059b4a58,2026-07-16
2026-07-16,75,C_SCREEN_FLAG_ONLY,300225.SZ,金力泰,SZ,CHINEXT,ACTIVE,C 制造业,TREND_PERSISTENCE,TREND_PERSISTENCE,1,21,0.5,0.9038777,0.62116331,0.0,0.62116331,WITHIN_SLEEVE_RANK_PERCENTILE_PLUS_RAW_SCORE,ELIGIBLE_CORE,VALID,A,0,163442023.1,-0.2008686210640609,0.2689655172413794,0.2185430463576159,0.7777777777777779,-0.24974515800203878,0.7342206175572596,-0.29561671763506625,c5889baa84544932bd8add66e9a232374bb2605a26c0388f332dfbadb857ba66,PUBLIC_EQUITY_INVESTING_IDEA_GENERATION,RESEARCH_PRIORITY_ONLY_NO_TRADE_AUTHORITY,af8aa6390a89073059a93851dd3ea5dad95c58260d73e9f39a927f78bbbab252,2026-07-16
2026-07-16,76,C_SCREEN_FLAG_ONLY,601939.SH,建设银行,SH,SH_MAIN,ACTIVE,,DEFENSIVE_STABILITY,DEFENSIVE_STABILITY,1,22,0.475,0.92613737,0.61034121,0.0,0.61034121,WITHIN_SLEEVE_RANK_PERCENTILE_PLUS_RAW_SCORE,ELIGIBLE_CORE,VALID,A,0,1148087772.1,-0.01309164149043296,0.06290672451193058,0.10236220472440949,0.04144527098831041,-0.06488549618320605,0.22349456297168255,-0.11259541984732824,21956370a8eba51df80c043f4d939c715a6cf42a21a92ad1147b05447074d944,PUBLIC_EQUITY_INVESTING_IDEA_GENERATION,RESEARCH_PRIORITY_ONLY_NO_TRADE_AUTHORITY,1fc970089f259f7abe192639d6239ef49b66fa44e0e9fa980f67108b85566ea4,2026-07-16
2026-07-16,77,C_SCREEN_FLAG_ONLY,601339.SH,百隆东方,SH,SH_MAIN,ACTIVE,,TREND_PERSISTENCE,TREND_PERSISTENCE,1,22,0.475,0.90330005,0.60349001,0.0,0.60349001,WITHIN_SLEEVE_RANK_PERCENTILE_PLUS_RAW_SCORE,ELIGIBLE_CORE,VALID,A,0,111211391.4,0.1515151515151516,0.03771131339401812,0.3975481611208407,0.7014925373134329,-0.12403951701426996,0.5557777651186071,-0.26015367727771677,7d2ea5e6da86f9cda0ba33adb78e1a2bc0dfdb13384a52b31a7216614064708e,PUBLIC_EQUITY_INVESTING_IDEA_GENERATION,RESEARCH_PRIORITY_ONLY_NO_TRADE_AUTHORITY,c162166d9e67efce575264b411e0af6fd4f291f606cf319d2ac848b921e80554,2026-07-16
2026-07-16,78,C_SCREEN_FLAG_ONLY,300105.SZ,龙源技术,SZ,CHINEXT,ACTIVE,C 制造业,RECOVERY_WATCH,RECOVERY_WATCH,1,16,0.5,0.83001673,0.59900502,0.0,0.59900502,WITHIN_SLEEVE_RANK_PERCENTILE_PLUS_RAW_SCORE,ELIGIBLE_CORE,VALID,A,0,272349915.0,0.16736401673640167,0.30171073094867795,0.15130674002751032,0.09126466753585394,-0.0334872979214782,0.7767382969487504,-0.25935162094763087,85fbd11bf16cb018fd41d58a3564f28078c5632c42761aa3061f78c58d594d62,PUBLIC_EQUITY_INVESTING_IDEA_GENERATION,RESEARCH_PRIORITY_ONLY_NO_TRADE_AUTHORITY,e6f70d7893c6f74be64a3239d5c9b4642e21c2d6377a113f12d440d9d2694216,2026-07-16
2026-07-16,79,C_SCREEN_FLAG_ONLY,301206.SZ,三元生物,SZ,CHINEXT,ACTIVE,C 制造业,DEFENSIVE_STABILITY,DEFENSIVE_STABILITY,1,23,0.45,0.92510925,0.59253277,0.0,0.59253277,WITHIN_SLEEVE_RANK_PERCENTILE_PLUS_RAW_SCORE,ELIGIBLE_CORE,VALID,A,0,31731344.25,0.032020770229338025,-0.07378640776699019,-0.10372040586245768,-0.19316644113667114,-0.20393858477970628,0.2413970318190588,-0.2528301886792452,0974de2af8285ca8afbfa5ee247ea7082181a9ac742dbce3d29cfb55af7be877,PUBLIC_EQUITY_INVESTING_IDEA_GENERATION,RESEARCH_PRIORITY_ONLY_NO_TRADE_AUTHORITY,896903c54eed7bfafb6682f9a9fba5bfa29b0510ee26b53909db12b5d0d1fd04,2026-07-16
2026-07-16,80,C_SCREEN_FLAG_ONLY,603466.SH,风语筑,SH,SH_MAIN,ACTIVE,,LIQUID_BREAKOUT,LIQUID_BREAKOUT,1,23,0.45,0.90877221,0.58763166,0.0,0.58763166,WITHIN_SLEEVE_RANK_PERCENTILE_PLUS_RAW_SCORE,ELIGIBLE_CORE,VALID,A,0,710679463.45,0.19805825242718433,0.2948583420776496,0.1331496786042239,0.248987854251012,-0.0471042471042471,0.6989301228717627,-0.31814671814671813,d31e88793f3db8a03d807c597e37ebed6c807f4e39c7a5d6e6c3abd8d24b52bc,PUBLIC_EQUITY_INVESTING_IDEA_GENERATION,RESEARCH_PRIORITY_ONLY_NO_TRADE_AUTHORITY,65696136ea06936ec00756ab6b889bb614858b506194bc5e2c38d6f75c93ea87,2026-07-16
2026-07-16,81,C_SCREEN_FLAG_ONLY,300331.SZ,苏大维格,SZ,CHINEXT,ACTIVE,C 制造业,TREND_PERSISTENCE,TREND_PERSISTENCE,1,23,0.45,0.9017665,0.58552995,0.0,0.58552995,WITHIN_SLEEVE_RANK_PERCENTILE_PLUS_RAW_SCORE,ELIGIBLE_CORE,VALID,A,0,1044960450.3,-0.2616336285674117,0.1251071122536418,0.3133283320830207,1.4136029411764706,-0.27916552292066976,0.7587817967222283,-0.28199404761904756,0e0eb6278fc2c478d1c1cd600896d65b20ffb2f6ca661ca6469eb4fc1a65c919,PUBLIC_EQUITY_INVESTING_IDEA_GENERATION,RESEARCH_PRIORITY_ONLY_NO_TRADE_AUTHORITY,79e8c4f62c2ca743d53fcaa88ceddf3dbd73ad323c80097ce5770de21d0a870d,2026-07-16
2026-07-16,82,C_SCREEN_FLAG_ONLY,000759.SZ,中百集团,SZ,SZ_MAIN,ACTIVE,F 批发零售,RECOVERY_WATCH,RECOVERY_WATCH,1,17,0.46666667,0.82957159,0.57553814,0.0,0.57553814,WITHIN_SLEEVE_RANK_PERCENTILE_PLUS_RAW_SCORE,ELIGIBLE_CORE,VALID,A,0,634284907.65,0.1008264462809918,0.18294849023090598,-0.15482233502538068,-0.12252964426877466,-0.2525252525252525,0.7994612283188485,-0.374841168996188,8f81a4328f247a0ea49fe3f6d3cf45b510db3d3901d7c7de091970bb6537d58d,PUBLIC_EQUITY_INVESTING_IDEA_GENERATION,RESEARCH_PRIORITY_ONLY_NO_TRADE_AUTHORITY,62dcb1d4c501b20d5afd7da3dadaa311d8fe11feaf6842edee43562aa5671bc7,2026-07-16
2026-07-16,83,C_SCREEN_FLAG_ONLY,601398.SH,工商银行,SH,SH_MAIN,ACTIVE,,DEFENSIVE_STABILITY,DEFENSIVE_STABILITY,1,24,0.425,0.92404299,0.5747129,0.0,0.5747129,WITHIN_SLEEVE_RANK_PERCENTILE_PLUS_RAW_SCORE,ELIGIBLE_CORE,VALID,A,0,3044728100.5,0.0040760869565217295,0.016506189821182904,-0.017287234042553168,0.013717421124828544,-0.07393483709273196,0.20638779444241404,-0.09986684420772307,7ca67a1ace90b292fc0da626aec15e124c8b3d3085452d7536413b08f8dd762f,PUBLIC_EQUITY_INVESTING_IDEA_GENERATION,RESEARCH_PRIORITY_ONLY_NO_TRADE_AUTHORITY,421ae0b1eaa6b6881aa868bb3a49e47c5057a1153c5d2d36ebd3b49b76d52e9e,2026-07-16
2026-07-16,84,C_SCREEN_FLAG_ONLY,002396.SZ,星网锐捷,SZ,SZ_MAIN,ACTIVE,C 制造业,LIQUID_BREAKOUT,LIQUID_BREAKOUT,1,24,0.425,0.90646439,0.56943932,0.0,0.56943932,WITHIN_SLEEVE_RANK_PERCENTILE_PLUS_RAW_SCORE,ELIGIBLE_CORE,VALID,A,0,2030916253.15,0.4377206253151793,0.26936776491540515,0.17615511551155127,0.6879810538780344,-0.020274914089347118,0.7587663365951773,-0.31323877068557915,28e352dbcdd44d4b5bb5d43b5cdf0ff7f4eb48904a4dab29c683b939c4d80da5,PUBLIC_EQUITY_INVESTING_IDEA_GENERATION,RESEARCH_PRIORITY_ONLY_NO_TRADE_AUTHORITY,4bd945042524595fcc00bbc0de363a64b7964151617be5d0bcd2862998894e18,2026-07-16
2026-07-16,85,C_SCREEN_FLAG_ONLY,688090.SH,瑞松科技,SH,STAR,ACTIVE,,TREND_PERSISTENCE,TREND_PERSISTENCE,1,24,0.425,0.90151112,0.56795334,0.0,0.56795334,WITHIN_SLEEVE_RANK_PERCENTILE_PLUS_RAW_SCORE,ELIGIBLE_CORE,VALID,A,0,906005581.75,-0.11855943907362154,0.5666540785498488,1.1685833768949294,2.367288961038961,-0.26412416851441245,0.8806548458026537,-0.26412416851441245,9d6f0d170fe20de567689801adda47fc853aad650ef6b60dbb0429b05c25a75a,PUBLIC_EQUITY_INVESTING_IDEA_GENERATION,RESEARCH_PRIORITY_ONLY_NO_TRADE_AUTHORITY,1ce2cbfa1d28d0495aa1c5ba368d235cd6ec4a78b6e962b958f3b6b1df13f022,2026-07-16
2026-07-16,86,C_SCREEN_FLAG_ONLY,920599.BJ,同力股份,BJ,BSE,ACTIVE,专用设备制造业,DEFENSIVE_STABILITY,DEFENSIVE_STABILITY,1,25,0.4,0.9223072,0.55669216,0.0,0.55669216,WITHIN_SLEEVE_RANK_PERCENTILE_PLUS_RAW_SCORE,ELIGIBLE_CORE,VALID,A,0,66778308.25,-0.057240984544934204,-0.11069114470842334,-0.19343780607247807,-0.18666666666666676,-0.32885085574572126,0.2896650055973629,-0.25191204588910143,31d6f0098c25c7d69217fcec1be236eb7ba73c34ea3d00fae52df02cdc744e42,PUBLIC_EQUITY_INVESTING_IDEA_GENERATION,RESEARCH_PRIORITY_ONLY_NO_TRADE_AUTHORITY,828cc704ff93663d2927f60a6ae0fd7e4fa8ccbd1f559da65795f0ceb6dd7ef6,2026-07-16
2026-07-16,87,C_SCREEN_FLAG_ONLY,301236.SZ,软通动力,SZ,CHINEXT,ACTIVE,I 信息技术,RECOVERY_WATCH,RECOVERY_WATCH,1,18,0.43333333,0.82891274,0.55200716,0.0,0.55200716,WITHIN_SLEEVE_RANK_PERCENTILE_PLUS_RAW_SCORE,ELIGIBLE_CORE,VALID,A,0,1585344641.95,0.05431392931392942,0.00870213823968169,-0.246750835499443,-0.22428298279158698,-0.3459616314686442,0.7380935667682801,-0.37535491198182847,33850b44522b2272a4de46a9871a6d719906556f2ac6ccc5d08dc6fa6cecccc8,PUBLIC_EQUITY_INVESTING_IDEA_GENERATION,RESEARCH_PRIORITY_ONLY_NO_TRADE_AUTHORITY,0418ea2073c245dd38ba2cdd2e7e8245ecbf25980c1bd961e15b8eabec50b37e,2026-07-16
2026-07-16,88,C_SCREEN_FLAG_ONLY,002185.SZ,华天科技,SZ,SZ_MAIN,ACTIVE,C 制造业,LIQUID_BREAKOUT,LIQUID_BREAKOUT,1,25,0.4,0.90628397,0.55188519,0.0,0.55188519,WITHIN_SLEEVE_RANK_PERCENTILE_PLUS_RAW_SCORE,ELIGIBLE_CORE,VALID,A,0,12192842095.05,0.09186351706036744,0.6352201257861636,0.7808219178082192,1.3771428571428572,-0.190031152647975,0.8207476583732586,-0.25230566534914367,db64a613964c582c17a7415b97b58548310c2922d172d1f4e43122da2d0eb2e1,PUBLIC_EQUITY_INVESTING_IDEA_GENERATION,RESEARCH_PRIORITY_ONLY_NO_TRADE_AUTHORITY,7817198093a16fa65513841c54940865f501265abb9a94fac12c5bd7e56a897a,2026-07-16
2026-07-16,89,C_SCREEN_FLAG_ONLY,301273.SZ,瑞晨环保,SZ,CHINEXT,ACTIVE,C 制造业,TREND_PERSISTENCE,TREND_PERSISTENCE,1,25,0.4,0.89998886,0.54999666,0.0,0.54999666,WITHIN_SLEEVE_RANK_PERCENTILE_PLUS_RAW_SCORE,ELIGIBLE_CORE,VALID,A,0,66401812.35,-0.10475030450669931,0.32492113564668745,0.4954221770091556,0.6742596810933941,-0.1426071741032371,0.5177297001654444,-0.2325581395348838,ab52fa17047759a835689ea4f1f040c33049033f9501af7892613a1412d91ada,PUBLIC_EQUITY_INVESTING_IDEA_GENERATION,RESEARCH_PRIORITY_ONLY_NO_TRADE_AUTHORITY,722bb805bfca7ed70588eef8b94eba46f03ecbdc1197dd68c9f7d5d3609662a1,2026-07-16
2026-07-16,90,C_SCREEN_FLAG_ONLY,600177.SH,雅戈尔,SH,SH_MAIN,ACTIVE,,DEFENSIVE_STABILITY,DEFENSIVE_STABILITY,1,26,0.375,0.92188922,0.53906677,0.0,0.53906677,WITHIN_SLEEVE_RANK_PERCENTILE_PLUS_RAW_SCORE,ELIGIBLE_CORE,VALID,A,0,188245684.2,0.048714479025710355,0.09154929577464799,0.08695652173913038,0.12809315866084425,-0.010217113665389577,0.19914343734726997,-0.08179419525065967,6cfcecaa42046ea1fa7f721d239c455d2fe7059fdf0e5c919da9c9e6d6f6929d,PUBLIC_EQUITY_INVESTING_IDEA_GENERATION,RESEARCH_PRIORITY_ONLY_NO_TRADE_AUTHORITY,32167ba69edc9b9fa877d0fb51e15d2b076ac483f38eec7d5eb2bf8a365b80d6,2026-07-16
2026-07-16,91,C_SCREEN_FLAG_ONLY,300990.SZ,同飞股份,SZ,CHINEXT,ACTIVE,C 制造业,LIQUID_BREAKOUT,LIQUID_BREAKOUT,1,26,0.375,0.9020435,0.53311305,0.0,0.53311305,WITHIN_SLEEVE_RANK_PERCENTILE_PLUS_RAW_SCORE,ELIGIBLE_CORE,VALID,A,0,880889929.9,0.1732022651992733,0.2552875271521664,0.27009832272990164,1.2326148840992275,-0.08811560501619464,0.8300659321777742,-0.2519230769230769,f6530291ace7a19adae095dbca655e01f229bbe48ec933303d98b2a3af7d7c24,PUBLIC_EQUITY_INVESTING_IDEA_GENERATION,RESEARCH_PRIORITY_ONLY_NO_TRADE_AUTHORITY,dbc23efdc6640b83f180fb6416964dac6a9e92666ebade6f347a6e513d70429b,2026-07-16
2026-07-16,92,C_SCREEN_FLAG_ONLY,002972.SZ,科安达,SZ,SZ_MAIN,ACTIVE,C 制造业,TREND_PERSISTENCE,TREND_PERSISTENCE,1,26,0.375,0.89709564,0.53162869,0.0,0.53162869,WITHIN_SLEEVE_RANK_PERCENTILE_PLUS_RAW_SCORE,ELIGIBLE_CORE,VALID,A,0,201996975.5,-0.07004830917874383,0.20406567630961692,0.29303106633081444,0.30952380952380953,-0.2126789366053169,0.525553158158436,-0.2126789366053169,2d6991c8555ed5c366520e8a95a824af119c3c1c9cfa1bdd43fc58b4c8fe0cd3,PUBLIC_EQUITY_INVESTING_IDEA_GENERATION,RESEARCH_PRIORITY_ONLY_NO_TRADE_AUTHORITY,613b6e8a338bd147430ea8b221430c45a24f3b755a74b58d1032120e8f16da18,2026-07-16
2026-07-16,93,C_SCREEN_FLAG_ONLY,603928.SH,兴业股份,SH,SH_MAIN,ACTIVE,,RECOVERY_WATCH,RECOVERY_WATCH,1,19,0.4,0.82686633,0.5280599,0.0,0.5280599,WITHIN_SLEEVE_RANK_PERCENTILE_PLUS_RAW_SCORE,ELIGIBLE_CORE,VALID,A,0,590935449.15,0.06104901117798778,0.05831903945111483,-0.05222734254992323,-0.08389012620638459,-0.34361702127659577,0.797711624861196,-0.34361702127659577,c83b01bf748a6f711aad66e30d18e33c19ea8f69f2646873a3b9f77ceba45108,PUBLIC_EQUITY_INVESTING_IDEA_GENERATION,RESEARCH_PRIORITY_ONLY_NO_TRADE_AUTHORITY,1dceeeb581bdd949d7f151ba25e045a46fb8e48b3ee294ee79a78efb0c3851f1,2026-07-16
2026-07-16,94,C_SCREEN_FLAG_ONLY,000001.SZ,平安银行,SZ,SZ_MAIN,ACTIVE,J 金融业,DEFENSIVE_STABILITY,DEFENSIVE_STABILITY,1,27,0.35,0.92181124,0.52154337,0.0,0.52154337,WITHIN_SLEEVE_RANK_PERCENTILE_PLUS_RAW_SCORE,ELIGIBLE_CORE,VALID,A,0,1086366185.75,-0.0009276437847866026,0.010318949343339545,-0.020909090909090988,-0.098744769874477,-0.13840000000000008,0.1909192032758023,-0.1058718861209964,90a1d6cea5dc65acdf79360b0ecfa5b452aa89c21412589314c6400900125c83,PUBLIC_EQUITY_INVESTING_IDEA_GENERATION,RESEARCH_PRIORITY_ONLY_NO_TRADE_AUTHORITY,0919ec049461b917441b47955ee6ba74367ec3fff8364b1e29bdd422d84bf1df,2026-07-16
2026-07-16,95,C_SCREEN_FLAG_ONLY,603065.SH,宿迁联盛,SH,SH_MAIN,ACTIVE,,LIQUID_BREAKOUT,LIQUID_BREAKOUT,1,27,0.35,0.90176198,0.51552859,0.0,0.51552859,WITHIN_SLEEVE_RANK_PERCENTILE_PLUS_RAW_SCORE,ELIGIBLE_CORE,VALID,A,0,947865199.25,0.287643484132343,1.354320987654321,1.2920673076923075,1.0179894179894182,-0.18988954970263372,0.8585523504458119,-0.22468354430379756,5450aa46958cc4750614e4070bfcfa6c821e7c1d05302ecf1c9e78a18b22a1c8,PUBLIC_EQUITY_INVESTING_IDEA_GENERATION,RESEARCH_PRIORITY_ONLY_NO_TRADE_AUTHORITY,b1e031a79a8b7e42427ddabf8a44912e98888b004509704d4230d22d595ded18,2026-07-16
2026-07-16,96,C_SCREEN_FLAG_ONLY,001314.SZ,亿道信息,SZ,SZ_MAIN,ACTIVE,C 制造业,TREND_PERSISTENCE,TREND_PERSISTENCE,1,27,0.35,0.89587757,0.51376327,0.0,0.51376327,WITHIN_SLEEVE_RANK_PERCENTILE_PLUS_RAW_SCORE,ELIGIBLE_CORE,VALID,A,0,434814062.9,0.09040333796940181,0.4438305709023942,0.34160427807486626,0.3540587219343696,-0.02426882389545737,0.6043506537861875,-0.24568627450980396,c4510db871900ce7229e696fbfe6df6d90477de06ea27f08832dbe31e79d3cff,PUBLIC_EQUITY_INVESTING_IDEA_GENERATION,RESEARCH_PRIORITY_ONLY_NO_TRADE_AUTHORITY,f862a69becd7b669b456dbcd880956f0910bec7d5138b88e7c793dd6b45a68af,2026-07-16
2026-07-16,97,C_SCREEN_FLAG_ONLY,300723.SZ,一品红,SZ,CHINEXT,ACTIVE,C 制造业,RECOVERY_WATCH,RECOVERY_WATCH,1,20,0.36666667,0.82646326,0.50460565,0.0,0.50460565,WITHIN_SLEEVE_RANK_PERCENTILE_PLUS_RAW_SCORE,ELIGIBLE_CORE,VALID,A,0,735832271.85,0.276693105552166,0.14406779661016955,0.0023952095808383866,-0.26073131955484896,-0.4803178939525643,0.7097545423121069,-0.25962195399681165,be717631ae12292b0cecee68e93aca67647c9a45eb6758d9963a881bb94837a2,PUBLIC_EQUITY_INVESTING_IDEA_GENERATION,RESEARCH_PRIORITY_ONLY_NO_TRADE_AUTHORITY,929184da800f9d86791de036b360e4ad1ff3b484a3287e21c44eef093c516426,2026-07-16
2026-07-16,98,C_SCREEN_FLAG_ONLY,300999.SZ,金龙鱼,SZ,CHINEXT,ACTIVE,C 制造业,DEFENSIVE_STABILITY,DEFENSIVE_STABILITY,1,28,0.325,0.92172991,0.50401897,0.0,0.50401897,WITHIN_SLEEVE_RANK_PERCENTILE_PLUS_RAW_SCORE,ELIGIBLE_CORE,VALID,A,0,250460257.5,0.03361684892669081,-0.09213802917111347,-0.14102995624368908,-0.1248285322359397,-0.24608567208271792,0.2574890029690194,-0.26369104146881917,c1cd0ac5d796b953e1ce445e2036643069e8ca4e6bca69a047c27db91f209c34,PUBLIC_EQUITY_INVESTING_IDEA_GENERATION,RESEARCH_PRIORITY_ONLY_NO_TRADE_AUTHORITY,973a41c80e2ce41f7d80f096f5477b1b6d552b41b07ab3446297e6ec0abeee29,2026-07-16
2026-07-16,99,C_SCREEN_FLAG_ONLY,603995.SH,甬金股份,SH,SH_MAIN,ACTIVE,,TREND_PERSISTENCE,TREND_PERSISTENCE,1,28,0.325,0.89335148,0.49550544,0.0,0.49550544,WITHIN_SLEEVE_RANK_PERCENTILE_PLUS_RAW_SCORE,ELIGIBLE_CORE,VALID,A,0,255692553.9,0.030869971936389184,0.22444444444444445,0.2163355408388521,0.294186729301233,-0.10877476748887993,0.5053777213659703,-0.19575113808801214,696be37861ec7df59262828a0d7609c1b16b830b2eff8fcb3af3aa23dad5fd35,PUBLIC_EQUITY_INVESTING_IDEA_GENERATION,RESEARCH_PRIORITY_ONLY_NO_TRADE_AUTHORITY,5813c58fce8414ced7bd8f5935ddecf975db2317523628b94c2ba9225d14b5f6,2026-07-16
2026-07-16,100,C_SCREEN_FLAG_ONLY,601658.SH,邮储银行,SH,SH_MAIN,ACTIVE,,DEFENSIVE_STABILITY,DEFENSIVE_STABILITY,1,29,0.3,0.91817888,0.48545366,0.0,0.48545366,WITHIN_SLEEVE_RANK_PERCENTILE_PLUS_RAW_SCORE,ELIGIBLE_CORE,VALID,A,0,821268807.6,0.0327198364008181,0.016096579476861272,-0.025096525096525046,-0.06133828996282531,-0.17618270799347469,0.16860033315354794,-0.066536203522505,99f02b8713fcd7c8df0d52da37802bccc789351eb89639fe73d89ff32a48a6b7,PUBLIC_EQUITY_INVESTING_IDEA_GENERATION,RESEARCH_PRIORITY_ONLY_NO_TRADE_AUTHORITY,2432333767278c93ab9ba6a3d00536a050b6dd71639d1f3ffd9b132834dc5d0d,2026-07-16
2026-07-17,1,A_IMMEDIATE_RESEARCH,600900.SH,XD长江电,SH,SH_MAIN,ACTIVE,,DEFENSIVE_STABILITY,DEFENSIVE_STABILITY|RECOVERY_WATCH|LIQUID_BREAKOUT,3,1,1.0,0.94381219,0.98314366,0.04,1.02314366,WITHIN_SLEEVE_RANK_PERCENTILE_PLUS_RAW_SCORE,ELIGIBLE_CORE,VALID,A,0,3725003543.35,0.08027788498649158,0.07282483710233811,0.08236658932714613,-0.01685985247629085,-0.028125000000000067,0.1563138904509348,-0.0727537286285922,43f6476180ee04d7654460d1ff0fadd89c6d97dbf39da8911c4633dfedf25cbf,PUBLIC_EQUITY_INVESTING_IDEA_GENERATION,RESEARCH_PRIORITY_ONLY_NO_TRADE_AUTHORITY,807a0ddd92c184380d396f211ea0a856a02e7d2e1f11ba96e740a7eac8e3243d,2026-07-17
2026-07-17,2,A_IMMEDIATE_RESEARCH,688498.SH,源杰科技,SH,STAR,ACTIVE,,TREND_PERSISTENCE,TREND_PERSISTENCE,1,1,1.0,0.98586989,0.99576097,0.0,0.99576097,WITHIN_SLEEVE_RANK_PERCENTILE_PLUS_RAW_SCORE,ELIGIBLE_CORE,VALID,A,0,8315371049.0,-0.010374336663957484,0.7295039164490862,2.1250000000000004,11.642186426444766,-0.12195121951219512,0.8858225807061112,-0.15683987274655353,b3b67384e7eb5c7e5135eec7831d3b1f5102bb17e84b99e609a666a06a8b710c,PUBLIC_EQUITY_INVESTING_IDEA_GENERATION,RESEARCH_PRIORITY_ONLY_NO_TRADE_AUTHORITY,86cac5fcb4ab3019598f8ae08461d55e96f5d6b5d28534d2e6437dc4ca887283,2026-07-17
2026-07-17,3,A_IMMEDIATE_RESEARCH,000779.SZ,甘咨询,SZ,SZ_MAIN,ACTIVE,M 科研服务,RECOVERY_WATCH,RECOVERY_WATCH|LIQUID_BREAKOUT,2,1,1.0,0.88529524,0.96558857,0.02,0.98558857,WITHIN_SLEEVE_RANK_PERCENTILE_PLUS_RAW_SCORE,ELIGIBLE_CORE,VALID,A,0,406872581.65,0.5945241199478488,0.4009163802978235,0.4237485448195577,0.3038379530916844,0.0,0.4209311327205829,-0.3259052924791086,28e7db89da9a57c2b38b90af48b6a71d1dadfff861e9f8ad96ae907a275497a0,PUBLIC_EQUITY_INVESTING_IDEA_GENERATION,RESEARCH_PRIORITY_ONLY_NO_TRADE_AUTHORITY,2a823ee72f8b00a16a2470d714fb4f46850f883cd55961bcf324c839e823cca1,2026-07-17
2026-07-17,4,A_IMMEDIATE_RESEARCH,603823.SH,百合花,SH,SH_MAIN,ACTIVE,,LIQUID_BREAKOUT,LIQUID_BREAKOUT,1,1,1.0,0.93789411,0.98136823,0.0,0.98136823,WITHIN_SLEEVE_RANK_PERCENTILE_PLUS_RAW_SCORE,ELIGIBLE_CORE,VALID,A,0,1463481254.9,0.5024619995718262,3.3617153511497833,3.0849825378346916,4.002138275124733,-0.031331953071083496,0.8057748767720395,-0.2460438999489536,efe543c7a9aba547dc175806af42e274dad7a2878cc975618fad956761bb6e4b,PUBLIC_EQUITY_INVESTING_IDEA_GENERATION,RESEARCH_PRIORITY_ONLY_NO_TRADE_AUTHORITY,416388e55a3eb04c58216b3a1d4d9c6f17cf2a6034d2d15c90fe681a0a7fb56b,2026-07-17
2026-07-17,5,A_IMMEDIATE_RESEARCH,300308.SZ,中际旭创,SZ,CHINEXT,ACTIVE,C 制造业,TREND_PERSISTENCE,TREND_PERSISTENCE,1,2,0.975,0.96374112,0.97162234,0.0,0.97162234,WITHIN_SLEEVE_RANK_PERCENTILE_PLUS_RAW_SCORE,ELIGIBLE_CORE,VALID,A,0,39585454065.5,-0.28395765710442444,0.15366313309776203,0.5689434228230923,6.263329625509827,-0.291442709049214,0.6823603676893768,-0.291442709049214,b15c003e1f77bffeeab77ea4d4a501ef7d881479aad968531776ae750978d736,PUBLIC_EQUITY_INVESTING_IDEA_GENERATION,RESEARCH_PRIORITY_ONLY_NO_TRADE_AUTHORITY,883a03a2805f47343fa6b242d00a9c758231882d2270f9d6df1d30c8fdc10024,2026-07-17
2026-07-17,6,A_IMMEDIATE_RESEARCH,601818.SH,光大银行,SH,SH_MAIN,ACTIVE,,DEFENSIVE_STABILITY,DEFENSIVE_STABILITY,1,2,0.975,0.94351051,0.96555315,0.0,0.96555315,WITHIN_SLEEVE_RANK_PERCENTILE_PLUS_RAW_SCORE,ELIGIBLE_CORE,VALID,A,0,674919360.35,0.016233766233766156,-0.01572327044025168,-0.042813455657492394,-0.2582938388625592,-0.2582938388625592,0.1567169467592192,-0.13731343283582087,31db70adbda98a1be8ec10e981168dd227853b05320418ae6e266dc94ce621d0,PUBLIC_EQUITY_INVESTING_IDEA_GENERATION,RESEARCH_PRIORITY_ONLY_NO_TRADE_AUTHORITY,f30b543045e448b814322713ae7f6635d0e216bb4b059022c7251bc914b712a6,2026-07-17
2026-07-17,7,A_IMMEDIATE_RESEARCH,000938.SZ,紫光股份,SZ,SZ_MAIN,ACTIVE,C 制造业,LIQUID_BREAKOUT,LIQUID_BREAKOUT,1,2,0.975,0.93431117,0.96279335,0.0,0.96279335,WITHIN_SLEEVE_RANK_PERCENTILE_PLUS_RAW_SCORE,ELIGIBLE_CORE,VALID,A,0,10150696321.6,0.27978142076502754,0.23959068454481303,0.3098434004474273,0.5064322469982849,-0.08966053381705108,0.7208103692828333,-0.23972188633615477,dd393f62f3fc262353085447b933bbe82ee903f66719de30b5ad957f6a2aa163,PUBLIC_EQUITY_INVESTING_IDEA_GENERATION,RESEARCH_PRIORITY_ONLY_NO_TRADE_AUTHORITY,d2ccd88cc0b31591cc8065e6b33cf38371341844346c279322b0603109488c21,2026-07-17
2026-07-17,8,A_IMMEDIATE_RESEARCH,603268.SH,松发股份,SH,SH_MAIN,ACTIVE,,TREND_PERSISTENCE,TREND_PERSISTENCE,1,3,0.95,0.96150222,0.95345067,0.0,0.95345067,WITHIN_SLEEVE_RANK_PERCENTILE_PLUS_RAW_SCORE,ELIGIBLE_CORE,VALID,A,0,1604520822.45,-0.03622693096377316,0.0574471276436177,0.5986394557823129,2.507462686567164,-0.15956368838290524,0.5676906860132945,-0.21068572813181485,91ccd77dc1744051c69ca6cdc9b482ff196d576046a1c78732ad214035b725af,PUBLIC_EQUITY_INVESTING_IDEA_GENERATION,RESEARCH_PRIORITY_ONLY_NO_TRADE_AUTHORITY,bd6f5fd2efa0aeb0ed71ca961942462b97ca97ba1723911570240ad2aef5f80b,2026-07-17
2026-07-17,9,A_IMMEDIATE_RESEARCH,000333.SZ,美的集团,SZ,SZ_MAIN,ACTIVE,C 制造业,DEFENSIVE_STABILITY,DEFENSIVE_STABILITY|LIQUID_BREAKOUT,2,4,0.925,0.9390953,0.92922859,0.02,0.94922859,WITHIN_SLEEVE_RANK_PERCENTILE_PLUS_RAW_SCORE,ELIGIBLE_CORE,VALID,A,0,3415519476.2,0.11318977119784646,0.09101701622477232,0.12438825448613366,0.20428072218986593,0.0,0.21820942252246636,-0.10386221294363251,25198afdf095d5493b2556859c03683b46bb4c9ec64b3ba12cc261a5134d4d62,PUBLIC_EQUITY_INVESTING_IDEA_GENERATION,RESEARCH_PRIORITY_ONLY_NO_TRADE_AUTHORITY,4eb1fbd521a4b2bb0c8abae13b0207236a00d42ef1c00d8c38e84c9dae057ca3,2026-07-17
2026-07-17,10,A_IMMEDIATE_RESEARCH,002936.SZ,郑州银行,SZ,SZ_MAIN,ACTIVE,J 金融业,DEFENSIVE_STABILITY,DEFENSIVE_STABILITY,1,3,0.95,0.93935315,0.94680595,0.0,0.94680595,WITHIN_SLEEVE_RANK_PERCENTILE_PLUS_RAW_SCORE,ELIGIBLE_CORE,VALID,A,0,141765021.6,0.023391812865497075,-0.03846153846153855,-0.08854166666666663,-0.18604651162790697,-0.2256637168141592,0.16875628076819682,-0.15384615384615385,b004557851c632c113f6f1efe9e627b831a11c1bdf7fea5c0a8d4e418f9a0c5a,PUBLIC_EQUITY_INVESTING_IDEA_GENERATION,RESEARCH_PRIORITY_ONLY_NO_TRADE_AUTHORITY,6f3593a99b0a7c3c4b2cfe44ff555f62c7509790885219389589edb06122137b,2026-07-17
2026-07-17,11,A_IMMEDIATE_RESEARCH,002422.SZ,科伦药业,SZ,SZ_MAIN,ACTIVE,C 制造业,LIQUID_BREAKOUT,LIQUID_BREAKOUT,1,3,0.95,0.92576565,0.9427297,0.0,0.9427297,WITHIN_SLEEVE_RANK_PERCENTILE_PLUS_RAW_SCORE,ELIGIBLE_CORE,VALID,A,0,2002224885.7,0.2502783964365254,0.3409973126306358,0.3925581395348836,0.32556080283352995,-0.10000000000000009,0.6075434390001564,-0.14536830357142871,700d73b0951c4b1a9b7ebf1121c44307258540ecb5a135b682905d3144478537,PUBLIC_EQUITY_INVESTING_IDEA_GENERATION,RESEARCH_PRIORITY_ONLY_NO_TRADE_AUTHORITY,225e77fb23935f8fc95ed41351c4478d2bb37f672972bb021174fff1375ad86e,2026-07-17
2026-07-17,12,A_IMMEDIATE_RESEARCH,603501.SH,豪威集团,SH,SH_MAIN,ACTIVE,,RECOVERY_WATCH,RECOVERY_WATCH,1,2,0.96666667,0.88215805,0.94131408,0.0,0.94131408,WITHIN_SLEEVE_RANK_PERCENTILE_PLUS_RAW_SCORE,ELIGIBLE_CORE,VALID,A,0,3892297931.0,0.1572746471045905,0.11132458106521526,-0.1887174692223781,-0.14941589739400374,-0.308172757475083,0.544564840624826,-0.34835501147666403,3756f884a22e39c2eaa92b9dac9405098ad3bd53d04ce4f22f293b683638230e,PUBLIC_EQUITY_INVESTING_IDEA_GENERATION,RESEARCH_PRIORITY_ONLY_NO_TRADE_AUTHORITY,362c7249c5bcb51eecb901dda78b71e4ec5265978c0f194275b66b441ec711e3,2026-07-17
2026-07-17,13,A_IMMEDIATE_RESEARCH,002718.SZ,友邦吊顶,SZ,SZ_MAIN,ACTIVE,C 制造业,TREND_PERSISTENCE,TREND_PERSISTENCE,1,4,0.925,0.95799251,0.93489775,0.0,0.93489775,WITHIN_SLEEVE_RANK_PERCENTILE_PLUS_RAW_SCORE,ELIGIBLE_CORE,VALID,A,0,185652998.25,-0.11376481312670927,0.31520562770562766,0.9768198454656365,5.5822613405551795,-0.19312806041995179,0.6095187140797226,-0.3162541972391494,0b93f77bfdc0aec09bfc7a6ba67c862704fe978a50504b7a28f1f27c65c173d3,PUBLIC_EQUITY_INVESTING_IDEA_GENERATION,RESEARCH_PRIORITY_ONLY_NO_TRADE_AUTHORITY,75fea31124892236fed335a765fc7082b10d9287cbab5fca4a1ca7a7557abcec,2026-07-17
2026-07-17,14,A_IMMEDIATE_RESEARCH,002396.SZ,星网锐捷,SZ,SZ_MAIN,ACTIVE,C 制造业,LIQUID_BREAKOUT,LIQUID_BREAKOUT,1,4,0.925,0.92560674,0.92518202,0.0,0.92518202,WITHIN_SLEEVE_RANK_PERCENTILE_PLUS_RAW_SCORE,ELIGIBLE_CORE,VALID,A,0,2305412960.5,0.5020060180541623,0.34606741573033695,0.27773037542662116,0.780618311533888,0.0,0.7637997920357223,-0.31323877068557915,ca58c313a0172c7b854924981214c2d0a6070d8d0aca6dc935f4f2c4accb7009,PUBLIC_EQUITY_INVESTING_IDEA_GENERATION,RESEARCH_PRIORITY_ONLY_NO_TRADE_AUTHORITY,35c0f4ad8590f2900206a591a053249004fe1df25967234cae7bfa732b4d1f55,2026-07-17
2026-07-17,15,A_IMMEDIATE_RESEARCH,002937.SZ,兴瑞科技,SZ,SZ_MAIN,ACTIVE,C 制造业,TREND_PERSISTENCE,TREND_PERSISTENCE,1,5,0.9,0.95666252,0.91699876,0.0,0.91699876,WITHIN_SLEEVE_RANK_PERCENTILE_PLUS_RAW_SCORE,ELIGIBLE_CORE,VALID,A,0,447349517.15,-0.1053990610328639,0.20869013637805267,0.6237750319556881,1.374454828660436,-0.16553536238230793,0.510805870765409,-0.18780831571529244,6425cb39ea3e478852175de34f1c78cacfc0089a92f4d94a1792dc91f5e09fed,PUBLIC_EQUITY_INVESTING_IDEA_GENERATION,RESEARCH_PRIORITY_ONLY_NO_TRADE_AUTHORITY,15ab807ae2a49e6bdcec3851a2af4ae95d90c54694bfc2ffd10ca3e7a42d8396,2026-07-17
2026-07-17,16,A_IMMEDIATE_RESEARCH,603669.SH,灵康药业,SH,SH_MAIN,ACTIVE,,RECOVERY_WATCH,RECOVERY_WATCH|LIQUID_BREAKOUT,2,4,0.9,0.87826491,0.89347947,0.02,0.91347947,WITHIN_SLEEVE_RANK_PERCENTILE_PLUS_RAW_SCORE,ELIGIBLE_CORE,VALID,A,0,330428585.7,0.35463917525773203,0.469798657718121,0.3773584905660379,0.1566901408450705,-0.18988902589395795,0.6262494287615552,-0.18988902589395795,730e1613c0511ac3a654951ff0e960b43796c9e2aba3b881f8cd314debf0b731,PUBLIC_EQUITY_INVESTING_IDEA_GENERATION,RESEARCH_PRIORITY_ONLY_NO_TRADE_AUTHORITY,11b8a360ff18ebdc72be922a92c1f761a8e3350688d473a38100b081421ae902,2026-07-17
2026-07-17,17,A_IMMEDIATE_RESEARCH,301206.SZ,三元生物,SZ,CHINEXT,ACTIVE,C 制造业,DEFENSIVE_STABILITY,DEFENSIVE_STABILITY,1,5,0.9,0.93727986,0.91118396,0.0,0.91118396,WITHIN_SLEEVE_RANK_PERCENTILE_PLUS_RAW_SCORE,ELIGIBLE_CORE,VALID,A,0,32722198.25,0.005159071367153878,-0.09555125725338498,-0.12565445026178013,-0.21962616822429915,-0.215962441314554,0.24411633540028435,-0.2528301886792452,d481ea38097a06814b02b767e63a3fb074fdc0f768c0f40d9549b4cfdab41872,PUBLIC_EQUITY_INVESTING_IDEA_GENERATION,RESEARCH_PRIORITY_ONLY_NO_TRADE_AUTHORITY,7d64482a693070729612254656f1988e58d7b4f48221331ebb39c1d3d753a9c0,2026-07-17
2026-07-17,18,A_IMMEDIATE_RESEARCH,603757.SH,大元泵业,SH,SH_MAIN,ACTIVE,,LIQUID_BREAKOUT,LIQUID_BREAKOUT,1,5,0.9,0.92544298,0.90763289,0.0,0.90763289,WITHIN_SLEEVE_RANK_PERCENTILE_PLUS_RAW_SCORE,ELIGIBLE_CORE,VALID,A,0,1361603488.05,0.361933642525865,0.30781089414182916,0.7780624126688402,2.472032742155525,-0.039622641509434064,0.9175809164445413,-0.2953516450347118,8f986b7495118e868bbf310ce800b2ac10917fd37e346af53ee5b903424f2c1f,PUBLIC_EQUITY_INVESTING_IDEA_GENERATION,RESEARCH_PRIORITY_ONLY_NO_TRADE_AUTHORITY,89450ef5f1d6959b57069187f839d7ea35d04ad4c2d5cc54ae6c42fc1bd4d552,2026-07-17
2026-07-17,19,A_IMMEDIATE_RESEARCH,688669.SH,聚石化学,SH,STAR,ACTIVE,,TREND_PERSISTENCE,TREND_PERSISTENCE,1,6,0.875,0.94992454,0.89747736,0.0,0.89747736,WITHIN_SLEEVE_RANK_PERCENTILE_PLUS_RAW_SCORE,ELIGIBLE_CORE,VALID,A,0,527174653.7,0.21651208757792317,1.9222059897735577,2.1180826188620423,3.182435964453738,-0.2868983957219251,0.9218618775596822,-0.2868983957219251,54a83898c043159c1409e3870782ad1d11adbfed5eecd2c96aed3b92af7490d5,PUBLIC_EQUITY_INVESTING_IDEA_GENERATION,RESEARCH_PRIORITY_ONLY_NO_TRADE_AUTHORITY,7d5c698dc90d62794d6bcc89c79a1dc001cab68e4cbd399f065137e0b3bc9f47,2026-07-17
2026-07-17,20,A_IMMEDIATE_RESEARCH,600018.SH,上港集团,SH,SH_MAIN,ACTIVE,,DEFENSIVE_STABILITY,DEFENSIVE_STABILITY|RECOVERY_WATCH,2,7,0.85,0.93455937,0.87536781,0.02,0.89536781,WITHIN_SLEEVE_RANK_PERCENTILE_PLUS_RAW_SCORE,ELIGIBLE_CORE,VALID,A,0,299273762.0,0.05725971370143146,0.05725971370143146,-0.013358778625954248,-0.08333333333333326,-0.1116838487972509,0.1729884800068919,-0.10095238095238102,3079f5e4d379d6bad03dd931e3b8efd4e562006118435c5ff3917f8d9d3f782b,PUBLIC_EQUITY_INVESTING_IDEA_GENERATION,RESEARCH_PRIORITY_ONLY_NO_TRADE_AUTHORITY,698cf7884f3203ee9f96aa5bf7e8c023a20344d9b8aa651128777f2ecbe9c6c6,2026-07-17
2026-07-17,21,B_WATCH_OR_TRIGGER,920020.BJ,泰凯英,BJ,BSE,ACTIVE,橡胶和塑料制品业,DEFENSIVE_STABILITY,DEFENSIVE_STABILITY,1,6,0.875,0.93637865,0.8934136,0.0,0.8934136,WITHIN_SLEEVE_RANK_PERCENTILE_PLUS_RAW_SCORE,ELIGIBLE_CORE,PARTIAL,B,0,18900137.7,0.09003436426116829,-0.000630119722747291,-0.09423186750428336,,-0.27678978568171453,0.2992559080750027,-0.20835623969213857,7413f6adfc8049ccef1669567bcc8be4fc7cfb9bbd14b616422899e39439327f,PUBLIC_EQUITY_INVESTING_IDEA_GENERATION,RESEARCH_PRIORITY_ONLY_NO_TRADE_AUTHORITY,ad81e43e627311211a7457b7453803cc215f536f847c32e5f0c25968c7fef259,2026-07-17
2026-07-17,22,B_WATCH_OR_TRIGGER,301165.SZ,锐捷网络,SZ,CHINEXT,ACTIVE,C 制造业,LIQUID_BREAKOUT,LIQUID_BREAKOUT,1,6,0.875,0.92058037,0.88867411,0.0,0.88867411,WITHIN_SLEEVE_RANK_PERCENTILE_PLUS_RAW_SCORE,ELIGIBLE_CORE,VALID,A,0,2645231394.75,0.41725663716814165,0.3589308442935937,0.582509881422925,1.408874404612685,-0.119893753434695,0.9034792854693959,-0.24201407688142929,515c2330bd22ffbb5702c88373c5ca2d2e4b500a69922b3f339c91e91ee8956b,PUBLIC_EQUITY_INVESTING_IDEA_GENERATION,RESEARCH_PRIORITY_ONLY_NO_TRADE_AUTHORITY,c13608e09975b64849cfc5d13ad8d2ab08057601091177ffc1f198d40018b4b4,2026-07-17
2026-07-17,23,B_WATCH_OR_TRIGGER,300759.SZ,康龙化成,SZ,CHINEXT,ACTIVE,M 科研服务,RECOVERY_WATCH,RECOVERY_WATCH|LIQUID_BREAKOUT,2,5,0.86666667,0.87089653,0.86793563,0.02,0.88793563,WITHIN_SLEEVE_RANK_PERCENTILE_PLUS_RAW_SCORE,ELIGIBLE_CORE,VALID,A,0,2791208648.95,0.5726950354609928,0.16748930569266185,0.08934602394841873,0.49201009251471794,-0.11960297766749384,0.5463290573908407,-0.3198865427040656,3f6caf10e45c510256883b7f6c7640354eb636011a7fbcf67f70aa621ad7fb94,PUBLIC_EQUITY_INVESTING_IDEA_GENERATION,RESEARCH_PRIORITY_ONLY_NO_TRADE_AUTHORITY,9c1e244f73b9ea4b608dcda6e81610e4b04bf9aa22fc7038857eceae66b5dc9a,2026-07-17
2026-07-17,24,B_WATCH_OR_TRIGGER,002768.SZ,国恩股份,SZ,SZ_MAIN,ACTIVE,C 制造业,TREND_PERSISTENCE,TREND_PERSISTENCE,1,7,0.85,0.94393134,0.8781794,0.0,0.8781794,WITHIN_SLEEVE_RANK_PERCENTILE_PLUS_RAW_SCORE,ELIGIBLE_CORE,VALID,A,0,824592496.9,-0.06880733944954132,0.45665901262916164,0.3372859025032937,1.434052757793765,-0.15430761539743376,0.5756818101005607,-0.2451756556160316,2b8223d3650dc68ab80adb8ca624bde2eb155ba5a87993635d5e8e1027d9d16b,PUBLIC_EQUITY_INVESTING_IDEA_GENERATION,RESEARCH_PRIORITY_ONLY_NO_TRADE_AUTHORITY,9134732840489e93258a4d79f8075d29545ea71ea90a51177f5fc240a70dada1,2026-07-17
2026-07-17,25,B_WATCH_OR_TRIGGER,002841.SZ,视源股份,SZ,SZ_MAIN,ACTIVE,C 制造业,LIQUID_BREAKOUT,LIQUID_BREAKOUT,1,7,0.85,0.91925625,0.87077687,0.0,0.87077687,WITHIN_SLEEVE_RANK_PERCENTILE_PLUS_RAW_SCORE,ELIGIBLE_CORE,VALID,A,0,794467679.85,0.3605383734249712,0.33680360157568945,0.15175757575757576,0.4199043634190076,-0.09418493803622507,0.5272652598829289,-0.23958584156031792,028616e45e9d781285b7ea0fb8e86685c08b66f5e6fb70a2426e26a572d16058,PUBLIC_EQUITY_INVESTING_IDEA_GENERATION,RESEARCH_PRIORITY_ONLY_NO_TRADE_AUTHORITY,8678b6a1815be47c50f875216b076879c6cfe20c42f2865e49c2b58460324f86,2026-07-17
2026-07-17,26,B_WATCH_OR_TRIGGER,920367.BJ,新赣江,BJ,BSE,ACTIVE,医药制造业,RECOVERY_WATCH,RECOVERY_WATCH|LIQUID_BREAKOUT,2,6,0.83333333,0.86655999,0.84330133,0.02,0.86330133,WITHIN_SLEEVE_RANK_PERCENTILE_PLUS_RAW_SCORE,ELIGIBLE_CORE,VALID,A,0,202423512.0,1.069425901201602,0.5531062124248496,0.2831125827814569,0.26118795768917824,-0.11981828506530379,1.1773419906708693,-0.4335260115606937,039e1bba48987b7c0b8d59e15fc3569c14593b77fc13d093a4ea173ee9eb6677,PUBLIC_EQUITY_INVESTING_IDEA_GENERATION,RESEARCH_PRIORITY_ONLY_NO_TRADE_AUTHORITY,31786debd81f06ee570333fdec77b4b31ff2bf00d40e517d748dd5f1032338aa,2026-07-17
2026-07-17,27,B_WATCH_OR_TRIGGER,002371.SZ,北方华创,SZ,SZ_MAIN,ACTIVE,C 制造业,TREND_PERSISTENCE,TREND_PERSISTENCE,1,8,0.825,0.93906128,0.85921838,0.0,0.85921838,WITHIN_SLEEVE_RANK_PERCENTILE_PLUS_RAW_SCORE,ELIGIBLE_CORE,VALID,A,0,11327327574.2,-0.0602312636210941,0.43797790994052677,0.3372311217334625,1.036825320416391,-0.2755561738237151,0.6450005863766656,-0.2755561738237151,2b3e552ff8d71789391498b7f37bbbcd7a32236f9e16487dfeb813b4f90536f7,PUBLIC_EQUITY_INVESTING_IDEA_GENERATION,RESEARCH_PRIORITY_ONLY_NO_TRADE_AUTHORITY,2c92e6c70340e53bd6b201969b62bd437236c0613bc337ad161f647d64e630ea,2026-07-17
2026-07-17,28,B_WATCH_OR_TRIGGER,002142.SZ,宁波银行,SZ,SZ_MAIN,ACTIVE,J 金融业,DEFENSIVE_STABILITY,DEFENSIVE_STABILITY,1,8,0.825,0.9334928,0.85754784,0.0,0.85754784,WITHIN_SLEEVE_RANK_PERCENTILE_PLUS_RAW_SCORE,ELIGIBLE_CORE,VALID,A,0,1148862227.6,0.0571333110591381,0.0038071065989848663,0.12959657265262403,0.20533333333333337,-0.030042918454935563,0.23743726715104474,-0.11496014714898828,048ea2d29e9ceaa8a84450d924d08aee5ced04a778dafe2bd65b481b1373e1e1,PUBLIC_EQUITY_INVESTING_IDEA_GENERATION,RESEARCH_PRIORITY_ONLY_NO_TRADE_AUTHORITY,02f1d21c0d229fe3a59823bc77e6e5f000014f268d9b4d0ecc6c9c9a15cb4e78,2026-07-17
2026-07-17,29,B_WATCH_OR_TRIGGER,920015.BJ,锦华新材,BJ,BSE,ACTIVE,化学原料和化学制品制造业,LIQUID_BREAKOUT,LIQUID_BREAKOUT,1,8,0.825,0.91724075,0.85267223,0.0,0.85267223,WITHIN_SLEEVE_RANK_PERCENTILE_PLUS_RAW_SCORE,ELIGIBLE_CORE,PARTIAL,B,0,264382428.55,0.03454512570085022,0.3557715098364542,0.023988542785535305,,-0.17934002869440457,0.8185681733059733,-0.3661527680448493,d05c802abdc185a04c5cc4a69b842b9fbb4c8104564292357096a53b959203b8,PUBLIC_EQUITY_INVESTING_IDEA_GENERATION,RESEARCH_PRIORITY_ONLY_NO_TRADE_AUTHORITY,22b4ed4c94ae0a8ede318ee12347f3451d2d57343e3405a129bc7b42eeb77690,2026-07-17
2026-07-17,30,B_WATCH_OR_TRIGGER,000668.SZ,荣丰控股,SZ,SZ_MAIN,ACTIVE,K 房地产,TREND_PERSISTENCE,TREND_PERSISTENCE,1,9,0.8,0.9361546,0.84084638,0.0,0.84084638,WITHIN_SLEEVE_RANK_PERCENTILE_PLUS_RAW_SCORE,ELIGIBLE_CORE,VALID,A,0,87239691.4,-0.20633484162895932,0.20384351407000678,0.5385964912280701,1.2174462705436153,-0.24591573516766996,0.652154135226602,-0.24591573516766996,1b3dbfe50d8cdac0aa6b43209bcd53916c5a0ab8078ba008880c767e7ce77adf,PUBLIC_EQUITY_INVESTING_IDEA_GENERATION,RESEARCH_PRIORITY_ONLY_NO_TRADE_AUTHORITY,32a02e52e79d9a25d9e9a9d98a2de5ff2fc1900ae296bc9f2b1b2a6826d42ef1,2026-07-17
2026-07-17,31,B_WATCH_OR_TRIGGER,001227.SZ,兰州银行,SZ,SZ_MAIN,ACTIVE,J 金融业,DEFENSIVE_STABILITY,DEFENSIVE_STABILITY,1,9,0.8,0.93344942,0.84003483,0.0,0.84003483,WITHIN_SLEEVE_RANK_PERCENTILE_PLUS_RAW_SCORE,ELIGIBLE_CORE,VALID,A,0,108524410.65,0.029126213592232997,-0.036363636363636376,-0.049327354260089606,-0.15537848605577675,-0.18773946360153249,0.14323161482965213,-0.14163090128755362,f658ff675fef90133c3ce7095b7ac80362cc18c9a461f5617ee5e0f5511d9119,PUBLIC_EQUITY_INVESTING_IDEA_GENERATION,RESEARCH_PRIORITY_ONLY_NO_TRADE_AUTHORITY,45a9be8de8d297f6a25873a3bc00f3f9abd26e7bd4da1173b5d538e9445dd962,2026-07-17
2026-07-17,32,B_WATCH_OR_TRIGGER,688266.SH,泽璟制药,SH,STAR,ACTIVE,,RECOVERY_WATCH,RECOVERY_WATCH|LIQUID_BREAKOUT,2,7,0.8,0.86396742,0.81919023,0.02,0.83919023,WITHIN_SLEEVE_RANK_PERCENTILE_PLUS_RAW_SCORE,ELIGIBLE_CORE,VALID,A,0,1373276576.45,0.4506633961422679,0.30110000000000015,0.39903225806451625,0.12942708333333353,-0.11729986431478967,0.6751127920154686,-0.2206396130072561,f2eba5be8b6161e40a08dbf4834c01feef478e688f82c37f89f7b83fe0d5d729,PUBLIC_EQUITY_INVESTING_IDEA_GENERATION,RESEARCH_PRIORITY_ONLY_NO_TRADE_AUTHORITY,9285eeb6a14537472f3bdfb62c259e0bd58d450e5b0ca179bde7fc8809e76588,2026-07-17
2026-07-17,33,B_WATCH_OR_TRIGGER,601928.SH,凤凰传媒,SH,SH_MAIN,ACTIVE,,DEFENSIVE_STABILITY,DEFENSIVE_STABILITY,1,10,0.775,0.9332786,0.82248358,0.0,0.82248358,WITHIN_SLEEVE_RANK_PERCENTILE_PLUS_RAW_SCORE,ELIGIBLE_CORE,VALID,A,0,67073432.9,0.03176341730558585,-0.05326633165829142,-0.07917888563049857,-0.1611754229741763,-0.18229166666666663,0.1969213573262727,-0.16249999999999998,a3ae2cb652ff3a1aa8724a9397c1d7960a7b20d06d5597144ab45e5a29f37d04,PUBLIC_EQUITY_INVESTING_IDEA_GENERATION,RESEARCH_PRIORITY_ONLY_NO_TRADE_AUTHORITY,02cae268d700ef9711c9eeeedf8a868ae1991af26cbb296c6d3ae70d5434325c,2026-07-17
2026-07-17,34,B_WATCH_OR_TRIGGER,301365.SZ,矩阵股份,SZ,CHINEXT,ACTIVE,M 科研服务,TREND_PERSISTENCE,TREND_PERSISTENCE,1,10,0.775,0.93273562,0.82232069,0.0,0.82232069,WITHIN_SLEEVE_RANK_PERCENTILE_PLUS_RAW_SCORE,ELIGIBLE_CORE,VALID,A,0,224107640.45,-0.002008608321377392,0.13511749347258495,0.33358895705521485,1.0374926772114823,-0.16253310859619552,0.7313274804144917,-0.24593548387096775,54e14dd307526b509ab09890e00fa633666c264ee7c1db6ee13ee384c7eef67c,PUBLIC_EQUITY_INVESTING_IDEA_GENERATION,RESEARCH_PRIORITY_ONLY_NO_TRADE_AUTHORITY,89a5248c3723bbbe678fd953868b016c3ae87e6872dcaf70c2658f1b554280a2,2026-07-17
2026-07-17,35,B_WATCH_OR_TRIGGER,002653.SZ,海思科,SZ,SZ_MAIN,ACTIVE,C 制造业,LIQUID_BREAKOUT,LIQUID_BREAKOUT,1,10,0.775,0.91086948,0.81576084,0.0,0.81576084,WITHIN_SLEEVE_RANK_PERCENTILE_PLUS_RAW_SCORE,ELIGIBLE_CORE,VALID,A,0,1154015496.2,0.45359983683459104,0.24293686780606882,0.33339569691300275,0.6773358437279358,-0.10001262785705267,0.6839156355780261,-0.22994031830238726,8315f26dfd312cf7f7c9554094d80bc6eca393d716a6bc4cf56ae2f2c448d0ad,PUBLIC_EQUITY_INVESTING_IDEA_GENERATION,RESEARCH_PRIORITY_ONLY_NO_TRADE_AUTHORITY,9e56d111758000e3f2ff62af6df04a86592201c138cf8d57739c5813d1c55a3b,2026-07-17
2026-07-17,36,B_WATCH_OR_TRIGGER,601229.SH,上海银行,SH,SH_MAIN,ACTIVE,,DEFENSIVE_STABILITY,DEFENSIVE_STABILITY,1,11,0.75,0.93323282,0.80496985,0.0,0.80496985,WITHIN_SLEEVE_RANK_PERCENTILE_PLUS_RAW_SCORE,ELIGIBLE_CORE,VALID,A,0,468416936.75,0.02714932126696845,-0.05120167189132707,-0.059067357512953444,-0.15691736304549675,-0.14581373471307624,0.1891976429780914,-0.11967545638945232,16b744cb0c667715f627c46cea0d64dad3a5b946e34c3830309b5654cfa1e322,PUBLIC_EQUITY_INVESTING_IDEA_GENERATION,RESEARCH_PRIORITY_ONLY_NO_TRADE_AUTHORITY,ad6fd1e2e6aa701209beecbd0284deae94d0fb71d9a9a9eddcbaf76cd96aaa9e,2026-07-17
2026-07-17,37,B_WATCH_OR_TRIGGER,000691.SZ,亚太实业,SZ,SZ_MAIN,ACTIVE,C 制造业,TREND_PERSISTENCE,TREND_PERSISTENCE,1,11,0.75,0.92796424,0.80338927,0.0,0.80338927,WITHIN_SLEEVE_RANK_PERCENTILE_PLUS_RAW_SCORE,ELIGIBLE_CORE,VALID,A,0,229423625.85,-0.10466067048242034,0.3551980198019802,0.050863723608445266,2.2686567164179103,-0.1882876204595998,0.6037039639843452,-0.2861415752741774,5e61353cc13af33996c941a1c43923685dcfc71d0e5356babc4fe81d60ee5f96,PUBLIC_EQUITY_INVESTING_IDEA_GENERATION,RESEARCH_PRIORITY_ONLY_NO_TRADE_AUTHORITY,bef042324ddd536648ffb10f270c6a2ca5ffa09374e0e592a57f50f9774fbb84,2026-07-17
2026-07-17,38,B_WATCH_OR_TRIGGER,601211.SH,国泰海通,SH,SH_MAIN,ACTIVE,,RECOVERY_WATCH,RECOVERY_WATCH,1,8,0.76666667,0.86325304,0.79564258,0.0,0.79564258,WITHIN_SLEEVE_RANK_PERCENTILE_PLUS_RAW_SCORE,ELIGIBLE_CORE,VALID,A,0,2954431952.65,0.07964601769911517,0.10640870616686837,-0.08408408408408408,-0.010810810810810811,-0.16285452881976203,0.29998143208458955,-0.25808080808080813,6a9c3e436115357ca435f111e8e79ad23671fdd92c08722a5eabf7a861ce1c9e,PUBLIC_EQUITY_INVESTING_IDEA_GENERATION,RESEARCH_PRIORITY_ONLY_NO_TRADE_AUTHORITY,6ecac5715f71deb8a6e56d672d11df5369ef457a174f0587f253b62c516f6fef,2026-07-17
2026-07-17,39,B_WATCH_OR_TRIGGER,600919.SH,江苏银行,SH,SH_MAIN,ACTIVE,,DEFENSIVE_STABILITY,DEFENSIVE_STABILITY,1,12,0.725,0.9328452,0.78735356,0.0,0.78735356,WITHIN_SLEEVE_RANK_PERCENTILE_PLUS_RAW_SCORE,ELIGIBLE_CORE,VALID,A,0,1203559914.95,0.0291173794358508,0.048192771084337505,0.15173116089613026,-0.029184549356223166,-0.029184549356223166,0.18596684687949017,-0.09356223175965661,a0c5d9fc8ac7d104f0fd648c418b8653f491d102fe6e86df0202a08e53e9dbb1,PUBLIC_EQUITY_INVESTING_IDEA_GENERATION,RESEARCH_PRIORITY_ONLY_NO_TRADE_AUTHORITY,fc021ea4210d60060df06c334fbabe3c9f57b127b974d6f5fa10dddce7684f53,2026-07-17
2026-07-17,40,B_WATCH_OR_TRIGGER,603139.SH,康惠股份,SH,SH_MAIN,ACTIVE,,TREND_PERSISTENCE,TREND_PERSISTENCE,1,12,0.725,0.92731154,0.78569346,0.0,0.78569346,WITHIN_SLEEVE_RANK_PERCENTILE_PLUS_RAW_SCORE,ELIGIBLE_CORE,VALID,A,0,210682497.55,-0.2043795620437957,0.10540872771972953,0.6943005181347148,0.5544511668107173,-0.2043795620437957,0.6258583026784403,-0.2043795620437957,8e87c4e0d7f925c0b540386bc07b9e6200d657131f5fbf635fa6a89ed3080f71,PUBLIC_EQUITY_INVESTING_IDEA_GENERATION,RESEARCH_PRIORITY_ONLY_NO_TRADE_AUTHORITY,92df668c0d759fd89f6f34a1541197650154417e295a0265e30bf9f3a6a3a7a5,2026-07-17
2026-07-17,41,B_WATCH_OR_TRIGGER,000759.SZ,中百集团,SZ,SZ_MAIN,ACTIVE,F 批发零售,RECOVERY_WATCH,RECOVERY_WATCH,1,9,0.73333333,0.86068522,0.7715389,0.0,0.7715389,WITHIN_SLEEVE_RANK_PERCENTILE_PLUS_RAW_SCORE,ELIGIBLE_CORE,VALID,A,0,658801354.1,0.11501597444089473,0.24642857142857166,-0.10512820512820509,-0.0779392338177014,-0.2166105499438833,0.8042617322066935,-0.374841168996188,248552afde936c47091a74c834f8f86b0473b08a1cf5d27b0be6250edeb9cf6b,PUBLIC_EQUITY_INVESTING_IDEA_GENERATION,RESEARCH_PRIORITY_ONLY_NO_TRADE_AUTHORITY,898907b4b39e3daf81925af359b57df571a59d6fd2b70a328c87f213b2c01f4d,2026-07-17
2026-07-17,42,B_WATCH_OR_TRIGGER,601985.SH,XD中国核,SH,SH_MAIN,ACTIVE,,DEFENSIVE_STABILITY,DEFENSIVE_STABILITY,1,13,0.7,0.93211451,0.76963435,0.0,0.76963435,WITHIN_SLEEVE_RANK_PERCENTILE_PLUS_RAW_SCORE,ELIGIBLE_CORE,VALID,A,0,1018857501.4,-0.018973214285714524,0.020905923344947785,0.00918484500574035,-0.03723986856516992,-0.056866952789699665,0.19229941412564155,-0.06877729257641929,6dbc193cbfc1d87fdfe9b1791fe4f7fe488f44c70882feddc1cc8299d0c3dc9c,PUBLIC_EQUITY_INVESTING_IDEA_GENERATION,RESEARCH_PRIORITY_ONLY_NO_TRADE_AUTHORITY,3995259383f25dad2788d5a7d1029d545cf035e449cbe65d06764004f2054c71,2026-07-17
2026-07-17,43,B_WATCH_OR_TRIGGER,601918.SH,新集能源,SH,SH_MAIN,ACTIVE,,TREND_PERSISTENCE,TREND_PERSISTENCE,1,13,0.7,0.92588401,0.7677652,0.0,0.7677652,WITHIN_SLEEVE_RANK_PERCENTILE_PLUS_RAW_SCORE,ELIGIBLE_CORE,VALID,A,0,498418511.85,0.1066217732884398,0.31994645247657294,0.42485549132947975,0.5552050473186119,-0.12588652482269502,0.5629344105639291,-0.23847517730496448,8c433cccd07d0e39623ba6c5eaf810a31ba5ce182ca67872a45c3c804dabd0c1,PUBLIC_EQUITY_INVESTING_IDEA_GENERATION,RESEARCH_PRIORITY_ONLY_NO_TRADE_AUTHORITY,3a3e44640f6e3d3b3db4b10b08ebffe57c5c6782b9edeb0fa10abbaf6da599f1,2026-07-17
2026-07-17,44,B_WATCH_OR_TRIGGER,300105.SZ,龙源技术,SZ,CHINEXT,ACTIVE,C 制造业,RECOVERY_WATCH,RECOVERY_WATCH|LIQUID_BREAKOUT,2,10,0.7,0.85768965,0.74730689,0.02,0.76730689,WITHIN_SLEEVE_RANK_PERCENTILE_PLUS_RAW_SCORE,ELIGIBLE_CORE,VALID,A,0,300577231.2,0.2962962962962963,0.4043209876543208,0.2448700410396718,0.1681643132220796,0.0,0.794586099931518,-0.25935162094763087,2db4270ebf7c3e1423e036caf6028497b278e720a370586b61e7acd30bef52bd,PUBLIC_EQUITY_INVESTING_IDEA_GENERATION,RESEARCH_PRIORITY_ONLY_NO_TRADE_AUTHORITY,4dfd8eb7e3b1565cd3cb8c7d513e7fa4903003805f478b963602c4572d58103d,2026-07-17
2026-07-17,45,B_WATCH_OR_TRIGGER,000977.SZ,浪潮信息,SZ,SZ_MAIN,ACTIVE,C 制造业,LIQUID_BREAKOUT,LIQUID_BREAKOUT,1,13,0.7,0.90894846,0.76268454,0.0,0.76268454,WITHIN_SLEEVE_RANK_PERCENTILE_PLUS_RAW_SCORE,ELIGIBLE_CORE,VALID,A,0,9277397716.7,0.17879987816021936,0.05911330049261099,0.13673079747393158,0.5579710144927537,-0.13538873994638057,0.6631192125486401,-0.25213343677269195,ed65830c908486ddde7626ae0b243a22dc2db7a30519f7a69597fd3443e02b74,PUBLIC_EQUITY_INVESTING_IDEA_GENERATION,RESEARCH_PRIORITY_ONLY_NO_TRADE_AUTHORITY,e2bba08819f33288090106a1022f57715e5397797caa42db8854912616ff99be,2026-07-17
2026-07-17,46,B_WATCH_OR_TRIGGER,000598.SZ,兴蓉环境,SZ,SZ_MAIN,ACTIVE,D 水电煤气,DEFENSIVE_STABILITY,DEFENSIVE_STABILITY,1,14,0.675,0.93193957,0.75208187,0.0,0.75208187,WITHIN_SLEEVE_RANK_PERCENTILE_PLUS_RAW_SCORE,ELIGIBLE_CORE,VALID,A,0,175226044.35,0.0625,0.08229813664596253,0.02499999999999991,-0.03328710124826628,-0.051700680272108834,0.2108657230493014,-0.13043478260869557,e35b4e02fe05cee34bf6c9d18d56eae2f63c6470eaa99b72e8e9fbb7d2dc635a,PUBLIC_EQUITY_INVESTING_IDEA_GENERATION,RESEARCH_PRIORITY_ONLY_NO_TRADE_AUTHORITY,8a3d7877ad0bd2db835494413aa0b150f79a55351967a9cb063d39aee2e8fb5c,2026-07-17
2026-07-17,47,B_WATCH_OR_TRIGGER,301273.SZ,瑞晨环保,SZ,CHINEXT,ACTIVE,C 制造业,TREND_PERSISTENCE,TREND_PERSISTENCE,1,14,0.675,0.92255457,0.74926637,0.0,0.74926637,WITHIN_SLEEVE_RANK_PERCENTILE_PLUS_RAW_SCORE,ELIGIBLE_CORE,VALID,A,0,70372583.9,-0.13687150837988826,0.23216659282233043,0.40030211480362543,0.5553691275167785,-0.1889763779527559,0.5311274790520999,-0.2325581395348838,1d968539fe452d603df6153046b9028c9e93f21aeaab0ca1900f165dc92d23ed,PUBLIC_EQUITY_INVESTING_IDEA_GENERATION,RESEARCH_PRIORITY_ONLY_NO_TRADE_AUTHORITY,899eb6a80f19a0b017861d60e4d329302adbe769b4096d59c55b8cea31313104,2026-07-17
2026-07-17,48,B_WATCH_OR_TRIGGER,002141.SZ,贤丰控股,SZ,SZ_MAIN,ACTIVE,C 制造业,LIQUID_BREAKOUT,LIQUID_BREAKOUT,1,14,0.675,0.90817723,0.74495317,0.0,0.74495317,WITHIN_SLEEVE_RANK_PERCENTILE_PLUS_RAW_SCORE,ELIGIBLE_CORE,VALID,A,0,1001290741.95,0.2823779193205944,0.5729166666666667,0.628032345013477,0.4554216867469878,0.0,0.8740594127911577,-0.3113636363636365,23e5f31b9846e22eabc85fd61e4ded45acbcda3fb4c3d71cfdd44ff8856d7648,PUBLIC_EQUITY_INVESTING_IDEA_GENERATION,RESEARCH_PRIORITY_ONLY_NO_TRADE_AUTHORITY,20e10f07cf7765656940d62f9850011a71a4ee4d453dd60f8ae1f43ec3e49f1b,2026-07-17
2026-07-17,49,B_WATCH_OR_TRIGGER,002507.SZ,涪陵榨菜,SZ,SZ_MAIN,ACTIVE,C 制造业,DEFENSIVE_STABILITY,DEFENSIVE_STABILITY,1,15,0.65,0.93189905,0.73456971,0.0,0.73456971,WITHIN_SLEEVE_RANK_PERCENTILE_PLUS_RAW_SCORE,ELIGIBLE_CORE,VALID,A,0,114478670.9,0.007887817703768674,-0.047224523612261815,-0.09162717219589256,-0.06882591093117407,-0.1411501120238985,0.19685130728494776,-0.18796992481203012,a90d1b7abc9fa0737182fcccaf5846c7fb31bb01ca82d44b58a7bb964321cfa4,PUBLIC_EQUITY_INVESTING_IDEA_GENERATION,RESEARCH_PRIORITY_ONLY_NO_TRADE_AUTHORITY,2276d5e5e575fae5c8db7461f8737279e2395d98a1f3988c381803ccdbd64d58,2026-07-17
2026-07-17,50,B_WATCH_OR_TRIGGER,301072.SZ,中捷精工,SZ,CHINEXT,ACTIVE,C 制造业,TREND_PERSISTENCE,TREND_PERSISTENCE,1,15,0.65,0.91731889,0.73019567,0.0,0.73019567,WITHIN_SLEEVE_RANK_PERCENTILE_PLUS_RAW_SCORE,ELIGIBLE_CORE,VALID,A,0,167123201.05,-0.08101452844127055,0.6346911957950068,0.6275621456607066,0.7382394038192828,-0.13390577860292419,0.6246042374510014,-0.1884172947243158,1ca6348de373d69715eba212b8b6c2922a1f46a118d7b12bb6cba87efc6a1f54,PUBLIC_EQUITY_INVESTING_IDEA_GENERATION,RESEARCH_PRIORITY_ONLY_NO_TRADE_AUTHORITY,af2966c9d3d6e14ebf3c94af0d52374d77dce7a61b4781d5214d342f7742a0a2,2026-07-17
2026-07-17,51,B_WATCH_OR_TRIGGER,002536.SZ,飞龙股份,SZ,SZ_MAIN,ACTIVE,C 制造业,LIQUID_BREAKOUT,LIQUID_BREAKOUT,1,15,0.65,0.90807793,0.72742338,0.0,0.72742338,WITHIN_SLEEVE_RANK_PERCENTILE_PLUS_RAW_SCORE,ELIGIBLE_CORE,VALID,A,0,2546420246.35,0.07656967840735063,0.2093880560334236,0.6800955957664734,2.3317535545023698,-0.11967799642218246,0.8511657832060265,-0.3280826975141521,c2a30116c1802a1b722ffa73f21bb099d76d6bece5ee42ab46cf87a2f7c991f2,PUBLIC_EQUITY_INVESTING_IDEA_GENERATION,RESEARCH_PRIORITY_ONLY_NO_TRADE_AUTHORITY,509ee561414f526e65984f94b4e2c65ef5272fa84c85d2c9e3cc4c57cb9753fd,2026-07-17
2026-07-17,52,B_WATCH_OR_TRIGGER,688036.SH,传音控股,SH,STAR,ACTIVE,,RECOVERY_WATCH,RECOVERY_WATCH,1,11,0.66666667,0.84699025,0.72076374,0.0,0.72076374,WITHIN_SLEEVE_RANK_PERCENTILE_PLUS_RAW_SCORE,ELIGIBLE_CORE,VALID,A,0,1319071689.25,0.16389459914034776,0.1951640759930915,-0.05550500454959051,-0.14789984950061574,-0.38773102634683443,0.5255328891845252,-0.22973180076628352,7b664ba42f4136a408c6fa35a6411b1c9527e8072b4d1790b9d2f298fe6dfbb9,PUBLIC_EQUITY_INVESTING_IDEA_GENERATION,RESEARCH_PRIORITY_ONLY_NO_TRADE_AUTHORITY,ea70038206d4e0d5fdf99201e8d6e7f05f30eed101365fe59babc4ca855ef633,2026-07-17
2026-07-17,53,B_WATCH_OR_TRIGGER,601668.SH,中国建筑,SH,SH_MAIN,ACTIVE,,DEFENSIVE_STABILITY,DEFENSIVE_STABILITY,1,16,0.625,0.93133885,0.71690165,0.0,0.71690165,WITHIN_SLEEVE_RANK_PERCENTILE_PLUS_RAW_SCORE,ELIGIBLE_CORE,VALID,A,0,1011704708.0,0.04377880184331806,-0.015217391304347738,-0.06016597510373445,-0.15642458100558654,-0.19680851063829774,0.1564846868656547,-0.15670103092783505,1defc820f403babf2227b344c84dd63c52674061662998021b5ff7da5a6fc45a,PUBLIC_EQUITY_INVESTING_IDEA_GENERATION,RESEARCH_PRIORITY_ONLY_NO_TRADE_AUTHORITY,3cec08ea4c0d1b9c37c42d358351e1b0a4f176c3c4bf2866a97ae7b643e367cb,2026-07-17
2026-07-17,54,B_WATCH_OR_TRIGGER,605186.SH,健麾信息,SH,SH_MAIN,ACTIVE,,TREND_PERSISTENCE,TREND_PERSISTENCE,1,16,0.625,0.9172417,0.71267251,0.0,0.71267251,WITHIN_SLEEVE_RANK_PERCENTILE_PLUS_RAW_SCORE,ELIGIBLE_CORE,VALID,A,0,184092117.9,-0.14968999114260395,0.4342629482071714,0.325356649792913,0.38795180722891565,-0.1787852865697177,0.5689286157543103,-0.18744434550311673,e7aae7a2cc927b8f76b1c526da2743b06965ce73e97fb32f15a7377697ac57f1,PUBLIC_EQUITY_INVESTING_IDEA_GENERATION,RESEARCH_PRIORITY_ONLY_NO_TRADE_AUTHORITY,19e29057851a758855f0112eb1aec52918074cbd29d5fe676453855f6ef32b03,2026-07-17
2026-07-17,55,B_WATCH_OR_TRIGGER,603466.SH,风语筑,SH,SH_MAIN,ACTIVE,,LIQUID_BREAKOUT,LIQUID_BREAKOUT,1,16,0.625,0.90767077,0.70980123,0.0,0.70980123,WITHIN_SLEEVE_RANK_PERCENTILE_PLUS_RAW_SCORE,ELIGIBLE_CORE,VALID,A,0,725104673.7,0.19203268641470905,0.20557851239669422,0.0896358543417366,0.16350947158524431,-0.0988416988416988,0.7091090343933043,-0.31814671814671813,9080da426e230ba36f03380b2f816e9517ff573c6f2560d5684e718691b74737,PUBLIC_EQUITY_INVESTING_IDEA_GENERATION,RESEARCH_PRIORITY_ONLY_NO_TRADE_AUTHORITY,2a250042067191078810a3071e73afb31e89beaf6b4387ddf9d09497af062d63,2026-07-17
2026-07-17,56,B_WATCH_OR_TRIGGER,300999.SZ,金龙鱼,SZ,CHINEXT,ACTIVE,C 制造业,DEFENSIVE_STABILITY,DEFENSIVE_STABILITY,1,17,0.6,0.93128449,0.69938535,0.0,0.69938535,WITHIN_SLEEVE_RANK_PERCENTILE_PLUS_RAW_SCORE,ELIGIBLE_CORE,VALID,A,0,256516020.25,0.033634126333059955,-0.09967845659163987,-0.144602851323829,-0.1340206185567011,-0.2555391432791728,0.2584276389503837,-0.26369104146881917,0ef2fb711645c8458c156c09650de085b384b9d42e283007c587eb56bd6241de,PUBLIC_EQUITY_INVESTING_IDEA_GENERATION,RESEARCH_PRIORITY_ONLY_NO_TRADE_AUTHORITY,7598eb0b5d22c4d630e1322c2fffebeb7d25095ca265fd91d4ebf903148256a4,2026-07-17
2026-07-17,57,B_WATCH_OR_TRIGGER,688103.SH,国力电子,SH,STAR,ACTIVE,,RECOVERY_WATCH,RECOVERY_WATCH,1,12,0.63333333,0.84502857,0.6968419,0.0,0.6968419,WITHIN_SLEEVE_RANK_PERCENTILE_PLUS_RAW_SCORE,ELIGIBLE_CORE,VALID,A,0,553577899.8,0.2849162011173185,0.40196410430071094,0.2142542894852617,0.44654088050314455,-0.19611650485436893,0.8216558579988233,-0.24802919708029203,0a14bf3429c7d4a236e311eb84d410321b70be6eedc18a67f71868ceb786d42b,PUBLIC_EQUITY_INVESTING_IDEA_GENERATION,RESEARCH_PRIORITY_ONLY_NO_TRADE_AUTHORITY,a95711414161e36c209903b48f8d06acaf2708f2b21164a2f48225ae20c3045e,2026-07-17
2026-07-17,58,B_WATCH_OR_TRIGGER,300225.SZ,金力泰,SZ,CHINEXT,ACTIVE,C 制造业,TREND_PERSISTENCE,TREND_PERSISTENCE,1,17,0.6,0.91344831,0.69403449,0.0,0.69403449,WITHIN_SLEEVE_RANK_PERCENTILE_PLUS_RAW_SCORE,ELIGIBLE_CORE,VALID,A,0,159453379.1,-0.24282560706401768,0.13953488372093026,0.1807228915662651,0.7680412371134022,-0.3007135575942915,0.7459246564619538,-0.3007135575942915,342829fcf016d8516863ecf005c3481842c5849176426fe62339901e9fdd8bdc,PUBLIC_EQUITY_INVESTING_IDEA_GENERATION,RESEARCH_PRIORITY_ONLY_NO_TRADE_AUTHORITY,8e1cffaa3e944577308f774bef947a8169906a314b3333a3d4ca6e02a1ab02ee,2026-07-17
2026-07-17,59,B_WATCH_OR_TRIGGER,600664.SH,哈药股份,SH,SH_MAIN,ACTIVE,,RECOVERY_WATCH,RECOVERY_WATCH|LIQUID_BREAKOUT,2,13,0.6,0.84219057,0.67265717,0.02,0.69265717,WITHIN_SLEEVE_RANK_PERCENTILE_PLUS_RAW_SCORE,ELIGIBLE_CORE,VALID,A,0,578119762.7,0.7305194805194806,0.24532710280373826,0.5142045454545454,0.40263157894736845,0.0,0.6164895995607629,-0.34009009009009006,c909e14d116695a20842f0f5bc8cabc4b14e2b8310ebad67795f730d8e55d91e,PUBLIC_EQUITY_INVESTING_IDEA_GENERATION,RESEARCH_PRIORITY_ONLY_NO_TRADE_AUTHORITY,dec0b052593d4a5cdc7c350ad9132fa531cec7bbc50aaa95417b24dd0f6ce0d2,2026-07-17
2026-07-17,60,B_WATCH_OR_TRIGGER,002821.SZ,凯莱英,SZ,SZ_MAIN,ACTIVE,C 制造业,LIQUID_BREAKOUT,LIQUID_BREAKOUT,1,17,0.6,0.90761565,0.69228469,0.0,0.69228469,WITHIN_SLEEVE_RANK_PERCENTILE_PLUS_RAW_SCORE,ELIGIBLE_CORE,VALID,A,0,2546886884.8,0.3195666340827632,0.4367184035476719,0.5341414906714652,0.8906395891690009,-0.17246487867177518,0.7119919641382664,-0.17246487867177518,711111ca5d25e15731aaeed4f00f790fae86dd5026aec3ae55e2397679a242f4,PUBLIC_EQUITY_INVESTING_IDEA_GENERATION,RESEARCH_PRIORITY_ONLY_NO_TRADE_AUTHORITY,2c2286437aabde2c2f0f9e157d266aed7dea23a9db1d3c2fc37c54b974b4408e,2026-07-17
2026-07-17,61,C_SCREEN_FLAG_ONLY,601328.SH,交通银行,SH,SH_MAIN,ACTIVE,,DEFENSIVE_STABILITY,DEFENSIVE_STABILITY,1,18,0.575,0.93093532,0.6817806,0.0,0.6817806,WITHIN_SLEEVE_RANK_PERCENTILE_PLUS_RAW_SCORE,ELIGIBLE_CORE,VALID,A,0,1379057833.7,0.04915514592933956,-0.005822416302765698,0.010355029585798814,-0.12323491655969188,-0.12882653061224492,0.19402707946642794,-0.09913793103448276,56e61a29ada5526fda214ae218d6b34b1a00a6cf302372bcaa5a9eb22e6db0ba,PUBLIC_EQUITY_INVESTING_IDEA_GENERATION,RESEARCH_PRIORITY_ONLY_NO_TRADE_AUTHORITY,f8c5e3143f50ec52fb4b6a1036e87dc3469b6b3534511d7cd89e9f07a55ca405,2026-07-17
2026-07-17,62,C_SCREEN_FLAG_ONLY,300938.SZ,信测标准,SZ,CHINEXT,ACTIVE,M 科研服务,TREND_PERSISTENCE,TREND_PERSISTENCE,1,18,0.575,0.91127856,0.67588357,0.0,0.67588357,WITHIN_SLEEVE_RANK_PERCENTILE_PLUS_RAW_SCORE,ELIGIBLE_CORE,VALID,A,0,966273993.3,-0.20594713656387664,0.03443328550932545,0.6319601629696694,1.2874365482233503,-0.3360957642725598,0.7719740165469481,-0.3360957642725598,c7be64a31bb8c803bf600bc9848753260cbe15471b8085cade6f4b1f9efe4cd3,PUBLIC_EQUITY_INVESTING_IDEA_GENERATION,RESEARCH_PRIORITY_ONLY_NO_TRADE_AUTHORITY,159116973b061de176e1fae52190dfe7b924e2b15380fec3d22b9bd5b32ed6b7,2026-07-17
2026-07-17,63,C_SCREEN_FLAG_ONLY,603893.SH,瑞芯微,SH,SH_MAIN,ACTIVE,,LIQUID_BREAKOUT,LIQUID_BREAKOUT,1,18,0.575,0.90700829,0.67460249,0.0,0.67460249,WITHIN_SLEEVE_RANK_PERCENTILE_PLUS_RAW_SCORE,ELIGIBLE_CORE,VALID,A,0,4087950438.75,0.11812243994243321,0.13886226532108026,0.05554684642315921,0.33359741202878457,-0.17849444873724019,0.5547778647774909,-0.2746793915896213,647569ca32792f37c0be4ddac78e8056be1b93bb0fbaef25f426aea6fb6f76a1,PUBLIC_EQUITY_INVESTING_IDEA_GENERATION,RESEARCH_PRIORITY_ONLY_NO_TRADE_AUTHORITY,5d801e996e9f373d91a8588da42d9c1774142052dfce403d651fbbb2c68b552c,2026-07-17
2026-07-17,64,C_SCREEN_FLAG_ONLY,000088.SZ,盐 田 港,SZ,SZ_MAIN,ACTIVE,G 运输仓储,DEFENSIVE_STABILITY,DEFENSIVE_STABILITY,1,19,0.55,0.92983253,0.66394976,0.0,0.66394976,WITHIN_SLEEVE_RANK_PERCENTILE_PLUS_RAW_SCORE,ELIGIBLE_CORE,VALID,A,0,75924062.5,0.031026252983293423,-0.020408163265306034,-0.011441647597253968,-0.004608294930875445,-0.056768558951964976,0.1617758141628221,-0.10917030567685593,9b912054435e9688132e0927f2044f013de91a75a258f54e0ece65349dca5ee7,PUBLIC_EQUITY_INVESTING_IDEA_GENERATION,RESEARCH_PRIORITY_ONLY_NO_TRADE_AUTHORITY,35cb161142cd1ec2798f1579df8bb3eac960024fd3c67fcd8280d99447654a60,2026-07-17
2026-07-17,65,C_SCREEN_FLAG_ONLY,002832.SZ,比音勒芬,SZ,SZ_MAIN,ACTIVE,C 制造业,TREND_PERSISTENCE,TREND_PERSISTENCE,1,19,0.55,0.91115111,0.65834533,0.0,0.65834533,WITHIN_SLEEVE_RANK_PERCENTILE_PLUS_RAW_SCORE,ELIGIBLE_CORE,VALID,A,0,213240641.35,0.010096153846153921,0.20955670696603335,0.4176788124156545,0.411962365591398,-0.04975124378109441,0.446246532839973,-0.0876162506118453,9576277af05b1b61d6c62d4dc4ae218bc484f59777083a50c8c894e1da9e5bbd,PUBLIC_EQUITY_INVESTING_IDEA_GENERATION,RESEARCH_PRIORITY_ONLY_NO_TRADE_AUTHORITY,159d14c26e43b077fb8b3060db4f1c90ccfa24f414acad41002958fbd7c26655,2026-07-17
2026-07-17,66,C_SCREEN_FLAG_ONLY,300832.SZ,新产业,SZ,CHINEXT,ACTIVE,C 制造业,RECOVERY_WATCH,RECOVERY_WATCH,1,14,0.56666667,0.84089722,0.64893583,0.0,0.64893583,WITHIN_SLEEVE_RANK_PERCENTILE_PLUS_RAW_SCORE,ELIGIBLE_CORE,VALID,A,0,390557731.0,0.0752380952380951,0.021950667571848825,-0.20366778345970737,-0.1601264645713224,-0.33995907629348154,0.4110747737597033,-0.3034957627118644,8c91002c393a6790463304a8c6842419bd7f6007a3ee2519dd75d5544a2d0f9f,PUBLIC_EQUITY_INVESTING_IDEA_GENERATION,RESEARCH_PRIORITY_ONLY_NO_TRADE_AUTHORITY,0f5bbcfe0d6b0a222e1512795a079b405ca17a30d038e525c3c06a1428716472,2026-07-17
2026-07-17,67,C_SCREEN_FLAG_ONLY,600016.SH,民生银行,SH,SH_MAIN,ACTIVE,,DEFENSIVE_STABILITY,DEFENSIVE_STABILITY,1,20,0.525,0.92899639,0.64619892,0.0,0.64619892,WITHIN_SLEEVE_RANK_PERCENTILE_PLUS_RAW_SCORE,ELIGIBLE_CORE,VALID,A,0,878319263.95,0.011695906432748648,-0.05205479452054795,-0.07238605898123329,-0.30101010101010106,-0.338432122370937,0.1700392266829446,-0.19338422391857513,9bfb6aeb4a7da811b2fe584c8c0cd4ae9da5f6d74df2b2000e023a596e667f64,PUBLIC_EQUITY_INVESTING_IDEA_GENERATION,RESEARCH_PRIORITY_ONLY_NO_TRADE_AUTHORITY,41298caf32248cd131d0b38710a3d41bc5f9c91991ae10d993182af0f5501f1d,2026-07-17
2026-07-17,68,C_SCREEN_FLAG_ONLY,603259.SH,药明康德,SH,SH_MAIN,ACTIVE,,LIQUID_BREAKOUT,LIQUID_BREAKOUT|TREND_PERSISTENCE,2,21,0.5,0.9051658,0.62154974,0.02,0.64154974,WITHIN_SLEEVE_RANK_PERCENTILE_PLUS_RAW_SCORE,ELIGIBLE_CORE,VALID,A,0,9492476861.95,0.14768302180685366,0.20050916496945015,0.15646458701196786,0.7205195563339173,-0.1034980988593156,0.4865798821372029,-0.16318032151849704,1bfaa86d2047b2d0d4dc925cf8e3c9cb3285d79fc909335ac124e6124e87d714,PUBLIC_EQUITY_INVESTING_IDEA_GENERATION,RESEARCH_PRIORITY_ONLY_NO_TRADE_AUTHORITY,4113f65d2a916b620e58d71e2ccab4801db44f71f091cb51f09f2621219e5544,2026-07-17
2026-07-17,69,C_SCREEN_FLAG_ONLY,300440.SZ,运达科技,SZ,CHINEXT,ACTIVE,I 信息技术,TREND_PERSISTENCE,TREND_PERSISTENCE,1,20,0.525,0.90709152,0.63962746,0.0,0.63962746,WITHIN_SLEEVE_RANK_PERCENTILE_PLUS_RAW_SCORE,ELIGIBLE_CORE,VALID,A,0,293359537.9,0.002053388090349051,0.14958775029446403,0.49464012251148537,0.9307616221562809,-0.10786106032906762,0.5995347201210789,-0.26333520494104434,a894ec807057e17275c22315a500d8baaf46208f91fc35c2208c26e4162e444f,PUBLIC_EQUITY_INVESTING_IDEA_GENERATION,RESEARCH_PRIORITY_ONLY_NO_TRADE_AUTHORITY,ea897b2f43ac3b7cdb917a2d67a8ba4e6520b58285cdbbef80e669aa34ea8f7e,2026-07-17
2026-07-17,70,C_SCREEN_FLAG_ONLY,603127.SH,昭衍新药,SH,SH_MAIN,ACTIVE,,LIQUID_BREAKOUT,LIQUID_BREAKOUT,1,20,0.525,0.90537662,0.63911298,0.0,0.63911298,WITHIN_SLEEVE_RANK_PERCENTILE_PLUS_RAW_SCORE,ELIGIBLE_CORE,VALID,A,0,1899564896.1,0.34824191279887495,0.27643142476697746,0.12274537362379956,1.1049626701800617,-0.09990610328638494,0.685566904266978,-0.3694510739856801,72534d4fd61d950466da63b53fc21772e9315a7f4bc72b7efa411ba0039906c4,PUBLIC_EQUITY_INVESTING_IDEA_GENERATION,RESEARCH_PRIORITY_ONLY_NO_TRADE_AUTHORITY,d0f0443c2fd94b8053edcd18797b81d018422f625722b08cfd3666b2edc6fd88,2026-07-17
2026-07-17,71,C_SCREEN_FLAG_ONLY,601128.SH,常熟银行,SH,SH_MAIN,ACTIVE,,DEFENSIVE_STABILITY,DEFENSIVE_STABILITY,1,21,0.5,0.92892996,0.62867899,0.0,0.62867899,WITHIN_SLEEVE_RANK_PERCENTILE_PLUS_RAW_SCORE,ELIGIBLE_CORE,VALID,A,0,250510225.1,-0.0016025641025640969,-0.04006163328197221,0.0032206119162641045,-0.05891238670694854,-0.10101010101010088,0.1792385464765233,-0.12084592145015105,f05d21b98e791d642513ddbb9ac23d9ab8e7f5e21eb22184b3801e3dd390f8e4,PUBLIC_EQUITY_INVESTING_IDEA_GENERATION,RESEARCH_PRIORITY_ONLY_NO_TRADE_AUTHORITY,581f421d1353c4372de74efb309fda6c57545e08af3a40b57c1762c62e689b82,2026-07-17
2026-07-17,72,C_SCREEN_FLAG_ONLY,000651.SZ,格力电器,SZ,SZ_MAIN,ACTIVE,C 制造业,RECOVERY_WATCH,RECOVERY_WATCH,1,15,0.53333333,0.84068391,0.62553851,0.0,0.62553851,WITHIN_SLEEVE_RANK_PERCENTILE_PLUS_RAW_SCORE,ELIGIBLE_CORE,VALID,A,0,1932948970.45,0.08796296296296302,0.08148348673524652,0.02069494123658666,-0.0803406998158378,-0.1120248944209824,0.20268340799978596,-0.09266123054114161,72d6a43c528129e5d5d0c731e616c8e5eee1a0ae1c9641b50982ce93f76fe583,PUBLIC_EQUITY_INVESTING_IDEA_GENERATION,RESEARCH_PRIORITY_ONLY_NO_TRADE_AUTHORITY,3aa0aad34c4dc1f82b12319067e369f04f75d434bfaf4b47172e0d0de33979dd,2026-07-17
2026-07-17,73,C_SCREEN_FLAG_ONLY,001314.SZ,亿道信息,SZ,SZ_MAIN,ACTIVE,C 制造业,TREND_PERSISTENCE,TREND_PERSISTENCE,1,21,0.5,0.90606477,0.62181943,0.0,0.62181943,WITHIN_SLEEVE_RANK_PERCENTILE_PLUS_RAW_SCORE,ELIGIBLE_CORE,VALID,A,0,477038140.95,0.04813108038914482,0.3991797676008202,0.32979644867908187,0.30050825921219815,-0.04464841319228385,0.6069600179331104,-0.24568627450980396,94615fcdaf5c8a1bec7973c92fd4f4c7aed131a5faa41218ee9960e343ad7a66,PUBLIC_EQUITY_INVESTING_IDEA_GENERATION,RESEARCH_PRIORITY_ONLY_NO_TRADE_AUTHORITY,327879f473fafbdf423dd4133fa0cd0093f49e340d526902d25ba0b7096e706e,2026-07-17
2026-07-17,74,C_SCREEN_FLAG_ONLY,000538.SZ,云南白药,SZ,SZ_MAIN,ACTIVE,C 制造业,DEFENSIVE_STABILITY,DEFENSIVE_STABILITY,1,22,0.475,0.92858436,0.61107531,0.0,0.61107531,WITHIN_SLEEVE_RANK_PERCENTILE_PLUS_RAW_SCORE,ELIGIBLE_CORE,VALID,A,0,573656219.0,0.06173859178195329,-0.037258940273356966,-0.061507574374885854,-0.030908405578590314,-0.10527231599095177,0.18350052115018034,-0.15573917729477282,01bb111ca400329d0b6cb62e6a140820eacf8a6e887d7d2d41835261de0952f2,PUBLIC_EQUITY_INVESTING_IDEA_GENERATION,RESEARCH_PRIORITY_ONLY_NO_TRADE_AUTHORITY,6daf35ddbf7a916d88b8edcd70d66e400cc89a6e05e474f40ff404ff76bfb6e8,2026-07-17
2026-07-17,75,C_SCREEN_FLAG_ONLY,300661.SZ,圣邦股份,SZ,CHINEXT,ACTIVE,C 制造业,TREND_PERSISTENCE,TREND_PERSISTENCE,1,22,0.475,0.90356165,0.6035685,0.0,0.6035685,WITHIN_SLEEVE_RANK_PERCENTILE_PLUS_RAW_SCORE,ELIGIBLE_CORE,VALID,A,0,2540397950.55,-0.23928598327935535,0.3050781754748675,0.417941878422013,0.4469914040114613,-0.2960691385558962,0.7028027848097504,-0.2960691385558962,3f960af02a41987b134a440b8b21e98fddce4eb1ca7f80a96d6b04e96b014953,PUBLIC_EQUITY_INVESTING_IDEA_GENERATION,RESEARCH_PRIORITY_ONLY_NO_TRADE_AUTHORITY,39d57340d625f13e4fda13d70cc6db5de8422870338ee44b10db96b146f72c2c,2026-07-17
2026-07-17,76,C_SCREEN_FLAG_ONLY,300765.SZ,石药创新,SZ,CHINEXT,ACTIVE,C 制造业,RECOVERY_WATCH,RECOVERY_WATCH,1,16,0.5,0.83781243,0.60134373,0.0,0.60134373,WITHIN_SLEEVE_RANK_PERCENTILE_PLUS_RAW_SCORE,ELIGIBLE_CORE,VALID,A,0,833033333.5,0.5970772442588728,0.1636750836629146,-0.0475597609561752,-0.2535128805620609,-0.3441358024691358,0.6838307764895664,-0.4972949578013417,a94e38abcf851fe4857933d4a64a9408869a32db43b8907333cc4dd03e674794,PUBLIC_EQUITY_INVESTING_IDEA_GENERATION,RESEARCH_PRIORITY_ONLY_NO_TRADE_AUTHORITY,155b8ec1c5aab10fb585d3f5cad1b00dc327acedf4e20fcf5330a8c8d039a792,2026-07-17
2026-07-17,77,C_SCREEN_FLAG_ONLY,601398.SH,工商银行,SH,SH_MAIN,ACTIVE,,DEFENSIVE_STABILITY,DEFENSIVE_STABILITY|LIQUID_BREAKOUT,2,24,0.425,0.92704882,0.57561465,0.02,0.59561465,WITHIN_SLEEVE_RANK_PERCENTILE_PLUS_RAW_SCORE,ELIGIBLE_CORE,VALID,A,0,3150791836.05,0.0572625698324023,0.02297297297297307,0.007989347536617952,0.04126547455295748,-0.05137844611528819,0.20914468488720697,-0.09511568123393321,b8c64cef9c3cef560b94f1d0e504004c4ba1d584cc9dc58490c3674a50d441a5,PUBLIC_EQUITY_INVESTING_IDEA_GENERATION,RESEARCH_PRIORITY_ONLY_NO_TRADE_AUTHORITY,0bfe88096cab9481b980b7483591d3aaf97f23c5844d87fb823902a264875ed6,2026-07-17
2026-07-17,78,C_SCREEN_FLAG_ONLY,920599.BJ,同力股份,BJ,BSE,ACTIVE,专用设备制造业,DEFENSIVE_STABILITY,DEFENSIVE_STABILITY,1,23,0.45,0.92725053,0.59317516,0.0,0.59317516,WITHIN_SLEEVE_RANK_PERCENTILE_PLUS_RAW_SCORE,ELIGIBLE_CORE,VALID,A,0,64956769.65,-0.025285972305839732,-0.12816370490037687,-0.20637254901960778,-0.17691916624300963,-0.34026079869600645,0.29117067463810825,-0.25191204588910143,8c1dcd297e1989d826d14c666f8f14cc922ca9fafa619c8f75e1133ce8708363,PUBLIC_EQUITY_INVESTING_IDEA_GENERATION,RESEARCH_PRIORITY_ONLY_NO_TRADE_AUTHORITY,2c02a311c18f0cfd5c297f871a035825537157ddda9fcca7a1a64600d90a04f3,2026-07-17
2026-07-17,79,C_SCREEN_FLAG_ONLY,301536.SZ,星宸科技,SZ,CHINEXT,ACTIVE,C 制造业,TREND_PERSISTENCE,TREND_PERSISTENCE,1,23,0.45,0.90320665,0.585962,0.0,0.585962,WITHIN_SLEEVE_RANK_PERCENTILE_PLUS_RAW_SCORE,ELIGIBLE_CORE,VALID,A,0,1287738413.95,-0.1845703125,0.1690212549319079,0.4209467821782178,0.6291238027669384,-0.2863802346360035,0.6997801156680101,-0.2863802346360035,2ccdfa4e3c0dfa8f58e8ab83c39fd1bb00cdf25a1c52e49b89e72dca2b19093d,PUBLIC_EQUITY_INVESTING_IDEA_GENERATION,RESEARCH_PRIORITY_ONLY_NO_TRADE_AUTHORITY,892b7d7b40686631381cb16625a2b905c075e23ea5d8b822066ffc068daa4f1f,2026-07-17
2026-07-17,80,C_SCREEN_FLAG_ONLY,301092.SZ,争光股份,SZ,CHINEXT,ACTIVE,C 制造业,LIQUID_BREAKOUT,LIQUID_BREAKOUT,1,23,0.45,0.89956012,0.58486803,0.0,0.58486803,WITHIN_SLEEVE_RANK_PERCENTILE_PLUS_RAW_SCORE,ELIGIBLE_CORE,VALID,A,0,446247135.25,0.18247895944912007,0.8187702265372168,0.6078023407022106,0.9750798722044729,0.0,1.0607357554950951,-0.26608187134502925,c939e0d074d38ce87b8c3f35d6ad0d3d8e2104749b8901d86f1bd09725473b3e,PUBLIC_EQUITY_INVESTING_IDEA_GENERATION,RESEARCH_PRIORITY_ONLY_NO_TRADE_AUTHORITY,384a6e073a74ce3ad09ffd7563fcda3369f0d922c4fb86273f6e7f410679277a,2026-07-17
2026-07-17,81,C_SCREEN_FLAG_ONLY,300723.SZ,一品红,SZ,CHINEXT,ACTIVE,C 制造业,RECOVERY_WATCH,RECOVERY_WATCH,1,17,0.46666667,0.83010018,0.57569672,0.0,0.57569672,WITHIN_SLEEVE_RANK_PERCENTILE_PLUS_RAW_SCORE,ELIGIBLE_CORE,VALID,A,0,760210488.75,0.09724715739078404,0.016916250693288948,-0.0563561502830674,-0.30811320754716975,-0.5446417484167391,0.7552933319090462,-0.25962195399681165,1af5e6297b8446a4cf49957e71a826762780b0315ae61207ad70ce840a3e8b54,PUBLIC_EQUITY_INVESTING_IDEA_GENERATION,RESEARCH_PRIORITY_ONLY_NO_TRADE_AUTHORITY,b3dcd9fda1651d830e8f500f0e098f7228660e75bdb90e15ad30eb2301985d48,2026-07-17
2026-07-17,82,C_SCREEN_FLAG_ONLY,688425.SH,铁建重工,SH,STAR,ACTIVE,,DEFENSIVE_STABILITY,DEFENSIVE_STABILITY,1,25,0.4,0.92610296,0.55783089,0.0,0.55783089,WITHIN_SLEEVE_RANK_PERCENTILE_PLUS_RAW_SCORE,ELIGIBLE_CORE,VALID,A,0,77667766.05,-0.04225352112676051,-0.15876288659793802,-0.22285714285714286,0.012406947890818865,-0.46386333771353483,0.199092468533472,-0.27436823104693153,3d112928217c3d2afebc7020d9cdf3ac0972c32a13fc3a9969326dd74cb1a035,PUBLIC_EQUITY_INVESTING_IDEA_GENERATION,RESEARCH_PRIORITY_ONLY_NO_TRADE_AUTHORITY,3b0bbbadd74df3385a4a15be215ca6bada09cb30f52bac3f26462d6be04bceb3,2026-07-17
2026-07-17,83,C_SCREEN_FLAG_ONLY,600428.SH,中远海特,SH,SH_MAIN,ACTIVE,,TREND_PERSISTENCE,TREND_PERSISTENCE|LIQUID_BREAKOUT,2,26,0.375,0.90077406,0.53273222,0.02,0.55273222,WITHIN_SLEEVE_RANK_PERCENTILE_PLUS_RAW_SCORE,ELIGIBLE_CORE,VALID,A,0,617576464.95,0.3435114503816794,0.17988826815642467,0.4042553191489364,0.7283142389525368,-0.001890359168241873,0.49767236244334356,-0.22083333333333321,eec4aeffbed8e609fbb63af2cc2086c99f362b82d8b2c638665ea3ec13d44eea,PUBLIC_EQUITY_INVESTING_IDEA_GENERATION,RESEARCH_PRIORITY_ONLY_NO_TRADE_AUTHORITY,531e015bfe95104eca628b54fe6b1f7bd2bc51648b69a83006653a0a0308d251,2026-07-17
2026-07-17,84,C_SCREEN_FLAG_ONLY,603983.SH,丸美生物,SH,SH_MAIN,ACTIVE,,RECOVERY_WATCH,RECOVERY_WATCH,1,18,0.43333333,0.82426389,0.5506125,0.0,0.5506125,WITHIN_SLEEVE_RANK_PERCENTILE_PLUS_RAW_SCORE,ELIGIBLE_CORE,VALID,A,0,206594700.75,0.3080035971223023,0.1782098015390845,-0.15460621912234807,-0.29852905714974676,-0.34731882432129235,0.48022377404112626,-0.36529817201078807,9c737bfaf42176fd129910097d65d8fbd9558231cb32b27545c48d46b760eb4a,PUBLIC_EQUITY_INVESTING_IDEA_GENERATION,RESEARCH_PRIORITY_ONLY_NO_TRADE_AUTHORITY,1c0e54386725141ca1050446f1018c01250b4d76e742817193edc154001c1d6a,2026-07-17
2026-07-17,85,C_SCREEN_FLAG_ONLY,600236.SH,桂冠电力,SH,SH_MAIN,ACTIVE,,TREND_PERSISTENCE,TREND_PERSISTENCE,1,25,0.4,0.90146238,0.55043871,0.0,0.55043871,WITHIN_SLEEVE_RANK_PERCENTILE_PLUS_RAW_SCORE,ELIGIBLE_CORE,VALID,A,0,151898023.6,0.15434782608695663,0.06626506024096379,0.35114503816793885,0.6465116279069765,-0.10304054054054057,0.5710272524953028,-0.25844594594594594,1752632eb264ac9c59e6e80801110db541d26ed8ce7512f98b79c0e9a6d48e3d,PUBLIC_EQUITY_INVESTING_IDEA_GENERATION,RESEARCH_PRIORITY_ONLY_NO_TRADE_AUTHORITY,9196a9a0147a7924a1df9e55aea6622f94cc312fcdf770f773e342283d2646a5,2026-07-17
2026-07-17,86,C_SCREEN_FLAG_ONLY,603991.SH,领先股份,SH,SH_MAIN,ACTIVE,,LIQUID_BREAKOUT,LIQUID_BREAKOUT,1,25,0.4,0.8948644,0.54845932,0.0,0.54845932,WITHIN_SLEEVE_RANK_PERCENTILE_PLUS_RAW_SCORE,ELIGIBLE_CORE,VALID,A,0,1146537114.3,0.08558871154290992,0.20087001023541462,0.827729456056082,1.0747126436781609,-0.15724889261343233,0.7673098300270216,-0.20890277235454913,13b23d4c64ce453c9f5536d745090e090fef7a8154d693f3918ccd88122967e4,PUBLIC_EQUITY_INVESTING_IDEA_GENERATION,RESEARCH_PRIORITY_ONLY_NO_TRADE_AUTHORITY,a52d41e814908d4e87e6d2c531c8ba52449b05ee3b63ef33bf38f5a6361e92b5,2026-07-17
2026-07-17,87,C_SCREEN_FLAG_ONLY,601006.SH,大秦铁路,SH,SH_MAIN,ACTIVE,,DEFENSIVE_STABILITY,DEFENSIVE_STABILITY,1,26,0.375,0.92284989,0.53935497,0.0,0.53935497,WITHIN_SLEEVE_RANK_PERCENTILE_PLUS_RAW_SCORE,ELIGIBLE_CORE,VALID,A,0,539923210.4,-0.01670146137787054,-0.07465618860510803,-0.0348360655737705,-0.24276527331189712,-0.27426810477657937,0.18612790152013445,-0.16791044776119413,66faa2c3b272de60d7743fc264521ac1654f628db2cb80163ed23e77f1c4b109,PUBLIC_EQUITY_INVESTING_IDEA_GENERATION,RESEARCH_PRIORITY_ONLY_NO_TRADE_AUTHORITY,fcbf00c21b611cefcfc9fbb2dfeb50b454d9d5418bacd4adb5d2dc02b4b771da,2026-07-17
2026-07-17,88,C_SCREEN_FLAG_ONLY,300592.SZ,华凯易佰,SZ,CHINEXT,ACTIVE,F 批发零售,LIQUID_BREAKOUT,LIQUID_BREAKOUT,1,26,0.375,0.89459889,0.53087967,0.0,0.53087967,WITHIN_SLEEVE_RANK_PERCENTILE_PLUS_RAW_SCORE,ELIGIBLE_CORE,VALID,A,0,418907476.9,0.4195162635529608,0.2570162481536189,0.346518987341772,0.5458673932788374,-0.10515247108307046,0.7513418373844962,-0.26622073578595307,2000a292171d20b409eaac0861e57df0cfe619015cb5f5e57f4504714c56759b,PUBLIC_EQUITY_INVESTING_IDEA_GENERATION,RESEARCH_PRIORITY_ONLY_NO_TRADE_AUTHORITY,307f160edfc6905b8922b99db9099a3654037a63e572697a78bdd012ed166328,2026-07-17
2026-07-17,89,C_SCREEN_FLAG_ONLY,301080.SZ,百普赛斯,SZ,CHINEXT,ACTIVE,M 科研服务,RECOVERY_WATCH,RECOVERY_WATCH,1,19,0.4,0.81979731,0.52593919,0.0,0.52593919,WITHIN_SLEEVE_RANK_PERCENTILE_PLUS_RAW_SCORE,ELIGIBLE_CORE,VALID,A,0,342894765.65,0.1970784847734588,0.034445870774497234,-0.18780446833529307,0.014903442485306506,-0.2914712778429073,0.4850314386328171,-0.4740621336459554,2fe036dff943d44a20689bdb756a60bb83b3a206e36976357d14173f91a0b3c6,PUBLIC_EQUITY_INVESTING_IDEA_GENERATION,RESEARCH_PRIORITY_ONLY_NO_TRADE_AUTHORITY,9b6450b5ee5786af272bffbb5a6d97463691e7fa532d390a7564705e98fd6fa5,2026-07-17
2026-07-17,90,C_SCREEN_FLAG_ONLY,601658.SH,邮储银行,SH,SH_MAIN,ACTIVE,,DEFENSIVE_STABILITY,DEFENSIVE_STABILITY|RECOVERY_WATCH,2,28,0.325,0.92171385,0.50401416,0.02,0.52401416,WITHIN_SLEEVE_RANK_PERCENTILE_PLUS_RAW_SCORE,ELIGIBLE_CORE,VALID,A,0,795060567.8,0.06708595387840677,0.0019685039370078705,0.0019685039370078705,-0.06946983546617913,-0.16965742251223492,0.16317604982000308,-0.066536203522505,90437067cd34de9d20172b87036ed3f7fb1b1e48d19d464b8bc37230d5d87a44,PUBLIC_EQUITY_INVESTING_IDEA_GENERATION,RESEARCH_PRIORITY_ONLY_NO_TRADE_AUTHORITY,2ab94ee7bd7d4e1cc36430d07a809977381c554dc48169f2f6fa0978df36d3e0,2026-07-17
2026-07-17,91,C_SCREEN_FLAG_ONLY,000001.SZ,平安银行,SZ,SZ_MAIN,ACTIVE,J 金融业,DEFENSIVE_STABILITY,DEFENSIVE_STABILITY,1,27,0.35,0.9224152,0.52172456,0.0,0.52172456,WITHIN_SLEEVE_RANK_PERCENTILE_PLUS_RAW_SCORE,ELIGIBLE_CORE,VALID,A,0,1068975171.45,0.024714828897338448,0.006535947712418055,-0.015525114155251152,-0.11056105610561051,-0.13760000000000006,0.1907003553701419,-0.1058718861209964,13e2db67bc2db3f381db2327f121018c5bdf8213ba0ac6393bea8297aa2aa1ad,PUBLIC_EQUITY_INVESTING_IDEA_GENERATION,RESEARCH_PRIORITY_ONLY_NO_TRADE_AUTHORITY,19816e0c689d5a293cf31a5cb93ed9dc10fcefdec2479e8bc66546c82e27098a,2026-07-17
2026-07-17,92,C_SCREEN_FLAG_ONLY,603162.SH,海通发展,SH,SH_MAIN,ACTIVE,,TREND_PERSISTENCE,TREND_PERSISTENCE,1,27,0.35,0.90011201,0.5150336,0.0,0.5150336,WITHIN_SLEEVE_RANK_PERCENTILE_PLUS_RAW_SCORE,ELIGIBLE_CORE,VALID,A,0,345690188.0,0.10493179433368316,0.11193241816261867,0.27020506634499397,0.8637168141592919,-0.18875192604006175,0.5581907752588021,-0.30893682588597837,f2a5d71a59e213e8f7531d9b73705ae54f4c17b7edc0da17903715c79f398561,PUBLIC_EQUITY_INVESTING_IDEA_GENERATION,RESEARCH_PRIORITY_ONLY_NO_TRADE_AUTHORITY,4b89ea063678ce478d1412e2b93ea3e40952285f969e0a97b8a28e50b15d440e,2026-07-17
2026-07-17,93,C_SCREEN_FLAG_ONLY,688728.SH,格科微,SH,STAR,ACTIVE,,RECOVERY_WATCH,RECOVERY_WATCH,1,20,0.36666667,0.81709014,0.50179371,0.0,0.50179371,WITHIN_SLEEVE_RANK_PERCENTILE_PLUS_RAW_SCORE,ELIGIBLE_CORE,VALID,A,0,1552676769.8,0.06610995128740438,0.1339748334566988,-0.045482866043613734,-0.016688061617458283,-0.3932673267326733,0.8794709277337202,-0.3932673267326733,41bc58dd58860c4452b0d3809730c46a3741fe0f63ca0aabbac8f0e6a0dc5e34,PUBLIC_EQUITY_INVESTING_IDEA_GENERATION,RESEARCH_PRIORITY_ONLY_NO_TRADE_AUTHORITY,f293a3faca446f349119995951a7649e5da35e4f5ef047a71dea1ae208aed6b8,2026-07-17
2026-07-17,94,C_SCREEN_FLAG_ONLY,600885.SH,宏发股份,SH,SH_MAIN,ACTIVE,,TREND_PERSISTENCE,TREND_PERSISTENCE,1,28,0.325,0.89997042,0.49749113,0.0,0.49749113,WITHIN_SLEEVE_RANK_PERCENTILE_PLUS_RAW_SCORE,ELIGIBLE_CORE,VALID,A,0,808043074.2,-0.11380281690140848,0.10424710424710426,0.04172185430463582,0.39946619217081847,-0.174061433447099,0.5255780762207811,-0.24908200734394126,26f18a4e4736c63d840b83105d031d3628749f1ff0e90b4b991393d2fe95353a,PUBLIC_EQUITY_INVESTING_IDEA_GENERATION,RESEARCH_PRIORITY_ONLY_NO_TRADE_AUTHORITY,f14c4f1e121976da7c268613be054721b233c671a6096a92508531e08e7690e1,2026-07-17
2026-07-17,95,C_SCREEN_FLAG_ONLY,688475.SH,萤石网络,SH,STAR,ACTIVE,,DEFENSIVE_STABILITY,DEFENSIVE_STABILITY,1,29,0.3,0.92144763,0.48643429,0.0,0.48643429,WITHIN_SLEEVE_RANK_PERCENTILE_PLUS_RAW_SCORE,ELIGIBLE_CORE,VALID,A,0,149350189.75,-0.0241758241758242,-0.09694915254237291,-0.16931711880261924,-0.13196480938416422,-0.26833287558363084,0.30457980796916173,-0.2034536891679749,2571af642b749c59b8b692205d1167b2351a50da15ee205a301bcdef065a54c5,PUBLIC_EQUITY_INVESTING_IDEA_GENERATION,RESEARCH_PRIORITY_ONLY_NO_TRADE_AUTHORITY,64e273a257b0ef38ee7cb1e4487a23ae4eaf0a8b0282bf62a81789e209ab1694,2026-07-17
2026-07-17,96,C_SCREEN_FLAG_ONLY,300234.SZ,开尔新材,SZ,CHINEXT,ACTIVE,C 制造业,TREND_PERSISTENCE,TREND_PERSISTENCE,1,29,0.3,0.89578732,0.4787362,0.0,0.4787362,WITHIN_SLEEVE_RANK_PERCENTILE_PLUS_RAW_SCORE,ELIGIBLE_CORE,VALID,A,0,227774517.5,-0.25429864253393664,0.2996845425867509,0.403747870528109,0.5876685934489403,-0.29752770673486784,0.6782426074707718,-0.29752770673486784,72648e8249384042c70c676bfa9c76b4d95842a2974c192ab6caad8d39586db9,PUBLIC_EQUITY_INVESTING_IDEA_GENERATION,RESEARCH_PRIORITY_ONLY_NO_TRADE_AUTHORITY,c86979831f7d0f49a4eeef1633d8b294afb95d9f24300f3aa886acd21d7a13b9,2026-07-17
2026-07-17,97,C_SCREEN_FLAG_ONLY,603725.SH,天安新材,SH,SH_MAIN,ACTIVE,,LIQUID_BREAKOUT,LIQUID_BREAKOUT,1,29,0.3,0.88653739,0.47596122,0.0,0.47596122,WITHIN_SLEEVE_RANK_PERCENTILE_PLUS_RAW_SCORE,ELIGIBLE_CORE,VALID,A,0,332143527.75,0.23934723481414322,0.5005488474204172,0.43894736842105253,0.571264367816092,-0.05528680027643407,0.7368524732714556,-0.2142857142857143,49f29b185cb421309b8f4f568757b94ea65fba700962a6379493759646b53ade,PUBLIC_EQUITY_INVESTING_IDEA_GENERATION,RESEARCH_PRIORITY_ONLY_NO_TRADE_AUTHORITY,1319a5d7c79e7d005cf66171642c8d864737188d1b10c3f7a62bb541ad6c8dca,2026-07-17
2026-07-17,98,C_SCREEN_FLAG_ONLY,601166.SH,兴业银行,SH,SH_MAIN,ACTIVE,,DEFENSIVE_STABILITY,DEFENSIVE_STABILITY,1,30,0.275,0.92032529,0.46859759,0.0,0.46859759,WITHIN_SLEEVE_RANK_PERCENTILE_PLUS_RAW_SCORE,ELIGIBLE_CORE,VALID,A,0,1717542733.85,0.024826789838337193,-0.006715165081141672,-0.07552083333333326,-0.2523167649536646,-0.25294612794612803,0.18831049315290632,-0.12750263435194953,3be792dc80ed5001d58f2afe6da68d4ce63ad4fc656bddb71950a6ed2d7ae22b,PUBLIC_EQUITY_INVESTING_IDEA_GENERATION,RESEARCH_PRIORITY_ONLY_NO_TRADE_AUTHORITY,4ab5f278b5800df48cf95eacf8b13f278a752d1f884aed35fe80ec8d29cf06c8,2026-07-17
2026-07-17,99,C_SCREEN_FLAG_ONLY,601168.SH,西部矿业,SH,SH_MAIN,ACTIVE,,TREND_PERSISTENCE,TREND_PERSISTENCE,1,30,0.275,0.89326051,0.46047815,0.0,0.46047815,WITHIN_SLEEVE_RANK_PERCENTILE_PLUS_RAW_SCORE,ELIGIBLE_CORE,VALID,A,0,1919880042.95,-0.0031496062992126816,0.09364201796821003,0.03296344647519578,0.862860506180106,-0.19710806697108074,0.5972707724480522,-0.3754439370877727,966e2ab3ade6986ae3c4a427052136e1dacdb36ad5185d193efc5543ea6e1b62,PUBLIC_EQUITY_INVESTING_IDEA_GENERATION,RESEARCH_PRIORITY_ONLY_NO_TRADE_AUTHORITY,9c6d15ab452340d52e0fdc732238bb94431c4682b008c9109eda5e62f8ebf0b9,2026-07-17
2026-07-17,100,C_SCREEN_FLAG_ONLY,600999.SH,招商证券,SH,SH_MAIN,ACTIVE,,LIQUID_BREAKOUT,LIQUID_BREAKOUT,1,30,0.275,0.88631327,0.45839398,0.0,0.45839398,WITHIN_SLEEVE_RANK_PERCENTILE_PLUS_RAW_SCORE,ELIGIBLE_CORE,VALID,A,0,3249152655.0,0.040704070407040716,0.23741007194244612,0.13633633633633657,0.14458560193587422,-0.15723830734966582,0.4134935153106757,-0.15723830734966582,326a731c6921cce1a98f71cb6175710f674e58e26e3b0b9d2141b1545c25949c,PUBLIC_EQUITY_INVESTING_IDEA_GENERATION,RESEARCH_PRIORITY_ONLY_NO_TRADE_AUTHORITY,4c4502d98385d5ad1c1b377d4b092f6583b4e642da694fc5a1053dabf0c6b974,2026-07-17
