security_id,stock_code_5d,action_date,action_type,cash_amount,currency,split_numerator,split_denominator,related_stock_code,provider,source_tier,retrieved_at_utc,source_response_sha256,evidence_detail
HKEX:00001,00001,2023-05-23,CASH_DIVIDEND,2.086,HKD,nan,nan,,YAHOO_CHART_EVENTS,UNOFFICIAL_FREE_VENDOR,2026-07-21T03:21:14.119840+00:00,f7de997e2d2710d7cf852156d9a6d181a72f7838473292dd0eebd0bad98b5a3a,
HKEX:00001,00001,2023-09-04,CASH_DIVIDEND,0.756,HKD,nan,nan,,YAHOO_CHART_EVENTS,UNOFFICIAL_FREE_VENDOR,2026-07-21T03:21:14.119840+00:00,f7de997e2d2710d7cf852156d9a6d181a72f7838473292dd0eebd0bad98b5a3a,
HKEX:00001,00001,2024-05-28,CASH_DIVIDEND,1.775,HKD,nan,nan,,YAHOO_CHART_EVENTS,UNOFFICIAL_FREE_VENDOR,2026-07-21T03:21:14.119840+00:00,f7de997e2d2710d7cf852156d9a6d181a72f7838473292dd0eebd0bad98b5a3a,
HKEX:00001,00001,2024-09-13,CASH_DIVIDEND,0.688,HKD,nan,nan,,YAHOO_CHART_EVENTS,UNOFFICIAL_FREE_VENDOR,2026-07-21T03:21:14.119840+00:00,f7de997e2d2710d7cf852156d9a6d181a72f7838473292dd0eebd0bad98b5a3a,
HKEX:00001,00001,2025-05-27,CASH_DIVIDEND,1.514,HKD,nan,nan,,YAHOO_CHART_EVENTS,UNOFFICIAL_FREE_VENDOR,2026-07-21T03:21:14.119840+00:00,f7de997e2d2710d7cf852156d9a6d181a72f7838473292dd0eebd0bad98b5a3a,
HKEX:00001,00001,2025-09-15,CASH_DIVIDEND,0.71,HKD,nan,nan,,YAHOO_CHART_EVENTS,UNOFFICIAL_FREE_VENDOR,2026-07-21T03:21:14.119840+00:00,f7de997e2d2710d7cf852156d9a6d181a72f7838473292dd0eebd0bad98b5a3a,
HKEX:00001,00001,2026-05-27,CASH_DIVIDEND,1.602,HKD,nan,nan,,YAHOO_CHART_EVENTS,UNOFFICIAL_FREE_VENDOR,2026-07-21T03:21:14.119840+00:00,f7de997e2d2710d7cf852156d9a6d181a72f7838473292dd0eebd0bad98b5a3a,
HKEX:00002,00002,2023-03-10,CASH_DIVIDEND,1.21,HKD,nan,nan,,YAHOO_CHART_EVENTS,UNOFFICIAL_FREE_VENDOR,2026-07-21T03:21:14.119840+00:00,73dc2ad42142e206e3eab29378792fc9f0b6d5a96734e3b6161d417a373c7abe,
HKEX:00002,00002,2023-06-02,CASH_DIVIDEND,0.63,HKD,nan,nan,,YAHOO_CHART_EVENTS,UNOFFICIAL_FREE_VENDOR,2026-07-21T03:21:14.119840+00:00,73dc2ad42142e206e3eab29378792fc9f0b6d5a96734e3b6161d417a373c7abe,
HKEX:00002,00002,2023-09-04,CASH_DIVIDEND,0.63,HKD,nan,nan,,YAHOO_CHART_EVENTS,UNOFFICIAL_FREE_VENDOR,2026-07-21T03:21:14.119840+00:00,73dc2ad42142e206e3eab29378792fc9f0b6d5a96734e3b6161d417a373c7abe,
HKEX:00002,00002,2023-12-04,CASH_DIVIDEND,0.63,HKD,nan,nan,,YAHOO_CHART_EVENTS,UNOFFICIAL_FREE_VENDOR,2026-07-21T03:21:14.119840+00:00,73dc2ad42142e206e3eab29378792fc9f0b6d5a96734e3b6161d417a373c7abe,
HKEX:00002,00002,2024-03-08,CASH_DIVIDEND,1.21,HKD,nan,nan,,YAHOO_CHART_EVENTS,UNOFFICIAL_FREE_VENDOR,2026-07-21T03:21:14.119840+00:00,73dc2ad42142e206e3eab29378792fc9f0b6d5a96734e3b6161d417a373c7abe,
HKEX:00002,00002,2024-05-31,CASH_DIVIDEND,0.63,HKD,nan,nan,,YAHOO_CHART_EVENTS,UNOFFICIAL_FREE_VENDOR,2026-07-21T03:21:14.119840+00:00,73dc2ad42142e206e3eab29378792fc9f0b6d5a96734e3b6161d417a373c7abe,
HKEX:00002,00002,2024-09-02,CASH_DIVIDEND,0.63,HKD,nan,nan,,YAHOO_CHART_EVENTS,UNOFFICIAL_FREE_VENDOR,2026-07-21T03:21:14.119840+00:00,73dc2ad42142e206e3eab29378792fc9f0b6d5a96734e3b6161d417a373c7abe,
HKEX:00002,00002,2024-12-02,CASH_DIVIDEND,0.63,HKD,nan,nan,,YAHOO_CHART_EVENTS,UNOFFICIAL_FREE_VENDOR,2026-07-21T03:21:14.119840+00:00,73dc2ad42142e206e3eab29378792fc9f0b6d5a96734e3b6161d417a373c7abe,
HKEX:00002,00002,2025-03-07,CASH_DIVIDEND,1.26,HKD,nan,nan,,YAHOO_CHART_EVENTS,UNOFFICIAL_FREE_VENDOR,2026-07-21T03:21:14.119840+00:00,73dc2ad42142e206e3eab29378792fc9f0b6d5a96734e3b6161d417a373c7abe,
HKEX:00002,00002,2025-06-02,CASH_DIVIDEND,0.63,HKD,nan,nan,,YAHOO_CHART_EVENTS,UNOFFICIAL_FREE_VENDOR,2026-07-21T03:21:14.119840+00:00,73dc2ad42142e206e3eab29378792fc9f0b6d5a96734e3b6161d417a373c7abe,
HKEX:00002,00002,2025-09-02,CASH_DIVIDEND,0.63,HKD,nan,nan,,YAHOO_CHART_EVENTS,UNOFFICIAL_FREE_VENDOR,2026-07-21T03:21:14.119840+00:00,73dc2ad42142e206e3eab29378792fc9f0b6d5a96734e3b6161d417a373c7abe,
HKEX:00002,00002,2025-12-02,CASH_DIVIDEND,0.63,HKD,nan,nan,,YAHOO_CHART_EVENTS,UNOFFICIAL_FREE_VENDOR,2026-07-21T03:21:14.119840+00:00,73dc2ad42142e206e3eab29378792fc9f0b6d5a96734e3b6161d417a373c7abe,
HKEX:00002,00002,2026-03-11,CASH_DIVIDEND,1.31,HKD,nan,nan,,YAHOO_CHART_EVENTS,UNOFFICIAL_FREE_VENDOR,2026-07-21T03:21:14.119840+00:00,73dc2ad42142e206e3eab29378792fc9f0b6d5a96734e3b6161d417a373c7abe,
HKEX:00002,00002,2026-06-02,CASH_DIVIDEND,0.63,HKD,nan,nan,,YAHOO_CHART_EVENTS,UNOFFICIAL_FREE_VENDOR,2026-07-21T03:21:14.119840+00:00,73dc2ad42142e206e3eab29378792fc9f0b6d5a96734e3b6161d417a373c7abe,
HKEX:00003,00003,2023-06-09,CASH_DIVIDEND,0.23,HKD,nan,nan,,YAHOO_CHART_EVENTS,UNOFFICIAL_FREE_VENDOR,2026-07-21T03:21:14.119840+00:00,78efdfe8c9d095c3837ab553595445213b09731b16809fa3d1825e6316a38b36,
HKEX:00003,00003,2023-08-28,CASH_DIVIDEND,0.12,HKD,nan,nan,,YAHOO_CHART_EVENTS,UNOFFICIAL_FREE_VENDOR,2026-07-21T03:21:14.119840+00:00,78efdfe8c9d095c3837ab553595445213b09731b16809fa3d1825e6316a38b36,
HKEX:00003,00003,2024-06-06,CASH_DIVIDEND,0.23,HKD,nan,nan,,YAHOO_CHART_EVENTS,UNOFFICIAL_FREE_VENDOR,2026-07-21T03:21:14.119840+00:00,78efdfe8c9d095c3837ab553595445213b09731b16809fa3d1825e6316a38b36,
HKEX:00003,00003,2024-08-29,CASH_DIVIDEND,0.12,HKD,nan,nan,,YAHOO_CHART_EVENTS,UNOFFICIAL_FREE_VENDOR,2026-07-21T03:21:14.119840+00:00,78efdfe8c9d095c3837ab553595445213b09731b16809fa3d1825e6316a38b36,
HKEX:00003,00003,2025-06-06,CASH_DIVIDEND,0.23,HKD,nan,nan,,YAHOO_CHART_EVENTS,UNOFFICIAL_FREE_VENDOR,2026-07-21T03:21:14.119840+00:00,78efdfe8c9d095c3837ab553595445213b09731b16809fa3d1825e6316a38b36,
HKEX:00003,00003,2025-09-02,CASH_DIVIDEND,0.12,HKD,nan,nan,,YAHOO_CHART_EVENTS,UNOFFICIAL_FREE_VENDOR,2026-07-21T03:21:14.119840+00:00,78efdfe8c9d095c3837ab553595445213b09731b16809fa3d1825e6316a38b36,
HKEX:00003,00003,2026-06-03,CASH_DIVIDEND,0.23,HKD,nan,nan,,YAHOO_CHART_EVENTS,UNOFFICIAL_FREE_VENDOR,2026-07-21T03:21:14.119840+00:00,78efdfe8c9d095c3837ab553595445213b09731b16809fa3d1825e6316a38b36,
HKEX:00004,00004,2023-04-11,CASH_DIVIDEND,0.2,HKD,nan,nan,,YAHOO_CHART_EVENTS,UNOFFICIAL_FREE_VENDOR,2026-07-21T03:21:14.119840+00:00,9b722c44678ab51b091bd4d350630ffd3da67c82480f834bae5ab58e84563358,
HKEX:00004,00004,2023-08-29,CASH_DIVIDEND,0.2,HKD,nan,nan,,YAHOO_CHART_EVENTS,UNOFFICIAL_FREE_VENDOR,2026-07-21T03:21:14.119840+00:00,9b722c44678ab51b091bd4d350630ffd3da67c82480f834bae5ab58e84563358,
HKEX:00004,00004,2024-04-09,CASH_DIVIDEND,0.2,HKD,nan,nan,,YAHOO_CHART_EVENTS,UNOFFICIAL_FREE_VENDOR,2026-07-21T03:21:14.119840+00:00,9b722c44678ab51b091bd4d350630ffd3da67c82480f834bae5ab58e84563358,
HKEX:00004,00004,2024-08-27,CASH_DIVIDEND,0.2,HKD,nan,nan,,YAHOO_CHART_EVENTS,UNOFFICIAL_FREE_VENDOR,2026-07-21T03:21:14.119840+00:00,9b722c44678ab51b091bd4d350630ffd3da67c82480f834bae5ab58e84563358,
HKEX:00004,00004,2025-04-03,CASH_DIVIDEND,0.2,HKD,nan,nan,,YAHOO_CHART_EVENTS,UNOFFICIAL_FREE_VENDOR,2026-07-21T03:21:14.119840+00:00,9b722c44678ab51b091bd4d350630ffd3da67c82480f834bae5ab58e84563358,
HKEX:00004,00004,2025-08-29,CASH_DIVIDEND,0.2,HKD,nan,nan,,YAHOO_CHART_EVENTS,UNOFFICIAL_FREE_VENDOR,2026-07-21T03:21:14.119840+00:00,9b722c44678ab51b091bd4d350630ffd3da67c82480f834bae5ab58e84563358,
HKEX:00004,00004,2026-04-02,CASH_DIVIDEND,0.2,HKD,nan,nan,,YAHOO_CHART_EVENTS,UNOFFICIAL_FREE_VENDOR,2026-07-21T03:21:14.119840+00:00,9b722c44678ab51b091bd4d350630ffd3da67c82480f834bae5ab58e84563358,
HKEX:00005,00005,2023-03-02,CASH_DIVIDEND,1.804399,HKD,nan,nan,,YAHOO_CHART_EVENTS,UNOFFICIAL_FREE_VENDOR,2026-07-21T03:21:14.119840+00:00,2e873585d646eb8cd20b6f89c8d84b636c90c1477fa2f27f664469b5f5b1c339,
HKEX:00005,00005,2023-05-11,CASH_DIVIDEND,0.783215,HKD,nan,nan,,YAHOO_CHART_EVENTS,UNOFFICIAL_FREE_VENDOR,2026-07-21T03:21:14.119840+00:00,2e873585d646eb8cd20b6f89c8d84b636c90c1477fa2f27f664469b5f5b1c339,
HKEX:00005,00005,2023-08-10,CASH_DIVIDEND,0.783202,HKD,nan,nan,,YAHOO_CHART_EVENTS,UNOFFICIAL_FREE_VENDOR,2026-07-21T03:21:14.119840+00:00,2e873585d646eb8cd20b6f89c8d84b636c90c1477fa2f27f664469b5f5b1c339,
HKEX:00005,00005,2023-11-09,CASH_DIVIDEND,0.780278,HKD,nan,nan,,YAHOO_CHART_EVENTS,UNOFFICIAL_FREE_VENDOR,2026-07-21T03:21:14.119840+00:00,2e873585d646eb8cd20b6f89c8d84b636c90c1477fa2f27f664469b5f5b1c339,
HKEX:00005,00005,2024-03-07,CASH_DIVIDEND,2.426355,HKD,nan,nan,,YAHOO_CHART_EVENTS,UNOFFICIAL_FREE_VENDOR,2026-07-21T03:21:14.119840+00:00,2e873585d646eb8cd20b6f89c8d84b636c90c1477fa2f27f664469b5f5b1c339,
HKEX:00005,00005,2024-05-09,CASH_DIVIDEND,2.420133,HKD,nan,nan,,YAHOO_CHART_EVENTS,UNOFFICIAL_FREE_VENDOR,2026-07-21T03:21:14.119840+00:00,2e873585d646eb8cd20b6f89c8d84b636c90c1477fa2f27f664469b5f5b1c339,
HKEX:00005,00005,2024-08-15,CASH_DIVIDEND,0.779073,HKD,nan,nan,,YAHOO_CHART_EVENTS,UNOFFICIAL_FREE_VENDOR,2026-07-21T03:21:14.119840+00:00,2e873585d646eb8cd20b6f89c8d84b636c90c1477fa2f27f664469b5f5b1c339,
HKEX:00005,00005,2024-11-07,CASH_DIVIDEND,0.777313,HKD,nan,nan,,YAHOO_CHART_EVENTS,UNOFFICIAL_FREE_VENDOR,2026-07-21T03:21:14.119840+00:00,2e873585d646eb8cd20b6f89c8d84b636c90c1477fa2f27f664469b5f5b1c339,
HKEX:00005,00005,2025-03-06,CASH_DIVIDEND,2.791007,HKD,nan,nan,,YAHOO_CHART_EVENTS,UNOFFICIAL_FREE_VENDOR,2026-07-21T03:21:14.119840+00:00,2e873585d646eb8cd20b6f89c8d84b636c90c1477fa2f27f664469b5f5b1c339,
HKEX:00005,00005,2025-05-08,CASH_DIVIDEND,0.783972,HKD,nan,nan,,YAHOO_CHART_EVENTS,UNOFFICIAL_FREE_VENDOR,2026-07-21T03:21:14.119840+00:00,2e873585d646eb8cd20b6f89c8d84b636c90c1477fa2f27f664469b5f5b1c339,
HKEX:00005,00005,2025-08-14,CASH_DIVIDEND,0.777678,HKD,nan,nan,,YAHOO_CHART_EVENTS,UNOFFICIAL_FREE_VENDOR,2026-07-21T03:21:14.119840+00:00,2e873585d646eb8cd20b6f89c8d84b636c90c1477fa2f27f664469b5f5b1c339,
HKEX:00005,00005,2025-11-06,CASH_DIVIDEND,0.777722,HKD,nan,nan,,YAHOO_CHART_EVENTS,UNOFFICIAL_FREE_VENDOR,2026-07-21T03:21:14.119840+00:00,2e873585d646eb8cd20b6f89c8d84b636c90c1477fa2f27f664469b5f5b1c339,
HKEX:00005,00005,2026-03-12,CASH_DIVIDEND,3.522942,HKD,nan,nan,,YAHOO_CHART_EVENTS,UNOFFICIAL_FREE_VENDOR,2026-07-21T03:21:14.119840+00:00,2e873585d646eb8cd20b6f89c8d84b636c90c1477fa2f27f664469b5f5b1c339,
HKEX:00005,00005,2026-05-14,CASH_DIVIDEND,0.783188,HKD,nan,nan,,YAHOO_CHART_EVENTS,UNOFFICIAL_FREE_VENDOR,2026-07-21T03:21:14.119840+00:00,2e873585d646eb8cd20b6f89c8d84b636c90c1477fa2f27f664469b5f5b1c339,
HKEX:00006,00006,2023-05-22,CASH_DIVIDEND,2.04,HKD,nan,nan,,YAHOO_CHART_EVENTS,UNOFFICIAL_FREE_VENDOR,2026-07-21T03:21:14.119840+00:00,8ec1ab2b59b4860c793bc12025ee42557ebd945b50ccffc078b66cb4cf2b731f,
HKEX:00006,00006,2023-08-31,CASH_DIVIDEND,0.78,HKD,nan,nan,,YAHOO_CHART_EVENTS,UNOFFICIAL_FREE_VENDOR,2026-07-21T03:21:14.119840+00:00,8ec1ab2b59b4860c793bc12025ee42557ebd945b50ccffc078b66cb4cf2b731f,
HKEX:00006,00006,2024-05-27,CASH_DIVIDEND,2.04,HKD,nan,nan,,YAHOO_CHART_EVENTS,UNOFFICIAL_FREE_VENDOR,2026-07-21T03:21:14.119840+00:00,8ec1ab2b59b4860c793bc12025ee42557ebd945b50ccffc078b66cb4cf2b731f,
HKEX:00006,00006,2024-09-11,CASH_DIVIDEND,0.78,HKD,nan,nan,,YAHOO_CHART_EVENTS,UNOFFICIAL_FREE_VENDOR,2026-07-21T03:21:14.119840+00:00,8ec1ab2b59b4860c793bc12025ee42557ebd945b50ccffc078b66cb4cf2b731f,
HKEX:00006,00006,2025-05-26,CASH_DIVIDEND,2.04,HKD,nan,nan,,YAHOO_CHART_EVENTS,UNOFFICIAL_FREE_VENDOR,2026-07-21T03:21:14.119840+00:00,8ec1ab2b59b4860c793bc12025ee42557ebd945b50ccffc078b66cb4cf2b731f,
HKEX:00006,00006,2025-09-10,CASH_DIVIDEND,0.78,HKD,nan,nan,,YAHOO_CHART_EVENTS,UNOFFICIAL_FREE_VENDOR,2026-07-21T03:21:14.119840+00:00,8ec1ab2b59b4860c793bc12025ee42557ebd945b50ccffc078b66cb4cf2b731f,
HKEX:00006,00006,2026-05-26,CASH_DIVIDEND,2.04,HKD,nan,nan,,YAHOO_CHART_EVENTS,UNOFFICIAL_FREE_VENDOR,2026-07-21T03:21:14.119840+00:00,8ec1ab2b59b4860c793bc12025ee42557ebd945b50ccffc078b66cb4cf2b731f,
HKEX:00008,00008,2023-06-02,CASH_DIVIDEND,0.2848,HKD,nan,nan,,YAHOO_CHART_EVENTS,UNOFFICIAL_FREE_VENDOR,2026-07-21T03:21:14.119840+00:00,37a9b651d8f3f93f8a134b9ced259f73c65dd6b5f8cb68e0fb6a71096554df31,
HKEX:00008,00008,2023-08-17,CASH_DIVIDEND,0.0977,HKD,nan,nan,,YAHOO_CHART_EVENTS,UNOFFICIAL_FREE_VENDOR,2026-07-21T03:21:14.119840+00:00,37a9b651d8f3f93f8a134b9ced259f73c65dd6b5f8cb68e0fb6a71096554df31,
HKEX:00008,00008,2024-06-03,CASH_DIVIDEND,0.2848,HKD,nan,nan,,YAHOO_CHART_EVENTS,UNOFFICIAL_FREE_VENDOR,2026-07-21T03:21:14.119840+00:00,37a9b651d8f3f93f8a134b9ced259f73c65dd6b5f8cb68e0fb6a71096554df31,
HKEX:00008,00008,2024-08-09,CASH_DIVIDEND,0.0977,HKD,nan,nan,,YAHOO_CHART_EVENTS,UNOFFICIAL_FREE_VENDOR,2026-07-21T03:21:14.119840+00:00,37a9b651d8f3f93f8a134b9ced259f73c65dd6b5f8cb68e0fb6a71096554df31,
HKEX:00008,00008,2025-05-19,CASH_DIVIDEND,0.2848,HKD,nan,nan,,YAHOO_CHART_EVENTS,UNOFFICIAL_FREE_VENDOR,2026-07-21T03:21:14.119840+00:00,37a9b651d8f3f93f8a134b9ced259f73c65dd6b5f8cb68e0fb6a71096554df31,
HKEX:00008,00008,2025-08-15,CASH_DIVIDEND,0.0977,HKD,nan,nan,,YAHOO_CHART_EVENTS,UNOFFICIAL_FREE_VENDOR,2026-07-21T03:21:14.119840+00:00,37a9b651d8f3f93f8a134b9ced259f73c65dd6b5f8cb68e0fb6a71096554df31,
HKEX:00008,00008,2026-05-26,CASH_DIVIDEND,0.2848,HKD,nan,nan,,YAHOO_CHART_EVENTS,UNOFFICIAL_FREE_VENDOR,2026-07-21T03:21:14.119840+00:00,37a9b651d8f3f93f8a134b9ced259f73c65dd6b5f8cb68e0fb6a71096554df31,
HKEX:00010,00010,2023-05-03,CASH_DIVIDEND,0.65,HKD,nan,nan,,YAHOO_CHART_EVENTS,UNOFFICIAL_FREE_VENDOR,2026-07-21T03:21:14.119840+00:00,da739dd7c827c9c4bcc4d832ba35f373e763bab68a5a786f54c1c34463f62fb1,
HKEX:00010,00010,2023-09-12,CASH_DIVIDEND,0.21,HKD,nan,nan,,YAHOO_CHART_EVENTS,UNOFFICIAL_FREE_VENDOR,2026-07-21T03:21:14.119840+00:00,da739dd7c827c9c4bcc4d832ba35f373e763bab68a5a786f54c1c34463f62fb1,
HKEX:00010,00010,2024-05-08,CASH_DIVIDEND,0.65,HKD,nan,nan,,YAHOO_CHART_EVENTS,UNOFFICIAL_FREE_VENDOR,2026-07-21T03:21:14.119840+00:00,da739dd7c827c9c4bcc4d832ba35f373e763bab68a5a786f54c1c34463f62fb1,
HKEX:00010,00010,2024-08-14,CASH_DIVIDEND,0.21,HKD,nan,nan,,YAHOO_CHART_EVENTS,UNOFFICIAL_FREE_VENDOR,2026-07-21T03:21:14.119840+00:00,da739dd7c827c9c4bcc4d832ba35f373e763bab68a5a786f54c1c34463f62fb1,
HKEX:00010,00010,2025-05-07,CASH_DIVIDEND,0.65,HKD,nan,nan,,YAHOO_CHART_EVENTS,UNOFFICIAL_FREE_VENDOR,2026-07-21T03:21:14.119840+00:00,da739dd7c827c9c4bcc4d832ba35f373e763bab68a5a786f54c1c34463f62fb1,
HKEX:00010,00010,2025-08-13,CASH_DIVIDEND,0.21,HKD,nan,nan,,YAHOO_CHART_EVENTS,UNOFFICIAL_FREE_VENDOR,2026-07-21T03:21:14.119840+00:00,da739dd7c827c9c4bcc4d832ba35f373e763bab68a5a786f54c1c34463f62fb1,
HKEX:00010,00010,2026-05-06,CASH_DIVIDEND,0.65,HKD,nan,nan,,YAHOO_CHART_EVENTS,UNOFFICIAL_FREE_VENDOR,2026-07-21T03:21:14.119840+00:00,da739dd7c827c9c4bcc4d832ba35f373e763bab68a5a786f54c1c34463f62fb1,
HKEX:00012,00012,2023-06-07,CASH_DIVIDEND,1.3,HKD,nan,nan,,YAHOO_CHART_EVENTS,UNOFFICIAL_FREE_VENDOR,2026-07-21T03:21:14.119840+00:00,fcfb6c8cfdf14eca9ab71de62ac7908c93be224c42dcebcd1ad421cae06c4c48,
HKEX:00012,00012,2023-09-04,CASH_DIVIDEND,0.5,HKD,nan,nan,,YAHOO_CHART_EVENTS,UNOFFICIAL_FREE_VENDOR,2026-07-21T03:21:14.119840+00:00,fcfb6c8cfdf14eca9ab71de62ac7908c93be224c42dcebcd1ad421cae06c4c48,
HKEX:00012,00012,2024-06-05,CASH_DIVIDEND,1.3,HKD,nan,nan,,YAHOO_CHART_EVENTS,UNOFFICIAL_FREE_VENDOR,2026-07-21T03:21:14.119840+00:00,fcfb6c8cfdf14eca9ab71de62ac7908c93be224c42dcebcd1ad421cae06c4c48,
HKEX:00012,00012,2024-09-03,CASH_DIVIDEND,0.5,HKD,nan,nan,,YAHOO_CHART_EVENTS,UNOFFICIAL_FREE_VENDOR,2026-07-21T03:21:14.119840+00:00,fcfb6c8cfdf14eca9ab71de62ac7908c93be224c42dcebcd1ad421cae06c4c48,
HKEX:00012,00012,2025-06-05,CASH_DIVIDEND,1.3,HKD,nan,nan,,YAHOO_CHART_EVENTS,UNOFFICIAL_FREE_VENDOR,2026-07-21T03:21:14.119840+00:00,fcfb6c8cfdf14eca9ab71de62ac7908c93be224c42dcebcd1ad421cae06c4c48,
HKEX:00012,00012,2025-09-03,CASH_DIVIDEND,0.5,HKD,nan,nan,,YAHOO_CHART_EVENTS,UNOFFICIAL_FREE_VENDOR,2026-07-21T03:21:14.119840+00:00,fcfb6c8cfdf14eca9ab71de62ac7908c93be224c42dcebcd1ad421cae06c4c48,
HKEX:00012,00012,2026-06-04,CASH_DIVIDEND,0.76,HKD,nan,nan,,YAHOO_CHART_EVENTS,UNOFFICIAL_FREE_VENDOR,2026-07-21T03:21:14.119840+00:00,fcfb6c8cfdf14eca9ab71de62ac7908c93be224c42dcebcd1ad421cae06c4c48,
HKEX:00014,00014,2023-03-02,CASH_DIVIDEND,1.17,HKD,nan,nan,,YAHOO_CHART_EVENTS,UNOFFICIAL_FREE_VENDOR,2026-07-21T03:21:14.119840+00:00,71b7d3bcbfb2c261178dfa036ea20a988aa97046829ab44fa075c762bcdf28c3,
HKEX:00014,00014,2023-08-23,CASH_DIVIDEND,0.27,HKD,nan,nan,,YAHOO_CHART_EVENTS,UNOFFICIAL_FREE_VENDOR,2026-07-21T03:21:14.119840+00:00,71b7d3bcbfb2c261178dfa036ea20a988aa97046829ab44fa075c762bcdf28c3,
HKEX:00014,00014,2024-03-06,CASH_DIVIDEND,0.81,HKD,nan,nan,,YAHOO_CHART_EVENTS,UNOFFICIAL_FREE_VENDOR,2026-07-21T03:21:14.119840+00:00,71b7d3bcbfb2c261178dfa036ea20a988aa97046829ab44fa075c762bcdf28c3,
HKEX:00014,00014,2024-09-05,CASH_DIVIDEND,0.27,HKD,nan,nan,,YAHOO_CHART_EVENTS,UNOFFICIAL_FREE_VENDOR,2026-07-21T03:21:14.119840+00:00,71b7d3bcbfb2c261178dfa036ea20a988aa97046829ab44fa075c762bcdf28c3,
HKEX:00014,00014,2025-03-03,CASH_DIVIDEND,0.81,HKD,nan,nan,,YAHOO_CHART_EVENTS,UNOFFICIAL_FREE_VENDOR,2026-07-21T03:21:14.119840+00:00,71b7d3bcbfb2c261178dfa036ea20a988aa97046829ab44fa075c762bcdf28c3,
HKEX:00014,00014,2025-08-27,CASH_DIVIDEND,0.27,HKD,nan,nan,,YAHOO_CHART_EVENTS,UNOFFICIAL_FREE_VENDOR,2026-07-21T03:21:14.119840+00:00,71b7d3bcbfb2c261178dfa036ea20a988aa97046829ab44fa075c762bcdf28c3,
HKEX:00014,00014,2026-03-11,CASH_DIVIDEND,0.81,HKD,nan,nan,,YAHOO_CHART_EVENTS,UNOFFICIAL_FREE_VENDOR,2026-07-21T03:21:14.119840+00:00,71b7d3bcbfb2c261178dfa036ea20a988aa97046829ab44fa075c762bcdf28c3,
HKEX:00016,00016,2023-03-08,CASH_DIVIDEND,1.25,HKD,nan,nan,,YAHOO_CHART_EVENTS,UNOFFICIAL_FREE_VENDOR,2026-07-21T03:21:14.119840+00:00,695f79f4537485ec15b1da1c9ad35c223227191de2a601f841a29368b577aebe,
HKEX:00016,00016,2023-11-06,CASH_DIVIDEND,3.7,HKD,nan,nan,,YAHOO_CHART_EVENTS,UNOFFICIAL_FREE_VENDOR,2026-07-21T03:21:14.119840+00:00,695f79f4537485ec15b1da1c9ad35c223227191de2a601f841a29368b577aebe,
HKEX:00016,00016,2024-03-12,CASH_DIVIDEND,0.95,HKD,nan,nan,,YAHOO_CHART_EVENTS,UNOFFICIAL_FREE_VENDOR,2026-07-21T03:21:14.119840+00:00,695f79f4537485ec15b1da1c9ad35c223227191de2a601f841a29368b577aebe,
HKEX:00016,00016,2024-11-11,CASH_DIVIDEND,2.8,HKD,nan,nan,,YAHOO_CHART_EVENTS,UNOFFICIAL_FREE_VENDOR,2026-07-21T03:21:14.119840+00:00,695f79f4537485ec15b1da1c9ad35c223227191de2a601f841a29368b577aebe,
HKEX:00016,00016,2025-03-12,CASH_DIVIDEND,0.95,HKD,nan,nan,,YAHOO_CHART_EVENTS,UNOFFICIAL_FREE_VENDOR,2026-07-21T03:21:14.119840+00:00,695f79f4537485ec15b1da1c9ad35c223227191de2a601f841a29368b577aebe,
HKEX:00016,00016,2025-11-10,CASH_DIVIDEND,2.8,HKD,nan,nan,,YAHOO_CHART_EVENTS,UNOFFICIAL_FREE_VENDOR,2026-07-21T03:21:14.119840+00:00,695f79f4537485ec15b1da1c9ad35c223227191de2a601f841a29368b577aebe,
HKEX:00016,00016,2026-03-11,CASH_DIVIDEND,0.98,HKD,nan,nan,,YAHOO_CHART_EVENTS,UNOFFICIAL_FREE_VENDOR,2026-07-21T03:21:14.119840+00:00,695f79f4537485ec15b1da1c9ad35c223227191de2a601f841a29368b577aebe,
HKEX:00017,00017,2023-03-15,CASH_DIVIDEND,0.46,HKD,nan,nan,,YAHOO_CHART_EVENTS,UNOFFICIAL_FREE_VENDOR,2026-07-21T03:21:14.119840+00:00,9388fb852d770dc89d91f00fccad434c7ed1beaaedd4ee1cfac6a4800d7cd650,
HKEX:00017,00017,2023-11-23,CASH_DIVIDEND,1.89,HKD,nan,nan,,YAHOO_CHART_EVENTS,UNOFFICIAL_FREE_VENDOR,2026-07-21T03:21:14.119840+00:00,9388fb852d770dc89d91f00fccad434c7ed1beaaedd4ee1cfac6a4800d7cd650,
HKEX:00017,00017,2024-03-20,CASH_DIVIDEND,0.2,HKD,nan,nan,,YAHOO_CHART_EVENTS,UNOFFICIAL_FREE_VENDOR,2026-07-21T03:21:14.119840+00:00,9388fb852d770dc89d91f00fccad434c7ed1beaaedd4ee1cfac6a4800d7cd650,
HKEX:00019,00019,2023-04-12,CASH_DIVIDEND,1.85,HKD,nan,nan,,YAHOO_CHART_EVENTS,UNOFFICIAL_FREE_VENDOR,2026-07-21T03:21:14.119840+00:00,0452479881f76c2a593798ed3cf371a3ca4b8501bf79d4f47688e30d02aca15d,
HKEX:00019,00019,2023-09-04,CASH_DIVIDEND,8.12,HKD,nan,nan,,YAHOO_CHART_EVENTS,UNOFFICIAL_FREE_VENDOR,2026-07-21T03:21:14.119840+00:00,0452479881f76c2a593798ed3cf371a3ca4b8501bf79d4f47688e30d02aca15d,
HKEX:00019,00019,2023-09-13,CASH_DIVIDEND,1.2,HKD,nan,nan,,YAHOO_CHART_EVENTS,UNOFFICIAL_FREE_VENDOR,2026-07-21T03:21:14.119840+00:00,0452479881f76c2a593798ed3cf371a3ca4b8501bf79d4f47688e30d02aca15d,
HKEX:00019,00019,2024-04-10,CASH_DIVIDEND,2.0,HKD,nan,nan,,YAHOO_CHART_EVENTS,UNOFFICIAL_FREE_VENDOR,2026-07-21T03:21:14.119840+00:00,0452479881f76c2a593798ed3cf371a3ca4b8501bf79d4f47688e30d02aca15d,
HKEX:00019,00019,2024-09-11,CASH_DIVIDEND,1.25,HKD,nan,nan,,YAHOO_CHART_EVENTS,UNOFFICIAL_FREE_VENDOR,2026-07-21T03:21:14.119840+00:00,0452479881f76c2a593798ed3cf371a3ca4b8501bf79d4f47688e30d02aca15d,
HKEX:00019,00019,2025-04-09,CASH_DIVIDEND,2.1,HKD,nan,nan,,YAHOO_CHART_EVENTS,UNOFFICIAL_FREE_VENDOR,2026-07-21T03:21:14.119840+00:00,0452479881f76c2a593798ed3cf371a3ca4b8501bf79d4f47688e30d02aca15d,
HKEX:00019,00019,2025-09-10,CASH_DIVIDEND,1.3,HKD,nan,nan,,YAHOO_CHART_EVENTS,UNOFFICIAL_FREE_VENDOR,2026-07-21T03:21:14.119840+00:00,0452479881f76c2a593798ed3cf371a3ca4b8501bf79d4f47688e30d02aca15d,
HKEX:00019,00019,2026-04-08,CASH_DIVIDEND,2.5,HKD,nan,nan,,YAHOO_CHART_EVENTS,UNOFFICIAL_FREE_VENDOR,2026-07-21T03:21:14.119840+00:00,0452479881f76c2a593798ed3cf371a3ca4b8501bf79d4f47688e30d02aca15d,
HKEX:00023,00023,2023-03-02,CASH_DIVIDEND,0.17,HKD,nan,nan,,YAHOO_CHART_EVENTS,UNOFFICIAL_FREE_VENDOR,2026-07-21T03:21:14.119840+00:00,6f4a759c7b8500538c5565d69be7c022d0fbfefe2502f38ed31f9f85643efe11,
HKEX:00023,00023,2023-09-07,CASH_DIVIDEND,0.36,HKD,nan,nan,,YAHOO_CHART_EVENTS,UNOFFICIAL_FREE_VENDOR,2026-07-21T03:21:14.119840+00:00,6f4a759c7b8500538c5565d69be7c022d0fbfefe2502f38ed31f9f85643efe11,
HKEX:00023,00023,2024-03-06,CASH_DIVIDEND,0.18,HKD,nan,nan,,YAHOO_CHART_EVENTS,UNOFFICIAL_FREE_VENDOR,2026-07-21T03:21:14.119840+00:00,6f4a759c7b8500538c5565d69be7c022d0fbfefe2502f38ed31f9f85643efe11,
HKEX:00023,00023,2024-09-04,CASH_DIVIDEND,0.31,HKD,nan,nan,,YAHOO_CHART_EVENTS,UNOFFICIAL_FREE_VENDOR,2026-07-21T03:21:14.119840+00:00,6f4a759c7b8500538c5565d69be7c022d0fbfefe2502f38ed31f9f85643efe11,
HKEX:00023,00023,2025-03-05,CASH_DIVIDEND,0.38,HKD,nan,nan,,YAHOO_CHART_EVENTS,UNOFFICIAL_FREE_VENDOR,2026-07-21T03:21:14.119840+00:00,6f4a759c7b8500538c5565d69be7c022d0fbfefe2502f38ed31f9f85643efe11,
HKEX:00023,00023,2025-09-03,CASH_DIVIDEND,0.39,HKD,nan,nan,,YAHOO_CHART_EVENTS,UNOFFICIAL_FREE_VENDOR,2026-07-21T03:21:14.119840+00:00,6f4a759c7b8500538c5565d69be7c022d0fbfefe2502f38ed31f9f85643efe11,
HKEX:00023,00023,2026-03-03,CASH_DIVIDEND,0.22,HKD,nan,nan,,YAHOO_CHART_EVENTS,UNOFFICIAL_FREE_VENDOR,2026-07-21T03:21:14.119840+00:00,6f4a759c7b8500538c5565d69be7c022d0fbfefe2502f38ed31f9f85643efe11,
HKEX:00027,00027,2023-09-25,CASH_DIVIDEND,0.2,HKD,nan,nan,,YAHOO_CHART_EVENTS,UNOFFICIAL_FREE_VENDOR,2026-07-21T03:21:14.119840+00:00,d567df77ab28e6185304cf98dae3e364685f85b198cfdf736e74f525cbec6ec1,
HKEX:00027,00027,2024-03-22,CASH_DIVIDEND,0.3,HKD,nan,nan,,YAHOO_CHART_EVENTS,UNOFFICIAL_FREE_VENDOR,2026-07-21T03:21:14.119840+00:00,d567df77ab28e6185304cf98dae3e364685f85b198cfdf736e74f525cbec6ec1,
HKEX:00027,00027,2024-09-24,CASH_DIVIDEND,0.5,HKD,nan,nan,,YAHOO_CHART_EVENTS,UNOFFICIAL_FREE_VENDOR,2026-07-21T03:21:14.119840+00:00,d567df77ab28e6185304cf98dae3e364685f85b198cfdf736e74f525cbec6ec1,
HKEX:00027,00027,2025-05-23,CASH_DIVIDEND,0.5,HKD,nan,nan,,YAHOO_CHART_EVENTS,UNOFFICIAL_FREE_VENDOR,2026-07-21T03:21:14.119840+00:00,d567df77ab28e6185304cf98dae3e364685f85b198cfdf736e74f525cbec6ec1,
HKEX:00027,00027,2025-09-24,CASH_DIVIDEND,0.7,HKD,nan,nan,,YAHOO_CHART_EVENTS,UNOFFICIAL_FREE_VENDOR,2026-07-21T03:21:14.119840+00:00,d567df77ab28e6185304cf98dae3e364685f85b198cfdf736e74f525cbec6ec1,
HKEX:00027,00027,2026-05-22,CASH_DIVIDEND,0.8,HKD,nan,nan,,YAHOO_CHART_EVENTS,UNOFFICIAL_FREE_VENDOR,2026-07-21T03:21:14.119840+00:00,d567df77ab28e6185304cf98dae3e364685f85b198cfdf736e74f525cbec6ec1,
HKEX:00038,00038,2023-06-08,CASH_DIVIDEND,0.258,HKD,nan,nan,,YAHOO_CHART_EVENTS,UNOFFICIAL_FREE_VENDOR,2026-07-21T03:21:14.119840+00:00,9ca3aded6f2a976dc2e7363b44ab5cc8e6b74c70b707c235fe8a6fa5733c1749,
HKEX:00038,00038,2024-05-31,CASH_DIVIDEND,0.35199,HKD,nan,nan,,YAHOO_CHART_EVENTS,UNOFFICIAL_FREE_VENDOR,2026-07-21T03:21:14.119840+00:00,9ca3aded6f2a976dc2e7363b44ab5cc8e6b74c70b707c235fe8a6fa5733c1749,
HKEX:00038,00038,2025-06-12,CASH_DIVIDEND,0.324,HKD,nan,nan,,YAHOO_CHART_EVENTS,UNOFFICIAL_FREE_VENDOR,2026-07-21T03:21:14.119840+00:00,9ca3aded6f2a976dc2e7363b44ab5cc8e6b74c70b707c235fe8a6fa5733c1749,
HKEX:00038,00038,2025-09-29,CASH_DIVIDEND,0.075,HKD,nan,nan,,YAHOO_CHART_EVENTS,UNOFFICIAL_FREE_VENDOR,2026-07-21T03:21:14.119840+00:00,9ca3aded6f2a976dc2e7363b44ab5cc8e6b74c70b707c235fe8a6fa5733c1749,
HKEX:00038,00038,2026-06-04,CASH_DIVIDEND,0.2243,HKD,nan,nan,,YAHOO_CHART_EVENTS,UNOFFICIAL_FREE_VENDOR,2026-07-21T03:21:14.119840+00:00,9ca3aded6f2a976dc2e7363b44ab5cc8e6b74c70b707c235fe8a6fa5733c1749,
HKEX:00041,00041,2023-05-23,CASH_DIVIDEND,0.5,HKD,nan,nan,,YAHOO_CHART_EVENTS,UNOFFICIAL_FREE_VENDOR,2026-07-21T03:21:14.119840+00:00,e3fcd441bec4a8a72de12e504004fa600d72784dd5dac957c636e44d5d5e9c8b,
HKEX:00041,00041,2023-09-22,CASH_DIVIDEND,0.37,HKD,nan,nan,,YAHOO_CHART_EVENTS,UNOFFICIAL_FREE_VENDOR,2026-07-21T03:21:14.119840+00:00,e3fcd441bec4a8a72de12e504004fa600d72784dd5dac957c636e44d5d5e9c8b,
HKEX:00041,00041,2024-06-03,CASH_DIVIDEND,0.5,HKD,nan,nan,,YAHOO_CHART_EVENTS,UNOFFICIAL_FREE_VENDOR,2026-07-21T03:21:14.119840+00:00,e3fcd441bec4a8a72de12e504004fa600d72784dd5dac957c636e44d5d5e9c8b,
HKEX:00041,00041,2024-09-24,CASH_DIVIDEND,0.37,HKD,nan,nan,,YAHOO_CHART_EVENTS,UNOFFICIAL_FREE_VENDOR,2026-07-21T03:21:14.119840+00:00,e3fcd441bec4a8a72de12e504004fa600d72784dd5dac957c636e44d5d5e9c8b,
HKEX:00041,00041,2025-06-03,CASH_DIVIDEND,0.5,HKD,nan,nan,,YAHOO_CHART_EVENTS,UNOFFICIAL_FREE_VENDOR,2026-07-21T03:21:14.119840+00:00,e3fcd441bec4a8a72de12e504004fa600d72784dd5dac957c636e44d5d5e9c8b,
HKEX:00041,00041,2025-09-24,CASH_DIVIDEND,0.41,HKD,nan,nan,,YAHOO_CHART_EVENTS,UNOFFICIAL_FREE_VENDOR,2026-07-21T03:21:14.119840+00:00,e3fcd441bec4a8a72de12e504004fa600d72784dd5dac957c636e44d5d5e9c8b,
HKEX:00041,00041,2026-05-14,CASH_DIVIDEND,0.7,HKD,nan,nan,,YAHOO_CHART_EVENTS,UNOFFICIAL_FREE_VENDOR,2026-07-21T03:21:14.119840+00:00,e3fcd441bec4a8a72de12e504004fa600d72784dd5dac957c636e44d5d5e9c8b,
HKEX:00066,00066,2023-05-29,CASH_DIVIDEND,0.89,HKD,nan,nan,,YAHOO_CHART_EVENTS,UNOFFICIAL_FREE_VENDOR,2026-07-21T03:21:14.119840+00:00,86731ac4466bc9d502a10f3fecac63e7271ebb74bd957ecaf3a3f5f4235c306b,
HKEX:00066,00066,2023-08-23,CASH_DIVIDEND,0.42,HKD,nan,nan,,YAHOO_CHART_EVENTS,UNOFFICIAL_FREE_VENDOR,2026-07-21T03:21:14.119840+00:00,86731ac4466bc9d502a10f3fecac63e7271ebb74bd957ecaf3a3f5f4235c306b,
HKEX:00066,00066,2024-05-24,CASH_DIVIDEND,0.89,HKD,nan,nan,,YAHOO_CHART_EVENTS,UNOFFICIAL_FREE_VENDOR,2026-07-21T03:21:14.119840+00:00,86731ac4466bc9d502a10f3fecac63e7271ebb74bd957ecaf3a3f5f4235c306b,
HKEX:00066,00066,2024-08-28,CASH_DIVIDEND,0.42,HKD,nan,nan,,YAHOO_CHART_EVENTS,UNOFFICIAL_FREE_VENDOR,2026-07-21T03:21:14.119840+00:00,86731ac4466bc9d502a10f3fecac63e7271ebb74bd957ecaf3a3f5f4235c306b,
HKEX:00066,00066,2025-05-23,CASH_DIVIDEND,0.89,HKD,nan,nan,,YAHOO_CHART_EVENTS,UNOFFICIAL_FREE_VENDOR,2026-07-21T03:21:14.119840+00:00,86731ac4466bc9d502a10f3fecac63e7271ebb74bd957ecaf3a3f5f4235c306b,
HKEX:00066,00066,2025-08-27,CASH_DIVIDEND,0.42,HKD,nan,nan,,YAHOO_CHART_EVENTS,UNOFFICIAL_FREE_VENDOR,2026-07-21T03:21:14.119840+00:00,86731ac4466bc9d502a10f3fecac63e7271ebb74bd957ecaf3a3f5f4235c306b,
HKEX:00066,00066,2026-05-29,CASH_DIVIDEND,0.89,HKD,nan,nan,,YAHOO_CHART_EVENTS,UNOFFICIAL_FREE_VENDOR,2026-07-21T03:21:14.119840+00:00,86731ac4466bc9d502a10f3fecac63e7271ebb74bd957ecaf3a3f5f4235c306b,
HKEX:00081,00081,2023-06-28,CASH_DIVIDEND,0.15,HKD,nan,nan,,YAHOO_CHART_EVENTS,UNOFFICIAL_FREE_VENDOR,2026-07-21T03:21:14.119840+00:00,14a5f9c444c2e496a235da2ad09ed06324a2ff17dc9f9047a02bfb54ec7e5f3d,
HKEX:00081,00081,2023-09-18,CASH_DIVIDEND,0.05,HKD,nan,nan,,YAHOO_CHART_EVENTS,UNOFFICIAL_FREE_VENDOR,2026-07-21T03:21:14.119840+00:00,14a5f9c444c2e496a235da2ad09ed06324a2ff17dc9f9047a02bfb54ec7e5f3d,
HKEX:00081,00081,2024-06-26,CASH_DIVIDEND,0.11,HKD,nan,nan,,YAHOO_CHART_EVENTS,UNOFFICIAL_FREE_VENDOR,2026-07-21T03:21:14.119840+00:00,14a5f9c444c2e496a235da2ad09ed06324a2ff17dc9f9047a02bfb54ec7e5f3d,
HKEX:00081,00081,2024-09-19,CASH_DIVIDEND,0.03,HKD,nan,nan,,YAHOO_CHART_EVENTS,UNOFFICIAL_FREE_VENDOR,2026-07-21T03:21:14.119840+00:00,14a5f9c444c2e496a235da2ad09ed06324a2ff17dc9f9047a02bfb54ec7e5f3d,
HKEX:00081,00081,2025-06-25,CASH_DIVIDEND,0.07,HKD,nan,nan,,YAHOO_CHART_EVENTS,UNOFFICIAL_FREE_VENDOR,2026-07-21T03:21:14.119840+00:00,14a5f9c444c2e496a235da2ad09ed06324a2ff17dc9f9047a02bfb54ec7e5f3d,
HKEX:00081,00081,2025-09-18,CASH_DIVIDEND,0.01,HKD,nan,nan,,YAHOO_CHART_EVENTS,UNOFFICIAL_FREE_VENDOR,2026-07-21T03:21:14.119840+00:00,14a5f9c444c2e496a235da2ad09ed06324a2ff17dc9f9047a02bfb54ec7e5f3d,
HKEX:00081,00081,2026-07-02,CASH_DIVIDEND,0.025,HKD,nan,nan,,YAHOO_CHART_EVENTS,UNOFFICIAL_FREE_VENDOR,2026-07-21T03:21:14.119840+00:00,14a5f9c444c2e496a235da2ad09ed06324a2ff17dc9f9047a02bfb54ec7e5f3d,
HKEX:00083,00083,2023-03-06,CASH_DIVIDEND,0.15,HKD,nan,nan,,YAHOO_CHART_EVENTS,UNOFFICIAL_FREE_VENDOR,2026-07-21T03:21:14.119840+00:00,604547288077f1bb157ff047ede88bd9c80e0133a32ffb49969289301bfaf6a5,
HKEX:00083,00083,2023-10-27,CASH_DIVIDEND,0.43,HKD,nan,nan,,YAHOO_CHART_EVENTS,UNOFFICIAL_FREE_VENDOR,2026-07-21T03:21:14.119840+00:00,604547288077f1bb157ff047ede88bd9c80e0133a32ffb49969289301bfaf6a5,
HKEX:00083,00083,2024-03-06,CASH_DIVIDEND,0.15,HKD,nan,nan,,YAHOO_CHART_EVENTS,UNOFFICIAL_FREE_VENDOR,2026-07-21T03:21:14.119840+00:00,604547288077f1bb157ff047ede88bd9c80e0133a32ffb49969289301bfaf6a5,
HKEX:00083,00083,2024-10-25,CASH_DIVIDEND,0.43,HKD,nan,nan,,YAHOO_CHART_EVENTS,UNOFFICIAL_FREE_VENDOR,2026-07-21T03:21:14.119840+00:00,604547288077f1bb157ff047ede88bd9c80e0133a32ffb49969289301bfaf6a5,
HKEX:00083,00083,2025-03-11,CASH_DIVIDEND,0.15,HKD,nan,nan,,YAHOO_CHART_EVENTS,UNOFFICIAL_FREE_VENDOR,2026-07-21T03:21:14.119840+00:00,604547288077f1bb157ff047ede88bd9c80e0133a32ffb49969289301bfaf6a5,
HKEX:00083,00083,2025-10-24,CASH_DIVIDEND,0.43,HKD,nan,nan,,YAHOO_CHART_EVENTS,UNOFFICIAL_FREE_VENDOR,2026-07-21T03:21:14.119840+00:00,604547288077f1bb157ff047ede88bd9c80e0133a32ffb49969289301bfaf6a5,
HKEX:00083,00083,2026-03-12,CASH_DIVIDEND,0.15,HKD,nan,nan,,YAHOO_CHART_EVENTS,UNOFFICIAL_FREE_VENDOR,2026-07-21T03:21:14.119840+00:00,604547288077f1bb157ff047ede88bd9c80e0133a32ffb49969289301bfaf6a5,
HKEX:00087,00087,2023-04-12,CASH_DIVIDEND,0.37,HKD,nan,nan,,YAHOO_CHART_EVENTS,UNOFFICIAL_FREE_VENDOR,2026-07-21T03:21:14.119840+00:00,9d7a84de62d220a0d1937b47e02baf25d6a637103dcee65dc27c70f7c983290a,
HKEX:00087,00087,2023-09-04,CASH_DIVIDEND,1.624,HKD,nan,nan,,YAHOO_CHART_EVENTS,UNOFFICIAL_FREE_VENDOR,2026-07-21T03:21:14.119840+00:00,9d7a84de62d220a0d1937b47e02baf25d6a637103dcee65dc27c70f7c983290a,
HKEX:00087,00087,2023-09-13,CASH_DIVIDEND,0.24,HKD,nan,nan,,YAHOO_CHART_EVENTS,UNOFFICIAL_FREE_VENDOR,2026-07-21T03:21:14.119840+00:00,9d7a84de62d220a0d1937b47e02baf25d6a637103dcee65dc27c70f7c983290a,
HKEX:00087,00087,2024-04-10,CASH_DIVIDEND,0.4,HKD,nan,nan,,YAHOO_CHART_EVENTS,UNOFFICIAL_FREE_VENDOR,2026-07-21T03:21:14.119840+00:00,9d7a84de62d220a0d1937b47e02baf25d6a637103dcee65dc27c70f7c983290a,
HKEX:00087,00087,2024-09-11,CASH_DIVIDEND,0.25,HKD,nan,nan,,YAHOO_CHART_EVENTS,UNOFFICIAL_FREE_VENDOR,2026-07-21T03:21:14.119840+00:00,9d7a84de62d220a0d1937b47e02baf25d6a637103dcee65dc27c70f7c983290a,
HKEX:00087,00087,2025-04-09,CASH_DIVIDEND,0.42,HKD,nan,nan,,YAHOO_CHART_EVENTS,UNOFFICIAL_FREE_VENDOR,2026-07-21T03:21:14.119840+00:00,9d7a84de62d220a0d1937b47e02baf25d6a637103dcee65dc27c70f7c983290a,
HKEX:00087,00087,2025-09-10,CASH_DIVIDEND,0.26,HKD,nan,nan,,YAHOO_CHART_EVENTS,UNOFFICIAL_FREE_VENDOR,2026-07-21T03:21:14.119840+00:00,9d7a84de62d220a0d1937b47e02baf25d6a637103dcee65dc27c70f7c983290a,
HKEX:00087,00087,2026-04-08,CASH_DIVIDEND,0.5,HKD,nan,nan,,YAHOO_CHART_EVENTS,UNOFFICIAL_FREE_VENDOR,2026-07-21T03:21:14.119840+00:00,9d7a84de62d220a0d1937b47e02baf25d6a637103dcee65dc27c70f7c983290a,
HKEX:00101,00101,2023-05-03,CASH_DIVIDEND,0.6,HKD,nan,nan,,YAHOO_CHART_EVENTS,UNOFFICIAL_FREE_VENDOR,2026-07-21T03:21:14.119840+00:00,bf9f0f0489c88933c41a75d9c26b6e02ad140723a13ee5c93d39e8000e75672f,
HKEX:00101,00101,2023-09-12,CASH_DIVIDEND,0.18,HKD,nan,nan,,YAHOO_CHART_EVENTS,UNOFFICIAL_FREE_VENDOR,2026-07-21T03:21:14.119840+00:00,bf9f0f0489c88933c41a75d9c26b6e02ad140723a13ee5c93d39e8000e75672f,
HKEX:00101,00101,2024-05-08,CASH_DIVIDEND,0.6,HKD,nan,nan,,YAHOO_CHART_EVENTS,UNOFFICIAL_FREE_VENDOR,2026-07-21T03:21:14.119840+00:00,bf9f0f0489c88933c41a75d9c26b6e02ad140723a13ee5c93d39e8000e75672f,
HKEX:00101,00101,2024-08-14,CASH_DIVIDEND,0.12,HKD,nan,nan,,YAHOO_CHART_EVENTS,UNOFFICIAL_FREE_VENDOR,2026-07-21T03:21:14.119840+00:00,bf9f0f0489c88933c41a75d9c26b6e02ad140723a13ee5c93d39e8000e75672f,
HKEX:00101,00101,2025-05-07,CASH_DIVIDEND,0.4,HKD,nan,nan,,YAHOO_CHART_EVENTS,UNOFFICIAL_FREE_VENDOR,2026-07-21T03:21:14.119840+00:00,bf9f0f0489c88933c41a75d9c26b6e02ad140723a13ee5c93d39e8000e75672f,
HKEX:00101,00101,2025-08-13,CASH_DIVIDEND,0.12,HKD,nan,nan,,YAHOO_CHART_EVENTS,UNOFFICIAL_FREE_VENDOR,2026-07-21T03:21:14.119840+00:00,bf9f0f0489c88933c41a75d9c26b6e02ad140723a13ee5c93d39e8000e75672f,
HKEX:00101,00101,2026-05-06,CASH_DIVIDEND,0.4,HKD,nan,nan,,YAHOO_CHART_EVENTS,UNOFFICIAL_FREE_VENDOR,2026-07-21T03:21:14.119840+00:00,bf9f0f0489c88933c41a75d9c26b6e02ad140723a13ee5c93d39e8000e75672f,
HKEX:00107,00107,2023-06-06,CASH_DIVIDEND,0.111195,HKD,nan,nan,,YAHOO_CHART_EVENTS,UNOFFICIAL_FREE_VENDOR,2026-07-21T03:21:14.119840+00:00,dab02e1ea197c0ef64743b6ca657b026aae081186b69c488ed6d199fd20503f0,
HKEX:00107,00107,2024-06-04,CASH_DIVIDEND,0.263499,HKD,nan,nan,,YAHOO_CHART_EVENTS,UNOFFICIAL_FREE_VENDOR,2026-07-21T03:21:14.119840+00:00,dab02e1ea197c0ef64743b6ca657b026aae081186b69c488ed6d199fd20503f0,
HKEX:00107,00107,2025-06-04,CASH_DIVIDEND,0.315341,HKD,nan,nan,,YAHOO_CHART_EVENTS,UNOFFICIAL_FREE_VENDOR,2026-07-21T03:21:14.119840+00:00,dab02e1ea197c0ef64743b6ca657b026aae081186b69c488ed6d199fd20503f0,
HKEX:00107,00107,2026-06-04,CASH_DIVIDEND,0.340159,HKD,nan,nan,,YAHOO_CHART_EVENTS,UNOFFICIAL_FREE_VENDOR,2026-07-21T03:21:14.119840+00:00,dab02e1ea197c0ef64743b6ca657b026aae081186b69c488ed6d199fd20503f0,
HKEX:00119,00119,2023-06-09,CASH_DIVIDEND,0.048,HKD,nan,nan,,YAHOO_CHART_EVENTS,UNOFFICIAL_FREE_VENDOR,2026-07-21T03:21:14.119840+00:00,4b2f796b8be3755dd814158afcbe1292d0660fea8cc20e2de0acc1f5b743193f,
HKEX:00119,00119,2024-07-02,CASH_DIVIDEND,0.083,HKD,nan,nan,,YAHOO_CHART_EVENTS,UNOFFICIAL_FREE_VENDOR,2026-07-21T03:21:14.119840+00:00,4b2f796b8be3755dd814158afcbe1292d0660fea8cc20e2de0acc1f5b743193f,
HKEX:00119,00119,2025-06-13,CASH_DIVIDEND,0.021,HKD,nan,nan,,YAHOO_CHART_EVENTS,UNOFFICIAL_FREE_VENDOR,2026-07-21T03:21:14.119840+00:00,4b2f796b8be3755dd814158afcbe1292d0660fea8cc20e2de0acc1f5b743193f,
HKEX:00119,00119,2026-06-22,CASH_DIVIDEND,0.026,HKD,nan,nan,,YAHOO_CHART_EVENTS,UNOFFICIAL_FREE_VENDOR,2026-07-21T03:21:14.119840+00:00,4b2f796b8be3755dd814158afcbe1292d0660fea8cc20e2de0acc1f5b743193f,
HKEX:00123,00123,2023-06-08,CASH_DIVIDEND,0.307,HKD,nan,nan,,YAHOO_CHART_EVENTS,UNOFFICIAL_FREE_VENDOR,2026-07-21T03:21:14.119840+00:00,6bef421684b0d42bc4dfb4f7fd7fcd60689b894c960c1da8f26dfe1e1b6b987b,
HKEX:00123,00123,2023-10-16,CASH_DIVIDEND,0.232,HKD,nan,nan,,YAHOO_CHART_EVENTS,UNOFFICIAL_FREE_VENDOR,2026-07-21T03:21:14.119840+00:00,6bef421684b0d42bc4dfb4f7fd7fcd60689b894c960c1da8f26dfe1e1b6b987b,
HKEX:00123,00123,2024-07-02,CASH_DIVIDEND,0.148,HKD,nan,nan,,YAHOO_CHART_EVENTS,UNOFFICIAL_FREE_VENDOR,2026-07-21T03:21:14.119840+00:00,6bef421684b0d42bc4dfb4f7fd7fcd60689b894c960c1da8f26dfe1e1b6b987b,
HKEX:00123,00123,2024-10-14,CASH_DIVIDEND,0.189,HKD,nan,nan,,YAHOO_CHART_EVENTS,UNOFFICIAL_FREE_VENDOR,2026-07-21T03:21:14.119840+00:00,6bef421684b0d42bc4dfb4f7fd7fcd60689b894c960c1da8f26dfe1e1b6b987b,
HKEX:00123,00123,2025-10-13,CASH_DIVIDEND,0.166,HKD,nan,nan,,YAHOO_CHART_EVENTS,UNOFFICIAL_FREE_VENDOR,2026-07-21T03:21:14.119840+00:00,6bef421684b0d42bc4dfb4f7fd7fcd60689b894c960c1da8f26dfe1e1b6b987b,
HKEX:00135,00135,2023-06-05,CASH_DIVIDEND,0.2871,HKD,nan,nan,,YAHOO_CHART_EVENTS,UNOFFICIAL_FREE_VENDOR,2026-07-21T03:21:14.119840+00:00,4a6548a9467d6448ccc01ae51faf6aa74a3be94f42935307f99c19c51345acd2,
HKEX:00135,00135,2024-06-03,CASH_DIVIDEND,0.3048,HKD,nan,nan,,YAHOO_CHART_EVENTS,UNOFFICIAL_FREE_VENDOR,2026-07-21T03:21:14.119840+00:00,4a6548a9467d6448ccc01ae51faf6aa74a3be94f42935307f99c19c51345acd2,
HKEX:00135,00135,2024-09-09,CASH_DIVIDEND,0.1769,HKD,nan,nan,,YAHOO_CHART_EVENTS,UNOFFICIAL_FREE_VENDOR,2026-07-21T03:21:14.119840+00:00,4a6548a9467d6448ccc01ae51faf6aa74a3be94f42935307f99c19c51345acd2,
HKEX:00135,00135,2025-06-02,CASH_DIVIDEND,0.1609,HKD,nan,nan,,YAHOO_CHART_EVENTS,UNOFFICIAL_FREE_VENDOR,2026-07-21T03:21:14.119840+00:00,4a6548a9467d6448ccc01ae51faf6aa74a3be94f42935307f99c19c51345acd2,
HKEX:00135,00135,2025-09-02,CASH_DIVIDEND,0.1791,HKD,nan,nan,,YAHOO_CHART_EVENTS,UNOFFICIAL_FREE_VENDOR,2026-07-21T03:21:14.119840+00:00,4a6548a9467d6448ccc01ae51faf6aa74a3be94f42935307f99c19c51345acd2,
HKEX:00135,00135,2026-06-01,CASH_DIVIDEND,0.1684,HKD,nan,nan,,YAHOO_CHART_EVENTS,UNOFFICIAL_FREE_VENDOR,2026-07-21T03:21:14.119840+00:00,4a6548a9467d6448ccc01ae51faf6aa74a3be94f42935307f99c19c51345acd2,
HKEX:00142,00142,2023-06-20,CASH_DIVIDEND,0.115,HKD,nan,nan,,YAHOO_CHART_EVENTS,UNOFFICIAL_FREE_VENDOR,2026-07-21T03:21:14.119840+00:00,673539004f61b24b9929fb3dbe37ef2acc551e1594818f3cc19bb01570b68991,
HKEX:00142,00142,2023-09-06,CASH_DIVIDEND,0.105,HKD,nan,nan,,YAHOO_CHART_EVENTS,UNOFFICIAL_FREE_VENDOR,2026-07-21T03:21:14.119840+00:00,673539004f61b24b9929fb3dbe37ef2acc551e1594818f3cc19bb01570b68991,
HKEX:00142,00142,2024-06-18,CASH_DIVIDEND,0.125,HKD,nan,nan,,YAHOO_CHART_EVENTS,UNOFFICIAL_FREE_VENDOR,2026-07-21T03:21:14.119840+00:00,673539004f61b24b9929fb3dbe37ef2acc551e1594818f3cc19bb01570b68991,
HKEX:00142,00142,2024-09-05,CASH_DIVIDEND,0.12,HKD,nan,nan,,YAHOO_CHART_EVENTS,UNOFFICIAL_FREE_VENDOR,2026-07-21T03:21:14.119840+00:00,673539004f61b24b9929fb3dbe37ef2acc551e1594818f3cc19bb01570b68991,
HKEX:00142,00142,2025-06-20,CASH_DIVIDEND,0.135,HKD,nan,nan,,YAHOO_CHART_EVENTS,UNOFFICIAL_FREE_VENDOR,2026-07-21T03:21:14.119840+00:00,673539004f61b24b9929fb3dbe37ef2acc551e1594818f3cc19bb01570b68991,
HKEX:00142,00142,2025-09-09,CASH_DIVIDEND,0.13,HKD,nan,nan,,YAHOO_CHART_EVENTS,UNOFFICIAL_FREE_VENDOR,2026-07-21T03:21:14.119840+00:00,673539004f61b24b9929fb3dbe37ef2acc551e1594818f3cc19bb01570b68991,
HKEX:00142,00142,2026-05-28,CASH_DIVIDEND,0.14,HKD,nan,nan,,YAHOO_CHART_EVENTS,UNOFFICIAL_FREE_VENDOR,2026-07-21T03:21:14.119840+00:00,673539004f61b24b9929fb3dbe37ef2acc551e1594818f3cc19bb01570b68991,
HKEX:00144,00144,2023-06-09,CASH_DIVIDEND,0.6,HKD,nan,nan,,YAHOO_CHART_EVENTS,UNOFFICIAL_FREE_VENDOR,2026-07-21T03:21:14.119840+00:00,953a35a4e53f4e68d690f08fcfffddfc2091e1e0ad3883783b889a87358fbee2,
HKEX:00144,00144,2023-09-26,CASH_DIVIDEND,0.22,HKD,nan,nan,,YAHOO_CHART_EVENTS,UNOFFICIAL_FREE_VENDOR,2026-07-21T03:21:14.119840+00:00,953a35a4e53f4e68d690f08fcfffddfc2091e1e0ad3883783b889a87358fbee2,
HKEX:00144,00144,2024-06-24,CASH_DIVIDEND,0.48,HKD,nan,nan,,YAHOO_CHART_EVENTS,UNOFFICIAL_FREE_VENDOR,2026-07-21T03:21:14.119840+00:00,953a35a4e53f4e68d690f08fcfffddfc2091e1e0ad3883783b889a87358fbee2,
HKEX:00144,00144,2024-09-24,CASH_DIVIDEND,0.25,HKD,nan,nan,,YAHOO_CHART_EVENTS,UNOFFICIAL_FREE_VENDOR,2026-07-21T03:21:14.119840+00:00,953a35a4e53f4e68d690f08fcfffddfc2091e1e0ad3883783b889a87358fbee2,
HKEX:00144,00144,2025-06-05,CASH_DIVIDEND,0.636,HKD,nan,nan,,YAHOO_CHART_EVENTS,UNOFFICIAL_FREE_VENDOR,2026-07-21T03:21:14.119840+00:00,953a35a4e53f4e68d690f08fcfffddfc2091e1e0ad3883783b889a87358fbee2,
HKEX:00144,00144,2025-09-26,CASH_DIVIDEND,0.25,HKD,nan,nan,,YAHOO_CHART_EVENTS,UNOFFICIAL_FREE_VENDOR,2026-07-21T03:21:14.119840+00:00,953a35a4e53f4e68d690f08fcfffddfc2091e1e0ad3883783b889a87358fbee2,
HKEX:00144,00144,2026-06-04,CASH_DIVIDEND,0.489,HKD,nan,nan,,YAHOO_CHART_EVENTS,UNOFFICIAL_FREE_VENDOR,2026-07-21T03:21:14.119840+00:00,953a35a4e53f4e68d690f08fcfffddfc2091e1e0ad3883783b889a87358fbee2,
HKEX:00148,00148,2023-06-14,CASH_DIVIDEND,0.75,HKD,nan,nan,,YAHOO_CHART_EVENTS,UNOFFICIAL_FREE_VENDOR,2026-07-21T03:21:14.119840+00:00,868346ec0ba6573ea332ea145c6cfab12778e75a3e5d4e51648a41e8aa90073f,
HKEX:00148,00148,2023-12-12,CASH_DIVIDEND,0.66,HKD,nan,nan,,YAHOO_CHART_EVENTS,UNOFFICIAL_FREE_VENDOR,2026-07-21T03:21:14.119840+00:00,868346ec0ba6573ea332ea145c6cfab12778e75a3e5d4e51648a41e8aa90073f,
HKEX:00148,00148,2024-06-12,CASH_DIVIDEND,0.36,HKD,nan,nan,,YAHOO_CHART_EVENTS,UNOFFICIAL_FREE_VENDOR,2026-07-21T03:21:14.119840+00:00,868346ec0ba6573ea332ea145c6cfab12778e75a3e5d4e51648a41e8aa90073f,
HKEX:00148,00148,2024-12-13,CASH_DIVIDEND,0.4,HKD,nan,nan,,YAHOO_CHART_EVENTS,UNOFFICIAL_FREE_VENDOR,2026-07-21T03:21:14.119840+00:00,868346ec0ba6573ea332ea145c6cfab12778e75a3e5d4e51648a41e8aa90073f,
HKEX:00148,00148,2025-06-11,CASH_DIVIDEND,1.0,HKD,nan,nan,,YAHOO_CHART_EVENTS,UNOFFICIAL_FREE_VENDOR,2026-07-21T03:21:14.119840+00:00,868346ec0ba6573ea332ea145c6cfab12778e75a3e5d4e51648a41e8aa90073f,
HKEX:00148,00148,2025-12-12,CASH_DIVIDEND,0.69,HKD,nan,nan,,YAHOO_CHART_EVENTS,UNOFFICIAL_FREE_VENDOR,2026-07-21T03:21:14.119840+00:00,868346ec0ba6573ea332ea145c6cfab12778e75a3e5d4e51648a41e8aa90073f,
HKEX:00148,00148,2026-06-11,CASH_DIVIDEND,1.51,HKD,nan,nan,,YAHOO_CHART_EVENTS,UNOFFICIAL_FREE_VENDOR,2026-07-21T03:21:14.119840+00:00,868346ec0ba6573ea332ea145c6cfab12778e75a3e5d4e51648a41e8aa90073f,
HKEX:00151,00151,2023-08-24,CASH_DIVIDEND,0.1645,HKD,nan,nan,,YAHOO_CHART_EVENTS,UNOFFICIAL_FREE_VENDOR,2026-07-21T03:21:14.119840+00:00,4854bb1227b16cadb7b0f62608e49a8e3a1ecd84e7ec8d740675a53666292fb2,
HKEX:00151,00151,2024-08-29,CASH_DIVIDEND,0.2573,HKD,nan,nan,,YAHOO_CHART_EVENTS,UNOFFICIAL_FREE_VENDOR,2026-07-21T03:21:14.119840+00:00,4854bb1227b16cadb7b0f62608e49a8e3a1ecd84e7ec8d740675a53666292fb2,
HKEX:00151,00151,2025-08-28,CASH_DIVIDEND,0.1592,HKD,nan,nan,,YAHOO_CHART_EVENTS,UNOFFICIAL_FREE_VENDOR,2026-07-21T03:21:14.119840+00:00,4854bb1227b16cadb7b0f62608e49a8e3a1ecd84e7ec8d740675a53666292fb2,
HKEX:00152,00152,2023-05-18,CASH_DIVIDEND,0.257,HKD,nan,nan,,YAHOO_CHART_EVENTS,UNOFFICIAL_FREE_VENDOR,2026-07-21T03:21:14.119840+00:00,1071fbbb45f6ba338ad98f3808c7dafe206334c9c1fcccfd796c74de724e3843,
HKEX:00152,00152,2024-05-17,CASH_DIVIDEND,0.4,HKD,nan,nan,,YAHOO_CHART_EVENTS,UNOFFICIAL_FREE_VENDOR,2026-07-21T03:21:14.119840+00:00,1071fbbb45f6ba338ad98f3808c7dafe206334c9c1fcccfd796c74de724e3843,
HKEX:00152,00152,2025-05-13,CASH_DIVIDEND,0.598,HKD,nan,nan,,YAHOO_CHART_EVENTS,UNOFFICIAL_FREE_VENDOR,2026-07-21T03:21:14.119840+00:00,1071fbbb45f6ba338ad98f3808c7dafe206334c9c1fcccfd796c74de724e3843,
HKEX:00152,00152,2026-05-15,CASH_DIVIDEND,0.46,HKD,nan,nan,,YAHOO_CHART_EVENTS,UNOFFICIAL_FREE_VENDOR,2026-07-21T03:21:14.119840+00:00,1071fbbb45f6ba338ad98f3808c7dafe206334c9c1fcccfd796c74de724e3843,
HKEX:00165,00165,2023-06-20,CASH_DIVIDEND,0.15,HKD,nan,nan,,YAHOO_CHART_EVENTS,UNOFFICIAL_FREE_VENDOR,2026-07-21T03:21:14.119840+00:00,d34829dd2e4f2990eb2f35d093a5d4f23731a1278457b60fa4327dfc5b33827f,
HKEX:00165,00165,2023-09-15,CASH_DIVIDEND,0.15,HKD,nan,nan,,YAHOO_CHART_EVENTS,UNOFFICIAL_FREE_VENDOR,2026-07-21T03:21:14.119840+00:00,d34829dd2e4f2990eb2f35d093a5d4f23731a1278457b60fa4327dfc5b33827f,
HKEX:00165,00165,2024-05-28,CASH_DIVIDEND,0.1,HKD,nan,nan,,YAHOO_CHART_EVENTS,UNOFFICIAL_FREE_VENDOR,2026-07-21T03:21:14.119840+00:00,d34829dd2e4f2990eb2f35d093a5d4f23731a1278457b60fa4327dfc5b33827f,
HKEX:00165,00165,2024-09-17,CASH_DIVIDEND,0.05,HKD,nan,nan,,YAHOO_CHART_EVENTS,UNOFFICIAL_FREE_VENDOR,2026-07-21T03:21:14.119840+00:00,d34829dd2e4f2990eb2f35d093a5d4f23731a1278457b60fa4327dfc5b33827f,
HKEX:00165,00165,2025-05-27,CASH_DIVIDEND,0.05,HKD,nan,nan,,YAHOO_CHART_EVENTS,UNOFFICIAL_FREE_VENDOR,2026-07-21T03:21:14.119840+00:00,d34829dd2e4f2990eb2f35d093a5d4f23731a1278457b60fa4327dfc5b33827f,
HKEX:00165,00165,2025-09-17,CASH_DIVIDEND,0.05,HKD,nan,nan,,YAHOO_CHART_EVENTS,UNOFFICIAL_FREE_VENDOR,2026-07-21T03:21:14.119840+00:00,d34829dd2e4f2990eb2f35d093a5d4f23731a1278457b60fa4327dfc5b33827f,
HKEX:00165,00165,2026-05-20,CASH_DIVIDEND,0.05,HKD,nan,nan,,YAHOO_CHART_EVENTS,UNOFFICIAL_FREE_VENDOR,2026-07-21T03:21:14.119840+00:00,d34829dd2e4f2990eb2f35d093a5d4f23731a1278457b60fa4327dfc5b33827f,
HKEX:00168,00168,2023-06-20,CASH_DIVIDEND,1.98,HKD,nan,nan,,YAHOO_CHART_EVENTS,UNOFFICIAL_FREE_VENDOR,2026-07-21T03:21:14.119840+00:00,d1e9c853587f90f70aa344477dd376f36125b454f315006abe780424a1c25358,
HKEX:00168,00168,2024-07-03,CASH_DIVIDEND,2.19,HKD,nan,nan,,YAHOO_CHART_EVENTS,UNOFFICIAL_FREE_VENDOR,2026-07-21T03:21:14.119840+00:00,d1e9c853587f90f70aa344477dd376f36125b454f315006abe780424a1c25358,
HKEX:00168,00168,2025-05-23,CASH_DIVIDEND,2.38,HKD,nan,nan,,YAHOO_CHART_EVENTS,UNOFFICIAL_FREE_VENDOR,2026-07-21T03:21:14.119840+00:00,d1e9c853587f90f70aa344477dd376f36125b454f315006abe780424a1c25358,
HKEX:00168,00168,2026-06-30,CASH_DIVIDEND,2.7,HKD,nan,nan,,YAHOO_CHART_EVENTS,UNOFFICIAL_FREE_VENDOR,2026-07-21T03:21:14.119840+00:00,d1e9c853587f90f70aa344477dd376f36125b454f315006abe780424a1c25358,
HKEX:00173,00173,2023-06-14,CASH_DIVIDEND,0.14,HKD,nan,nan,,YAHOO_CHART_EVENTS,UNOFFICIAL_FREE_VENDOR,2026-07-21T03:21:14.119840+00:00,52873947f01412e3fc4667dee6bbc4b6c9a172e584fbd7db48dec12ee6a09b16,
HKEX:00173,00173,2023-09-12,CASH_DIVIDEND,0.07,HKD,nan,nan,,YAHOO_CHART_EVENTS,UNOFFICIAL_FREE_VENDOR,2026-07-21T03:21:14.119840+00:00,52873947f01412e3fc4667dee6bbc4b6c9a172e584fbd7db48dec12ee6a09b16,
HKEX:00173,00173,2024-06-17,CASH_DIVIDEND,0.09,HKD,nan,nan,,YAHOO_CHART_EVENTS,UNOFFICIAL_FREE_VENDOR,2026-07-21T03:21:14.119840+00:00,52873947f01412e3fc4667dee6bbc4b6c9a172e584fbd7db48dec12ee6a09b16,
HKEX:00173,00173,2024-09-09,CASH_DIVIDEND,0.04,HKD,nan,nan,,YAHOO_CHART_EVENTS,UNOFFICIAL_FREE_VENDOR,2026-07-21T03:21:14.119840+00:00,52873947f01412e3fc4667dee6bbc4b6c9a172e584fbd7db48dec12ee6a09b16,
HKEX:00173,00173,2025-06-23,CASH_DIVIDEND,0.05,HKD,nan,nan,,YAHOO_CHART_EVENTS,UNOFFICIAL_FREE_VENDOR,2026-07-21T03:21:14.119840+00:00,52873947f01412e3fc4667dee6bbc4b6c9a172e584fbd7db48dec12ee6a09b16,
HKEX:00173,00173,2025-09-08,CASH_DIVIDEND,0.02,HKD,nan,nan,,YAHOO_CHART_EVENTS,UNOFFICIAL_FREE_VENDOR,2026-07-21T03:21:14.119840+00:00,52873947f01412e3fc4667dee6bbc4b6c9a172e584fbd7db48dec12ee6a09b16,
HKEX:00173,00173,2026-06-23,CASH_DIVIDEND,0.01,HKD,nan,nan,,YAHOO_CHART_EVENTS,UNOFFICIAL_FREE_VENDOR,2026-07-21T03:21:14.119840+00:00,52873947f01412e3fc4667dee6bbc4b6c9a172e584fbd7db48dec12ee6a09b16,
HKEX:00175,00175,2023-06-05,CASH_DIVIDEND,0.21,HKD,nan,nan,,YAHOO_CHART_EVENTS,UNOFFICIAL_FREE_VENDOR,2026-07-21T03:21:14.119840+00:00,c91bb101b3f193707f04a8d9849afbb94b40bcc67156e0f774369e066ee4b437,
HKEX:00175,00175,2024-06-11,CASH_DIVIDEND,0.22,HKD,nan,nan,,YAHOO_CHART_EVENTS,UNOFFICIAL_FREE_VENDOR,2026-07-21T03:21:14.119840+00:00,c91bb101b3f193707f04a8d9849afbb94b40bcc67156e0f774369e066ee4b437,
HKEX:00175,00175,2025-06-11,CASH_DIVIDEND,0.33,HKD,nan,nan,,YAHOO_CHART_EVENTS,UNOFFICIAL_FREE_VENDOR,2026-07-21T03:21:14.119840+00:00,c91bb101b3f193707f04a8d9849afbb94b40bcc67156e0f774369e066ee4b437,
HKEX:00175,00175,2026-06-12,CASH_DIVIDEND,0.5,HKD,nan,nan,,YAHOO_CHART_EVENTS,UNOFFICIAL_FREE_VENDOR,2026-07-21T03:21:14.119840+00:00,c91bb101b3f193707f04a8d9849afbb94b40bcc67156e0f774369e066ee4b437,
HKEX:00177,00177,2023-06-26,CASH_DIVIDEND,0.5042,HKD,nan,nan,,YAHOO_CHART_EVENTS,UNOFFICIAL_FREE_VENDOR,2026-07-21T03:21:14.119840+00:00,ad6eca820798a8b667aba3f56022200bee7d5933682da567aacf38b69effaaa5,
HKEX:00177,00177,2024-07-02,CASH_DIVIDEND,0.5153,HKD,nan,nan,,YAHOO_CHART_EVENTS,UNOFFICIAL_FREE_VENDOR,2026-07-21T03:21:14.119840+00:00,ad6eca820798a8b667aba3f56022200bee7d5933682da567aacf38b69effaaa5,
HKEX:00177,00177,2025-07-03,CASH_DIVIDEND,0.5367,HKD,nan,nan,,YAHOO_CHART_EVENTS,UNOFFICIAL_FREE_VENDOR,2026-07-21T03:21:14.119840+00:00,ad6eca820798a8b667aba3f56022200bee7d5933682da567aacf38b69effaaa5,
HKEX:00177,00177,2026-06-17,CASH_DIVIDEND,0.56,HKD,nan,nan,,YAHOO_CHART_EVENTS,UNOFFICIAL_FREE_VENDOR,2026-07-21T03:21:14.119840+00:00,ad6eca820798a8b667aba3f56022200bee7d5933682da567aacf38b69effaaa5,
HKEX:00179,00179,2023-07-18,CASH_DIVIDEND,0.34,HKD,nan,nan,,YAHOO_CHART_EVENTS,UNOFFICIAL_FREE_VENDOR,2026-07-21T03:21:14.119840+00:00,158ca3b91a70aa8cf37b297f6b69d4f3909e2497b6d5609af097595fc2bd047e,
HKEX:00179,00179,2023-11-29,CASH_DIVIDEND,0.17,HKD,nan,nan,,YAHOO_CHART_EVENTS,UNOFFICIAL_FREE_VENDOR,2026-07-21T03:21:14.119840+00:00,158ca3b91a70aa8cf37b297f6b69d4f3909e2497b6d5609af097595fc2bd047e,
HKEX:00179,00179,2024-07-17,CASH_DIVIDEND,0.44,HKD,nan,nan,,YAHOO_CHART_EVENTS,UNOFFICIAL_FREE_VENDOR,2026-07-21T03:21:14.119840+00:00,158ca3b91a70aa8cf37b297f6b69d4f3909e2497b6d5609af097595fc2bd047e,
HKEX:00179,00179,2024-12-11,CASH_DIVIDEND,0.17,HKD,nan,nan,,YAHOO_CHART_EVENTS,UNOFFICIAL_FREE_VENDOR,2026-07-21T03:21:14.119840+00:00,158ca3b91a70aa8cf37b297f6b69d4f3909e2497b6d5609af097595fc2bd047e,
HKEX:00179,00179,2025-07-21,CASH_DIVIDEND,0.44,HKD,nan,nan,,YAHOO_CHART_EVENTS,UNOFFICIAL_FREE_VENDOR,2026-07-21T03:21:14.119840+00:00,158ca3b91a70aa8cf37b297f6b69d4f3909e2497b6d5609af097595fc2bd047e,
HKEX:00179,00179,2025-12-03,CASH_DIVIDEND,0.17,HKD,nan,nan,,YAHOO_CHART_EVENTS,UNOFFICIAL_FREE_VENDOR,2026-07-21T03:21:14.119840+00:00,158ca3b91a70aa8cf37b297f6b69d4f3909e2497b6d5609af097595fc2bd047e,
HKEX:00179,00179,2026-07-21,CASH_DIVIDEND,0.44,HKD,nan,nan,,YAHOO_CHART_EVENTS,UNOFFICIAL_FREE_VENDOR,2026-07-21T03:21:14.119840+00:00,158ca3b91a70aa8cf37b297f6b69d4f3909e2497b6d5609af097595fc2bd047e,
HKEX:00189,00189,2023-06-14,CASH_DIVIDEND,0.6,HKD,nan,nan,,YAHOO_CHART_EVENTS,UNOFFICIAL_FREE_VENDOR,2026-07-21T03:21:14.119840+00:00,a3bc5029e46532a95ddddc3256b6a7a6c597cceb15cc18bbbab14337986611e1,
HKEX:00189,00189,2024-06-11,CASH_DIVIDEND,0.1,HKD,nan,nan,,YAHOO_CHART_EVENTS,UNOFFICIAL_FREE_VENDOR,2026-07-21T03:21:14.119840+00:00,a3bc5029e46532a95ddddc3256b6a7a6c597cceb15cc18bbbab14337986611e1,
HKEX:00189,00189,2025-06-10,CASH_DIVIDEND,0.1,HKD,nan,nan,,YAHOO_CHART_EVENTS,UNOFFICIAL_FREE_VENDOR,2026-07-21T03:21:14.119840+00:00,a3bc5029e46532a95ddddc3256b6a7a6c597cceb15cc18bbbab14337986611e1,
HKEX:00189,00189,2026-06-09,CASH_DIVIDEND,0.3,HKD,nan,nan,,YAHOO_CHART_EVENTS,UNOFFICIAL_FREE_VENDOR,2026-07-21T03:21:14.119840+00:00,a3bc5029e46532a95ddddc3256b6a7a6c597cceb15cc18bbbab14337986611e1,
HKEX:00220,00220,2023-06-06,CASH_DIVIDEND,0.3758,HKD,nan,nan,,YAHOO_CHART_EVENTS,UNOFFICIAL_FREE_VENDOR,2026-07-21T03:21:14.119840+00:00,e144b4b3d40368f26c4494b7fd98f38c7de7f48dca0df40551f1b81536e45503,
HKEX:00220,00220,2024-06-04,CASH_DIVIDEND,0.4663,HKD,nan,nan,,YAHOO_CHART_EVENTS,UNOFFICIAL_FREE_VENDOR,2026-07-21T03:21:14.119840+00:00,e144b4b3d40368f26c4494b7fd98f38c7de7f48dca0df40551f1b81536e45503,
HKEX:00220,00220,2025-06-10,CASH_DIVIDEND,0.4668,HKD,nan,nan,,YAHOO_CHART_EVENTS,UNOFFICIAL_FREE_VENDOR,2026-07-21T03:21:14.119840+00:00,e144b4b3d40368f26c4494b7fd98f38c7de7f48dca0df40551f1b81536e45503,
HKEX:00220,00220,2026-06-09,CASH_DIVIDEND,0.5497,HKD,nan,nan,,YAHOO_CHART_EVENTS,UNOFFICIAL_FREE_VENDOR,2026-07-21T03:21:14.119840+00:00,e144b4b3d40368f26c4494b7fd98f38c7de7f48dca0df40551f1b81536e45503,
HKEX:00257,00257,2023-05-30,CASH_DIVIDEND,0.09,HKD,nan,nan,,YAHOO_CHART_EVENTS,UNOFFICIAL_FREE_VENDOR,2026-07-21T03:21:14.119840+00:00,1cee1d11e9d50b7e64d53d80f3aaf9e45d38b0c71849722e43223d6b4dca471f,
HKEX:00257,00257,2023-09-25,CASH_DIVIDEND,0.14,HKD,nan,nan,,YAHOO_CHART_EVENTS,UNOFFICIAL_FREE_VENDOR,2026-07-21T03:21:14.119840+00:00,1cee1d11e9d50b7e64d53d80f3aaf9e45d38b0c71849722e43223d6b4dca471f,
HKEX:00257,00257,2024-06-04,CASH_DIVIDEND,0.08,HKD,nan,nan,,YAHOO_CHART_EVENTS,UNOFFICIAL_FREE_VENDOR,2026-07-21T03:21:14.119840+00:00,1cee1d11e9d50b7e64d53d80f3aaf9e45d38b0c71849722e43223d6b4dca471f,
HKEX:00257,00257,2024-09-23,CASH_DIVIDEND,0.14,HKD,nan,nan,,YAHOO_CHART_EVENTS,UNOFFICIAL_FREE_VENDOR,2026-07-21T03:21:14.119840+00:00,1cee1d11e9d50b7e64d53d80f3aaf9e45d38b0c71849722e43223d6b4dca471f,
HKEX:00257,00257,2025-06-03,CASH_DIVIDEND,0.09,HKD,nan,nan,,YAHOO_CHART_EVENTS,UNOFFICIAL_FREE_VENDOR,2026-07-21T03:21:14.119840+00:00,1cee1d11e9d50b7e64d53d80f3aaf9e45d38b0c71849722e43223d6b4dca471f,
HKEX:00257,00257,2025-09-22,CASH_DIVIDEND,0.15,HKD,nan,nan,,YAHOO_CHART_EVENTS,UNOFFICIAL_FREE_VENDOR,2026-07-21T03:21:14.119840+00:00,1cee1d11e9d50b7e64d53d80f3aaf9e45d38b0c71849722e43223d6b4dca471f,
HKEX:00257,00257,2026-06-02,CASH_DIVIDEND,0.12,HKD,nan,nan,,YAHOO_CHART_EVENTS,UNOFFICIAL_FREE_VENDOR,2026-07-21T03:21:14.119840+00:00,1cee1d11e9d50b7e64d53d80f3aaf9e45d38b0c71849722e43223d6b4dca471f,
HKEX:00267,00267,2023-06-26,CASH_DIVIDEND,0.451,HKD,nan,nan,,YAHOO_CHART_EVENTS,UNOFFICIAL_FREE_VENDOR,2026-07-21T03:21:14.119840+00:00,e08fb4f424cb01819f8d564b3da95d91a52327ec34af1d4298872cc4694fd0d6,
HKEX:00267,00267,2023-09-22,CASH_DIVIDEND,0.196484,HKD,nan,nan,,YAHOO_CHART_EVENTS,UNOFFICIAL_FREE_VENDOR,2026-07-21T03:21:14.119840+00:00,e08fb4f424cb01819f8d564b3da95d91a52327ec34af1d4298872cc4694fd0d6,
HKEX:00267,00267,2024-06-27,CASH_DIVIDEND,0.367291,HKD,nan,nan,,YAHOO_CHART_EVENTS,UNOFFICIAL_FREE_VENDOR,2026-07-21T03:21:14.119840+00:00,e08fb4f424cb01819f8d564b3da95d91a52327ec34af1d4298872cc4694fd0d6,
HKEX:00267,00267,2024-09-23,CASH_DIVIDEND,0.207946,HKD,nan,nan,,YAHOO_CHART_EVENTS,UNOFFICIAL_FREE_VENDOR,2026-07-21T03:21:14.119840+00:00,e08fb4f424cb01819f8d564b3da95d91a52327ec34af1d4298872cc4694fd0d6,
HKEX:00267,00267,2025-06-27,CASH_DIVIDEND,0.394178,HKD,nan,nan,,YAHOO_CHART_EVENTS,UNOFFICIAL_FREE_VENDOR,2026-07-21T03:21:14.119840+00:00,e08fb4f424cb01819f8d564b3da95d91a52327ec34af1d4298872cc4694fd0d6,
HKEX:00267,00267,2025-09-22,CASH_DIVIDEND,0.21926,HKD,nan,nan,,YAHOO_CHART_EVENTS,UNOFFICIAL_FREE_VENDOR,2026-07-21T03:21:14.119840+00:00,e08fb4f424cb01819f8d564b3da95d91a52327ec34af1d4298872cc4694fd0d6,
HKEX:00267,00267,2026-06-30,CASH_DIVIDEND,0.442696,HKD,nan,nan,,YAHOO_CHART_EVENTS,UNOFFICIAL_FREE_VENDOR,2026-07-21T03:21:14.119840+00:00,e08fb4f424cb01819f8d564b3da95d91a52327ec34af1d4298872cc4694fd0d6,
HKEX:00270,00270,2023-06-27,CASH_DIVIDEND,0.4262,HKD,nan,nan,,YAHOO_CHART_EVENTS,UNOFFICIAL_FREE_VENDOR,2026-07-21T03:21:14.119840+00:00,bfcbc8358c7ad85b6cfd2fa5c25e0b24510695b94ea67265ad5ad380bf56e8b7,
HKEX:00270,00270,2023-10-06,CASH_DIVIDEND,0.1871,HKD,nan,nan,,YAHOO_CHART_EVENTS,UNOFFICIAL_FREE_VENDOR,2026-07-21T03:21:14.119840+00:00,bfcbc8358c7ad85b6cfd2fa5c25e0b24510695b94ea67265ad5ad380bf56e8b7,
HKEX:00270,00270,2024-06-26,CASH_DIVIDEND,0.1233,HKD,nan,nan,,YAHOO_CHART_EVENTS,UNOFFICIAL_FREE_VENDOR,2026-07-21T03:21:14.119840+00:00,bfcbc8358c7ad85b6cfd2fa5c25e0b24510695b94ea67265ad5ad380bf56e8b7,
HKEX:00270,00270,2024-10-09,CASH_DIVIDEND,0.2397,HKD,nan,nan,,YAHOO_CHART_EVENTS,UNOFFICIAL_FREE_VENDOR,2026-07-21T03:21:14.119840+00:00,bfcbc8358c7ad85b6cfd2fa5c25e0b24510695b94ea67265ad5ad380bf56e8b7,
HKEX:00270,00270,2025-06-25,CASH_DIVIDEND,0.0727,HKD,nan,nan,,YAHOO_CHART_EVENTS,UNOFFICIAL_FREE_VENDOR,2026-07-21T03:21:14.119840+00:00,bfcbc8358c7ad85b6cfd2fa5c25e0b24510695b94ea67265ad5ad380bf56e8b7,
HKEX:00270,00270,2025-10-08,CASH_DIVIDEND,0.2666,HKD,nan,nan,,YAHOO_CHART_EVENTS,UNOFFICIAL_FREE_VENDOR,2026-07-21T03:21:14.119840+00:00,bfcbc8358c7ad85b6cfd2fa5c25e0b24510695b94ea67265ad5ad380bf56e8b7,
HKEX:00270,00270,2026-07-02,CASH_DIVIDEND,0.1963,HKD,nan,nan,,YAHOO_CHART_EVENTS,UNOFFICIAL_FREE_VENDOR,2026-07-21T03:21:14.119840+00:00,bfcbc8358c7ad85b6cfd2fa5c25e0b24510695b94ea67265ad5ad380bf56e8b7,
HKEX:00285,00285,2023-06-13,CASH_DIVIDEND,0.18208,HKD,nan,nan,,YAHOO_CHART_EVENTS,UNOFFICIAL_FREE_VENDOR,2026-07-21T03:21:14.119840+00:00,bf6aee21f73e856feb016afbd83ddb7a3b30d239ca66a2a90a083b64cf6e0ad3,
HKEX:00285,00285,2024-06-11,CASH_DIVIDEND,0.5915,HKD,nan,nan,,YAHOO_CHART_EVENTS,UNOFFICIAL_FREE_VENDOR,2026-07-21T03:21:14.119840+00:00,bf6aee21f73e856feb016afbd83ddb7a3b30d239ca66a2a90a083b64cf6e0ad3,
HKEX:00285,00285,2025-06-10,CASH_DIVIDEND,0.61973,HKD,nan,nan,,YAHOO_CHART_EVENTS,UNOFFICIAL_FREE_VENDOR,2026-07-21T03:21:14.119840+00:00,bf6aee21f73e856feb016afbd83ddb7a3b30d239ca66a2a90a083b64cf6e0ad3,
HKEX:00285,00285,2026-06-11,CASH_DIVIDEND,0.17928,HKD,nan,nan,,YAHOO_CHART_EVENTS,UNOFFICIAL_FREE_VENDOR,2026-07-21T03:21:14.119840+00:00,bf6aee21f73e856feb016afbd83ddb7a3b30d239ca66a2a90a083b64cf6e0ad3,
HKEX:00288,00288,2023-06-09,CASH_DIVIDEND,0.25,HKD,nan,nan,,YAHOO_CHART_EVENTS,UNOFFICIAL_FREE_VENDOR,2026-07-21T03:21:14.119840+00:00,e321df1bbec0a4ad1303fce1c390257d1a4b16b8758f2b1c44a3c7d49b27f611,
HKEX:00288,00288,2023-08-28,CASH_DIVIDEND,0.05,HKD,nan,nan,,YAHOO_CHART_EVENTS,UNOFFICIAL_FREE_VENDOR,2026-07-21T03:21:14.119840+00:00,e321df1bbec0a4ad1303fce1c390257d1a4b16b8758f2b1c44a3c7d49b27f611,
HKEX:00288,00288,2024-05-14,CASH_DIVIDEND,0.25,HKD,nan,nan,,YAHOO_CHART_EVENTS,UNOFFICIAL_FREE_VENDOR,2026-07-21T03:21:14.119840+00:00,e321df1bbec0a4ad1303fce1c390257d1a4b16b8758f2b1c44a3c7d49b27f611,
HKEX:00288,00288,2024-08-26,CASH_DIVIDEND,0.1,HKD,nan,nan,,YAHOO_CHART_EVENTS,UNOFFICIAL_FREE_VENDOR,2026-07-21T03:21:14.119840+00:00,e321df1bbec0a4ad1303fce1c390257d1a4b16b8758f2b1c44a3c7d49b27f611,
HKEX:00288,00288,2025-02-18,CASH_DIVIDEND,0.01673,HKD,nan,nan,,YAHOO_CHART_EVENTS,UNOFFICIAL_FREE_VENDOR,2026-07-21T03:21:14.119840+00:00,e321df1bbec0a4ad1303fce1c390257d1a4b16b8758f2b1c44a3c7d49b27f611,
HKEX:00288,00288,2025-03-13,CASH_DIVIDEND,0.18,HKD,nan,nan,,YAHOO_CHART_EVENTS,UNOFFICIAL_FREE_VENDOR,2026-07-21T03:21:14.119840+00:00,e321df1bbec0a4ad1303fce1c390257d1a4b16b8758f2b1c44a3c7d49b27f611,
HKEX:00288,00288,2025-05-14,CASH_DIVIDEND,0.4,HKD,nan,nan,,YAHOO_CHART_EVENTS,UNOFFICIAL_FREE_VENDOR,2026-07-21T03:21:14.119840+00:00,e321df1bbec0a4ad1303fce1c390257d1a4b16b8758f2b1c44a3c7d49b27f611,
HKEX:00288,00288,2025-08-25,CASH_DIVIDEND,0.2,HKD,nan,nan,,YAHOO_CHART_EVENTS,UNOFFICIAL_FREE_VENDOR,2026-07-21T03:21:14.119840+00:00,e321df1bbec0a4ad1303fce1c390257d1a4b16b8758f2b1c44a3c7d49b27f611,
HKEX:00288,00288,2025-10-06,CASH_DIVIDEND,0.3,HKD,nan,nan,,YAHOO_CHART_EVENTS,UNOFFICIAL_FREE_VENDOR,2026-07-21T03:21:14.119840+00:00,e321df1bbec0a4ad1303fce1c390257d1a4b16b8758f2b1c44a3c7d49b27f611,
HKEX:00288,00288,2026-05-13,CASH_DIVIDEND,0.41,HKD,nan,nan,,YAHOO_CHART_EVENTS,UNOFFICIAL_FREE_VENDOR,2026-07-21T03:21:14.119840+00:00,e321df1bbec0a4ad1303fce1c390257d1a4b16b8758f2b1c44a3c7d49b27f611,
HKEX:00291,00291,2023-05-23,CASH_DIVIDEND,0.339,HKD,nan,nan,,YAHOO_CHART_EVENTS,UNOFFICIAL_FREE_VENDOR,2026-07-21T03:21:14.119840+00:00,869a1f4ac998d17a8f152bd1826e60c105904b4a1d79ac33627617742416b4ae,
HKEX:00291,00291,2023-08-30,CASH_DIVIDEND,0.312,HKD,nan,nan,,YAHOO_CHART_EVENTS,UNOFFICIAL_FREE_VENDOR,2026-07-21T03:21:14.119840+00:00,869a1f4ac998d17a8f152bd1826e60c105904b4a1d79ac33627617742416b4ae,
HKEX:00291,00291,2024-05-22,CASH_DIVIDEND,0.714,HKD,nan,nan,,YAHOO_CHART_EVENTS,UNOFFICIAL_FREE_VENDOR,2026-07-21T03:21:14.119840+00:00,869a1f4ac998d17a8f152bd1826e60c105904b4a1d79ac33627617742416b4ae,
HKEX:00291,00291,2024-09-03,CASH_DIVIDEND,0.407,HKD,nan,nan,,YAHOO_CHART_EVENTS,UNOFFICIAL_FREE_VENDOR,2026-07-21T03:21:14.119840+00:00,869a1f4ac998d17a8f152bd1826e60c105904b4a1d79ac33627617742416b4ae,
HKEX:00291,00291,2025-05-22,CASH_DIVIDEND,0.42,HKD,nan,nan,,YAHOO_CHART_EVENTS,UNOFFICIAL_FREE_VENDOR,2026-07-21T03:21:14.119840+00:00,869a1f4ac998d17a8f152bd1826e60c105904b4a1d79ac33627617742416b4ae,
HKEX:00291,00291,2025-09-02,CASH_DIVIDEND,0.51,HKD,nan,nan,,YAHOO_CHART_EVENTS,UNOFFICIAL_FREE_VENDOR,2026-07-21T03:21:14.119840+00:00,869a1f4ac998d17a8f152bd1826e60c105904b4a1d79ac33627617742416b4ae,
HKEX:00291,00291,2026-05-22,CASH_DIVIDEND,0.638,HKD,nan,nan,,YAHOO_CHART_EVENTS,UNOFFICIAL_FREE_VENDOR,2026-07-21T03:21:14.119840+00:00,869a1f4ac998d17a8f152bd1826e60c105904b4a1d79ac33627617742416b4ae,
HKEX:00293,00293,2024-04-02,CASH_DIVIDEND,0.43,HKD,nan,nan,,YAHOO_CHART_EVENTS,UNOFFICIAL_FREE_VENDOR,2026-07-21T03:21:14.119840+00:00,b8191a74caf9811d5778e1529782c18a9930dc929eee281f55d0378af630d872,
HKEX:00293,00293,2024-09-04,CASH_DIVIDEND,0.2,HKD,nan,nan,,YAHOO_CHART_EVENTS,UNOFFICIAL_FREE_VENDOR,2026-07-21T03:21:14.119840+00:00,b8191a74caf9811d5778e1529782c18a9930dc929eee281f55d0378af630d872,
HKEX:00293,00293,2025-04-01,CASH_DIVIDEND,0.49,HKD,nan,nan,,YAHOO_CHART_EVENTS,UNOFFICIAL_FREE_VENDOR,2026-07-21T03:21:14.119840+00:00,b8191a74caf9811d5778e1529782c18a9930dc929eee281f55d0378af630d872,
HKEX:00293,00293,2025-09-03,CASH_DIVIDEND,0.2,HKD,nan,nan,,YAHOO_CHART_EVENTS,UNOFFICIAL_FREE_VENDOR,2026-07-21T03:21:14.119840+00:00,b8191a74caf9811d5778e1529782c18a9930dc929eee281f55d0378af630d872,
HKEX:00293,00293,2026-03-31,CASH_DIVIDEND,0.64,HKD,nan,nan,,YAHOO_CHART_EVENTS,UNOFFICIAL_FREE_VENDOR,2026-07-21T03:21:14.119840+00:00,b8191a74caf9811d5778e1529782c18a9930dc929eee281f55d0378af630d872,
HKEX:00297,00297,2023-06-23,CASH_DIVIDEND,0.0623,HKD,nan,nan,,YAHOO_CHART_EVENTS,UNOFFICIAL_FREE_VENDOR,2026-07-21T03:21:14.119840+00:00,8dcfc14fd808e4ed6f7a95924fff2dcaec0217a5956d5e18d27772aedd9e5d28,
HKEX:00297,00297,2024-06-13,CASH_DIVIDEND,0.0491,HKD,nan,nan,,YAHOO_CHART_EVENTS,UNOFFICIAL_FREE_VENDOR,2026-07-21T03:21:14.119840+00:00,8dcfc14fd808e4ed6f7a95924fff2dcaec0217a5956d5e18d27772aedd9e5d28,
HKEX:00297,00297,2025-06-13,CASH_DIVIDEND,0.0571,HKD,nan,nan,,YAHOO_CHART_EVENTS,UNOFFICIAL_FREE_VENDOR,2026-07-21T03:21:14.119840+00:00,8dcfc14fd808e4ed6f7a95924fff2dcaec0217a5956d5e18d27772aedd9e5d28,
HKEX:00297,00297,2025-07-08,CASH_DIVIDEND,0.0246,HKD,nan,nan,,YAHOO_CHART_EVENTS,UNOFFICIAL_FREE_VENDOR,2026-07-21T03:21:14.119840+00:00,8dcfc14fd808e4ed6f7a95924fff2dcaec0217a5956d5e18d27772aedd9e5d28,
HKEX:00297,00297,2026-06-10,CASH_DIVIDEND,0.0693,HKD,nan,nan,,YAHOO_CHART_EVENTS,UNOFFICIAL_FREE_VENDOR,2026-07-21T03:21:14.119840+00:00,8dcfc14fd808e4ed6f7a95924fff2dcaec0217a5956d5e18d27772aedd9e5d28,
HKEX:00300,00300,2025-06-03,CASH_DIVIDEND,3.81468,HKD,nan,nan,,YAHOO_CHART_EVENTS,UNOFFICIAL_FREE_VENDOR,2026-07-21T03:21:14.119840+00:00,633a12c7730736cc392017b89be45d35366efbfd50c3077fc6316993b1f5cb40,
HKEX:00300,00300,2025-10-30,CASH_DIVIDEND,0.54692,HKD,nan,nan,,YAHOO_CHART_EVENTS,UNOFFICIAL_FREE_VENDOR,2026-07-21T03:21:14.119840+00:00,633a12c7730736cc392017b89be45d35366efbfd50c3077fc6316993b1f5cb40,
HKEX:00300,00300,2026-06-18,CASH_DIVIDEND,4.36734,HKD,nan,nan,,YAHOO_CHART_EVENTS,UNOFFICIAL_FREE_VENDOR,2026-07-21T03:21:14.119840+00:00,633a12c7730736cc392017b89be45d35366efbfd50c3077fc6316993b1f5cb40,
HKEX:00303,00303,2023-07-21,CASH_DIVIDEND,3.28314,HKD,nan,nan,,YAHOO_CHART_EVENTS,UNOFFICIAL_FREE_VENDOR,2026-07-21T03:21:14.119840+00:00,ecae43c7ee4f977c0e5a67d0e57659373ceb73bc6dd90953c8d4ac91deac14b1,
HKEX:00303,00303,2023-12-07,CASH_DIVIDEND,1.32736,HKD,nan,nan,,YAHOO_CHART_EVENTS,UNOFFICIAL_FREE_VENDOR,2026-07-21T03:21:14.119840+00:00,ecae43c7ee4f977c0e5a67d0e57659373ceb73bc6dd90953c8d4ac91deac14b1,
HKEX:00303,00303,2024-07-26,CASH_DIVIDEND,3.746784,HKD,nan,nan,,YAHOO_CHART_EVENTS,UNOFFICIAL_FREE_VENDOR,2026-07-21T03:21:14.119840+00:00,ecae43c7ee4f977c0e5a67d0e57659373ceb73bc6dd90953c8d4ac91deac14b1,
HKEX:00303,00303,2024-12-05,CASH_DIVIDEND,1.321971,HKD,nan,nan,,YAHOO_CHART_EVENTS,UNOFFICIAL_FREE_VENDOR,2026-07-21T03:21:14.119840+00:00,ecae43c7ee4f977c0e5a67d0e57659373ceb73bc6dd90953c8d4ac91deac14b1,
HKEX:00303,00303,2025-07-17,CASH_DIVIDEND,3.452746,HKD,nan,nan,,YAHOO_CHART_EVENTS,UNOFFICIAL_FREE_VENDOR,2026-07-21T03:21:14.119840+00:00,ecae43c7ee4f977c0e5a67d0e57659373ceb73bc6dd90953c8d4ac91deac14b1,
HKEX:00303,00303,2025-12-08,CASH_DIVIDEND,1.322855,HKD,nan,nan,,YAHOO_CHART_EVENTS,UNOFFICIAL_FREE_VENDOR,2026-07-21T03:21:14.119840+00:00,ecae43c7ee4f977c0e5a67d0e57659373ceb73bc6dd90953c8d4ac91deac14b1,
HKEX:00308,00308,2023-09-18,CASH_DIVIDEND,0.015,HKD,nan,nan,,YAHOO_CHART_EVENTS,UNOFFICIAL_FREE_VENDOR,2026-07-21T03:21:14.119840+00:00,dff4188114e76ebcafec6df76e7a3bc76baacc53f15928c4de9e8847b60c07b8,
HKEX:00308,00308,2024-05-23,CASH_DIVIDEND,0.01,HKD,nan,nan,,YAHOO_CHART_EVENTS,UNOFFICIAL_FREE_VENDOR,2026-07-21T03:21:14.119840+00:00,dff4188114e76ebcafec6df76e7a3bc76baacc53f15928c4de9e8847b60c07b8,
HKEX:00308,00308,2024-09-16,CASH_DIVIDEND,0.015,HKD,nan,nan,,YAHOO_CHART_EVENTS,UNOFFICIAL_FREE_VENDOR,2026-07-21T03:21:14.119840+00:00,dff4188114e76ebcafec6df76e7a3bc76baacc53f15928c4de9e8847b60c07b8,
HKEX:00308,00308,2025-11-18,CASH_DIVIDEND,0.336,HKD,nan,nan,,YAHOO_CHART_EVENTS,UNOFFICIAL_FREE_VENDOR,2026-07-21T03:21:14.119840+00:00,dff4188114e76ebcafec6df76e7a3bc76baacc53f15928c4de9e8847b60c07b8,
HKEX:00308,00308,2026-06-02,CASH_DIVIDEND,0.01,HKD,nan,nan,,YAHOO_CHART_EVENTS,UNOFFICIAL_FREE_VENDOR,2026-07-21T03:21:14.119840+00:00,dff4188114e76ebcafec6df76e7a3bc76baacc53f15928c4de9e8847b60c07b8,
HKEX:00316,00316,2023-05-24,CASH_DIVIDEND,35.568,HKD,nan,nan,,YAHOO_CHART_EVENTS,UNOFFICIAL_FREE_VENDOR,2026-07-21T03:21:14.119840+00:00,4e59e2721285b14370bb3a08b9369474c0b3241cc4a5341503f97e71f0570aa4,
HKEX:00316,00316,2023-08-31,CASH_DIVIDEND,6.708,HKD,nan,nan,,YAHOO_CHART_EVENTS,UNOFFICIAL_FREE_VENDOR,2026-07-21T03:21:14.119840+00:00,4e59e2721285b14370bb3a08b9369474c0b3241cc4a5341503f97e71f0570aa4,
HKEX:00316,00316,2024-05-27,CASH_DIVIDEND,1.412,HKD,nan,nan,,YAHOO_CHART_EVENTS,UNOFFICIAL_FREE_VENDOR,2026-07-21T03:21:14.119840+00:00,4e59e2721285b14370bb3a08b9369474c0b3241cc4a5341503f97e71f0570aa4,
HKEX:00316,00316,2024-09-05,CASH_DIVIDEND,4.914,HKD,nan,nan,,YAHOO_CHART_EVENTS,UNOFFICIAL_FREE_VENDOR,2026-07-21T03:21:14.119840+00:00,4e59e2721285b14370bb3a08b9369474c0b3241cc4a5341503f97e71f0570aa4,
HKEX:00316,00316,2025-05-30,CASH_DIVIDEND,10.296,HKD,nan,nan,,YAHOO_CHART_EVENTS,UNOFFICIAL_FREE_VENDOR,2026-07-21T03:21:14.119840+00:00,4e59e2721285b14370bb3a08b9369474c0b3241cc4a5341503f97e71f0570aa4,
HKEX:00316,00316,2025-09-04,CASH_DIVIDEND,5.616,HKD,nan,nan,,YAHOO_CHART_EVENTS,UNOFFICIAL_FREE_VENDOR,2026-07-21T03:21:14.119840+00:00,4e59e2721285b14370bb3a08b9369474c0b3241cc4a5341503f97e71f0570aa4,
HKEX:00316,00316,2026-05-27,CASH_DIVIDEND,3.276,HKD,nan,nan,,YAHOO_CHART_EVENTS,UNOFFICIAL_FREE_VENDOR,2026-07-21T03:21:14.119840+00:00,4e59e2721285b14370bb3a08b9369474c0b3241cc4a5341503f97e71f0570aa4,
HKEX:00317,00317,2023-05-29,CASH_DIVIDEND,0.011164,HKD,nan,nan,,YAHOO_CHART_EVENTS,UNOFFICIAL_FREE_VENDOR,2026-07-21T03:21:14.119840+00:00,92aff2444f5ece83e4233f41210025005b4e7e504feeb528d194aad1f602a32b,
HKEX:00317,00317,2024-06-03,CASH_DIVIDEND,0.012082,HKD,nan,nan,,YAHOO_CHART_EVENTS,UNOFFICIAL_FREE_VENDOR,2026-07-21T03:21:14.119840+00:00,92aff2444f5ece83e4233f41210025005b4e7e504feeb528d194aad1f602a32b,
HKEX:00317,00317,2024-10-10,CASH_DIVIDEND,0.013265,HKD,nan,nan,,YAHOO_CHART_EVENTS,UNOFFICIAL_FREE_VENDOR,2026-07-21T03:21:14.119840+00:00,92aff2444f5ece83e4233f41210025005b4e7e504feeb528d194aad1f602a32b,
HKEX:00317,00317,2025-05-30,CASH_DIVIDEND,0.076214,HKD,nan,nan,,YAHOO_CHART_EVENTS,UNOFFICIAL_FREE_VENDOR,2026-07-21T03:21:14.119840+00:00,92aff2444f5ece83e4233f41210025005b4e7e504feeb528d194aad1f602a32b,
HKEX:00317,00317,2025-09-18,CASH_DIVIDEND,0.087706,HKD,nan,nan,,YAHOO_CHART_EVENTS,UNOFFICIAL_FREE_VENDOR,2026-07-21T03:21:14.119840+00:00,92aff2444f5ece83e4233f41210025005b4e7e504feeb528d194aad1f602a32b,
HKEX:00317,00317,2026-05-29,CASH_DIVIDEND,0.154747,HKD,nan,nan,,YAHOO_CHART_EVENTS,UNOFFICIAL_FREE_VENDOR,2026-07-21T03:21:14.119840+00:00,92aff2444f5ece83e4233f41210025005b4e7e504feeb528d194aad1f602a32b,
HKEX:00322,00322,2023-06-07,CASH_DIVIDEND,0.51486,HKD,nan,nan,,YAHOO_CHART_EVENTS,UNOFFICIAL_FREE_VENDOR,2026-07-21T03:21:14.119840+00:00,7058b7b3a24e9283e796233334b97ab8bf320c5b12f50c84f2a0a84591ec984f,
HKEX:00322,00322,2024-06-12,CASH_DIVIDEND,0.5953,HKD,nan,nan,,YAHOO_CHART_EVENTS,UNOFFICIAL_FREE_VENDOR,2026-07-21T03:21:14.119840+00:00,7058b7b3a24e9283e796233334b97ab8bf320c5b12f50c84f2a0a84591ec984f,
HKEX:00322,00322,2025-06-11,CASH_DIVIDEND,0.72424,HKD,nan,nan,,YAHOO_CHART_EVENTS,UNOFFICIAL_FREE_VENDOR,2026-07-21T03:21:14.119840+00:00,7058b7b3a24e9283e796233334b97ab8bf320c5b12f50c84f2a0a84591ec984f,
HKEX:00322,00322,2026-06-10,CASH_DIVIDEND,0.92176,HKD,nan,nan,,YAHOO_CHART_EVENTS,UNOFFICIAL_FREE_VENDOR,2026-07-21T03:21:14.119840+00:00,7058b7b3a24e9283e796233334b97ab8bf320c5b12f50c84f2a0a84591ec984f,
HKEX:00323,00323,2023-06-21,CASH_DIVIDEND,0.02195,HKD,nan,nan,,YAHOO_CHART_EVENTS,UNOFFICIAL_FREE_VENDOR,2026-07-21T03:21:14.119840+00:00,2dec0905557791857ea21596368671d72197842ad2aaa14aff0f2a383eff3fcc,
HKEX:00336,00336,2023-06-08,CASH_DIVIDEND,0.051,HKD,nan,nan,,YAHOO_CHART_EVENTS,UNOFFICIAL_FREE_VENDOR,2026-07-21T03:21:14.119840+00:00,2e9d081b7469b937a650e91e1532eb42854e5fdd09e73f47048c810c94e70deb,
HKEX:00336,00336,2023-09-13,CASH_DIVIDEND,0.035,HKD,nan,nan,,YAHOO_CHART_EVENTS,UNOFFICIAL_FREE_VENDOR,2026-07-21T03:21:14.119840+00:00,2e9d081b7469b937a650e91e1532eb42854e5fdd09e73f47048c810c94e70deb,
HKEX:00336,00336,2024-06-06,CASH_DIVIDEND,0.05,HKD,nan,nan,,YAHOO_CHART_EVENTS,UNOFFICIAL_FREE_VENDOR,2026-07-21T03:21:14.119840+00:00,2e9d081b7469b937a650e91e1532eb42854e5fdd09e73f47048c810c94e70deb,
HKEX:00336,00336,2024-09-13,CASH_DIVIDEND,0.035,HKD,nan,nan,,YAHOO_CHART_EVENTS,UNOFFICIAL_FREE_VENDOR,2026-07-21T03:21:14.119840+00:00,2e9d081b7469b937a650e91e1532eb42854e5fdd09e73f47048c810c94e70deb,
HKEX:00336,00336,2025-06-05,CASH_DIVIDEND,0.05,HKD,nan,nan,,YAHOO_CHART_EVENTS,UNOFFICIAL_FREE_VENDOR,2026-07-21T03:21:14.119840+00:00,2e9d081b7469b937a650e91e1532eb42854e5fdd09e73f47048c810c94e70deb,
HKEX:00336,00336,2025-09-12,CASH_DIVIDEND,0.044,HKD,nan,nan,,YAHOO_CHART_EVENTS,UNOFFICIAL_FREE_VENDOR,2026-07-21T03:21:14.119840+00:00,2e9d081b7469b937a650e91e1532eb42854e5fdd09e73f47048c810c94e70deb,
HKEX:00336,00336,2026-05-21,CASH_DIVIDEND,0.055,HKD,nan,nan,,YAHOO_CHART_EVENTS,UNOFFICIAL_FREE_VENDOR,2026-07-21T03:21:14.119840+00:00,2e9d081b7469b937a650e91e1532eb42854e5fdd09e73f47048c810c94e70deb,
HKEX:00338,00338,2025-06-24,CASH_DIVIDEND,0.0218,HKD,nan,nan,,YAHOO_CHART_EVENTS,UNOFFICIAL_FREE_VENDOR,2026-07-21T03:21:14.119840+00:00,f8e0edf1ee52c1cb7a8abe0bcd121f083d6e1546ebbac94a00acc862dab3f2f8,
HKEX:00345,00345,2023-09-04,CASH_DIVIDEND,0.014,HKD,nan,nan,,YAHOO_CHART_EVENTS,UNOFFICIAL_FREE_VENDOR,2026-07-21T03:21:14.119840+00:00,6f016a53f452a7839b23474486bfe9fef466d73d2cc8f708ec99aad6c061921b,
HKEX:00345,00345,2023-12-05,CASH_DIVIDEND,0.014,HKD,nan,nan,,YAHOO_CHART_EVENTS,UNOFFICIAL_FREE_VENDOR,2026-07-21T03:21:14.119840+00:00,6f016a53f452a7839b23474486bfe9fef466d73d2cc8f708ec99aad6c061921b,
HKEX:00345,00345,2024-08-23,CASH_DIVIDEND,0.063,HKD,nan,nan,,YAHOO_CHART_EVENTS,UNOFFICIAL_FREE_VENDOR,2026-07-21T03:21:14.119840+00:00,6f016a53f452a7839b23474486bfe9fef466d73d2cc8f708ec99aad6c061921b,
HKEX:00345,00345,2024-12-10,CASH_DIVIDEND,0.04,HKD,nan,nan,,YAHOO_CHART_EVENTS,UNOFFICIAL_FREE_VENDOR,2026-07-21T03:21:14.119840+00:00,6f016a53f452a7839b23474486bfe9fef466d73d2cc8f708ec99aad6c061921b,
HKEX:00345,00345,2025-08-29,CASH_DIVIDEND,0.102,HKD,nan,nan,,YAHOO_CHART_EVENTS,UNOFFICIAL_FREE_VENDOR,2026-07-21T03:21:14.119840+00:00,6f016a53f452a7839b23474486bfe9fef466d73d2cc8f708ec99aad6c061921b,
HKEX:00345,00345,2025-12-09,CASH_DIVIDEND,0.04,HKD,nan,nan,,YAHOO_CHART_EVENTS,UNOFFICIAL_FREE_VENDOR,2026-07-21T03:21:14.119840+00:00,6f016a53f452a7839b23474486bfe9fef466d73d2cc8f708ec99aad6c061921b,
HKEX:00347,00347,2023-06-01,CASH_DIVIDEND,0.0076,HKD,nan,nan,,YAHOO_CHART_EVENTS,UNOFFICIAL_FREE_VENDOR,2026-07-21T03:21:14.119840+00:00,e74b8223ba69019e872cd7f37f01460ec4c7f396fbc77f4547de711561e31b8f,
HKEX:00354,00354,2024-05-31,CASH_DIVIDEND,0.0811,HKD,nan,nan,,YAHOO_CHART_EVENTS,UNOFFICIAL_FREE_VENDOR,2026-07-21T03:21:14.119840+00:00,d1f6f20fba9237d1cda2422d49520ffe0da19e6e6551e5fd034d770b7586ed05,
HKEX:00354,00354,2025-05-30,CASH_DIVIDEND,0.0533,HKD,nan,nan,,YAHOO_CHART_EVENTS,UNOFFICIAL_FREE_VENDOR,2026-07-21T03:21:14.119840+00:00,d1f6f20fba9237d1cda2422d49520ffe0da19e6e6551e5fd034d770b7586ed05,
HKEX:00354,00354,2026-06-05,CASH_DIVIDEND,0.0466,HKD,nan,nan,,YAHOO_CHART_EVENTS,UNOFFICIAL_FREE_VENDOR,2026-07-21T03:21:14.119840+00:00,d1f6f20fba9237d1cda2422d49520ffe0da19e6e6551e5fd034d770b7586ed05,
HKEX:00358,00358,2023-06-15,CASH_DIVIDEND,0.5529,HKD,nan,nan,,YAHOO_CHART_EVENTS,UNOFFICIAL_FREE_VENDOR,2026-07-21T03:21:14.119840+00:00,9d87b9b4e9c45dce583e18d9498875a670b0ca91206caefbc0aeba58d73e4b62,
HKEX:00358,00358,2024-06-13,CASH_DIVIDEND,0.6593,HKD,nan,nan,,YAHOO_CHART_EVENTS,UNOFFICIAL_FREE_VENDOR,2026-07-21T03:21:14.119840+00:00,9d87b9b4e9c45dce583e18d9498875a670b0ca91206caefbc0aeba58d73e4b62,
HKEX:00358,00358,2025-06-12,CASH_DIVIDEND,0.7633,HKD,nan,nan,,YAHOO_CHART_EVENTS,UNOFFICIAL_FREE_VENDOR,2026-07-21T03:21:14.119840+00:00,9d87b9b4e9c45dce583e18d9498875a670b0ca91206caefbc0aeba58d73e4b62,
HKEX:00358,00358,2025-11-04,CASH_DIVIDEND,0.43824,HKD,nan,nan,,YAHOO_CHART_EVENTS,UNOFFICIAL_FREE_VENDOR,2026-07-21T03:21:14.119840+00:00,9d87b9b4e9c45dce583e18d9498875a670b0ca91206caefbc0aeba58d73e4b62,
HKEX:00358,00358,2026-06-11,CASH_DIVIDEND,0.6896,HKD,nan,nan,,YAHOO_CHART_EVENTS,UNOFFICIAL_FREE_VENDOR,2026-07-21T03:21:14.119840+00:00,9d87b9b4e9c45dce583e18d9498875a670b0ca91206caefbc0aeba58d73e4b62,
HKEX:00363,00363,2023-06-01,CASH_DIVIDEND,0.5,HKD,nan,nan,,YAHOO_CHART_EVENTS,UNOFFICIAL_FREE_VENDOR,2026-07-21T03:21:14.119840+00:00,32e6fa09e6b04e7b39bc147e4f925c39ae27fc8fde918553e2a8da1d61d39cc2,
HKEX:00363,00363,2023-09-22,CASH_DIVIDEND,0.42,HKD,nan,nan,,YAHOO_CHART_EVENTS,UNOFFICIAL_FREE_VENDOR,2026-07-21T03:21:14.119840+00:00,32e6fa09e6b04e7b39bc147e4f925c39ae27fc8fde918553e2a8da1d61d39cc2,
HKEX:00363,00363,2024-05-30,CASH_DIVIDEND,0.52,HKD,nan,nan,,YAHOO_CHART_EVENTS,UNOFFICIAL_FREE_VENDOR,2026-07-21T03:21:14.119840+00:00,32e6fa09e6b04e7b39bc147e4f925c39ae27fc8fde918553e2a8da1d61d39cc2,
HKEX:00363,00363,2024-09-20,CASH_DIVIDEND,0.42,HKD,nan,nan,,YAHOO_CHART_EVENTS,UNOFFICIAL_FREE_VENDOR,2026-07-21T03:21:14.119840+00:00,32e6fa09e6b04e7b39bc147e4f925c39ae27fc8fde918553e2a8da1d61d39cc2,
HKEX:00363,00363,2025-06-04,CASH_DIVIDEND,0.52,HKD,nan,nan,,YAHOO_CHART_EVENTS,UNOFFICIAL_FREE_VENDOR,2026-07-21T03:21:14.119840+00:00,32e6fa09e6b04e7b39bc147e4f925c39ae27fc8fde918553e2a8da1d61d39cc2,
HKEX:00363,00363,2025-09-24,CASH_DIVIDEND,0.42,HKD,nan,nan,,YAHOO_CHART_EVENTS,UNOFFICIAL_FREE_VENDOR,2026-07-21T03:21:14.119840+00:00,32e6fa09e6b04e7b39bc147e4f925c39ae27fc8fde918553e2a8da1d61d39cc2,
HKEX:00363,00363,2026-06-03,CASH_DIVIDEND,0.7,HKD,nan,nan,,YAHOO_CHART_EVENTS,UNOFFICIAL_FREE_VENDOR,2026-07-21T03:21:14.119840+00:00,32e6fa09e6b04e7b39bc147e4f925c39ae27fc8fde918553e2a8da1d61d39cc2,
HKEX:00371,00371,2023-06-12,CASH_DIVIDEND,0.087,HKD,nan,nan,,YAHOO_CHART_EVENTS,UNOFFICIAL_FREE_VENDOR,2026-07-21T03:21:14.119840+00:00,8bd56d1dce219933866fd41e1df1a2cf6ba33b6412c69a53c4125e8d07fdf2ca,
HKEX:00371,00371,2023-09-27,CASH_DIVIDEND,0.07,HKD,nan,nan,,YAHOO_CHART_EVENTS,UNOFFICIAL_FREE_VENDOR,2026-07-21T03:21:14.119840+00:00,8bd56d1dce219933866fd41e1df1a2cf6ba33b6412c69a53c4125e8d07fdf2ca,
HKEX:00371,00371,2024-06-11,CASH_DIVIDEND,0.087,HKD,nan,nan,,YAHOO_CHART_EVENTS,UNOFFICIAL_FREE_VENDOR,2026-07-21T03:21:14.119840+00:00,8bd56d1dce219933866fd41e1df1a2cf6ba33b6412c69a53c4125e8d07fdf2ca,
HKEX:00371,00371,2024-09-09,CASH_DIVIDEND,0.07,HKD,nan,nan,,YAHOO_CHART_EVENTS,UNOFFICIAL_FREE_VENDOR,2026-07-21T03:21:14.119840+00:00,8bd56d1dce219933866fd41e1df1a2cf6ba33b6412c69a53c4125e8d07fdf2ca,
HKEX:00371,00371,2025-06-10,CASH_DIVIDEND,0.091,HKD,nan,nan,,YAHOO_CHART_EVENTS,UNOFFICIAL_FREE_VENDOR,2026-07-21T03:21:14.119840+00:00,8bd56d1dce219933866fd41e1df1a2cf6ba33b6412c69a53c4125e8d07fdf2ca,
HKEX:00371,00371,2025-09-08,CASH_DIVIDEND,0.0735,HKD,nan,nan,,YAHOO_CHART_EVENTS,UNOFFICIAL_FREE_VENDOR,2026-07-21T03:21:14.119840+00:00,8bd56d1dce219933866fd41e1df1a2cf6ba33b6412c69a53c4125e8d07fdf2ca,
HKEX:00371,00371,2026-06-02,CASH_DIVIDEND,0.0925,HKD,nan,nan,,YAHOO_CHART_EVENTS,UNOFFICIAL_FREE_VENDOR,2026-07-21T03:21:14.119840+00:00,8bd56d1dce219933866fd41e1df1a2cf6ba33b6412c69a53c4125e8d07fdf2ca,
HKEX:00384,00384,2023-01-05,CASH_DIVIDEND,0.1,HKD,nan,nan,,YAHOO_CHART_EVENTS,UNOFFICIAL_FREE_VENDOR,2026-07-21T03:21:14.119840+00:00,2e61e2ae13789f492c07ba4bb149d318c4b6ad950caebeedb07b6fe1e230d0e9,
HKEX:00384,00384,2023-08-25,CASH_DIVIDEND,0.4,HKD,nan,nan,,YAHOO_CHART_EVENTS,UNOFFICIAL_FREE_VENDOR,2026-07-21T03:21:14.119840+00:00,2e61e2ae13789f492c07ba4bb149d318c4b6ad950caebeedb07b6fe1e230d0e9,
HKEX:00384,00384,2024-01-04,CASH_DIVIDEND,0.15,HKD,nan,nan,,YAHOO_CHART_EVENTS,UNOFFICIAL_FREE_VENDOR,2026-07-21T03:21:14.119840+00:00,2e61e2ae13789f492c07ba4bb149d318c4b6ad950caebeedb07b6fe1e230d0e9,
HKEX:00384,00384,2024-08-23,CASH_DIVIDEND,0.35,HKD,nan,nan,,YAHOO_CHART_EVENTS,UNOFFICIAL_FREE_VENDOR,2026-07-21T03:21:14.119840+00:00,2e61e2ae13789f492c07ba4bb149d318c4b6ad950caebeedb07b6fe1e230d0e9,
HKEX:00384,00384,2025-01-06,CASH_DIVIDEND,0.15,HKD,nan,nan,,YAHOO_CHART_EVENTS,UNOFFICIAL_FREE_VENDOR,2026-07-21T03:21:14.119840+00:00,2e61e2ae13789f492c07ba4bb149d318c4b6ad950caebeedb07b6fe1e230d0e9,
HKEX:00384,00384,2025-08-25,CASH_DIVIDEND,0.35,HKD,nan,nan,,YAHOO_CHART_EVENTS,UNOFFICIAL_FREE_VENDOR,2026-07-21T03:21:14.119840+00:00,2e61e2ae13789f492c07ba4bb149d318c4b6ad950caebeedb07b6fe1e230d0e9,
HKEX:00384,00384,2026-01-05,CASH_DIVIDEND,0.15,HKD,nan,nan,,YAHOO_CHART_EVENTS,UNOFFICIAL_FREE_VENDOR,2026-07-21T03:21:14.119840+00:00,2e61e2ae13789f492c07ba4bb149d318c4b6ad950caebeedb07b6fe1e230d0e9,
HKEX:00386,00386,2023-06-12,CASH_DIVIDEND,0.2167,HKD,nan,nan,,YAHOO_CHART_EVENTS,UNOFFICIAL_FREE_VENDOR,2026-07-21T03:21:14.119840+00:00,609edb04d4e70632f2dbf6d10bb11dd590999d0487360d63fb292585136c57f0,
HKEX:00386,00386,2023-09-07,CASH_DIVIDEND,0.1578,HKD,nan,nan,,YAHOO_CHART_EVENTS,UNOFFICIAL_FREE_VENDOR,2026-07-21T03:21:14.119840+00:00,609edb04d4e70632f2dbf6d10bb11dd590999d0487360d63fb292585136c57f0,
HKEX:00386,00386,2024-07-08,CASH_DIVIDEND,0.2194,HKD,nan,nan,,YAHOO_CHART_EVENTS,UNOFFICIAL_FREE_VENDOR,2026-07-21T03:21:14.119840+00:00,609edb04d4e70632f2dbf6d10bb11dd590999d0487360d63fb292585136c57f0,
HKEX:00386,00386,2024-09-05,CASH_DIVIDEND,0.1593,HKD,nan,nan,,YAHOO_CHART_EVENTS,UNOFFICIAL_FREE_VENDOR,2026-07-21T03:21:14.119840+00:00,609edb04d4e70632f2dbf6d10bb11dd590999d0487360d63fb292585136c57f0,
HKEX:00386,00386,2025-06-09,CASH_DIVIDEND,0.1523,HKD,nan,nan,,YAHOO_CHART_EVENTS,UNOFFICIAL_FREE_VENDOR,2026-07-21T03:21:14.119840+00:00,609edb04d4e70632f2dbf6d10bb11dd590999d0487360d63fb292585136c57f0,
HKEX:00386,00386,2025-09-04,CASH_DIVIDEND,0.0967,HKD,nan,nan,,YAHOO_CHART_EVENTS,UNOFFICIAL_FREE_VENDOR,2026-07-21T03:21:14.119840+00:00,609edb04d4e70632f2dbf6d10bb11dd590999d0487360d63fb292585136c57f0,
HKEX:00386,00386,2026-06-08,CASH_DIVIDEND,0.1289,HKD,nan,nan,,YAHOO_CHART_EVENTS,UNOFFICIAL_FREE_VENDOR,2026-07-21T03:21:14.119840+00:00,609edb04d4e70632f2dbf6d10bb11dd590999d0487360d63fb292585136c57f0,
HKEX:00388,00388,2023-03-08,CASH_DIVIDEND,3.69,HKD,nan,nan,,YAHOO_CHART_EVENTS,UNOFFICIAL_FREE_VENDOR,2026-07-21T03:21:14.119840+00:00,3e289ac00075f55d25d8eb5b2cde08c5101d1df58180c9fdd24ff761746b59ad,
HKEX:00388,00388,2023-08-29,CASH_DIVIDEND,4.5,HKD,nan,nan,,YAHOO_CHART_EVENTS,UNOFFICIAL_FREE_VENDOR,2026-07-21T03:21:14.119840+00:00,3e289ac00075f55d25d8eb5b2cde08c5101d1df58180c9fdd24ff761746b59ad,
HKEX:00388,00388,2024-03-13,CASH_DIVIDEND,3.91,HKD,nan,nan,,YAHOO_CHART_EVENTS,UNOFFICIAL_FREE_VENDOR,2026-07-21T03:21:14.119840+00:00,3e289ac00075f55d25d8eb5b2cde08c5101d1df58180c9fdd24ff761746b59ad,
HKEX:00388,00388,2024-09-03,CASH_DIVIDEND,4.36,HKD,nan,nan,,YAHOO_CHART_EVENTS,UNOFFICIAL_FREE_VENDOR,2026-07-21T03:21:14.119840+00:00,3e289ac00075f55d25d8eb5b2cde08c5101d1df58180c9fdd24ff761746b59ad,
HKEX:00388,00388,2025-03-12,CASH_DIVIDEND,4.9,HKD,nan,nan,,YAHOO_CHART_EVENTS,UNOFFICIAL_FREE_VENDOR,2026-07-21T03:21:14.119840+00:00,3e289ac00075f55d25d8eb5b2cde08c5101d1df58180c9fdd24ff761746b59ad,
HKEX:00388,00388,2025-09-02,CASH_DIVIDEND,6.0,HKD,nan,nan,,YAHOO_CHART_EVENTS,UNOFFICIAL_FREE_VENDOR,2026-07-21T03:21:14.119840+00:00,3e289ac00075f55d25d8eb5b2cde08c5101d1df58180c9fdd24ff761746b59ad,
HKEX:00388,00388,2026-03-11,CASH_DIVIDEND,6.52,HKD,nan,nan,,YAHOO_CHART_EVENTS,UNOFFICIAL_FREE_VENDOR,2026-07-21T03:21:14.119840+00:00,3e289ac00075f55d25d8eb5b2cde08c5101d1df58180c9fdd24ff761746b59ad,
HKEX:00390,00390,2023-07-19,CASH_DIVIDEND,0.21764,HKD,nan,nan,,YAHOO_CHART_EVENTS,UNOFFICIAL_FREE_VENDOR,2026-07-21T03:21:14.119840+00:00,9f94c9491752d4a6d2e01eb4fd4159e2d926007655d50d109c53b49669ff6ef1,
HKEX:00390,00390,2024-07-17,CASH_DIVIDEND,0.2301,HKD,nan,nan,,YAHOO_CHART_EVENTS,UNOFFICIAL_FREE_VENDOR,2026-07-21T03:21:14.119840+00:00,9f94c9491752d4a6d2e01eb4fd4159e2d926007655d50d109c53b49669ff6ef1,
HKEX:00390,00390,2025-07-09,CASH_DIVIDEND,0.1948,HKD,nan,nan,,YAHOO_CHART_EVENTS,UNOFFICIAL_FREE_VENDOR,2026-07-21T03:21:14.119840+00:00,9f94c9491752d4a6d2e01eb4fd4159e2d926007655d50d109c53b49669ff6ef1,
HKEX:00390,00390,2025-12-01,CASH_DIVIDEND,0.0899,HKD,nan,nan,,YAHOO_CHART_EVENTS,UNOFFICIAL_FREE_VENDOR,2026-07-21T03:21:14.119840+00:00,9f94c9491752d4a6d2e01eb4fd4159e2d926007655d50d109c53b49669ff6ef1,
HKEX:00392,00392,2023-06-30,CASH_DIVIDEND,1.1,HKD,nan,nan,,YAHOO_CHART_EVENTS,UNOFFICIAL_FREE_VENDOR,2026-07-21T03:21:14.119840+00:00,d8bf3f3a5a2f3542858a97008067556ed776e512eed9496b135b61ec7683f90c,
HKEX:00392,00392,2023-09-22,CASH_DIVIDEND,0.93,HKD,nan,nan,,YAHOO_CHART_EVENTS,UNOFFICIAL_FREE_VENDOR,2026-07-21T03:21:14.119840+00:00,d8bf3f3a5a2f3542858a97008067556ed776e512eed9496b135b61ec7683f90c,
HKEX:00392,00392,2024-06-11,CASH_DIVIDEND,0.67,HKD,nan,nan,,YAHOO_CHART_EVENTS,UNOFFICIAL_FREE_VENDOR,2026-07-21T03:21:14.119840+00:00,d8bf3f3a5a2f3542858a97008067556ed776e512eed9496b135b61ec7683f90c,
HKEX:00392,00392,2024-09-11,CASH_DIVIDEND,0.85,HKD,nan,nan,,YAHOO_CHART_EVENTS,UNOFFICIAL_FREE_VENDOR,2026-07-21T03:21:14.119840+00:00,d8bf3f3a5a2f3542858a97008067556ed776e512eed9496b135b61ec7683f90c,
HKEX:00392,00392,2025-06-11,CASH_DIVIDEND,0.77,HKD,nan,nan,,YAHOO_CHART_EVENTS,UNOFFICIAL_FREE_VENDOR,2026-07-21T03:21:14.119840+00:00,d8bf3f3a5a2f3542858a97008067556ed776e512eed9496b135b61ec7683f90c,
HKEX:00392,00392,2025-09-10,CASH_DIVIDEND,0.85,HKD,nan,nan,,YAHOO_CHART_EVENTS,UNOFFICIAL_FREE_VENDOR,2026-07-21T03:21:14.119840+00:00,d8bf3f3a5a2f3542858a97008067556ed776e512eed9496b135b61ec7683f90c,
HKEX:00392,00392,2026-06-02,CASH_DIVIDEND,0.77,HKD,nan,nan,,YAHOO_CHART_EVENTS,UNOFFICIAL_FREE_VENDOR,2026-07-21T03:21:14.119840+00:00,d8bf3f3a5a2f3542858a97008067556ed776e512eed9496b135b61ec7683f90c,
HKEX:00425,00425,2023-06-02,CASH_DIVIDEND,0.578,HKD,nan,nan,,YAHOO_CHART_EVENTS,UNOFFICIAL_FREE_VENDOR,2026-07-21T03:21:14.119840+00:00,04496ceac62f021b555048e5a3b1d9819202935e6aac58f96189de629f1b1bcd,
HKEX:00425,00425,2025-06-03,CASH_DIVIDEND,0.435,HKD,nan,nan,,YAHOO_CHART_EVENTS,UNOFFICIAL_FREE_VENDOR,2026-07-21T03:21:14.119840+00:00,04496ceac62f021b555048e5a3b1d9819202935e6aac58f96189de629f1b1bcd,
HKEX:00425,00425,2026-07-03,CASH_DIVIDEND,0.764,HKD,nan,nan,,YAHOO_CHART_EVENTS,UNOFFICIAL_FREE_VENDOR,2026-07-21T03:21:14.119840+00:00,04496ceac62f021b555048e5a3b1d9819202935e6aac58f96189de629f1b1bcd,
HKEX:00440,00440,2023-06-07,CASH_DIVIDEND,0.81,HKD,nan,nan,,YAHOO_CHART_EVENTS,UNOFFICIAL_FREE_VENDOR,2026-07-21T03:21:14.119840+00:00,d44fffac311ff1b1753de3230c1b2f6506e01de9d3502063302e1e8a4731a8da,
HKEX:00440,00440,2023-09-07,CASH_DIVIDEND,0.36,HKD,nan,nan,,YAHOO_CHART_EVENTS,UNOFFICIAL_FREE_VENDOR,2026-07-21T03:21:14.119840+00:00,d44fffac311ff1b1753de3230c1b2f6506e01de9d3502063302e1e8a4731a8da,
HKEX:00440,00440,2024-06-05,CASH_DIVIDEND,1.64,HKD,nan,nan,,YAHOO_CHART_EVENTS,UNOFFICIAL_FREE_VENDOR,2026-07-21T03:21:14.119840+00:00,d44fffac311ff1b1753de3230c1b2f6506e01de9d3502063302e1e8a4731a8da,
HKEX:00440,00440,2024-09-11,CASH_DIVIDEND,0.92,HKD,nan,nan,,YAHOO_CHART_EVENTS,UNOFFICIAL_FREE_VENDOR,2026-07-21T03:21:14.119840+00:00,d44fffac311ff1b1753de3230c1b2f6506e01de9d3502063302e1e8a4731a8da,
HKEX:00440,00440,2025-06-04,CASH_DIVIDEND,1.18,HKD,nan,nan,,YAHOO_CHART_EVENTS,UNOFFICIAL_FREE_VENDOR,2026-07-21T03:21:14.119840+00:00,d44fffac311ff1b1753de3230c1b2f6506e01de9d3502063302e1e8a4731a8da,
HKEX:00440,00440,2025-09-04,CASH_DIVIDEND,1.16,HKD,nan,nan,,YAHOO_CHART_EVENTS,UNOFFICIAL_FREE_VENDOR,2026-07-21T03:21:14.119840+00:00,d44fffac311ff1b1753de3230c1b2f6506e01de9d3502063302e1e8a4731a8da,
HKEX:00440,00440,2026-06-10,CASH_DIVIDEND,1.42,HKD,nan,nan,,YAHOO_CHART_EVENTS,UNOFFICIAL_FREE_VENDOR,2026-07-21T03:21:14.119840+00:00,d44fffac311ff1b1753de3230c1b2f6506e01de9d3502063302e1e8a4731a8da,
HKEX:00460,00460,2023-06-06,CASH_DIVIDEND,0.037,HKD,nan,nan,,YAHOO_CHART_EVENTS,UNOFFICIAL_FREE_VENDOR,2026-07-21T03:21:14.119840+00:00,f45821aa4cee363009a6c5d8efa769455086bdfd6cdab83abe5207d3bd7dedad,
HKEX:00460,00460,2024-09-27,CASH_DIVIDEND,0.021,HKD,nan,nan,,YAHOO_CHART_EVENTS,UNOFFICIAL_FREE_VENDOR,2026-07-21T03:21:14.119840+00:00,f45821aa4cee363009a6c5d8efa769455086bdfd6cdab83abe5207d3bd7dedad,
HKEX:00460,00460,2025-09-26,CASH_DIVIDEND,0.0109,HKD,nan,nan,,YAHOO_CHART_EVENTS,UNOFFICIAL_FREE_VENDOR,2026-07-21T03:21:14.119840+00:00,f45821aa4cee363009a6c5d8efa769455086bdfd6cdab83abe5207d3bd7dedad,
HKEX:00460,00460,2026-06-30,CASH_DIVIDEND,0.0109,HKD,nan,nan,,YAHOO_CHART_EVENTS,UNOFFICIAL_FREE_VENDOR,2026-07-21T03:21:14.119840+00:00,f45821aa4cee363009a6c5d8efa769455086bdfd6cdab83abe5207d3bd7dedad,
HKEX:00467,00467,2023-07-18,CASH_DIVIDEND,0.04,HKD,nan,nan,,YAHOO_CHART_EVENTS,UNOFFICIAL_FREE_VENDOR,2026-07-21T03:21:14.119840+00:00,c90a2ae08ab65e15c5f928ef50dbf263be6064fa3ca58a14c645476a474112e9,
HKEX:00467,00467,2024-09-27,CASH_DIVIDEND,0.04,HKD,nan,nan,,YAHOO_CHART_EVENTS,UNOFFICIAL_FREE_VENDOR,2026-07-21T03:21:14.119840+00:00,c90a2ae08ab65e15c5f928ef50dbf263be6064fa3ca58a14c645476a474112e9,
HKEX:00467,00467,2025-06-06,CASH_DIVIDEND,0.05,HKD,nan,nan,,YAHOO_CHART_EVENTS,UNOFFICIAL_FREE_VENDOR,2026-07-21T03:21:14.119840+00:00,c90a2ae08ab65e15c5f928ef50dbf263be6064fa3ca58a14c645476a474112e9,
HKEX:00470,00470,2026-05-26,CASH_DIVIDEND,0.328572,HKD,nan,nan,,YAHOO_CHART_EVENTS,UNOFFICIAL_FREE_VENDOR,2026-07-21T03:21:14.119840+00:00,e9f4b05dc417e874e19696777db75183388dd913ccc3a89dc3d63c059fb96b90,
HKEX:00506,00506,2023-06-13,CASH_DIVIDEND,0.133,HKD,nan,nan,,YAHOO_CHART_EVENTS,UNOFFICIAL_FREE_VENDOR,2026-07-21T03:21:14.119840+00:00,5c31eae05d5910d174dcae3828aba0562c3b6a061375cf2488dbd3830939c25b,
HKEX:00506,00506,2024-06-18,CASH_DIVIDEND,0.159,HKD,nan,nan,,YAHOO_CHART_EVENTS,UNOFFICIAL_FREE_VENDOR,2026-07-21T03:21:14.119840+00:00,5c31eae05d5910d174dcae3828aba0562c3b6a061375cf2488dbd3830939c25b,
HKEX:00506,00506,2025-06-17,CASH_DIVIDEND,0.166,HKD,nan,nan,,YAHOO_CHART_EVENTS,UNOFFICIAL_FREE_VENDOR,2026-07-21T03:21:14.119840+00:00,5c31eae05d5910d174dcae3828aba0562c3b6a061375cf2488dbd3830939c25b,
HKEX:00506,00506,2026-06-15,CASH_DIVIDEND,0.177,HKD,nan,nan,,YAHOO_CHART_EVENTS,UNOFFICIAL_FREE_VENDOR,2026-07-21T03:21:14.119840+00:00,5c31eae05d5910d174dcae3828aba0562c3b6a061375cf2488dbd3830939c25b,
HKEX:00512,00512,2023-06-09,CASH_DIVIDEND,0.14,HKD,nan,nan,,YAHOO_CHART_EVENTS,UNOFFICIAL_FREE_VENDOR,2026-07-21T03:21:14.119840+00:00,6e4c575c5e24ffd8bbecf7a3e05f3327523f6430d66b5b9cc7e14fd89381c6d7,
HKEX:00512,00512,2024-06-06,CASH_DIVIDEND,0.26,HKD,nan,nan,,YAHOO_CHART_EVENTS,UNOFFICIAL_FREE_VENDOR,2026-07-21T03:21:14.119840+00:00,6e4c575c5e24ffd8bbecf7a3e05f3327523f6430d66b5b9cc7e14fd89381c6d7,
HKEX:00512,00512,2025-04-14,CASH_DIVIDEND,0.26,HKD,nan,nan,,YAHOO_CHART_EVENTS,UNOFFICIAL_FREE_VENDOR,2026-07-21T03:21:14.119840+00:00,6e4c575c5e24ffd8bbecf7a3e05f3327523f6430d66b5b9cc7e14fd89381c6d7,
HKEX:00512,00512,2026-06-12,CASH_DIVIDEND,0.169,HKD,nan,nan,,YAHOO_CHART_EVENTS,UNOFFICIAL_FREE_VENDOR,2026-07-21T03:21:14.119840+00:00,6e4c575c5e24ffd8bbecf7a3e05f3327523f6430d66b5b9cc7e14fd89381c6d7,
HKEX:00522,00522,2023-05-12,CASH_DIVIDEND,1.9,HKD,nan,nan,,YAHOO_CHART_EVENTS,UNOFFICIAL_FREE_VENDOR,2026-07-21T03:21:14.119840+00:00,d2eb177c4e901ce349e40816e7c334b437dfdd01a4aee7a0efffe7c8d9a64d59,
HKEX:00522,00522,2023-08-14,CASH_DIVIDEND,0.61,HKD,nan,nan,,YAHOO_CHART_EVENTS,UNOFFICIAL_FREE_VENDOR,2026-07-21T03:21:14.119840+00:00,d2eb177c4e901ce349e40816e7c334b437dfdd01a4aee7a0efffe7c8d9a64d59,
HKEX:00522,00522,2024-05-13,CASH_DIVIDEND,0.78,HKD,nan,nan,,YAHOO_CHART_EVENTS,UNOFFICIAL_FREE_VENDOR,2026-07-21T03:21:14.119840+00:00,d2eb177c4e901ce349e40816e7c334b437dfdd01a4aee7a0efffe7c8d9a64d59,
HKEX:00522,00522,2024-08-12,CASH_DIVIDEND,0.35,HKD,nan,nan,,YAHOO_CHART_EVENTS,UNOFFICIAL_FREE_VENDOR,2026-07-21T03:21:14.119840+00:00,d2eb177c4e901ce349e40816e7c334b437dfdd01a4aee7a0efffe7c8d9a64d59,
HKEX:00522,00522,2025-05-13,CASH_DIVIDEND,0.32,HKD,nan,nan,,YAHOO_CHART_EVENTS,UNOFFICIAL_FREE_VENDOR,2026-07-21T03:21:14.119840+00:00,d2eb177c4e901ce349e40816e7c334b437dfdd01a4aee7a0efffe7c8d9a64d59,
HKEX:00522,00522,2025-08-11,CASH_DIVIDEND,0.26,HKD,nan,nan,,YAHOO_CHART_EVENTS,UNOFFICIAL_FREE_VENDOR,2026-07-21T03:21:14.119840+00:00,d2eb177c4e901ce349e40816e7c334b437dfdd01a4aee7a0efffe7c8d9a64d59,
HKEX:00522,00522,2026-05-12,CASH_DIVIDEND,1.13,HKD,nan,nan,,YAHOO_CHART_EVENTS,UNOFFICIAL_FREE_VENDOR,2026-07-21T03:21:14.119840+00:00,d2eb177c4e901ce349e40816e7c334b437dfdd01a4aee7a0efffe7c8d9a64d59,
HKEX:00525,00525,2024-06-24,CASH_DIVIDEND,0.07686,HKD,nan,nan,,YAHOO_CHART_EVENTS,UNOFFICIAL_FREE_VENDOR,2026-07-21T03:21:14.119840+00:00,0e8fd574cb528c45e706f0aa20470c8b6284d949ef23c83b8ef2e5152b4f03bd,
HKEX:00525,00525,2025-06-25,CASH_DIVIDEND,0.07654,HKD,nan,nan,,YAHOO_CHART_EVENTS,UNOFFICIAL_FREE_VENDOR,2026-07-21T03:21:14.119840+00:00,0e8fd574cb528c45e706f0aa20470c8b6284d949ef23c83b8ef2e5152b4f03bd,
HKEX:00525,00525,2026-06-17,CASH_DIVIDEND,0.10344,HKD,nan,nan,,YAHOO_CHART_EVENTS,UNOFFICIAL_FREE_VENDOR,2026-07-21T03:21:14.119840+00:00,0e8fd574cb528c45e706f0aa20470c8b6284d949ef23c83b8ef2e5152b4f03bd,
HKEX:00546,00546,2023-06-05,CASH_DIVIDEND,0.331,HKD,nan,nan,,YAHOO_CHART_EVENTS,UNOFFICIAL_FREE_VENDOR,2026-07-21T03:21:14.119840+00:00,5610de02c86ea1e23efc0a7beab9976d5e530ac9636d53b744ed148ca4af90a6,
HKEX:00546,00546,2023-09-18,CASH_DIVIDEND,0.23,HKD,nan,nan,,YAHOO_CHART_EVENTS,UNOFFICIAL_FREE_VENDOR,2026-07-21T03:21:14.119840+00:00,5610de02c86ea1e23efc0a7beab9976d5e530ac9636d53b744ed148ca4af90a6,
HKEX:00546,00546,2024-06-03,CASH_DIVIDEND,0.35,HKD,nan,nan,,YAHOO_CHART_EVENTS,UNOFFICIAL_FREE_VENDOR,2026-07-21T03:21:14.119840+00:00,5610de02c86ea1e23efc0a7beab9976d5e530ac9636d53b744ed148ca4af90a6,
HKEX:00546,00546,2024-09-10,CASH_DIVIDEND,0.18,HKD,nan,nan,,YAHOO_CHART_EVENTS,UNOFFICIAL_FREE_VENDOR,2026-07-21T03:21:14.119840+00:00,5610de02c86ea1e23efc0a7beab9976d5e530ac9636d53b744ed148ca4af90a6,
HKEX:00546,00546,2025-06-02,CASH_DIVIDEND,0.22,HKD,nan,nan,,YAHOO_CHART_EVENTS,UNOFFICIAL_FREE_VENDOR,2026-07-21T03:21:14.119840+00:00,5610de02c86ea1e23efc0a7beab9976d5e530ac9636d53b744ed148ca4af90a6,
HKEX:00546,00546,2025-09-10,CASH_DIVIDEND,0.365,HKD,nan,nan,,YAHOO_CHART_EVENTS,UNOFFICIAL_FREE_VENDOR,2026-07-21T03:21:14.119840+00:00,5610de02c86ea1e23efc0a7beab9976d5e530ac9636d53b744ed148ca4af90a6,
HKEX:00546,00546,2026-06-02,CASH_DIVIDEND,0.122,HKD,nan,nan,,YAHOO_CHART_EVENTS,UNOFFICIAL_FREE_VENDOR,2026-07-21T03:21:14.119840+00:00,5610de02c86ea1e23efc0a7beab9976d5e530ac9636d53b744ed148ca4af90a6,
HKEX:00548,00548,2023-05-19,CASH_DIVIDEND,0.522192,HKD,nan,nan,,YAHOO_CHART_EVENTS,UNOFFICIAL_FREE_VENDOR,2026-07-21T03:21:14.119840+00:00,a8b1b2682591ef2fa3fbc27befd9059a9950a5ab4d82d9bf1542995952795f11,
HKEX:00548,00548,2024-06-28,CASH_DIVIDEND,0.6032,HKD,nan,nan,,YAHOO_CHART_EVENTS,UNOFFICIAL_FREE_VENDOR,2026-07-21T03:21:14.119840+00:00,a8b1b2682591ef2fa3fbc27befd9059a9950a5ab4d82d9bf1542995952795f11,
HKEX:00548,00548,2025-07-04,CASH_DIVIDEND,0.267288,HKD,nan,nan,,YAHOO_CHART_EVENTS,UNOFFICIAL_FREE_VENDOR,2026-07-21T03:21:14.119840+00:00,a8b1b2682591ef2fa3fbc27befd9059a9950a5ab4d82d9bf1542995952795f11,
HKEX:00548,00548,2026-07-03,CASH_DIVIDEND,0.280561,HKD,nan,nan,,YAHOO_CHART_EVENTS,UNOFFICIAL_FREE_VENDOR,2026-07-21T03:21:14.119840+00:00,a8b1b2682591ef2fa3fbc27befd9059a9950a5ab4d82d9bf1542995952795f11,
HKEX:00551,00551,2023-05-31,CASH_DIVIDEND,0.7,HKD,nan,nan,,YAHOO_CHART_EVENTS,UNOFFICIAL_FREE_VENDOR,2026-07-21T03:21:14.119840+00:00,5c62a17d6249937dca9b1a0bf9c48c8ff93b9ef1e03dbcc0e9dccd131657c94b,
HKEX:00551,00551,2023-09-12,CASH_DIVIDEND,0.2,HKD,nan,nan,,YAHOO_CHART_EVENTS,UNOFFICIAL_FREE_VENDOR,2026-07-21T03:21:14.119840+00:00,5c62a17d6249937dca9b1a0bf9c48c8ff93b9ef1e03dbcc0e9dccd131657c94b,
HKEX:00551,00551,2024-05-30,CASH_DIVIDEND,0.7,HKD,nan,nan,,YAHOO_CHART_EVENTS,UNOFFICIAL_FREE_VENDOR,2026-07-21T03:21:14.119840+00:00,5c62a17d6249937dca9b1a0bf9c48c8ff93b9ef1e03dbcc0e9dccd131657c94b,
HKEX:00551,00551,2024-09-09,CASH_DIVIDEND,0.4,HKD,nan,nan,,YAHOO_CHART_EVENTS,UNOFFICIAL_FREE_VENDOR,2026-07-21T03:21:14.119840+00:00,5c62a17d6249937dca9b1a0bf9c48c8ff93b9ef1e03dbcc0e9dccd131657c94b,
HKEX:00551,00551,2025-06-05,CASH_DIVIDEND,0.9,HKD,nan,nan,,YAHOO_CHART_EVENTS,UNOFFICIAL_FREE_VENDOR,2026-07-21T03:21:14.119840+00:00,5c62a17d6249937dca9b1a0bf9c48c8ff93b9ef1e03dbcc0e9dccd131657c94b,
HKEX:00551,00551,2025-09-12,CASH_DIVIDEND,0.4,HKD,nan,nan,,YAHOO_CHART_EVENTS,UNOFFICIAL_FREE_VENDOR,2026-07-21T03:21:14.119840+00:00,5c62a17d6249937dca9b1a0bf9c48c8ff93b9ef1e03dbcc0e9dccd131657c94b,
HKEX:00551,00551,2026-06-04,CASH_DIVIDEND,0.9,HKD,nan,nan,,YAHOO_CHART_EVENTS,UNOFFICIAL_FREE_VENDOR,2026-07-21T03:21:14.119840+00:00,5c62a17d6249937dca9b1a0bf9c48c8ff93b9ef1e03dbcc0e9dccd131657c94b,
HKEX:00552,00552,2023-07-03,CASH_DIVIDEND,0.21281,HKD,nan,nan,,YAHOO_CHART_EVENTS,UNOFFICIAL_FREE_VENDOR,2026-07-21T03:21:14.119840+00:00,b4bc8926fc172bebe821dd391b05ef2b427c7eebe265326a0a480efa4d0bb50a,
HKEX:00552,00552,2024-06-28,CASH_DIVIDEND,0.23864,HKD,nan,nan,,YAHOO_CHART_EVENTS,UNOFFICIAL_FREE_VENDOR,2026-07-21T03:21:14.119840+00:00,b4bc8926fc172bebe821dd391b05ef2b427c7eebe265326a0a480efa4d0bb50a,
HKEX:00552,00552,2025-06-27,CASH_DIVIDEND,0.23831,HKD,nan,nan,,YAHOO_CHART_EVENTS,UNOFFICIAL_FREE_VENDOR,2026-07-21T03:21:14.119840+00:00,b4bc8926fc172bebe821dd391b05ef2b427c7eebe265326a0a480efa4d0bb50a,
HKEX:00552,00552,2026-06-05,CASH_DIVIDEND,0.25697,HKD,nan,nan,,YAHOO_CHART_EVENTS,UNOFFICIAL_FREE_VENDOR,2026-07-21T03:21:14.119840+00:00,b4bc8926fc172bebe821dd391b05ef2b427c7eebe265326a0a480efa4d0bb50a,
HKEX:00553,00553,2023-07-03,CASH_DIVIDEND,0.015,HKD,nan,nan,,YAHOO_CHART_EVENTS,UNOFFICIAL_FREE_VENDOR,2026-07-21T03:21:14.119840+00:00,8db0dd7404e552dac77858914b1e5bda83d7e0758b0437b111043d8fbee7985a,
HKEX:00553,00553,2026-06-09,CASH_DIVIDEND,0.012,HKD,nan,nan,,YAHOO_CHART_EVENTS,UNOFFICIAL_FREE_VENDOR,2026-07-21T03:21:14.119840+00:00,8db0dd7404e552dac77858914b1e5bda83d7e0758b0437b111043d8fbee7985a,
HKEX:00564,00564,2023-06-07,CASH_DIVIDEND,0.623684,HKD,nan,nan,,YAHOO_CHART_EVENTS,UNOFFICIAL_FREE_VENDOR,2026-07-21T03:21:14.119840+00:00,0eb31d053d070b206d58cea4ae580b015f6da58ba7d2cbbae05a5d6e884b9342,
HKEX:00564,00564,2024-06-19,CASH_DIVIDEND,0.922894,HKD,nan,nan,,YAHOO_CHART_EVENTS,UNOFFICIAL_FREE_VENDOR,2026-07-21T03:21:14.119840+00:00,0eb31d053d070b206d58cea4ae580b015f6da58ba7d2cbbae05a5d6e884b9342,
HKEX:00564,00564,2025-06-24,CASH_DIVIDEND,1.221707,HKD,nan,nan,,YAHOO_CHART_EVENTS,UNOFFICIAL_FREE_VENDOR,2026-07-21T03:21:14.119840+00:00,0eb31d053d070b206d58cea4ae580b015f6da58ba7d2cbbae05a5d6e884b9342,
HKEX:00564,00564,2026-06-04,CASH_DIVIDEND,1.432304,HKD,nan,nan,,YAHOO_CHART_EVENTS,UNOFFICIAL_FREE_VENDOR,2026-07-21T03:21:14.119840+00:00,0eb31d053d070b206d58cea4ae580b015f6da58ba7d2cbbae05a5d6e884b9342,
HKEX:00570,00570,2023-06-02,CASH_DIVIDEND,0.0518,HKD,nan,nan,,YAHOO_CHART_EVENTS,UNOFFICIAL_FREE_VENDOR,2026-07-21T03:21:14.119840+00:00,0a1a1903c1a7ba04ab1480590a5762036f0b3a134349b71176a8c748d397daf8,
HKEX:00570,00570,2025-07-03,CASH_DIVIDEND,0.0865,HKD,nan,nan,,YAHOO_CHART_EVENTS,UNOFFICIAL_FREE_VENDOR,2026-07-21T03:21:14.119840+00:00,0a1a1903c1a7ba04ab1480590a5762036f0b3a134349b71176a8c748d397daf8,
HKEX:00576,00576,2023-05-08,CASH_DIVIDEND,0.394014,HKD,nan,nan,,YAHOO_CHART_EVENTS,UNOFFICIAL_FREE_VENDOR,2026-07-21T03:21:14.119840+00:00,fb81c1936340932020b29a553dcb23b6d8c5a3a235df671418f51375cc936d57,
HKEX:00576,00576,2024-05-10,CASH_DIVIDEND,0.35239,HKD,nan,nan,,YAHOO_CHART_EVENTS,UNOFFICIAL_FREE_VENDOR,2026-07-21T03:21:14.119840+00:00,fb81c1936340932020b29a553dcb23b6d8c5a3a235df671418f51375cc936d57,
HKEX:00576,00576,2025-04-29,CASH_DIVIDEND,0.4171,HKD,nan,nan,,YAHOO_CHART_EVENTS,UNOFFICIAL_FREE_VENDOR,2026-07-21T03:21:14.119840+00:00,fb81c1936340932020b29a553dcb23b6d8c5a3a235df671418f51375cc936d57,
HKEX:00576,00576,2026-05-08,CASH_DIVIDEND,0.44763,HKD,nan,nan,,YAHOO_CHART_EVENTS,UNOFFICIAL_FREE_VENDOR,2026-07-21T03:21:14.119840+00:00,fb81c1936340932020b29a553dcb23b6d8c5a3a235df671418f51375cc936d57,
HKEX:00586,00586,2023-06-29,CASH_DIVIDEND,0.4,HKD,nan,nan,,YAHOO_CHART_EVENTS,UNOFFICIAL_FREE_VENDOR,2026-07-21T03:21:14.119840+00:00,d7691421bc15f3321c32095ee6da0285de48778ad903a24ae7290bafcc65d2c8,
HKEX:00586,00586,2024-07-04,CASH_DIVIDEND,0.2,HKD,nan,nan,,YAHOO_CHART_EVENTS,UNOFFICIAL_FREE_VENDOR,2026-07-21T03:21:14.119840+00:00,d7691421bc15f3321c32095ee6da0285de48778ad903a24ae7290bafcc65d2c8,
HKEX:00586,00586,2024-10-17,CASH_DIVIDEND,0.1,HKD,nan,nan,,YAHOO_CHART_EVENTS,UNOFFICIAL_FREE_VENDOR,2026-07-21T03:21:14.119840+00:00,d7691421bc15f3321c32095ee6da0285de48778ad903a24ae7290bafcc65d2c8,
HKEX:00586,00586,2025-07-03,CASH_DIVIDEND,0.3,HKD,nan,nan,,YAHOO_CHART_EVENTS,UNOFFICIAL_FREE_VENDOR,2026-07-21T03:21:14.119840+00:00,d7691421bc15f3321c32095ee6da0285de48778ad903a24ae7290bafcc65d2c8,
HKEX:00586,00586,2025-10-16,CASH_DIVIDEND,0.1,HKD,nan,nan,,YAHOO_CHART_EVENTS,UNOFFICIAL_FREE_VENDOR,2026-07-21T03:21:14.119840+00:00,d7691421bc15f3321c32095ee6da0285de48778ad903a24ae7290bafcc65d2c8,
HKEX:00586,00586,2026-07-02,CASH_DIVIDEND,0.3,HKD,nan,nan,,YAHOO_CHART_EVENTS,UNOFFICIAL_FREE_VENDOR,2026-07-21T03:21:14.119840+00:00,d7691421bc15f3321c32095ee6da0285de48778ad903a24ae7290bafcc65d2c8,
HKEX:00588,00588,2024-05-20,CASH_DIVIDEND,0.02202,HKD,nan,nan,,YAHOO_CHART_EVENTS,UNOFFICIAL_FREE_VENDOR,2026-07-21T03:21:14.119840+00:00,0b44aa15e11ad101157851e92ec92dee61929629666bf7c586834c2ae8f84864,
HKEX:00590,00590,2023-08-22,CASH_DIVIDEND,0.55,HKD,nan,nan,,YAHOO_CHART_EVENTS,UNOFFICIAL_FREE_VENDOR,2026-07-21T03:21:14.119840+00:00,646f983828a433ae1f5a9c33ea657d420f6153221537290422fc24bf37d0166f,
HKEX:00590,00590,2023-12-12,CASH_DIVIDEND,0.72,HKD,nan,nan,,YAHOO_CHART_EVENTS,UNOFFICIAL_FREE_VENDOR,2026-07-21T03:21:14.119840+00:00,646f983828a433ae1f5a9c33ea657d420f6153221537290422fc24bf37d0166f,
HKEX:00590,00590,2024-08-20,CASH_DIVIDEND,0.64,HKD,nan,nan,,YAHOO_CHART_EVENTS,UNOFFICIAL_FREE_VENDOR,2026-07-21T03:21:14.119840+00:00,646f983828a433ae1f5a9c33ea657d420f6153221537290422fc24bf37d0166f,
HKEX:00590,00590,2024-12-10,CASH_DIVIDEND,0.55,HKD,nan,nan,,YAHOO_CHART_EVENTS,UNOFFICIAL_FREE_VENDOR,2026-07-21T03:21:14.119840+00:00,646f983828a433ae1f5a9c33ea657d420f6153221537290422fc24bf37d0166f,
HKEX:00590,00590,2025-08-26,CASH_DIVIDEND,0.55,HKD,nan,nan,,YAHOO_CHART_EVENTS,UNOFFICIAL_FREE_VENDOR,2026-07-21T03:21:14.119840+00:00,646f983828a433ae1f5a9c33ea657d420f6153221537290422fc24bf37d0166f,
HKEX:00590,00590,2025-12-10,CASH_DIVIDEND,0.55,HKD,nan,nan,,YAHOO_CHART_EVENTS,UNOFFICIAL_FREE_VENDOR,2026-07-21T03:21:14.119840+00:00,646f983828a433ae1f5a9c33ea657d420f6153221537290422fc24bf37d0166f,
HKEX:00598,00598,2023-05-17,CASH_DIVIDEND,0.11405,HKD,nan,nan,,YAHOO_CHART_EVENTS,UNOFFICIAL_FREE_VENDOR,2026-07-21T03:21:14.119840+00:00,0c5210ec8cbadc95819e3772ed2c5c14ce062786eeff9821105672b10934ee20,
HKEX:00598,00598,2023-09-11,CASH_DIVIDEND,0.1556,HKD,nan,nan,,YAHOO_CHART_EVENTS,UNOFFICIAL_FREE_VENDOR,2026-07-21T03:21:14.119840+00:00,0c5210ec8cbadc95819e3772ed2c5c14ce062786eeff9821105672b10934ee20,
HKEX:00598,00598,2024-06-12,CASH_DIVIDEND,0.1572,HKD,nan,nan,,YAHOO_CHART_EVENTS,UNOFFICIAL_FREE_VENDOR,2026-07-21T03:21:14.119840+00:00,0c5210ec8cbadc95819e3772ed2c5c14ce062786eeff9821105672b10934ee20,
HKEX:00598,00598,2024-09-10,CASH_DIVIDEND,0.15885,HKD,nan,nan,,YAHOO_CHART_EVENTS,UNOFFICIAL_FREE_VENDOR,2026-07-21T03:21:14.119840+00:00,0c5210ec8cbadc95819e3772ed2c5c14ce062786eeff9821105672b10934ee20,
HKEX:00598,00598,2025-06-10,CASH_DIVIDEND,0.15702,HKD,nan,nan,,YAHOO_CHART_EVENTS,UNOFFICIAL_FREE_VENDOR,2026-07-21T03:21:14.119840+00:00,0c5210ec8cbadc95819e3772ed2c5c14ce062786eeff9821105672b10934ee20,
HKEX:00598,00598,2025-09-10,CASH_DIVIDEND,0.15922,HKD,nan,nan,,YAHOO_CHART_EVENTS,UNOFFICIAL_FREE_VENDOR,2026-07-21T03:21:14.119840+00:00,0c5210ec8cbadc95819e3772ed2c5c14ce062786eeff9821105672b10934ee20,
HKEX:00598,00598,2026-06-02,CASH_DIVIDEND,0.1754,HKD,nan,nan,,YAHOO_CHART_EVENTS,UNOFFICIAL_FREE_VENDOR,2026-07-21T03:21:14.119840+00:00,0c5210ec8cbadc95819e3772ed2c5c14ce062786eeff9821105672b10934ee20,
HKEX:00604,00604,2023-06-02,CASH_DIVIDEND,0.12,HKD,nan,nan,,YAHOO_CHART_EVENTS,UNOFFICIAL_FREE_VENDOR,2026-07-21T03:21:14.119840+00:00,11ec03521c1f42eeee25b7d6689290558b67a665f8f90e8cd11677ed6f8b32fb,
HKEX:00604,00604,2023-09-12,CASH_DIVIDEND,0.02,HKD,nan,nan,,YAHOO_CHART_EVENTS,UNOFFICIAL_FREE_VENDOR,2026-07-21T03:21:14.119840+00:00,11ec03521c1f42eeee25b7d6689290558b67a665f8f90e8cd11677ed6f8b32fb,
HKEX:00604,00604,2024-06-04,CASH_DIVIDEND,0.07,HKD,nan,nan,,YAHOO_CHART_EVENTS,UNOFFICIAL_FREE_VENDOR,2026-07-21T03:21:14.119840+00:00,11ec03521c1f42eeee25b7d6689290558b67a665f8f90e8cd11677ed6f8b32fb,
HKEX:00631,00631,2023-06-05,CASH_DIVIDEND,0.19,HKD,nan,nan,,YAHOO_CHART_EVENTS,UNOFFICIAL_FREE_VENDOR,2026-07-21T03:21:14.119840+00:00,525250abc27e489da83b1b9efdd2c201ffb07be7d0f89d7a000df225ab8a272d,
HKEX:00631,00631,2024-06-05,CASH_DIVIDEND,0.19,HKD,nan,nan,,YAHOO_CHART_EVENTS,UNOFFICIAL_FREE_VENDOR,2026-07-21T03:21:14.119840+00:00,525250abc27e489da83b1b9efdd2c201ffb07be7d0f89d7a000df225ab8a272d,
HKEX:00631,00631,2025-06-03,CASH_DIVIDEND,0.29,HKD,nan,nan,,YAHOO_CHART_EVENTS,UNOFFICIAL_FREE_VENDOR,2026-07-21T03:21:14.119840+00:00,525250abc27e489da83b1b9efdd2c201ffb07be7d0f89d7a000df225ab8a272d,
HKEX:00631,00631,2026-06-02,CASH_DIVIDEND,0.35,HKD,nan,nan,,YAHOO_CHART_EVENTS,UNOFFICIAL_FREE_VENDOR,2026-07-21T03:21:14.119840+00:00,525250abc27e489da83b1b9efdd2c201ffb07be7d0f89d7a000df225ab8a272d,
HKEX:00636,00636,2023-05-24,CASH_DIVIDEND,0.38,HKD,nan,nan,,YAHOO_CHART_EVENTS,UNOFFICIAL_FREE_VENDOR,2026-07-21T03:21:14.119840+00:00,8b4c25cf0d3e577a257ff371d7426f5e33680ec6dc583df0c37af3597bbb09a6,
HKEX:00636,00636,2023-09-11,CASH_DIVIDEND,0.09,HKD,nan,nan,,YAHOO_CHART_EVENTS,UNOFFICIAL_FREE_VENDOR,2026-07-21T03:21:14.119840+00:00,8b4c25cf0d3e577a257ff371d7426f5e33680ec6dc583df0c37af3597bbb09a6,
HKEX:00636,00636,2024-05-24,CASH_DIVIDEND,0.13,HKD,nan,nan,,YAHOO_CHART_EVENTS,UNOFFICIAL_FREE_VENDOR,2026-07-21T03:21:14.119840+00:00,8b4c25cf0d3e577a257ff371d7426f5e33680ec6dc583df0c37af3597bbb09a6,
HKEX:00636,00636,2024-09-09,CASH_DIVIDEND,0.1,HKD,nan,nan,,YAHOO_CHART_EVENTS,UNOFFICIAL_FREE_VENDOR,2026-07-21T03:21:14.119840+00:00,8b4c25cf0d3e577a257ff371d7426f5e33680ec6dc583df0c37af3597bbb09a6,
HKEX:00636,00636,2025-05-28,CASH_DIVIDEND,0.15,HKD,nan,nan,,YAHOO_CHART_EVENTS,UNOFFICIAL_FREE_VENDOR,2026-07-21T03:21:14.119840+00:00,8b4c25cf0d3e577a257ff371d7426f5e33680ec6dc583df0c37af3597bbb09a6,
HKEX:00636,00636,2025-09-09,CASH_DIVIDEND,0.11,HKD,nan,nan,,YAHOO_CHART_EVENTS,UNOFFICIAL_FREE_VENDOR,2026-07-21T03:21:14.119840+00:00,8b4c25cf0d3e577a257ff371d7426f5e33680ec6dc583df0c37af3597bbb09a6,
HKEX:00636,00636,2026-05-26,CASH_DIVIDEND,0.16,HKD,nan,nan,,YAHOO_CHART_EVENTS,UNOFFICIAL_FREE_VENDOR,2026-07-21T03:21:14.119840+00:00,8b4c25cf0d3e577a257ff371d7426f5e33680ec6dc583df0c37af3597bbb09a6,
HKEX:00639,00639,2023-06-09,CASH_DIVIDEND,0.279355,HKD,nan,nan,,YAHOO_CHART_EVENTS,UNOFFICIAL_FREE_VENDOR,2026-07-21T03:21:14.119840+00:00,02f8396203ab1f1e9393d4964b51347fd8946c2ed9db343c9e2a1c38ab22f4b5,
HKEX:00639,00639,2023-09-28,CASH_DIVIDEND,0.09977,HKD,nan,nan,,YAHOO_CHART_EVENTS,UNOFFICIAL_FREE_VENDOR,2026-07-21T03:21:14.119840+00:00,02f8396203ab1f1e9393d4964b51347fd8946c2ed9db343c9e2a1c38ab22f4b5,
HKEX:00639,00639,2024-06-07,CASH_DIVIDEND,0.179585,HKD,nan,nan,,YAHOO_CHART_EVENTS,UNOFFICIAL_FREE_VENDOR,2026-07-21T03:21:14.119840+00:00,02f8396203ab1f1e9393d4964b51347fd8946c2ed9db343c9e2a1c38ab22f4b5,
HKEX:00639,00639,2024-10-03,CASH_DIVIDEND,0.089793,HKD,nan,nan,,YAHOO_CHART_EVENTS,UNOFFICIAL_FREE_VENDOR,2026-07-21T03:21:14.119840+00:00,02f8396203ab1f1e9393d4964b51347fd8946c2ed9db343c9e2a1c38ab22f4b5,
HKEX:00639,00639,2025-07-09,CASH_DIVIDEND,0.21,HKD,nan,nan,,YAHOO_CHART_EVENTS,UNOFFICIAL_FREE_VENDOR,2026-07-21T03:21:14.119840+00:00,02f8396203ab1f1e9393d4964b51347fd8946c2ed9db343c9e2a1c38ab22f4b5,
HKEX:00639,00639,2025-10-02,CASH_DIVIDEND,0.06,HKD,nan,nan,,YAHOO_CHART_EVENTS,UNOFFICIAL_FREE_VENDOR,2026-07-21T03:21:14.119840+00:00,02f8396203ab1f1e9393d4964b51347fd8946c2ed9db343c9e2a1c38ab22f4b5,
HKEX:00639,00639,2026-07-08,CASH_DIVIDEND,0.06,HKD,nan,nan,,YAHOO_CHART_EVENTS,UNOFFICIAL_FREE_VENDOR,2026-07-21T03:21:14.119840+00:00,02f8396203ab1f1e9393d4964b51347fd8946c2ed9db343c9e2a1c38ab22f4b5,
HKEX:00656,00656,2023-06-14,CASH_DIVIDEND,0.014,HKD,nan,nan,,YAHOO_CHART_EVENTS,UNOFFICIAL_FREE_VENDOR,2026-07-21T03:21:14.119840+00:00,0263c1092fbf5b24ec73bbf55e0590b59e736e6861d8c1073db9fe962bc63029,
HKEX:00656,00656,2024-06-12,CASH_DIVIDEND,0.038,HKD,nan,nan,,YAHOO_CHART_EVENTS,UNOFFICIAL_FREE_VENDOR,2026-07-21T03:21:14.119840+00:00,0263c1092fbf5b24ec73bbf55e0590b59e736e6861d8c1073db9fe962bc63029,
HKEX:00656,00656,2025-06-11,CASH_DIVIDEND,0.02,HKD,nan,nan,,YAHOO_CHART_EVENTS,UNOFFICIAL_FREE_VENDOR,2026-07-21T03:21:14.119840+00:00,0263c1092fbf5b24ec73bbf55e0590b59e736e6861d8c1073db9fe962bc63029,
HKEX:00659,00659,2023-03-20,CASH_DIVIDEND,0.272727,HKD,nan,nan,,YAHOO_CHART_EVENTS,UNOFFICIAL_FREE_VENDOR,2026-07-21T03:21:14.119840+00:00,d5dc546f1d2bc3af1202d38c7b64e3c06df1c74c505fee412c6ef02d08c57b99,
HKEX:00659,00659,2023-11-14,CASH_DIVIDEND,0.281818,HKD,nan,nan,,YAHOO_CHART_EVENTS,UNOFFICIAL_FREE_VENDOR,2026-07-21T03:21:14.119840+00:00,d5dc546f1d2bc3af1202d38c7b64e3c06df1c74c505fee412c6ef02d08c57b99,
HKEX:00659,00659,2024-03-08,CASH_DIVIDEND,1.9,HKD,nan,nan,,YAHOO_CHART_EVENTS,UNOFFICIAL_FREE_VENDOR,2026-07-21T03:21:14.119840+00:00,d5dc546f1d2bc3af1202d38c7b64e3c06df1c74c505fee412c6ef02d08c57b99,
HKEX:00659,00659,2024-11-26,CASH_DIVIDEND,0.318182,HKD,nan,nan,,YAHOO_CHART_EVENTS,UNOFFICIAL_FREE_VENDOR,2026-07-21T03:21:14.119840+00:00,d5dc546f1d2bc3af1202d38c7b64e3c06df1c74c505fee412c6ef02d08c57b99,
HKEX:00659,00659,2025-03-19,CASH_DIVIDEND,0.545455,HKD,nan,nan,,YAHOO_CHART_EVENTS,UNOFFICIAL_FREE_VENDOR,2026-07-21T03:21:14.119840+00:00,d5dc546f1d2bc3af1202d38c7b64e3c06df1c74c505fee412c6ef02d08c57b99,
HKEX:00659,00659,2025-11-20,CASH_DIVIDEND,0.35,HKD,nan,nan,,YAHOO_CHART_EVENTS,UNOFFICIAL_FREE_VENDOR,2026-07-21T03:21:14.119840+00:00,d5dc546f1d2bc3af1202d38c7b64e3c06df1c74c505fee412c6ef02d08c57b99,
HKEX:00659,00659,2025-11-20,STOCK_SPLIT_OR_CONSOLIDATION,nan,HKD,11.0,10.0,,YAHOO_CHART_EVENTS,UNOFFICIAL_FREE_VENDOR,2026-07-21T03:21:14.119840+00:00,d5dc546f1d2bc3af1202d38c7b64e3c06df1c74c505fee412c6ef02d08c57b99,11:10
HKEX:00659,00659,2026-03-18,CASH_DIVIDEND,0.28,HKD,nan,nan,,YAHOO_CHART_EVENTS,UNOFFICIAL_FREE_VENDOR,2026-07-21T03:21:14.119840+00:00,d5dc546f1d2bc3af1202d38c7b64e3c06df1c74c505fee412c6ef02d08c57b99,
HKEX:00667,00667,2023-05-30,CASH_DIVIDEND,0.2,HKD,nan,nan,,YAHOO_CHART_EVENTS,UNOFFICIAL_FREE_VENDOR,2026-07-21T03:21:14.119840+00:00,ea30c62b29213783ddc1bdceeb4e2e484ccf09cda23432ac9b09d14b8122f199,
HKEX:00667,00667,2024-06-12,CASH_DIVIDEND,0.2,HKD,nan,nan,,YAHOO_CHART_EVENTS,UNOFFICIAL_FREE_VENDOR,2026-07-21T03:21:14.119840+00:00,ea30c62b29213783ddc1bdceeb4e2e484ccf09cda23432ac9b09d14b8122f199,
HKEX:00667,00667,2025-05-30,CASH_DIVIDEND,0.22,HKD,nan,nan,,YAHOO_CHART_EVENTS,UNOFFICIAL_FREE_VENDOR,2026-07-21T03:21:14.119840+00:00,ea30c62b29213783ddc1bdceeb4e2e484ccf09cda23432ac9b09d14b8122f199,
HKEX:00667,00667,2026-06-01,CASH_DIVIDEND,0.3,HKD,nan,nan,,YAHOO_CHART_EVENTS,UNOFFICIAL_FREE_VENDOR,2026-07-21T03:21:14.119840+00:00,ea30c62b29213783ddc1bdceeb4e2e484ccf09cda23432ac9b09d14b8122f199,
HKEX:00669,00669,2023-05-17,CASH_DIVIDEND,0.9,HKD,nan,nan,,YAHOO_CHART_EVENTS,UNOFFICIAL_FREE_VENDOR,2026-07-21T03:21:14.119840+00:00,d0da81858bf90f73d5ad8047a03adde355bc8a449fe1890e817871aabbbc751f,
HKEX:00669,00669,2023-08-29,CASH_DIVIDEND,0.95,HKD,nan,nan,,YAHOO_CHART_EVENTS,UNOFFICIAL_FREE_VENDOR,2026-07-21T03:21:14.119840+00:00,d0da81858bf90f73d5ad8047a03adde355bc8a449fe1890e817871aabbbc751f,
HKEX:00669,00669,2024-05-16,CASH_DIVIDEND,0.98,HKD,nan,nan,,YAHOO_CHART_EVENTS,UNOFFICIAL_FREE_VENDOR,2026-07-21T03:21:14.119840+00:00,d0da81858bf90f73d5ad8047a03adde355bc8a449fe1890e817871aabbbc751f,
HKEX:00669,00669,2024-09-03,CASH_DIVIDEND,1.08,HKD,nan,nan,,YAHOO_CHART_EVENTS,UNOFFICIAL_FREE_VENDOR,2026-07-21T03:21:14.119840+00:00,d0da81858bf90f73d5ad8047a03adde355bc8a449fe1890e817871aabbbc751f,
HKEX:00669,00669,2025-05-15,CASH_DIVIDEND,1.18,HKD,nan,nan,,YAHOO_CHART_EVENTS,UNOFFICIAL_FREE_VENDOR,2026-07-21T03:21:14.119840+00:00,d0da81858bf90f73d5ad8047a03adde355bc8a449fe1890e817871aabbbc751f,
HKEX:00669,00669,2025-09-02,CASH_DIVIDEND,1.25,HKD,nan,nan,,YAHOO_CHART_EVENTS,UNOFFICIAL_FREE_VENDOR,2026-07-21T03:21:14.119840+00:00,d0da81858bf90f73d5ad8047a03adde355bc8a449fe1890e817871aabbbc751f,
HKEX:00669,00669,2026-05-14,CASH_DIVIDEND,1.32,HKD,nan,nan,,YAHOO_CHART_EVENTS,UNOFFICIAL_FREE_VENDOR,2026-07-21T03:21:14.119840+00:00,d0da81858bf90f73d5ad8047a03adde355bc8a449fe1890e817871aabbbc751f,
HKEX:00683,00683,2023-06-02,CASH_DIVIDEND,0.95,HKD,nan,nan,,YAHOO_CHART_EVENTS,UNOFFICIAL_FREE_VENDOR,2026-07-21T03:21:14.119840+00:00,709c2649100c60f898e1be430cc13b3cd7d8b35f7dfda993f8c517c0c9a0f95c,
HKEX:00683,00683,2023-09-14,CASH_DIVIDEND,0.4,HKD,nan,nan,,YAHOO_CHART_EVENTS,UNOFFICIAL_FREE_VENDOR,2026-07-21T03:21:14.119840+00:00,709c2649100c60f898e1be430cc13b3cd7d8b35f7dfda993f8c517c0c9a0f95c,
HKEX:00683,00683,2024-05-22,CASH_DIVIDEND,0.95,HKD,nan,nan,,YAHOO_CHART_EVENTS,UNOFFICIAL_FREE_VENDOR,2026-07-21T03:21:14.119840+00:00,709c2649100c60f898e1be430cc13b3cd7d8b35f7dfda993f8c517c0c9a0f95c,
HKEX:00683,00683,2024-09-11,CASH_DIVIDEND,0.4,HKD,nan,nan,,YAHOO_CHART_EVENTS,UNOFFICIAL_FREE_VENDOR,2026-07-21T03:21:14.119840+00:00,709c2649100c60f898e1be430cc13b3cd7d8b35f7dfda993f8c517c0c9a0f95c,
HKEX:00683,00683,2025-05-27,CASH_DIVIDEND,0.95,HKD,nan,nan,,YAHOO_CHART_EVENTS,UNOFFICIAL_FREE_VENDOR,2026-07-21T03:21:14.119840+00:00,709c2649100c60f898e1be430cc13b3cd7d8b35f7dfda993f8c517c0c9a0f95c,
HKEX:00683,00683,2025-09-10,CASH_DIVIDEND,0.4,HKD,nan,nan,,YAHOO_CHART_EVENTS,UNOFFICIAL_FREE_VENDOR,2026-07-21T03:21:14.119840+00:00,709c2649100c60f898e1be430cc13b3cd7d8b35f7dfda993f8c517c0c9a0f95c,
HKEX:00683,00683,2026-05-27,CASH_DIVIDEND,0.95,HKD,nan,nan,,YAHOO_CHART_EVENTS,UNOFFICIAL_FREE_VENDOR,2026-07-21T03:21:14.119840+00:00,709c2649100c60f898e1be430cc13b3cd7d8b35f7dfda993f8c517c0c9a0f95c,
HKEX:00688,00688,2023-06-30,CASH_DIVIDEND,0.4,HKD,nan,nan,,YAHOO_CHART_EVENTS,UNOFFICIAL_FREE_VENDOR,2026-07-21T03:21:14.119840+00:00,97bbe6b4873a537357aada1a4d5493f3cc70f0faebfefecef6abbc8f1b6c497d,
HKEX:00688,00688,2023-09-18,CASH_DIVIDEND,0.35,HKD,nan,nan,,YAHOO_CHART_EVENTS,UNOFFICIAL_FREE_VENDOR,2026-07-21T03:21:14.119840+00:00,97bbe6b4873a537357aada1a4d5493f3cc70f0faebfefecef6abbc8f1b6c497d,
HKEX:00688,00688,2024-06-25,CASH_DIVIDEND,0.45,HKD,nan,nan,,YAHOO_CHART_EVENTS,UNOFFICIAL_FREE_VENDOR,2026-07-21T03:21:14.119840+00:00,97bbe6b4873a537357aada1a4d5493f3cc70f0faebfefecef6abbc8f1b6c497d,
HKEX:00688,00688,2024-09-16,CASH_DIVIDEND,0.3,HKD,nan,nan,,YAHOO_CHART_EVENTS,UNOFFICIAL_FREE_VENDOR,2026-07-21T03:21:14.119840+00:00,97bbe6b4873a537357aada1a4d5493f3cc70f0faebfefecef6abbc8f1b6c497d,
HKEX:00688,00688,2025-06-27,CASH_DIVIDEND,0.3,HKD,nan,nan,,YAHOO_CHART_EVENTS,UNOFFICIAL_FREE_VENDOR,2026-07-21T03:21:14.119840+00:00,97bbe6b4873a537357aada1a4d5493f3cc70f0faebfefecef6abbc8f1b6c497d,
HKEX:00688,00688,2025-09-16,CASH_DIVIDEND,0.25,HKD,nan,nan,,YAHOO_CHART_EVENTS,UNOFFICIAL_FREE_VENDOR,2026-07-21T03:21:14.119840+00:00,97bbe6b4873a537357aada1a4d5493f3cc70f0faebfefecef6abbc8f1b6c497d,
HKEX:00688,00688,2026-06-26,CASH_DIVIDEND,0.25,HKD,nan,nan,,YAHOO_CHART_EVENTS,UNOFFICIAL_FREE_VENDOR,2026-07-21T03:21:14.119840+00:00,97bbe6b4873a537357aada1a4d5493f3cc70f0faebfefecef6abbc8f1b6c497d,
HKEX:00696,00696,2023-06-20,CASH_DIVIDEND,0.05822,HKD,nan,nan,,YAHOO_CHART_EVENTS,UNOFFICIAL_FREE_VENDOR,2026-07-21T03:21:14.119840+00:00,c8e67216547268d4dc221cadb7d63e94b3df5f84da7fe36674be131382e44c9c,
HKEX:00696,00696,2024-06-26,CASH_DIVIDEND,0.17564,HKD,nan,nan,,YAHOO_CHART_EVENTS,UNOFFICIAL_FREE_VENDOR,2026-07-21T03:21:14.119840+00:00,c8e67216547268d4dc221cadb7d63e94b3df5f84da7fe36674be131382e44c9c,
HKEX:00696,00696,2025-06-18,CASH_DIVIDEND,0.26104,HKD,nan,nan,,YAHOO_CHART_EVENTS,UNOFFICIAL_FREE_VENDOR,2026-07-21T03:21:14.119840+00:00,c8e67216547268d4dc221cadb7d63e94b3df5f84da7fe36674be131382e44c9c,
HKEX:00696,00696,2026-07-03,CASH_DIVIDEND,0.31734,HKD,nan,nan,,YAHOO_CHART_EVENTS,UNOFFICIAL_FREE_VENDOR,2026-07-21T03:21:14.119840+00:00,c8e67216547268d4dc221cadb7d63e94b3df5f84da7fe36674be131382e44c9c,
HKEX:00697,00697,2023-07-13,CASH_DIVIDEND,0.054,HKD,nan,nan,,YAHOO_CHART_EVENTS,UNOFFICIAL_FREE_VENDOR,2026-07-21T03:21:14.119840+00:00,4cb8c4f59146cd42d5be2cff059985be28abc999532128bbd0f063c9a9aa6904,
HKEX:00697,00697,2023-09-28,CASH_DIVIDEND,0.0328,HKD,nan,nan,,YAHOO_CHART_EVENTS,UNOFFICIAL_FREE_VENDOR,2026-07-21T03:21:14.119840+00:00,4cb8c4f59146cd42d5be2cff059985be28abc999532128bbd0f063c9a9aa6904,
HKEX:00697,00697,2024-07-15,CASH_DIVIDEND,0.022,HKD,nan,nan,,YAHOO_CHART_EVENTS,UNOFFICIAL_FREE_VENDOR,2026-07-21T03:21:14.119840+00:00,4cb8c4f59146cd42d5be2cff059985be28abc999532128bbd0f063c9a9aa6904,
HKEX:00697,00697,2024-09-25,CASH_DIVIDEND,0.0286,HKD,nan,nan,,YAHOO_CHART_EVENTS,UNOFFICIAL_FREE_VENDOR,2026-07-21T03:21:14.119840+00:00,4cb8c4f59146cd42d5be2cff059985be28abc999532128bbd0f063c9a9aa6904,
HKEX:00697,00697,2025-04-09,CASH_DIVIDEND,0.0351,HKD,nan,nan,,YAHOO_CHART_EVENTS,UNOFFICIAL_FREE_VENDOR,2026-07-21T03:21:14.119840+00:00,4cb8c4f59146cd42d5be2cff059985be28abc999532128bbd0f063c9a9aa6904,
HKEX:00697,00697,2025-07-14,CASH_DIVIDEND,0.0162,HKD,nan,nan,,YAHOO_CHART_EVENTS,UNOFFICIAL_FREE_VENDOR,2026-07-21T03:21:14.119840+00:00,4cb8c4f59146cd42d5be2cff059985be28abc999532128bbd0f063c9a9aa6904,
HKEX:00697,00697,2025-09-11,CASH_DIVIDEND,0.0308,HKD,nan,nan,,YAHOO_CHART_EVENTS,UNOFFICIAL_FREE_VENDOR,2026-07-21T03:21:14.119840+00:00,4cb8c4f59146cd42d5be2cff059985be28abc999532128bbd0f063c9a9aa6904,
HKEX:00697,00697,2025-09-26,CASH_DIVIDEND,0.0325,HKD,nan,nan,,YAHOO_CHART_EVENTS,UNOFFICIAL_FREE_VENDOR,2026-07-21T03:21:14.119840+00:00,4cb8c4f59146cd42d5be2cff059985be28abc999532128bbd0f063c9a9aa6904,
HKEX:00697,00697,2025-12-15,CASH_DIVIDEND,0.0308,HKD,nan,nan,,YAHOO_CHART_EVENTS,UNOFFICIAL_FREE_VENDOR,2026-07-21T03:21:14.119840+00:00,4cb8c4f59146cd42d5be2cff059985be28abc999532128bbd0f063c9a9aa6904,
HKEX:00697,00697,2026-05-12,CASH_DIVIDEND,0.0047,HKD,nan,nan,,YAHOO_CHART_EVENTS,UNOFFICIAL_FREE_VENDOR,2026-07-21T03:21:14.119840+00:00,4cb8c4f59146cd42d5be2cff059985be28abc999532128bbd0f063c9a9aa6904,
HKEX:00697,00697,2026-06-05,CASH_DIVIDEND,0.0289,HKD,nan,nan,,YAHOO_CHART_EVENTS,UNOFFICIAL_FREE_VENDOR,2026-07-21T03:21:14.119840+00:00,4cb8c4f59146cd42d5be2cff059985be28abc999532128bbd0f063c9a9aa6904,
HKEX:00700,00700,2023-05-19,CASH_DIVIDEND,2.4,HKD,nan,nan,,YAHOO_CHART_EVENTS,UNOFFICIAL_FREE_VENDOR,2026-07-21T03:21:14.119840+00:00,23693dde6204473ce58930c35f36df4970ff904509f6ac8a94d52b6d6d686025,
HKEX:00700,00700,2024-05-17,CASH_DIVIDEND,3.4,HKD,nan,nan,,YAHOO_CHART_EVENTS,UNOFFICIAL_FREE_VENDOR,2026-07-21T03:21:14.119840+00:00,23693dde6204473ce58930c35f36df4970ff904509f6ac8a94d52b6d6d686025,
HKEX:00700,00700,2025-05-16,CASH_DIVIDEND,4.5,HKD,nan,nan,,YAHOO_CHART_EVENTS,UNOFFICIAL_FREE_VENDOR,2026-07-21T03:21:14.119840+00:00,23693dde6204473ce58930c35f36df4970ff904509f6ac8a94d52b6d6d686025,
HKEX:00700,00700,2026-05-15,CASH_DIVIDEND,5.3,HKD,nan,nan,,YAHOO_CHART_EVENTS,UNOFFICIAL_FREE_VENDOR,2026-07-21T03:21:14.119840+00:00,23693dde6204473ce58930c35f36df4970ff904509f6ac8a94d52b6d6d686025,
HKEX:00719,00719,2023-07-07,CASH_DIVIDEND,0.218881,HKD,nan,nan,,YAHOO_CHART_EVENTS,UNOFFICIAL_FREE_VENDOR,2026-07-21T03:21:14.119840+00:00,2bd4961e0319cb441fb20411d62e0dc3fdb895b3a41a3c2ac7f778c37987d27f,
HKEX:00719,00719,2024-07-10,CASH_DIVIDEND,0.274098,HKD,nan,nan,,YAHOO_CHART_EVENTS,UNOFFICIAL_FREE_VENDOR,2026-07-21T03:21:14.119840+00:00,2bd4961e0319cb441fb20411d62e0dc3fdb895b3a41a3c2ac7f778c37987d27f,
HKEX:00719,00719,2024-09-04,CASH_DIVIDEND,0.027289,HKD,nan,nan,,YAHOO_CHART_EVENTS,UNOFFICIAL_FREE_VENDOR,2026-07-21T03:21:14.119840+00:00,2bd4961e0319cb441fb20411d62e0dc3fdb895b3a41a3c2ac7f778c37987d27f,
HKEX:00719,00719,2025-06-27,CASH_DIVIDEND,0.27313,HKD,nan,nan,,YAHOO_CHART_EVENTS,UNOFFICIAL_FREE_VENDOR,2026-07-21T03:21:14.119840+00:00,2bd4961e0319cb441fb20411d62e0dc3fdb895b3a41a3c2ac7f778c37987d27f,
HKEX:00719,00719,2026-07-10,CASH_DIVIDEND,0.172476,HKD,nan,nan,,YAHOO_CHART_EVENTS,UNOFFICIAL_FREE_VENDOR,2026-07-21T03:21:14.119840+00:00,2bd4961e0319cb441fb20411d62e0dc3fdb895b3a41a3c2ac7f778c37987d27f,
HKEX:00728,00728,2023-05-31,CASH_DIVIDEND,0.085065,HKD,nan,nan,,YAHOO_CHART_EVENTS,UNOFFICIAL_FREE_VENDOR,2026-07-21T03:21:14.119840+00:00,0a70326fb3dcd8be3f0955f1b6278c635b29252f81ca2438885965535062387c,
HKEX:00728,00728,2023-08-23,CASH_DIVIDEND,0.156524,HKD,nan,nan,,YAHOO_CHART_EVENTS,UNOFFICIAL_FREE_VENDOR,2026-07-21T03:21:14.119840+00:00,0a70326fb3dcd8be3f0955f1b6278c635b29252f81ca2438885965535062387c,
HKEX:00728,00728,2024-06-05,CASH_DIVIDEND,0.098814,HKD,nan,nan,,YAHOO_CHART_EVENTS,UNOFFICIAL_FREE_VENDOR,2026-07-21T03:21:14.119840+00:00,0a70326fb3dcd8be3f0955f1b6278c635b29252f81ca2438885965535062387c,
HKEX:00728,00728,2024-09-03,CASH_DIVIDEND,0.182289,HKD,nan,nan,,YAHOO_CHART_EVENTS,UNOFFICIAL_FREE_VENDOR,2026-07-21T03:21:14.119840+00:00,0a70326fb3dcd8be3f0955f1b6278c635b29252f81ca2438885965535062387c,
HKEX:00728,00728,2025-06-03,CASH_DIVIDEND,0.100637,HKD,nan,nan,,YAHOO_CHART_EVENTS,UNOFFICIAL_FREE_VENDOR,2026-07-21T03:21:14.119840+00:00,0a70326fb3dcd8be3f0955f1b6278c635b29252f81ca2438885965535062387c,
HKEX:00728,00728,2025-08-27,CASH_DIVIDEND,0.199264,HKD,nan,nan,,YAHOO_CHART_EVENTS,UNOFFICIAL_FREE_VENDOR,2026-07-21T03:21:14.119840+00:00,0a70326fb3dcd8be3f0955f1b6278c635b29252f81ca2438885965535062387c,
HKEX:00728,00728,2026-06-02,CASH_DIVIDEND,0.10391,HKD,nan,nan,,YAHOO_CHART_EVENTS,UNOFFICIAL_FREE_VENDOR,2026-07-21T03:21:14.119840+00:00,0a70326fb3dcd8be3f0955f1b6278c635b29252f81ca2438885965535062387c,
HKEX:00751,00751,2023-09-07,CASH_DIVIDEND,0.03,HKD,nan,nan,,YAHOO_CHART_EVENTS,UNOFFICIAL_FREE_VENDOR,2026-07-21T03:21:14.119840+00:00,dce3871abaebea268bbdf273a50c29c0801e1279f8412f219d7d02c2a56e7352,
HKEX:00751,00751,2024-05-28,CASH_DIVIDEND,0.05,HKD,nan,nan,,YAHOO_CHART_EVENTS,UNOFFICIAL_FREE_VENDOR,2026-07-21T03:21:14.119840+00:00,dce3871abaebea268bbdf273a50c29c0801e1279f8412f219d7d02c2a56e7352,
HKEX:00762,00762,2023-05-23,CASH_DIVIDEND,0.12249,HKD,nan,nan,,YAHOO_CHART_EVENTS,UNOFFICIAL_FREE_VENDOR,2026-07-21T03:21:14.119840+00:00,2a2d0fd5e75859da106e28fc030af504bc71a8867865cd369ff1ae7dbb74e13a,
HKEX:00762,00762,2023-09-04,CASH_DIVIDEND,0.22213,HKD,nan,nan,,YAHOO_CHART_EVENTS,UNOFFICIAL_FREE_VENDOR,2026-07-21T03:21:14.119840+00:00,2a2d0fd5e75859da106e28fc030af504bc71a8867865cd369ff1ae7dbb74e13a,
HKEX:00762,00762,2024-06-05,CASH_DIVIDEND,0.14668,HKD,nan,nan,,YAHOO_CHART_EVENTS,UNOFFICIAL_FREE_VENDOR,2026-07-21T03:21:14.119840+00:00,2a2d0fd5e75859da106e28fc030af504bc71a8867865cd369ff1ae7dbb74e13a,
HKEX:00762,00762,2024-09-04,CASH_DIVIDEND,0.27043,HKD,nan,nan,,YAHOO_CHART_EVENTS,UNOFFICIAL_FREE_VENDOR,2026-07-21T03:21:14.119840+00:00,2a2d0fd5e75859da106e28fc030af504bc71a8867865cd369ff1ae7dbb74e13a,
HKEX:00762,00762,2025-06-04,CASH_DIVIDEND,0.1703,HKD,nan,nan,,YAHOO_CHART_EVENTS,UNOFFICIAL_FREE_VENDOR,2026-07-21T03:21:14.119840+00:00,2a2d0fd5e75859da106e28fc030af504bc71a8867865cd369ff1ae7dbb74e13a,
HKEX:00762,00762,2025-09-02,CASH_DIVIDEND,0.31241,HKD,nan,nan,,YAHOO_CHART_EVENTS,UNOFFICIAL_FREE_VENDOR,2026-07-21T03:21:14.119840+00:00,2a2d0fd5e75859da106e28fc030af504bc71a8867865cd369ff1ae7dbb74e13a,
HKEX:00762,00762,2026-06-03,CASH_DIVIDEND,0.15229,HKD,nan,nan,,YAHOO_CHART_EVENTS,UNOFFICIAL_FREE_VENDOR,2026-07-21T03:21:14.119840+00:00,2a2d0fd5e75859da106e28fc030af504bc71a8867865cd369ff1ae7dbb74e13a,
HKEX:00763,00763,2023-04-13,CASH_DIVIDEND,0.45655,HKD,nan,nan,,YAHOO_CHART_EVENTS,UNOFFICIAL_FREE_VENDOR,2026-07-21T03:21:14.119840+00:00,5f2e830caa7e007a22d0ac0077bc3ffd46c5e2c568fdb047181760d7c8c7e8b1,
HKEX:00763,00763,2024-07-04,CASH_DIVIDEND,0.7485,HKD,nan,nan,,YAHOO_CHART_EVENTS,UNOFFICIAL_FREE_VENDOR,2026-07-21T03:21:14.119840+00:00,5f2e830caa7e007a22d0ac0077bc3ffd46c5e2c568fdb047181760d7c8c7e8b1,
HKEX:00763,00763,2025-04-02,CASH_DIVIDEND,0.66841,HKD,nan,nan,,YAHOO_CHART_EVENTS,UNOFFICIAL_FREE_VENDOR,2026-07-21T03:21:14.119840+00:00,5f2e830caa7e007a22d0ac0077bc3ffd46c5e2c568fdb047181760d7c8c7e8b1,
HKEX:00763,00763,2026-06-22,CASH_DIVIDEND,0.47277,HKD,nan,nan,,YAHOO_CHART_EVENTS,UNOFFICIAL_FREE_VENDOR,2026-07-21T03:21:14.119840+00:00,5f2e830caa7e007a22d0ac0077bc3ffd46c5e2c568fdb047181760d7c8c7e8b1,
HKEX:00780,00780,2024-06-28,CASH_DIVIDEND,0.15,HKD,nan,nan,,YAHOO_CHART_EVENTS,UNOFFICIAL_FREE_VENDOR,2026-07-21T03:21:14.119840+00:00,a6ae501c1b62821428b257b7b2826e95038694cc549899e416a1d8fcd1e012bf,
HKEX:00780,00780,2025-06-30,CASH_DIVIDEND,0.18,HKD,nan,nan,,YAHOO_CHART_EVENTS,UNOFFICIAL_FREE_VENDOR,2026-07-21T03:21:14.119840+00:00,a6ae501c1b62821428b257b7b2826e95038694cc549899e416a1d8fcd1e012bf,
HKEX:00780,00780,2026-06-30,CASH_DIVIDEND,0.25,HKD,nan,nan,,YAHOO_CHART_EVENTS,UNOFFICIAL_FREE_VENDOR,2026-07-21T03:21:14.119840+00:00,a6ae501c1b62821428b257b7b2826e95038694cc549899e416a1d8fcd1e012bf,
HKEX:00788,00788,2023-05-16,CASH_DIVIDEND,0.36661,HKD,nan,nan,,YAHOO_CHART_EVENTS,UNOFFICIAL_FREE_VENDOR,2026-07-21T03:21:14.119840+00:00,2552261566630c87ff3c9c8963b7dd6f61aa23e66205ef53680409e49a93a3fc,
HKEX:00788,00788,2024-05-23,CASH_DIVIDEND,0.411,HKD,nan,nan,,YAHOO_CHART_EVENTS,UNOFFICIAL_FREE_VENDOR,2026-07-21T03:21:14.119840+00:00,2552261566630c87ff3c9c8963b7dd6f61aa23e66205ef53680409e49a93a3fc,
HKEX:00788,00788,2024-09-19,CASH_DIVIDEND,0.11954,HKD,nan,nan,,YAHOO_CHART_EVENTS,UNOFFICIAL_FREE_VENDOR,2026-07-21T03:21:14.119840+00:00,2552261566630c87ff3c9c8963b7dd6f61aa23e66205ef53680409e49a93a3fc,
HKEX:00788,00788,2025-02-20,STOCK_SPLIT_OR_CONSOLIDATION,nan,HKD,1.0,10.0,,YAHOO_CHART_EVENTS,UNOFFICIAL_FREE_VENDOR,2026-07-21T03:21:14.119840+00:00,2552261566630c87ff3c9c8963b7dd6f61aa23e66205ef53680409e49a93a3fc,1:10
HKEX:00788,00788,2025-05-23,CASH_DIVIDEND,0.334013,HKD,nan,nan,,YAHOO_CHART_EVENTS,UNOFFICIAL_FREE_VENDOR,2026-07-21T03:21:14.119840+00:00,2552261566630c87ff3c9c8963b7dd6f61aa23e66205ef53680409e49a93a3fc,
HKEX:00788,00788,2025-09-05,CASH_DIVIDEND,0.145533,HKD,nan,nan,,YAHOO_CHART_EVENTS,UNOFFICIAL_FREE_VENDOR,2026-07-21T03:21:14.119840+00:00,2552261566630c87ff3c9c8963b7dd6f61aa23e66205ef53680409e49a93a3fc,
HKEX:00788,00788,2026-05-20,CASH_DIVIDEND,0.372219,HKD,nan,nan,,YAHOO_CHART_EVENTS,UNOFFICIAL_FREE_VENDOR,2026-07-21T03:21:14.119840+00:00,2552261566630c87ff3c9c8963b7dd6f61aa23e66205ef53680409e49a93a3fc,
HKEX:00811,00811,2023-05-22,CASH_DIVIDEND,0.384891,HKD,nan,nan,,YAHOO_CHART_EVENTS,UNOFFICIAL_FREE_VENDOR,2026-07-21T03:21:14.119840+00:00,6dbad59ce6b6b2c429b8a020e7100310a1a275be3827f0156ed2c6816b3453a7,
HKEX:00811,00811,2023-12-22,CASH_DIVIDEND,0.197659,HKD,nan,nan,,YAHOO_CHART_EVENTS,UNOFFICIAL_FREE_VENDOR,2026-07-21T03:21:14.119840+00:00,6dbad59ce6b6b2c429b8a020e7100310a1a275be3827f0156ed2c6816b3453a7,
HKEX:00811,00811,2024-05-23,CASH_DIVIDEND,0.439695,HKD,nan,nan,,YAHOO_CHART_EVENTS,UNOFFICIAL_FREE_VENDOR,2026-07-21T03:21:14.119840+00:00,6dbad59ce6b6b2c429b8a020e7100310a1a275be3827f0156ed2c6816b3453a7,
HKEX:00811,00811,2024-10-18,CASH_DIVIDEND,0.20887,HKD,nan,nan,,YAHOO_CHART_EVENTS,UNOFFICIAL_FREE_VENDOR,2026-07-21T03:21:14.119840+00:00,6dbad59ce6b6b2c429b8a020e7100310a1a275be3827f0156ed2c6816b3453a7,
HKEX:00811,00811,2025-05-22,CASH_DIVIDEND,0.444056,HKD,nan,nan,,YAHOO_CHART_EVENTS,UNOFFICIAL_FREE_VENDOR,2026-07-21T03:21:14.119840+00:00,6dbad59ce6b6b2c429b8a020e7100310a1a275be3827f0156ed2c6816b3453a7,
HKEX:00811,00811,2025-10-27,CASH_DIVIDEND,0.208102,HKD,nan,nan,,YAHOO_CHART_EVENTS,UNOFFICIAL_FREE_VENDOR,2026-07-21T03:21:14.119840+00:00,6dbad59ce6b6b2c429b8a020e7100310a1a275be3827f0156ed2c6816b3453a7,
HKEX:00811,00811,2026-05-29,CASH_DIVIDEND,0.481034,HKD,nan,nan,,YAHOO_CHART_EVENTS,UNOFFICIAL_FREE_VENDOR,2026-07-21T03:21:14.119840+00:00,6dbad59ce6b6b2c429b8a020e7100310a1a275be3827f0156ed2c6816b3453a7,
HKEX:00817,00817,2023-06-30,CASH_DIVIDEND,0.02,HKD,nan,nan,,YAHOO_CHART_EVENTS,UNOFFICIAL_FREE_VENDOR,2026-07-21T03:21:14.119840+00:00,ea75e4d685f66193adff830ebadb0f3580b550268c6f1a4c7ed47c383bd9162e,
HKEX:00817,00817,2023-09-18,CASH_DIVIDEND,0.015,HKD,nan,nan,,YAHOO_CHART_EVENTS,UNOFFICIAL_FREE_VENDOR,2026-07-21T03:21:14.119840+00:00,ea75e4d685f66193adff830ebadb0f3580b550268c6f1a4c7ed47c383bd9162e,
HKEX:00817,00817,2024-09-13,CASH_DIVIDEND,0.03,HKD,nan,nan,,YAHOO_CHART_EVENTS,UNOFFICIAL_FREE_VENDOR,2026-07-21T03:21:14.119840+00:00,ea75e4d685f66193adff830ebadb0f3580b550268c6f1a4c7ed47c383bd9162e,
HKEX:00817,00817,2025-09-15,CASH_DIVIDEND,0.03,HKD,nan,nan,,YAHOO_CHART_EVENTS,UNOFFICIAL_FREE_VENDOR,2026-07-21T03:21:14.119840+00:00,ea75e4d685f66193adff830ebadb0f3580b550268c6f1a4c7ed47c383bd9162e,
HKEX:00819,00819,2023-06-13,CASH_DIVIDEND,0.4,HKD,nan,nan,,YAHOO_CHART_EVENTS,UNOFFICIAL_FREE_VENDOR,2026-07-21T03:21:14.119840+00:00,c5db18699b0ee16f632c769eb85b2eaeabf9f0b3628dc3768025b7a7c28e36ba,
HKEX:00819,00819,2024-06-13,CASH_DIVIDEND,0.43,HKD,nan,nan,,YAHOO_CHART_EVENTS,UNOFFICIAL_FREE_VENDOR,2026-07-21T03:21:14.119840+00:00,c5db18699b0ee16f632c769eb85b2eaeabf9f0b3628dc3768025b7a7c28e36ba,
HKEX:00819,00819,2025-05-21,CASH_DIVIDEND,0.17,HKD,nan,nan,,YAHOO_CHART_EVENTS,UNOFFICIAL_FREE_VENDOR,2026-07-21T03:21:14.119840+00:00,c5db18699b0ee16f632c769eb85b2eaeabf9f0b3628dc3768025b7a7c28e36ba,
HKEX:00819,00819,2026-06-11,CASH_DIVIDEND,0.36,HKD,nan,nan,,YAHOO_CHART_EVENTS,UNOFFICIAL_FREE_VENDOR,2026-07-21T03:21:14.119840+00:00,c5db18699b0ee16f632c769eb85b2eaeabf9f0b3628dc3768025b7a7c28e36ba,
HKEX:00826,00826,2023-06-26,CASH_DIVIDEND,0.04,HKD,nan,nan,,YAHOO_CHART_EVENTS,UNOFFICIAL_FREE_VENDOR,2026-07-21T03:21:14.119840+00:00,07be5a87d775929c19c689745edba3191612cef68e35617d572b6e114eacae55,
HKEX:00826,00826,2024-06-27,CASH_DIVIDEND,0.0439,HKD,nan,nan,,YAHOO_CHART_EVENTS,UNOFFICIAL_FREE_VENDOR,2026-07-21T03:21:14.119840+00:00,07be5a87d775929c19c689745edba3191612cef68e35617d572b6e114eacae55,
HKEX:00826,00826,2024-09-12,CASH_DIVIDEND,0.0222,HKD,nan,nan,,YAHOO_CHART_EVENTS,UNOFFICIAL_FREE_VENDOR,2026-07-21T03:21:14.119840+00:00,07be5a87d775929c19c689745edba3191612cef68e35617d572b6e114eacae55,
HKEX:00826,00826,2025-06-27,CASH_DIVIDEND,0.0288,HKD,nan,nan,,YAHOO_CHART_EVENTS,UNOFFICIAL_FREE_VENDOR,2026-07-21T03:21:14.119840+00:00,07be5a87d775929c19c689745edba3191612cef68e35617d572b6e114eacae55,
HKEX:00826,00826,2025-09-12,CASH_DIVIDEND,0.0287,HKD,nan,nan,,YAHOO_CHART_EVENTS,UNOFFICIAL_FREE_VENDOR,2026-07-21T03:21:14.119840+00:00,07be5a87d775929c19c689745edba3191612cef68e35617d572b6e114eacae55,
HKEX:00826,00826,2026-06-26,CASH_DIVIDEND,0.0291,HKD,nan,nan,,YAHOO_CHART_EVENTS,UNOFFICIAL_FREE_VENDOR,2026-07-21T03:21:14.119840+00:00,07be5a87d775929c19c689745edba3191612cef68e35617d572b6e114eacae55,
HKEX:00836,00836,2023-06-13,CASH_DIVIDEND,0.376,HKD,nan,nan,,YAHOO_CHART_EVENTS,UNOFFICIAL_FREE_VENDOR,2026-07-21T03:21:14.119840+00:00,0426dfae112a0934e2db058191c086ff5ab20e574b66fc07711329e4b037668f,
HKEX:00836,00836,2023-09-05,CASH_DIVIDEND,0.328,HKD,nan,nan,,YAHOO_CHART_EVENTS,UNOFFICIAL_FREE_VENDOR,2026-07-21T03:21:14.119840+00:00,0426dfae112a0934e2db058191c086ff5ab20e574b66fc07711329e4b037668f,
HKEX:00836,00836,2023-11-29,CASH_DIVIDEND,0.5,HKD,nan,nan,,YAHOO_CHART_EVENTS,UNOFFICIAL_FREE_VENDOR,2026-07-21T03:21:14.119840+00:00,0426dfae112a0934e2db058191c086ff5ab20e574b66fc07711329e4b037668f,
HKEX:00836,00836,2024-06-07,CASH_DIVIDEND,0.587,HKD,nan,nan,,YAHOO_CHART_EVENTS,UNOFFICIAL_FREE_VENDOR,2026-07-21T03:21:14.119840+00:00,0426dfae112a0934e2db058191c086ff5ab20e574b66fc07711329e4b037668f,
HKEX:00836,00836,2024-09-10,CASH_DIVIDEND,0.455,HKD,nan,nan,,YAHOO_CHART_EVENTS,UNOFFICIAL_FREE_VENDOR,2026-07-21T03:21:14.119840+00:00,0426dfae112a0934e2db058191c086ff5ab20e574b66fc07711329e4b037668f,
HKEX:00836,00836,2025-06-11,CASH_DIVIDEND,0.691,HKD,nan,nan,,YAHOO_CHART_EVENTS,UNOFFICIAL_FREE_VENDOR,2026-07-21T03:21:14.119840+00:00,0426dfae112a0934e2db058191c086ff5ab20e574b66fc07711329e4b037668f,
HKEX:00836,00836,2025-09-10,CASH_DIVIDEND,0.356,HKD,nan,nan,,YAHOO_CHART_EVENTS,UNOFFICIAL_FREE_VENDOR,2026-07-21T03:21:14.119840+00:00,0426dfae112a0934e2db058191c086ff5ab20e574b66fc07711329e4b037668f,
HKEX:00836,00836,2026-06-10,CASH_DIVIDEND,0.771,HKD,nan,nan,,YAHOO_CHART_EVENTS,UNOFFICIAL_FREE_VENDOR,2026-07-21T03:21:14.119840+00:00,0426dfae112a0934e2db058191c086ff5ab20e574b66fc07711329e4b037668f,
HKEX:00839,00839,2023-02-15,CASH_DIVIDEND,0.3663,HKD,nan,nan,,YAHOO_CHART_EVENTS,UNOFFICIAL_FREE_VENDOR,2026-07-21T03:21:14.119840+00:00,924b60ad2f718723befa7345e4ff92b8d0944ae228fd388377e3afc15e0b1bb2,
HKEX:00839,00839,2023-06-09,CASH_DIVIDEND,0.1858,HKD,nan,nan,,YAHOO_CHART_EVENTS,UNOFFICIAL_FREE_VENDOR,2026-07-21T03:21:14.119840+00:00,924b60ad2f718723befa7345e4ff92b8d0944ae228fd388377e3afc15e0b1bb2,
HKEX:00839,00839,2024-02-14,CASH_DIVIDEND,0.1481,HKD,nan,nan,,YAHOO_CHART_EVENTS,UNOFFICIAL_FREE_VENDOR,2026-07-21T03:21:14.119840+00:00,924b60ad2f718723befa7345e4ff92b8d0944ae228fd388377e3afc15e0b1bb2,
HKEX:00839,00839,2024-06-07,CASH_DIVIDEND,0.2068,HKD,nan,nan,,YAHOO_CHART_EVENTS,UNOFFICIAL_FREE_VENDOR,2026-07-21T03:21:14.119840+00:00,924b60ad2f718723befa7345e4ff92b8d0944ae228fd388377e3afc15e0b1bb2,
HKEX:00839,00839,2025-02-19,CASH_DIVIDEND,0.1112,HKD,nan,nan,,YAHOO_CHART_EVENTS,UNOFFICIAL_FREE_VENDOR,2026-07-21T03:21:14.119840+00:00,924b60ad2f718723befa7345e4ff92b8d0944ae228fd388377e3afc15e0b1bb2,
HKEX:00855,00855,2023-02-16,CASH_DIVIDEND,0.16,HKD,nan,nan,,YAHOO_CHART_EVENTS,UNOFFICIAL_FREE_VENDOR,2026-07-21T03:21:14.119840+00:00,869dd686bcaf54955e5bf17a467cefa006c68474998161cfc7dac74d6e1b2fe3,
HKEX:00855,00855,2023-09-19,CASH_DIVIDEND,0.18,HKD,nan,nan,,YAHOO_CHART_EVENTS,UNOFFICIAL_FREE_VENDOR,2026-07-21T03:21:14.119840+00:00,869dd686bcaf54955e5bf17a467cefa006c68474998161cfc7dac74d6e1b2fe3,
HKEX:00855,00855,2024-01-29,CASH_DIVIDEND,0.13,HKD,nan,nan,,YAHOO_CHART_EVENTS,UNOFFICIAL_FREE_VENDOR,2026-07-21T03:21:14.119840+00:00,869dd686bcaf54955e5bf17a467cefa006c68474998161cfc7dac74d6e1b2fe3,
HKEX:00855,00855,2024-09-24,CASH_DIVIDEND,0.15,HKD,nan,nan,,YAHOO_CHART_EVENTS,UNOFFICIAL_FREE_VENDOR,2026-07-21T03:21:14.119840+00:00,869dd686bcaf54955e5bf17a467cefa006c68474998161cfc7dac74d6e1b2fe3,
HKEX:00855,00855,2025-01-20,CASH_DIVIDEND,0.13,HKD,nan,nan,,YAHOO_CHART_EVENTS,UNOFFICIAL_FREE_VENDOR,2026-07-21T03:21:14.119840+00:00,869dd686bcaf54955e5bf17a467cefa006c68474998161cfc7dac74d6e1b2fe3,
HKEX:00855,00855,2025-09-25,CASH_DIVIDEND,0.15,HKD,nan,nan,,YAHOO_CHART_EVENTS,UNOFFICIAL_FREE_VENDOR,2026-07-21T03:21:14.119840+00:00,869dd686bcaf54955e5bf17a467cefa006c68474998161cfc7dac74d6e1b2fe3,
HKEX:00855,00855,2026-05-22,CASH_DIVIDEND,0.13,HKD,nan,nan,,YAHOO_CHART_EVENTS,UNOFFICIAL_FREE_VENDOR,2026-07-21T03:21:14.119840+00:00,869dd686bcaf54955e5bf17a467cefa006c68474998161cfc7dac74d6e1b2fe3,
HKEX:00856,00856,2023-05-31,CASH_DIVIDEND,0.17,HKD,nan,nan,,YAHOO_CHART_EVENTS,UNOFFICIAL_FREE_VENDOR,2026-07-21T03:21:14.119840+00:00,274b2aa35daac76f7c845833d319ddbbadce7a5c210c4d331a4c08c2702eae65,
HKEX:00856,00856,2024-06-06,CASH_DIVIDEND,0.257,HKD,nan,nan,,YAHOO_CHART_EVENTS,UNOFFICIAL_FREE_VENDOR,2026-07-21T03:21:14.119840+00:00,274b2aa35daac76f7c845833d319ddbbadce7a5c210c4d331a4c08c2702eae65,
HKEX:00856,00856,2025-05-29,CASH_DIVIDEND,0.257,HKD,nan,nan,,YAHOO_CHART_EVENTS,UNOFFICIAL_FREE_VENDOR,2026-07-21T03:21:14.119840+00:00,274b2aa35daac76f7c845833d319ddbbadce7a5c210c4d331a4c08c2702eae65,
HKEX:00856,00856,2026-05-28,CASH_DIVIDEND,0.4177,HKD,nan,nan,,YAHOO_CHART_EVENTS,UNOFFICIAL_FREE_VENDOR,2026-07-21T03:21:14.119840+00:00,274b2aa35daac76f7c845833d319ddbbadce7a5c210c4d331a4c08c2702eae65,
HKEX:00857,00857,2023-06-20,CASH_DIVIDEND,0.24277,HKD,nan,nan,,YAHOO_CHART_EVENTS,UNOFFICIAL_FREE_VENDOR,2026-07-21T03:21:14.119840+00:00,781a7b15bb0f3c2fab3c52d888b2968ceb42bd79cf5cd31d82f8fc2320c644fe,
HKEX:00857,00857,2023-09-12,CASH_DIVIDEND,0.22907,HKD,nan,nan,,YAHOO_CHART_EVENTS,UNOFFICIAL_FREE_VENDOR,2026-07-21T03:21:14.119840+00:00,781a7b15bb0f3c2fab3c52d888b2968ceb42bd79cf5cd31d82f8fc2320c644fe,
HKEX:00857,00857,2024-06-18,CASH_DIVIDEND,0.25287,HKD,nan,nan,,YAHOO_CHART_EVENTS,UNOFFICIAL_FREE_VENDOR,2026-07-21T03:21:14.119840+00:00,781a7b15bb0f3c2fab3c52d888b2968ceb42bd79cf5cd31d82f8fc2320c644fe,
HKEX:00857,00857,2024-09-11,CASH_DIVIDEND,0.24033,HKD,nan,nan,,YAHOO_CHART_EVENTS,UNOFFICIAL_FREE_VENDOR,2026-07-21T03:21:14.119840+00:00,781a7b15bb0f3c2fab3c52d888b2968ceb42bd79cf5cd31d82f8fc2320c644fe,
HKEX:00857,00857,2025-06-17,CASH_DIVIDEND,0.2727,HKD,nan,nan,,YAHOO_CHART_EVENTS,UNOFFICIAL_FREE_VENDOR,2026-07-21T03:21:14.119840+00:00,781a7b15bb0f3c2fab3c52d888b2968ceb42bd79cf5cd31d82f8fc2320c644fe,
HKEX:00857,00857,2025-09-09,CASH_DIVIDEND,0.24105,HKD,nan,nan,,YAHOO_CHART_EVENTS,UNOFFICIAL_FREE_VENDOR,2026-07-21T03:21:14.119840+00:00,781a7b15bb0f3c2fab3c52d888b2968ceb42bd79cf5cd31d82f8fc2320c644fe,
HKEX:00857,00857,2026-06-18,CASH_DIVIDEND,0.2873,HKD,nan,nan,,YAHOO_CHART_EVENTS,UNOFFICIAL_FREE_VENDOR,2026-07-21T03:21:14.119840+00:00,781a7b15bb0f3c2fab3c52d888b2968ceb42bd79cf5cd31d82f8fc2320c644fe,
HKEX:00867,00867,2023-05-03,CASH_DIVIDEND,0.274,HKD,nan,nan,,YAHOO_CHART_EVENTS,UNOFFICIAL_FREE_VENDOR,2026-07-21T03:21:14.119840+00:00,9df4dc55db184423dae92c6cd82a85aacd9aee63fa5212555ed44cc43d4831fa,
HKEX:00867,00867,2023-09-11,CASH_DIVIDEND,0.342,HKD,nan,nan,,YAHOO_CHART_EVENTS,UNOFFICIAL_FREE_VENDOR,2026-07-21T03:21:14.119840+00:00,9df4dc55db184423dae92c6cd82a85aacd9aee63fa5212555ed44cc43d4831fa,
HKEX:00867,00867,2024-05-13,CASH_DIVIDEND,0.086,HKD,nan,nan,,YAHOO_CHART_EVENTS,UNOFFICIAL_FREE_VENDOR,2026-07-21T03:21:14.119840+00:00,9df4dc55db184423dae92c6cd82a85aacd9aee63fa5212555ed44cc43d4831fa,
HKEX:00867,00867,2024-08-29,CASH_DIVIDEND,0.164,HKD,nan,nan,,YAHOO_CHART_EVENTS,UNOFFICIAL_FREE_VENDOR,2026-07-21T03:21:14.119840+00:00,9df4dc55db184423dae92c6cd82a85aacd9aee63fa5212555ed44cc43d4831fa,
HKEX:00867,00867,2025-04-28,CASH_DIVIDEND,0.127,HKD,nan,nan,,YAHOO_CHART_EVENTS,UNOFFICIAL_FREE_VENDOR,2026-07-21T03:21:14.119840+00:00,9df4dc55db184423dae92c6cd82a85aacd9aee63fa5212555ed44cc43d4831fa,
HKEX:00867,00867,2025-08-29,CASH_DIVIDEND,0.171,HKD,nan,nan,,YAHOO_CHART_EVENTS,UNOFFICIAL_FREE_VENDOR,2026-07-21T03:21:14.119840+00:00,9df4dc55db184423dae92c6cd82a85aacd9aee63fa5212555ed44cc43d4831fa,
HKEX:00867,00867,2026-04-27,CASH_DIVIDEND,0.155,HKD,nan,nan,,YAHOO_CHART_EVENTS,UNOFFICIAL_FREE_VENDOR,2026-07-21T03:21:14.119840+00:00,9df4dc55db184423dae92c6cd82a85aacd9aee63fa5212555ed44cc43d4831fa,
HKEX:00868,00868,2023-06-06,CASH_DIVIDEND,0.22,HKD,nan,nan,,YAHOO_CHART_EVENTS,UNOFFICIAL_FREE_VENDOR,2026-07-21T03:21:14.119840+00:00,21f3321de96c0f91b2ecb6782ded7b2e3f2584cdfdef9b42837f33941f31ff4b,
HKEX:00868,00868,2023-08-11,CASH_DIVIDEND,0.26,HKD,nan,nan,,YAHOO_CHART_EVENTS,UNOFFICIAL_FREE_VENDOR,2026-07-21T03:21:14.119840+00:00,21f3321de96c0f91b2ecb6782ded7b2e3f2584cdfdef9b42837f33941f31ff4b,
HKEX:00868,00868,2024-06-04,CASH_DIVIDEND,0.37,HKD,nan,nan,,YAHOO_CHART_EVENTS,UNOFFICIAL_FREE_VENDOR,2026-07-21T03:21:14.119840+00:00,21f3321de96c0f91b2ecb6782ded7b2e3f2584cdfdef9b42837f33941f31ff4b,
HKEX:00868,00868,2024-08-13,CASH_DIVIDEND,0.31,HKD,nan,nan,,YAHOO_CHART_EVENTS,UNOFFICIAL_FREE_VENDOR,2026-07-21T03:21:14.119840+00:00,21f3321de96c0f91b2ecb6782ded7b2e3f2584cdfdef9b42837f33941f31ff4b,
HKEX:00868,00868,2025-06-03,CASH_DIVIDEND,0.1,HKD,nan,nan,,YAHOO_CHART_EVENTS,UNOFFICIAL_FREE_VENDOR,2026-07-21T03:21:14.119840+00:00,21f3321de96c0f91b2ecb6782ded7b2e3f2584cdfdef9b42837f33941f31ff4b,
HKEX:00868,00868,2025-08-14,CASH_DIVIDEND,0.125,HKD,nan,nan,,YAHOO_CHART_EVENTS,UNOFFICIAL_FREE_VENDOR,2026-07-21T03:21:14.119840+00:00,21f3321de96c0f91b2ecb6782ded7b2e3f2584cdfdef9b42837f33941f31ff4b,
HKEX:00868,00868,2026-06-02,CASH_DIVIDEND,0.215,HKD,nan,nan,,YAHOO_CHART_EVENTS,UNOFFICIAL_FREE_VENDOR,2026-07-21T03:21:14.119840+00:00,21f3321de96c0f91b2ecb6782ded7b2e3f2584cdfdef9b42837f33941f31ff4b,
HKEX:00874,00874,2023-06-14,CASH_DIVIDEND,0.8126,HKD,nan,nan,,YAHOO_CHART_EVENTS,UNOFFICIAL_FREE_VENDOR,2026-07-21T03:21:14.119840+00:00,59f6b550bddf018ec6f0b6f2bf91a035ea7753bfe64c0b8e5eec8952e00ca9a2,
HKEX:00874,00874,2024-06-13,CASH_DIVIDEND,0.8227,HKD,nan,nan,,YAHOO_CHART_EVENTS,UNOFFICIAL_FREE_VENDOR,2026-07-21T03:21:14.119840+00:00,59f6b550bddf018ec6f0b6f2bf91a035ea7753bfe64c0b8e5eec8952e00ca9a2,
HKEX:00874,00874,2024-10-15,CASH_DIVIDEND,0.4422,HKD,nan,nan,,YAHOO_CHART_EVENTS,UNOFFICIAL_FREE_VENDOR,2026-07-21T03:21:14.119840+00:00,59f6b550bddf018ec6f0b6f2bf91a035ea7753bfe64c0b8e5eec8952e00ca9a2,
HKEX:00874,00874,2025-06-16,CASH_DIVIDEND,0.4362,HKD,nan,nan,,YAHOO_CHART_EVENTS,UNOFFICIAL_FREE_VENDOR,2026-07-21T03:21:14.119840+00:00,59f6b550bddf018ec6f0b6f2bf91a035ea7753bfe64c0b8e5eec8952e00ca9a2,
HKEX:00874,00874,2025-08-29,CASH_DIVIDEND,0.4399,HKD,nan,nan,,YAHOO_CHART_EVENTS,UNOFFICIAL_FREE_VENDOR,2026-07-21T03:21:14.119840+00:00,59f6b550bddf018ec6f0b6f2bf91a035ea7753bfe64c0b8e5eec8952e00ca9a2,
HKEX:00874,00874,2026-06-12,CASH_DIVIDEND,0.5162,HKD,nan,nan,,YAHOO_CHART_EVENTS,UNOFFICIAL_FREE_VENDOR,2026-07-21T03:21:14.119840+00:00,59f6b550bddf018ec6f0b6f2bf91a035ea7753bfe64c0b8e5eec8952e00ca9a2,
HKEX:00881,00881,2023-06-23,CASH_DIVIDEND,1.09,HKD,nan,nan,,YAHOO_CHART_EVENTS,UNOFFICIAL_FREE_VENDOR,2026-07-21T03:21:14.119840+00:00,94912047d37332f78c63d9002f2969e506e9204143cd675232b45069001e5981,
HKEX:00881,00881,2024-06-26,CASH_DIVIDEND,0.797,HKD,nan,nan,,YAHOO_CHART_EVENTS,UNOFFICIAL_FREE_VENDOR,2026-07-21T03:21:14.119840+00:00,94912047d37332f78c63d9002f2969e506e9204143cd675232b45069001e5981,
HKEX:00881,00881,2025-06-25,CASH_DIVIDEND,0.678,HKD,nan,nan,,YAHOO_CHART_EVENTS,UNOFFICIAL_FREE_VENDOR,2026-07-21T03:21:14.119840+00:00,94912047d37332f78c63d9002f2969e506e9204143cd675232b45069001e5981,
HKEX:00883,00883,2023-06-08,CASH_DIVIDEND,0.75,HKD,nan,nan,,YAHOO_CHART_EVENTS,UNOFFICIAL_FREE_VENDOR,2026-07-21T03:21:14.119840+00:00,d8dfd364e50641e219f2d5f569c933021930d5648805a1dd84824989afc0d4c4,
HKEX:00883,00883,2023-09-07,CASH_DIVIDEND,0.59,HKD,nan,nan,,YAHOO_CHART_EVENTS,UNOFFICIAL_FREE_VENDOR,2026-07-21T03:21:14.119840+00:00,d8dfd364e50641e219f2d5f569c933021930d5648805a1dd84824989afc0d4c4,
HKEX:00883,00883,2024-06-13,CASH_DIVIDEND,0.66,HKD,nan,nan,,YAHOO_CHART_EVENTS,UNOFFICIAL_FREE_VENDOR,2026-07-21T03:21:14.119840+00:00,d8dfd364e50641e219f2d5f569c933021930d5648805a1dd84824989afc0d4c4,
HKEX:00883,00883,2024-09-12,CASH_DIVIDEND,0.74,HKD,nan,nan,,YAHOO_CHART_EVENTS,UNOFFICIAL_FREE_VENDOR,2026-07-21T03:21:14.119840+00:00,d8dfd364e50641e219f2d5f569c933021930d5648805a1dd84824989afc0d4c4,
HKEX:00883,00883,2025-06-12,CASH_DIVIDEND,0.66,HKD,nan,nan,,YAHOO_CHART_EVENTS,UNOFFICIAL_FREE_VENDOR,2026-07-21T03:21:14.119840+00:00,d8dfd364e50641e219f2d5f569c933021930d5648805a1dd84824989afc0d4c4,
HKEX:00883,00883,2025-09-11,CASH_DIVIDEND,0.73,HKD,nan,nan,,YAHOO_CHART_EVENTS,UNOFFICIAL_FREE_VENDOR,2026-07-21T03:21:14.119840+00:00,d8dfd364e50641e219f2d5f569c933021930d5648805a1dd84824989afc0d4c4,
HKEX:00883,00883,2026-06-11,CASH_DIVIDEND,0.55,HKD,nan,nan,,YAHOO_CHART_EVENTS,UNOFFICIAL_FREE_VENDOR,2026-07-21T03:21:14.119840+00:00,d8dfd364e50641e219f2d5f569c933021930d5648805a1dd84824989afc0d4c4,
HKEX:00902,00902,2024-07-09,CASH_DIVIDEND,0.22042,HKD,nan,nan,,YAHOO_CHART_EVENTS,UNOFFICIAL_FREE_VENDOR,2026-07-21T03:21:14.119840+00:00,eb7118536755330aaef98efa0b668a2b6aa49c1aed777e8fc1a10a3c461f6f34,
HKEX:00902,00902,2025-07-02,CASH_DIVIDEND,0.2924,HKD,nan,nan,,YAHOO_CHART_EVENTS,UNOFFICIAL_FREE_VENDOR,2026-07-21T03:21:14.119840+00:00,eb7118536755330aaef98efa0b668a2b6aa49c1aed777e8fc1a10a3c461f6f34,
HKEX:00902,00902,2026-06-24,CASH_DIVIDEND,0.45475,HKD,nan,nan,,YAHOO_CHART_EVENTS,UNOFFICIAL_FREE_VENDOR,2026-07-21T03:21:14.119840+00:00,eb7118536755330aaef98efa0b668a2b6aa49c1aed777e8fc1a10a3c461f6f34,
HKEX:00909,00909,2024-05-16,CASH_DIVIDEND,0.1,HKD,nan,nan,,YAHOO_CHART_EVENTS,UNOFFICIAL_FREE_VENDOR,2026-07-21T03:21:14.119840+00:00,7d379b9e701152a3251ca0fba77581b77897aa98567ffee054228217394993cc,
HKEX:00909,00909,2026-05-22,CASH_DIVIDEND,0.1,HKD,nan,nan,,YAHOO_CHART_EVENTS,UNOFFICIAL_FREE_VENDOR,2026-07-21T03:21:14.119840+00:00,7d379b9e701152a3251ca0fba77581b77897aa98567ffee054228217394993cc,
HKEX:00914,00914,2023-06-02,CASH_DIVIDEND,1.64071,HKD,nan,nan,,YAHOO_CHART_EVENTS,UNOFFICIAL_FREE_VENDOR,2026-07-21T03:21:14.119840+00:00,343539f35fc44c95c04c2c8dc6788ff3bd3466e6f3162112b8d0d09b830a5a4b,
HKEX:00914,00914,2024-06-03,CASH_DIVIDEND,1.05441,HKD,nan,nan,,YAHOO_CHART_EVENTS,UNOFFICIAL_FREE_VENDOR,2026-07-21T03:21:14.119840+00:00,343539f35fc44c95c04c2c8dc6788ff3bd3466e6f3162112b8d0d09b830a5a4b,
HKEX:00914,00914,2025-06-03,CASH_DIVIDEND,0.77367,HKD,nan,nan,,YAHOO_CHART_EVENTS,UNOFFICIAL_FREE_VENDOR,2026-07-21T03:21:14.119840+00:00,343539f35fc44c95c04c2c8dc6788ff3bd3466e6f3162112b8d0d09b830a5a4b,
HKEX:00914,00914,2025-09-08,CASH_DIVIDEND,0.26297,HKD,nan,nan,,YAHOO_CHART_EVENTS,UNOFFICIAL_FREE_VENDOR,2026-07-21T03:21:14.119840+00:00,343539f35fc44c95c04c2c8dc6788ff3bd3466e6f3162112b8d0d09b830a5a4b,
HKEX:00914,00914,2026-06-02,CASH_DIVIDEND,0.69948,HKD,nan,nan,,YAHOO_CHART_EVENTS,UNOFFICIAL_FREE_VENDOR,2026-07-21T03:21:14.119840+00:00,343539f35fc44c95c04c2c8dc6788ff3bd3466e6f3162112b8d0d09b830a5a4b,
HKEX:00916,00916,2023-06-20,CASH_DIVIDEND,0.1286,HKD,nan,nan,,YAHOO_CHART_EVENTS,UNOFFICIAL_FREE_VENDOR,2026-07-21T03:21:14.119840+00:00,9bb61da29575962fc3eff5ee4a292b5b745a3be27eecade4d8b022dcfc4b0bda,
HKEX:00916,00916,2024-06-12,CASH_DIVIDEND,0.2446,HKD,nan,nan,,YAHOO_CHART_EVENTS,UNOFFICIAL_FREE_VENDOR,2026-07-21T03:21:14.119840+00:00,9bb61da29575962fc3eff5ee4a292b5b745a3be27eecade4d8b022dcfc4b0bda,
HKEX:00916,00916,2025-06-23,CASH_DIVIDEND,0.249,HKD,nan,nan,,YAHOO_CHART_EVENTS,UNOFFICIAL_FREE_VENDOR,2026-07-21T03:21:14.119840+00:00,9bb61da29575962fc3eff5ee4a292b5b745a3be27eecade4d8b022dcfc4b0bda,
HKEX:00916,00916,2025-11-04,CASH_DIVIDEND,0.1096,HKD,nan,nan,,YAHOO_CHART_EVENTS,UNOFFICIAL_FREE_VENDOR,2026-07-21T03:21:14.119840+00:00,9bb61da29575962fc3eff5ee4a292b5b745a3be27eecade4d8b022dcfc4b0bda,
HKEX:00916,00916,2026-05-04,CASH_DIVIDEND,0.0713,HKD,nan,nan,,YAHOO_CHART_EVENTS,UNOFFICIAL_FREE_VENDOR,2026-07-21T03:21:14.119840+00:00,9bb61da29575962fc3eff5ee4a292b5b745a3be27eecade4d8b022dcfc4b0bda,
HKEX:00921,00921,2023-07-10,CASH_DIVIDEND,0.562599,HKD,nan,nan,,YAHOO_CHART_EVENTS,UNOFFICIAL_FREE_VENDOR,2026-07-21T03:21:14.119840+00:00,1631f811deb155eed8b538f0ac0f9a2d1ff067f16be017cc14611f3182e46c7b,
HKEX:00921,00921,2024-06-28,CASH_DIVIDEND,1.087003,HKD,nan,nan,,YAHOO_CHART_EVENTS,UNOFFICIAL_FREE_VENDOR,2026-07-21T03:21:14.119840+00:00,1631f811deb155eed8b538f0ac0f9a2d1ff067f16be017cc14611f3182e46c7b,
HKEX:00921,00921,2025-06-30,CASH_DIVIDEND,1.346764,HKD,nan,nan,,YAHOO_CHART_EVENTS,UNOFFICIAL_FREE_VENDOR,2026-07-21T03:21:14.119840+00:00,1631f811deb155eed8b538f0ac0f9a2d1ff067f16be017cc14611f3182e46c7b,
HKEX:00921,00921,2026-06-30,CASH_DIVIDEND,1.4642376,HKD,nan,nan,,YAHOO_CHART_EVENTS,UNOFFICIAL_FREE_VENDOR,2026-07-21T03:21:14.119840+00:00,1631f811deb155eed8b538f0ac0f9a2d1ff067f16be017cc14611f3182e46c7b,
HKEX:00934,00934,2023-07-06,CASH_DIVIDEND,0.12,HKD,nan,nan,,YAHOO_CHART_EVENTS,UNOFFICIAL_FREE_VENDOR,2026-07-21T03:21:14.119840+00:00,bacbc58003d3b6e038c18a9ffef4d0d28679a594de84cf6c633909090323eac8,
HKEX:00934,00934,2023-09-14,CASH_DIVIDEND,0.1,HKD,nan,nan,,YAHOO_CHART_EVENTS,UNOFFICIAL_FREE_VENDOR,2026-07-21T03:21:14.119840+00:00,bacbc58003d3b6e038c18a9ffef4d0d28679a594de84cf6c633909090323eac8,
HKEX:00934,00934,2024-06-12,CASH_DIVIDEND,0.15,HKD,nan,nan,,YAHOO_CHART_EVENTS,UNOFFICIAL_FREE_VENDOR,2026-07-21T03:21:14.119840+00:00,bacbc58003d3b6e038c18a9ffef4d0d28679a594de84cf6c633909090323eac8,
HKEX:00934,00934,2024-09-04,CASH_DIVIDEND,0.1,HKD,nan,nan,,YAHOO_CHART_EVENTS,UNOFFICIAL_FREE_VENDOR,2026-07-21T03:21:14.119840+00:00,bacbc58003d3b6e038c18a9ffef4d0d28679a594de84cf6c633909090323eac8,
HKEX:00934,00934,2025-07-09,CASH_DIVIDEND,0.15,HKD,nan,nan,,YAHOO_CHART_EVENTS,UNOFFICIAL_FREE_VENDOR,2026-07-21T03:21:14.119840+00:00,bacbc58003d3b6e038c18a9ffef4d0d28679a594de84cf6c633909090323eac8,
HKEX:00934,00934,2025-09-03,CASH_DIVIDEND,0.1,HKD,nan,nan,,YAHOO_CHART_EVENTS,UNOFFICIAL_FREE_VENDOR,2026-07-21T03:21:14.119840+00:00,bacbc58003d3b6e038c18a9ffef4d0d28679a594de84cf6c633909090323eac8,
HKEX:00934,00934,2026-06-05,CASH_DIVIDEND,0.15,HKD,nan,nan,,YAHOO_CHART_EVENTS,UNOFFICIAL_FREE_VENDOR,2026-07-21T03:21:14.119840+00:00,bacbc58003d3b6e038c18a9ffef4d0d28679a594de84cf6c633909090323eac8,
HKEX:00939,00939,2023-07-06,CASH_DIVIDEND,0.421987,HKD,nan,nan,,YAHOO_CHART_EVENTS,UNOFFICIAL_FREE_VENDOR,2026-07-21T03:21:14.119840+00:00,4f98caf7861e8685bee88c32353189a55cd08e26ead90f7df4eb1c89b5608435,
HKEX:00939,00939,2024-07-04,CASH_DIVIDEND,0.438393,HKD,nan,nan,,YAHOO_CHART_EVENTS,UNOFFICIAL_FREE_VENDOR,2026-07-21T03:21:14.119840+00:00,4f98caf7861e8685bee88c32353189a55cd08e26ead90f7df4eb1c89b5608435,
HKEX:00939,00939,2025-01-02,CASH_DIVIDEND,0.213131,HKD,nan,nan,,YAHOO_CHART_EVENTS,UNOFFICIAL_FREE_VENDOR,2026-07-21T03:21:14.119840+00:00,4f98caf7861e8685bee88c32353189a55cd08e26ead90f7df4eb1c89b5608435,
HKEX:00939,00939,2025-04-30,CASH_DIVIDEND,0.221775,HKD,nan,nan,,YAHOO_CHART_EVENTS,UNOFFICIAL_FREE_VENDOR,2026-07-21T03:21:14.119840+00:00,4f98caf7861e8685bee88c32353189a55cd08e26ead90f7df4eb1c89b5608435,
HKEX:00939,00939,2025-12-03,CASH_DIVIDEND,0.204656,HKD,nan,nan,,YAHOO_CHART_EVENTS,UNOFFICIAL_FREE_VENDOR,2026-07-21T03:21:14.119840+00:00,4f98caf7861e8685bee88c32353189a55cd08e26ead90f7df4eb1c89b5608435,
HKEX:00939,00939,2026-07-02,CASH_DIVIDEND,0.234256,HKD,nan,nan,,YAHOO_CHART_EVENTS,UNOFFICIAL_FREE_VENDOR,2026-07-21T03:21:14.119840+00:00,4f98caf7861e8685bee88c32353189a55cd08e26ead90f7df4eb1c89b5608435,
HKEX:00941,00941,2023-06-07,CASH_DIVIDEND,2.21,HKD,nan,nan,,YAHOO_CHART_EVENTS,UNOFFICIAL_FREE_VENDOR,2026-07-21T03:21:14.119840+00:00,832cd11740fee12ac379acd113c561894068af45105fcff706dfad634fdc3b08,
HKEX:00941,00941,2023-09-04,CASH_DIVIDEND,2.43,HKD,nan,nan,,YAHOO_CHART_EVENTS,UNOFFICIAL_FREE_VENDOR,2026-07-21T03:21:14.119840+00:00,832cd11740fee12ac379acd113c561894068af45105fcff706dfad634fdc3b08,
HKEX:00941,00941,2024-06-06,CASH_DIVIDEND,2.4,HKD,nan,nan,,YAHOO_CHART_EVENTS,UNOFFICIAL_FREE_VENDOR,2026-07-21T03:21:14.119840+00:00,832cd11740fee12ac379acd113c561894068af45105fcff706dfad634fdc3b08,
HKEX:00941,00941,2024-09-02,CASH_DIVIDEND,2.6,HKD,nan,nan,,YAHOO_CHART_EVENTS,UNOFFICIAL_FREE_VENDOR,2026-07-21T03:21:14.119840+00:00,832cd11740fee12ac379acd113c561894068af45105fcff706dfad634fdc3b08,
HKEX:00941,00941,2025-06-06,CASH_DIVIDEND,2.49,HKD,nan,nan,,YAHOO_CHART_EVENTS,UNOFFICIAL_FREE_VENDOR,2026-07-21T03:21:14.119840+00:00,832cd11740fee12ac379acd113c561894068af45105fcff706dfad634fdc3b08,
HKEX:00941,00941,2025-09-01,CASH_DIVIDEND,2.75,HKD,nan,nan,,YAHOO_CHART_EVENTS,UNOFFICIAL_FREE_VENDOR,2026-07-21T03:21:14.119840+00:00,832cd11740fee12ac379acd113c561894068af45105fcff706dfad634fdc3b08,
HKEX:00941,00941,2026-06-05,CASH_DIVIDEND,2.52,HKD,nan,nan,,YAHOO_CHART_EVENTS,UNOFFICIAL_FREE_VENDOR,2026-07-21T03:21:14.119840+00:00,832cd11740fee12ac379acd113c561894068af45105fcff706dfad634fdc3b08,
HKEX:00956,00956,2023-05-18,CASH_DIVIDEND,0.218145,HKD,nan,nan,,YAHOO_CHART_EVENTS,UNOFFICIAL_FREE_VENDOR,2026-07-21T03:21:14.119840+00:00,b8bfe061520d8267977517b0cf26992f3aae14cd564fe702b51961593218a03c,
HKEX:00956,00956,2024-06-12,CASH_DIVIDEND,0.235261,HKD,nan,nan,,YAHOO_CHART_EVENTS,UNOFFICIAL_FREE_VENDOR,2026-07-21T03:21:14.119840+00:00,b8bfe061520d8267977517b0cf26992f3aae14cd564fe702b51961593218a03c,
HKEX:00956,00956,2025-07-02,CASH_DIVIDEND,0.230001,HKD,nan,nan,,YAHOO_CHART_EVENTS,UNOFFICIAL_FREE_VENDOR,2026-07-21T03:21:14.119840+00:00,b8bfe061520d8267977517b0cf26992f3aae14cd564fe702b51961593218a03c,
HKEX:00956,00956,2026-07-03,CASH_DIVIDEND,0.22999,HKD,nan,nan,,YAHOO_CHART_EVENTS,UNOFFICIAL_FREE_VENDOR,2026-07-21T03:21:14.119840+00:00,b8bfe061520d8267977517b0cf26992f3aae14cd564fe702b51961593218a03c,
HKEX:00960,00960,2023-07-07,CASH_DIVIDEND,0.8768,HKD,nan,nan,,YAHOO_CHART_EVENTS,UNOFFICIAL_FREE_VENDOR,2026-07-21T03:21:14.119840+00:00,4553674a0cf56ed2508e96e2c2319104d961c00493db7f00a29bb7589b8884c2,
HKEX:00960,00960,2023-12-29,CASH_DIVIDEND,0.3521,HKD,nan,nan,,YAHOO_CHART_EVENTS,UNOFFICIAL_FREE_VENDOR,2026-07-21T03:21:14.119840+00:00,4553674a0cf56ed2508e96e2c2319104d961c00493db7f00a29bb7589b8884c2,
HKEX:00960,00960,2024-07-12,CASH_DIVIDEND,0.2525,HKD,nan,nan,,YAHOO_CHART_EVENTS,UNOFFICIAL_FREE_VENDOR,2026-07-21T03:21:14.119840+00:00,4553674a0cf56ed2508e96e2c2319104d961c00493db7f00a29bb7589b8884c2,
HKEX:00960,00960,2025-02-24,CASH_DIVIDEND,0.2386,HKD,nan,nan,,YAHOO_CHART_EVENTS,UNOFFICIAL_FREE_VENDOR,2026-07-21T03:21:14.119840+00:00,4553674a0cf56ed2508e96e2c2319104d961c00493db7f00a29bb7589b8884c2,
HKEX:00960,00960,2025-08-14,CASH_DIVIDEND,0.1094,HKD,nan,nan,,YAHOO_CHART_EVENTS,UNOFFICIAL_FREE_VENDOR,2026-07-21T03:21:14.119840+00:00,4553674a0cf56ed2508e96e2c2319104d961c00493db7f00a29bb7589b8884c2,
HKEX:00960,00960,2026-03-16,CASH_DIVIDEND,0.0794,HKD,nan,nan,,YAHOO_CHART_EVENTS,UNOFFICIAL_FREE_VENDOR,2026-07-21T03:21:14.119840+00:00,4553674a0cf56ed2508e96e2c2319104d961c00493db7f00a29bb7589b8884c2,
HKEX:00966,00966,2023-07-10,CASH_DIVIDEND,0.26,HKD,nan,nan,,YAHOO_CHART_EVENTS,UNOFFICIAL_FREE_VENDOR,2026-07-21T03:21:14.119840+00:00,7a6706f5a6684c576444281cad9c814b0d82b7d88cdfe02f00d96b85847b04d5,
HKEX:00966,00966,2024-07-10,CASH_DIVIDEND,0.3,HKD,nan,nan,,YAHOO_CHART_EVENTS,UNOFFICIAL_FREE_VENDOR,2026-07-21T03:21:14.119840+00:00,7a6706f5a6684c576444281cad9c814b0d82b7d88cdfe02f00d96b85847b04d5,
HKEX:00966,00966,2025-07-09,CASH_DIVIDEND,0.35,HKD,nan,nan,,YAHOO_CHART_EVENTS,UNOFFICIAL_FREE_VENDOR,2026-07-21T03:21:14.119840+00:00,7a6706f5a6684c576444281cad9c814b0d82b7d88cdfe02f00d96b85847b04d5,
HKEX:00966,00966,2026-07-08,CASH_DIVIDEND,1.23,HKD,nan,nan,,YAHOO_CHART_EVENTS,UNOFFICIAL_FREE_VENDOR,2026-07-21T03:21:14.119840+00:00,7a6706f5a6684c576444281cad9c814b0d82b7d88cdfe02f00d96b85847b04d5,
HKEX:00968,00968,2023-06-06,CASH_DIVIDEND,0.1,HKD,nan,nan,,YAHOO_CHART_EVENTS,UNOFFICIAL_FREE_VENDOR,2026-07-21T03:21:14.119840+00:00,37f52c4ad4458c324c2a094af54db9af2832287285e80e66a463e456f10d59be,
HKEX:00968,00968,2023-08-11,CASH_DIVIDEND,0.075,HKD,nan,nan,,YAHOO_CHART_EVENTS,UNOFFICIAL_FREE_VENDOR,2026-07-21T03:21:14.119840+00:00,37f52c4ad4458c324c2a094af54db9af2832287285e80e66a463e456f10d59be,
HKEX:00968,00968,2024-06-04,CASH_DIVIDEND,0.15,HKD,nan,nan,,YAHOO_CHART_EVENTS,UNOFFICIAL_FREE_VENDOR,2026-07-21T03:21:14.119840+00:00,37f52c4ad4458c324c2a094af54db9af2832287285e80e66a463e456f10d59be,
HKEX:00968,00968,2024-08-13,CASH_DIVIDEND,0.1,HKD,nan,nan,,YAHOO_CHART_EVENTS,UNOFFICIAL_FREE_VENDOR,2026-07-21T03:21:14.119840+00:00,37f52c4ad4458c324c2a094af54db9af2832287285e80e66a463e456f10d59be,
HKEX:00968,00968,2025-08-14,CASH_DIVIDEND,0.042,HKD,nan,nan,,YAHOO_CHART_EVENTS,UNOFFICIAL_FREE_VENDOR,2026-07-21T03:21:14.119840+00:00,37f52c4ad4458c324c2a094af54db9af2832287285e80e66a463e456f10d59be,
HKEX:00968,00968,2026-06-02,CASH_DIVIDEND,0.008,HKD,nan,nan,,YAHOO_CHART_EVENTS,UNOFFICIAL_FREE_VENDOR,2026-07-21T03:21:14.119840+00:00,37f52c4ad4458c324c2a094af54db9af2832287285e80e66a463e456f10d59be,
HKEX:00990,00990,2024-04-30,CASH_DIVIDEND,0.02,HKD,nan,nan,,YAHOO_CHART_EVENTS,UNOFFICIAL_FREE_VENDOR,2026-07-21T03:21:14.119840+00:00,7aa300b5b6c308f970bd1fb84f12ef16cfd6b4253c7cfe6c832b9e32ba967d6c,
HKEX:00991,00991,2023-06-30,CASH_DIVIDEND,0.03163,HKD,nan,nan,,YAHOO_CHART_EVENTS,UNOFFICIAL_FREE_VENDOR,2026-07-21T03:21:14.119840+00:00,a1af17abed54a7249c8881b0c1ae95711ef125e5677a268271888ba2e30b67b2,
HKEX:00991,00991,2024-07-03,CASH_DIVIDEND,0.00822,HKD,nan,nan,,YAHOO_CHART_EVENTS,UNOFFICIAL_FREE_VENDOR,2026-07-21T03:21:14.119840+00:00,a1af17abed54a7249c8881b0c1ae95711ef125e5677a268271888ba2e30b67b2,
HKEX:00991,00991,2025-07-02,CASH_DIVIDEND,0.06801,HKD,nan,nan,,YAHOO_CHART_EVENTS,UNOFFICIAL_FREE_VENDOR,2026-07-21T03:21:14.119840+00:00,a1af17abed54a7249c8881b0c1ae95711ef125e5677a268271888ba2e30b67b2,
HKEX:00991,00991,2025-10-31,CASH_DIVIDEND,0.06026,HKD,nan,nan,,YAHOO_CHART_EVENTS,UNOFFICIAL_FREE_VENDOR,2026-07-21T03:21:14.119840+00:00,a1af17abed54a7249c8881b0c1ae95711ef125e5677a268271888ba2e30b67b2,
HKEX:00991,00991,2026-06-30,CASH_DIVIDEND,0.10694,HKD,nan,nan,,YAHOO_CHART_EVENTS,UNOFFICIAL_FREE_VENDOR,2026-07-21T03:21:14.119840+00:00,a1af17abed54a7249c8881b0c1ae95711ef125e5677a268271888ba2e30b67b2,
HKEX:00992,00992,2023-07-26,CASH_DIVIDEND,0.3,HKD,nan,nan,,YAHOO_CHART_EVENTS,UNOFFICIAL_FREE_VENDOR,2026-07-21T03:21:14.119840+00:00,90fe71bab41bd21834a422c25e2e9557cf417355a39e789e33751546ce7254f7,
HKEX:00992,00992,2023-11-28,CASH_DIVIDEND,0.08,HKD,nan,nan,,YAHOO_CHART_EVENTS,UNOFFICIAL_FREE_VENDOR,2026-07-21T03:21:14.119840+00:00,90fe71bab41bd21834a422c25e2e9557cf417355a39e789e33751546ce7254f7,
HKEX:00992,00992,2024-07-31,CASH_DIVIDEND,0.3,HKD,nan,nan,,YAHOO_CHART_EVENTS,UNOFFICIAL_FREE_VENDOR,2026-07-21T03:21:14.119840+00:00,90fe71bab41bd21834a422c25e2e9557cf417355a39e789e33751546ce7254f7,
HKEX:00992,00992,2024-11-27,CASH_DIVIDEND,0.085,HKD,nan,nan,,YAHOO_CHART_EVENTS,UNOFFICIAL_FREE_VENDOR,2026-07-21T03:21:14.119840+00:00,90fe71bab41bd21834a422c25e2e9557cf417355a39e789e33751546ce7254f7,
HKEX:00992,00992,2025-07-30,CASH_DIVIDEND,0.305,HKD,nan,nan,,YAHOO_CHART_EVENTS,UNOFFICIAL_FREE_VENDOR,2026-07-21T03:21:14.119840+00:00,90fe71bab41bd21834a422c25e2e9557cf417355a39e789e33751546ce7254f7,
HKEX:00992,00992,2025-12-10,CASH_DIVIDEND,0.085,HKD,nan,nan,,YAHOO_CHART_EVENTS,UNOFFICIAL_FREE_VENDOR,2026-07-21T03:21:14.119840+00:00,90fe71bab41bd21834a422c25e2e9557cf417355a39e789e33751546ce7254f7,
HKEX:00995,00995,2023-06-13,CASH_DIVIDEND,0.6065,HKD,nan,nan,,YAHOO_CHART_EVENTS,UNOFFICIAL_FREE_VENDOR,2026-07-21T03:21:14.119840+00:00,d74b299eae2ed5a98642cf075a1719978e966aec4d8317a038bf0a8561f33b74,
HKEX:00995,00995,2024-06-11,CASH_DIVIDEND,0.6607,HKD,nan,nan,,YAHOO_CHART_EVENTS,UNOFFICIAL_FREE_VENDOR,2026-07-21T03:21:14.119840+00:00,d74b299eae2ed5a98642cf075a1719978e966aec4d8317a038bf0a8561f33b74,
HKEX:00995,00995,2025-06-26,CASH_DIVIDEND,0.661,HKD,nan,nan,,YAHOO_CHART_EVENTS,UNOFFICIAL_FREE_VENDOR,2026-07-21T03:21:14.119840+00:00,d74b299eae2ed5a98642cf075a1719978e966aec4d8317a038bf0a8561f33b74,
HKEX:00995,00995,2026-06-30,CASH_DIVIDEND,0.7589,HKD,nan,nan,,YAHOO_CHART_EVENTS,UNOFFICIAL_FREE_VENDOR,2026-07-21T03:21:14.119840+00:00,d74b299eae2ed5a98642cf075a1719978e966aec4d8317a038bf0a8561f33b74,
HKEX:00998,00998,2023-06-26,CASH_DIVIDEND,0.36006,HKD,nan,nan,,YAHOO_CHART_EVENTS,UNOFFICIAL_FREE_VENDOR,2026-07-21T03:21:14.119840+00:00,d63babf364dc68851e69c6c018094058cce9b9af1ac27d40ae1bd0ac10218bfc,
HKEX:00998,00998,2024-07-04,CASH_DIVIDEND,0.357873,HKD,nan,nan,,YAHOO_CHART_EVENTS,UNOFFICIAL_FREE_VENDOR,2026-07-21T03:21:14.119840+00:00,d63babf364dc68851e69c6c018094058cce9b9af1ac27d40ae1bd0ac10218bfc,
HKEX:00998,00998,2024-12-11,CASH_DIVIDEND,0.197434,HKD,nan,nan,,YAHOO_CHART_EVENTS,UNOFFICIAL_FREE_VENDOR,2026-07-21T03:21:14.119840+00:00,d63babf364dc68851e69c6c018094058cce9b9af1ac27d40ae1bd0ac10218bfc,
HKEX:00998,00998,2025-06-25,CASH_DIVIDEND,0.188362,HKD,nan,nan,,YAHOO_CHART_EVENTS,UNOFFICIAL_FREE_VENDOR,2026-07-21T03:21:14.119840+00:00,d63babf364dc68851e69c6c018094058cce9b9af1ac27d40ae1bd0ac10218bfc,
HKEX:00998,00998,2025-11-03,CASH_DIVIDEND,0.206079,HKD,nan,nan,,YAHOO_CHART_EVENTS,UNOFFICIAL_FREE_VENDOR,2026-07-21T03:21:14.119840+00:00,d63babf364dc68851e69c6c018094058cce9b9af1ac27d40ae1bd0ac10218bfc,
HKEX:00998,00998,2026-05-18,CASH_DIVIDEND,0.22075,HKD,nan,nan,,YAHOO_CHART_EVENTS,UNOFFICIAL_FREE_VENDOR,2026-07-21T03:21:14.119840+00:00,d63babf364dc68851e69c6c018094058cce9b9af1ac27d40ae1bd0ac10218bfc,
HKEX:00999,00999,2025-04-30,CASH_DIVIDEND,0.343,HKD,nan,nan,,YAHOO_CHART_EVENTS,UNOFFICIAL_FREE_VENDOR,2026-07-21T03:21:14.119840+00:00,e338ae4a5e0145d73f699ed4dfbbb0289386fcda611c7a025fe8e68233f6e503,
HKEX:00999,00999,2025-08-28,CASH_DIVIDEND,0.2331,HKD,nan,nan,,YAHOO_CHART_EVENTS,UNOFFICIAL_FREE_VENDOR,2026-07-21T03:21:14.119840+00:00,e338ae4a5e0145d73f699ed4dfbbb0289386fcda611c7a025fe8e68233f6e503,
HKEX:00999,00999,2026-04-22,CASH_DIVIDEND,0.2425,HKD,nan,nan,,YAHOO_CHART_EVENTS,UNOFFICIAL_FREE_VENDOR,2026-07-21T03:21:14.119840+00:00,e338ae4a5e0145d73f699ed4dfbbb0289386fcda611c7a025fe8e68233f6e503,
HKEX:01024,01024,2025-09-09,CASH_DIVIDEND,0.46,HKD,nan,nan,,YAHOO_CHART_EVENTS,UNOFFICIAL_FREE_VENDOR,2026-07-21T03:21:14.119840+00:00,50be3293abef3c938807d5d85e2ce1ca8376694ad064130687152990c70389f3,
HKEX:01024,01024,2026-06-29,CASH_DIVIDEND,0.69,HKD,nan,nan,,YAHOO_CHART_EVENTS,UNOFFICIAL_FREE_VENDOR,2026-07-21T03:21:14.119840+00:00,50be3293abef3c938807d5d85e2ce1ca8376694ad064130687152990c70389f3,
HKEX:01038,01038,2023-05-22,CASH_DIVIDEND,1.83,HKD,nan,nan,,YAHOO_CHART_EVENTS,UNOFFICIAL_FREE_VENDOR,2026-07-21T03:21:14.119840+00:00,64d9128e01ff4a87fe1553377630f111ece420c813153cd0a394df0632da4387,
HKEX:01038,01038,2023-09-04,CASH_DIVIDEND,0.71,HKD,nan,nan,,YAHOO_CHART_EVENTS,UNOFFICIAL_FREE_VENDOR,2026-07-21T03:21:14.119840+00:00,64d9128e01ff4a87fe1553377630f111ece420c813153cd0a394df0632da4387,
HKEX:01038,01038,2024-05-27,CASH_DIVIDEND,1.85,HKD,nan,nan,,YAHOO_CHART_EVENTS,UNOFFICIAL_FREE_VENDOR,2026-07-21T03:21:14.119840+00:00,64d9128e01ff4a87fe1553377630f111ece420c813153cd0a394df0632da4387,
HKEX:01038,01038,2024-09-12,CASH_DIVIDEND,0.72,HKD,nan,nan,,YAHOO_CHART_EVENTS,UNOFFICIAL_FREE_VENDOR,2026-07-21T03:21:14.119840+00:00,64d9128e01ff4a87fe1553377630f111ece420c813153cd0a394df0632da4387,
HKEX:01038,01038,2025-05-26,CASH_DIVIDEND,1.86,HKD,nan,nan,,YAHOO_CHART_EVENTS,UNOFFICIAL_FREE_VENDOR,2026-07-21T03:21:14.119840+00:00,64d9128e01ff4a87fe1553377630f111ece420c813153cd0a394df0632da4387,
HKEX:01038,01038,2025-09-10,CASH_DIVIDEND,0.73,HKD,nan,nan,,YAHOO_CHART_EVENTS,UNOFFICIAL_FREE_VENDOR,2026-07-21T03:21:14.119840+00:00,64d9128e01ff4a87fe1553377630f111ece420c813153cd0a394df0632da4387,
HKEX:01038,01038,2026-05-26,CASH_DIVIDEND,1.88,HKD,nan,nan,,YAHOO_CHART_EVENTS,UNOFFICIAL_FREE_VENDOR,2026-07-21T03:21:14.119840+00:00,64d9128e01ff4a87fe1553377630f111ece420c813153cd0a394df0632da4387,
HKEX:01044,01044,2023-05-24,CASH_DIVIDEND,0.797985,HKD,nan,nan,,YAHOO_CHART_EVENTS,UNOFFICIAL_FREE_VENDOR,2026-07-21T03:21:14.119840+00:00,5552f835baaf8d1a1d4d75a3edadf227391e9bbc160e38e3eddb3ab7ba313888,
HKEX:01044,01044,2023-09-18,CASH_DIVIDEND,0.762187,HKD,nan,nan,,YAHOO_CHART_EVENTS,UNOFFICIAL_FREE_VENDOR,2026-07-21T03:21:14.119840+00:00,5552f835baaf8d1a1d4d75a3edadf227391e9bbc160e38e3eddb3ab7ba313888,
HKEX:01044,01044,2024-05-21,CASH_DIVIDEND,0.81025,HKD,nan,nan,,YAHOO_CHART_EVENTS,UNOFFICIAL_FREE_VENDOR,2026-07-21T03:21:14.119840+00:00,5552f835baaf8d1a1d4d75a3edadf227391e9bbc160e38e3eddb3ab7ba313888,
HKEX:01044,01044,2024-09-09,CASH_DIVIDEND,0.763742,HKD,nan,nan,,YAHOO_CHART_EVENTS,UNOFFICIAL_FREE_VENDOR,2026-07-21T03:21:14.119840+00:00,5552f835baaf8d1a1d4d75a3edadf227391e9bbc160e38e3eddb3ab7ba313888,
HKEX:01044,01044,2025-05-22,CASH_DIVIDEND,0.75801,HKD,nan,nan,,YAHOO_CHART_EVENTS,UNOFFICIAL_FREE_VENDOR,2026-07-21T03:21:14.119840+00:00,5552f835baaf8d1a1d4d75a3edadf227391e9bbc160e38e3eddb3ab7ba313888,
HKEX:01044,01044,2025-09-08,CASH_DIVIDEND,0.76522,HKD,nan,nan,,YAHOO_CHART_EVENTS,UNOFFICIAL_FREE_VENDOR,2026-07-21T03:21:14.119840+00:00,5552f835baaf8d1a1d4d75a3edadf227391e9bbc160e38e3eddb3ab7ba313888,
HKEX:01044,01044,2026-05-21,CASH_DIVIDEND,0.793498,HKD,nan,nan,,YAHOO_CHART_EVENTS,UNOFFICIAL_FREE_VENDOR,2026-07-21T03:21:14.119840+00:00,5552f835baaf8d1a1d4d75a3edadf227391e9bbc160e38e3eddb3ab7ba313888,
HKEX:01052,01052,2023-06-16,CASH_DIVIDEND,0.1,HKD,nan,nan,,YAHOO_CHART_EVENTS,UNOFFICIAL_FREE_VENDOR,2026-07-21T03:21:14.119840+00:00,518146e8104cdb46e9af8af1f5dfb49fef854d2c36914592063d659b3e8329fc,
HKEX:01052,01052,2023-11-03,CASH_DIVIDEND,0.15,HKD,nan,nan,,YAHOO_CHART_EVENTS,UNOFFICIAL_FREE_VENDOR,2026-07-21T03:21:14.119840+00:00,518146e8104cdb46e9af8af1f5dfb49fef854d2c36914592063d659b3e8329fc,
HKEX:01052,01052,2024-05-24,CASH_DIVIDEND,0.15,HKD,nan,nan,,YAHOO_CHART_EVENTS,UNOFFICIAL_FREE_VENDOR,2026-07-21T03:21:14.119840+00:00,518146e8104cdb46e9af8af1f5dfb49fef854d2c36914592063d659b3e8329fc,
HKEX:01052,01052,2024-11-01,CASH_DIVIDEND,0.12,HKD,nan,nan,,YAHOO_CHART_EVENTS,UNOFFICIAL_FREE_VENDOR,2026-07-21T03:21:14.119840+00:00,518146e8104cdb46e9af8af1f5dfb49fef854d2c36914592063d659b3e8329fc,
HKEX:01052,01052,2025-06-17,CASH_DIVIDEND,0.13,HKD,nan,nan,,YAHOO_CHART_EVENTS,UNOFFICIAL_FREE_VENDOR,2026-07-21T03:21:14.119840+00:00,518146e8104cdb46e9af8af1f5dfb49fef854d2c36914592063d659b3e8329fc,
HKEX:01052,01052,2025-10-30,CASH_DIVIDEND,0.12,HKD,nan,nan,,YAHOO_CHART_EVENTS,UNOFFICIAL_FREE_VENDOR,2026-07-21T03:21:14.119840+00:00,518146e8104cdb46e9af8af1f5dfb49fef854d2c36914592063d659b3e8329fc,
HKEX:01052,01052,2026-06-16,CASH_DIVIDEND,0.13,HKD,nan,nan,,YAHOO_CHART_EVENTS,UNOFFICIAL_FREE_VENDOR,2026-07-21T03:21:14.119840+00:00,518146e8104cdb46e9af8af1f5dfb49fef854d2c36914592063d659b3e8329fc,
HKEX:01057,01057,2024-07-26,CASH_DIVIDEND,0.0267,HKD,nan,nan,,YAHOO_CHART_EVENTS,UNOFFICIAL_FREE_VENDOR,2026-07-21T03:21:14.119840+00:00,623966d739a32228169fc7faa4def7ab92a3feb5b3c08869bfee3962f0c66a57,
HKEX:01057,01057,2025-05-29,CASH_DIVIDEND,0.0648,HKD,nan,nan,,YAHOO_CHART_EVENTS,UNOFFICIAL_FREE_VENDOR,2026-07-21T03:21:14.119840+00:00,623966d739a32228169fc7faa4def7ab92a3feb5b3c08869bfee3962f0c66a57,
HKEX:01065,01065,2023-06-05,CASH_DIVIDEND,0.158741,HKD,nan,nan,,YAHOO_CHART_EVENTS,UNOFFICIAL_FREE_VENDOR,2026-07-21T03:21:14.119840+00:00,429bf68d7db5d4243573067bd8dd180adb66edccc9d02b7d4a4a51775c4eb7c4,
HKEX:01065,01065,2024-06-07,CASH_DIVIDEND,0.18229,HKD,nan,nan,,YAHOO_CHART_EVENTS,UNOFFICIAL_FREE_VENDOR,2026-07-21T03:21:14.119840+00:00,429bf68d7db5d4243573067bd8dd180adb66edccc9d02b7d4a4a51775c4eb7c4,
HKEX:01065,01065,2025-05-29,CASH_DIVIDEND,0.185402,HKD,nan,nan,,YAHOO_CHART_EVENTS,UNOFFICIAL_FREE_VENDOR,2026-07-21T03:21:14.119840+00:00,429bf68d7db5d4243573067bd8dd180adb66edccc9d02b7d4a4a51775c4eb7c4,
HKEX:01065,01065,2026-05-22,CASH_DIVIDEND,0.239867,HKD,nan,nan,,YAHOO_CHART_EVENTS,UNOFFICIAL_FREE_VENDOR,2026-07-21T03:21:14.119840+00:00,429bf68d7db5d4243573067bd8dd180adb66edccc9d02b7d4a4a51775c4eb7c4,
HKEX:01066,01066,2023-06-01,CASH_DIVIDEND,0.087,HKD,nan,nan,,YAHOO_CHART_EVENTS,UNOFFICIAL_FREE_VENDOR,2026-07-21T03:21:14.119840+00:00,3dc7d4d1894fce857ab0e7fb3a0f9ec6876cb7edfd83fb98611f9c7d5b92c11f,
HKEX:01066,01066,2023-10-19,CASH_DIVIDEND,0.08,HKD,nan,nan,,YAHOO_CHART_EVENTS,UNOFFICIAL_FREE_VENDOR,2026-07-21T03:21:14.119840+00:00,3dc7d4d1894fce857ab0e7fb3a0f9ec6876cb7edfd83fb98611f9c7d5b92c11f,
HKEX:01066,01066,2024-06-03,CASH_DIVIDEND,0.1035,HKD,nan,nan,,YAHOO_CHART_EVENTS,UNOFFICIAL_FREE_VENDOR,2026-07-21T03:21:14.119840+00:00,3dc7d4d1894fce857ab0e7fb3a0f9ec6876cb7edfd83fb98611f9c7d5b92c11f,
HKEX:01066,01066,2024-10-18,CASH_DIVIDEND,0.1009,HKD,nan,nan,,YAHOO_CHART_EVENTS,UNOFFICIAL_FREE_VENDOR,2026-07-21T03:21:14.119840+00:00,3dc7d4d1894fce857ab0e7fb3a0f9ec6876cb7edfd83fb98611f9c7d5b92c11f,
HKEX:01066,01066,2025-06-02,CASH_DIVIDEND,0.1344,HKD,nan,nan,,YAHOO_CHART_EVENTS,UNOFFICIAL_FREE_VENDOR,2026-07-21T03:21:14.119840+00:00,3dc7d4d1894fce857ab0e7fb3a0f9ec6876cb7edfd83fb98611f9c7d5b92c11f,
HKEX:01066,01066,2025-10-21,CASH_DIVIDEND,0.1061,HKD,nan,nan,,YAHOO_CHART_EVENTS,UNOFFICIAL_FREE_VENDOR,2026-07-21T03:21:14.119840+00:00,3dc7d4d1894fce857ab0e7fb3a0f9ec6876cb7edfd83fb98611f9c7d5b92c11f,
HKEX:01066,01066,2026-06-02,CASH_DIVIDEND,0.0688,HKD,nan,nan,,YAHOO_CHART_EVENTS,UNOFFICIAL_FREE_VENDOR,2026-07-21T03:21:14.119840+00:00,3dc7d4d1894fce857ab0e7fb3a0f9ec6876cb7edfd83fb98611f9c7d5b92c11f,
HKEX:01070,01070,2023-07-18,CASH_DIVIDEND,0.127,HKD,nan,nan,,YAHOO_CHART_EVENTS,UNOFFICIAL_FREE_VENDOR,2026-07-21T03:21:14.119840+00:00,433cd22f6afd39d5a5cc438655621740cc5d88713386e16db9e4a4fd99da6baf,
HKEX:01070,01070,2024-07-05,CASH_DIVIDEND,0.16,HKD,nan,nan,,YAHOO_CHART_EVENTS,UNOFFICIAL_FREE_VENDOR,2026-07-21T03:21:14.119840+00:00,433cd22f6afd39d5a5cc438655621740cc5d88713386e16db9e4a4fd99da6baf,
HKEX:01070,01070,2025-07-11,CASH_DIVIDEND,0.318,HKD,nan,nan,,YAHOO_CHART_EVENTS,UNOFFICIAL_FREE_VENDOR,2026-07-21T03:21:14.119840+00:00,433cd22f6afd39d5a5cc438655621740cc5d88713386e16db9e4a4fd99da6baf,
HKEX:01070,01070,2026-06-24,CASH_DIVIDEND,0.498,HKD,nan,nan,,YAHOO_CHART_EVENTS,UNOFFICIAL_FREE_VENDOR,2026-07-21T03:21:14.119840+00:00,433cd22f6afd39d5a5cc438655621740cc5d88713386e16db9e4a4fd99da6baf,
HKEX:01071,01071,2023-06-05,CASH_DIVIDEND,0.22156,HKD,nan,nan,,YAHOO_CHART_EVENTS,UNOFFICIAL_FREE_VENDOR,2026-07-21T03:21:14.119840+00:00,7dda4941b47a2e4ae604ec577d77d194312b8d48cc44a6ff3a78d2e3a532d434,
HKEX:01071,01071,2024-06-20,CASH_DIVIDEND,0.16469,HKD,nan,nan,,YAHOO_CHART_EVENTS,UNOFFICIAL_FREE_VENDOR,2026-07-21T03:21:14.119840+00:00,7dda4941b47a2e4ae604ec577d77d194312b8d48cc44a6ff3a78d2e3a532d434,
HKEX:01071,01071,2024-09-10,CASH_DIVIDEND,0.08775,HKD,nan,nan,,YAHOO_CHART_EVENTS,UNOFFICIAL_FREE_VENDOR,2026-07-21T03:21:14.119840+00:00,7dda4941b47a2e4ae604ec577d77d194312b8d48cc44a6ff3a78d2e3a532d434,
HKEX:01071,01071,2025-06-19,CASH_DIVIDEND,0.14214,HKD,nan,nan,,YAHOO_CHART_EVENTS,UNOFFICIAL_FREE_VENDOR,2026-07-21T03:21:14.119840+00:00,7dda4941b47a2e4ae604ec577d77d194312b8d48cc44a6ff3a78d2e3a532d434,
HKEX:01071,01071,2025-10-02,CASH_DIVIDEND,0.09841,HKD,nan,nan,,YAHOO_CHART_EVENTS,UNOFFICIAL_FREE_VENDOR,2026-07-21T03:21:14.119840+00:00,7dda4941b47a2e4ae604ec577d77d194312b8d48cc44a6ff3a78d2e3a532d434,
HKEX:01071,01071,2026-06-01,CASH_DIVIDEND,0.16054,HKD,nan,nan,,YAHOO_CHART_EVENTS,UNOFFICIAL_FREE_VENDOR,2026-07-21T03:21:14.119840+00:00,7dda4941b47a2e4ae604ec577d77d194312b8d48cc44a6ff3a78d2e3a532d434,
HKEX:01072,01072,2023-06-30,CASH_DIVIDEND,0.366279,HKD,nan,nan,,YAHOO_CHART_EVENTS,UNOFFICIAL_FREE_VENDOR,2026-07-21T03:21:14.119840+00:00,191d96cfdc283b974853cf12c8f8a89332c57ca0743bab7c0666775477ffa3bf,
HKEX:01072,01072,2024-07-03,CASH_DIVIDEND,0.521119,HKD,nan,nan,,YAHOO_CHART_EVENTS,UNOFFICIAL_FREE_VENDOR,2026-07-21T03:21:14.119840+00:00,191d96cfdc283b974853cf12c8f8a89332c57ca0743bab7c0666775477ffa3bf,
HKEX:01072,01072,2025-07-08,CASH_DIVIDEND,0.440932,HKD,nan,nan,,YAHOO_CHART_EVENTS,UNOFFICIAL_FREE_VENDOR,2026-07-21T03:21:14.119840+00:00,191d96cfdc283b974853cf12c8f8a89332c57ca0743bab7c0666775477ffa3bf,
HKEX:01072,01072,2026-06-25,CASH_DIVIDEND,0.607019,HKD,nan,nan,,YAHOO_CHART_EVENTS,UNOFFICIAL_FREE_VENDOR,2026-07-21T03:21:14.119840+00:00,191d96cfdc283b974853cf12c8f8a89332c57ca0743bab7c0666775477ffa3bf,
HKEX:01083,01083,2023-05-30,CASH_DIVIDEND,0.15,HKD,nan,nan,,YAHOO_CHART_EVENTS,UNOFFICIAL_FREE_VENDOR,2026-07-21T03:21:14.119840+00:00,59d7572f34d2c26cff1ebb72625fb39046342847b32d7b4f964c2a1af74ba697,
HKEX:01083,01083,2024-05-31,CASH_DIVIDEND,0.16,HKD,nan,nan,,YAHOO_CHART_EVENTS,UNOFFICIAL_FREE_VENDOR,2026-07-21T03:21:14.119840+00:00,59d7572f34d2c26cff1ebb72625fb39046342847b32d7b4f964c2a1af74ba697,
HKEX:01083,01083,2025-06-02,CASH_DIVIDEND,0.19,HKD,nan,nan,,YAHOO_CHART_EVENTS,UNOFFICIAL_FREE_VENDOR,2026-07-21T03:21:14.119840+00:00,59d7572f34d2c26cff1ebb72625fb39046342847b32d7b4f964c2a1af74ba697,
HKEX:01083,01083,2025-08-29,CASH_DIVIDEND,0.05,HKD,nan,nan,,YAHOO_CHART_EVENTS,UNOFFICIAL_FREE_VENDOR,2026-07-21T03:21:14.119840+00:00,59d7572f34d2c26cff1ebb72625fb39046342847b32d7b4f964c2a1af74ba697,
HKEX:01083,01083,2026-05-29,CASH_DIVIDEND,0.14,HKD,nan,nan,,YAHOO_CHART_EVENTS,UNOFFICIAL_FREE_VENDOR,2026-07-21T03:21:14.119840+00:00,59d7572f34d2c26cff1ebb72625fb39046342847b32d7b4f964c2a1af74ba697,
HKEX:01088,01088,2023-06-21,CASH_DIVIDEND,2.909,HKD,nan,nan,,YAHOO_CHART_EVENTS,UNOFFICIAL_FREE_VENDOR,2026-07-21T03:21:14.119840+00:00,a65140b2a60c56ed81a621c881e019a7bd7fc33b104efada088298969d3aa734,
HKEX:01088,01088,2024-06-27,CASH_DIVIDEND,2.491,HKD,nan,nan,,YAHOO_CHART_EVENTS,UNOFFICIAL_FREE_VENDOR,2026-07-21T03:21:14.119840+00:00,a65140b2a60c56ed81a621c881e019a7bd7fc33b104efada088298969d3aa734,
HKEX:01088,01088,2025-06-26,CASH_DIVIDEND,2.4486,HKD,nan,nan,,YAHOO_CHART_EVENTS,UNOFFICIAL_FREE_VENDOR,2026-07-21T03:21:14.119840+00:00,a65140b2a60c56ed81a621c881e019a7bd7fc33b104efada088298969d3aa734,
HKEX:01088,01088,2025-10-30,CASH_DIVIDEND,1.074,HKD,nan,nan,,YAHOO_CHART_EVENTS,UNOFFICIAL_FREE_VENDOR,2026-07-21T03:21:14.119840+00:00,a65140b2a60c56ed81a621c881e019a7bd7fc33b104efada088298969d3aa734,
HKEX:01088,01088,2026-07-02,CASH_DIVIDEND,1.185,HKD,nan,nan,,YAHOO_CHART_EVENTS,UNOFFICIAL_FREE_VENDOR,2026-07-21T03:21:14.119840+00:00,a65140b2a60c56ed81a621c881e019a7bd7fc33b104efada088298969d3aa734,
HKEX:01093,01093,2023-06-05,CASH_DIVIDEND,0.11,HKD,nan,nan,,YAHOO_CHART_EVENTS,UNOFFICIAL_FREE_VENDOR,2026-07-21T03:21:14.119840+00:00,40dcea8ced205c49316af95f3620811143313e98857d03c0bedb7e97a3b7e4f5,
HKEX:01093,01093,2023-09-07,CASH_DIVIDEND,0.14,HKD,nan,nan,,YAHOO_CHART_EVENTS,UNOFFICIAL_FREE_VENDOR,2026-07-21T03:21:14.119840+00:00,40dcea8ced205c49316af95f3620811143313e98857d03c0bedb7e97a3b7e4f5,
HKEX:01093,01093,2024-05-31,CASH_DIVIDEND,0.14,HKD,nan,nan,,YAHOO_CHART_EVENTS,UNOFFICIAL_FREE_VENDOR,2026-07-21T03:21:14.119840+00:00,40dcea8ced205c49316af95f3620811143313e98857d03c0bedb7e97a3b7e4f5,
HKEX:01093,01093,2024-10-31,CASH_DIVIDEND,0.16,HKD,nan,nan,,YAHOO_CHART_EVENTS,UNOFFICIAL_FREE_VENDOR,2026-07-21T03:21:14.119840+00:00,40dcea8ced205c49316af95f3620811143313e98857d03c0bedb7e97a3b7e4f5,
HKEX:01093,01093,2025-06-04,CASH_DIVIDEND,0.1,HKD,nan,nan,,YAHOO_CHART_EVENTS,UNOFFICIAL_FREE_VENDOR,2026-07-21T03:21:14.119840+00:00,40dcea8ced205c49316af95f3620811143313e98857d03c0bedb7e97a3b7e4f5,
HKEX:01093,01093,2025-10-17,CASH_DIVIDEND,0.14,HKD,nan,nan,,YAHOO_CHART_EVENTS,UNOFFICIAL_FREE_VENDOR,2026-07-21T03:21:14.119840+00:00,40dcea8ced205c49316af95f3620811143313e98857d03c0bedb7e97a3b7e4f5,
HKEX:01093,01093,2026-06-24,CASH_DIVIDEND,0.15,HKD,nan,nan,,YAHOO_CHART_EVENTS,UNOFFICIAL_FREE_VENDOR,2026-07-21T03:21:14.119840+00:00,40dcea8ced205c49316af95f3620811143313e98857d03c0bedb7e97a3b7e4f5,
HKEX:01099,01099,2023-06-19,CASH_DIVIDEND,0.901099,HKD,nan,nan,,YAHOO_CHART_EVENTS,UNOFFICIAL_FREE_VENDOR,2026-07-21T03:21:14.119840+00:00,33cc52d75d2878b8d91884b740019e9c184b53832bb4d71b609a8bf6266327bd,
HKEX:01099,01099,2024-06-17,CASH_DIVIDEND,0.956,HKD,nan,nan,,YAHOO_CHART_EVENTS,UNOFFICIAL_FREE_VENDOR,2026-07-21T03:21:14.119840+00:00,33cc52d75d2878b8d91884b740019e9c184b53832bb4d71b609a8bf6266327bd,
HKEX:01099,01099,2025-06-16,CASH_DIVIDEND,0.739,HKD,nan,nan,,YAHOO_CHART_EVENTS,UNOFFICIAL_FREE_VENDOR,2026-07-21T03:21:14.119840+00:00,33cc52d75d2878b8d91884b740019e9c184b53832bb4d71b609a8bf6266327bd,
HKEX:01099,01099,2026-06-23,CASH_DIVIDEND,0.79,HKD,nan,nan,,YAHOO_CHART_EVENTS,UNOFFICIAL_FREE_VENDOR,2026-07-21T03:21:14.119840+00:00,33cc52d75d2878b8d91884b740019e9c184b53832bb4d71b609a8bf6266327bd,
HKEX:01109,01109,2023-06-09,CASH_DIVIDEND,1.394,HKD,nan,nan,,YAHOO_CHART_EVENTS,UNOFFICIAL_FREE_VENDOR,2026-07-21T03:21:14.119840+00:00,d9fd4c601fbb70ca96e3709359e0f6c82b6d88dafcd44489a1a7ef8a02b4b862,
HKEX:01109,01109,2023-09-12,CASH_DIVIDEND,0.216,HKD,nan,nan,,YAHOO_CHART_EVENTS,UNOFFICIAL_FREE_VENDOR,2026-07-21T03:21:14.119840+00:00,d9fd4c601fbb70ca96e3709359e0f6c82b6d88dafcd44489a1a7ef8a02b4b862,
HKEX:01109,01109,2024-06-12,CASH_DIVIDEND,1.366,HKD,nan,nan,,YAHOO_CHART_EVENTS,UNOFFICIAL_FREE_VENDOR,2026-07-21T03:21:14.119840+00:00,d9fd4c601fbb70ca96e3709359e0f6c82b6d88dafcd44489a1a7ef8a02b4b862,
HKEX:01109,01109,2024-09-09,CASH_DIVIDEND,0.219,HKD,nan,nan,,YAHOO_CHART_EVENTS,UNOFFICIAL_FREE_VENDOR,2026-07-21T03:21:14.119840+00:00,d9fd4c601fbb70ca96e3709359e0f6c82b6d88dafcd44489a1a7ef8a02b4b862,
HKEX:01109,01109,2025-06-12,CASH_DIVIDEND,1.221,HKD,nan,nan,,YAHOO_CHART_EVENTS,UNOFFICIAL_FREE_VENDOR,2026-07-21T03:21:14.119840+00:00,d9fd4c601fbb70ca96e3709359e0f6c82b6d88dafcd44489a1a7ef8a02b4b862,
HKEX:01109,01109,2025-09-09,CASH_DIVIDEND,0.219,HKD,nan,nan,,YAHOO_CHART_EVENTS,UNOFFICIAL_FREE_VENDOR,2026-07-21T03:21:14.119840+00:00,d9fd4c601fbb70ca96e3709359e0f6c82b6d88dafcd44489a1a7ef8a02b4b862,
HKEX:01109,01109,2026-06-15,CASH_DIVIDEND,1.11,HKD,nan,nan,,YAHOO_CHART_EVENTS,UNOFFICIAL_FREE_VENDOR,2026-07-21T03:21:14.119840+00:00,d9fd4c601fbb70ca96e3709359e0f6c82b6d88dafcd44489a1a7ef8a02b4b862,
HKEX:01112,01112,2023-05-16,CASH_DIVIDEND,0.38,HKD,nan,nan,,YAHOO_CHART_EVENTS,UNOFFICIAL_FREE_VENDOR,2026-07-21T03:21:14.119840+00:00,82d40ea197a532d6232ff9c1f8bc11dbb130742dcdd8a19852683c9f4e93f075,
HKEX:01112,01112,2023-09-04,CASH_DIVIDEND,0.44,HKD,nan,nan,,YAHOO_CHART_EVENTS,UNOFFICIAL_FREE_VENDOR,2026-07-21T03:21:14.119840+00:00,82d40ea197a532d6232ff9c1f8bc11dbb130742dcdd8a19852683c9f4e93f075,
HKEX:01112,01112,2024-05-14,CASH_DIVIDEND,0.18,HKD,nan,nan,,YAHOO_CHART_EVENTS,UNOFFICIAL_FREE_VENDOR,2026-07-21T03:21:14.119840+00:00,82d40ea197a532d6232ff9c1f8bc11dbb130742dcdd8a19852683c9f4e93f075,
HKEX:01112,01112,2024-09-10,CASH_DIVIDEND,0.3,HKD,nan,nan,,YAHOO_CHART_EVENTS,UNOFFICIAL_FREE_VENDOR,2026-07-21T03:21:14.119840+00:00,82d40ea197a532d6232ff9c1f8bc11dbb130742dcdd8a19852683c9f4e93f075,
HKEX:01112,01112,2025-05-15,CASH_DIVIDEND,0.05,HKD,nan,nan,,YAHOO_CHART_EVENTS,UNOFFICIAL_FREE_VENDOR,2026-07-21T03:21:14.119840+00:00,82d40ea197a532d6232ff9c1f8bc11dbb130742dcdd8a19852683c9f4e93f075,
HKEX:01112,01112,2025-09-09,CASH_DIVIDEND,0.19,HKD,nan,nan,,YAHOO_CHART_EVENTS,UNOFFICIAL_FREE_VENDOR,2026-07-21T03:21:14.119840+00:00,82d40ea197a532d6232ff9c1f8bc11dbb130742dcdd8a19852683c9f4e93f075,
HKEX:01112,01112,2026-05-19,CASH_DIVIDEND,0.16,HKD,nan,nan,,YAHOO_CHART_EVENTS,UNOFFICIAL_FREE_VENDOR,2026-07-21T03:21:14.119840+00:00,82d40ea197a532d6232ff9c1f8bc11dbb130742dcdd8a19852683c9f4e93f075,
HKEX:01113,01113,2023-05-23,CASH_DIVIDEND,1.85,HKD,nan,nan,,YAHOO_CHART_EVENTS,UNOFFICIAL_FREE_VENDOR,2026-07-21T03:21:14.119840+00:00,bde844d11954ae770bc3581b642c5b9b8f9713355e1c908bc53ca2a81e5df0ef,
HKEX:01113,01113,2023-09-04,CASH_DIVIDEND,0.43,HKD,nan,nan,,YAHOO_CHART_EVENTS,UNOFFICIAL_FREE_VENDOR,2026-07-21T03:21:14.119840+00:00,bde844d11954ae770bc3581b642c5b9b8f9713355e1c908bc53ca2a81e5df0ef,
HKEX:01113,01113,2024-05-28,CASH_DIVIDEND,1.62,HKD,nan,nan,,YAHOO_CHART_EVENTS,UNOFFICIAL_FREE_VENDOR,2026-07-21T03:21:14.119840+00:00,bde844d11954ae770bc3581b642c5b9b8f9713355e1c908bc53ca2a81e5df0ef,
HKEX:01113,01113,2024-09-13,CASH_DIVIDEND,0.39,HKD,nan,nan,,YAHOO_CHART_EVENTS,UNOFFICIAL_FREE_VENDOR,2026-07-21T03:21:14.119840+00:00,bde844d11954ae770bc3581b642c5b9b8f9713355e1c908bc53ca2a81e5df0ef,
HKEX:01113,01113,2025-05-27,CASH_DIVIDEND,1.35,HKD,nan,nan,,YAHOO_CHART_EVENTS,UNOFFICIAL_FREE_VENDOR,2026-07-21T03:21:14.119840+00:00,bde844d11954ae770bc3581b642c5b9b8f9713355e1c908bc53ca2a81e5df0ef,
HKEX:01113,01113,2025-09-15,CASH_DIVIDEND,0.39,HKD,nan,nan,,YAHOO_CHART_EVENTS,UNOFFICIAL_FREE_VENDOR,2026-07-21T03:21:14.119840+00:00,bde844d11954ae770bc3581b642c5b9b8f9713355e1c908bc53ca2a81e5df0ef,
HKEX:01113,01113,2026-05-27,CASH_DIVIDEND,1.39,HKD,nan,nan,,YAHOO_CHART_EVENTS,UNOFFICIAL_FREE_VENDOR,2026-07-21T03:21:14.119840+00:00,bde844d11954ae770bc3581b642c5b9b8f9713355e1c908bc53ca2a81e5df0ef,
HKEX:01114,01114,2023-02-10,CASH_DIVIDEND,0.96,HKD,nan,nan,,YAHOO_CHART_EVENTS,UNOFFICIAL_FREE_VENDOR,2026-07-21T03:21:14.119840+00:00,ab7190f871af91889fa2aa7bd03c895c2861b2be429f067f951707bab1090da9,
HKEX:01114,01114,2023-08-11,CASH_DIVIDEND,0.96,HKD,nan,nan,,YAHOO_CHART_EVENTS,UNOFFICIAL_FREE_VENDOR,2026-07-21T03:21:14.119840+00:00,ab7190f871af91889fa2aa7bd03c895c2861b2be429f067f951707bab1090da9,
HKEX:01114,01114,2024-04-26,CASH_DIVIDEND,1.5,HKD,nan,nan,,YAHOO_CHART_EVENTS,UNOFFICIAL_FREE_VENDOR,2026-07-21T03:21:14.119840+00:00,ab7190f871af91889fa2aa7bd03c895c2861b2be429f067f951707bab1090da9,
HKEX:01114,01114,2024-07-03,CASH_DIVIDEND,4.3,HKD,nan,nan,,YAHOO_CHART_EVENTS,UNOFFICIAL_FREE_VENDOR,2026-07-21T03:21:14.119840+00:00,ab7190f871af91889fa2aa7bd03c895c2861b2be429f067f951707bab1090da9,
HKEX:01114,01114,2025-03-14,CASH_DIVIDEND,1.0,HKD,nan,nan,,YAHOO_CHART_EVENTS,UNOFFICIAL_FREE_VENDOR,2026-07-21T03:21:14.119840+00:00,ab7190f871af91889fa2aa7bd03c895c2861b2be429f067f951707bab1090da9,
HKEX:01114,01114,2025-09-04,CASH_DIVIDEND,0.8,HKD,nan,nan,,YAHOO_CHART_EVENTS,UNOFFICIAL_FREE_VENDOR,2026-07-21T03:21:14.119840+00:00,ab7190f871af91889fa2aa7bd03c895c2861b2be429f067f951707bab1090da9,
HKEX:01117,01117,2023-06-08,CASH_DIVIDEND,0.01566,HKD,nan,nan,,YAHOO_CHART_EVENTS,UNOFFICIAL_FREE_VENDOR,2026-07-21T03:21:14.119840+00:00,e502a9464ae385620aadb5efd3624ae5cf6e307cd6f4773cca0e8a92a243b60d,
HKEX:01117,01117,2024-06-14,CASH_DIVIDEND,0.00494,HKD,nan,nan,,YAHOO_CHART_EVENTS,UNOFFICIAL_FREE_VENDOR,2026-07-21T03:21:14.119840+00:00,e502a9464ae385620aadb5efd3624ae5cf6e307cd6f4773cca0e8a92a243b60d,
HKEX:01117,01117,2025-06-16,CASH_DIVIDEND,0.0133,HKD,nan,nan,,YAHOO_CHART_EVENTS,UNOFFICIAL_FREE_VENDOR,2026-07-21T03:21:14.119840+00:00,e502a9464ae385620aadb5efd3624ae5cf6e307cd6f4773cca0e8a92a243b60d,
HKEX:01128,01128,2024-06-03,CASH_DIVIDEND,0.075,HKD,nan,nan,,YAHOO_CHART_EVENTS,UNOFFICIAL_FREE_VENDOR,2026-07-21T03:21:14.119840+00:00,65084996faa3c906c69d9af57e62d0e6027929fcc0a76fe048a38d84c06848b8,
HKEX:01128,01128,2024-08-28,CASH_DIVIDEND,0.075,HKD,nan,nan,,YAHOO_CHART_EVENTS,UNOFFICIAL_FREE_VENDOR,2026-07-21T03:21:14.119840+00:00,65084996faa3c906c69d9af57e62d0e6027929fcc0a76fe048a38d84c06848b8,
HKEX:01128,01128,2025-05-27,CASH_DIVIDEND,0.185,HKD,nan,nan,,YAHOO_CHART_EVENTS,UNOFFICIAL_FREE_VENDOR,2026-07-21T03:21:14.119840+00:00,65084996faa3c906c69d9af57e62d0e6027929fcc0a76fe048a38d84c06848b8,
HKEX:01128,01128,2025-09-02,CASH_DIVIDEND,0.185,HKD,nan,nan,,YAHOO_CHART_EVENTS,UNOFFICIAL_FREE_VENDOR,2026-07-21T03:21:14.119840+00:00,65084996faa3c906c69d9af57e62d0e6027929fcc0a76fe048a38d84c06848b8,
HKEX:01128,01128,2026-06-01,CASH_DIVIDEND,0.223,HKD,nan,nan,,YAHOO_CHART_EVENTS,UNOFFICIAL_FREE_VENDOR,2026-07-21T03:21:14.119840+00:00,65084996faa3c906c69d9af57e62d0e6027929fcc0a76fe048a38d84c06848b8,
HKEX:01138,01138,2023-07-18,CASH_DIVIDEND,0.16272,HKD,nan,nan,,YAHOO_CHART_EVENTS,UNOFFICIAL_FREE_VENDOR,2026-07-21T03:21:14.119840+00:00,3515b57d45a1b6610672f7f57706e9da68cb1aee6f1f3362603cc499f565952a,
HKEX:01138,01138,2024-07-17,CASH_DIVIDEND,0.38349,HKD,nan,nan,,YAHOO_CHART_EVENTS,UNOFFICIAL_FREE_VENDOR,2026-07-21T03:21:14.119840+00:00,3515b57d45a1b6610672f7f57706e9da68cb1aee6f1f3362603cc499f565952a,
HKEX:01138,01138,2024-11-18,CASH_DIVIDEND,0.24178,HKD,nan,nan,,YAHOO_CHART_EVENTS,UNOFFICIAL_FREE_VENDOR,2026-07-21T03:21:14.119840+00:00,3515b57d45a1b6610672f7f57706e9da68cb1aee6f1f3362603cc499f565952a,
HKEX:01138,01138,2025-07-17,CASH_DIVIDEND,0.23028,HKD,nan,nan,,YAHOO_CHART_EVENTS,UNOFFICIAL_FREE_VENDOR,2026-07-21T03:21:14.119840+00:00,3515b57d45a1b6610672f7f57706e9da68cb1aee6f1f3362603cc499f565952a,
HKEX:01138,01138,2026-07-20,CASH_DIVIDEND,0.43707,HKD,nan,nan,,YAHOO_CHART_EVENTS,UNOFFICIAL_FREE_VENDOR,2026-07-21T03:21:14.119840+00:00,3515b57d45a1b6610672f7f57706e9da68cb1aee6f1f3362603cc499f565952a,
HKEX:01157,01157,2023-07-03,CASH_DIVIDEND,0.3482,HKD,nan,nan,,YAHOO_CHART_EVENTS,UNOFFICIAL_FREE_VENDOR,2026-07-21T03:21:14.119840+00:00,a174bcf333ca4dd291f49c8a83016c1c1a0a3ec8a4426a5be752715f5a22c9b8,
HKEX:01157,01157,2024-07-03,CASH_DIVIDEND,0.3507,HKD,nan,nan,,YAHOO_CHART_EVENTS,UNOFFICIAL_FREE_VENDOR,2026-07-21T03:21:14.119840+00:00,a174bcf333ca4dd291f49c8a83016c1c1a0a3ec8a4426a5be752715f5a22c9b8,
HKEX:01157,01157,2025-06-30,CASH_DIVIDEND,0.3285,HKD,nan,nan,,YAHOO_CHART_EVENTS,UNOFFICIAL_FREE_VENDOR,2026-07-21T03:21:14.119840+00:00,a174bcf333ca4dd291f49c8a83016c1c1a0a3ec8a4426a5be752715f5a22c9b8,
HKEX:01157,01157,2025-12-15,CASH_DIVIDEND,0.22,HKD,nan,nan,,YAHOO_CHART_EVENTS,UNOFFICIAL_FREE_VENDOR,2026-07-21T03:21:14.119840+00:00,a174bcf333ca4dd291f49c8a83016c1c1a0a3ec8a4426a5be752715f5a22c9b8,
HKEX:01157,01157,2026-06-25,CASH_DIVIDEND,0.2268,HKD,nan,nan,,YAHOO_CHART_EVENTS,UNOFFICIAL_FREE_VENDOR,2026-07-21T03:21:14.119840+00:00,a174bcf333ca4dd291f49c8a83016c1c1a0a3ec8a4426a5be752715f5a22c9b8,
HKEX:01164,01164,2024-09-09,CASH_DIVIDEND,0.003,HKD,nan,nan,,YAHOO_CHART_EVENTS,UNOFFICIAL_FREE_VENDOR,2026-07-21T03:21:14.119840+00:00,9ab25a681e523b16b35f6971b8f3a756fd86cca4df5d26a37cba39b12ea08fc3,
HKEX:01164,01164,2025-06-23,CASH_DIVIDEND,0.007,HKD,nan,nan,,YAHOO_CHART_EVENTS,UNOFFICIAL_FREE_VENDOR,2026-07-21T03:21:14.119840+00:00,9ab25a681e523b16b35f6971b8f3a756fd86cca4df5d26a37cba39b12ea08fc3,
HKEX:01164,01164,2026-06-23,CASH_DIVIDEND,0.014,HKD,nan,nan,,YAHOO_CHART_EVENTS,UNOFFICIAL_FREE_VENDOR,2026-07-21T03:21:14.119840+00:00,9ab25a681e523b16b35f6971b8f3a756fd86cca4df5d26a37cba39b12ea08fc3,
HKEX:01171,01171,2023-07-05,CASH_DIVIDEND,3.594923,HKD,nan,nan,,YAHOO_CHART_EVENTS,UNOFFICIAL_FREE_VENDOR,2026-07-21T03:21:14.119840+00:00,db165d8ac40c6b924d1097b97784849b8a367abde59796e80d7267d895b17980,
HKEX:01171,01171,2023-07-05,STOCK_SPLIT_OR_CONSOLIDATION,nan,HKD,15.0,10.0,,YAHOO_CHART_EVENTS,UNOFFICIAL_FREE_VENDOR,2026-07-21T03:21:14.119840+00:00,db165d8ac40c6b924d1097b97784849b8a367abde59796e80d7267d895b17980,15:10
HKEX:01171,01171,2024-06-26,CASH_DIVIDEND,1.6352,HKD,nan,nan,,YAHOO_CHART_EVENTS,UNOFFICIAL_FREE_VENDOR,2026-07-21T03:21:14.119840+00:00,db165d8ac40c6b924d1097b97784849b8a367abde59796e80d7267d895b17980,
HKEX:01171,01171,2024-06-26,STOCK_SPLIT_OR_CONSOLIDATION,nan,HKD,13.0,10.0,,YAHOO_CHART_EVENTS,UNOFFICIAL_FREE_VENDOR,2026-07-21T03:21:14.119840+00:00,db165d8ac40c6b924d1097b97784849b8a367abde59796e80d7267d895b17980,13:10
HKEX:01171,01171,2024-10-30,CASH_DIVIDEND,0.251,HKD,nan,nan,,YAHOO_CHART_EVENTS,UNOFFICIAL_FREE_VENDOR,2026-07-21T03:21:14.119840+00:00,db165d8ac40c6b924d1097b97784849b8a367abde59796e80d7267d895b17980,
HKEX:01171,01171,2025-06-05,CASH_DIVIDEND,0.5886,HKD,nan,nan,,YAHOO_CHART_EVENTS,UNOFFICIAL_FREE_VENDOR,2026-07-21T03:21:14.119840+00:00,db165d8ac40c6b924d1097b97784849b8a367abde59796e80d7267d895b17980,
HKEX:01171,01171,2025-09-11,CASH_DIVIDEND,0.197,HKD,nan,nan,,YAHOO_CHART_EVENTS,UNOFFICIAL_FREE_VENDOR,2026-07-21T03:21:14.119840+00:00,db165d8ac40c6b924d1097b97784849b8a367abde59796e80d7267d895b17980,
HKEX:01171,01171,2026-06-30,CASH_DIVIDEND,0.3679,HKD,nan,nan,,YAHOO_CHART_EVENTS,UNOFFICIAL_FREE_VENDOR,2026-07-21T03:21:14.119840+00:00,db165d8ac40c6b924d1097b97784849b8a367abde59796e80d7267d895b17980,
HKEX:01177,01177,2023-06-20,CASH_DIVIDEND,0.06,HKD,nan,nan,,YAHOO_CHART_EVENTS,UNOFFICIAL_FREE_VENDOR,2026-07-21T03:21:14.119840+00:00,9eef96aec4dc283728a191170bba1803d4199ce63ec90644188866edf4f45a4d,
HKEX:01177,01177,2023-10-04,CASH_DIVIDEND,0.02,HKD,nan,nan,,YAHOO_CHART_EVENTS,UNOFFICIAL_FREE_VENDOR,2026-07-21T03:21:14.119840+00:00,9eef96aec4dc283728a191170bba1803d4199ce63ec90644188866edf4f45a4d,
HKEX:01177,01177,2024-06-11,CASH_DIVIDEND,0.03,HKD,nan,nan,,YAHOO_CHART_EVENTS,UNOFFICIAL_FREE_VENDOR,2026-07-21T03:21:14.119840+00:00,9eef96aec4dc283728a191170bba1803d4199ce63ec90644188866edf4f45a4d,
HKEX:01177,01177,2024-09-10,CASH_DIVIDEND,0.03,HKD,nan,nan,,YAHOO_CHART_EVENTS,UNOFFICIAL_FREE_VENDOR,2026-07-21T03:21:14.119840+00:00,9eef96aec4dc283728a191170bba1803d4199ce63ec90644188866edf4f45a4d,
HKEX:01177,01177,2025-06-16,CASH_DIVIDEND,0.04,HKD,nan,nan,,YAHOO_CHART_EVENTS,UNOFFICIAL_FREE_VENDOR,2026-07-21T03:21:14.119840+00:00,9eef96aec4dc283728a191170bba1803d4199ce63ec90644188866edf4f45a4d,
HKEX:01177,01177,2025-08-29,CASH_DIVIDEND,0.05,HKD,nan,nan,,YAHOO_CHART_EVENTS,UNOFFICIAL_FREE_VENDOR,2026-07-21T03:21:14.119840+00:00,9eef96aec4dc283728a191170bba1803d4199ce63ec90644188866edf4f45a4d,
HKEX:01177,01177,2026-06-24,CASH_DIVIDEND,0.05,HKD,nan,nan,,YAHOO_CHART_EVENTS,UNOFFICIAL_FREE_VENDOR,2026-07-21T03:21:14.119840+00:00,9eef96aec4dc283728a191170bba1803d4199ce63ec90644188866edf4f45a4d,
HKEX:01186,01186,2023-07-25,CASH_DIVIDEND,0.3054,HKD,nan,nan,,YAHOO_CHART_EVENTS,UNOFFICIAL_FREE_VENDOR,2026-07-21T03:21:14.119840+00:00,66f786781e57d955031b944a1c247915563925522c66e9e30f42c885f861d438,
HKEX:01186,01186,2024-07-15,CASH_DIVIDEND,0.3842,HKD,nan,nan,,YAHOO_CHART_EVENTS,UNOFFICIAL_FREE_VENDOR,2026-07-21T03:21:14.119840+00:00,66f786781e57d955031b944a1c247915563925522c66e9e30f42c885f861d438,
HKEX:01186,01186,2025-07-14,CASH_DIVIDEND,0.3282,HKD,nan,nan,,YAHOO_CHART_EVENTS,UNOFFICIAL_FREE_VENDOR,2026-07-21T03:21:14.119840+00:00,66f786781e57d955031b944a1c247915563925522c66e9e30f42c885f861d438,
HKEX:01186,01186,2026-07-20,CASH_DIVIDEND,0.3449,HKD,nan,nan,,YAHOO_CHART_EVENTS,UNOFFICIAL_FREE_VENDOR,2026-07-21T03:21:14.119840+00:00,66f786781e57d955031b944a1c247915563925522c66e9e30f42c885f861d438,
HKEX:01193,01193,2023-05-30,CASH_DIVIDEND,0.9,HKD,nan,nan,,YAHOO_CHART_EVENTS,UNOFFICIAL_FREE_VENDOR,2026-07-21T03:21:14.119840+00:00,63883cf64efc1b35ba0d5b69e9b0d183e763b0b8fe5d39c0166526867a005f90,
HKEX:01193,01193,2023-09-07,CASH_DIVIDEND,0.15,HKD,nan,nan,,YAHOO_CHART_EVENTS,UNOFFICIAL_FREE_VENDOR,2026-07-21T03:21:14.119840+00:00,63883cf64efc1b35ba0d5b69e9b0d183e763b0b8fe5d39c0166526867a005f90,
HKEX:01193,01193,2024-05-28,CASH_DIVIDEND,1.0069,HKD,nan,nan,,YAHOO_CHART_EVENTS,UNOFFICIAL_FREE_VENDOR,2026-07-21T03:21:14.119840+00:00,63883cf64efc1b35ba0d5b69e9b0d183e763b0b8fe5d39c0166526867a005f90,
HKEX:01193,01193,2024-09-12,CASH_DIVIDEND,0.25,HKD,nan,nan,,YAHOO_CHART_EVENTS,UNOFFICIAL_FREE_VENDOR,2026-07-21T03:21:14.119840+00:00,63883cf64efc1b35ba0d5b69e9b0d183e763b0b8fe5d39c0166526867a005f90,
HKEX:01193,01193,2025-05-30,CASH_DIVIDEND,0.7,HKD,nan,nan,,YAHOO_CHART_EVENTS,UNOFFICIAL_FREE_VENDOR,2026-07-21T03:21:14.119840+00:00,63883cf64efc1b35ba0d5b69e9b0d183e763b0b8fe5d39c0166526867a005f90,
HKEX:01193,01193,2025-09-10,CASH_DIVIDEND,0.3,HKD,nan,nan,,YAHOO_CHART_EVENTS,UNOFFICIAL_FREE_VENDOR,2026-07-21T03:21:14.119840+00:00,63883cf64efc1b35ba0d5b69e9b0d183e763b0b8fe5d39c0166526867a005f90,
HKEX:01193,01193,2026-06-01,CASH_DIVIDEND,0.65,HKD,nan,nan,,YAHOO_CHART_EVENTS,UNOFFICIAL_FREE_VENDOR,2026-07-21T03:21:14.119840+00:00,63883cf64efc1b35ba0d5b69e9b0d183e763b0b8fe5d39c0166526867a005f90,
HKEX:01199,01199,2023-04-14,CASH_DIVIDEND,0.116,HKD,nan,nan,,YAHOO_CHART_EVENTS,UNOFFICIAL_FREE_VENDOR,2026-07-21T03:21:14.119840+00:00,09d1c54afb6c3a14e369c7bb151ac547ee6995dd449dc4c30feb1d672304f0a1,
HKEX:01199,01199,2023-09-11,CASH_DIVIDEND,0.136,HKD,nan,nan,,YAHOO_CHART_EVENTS,UNOFFICIAL_FREE_VENDOR,2026-07-21T03:21:14.119840+00:00,09d1c54afb6c3a14e369c7bb151ac547ee6995dd449dc4c30feb1d672304f0a1,
HKEX:01199,01199,2024-04-15,CASH_DIVIDEND,0.155,HKD,nan,nan,,YAHOO_CHART_EVENTS,UNOFFICIAL_FREE_VENDOR,2026-07-21T03:21:14.119840+00:00,09d1c54afb6c3a14e369c7bb151ac547ee6995dd449dc4c30feb1d672304f0a1,
HKEX:01199,01199,2024-09-11,CASH_DIVIDEND,0.122,HKD,nan,nan,,YAHOO_CHART_EVENTS,UNOFFICIAL_FREE_VENDOR,2026-07-21T03:21:14.119840+00:00,09d1c54afb6c3a14e369c7bb151ac547ee6995dd449dc4c30feb1d672304f0a1,
HKEX:01199,01199,2025-04-03,CASH_DIVIDEND,0.142,HKD,nan,nan,,YAHOO_CHART_EVENTS,UNOFFICIAL_FREE_VENDOR,2026-07-21T03:21:14.119840+00:00,09d1c54afb6c3a14e369c7bb151ac547ee6995dd449dc4c30feb1d672304f0a1,
HKEX:01199,01199,2025-09-10,CASH_DIVIDEND,0.151,HKD,nan,nan,,YAHOO_CHART_EVENTS,UNOFFICIAL_FREE_VENDOR,2026-07-21T03:21:14.119840+00:00,09d1c54afb6c3a14e369c7bb151ac547ee6995dd449dc4c30feb1d672304f0a1,
HKEX:01199,01199,2026-04-08,CASH_DIVIDEND,0.102,HKD,nan,nan,,YAHOO_CHART_EVENTS,UNOFFICIAL_FREE_VENDOR,2026-07-21T03:21:14.119840+00:00,09d1c54afb6c3a14e369c7bb151ac547ee6995dd449dc4c30feb1d672304f0a1,
HKEX:01209,01209,2023-01-05,CASH_DIVIDEND,0.4069,HKD,nan,nan,,YAHOO_CHART_EVENTS,UNOFFICIAL_FREE_VENDOR,2026-07-21T03:21:14.119840+00:00,3ce6b9c71ee8e971e4327fe51d3b13f733b95dab87c274ce82bc8cd145957ff1,
HKEX:01209,01209,2023-06-09,CASH_DIVIDEND,0.357,HKD,nan,nan,,YAHOO_CHART_EVENTS,UNOFFICIAL_FREE_VENDOR,2026-07-21T03:21:14.119840+00:00,3ce6b9c71ee8e971e4327fe51d3b13f733b95dab87c274ce82bc8cd145957ff1,
HKEX:01209,01209,2023-09-12,CASH_DIVIDEND,0.243,HKD,nan,nan,,YAHOO_CHART_EVENTS,UNOFFICIAL_FREE_VENDOR,2026-07-21T03:21:14.119840+00:00,3ce6b9c71ee8e971e4327fe51d3b13f733b95dab87c274ce82bc8cd145957ff1,
HKEX:01209,01209,2024-06-12,CASH_DIVIDEND,0.529,HKD,nan,nan,,YAHOO_CHART_EVENTS,UNOFFICIAL_FREE_VENDOR,2026-07-21T03:21:14.119840+00:00,3ce6b9c71ee8e971e4327fe51d3b13f733b95dab87c274ce82bc8cd145957ff1,
HKEX:01209,01209,2024-09-09,CASH_DIVIDEND,0.305,HKD,nan,nan,,YAHOO_CHART_EVENTS,UNOFFICIAL_FREE_VENDOR,2026-07-21T03:21:14.119840+00:00,3ce6b9c71ee8e971e4327fe51d3b13f733b95dab87c274ce82bc8cd145957ff1,
HKEX:01209,01209,2024-10-28,CASH_DIVIDEND,0.629,HKD,nan,nan,,YAHOO_CHART_EVENTS,UNOFFICIAL_FREE_VENDOR,2026-07-21T03:21:14.119840+00:00,3ce6b9c71ee8e971e4327fe51d3b13f733b95dab87c274ce82bc8cd145957ff1,
HKEX:01209,01209,2025-06-12,CASH_DIVIDEND,1.372,HKD,nan,nan,,YAHOO_CHART_EVENTS,UNOFFICIAL_FREE_VENDOR,2026-07-21T03:21:14.119840+00:00,3ce6b9c71ee8e971e4327fe51d3b13f733b95dab87c274ce82bc8cd145957ff1,
HKEX:01209,01209,2025-09-09,CASH_DIVIDEND,0.966,HKD,nan,nan,,YAHOO_CHART_EVENTS,UNOFFICIAL_FREE_VENDOR,2026-07-21T03:21:14.119840+00:00,3ce6b9c71ee8e971e4327fe51d3b13f733b95dab87c274ce82bc8cd145957ff1,
HKEX:01209,01209,2026-06-15,CASH_DIVIDEND,0.977,HKD,nan,nan,,YAHOO_CHART_EVENTS,UNOFFICIAL_FREE_VENDOR,2026-07-21T03:21:14.119840+00:00,3ce6b9c71ee8e971e4327fe51d3b13f733b95dab87c274ce82bc8cd145957ff1,
HKEX:01211,01211,2023-06-13,CASH_DIVIDEND,0.420063,HKD,nan,nan,,YAHOO_CHART_EVENTS,UNOFFICIAL_FREE_VENDOR,2026-07-21T03:21:14.119840+00:00,efc410df73dd3bc62062f6593bad0aa2acca073719269df647f868783d9ae368,
HKEX:01211,01211,2024-06-11,CASH_DIVIDEND,1.135363,HKD,nan,nan,,YAHOO_CHART_EVENTS,UNOFFICIAL_FREE_VENDOR,2026-07-21T03:21:14.119840+00:00,efc410df73dd3bc62062f6593bad0aa2acca073719269df647f868783d9ae368,
HKEX:01211,01211,2025-06-10,CASH_DIVIDEND,1.44532,HKD,nan,nan,,YAHOO_CHART_EVENTS,UNOFFICIAL_FREE_VENDOR,2026-07-21T03:21:14.119840+00:00,efc410df73dd3bc62062f6593bad0aa2acca073719269df647f868783d9ae368,
HKEX:01211,01211,2025-06-10,STOCK_SPLIT_OR_CONSOLIDATION,nan,HKD,30.0,10.0,,YAHOO_CHART_EVENTS,UNOFFICIAL_FREE_VENDOR,2026-07-21T03:21:14.119840+00:00,efc410df73dd3bc62062f6593bad0aa2acca073719269df647f868783d9ae368,30:10
HKEX:01211,01211,2025-07-30,STOCK_SPLIT_OR_CONSOLIDATION,nan,HKD,6.0,1.0,,YAHOO_CHART_EVENTS,UNOFFICIAL_FREE_VENDOR,2026-07-21T03:21:14.119840+00:00,efc410df73dd3bc62062f6593bad0aa2acca073719269df647f868783d9ae368,6:1
HKEX:01211,01211,2026-06-11,CASH_DIVIDEND,0.41141,HKD,nan,nan,,YAHOO_CHART_EVENTS,UNOFFICIAL_FREE_VENDOR,2026-07-21T03:21:14.119840+00:00,efc410df73dd3bc62062f6593bad0aa2acca073719269df647f868783d9ae368,
HKEX:01258,01258,2023-06-30,CASH_DIVIDEND,0.220944,HKD,nan,nan,,YAHOO_CHART_EVENTS,UNOFFICIAL_FREE_VENDOR,2026-07-21T03:21:14.119840+00:00,45f4f47d7c3c904c6f661dd51ab956fd8219773eea235e5ce5ab34a40367ba07,
HKEX:01258,01258,2024-07-02,CASH_DIVIDEND,0.231916,HKD,nan,nan,,YAHOO_CHART_EVENTS,UNOFFICIAL_FREE_VENDOR,2026-07-21T03:21:14.119840+00:00,45f4f47d7c3c904c6f661dd51ab956fd8219773eea235e5ce5ab34a40367ba07,
HKEX:01258,01258,2025-06-30,CASH_DIVIDEND,0.336697,HKD,nan,nan,,YAHOO_CHART_EVENTS,UNOFFICIAL_FREE_VENDOR,2026-07-21T03:21:14.119840+00:00,45f4f47d7c3c904c6f661dd51ab956fd8219773eea235e5ce5ab34a40367ba07,
HKEX:01258,01258,2026-06-30,CASH_DIVIDEND,0.32502,HKD,nan,nan,,YAHOO_CHART_EVENTS,UNOFFICIAL_FREE_VENDOR,2026-07-21T03:21:14.119840+00:00,45f4f47d7c3c904c6f661dd51ab956fd8219773eea235e5ce5ab34a40367ba07,
HKEX:01276,01276,2026-04-29,CASH_DIVIDEND,0.22828,HKD,nan,nan,,YAHOO_CHART_EVENTS,UNOFFICIAL_FREE_VENDOR,2026-07-21T03:21:14.119840+00:00,05bb5ca79f94c902f376f2a658267d6da7c3138a140331f88a61cecedcc52d98,
HKEX:01277,01277,2023-06-06,CASH_DIVIDEND,0.07,HKD,nan,nan,,YAHOO_CHART_EVENTS,UNOFFICIAL_FREE_VENDOR,2026-07-21T03:21:14.119840+00:00,36677bd09a9ef6446049b4c0f8be75dc403bb8a792c103244fd588020e818f83,
HKEX:01277,01277,2023-10-09,CASH_DIVIDEND,0.03,HKD,nan,nan,,YAHOO_CHART_EVENTS,UNOFFICIAL_FREE_VENDOR,2026-07-21T03:21:14.119840+00:00,36677bd09a9ef6446049b4c0f8be75dc403bb8a792c103244fd588020e818f83,
HKEX:01277,01277,2023-12-21,CASH_DIVIDEND,0.04,HKD,nan,nan,,YAHOO_CHART_EVENTS,UNOFFICIAL_FREE_VENDOR,2026-07-21T03:21:14.119840+00:00,36677bd09a9ef6446049b4c0f8be75dc403bb8a792c103244fd588020e818f83,
HKEX:01277,01277,2024-04-23,CASH_DIVIDEND,0.03,HKD,nan,nan,,YAHOO_CHART_EVENTS,UNOFFICIAL_FREE_VENDOR,2026-07-21T03:21:14.119840+00:00,36677bd09a9ef6446049b4c0f8be75dc403bb8a792c103244fd588020e818f83,
HKEX:01277,01277,2024-05-10,CASH_DIVIDEND,0.05,HKD,nan,nan,,YAHOO_CHART_EVENTS,UNOFFICIAL_FREE_VENDOR,2026-07-21T03:21:14.119840+00:00,36677bd09a9ef6446049b4c0f8be75dc403bb8a792c103244fd588020e818f83,
HKEX:01277,01277,2024-08-23,CASH_DIVIDEND,0.04,HKD,nan,nan,,YAHOO_CHART_EVENTS,UNOFFICIAL_FREE_VENDOR,2026-07-21T03:21:14.119840+00:00,36677bd09a9ef6446049b4c0f8be75dc403bb8a792c103244fd588020e818f83,
HKEX:01277,01277,2024-08-30,CASH_DIVIDEND,0.04,HKD,nan,nan,,YAHOO_CHART_EVENTS,UNOFFICIAL_FREE_VENDOR,2026-07-21T03:21:14.119840+00:00,36677bd09a9ef6446049b4c0f8be75dc403bb8a792c103244fd588020e818f83,
HKEX:01277,01277,2025-03-31,CASH_DIVIDEND,0.035,HKD,nan,nan,,YAHOO_CHART_EVENTS,UNOFFICIAL_FREE_VENDOR,2026-07-21T03:21:14.119840+00:00,36677bd09a9ef6446049b4c0f8be75dc403bb8a792c103244fd588020e818f83,
HKEX:01277,01277,2025-05-27,CASH_DIVIDEND,0.045,HKD,nan,nan,,YAHOO_CHART_EVENTS,UNOFFICIAL_FREE_VENDOR,2026-07-21T03:21:14.119840+00:00,36677bd09a9ef6446049b4c0f8be75dc403bb8a792c103244fd588020e818f83,
HKEX:01277,01277,2025-09-02,CASH_DIVIDEND,0.05,HKD,nan,nan,,YAHOO_CHART_EVENTS,UNOFFICIAL_FREE_VENDOR,2026-07-21T03:21:14.119840+00:00,36677bd09a9ef6446049b4c0f8be75dc403bb8a792c103244fd588020e818f83,
HKEX:01277,01277,2026-05-22,CASH_DIVIDEND,0.06,HKD,nan,nan,,YAHOO_CHART_EVENTS,UNOFFICIAL_FREE_VENDOR,2026-07-21T03:21:14.119840+00:00,36677bd09a9ef6446049b4c0f8be75dc403bb8a792c103244fd588020e818f83,
HKEX:01288,01288,2023-07-10,CASH_DIVIDEND,0.241042,HKD,nan,nan,,YAHOO_CHART_EVENTS,UNOFFICIAL_FREE_VENDOR,2026-07-21T03:21:14.119840+00:00,57e056eb487f6901d0229bf25fd9dcf532397753b04494f88b429cf8e4cf49d0,
HKEX:01288,01288,2024-05-30,CASH_DIVIDEND,0.25331,HKD,nan,nan,,YAHOO_CHART_EVENTS,UNOFFICIAL_FREE_VENDOR,2026-07-21T03:21:14.119840+00:00,57e056eb487f6901d0229bf25fd9dcf532397753b04494f88b429cf8e4cf49d0,
HKEX:01288,01288,2025-01-02,CASH_DIVIDEND,0.126035,HKD,nan,nan,,YAHOO_CHART_EVENTS,UNOFFICIAL_FREE_VENDOR,2026-07-21T03:21:14.119840+00:00,57e056eb487f6901d0229bf25fd9dcf532397753b04494f88b429cf8e4cf49d0,
HKEX:01288,01288,2025-07-09,CASH_DIVIDEND,0.137534,HKD,nan,nan,,YAHOO_CHART_EVENTS,UNOFFICIAL_FREE_VENDOR,2026-07-21T03:21:14.119840+00:00,57e056eb487f6901d0229bf25fd9dcf532397753b04494f88b429cf8e4cf49d0,
HKEX:01288,01288,2025-12-05,CASH_DIVIDEND,0.131628,HKD,nan,nan,,YAHOO_CHART_EVENTS,UNOFFICIAL_FREE_VENDOR,2026-07-21T03:21:14.119840+00:00,57e056eb487f6901d0229bf25fd9dcf532397753b04494f88b429cf8e4cf49d0,
HKEX:01288,01288,2026-05-04,CASH_DIVIDEND,0.149634,HKD,nan,nan,,YAHOO_CHART_EVENTS,UNOFFICIAL_FREE_VENDOR,2026-07-21T03:21:14.119840+00:00,57e056eb487f6901d0229bf25fd9dcf532397753b04494f88b429cf8e4cf49d0,
HKEX:01299,01299,2023-05-23,CASH_DIVIDEND,1.134,HKD,nan,nan,,YAHOO_CHART_EVENTS,UNOFFICIAL_FREE_VENDOR,2026-07-21T03:21:14.119840+00:00,a0cb61d293acc21bdc085456cb4df5335723f4ed67fedbc59aa84ce74fa5fd10,
HKEX:01299,01299,2023-09-11,CASH_DIVIDEND,0.4229,HKD,nan,nan,,YAHOO_CHART_EVENTS,UNOFFICIAL_FREE_VENDOR,2026-07-21T03:21:14.119840+00:00,a0cb61d293acc21bdc085456cb4df5335723f4ed67fedbc59aa84ce74fa5fd10,
HKEX:01299,01299,2024-05-29,CASH_DIVIDEND,1.1907,HKD,nan,nan,,YAHOO_CHART_EVENTS,UNOFFICIAL_FREE_VENDOR,2026-07-21T03:21:14.119840+00:00,a0cb61d293acc21bdc085456cb4df5335723f4ed67fedbc59aa84ce74fa5fd10,
HKEX:01299,01299,2024-09-09,CASH_DIVIDEND,0.445,HKD,nan,nan,,YAHOO_CHART_EVENTS,UNOFFICIAL_FREE_VENDOR,2026-07-21T03:21:14.119840+00:00,a0cb61d293acc21bdc085456cb4df5335723f4ed67fedbc59aa84ce74fa5fd10,
HKEX:01299,01299,2025-05-28,CASH_DIVIDEND,1.3098,HKD,nan,nan,,YAHOO_CHART_EVENTS,UNOFFICIAL_FREE_VENDOR,2026-07-21T03:21:14.119840+00:00,a0cb61d293acc21bdc085456cb4df5335723f4ed67fedbc59aa84ce74fa5fd10,
HKEX:01299,01299,2025-09-05,CASH_DIVIDEND,0.49,HKD,nan,nan,,YAHOO_CHART_EVENTS,UNOFFICIAL_FREE_VENDOR,2026-07-21T03:21:14.119840+00:00,a0cb61d293acc21bdc085456cb4df5335723f4ed67fedbc59aa84ce74fa5fd10,
HKEX:01299,01299,2026-05-28,CASH_DIVIDEND,1.4408,HKD,nan,nan,,YAHOO_CHART_EVENTS,UNOFFICIAL_FREE_VENDOR,2026-07-21T03:21:14.119840+00:00,a0cb61d293acc21bdc085456cb4df5335723f4ed67fedbc59aa84ce74fa5fd10,
HKEX:01304,01304,2026-06-03,CASH_DIVIDEND,0.89,HKD,nan,nan,,YAHOO_CHART_EVENTS,UNOFFICIAL_FREE_VENDOR,2026-07-21T03:21:14.119840+00:00,8b706789fb530147ffde16d64cadcea17e7b712798285c0f7bb88f35c0badc3f,
HKEX:01308,01308,2023-04-26,CASH_DIVIDEND,1.6,HKD,nan,nan,,YAHOO_CHART_EVENTS,UNOFFICIAL_FREE_VENDOR,2026-07-21T03:21:14.119840+00:00,5efe50dd205df3bdc72de6c9d63debe7e1124c561d4213a1ef2faebd9c451f8c,
HKEX:01308,01308,2023-08-28,CASH_DIVIDEND,0.6,HKD,nan,nan,,YAHOO_CHART_EVENTS,UNOFFICIAL_FREE_VENDOR,2026-07-21T03:21:14.119840+00:00,5efe50dd205df3bdc72de6c9d63debe7e1124c561d4213a1ef2faebd9c451f8c,
HKEX:01308,01308,2024-04-30,CASH_DIVIDEND,0.5,HKD,nan,nan,,YAHOO_CHART_EVENTS,UNOFFICIAL_FREE_VENDOR,2026-07-21T03:21:14.119840+00:00,5efe50dd205df3bdc72de6c9d63debe7e1124c561d4213a1ef2faebd9c451f8c,
HKEX:01308,01308,2024-09-02,CASH_DIVIDEND,0.72,HKD,nan,nan,,YAHOO_CHART_EVENTS,UNOFFICIAL_FREE_VENDOR,2026-07-21T03:21:14.119840+00:00,5efe50dd205df3bdc72de6c9d63debe7e1124c561d4213a1ef2faebd9c451f8c,
HKEX:01308,01308,2024-11-05,CASH_DIVIDEND,0.4,HKD,nan,nan,,YAHOO_CHART_EVENTS,UNOFFICIAL_FREE_VENDOR,2026-07-21T03:21:14.119840+00:00,5efe50dd205df3bdc72de6c9d63debe7e1124c561d4213a1ef2faebd9c451f8c,
HKEX:01308,01308,2025-05-02,CASH_DIVIDEND,1.4,HKD,nan,nan,,YAHOO_CHART_EVENTS,UNOFFICIAL_FREE_VENDOR,2026-07-21T03:21:14.119840+00:00,5efe50dd205df3bdc72de6c9d63debe7e1124c561d4213a1ef2faebd9c451f8c,
HKEX:01308,01308,2025-08-28,CASH_DIVIDEND,1.3,HKD,nan,nan,,YAHOO_CHART_EVENTS,UNOFFICIAL_FREE_VENDOR,2026-07-21T03:21:14.119840+00:00,5efe50dd205df3bdc72de6c9d63debe7e1124c561d4213a1ef2faebd9c451f8c,
HKEX:01308,01308,2026-01-05,CASH_DIVIDEND,0.7,HKD,nan,nan,,YAHOO_CHART_EVENTS,UNOFFICIAL_FREE_VENDOR,2026-07-21T03:21:14.119840+00:00,5efe50dd205df3bdc72de6c9d63debe7e1124c561d4213a1ef2faebd9c451f8c,
HKEX:01308,01308,2026-04-24,CASH_DIVIDEND,1.0,HKD,nan,nan,,YAHOO_CHART_EVENTS,UNOFFICIAL_FREE_VENDOR,2026-07-21T03:21:14.119840+00:00,5efe50dd205df3bdc72de6c9d63debe7e1124c561d4213a1ef2faebd9c451f8c,
HKEX:01310,01310,2023-05-16,CASH_DIVIDEND,0.2,HKD,nan,nan,,YAHOO_CHART_EVENTS,UNOFFICIAL_FREE_VENDOR,2026-07-21T03:21:14.119840+00:00,485839f9b77b5dec7ff9df47de62295d9700f345fbb71106f9c040c8227d0fb1,
HKEX:01310,01310,2023-12-20,CASH_DIVIDEND,0.2,HKD,nan,nan,,YAHOO_CHART_EVENTS,UNOFFICIAL_FREE_VENDOR,2026-07-21T03:21:14.119840+00:00,485839f9b77b5dec7ff9df47de62295d9700f345fbb71106f9c040c8227d0fb1,
HKEX:01310,01310,2024-05-21,CASH_DIVIDEND,0.15,HKD,nan,nan,,YAHOO_CHART_EVENTS,UNOFFICIAL_FREE_VENDOR,2026-07-21T03:21:14.119840+00:00,485839f9b77b5dec7ff9df47de62295d9700f345fbb71106f9c040c8227d0fb1,
HKEX:01310,01310,2024-12-17,CASH_DIVIDEND,0.165,HKD,nan,nan,,YAHOO_CHART_EVENTS,UNOFFICIAL_FREE_VENDOR,2026-07-21T03:21:14.119840+00:00,485839f9b77b5dec7ff9df47de62295d9700f345fbb71106f9c040c8227d0fb1,
HKEX:01310,01310,2025-05-27,CASH_DIVIDEND,0.155,HKD,nan,nan,,YAHOO_CHART_EVENTS,UNOFFICIAL_FREE_VENDOR,2026-07-21T03:21:14.119840+00:00,485839f9b77b5dec7ff9df47de62295d9700f345fbb71106f9c040c8227d0fb1,
HKEX:01310,01310,2025-12-19,CASH_DIVIDEND,0.189,HKD,nan,nan,,YAHOO_CHART_EVENTS,UNOFFICIAL_FREE_VENDOR,2026-07-21T03:21:14.119840+00:00,485839f9b77b5dec7ff9df47de62295d9700f345fbb71106f9c040c8227d0fb1,
HKEX:01310,01310,2026-05-27,CASH_DIVIDEND,0.155,HKD,nan,nan,,YAHOO_CHART_EVENTS,UNOFFICIAL_FREE_VENDOR,2026-07-21T03:21:14.119840+00:00,485839f9b77b5dec7ff9df47de62295d9700f345fbb71106f9c040c8227d0fb1,
HKEX:01313,01313,2023-06-01,CASH_DIVIDEND,0.009,HKD,nan,nan,,YAHOO_CHART_EVENTS,UNOFFICIAL_FREE_VENDOR,2026-07-21T03:21:14.119840+00:00,17c11caac147cbf63a420241ab8df83f5a2507eeafce520c8c5297a45fee7d63,
HKEX:01313,01313,2023-09-14,CASH_DIVIDEND,0.041,HKD,nan,nan,,YAHOO_CHART_EVENTS,UNOFFICIAL_FREE_VENDOR,2026-07-21T03:21:14.119840+00:00,17c11caac147cbf63a420241ab8df83f5a2507eeafce520c8c5297a45fee7d63,
HKEX:01313,01313,2024-05-30,CASH_DIVIDEND,0.006,HKD,nan,nan,,YAHOO_CHART_EVENTS,UNOFFICIAL_FREE_VENDOR,2026-07-21T03:21:14.119840+00:00,17c11caac147cbf63a420241ab8df83f5a2507eeafce520c8c5297a45fee7d63,
HKEX:01313,01313,2024-09-12,CASH_DIVIDEND,0.02,HKD,nan,nan,,YAHOO_CHART_EVENTS,UNOFFICIAL_FREE_VENDOR,2026-07-21T03:21:14.119840+00:00,17c11caac147cbf63a420241ab8df83f5a2507eeafce520c8c5297a45fee7d63,
HKEX:01313,01313,2025-06-05,CASH_DIVIDEND,0.01,HKD,nan,nan,,YAHOO_CHART_EVENTS,UNOFFICIAL_FREE_VENDOR,2026-07-21T03:21:14.119840+00:00,17c11caac147cbf63a420241ab8df83f5a2507eeafce520c8c5297a45fee7d63,
HKEX:01313,01313,2025-09-11,CASH_DIVIDEND,0.014,HKD,nan,nan,,YAHOO_CHART_EVENTS,UNOFFICIAL_FREE_VENDOR,2026-07-21T03:21:14.119840+00:00,17c11caac147cbf63a420241ab8df83f5a2507eeafce520c8c5297a45fee7d63,
HKEX:01313,01313,2026-06-04,CASH_DIVIDEND,0.024,HKD,nan,nan,,YAHOO_CHART_EVENTS,UNOFFICIAL_FREE_VENDOR,2026-07-21T03:21:14.119840+00:00,17c11caac147cbf63a420241ab8df83f5a2507eeafce520c8c5297a45fee7d63,
HKEX:01316,01316,2023-06-23,CASH_DIVIDEND,0.0366,HKD,nan,nan,,YAHOO_CHART_EVENTS,UNOFFICIAL_FREE_VENDOR,2026-07-21T03:21:14.119840+00:00,9ff3c6187dc47c9deb3aae32b6f3fdf34aea35ea3657274b2a374e24e91211fa,
HKEX:01316,01316,2024-06-21,CASH_DIVIDEND,0.0233,HKD,nan,nan,,YAHOO_CHART_EVENTS,UNOFFICIAL_FREE_VENDOR,2026-07-21T03:21:14.119840+00:00,9ff3c6187dc47c9deb3aae32b6f3fdf34aea35ea3657274b2a374e24e91211fa,
HKEX:01316,01316,2025-06-23,CASH_DIVIDEND,0.068,HKD,nan,nan,,YAHOO_CHART_EVENTS,UNOFFICIAL_FREE_VENDOR,2026-07-21T03:21:14.119840+00:00,9ff3c6187dc47c9deb3aae32b6f3fdf34aea35ea3657274b2a374e24e91211fa,
HKEX:01316,01316,2026-06-23,CASH_DIVIDEND,0.1428,HKD,nan,nan,,YAHOO_CHART_EVENTS,UNOFFICIAL_FREE_VENDOR,2026-07-21T03:21:14.119840+00:00,9ff3c6187dc47c9deb3aae32b6f3fdf34aea35ea3657274b2a374e24e91211fa,
HKEX:01318,01318,2025-05-15,CASH_DIVIDEND,0.77575,HKD,nan,nan,,YAHOO_CHART_EVENTS,UNOFFICIAL_FREE_VENDOR,2026-07-21T03:21:14.119840+00:00,894889a8b790f07353631c7de7c4dff1980ad554eedd0c816610ce95357c7b6f,
HKEX:01318,01318,2026-04-28,CASH_DIVIDEND,1.14094,HKD,nan,nan,,YAHOO_CHART_EVENTS,UNOFFICIAL_FREE_VENDOR,2026-07-21T03:21:14.119840+00:00,894889a8b790f07353631c7de7c4dff1980ad554eedd0c816610ce95357c7b6f,
HKEX:01330,01330,2023-06-28,CASH_DIVIDEND,0.1316,HKD,nan,nan,,YAHOO_CHART_EVENTS,UNOFFICIAL_FREE_VENDOR,2026-07-21T03:21:14.119840+00:00,f0bd62754d4827d7462008eaba3d3532728e70133dc7976fd2473c6112e7782d,
HKEX:01330,01330,2024-05-06,CASH_DIVIDEND,0.165,HKD,nan,nan,,YAHOO_CHART_EVENTS,UNOFFICIAL_FREE_VENDOR,2026-07-21T03:21:14.119840+00:00,f0bd62754d4827d7462008eaba3d3532728e70133dc7976fd2473c6112e7782d,
HKEX:01330,01330,2024-09-26,CASH_DIVIDEND,0.1099,HKD,nan,nan,,YAHOO_CHART_EVENTS,UNOFFICIAL_FREE_VENDOR,2026-07-21T03:21:14.119840+00:00,f0bd62754d4827d7462008eaba3d3532728e70133dc7976fd2473c6112e7782d,
HKEX:01330,01330,2025-07-08,CASH_DIVIDEND,0.219,HKD,nan,nan,,YAHOO_CHART_EVENTS,UNOFFICIAL_FREE_VENDOR,2026-07-21T03:21:14.119840+00:00,f0bd62754d4827d7462008eaba3d3532728e70133dc7976fd2473c6112e7782d,
HKEX:01330,01330,2025-10-02,CASH_DIVIDEND,0.1095,HKD,nan,nan,,YAHOO_CHART_EVENTS,UNOFFICIAL_FREE_VENDOR,2026-07-21T03:21:14.119840+00:00,f0bd62754d4827d7462008eaba3d3532728e70133dc7976fd2473c6112e7782d,
HKEX:01330,01330,2026-06-12,CASH_DIVIDEND,0.2529,HKD,nan,nan,,YAHOO_CHART_EVENTS,UNOFFICIAL_FREE_VENDOR,2026-07-21T03:21:14.119840+00:00,f0bd62754d4827d7462008eaba3d3532728e70133dc7976fd2473c6112e7782d,
HKEX:01336,01336,2023-07-06,CASH_DIVIDEND,1.177903,HKD,nan,nan,,YAHOO_CHART_EVENTS,UNOFFICIAL_FREE_VENDOR,2026-07-21T03:21:14.119840+00:00,be5352c826f968fe59dae9fa13718caa209ef7e71a44e3f0c7ba0801e17e4aa2,
HKEX:01336,01336,2024-07-11,CASH_DIVIDEND,0.931584,HKD,nan,nan,,YAHOO_CHART_EVENTS,UNOFFICIAL_FREE_VENDOR,2026-07-21T03:21:14.119840+00:00,be5352c826f968fe59dae9fa13718caa209ef7e71a44e3f0c7ba0801e17e4aa2,
HKEX:01336,01336,2024-11-14,CASH_DIVIDEND,0.589544,HKD,nan,nan,,YAHOO_CHART_EVENTS,UNOFFICIAL_FREE_VENDOR,2026-07-21T03:21:14.119840+00:00,be5352c826f968fe59dae9fa13718caa209ef7e71a44e3f0c7ba0801e17e4aa2,
HKEX:01336,01336,2025-07-10,CASH_DIVIDEND,2.179532,HKD,nan,nan,,YAHOO_CHART_EVENTS,UNOFFICIAL_FREE_VENDOR,2026-07-21T03:21:14.119840+00:00,be5352c826f968fe59dae9fa13718caa209ef7e71a44e3f0c7ba0801e17e4aa2,
HKEX:01336,01336,2025-11-13,CASH_DIVIDEND,0.734432,HKD,nan,nan,,YAHOO_CHART_EVENTS,UNOFFICIAL_FREE_VENDOR,2026-07-21T03:21:14.119840+00:00,be5352c826f968fe59dae9fa13718caa209ef7e71a44e3f0c7ba0801e17e4aa2,
HKEX:01336,01336,2026-07-10,CASH_DIVIDEND,2.368671,HKD,nan,nan,,YAHOO_CHART_EVENTS,UNOFFICIAL_FREE_VENDOR,2026-07-21T03:21:14.119840+00:00,be5352c826f968fe59dae9fa13718caa209ef7e71a44e3f0c7ba0801e17e4aa2,
HKEX:01339,01339,2023-06-26,CASH_DIVIDEND,0.182024,HKD,nan,nan,,YAHOO_CHART_EVENTS,UNOFFICIAL_FREE_VENDOR,2026-07-21T03:21:14.119840+00:00,9ba2f5666f8cfb4083542a69951b0166d3a7544a73354c77c97c87565baa9fc6,
HKEX:01339,01339,2024-07-05,CASH_DIVIDEND,0.170973,HKD,nan,nan,,YAHOO_CHART_EVENTS,UNOFFICIAL_FREE_VENDOR,2026-07-21T03:21:14.119840+00:00,9ba2f5666f8cfb4083542a69951b0166d3a7544a73354c77c97c87565baa9fc6,
HKEX:01339,01339,2024-11-29,CASH_DIVIDEND,0.068169,HKD,nan,nan,,YAHOO_CHART_EVENTS,UNOFFICIAL_FREE_VENDOR,2026-07-21T03:21:14.119840+00:00,9ba2f5666f8cfb4083542a69951b0166d3a7544a73354c77c97c87565baa9fc6,
HKEX:01339,01339,2025-07-04,CASH_DIVIDEND,0.128143,HKD,nan,nan,,YAHOO_CHART_EVENTS,UNOFFICIAL_FREE_VENDOR,2026-07-21T03:21:14.119840+00:00,9ba2f5666f8cfb4083542a69951b0166d3a7544a73354c77c97c87565baa9fc6,
HKEX:01339,01339,2025-11-04,CASH_DIVIDEND,0.082202,HKD,nan,nan,,YAHOO_CHART_EVENTS,UNOFFICIAL_FREE_VENDOR,2026-07-21T03:21:14.119840+00:00,9ba2f5666f8cfb4083542a69951b0166d3a7544a73354c77c97c87565baa9fc6,
HKEX:01339,01339,2026-07-02,CASH_DIVIDEND,0.166748,HKD,nan,nan,,YAHOO_CHART_EVENTS,UNOFFICIAL_FREE_VENDOR,2026-07-21T03:21:14.119840+00:00,9ba2f5666f8cfb4083542a69951b0166d3a7544a73354c77c97c87565baa9fc6,
HKEX:01347,01347,2024-06-03,CASH_DIVIDEND,0.165,HKD,nan,nan,,YAHOO_CHART_EVENTS,UNOFFICIAL_FREE_VENDOR,2026-07-21T03:21:14.119840+00:00,4dc32fce9d3b92b1cb1071d190ab6d13203b9565a78286442249400340d7f444,
HKEX:01349,01349,2023-06-05,CASH_DIVIDEND,0.0798,HKD,nan,nan,,YAHOO_CHART_EVENTS,UNOFFICIAL_FREE_VENDOR,2026-07-21T03:21:14.119840+00:00,00e0dc95ad3949e92424cede2cbd2f0bd9ce70d7c05a65ed6b513233a9e66336,
HKEX:01349,01349,2024-07-04,CASH_DIVIDEND,0.0757,HKD,nan,nan,,YAHOO_CHART_EVENTS,UNOFFICIAL_FREE_VENDOR,2026-07-21T03:21:14.119840+00:00,00e0dc95ad3949e92424cede2cbd2f0bd9ce70d7c05a65ed6b513233a9e66336,
HKEX:01349,01349,2024-08-26,CASH_DIVIDEND,0.0217,HKD,nan,nan,,YAHOO_CHART_EVENTS,UNOFFICIAL_FREE_VENDOR,2026-07-21T03:21:14.119840+00:00,00e0dc95ad3949e92424cede2cbd2f0bd9ce70d7c05a65ed6b513233a9e66336,
HKEX:01349,01349,2025-07-10,CASH_DIVIDEND,0.0321,HKD,nan,nan,,YAHOO_CHART_EVENTS,UNOFFICIAL_FREE_VENDOR,2026-07-21T03:21:14.119840+00:00,00e0dc95ad3949e92424cede2cbd2f0bd9ce70d7c05a65ed6b513233a9e66336,
HKEX:01357,01357,2023-06-05,CASH_DIVIDEND,0.02,HKD,nan,nan,,YAHOO_CHART_EVENTS,UNOFFICIAL_FREE_VENDOR,2026-07-21T03:21:14.119840+00:00,080d1617397a217f11f23c255d8bedffb706b646aeeb33a99656b4cc77317be1,
HKEX:01357,01357,2024-06-07,CASH_DIVIDEND,0.036,HKD,nan,nan,,YAHOO_CHART_EVENTS,UNOFFICIAL_FREE_VENDOR,2026-07-21T03:21:14.119840+00:00,080d1617397a217f11f23c255d8bedffb706b646aeeb33a99656b4cc77317be1,
HKEX:01357,01357,2025-02-13,CASH_DIVIDEND,0.109,HKD,nan,nan,,YAHOO_CHART_EVENTS,UNOFFICIAL_FREE_VENDOR,2026-07-21T03:21:14.119840+00:00,080d1617397a217f11f23c255d8bedffb706b646aeeb33a99656b4cc77317be1,
HKEX:01357,01357,2025-06-09,CASH_DIVIDEND,0.0552,HKD,nan,nan,,YAHOO_CHART_EVENTS,UNOFFICIAL_FREE_VENDOR,2026-07-21T03:21:14.119840+00:00,080d1617397a217f11f23c255d8bedffb706b646aeeb33a99656b4cc77317be1,
HKEX:01357,01357,2025-09-12,CASH_DIVIDEND,0.045,HKD,nan,nan,,YAHOO_CHART_EVENTS,UNOFFICIAL_FREE_VENDOR,2026-07-21T03:21:14.119840+00:00,080d1617397a217f11f23c255d8bedffb706b646aeeb33a99656b4cc77317be1,
HKEX:01357,01357,2026-06-09,CASH_DIVIDEND,0.05,HKD,nan,nan,,YAHOO_CHART_EVENTS,UNOFFICIAL_FREE_VENDOR,2026-07-21T03:21:14.119840+00:00,080d1617397a217f11f23c255d8bedffb706b646aeeb33a99656b4cc77317be1,
HKEX:01359,01359,2023-06-26,CASH_DIVIDEND,0.05436,HKD,nan,nan,,YAHOO_CHART_EVENTS,UNOFFICIAL_FREE_VENDOR,2026-07-21T03:21:14.119840+00:00,3d4b6a15f967c9e31318f6691a8541521f0d6f1fe6322d63068cac9c70a5807b,
HKEX:01359,01359,2024-06-28,CASH_DIVIDEND,0.05016,HKD,nan,nan,,YAHOO_CHART_EVENTS,UNOFFICIAL_FREE_VENDOR,2026-07-21T03:21:14.119840+00:00,3d4b6a15f967c9e31318f6691a8541521f0d6f1fe6322d63068cac9c70a5807b,
HKEX:01359,01359,2025-07-03,CASH_DIVIDEND,0.026157,HKD,nan,nan,,YAHOO_CHART_EVENTS,UNOFFICIAL_FREE_VENDOR,2026-07-21T03:21:14.119840+00:00,3d4b6a15f967c9e31318f6691a8541521f0d6f1fe6322d63068cac9c70a5807b,
HKEX:01359,01359,2026-07-03,CASH_DIVIDEND,0.03221,HKD,nan,nan,,YAHOO_CHART_EVENTS,UNOFFICIAL_FREE_VENDOR,2026-07-21T03:21:14.119840+00:00,3d4b6a15f967c9e31318f6691a8541521f0d6f1fe6322d63068cac9c70a5807b,
HKEX:01361,01361,2023-08-28,CASH_DIVIDEND,0.065,HKD,nan,nan,,YAHOO_CHART_EVENTS,UNOFFICIAL_FREE_VENDOR,2026-07-21T03:21:14.119840+00:00,8ca777062160f6ea1b62a27a395a2fa0c9b0b6a0262b0ec0ce0fbb545ea0df8e,
HKEX:01361,01361,2024-04-29,CASH_DIVIDEND,0.139,HKD,nan,nan,,YAHOO_CHART_EVENTS,UNOFFICIAL_FREE_VENDOR,2026-07-21T03:21:14.119840+00:00,8ca777062160f6ea1b62a27a395a2fa0c9b0b6a0262b0ec0ce0fbb545ea0df8e,
HKEX:01361,01361,2024-08-23,CASH_DIVIDEND,0.165,HKD,nan,nan,,YAHOO_CHART_EVENTS,UNOFFICIAL_FREE_VENDOR,2026-07-21T03:21:14.119840+00:00,8ca777062160f6ea1b62a27a395a2fa0c9b0b6a0262b0ec0ce0fbb545ea0df8e,
HKEX:01361,01361,2025-04-29,CASH_DIVIDEND,0.1,HKD,nan,nan,,YAHOO_CHART_EVENTS,UNOFFICIAL_FREE_VENDOR,2026-07-21T03:21:14.119840+00:00,8ca777062160f6ea1b62a27a395a2fa0c9b0b6a0262b0ec0ce0fbb545ea0df8e,
HKEX:01361,01361,2025-09-10,CASH_DIVIDEND,0.204,HKD,nan,nan,,YAHOO_CHART_EVENTS,UNOFFICIAL_FREE_VENDOR,2026-07-21T03:21:14.119840+00:00,8ca777062160f6ea1b62a27a395a2fa0c9b0b6a0262b0ec0ce0fbb545ea0df8e,
HKEX:01361,01361,2026-06-08,CASH_DIVIDEND,0.113,HKD,nan,nan,,YAHOO_CHART_EVENTS,UNOFFICIAL_FREE_VENDOR,2026-07-21T03:21:14.119840+00:00,8ca777062160f6ea1b62a27a395a2fa0c9b0b6a0262b0ec0ce0fbb545ea0df8e,
HKEX:01364,01364,2025-12-08,CASH_DIVIDEND,0.93,HKD,nan,nan,,YAHOO_CHART_EVENTS,UNOFFICIAL_FREE_VENDOR,2026-07-21T03:21:14.119840+00:00,e026c7c436f4e521b03fe5c0b818ec6d47fb1f822337ec0aab00aaa7c41e7928,
HKEX:01368,01368,2023-06-06,CASH_DIVIDEND,0.071,HKD,nan,nan,,YAHOO_CHART_EVENTS,UNOFFICIAL_FREE_VENDOR,2026-07-21T03:21:14.119840+00:00,f72b8904729b42b27bed030ee2df2f51bb11b58a914f694712f011f66f82a94f,
HKEX:01368,01368,2023-09-05,CASH_DIVIDEND,0.137,HKD,nan,nan,,YAHOO_CHART_EVENTS,UNOFFICIAL_FREE_VENDOR,2026-07-21T03:21:14.119840+00:00,f72b8904729b42b27bed030ee2df2f51bb11b58a914f694712f011f66f82a94f,
HKEX:01368,01368,2024-05-07,CASH_DIVIDEND,0.08,HKD,nan,nan,,YAHOO_CHART_EVENTS,UNOFFICIAL_FREE_VENDOR,2026-07-21T03:21:14.119840+00:00,f72b8904729b42b27bed030ee2df2f51bb11b58a914f694712f011f66f82a94f,
HKEX:01368,01368,2024-09-03,CASH_DIVIDEND,0.603,HKD,nan,nan,,YAHOO_CHART_EVENTS,UNOFFICIAL_FREE_VENDOR,2026-07-21T03:21:14.119840+00:00,f72b8904729b42b27bed030ee2df2f51bb11b58a914f694712f011f66f82a94f,
HKEX:01368,01368,2025-09-03,CASH_DIVIDEND,0.18,HKD,nan,nan,,YAHOO_CHART_EVENTS,UNOFFICIAL_FREE_VENDOR,2026-07-21T03:21:14.119840+00:00,f72b8904729b42b27bed030ee2df2f51bb11b58a914f694712f011f66f82a94f,
HKEX:01368,01368,2026-05-12,CASH_DIVIDEND,0.095,HKD,nan,nan,,YAHOO_CHART_EVENTS,UNOFFICIAL_FREE_VENDOR,2026-07-21T03:21:14.119840+00:00,f72b8904729b42b27bed030ee2df2f51bb11b58a914f694712f011f66f82a94f,
HKEX:01375,01375,2023-06-09,CASH_DIVIDEND,0.0078,HKD,nan,nan,,YAHOO_CHART_EVENTS,UNOFFICIAL_FREE_VENDOR,2026-07-21T03:21:14.119840+00:00,f1761ff0d0a0ab2ad0199576d5c5d9c2bf1fe8325b7936a7b90e2ff66fe943de,
HKEX:01375,01375,2024-07-04,CASH_DIVIDEND,0.015,HKD,nan,nan,,YAHOO_CHART_EVENTS,UNOFFICIAL_FREE_VENDOR,2026-07-21T03:21:14.119840+00:00,f1761ff0d0a0ab2ad0199576d5c5d9c2bf1fe8325b7936a7b90e2ff66fe943de,
HKEX:01375,01375,2024-09-12,CASH_DIVIDEND,0.007,HKD,nan,nan,,YAHOO_CHART_EVENTS,UNOFFICIAL_FREE_VENDOR,2026-07-21T03:21:14.119840+00:00,f1761ff0d0a0ab2ad0199576d5c5d9c2bf1fe8325b7936a7b90e2ff66fe943de,
HKEX:01375,01375,2025-07-14,CASH_DIVIDEND,0.0186,HKD,nan,nan,,YAHOO_CHART_EVENTS,UNOFFICIAL_FREE_VENDOR,2026-07-21T03:21:14.119840+00:00,f1761ff0d0a0ab2ad0199576d5c5d9c2bf1fe8325b7936a7b90e2ff66fe943de,
HKEX:01375,01375,2025-09-11,CASH_DIVIDEND,0.0088,HKD,nan,nan,,YAHOO_CHART_EVENTS,UNOFFICIAL_FREE_VENDOR,2026-07-21T03:21:14.119840+00:00,f1761ff0d0a0ab2ad0199576d5c5d9c2bf1fe8325b7936a7b90e2ff66fe943de,
HKEX:01375,01375,2026-07-14,CASH_DIVIDEND,0.0253,HKD,nan,nan,,YAHOO_CHART_EVENTS,UNOFFICIAL_FREE_VENDOR,2026-07-21T03:21:14.119840+00:00,f1761ff0d0a0ab2ad0199576d5c5d9c2bf1fe8325b7936a7b90e2ff66fe943de,
HKEX:01378,01378,2023-05-23,CASH_DIVIDEND,0.1,HKD,nan,nan,,YAHOO_CHART_EVENTS,UNOFFICIAL_FREE_VENDOR,2026-07-21T03:21:14.119840+00:00,a5e5e8a2fcae49402e9cfd5eeddecff945850948c8e63a206c6adf52d4bfe0f9,
HKEX:01378,01378,2023-11-16,CASH_DIVIDEND,0.34,HKD,nan,nan,,YAHOO_CHART_EVENTS,UNOFFICIAL_FREE_VENDOR,2026-07-21T03:21:14.119840+00:00,a5e5e8a2fcae49402e9cfd5eeddecff945850948c8e63a206c6adf52d4bfe0f9,
HKEX:01378,01378,2024-05-22,CASH_DIVIDEND,0.29,HKD,nan,nan,,YAHOO_CHART_EVENTS,UNOFFICIAL_FREE_VENDOR,2026-07-21T03:21:14.119840+00:00,a5e5e8a2fcae49402e9cfd5eeddecff945850948c8e63a206c6adf52d4bfe0f9,
HKEX:01378,01378,2024-11-14,CASH_DIVIDEND,0.59,HKD,nan,nan,,YAHOO_CHART_EVENTS,UNOFFICIAL_FREE_VENDOR,2026-07-21T03:21:14.119840+00:00,a5e5e8a2fcae49402e9cfd5eeddecff945850948c8e63a206c6adf52d4bfe0f9,
HKEX:01378,01378,2025-05-21,CASH_DIVIDEND,1.02,HKD,nan,nan,,YAHOO_CHART_EVENTS,UNOFFICIAL_FREE_VENDOR,2026-07-21T03:21:14.119840+00:00,a5e5e8a2fcae49402e9cfd5eeddecff945850948c8e63a206c6adf52d4bfe0f9,
HKEX:01378,01378,2026-05-22,CASH_DIVIDEND,1.65,HKD,nan,nan,,YAHOO_CHART_EVENTS,UNOFFICIAL_FREE_VENDOR,2026-07-21T03:21:14.119840+00:00,a5e5e8a2fcae49402e9cfd5eeddecff945850948c8e63a206c6adf52d4bfe0f9,
HKEX:01385,01385,2023-06-27,CASH_DIVIDEND,0.1494,HKD,nan,nan,,YAHOO_CHART_EVENTS,UNOFFICIAL_FREE_VENDOR,2026-07-21T03:21:14.119840+00:00,09b75787509ebe4d18d95c59d3768be88ff01c03cc238d6fbd3ed78a9a577e10,
HKEX:01385,01385,2024-06-05,CASH_DIVIDEND,0.109806,HKD,nan,nan,,YAHOO_CHART_EVENTS,UNOFFICIAL_FREE_VENDOR,2026-07-21T03:21:14.119840+00:00,09b75787509ebe4d18d95c59d3768be88ff01c03cc238d6fbd3ed78a9a577e10,
HKEX:01385,01385,2025-07-08,CASH_DIVIDEND,0.087472,HKD,nan,nan,,YAHOO_CHART_EVENTS,UNOFFICIAL_FREE_VENDOR,2026-07-21T03:21:14.119840+00:00,09b75787509ebe4d18d95c59d3768be88ff01c03cc238d6fbd3ed78a9a577e10,
HKEX:01385,01385,2026-06-25,CASH_DIVIDEND,0.066416,HKD,nan,nan,,YAHOO_CHART_EVENTS,UNOFFICIAL_FREE_VENDOR,2026-07-21T03:21:14.119840+00:00,09b75787509ebe4d18d95c59d3768be88ff01c03cc238d6fbd3ed78a9a577e10,
HKEX:01398,01398,2023-07-06,CASH_DIVIDEND,0.329236,HKD,nan,nan,,YAHOO_CHART_EVENTS,UNOFFICIAL_FREE_VENDOR,2026-07-21T03:21:14.119840+00:00,71a36f09d53b26af28102f6e081218dbfcfe611b6dc839d4e7f8c4fb876a3a24,
HKEX:01398,01398,2024-07-08,CASH_DIVIDEND,0.335715,HKD,nan,nan,,YAHOO_CHART_EVENTS,UNOFFICIAL_FREE_VENDOR,2026-07-21T03:21:14.119840+00:00,71a36f09d53b26af28102f6e081218dbfcfe611b6dc839d4e7f8c4fb876a3a24,
HKEX:01398,01398,2025-01-02,CASH_DIVIDEND,0.155291,HKD,nan,nan,,YAHOO_CHART_EVENTS,UNOFFICIAL_FREE_VENDOR,2026-07-21T03:21:14.119840+00:00,71a36f09d53b26af28102f6e081218dbfcfe611b6dc839d4e7f8c4fb876a3a24,
HKEX:01398,01398,2025-07-03,CASH_DIVIDEND,0.180384,HKD,nan,nan,,YAHOO_CHART_EVENTS,UNOFFICIAL_FREE_VENDOR,2026-07-21T03:21:14.119840+00:00,71a36f09d53b26af28102f6e081218dbfcfe611b6dc839d4e7f8c4fb876a3a24,
HKEX:01398,01398,2025-12-04,CASH_DIVIDEND,0.15575,HKD,nan,nan,,YAHOO_CHART_EVENTS,UNOFFICIAL_FREE_VENDOR,2026-07-21T03:21:14.119840+00:00,71a36f09d53b26af28102f6e081218dbfcfe611b6dc839d4e7f8c4fb876a3a24,
HKEX:01398,01398,2026-05-04,CASH_DIVIDEND,0.19441,HKD,nan,nan,,YAHOO_CHART_EVENTS,UNOFFICIAL_FREE_VENDOR,2026-07-21T03:21:14.119840+00:00,71a36f09d53b26af28102f6e081218dbfcfe611b6dc839d4e7f8c4fb876a3a24,
HKEX:01415,01415,2026-06-08,CASH_DIVIDEND,0.35,HKD,nan,nan,,YAHOO_CHART_EVENTS,UNOFFICIAL_FREE_VENDOR,2026-07-21T03:21:14.119840+00:00,e633eb0dd06a7f60ef4e3ff95d3de178f5d1ff93479a6b7fa5f87ef4c14f7b9e,
HKEX:01428,01428,2023-01-10,CASH_DIVIDEND,0.7,HKD,nan,nan,,YAHOO_CHART_EVENTS,UNOFFICIAL_FREE_VENDOR,2026-07-21T03:21:14.119840+00:00,9ace3e06b572a550fc65581179999ff4e1199dea71519ce555158e3910dd4b78,
HKEX:01428,01428,2023-08-23,CASH_DIVIDEND,0.5,HKD,nan,nan,,YAHOO_CHART_EVENTS,UNOFFICIAL_FREE_VENDOR,2026-07-21T03:21:14.119840+00:00,9ace3e06b572a550fc65581179999ff4e1199dea71519ce555158e3910dd4b78,
HKEX:01428,01428,2024-08-21,CASH_DIVIDEND,0.33,HKD,nan,nan,,YAHOO_CHART_EVENTS,UNOFFICIAL_FREE_VENDOR,2026-07-21T03:21:14.119840+00:00,9ace3e06b572a550fc65581179999ff4e1199dea71519ce555158e3910dd4b78,
HKEX:01456,01456,2024-06-25,CASH_DIVIDEND,0.155704,HKD,nan,nan,,YAHOO_CHART_EVENTS,UNOFFICIAL_FREE_VENDOR,2026-07-21T03:21:14.119840+00:00,b282f7b7e3b3716cec0e97ede0a0c715d31c2908048813668e7351fc93ec24fd,
HKEX:01456,01456,2025-06-16,CASH_DIVIDEND,0.061201,HKD,nan,nan,,YAHOO_CHART_EVENTS,UNOFFICIAL_FREE_VENDOR,2026-07-21T03:21:14.119840+00:00,b282f7b7e3b3716cec0e97ede0a0c715d31c2908048813668e7351fc93ec24fd,
HKEX:01456,01456,2026-06-18,CASH_DIVIDEND,0.06902,HKD,nan,nan,,YAHOO_CHART_EVENTS,UNOFFICIAL_FREE_VENDOR,2026-07-21T03:21:14.119840+00:00,b282f7b7e3b3716cec0e97ede0a0c715d31c2908048813668e7351fc93ec24fd,
HKEX:01475,01475,2023-06-14,CASH_DIVIDEND,0.1516,HKD,nan,nan,,YAHOO_CHART_EVENTS,UNOFFICIAL_FREE_VENDOR,2026-07-21T03:21:14.119840+00:00,6947988c7e0edab8b68827d61169d729f23c53831a6fd2af8b400708a0958eaf,
HKEX:01475,01475,2024-06-11,CASH_DIVIDEND,0.1582,HKD,nan,nan,,YAHOO_CHART_EVENTS,UNOFFICIAL_FREE_VENDOR,2026-07-21T03:21:14.119840+00:00,6947988c7e0edab8b68827d61169d729f23c53831a6fd2af8b400708a0958eaf,
HKEX:01475,01475,2025-06-10,CASH_DIVIDEND,0.1582,HKD,nan,nan,,YAHOO_CHART_EVENTS,UNOFFICIAL_FREE_VENDOR,2026-07-21T03:21:14.119840+00:00,6947988c7e0edab8b68827d61169d729f23c53831a6fd2af8b400708a0958eaf,
HKEX:01475,01475,2026-06-09,CASH_DIVIDEND,0.1588,HKD,nan,nan,,YAHOO_CHART_EVENTS,UNOFFICIAL_FREE_VENDOR,2026-07-21T03:21:14.119840+00:00,6947988c7e0edab8b68827d61169d729f23c53831a6fd2af8b400708a0958eaf,
HKEX:01478,01478,2025-05-30,CASH_DIVIDEND,0.1,HKD,nan,nan,,YAHOO_CHART_EVENTS,UNOFFICIAL_FREE_VENDOR,2026-07-21T03:21:14.119840+00:00,869f51ab54f11f31606494079752ae17edfb149f4bf456f4c8de70f023823ba9,
HKEX:01478,01478,2025-10-03,CASH_DIVIDEND,0.15,HKD,nan,nan,,YAHOO_CHART_EVENTS,UNOFFICIAL_FREE_VENDOR,2026-07-21T03:21:14.119840+00:00,869f51ab54f11f31606494079752ae17edfb149f4bf456f4c8de70f023823ba9,
HKEX:01478,01478,2026-06-04,CASH_DIVIDEND,0.4,HKD,nan,nan,,YAHOO_CHART_EVENTS,UNOFFICIAL_FREE_VENDOR,2026-07-21T03:21:14.119840+00:00,869f51ab54f11f31606494079752ae17edfb149f4bf456f4c8de70f023823ba9,
HKEX:01513,01513,2023-07-04,CASH_DIVIDEND,1.74385,HKD,nan,nan,,YAHOO_CHART_EVENTS,UNOFFICIAL_FREE_VENDOR,2026-07-21T03:21:14.119840+00:00,90cac335cb2f0964ecb6e885ace0dcb8807381192169a488abcab4a7555acadc,
HKEX:01513,01513,2024-07-08,CASH_DIVIDEND,1.48203,HKD,nan,nan,,YAHOO_CHART_EVENTS,UNOFFICIAL_FREE_VENDOR,2026-07-21T03:21:14.119840+00:00,90cac335cb2f0964ecb6e885ace0dcb8807381192169a488abcab4a7555acadc,
HKEX:01513,01513,2025-06-13,CASH_DIVIDEND,1.198758,HKD,nan,nan,,YAHOO_CHART_EVENTS,UNOFFICIAL_FREE_VENDOR,2026-07-21T03:21:14.119840+00:00,90cac335cb2f0964ecb6e885ace0dcb8807381192169a488abcab4a7555acadc,
HKEX:01513,01513,2026-06-16,CASH_DIVIDEND,1.643,HKD,nan,nan,,YAHOO_CHART_EVENTS,UNOFFICIAL_FREE_VENDOR,2026-07-21T03:21:14.119840+00:00,90cac335cb2f0964ecb6e885ace0dcb8807381192169a488abcab4a7555acadc,
HKEX:01528,01528,2023-07-13,CASH_DIVIDEND,0.087553,HKD,nan,nan,,YAHOO_CHART_EVENTS,UNOFFICIAL_FREE_VENDOR,2026-07-21T03:21:14.119840+00:00,976c21a0f9542b567555ab4da3d35fecee391db0035a7d2ae306e1348b0fbbff,
HKEX:01530,01530,2023-06-27,CASH_DIVIDEND,0.1,HKD,nan,nan,,YAHOO_CHART_EVENTS,UNOFFICIAL_FREE_VENDOR,2026-07-21T03:21:14.119840+00:00,ebf6115c77c0c8fee12737e9ad5627eccd9eaaa42a1b7507048a9a28c49b097e,
HKEX:01530,01530,2024-07-22,CASH_DIVIDEND,0.25,HKD,nan,nan,,YAHOO_CHART_EVENTS,UNOFFICIAL_FREE_VENDOR,2026-07-21T03:21:14.119840+00:00,ebf6115c77c0c8fee12737e9ad5627eccd9eaaa42a1b7507048a9a28c49b097e,
HKEX:01530,01530,2025-07-21,CASH_DIVIDEND,0.25,HKD,nan,nan,,YAHOO_CHART_EVENTS,UNOFFICIAL_FREE_VENDOR,2026-07-21T03:21:14.119840+00:00,ebf6115c77c0c8fee12737e9ad5627eccd9eaaa42a1b7507048a9a28c49b097e,
HKEX:01530,01530,2026-07-21,CASH_DIVIDEND,0.25,HKD,nan,nan,,YAHOO_CHART_EVENTS,UNOFFICIAL_FREE_VENDOR,2026-07-21T03:21:14.119840+00:00,ebf6115c77c0c8fee12737e9ad5627eccd9eaaa42a1b7507048a9a28c49b097e,
HKEX:01579,01579,2023-05-22,CASH_DIVIDEND,0.202557,HKD,nan,nan,,YAHOO_CHART_EVENTS,UNOFFICIAL_FREE_VENDOR,2026-07-21T03:21:14.119840+00:00,ddd427c9993048825875af32eea028f7d2f351fee8bb666327aebad1364067e7,
HKEX:01579,01579,2024-05-27,CASH_DIVIDEND,0.8154,HKD,nan,nan,,YAHOO_CHART_EVENTS,UNOFFICIAL_FREE_VENDOR,2026-07-21T03:21:14.119840+00:00,ddd427c9993048825875af32eea028f7d2f351fee8bb666327aebad1364067e7,
HKEX:01579,01579,2024-09-09,CASH_DIVIDEND,0.3088,HKD,nan,nan,,YAHOO_CHART_EVENTS,UNOFFICIAL_FREE_VENDOR,2026-07-21T03:21:14.119840+00:00,ddd427c9993048825875af32eea028f7d2f351fee8bb666327aebad1364067e7,
HKEX:01579,01579,2025-05-26,CASH_DIVIDEND,0.4283,HKD,nan,nan,,YAHOO_CHART_EVENTS,UNOFFICIAL_FREE_VENDOR,2026-07-21T03:21:14.119840+00:00,ddd427c9993048825875af32eea028f7d2f351fee8bb666327aebad1364067e7,
HKEX:01579,01579,2025-09-05,CASH_DIVIDEND,0.3107,HKD,nan,nan,,YAHOO_CHART_EVENTS,UNOFFICIAL_FREE_VENDOR,2026-07-21T03:21:14.119840+00:00,ddd427c9993048825875af32eea028f7d2f351fee8bb666327aebad1364067e7,
HKEX:01579,01579,2026-05-28,CASH_DIVIDEND,0.5968,HKD,nan,nan,,YAHOO_CHART_EVENTS,UNOFFICIAL_FREE_VENDOR,2026-07-21T03:21:14.119840+00:00,ddd427c9993048825875af32eea028f7d2f351fee8bb666327aebad1364067e7,
HKEX:01585,01585,2023-06-21,CASH_DIVIDEND,0.4,HKD,nan,nan,,YAHOO_CHART_EVENTS,UNOFFICIAL_FREE_VENDOR,2026-07-21T03:21:14.119840+00:00,36a5e74adc0d436d13bd4bf98ed329a6b3f32e88c3294cb28aed027c24b6b3d2,
HKEX:01585,01585,2024-06-21,CASH_DIVIDEND,0.48,HKD,nan,nan,,YAHOO_CHART_EVENTS,UNOFFICIAL_FREE_VENDOR,2026-07-21T03:21:14.119840+00:00,36a5e74adc0d436d13bd4bf98ed329a6b3f32e88c3294cb28aed027c24b6b3d2,
HKEX:01585,01585,2025-06-20,CASH_DIVIDEND,0.45,HKD,nan,nan,,YAHOO_CHART_EVENTS,UNOFFICIAL_FREE_VENDOR,2026-07-21T03:21:14.119840+00:00,36a5e74adc0d436d13bd4bf98ed329a6b3f32e88c3294cb28aed027c24b6b3d2,
HKEX:01585,01585,2026-06-23,CASH_DIVIDEND,0.53,HKD,nan,nan,,YAHOO_CHART_EVENTS,UNOFFICIAL_FREE_VENDOR,2026-07-21T03:21:14.119840+00:00,36a5e74adc0d436d13bd4bf98ed329a6b3f32e88c3294cb28aed027c24b6b3d2,
HKEX:01618,01618,2023-07-27,CASH_DIVIDEND,0.090836,HKD,nan,nan,,YAHOO_CHART_EVENTS,UNOFFICIAL_FREE_VENDOR,2026-07-21T03:21:14.119840+00:00,0f68e1e5158eeb1c4794e8d81f16e98da6aa4ccb045fa97c7bd9acb3dcc20e6d,
HKEX:01618,01618,2024-07-24,CASH_DIVIDEND,0.078964,HKD,nan,nan,,YAHOO_CHART_EVENTS,UNOFFICIAL_FREE_VENDOR,2026-07-21T03:21:14.119840+00:00,0f68e1e5158eeb1c4794e8d81f16e98da6aa4ccb045fa97c7bd9acb3dcc20e6d,
HKEX:01618,01618,2025-07-25,CASH_DIVIDEND,0.061345,HKD,nan,nan,,YAHOO_CHART_EVENTS,UNOFFICIAL_FREE_VENDOR,2026-07-21T03:21:14.119840+00:00,0f68e1e5158eeb1c4794e8d81f16e98da6aa4ccb045fa97c7bd9acb3dcc20e6d,
HKEX:01635,01635,2023-06-30,CASH_DIVIDEND,0.03272,HKD,nan,nan,,YAHOO_CHART_EVENTS,UNOFFICIAL_FREE_VENDOR,2026-07-21T03:21:14.119840+00:00,3015d6b060a7e0f3318b20556175c469f07e19e44534f3b16a135b4c2ee4f032,
HKEX:01635,01635,2024-06-28,CASH_DIVIDEND,0.038428,HKD,nan,nan,,YAHOO_CHART_EVENTS,UNOFFICIAL_FREE_VENDOR,2026-07-21T03:21:14.119840+00:00,3015d6b060a7e0f3318b20556175c469f07e19e44534f3b16a135b4c2ee4f032,
HKEX:01635,01635,2025-06-26,CASH_DIVIDEND,0.039331,HKD,nan,nan,,YAHOO_CHART_EVENTS,UNOFFICIAL_FREE_VENDOR,2026-07-21T03:21:14.119840+00:00,3015d6b060a7e0f3318b20556175c469f07e19e44534f3b16a135b4c2ee4f032,
HKEX:01635,01635,2026-06-30,CASH_DIVIDEND,0.057516,HKD,nan,nan,,YAHOO_CHART_EVENTS,UNOFFICIAL_FREE_VENDOR,2026-07-21T03:21:14.119840+00:00,3015d6b060a7e0f3318b20556175c469f07e19e44534f3b16a135b4c2ee4f032,
HKEX:01658,01658,2023-07-05,CASH_DIVIDEND,0.279724,HKD,nan,nan,,YAHOO_CHART_EVENTS,UNOFFICIAL_FREE_VENDOR,2026-07-21T03:21:14.119840+00:00,32035622b08c3ab7e2228a0ce031f6f9c5aa4d9e3783b53eef0e1843a5dbd3f5,
HKEX:01658,01658,2024-07-03,CASH_DIVIDEND,0.285971,HKD,nan,nan,,YAHOO_CHART_EVENTS,UNOFFICIAL_FREE_VENDOR,2026-07-21T03:21:14.119840+00:00,32035622b08c3ab7e2228a0ce031f6f9c5aa4d9e3783b53eef0e1843a5dbd3f5,
HKEX:01658,01658,2024-12-27,CASH_DIVIDEND,0.159598,HKD,nan,nan,,YAHOO_CHART_EVENTS,UNOFFICIAL_FREE_VENDOR,2026-07-21T03:21:14.119840+00:00,32035622b08c3ab7e2228a0ce031f6f9c5aa4d9e3783b53eef0e1843a5dbd3f5,
HKEX:01658,01658,2025-04-23,CASH_DIVIDEND,0.122621,HKD,nan,nan,,YAHOO_CHART_EVENTS,UNOFFICIAL_FREE_VENDOR,2026-07-21T03:21:14.119840+00:00,32035622b08c3ab7e2228a0ce031f6f9c5aa4d9e3783b53eef0e1843a5dbd3f5,
HKEX:01658,01658,2026-01-02,CASH_DIVIDEND,0.135649,HKD,nan,nan,,YAHOO_CHART_EVENTS,UNOFFICIAL_FREE_VENDOR,2026-07-21T03:21:14.119840+00:00,32035622b08c3ab7e2228a0ce031f6f9c5aa4d9e3783b53eef0e1843a5dbd3f5,
HKEX:01658,01658,2026-07-03,CASH_DIVIDEND,0.110028,HKD,nan,nan,,YAHOO_CHART_EVENTS,UNOFFICIAL_FREE_VENDOR,2026-07-21T03:21:14.119840+00:00,32035622b08c3ab7e2228a0ce031f6f9c5aa4d9e3783b53eef0e1843a5dbd3f5,
HKEX:01675,01675,2023-05-30,CASH_DIVIDEND,0.401,HKD,nan,nan,,YAHOO_CHART_EVENTS,UNOFFICIAL_FREE_VENDOR,2026-07-21T03:21:14.119840+00:00,1e0a6d7e742edd345b9483627cef1df365c8dcf7a67b65c893e3fb40aacae8bb,
HKEX:01675,01675,2023-12-14,CASH_DIVIDEND,0.6,HKD,nan,nan,,YAHOO_CHART_EVENTS,UNOFFICIAL_FREE_VENDOR,2026-07-21T03:21:14.119840+00:00,1e0a6d7e742edd345b9483627cef1df365c8dcf7a67b65c893e3fb40aacae8bb,
HKEX:01675,01675,2024-07-04,CASH_DIVIDEND,0.412,HKD,nan,nan,,YAHOO_CHART_EVENTS,UNOFFICIAL_FREE_VENDOR,2026-07-21T03:21:14.119840+00:00,1e0a6d7e742edd345b9483627cef1df365c8dcf7a67b65c893e3fb40aacae8bb,
HKEX:01675,01675,2025-05-30,CASH_DIVIDEND,0.412,HKD,nan,nan,,YAHOO_CHART_EVENTS,UNOFFICIAL_FREE_VENDOR,2026-07-21T03:21:14.119840+00:00,1e0a6d7e742edd345b9483627cef1df365c8dcf7a67b65c893e3fb40aacae8bb,
HKEX:01675,01675,2026-06-01,CASH_DIVIDEND,0.054,HKD,nan,nan,,YAHOO_CHART_EVENTS,UNOFFICIAL_FREE_VENDOR,2026-07-21T03:21:14.119840+00:00,1e0a6d7e742edd345b9483627cef1df365c8dcf7a67b65c893e3fb40aacae8bb,
HKEX:01681,01681,2023-06-08,CASH_DIVIDEND,0.3,HKD,nan,nan,,YAHOO_CHART_EVENTS,UNOFFICIAL_FREE_VENDOR,2026-07-21T03:21:14.119840+00:00,652913fd72011b729bc3c7007360e0a810cd141445e0d86df340879f61de4c56,
HKEX:01681,01681,2023-09-07,CASH_DIVIDEND,0.15,HKD,nan,nan,,YAHOO_CHART_EVENTS,UNOFFICIAL_FREE_VENDOR,2026-07-21T03:21:14.119840+00:00,652913fd72011b729bc3c7007360e0a810cd141445e0d86df340879f61de4c56,
HKEX:01681,01681,2024-06-11,CASH_DIVIDEND,0.6,HKD,nan,nan,,YAHOO_CHART_EVENTS,UNOFFICIAL_FREE_VENDOR,2026-07-21T03:21:14.119840+00:00,652913fd72011b729bc3c7007360e0a810cd141445e0d86df340879f61de4c56,
HKEX:01681,01681,2024-09-05,CASH_DIVIDEND,0.3,HKD,nan,nan,,YAHOO_CHART_EVENTS,UNOFFICIAL_FREE_VENDOR,2026-07-21T03:21:14.119840+00:00,652913fd72011b729bc3c7007360e0a810cd141445e0d86df340879f61de4c56,
HKEX:01681,01681,2025-06-10,CASH_DIVIDEND,0.3,HKD,nan,nan,,YAHOO_CHART_EVENTS,UNOFFICIAL_FREE_VENDOR,2026-07-21T03:21:14.119840+00:00,652913fd72011b729bc3c7007360e0a810cd141445e0d86df340879f61de4c56,
HKEX:01681,01681,2025-09-04,CASH_DIVIDEND,0.33,HKD,nan,nan,,YAHOO_CHART_EVENTS,UNOFFICIAL_FREE_VENDOR,2026-07-21T03:21:14.119840+00:00,652913fd72011b729bc3c7007360e0a810cd141445e0d86df340879f61de4c56,
HKEX:01681,01681,2026-06-09,CASH_DIVIDEND,0.4,HKD,nan,nan,,YAHOO_CHART_EVENTS,UNOFFICIAL_FREE_VENDOR,2026-07-21T03:21:14.119840+00:00,652913fd72011b729bc3c7007360e0a810cd141445e0d86df340879f61de4c56,
HKEX:01686,01686,2023-10-31,CASH_DIVIDEND,0.112,HKD,nan,nan,,YAHOO_CHART_EVENTS,UNOFFICIAL_FREE_VENDOR,2026-07-21T03:21:14.119840+00:00,792058901f4633670579abfe213f519f9c5dca6cca327d8e4e9b98598df60185,
HKEX:01686,01686,2024-11-05,CASH_DIVIDEND,0.112,HKD,nan,nan,,YAHOO_CHART_EVENTS,UNOFFICIAL_FREE_VENDOR,2026-07-21T03:21:14.119840+00:00,792058901f4633670579abfe213f519f9c5dca6cca327d8e4e9b98598df60185,
HKEX:01686,01686,2025-11-04,CASH_DIVIDEND,0.12,HKD,nan,nan,,YAHOO_CHART_EVENTS,UNOFFICIAL_FREE_VENDOR,2026-07-21T03:21:14.119840+00:00,792058901f4633670579abfe213f519f9c5dca6cca327d8e4e9b98598df60185,
HKEX:01691,01691,2023-09-13,CASH_DIVIDEND,0.0392,HKD,nan,nan,,YAHOO_CHART_EVENTS,UNOFFICIAL_FREE_VENDOR,2026-07-21T03:21:14.119840+00:00,6837f228ff0a43a7e82295a5b8bb2bba0d2d1139f2e918495e36f01a42fd29fa,
HKEX:01729,01729,2023-08-30,CASH_DIVIDEND,0.005,HKD,nan,nan,,YAHOO_CHART_EVENTS,UNOFFICIAL_FREE_VENDOR,2026-07-21T03:21:14.119840+00:00,7126898469f87106eb6d18a0e3cb9c2adfa9a0253ff9ce87a492df2a6aa3ccea,
HKEX:01729,01729,2023-12-08,CASH_DIVIDEND,0.0075,HKD,nan,nan,,YAHOO_CHART_EVENTS,UNOFFICIAL_FREE_VENDOR,2026-07-21T03:21:14.119840+00:00,7126898469f87106eb6d18a0e3cb9c2adfa9a0253ff9ce87a492df2a6aa3ccea,
HKEX:01729,01729,2024-05-31,CASH_DIVIDEND,0.007,HKD,nan,nan,,YAHOO_CHART_EVENTS,UNOFFICIAL_FREE_VENDOR,2026-07-21T03:21:14.119840+00:00,7126898469f87106eb6d18a0e3cb9c2adfa9a0253ff9ce87a492df2a6aa3ccea,
HKEX:01729,01729,2024-09-10,CASH_DIVIDEND,0.01,HKD,nan,nan,,YAHOO_CHART_EVENTS,UNOFFICIAL_FREE_VENDOR,2026-07-21T03:21:14.119840+00:00,7126898469f87106eb6d18a0e3cb9c2adfa9a0253ff9ce87a492df2a6aa3ccea,
HKEX:01729,01729,2025-05-27,CASH_DIVIDEND,0.013,HKD,nan,nan,,YAHOO_CHART_EVENTS,UNOFFICIAL_FREE_VENDOR,2026-07-21T03:21:14.119840+00:00,7126898469f87106eb6d18a0e3cb9c2adfa9a0253ff9ce87a492df2a6aa3ccea,
HKEX:01729,01729,2025-09-10,CASH_DIVIDEND,0.016,HKD,nan,nan,,YAHOO_CHART_EVENTS,UNOFFICIAL_FREE_VENDOR,2026-07-21T03:21:14.119840+00:00,7126898469f87106eb6d18a0e3cb9c2adfa9a0253ff9ce87a492df2a6aa3ccea,
HKEX:01729,01729,2026-06-02,CASH_DIVIDEND,0.024,HKD,nan,nan,,YAHOO_CHART_EVENTS,UNOFFICIAL_FREE_VENDOR,2026-07-21T03:21:14.119840+00:00,7126898469f87106eb6d18a0e3cb9c2adfa9a0253ff9ce87a492df2a6aa3ccea,
HKEX:01735,01735,2023-12-22,STOCK_SPLIT_OR_CONSOLIDATION,nan,HKD,4.0,1.0,,YAHOO_CHART_EVENTS,UNOFFICIAL_FREE_VENDOR,2026-07-21T03:21:14.119840+00:00,354b817994c5c3bb209fb290c75e3d19b2d4310293bad2cedeede91882fdeed2,4:1
HKEX:01766,01766,2023-06-21,CASH_DIVIDEND,0.219506,HKD,nan,nan,,YAHOO_CHART_EVENTS,UNOFFICIAL_FREE_VENDOR,2026-07-21T03:21:14.119840+00:00,253e9a364283ed3179e2e86c626a8e50294585defd0616161a2f8b2b52cec28f,
HKEX:01766,01766,2024-06-20,CASH_DIVIDEND,0.219571,HKD,nan,nan,,YAHOO_CHART_EVENTS,UNOFFICIAL_FREE_VENDOR,2026-07-21T03:21:14.119840+00:00,253e9a364283ed3179e2e86c626a8e50294585defd0616161a2f8b2b52cec28f,
HKEX:01766,01766,2025-06-20,CASH_DIVIDEND,0.229658,HKD,nan,nan,,YAHOO_CHART_EVENTS,UNOFFICIAL_FREE_VENDOR,2026-07-21T03:21:14.119840+00:00,253e9a364283ed3179e2e86c626a8e50294585defd0616161a2f8b2b52cec28f,
HKEX:01766,01766,2025-09-26,CASH_DIVIDEND,0.120362,HKD,nan,nan,,YAHOO_CHART_EVENTS,UNOFFICIAL_FREE_VENDOR,2026-07-21T03:21:14.119840+00:00,253e9a364283ed3179e2e86c626a8e50294585defd0616161a2f8b2b52cec28f,
HKEX:01766,01766,2026-06-22,CASH_DIVIDEND,0.138037,HKD,nan,nan,,YAHOO_CHART_EVENTS,UNOFFICIAL_FREE_VENDOR,2026-07-21T03:21:14.119840+00:00,253e9a364283ed3179e2e86c626a8e50294585defd0616161a2f8b2b52cec28f,
HKEX:01772,01772,2023-07-03,CASH_DIVIDEND,1.088194,HKD,nan,nan,,YAHOO_CHART_EVENTS,UNOFFICIAL_FREE_VENDOR,2026-07-21T03:21:14.119840+00:00,dbe9bd17722262ec5c3ad8a0066c782bcbce22ccfaae0bce64f7d4358e8bbed4,
HKEX:01772,01772,2024-06-27,CASH_DIVIDEND,0.877382,HKD,nan,nan,,YAHOO_CHART_EVENTS,UNOFFICIAL_FREE_VENDOR,2026-07-21T03:21:14.119840+00:00,dbe9bd17722262ec5c3ad8a0066c782bcbce22ccfaae0bce64f7d4358e8bbed4,
HKEX:01772,01772,2025-06-27,CASH_DIVIDEND,0.1642,HKD,nan,nan,,YAHOO_CHART_EVENTS,UNOFFICIAL_FREE_VENDOR,2026-07-21T03:21:14.119840+00:00,dbe9bd17722262ec5c3ad8a0066c782bcbce22ccfaae0bce64f7d4358e8bbed4,
HKEX:01772,01772,2026-05-22,CASH_DIVIDEND,0.171727,HKD,nan,nan,,YAHOO_CHART_EVENTS,UNOFFICIAL_FREE_VENDOR,2026-07-21T03:21:14.119840+00:00,dbe9bd17722262ec5c3ad8a0066c782bcbce22ccfaae0bce64f7d4358e8bbed4,
HKEX:01773,01773,2023-06-15,CASH_DIVIDEND,0.0277,HKD,nan,nan,,YAHOO_CHART_EVENTS,UNOFFICIAL_FREE_VENDOR,2026-07-21T03:21:14.119840+00:00,a01ace3262e1aca630120a1549609b4158480621b0fa4fdcc38c1c201c0a314b,
HKEX:01773,01773,2024-01-19,CASH_DIVIDEND,0.0256,HKD,nan,nan,,YAHOO_CHART_EVENTS,UNOFFICIAL_FREE_VENDOR,2026-07-21T03:21:14.119840+00:00,a01ace3262e1aca630120a1549609b4158480621b0fa4fdcc38c1c201c0a314b,
HKEX:01773,01773,2024-06-28,CASH_DIVIDEND,0.0459,HKD,nan,nan,,YAHOO_CHART_EVENTS,UNOFFICIAL_FREE_VENDOR,2026-07-21T03:21:14.119840+00:00,a01ace3262e1aca630120a1549609b4158480621b0fa4fdcc38c1c201c0a314b,
HKEX:01773,01773,2025-01-21,CASH_DIVIDEND,0.0442,HKD,nan,nan,,YAHOO_CHART_EVENTS,UNOFFICIAL_FREE_VENDOR,2026-07-21T03:21:14.119840+00:00,a01ace3262e1aca630120a1549609b4158480621b0fa4fdcc38c1c201c0a314b,
HKEX:01773,01773,2025-07-31,CASH_DIVIDEND,0.0622,HKD,nan,nan,,YAHOO_CHART_EVENTS,UNOFFICIAL_FREE_VENDOR,2026-07-21T03:21:14.119840+00:00,a01ace3262e1aca630120a1549609b4158480621b0fa4fdcc38c1c201c0a314b,
HKEX:01773,01773,2026-02-04,CASH_DIVIDEND,0.0429,HKD,nan,nan,,YAHOO_CHART_EVENTS,UNOFFICIAL_FREE_VENDOR,2026-07-21T03:21:14.119840+00:00,a01ace3262e1aca630120a1549609b4158480621b0fa4fdcc38c1c201c0a314b,
HKEX:01776,01776,2023-07-11,CASH_DIVIDEND,0.381033,HKD,nan,nan,,YAHOO_CHART_EVENTS,UNOFFICIAL_FREE_VENDOR,2026-07-21T03:21:14.119840+00:00,fdac806569fada448698452234a563fe2a41e8e7439002dd18c2120c43912123,
HKEX:01776,01776,2024-05-27,CASH_DIVIDEND,0.330278,HKD,nan,nan,,YAHOO_CHART_EVENTS,UNOFFICIAL_FREE_VENDOR,2026-07-21T03:21:14.119840+00:00,fdac806569fada448698452234a563fe2a41e8e7439002dd18c2120c43912123,
HKEX:01776,01776,2024-10-28,CASH_DIVIDEND,0.109925,HKD,nan,nan,,YAHOO_CHART_EVENTS,UNOFFICIAL_FREE_VENDOR,2026-07-21T03:21:14.119840+00:00,fdac806569fada448698452234a563fe2a41e8e7439002dd18c2120c43912123,
HKEX:01776,01776,2025-05-29,CASH_DIVIDEND,0.432646,HKD,nan,nan,,YAHOO_CHART_EVENTS,UNOFFICIAL_FREE_VENDOR,2026-07-21T03:21:14.119840+00:00,fdac806569fada448698452234a563fe2a41e8e7439002dd18c2120c43912123,
HKEX:01776,01776,2025-09-11,CASH_DIVIDEND,0.10963,HKD,nan,nan,,YAHOO_CHART_EVENTS,UNOFFICIAL_FREE_VENDOR,2026-07-21T03:21:14.119840+00:00,fdac806569fada448698452234a563fe2a41e8e7439002dd18c2120c43912123,
HKEX:01776,01776,2026-07-09,CASH_DIVIDEND,0.575009,HKD,nan,nan,,YAHOO_CHART_EVENTS,UNOFFICIAL_FREE_VENDOR,2026-07-21T03:21:14.119840+00:00,fdac806569fada448698452234a563fe2a41e8e7439002dd18c2120c43912123,
HKEX:01783,01783,2025-09-23,STOCK_SPLIT_OR_CONSOLIDATION,nan,HKD,2.0,1.0,,YAHOO_CHART_EVENTS,UNOFFICIAL_FREE_VENDOR,2026-07-21T03:21:14.119840+00:00,11a5d8eb9fa496cc26027d7285a62412013b21ca5c94dfb2216252be88deffb4,2:1
HKEX:01787,01787,2023-06-13,CASH_DIVIDEND,0.07712,HKD,nan,nan,,YAHOO_CHART_EVENTS,UNOFFICIAL_FREE_VENDOR,2026-07-21T03:21:14.119840+00:00,a101c376b2b890ab772dbd5798b5077dff24f81aa00543e18906902f685eab68,
HKEX:01787,01787,2024-06-13,CASH_DIVIDEND,0.15374,HKD,nan,nan,,YAHOO_CHART_EVENTS,UNOFFICIAL_FREE_VENDOR,2026-07-21T03:21:14.119840+00:00,a101c376b2b890ab772dbd5798b5077dff24f81aa00543e18906902f685eab68,
HKEX:01787,01787,2024-10-24,CASH_DIVIDEND,0.08724,HKD,nan,nan,,YAHOO_CHART_EVENTS,UNOFFICIAL_FREE_VENDOR,2026-07-21T03:21:14.119840+00:00,a101c376b2b890ab772dbd5798b5077dff24f81aa00543e18906902f685eab68,
HKEX:01787,01787,2025-06-18,CASH_DIVIDEND,0.161745,HKD,nan,nan,,YAHOO_CHART_EVENTS,UNOFFICIAL_FREE_VENDOR,2026-07-21T03:21:14.119840+00:00,a101c376b2b890ab772dbd5798b5077dff24f81aa00543e18906902f685eab68,
HKEX:01787,01787,2025-09-30,CASH_DIVIDEND,0.191317,HKD,nan,nan,,YAHOO_CHART_EVENTS,UNOFFICIAL_FREE_VENDOR,2026-07-21T03:21:14.119840+00:00,a101c376b2b890ab772dbd5798b5077dff24f81aa00543e18906902f685eab68,
HKEX:01787,01787,2026-06-29,CASH_DIVIDEND,0.207142,HKD,nan,nan,,YAHOO_CHART_EVENTS,UNOFFICIAL_FREE_VENDOR,2026-07-21T03:21:14.119840+00:00,a101c376b2b890ab772dbd5798b5077dff24f81aa00543e18906902f685eab68,
HKEX:01788,01788,2023-05-25,CASH_DIVIDEND,0.01,HKD,nan,nan,,YAHOO_CHART_EVENTS,UNOFFICIAL_FREE_VENDOR,2026-07-21T03:21:14.119840+00:00,7c7644a083d50b84d839b2cdbbd66813e38abc2dfeb23a73982bccdc023c3ad5,
HKEX:01788,01788,2023-09-11,CASH_DIVIDEND,0.01,HKD,nan,nan,,YAHOO_CHART_EVENTS,UNOFFICIAL_FREE_VENDOR,2026-07-21T03:21:14.119840+00:00,7c7644a083d50b84d839b2cdbbd66813e38abc2dfeb23a73982bccdc023c3ad5,
HKEX:01788,01788,2024-05-28,CASH_DIVIDEND,0.01,HKD,nan,nan,,YAHOO_CHART_EVENTS,UNOFFICIAL_FREE_VENDOR,2026-07-21T03:21:14.119840+00:00,7c7644a083d50b84d839b2cdbbd66813e38abc2dfeb23a73982bccdc023c3ad5,
HKEX:01788,01788,2024-09-11,CASH_DIVIDEND,0.012,HKD,nan,nan,,YAHOO_CHART_EVENTS,UNOFFICIAL_FREE_VENDOR,2026-07-21T03:21:14.119840+00:00,7c7644a083d50b84d839b2cdbbd66813e38abc2dfeb23a73982bccdc023c3ad5,
HKEX:01788,01788,2025-05-28,CASH_DIVIDEND,0.02,HKD,nan,nan,,YAHOO_CHART_EVENTS,UNOFFICIAL_FREE_VENDOR,2026-07-21T03:21:14.119840+00:00,7c7644a083d50b84d839b2cdbbd66813e38abc2dfeb23a73982bccdc023c3ad5,
HKEX:01788,01788,2025-09-11,CASH_DIVIDEND,0.05,HKD,nan,nan,,YAHOO_CHART_EVENTS,UNOFFICIAL_FREE_VENDOR,2026-07-21T03:21:14.119840+00:00,7c7644a083d50b84d839b2cdbbd66813e38abc2dfeb23a73982bccdc023c3ad5,
HKEX:01788,01788,2026-05-27,CASH_DIVIDEND,0.02,HKD,nan,nan,,YAHOO_CHART_EVENTS,UNOFFICIAL_FREE_VENDOR,2026-07-21T03:21:14.119840+00:00,7c7644a083d50b84d839b2cdbbd66813e38abc2dfeb23a73982bccdc023c3ad5,
HKEX:01789,01789,2023-06-21,CASH_DIVIDEND,0.06,HKD,nan,nan,,YAHOO_CHART_EVENTS,UNOFFICIAL_FREE_VENDOR,2026-07-21T03:21:14.119840+00:00,85bb2bec9f09be67620f40ab2dd666a374708080e92c8a67dd7470f8b3d8f15e,
HKEX:01789,01789,2024-06-24,CASH_DIVIDEND,0.045,HKD,nan,nan,,YAHOO_CHART_EVENTS,UNOFFICIAL_FREE_VENDOR,2026-07-21T03:21:14.119840+00:00,85bb2bec9f09be67620f40ab2dd666a374708080e92c8a67dd7470f8b3d8f15e,
HKEX:01789,01789,2025-06-23,CASH_DIVIDEND,0.072,HKD,nan,nan,,YAHOO_CHART_EVENTS,UNOFFICIAL_FREE_VENDOR,2026-07-21T03:21:14.119840+00:00,85bb2bec9f09be67620f40ab2dd666a374708080e92c8a67dd7470f8b3d8f15e,
HKEX:01789,01789,2026-06-23,CASH_DIVIDEND,0.118,HKD,nan,nan,,YAHOO_CHART_EVENTS,UNOFFICIAL_FREE_VENDOR,2026-07-21T03:21:14.119840+00:00,85bb2bec9f09be67620f40ab2dd666a374708080e92c8a67dd7470f8b3d8f15e,
HKEX:01800,01800,2023-06-20,CASH_DIVIDEND,0.24735,HKD,nan,nan,,YAHOO_CHART_EVENTS,UNOFFICIAL_FREE_VENDOR,2026-07-21T03:21:14.119840+00:00,d4acdd3b9323220f55bd9768e66e3c6938ba67ab64591ae1553ddad8e8df734d,
HKEX:01800,01800,2024-06-19,CASH_DIVIDEND,0.32261,HKD,nan,nan,,YAHOO_CHART_EVENTS,UNOFFICIAL_FREE_VENDOR,2026-07-21T03:21:14.119840+00:00,d4acdd3b9323220f55bd9768e66e3c6938ba67ab64591ae1553ddad8e8df734d,
HKEX:01800,01800,2024-12-03,CASH_DIVIDEND,0.15353,HKD,nan,nan,,YAHOO_CHART_EVENTS,UNOFFICIAL_FREE_VENDOR,2026-07-21T03:21:14.119840+00:00,d4acdd3b9323220f55bd9768e66e3c6938ba67ab64591ae1553ddad8e8df734d,
HKEX:01800,01800,2025-06-20,CASH_DIVIDEND,0.1751,HKD,nan,nan,,YAHOO_CHART_EVENTS,UNOFFICIAL_FREE_VENDOR,2026-07-21T03:21:14.119840+00:00,d4acdd3b9323220f55bd9768e66e3c6938ba67ab64591ae1553ddad8e8df734d,
HKEX:01800,01800,2025-12-01,CASH_DIVIDEND,0.12929,HKD,nan,nan,,YAHOO_CHART_EVENTS,UNOFFICIAL_FREE_VENDOR,2026-07-21T03:21:14.119840+00:00,d4acdd3b9323220f55bd9768e66e3c6938ba67ab64591ae1553ddad8e8df734d,
HKEX:01800,01800,2026-07-13,CASH_DIVIDEND,0.08817,HKD,nan,nan,,YAHOO_CHART_EVENTS,UNOFFICIAL_FREE_VENDOR,2026-07-21T03:21:14.119840+00:00,d4acdd3b9323220f55bd9768e66e3c6938ba67ab64591ae1553ddad8e8df734d,
HKEX:01811,01811,2023-06-06,CASH_DIVIDEND,0.0709,HKD,nan,nan,,YAHOO_CHART_EVENTS,UNOFFICIAL_FREE_VENDOR,2026-07-21T03:21:14.119840+00:00,030bfcca98161ebc11794ce9fae187f6882836fafdec980a977380ad87218ce4,
HKEX:01811,01811,2024-06-05,CASH_DIVIDEND,0.1217,HKD,nan,nan,,YAHOO_CHART_EVENTS,UNOFFICIAL_FREE_VENDOR,2026-07-21T03:21:14.119840+00:00,030bfcca98161ebc11794ce9fae187f6882836fafdec980a977380ad87218ce4,
HKEX:01811,01811,2025-06-03,CASH_DIVIDEND,0.1127,HKD,nan,nan,,YAHOO_CHART_EVENTS,UNOFFICIAL_FREE_VENDOR,2026-07-21T03:21:14.119840+00:00,030bfcca98161ebc11794ce9fae187f6882836fafdec980a977380ad87218ce4,
HKEX:01811,01811,2026-06-03,CASH_DIVIDEND,0.1254,HKD,nan,nan,,YAHOO_CHART_EVENTS,UNOFFICIAL_FREE_VENDOR,2026-07-21T03:21:14.119840+00:00,030bfcca98161ebc11794ce9fae187f6882836fafdec980a977380ad87218ce4,
HKEX:01816,01816,2023-05-30,CASH_DIVIDEND,0.09674,HKD,nan,nan,,YAHOO_CHART_EVENTS,UNOFFICIAL_FREE_VENDOR,2026-07-21T03:21:14.119840+00:00,5faa856451d1951dba8deb60b01e638b98e5d961cb7974abea32107a1788aa1c,
HKEX:01816,01816,2024-06-04,CASH_DIVIDEND,0.10324,HKD,nan,nan,,YAHOO_CHART_EVENTS,UNOFFICIAL_FREE_VENDOR,2026-07-21T03:21:14.119840+00:00,5faa856451d1951dba8deb60b01e638b98e5d961cb7974abea32107a1788aa1c,
HKEX:01816,01816,2025-05-23,CASH_DIVIDEND,0.10322,HKD,nan,nan,,YAHOO_CHART_EVENTS,UNOFFICIAL_FREE_VENDOR,2026-07-21T03:21:14.119840+00:00,5faa856451d1951dba8deb60b01e638b98e5d961cb7974abea32107a1788aa1c,
HKEX:01816,01816,2026-05-22,CASH_DIVIDEND,0.09846,HKD,nan,nan,,YAHOO_CHART_EVENTS,UNOFFICIAL_FREE_VENDOR,2026-07-21T03:21:14.119840+00:00,5faa856451d1951dba8deb60b01e638b98e5d961cb7974abea32107a1788aa1c,
HKEX:01818,01818,2023-06-07,CASH_DIVIDEND,0.0442,HKD,nan,nan,,YAHOO_CHART_EVENTS,UNOFFICIAL_FREE_VENDOR,2026-07-21T03:21:14.119840+00:00,d9f8f40cd53235a0bba4fd13d0e5fdde779fc568c0e024912cc3a345395e125f,
HKEX:01818,01818,2024-06-05,CASH_DIVIDEND,0.044,HKD,nan,nan,,YAHOO_CHART_EVENTS,UNOFFICIAL_FREE_VENDOR,2026-07-21T03:21:14.119840+00:00,d9f8f40cd53235a0bba4fd13d0e5fdde779fc568c0e024912cc3a345395e125f,
HKEX:01818,01818,2025-06-04,CASH_DIVIDEND,0.0545,HKD,nan,nan,,YAHOO_CHART_EVENTS,UNOFFICIAL_FREE_VENDOR,2026-07-21T03:21:14.119840+00:00,d9f8f40cd53235a0bba4fd13d0e5fdde779fc568c0e024912cc3a345395e125f,
HKEX:01818,01818,2026-06-03,CASH_DIVIDEND,0.114769,HKD,nan,nan,,YAHOO_CHART_EVENTS,UNOFFICIAL_FREE_VENDOR,2026-07-21T03:21:14.119840+00:00,d9f8f40cd53235a0bba4fd13d0e5fdde779fc568c0e024912cc3a345395e125f,
HKEX:01833,01833,2024-12-06,CASH_DIVIDEND,9.7,HKD,nan,nan,,YAHOO_CHART_EVENTS,UNOFFICIAL_FREE_VENDOR,2026-07-21T03:21:14.119840+00:00,3d404b5d771f278e3cc68aa9b36d3e125e1bbebe95cce4a36b92e7c6757d39d4,
HKEX:01836,01836,2023-05-17,CASH_DIVIDEND,0.45,HKD,nan,nan,,YAHOO_CHART_EVENTS,UNOFFICIAL_FREE_VENDOR,2026-07-21T03:21:14.119840+00:00,e960b00ccf76fd6e47e98f4c352ef3d12c377edf6ed981b32e774b723f3f386f,
HKEX:01836,01836,2023-09-06,CASH_DIVIDEND,0.42,HKD,nan,nan,,YAHOO_CHART_EVENTS,UNOFFICIAL_FREE_VENDOR,2026-07-21T03:21:14.119840+00:00,e960b00ccf76fd6e47e98f4c352ef3d12c377edf6ed981b32e774b723f3f386f,
HKEX:01836,01836,2024-05-16,CASH_DIVIDEND,0.61,HKD,nan,nan,,YAHOO_CHART_EVENTS,UNOFFICIAL_FREE_VENDOR,2026-07-21T03:21:14.119840+00:00,e960b00ccf76fd6e47e98f4c352ef3d12c377edf6ed981b32e774b723f3f386f,
HKEX:01836,01836,2024-09-04,CASH_DIVIDEND,0.65,HKD,nan,nan,,YAHOO_CHART_EVENTS,UNOFFICIAL_FREE_VENDOR,2026-07-21T03:21:14.119840+00:00,e960b00ccf76fd6e47e98f4c352ef3d12c377edf6ed981b32e774b723f3f386f,
HKEX:01836,01836,2025-05-20,CASH_DIVIDEND,1.06,HKD,nan,nan,,YAHOO_CHART_EVENTS,UNOFFICIAL_FREE_VENDOR,2026-07-21T03:21:14.119840+00:00,e960b00ccf76fd6e47e98f4c352ef3d12c377edf6ed981b32e774b723f3f386f,
HKEX:01836,01836,2025-09-03,CASH_DIVIDEND,0.52,HKD,nan,nan,,YAHOO_CHART_EVENTS,UNOFFICIAL_FREE_VENDOR,2026-07-21T03:21:14.119840+00:00,e960b00ccf76fd6e47e98f4c352ef3d12c377edf6ed981b32e774b723f3f386f,
HKEX:01836,01836,2026-05-19,CASH_DIVIDEND,0.93,HKD,nan,nan,,YAHOO_CHART_EVENTS,UNOFFICIAL_FREE_VENDOR,2026-07-21T03:21:14.119840+00:00,e960b00ccf76fd6e47e98f4c352ef3d12c377edf6ed981b32e774b723f3f386f,
HKEX:01858,01858,2023-06-30,CASH_DIVIDEND,0.34185,HKD,nan,nan,,YAHOO_CHART_EVENTS,UNOFFICIAL_FREE_VENDOR,2026-07-21T03:21:14.119840+00:00,38fce272e9ecf5be83f7273e5df9af7bd38a17cc4c2f4746b8f482d91c37d857,
HKEX:01858,01858,2024-07-02,CASH_DIVIDEND,0.39695,HKD,nan,nan,,YAHOO_CHART_EVENTS,UNOFFICIAL_FREE_VENDOR,2026-07-21T03:21:14.119840+00:00,38fce272e9ecf5be83f7273e5df9af7bd38a17cc4c2f4746b8f482d91c37d857,
HKEX:01858,01858,2024-10-17,CASH_DIVIDEND,0.091475,HKD,nan,nan,,YAHOO_CHART_EVENTS,UNOFFICIAL_FREE_VENDOR,2026-07-21T03:21:14.119840+00:00,38fce272e9ecf5be83f7273e5df9af7bd38a17cc4c2f4746b8f482d91c37d857,
HKEX:01858,01858,2025-06-30,CASH_DIVIDEND,0.05364,HKD,nan,nan,,YAHOO_CHART_EVENTS,UNOFFICIAL_FREE_VENDOR,2026-07-21T03:21:14.119840+00:00,38fce272e9ecf5be83f7273e5df9af7bd38a17cc4c2f4746b8f482d91c37d857,
HKEX:01858,01858,2025-11-24,CASH_DIVIDEND,0.2304,HKD,nan,nan,,YAHOO_CHART_EVENTS,UNOFFICIAL_FREE_VENDOR,2026-07-21T03:21:14.119840+00:00,38fce272e9ecf5be83f7273e5df9af7bd38a17cc4c2f4746b8f482d91c37d857,
HKEX:01858,01858,2026-05-28,CASH_DIVIDEND,0.17177,HKD,nan,nan,,YAHOO_CHART_EVENTS,UNOFFICIAL_FREE_VENDOR,2026-07-21T03:21:14.119840+00:00,38fce272e9ecf5be83f7273e5df9af7bd38a17cc4c2f4746b8f482d91c37d857,
HKEX:01876,01876,2023-05-15,CASH_DIVIDEND,0.2961,HKD,nan,nan,,YAHOO_CHART_EVENTS,UNOFFICIAL_FREE_VENDOR,2026-07-21T03:21:14.119840+00:00,a41460df6223753ef92510ce5e0296643d866651ed2a14e086b243c0b47355d8,
HKEX:01876,01876,2024-05-22,CASH_DIVIDEND,0.4128,HKD,nan,nan,,YAHOO_CHART_EVENTS,UNOFFICIAL_FREE_VENDOR,2026-07-21T03:21:14.119840+00:00,a41460df6223753ef92510ce5e0296643d866651ed2a14e086b243c0b47355d8,
HKEX:01876,01876,2025-05-21,CASH_DIVIDEND,0.4396,HKD,nan,nan,,YAHOO_CHART_EVENTS,UNOFFICIAL_FREE_VENDOR,2026-07-21T03:21:14.119840+00:00,a41460df6223753ef92510ce5e0296643d866651ed2a14e086b243c0b47355d8,
HKEX:01876,01876,2026-05-20,CASH_DIVIDEND,0.4425,HKD,nan,nan,,YAHOO_CHART_EVENTS,UNOFFICIAL_FREE_VENDOR,2026-07-21T03:21:14.119840+00:00,a41460df6223753ef92510ce5e0296643d866651ed2a14e086b243c0b47355d8,
HKEX:01880,01880,2023-07-13,CASH_DIVIDEND,0.870559,HKD,nan,nan,,YAHOO_CHART_EVENTS,UNOFFICIAL_FREE_VENDOR,2026-07-21T03:21:14.119840+00:00,87a97b674a7866016b9a866f6ad1ef806a131b745c2f9d26f6977097e1941a58,
HKEX:01880,01880,2024-06-05,CASH_DIVIDEND,1.81194,HKD,nan,nan,,YAHOO_CHART_EVENTS,UNOFFICIAL_FREE_VENDOR,2026-07-21T03:21:14.119840+00:00,87a97b674a7866016b9a866f6ad1ef806a131b745c2f9d26f6977097e1941a58,
HKEX:01880,01880,2025-06-12,CASH_DIVIDEND,1.1432,HKD,nan,nan,,YAHOO_CHART_EVENTS,UNOFFICIAL_FREE_VENDOR,2026-07-21T03:21:14.119840+00:00,87a97b674a7866016b9a866f6ad1ef806a131b745c2f9d26f6977097e1941a58,
HKEX:01880,01880,2025-12-08,CASH_DIVIDEND,0.2745,HKD,nan,nan,,YAHOO_CHART_EVENTS,UNOFFICIAL_FREE_VENDOR,2026-07-21T03:21:14.119840+00:00,87a97b674a7866016b9a866f6ad1ef806a131b745c2f9d26f6977097e1941a58,
HKEX:01880,01880,2026-07-06,CASH_DIVIDEND,0.517435,HKD,nan,nan,,YAHOO_CHART_EVENTS,UNOFFICIAL_FREE_VENDOR,2026-07-21T03:21:14.119840+00:00,87a97b674a7866016b9a866f6ad1ef806a131b745c2f9d26f6977097e1941a58,
HKEX:01882,01882,2023-03-31,CASH_DIVIDEND,0.55,HKD,nan,nan,,YAHOO_CHART_EVENTS,UNOFFICIAL_FREE_VENDOR,2026-07-21T03:21:14.119840+00:00,c0eb8472e9ea0d043e67c2651c50a8a0c7d847a8838797fefcc7fba05055ffb0,
HKEX:01882,01882,2024-04-02,CASH_DIVIDEND,0.66,HKD,nan,nan,,YAHOO_CHART_EVENTS,UNOFFICIAL_FREE_VENDOR,2026-07-21T03:21:14.119840+00:00,c0eb8472e9ea0d043e67c2651c50a8a0c7d847a8838797fefcc7fba05055ffb0,
HKEX:01882,01882,2025-03-28,CASH_DIVIDEND,0.73,HKD,nan,nan,,YAHOO_CHART_EVENTS,UNOFFICIAL_FREE_VENDOR,2026-07-21T03:21:14.119840+00:00,c0eb8472e9ea0d043e67c2651c50a8a0c7d847a8838797fefcc7fba05055ffb0,
HKEX:01882,01882,2026-03-27,CASH_DIVIDEND,0.8,HKD,nan,nan,,YAHOO_CHART_EVENTS,UNOFFICIAL_FREE_VENDOR,2026-07-21T03:21:14.119840+00:00,c0eb8472e9ea0d043e67c2651c50a8a0c7d847a8838797fefcc7fba05055ffb0,
HKEX:01883,01883,2023-05-29,CASH_DIVIDEND,0.185,HKD,nan,nan,,YAHOO_CHART_EVENTS,UNOFFICIAL_FREE_VENDOR,2026-07-21T03:21:14.119840+00:00,b6f17bcab1b320bdf04b574a9f611ff269ba690d44c8e263b440bec271a6ecc7,
HKEX:01883,01883,2023-09-11,CASH_DIVIDEND,0.06,HKD,nan,nan,,YAHOO_CHART_EVENTS,UNOFFICIAL_FREE_VENDOR,2026-07-21T03:21:14.119840+00:00,b6f17bcab1b320bdf04b574a9f611ff269ba690d44c8e263b440bec271a6ecc7,
HKEX:01883,01883,2024-05-23,CASH_DIVIDEND,0.193,HKD,nan,nan,,YAHOO_CHART_EVENTS,UNOFFICIAL_FREE_VENDOR,2026-07-21T03:21:14.119840+00:00,b6f17bcab1b320bdf04b574a9f611ff269ba690d44c8e263b440bec271a6ecc7,
HKEX:01883,01883,2024-09-09,CASH_DIVIDEND,0.06,HKD,nan,nan,,YAHOO_CHART_EVENTS,UNOFFICIAL_FREE_VENDOR,2026-07-21T03:21:14.119840+00:00,b6f17bcab1b320bdf04b574a9f611ff269ba690d44c8e263b440bec271a6ecc7,
HKEX:01883,01883,2025-05-26,CASH_DIVIDEND,0.128,HKD,nan,nan,,YAHOO_CHART_EVENTS,UNOFFICIAL_FREE_VENDOR,2026-07-21T03:21:14.119840+00:00,b6f17bcab1b320bdf04b574a9f611ff269ba690d44c8e263b440bec271a6ecc7,
HKEX:01883,01883,2025-09-05,CASH_DIVIDEND,0.06,HKD,nan,nan,,YAHOO_CHART_EVENTS,UNOFFICIAL_FREE_VENDOR,2026-07-21T03:21:14.119840+00:00,b6f17bcab1b320bdf04b574a9f611ff269ba690d44c8e263b440bec271a6ecc7,
HKEX:01883,01883,2026-05-26,CASH_DIVIDEND,0.13,HKD,nan,nan,,YAHOO_CHART_EVENTS,UNOFFICIAL_FREE_VENDOR,2026-07-21T03:21:14.119840+00:00,b6f17bcab1b320bdf04b574a9f611ff269ba690d44c8e263b440bec271a6ecc7,
HKEX:01888,01888,2023-06-14,CASH_DIVIDEND,0.2,HKD,nan,nan,,YAHOO_CHART_EVENTS,UNOFFICIAL_FREE_VENDOR,2026-07-21T03:21:14.119840+00:00,2fd2ef05176647a9b1296980ba2f64fed1b8992d84991e1d5dabbfd9640cbe79,
HKEX:01888,01888,2023-12-12,CASH_DIVIDEND,0.06,HKD,nan,nan,,YAHOO_CHART_EVENTS,UNOFFICIAL_FREE_VENDOR,2026-07-21T03:21:14.119840+00:00,2fd2ef05176647a9b1296980ba2f64fed1b8992d84991e1d5dabbfd9640cbe79,
HKEX:01888,01888,2024-06-12,CASH_DIVIDEND,0.1,HKD,nan,nan,,YAHOO_CHART_EVENTS,UNOFFICIAL_FREE_VENDOR,2026-07-21T03:21:14.119840+00:00,2fd2ef05176647a9b1296980ba2f64fed1b8992d84991e1d5dabbfd9640cbe79,
HKEX:01888,01888,2024-12-13,CASH_DIVIDEND,0.12,HKD,nan,nan,,YAHOO_CHART_EVENTS,UNOFFICIAL_FREE_VENDOR,2026-07-21T03:21:14.119840+00:00,2fd2ef05176647a9b1296980ba2f64fed1b8992d84991e1d5dabbfd9640cbe79,
HKEX:01888,01888,2025-06-11,CASH_DIVIDEND,0.5,HKD,nan,nan,,YAHOO_CHART_EVENTS,UNOFFICIAL_FREE_VENDOR,2026-07-21T03:21:14.119840+00:00,2fd2ef05176647a9b1296980ba2f64fed1b8992d84991e1d5dabbfd9640cbe79,
HKEX:01888,01888,2025-12-12,CASH_DIVIDEND,0.15,HKD,nan,nan,,YAHOO_CHART_EVENTS,UNOFFICIAL_FREE_VENDOR,2026-07-21T03:21:14.119840+00:00,2fd2ef05176647a9b1296980ba2f64fed1b8992d84991e1d5dabbfd9640cbe79,
HKEX:01888,01888,2026-06-11,CASH_DIVIDEND,0.53,HKD,nan,nan,,YAHOO_CHART_EVENTS,UNOFFICIAL_FREE_VENDOR,2026-07-21T03:21:14.119840+00:00,2fd2ef05176647a9b1296980ba2f64fed1b8992d84991e1d5dabbfd9640cbe79,
HKEX:01896,01896,2025-06-27,CASH_DIVIDEND,0.32,HKD,nan,nan,,YAHOO_CHART_EVENTS,UNOFFICIAL_FREE_VENDOR,2026-07-21T03:21:14.119840+00:00,84067c65f43212cbfa515aef893cba223adc8bd94f8010b584d5cc4ed94bd7ae,
HKEX:01896,01896,2026-06-25,CASH_DIVIDEND,0.22,HKD,nan,nan,,YAHOO_CHART_EVENTS,UNOFFICIAL_FREE_VENDOR,2026-07-21T03:21:14.119840+00:00,84067c65f43212cbfa515aef893cba223adc8bd94f8010b584d5cc4ed94bd7ae,
HKEX:01898,01898,2023-06-16,CASH_DIVIDEND,0.45486,HKD,nan,nan,,YAHOO_CHART_EVENTS,UNOFFICIAL_FREE_VENDOR,2026-07-21T03:21:14.119840+00:00,063a51af740655d303c5f3d2248e58918ebca616275687afbf1f65b9ff6ba044,
HKEX:01898,01898,2024-07-04,CASH_DIVIDEND,0.60827,HKD,nan,nan,,YAHOO_CHART_EVENTS,UNOFFICIAL_FREE_VENDOR,2026-07-21T03:21:14.119840+00:00,063a51af740655d303c5f3d2248e58918ebca616275687afbf1f65b9ff6ba044,
HKEX:01898,01898,2024-09-09,CASH_DIVIDEND,0.24135,HKD,nan,nan,,YAHOO_CHART_EVENTS,UNOFFICIAL_FREE_VENDOR,2026-07-21T03:21:14.119840+00:00,063a51af740655d303c5f3d2248e58918ebca616275687afbf1f65b9ff6ba044,
HKEX:01898,01898,2025-07-03,CASH_DIVIDEND,0.282573,HKD,nan,nan,,YAHOO_CHART_EVENTS,UNOFFICIAL_FREE_VENDOR,2026-07-21T03:21:14.119840+00:00,063a51af740655d303c5f3d2248e58918ebca616275687afbf1f65b9ff6ba044,
HKEX:01898,01898,2025-09-05,CASH_DIVIDEND,0.18197,HKD,nan,nan,,YAHOO_CHART_EVENTS,UNOFFICIAL_FREE_VENDOR,2026-07-21T03:21:14.119840+00:00,063a51af740655d303c5f3d2248e58918ebca616275687afbf1f65b9ff6ba044,
HKEX:01898,01898,2026-07-02,CASH_DIVIDEND,0.24952,HKD,nan,nan,,YAHOO_CHART_EVENTS,UNOFFICIAL_FREE_VENDOR,2026-07-21T03:21:14.119840+00:00,063a51af740655d303c5f3d2248e58918ebca616275687afbf1f65b9ff6ba044,
HKEX:01907,01907,2023-06-12,CASH_DIVIDEND,0.01,HKD,nan,nan,,YAHOO_CHART_EVENTS,UNOFFICIAL_FREE_VENDOR,2026-07-21T03:21:14.119840+00:00,763bed2181cff4a8880c26158f549fe2547e3969e2a3df3162c7a730357cf604,
HKEX:01907,01907,2023-09-11,CASH_DIVIDEND,0.0535,HKD,nan,nan,,YAHOO_CHART_EVENTS,UNOFFICIAL_FREE_VENDOR,2026-07-21T03:21:14.119840+00:00,763bed2181cff4a8880c26158f549fe2547e3969e2a3df3162c7a730357cf604,
HKEX:01907,01907,2024-06-07,CASH_DIVIDEND,0.0132,HKD,nan,nan,,YAHOO_CHART_EVENTS,UNOFFICIAL_FREE_VENDOR,2026-07-21T03:21:14.119840+00:00,763bed2181cff4a8880c26158f549fe2547e3969e2a3df3162c7a730357cf604,
HKEX:01907,01907,2024-09-09,CASH_DIVIDEND,0.0085,HKD,nan,nan,,YAHOO_CHART_EVENTS,UNOFFICIAL_FREE_VENDOR,2026-07-21T03:21:14.119840+00:00,763bed2181cff4a8880c26158f549fe2547e3969e2a3df3162c7a730357cf604,
HKEX:01907,01907,2025-06-09,CASH_DIVIDEND,0.024,HKD,nan,nan,,YAHOO_CHART_EVENTS,UNOFFICIAL_FREE_VENDOR,2026-07-21T03:21:14.119840+00:00,763bed2181cff4a8880c26158f549fe2547e3969e2a3df3162c7a730357cf604,
HKEX:01907,01907,2025-09-12,CASH_DIVIDEND,0.0022,HKD,nan,nan,,YAHOO_CHART_EVENTS,UNOFFICIAL_FREE_VENDOR,2026-07-21T03:21:14.119840+00:00,763bed2181cff4a8880c26158f549fe2547e3969e2a3df3162c7a730357cf604,
HKEX:01907,01907,2026-06-08,CASH_DIVIDEND,0.0022,HKD,nan,nan,,YAHOO_CHART_EVENTS,UNOFFICIAL_FREE_VENDOR,2026-07-21T03:21:14.119840+00:00,763bed2181cff4a8880c26158f549fe2547e3969e2a3df3162c7a730357cf604,
HKEX:01908,01908,2023-06-01,CASH_DIVIDEND,1.3,HKD,nan,nan,,YAHOO_CHART_EVENTS,UNOFFICIAL_FREE_VENDOR,2026-07-21T03:21:14.119840+00:00,bbe35aac1ea9d7ade0dedce680096522df9b4feb3285cacd9580e85d6f856dcb,
HKEX:01908,01908,2024-05-28,CASH_DIVIDEND,1.3,HKD,nan,nan,,YAHOO_CHART_EVENTS,UNOFFICIAL_FREE_VENDOR,2026-07-21T03:21:14.119840+00:00,bbe35aac1ea9d7ade0dedce680096522df9b4feb3285cacd9580e85d6f856dcb,
HKEX:01908,01908,2025-05-27,CASH_DIVIDEND,1.2,HKD,nan,nan,,YAHOO_CHART_EVENTS,UNOFFICIAL_FREE_VENDOR,2026-07-21T03:21:14.119840+00:00,bbe35aac1ea9d7ade0dedce680096522df9b4feb3285cacd9580e85d6f856dcb,
HKEX:01908,01908,2026-05-29,CASH_DIVIDEND,0.9,HKD,nan,nan,,YAHOO_CHART_EVENTS,UNOFFICIAL_FREE_VENDOR,2026-07-21T03:21:14.119840+00:00,bbe35aac1ea9d7ade0dedce680096522df9b4feb3285cacd9580e85d6f856dcb,
HKEX:01910,01910,2024-06-11,CASH_DIVIDEND,0.7982,HKD,nan,nan,,YAHOO_CHART_EVENTS,UNOFFICIAL_FREE_VENDOR,2026-07-21T03:21:14.119840+00:00,56889a8300255634e6112fca200eaaf9ea48d3dc4d3032a5ae55ab504881fd0d,
HKEX:01910,01910,2025-06-05,CASH_DIVIDEND,0.8476,HKD,nan,nan,,YAHOO_CHART_EVENTS,UNOFFICIAL_FREE_VENDOR,2026-07-21T03:21:14.119840+00:00,56889a8300255634e6112fca200eaaf9ea48d3dc4d3032a5ae55ab504881fd0d,
HKEX:01910,01910,2026-06-15,CASH_DIVIDEND,0.8012,HKD,nan,nan,,YAHOO_CHART_EVENTS,UNOFFICIAL_FREE_VENDOR,2026-07-21T03:21:14.119840+00:00,56889a8300255634e6112fca200eaaf9ea48d3dc4d3032a5ae55ab504881fd0d,
HKEX:01919,01919,2023-05-30,CASH_DIVIDEND,1.54807,HKD,nan,nan,,YAHOO_CHART_EVENTS,UNOFFICIAL_FREE_VENDOR,2026-07-21T03:21:14.119840+00:00,1cf152f0181ad164ee675ef48670ee186aad0fd0e26d4f92061eba67d301d460,
HKEX:01919,01919,2023-11-20,CASH_DIVIDEND,0.55498,HKD,nan,nan,,YAHOO_CHART_EVENTS,UNOFFICIAL_FREE_VENDOR,2026-07-21T03:21:14.119840+00:00,1cf152f0181ad164ee675ef48670ee186aad0fd0e26d4f92061eba67d301d460,
HKEX:01919,01919,2024-05-31,CASH_DIVIDEND,0.252593,HKD,nan,nan,,YAHOO_CHART_EVENTS,UNOFFICIAL_FREE_VENDOR,2026-07-21T03:21:14.119840+00:00,1cf152f0181ad164ee675ef48670ee186aad0fd0e26d4f92061eba67d301d460,
HKEX:01919,01919,2024-10-08,CASH_DIVIDEND,0.569128,HKD,nan,nan,,YAHOO_CHART_EVENTS,UNOFFICIAL_FREE_VENDOR,2026-07-21T03:21:14.119840+00:00,1cf152f0181ad164ee675ef48670ee186aad0fd0e26d4f92061eba67d301d460,
HKEX:01919,01919,2025-05-30,CASH_DIVIDEND,1.121958,HKD,nan,nan,,YAHOO_CHART_EVENTS,UNOFFICIAL_FREE_VENDOR,2026-07-21T03:21:14.119840+00:00,1cf152f0181ad164ee675ef48670ee186aad0fd0e26d4f92061eba67d301d460,
HKEX:01919,01919,2025-09-23,CASH_DIVIDEND,0.613944,HKD,nan,nan,,YAHOO_CHART_EVENTS,UNOFFICIAL_FREE_VENDOR,2026-07-21T03:21:14.119840+00:00,1cf152f0181ad164ee675ef48670ee186aad0fd0e26d4f92061eba67d301d460,
HKEX:01919,01919,2026-05-28,CASH_DIVIDEND,0.50414,HKD,nan,nan,,YAHOO_CHART_EVENTS,UNOFFICIAL_FREE_VENDOR,2026-07-21T03:21:14.119840+00:00,1cf152f0181ad164ee675ef48670ee186aad0fd0e26d4f92061eba67d301d460,
HKEX:01921,01921,2023-05-25,CASH_DIVIDEND,0.04,HKD,nan,nan,,YAHOO_CHART_EVENTS,UNOFFICIAL_FREE_VENDOR,2026-07-21T03:21:14.119840+00:00,8116632d7d095fd2f08f1bfb144e29f235229082b2445d13ea861255cc7b06db,
HKEX:01921,01921,2024-05-24,CASH_DIVIDEND,0.04,HKD,nan,nan,,YAHOO_CHART_EVENTS,UNOFFICIAL_FREE_VENDOR,2026-07-21T03:21:14.119840+00:00,8116632d7d095fd2f08f1bfb144e29f235229082b2445d13ea861255cc7b06db,
HKEX:01928,01928,2025-05-28,CASH_DIVIDEND,0.25,HKD,nan,nan,,YAHOO_CHART_EVENTS,UNOFFICIAL_FREE_VENDOR,2026-07-21T03:21:14.119840+00:00,eed4e4a07c461625359e38ca3cbe15efff3d3d5c92e44bd40edc7b285fc88b62,
HKEX:01928,01928,2025-08-28,CASH_DIVIDEND,0.25,HKD,nan,nan,,YAHOO_CHART_EVENTS,UNOFFICIAL_FREE_VENDOR,2026-07-21T03:21:14.119840+00:00,eed4e4a07c461625359e38ca3cbe15efff3d3d5c92e44bd40edc7b285fc88b62,
HKEX:01928,01928,2026-05-20,CASH_DIVIDEND,0.5,HKD,nan,nan,,YAHOO_CHART_EVENTS,UNOFFICIAL_FREE_VENDOR,2026-07-21T03:21:14.119840+00:00,eed4e4a07c461625359e38ca3cbe15efff3d3d5c92e44bd40edc7b285fc88b62,
HKEX:01929,01929,2023-07-12,CASH_DIVIDEND,1.0,HKD,nan,nan,,YAHOO_CHART_EVENTS,UNOFFICIAL_FREE_VENDOR,2026-07-21T03:21:14.119840+00:00,1ecd316120b9124399fe6c2f98e1c68519bd66489204795d8dd681198f0f7b11,
HKEX:01929,01929,2023-12-08,CASH_DIVIDEND,0.25,HKD,nan,nan,,YAHOO_CHART_EVENTS,UNOFFICIAL_FREE_VENDOR,2026-07-21T03:21:14.119840+00:00,1ecd316120b9124399fe6c2f98e1c68519bd66489204795d8dd681198f0f7b11,
HKEX:01929,01929,2024-07-31,CASH_DIVIDEND,0.3,HKD,nan,nan,,YAHOO_CHART_EVENTS,UNOFFICIAL_FREE_VENDOR,2026-07-21T03:21:14.119840+00:00,1ecd316120b9124399fe6c2f98e1c68519bd66489204795d8dd681198f0f7b11,
HKEX:01929,01929,2024-12-10,CASH_DIVIDEND,0.2,HKD,nan,nan,,YAHOO_CHART_EVENTS,UNOFFICIAL_FREE_VENDOR,2026-07-21T03:21:14.119840+00:00,1ecd316120b9124399fe6c2f98e1c68519bd66489204795d8dd681198f0f7b11,
HKEX:01929,01929,2025-08-05,CASH_DIVIDEND,0.32,HKD,nan,nan,,YAHOO_CHART_EVENTS,UNOFFICIAL_FREE_VENDOR,2026-07-21T03:21:14.119840+00:00,1ecd316120b9124399fe6c2f98e1c68519bd66489204795d8dd681198f0f7b11,
HKEX:01929,01929,2025-12-15,CASH_DIVIDEND,0.22,HKD,nan,nan,,YAHOO_CHART_EVENTS,UNOFFICIAL_FREE_VENDOR,2026-07-21T03:21:14.119840+00:00,1ecd316120b9124399fe6c2f98e1c68519bd66489204795d8dd681198f0f7b11,
HKEX:01951,01951,2024-06-27,CASH_DIVIDEND,0.0595,HKD,nan,nan,,YAHOO_CHART_EVENTS,UNOFFICIAL_FREE_VENDOR,2026-07-21T03:21:14.119840+00:00,92220db9182ec592a862dcb1c43ce2c29853e910c0bcc24e75e6f6d0f4a872fa,
HKEX:01951,01951,2026-06-29,CASH_DIVIDEND,0.0418,HKD,nan,nan,,YAHOO_CHART_EVENTS,UNOFFICIAL_FREE_VENDOR,2026-07-21T03:21:14.119840+00:00,92220db9182ec592a862dcb1c43ce2c29853e910c0bcc24e75e6f6d0f4a872fa,
HKEX:01963,01963,2023-06-26,CASH_DIVIDEND,0.43229,HKD,nan,nan,,YAHOO_CHART_EVENTS,UNOFFICIAL_FREE_VENDOR,2026-07-21T03:21:14.119840+00:00,26d3dafa18596a505c785863c1bf3710b55a76af348654e89314fd3f129a1711,
HKEX:01963,01963,2024-06-25,CASH_DIVIDEND,0.447614,HKD,nan,nan,,YAHOO_CHART_EVENTS,UNOFFICIAL_FREE_VENDOR,2026-07-21T03:21:14.119840+00:00,26d3dafa18596a505c785863c1bf3710b55a76af348654e89314fd3f129a1711,
HKEX:01963,01963,2024-12-27,CASH_DIVIDEND,0.179454,HKD,nan,nan,,YAHOO_CHART_EVENTS,UNOFFICIAL_FREE_VENDOR,2026-07-21T03:21:14.119840+00:00,26d3dafa18596a505c785863c1bf3710b55a76af348654e89314fd3f129a1711,
HKEX:01963,01963,2025-04-24,CASH_DIVIDEND,0.266991,HKD,nan,nan,,YAHOO_CHART_EVENTS,UNOFFICIAL_FREE_VENDOR,2026-07-21T03:21:14.119840+00:00,26d3dafa18596a505c785863c1bf3710b55a76af348654e89314fd3f129a1711,
HKEX:01963,01963,2025-12-02,CASH_DIVIDEND,0.185075,HKD,nan,nan,,YAHOO_CHART_EVENTS,UNOFFICIAL_FREE_VENDOR,2026-07-21T03:21:14.119840+00:00,26d3dafa18596a505c785863c1bf3710b55a76af348654e89314fd3f129a1711,
HKEX:01963,01963,2026-07-08,CASH_DIVIDEND,0.321668,HKD,nan,nan,,YAHOO_CHART_EVENTS,UNOFFICIAL_FREE_VENDOR,2026-07-21T03:21:14.119840+00:00,26d3dafa18596a505c785863c1bf3710b55a76af348654e89314fd3f129a1711,
HKEX:01972,01972,2023-04-03,CASH_DIVIDEND,0.68,HKD,nan,nan,,YAHOO_CHART_EVENTS,UNOFFICIAL_FREE_VENDOR,2026-07-21T03:21:14.119840+00:00,e1dedb43d867250622dcf256d809ff210c9671342a24afd84fb21b2219a381d5,
HKEX:01972,01972,2023-09-06,CASH_DIVIDEND,0.33,HKD,nan,nan,,YAHOO_CHART_EVENTS,UNOFFICIAL_FREE_VENDOR,2026-07-21T03:21:14.119840+00:00,e1dedb43d867250622dcf256d809ff210c9671342a24afd84fb21b2219a381d5,
HKEX:01972,01972,2024-04-02,CASH_DIVIDEND,0.72,HKD,nan,nan,,YAHOO_CHART_EVENTS,UNOFFICIAL_FREE_VENDOR,2026-07-21T03:21:14.119840+00:00,e1dedb43d867250622dcf256d809ff210c9671342a24afd84fb21b2219a381d5,
HKEX:01972,01972,2024-09-04,CASH_DIVIDEND,0.34,HKD,nan,nan,,YAHOO_CHART_EVENTS,UNOFFICIAL_FREE_VENDOR,2026-07-21T03:21:14.119840+00:00,e1dedb43d867250622dcf256d809ff210c9671342a24afd84fb21b2219a381d5,
HKEX:01972,01972,2025-04-01,CASH_DIVIDEND,0.76,HKD,nan,nan,,YAHOO_CHART_EVENTS,UNOFFICIAL_FREE_VENDOR,2026-07-21T03:21:14.119840+00:00,e1dedb43d867250622dcf256d809ff210c9671342a24afd84fb21b2219a381d5,
HKEX:01972,01972,2025-09-03,CASH_DIVIDEND,0.35,HKD,nan,nan,,YAHOO_CHART_EVENTS,UNOFFICIAL_FREE_VENDOR,2026-07-21T03:21:14.119840+00:00,e1dedb43d867250622dcf256d809ff210c9671342a24afd84fb21b2219a381d5,
HKEX:01972,01972,2026-03-31,CASH_DIVIDEND,0.8,HKD,nan,nan,,YAHOO_CHART_EVENTS,UNOFFICIAL_FREE_VENDOR,2026-07-21T03:21:14.119840+00:00,e1dedb43d867250622dcf256d809ff210c9671342a24afd84fb21b2219a381d5,
HKEX:01988,01988,2023-06-13,CASH_DIVIDEND,0.235779,HKD,nan,nan,,YAHOO_CHART_EVENTS,UNOFFICIAL_FREE_VENDOR,2026-07-21T03:21:14.119840+00:00,ef6c305fc4152e0718b3962dfc648077d74676a28c4b68fb10ab094fd920c876,
HKEX:01988,01988,2024-06-28,CASH_DIVIDEND,0.236751,HKD,nan,nan,,YAHOO_CHART_EVENTS,UNOFFICIAL_FREE_VENDOR,2026-07-21T03:21:14.119840+00:00,ef6c305fc4152e0718b3962dfc648077d74676a28c4b68fb10ab094fd920c876,
HKEX:01988,01988,2024-10-29,CASH_DIVIDEND,0.142083,HKD,nan,nan,,YAHOO_CHART_EVENTS,UNOFFICIAL_FREE_VENDOR,2026-07-21T03:21:14.119840+00:00,ef6c305fc4152e0718b3962dfc648077d74676a28c4b68fb10ab094fd920c876,
HKEX:01988,01988,2025-06-30,CASH_DIVIDEND,0.067942,HKD,nan,nan,,YAHOO_CHART_EVENTS,UNOFFICIAL_FREE_VENDOR,2026-07-21T03:21:14.119840+00:00,ef6c305fc4152e0718b3962dfc648077d74676a28c4b68fb10ab094fd920c876,
HKEX:01988,01988,2025-09-11,CASH_DIVIDEND,0.149193,HKD,nan,nan,,YAHOO_CHART_EVENTS,UNOFFICIAL_FREE_VENDOR,2026-07-21T03:21:14.119840+00:00,ef6c305fc4152e0718b3962dfc648077d74676a28c4b68fb10ab094fd920c876,
HKEX:01988,01988,2026-06-22,CASH_DIVIDEND,0.060958,HKD,nan,nan,,YAHOO_CHART_EVENTS,UNOFFICIAL_FREE_VENDOR,2026-07-21T03:21:14.119840+00:00,ef6c305fc4152e0718b3962dfc648077d74676a28c4b68fb10ab094fd920c876,
HKEX:01989,01989,2026-06-25,CASH_DIVIDEND,0.742668,HKD,nan,nan,,YAHOO_CHART_EVENTS,UNOFFICIAL_FREE_VENDOR,2026-07-21T03:21:14.119840+00:00,7c26ed5debace7f5181008e4c29b65d943caa0c009811bf42057460b3c6c03a8,
HKEX:01997,01997,2023-04-04,CASH_DIVIDEND,0.61,HKD,nan,nan,,YAHOO_CHART_EVENTS,UNOFFICIAL_FREE_VENDOR,2026-07-21T03:21:14.119840+00:00,87c504c0cb96668321d501ba0758ed13040f9f744dbd37f04bcb6f8257cfa30d,
HKEX:01997,01997,2023-08-25,CASH_DIVIDEND,0.67,HKD,nan,nan,,YAHOO_CHART_EVENTS,UNOFFICIAL_FREE_VENDOR,2026-07-21T03:21:14.119840+00:00,87c504c0cb96668321d501ba0758ed13040f9f744dbd37f04bcb6f8257cfa30d,
HKEX:01997,01997,2024-04-05,CASH_DIVIDEND,0.61,HKD,nan,nan,,YAHOO_CHART_EVENTS,UNOFFICIAL_FREE_VENDOR,2026-07-21T03:21:14.119840+00:00,87c504c0cb96668321d501ba0758ed13040f9f744dbd37f04bcb6f8257cfa30d,
HKEX:01997,01997,2024-08-23,CASH_DIVIDEND,0.64,HKD,nan,nan,,YAHOO_CHART_EVENTS,UNOFFICIAL_FREE_VENDOR,2026-07-21T03:21:14.119840+00:00,87c504c0cb96668321d501ba0758ed13040f9f744dbd37f04bcb6f8257cfa30d,
HKEX:01997,01997,2025-04-03,CASH_DIVIDEND,0.6,HKD,nan,nan,,YAHOO_CHART_EVENTS,UNOFFICIAL_FREE_VENDOR,2026-07-21T03:21:14.119840+00:00,87c504c0cb96668321d501ba0758ed13040f9f744dbd37f04bcb6f8257cfa30d,
HKEX:01997,01997,2025-08-26,CASH_DIVIDEND,0.66,HKD,nan,nan,,YAHOO_CHART_EVENTS,UNOFFICIAL_FREE_VENDOR,2026-07-21T03:21:14.119840+00:00,87c504c0cb96668321d501ba0758ed13040f9f744dbd37f04bcb6f8257cfa30d,
HKEX:01997,01997,2026-04-02,CASH_DIVIDEND,0.66,HKD,nan,nan,,YAHOO_CHART_EVENTS,UNOFFICIAL_FREE_VENDOR,2026-07-21T03:21:14.119840+00:00,87c504c0cb96668321d501ba0758ed13040f9f744dbd37f04bcb6f8257cfa30d,
HKEX:01999,01999,2023-07-04,CASH_DIVIDEND,0.1,HKD,nan,nan,,YAHOO_CHART_EVENTS,UNOFFICIAL_FREE_VENDOR,2026-07-21T03:21:14.119840+00:00,cd3329bf58614e09535fe2a74c46af50a5c1a230d6e444020ecd7744b6b6e677,
HKEX:01999,01999,2023-11-28,CASH_DIVIDEND,0.15,HKD,nan,nan,,YAHOO_CHART_EVENTS,UNOFFICIAL_FREE_VENDOR,2026-07-21T03:21:14.119840+00:00,cd3329bf58614e09535fe2a74c46af50a5c1a230d6e444020ecd7744b6b6e677,
HKEX:01999,01999,2024-07-04,CASH_DIVIDEND,0.15,HKD,nan,nan,,YAHOO_CHART_EVENTS,UNOFFICIAL_FREE_VENDOR,2026-07-21T03:21:14.119840+00:00,cd3329bf58614e09535fe2a74c46af50a5c1a230d6e444020ecd7744b6b6e677,
HKEX:01999,01999,2024-12-10,CASH_DIVIDEND,0.15,HKD,nan,nan,,YAHOO_CHART_EVENTS,UNOFFICIAL_FREE_VENDOR,2026-07-21T03:21:14.119840+00:00,cd3329bf58614e09535fe2a74c46af50a5c1a230d6e444020ecd7744b6b6e677,
HKEX:01999,01999,2025-07-04,CASH_DIVIDEND,0.12,HKD,nan,nan,,YAHOO_CHART_EVENTS,UNOFFICIAL_FREE_VENDOR,2026-07-21T03:21:14.119840+00:00,cd3329bf58614e09535fe2a74c46af50a5c1a230d6e444020ecd7744b6b6e677,
HKEX:01999,01999,2025-12-01,CASH_DIVIDEND,0.15,HKD,nan,nan,,YAHOO_CHART_EVENTS,UNOFFICIAL_FREE_VENDOR,2026-07-21T03:21:14.119840+00:00,cd3329bf58614e09535fe2a74c46af50a5c1a230d6e444020ecd7744b6b6e677,
HKEX:01999,01999,2026-07-07,CASH_DIVIDEND,0.09,HKD,nan,nan,,YAHOO_CHART_EVENTS,UNOFFICIAL_FREE_VENDOR,2026-07-21T03:21:14.119840+00:00,cd3329bf58614e09535fe2a74c46af50a5c1a230d6e444020ecd7744b6b6e677,
HKEX:02005,02005,2023-05-23,CASH_DIVIDEND,0.08,HKD,nan,nan,,YAHOO_CHART_EVENTS,UNOFFICIAL_FREE_VENDOR,2026-07-21T03:21:14.119840+00:00,6ff4304ea91d387aab3642ab812d7c5dc248e6d0bb28c42b284a32525a80a7c6,
HKEX:02005,02005,2023-09-14,CASH_DIVIDEND,0.07,HKD,nan,nan,,YAHOO_CHART_EVENTS,UNOFFICIAL_FREE_VENDOR,2026-07-21T03:21:14.119840+00:00,6ff4304ea91d387aab3642ab812d7c5dc248e6d0bb28c42b284a32525a80a7c6,
HKEX:02005,02005,2024-05-21,CASH_DIVIDEND,0.1,HKD,nan,nan,,YAHOO_CHART_EVENTS,UNOFFICIAL_FREE_VENDOR,2026-07-21T03:21:14.119840+00:00,6ff4304ea91d387aab3642ab812d7c5dc248e6d0bb28c42b284a32525a80a7c6,
HKEX:02005,02005,2024-09-12,CASH_DIVIDEND,0.08,HKD,nan,nan,,YAHOO_CHART_EVENTS,UNOFFICIAL_FREE_VENDOR,2026-07-21T03:21:14.119840+00:00,6ff4304ea91d387aab3642ab812d7c5dc248e6d0bb28c42b284a32525a80a7c6,
HKEX:02005,02005,2025-05-20,CASH_DIVIDEND,0.095,HKD,nan,nan,,YAHOO_CHART_EVENTS,UNOFFICIAL_FREE_VENDOR,2026-07-21T03:21:14.119840+00:00,6ff4304ea91d387aab3642ab812d7c5dc248e6d0bb28c42b284a32525a80a7c6,
HKEX:02005,02005,2025-09-11,CASH_DIVIDEND,0.05,HKD,nan,nan,,YAHOO_CHART_EVENTS,UNOFFICIAL_FREE_VENDOR,2026-07-21T03:21:14.119840+00:00,6ff4304ea91d387aab3642ab812d7c5dc248e6d0bb28c42b284a32525a80a7c6,
HKEX:02005,02005,2026-05-20,CASH_DIVIDEND,0.03,HKD,nan,nan,,YAHOO_CHART_EVENTS,UNOFFICIAL_FREE_VENDOR,2026-07-21T03:21:14.119840+00:00,6ff4304ea91d387aab3642ab812d7c5dc248e6d0bb28c42b284a32525a80a7c6,
HKEX:02009,02009,2023-05-18,CASH_DIVIDEND,0.076,HKD,nan,nan,,YAHOO_CHART_EVENTS,UNOFFICIAL_FREE_VENDOR,2026-07-21T03:21:14.119840+00:00,b7b4d1624e820afcd3e4bb2478ed00c3274134f046a8ae3ded7bd16e1cec2adf,
HKEX:02009,02009,2024-06-13,CASH_DIVIDEND,0.0275,HKD,nan,nan,,YAHOO_CHART_EVENTS,UNOFFICIAL_FREE_VENDOR,2026-07-21T03:21:14.119840+00:00,b7b4d1624e820afcd3e4bb2478ed00c3274134f046a8ae3ded7bd16e1cec2adf,
HKEX:02009,02009,2025-05-29,CASH_DIVIDEND,0.0544,HKD,nan,nan,,YAHOO_CHART_EVENTS,UNOFFICIAL_FREE_VENDOR,2026-07-21T03:21:14.119840+00:00,b7b4d1624e820afcd3e4bb2478ed00c3274134f046a8ae3ded7bd16e1cec2adf,
HKEX:02009,02009,2026-06-17,CASH_DIVIDEND,0.0575,HKD,nan,nan,,YAHOO_CHART_EVENTS,UNOFFICIAL_FREE_VENDOR,2026-07-21T03:21:14.119840+00:00,b7b4d1624e820afcd3e4bb2478ed00c3274134f046a8ae3ded7bd16e1cec2adf,
HKEX:02016,02016,2023-05-17,CASH_DIVIDEND,0.231908,HKD,nan,nan,,YAHOO_CHART_EVENTS,UNOFFICIAL_FREE_VENDOR,2026-07-21T03:21:14.119840+00:00,843073eb08d5063304462399465404b9999fa257bc352f9a19e4eab86dfb97da,
HKEX:02016,02016,2024-06-14,CASH_DIVIDEND,0.180245,HKD,nan,nan,,YAHOO_CHART_EVENTS,UNOFFICIAL_FREE_VENDOR,2026-07-21T03:21:14.119840+00:00,843073eb08d5063304462399465404b9999fa257bc352f9a19e4eab86dfb97da,
HKEX:02016,02016,2025-06-17,CASH_DIVIDEND,0.170386,HKD,nan,nan,,YAHOO_CHART_EVENTS,UNOFFICIAL_FREE_VENDOR,2026-07-21T03:21:14.119840+00:00,843073eb08d5063304462399465404b9999fa257bc352f9a19e4eab86dfb97da,
HKEX:02016,02016,2026-06-15,CASH_DIVIDEND,0.150533,HKD,nan,nan,,YAHOO_CHART_EVENTS,UNOFFICIAL_FREE_VENDOR,2026-07-21T03:21:14.119840+00:00,843073eb08d5063304462399465404b9999fa257bc352f9a19e4eab86dfb97da,
HKEX:02018,02018,2023-05-29,CASH_DIVIDEND,0.12,HKD,nan,nan,,YAHOO_CHART_EVENTS,UNOFFICIAL_FREE_VENDOR,2026-07-21T03:21:14.119840+00:00,3a1dabf2acfc043024bab3bd1c5cfce9728c8c7b992855d90a36f592d6348ba3,
HKEX:02018,02018,2024-05-27,CASH_DIVIDEND,0.1,HKD,nan,nan,,YAHOO_CHART_EVENTS,UNOFFICIAL_FREE_VENDOR,2026-07-21T03:21:14.119840+00:00,3a1dabf2acfc043024bab3bd1c5cfce9728c8c7b992855d90a36f592d6348ba3,
HKEX:02018,02018,2025-05-26,CASH_DIVIDEND,0.24,HKD,nan,nan,,YAHOO_CHART_EVENTS,UNOFFICIAL_FREE_VENDOR,2026-07-21T03:21:14.119840+00:00,3a1dabf2acfc043024bab3bd1c5cfce9728c8c7b992855d90a36f592d6348ba3,
HKEX:02018,02018,2026-05-26,CASH_DIVIDEND,0.35,HKD,nan,nan,,YAHOO_CHART_EVENTS,UNOFFICIAL_FREE_VENDOR,2026-07-21T03:21:14.119840+00:00,3a1dabf2acfc043024bab3bd1c5cfce9728c8c7b992855d90a36f592d6348ba3,
HKEX:02020,02020,2023-05-15,CASH_DIVIDEND,0.72,HKD,nan,nan,,YAHOO_CHART_EVENTS,UNOFFICIAL_FREE_VENDOR,2026-07-21T03:21:14.119840+00:00,bce5b7c708e9f9fcbe758f3537ff793b2f0d6d53bf7c42653f656cc685c2f334,
HKEX:02020,02020,2023-09-04,CASH_DIVIDEND,0.82,HKD,nan,nan,,YAHOO_CHART_EVENTS,UNOFFICIAL_FREE_VENDOR,2026-07-21T03:21:14.119840+00:00,bce5b7c708e9f9fcbe758f3537ff793b2f0d6d53bf7c42653f656cc685c2f334,
HKEX:02020,02020,2024-05-13,CASH_DIVIDEND,1.15,HKD,nan,nan,,YAHOO_CHART_EVENTS,UNOFFICIAL_FREE_VENDOR,2026-07-21T03:21:14.119840+00:00,bce5b7c708e9f9fcbe758f3537ff793b2f0d6d53bf7c42653f656cc685c2f334,
HKEX:02020,02020,2024-09-09,CASH_DIVIDEND,1.18,HKD,nan,nan,,YAHOO_CHART_EVENTS,UNOFFICIAL_FREE_VENDOR,2026-07-21T03:21:14.119840+00:00,bce5b7c708e9f9fcbe758f3537ff793b2f0d6d53bf7c42653f656cc685c2f334,
HKEX:02020,02020,2025-05-12,CASH_DIVIDEND,1.18,HKD,nan,nan,,YAHOO_CHART_EVENTS,UNOFFICIAL_FREE_VENDOR,2026-07-21T03:21:14.119840+00:00,bce5b7c708e9f9fcbe758f3537ff793b2f0d6d53bf7c42653f656cc685c2f334,
HKEX:02020,02020,2025-09-09,CASH_DIVIDEND,1.37,HKD,nan,nan,,YAHOO_CHART_EVENTS,UNOFFICIAL_FREE_VENDOR,2026-07-21T03:21:14.119840+00:00,bce5b7c708e9f9fcbe758f3537ff793b2f0d6d53bf7c42653f656cc685c2f334,
HKEX:02020,02020,2026-05-15,CASH_DIVIDEND,1.08,HKD,nan,nan,,YAHOO_CHART_EVENTS,UNOFFICIAL_FREE_VENDOR,2026-07-21T03:21:14.119840+00:00,bce5b7c708e9f9fcbe758f3537ff793b2f0d6d53bf7c42653f656cc685c2f334,
HKEX:02038,02038,2025-05-20,STOCK_SPLIT_OR_CONSOLIDATION,nan,HKD,1.0,10.0,,YAHOO_CHART_EVENTS,UNOFFICIAL_FREE_VENDOR,2026-07-21T03:21:14.119840+00:00,8acc1f144ffadb35cb08924b18ccb46134ec3fc97c1b35d072f6a38569d7b30c,1:10
HKEX:02038,02038,2026-06-11,CASH_DIVIDEND,0.27,HKD,nan,nan,,YAHOO_CHART_EVENTS,UNOFFICIAL_FREE_VENDOR,2026-07-21T03:21:14.119840+00:00,8acc1f144ffadb35cb08924b18ccb46134ec3fc97c1b35d072f6a38569d7b30c,
HKEX:02039,02039,2023-07-25,CASH_DIVIDEND,0.1953,HKD,nan,nan,,YAHOO_CHART_EVENTS,UNOFFICIAL_FREE_VENDOR,2026-07-21T03:21:14.119840+00:00,6d79b4fe1b24466609f1d02574388e98aafc3a8c60e879872af9520eca925100,
HKEX:02039,02039,2024-07-22,CASH_DIVIDEND,0.0241,HKD,nan,nan,,YAHOO_CHART_EVENTS,UNOFFICIAL_FREE_VENDOR,2026-07-21T03:21:14.119840+00:00,6d79b4fe1b24466609f1d02574388e98aafc3a8c60e879872af9520eca925100,
HKEX:02039,02039,2025-05-30,CASH_DIVIDEND,0.191,HKD,nan,nan,,YAHOO_CHART_EVENTS,UNOFFICIAL_FREE_VENDOR,2026-07-21T03:21:14.119840+00:00,6d79b4fe1b24466609f1d02574388e98aafc3a8c60e879872af9520eca925100,
HKEX:02039,02039,2026-07-02,CASH_DIVIDEND,0.206,HKD,nan,nan,,YAHOO_CHART_EVENTS,UNOFFICIAL_FREE_VENDOR,2026-07-21T03:21:14.119840+00:00,6d79b4fe1b24466609f1d02574388e98aafc3a8c60e879872af9520eca925100,
HKEX:02050,02050,2025-12-19,CASH_DIVIDEND,0.13214,HKD,nan,nan,,YAHOO_CHART_EVENTS,UNOFFICIAL_FREE_VENDOR,2026-07-21T03:21:14.119840+00:00,c9721db7d2507cd58fc3ec3140ae1a510af4cdf1fb06caef8347a8942eb41945,
HKEX:02050,02050,2026-07-07,CASH_DIVIDEND,0.32196,HKD,nan,nan,,YAHOO_CHART_EVENTS,UNOFFICIAL_FREE_VENDOR,2026-07-21T03:21:14.119840+00:00,c9721db7d2507cd58fc3ec3140ae1a510af4cdf1fb06caef8347a8942eb41945,
HKEX:02057,02057,2023-04-04,CASH_DIVIDEND,2.900874,HKD,nan,nan,,YAHOO_CHART_EVENTS,UNOFFICIAL_FREE_VENDOR,2026-07-21T03:21:14.119840+00:00,16c1374d7507fde2c6e3fb083f7243afa7b64d6e364c3a7406a93cbb5eed0a3b,
HKEX:02057,02057,2024-04-09,CASH_DIVIDEND,4.860924,HKD,nan,nan,,YAHOO_CHART_EVENTS,UNOFFICIAL_FREE_VENDOR,2026-07-21T03:21:14.119840+00:00,16c1374d7507fde2c6e3fb083f7243afa7b64d6e364c3a7406a93cbb5eed0a3b,
HKEX:02057,02057,2024-09-09,CASH_DIVIDEND,2.74407,HKD,nan,nan,,YAHOO_CHART_EVENTS,UNOFFICIAL_FREE_VENDOR,2026-07-21T03:21:14.119840+00:00,16c1374d7507fde2c6e3fb083f7243afa7b64d6e364c3a7406a93cbb5eed0a3b,
HKEX:02057,02057,2025-04-09,CASH_DIVIDEND,2.74407,HKD,nan,nan,,YAHOO_CHART_EVENTS,UNOFFICIAL_FREE_VENDOR,2026-07-21T03:21:14.119840+00:00,16c1374d7507fde2c6e3fb083f7243afa7b64d6e364c3a7406a93cbb5eed0a3b,
HKEX:02057,02057,2025-09-29,CASH_DIVIDEND,2.35206,HKD,nan,nan,,YAHOO_CHART_EVENTS,UNOFFICIAL_FREE_VENDOR,2026-07-21T03:21:14.119840+00:00,16c1374d7507fde2c6e3fb083f7243afa7b64d6e364c3a7406a93cbb5eed0a3b,
HKEX:02057,02057,2026-04-02,CASH_DIVIDEND,3.057678,HKD,nan,nan,,YAHOO_CHART_EVENTS,UNOFFICIAL_FREE_VENDOR,2026-07-21T03:21:14.119840+00:00,16c1374d7507fde2c6e3fb083f7243afa7b64d6e364c3a7406a93cbb5eed0a3b,
HKEX:02096,02096,2023-06-19,CASH_DIVIDEND,0.17576,HKD,nan,nan,,YAHOO_CHART_EVENTS,UNOFFICIAL_FREE_VENDOR,2026-07-21T03:21:14.119840+00:00,6eaa65344aa8ac652c7c85eba20af24346ee574c0933a4244ee12005813a62c4,
HKEX:02096,02096,2024-06-18,CASH_DIVIDEND,0.1757,HKD,nan,nan,,YAHOO_CHART_EVENTS,UNOFFICIAL_FREE_VENDOR,2026-07-21T03:21:14.119840+00:00,6eaa65344aa8ac652c7c85eba20af24346ee574c0933a4244ee12005813a62c4,
HKEX:02096,02096,2025-06-18,CASH_DIVIDEND,0.1748,HKD,nan,nan,,YAHOO_CHART_EVENTS,UNOFFICIAL_FREE_VENDOR,2026-07-21T03:21:14.119840+00:00,6eaa65344aa8ac652c7c85eba20af24346ee574c0933a4244ee12005813a62c4,
HKEX:02096,02096,2026-06-17,CASH_DIVIDEND,0.2069,HKD,nan,nan,,YAHOO_CHART_EVENTS,UNOFFICIAL_FREE_VENDOR,2026-07-21T03:21:14.119840+00:00,6eaa65344aa8ac652c7c85eba20af24346ee574c0933a4244ee12005813a62c4,
HKEX:02099,02099,2023-04-19,CASH_DIVIDEND,2.900874,HKD,nan,nan,,YAHOO_CHART_EVENTS,UNOFFICIAL_FREE_VENDOR,2026-07-21T03:21:14.119840+00:00,d3654599a5bcec3aa7ed110c4e2cdae46eec88323ded2685bc0224652f320a2f,
HKEX:02099,02099,2025-04-23,CASH_DIVIDEND,0.627216,HKD,nan,nan,,YAHOO_CHART_EVENTS,UNOFFICIAL_FREE_VENDOR,2026-07-21T03:21:14.119840+00:00,d3654599a5bcec3aa7ed110c4e2cdae46eec88323ded2685bc0224652f320a2f,
HKEX:02099,02099,2026-04-23,CASH_DIVIDEND,3.684894,HKD,nan,nan,,YAHOO_CHART_EVENTS,UNOFFICIAL_FREE_VENDOR,2026-07-21T03:21:14.119840+00:00,d3654599a5bcec3aa7ed110c4e2cdae46eec88323ded2685bc0224652f320a2f,
HKEX:02128,02128,2023-05-15,CASH_DIVIDEND,0.3,HKD,nan,nan,,YAHOO_CHART_EVENTS,UNOFFICIAL_FREE_VENDOR,2026-07-21T03:21:14.119840+00:00,7ff3b8af8e8c3cee42a9963216ccedfe2f921f8f95a72aa9e2a541cb26a97861,
HKEX:02128,02128,2024-06-28,CASH_DIVIDEND,0.2,HKD,nan,nan,,YAHOO_CHART_EVENTS,UNOFFICIAL_FREE_VENDOR,2026-07-21T03:21:14.119840+00:00,7ff3b8af8e8c3cee42a9963216ccedfe2f921f8f95a72aa9e2a541cb26a97861,
HKEX:02128,02128,2025-06-16,CASH_DIVIDEND,0.2,HKD,nan,nan,,YAHOO_CHART_EVENTS,UNOFFICIAL_FREE_VENDOR,2026-07-21T03:21:14.119840+00:00,7ff3b8af8e8c3cee42a9963216ccedfe2f921f8f95a72aa9e2a541cb26a97861,
HKEX:02128,02128,2026-06-08,CASH_DIVIDEND,0.2,HKD,nan,nan,,YAHOO_CHART_EVENTS,UNOFFICIAL_FREE_VENDOR,2026-07-21T03:21:14.119840+00:00,7ff3b8af8e8c3cee42a9963216ccedfe2f921f8f95a72aa9e2a541cb26a97861,
HKEX:02145,02145,2023-06-19,CASH_DIVIDEND,0.275,HKD,nan,nan,,YAHOO_CHART_EVENTS,UNOFFICIAL_FREE_VENDOR,2026-07-21T03:21:14.119840+00:00,96e35b9d71aea73dce37a57d076d364f5a1d1ec2a694a73f52d45435b251701e,
HKEX:02145,02145,2023-10-18,CASH_DIVIDEND,0.218212,HKD,nan,nan,,YAHOO_CHART_EVENTS,UNOFFICIAL_FREE_VENDOR,2026-07-21T03:21:14.119840+00:00,96e35b9d71aea73dce37a57d076d364f5a1d1ec2a694a73f52d45435b251701e,
HKEX:02145,02145,2024-06-03,CASH_DIVIDEND,0.823325,HKD,nan,nan,,YAHOO_CHART_EVENTS,UNOFFICIAL_FREE_VENDOR,2026-07-21T03:21:14.119840+00:00,96e35b9d71aea73dce37a57d076d364f5a1d1ec2a694a73f52d45435b251701e,
HKEX:02145,02145,2024-10-03,CASH_DIVIDEND,0.8284,HKD,nan,nan,,YAHOO_CHART_EVENTS,UNOFFICIAL_FREE_VENDOR,2026-07-21T03:21:14.119840+00:00,96e35b9d71aea73dce37a57d076d364f5a1d1ec2a694a73f52d45435b251701e,
HKEX:02145,02145,2025-05-08,CASH_DIVIDEND,0.807189,HKD,nan,nan,,YAHOO_CHART_EVENTS,UNOFFICIAL_FREE_VENDOR,2026-07-21T03:21:14.119840+00:00,96e35b9d71aea73dce37a57d076d364f5a1d1ec2a694a73f52d45435b251701e,
HKEX:02145,02145,2025-09-29,CASH_DIVIDEND,0.546932,HKD,nan,nan,,YAHOO_CHART_EVENTS,UNOFFICIAL_FREE_VENDOR,2026-07-21T03:21:14.119840+00:00,96e35b9d71aea73dce37a57d076d364f5a1d1ec2a694a73f52d45435b251701e,
HKEX:02145,02145,2026-05-12,CASH_DIVIDEND,0.857006,HKD,nan,nan,,YAHOO_CHART_EVENTS,UNOFFICIAL_FREE_VENDOR,2026-07-21T03:21:14.119840+00:00,96e35b9d71aea73dce37a57d076d364f5a1d1ec2a694a73f52d45435b251701e,
HKEX:02155,02155,2024-07-03,CASH_DIVIDEND,0.1,HKD,nan,nan,,YAHOO_CHART_EVENTS,UNOFFICIAL_FREE_VENDOR,2026-07-21T03:21:14.119840+00:00,5ba697e553341d1160905a4489529aa6188ff17f0770deee668bdc9f6e42ca44,
HKEX:02155,02155,2025-07-09,CASH_DIVIDEND,0.15,HKD,nan,nan,,YAHOO_CHART_EVENTS,UNOFFICIAL_FREE_VENDOR,2026-07-21T03:21:14.119840+00:00,5ba697e553341d1160905a4489529aa6188ff17f0770deee668bdc9f6e42ca44,
HKEX:02155,02155,2026-07-09,CASH_DIVIDEND,0.2,HKD,nan,nan,,YAHOO_CHART_EVENTS,UNOFFICIAL_FREE_VENDOR,2026-07-21T03:21:14.119840+00:00,5ba697e553341d1160905a4489529aa6188ff17f0770deee668bdc9f6e42ca44,
HKEX:02172,02172,2024-06-28,CASH_DIVIDEND,0.11,HKD,nan,nan,,YAHOO_CHART_EVENTS,UNOFFICIAL_FREE_VENDOR,2026-07-21T03:21:14.119840+00:00,b40e9ad58c5311e45a4c01e7c69d805917c2fb528a3d71f6e1fb4229114902da,
HKEX:02172,02172,2024-09-10,CASH_DIVIDEND,0.08,HKD,nan,nan,,YAHOO_CHART_EVENTS,UNOFFICIAL_FREE_VENDOR,2026-07-21T03:21:14.119840+00:00,b40e9ad58c5311e45a4c01e7c69d805917c2fb528a3d71f6e1fb4229114902da,
HKEX:02172,02172,2025-07-02,CASH_DIVIDEND,0.11,HKD,nan,nan,,YAHOO_CHART_EVENTS,UNOFFICIAL_FREE_VENDOR,2026-07-21T03:21:14.119840+00:00,b40e9ad58c5311e45a4c01e7c69d805917c2fb528a3d71f6e1fb4229114902da,
HKEX:02172,02172,2025-09-10,CASH_DIVIDEND,0.05,HKD,nan,nan,,YAHOO_CHART_EVENTS,UNOFFICIAL_FREE_VENDOR,2026-07-21T03:21:14.119840+00:00,b40e9ad58c5311e45a4c01e7c69d805917c2fb528a3d71f6e1fb4229114902da,
HKEX:02172,02172,2026-07-02,CASH_DIVIDEND,0.09,HKD,nan,nan,,YAHOO_CHART_EVENTS,UNOFFICIAL_FREE_VENDOR,2026-07-21T03:21:14.119840+00:00,b40e9ad58c5311e45a4c01e7c69d805917c2fb528a3d71f6e1fb4229114902da,
HKEX:02192,02192,2023-06-13,CASH_DIVIDEND,0.0747,HKD,nan,nan,,YAHOO_CHART_EVENTS,UNOFFICIAL_FREE_VENDOR,2026-07-21T03:21:14.119840+00:00,e471d1b51c6c5c1f3073991b82a39b0e751dde44cab10a22aa7567bd8654b69c,
HKEX:02192,02192,2023-11-07,CASH_DIVIDEND,0.1165,HKD,nan,nan,,YAHOO_CHART_EVENTS,UNOFFICIAL_FREE_VENDOR,2026-07-21T03:21:14.119840+00:00,e471d1b51c6c5c1f3073991b82a39b0e751dde44cab10a22aa7567bd8654b69c,
HKEX:02192,02192,2024-05-28,CASH_DIVIDEND,0.1375,HKD,nan,nan,,YAHOO_CHART_EVENTS,UNOFFICIAL_FREE_VENDOR,2026-07-21T03:21:14.119840+00:00,e471d1b51c6c5c1f3073991b82a39b0e751dde44cab10a22aa7567bd8654b69c,
HKEX:02192,02192,2024-10-22,CASH_DIVIDEND,0.132,HKD,nan,nan,,YAHOO_CHART_EVENTS,UNOFFICIAL_FREE_VENDOR,2026-07-21T03:21:14.119840+00:00,e471d1b51c6c5c1f3073991b82a39b0e751dde44cab10a22aa7567bd8654b69c,
HKEX:02192,02192,2025-05-12,CASH_DIVIDEND,0.148,HKD,nan,nan,,YAHOO_CHART_EVENTS,UNOFFICIAL_FREE_VENDOR,2026-07-21T03:21:14.119840+00:00,e471d1b51c6c5c1f3073991b82a39b0e751dde44cab10a22aa7567bd8654b69c,
HKEX:02192,02192,2025-09-05,CASH_DIVIDEND,0.1277,HKD,nan,nan,,YAHOO_CHART_EVENTS,UNOFFICIAL_FREE_VENDOR,2026-07-21T03:21:14.119840+00:00,e471d1b51c6c5c1f3073991b82a39b0e751dde44cab10a22aa7567bd8654b69c,
HKEX:02192,02192,2026-05-19,CASH_DIVIDEND,0.1629,HKD,nan,nan,,YAHOO_CHART_EVENTS,UNOFFICIAL_FREE_VENDOR,2026-07-21T03:21:14.119840+00:00,e471d1b51c6c5c1f3073991b82a39b0e751dde44cab10a22aa7567bd8654b69c,
HKEX:02196,02196,2023-07-31,CASH_DIVIDEND,0.46,HKD,nan,nan,,YAHOO_CHART_EVENTS,UNOFFICIAL_FREE_VENDOR,2026-07-21T03:21:14.119840+00:00,38a89d8f4bd8f0c43258cccf72a26d1e39e6a1b9a9c53db127f034f484649e9a,
HKEX:02196,02196,2024-07-26,CASH_DIVIDEND,0.3,HKD,nan,nan,,YAHOO_CHART_EVENTS,UNOFFICIAL_FREE_VENDOR,2026-07-21T03:21:14.119840+00:00,38a89d8f4bd8f0c43258cccf72a26d1e39e6a1b9a9c53db127f034f484649e9a,
HKEX:02196,02196,2025-07-24,CASH_DIVIDEND,0.35,HKD,nan,nan,,YAHOO_CHART_EVENTS,UNOFFICIAL_FREE_VENDOR,2026-07-21T03:21:14.119840+00:00,38a89d8f4bd8f0c43258cccf72a26d1e39e6a1b9a9c53db127f034f484649e9a,
HKEX:02196,02196,2026-07-16,CASH_DIVIDEND,0.45,HKD,nan,nan,,YAHOO_CHART_EVENTS,UNOFFICIAL_FREE_VENDOR,2026-07-21T03:21:14.119840+00:00,38a89d8f4bd8f0c43258cccf72a26d1e39e6a1b9a9c53db127f034f484649e9a,
HKEX:02202,02202,2023-07-14,CASH_DIVIDEND,0.738608,HKD,nan,nan,,YAHOO_CHART_EVENTS,UNOFFICIAL_FREE_VENDOR,2026-07-21T03:21:14.119840+00:00,b1676d2b3749db4592564131c2a1499a940b9bb31f1b2ee1288d8fc54ee451f7,
HKEX:02208,02208,2023-07-20,CASH_DIVIDEND,0.13154,HKD,nan,nan,,YAHOO_CHART_EVENTS,UNOFFICIAL_FREE_VENDOR,2026-07-21T03:21:14.119840+00:00,43be7e795d187743a3b73e3b69d80152d4aba8984650c0f92209242185026d6a,
HKEX:02208,02208,2024-06-27,CASH_DIVIDEND,0.10967,HKD,nan,nan,,YAHOO_CHART_EVENTS,UNOFFICIAL_FREE_VENDOR,2026-07-21T03:21:14.119840+00:00,43be7e795d187743a3b73e3b69d80152d4aba8984650c0f92209242185026d6a,
HKEX:02208,02208,2025-06-30,CASH_DIVIDEND,0.15329,HKD,nan,nan,,YAHOO_CHART_EVENTS,UNOFFICIAL_FREE_VENDOR,2026-07-21T03:21:14.119840+00:00,43be7e795d187743a3b73e3b69d80152d4aba8984650c0f92209242185026d6a,
HKEX:02208,02208,2026-06-18,CASH_DIVIDEND,0.23005,HKD,nan,nan,,YAHOO_CHART_EVENTS,UNOFFICIAL_FREE_VENDOR,2026-07-21T03:21:14.119840+00:00,43be7e795d187743a3b73e3b69d80152d4aba8984650c0f92209242185026d6a,
HKEX:02218,02218,2023-06-02,CASH_DIVIDEND,0.11104,HKD,nan,nan,,YAHOO_CHART_EVENTS,UNOFFICIAL_FREE_VENDOR,2026-07-21T03:21:14.119840+00:00,c222d5850fbe816d588b0a7a5f5796345d7c0fbbdcd2cc26df56bef3687e7cfd,
HKEX:02218,02218,2024-05-06,CASH_DIVIDEND,0.24237,HKD,nan,nan,,YAHOO_CHART_EVENTS,UNOFFICIAL_FREE_VENDOR,2026-07-21T03:21:14.119840+00:00,c222d5850fbe816d588b0a7a5f5796345d7c0fbbdcd2cc26df56bef3687e7cfd,
HKEX:02218,02218,2025-06-25,CASH_DIVIDEND,0.27322,HKD,nan,nan,,YAHOO_CHART_EVENTS,UNOFFICIAL_FREE_VENDOR,2026-07-21T03:21:14.119840+00:00,c222d5850fbe816d588b0a7a5f5796345d7c0fbbdcd2cc26df56bef3687e7cfd,
HKEX:02218,02218,2026-05-15,CASH_DIVIDEND,0.343,HKD,nan,nan,,YAHOO_CHART_EVENTS,UNOFFICIAL_FREE_VENDOR,2026-07-21T03:21:14.119840+00:00,c222d5850fbe816d588b0a7a5f5796345d7c0fbbdcd2cc26df56bef3687e7cfd,
HKEX:02232,02232,2023-06-21,CASH_DIVIDEND,0.118,HKD,nan,nan,,YAHOO_CHART_EVENTS,UNOFFICIAL_FREE_VENDOR,2026-07-21T03:21:14.119840+00:00,28540878ee2d83d76199ea9398c6aae5228d02f834bbf1db124917a7c3706637,
HKEX:02232,02232,2023-09-05,CASH_DIVIDEND,0.05,HKD,nan,nan,,YAHOO_CHART_EVENTS,UNOFFICIAL_FREE_VENDOR,2026-07-21T03:21:14.119840+00:00,28540878ee2d83d76199ea9398c6aae5228d02f834bbf1db124917a7c3706637,
HKEX:02232,02232,2024-06-19,CASH_DIVIDEND,0.13,HKD,nan,nan,,YAHOO_CHART_EVENTS,UNOFFICIAL_FREE_VENDOR,2026-07-21T03:21:14.119840+00:00,28540878ee2d83d76199ea9398c6aae5228d02f834bbf1db124917a7c3706637,
HKEX:02232,02232,2024-09-04,CASH_DIVIDEND,0.138,HKD,nan,nan,,YAHOO_CHART_EVENTS,UNOFFICIAL_FREE_VENDOR,2026-07-21T03:21:14.119840+00:00,28540878ee2d83d76199ea9398c6aae5228d02f834bbf1db124917a7c3706637,
HKEX:02232,02232,2025-06-18,CASH_DIVIDEND,0.245,HKD,nan,nan,,YAHOO_CHART_EVENTS,UNOFFICIAL_FREE_VENDOR,2026-07-21T03:21:14.119840+00:00,28540878ee2d83d76199ea9398c6aae5228d02f834bbf1db124917a7c3706637,
HKEX:02232,02232,2025-09-03,CASH_DIVIDEND,0.163,HKD,nan,nan,,YAHOO_CHART_EVENTS,UNOFFICIAL_FREE_VENDOR,2026-07-21T03:21:14.119840+00:00,28540878ee2d83d76199ea9398c6aae5228d02f834bbf1db124917a7c3706637,
HKEX:02232,02232,2026-06-16,CASH_DIVIDEND,0.245,HKD,nan,nan,,YAHOO_CHART_EVENTS,UNOFFICIAL_FREE_VENDOR,2026-07-21T03:21:14.119840+00:00,28540878ee2d83d76199ea9398c6aae5228d02f834bbf1db124917a7c3706637,
HKEX:02233,02233,2023-05-30,CASH_DIVIDEND,0.07437,HKD,nan,nan,,YAHOO_CHART_EVENTS,UNOFFICIAL_FREE_VENDOR,2026-07-21T03:21:14.119840+00:00,89fc7e12ddd08151d3a46ecea0aa57ee5a3b806633e73144d31ca1f56c965601,
HKEX:02233,02233,2024-05-29,CASH_DIVIDEND,0.0253,HKD,nan,nan,,YAHOO_CHART_EVENTS,UNOFFICIAL_FREE_VENDOR,2026-07-21T03:21:14.119840+00:00,89fc7e12ddd08151d3a46ecea0aa57ee5a3b806633e73144d31ca1f56c965601,
HKEX:02233,02233,2025-05-28,CASH_DIVIDEND,0.037,HKD,nan,nan,,YAHOO_CHART_EVENTS,UNOFFICIAL_FREE_VENDOR,2026-07-21T03:21:14.119840+00:00,89fc7e12ddd08151d3a46ecea0aa57ee5a3b806633e73144d31ca1f56c965601,
HKEX:02233,02233,2026-06-03,CASH_DIVIDEND,0.055,HKD,nan,nan,,YAHOO_CHART_EVENTS,UNOFFICIAL_FREE_VENDOR,2026-07-21T03:21:14.119840+00:00,89fc7e12ddd08151d3a46ecea0aa57ee5a3b806633e73144d31ca1f56c965601,
HKEX:02238,02238,2023-06-07,CASH_DIVIDEND,0.20298,HKD,nan,nan,,YAHOO_CHART_EVENTS,UNOFFICIAL_FREE_VENDOR,2026-07-21T03:21:14.119840+00:00,e5bfb94e5b3c05a3e239f81ec069baed0c8d118d16204b0c39c14f6e3fe302ee,
HKEX:02238,02238,2023-09-07,CASH_DIVIDEND,0.054407,HKD,nan,nan,,YAHOO_CHART_EVENTS,UNOFFICIAL_FREE_VENDOR,2026-07-21T03:21:14.119840+00:00,e5bfb94e5b3c05a3e239f81ec069baed0c8d118d16204b0c39c14f6e3fe302ee,
HKEX:02238,02238,2024-06-03,CASH_DIVIDEND,0.10992,HKD,nan,nan,,YAHOO_CHART_EVENTS,UNOFFICIAL_FREE_VENDOR,2026-07-21T03:21:14.119840+00:00,e5bfb94e5b3c05a3e239f81ec069baed0c8d118d16204b0c39c14f6e3fe302ee,
HKEX:02238,02238,2024-09-12,CASH_DIVIDEND,0.032833,HKD,nan,nan,,YAHOO_CHART_EVENTS,UNOFFICIAL_FREE_VENDOR,2026-07-21T03:21:14.119840+00:00,e5bfb94e5b3c05a3e239f81ec069baed0c8d118d16204b0c39c14f6e3fe302ee,
HKEX:02238,02238,2025-06-12,CASH_DIVIDEND,0.02175,HKD,nan,nan,,YAHOO_CHART_EVENTS,UNOFFICIAL_FREE_VENDOR,2026-07-21T03:21:14.119840+00:00,e5bfb94e5b3c05a3e239f81ec069baed0c8d118d16204b0c39c14f6e3fe302ee,
HKEX:02259,02259,2026-06-03,CASH_DIVIDEND,1.5,HKD,nan,nan,,YAHOO_CHART_EVENTS,UNOFFICIAL_FREE_VENDOR,2026-07-21T03:21:14.119840+00:00,528f86777481ec28aea4322aceb62dc6ee9fb4b8ac5201152d4fb49036fa9ced,
HKEX:02273,02273,2023-10-19,CASH_DIVIDEND,0.41,HKD,nan,nan,,YAHOO_CHART_EVENTS,UNOFFICIAL_FREE_VENDOR,2026-07-21T03:21:14.119840+00:00,5ca30ff7cd63de24fa793093171be870e77aff191fcb27a757c3ca8aa06e8eb3,
HKEX:02273,02273,2024-09-05,CASH_DIVIDEND,0.13,HKD,nan,nan,,YAHOO_CHART_EVENTS,UNOFFICIAL_FREE_VENDOR,2026-07-21T03:21:14.119840+00:00,5ca30ff7cd63de24fa793093171be870e77aff191fcb27a757c3ca8aa06e8eb3,
HKEX:02273,02273,2025-06-24,CASH_DIVIDEND,0.41,HKD,nan,nan,,YAHOO_CHART_EVENTS,UNOFFICIAL_FREE_VENDOR,2026-07-21T03:21:14.119840+00:00,5ca30ff7cd63de24fa793093171be870e77aff191fcb27a757c3ca8aa06e8eb3,
HKEX:02273,02273,2025-09-11,CASH_DIVIDEND,0.35,HKD,nan,nan,,YAHOO_CHART_EVENTS,UNOFFICIAL_FREE_VENDOR,2026-07-21T03:21:14.119840+00:00,5ca30ff7cd63de24fa793093171be870e77aff191fcb27a757c3ca8aa06e8eb3,
HKEX:02273,02273,2026-06-24,CASH_DIVIDEND,0.69,HKD,nan,nan,,YAHOO_CHART_EVENTS,UNOFFICIAL_FREE_VENDOR,2026-07-21T03:21:14.119840+00:00,5ca30ff7cd63de24fa793093171be870e77aff191fcb27a757c3ca8aa06e8eb3,
HKEX:02276,02276,2023-06-16,CASH_DIVIDEND,0.165,HKD,nan,nan,,YAHOO_CHART_EVENTS,UNOFFICIAL_FREE_VENDOR,2026-07-21T03:21:14.119840+00:00,da5983eaa0c20de3b121478229b88f67ecd54a560350d23332e65e18a2345e24,
HKEX:02276,02276,2024-06-12,CASH_DIVIDEND,0.22,HKD,nan,nan,,YAHOO_CHART_EVENTS,UNOFFICIAL_FREE_VENDOR,2026-07-21T03:21:14.119840+00:00,da5983eaa0c20de3b121478229b88f67ecd54a560350d23332e65e18a2345e24,
HKEX:02276,02276,2024-09-12,CASH_DIVIDEND,0.132,HKD,nan,nan,,YAHOO_CHART_EVENTS,UNOFFICIAL_FREE_VENDOR,2026-07-21T03:21:14.119840+00:00,da5983eaa0c20de3b121478229b88f67ecd54a560350d23332e65e18a2345e24,
HKEX:02276,02276,2025-06-20,CASH_DIVIDEND,0.1748,HKD,nan,nan,,YAHOO_CHART_EVENTS,UNOFFICIAL_FREE_VENDOR,2026-07-21T03:21:14.119840+00:00,da5983eaa0c20de3b121478229b88f67ecd54a560350d23332e65e18a2345e24,
HKEX:02276,02276,2025-09-11,CASH_DIVIDEND,0.165,HKD,nan,nan,,YAHOO_CHART_EVENTS,UNOFFICIAL_FREE_VENDOR,2026-07-21T03:21:14.119840+00:00,da5983eaa0c20de3b121478229b88f67ecd54a560350d23332e65e18a2345e24,
HKEX:02276,02276,2026-06-15,CASH_DIVIDEND,0.2299,HKD,nan,nan,,YAHOO_CHART_EVENTS,UNOFFICIAL_FREE_VENDOR,2026-07-21T03:21:14.119840+00:00,da5983eaa0c20de3b121478229b88f67ecd54a560350d23332e65e18a2345e24,
HKEX:02282,02282,2024-04-08,CASH_DIVIDEND,0.104,HKD,nan,nan,,YAHOO_CHART_EVENTS,UNOFFICIAL_FREE_VENDOR,2026-07-21T03:21:14.119840+00:00,7643ae813e5fb266597ef03105fd1d48fffe432d3e9e11627ad1ca524eb2cf83,
HKEX:02282,02282,2024-06-06,CASH_DIVIDEND,0.243,HKD,nan,nan,,YAHOO_CHART_EVENTS,UNOFFICIAL_FREE_VENDOR,2026-07-21T03:21:14.119840+00:00,7643ae813e5fb266597ef03105fd1d48fffe432d3e9e11627ad1ca524eb2cf83,
HKEX:02282,02282,2024-09-11,CASH_DIVIDEND,0.353,HKD,nan,nan,,YAHOO_CHART_EVENTS,UNOFFICIAL_FREE_VENDOR,2026-07-21T03:21:14.119840+00:00,7643ae813e5fb266597ef03105fd1d48fffe432d3e9e11627ad1ca524eb2cf83,
HKEX:02282,02282,2025-05-28,CASH_DIVIDEND,0.251,HKD,nan,nan,,YAHOO_CHART_EVENTS,UNOFFICIAL_FREE_VENDOR,2026-07-21T03:21:14.119840+00:00,7643ae813e5fb266597ef03105fd1d48fffe432d3e9e11627ad1ca524eb2cf83,
HKEX:02282,02282,2025-08-20,CASH_DIVIDEND,0.313,HKD,nan,nan,,YAHOO_CHART_EVENTS,UNOFFICIAL_FREE_VENDOR,2026-07-21T03:21:14.119840+00:00,7643ae813e5fb266597ef03105fd1d48fffe432d3e9e11627ad1ca524eb2cf83,
HKEX:02282,02282,2026-05-20,CASH_DIVIDEND,0.353,HKD,nan,nan,,YAHOO_CHART_EVENTS,UNOFFICIAL_FREE_VENDOR,2026-07-21T03:21:14.119840+00:00,7643ae813e5fb266597ef03105fd1d48fffe432d3e9e11627ad1ca524eb2cf83,
HKEX:02285,02285,2023-06-06,CASH_DIVIDEND,0.56,HKD,nan,nan,,YAHOO_CHART_EVENTS,UNOFFICIAL_FREE_VENDOR,2026-07-21T03:21:14.119840+00:00,bd2d2991227326472cd31c26180b7a8adb66ec35ad950dc748f5722224d0407f,
HKEX:02285,02285,2024-06-06,CASH_DIVIDEND,0.2764,HKD,nan,nan,,YAHOO_CHART_EVENTS,UNOFFICIAL_FREE_VENDOR,2026-07-21T03:21:14.119840+00:00,bd2d2991227326472cd31c26180b7a8adb66ec35ad950dc748f5722224d0407f,
HKEX:02285,02285,2025-05-26,CASH_DIVIDEND,1.8163,HKD,nan,nan,,YAHOO_CHART_EVENTS,UNOFFICIAL_FREE_VENDOR,2026-07-21T03:21:14.119840+00:00,bd2d2991227326472cd31c26180b7a8adb66ec35ad950dc748f5722224d0407f,
HKEX:02285,02285,2026-05-20,CASH_DIVIDEND,0.4469,HKD,nan,nan,,YAHOO_CHART_EVENTS,UNOFFICIAL_FREE_VENDOR,2026-07-21T03:21:14.119840+00:00,bd2d2991227326472cd31c26180b7a8adb66ec35ad950dc748f5722224d0407f,
HKEX:02291,02291,2024-05-28,CASH_DIVIDEND,0.625942,HKD,nan,nan,,YAHOO_CHART_EVENTS,UNOFFICIAL_FREE_VENDOR,2026-07-21T03:21:14.119840+00:00,f6106e214b005c8297e64a23428807a9a50a2169bdeb4656d9c15be6a490b8a3,
HKEX:02291,02291,2025-05-26,CASH_DIVIDEND,0.673664,HKD,nan,nan,,YAHOO_CHART_EVENTS,UNOFFICIAL_FREE_VENDOR,2026-07-21T03:21:14.119840+00:00,f6106e214b005c8297e64a23428807a9a50a2169bdeb4656d9c15be6a490b8a3,
HKEX:02291,02291,2026-05-27,CASH_DIVIDEND,0.572551,HKD,nan,nan,,YAHOO_CHART_EVENTS,UNOFFICIAL_FREE_VENDOR,2026-07-21T03:21:14.119840+00:00,f6106e214b005c8297e64a23428807a9a50a2169bdeb4656d9c15be6a490b8a3,
HKEX:02313,02313,2023-06-07,CASH_DIVIDEND,0.85,HKD,nan,nan,,YAHOO_CHART_EVENTS,UNOFFICIAL_FREE_VENDOR,2026-07-21T03:21:14.119840+00:00,e40f7cf2e12d2792a71d9f6db00ac5bfc8ef640d4be5f32301991d3edbb2f2c2,
HKEX:02313,02313,2023-09-11,CASH_DIVIDEND,0.95,HKD,nan,nan,,YAHOO_CHART_EVENTS,UNOFFICIAL_FREE_VENDOR,2026-07-21T03:21:14.119840+00:00,e40f7cf2e12d2792a71d9f6db00ac5bfc8ef640d4be5f32301991d3edbb2f2c2,
HKEX:02313,02313,2024-06-05,CASH_DIVIDEND,1.08,HKD,nan,nan,,YAHOO_CHART_EVENTS,UNOFFICIAL_FREE_VENDOR,2026-07-21T03:21:14.119840+00:00,e40f7cf2e12d2792a71d9f6db00ac5bfc8ef640d4be5f32301991d3edbb2f2c2,
HKEX:02313,02313,2024-09-09,CASH_DIVIDEND,1.25,HKD,nan,nan,,YAHOO_CHART_EVENTS,UNOFFICIAL_FREE_VENDOR,2026-07-21T03:21:14.119840+00:00,e40f7cf2e12d2792a71d9f6db00ac5bfc8ef640d4be5f32301991d3edbb2f2c2,
HKEX:02313,02313,2025-06-04,CASH_DIVIDEND,1.28,HKD,nan,nan,,YAHOO_CHART_EVENTS,UNOFFICIAL_FREE_VENDOR,2026-07-21T03:21:14.119840+00:00,e40f7cf2e12d2792a71d9f6db00ac5bfc8ef640d4be5f32301991d3edbb2f2c2,
HKEX:02313,02313,2025-09-09,CASH_DIVIDEND,1.38,HKD,nan,nan,,YAHOO_CHART_EVENTS,UNOFFICIAL_FREE_VENDOR,2026-07-21T03:21:14.119840+00:00,e40f7cf2e12d2792a71d9f6db00ac5bfc8ef640d4be5f32301991d3edbb2f2c2,
HKEX:02313,02313,2026-06-03,CASH_DIVIDEND,1.2,HKD,nan,nan,,YAHOO_CHART_EVENTS,UNOFFICIAL_FREE_VENDOR,2026-07-21T03:21:14.119840+00:00,e40f7cf2e12d2792a71d9f6db00ac5bfc8ef640d4be5f32301991d3edbb2f2c2,
HKEX:02314,02314,2023-05-11,CASH_DIVIDEND,0.033,HKD,nan,nan,,YAHOO_CHART_EVENTS,UNOFFICIAL_FREE_VENDOR,2026-07-21T03:21:14.119840+00:00,d3cd913727ce3a5c5c6ae71ddbc6fdbb81cc904b1768112f79545d161fcd1070,
HKEX:02314,02314,2023-08-11,CASH_DIVIDEND,0.025,HKD,nan,nan,,YAHOO_CHART_EVENTS,UNOFFICIAL_FREE_VENDOR,2026-07-21T03:21:14.119840+00:00,d3cd913727ce3a5c5c6ae71ddbc6fdbb81cc904b1768112f79545d161fcd1070,
HKEX:02314,02314,2024-05-13,CASH_DIVIDEND,0.061,HKD,nan,nan,,YAHOO_CHART_EVENTS,UNOFFICIAL_FREE_VENDOR,2026-07-21T03:21:14.119840+00:00,d3cd913727ce3a5c5c6ae71ddbc6fdbb81cc904b1768112f79545d161fcd1070,
HKEX:02314,02314,2024-08-14,CASH_DIVIDEND,0.062,HKD,nan,nan,,YAHOO_CHART_EVENTS,UNOFFICIAL_FREE_VENDOR,2026-07-21T03:21:14.119840+00:00,d3cd913727ce3a5c5c6ae71ddbc6fdbb81cc904b1768112f79545d161fcd1070,
HKEX:02314,02314,2025-05-12,CASH_DIVIDEND,0.045,HKD,nan,nan,,YAHOO_CHART_EVENTS,UNOFFICIAL_FREE_VENDOR,2026-07-21T03:21:14.119840+00:00,d3cd913727ce3a5c5c6ae71ddbc6fdbb81cc904b1768112f79545d161fcd1070,
HKEX:02314,02314,2025-08-19,CASH_DIVIDEND,0.066,HKD,nan,nan,,YAHOO_CHART_EVENTS,UNOFFICIAL_FREE_VENDOR,2026-07-21T03:21:14.119840+00:00,d3cd913727ce3a5c5c6ae71ddbc6fdbb81cc904b1768112f79545d161fcd1070,
HKEX:02314,02314,2026-05-04,CASH_DIVIDEND,0.093,HKD,nan,nan,,YAHOO_CHART_EVENTS,UNOFFICIAL_FREE_VENDOR,2026-07-21T03:21:14.119840+00:00,d3cd913727ce3a5c5c6ae71ddbc6fdbb81cc904b1768112f79545d161fcd1070,
HKEX:02318,02318,2023-06-14,CASH_DIVIDEND,1.70026,HKD,nan,nan,,YAHOO_CHART_EVENTS,UNOFFICIAL_FREE_VENDOR,2026-07-21T03:21:14.119840+00:00,651d5f99839a0e3c0a3aabd37e6a34725b487782a955a5b5408e6dda6ac6fb25,
HKEX:02318,02318,2023-09-11,CASH_DIVIDEND,1.01348,HKD,nan,nan,,YAHOO_CHART_EVENTS,UNOFFICIAL_FREE_VENDOR,2026-07-21T03:21:14.119840+00:00,651d5f99839a0e3c0a3aabd37e6a34725b487782a955a5b5408e6dda6ac6fb25,
HKEX:02318,02318,2024-06-07,CASH_DIVIDEND,1.64678,HKD,nan,nan,,YAHOO_CHART_EVENTS,UNOFFICIAL_FREE_VENDOR,2026-07-21T03:21:14.119840+00:00,651d5f99839a0e3c0a3aabd37e6a34725b487782a955a5b5408e6dda6ac6fb25,
HKEX:02318,02318,2024-09-04,CASH_DIVIDEND,1.02048,HKD,nan,nan,,YAHOO_CHART_EVENTS,UNOFFICIAL_FREE_VENDOR,2026-07-21T03:21:14.119840+00:00,651d5f99839a0e3c0a3aabd37e6a34725b487782a955a5b5408e6dda6ac6fb25,
HKEX:02318,02318,2025-05-15,CASH_DIVIDEND,1.76266,HKD,nan,nan,,YAHOO_CHART_EVENTS,UNOFFICIAL_FREE_VENDOR,2026-07-21T03:21:14.119840+00:00,651d5f99839a0e3c0a3aabd37e6a34725b487782a955a5b5408e6dda6ac6fb25,
HKEX:02318,02318,2025-09-10,CASH_DIVIDEND,1.04048,HKD,nan,nan,,YAHOO_CHART_EVENTS,UNOFFICIAL_FREE_VENDOR,2026-07-21T03:21:14.119840+00:00,651d5f99839a0e3c0a3aabd37e6a34725b487782a955a5b5408e6dda6ac6fb25,
HKEX:02318,02318,2026-06-02,CASH_DIVIDEND,2.01129,HKD,nan,nan,,YAHOO_CHART_EVENTS,UNOFFICIAL_FREE_VENDOR,2026-07-21T03:21:14.119840+00:00,651d5f99839a0e3c0a3aabd37e6a34725b487782a955a5b5408e6dda6ac6fb25,
HKEX:02319,02319,2023-06-08,CASH_DIVIDEND,0.4433,HKD,nan,nan,,YAHOO_CHART_EVENTS,UNOFFICIAL_FREE_VENDOR,2026-07-21T03:21:14.119840+00:00,4bc8748aa5b2431e1d0ee4742b5eb0cfbad896471145311110a63e6067941dce,
HKEX:02319,02319,2024-06-14,CASH_DIVIDEND,0.5369,HKD,nan,nan,,YAHOO_CHART_EVENTS,UNOFFICIAL_FREE_VENDOR,2026-07-21T03:21:14.119840+00:00,4bc8748aa5b2431e1d0ee4742b5eb0cfbad896471145311110a63e6067941dce,
HKEX:02319,02319,2025-06-16,CASH_DIVIDEND,0.5564,HKD,nan,nan,,YAHOO_CHART_EVENTS,UNOFFICIAL_FREE_VENDOR,2026-07-21T03:21:14.119840+00:00,4bc8748aa5b2431e1d0ee4742b5eb0cfbad896471145311110a63e6067941dce,
HKEX:02319,02319,2026-06-09,CASH_DIVIDEND,0.5976,HKD,nan,nan,,YAHOO_CHART_EVENTS,UNOFFICIAL_FREE_VENDOR,2026-07-21T03:21:14.119840+00:00,4bc8748aa5b2431e1d0ee4742b5eb0cfbad896471145311110a63e6067941dce,
HKEX:02328,02328,2023-06-26,CASH_DIVIDEND,0.524142,HKD,nan,nan,,YAHOO_CHART_EVENTS,UNOFFICIAL_FREE_VENDOR,2026-07-21T03:21:14.119840+00:00,9bcfd76e9d34d7e8c449d41f1c2415cc8bc307470f2e26aff297b592e7dbee98,
HKEX:02328,02328,2024-07-05,CASH_DIVIDEND,0.535935,HKD,nan,nan,,YAHOO_CHART_EVENTS,UNOFFICIAL_FREE_VENDOR,2026-07-21T03:21:14.119840+00:00,9bcfd76e9d34d7e8c449d41f1c2415cc8bc307470f2e26aff297b592e7dbee98,
HKEX:02328,02328,2024-10-31,CASH_DIVIDEND,0.226947,HKD,nan,nan,,YAHOO_CHART_EVENTS,UNOFFICIAL_FREE_VENDOR,2026-07-21T03:21:14.119840+00:00,9bcfd76e9d34d7e8c449d41f1c2415cc8bc307470f2e26aff297b592e7dbee98,
HKEX:02328,02328,2025-07-04,CASH_DIVIDEND,0.36362,HKD,nan,nan,,YAHOO_CHART_EVENTS,UNOFFICIAL_FREE_VENDOR,2026-07-21T03:21:14.119840+00:00,9bcfd76e9d34d7e8c449d41f1c2415cc8bc307470f2e26aff297b592e7dbee98,
HKEX:02328,02328,2025-11-04,CASH_DIVIDEND,0.263048,HKD,nan,nan,,YAHOO_CHART_EVENTS,UNOFFICIAL_FREE_VENDOR,2026-07-21T03:21:14.119840+00:00,9bcfd76e9d34d7e8c449d41f1c2415cc8bc307470f2e26aff297b592e7dbee98,
HKEX:02328,02328,2026-07-02,CASH_DIVIDEND,0.505993,HKD,nan,nan,,YAHOO_CHART_EVENTS,UNOFFICIAL_FREE_VENDOR,2026-07-21T03:21:14.119840+00:00,9bcfd76e9d34d7e8c449d41f1c2415cc8bc307470f2e26aff297b592e7dbee98,
HKEX:02331,02331,2023-06-16,CASH_DIVIDEND,0.5064,HKD,nan,nan,,YAHOO_CHART_EVENTS,UNOFFICIAL_FREE_VENDOR,2026-07-21T03:21:14.119840+00:00,ff9aace2d81fb3795c94dd681736b1674637d1051a27255b9ade1360653c9618,
HKEX:02331,02331,2023-08-23,CASH_DIVIDEND,0.3955,HKD,nan,nan,,YAHOO_CHART_EVENTS,UNOFFICIAL_FREE_VENDOR,2026-07-21T03:21:14.119840+00:00,ff9aace2d81fb3795c94dd681736b1674637d1051a27255b9ade1360653c9618,
HKEX:02331,02331,2024-06-17,CASH_DIVIDEND,0.2036,HKD,nan,nan,,YAHOO_CHART_EVENTS,UNOFFICIAL_FREE_VENDOR,2026-07-21T03:21:14.119840+00:00,ff9aace2d81fb3795c94dd681736b1674637d1051a27255b9ade1360653c9618,
HKEX:02331,02331,2024-08-29,CASH_DIVIDEND,0.412,HKD,nan,nan,,YAHOO_CHART_EVENTS,UNOFFICIAL_FREE_VENDOR,2026-07-21T03:21:14.119840+00:00,ff9aace2d81fb3795c94dd681736b1674637d1051a27255b9ade1360653c9618,
HKEX:02331,02331,2025-06-16,CASH_DIVIDEND,0.2266,HKD,nan,nan,,YAHOO_CHART_EVENTS,UNOFFICIAL_FREE_VENDOR,2026-07-21T03:21:14.119840+00:00,ff9aace2d81fb3795c94dd681736b1674637d1051a27255b9ade1360653c9618,
HKEX:02331,02331,2025-08-25,CASH_DIVIDEND,0.368,HKD,nan,nan,,YAHOO_CHART_EVENTS,UNOFFICIAL_FREE_VENDOR,2026-07-21T03:21:14.119840+00:00,ff9aace2d81fb3795c94dd681736b1674637d1051a27255b9ade1360653c9618,
HKEX:02331,02331,2025-09-03,CASH_DIVIDEND,0.368,HKD,nan,nan,,YAHOO_CHART_EVENTS,UNOFFICIAL_FREE_VENDOR,2026-07-21T03:21:14.119840+00:00,ff9aace2d81fb3795c94dd681736b1674637d1051a27255b9ade1360653c9618,
HKEX:02331,02331,2026-06-15,CASH_DIVIDEND,0.2686,HKD,nan,nan,,YAHOO_CHART_EVENTS,UNOFFICIAL_FREE_VENDOR,2026-07-21T03:21:14.119840+00:00,ff9aace2d81fb3795c94dd681736b1674637d1051a27255b9ade1360653c9618,
HKEX:02333,02333,2023-06-29,CASH_DIVIDEND,0.32854,HKD,nan,nan,,YAHOO_CHART_EVENTS,UNOFFICIAL_FREE_VENDOR,2026-07-21T03:21:14.119840+00:00,9a271dbea58baf660de2db21ab939cc0becd2f41704abffdf38756bf346835db,
HKEX:02333,02333,2024-05-28,CASH_DIVIDEND,0.33011,HKD,nan,nan,,YAHOO_CHART_EVENTS,UNOFFICIAL_FREE_VENDOR,2026-07-21T03:21:14.119840+00:00,9a271dbea58baf660de2db21ab939cc0becd2f41704abffdf38756bf346835db,
HKEX:02333,02333,2025-07-08,CASH_DIVIDEND,0.49233,HKD,nan,nan,,YAHOO_CHART_EVENTS,UNOFFICIAL_FREE_VENDOR,2026-07-21T03:21:14.119840+00:00,9a271dbea58baf660de2db21ab939cc0becd2f41704abffdf38756bf346835db,
HKEX:02333,02333,2026-07-02,CASH_DIVIDEND,0.40224,HKD,nan,nan,,YAHOO_CHART_EVENTS,UNOFFICIAL_FREE_VENDOR,2026-07-21T03:21:14.119840+00:00,9a271dbea58baf660de2db21ab939cc0becd2f41704abffdf38756bf346835db,
HKEX:02338,02338,2023-07-28,CASH_DIVIDEND,0.1719,HKD,nan,nan,,YAHOO_CHART_EVENTS,UNOFFICIAL_FREE_VENDOR,2026-07-21T03:21:14.119840+00:00,be7057332bfddc46c8ebc97a1d8894730c2af7100c29cbdced703fc48f1427fe,
HKEX:02338,02338,2023-09-28,CASH_DIVIDEND,0.2465,HKD,nan,nan,,YAHOO_CHART_EVENTS,UNOFFICIAL_FREE_VENDOR,2026-07-21T03:21:14.119840+00:00,be7057332bfddc46c8ebc97a1d8894730c2af7100c29cbdced703fc48f1427fe,
HKEX:02338,02338,2024-05-31,CASH_DIVIDEND,0.3225,HKD,nan,nan,,YAHOO_CHART_EVENTS,UNOFFICIAL_FREE_VENDOR,2026-07-21T03:21:14.119840+00:00,be7057332bfddc46c8ebc97a1d8894730c2af7100c29cbdced703fc48f1427fe,
HKEX:02338,02338,2024-09-20,CASH_DIVIDEND,0.4061,HKD,nan,nan,,YAHOO_CHART_EVENTS,UNOFFICIAL_FREE_VENDOR,2026-07-21T03:21:14.119840+00:00,be7057332bfddc46c8ebc97a1d8894730c2af7100c29cbdced703fc48f1427fe,
HKEX:02338,02338,2025-06-26,CASH_DIVIDEND,0.3791,HKD,nan,nan,,YAHOO_CHART_EVENTS,UNOFFICIAL_FREE_VENDOR,2026-07-21T03:21:14.119840+00:00,be7057332bfddc46c8ebc97a1d8894730c2af7100c29cbdced703fc48f1427fe,
HKEX:02338,02338,2025-09-25,CASH_DIVIDEND,0.3925,HKD,nan,nan,,YAHOO_CHART_EVENTS,UNOFFICIAL_FREE_VENDOR,2026-07-21T03:21:14.119840+00:00,be7057332bfddc46c8ebc97a1d8894730c2af7100c29cbdced703fc48f1427fe,
HKEX:02343,02343,2023-04-25,CASH_DIVIDEND,0.26,HKD,nan,nan,,YAHOO_CHART_EVENTS,UNOFFICIAL_FREE_VENDOR,2026-07-21T03:21:14.119840+00:00,0333b362c71aad79525bafe3bfda3d6ce23c1e21cc5f156069075dd20aafa07f,
HKEX:02343,02343,2023-08-11,CASH_DIVIDEND,0.065,HKD,nan,nan,,YAHOO_CHART_EVENTS,UNOFFICIAL_FREE_VENDOR,2026-07-21T03:21:14.119840+00:00,0333b362c71aad79525bafe3bfda3d6ce23c1e21cc5f156069075dd20aafa07f,
HKEX:02343,02343,2024-04-25,CASH_DIVIDEND,0.057,HKD,nan,nan,,YAHOO_CHART_EVENTS,UNOFFICIAL_FREE_VENDOR,2026-07-21T03:21:14.119840+00:00,0333b362c71aad79525bafe3bfda3d6ce23c1e21cc5f156069075dd20aafa07f,
HKEX:02343,02343,2024-08-21,CASH_DIVIDEND,0.041,HKD,nan,nan,,YAHOO_CHART_EVENTS,UNOFFICIAL_FREE_VENDOR,2026-07-21T03:21:14.119840+00:00,0333b362c71aad79525bafe3bfda3d6ce23c1e21cc5f156069075dd20aafa07f,
HKEX:02343,02343,2025-05-02,CASH_DIVIDEND,0.051,HKD,nan,nan,,YAHOO_CHART_EVENTS,UNOFFICIAL_FREE_VENDOR,2026-07-21T03:21:14.119840+00:00,0333b362c71aad79525bafe3bfda3d6ce23c1e21cc5f156069075dd20aafa07f,
HKEX:02343,02343,2025-08-21,CASH_DIVIDEND,0.016,HKD,nan,nan,,YAHOO_CHART_EVENTS,UNOFFICIAL_FREE_VENDOR,2026-07-21T03:21:14.119840+00:00,0333b362c71aad79525bafe3bfda3d6ce23c1e21cc5f156069075dd20aafa07f,
HKEX:02343,02343,2026-04-28,CASH_DIVIDEND,0.06,HKD,nan,nan,,YAHOO_CHART_EVENTS,UNOFFICIAL_FREE_VENDOR,2026-07-21T03:21:14.119840+00:00,0333b362c71aad79525bafe3bfda3d6ce23c1e21cc5f156069075dd20aafa07f,
HKEX:02356,02356,2023-06-07,CASH_DIVIDEND,0.29,HKD,nan,nan,,YAHOO_CHART_EVENTS,UNOFFICIAL_FREE_VENDOR,2026-07-21T03:21:14.119840+00:00,1491c8f7917f8a7fd7f4ee62336db74db9d413e4add34174d0714a9e0d9e63bd,
HKEX:02356,02356,2023-09-07,CASH_DIVIDEND,0.11,HKD,nan,nan,,YAHOO_CHART_EVENTS,UNOFFICIAL_FREE_VENDOR,2026-07-21T03:21:14.119840+00:00,1491c8f7917f8a7fd7f4ee62336db74db9d413e4add34174d0714a9e0d9e63bd,
HKEX:02356,02356,2024-06-05,CASH_DIVIDEND,0.49,HKD,nan,nan,,YAHOO_CHART_EVENTS,UNOFFICIAL_FREE_VENDOR,2026-07-21T03:21:14.119840+00:00,1491c8f7917f8a7fd7f4ee62336db74db9d413e4add34174d0714a9e0d9e63bd,
HKEX:02356,02356,2024-09-11,CASH_DIVIDEND,0.27,HKD,nan,nan,,YAHOO_CHART_EVENTS,UNOFFICIAL_FREE_VENDOR,2026-07-21T03:21:14.119840+00:00,1491c8f7917f8a7fd7f4ee62336db74db9d413e4add34174d0714a9e0d9e63bd,
HKEX:02356,02356,2025-06-04,CASH_DIVIDEND,0.39,HKD,nan,nan,,YAHOO_CHART_EVENTS,UNOFFICIAL_FREE_VENDOR,2026-07-21T03:21:14.119840+00:00,1491c8f7917f8a7fd7f4ee62336db74db9d413e4add34174d0714a9e0d9e63bd,
HKEX:02356,02356,2025-09-04,CASH_DIVIDEND,0.31,HKD,nan,nan,,YAHOO_CHART_EVENTS,UNOFFICIAL_FREE_VENDOR,2026-07-21T03:21:14.119840+00:00,1491c8f7917f8a7fd7f4ee62336db74db9d413e4add34174d0714a9e0d9e63bd,
HKEX:02356,02356,2026-06-10,CASH_DIVIDEND,0.49,HKD,nan,nan,,YAHOO_CHART_EVENTS,UNOFFICIAL_FREE_VENDOR,2026-07-21T03:21:14.119840+00:00,1491c8f7917f8a7fd7f4ee62336db74db9d413e4add34174d0714a9e0d9e63bd,
HKEX:02357,02357,2023-05-24,CASH_DIVIDEND,0.090212,HKD,nan,nan,,YAHOO_CHART_EVENTS,UNOFFICIAL_FREE_VENDOR,2026-07-21T03:21:14.119840+00:00,678cbf5e86c53eddad578f0aed1a14dff08b7d4ae4550ce7926467638204c2fd,
HKEX:02357,02357,2024-05-29,CASH_DIVIDEND,0.096702,HKD,nan,nan,,YAHOO_CHART_EVENTS,UNOFFICIAL_FREE_VENDOR,2026-07-21T03:21:14.119840+00:00,678cbf5e86c53eddad578f0aed1a14dff08b7d4ae4550ce7926467638204c2fd,
HKEX:02357,02357,2025-05-22,CASH_DIVIDEND,0.087853,HKD,nan,nan,,YAHOO_CHART_EVENTS,UNOFFICIAL_FREE_VENDOR,2026-07-21T03:21:14.119840+00:00,678cbf5e86c53eddad578f0aed1a14dff08b7d4ae4550ce7926467638204c2fd,
HKEX:02357,02357,2026-05-21,CASH_DIVIDEND,0.076102,HKD,nan,nan,,YAHOO_CHART_EVENTS,UNOFFICIAL_FREE_VENDOR,2026-07-21T03:21:14.119840+00:00,678cbf5e86c53eddad578f0aed1a14dff08b7d4ae4550ce7926467638204c2fd,
HKEX:02359,02359,2023-06-05,CASH_DIVIDEND,0.98891,HKD,nan,nan,,YAHOO_CHART_EVENTS,UNOFFICIAL_FREE_VENDOR,2026-07-21T03:21:14.119840+00:00,57be8ebd347930f334ec6da89575aae24eb28a9a3e078e3c7457bc61200d4b08,
HKEX:02359,02359,2024-06-17,CASH_DIVIDEND,1.087,HKD,nan,nan,,YAHOO_CHART_EVENTS,UNOFFICIAL_FREE_VENDOR,2026-07-21T03:21:14.119840+00:00,57be8ebd347930f334ec6da89575aae24eb28a9a3e078e3c7457bc61200d4b08,
HKEX:02359,02359,2025-05-12,CASH_DIVIDEND,0.405125,HKD,nan,nan,,YAHOO_CHART_EVENTS,UNOFFICIAL_FREE_VENDOR,2026-07-21T03:21:14.119840+00:00,57be8ebd347930f334ec6da89575aae24eb28a9a3e078e3c7457bc61200d4b08,
HKEX:02359,02359,2025-09-08,CASH_DIVIDEND,0.38463,HKD,nan,nan,,YAHOO_CHART_EVENTS,UNOFFICIAL_FREE_VENDOR,2026-07-21T03:21:14.119840+00:00,57be8ebd347930f334ec6da89575aae24eb28a9a3e078e3c7457bc61200d4b08,
HKEX:02359,02359,2026-05-13,CASH_DIVIDEND,1.8028,HKD,nan,nan,,YAHOO_CHART_EVENTS,UNOFFICIAL_FREE_VENDOR,2026-07-21T03:21:14.119840+00:00,57be8ebd347930f334ec6da89575aae24eb28a9a3e078e3c7457bc61200d4b08,
HKEX:02367,02367,2024-06-17,CASH_DIVIDEND,0.97,HKD,nan,nan,,YAHOO_CHART_EVENTS,UNOFFICIAL_FREE_VENDOR,2026-07-21T03:21:14.119840+00:00,257d29fcd42cbb6d98ae356abdddb663c1d76c41379a8470c58e3f718764a166,
HKEX:02367,02367,2025-06-17,CASH_DIVIDEND,1.3059,HKD,nan,nan,,YAHOO_CHART_EVENTS,UNOFFICIAL_FREE_VENDOR,2026-07-21T03:21:14.119840+00:00,257d29fcd42cbb6d98ae356abdddb663c1d76c41379a8470c58e3f718764a166,
HKEX:02367,02367,2026-06-01,CASH_DIVIDEND,1.3894,HKD,nan,nan,,YAHOO_CHART_EVENTS,UNOFFICIAL_FREE_VENDOR,2026-07-21T03:21:14.119840+00:00,257d29fcd42cbb6d98ae356abdddb663c1d76c41379a8470c58e3f718764a166,
HKEX:02378,02378,2023-03-23,CASH_DIVIDEND,1.1013861,HKD,nan,nan,,YAHOO_CHART_EVENTS,UNOFFICIAL_FREE_VENDOR,2026-07-21T03:21:14.119840+00:00,4cc84799ac60d43324eb34c063e57d09fd97648151dbc3969510331faa66173e,
HKEX:02378,02378,2023-09-07,CASH_DIVIDEND,0.54278046,HKD,nan,nan,,YAHOO_CHART_EVENTS,UNOFFICIAL_FREE_VENDOR,2026-07-21T03:21:14.119840+00:00,4cc84799ac60d43324eb34c063e57d09fd97648151dbc3969510331faa66173e,
HKEX:02378,02378,2024-03-28,CASH_DIVIDEND,1.1942308,HKD,nan,nan,,YAHOO_CHART_EVENTS,UNOFFICIAL_FREE_VENDOR,2026-07-21T03:21:14.119840+00:00,4cc84799ac60d43324eb34c063e57d09fd97648151dbc3969510331faa66173e,
HKEX:02378,02378,2024-09-05,CASH_DIVIDEND,0.5491295,HKD,nan,nan,,YAHOO_CHART_EVENTS,UNOFFICIAL_FREE_VENDOR,2026-07-21T03:21:14.119840+00:00,4cc84799ac60d43324eb34c063e57d09fd97648151dbc3969510331faa66173e,
HKEX:02378,02378,2025-03-27,CASH_DIVIDEND,1.263835,HKD,nan,nan,,YAHOO_CHART_EVENTS,UNOFFICIAL_FREE_VENDOR,2026-07-21T03:21:14.119840+00:00,4cc84799ac60d43324eb34c063e57d09fd97648151dbc3969510331faa66173e,
HKEX:02378,02378,2025-09-04,CASH_DIVIDEND,0.599821,HKD,nan,nan,,YAHOO_CHART_EVENTS,UNOFFICIAL_FREE_VENDOR,2026-07-21T03:21:14.119840+00:00,4cc84799ac60d43324eb34c063e57d09fd97648151dbc3969510331faa66173e,
HKEX:02378,02378,2026-03-26,CASH_DIVIDEND,1.480415,HKD,nan,nan,,YAHOO_CHART_EVENTS,UNOFFICIAL_FREE_VENDOR,2026-07-21T03:21:14.119840+00:00,4cc84799ac60d43324eb34c063e57d09fd97648151dbc3969510331faa66173e,
HKEX:02380,02380,2023-06-12,CASH_DIVIDEND,0.1256,HKD,nan,nan,,YAHOO_CHART_EVENTS,UNOFFICIAL_FREE_VENDOR,2026-07-21T03:21:14.119840+00:00,44b853f5da418d6a9fb741b38d2a353f8be77d8bf18c39f92f26cd876a049519,
HKEX:02380,02380,2024-06-11,CASH_DIVIDEND,0.1455,HKD,nan,nan,,YAHOO_CHART_EVENTS,UNOFFICIAL_FREE_VENDOR,2026-07-21T03:21:14.119840+00:00,44b853f5da418d6a9fb741b38d2a353f8be77d8bf18c39f92f26cd876a049519,
HKEX:02380,02380,2024-09-30,CASH_DIVIDEND,0.0547,HKD,nan,nan,,YAHOO_CHART_EVENTS,UNOFFICIAL_FREE_VENDOR,2026-07-21T03:21:14.119840+00:00,44b853f5da418d6a9fb741b38d2a353f8be77d8bf18c39f92f26cd876a049519,
HKEX:02380,02380,2025-06-09,CASH_DIVIDEND,0.1754,HKD,nan,nan,,YAHOO_CHART_EVENTS,UNOFFICIAL_FREE_VENDOR,2026-07-21T03:21:14.119840+00:00,44b853f5da418d6a9fb741b38d2a353f8be77d8bf18c39f92f26cd876a049519,
HKEX:02380,02380,2026-06-10,CASH_DIVIDEND,0.1911,HKD,nan,nan,,YAHOO_CHART_EVENTS,UNOFFICIAL_FREE_VENDOR,2026-07-21T03:21:14.119840+00:00,44b853f5da418d6a9fb741b38d2a353f8be77d8bf18c39f92f26cd876a049519,
HKEX:02382,02382,2023-05-30,CASH_DIVIDEND,0.5,HKD,nan,nan,,YAHOO_CHART_EVENTS,UNOFFICIAL_FREE_VENDOR,2026-07-21T03:21:14.119840+00:00,ed3136dd01bd791ff82a0d98cdfe16fc617e88044302de8871faae0ed7158c11,
HKEX:02382,02382,2024-05-30,CASH_DIVIDEND,0.219,HKD,nan,nan,,YAHOO_CHART_EVENTS,UNOFFICIAL_FREE_VENDOR,2026-07-21T03:21:14.119840+00:00,ed3136dd01bd791ff82a0d98cdfe16fc617e88044302de8871faae0ed7158c11,
HKEX:02382,02382,2025-06-05,CASH_DIVIDEND,0.532,HKD,nan,nan,,YAHOO_CHART_EVENTS,UNOFFICIAL_FREE_VENDOR,2026-07-21T03:21:14.119840+00:00,ed3136dd01bd791ff82a0d98cdfe16fc617e88044302de8871faae0ed7158c11,
HKEX:02382,02382,2026-06-05,CASH_DIVIDEND,1.206,HKD,nan,nan,,YAHOO_CHART_EVENTS,UNOFFICIAL_FREE_VENDOR,2026-07-21T03:21:14.119840+00:00,ed3136dd01bd791ff82a0d98cdfe16fc617e88044302de8871faae0ed7158c11,
HKEX:02386,02386,2023-05-30,CASH_DIVIDEND,0.2335,HKD,nan,nan,,YAHOO_CHART_EVENTS,UNOFFICIAL_FREE_VENDOR,2026-07-21T03:21:14.119840+00:00,43200af386ef7c7a616f1d9439f8352346359cad51ae25589e96d5ac852519a9,
HKEX:02386,02386,2023-09-05,CASH_DIVIDEND,0.1296,HKD,nan,nan,,YAHOO_CHART_EVENTS,UNOFFICIAL_FREE_VENDOR,2026-07-21T03:21:14.119840+00:00,43200af386ef7c7a616f1d9439f8352346359cad51ae25589e96d5ac852519a9,
HKEX:02386,02386,2024-05-14,CASH_DIVIDEND,0.2466,HKD,nan,nan,,YAHOO_CHART_EVENTS,UNOFFICIAL_FREE_VENDOR,2026-07-21T03:21:14.119840+00:00,43200af386ef7c7a616f1d9439f8352346359cad51ae25589e96d5ac852519a9,
HKEX:02386,02386,2024-09-03,CASH_DIVIDEND,0.1636,HKD,nan,nan,,YAHOO_CHART_EVENTS,UNOFFICIAL_FREE_VENDOR,2026-07-21T03:21:14.119840+00:00,43200af386ef7c7a616f1d9439f8352346359cad51ae25589e96d5ac852519a9,
HKEX:02386,02386,2025-05-13,CASH_DIVIDEND,0.224,HKD,nan,nan,,YAHOO_CHART_EVENTS,UNOFFICIAL_FREE_VENDOR,2026-07-21T03:21:14.119840+00:00,43200af386ef7c7a616f1d9439f8352346359cad51ae25589e96d5ac852519a9,
HKEX:02386,02386,2025-09-02,CASH_DIVIDEND,0.176,HKD,nan,nan,,YAHOO_CHART_EVENTS,UNOFFICIAL_FREE_VENDOR,2026-07-21T03:21:14.119840+00:00,43200af386ef7c7a616f1d9439f8352346359cad51ae25589e96d5ac852519a9,
HKEX:02386,02386,2026-06-09,CASH_DIVIDEND,0.2292,HKD,nan,nan,,YAHOO_CHART_EVENTS,UNOFFICIAL_FREE_VENDOR,2026-07-21T03:21:14.119840+00:00,43200af386ef7c7a616f1d9439f8352346359cad51ae25589e96d5ac852519a9,
HKEX:02388,02388,2023-07-03,CASH_DIVIDEND,0.91,HKD,nan,nan,,YAHOO_CHART_EVENTS,UNOFFICIAL_FREE_VENDOR,2026-07-21T03:21:14.119840+00:00,7f3332efa8074039222d371080a5bd95fce0573f62eb91cbe0b2cb35d9b07ade,
HKEX:02388,02388,2023-09-14,CASH_DIVIDEND,0.527,HKD,nan,nan,,YAHOO_CHART_EVENTS,UNOFFICIAL_FREE_VENDOR,2026-07-21T03:21:14.119840+00:00,7f3332efa8074039222d371080a5bd95fce0573f62eb91cbe0b2cb35d9b07ade,
HKEX:02388,02388,2024-07-02,CASH_DIVIDEND,1.145,HKD,nan,nan,,YAHOO_CHART_EVENTS,UNOFFICIAL_FREE_VENDOR,2026-07-21T03:21:14.119840+00:00,7f3332efa8074039222d371080a5bd95fce0573f62eb91cbe0b2cb35d9b07ade,
HKEX:02388,02388,2024-09-12,CASH_DIVIDEND,0.57,HKD,nan,nan,,YAHOO_CHART_EVENTS,UNOFFICIAL_FREE_VENDOR,2026-07-21T03:21:14.119840+00:00,7f3332efa8074039222d371080a5bd95fce0573f62eb91cbe0b2cb35d9b07ade,
HKEX:02388,02388,2025-05-14,CASH_DIVIDEND,0.29,HKD,nan,nan,,YAHOO_CHART_EVENTS,UNOFFICIAL_FREE_VENDOR,2026-07-21T03:21:14.119840+00:00,7f3332efa8074039222d371080a5bd95fce0573f62eb91cbe0b2cb35d9b07ade,
HKEX:02388,02388,2025-06-30,CASH_DIVIDEND,1.419,HKD,nan,nan,,YAHOO_CHART_EVENTS,UNOFFICIAL_FREE_VENDOR,2026-07-21T03:21:14.119840+00:00,7f3332efa8074039222d371080a5bd95fce0573f62eb91cbe0b2cb35d9b07ade,
HKEX:02388,02388,2025-09-11,CASH_DIVIDEND,0.29,HKD,nan,nan,,YAHOO_CHART_EVENTS,UNOFFICIAL_FREE_VENDOR,2026-07-21T03:21:14.119840+00:00,7f3332efa8074039222d371080a5bd95fce0573f62eb91cbe0b2cb35d9b07ade,
HKEX:02388,02388,2025-11-12,CASH_DIVIDEND,0.29,HKD,nan,nan,,YAHOO_CHART_EVENTS,UNOFFICIAL_FREE_VENDOR,2026-07-21T03:21:14.119840+00:00,7f3332efa8074039222d371080a5bd95fce0573f62eb91cbe0b2cb35d9b07ade,
HKEX:02388,02388,2026-05-13,CASH_DIVIDEND,0.29,HKD,nan,nan,,YAHOO_CHART_EVENTS,UNOFFICIAL_FREE_VENDOR,2026-07-21T03:21:14.119840+00:00,7f3332efa8074039222d371080a5bd95fce0573f62eb91cbe0b2cb35d9b07ade,
HKEX:02388,02388,2026-06-29,CASH_DIVIDEND,1.255,HKD,nan,nan,,YAHOO_CHART_EVENTS,UNOFFICIAL_FREE_VENDOR,2026-07-21T03:21:14.119840+00:00,7f3332efa8074039222d371080a5bd95fce0573f62eb91cbe0b2cb35d9b07ade,
HKEX:02400,02400,2025-06-04,CASH_DIVIDEND,0.4,HKD,nan,nan,,YAHOO_CHART_EVENTS,UNOFFICIAL_FREE_VENDOR,2026-07-21T03:21:14.119840+00:00,f97ead8c393fd317e0475ed81b3699ce292c3b2a8d5edf45b261df46fc42832f,
HKEX:02402,02402,2023-06-21,STOCK_SPLIT_OR_CONSOLIDATION,nan,HKD,14.0,10.0,,YAHOO_CHART_EVENTS,UNOFFICIAL_FREE_VENDOR,2026-07-21T03:21:14.119840+00:00,6ea52f38294b62f554f2bc235c3b3bcfad164171b2f39a38d50d811066c97c81,14:10
HKEX:02402,02402,2024-07-04,STOCK_SPLIT_OR_CONSOLIDATION,nan,HKD,14.0,10.0,,YAHOO_CHART_EVENTS,UNOFFICIAL_FREE_VENDOR,2026-07-21T03:21:14.119840+00:00,6ea52f38294b62f554f2bc235c3b3bcfad164171b2f39a38d50d811066c97c81,14:10
HKEX:02419,02419,2025-04-24,CASH_DIVIDEND,0.968355,HKD,nan,nan,,YAHOO_CHART_EVENTS,UNOFFICIAL_FREE_VENDOR,2026-07-21T03:21:14.119840+00:00,dbff9ca9988adbb850fe6c82d525195caa5b213e2cc8bdeb9a2bd60a18900b89,
HKEX:02423,02423,2023-09-14,CASH_DIVIDEND,0.4468914,HKD,nan,nan,,YAHOO_CHART_EVENTS,UNOFFICIAL_FREE_VENDOR,2026-07-21T03:21:14.119840+00:00,009318c4339fbef8621209544d8b803e76e65eafd65df00b4e248affb0e26e2d,
HKEX:02423,02423,2024-04-03,CASH_DIVIDEND,0.9173034,HKD,nan,nan,,YAHOO_CHART_EVENTS,UNOFFICIAL_FREE_VENDOR,2026-07-21T03:21:14.119840+00:00,009318c4339fbef8621209544d8b803e76e65eafd65df00b4e248affb0e26e2d,
HKEX:02423,02423,2025-04-08,CASH_DIVIDEND,0.940824,HKD,nan,nan,,YAHOO_CHART_EVENTS,UNOFFICIAL_FREE_VENDOR,2026-07-21T03:21:14.119840+00:00,009318c4339fbef8621209544d8b803e76e65eafd65df00b4e248affb0e26e2d,
HKEX:02423,02423,2026-04-02,CASH_DIVIDEND,0.7212984,HKD,nan,nan,,YAHOO_CHART_EVENTS,UNOFFICIAL_FREE_VENDOR,2026-07-21T03:21:14.119840+00:00,009318c4339fbef8621209544d8b803e76e65eafd65df00b4e248affb0e26e2d,
HKEX:02460,02460,2025-06-12,CASH_DIVIDEND,0.527,HKD,nan,nan,,YAHOO_CHART_EVENTS,UNOFFICIAL_FREE_VENDOR,2026-07-21T03:21:14.119840+00:00,2616a65c35d0177ba7672c12dc433c1691ef065095ff79909c8cacb19e4addcd,
HKEX:02460,02460,2025-09-11,CASH_DIVIDEND,0.129,HKD,nan,nan,,YAHOO_CHART_EVENTS,UNOFFICIAL_FREE_VENDOR,2026-07-21T03:21:14.119840+00:00,2616a65c35d0177ba7672c12dc433c1691ef065095ff79909c8cacb19e4addcd,
HKEX:02460,02460,2026-07-13,CASH_DIVIDEND,0.29,HKD,nan,nan,,YAHOO_CHART_EVENTS,UNOFFICIAL_FREE_VENDOR,2026-07-21T03:21:14.119840+00:00,2616a65c35d0177ba7672c12dc433c1691ef065095ff79909c8cacb19e4addcd,
HKEX:02473,02473,2024-12-05,STOCK_SPLIT_OR_CONSOLIDATION,nan,HKD,3.0,1.0,,YAHOO_CHART_EVENTS,UNOFFICIAL_FREE_VENDOR,2026-07-21T03:21:14.119840+00:00,5879ffe79c0977fd3338df10491b27b1d37235a53756150aea9353a3f205165a,3:1
HKEX:02477,02477,2025-03-31,STOCK_SPLIT_OR_CONSOLIDATION,nan,HKD,2.0,1.0,,YAHOO_CHART_EVENTS,UNOFFICIAL_FREE_VENDOR,2026-07-21T03:21:14.119840+00:00,2bd68afd28f7c8f3f5d2cb8a853c21dc2a0b1a54b09f440c0ae0e68732626e19,2:1
HKEX:02477,02477,2026-04-21,STOCK_SPLIT_OR_CONSOLIDATION,nan,HKD,4.0,1.0,,YAHOO_CHART_EVENTS,UNOFFICIAL_FREE_VENDOR,2026-07-21T03:21:14.119840+00:00,2bd68afd28f7c8f3f5d2cb8a853c21dc2a0b1a54b09f440c0ae0e68732626e19,4:1
HKEX:02507,02507,2025-06-24,CASH_DIVIDEND,0.782,HKD,nan,nan,,YAHOO_CHART_EVENTS,UNOFFICIAL_FREE_VENDOR,2026-07-21T03:21:14.119840+00:00,1a14686c9df9e43fbc56c1d61cc573d35368519a4dfc8b369f05cef8c6607c7b,
HKEX:02507,02507,2026-06-30,CASH_DIVIDEND,0.9372,HKD,nan,nan,,YAHOO_CHART_EVENTS,UNOFFICIAL_FREE_VENDOR,2026-07-21T03:21:14.119840+00:00,1a14686c9df9e43fbc56c1d61cc573d35368519a4dfc8b369f05cef8c6607c7b,
HKEX:02510,02510,2025-06-02,CASH_DIVIDEND,0.858,HKD,nan,nan,,YAHOO_CHART_EVENTS,UNOFFICIAL_FREE_VENDOR,2026-07-21T03:21:14.119840+00:00,9ad081b3f3aad674be585020b4299a09ce985ff45a0f5211aeb90b6a91bb2469,
HKEX:02510,02510,2026-05-28,CASH_DIVIDEND,0.78,HKD,nan,nan,,YAHOO_CHART_EVENTS,UNOFFICIAL_FREE_VENDOR,2026-07-21T03:21:14.119840+00:00,9ad081b3f3aad674be585020b4299a09ce985ff45a0f5211aeb90b6a91bb2469,
HKEX:02517,02517,2024-07-02,CASH_DIVIDEND,0.0571,HKD,nan,nan,,YAHOO_CHART_EVENTS,UNOFFICIAL_FREE_VENDOR,2026-07-21T03:21:14.119840+00:00,bfac3c53fb06599adb340bd74d560a1d226493a9090837066f1444a7e42fa130,
HKEX:02517,02517,2025-07-02,CASH_DIVIDEND,0.0817,HKD,nan,nan,,YAHOO_CHART_EVENTS,UNOFFICIAL_FREE_VENDOR,2026-07-21T03:21:14.119840+00:00,bfac3c53fb06599adb340bd74d560a1d226493a9090837066f1444a7e42fa130,
HKEX:02517,02517,2025-08-26,CASH_DIVIDEND,0.0785,HKD,nan,nan,,YAHOO_CHART_EVENTS,UNOFFICIAL_FREE_VENDOR,2026-07-21T03:21:14.119840+00:00,bfac3c53fb06599adb340bd74d560a1d226493a9090837066f1444a7e42fa130,
HKEX:02517,02517,2026-05-04,CASH_DIVIDEND,0.0435,HKD,nan,nan,,YAHOO_CHART_EVENTS,UNOFFICIAL_FREE_VENDOR,2026-07-21T03:21:14.119840+00:00,bfac3c53fb06599adb340bd74d560a1d226493a9090837066f1444a7e42fa130,
HKEX:02555,02555,2025-01-06,CASH_DIVIDEND,0.388836,HKD,nan,nan,,YAHOO_CHART_EVENTS,UNOFFICIAL_FREE_VENDOR,2026-07-21T03:21:14.119840+00:00,2ebfc23bf7149d78dc29e2bbe1d5f850f3dde36c363320bf7b5c72e467d0260b,
HKEX:02555,02555,2025-05-26,CASH_DIVIDEND,0.217537,HKD,nan,nan,,YAHOO_CHART_EVENTS,UNOFFICIAL_FREE_VENDOR,2026-07-21T03:21:14.119840+00:00,2ebfc23bf7149d78dc29e2bbe1d5f850f3dde36c363320bf7b5c72e467d0260b,
HKEX:02555,02555,2025-09-26,CASH_DIVIDEND,0.196788,HKD,nan,nan,,YAHOO_CHART_EVENTS,UNOFFICIAL_FREE_VENDOR,2026-07-21T03:21:14.119840+00:00,2ebfc23bf7149d78dc29e2bbe1d5f850f3dde36c363320bf7b5c72e467d0260b,
HKEX:02555,02555,2026-05-26,CASH_DIVIDEND,0.206193,HKD,nan,nan,,YAHOO_CHART_EVENTS,UNOFFICIAL_FREE_VENDOR,2026-07-21T03:21:14.119840+00:00,2ebfc23bf7149d78dc29e2bbe1d5f850f3dde36c363320bf7b5c72e467d0260b,
HKEX:02579,02579,2026-06-09,CASH_DIVIDEND,0.435138,HKD,nan,nan,,YAHOO_CHART_EVENTS,UNOFFICIAL_FREE_VENDOR,2026-07-21T03:21:14.119840+00:00,b06ada8651b7d3f80fa16d37e3fcf4589c7f40e8218f98972c11c2048b24a93e,
HKEX:02588,02588,2023-06-01,CASH_DIVIDEND,1.3872,HKD,nan,nan,,YAHOO_CHART_EVENTS,UNOFFICIAL_FREE_VENDOR,2026-07-21T03:21:14.119840+00:00,ba21a870574d59da9bd9c8a605af291a08b593eeb8fb17db05b28717499f12a1,
HKEX:02588,02588,2023-09-25,CASH_DIVIDEND,0.8855,HKD,nan,nan,,YAHOO_CHART_EVENTS,UNOFFICIAL_FREE_VENDOR,2026-07-21T03:21:14.119840+00:00,ba21a870574d59da9bd9c8a605af291a08b593eeb8fb17db05b28717499f12a1,
HKEX:02588,02588,2024-06-03,CASH_DIVIDEND,2.1254,HKD,nan,nan,,YAHOO_CHART_EVENTS,UNOFFICIAL_FREE_VENDOR,2026-07-21T03:21:14.119840+00:00,ba21a870574d59da9bd9c8a605af291a08b593eeb8fb17db05b28717499f12a1,
HKEX:02588,02588,2024-09-23,CASH_DIVIDEND,1.5465,HKD,nan,nan,,YAHOO_CHART_EVENTS,UNOFFICIAL_FREE_VENDOR,2026-07-21T03:21:14.119840+00:00,ba21a870574d59da9bd9c8a605af291a08b593eeb8fb17db05b28717499f12a1,
HKEX:02588,02588,2025-06-02,CASH_DIVIDEND,2.0953,HKD,nan,nan,,YAHOO_CHART_EVENTS,UNOFFICIAL_FREE_VENDOR,2026-07-21T03:21:14.119840+00:00,ba21a870574d59da9bd9c8a605af291a08b593eeb8fb17db05b28717499f12a1,
HKEX:02588,02588,2025-09-22,CASH_DIVIDEND,1.1483,HKD,nan,nan,,YAHOO_CHART_EVENTS,UNOFFICIAL_FREE_VENDOR,2026-07-21T03:21:14.119840+00:00,ba21a870574d59da9bd9c8a605af291a08b593eeb8fb17db05b28717499f12a1,
HKEX:02588,02588,2026-06-04,CASH_DIVIDEND,2.3983,HKD,nan,nan,,YAHOO_CHART_EVENTS,UNOFFICIAL_FREE_VENDOR,2026-07-21T03:21:14.119840+00:00,ba21a870574d59da9bd9c8a605af291a08b593eeb8fb17db05b28717499f12a1,
HKEX:02589,02589,2025-12-12,CASH_DIVIDEND,0.743755,HKD,nan,nan,,YAHOO_CHART_EVENTS,UNOFFICIAL_FREE_VENDOR,2026-07-21T03:21:14.119840+00:00,052d537d49fbbd7e9f60fb7dda16d4c7deec70751b2e9eb59380ee0468b08ea3,
HKEX:02589,02589,2026-06-26,CASH_DIVIDEND,1.150131,HKD,nan,nan,,YAHOO_CHART_EVENTS,UNOFFICIAL_FREE_VENDOR,2026-07-21T03:21:14.119840+00:00,052d537d49fbbd7e9f60fb7dda16d4c7deec70751b2e9eb59380ee0468b08ea3,
HKEX:02600,02600,2023-06-23,CASH_DIVIDEND,0.0394,HKD,nan,nan,,YAHOO_CHART_EVENTS,UNOFFICIAL_FREE_VENDOR,2026-07-21T03:21:14.119840+00:00,f45ea297e108423773b8b7411b911af9b3434612733e6461e81efa6218974736,
HKEX:02600,02600,2024-06-27,CASH_DIVIDEND,0.0877,HKD,nan,nan,,YAHOO_CHART_EVENTS,UNOFFICIAL_FREE_VENDOR,2026-07-21T03:21:14.119840+00:00,f45ea297e108423773b8b7411b911af9b3434612733e6461e81efa6218974736,
HKEX:02600,02600,2024-11-21,CASH_DIVIDEND,0.0887,HKD,nan,nan,,YAHOO_CHART_EVENTS,UNOFFICIAL_FREE_VENDOR,2026-07-21T03:21:14.119840+00:00,f45ea297e108423773b8b7411b911af9b3434612733e6461e81efa6218974736,
HKEX:02600,02600,2025-06-30,CASH_DIVIDEND,0.1479,HKD,nan,nan,,YAHOO_CHART_EVENTS,UNOFFICIAL_FREE_VENDOR,2026-07-21T03:21:14.119840+00:00,f45ea297e108423773b8b7411b911af9b3434612733e6461e81efa6218974736,
HKEX:02600,02600,2025-09-09,CASH_DIVIDEND,0.1348,HKD,nan,nan,,YAHOO_CHART_EVENTS,UNOFFICIAL_FREE_VENDOR,2026-07-21T03:21:14.119840+00:00,f45ea297e108423773b8b7411b911af9b3434612733e6461e81efa6218974736,
HKEX:02600,02600,2026-06-30,CASH_DIVIDEND,0.169,HKD,nan,nan,,YAHOO_CHART_EVENTS,UNOFFICIAL_FREE_VENDOR,2026-07-21T03:21:14.119840+00:00,f45ea297e108423773b8b7411b911af9b3434612733e6461e81efa6218974736,
HKEX:02601,02601,2023-05-30,CASH_DIVIDEND,1.13419,HKD,nan,nan,,YAHOO_CHART_EVENTS,UNOFFICIAL_FREE_VENDOR,2026-07-21T03:21:14.119840+00:00,be63ad41e8cc4add51fb7119075867a4a27b9e12ce3abf2dd9d38a46302addec,
HKEX:02601,02601,2024-06-12,CASH_DIVIDEND,1.121439,HKD,nan,nan,,YAHOO_CHART_EVENTS,UNOFFICIAL_FREE_VENDOR,2026-07-21T03:21:14.119840+00:00,be63ad41e8cc4add51fb7119075867a4a27b9e12ce3abf2dd9d38a46302addec,
HKEX:02601,02601,2025-06-13,CASH_DIVIDEND,1.179258,HKD,nan,nan,,YAHOO_CHART_EVENTS,UNOFFICIAL_FREE_VENDOR,2026-07-21T03:21:14.119840+00:00,be63ad41e8cc4add51fb7119075867a4a27b9e12ce3abf2dd9d38a46302addec,
HKEX:02601,02601,2026-06-12,CASH_DIVIDEND,1.321705,HKD,nan,nan,,YAHOO_CHART_EVENTS,UNOFFICIAL_FREE_VENDOR,2026-07-21T03:21:14.119840+00:00,be63ad41e8cc4add51fb7119075867a4a27b9e12ce3abf2dd9d38a46302addec,
HKEX:02602,02602,2023-06-20,CASH_DIVIDEND,0.26426,HKD,nan,nan,,YAHOO_CHART_EVENTS,UNOFFICIAL_FREE_VENDOR,2026-07-21T03:21:14.119840+00:00,722e6c9fe6d25bc8bfb4200c6acd348cb4365fedd11598db5d0d72e612c0ea30,
HKEX:02602,02602,2023-12-14,CASH_DIVIDEND,0.3461,HKD,nan,nan,,YAHOO_CHART_EVENTS,UNOFFICIAL_FREE_VENDOR,2026-07-21T03:21:14.119840+00:00,722e6c9fe6d25bc8bfb4200c6acd348cb4365fedd11598db5d0d72e612c0ea30,
HKEX:02602,02602,2024-01-02,CASH_DIVIDEND,0.3461,HKD,nan,nan,,YAHOO_CHART_EVENTS,UNOFFICIAL_FREE_VENDOR,2026-07-21T03:21:14.119840+00:00,722e6c9fe6d25bc8bfb4200c6acd348cb4365fedd11598db5d0d72e612c0ea30,
HKEX:02602,02602,2024-05-14,CASH_DIVIDEND,0.8553,HKD,nan,nan,,YAHOO_CHART_EVENTS,UNOFFICIAL_FREE_VENDOR,2026-07-21T03:21:14.119840+00:00,722e6c9fe6d25bc8bfb4200c6acd348cb4365fedd11598db5d0d72e612c0ea30,
HKEX:02602,02602,2024-10-02,CASH_DIVIDEND,1.131,HKD,nan,nan,,YAHOO_CHART_EVENTS,UNOFFICIAL_FREE_VENDOR,2026-07-21T03:21:14.119840+00:00,722e6c9fe6d25bc8bfb4200c6acd348cb4365fedd11598db5d0d72e612c0ea30,
HKEX:02602,02602,2025-05-20,CASH_DIVIDEND,0.948,HKD,nan,nan,,YAHOO_CHART_EVENTS,UNOFFICIAL_FREE_VENDOR,2026-07-21T03:21:14.119840+00:00,722e6c9fe6d25bc8bfb4200c6acd348cb4365fedd11598db5d0d72e612c0ea30,
HKEX:02602,02602,2025-09-05,CASH_DIVIDEND,1.043,HKD,nan,nan,,YAHOO_CHART_EVENTS,UNOFFICIAL_FREE_VENDOR,2026-07-21T03:21:14.119840+00:00,722e6c9fe6d25bc8bfb4200c6acd348cb4365fedd11598db5d0d72e612c0ea30,
HKEX:02602,02602,2026-05-12,CASH_DIVIDEND,0.624,HKD,nan,nan,,YAHOO_CHART_EVENTS,UNOFFICIAL_FREE_VENDOR,2026-07-21T03:21:14.119840+00:00,722e6c9fe6d25bc8bfb4200c6acd348cb4365fedd11598db5d0d72e612c0ea30,
HKEX:02603,02603,2025-10-14,CASH_DIVIDEND,0.1976,HKD,nan,nan,,YAHOO_CHART_EVENTS,UNOFFICIAL_FREE_VENDOR,2026-07-21T03:21:14.119840+00:00,503a65ad960b94e5cfd5ec3532e6226cd211ded50b7a329dfe4279963afb6448,
HKEX:02603,02603,2026-05-04,CASH_DIVIDEND,0.20569,HKD,nan,nan,,YAHOO_CHART_EVENTS,UNOFFICIAL_FREE_VENDOR,2026-07-21T03:21:14.119840+00:00,503a65ad960b94e5cfd5ec3532e6226cd211ded50b7a329dfe4279963afb6448,
HKEX:02607,02607,2023-07-18,CASH_DIVIDEND,0.663798,HKD,nan,nan,,YAHOO_CHART_EVENTS,UNOFFICIAL_FREE_VENDOR,2026-07-21T03:21:14.119840+00:00,ebb06666e75a166f2d059c514732b7dbb51bd8e562990ca3fc2d93da301d60ab,
HKEX:02607,02607,2024-07-18,CASH_DIVIDEND,0.440674,HKD,nan,nan,,YAHOO_CHART_EVENTS,UNOFFICIAL_FREE_VENDOR,2026-07-21T03:21:14.119840+00:00,ebb06666e75a166f2d059c514732b7dbb51bd8e562990ca3fc2d93da301d60ab,
HKEX:02607,02607,2024-09-17,CASH_DIVIDEND,0.087355,HKD,nan,nan,,YAHOO_CHART_EVENTS,UNOFFICIAL_FREE_VENDOR,2026-07-21T03:21:14.119840+00:00,ebb06666e75a166f2d059c514732b7dbb51bd8e562990ca3fc2d93da301d60ab,
HKEX:02607,02607,2025-07-16,CASH_DIVIDEND,0.31697,HKD,nan,nan,,YAHOO_CHART_EVENTS,UNOFFICIAL_FREE_VENDOR,2026-07-21T03:21:14.119840+00:00,ebb06666e75a166f2d059c514732b7dbb51bd8e562990ca3fc2d93da301d60ab,
HKEX:02607,02607,2025-12-29,CASH_DIVIDEND,0.13215,HKD,nan,nan,,YAHOO_CHART_EVENTS,UNOFFICIAL_FREE_VENDOR,2026-07-21T03:21:14.119840+00:00,ebb06666e75a166f2d059c514732b7dbb51bd8e562990ca3fc2d93da301d60ab,
HKEX:02607,02607,2026-07-15,CASH_DIVIDEND,0.40477,HKD,nan,nan,,YAHOO_CHART_EVENTS,UNOFFICIAL_FREE_VENDOR,2026-07-21T03:21:14.119840+00:00,ebb06666e75a166f2d059c514732b7dbb51bd8e562990ca3fc2d93da301d60ab,
HKEX:02610,02610,2025-09-18,CASH_DIVIDEND,0.65,HKD,nan,nan,,YAHOO_CHART_EVENTS,UNOFFICIAL_FREE_VENDOR,2026-07-21T03:21:14.119840+00:00,4d1aff8f6fd547a7fbf9451e4403684cd9f7022fac99920875eec8b6669a598b,
HKEX:02610,02610,2026-06-11,CASH_DIVIDEND,0.41,HKD,nan,nan,,YAHOO_CHART_EVENTS,UNOFFICIAL_FREE_VENDOR,2026-07-21T03:21:14.119840+00:00,4d1aff8f6fd547a7fbf9451e4403684cd9f7022fac99920875eec8b6669a598b,
HKEX:02611,02611,2023-06-09,CASH_DIVIDEND,0.588872,HKD,nan,nan,,YAHOO_CHART_EVENTS,UNOFFICIAL_FREE_VENDOR,2026-07-21T03:21:14.119840+00:00,8e8b45fb12f4d96b3e41635fe9831a2ffaa44c04de36a8918a18289b9c3fea2e,
HKEX:02611,02611,2024-06-03,CASH_DIVIDEND,0.439555,HKD,nan,nan,,YAHOO_CHART_EVENTS,UNOFFICIAL_FREE_VENDOR,2026-07-21T03:21:14.119840+00:00,8e8b45fb12f4d96b3e41635fe9831a2ffaa44c04de36a8918a18289b9c3fea2e,
HKEX:02611,02611,2024-09-11,CASH_DIVIDEND,0.164172,HKD,nan,nan,,YAHOO_CHART_EVENTS,UNOFFICIAL_FREE_VENDOR,2026-07-21T03:21:14.119840+00:00,8e8b45fb12f4d96b3e41635fe9831a2ffaa44c04de36a8918a18289b9c3fea2e,
HKEX:02611,02611,2025-06-11,CASH_DIVIDEND,0.305111,HKD,nan,nan,,YAHOO_CHART_EVENTS,UNOFFICIAL_FREE_VENDOR,2026-07-21T03:21:14.119840+00:00,8e8b45fb12f4d96b3e41635fe9831a2ffaa44c04de36a8918a18289b9c3fea2e,
HKEX:02611,02611,2025-09-11,CASH_DIVIDEND,0.164445,HKD,nan,nan,,YAHOO_CHART_EVENTS,UNOFFICIAL_FREE_VENDOR,2026-07-21T03:21:14.119840+00:00,8e8b45fb12f4d96b3e41635fe9831a2ffaa44c04de36a8918a18289b9c3fea2e,
HKEX:02611,02611,2026-05-05,CASH_DIVIDEND,0.39961,HKD,nan,nan,,YAHOO_CHART_EVENTS,UNOFFICIAL_FREE_VENDOR,2026-07-21T03:21:14.119840+00:00,8e8b45fb12f4d96b3e41635fe9831a2ffaa44c04de36a8918a18289b9c3fea2e,
HKEX:02628,02628,2023-07-05,CASH_DIVIDEND,0.53321,HKD,nan,nan,,YAHOO_CHART_EVENTS,UNOFFICIAL_FREE_VENDOR,2026-07-21T03:21:14.119840+00:00,f5cd0d5d776ef86255e59f12c63c5c64416a2455beff86aae05fc8319b9eb5ba,
HKEX:02628,02628,2024-07-03,CASH_DIVIDEND,0.47127,HKD,nan,nan,,YAHOO_CHART_EVENTS,UNOFFICIAL_FREE_VENDOR,2026-07-21T03:21:14.119840+00:00,f5cd0d5d776ef86255e59f12c63c5c64416a2455beff86aae05fc8319b9eb5ba,
HKEX:02628,02628,2024-11-05,CASH_DIVIDEND,0.21806,HKD,nan,nan,,YAHOO_CHART_EVENTS,UNOFFICIAL_FREE_VENDOR,2026-07-21T03:21:14.119840+00:00,f5cd0d5d776ef86255e59f12c63c5c64416a2455beff86aae05fc8319b9eb5ba,
HKEX:02628,02628,2025-07-02,CASH_DIVIDEND,0.49286,HKD,nan,nan,,YAHOO_CHART_EVENTS,UNOFFICIAL_FREE_VENDOR,2026-07-21T03:21:14.119840+00:00,f5cd0d5d776ef86255e59f12c63c5c64416a2455beff86aae05fc8319b9eb5ba,
HKEX:02628,02628,2025-10-09,CASH_DIVIDEND,0.26024,HKD,nan,nan,,YAHOO_CHART_EVENTS,UNOFFICIAL_FREE_VENDOR,2026-07-21T03:21:14.119840+00:00,f5cd0d5d776ef86255e59f12c63c5c64416a2455beff86aae05fc8319b9eb5ba,
HKEX:02628,02628,2026-06-30,CASH_DIVIDEND,0.7106,HKD,nan,nan,,YAHOO_CHART_EVENTS,UNOFFICIAL_FREE_VENDOR,2026-07-21T03:21:14.119840+00:00,f5cd0d5d776ef86255e59f12c63c5c64416a2455beff86aae05fc8319b9eb5ba,
HKEX:02635,02635,2026-03-11,STOCK_SPLIT_OR_CONSOLIDATION,nan,HKD,10.0,1.0,,YAHOO_CHART_EVENTS,UNOFFICIAL_FREE_VENDOR,2026-07-21T03:21:14.119840+00:00,bbe8d3b87d7a5b9f893d777dac8edeb9c26cf5a5ff9f2c9522806abf68eb7dd3,10:1
HKEX:02648,02648,2025-09-08,CASH_DIVIDEND,1.563,HKD,nan,nan,,YAHOO_CHART_EVENTS,UNOFFICIAL_FREE_VENDOR,2026-07-21T03:21:14.119840+00:00,5339b2fa5074f40a44325aa956b44f72b79bd5e4ba18642d6aee844fefdfb47e,
HKEX:02648,02648,2026-05-26,CASH_DIVIDEND,1.65,HKD,nan,nan,,YAHOO_CHART_EVENTS,UNOFFICIAL_FREE_VENDOR,2026-07-21T03:21:14.119840+00:00,5339b2fa5074f40a44325aa956b44f72b79bd5e4ba18642d6aee844fefdfb47e,
HKEX:02650,02650,2026-02-20,STOCK_SPLIT_OR_CONSOLIDATION,nan,HKD,5.0,1.0,,YAHOO_CHART_EVENTS,UNOFFICIAL_FREE_VENDOR,2026-07-21T03:21:14.119840+00:00,4aa0553b0911eb67d13448cb322b1cd145ef2d29631bba202b98a4ffabfbceb4,5:1
HKEX:02650,02650,2026-03-03,STOCK_SPLIT_OR_CONSOLIDATION,nan,HKD,5.0,1.0,,YAHOO_CHART_EVENTS,UNOFFICIAL_FREE_VENDOR,2026-07-21T03:21:14.119840+00:00,4aa0553b0911eb67d13448cb322b1cd145ef2d29631bba202b98a4ffabfbceb4,5:1
HKEX:02652,02652,2026-07-14,HKEX_CURRENT_LISTING_OR_CORPORATE_ACTION,,,,,02989,HKEX_NEWLY_LISTED_SECURITIES,OFFICIAL_CURRENT_EVENT,2026-07-21T03:21:41.462639+00:00,049916b3bca693ca9c1d66ab37fd7fd7d48a35183708659a752b5e3f2f6d88ad,Change in Board Lot Size & Parallel Trading
HKEX:02666,02666,2023-06-09,CASH_DIVIDEND,0.34,HKD,nan,nan,,YAHOO_CHART_EVENTS,UNOFFICIAL_FREE_VENDOR,2026-07-21T03:21:14.119840+00:00,44066783d5cab5b1751e782ee45dda0d7f624df4d90b4d2ee0ab701bd8cd1b25,
HKEX:02666,02666,2024-06-12,CASH_DIVIDEND,0.35,HKD,nan,nan,,YAHOO_CHART_EVENTS,UNOFFICIAL_FREE_VENDOR,2026-07-21T03:21:14.119840+00:00,44066783d5cab5b1751e782ee45dda0d7f624df4d90b4d2ee0ab701bd8cd1b25,
HKEX:02666,02666,2025-06-12,CASH_DIVIDEND,0.35,HKD,nan,nan,,YAHOO_CHART_EVENTS,UNOFFICIAL_FREE_VENDOR,2026-07-21T03:21:14.119840+00:00,44066783d5cab5b1751e782ee45dda0d7f624df4d90b4d2ee0ab701bd8cd1b25,
HKEX:02666,02666,2026-06-26,CASH_DIVIDEND,0.36,HKD,nan,nan,,YAHOO_CHART_EVENTS,UNOFFICIAL_FREE_VENDOR,2026-07-21T03:21:14.119840+00:00,44066783d5cab5b1751e782ee45dda0d7f624df4d90b4d2ee0ab701bd8cd1b25,
HKEX:02669,02669,2023-06-23,CASH_DIVIDEND,0.08,HKD,nan,nan,,YAHOO_CHART_EVENTS,UNOFFICIAL_FREE_VENDOR,2026-07-21T03:21:14.119840+00:00,86a00be484c22ffea92551c8a1e030e71793efe48d4276ce2b5432263384d8e2,
HKEX:02669,02669,2023-09-14,CASH_DIVIDEND,0.055,HKD,nan,nan,,YAHOO_CHART_EVENTS,UNOFFICIAL_FREE_VENDOR,2026-07-21T03:21:14.119840+00:00,86a00be484c22ffea92551c8a1e030e71793efe48d4276ce2b5432263384d8e2,
HKEX:02669,02669,2024-06-24,CASH_DIVIDEND,0.085,HKD,nan,nan,,YAHOO_CHART_EVENTS,UNOFFICIAL_FREE_VENDOR,2026-07-21T03:21:14.119840+00:00,86a00be484c22ffea92551c8a1e030e71793efe48d4276ce2b5432263384d8e2,
HKEX:02669,02669,2024-09-27,CASH_DIVIDEND,0.085,HKD,nan,nan,,YAHOO_CHART_EVENTS,UNOFFICIAL_FREE_VENDOR,2026-07-21T03:21:14.119840+00:00,86a00be484c22ffea92551c8a1e030e71793efe48d4276ce2b5432263384d8e2,
HKEX:02669,02669,2025-06-20,CASH_DIVIDEND,0.095,HKD,nan,nan,,YAHOO_CHART_EVENTS,UNOFFICIAL_FREE_VENDOR,2026-07-21T03:21:14.119840+00:00,86a00be484c22ffea92551c8a1e030e71793efe48d4276ce2b5432263384d8e2,
HKEX:02669,02669,2025-09-19,CASH_DIVIDEND,0.1,HKD,nan,nan,,YAHOO_CHART_EVENTS,UNOFFICIAL_FREE_VENDOR,2026-07-21T03:21:14.119840+00:00,86a00be484c22ffea92551c8a1e030e71793efe48d4276ce2b5432263384d8e2,
HKEX:02669,02669,2026-06-23,CASH_DIVIDEND,0.1,HKD,nan,nan,,YAHOO_CHART_EVENTS,UNOFFICIAL_FREE_VENDOR,2026-07-21T03:21:14.119840+00:00,86a00be484c22ffea92551c8a1e030e71793efe48d4276ce2b5432263384d8e2,
HKEX:02688,02688,2023-05-29,CASH_DIVIDEND,2.27,HKD,nan,nan,,YAHOO_CHART_EVENTS,UNOFFICIAL_FREE_VENDOR,2026-07-21T03:21:14.119840+00:00,5e7292faebfe44089cfa694b1ea0a8fc2ff90d2a1de283c6980112888242b1ab,
HKEX:02688,02688,2023-11-02,CASH_DIVIDEND,0.64,HKD,nan,nan,,YAHOO_CHART_EVENTS,UNOFFICIAL_FREE_VENDOR,2026-07-21T03:21:14.119840+00:00,5e7292faebfe44089cfa694b1ea0a8fc2ff90d2a1de283c6980112888242b1ab,
HKEX:02688,02688,2024-06-05,CASH_DIVIDEND,2.31,HKD,nan,nan,,YAHOO_CHART_EVENTS,UNOFFICIAL_FREE_VENDOR,2026-07-21T03:21:14.119840+00:00,5e7292faebfe44089cfa694b1ea0a8fc2ff90d2a1de283c6980112888242b1ab,
HKEX:02688,02688,2024-11-01,CASH_DIVIDEND,0.65,HKD,nan,nan,,YAHOO_CHART_EVENTS,UNOFFICIAL_FREE_VENDOR,2026-07-21T03:21:14.119840+00:00,5e7292faebfe44089cfa694b1ea0a8fc2ff90d2a1de283c6980112888242b1ab,
HKEX:02688,02688,2025-05-28,CASH_DIVIDEND,2.35,HKD,nan,nan,,YAHOO_CHART_EVENTS,UNOFFICIAL_FREE_VENDOR,2026-07-21T03:21:14.119840+00:00,5e7292faebfe44089cfa694b1ea0a8fc2ff90d2a1de283c6980112888242b1ab,
HKEX:02688,02688,2025-10-31,CASH_DIVIDEND,0.65,HKD,nan,nan,,YAHOO_CHART_EVENTS,UNOFFICIAL_FREE_VENDOR,2026-07-21T03:21:14.119840+00:00,5e7292faebfe44089cfa694b1ea0a8fc2ff90d2a1de283c6980112888242b1ab,
HKEX:02688,02688,2026-06-01,CASH_DIVIDEND,2.35,HKD,nan,nan,,YAHOO_CHART_EVENTS,UNOFFICIAL_FREE_VENDOR,2026-07-21T03:21:14.119840+00:00,5e7292faebfe44089cfa694b1ea0a8fc2ff90d2a1de283c6980112888242b1ab,
HKEX:02691,02691,2026-06-17,CASH_DIVIDEND,0.07934,HKD,nan,nan,,YAHOO_CHART_EVENTS,UNOFFICIAL_FREE_VENDOR,2026-07-21T03:21:14.119840+00:00,5d11045638381c480dddddfefdd00157bac1319a25cd917bde09339d99ee0037,
HKEX:02691,02691,2026-06-17,STOCK_SPLIT_OR_CONSOLIDATION,nan,HKD,14.5,10.0,,YAHOO_CHART_EVENTS,UNOFFICIAL_FREE_VENDOR,2026-07-21T03:21:14.119840+00:00,5d11045638381c480dddddfefdd00157bac1319a25cd917bde09339d99ee0037,14.5:10
HKEX:02692,02692,2026-06-05,CASH_DIVIDEND,0.4357,HKD,nan,nan,,YAHOO_CHART_EVENTS,UNOFFICIAL_FREE_VENDOR,2026-07-21T03:21:14.119840+00:00,56b13d5c1834bd28ac5cf8c278d629b51de01c9311148cf35068c4b2d8d17d30,
HKEX:02698,02698,2026-05-12,CASH_DIVIDEND,0.696,HKD,nan,nan,,YAHOO_CHART_EVENTS,UNOFFICIAL_FREE_VENDOR,2026-07-21T03:21:14.119840+00:00,b804f3055837558bcd6b357ddabbd3eb7036ca934982ac148ff531ca4af91430,
HKEX:02714,02714,2026-05-18,CASH_DIVIDEND,0.488287,HKD,nan,nan,,YAHOO_CHART_EVENTS,UNOFFICIAL_FREE_VENDOR,2026-07-21T03:21:14.119840+00:00,7aae3a3a707da845873500b876fa5288437ed8ba14d553f564d1b0cc75454905,
HKEX:02727,02727,2026-06-22,CASH_DIVIDEND,0.01638,HKD,nan,nan,,YAHOO_CHART_EVENTS,UNOFFICIAL_FREE_VENDOR,2026-07-21T03:21:14.119840+00:00,9e4b934adeb6a89735fe4013014c76d5521c4cf4bc9dddb823c407be2a88b4bc,
HKEX:02768,02768,2026-06-17,CASH_DIVIDEND,0.5746,HKD,nan,nan,,YAHOO_CHART_EVENTS,UNOFFICIAL_FREE_VENDOR,2026-07-21T03:21:14.119840+00:00,b9f370ef51d74d430c02303d6dbf0e193c1998740593e77a46a595e6cb480199,
HKEX:02768,02768,2026-06-17,STOCK_SPLIT_OR_CONSOLIDATION,nan,HKD,14.8,10.0,,YAHOO_CHART_EVENTS,UNOFFICIAL_FREE_VENDOR,2026-07-21T03:21:14.119840+00:00,b9f370ef51d74d430c02303d6dbf0e193c1998740593e77a46a595e6cb480199,14.8:10
HKEX:02788,02788,2026-04-27,CASH_DIVIDEND,0.77,HKD,nan,nan,,YAHOO_CHART_EVENTS,UNOFFICIAL_FREE_VENDOR,2026-07-21T03:21:14.119840+00:00,bc66c67dcd240ec68f6957af8cfe27892bde71b6f4c43049c3ab6a33228be84c,
HKEX:02800,02800,2023-04-28,CASH_DIVIDEND,0.1,HKD,nan,nan,,YAHOO_CHART_EVENTS,UNOFFICIAL_FREE_VENDOR,2026-07-21T03:21:14.119840+00:00,ede664dc43e1214d89d5d9893404cf5ddbff9b290013b4789260185c9d2381b1,
HKEX:02800,02800,2023-10-30,CASH_DIVIDEND,0.55,HKD,nan,nan,,YAHOO_CHART_EVENTS,UNOFFICIAL_FREE_VENDOR,2026-07-21T03:21:14.119840+00:00,ede664dc43e1214d89d5d9893404cf5ddbff9b290013b4789260185c9d2381b1,
HKEX:02800,02800,2024-04-29,CASH_DIVIDEND,0.15,HKD,nan,nan,,YAHOO_CHART_EVENTS,UNOFFICIAL_FREE_VENDOR,2026-07-21T03:21:14.119840+00:00,ede664dc43e1214d89d5d9893404cf5ddbff9b290013b4789260185c9d2381b1,
HKEX:02800,02800,2024-10-30,CASH_DIVIDEND,0.62,HKD,nan,nan,,YAHOO_CHART_EVENTS,UNOFFICIAL_FREE_VENDOR,2026-07-21T03:21:14.119840+00:00,ede664dc43e1214d89d5d9893404cf5ddbff9b290013b4789260185c9d2381b1,
HKEX:02800,02800,2025-04-29,CASH_DIVIDEND,0.22,HKD,nan,nan,,YAHOO_CHART_EVENTS,UNOFFICIAL_FREE_VENDOR,2026-07-21T03:21:14.119840+00:00,ede664dc43e1214d89d5d9893404cf5ddbff9b290013b4789260185c9d2381b1,
HKEX:02800,02800,2025-10-30,CASH_DIVIDEND,0.55,HKD,nan,nan,,YAHOO_CHART_EVENTS,UNOFFICIAL_FREE_VENDOR,2026-07-21T03:21:14.119840+00:00,ede664dc43e1214d89d5d9893404cf5ddbff9b290013b4789260185c9d2381b1,
HKEX:02800,02800,2026-04-29,CASH_DIVIDEND,0.19,HKD,nan,nan,,YAHOO_CHART_EVENTS,UNOFFICIAL_FREE_VENDOR,2026-07-21T03:21:14.119840+00:00,ede664dc43e1214d89d5d9893404cf5ddbff9b290013b4789260185c9d2381b1,
HKEX:02801,02801,2023-11-13,CASH_DIVIDEND,0.33,HKD,nan,nan,,YAHOO_CHART_EVENTS,UNOFFICIAL_FREE_VENDOR,2026-07-21T03:21:14.119840+00:00,b5408d5d2e23e442af3a5a6b5405c9a32198efc7b4aa1da6c7b8ed58ca087273,
HKEX:02801,02801,2024-11-13,CASH_DIVIDEND,0.34,HKD,nan,nan,,YAHOO_CHART_EVENTS,UNOFFICIAL_FREE_VENDOR,2026-07-21T03:21:14.119840+00:00,b5408d5d2e23e442af3a5a6b5405c9a32198efc7b4aa1da6c7b8ed58ca087273,
HKEX:02801,02801,2025-11-13,CASH_DIVIDEND,0.49,HKD,nan,nan,,YAHOO_CHART_EVENTS,UNOFFICIAL_FREE_VENDOR,2026-07-21T03:21:14.119840+00:00,b5408d5d2e23e442af3a5a6b5405c9a32198efc7b4aa1da6c7b8ed58ca087273,
HKEX:02828,02828,2024-06-27,CASH_DIVIDEND,0.65,HKD,nan,nan,,YAHOO_CHART_EVENTS,UNOFFICIAL_FREE_VENDOR,2026-07-21T03:21:14.119840+00:00,1e946ceee25e025b9c7e9943e35d1f3a744cf25df7afb7535bf01034d6ff753e,
HKEX:02828,02828,2024-09-20,CASH_DIVIDEND,0.95,HKD,nan,nan,,YAHOO_CHART_EVENTS,UNOFFICIAL_FREE_VENDOR,2026-07-21T03:21:14.119840+00:00,1e946ceee25e025b9c7e9943e35d1f3a744cf25df7afb7535bf01034d6ff753e,
HKEX:02828,02828,2025-06-27,CASH_DIVIDEND,1.3,HKD,nan,nan,,YAHOO_CHART_EVENTS,UNOFFICIAL_FREE_VENDOR,2026-07-21T03:21:14.119840+00:00,1e946ceee25e025b9c7e9943e35d1f3a744cf25df7afb7535bf01034d6ff753e,
HKEX:02828,02828,2025-09-17,CASH_DIVIDEND,0.5,HKD,nan,nan,,YAHOO_CHART_EVENTS,UNOFFICIAL_FREE_VENDOR,2026-07-21T03:21:14.119840+00:00,1e946ceee25e025b9c7e9943e35d1f3a744cf25df7afb7535bf01034d6ff753e,
HKEX:02828,02828,2026-06-22,CASH_DIVIDEND,0.7,HKD,nan,nan,,YAHOO_CHART_EVENTS,UNOFFICIAL_FREE_VENDOR,2026-07-21T03:21:14.119840+00:00,1e946ceee25e025b9c7e9943e35d1f3a744cf25df7afb7535bf01034d6ff753e,
HKEX:02858,02858,2023-05-15,CASH_DIVIDEND,0.0325,HKD,nan,nan,,YAHOO_CHART_EVENTS,UNOFFICIAL_FREE_VENDOR,2026-07-21T03:21:14.119840+00:00,3e486aec2d65e0748aee88cbc4105b62a84b67d82b388ccc13651245d03eaca3,
HKEX:02858,02858,2024-05-13,CASH_DIVIDEND,0.03,HKD,nan,nan,,YAHOO_CHART_EVENTS,UNOFFICIAL_FREE_VENDOR,2026-07-21T03:21:14.119840+00:00,3e486aec2d65e0748aee88cbc4105b62a84b67d82b388ccc13651245d03eaca3,
HKEX:02858,02858,2025-05-20,CASH_DIVIDEND,0.13,HKD,nan,nan,,YAHOO_CHART_EVENTS,UNOFFICIAL_FREE_VENDOR,2026-07-21T03:21:14.119840+00:00,3e486aec2d65e0748aee88cbc4105b62a84b67d82b388ccc13651245d03eaca3,
HKEX:02858,02858,2026-05-18,CASH_DIVIDEND,0.14,HKD,nan,nan,,YAHOO_CHART_EVENTS,UNOFFICIAL_FREE_VENDOR,2026-07-21T03:21:14.119840+00:00,3e486aec2d65e0748aee88cbc4105b62a84b67d82b388ccc13651245d03eaca3,
HKEX:02866,02866,2023-07-06,CASH_DIVIDEND,0.09463,HKD,nan,nan,,YAHOO_CHART_EVENTS,UNOFFICIAL_FREE_VENDOR,2026-07-21T03:21:14.119840+00:00,034b32d97bbe5e78360daeee6aa666b188d8e418d16c28a07eb53123faca7221,
HKEX:02866,02866,2024-07-08,CASH_DIVIDEND,0.03507,HKD,nan,nan,,YAHOO_CHART_EVENTS,UNOFFICIAL_FREE_VENDOR,2026-07-21T03:21:14.119840+00:00,034b32d97bbe5e78360daeee6aa666b188d8e418d16c28a07eb53123faca7221,
HKEX:02866,02866,2024-10-08,CASH_DIVIDEND,0.02079,HKD,nan,nan,,YAHOO_CHART_EVENTS,UNOFFICIAL_FREE_VENDOR,2026-07-21T03:21:14.119840+00:00,034b32d97bbe5e78360daeee6aa666b188d8e418d16c28a07eb53123faca7221,
HKEX:02866,02866,2025-07-09,CASH_DIVIDEND,0.0208,HKD,nan,nan,,YAHOO_CHART_EVENTS,UNOFFICIAL_FREE_VENDOR,2026-07-21T03:21:14.119840+00:00,034b32d97bbe5e78360daeee6aa666b188d8e418d16c28a07eb53123faca7221,
HKEX:02866,02866,2025-09-10,CASH_DIVIDEND,0.02412,HKD,nan,nan,,YAHOO_CHART_EVENTS,UNOFFICIAL_FREE_VENDOR,2026-07-21T03:21:14.119840+00:00,034b32d97bbe5e78360daeee6aa666b188d8e418d16c28a07eb53123faca7221,
HKEX:02866,02866,2026-07-10,CASH_DIVIDEND,0.01725,HKD,nan,nan,,YAHOO_CHART_EVENTS,UNOFFICIAL_FREE_VENDOR,2026-07-21T03:21:14.119840+00:00,034b32d97bbe5e78360daeee6aa666b188d8e418d16c28a07eb53123faca7221,
HKEX:02869,02869,2023-06-20,CASH_DIVIDEND,0.1,HKD,nan,nan,,YAHOO_CHART_EVENTS,UNOFFICIAL_FREE_VENDOR,2026-07-21T03:21:14.119840+00:00,d0071b26738e6a0b8e06b63918d153d91df105edd10bd0ee062bcba040ff273a,
HKEX:02869,02869,2024-06-25,CASH_DIVIDEND,0.15,HKD,nan,nan,,YAHOO_CHART_EVENTS,UNOFFICIAL_FREE_VENDOR,2026-07-21T03:21:14.119840+00:00,d0071b26738e6a0b8e06b63918d153d91df105edd10bd0ee062bcba040ff273a,
HKEX:02869,02869,2025-06-24,CASH_DIVIDEND,0.2,HKD,nan,nan,,YAHOO_CHART_EVENTS,UNOFFICIAL_FREE_VENDOR,2026-07-21T03:21:14.119840+00:00,d0071b26738e6a0b8e06b63918d153d91df105edd10bd0ee062bcba040ff273a,
HKEX:02869,02869,2026-06-23,CASH_DIVIDEND,0.24,HKD,nan,nan,,YAHOO_CHART_EVENTS,UNOFFICIAL_FREE_VENDOR,2026-07-21T03:21:14.119840+00:00,d0071b26738e6a0b8e06b63918d153d91df105edd10bd0ee062bcba040ff273a,
HKEX:02877,02877,2023-04-28,CASH_DIVIDEND,0.353,HKD,nan,nan,,YAHOO_CHART_EVENTS,UNOFFICIAL_FREE_VENDOR,2026-07-21T03:21:14.119840+00:00,f0e173f9063320e8b6ac443ca48910274fb98b7fb62393e6856071ba25735ac1,
HKEX:02877,02877,2023-09-12,CASH_DIVIDEND,0.118,HKD,nan,nan,,YAHOO_CHART_EVENTS,UNOFFICIAL_FREE_VENDOR,2026-07-21T03:21:14.119840+00:00,f0e173f9063320e8b6ac443ca48910274fb98b7fb62393e6856071ba25735ac1,
HKEX:02877,02877,2024-04-29,CASH_DIVIDEND,0.461,HKD,nan,nan,,YAHOO_CHART_EVENTS,UNOFFICIAL_FREE_VENDOR,2026-07-21T03:21:14.119840+00:00,f0e173f9063320e8b6ac443ca48910274fb98b7fb62393e6856071ba25735ac1,
HKEX:02877,02877,2024-09-10,CASH_DIVIDEND,0.12,HKD,nan,nan,,YAHOO_CHART_EVENTS,UNOFFICIAL_FREE_VENDOR,2026-07-21T03:21:14.119840+00:00,f0e173f9063320e8b6ac443ca48910274fb98b7fb62393e6856071ba25735ac1,
HKEX:02877,02877,2025-04-30,CASH_DIVIDEND,0.385,HKD,nan,nan,,YAHOO_CHART_EVENTS,UNOFFICIAL_FREE_VENDOR,2026-07-21T03:21:14.119840+00:00,f0e173f9063320e8b6ac443ca48910274fb98b7fb62393e6856071ba25735ac1,
HKEX:02877,02877,2025-09-09,CASH_DIVIDEND,0.12,HKD,nan,nan,,YAHOO_CHART_EVENTS,UNOFFICIAL_FREE_VENDOR,2026-07-21T03:21:14.119840+00:00,f0e173f9063320e8b6ac443ca48910274fb98b7fb62393e6856071ba25735ac1,
HKEX:02877,02877,2026-05-04,CASH_DIVIDEND,0.487,HKD,nan,nan,,YAHOO_CHART_EVENTS,UNOFFICIAL_FREE_VENDOR,2026-07-21T03:21:14.119840+00:00,f0e173f9063320e8b6ac443ca48910274fb98b7fb62393e6856071ba25735ac1,
HKEX:02880,02880,2023-06-20,CASH_DIVIDEND,0.01911,HKD,nan,nan,,YAHOO_CHART_EVENTS,UNOFFICIAL_FREE_VENDOR,2026-07-21T03:21:14.119840+00:00,a2b3602574ddd097e8396696cba729b4cf1bf8b31b6ae50fad01f1fa3bb027f3,
HKEX:02880,02880,2024-07-03,CASH_DIVIDEND,0.02094,HKD,nan,nan,,YAHOO_CHART_EVENTS,UNOFFICIAL_FREE_VENDOR,2026-07-21T03:21:14.119840+00:00,a2b3602574ddd097e8396696cba729b4cf1bf8b31b6ae50fad01f1fa3bb027f3,
HKEX:02880,02880,2025-07-02,CASH_DIVIDEND,0.02617,HKD,nan,nan,,YAHOO_CHART_EVENTS,UNOFFICIAL_FREE_VENDOR,2026-07-21T03:21:14.119840+00:00,a2b3602574ddd097e8396696cba729b4cf1bf8b31b6ae50fad01f1fa3bb027f3,
HKEX:02880,02880,2026-07-02,CASH_DIVIDEND,0.03288,HKD,nan,nan,,YAHOO_CHART_EVENTS,UNOFFICIAL_FREE_VENDOR,2026-07-21T03:21:14.119840+00:00,a2b3602574ddd097e8396696cba729b4cf1bf8b31b6ae50fad01f1fa3bb027f3,
HKEX:02883,02883,2023-06-07,CASH_DIVIDEND,0.178623,HKD,nan,nan,,YAHOO_CHART_EVENTS,UNOFFICIAL_FREE_VENDOR,2026-07-21T03:21:14.119840+00:00,aaee41aa5f4eca2a3c2b2057485a1a9e1dee267df9e68261aae9db4acb39d84d,
HKEX:02883,02883,2024-06-07,CASH_DIVIDEND,0.230593,HKD,nan,nan,,YAHOO_CHART_EVENTS,UNOFFICIAL_FREE_VENDOR,2026-07-21T03:21:14.119840+00:00,aaee41aa5f4eca2a3c2b2057485a1a9e1dee267df9e68261aae9db4acb39d84d,
HKEX:02883,02883,2025-06-09,CASH_DIVIDEND,0.25056,HKD,nan,nan,,YAHOO_CHART_EVENTS,UNOFFICIAL_FREE_VENDOR,2026-07-21T03:21:14.119840+00:00,aaee41aa5f4eca2a3c2b2057485a1a9e1dee267df9e68261aae9db4acb39d84d,
HKEX:02883,02883,2026-06-09,CASH_DIVIDEND,0.323492,HKD,nan,nan,,YAHOO_CHART_EVENTS,UNOFFICIAL_FREE_VENDOR,2026-07-21T03:21:14.119840+00:00,aaee41aa5f4eca2a3c2b2057485a1a9e1dee267df9e68261aae9db4acb39d84d,
HKEX:02888,02888,2023-02-23,CASH_DIVIDEND,1.097628,HKD,nan,nan,,YAHOO_CHART_EVENTS,UNOFFICIAL_FREE_VENDOR,2026-07-21T03:21:14.119840+00:00,258d465f5936f4853ab039a6554b493aca7efcd673a36553f123da3652a47d9c,
HKEX:02888,02888,2023-08-10,CASH_DIVIDEND,0.470412,HKD,nan,nan,,YAHOO_CHART_EVENTS,UNOFFICIAL_FREE_VENDOR,2026-07-21T03:21:14.119840+00:00,258d465f5936f4853ab039a6554b493aca7efcd673a36553f123da3652a47d9c,
HKEX:02888,02888,2024-03-06,CASH_DIVIDEND,1.6464419,HKD,nan,nan,,YAHOO_CHART_EVENTS,UNOFFICIAL_FREE_VENDOR,2026-07-21T03:21:14.119840+00:00,258d465f5936f4853ab039a6554b493aca7efcd673a36553f123da3652a47d9c,
HKEX:02888,02888,2024-08-08,CASH_DIVIDEND,0.705618,HKD,nan,nan,,YAHOO_CHART_EVENTS,UNOFFICIAL_FREE_VENDOR,2026-07-21T03:21:14.119840+00:00,258d465f5936f4853ab039a6554b493aca7efcd673a36553f123da3652a47d9c,
HKEX:02888,02888,2025-03-26,CASH_DIVIDEND,2.195256,HKD,nan,nan,,YAHOO_CHART_EVENTS,UNOFFICIAL_FREE_VENDOR,2026-07-21T03:21:14.119840+00:00,258d465f5936f4853ab039a6554b493aca7efcd673a36553f123da3652a47d9c,
HKEX:02888,02888,2025-08-07,CASH_DIVIDEND,0.9643446,HKD,nan,nan,,YAHOO_CHART_EVENTS,UNOFFICIAL_FREE_VENDOR,2026-07-21T03:21:14.119840+00:00,258d465f5936f4853ab039a6554b493aca7efcd673a36553f123da3652a47d9c,
HKEX:02888,02888,2026-03-18,CASH_DIVIDEND,3.841698,HKD,nan,nan,,YAHOO_CHART_EVENTS,UNOFFICIAL_FREE_VENDOR,2026-07-21T03:21:14.119840+00:00,258d465f5936f4853ab039a6554b493aca7efcd673a36553f123da3652a47d9c,
HKEX:02899,02899,2023-05-30,CASH_DIVIDEND,0.222744,HKD,nan,nan,,YAHOO_CHART_EVENTS,UNOFFICIAL_FREE_VENDOR,2026-07-21T03:21:14.119840+00:00,374a8a4b14c67fda076b1d7f250cd55afb5c21495eaeaa98a6ee6c3663aa0027,
HKEX:02899,02899,2023-12-12,CASH_DIVIDEND,0.054939,HKD,nan,nan,,YAHOO_CHART_EVENTS,UNOFFICIAL_FREE_VENDOR,2026-07-21T03:21:14.119840+00:00,374a8a4b14c67fda076b1d7f250cd55afb5c21495eaeaa98a6ee6c3663aa0027,
HKEX:02899,02899,2024-05-21,CASH_DIVIDEND,0.219939,HKD,nan,nan,,YAHOO_CHART_EVENTS,UNOFFICIAL_FREE_VENDOR,2026-07-21T03:21:14.119840+00:00,374a8a4b14c67fda076b1d7f250cd55afb5c21495eaeaa98a6ee6c3663aa0027,
HKEX:02899,02899,2024-08-01,CASH_DIVIDEND,0.109478,HKD,nan,nan,,YAHOO_CHART_EVENTS,UNOFFICIAL_FREE_VENDOR,2026-07-21T03:21:14.119840+00:00,374a8a4b14c67fda076b1d7f250cd55afb5c21495eaeaa98a6ee6c3663aa0027,
HKEX:02899,02899,2025-05-21,CASH_DIVIDEND,0.303257,HKD,nan,nan,,YAHOO_CHART_EVENTS,UNOFFICIAL_FREE_VENDOR,2026-07-21T03:21:14.119840+00:00,374a8a4b14c67fda076b1d7f250cd55afb5c21495eaeaa98a6ee6c3663aa0027,
HKEX:02899,02899,2025-09-10,CASH_DIVIDEND,0.241054,HKD,nan,nan,,YAHOO_CHART_EVENTS,UNOFFICIAL_FREE_VENDOR,2026-07-21T03:21:14.119840+00:00,374a8a4b14c67fda076b1d7f250cd55afb5c21495eaeaa98a6ee6c3663aa0027,
HKEX:02899,02899,2026-06-09,CASH_DIVIDEND,0.436734,HKD,nan,nan,,YAHOO_CHART_EVENTS,UNOFFICIAL_FREE_VENDOR,2026-07-21T03:21:14.119840+00:00,374a8a4b14c67fda076b1d7f250cd55afb5c21495eaeaa98a6ee6c3663aa0027,
HKEX:02983,02983,2026-07-10,HKEX_CURRENT_LISTING_OR_CORPORATE_ACTION,,,,,02525,HKEX_NEWLY_LISTED_SECURITIES,OFFICIAL_CURRENT_EVENT,2026-07-21T03:21:41.462639+00:00,049916b3bca693ca9c1d66ab37fd7fd7d48a35183708659a752b5e3f2f6d88ad,Share Subdivision
HKEX:03037,03037,2023-05-25,CASH_DIVIDEND,0.12,HKD,nan,nan,,YAHOO_CHART_EVENTS,UNOFFICIAL_FREE_VENDOR,2026-07-21T03:21:14.119840+00:00,b533cc1a03208ab2ddf9ab31152d5d5fc01b6fc20f4182a82471f7391ca1ec1d,
HKEX:03037,03037,2023-11-22,CASH_DIVIDEND,0.58,HKD,nan,nan,,YAHOO_CHART_EVENTS,UNOFFICIAL_FREE_VENDOR,2026-07-21T03:21:14.119840+00:00,b533cc1a03208ab2ddf9ab31152d5d5fc01b6fc20f4182a82471f7391ca1ec1d,
HKEX:03037,03037,2024-05-24,CASH_DIVIDEND,0.16,HKD,nan,nan,,YAHOO_CHART_EVENTS,UNOFFICIAL_FREE_VENDOR,2026-07-21T03:21:14.119840+00:00,b533cc1a03208ab2ddf9ab31152d5d5fc01b6fc20f4182a82471f7391ca1ec1d,
HKEX:03037,03037,2024-11-22,CASH_DIVIDEND,0.64,HKD,nan,nan,,YAHOO_CHART_EVENTS,UNOFFICIAL_FREE_VENDOR,2026-07-21T03:21:14.119840+00:00,b533cc1a03208ab2ddf9ab31152d5d5fc01b6fc20f4182a82471f7391ca1ec1d,
HKEX:03037,03037,2025-05-23,CASH_DIVIDEND,0.24,HKD,nan,nan,,YAHOO_CHART_EVENTS,UNOFFICIAL_FREE_VENDOR,2026-07-21T03:21:14.119840+00:00,b533cc1a03208ab2ddf9ab31152d5d5fc01b6fc20f4182a82471f7391ca1ec1d,
HKEX:03037,03037,2025-11-21,CASH_DIVIDEND,0.58,HKD,nan,nan,,YAHOO_CHART_EVENTS,UNOFFICIAL_FREE_VENDOR,2026-07-21T03:21:14.119840+00:00,b533cc1a03208ab2ddf9ab31152d5d5fc01b6fc20f4182a82471f7391ca1ec1d,
HKEX:03037,03037,2026-05-21,CASH_DIVIDEND,0.22,HKD,nan,nan,,YAHOO_CHART_EVENTS,UNOFFICIAL_FREE_VENDOR,2026-07-21T03:21:14.119840+00:00,b533cc1a03208ab2ddf9ab31152d5d5fc01b6fc20f4182a82471f7391ca1ec1d,
HKEX:03067,03067,2024-06-11,CASH_DIVIDEND,0.02,HKD,nan,nan,,YAHOO_CHART_EVENTS,UNOFFICIAL_FREE_VENDOR,2026-07-21T03:21:14.119840+00:00,059817eeb2a0cc83789db64b0a1fa6bb4793bfebe0f044ad5cb9b4822cc16cfc,
HKEX:03067,03067,2024-12-09,CASH_DIVIDEND,0.04,HKD,nan,nan,,YAHOO_CHART_EVENTS,UNOFFICIAL_FREE_VENDOR,2026-07-21T03:21:14.119840+00:00,059817eeb2a0cc83789db64b0a1fa6bb4793bfebe0f044ad5cb9b4822cc16cfc,
HKEX:03067,03067,2025-06-09,CASH_DIVIDEND,0.02,HKD,nan,nan,,YAHOO_CHART_EVENTS,UNOFFICIAL_FREE_VENDOR,2026-07-21T03:21:14.119840+00:00,059817eeb2a0cc83789db64b0a1fa6bb4793bfebe0f044ad5cb9b4822cc16cfc,
HKEX:03067,03067,2025-12-08,CASH_DIVIDEND,0.06,HKD,nan,nan,,YAHOO_CHART_EVENTS,UNOFFICIAL_FREE_VENDOR,2026-07-21T03:21:14.119840+00:00,059817eeb2a0cc83789db64b0a1fa6bb4793bfebe0f044ad5cb9b4822cc16cfc,
HKEX:03069,03069,2023-12-18,CASH_DIVIDEND,0.03,HKD,nan,nan,,YAHOO_CHART_EVENTS,UNOFFICIAL_FREE_VENDOR,2026-07-21T03:21:14.119840+00:00,c6b2f7e4c4422ac79507bcbacd6597eda809557adba0cf2c222978caedf4ae5b,
HKEX:03069,03069,2024-12-18,CASH_DIVIDEND,0.06,HKD,nan,nan,,YAHOO_CHART_EVENTS,UNOFFICIAL_FREE_VENDOR,2026-07-21T03:21:14.119840+00:00,c6b2f7e4c4422ac79507bcbacd6597eda809557adba0cf2c222978caedf4ae5b,
HKEX:03069,03069,2025-12-18,CASH_DIVIDEND,0.05,HKD,nan,nan,,YAHOO_CHART_EVENTS,UNOFFICIAL_FREE_VENDOR,2026-07-21T03:21:14.119840+00:00,c6b2f7e4c4422ac79507bcbacd6597eda809557adba0cf2c222978caedf4ae5b,
HKEX:03070,03070,2023-06-29,CASH_DIVIDEND,0.36,HKD,nan,nan,,YAHOO_CHART_EVENTS,UNOFFICIAL_FREE_VENDOR,2026-07-21T03:21:14.119840+00:00,0850cf59ab3baa8589b4c6d8bd21428a2f4bf5c62b137b46ccc8ee7bec87897c,
HKEX:03070,03070,2023-12-22,CASH_DIVIDEND,1.31,HKD,nan,nan,,YAHOO_CHART_EVENTS,UNOFFICIAL_FREE_VENDOR,2026-07-21T03:21:14.119840+00:00,0850cf59ab3baa8589b4c6d8bd21428a2f4bf5c62b137b46ccc8ee7bec87897c,
HKEX:03070,03070,2024-06-27,CASH_DIVIDEND,0.41,HKD,nan,nan,,YAHOO_CHART_EVENTS,UNOFFICIAL_FREE_VENDOR,2026-07-21T03:21:14.119840+00:00,0850cf59ab3baa8589b4c6d8bd21428a2f4bf5c62b137b46ccc8ee7bec87897c,
HKEX:03070,03070,2024-12-23,CASH_DIVIDEND,0.83,HKD,nan,nan,,YAHOO_CHART_EVENTS,UNOFFICIAL_FREE_VENDOR,2026-07-21T03:21:14.119840+00:00,0850cf59ab3baa8589b4c6d8bd21428a2f4bf5c62b137b46ccc8ee7bec87897c,
HKEX:03070,03070,2025-06-26,CASH_DIVIDEND,0.74,HKD,nan,nan,,YAHOO_CHART_EVENTS,UNOFFICIAL_FREE_VENDOR,2026-07-21T03:21:14.119840+00:00,0850cf59ab3baa8589b4c6d8bd21428a2f4bf5c62b137b46ccc8ee7bec87897c,
HKEX:03070,03070,2025-09-26,CASH_DIVIDEND,0.6,HKD,nan,nan,,YAHOO_CHART_EVENTS,UNOFFICIAL_FREE_VENDOR,2026-07-21T03:21:14.119840+00:00,0850cf59ab3baa8589b4c6d8bd21428a2f4bf5c62b137b46ccc8ee7bec87897c,
HKEX:03070,03070,2025-12-22,CASH_DIVIDEND,0.47,HKD,nan,nan,,YAHOO_CHART_EVENTS,UNOFFICIAL_FREE_VENDOR,2026-07-21T03:21:14.119840+00:00,0850cf59ab3baa8589b4c6d8bd21428a2f4bf5c62b137b46ccc8ee7bec87897c,
HKEX:03070,03070,2026-03-24,CASH_DIVIDEND,0.13,HKD,nan,nan,,YAHOO_CHART_EVENTS,UNOFFICIAL_FREE_VENDOR,2026-07-21T03:21:14.119840+00:00,0850cf59ab3baa8589b4c6d8bd21428a2f4bf5c62b137b46ccc8ee7bec87897c,
HKEX:03070,03070,2026-06-23,CASH_DIVIDEND,0.34,HKD,nan,nan,,YAHOO_CHART_EVENTS,UNOFFICIAL_FREE_VENDOR,2026-07-21T03:21:14.119840+00:00,0850cf59ab3baa8589b4c6d8bd21428a2f4bf5c62b137b46ccc8ee7bec87897c,
HKEX:03088,03088,2025-12-18,CASH_DIVIDEND,0.02,HKD,nan,nan,,YAHOO_CHART_EVENTS,UNOFFICIAL_FREE_VENDOR,2026-07-21T03:21:14.119840+00:00,8d9cc61ca906ba88cb92fcd4d0cdaa977573de9d6863f9826a549cf685f8c11e,
HKEX:03110,03110,2023-03-27,CASH_DIVIDEND,0.27,HKD,nan,nan,,YAHOO_CHART_EVENTS,UNOFFICIAL_FREE_VENDOR,2026-07-21T03:21:14.119840+00:00,43304fc95a286030f5d9c2037b72b387819a95123a46f86777bf2c512dd23bb8,
HKEX:03110,03110,2023-09-22,CASH_DIVIDEND,1.35,HKD,nan,nan,,YAHOO_CHART_EVENTS,UNOFFICIAL_FREE_VENDOR,2026-07-21T03:21:14.119840+00:00,43304fc95a286030f5d9c2037b72b387819a95123a46f86777bf2c512dd23bb8,
HKEX:03110,03110,2024-03-22,CASH_DIVIDEND,0.27,HKD,nan,nan,,YAHOO_CHART_EVENTS,UNOFFICIAL_FREE_VENDOR,2026-07-21T03:21:14.119840+00:00,43304fc95a286030f5d9c2037b72b387819a95123a46f86777bf2c512dd23bb8,
HKEX:03110,03110,2024-09-24,CASH_DIVIDEND,1.36,HKD,nan,nan,,YAHOO_CHART_EVENTS,UNOFFICIAL_FREE_VENDOR,2026-07-21T03:21:14.119840+00:00,43304fc95a286030f5d9c2037b72b387819a95123a46f86777bf2c512dd23bb8,
HKEX:03110,03110,2025-03-25,CASH_DIVIDEND,0.27,HKD,nan,nan,,YAHOO_CHART_EVENTS,UNOFFICIAL_FREE_VENDOR,2026-07-21T03:21:14.119840+00:00,43304fc95a286030f5d9c2037b72b387819a95123a46f86777bf2c512dd23bb8,
HKEX:03110,03110,2025-09-24,CASH_DIVIDEND,1.6,HKD,nan,nan,,YAHOO_CHART_EVENTS,UNOFFICIAL_FREE_VENDOR,2026-07-21T03:21:14.119840+00:00,43304fc95a286030f5d9c2037b72b387819a95123a46f86777bf2c512dd23bb8,
HKEX:03110,03110,2026-03-25,CASH_DIVIDEND,0.28,HKD,nan,nan,,YAHOO_CHART_EVENTS,UNOFFICIAL_FREE_VENDOR,2026-07-21T03:21:14.119840+00:00,43304fc95a286030f5d9c2037b72b387819a95123a46f86777bf2c512dd23bb8,
HKEX:03115,03115,2023-06-26,CASH_DIVIDEND,0.35,HKD,nan,nan,,YAHOO_CHART_EVENTS,UNOFFICIAL_FREE_VENDOR,2026-07-21T03:21:14.119840+00:00,1a38d1a9c5033b6e0311a01d7cc99d70b42f06c83a2aa3c1d6b5253548a1a11a,
HKEX:03115,03115,2023-12-15,CASH_DIVIDEND,1.62,HKD,nan,nan,,YAHOO_CHART_EVENTS,UNOFFICIAL_FREE_VENDOR,2026-07-21T03:21:14.119840+00:00,1a38d1a9c5033b6e0311a01d7cc99d70b42f06c83a2aa3c1d6b5253548a1a11a,
HKEX:03115,03115,2024-06-11,CASH_DIVIDEND,0.48,HKD,nan,nan,,YAHOO_CHART_EVENTS,UNOFFICIAL_FREE_VENDOR,2026-07-21T03:21:14.119840+00:00,1a38d1a9c5033b6e0311a01d7cc99d70b42f06c83a2aa3c1d6b5253548a1a11a,
HKEX:03115,03115,2024-12-09,CASH_DIVIDEND,2.22,HKD,nan,nan,,YAHOO_CHART_EVENTS,UNOFFICIAL_FREE_VENDOR,2026-07-21T03:21:14.119840+00:00,1a38d1a9c5033b6e0311a01d7cc99d70b42f06c83a2aa3c1d6b5253548a1a11a,
HKEX:03115,03115,2025-06-09,CASH_DIVIDEND,0.86,HKD,nan,nan,,YAHOO_CHART_EVENTS,UNOFFICIAL_FREE_VENDOR,2026-07-21T03:21:14.119840+00:00,1a38d1a9c5033b6e0311a01d7cc99d70b42f06c83a2aa3c1d6b5253548a1a11a,
HKEX:03115,03115,2025-12-08,CASH_DIVIDEND,1.75,HKD,nan,nan,,YAHOO_CHART_EVENTS,UNOFFICIAL_FREE_VENDOR,2026-07-21T03:21:14.119840+00:00,1a38d1a9c5033b6e0311a01d7cc99d70b42f06c83a2aa3c1d6b5253548a1a11a,
HKEX:03115,03115,2026-06-08,CASH_DIVIDEND,0.66,HKD,nan,nan,,YAHOO_CHART_EVENTS,UNOFFICIAL_FREE_VENDOR,2026-07-21T03:21:14.119840+00:00,1a38d1a9c5033b6e0311a01d7cc99d70b42f06c83a2aa3c1d6b5253548a1a11a,
HKEX:03200,03200,2026-05-13,CASH_DIVIDEND,0.68559,HKD,nan,nan,,YAHOO_CHART_EVENTS,UNOFFICIAL_FREE_VENDOR,2026-07-21T03:21:14.119840+00:00,21a8319d7b672870dd89703689efe98d9da90809d161841eb04fc3270307f405,
HKEX:03268,03268,2026-07-13,CASH_DIVIDEND,0.115,HKD,nan,nan,,YAHOO_CHART_EVENTS,UNOFFICIAL_FREE_VENDOR,2026-07-21T03:21:14.119840+00:00,ffb3c8609168212d3b4d33b81cfa39e2b23876f212d873e9b7146e938f0fc1b1,
HKEX:03288,03288,2025-09-16,CASH_DIVIDEND,0.285045,HKD,nan,nan,,YAHOO_CHART_EVENTS,UNOFFICIAL_FREE_VENDOR,2026-07-21T03:21:14.119840+00:00,ff3e46b1c1399ac98c78dda4379fb3c4d3c598fe0f2f3756155c74c0a1ba8d1f,
HKEX:03288,03288,2026-01-13,CASH_DIVIDEND,0.332798,HKD,nan,nan,,YAHOO_CHART_EVENTS,UNOFFICIAL_FREE_VENDOR,2026-07-21T03:21:14.119840+00:00,ff3e46b1c1399ac98c78dda4379fb3c4d3c598fe0f2f3756155c74c0a1ba8d1f,
HKEX:03288,03288,2026-05-13,CASH_DIVIDEND,0.914697,HKD,nan,nan,,YAHOO_CHART_EVENTS,UNOFFICIAL_FREE_VENDOR,2026-07-21T03:21:14.119840+00:00,ff3e46b1c1399ac98c78dda4379fb3c4d3c598fe0f2f3756155c74c0a1ba8d1f,
HKEX:03296,03296,2026-05-22,CASH_DIVIDEND,0.981071,HKD,nan,nan,,YAHOO_CHART_EVENTS,UNOFFICIAL_FREE_VENDOR,2026-07-21T03:21:14.119840+00:00,301e3b257973c9b8b23ffc50452d102e6c6e587bcb50c0f71dc1ac58bbf76697,
HKEX:03296,03296,2026-05-22,STOCK_SPLIT_OR_CONSOLIDATION,nan,HKD,14.0,10.0,,YAHOO_CHART_EVENTS,UNOFFICIAL_FREE_VENDOR,2026-07-21T03:21:14.119840+00:00,301e3b257973c9b8b23ffc50452d102e6c6e587bcb50c0f71dc1ac58bbf76697,14:10
HKEX:03306,03306,2023-04-04,CASH_DIVIDEND,0.3,HKD,nan,nan,,YAHOO_CHART_EVENTS,UNOFFICIAL_FREE_VENDOR,2026-07-21T03:21:14.119840+00:00,05fb3e8e675aee5c20b736c4c10745f25f9750277450403b4dd546187e5f5283,
HKEX:03306,03306,2023-10-30,CASH_DIVIDEND,0.67,HKD,nan,nan,,YAHOO_CHART_EVENTS,UNOFFICIAL_FREE_VENDOR,2026-07-21T03:21:14.119840+00:00,05fb3e8e675aee5c20b736c4c10745f25f9750277450403b4dd546187e5f5283,
HKEX:03306,03306,2024-04-09,CASH_DIVIDEND,0.85,HKD,nan,nan,,YAHOO_CHART_EVENTS,UNOFFICIAL_FREE_VENDOR,2026-07-21T03:21:14.119840+00:00,05fb3e8e675aee5c20b736c4c10745f25f9750277450403b4dd546187e5f5283,
HKEX:03306,03306,2024-10-28,CASH_DIVIDEND,0.86,HKD,nan,nan,,YAHOO_CHART_EVENTS,UNOFFICIAL_FREE_VENDOR,2026-07-21T03:21:14.119840+00:00,05fb3e8e675aee5c20b736c4c10745f25f9750277450403b4dd546187e5f5283,
HKEX:03306,03306,2025-03-31,CASH_DIVIDEND,0.45,HKD,nan,nan,,YAHOO_CHART_EVENTS,UNOFFICIAL_FREE_VENDOR,2026-07-21T03:21:14.119840+00:00,05fb3e8e675aee5c20b736c4c10745f25f9750277450403b4dd546187e5f5283,
HKEX:03306,03306,2025-11-03,CASH_DIVIDEND,0.93,HKD,nan,nan,,YAHOO_CHART_EVENTS,UNOFFICIAL_FREE_VENDOR,2026-07-21T03:21:14.119840+00:00,05fb3e8e675aee5c20b736c4c10745f25f9750277450403b4dd546187e5f5283,
HKEX:03306,03306,2026-03-24,CASH_DIVIDEND,0.52,HKD,nan,nan,,YAHOO_CHART_EVENTS,UNOFFICIAL_FREE_VENDOR,2026-07-21T03:21:14.119840+00:00,05fb3e8e675aee5c20b736c4c10745f25f9750277450403b4dd546187e5f5283,
HKEX:03311,03311,2023-06-19,CASH_DIVIDEND,0.24,HKD,nan,nan,,YAHOO_CHART_EVENTS,UNOFFICIAL_FREE_VENDOR,2026-07-21T03:21:14.119840+00:00,18b26e65e3b45fdc24fbcd2f20b295b356933856af72558bd054bb4583266231,
HKEX:03311,03311,2023-09-14,CASH_DIVIDEND,0.275,HKD,nan,nan,,YAHOO_CHART_EVENTS,UNOFFICIAL_FREE_VENDOR,2026-07-21T03:21:14.119840+00:00,18b26e65e3b45fdc24fbcd2f20b295b356933856af72558bd054bb4583266231,
HKEX:03311,03311,2024-06-17,CASH_DIVIDEND,0.285,HKD,nan,nan,,YAHOO_CHART_EVENTS,UNOFFICIAL_FREE_VENDOR,2026-07-21T03:21:14.119840+00:00,18b26e65e3b45fdc24fbcd2f20b295b356933856af72558bd054bb4583266231,
HKEX:03311,03311,2024-09-16,CASH_DIVIDEND,0.33,HKD,nan,nan,,YAHOO_CHART_EVENTS,UNOFFICIAL_FREE_VENDOR,2026-07-21T03:21:14.119840+00:00,18b26e65e3b45fdc24fbcd2f20b295b356933856af72558bd054bb4583266231,
HKEX:03311,03311,2025-06-19,CASH_DIVIDEND,0.285,HKD,nan,nan,,YAHOO_CHART_EVENTS,UNOFFICIAL_FREE_VENDOR,2026-07-21T03:21:14.119840+00:00,18b26e65e3b45fdc24fbcd2f20b295b356933856af72558bd054bb4583266231,
HKEX:03311,03311,2025-09-16,CASH_DIVIDEND,0.34,HKD,nan,nan,,YAHOO_CHART_EVENTS,UNOFFICIAL_FREE_VENDOR,2026-07-21T03:21:14.119840+00:00,18b26e65e3b45fdc24fbcd2f20b295b356933856af72558bd054bb4583266231,
HKEX:03311,03311,2026-06-17,CASH_DIVIDEND,0.285,HKD,nan,nan,,YAHOO_CHART_EVENTS,UNOFFICIAL_FREE_VENDOR,2026-07-21T03:21:14.119840+00:00,18b26e65e3b45fdc24fbcd2f20b295b356933856af72558bd054bb4583266231,
HKEX:03320,03320,2023-06-05,CASH_DIVIDEND,0.16,HKD,nan,nan,,YAHOO_CHART_EVENTS,UNOFFICIAL_FREE_VENDOR,2026-07-21T03:21:14.119840+00:00,c9fbadd01e53572bbfc95c1a72af9bba3eae61e0bb1e5271d6b8938231efb227,
HKEX:03320,03320,2024-06-04,CASH_DIVIDEND,0.1697,HKD,nan,nan,,YAHOO_CHART_EVENTS,UNOFFICIAL_FREE_VENDOR,2026-07-21T03:21:14.119840+00:00,c9fbadd01e53572bbfc95c1a72af9bba3eae61e0bb1e5271d6b8938231efb227,
HKEX:03320,03320,2024-09-10,CASH_DIVIDEND,0.0908,HKD,nan,nan,,YAHOO_CHART_EVENTS,UNOFFICIAL_FREE_VENDOR,2026-07-21T03:21:14.119840+00:00,c9fbadd01e53572bbfc95c1a72af9bba3eae61e0bb1e5271d6b8938231efb227,
HKEX:03320,03320,2025-05-28,CASH_DIVIDEND,0.056,HKD,nan,nan,,YAHOO_CHART_EVENTS,UNOFFICIAL_FREE_VENDOR,2026-07-21T03:21:14.119840+00:00,c9fbadd01e53572bbfc95c1a72af9bba3eae61e0bb1e5271d6b8938231efb227,
HKEX:03320,03320,2025-09-11,CASH_DIVIDEND,0.0789,HKD,nan,nan,,YAHOO_CHART_EVENTS,UNOFFICIAL_FREE_VENDOR,2026-07-21T03:21:14.119840+00:00,c9fbadd01e53572bbfc95c1a72af9bba3eae61e0bb1e5271d6b8938231efb227,
HKEX:03320,03320,2026-06-17,CASH_DIVIDEND,0.139,HKD,nan,nan,,YAHOO_CHART_EVENTS,UNOFFICIAL_FREE_VENDOR,2026-07-21T03:21:14.119840+00:00,c9fbadd01e53572bbfc95c1a72af9bba3eae61e0bb1e5271d6b8938231efb227,
HKEX:03323,03323,2023-05-03,CASH_DIVIDEND,0.4301,HKD,nan,nan,,YAHOO_CHART_EVENTS,UNOFFICIAL_FREE_VENDOR,2026-07-21T03:21:14.119840+00:00,3cb1748b794c3c1b3a83b5b2e756749e90aabd6262403d4fd40317439d68b31b,
HKEX:03323,03323,2024-05-03,CASH_DIVIDEND,0.2524,HKD,nan,nan,,YAHOO_CHART_EVENTS,UNOFFICIAL_FREE_VENDOR,2026-07-21T03:21:14.119840+00:00,3cb1748b794c3c1b3a83b5b2e756749e90aabd6262403d4fd40317439d68b31b,
HKEX:03323,03323,2025-04-30,CASH_DIVIDEND,0.1701,HKD,nan,nan,,YAHOO_CHART_EVENTS,UNOFFICIAL_FREE_VENDOR,2026-07-21T03:21:14.119840+00:00,3cb1748b794c3c1b3a83b5b2e756749e90aabd6262403d4fd40317439d68b31b,
HKEX:03323,03323,2026-05-04,CASH_DIVIDEND,0.1712,HKD,nan,nan,,YAHOO_CHART_EVENTS,UNOFFICIAL_FREE_VENDOR,2026-07-21T03:21:14.119840+00:00,3cb1748b794c3c1b3a83b5b2e756749e90aabd6262403d4fd40317439d68b31b,
HKEX:03328,03328,2023-07-04,CASH_DIVIDEND,0.407589,HKD,nan,nan,,YAHOO_CHART_EVENTS,UNOFFICIAL_FREE_VENDOR,2026-07-21T03:21:14.119840+00:00,5a76ac332a132657c7955bd6e6820374956d7dd7b2f6c7a1de655d32dcf77f1d,
HKEX:03328,03328,2024-07-02,CASH_DIVIDEND,0.411147,HKD,nan,nan,,YAHOO_CHART_EVENTS,UNOFFICIAL_FREE_VENDOR,2026-07-21T03:21:14.119840+00:00,5a76ac332a132657c7955bd6e6820374956d7dd7b2f6c7a1de655d32dcf77f1d,
HKEX:03328,03328,2025-01-16,CASH_DIVIDEND,0.196704,HKD,nan,nan,,YAHOO_CHART_EVENTS,UNOFFICIAL_FREE_VENDOR,2026-07-21T03:21:14.119840+00:00,5a76ac332a132657c7955bd6e6820374956d7dd7b2f6c7a1de655d32dcf77f1d,
HKEX:03328,03328,2025-04-11,CASH_DIVIDEND,0.213309,HKD,nan,nan,,YAHOO_CHART_EVENTS,UNOFFICIAL_FREE_VENDOR,2026-07-21T03:21:14.119840+00:00,5a76ac332a132657c7955bd6e6820374956d7dd7b2f6c7a1de655d32dcf77f1d,
HKEX:03328,03328,2025-12-17,CASH_DIVIDEND,0.172925,HKD,nan,nan,,YAHOO_CHART_EVENTS,UNOFFICIAL_FREE_VENDOR,2026-07-21T03:21:14.119840+00:00,5a76ac332a132657c7955bd6e6820374956d7dd7b2f6c7a1de655d32dcf77f1d,
HKEX:03328,03328,2026-07-02,CASH_DIVIDEND,0.194425,HKD,nan,nan,,YAHOO_CHART_EVENTS,UNOFFICIAL_FREE_VENDOR,2026-07-21T03:21:14.119840+00:00,5a76ac332a132657c7955bd6e6820374956d7dd7b2f6c7a1de655d32dcf77f1d,
HKEX:03330,03330,2024-05-31,CASH_DIVIDEND,0.071406,HKD,nan,nan,,YAHOO_CHART_EVENTS,UNOFFICIAL_FREE_VENDOR,2026-07-21T03:21:14.119840+00:00,8072fbb721b900926ef9663b15cd985b5f748716192baeb9796b86230dd2f38f,
HKEX:03330,03330,2025-06-04,CASH_DIVIDEND,0.087186,HKD,nan,nan,,YAHOO_CHART_EVENTS,UNOFFICIAL_FREE_VENDOR,2026-07-21T03:21:14.119840+00:00,8072fbb721b900926ef9663b15cd985b5f748716192baeb9796b86230dd2f38f,
HKEX:03330,03330,2025-09-19,CASH_DIVIDEND,0.179676,HKD,nan,nan,,YAHOO_CHART_EVENTS,UNOFFICIAL_FREE_VENDOR,2026-07-21T03:21:14.119840+00:00,8072fbb721b900926ef9663b15cd985b5f748716192baeb9796b86230dd2f38f,
HKEX:03330,03330,2026-05-21,CASH_DIVIDEND,0.057237,HKD,nan,nan,,YAHOO_CHART_EVENTS,UNOFFICIAL_FREE_VENDOR,2026-07-21T03:21:14.119840+00:00,8072fbb721b900926ef9663b15cd985b5f748716192baeb9796b86230dd2f38f,
HKEX:03339,03339,2023-05-30,CASH_DIVIDEND,0.1,HKD,nan,nan,,YAHOO_CHART_EVENTS,UNOFFICIAL_FREE_VENDOR,2026-07-21T03:21:14.119840+00:00,5416d4316b7fb9f9302e7b0c98fe38222e932f9b14244cfe6999c0fc02889d0b,
HKEX:03339,03339,2024-05-30,CASH_DIVIDEND,0.08,HKD,nan,nan,,YAHOO_CHART_EVENTS,UNOFFICIAL_FREE_VENDOR,2026-07-21T03:21:14.119840+00:00,5416d4316b7fb9f9302e7b0c98fe38222e932f9b14244cfe6999c0fc02889d0b,
HKEX:03339,03339,2025-05-30,CASH_DIVIDEND,0.13,HKD,nan,nan,,YAHOO_CHART_EVENTS,UNOFFICIAL_FREE_VENDOR,2026-07-21T03:21:14.119840+00:00,5416d4316b7fb9f9302e7b0c98fe38222e932f9b14244cfe6999c0fc02889d0b,
HKEX:03339,03339,2026-06-01,CASH_DIVIDEND,0.2,HKD,nan,nan,,YAHOO_CHART_EVENTS,UNOFFICIAL_FREE_VENDOR,2026-07-21T03:21:14.119840+00:00,5416d4316b7fb9f9302e7b0c98fe38222e932f9b14244cfe6999c0fc02889d0b,
HKEX:03347,03347,2023-05-25,CASH_DIVIDEND,0.61556,HKD,nan,nan,,YAHOO_CHART_EVENTS,UNOFFICIAL_FREE_VENDOR,2026-07-21T03:21:14.119840+00:00,70609a8b301b72dc71421a838b8f1ce1714fd42d4e84b810e422cf1a195bc259,
HKEX:03347,03347,2024-06-07,CASH_DIVIDEND,0.62365,HKD,nan,nan,,YAHOO_CHART_EVENTS,UNOFFICIAL_FREE_VENDOR,2026-07-21T03:21:14.119840+00:00,70609a8b301b72dc71421a838b8f1ce1714fd42d4e84b810e422cf1a195bc259,
HKEX:03347,03347,2025-06-12,CASH_DIVIDEND,0.3245,HKD,nan,nan,,YAHOO_CHART_EVENTS,UNOFFICIAL_FREE_VENDOR,2026-07-21T03:21:14.119840+00:00,70609a8b301b72dc71421a838b8f1ce1714fd42d4e84b810e422cf1a195bc259,
HKEX:03347,03347,2026-06-18,CASH_DIVIDEND,0.14468,HKD,nan,nan,,YAHOO_CHART_EVENTS,UNOFFICIAL_FREE_VENDOR,2026-07-21T03:21:14.119840+00:00,70609a8b301b72dc71421a838b8f1ce1714fd42d4e84b810e422cf1a195bc259,
HKEX:03360,03360,2023-06-12,CASH_DIVIDEND,0.49,HKD,nan,nan,,YAHOO_CHART_EVENTS,UNOFFICIAL_FREE_VENDOR,2026-07-21T03:21:14.119840+00:00,1ada883815a121eeab733023505a34e7e4a0765acf987c29f7951a7c0317da4b,
HKEX:03360,03360,2024-06-07,CASH_DIVIDEND,0.5,HKD,nan,nan,,YAHOO_CHART_EVENTS,UNOFFICIAL_FREE_VENDOR,2026-07-21T03:21:14.119840+00:00,1ada883815a121eeab733023505a34e7e4a0765acf987c29f7951a7c0317da4b,
HKEX:03360,03360,2024-09-25,CASH_DIVIDEND,0.25,HKD,nan,nan,,YAHOO_CHART_EVENTS,UNOFFICIAL_FREE_VENDOR,2026-07-21T03:21:14.119840+00:00,1ada883815a121eeab733023505a34e7e4a0765acf987c29f7951a7c0317da4b,
HKEX:03360,03360,2025-04-16,CASH_DIVIDEND,0.3,HKD,nan,nan,,YAHOO_CHART_EVENTS,UNOFFICIAL_FREE_VENDOR,2026-07-21T03:21:14.119840+00:00,1ada883815a121eeab733023505a34e7e4a0765acf987c29f7951a7c0317da4b,
HKEX:03360,03360,2025-09-09,CASH_DIVIDEND,0.25,HKD,nan,nan,,YAHOO_CHART_EVENTS,UNOFFICIAL_FREE_VENDOR,2026-07-21T03:21:14.119840+00:00,1ada883815a121eeab733023505a34e7e4a0765acf987c29f7951a7c0317da4b,
HKEX:03360,03360,2026-06-12,CASH_DIVIDEND,0.31,HKD,nan,nan,,YAHOO_CHART_EVENTS,UNOFFICIAL_FREE_VENDOR,2026-07-21T03:21:14.119840+00:00,1ada883815a121eeab733023505a34e7e4a0765acf987c29f7951a7c0317da4b,
HKEX:03369,03369,2023-07-11,CASH_DIVIDEND,0.077227,HKD,nan,nan,,YAHOO_CHART_EVENTS,UNOFFICIAL_FREE_VENDOR,2026-07-21T03:21:14.119840+00:00,09239bade2c0e52c3eab213788a6db99ff8384fd550e8840a25a8e54ef8fbb64,
HKEX:03369,03369,2024-07-09,CASH_DIVIDEND,0.091028,HKD,nan,nan,,YAHOO_CHART_EVENTS,UNOFFICIAL_FREE_VENDOR,2026-07-21T03:21:14.119840+00:00,09239bade2c0e52c3eab213788a6db99ff8384fd550e8840a25a8e54ef8fbb64,
HKEX:03369,03369,2025-07-10,CASH_DIVIDEND,0.093096,HKD,nan,nan,,YAHOO_CHART_EVENTS,UNOFFICIAL_FREE_VENDOR,2026-07-21T03:21:14.119840+00:00,09239bade2c0e52c3eab213788a6db99ff8384fd550e8840a25a8e54ef8fbb64,
HKEX:03369,03369,2026-07-17,CASH_DIVIDEND,0.132223,HKD,nan,nan,,YAHOO_CHART_EVENTS,UNOFFICIAL_FREE_VENDOR,2026-07-21T03:21:14.119840+00:00,09239bade2c0e52c3eab213788a6db99ff8384fd550e8840a25a8e54ef8fbb64,
HKEX:03393,03393,2023-05-18,CASH_DIVIDEND,0.23,HKD,nan,nan,,YAHOO_CHART_EVENTS,UNOFFICIAL_FREE_VENDOR,2026-07-21T03:21:14.119840+00:00,187027f15342d5433fd15fe0df90469fe1c50284e67dffa4a6716580420deeeb,
HKEX:03393,03393,2024-05-20,CASH_DIVIDEND,0.28,HKD,nan,nan,,YAHOO_CHART_EVENTS,UNOFFICIAL_FREE_VENDOR,2026-07-21T03:21:14.119840+00:00,187027f15342d5433fd15fe0df90469fe1c50284e67dffa4a6716580420deeeb,
HKEX:03393,03393,2025-05-20,CASH_DIVIDEND,0.38,HKD,nan,nan,,YAHOO_CHART_EVENTS,UNOFFICIAL_FREE_VENDOR,2026-07-21T03:21:14.119840+00:00,187027f15342d5433fd15fe0df90469fe1c50284e67dffa4a6716580420deeeb,
HKEX:03393,03393,2026-05-21,CASH_DIVIDEND,0.48,HKD,nan,nan,,YAHOO_CHART_EVENTS,UNOFFICIAL_FREE_VENDOR,2026-07-21T03:21:14.119840+00:00,187027f15342d5433fd15fe0df90469fe1c50284e67dffa4a6716580420deeeb,
HKEX:03396,03396,2023-07-03,CASH_DIVIDEND,0.2174,HKD,nan,nan,,YAHOO_CHART_EVENTS,UNOFFICIAL_FREE_VENDOR,2026-07-21T03:21:14.119840+00:00,4bd8df025cab6be5bf2d51fb2162f325697f0590e87d018b0cf7e2e46aea71d2,
HKEX:03396,03396,2026-06-30,CASH_DIVIDEND,0.115,HKD,nan,nan,,YAHOO_CHART_EVENTS,UNOFFICIAL_FREE_VENDOR,2026-07-21T03:21:14.119840+00:00,4bd8df025cab6be5bf2d51fb2162f325697f0590e87d018b0cf7e2e46aea71d2,
HKEX:03403,03403,2023-03-22,CASH_DIVIDEND,0.12,HKD,nan,nan,,YAHOO_CHART_EVENTS,UNOFFICIAL_FREE_VENDOR,2026-07-21T03:21:14.119840+00:00,a6b711480e18a3bf4aa0b3b7771ba63c9040574fa9fc499f15e29e7763593b81,
HKEX:03403,03403,2023-06-20,CASH_DIVIDEND,0.3,HKD,nan,nan,,YAHOO_CHART_EVENTS,UNOFFICIAL_FREE_VENDOR,2026-07-21T03:21:14.119840+00:00,a6b711480e18a3bf4aa0b3b7771ba63c9040574fa9fc499f15e29e7763593b81,
HKEX:03403,03403,2023-09-20,CASH_DIVIDEND,0.63,HKD,nan,nan,,YAHOO_CHART_EVENTS,UNOFFICIAL_FREE_VENDOR,2026-07-21T03:21:14.119840+00:00,a6b711480e18a3bf4aa0b3b7771ba63c9040574fa9fc499f15e29e7763593b81,
HKEX:03403,03403,2023-12-18,CASH_DIVIDEND,0.2,HKD,nan,nan,,YAHOO_CHART_EVENTS,UNOFFICIAL_FREE_VENDOR,2026-07-21T03:21:14.119840+00:00,a6b711480e18a3bf4aa0b3b7771ba63c9040574fa9fc499f15e29e7763593b81,
HKEX:03403,03403,2024-03-19,CASH_DIVIDEND,0.08,HKD,nan,nan,,YAHOO_CHART_EVENTS,UNOFFICIAL_FREE_VENDOR,2026-07-21T03:21:14.119840+00:00,a6b711480e18a3bf4aa0b3b7771ba63c9040574fa9fc499f15e29e7763593b81,
HKEX:03403,03403,2024-06-19,CASH_DIVIDEND,0.35,HKD,nan,nan,,YAHOO_CHART_EVENTS,UNOFFICIAL_FREE_VENDOR,2026-07-21T03:21:14.119840+00:00,a6b711480e18a3bf4aa0b3b7771ba63c9040574fa9fc499f15e29e7763593b81,
HKEX:03403,03403,2024-09-20,CASH_DIVIDEND,0.63,HKD,nan,nan,,YAHOO_CHART_EVENTS,UNOFFICIAL_FREE_VENDOR,2026-07-21T03:21:14.119840+00:00,a6b711480e18a3bf4aa0b3b7771ba63c9040574fa9fc499f15e29e7763593b81,
HKEX:03403,03403,2024-12-18,CASH_DIVIDEND,0.25,HKD,nan,nan,,YAHOO_CHART_EVENTS,UNOFFICIAL_FREE_VENDOR,2026-07-21T03:21:14.119840+00:00,a6b711480e18a3bf4aa0b3b7771ba63c9040574fa9fc499f15e29e7763593b81,
HKEX:03403,03403,2025-03-21,CASH_DIVIDEND,0.16,HKD,nan,nan,,YAHOO_CHART_EVENTS,UNOFFICIAL_FREE_VENDOR,2026-07-21T03:21:14.119840+00:00,a6b711480e18a3bf4aa0b3b7771ba63c9040574fa9fc499f15e29e7763593b81,
HKEX:03403,03403,2025-06-20,CASH_DIVIDEND,0.42,HKD,nan,nan,,YAHOO_CHART_EVENTS,UNOFFICIAL_FREE_VENDOR,2026-07-21T03:21:14.119840+00:00,a6b711480e18a3bf4aa0b3b7771ba63c9040574fa9fc499f15e29e7763593b81,
HKEX:03403,03403,2025-09-22,CASH_DIVIDEND,0.63,HKD,nan,nan,,YAHOO_CHART_EVENTS,UNOFFICIAL_FREE_VENDOR,2026-07-21T03:21:14.119840+00:00,a6b711480e18a3bf4aa0b3b7771ba63c9040574fa9fc499f15e29e7763593b81,
HKEX:03403,03403,2025-12-18,CASH_DIVIDEND,0.09,HKD,nan,nan,,YAHOO_CHART_EVENTS,UNOFFICIAL_FREE_VENDOR,2026-07-21T03:21:14.119840+00:00,a6b711480e18a3bf4aa0b3b7771ba63c9040574fa9fc499f15e29e7763593b81,
HKEX:03403,03403,2026-03-23,CASH_DIVIDEND,0.16,HKD,nan,nan,,YAHOO_CHART_EVENTS,UNOFFICIAL_FREE_VENDOR,2026-07-21T03:21:14.119840+00:00,a6b711480e18a3bf4aa0b3b7771ba63c9040574fa9fc499f15e29e7763593b81,
HKEX:03403,03403,2026-06-23,CASH_DIVIDEND,0.46,HKD,nan,nan,,YAHOO_CHART_EVENTS,UNOFFICIAL_FREE_VENDOR,2026-07-21T03:21:14.119840+00:00,a6b711480e18a3bf4aa0b3b7771ba63c9040574fa9fc499f15e29e7763593b81,
HKEX:03437,03437,2024-09-27,CASH_DIVIDEND,0.35,HKD,nan,nan,,YAHOO_CHART_EVENTS,UNOFFICIAL_FREE_VENDOR,2026-07-21T03:21:14.119840+00:00,6dff466f0cc99e9f07c03c780aa2f190ce88c0db7b4c797c3c971032a655ba86,
HKEX:03437,03437,2025-04-09,CASH_DIVIDEND,0.35,HKD,nan,nan,,YAHOO_CHART_EVENTS,UNOFFICIAL_FREE_VENDOR,2026-07-21T03:21:14.119840+00:00,6dff466f0cc99e9f07c03c780aa2f190ce88c0db7b4c797c3c971032a655ba86,
HKEX:03437,03437,2025-09-29,CASH_DIVIDEND,0.35,HKD,nan,nan,,YAHOO_CHART_EVENTS,UNOFFICIAL_FREE_VENDOR,2026-07-21T03:21:14.119840+00:00,6dff466f0cc99e9f07c03c780aa2f190ce88c0db7b4c797c3c971032a655ba86,
HKEX:03437,03437,2026-03-30,CASH_DIVIDEND,0.35,HKD,nan,nan,,YAHOO_CHART_EVENTS,UNOFFICIAL_FREE_VENDOR,2026-07-21T03:21:14.119840+00:00,6dff466f0cc99e9f07c03c780aa2f190ce88c0db7b4c797c3c971032a655ba86,
HKEX:03606,03606,2023-05-23,CASH_DIVIDEND,1.423223,HKD,nan,nan,,YAHOO_CHART_EVENTS,UNOFFICIAL_FREE_VENDOR,2026-07-21T03:21:14.119840+00:00,11432535d1d13670251cc26ded48845cfacafd63d998a09f22e5358b619dbb46,
HKEX:03606,03606,2024-05-23,CASH_DIVIDEND,1.433363,HKD,nan,nan,,YAHOO_CHART_EVENTS,UNOFFICIAL_FREE_VENDOR,2026-07-21T03:21:14.119840+00:00,11432535d1d13670251cc26ded48845cfacafd63d998a09f22e5358b619dbb46,
HKEX:03606,03606,2025-05-14,CASH_DIVIDEND,1.936638,HKD,nan,nan,,YAHOO_CHART_EVENTS,UNOFFICIAL_FREE_VENDOR,2026-07-21T03:21:14.119840+00:00,11432535d1d13670251cc26ded48845cfacafd63d998a09f22e5358b619dbb46,
HKEX:03606,03606,2025-10-10,CASH_DIVIDEND,0.986712,HKD,nan,nan,,YAHOO_CHART_EVENTS,UNOFFICIAL_FREE_VENDOR,2026-07-21T03:21:14.119840+00:00,11432535d1d13670251cc26ded48845cfacafd63d998a09f22e5358b619dbb46,
HKEX:03606,03606,2026-05-14,CASH_DIVIDEND,1.369525,HKD,nan,nan,,YAHOO_CHART_EVENTS,UNOFFICIAL_FREE_VENDOR,2026-07-21T03:21:14.119840+00:00,11432535d1d13670251cc26ded48845cfacafd63d998a09f22e5358b619dbb46,
HKEX:03613,03613,2023-05-10,CASH_DIVIDEND,0.33,HKD,nan,nan,,YAHOO_CHART_EVENTS,UNOFFICIAL_FREE_VENDOR,2026-07-21T03:21:14.119840+00:00,a177eaf866a833a3eb11aae09655fd8d377db24dfd008b79ff2aa55af21d599c,
HKEX:03613,03613,2024-06-12,CASH_DIVIDEND,0.33,HKD,nan,nan,,YAHOO_CHART_EVENTS,UNOFFICIAL_FREE_VENDOR,2026-07-21T03:21:14.119840+00:00,a177eaf866a833a3eb11aae09655fd8d377db24dfd008b79ff2aa55af21d599c,
HKEX:03613,03613,2025-06-05,CASH_DIVIDEND,0.35,HKD,nan,nan,,YAHOO_CHART_EVENTS,UNOFFICIAL_FREE_VENDOR,2026-07-21T03:21:14.119840+00:00,a177eaf866a833a3eb11aae09655fd8d377db24dfd008b79ff2aa55af21d599c,
HKEX:03613,03613,2026-06-12,CASH_DIVIDEND,0.4,HKD,nan,nan,,YAHOO_CHART_EVENTS,UNOFFICIAL_FREE_VENDOR,2026-07-21T03:21:14.119840+00:00,a177eaf866a833a3eb11aae09655fd8d377db24dfd008b79ff2aa55af21d599c,
HKEX:03618,03618,2023-05-30,CASH_DIVIDEND,0.301784,HKD,nan,nan,,YAHOO_CHART_EVENTS,UNOFFICIAL_FREE_VENDOR,2026-07-21T03:21:14.119840+00:00,014aa7a23deb7fa5a69d9e1693c42c7d8df55e6a801b4857a5217dafdf0f1f52,
HKEX:03618,03618,2024-05-30,CASH_DIVIDEND,0.31684,HKD,nan,nan,,YAHOO_CHART_EVENTS,UNOFFICIAL_FREE_VENDOR,2026-07-21T03:21:14.119840+00:00,014aa7a23deb7fa5a69d9e1693c42c7d8df55e6a801b4857a5217dafdf0f1f52,
HKEX:03618,03618,2024-12-18,CASH_DIVIDEND,0.210298,HKD,nan,nan,,YAHOO_CHART_EVENTS,UNOFFICIAL_FREE_VENDOR,2026-07-21T03:21:14.119840+00:00,014aa7a23deb7fa5a69d9e1693c42c7d8df55e6a801b4857a5217dafdf0f1f52,
HKEX:03618,03618,2025-05-23,CASH_DIVIDEND,0.119738,HKD,nan,nan,,YAHOO_CHART_EVENTS,UNOFFICIAL_FREE_VENDOR,2026-07-21T03:21:14.119840+00:00,014aa7a23deb7fa5a69d9e1693c42c7d8df55e6a801b4857a5217dafdf0f1f52,
HKEX:03618,03618,2026-01-08,CASH_DIVIDEND,0.224211,HKD,nan,nan,,YAHOO_CHART_EVENTS,UNOFFICIAL_FREE_VENDOR,2026-07-21T03:21:14.119840+00:00,014aa7a23deb7fa5a69d9e1693c42c7d8df55e6a801b4857a5217dafdf0f1f52,
HKEX:03618,03618,2026-06-08,CASH_DIVIDEND,0.13617,HKD,nan,nan,,YAHOO_CHART_EVENTS,UNOFFICIAL_FREE_VENDOR,2026-07-21T03:21:14.119840+00:00,014aa7a23deb7fa5a69d9e1693c42c7d8df55e6a801b4857a5217dafdf0f1f52,
HKEX:03633,03633,2025-06-09,CASH_DIVIDEND,0.02,HKD,nan,nan,,YAHOO_CHART_EVENTS,UNOFFICIAL_FREE_VENDOR,2026-07-21T03:21:14.119840+00:00,cbea399208cea4b104ccd62b82a421b9db24350501b7e352362013e6fae1701c,
HKEX:03633,03633,2026-07-06,CASH_DIVIDEND,0.03,HKD,nan,nan,,YAHOO_CHART_EVENTS,UNOFFICIAL_FREE_VENDOR,2026-07-21T03:21:14.119840+00:00,cbea399208cea4b104ccd62b82a421b9db24350501b7e352362013e6fae1701c,
HKEX:03668,03668,2023-03-14,CASH_DIVIDEND,3.82816,HKD,nan,nan,,YAHOO_CHART_EVENTS,UNOFFICIAL_FREE_VENDOR,2026-07-21T03:21:14.119840+00:00,ffecdcf4aa2f0f92f428b3af364f2386a689d56ca6c7a535dc8881e7c7d2385b,
HKEX:03668,03668,2023-09-04,CASH_DIVIDEND,1.8849,HKD,nan,nan,,YAHOO_CHART_EVENTS,UNOFFICIAL_FREE_VENDOR,2026-07-21T03:21:14.119840+00:00,ffecdcf4aa2f0f92f428b3af364f2386a689d56ca6c7a535dc8881e7c7d2385b,
HKEX:03668,03668,2024-03-12,CASH_DIVIDEND,1.77736,HKD,nan,nan,,YAHOO_CHART_EVENTS,UNOFFICIAL_FREE_VENDOR,2026-07-21T03:21:14.119840+00:00,ffecdcf4aa2f0f92f428b3af364f2386a689d56ca6c7a535dc8881e7c7d2385b,
HKEX:03668,03668,2025-03-13,CASH_DIVIDEND,2.843776,HKD,nan,nan,,YAHOO_CHART_EVENTS,UNOFFICIAL_FREE_VENDOR,2026-07-21T03:21:14.119840+00:00,ffecdcf4aa2f0f92f428b3af364f2386a689d56ca6c7a535dc8881e7c7d2385b,
HKEX:03668,03668,2025-09-04,CASH_DIVIDEND,0.3390656,HKD,nan,nan,,YAHOO_CHART_EVENTS,UNOFFICIAL_FREE_VENDOR,2026-07-21T03:21:14.119840+00:00,ffecdcf4aa2f0f92f428b3af364f2386a689d56ca6c7a535dc8881e7c7d2385b,
HKEX:03668,03668,2026-03-19,CASH_DIVIDEND,0.6671936,HKD,nan,nan,,YAHOO_CHART_EVENTS,UNOFFICIAL_FREE_VENDOR,2026-07-21T03:21:14.119840+00:00,ffecdcf4aa2f0f92f428b3af364f2386a689d56ca6c7a535dc8881e7c7d2385b,
HKEX:03678,03678,2024-07-04,CASH_DIVIDEND,0.00438,HKD,nan,nan,,YAHOO_CHART_EVENTS,UNOFFICIAL_FREE_VENDOR,2026-07-21T03:21:14.119840+00:00,e48ac8715fe30c0b24bcb3ce8a8280007f2bdb0f81e980c3a8193f0606e300c4,
HKEX:03678,03678,2025-07-10,CASH_DIVIDEND,0.01095,HKD,nan,nan,,YAHOO_CHART_EVENTS,UNOFFICIAL_FREE_VENDOR,2026-07-21T03:21:14.119840+00:00,e48ac8715fe30c0b24bcb3ce8a8280007f2bdb0f81e980c3a8193f0606e300c4,
HKEX:03678,03678,2026-07-10,CASH_DIVIDEND,0.0046,HKD,nan,nan,,YAHOO_CHART_EVENTS,UNOFFICIAL_FREE_VENDOR,2026-07-21T03:21:14.119840+00:00,e48ac8715fe30c0b24bcb3ce8a8280007f2bdb0f81e980c3a8193f0606e300c4,
HKEX:03692,03692,2023-06-05,CASH_DIVIDEND,0.05,HKD,nan,nan,,YAHOO_CHART_EVENTS,UNOFFICIAL_FREE_VENDOR,2026-07-21T03:21:14.119840+00:00,4c13d3a1e1fce5be062ab9d855a4eca28fd5ba6e351aaf15e655429ff5017382,
HKEX:03692,03692,2023-09-15,CASH_DIVIDEND,0.0707,HKD,nan,nan,,YAHOO_CHART_EVENTS,UNOFFICIAL_FREE_VENDOR,2026-07-21T03:21:14.119840+00:00,4c13d3a1e1fce5be062ab9d855a4eca28fd5ba6e351aaf15e655429ff5017382,
HKEX:03692,03692,2024-06-19,CASH_DIVIDEND,0.1422,HKD,nan,nan,,YAHOO_CHART_EVENTS,UNOFFICIAL_FREE_VENDOR,2026-07-21T03:21:14.119840+00:00,4c13d3a1e1fce5be062ab9d855a4eca28fd5ba6e351aaf15e655429ff5017382,
HKEX:03692,03692,2024-09-20,CASH_DIVIDEND,0.201,HKD,nan,nan,,YAHOO_CHART_EVENTS,UNOFFICIAL_FREE_VENDOR,2026-07-21T03:21:14.119840+00:00,4c13d3a1e1fce5be062ab9d855a4eca28fd5ba6e351aaf15e655429ff5017382,
HKEX:03692,03692,2025-07-03,CASH_DIVIDEND,0.1353,HKD,nan,nan,,YAHOO_CHART_EVENTS,UNOFFICIAL_FREE_VENDOR,2026-07-21T03:21:14.119840+00:00,4c13d3a1e1fce5be062ab9d855a4eca28fd5ba6e351aaf15e655429ff5017382,
HKEX:03692,03692,2025-09-22,CASH_DIVIDEND,0.2316,HKD,nan,nan,,YAHOO_CHART_EVENTS,UNOFFICIAL_FREE_VENDOR,2026-07-21T03:21:14.119840+00:00,4c13d3a1e1fce5be062ab9d855a4eca28fd5ba6e351aaf15e655429ff5017382,
HKEX:03692,03692,2026-07-03,CASH_DIVIDEND,0.2,HKD,nan,nan,,YAHOO_CHART_EVENTS,UNOFFICIAL_FREE_VENDOR,2026-07-21T03:21:14.119840+00:00,4c13d3a1e1fce5be062ab9d855a4eca28fd5ba6e351aaf15e655429ff5017382,
HKEX:03698,03698,2023-07-04,CASH_DIVIDEND,0.140202,HKD,nan,nan,,YAHOO_CHART_EVENTS,UNOFFICIAL_FREE_VENDOR,2026-07-21T03:21:14.119840+00:00,663a171a2f73912b46d2986bf828800fc82c8f7a7db2cd92de22b9ab7174cbef,
HKEX:03698,03698,2024-07-03,CASH_DIVIDEND,0.160001,HKD,nan,nan,,YAHOO_CHART_EVENTS,UNOFFICIAL_FREE_VENDOR,2026-07-21T03:21:14.119840+00:00,663a171a2f73912b46d2986bf828800fc82c8f7a7db2cd92de22b9ab7174cbef,
HKEX:03698,03698,2025-07-03,CASH_DIVIDEND,0.230043,HKD,nan,nan,,YAHOO_CHART_EVENTS,UNOFFICIAL_FREE_VENDOR,2026-07-21T03:21:14.119840+00:00,663a171a2f73912b46d2986bf828800fc82c8f7a7db2cd92de22b9ab7174cbef,
HKEX:03698,03698,2026-07-06,CASH_DIVIDEND,0.287488,HKD,nan,nan,,YAHOO_CHART_EVENTS,UNOFFICIAL_FREE_VENDOR,2026-07-21T03:21:14.119840+00:00,663a171a2f73912b46d2986bf828800fc82c8f7a7db2cd92de22b9ab7174cbef,
HKEX:03750,03750,2025-08-12,CASH_DIVIDEND,1.104,HKD,nan,nan,,YAHOO_CHART_EVENTS,UNOFFICIAL_FREE_VENDOR,2026-07-21T03:21:14.119840+00:00,ed58ea26601a77be80e6c5c91e782cee421f49ac09dfb2bae98340e0595fc9a5,
HKEX:03750,03750,2026-04-10,CASH_DIVIDEND,7.883,HKD,nan,nan,,YAHOO_CHART_EVENTS,UNOFFICIAL_FREE_VENDOR,2026-07-21T03:21:14.119840+00:00,ed58ea26601a77be80e6c5c91e782cee421f49ac09dfb2bae98340e0595fc9a5,
HKEX:03759,03759,2023-07-18,CASH_DIVIDEND,0.328592,HKD,nan,nan,,YAHOO_CHART_EVENTS,UNOFFICIAL_FREE_VENDOR,2026-07-21T03:21:14.119840+00:00,31392be7b17dff11fd18683044d35e4501b467d08901358e67bee169037d8177,
HKEX:03759,03759,2023-07-18,STOCK_SPLIT_OR_CONSOLIDATION,nan,HKD,15.0,10.0,,YAHOO_CHART_EVENTS,UNOFFICIAL_FREE_VENDOR,2026-07-21T03:21:14.119840+00:00,31392be7b17dff11fd18683044d35e4501b467d08901358e67bee169037d8177,15:10
HKEX:03759,03759,2024-06-27,CASH_DIVIDEND,0.21989,HKD,nan,nan,,YAHOO_CHART_EVENTS,UNOFFICIAL_FREE_VENDOR,2026-07-21T03:21:14.119840+00:00,31392be7b17dff11fd18683044d35e4501b467d08901358e67bee169037d8177,
HKEX:03759,03759,2025-07-04,CASH_DIVIDEND,0.218771,HKD,nan,nan,,YAHOO_CHART_EVENTS,UNOFFICIAL_FREE_VENDOR,2026-07-21T03:21:14.119840+00:00,31392be7b17dff11fd18683044d35e4501b467d08901358e67bee169037d8177,
HKEX:03759,03759,2026-07-07,CASH_DIVIDEND,0.229927,HKD,nan,nan,,YAHOO_CHART_EVENTS,UNOFFICIAL_FREE_VENDOR,2026-07-21T03:21:14.119840+00:00,31392be7b17dff11fd18683044d35e4501b467d08901358e67bee169037d8177,
HKEX:03800,03800,2023-06-02,CASH_DIVIDEND,0.06,HKD,nan,nan,,YAHOO_CHART_EVENTS,UNOFFICIAL_FREE_VENDOR,2026-07-21T03:21:14.119840+00:00,344dddf0b26cfb9331f025a2f8ac4205cc588573b7c64c2edeb391067eb5a474,
HKEX:03808,03808,2023-07-04,CASH_DIVIDEND,0.33,HKD,nan,nan,,YAHOO_CHART_EVENTS,UNOFFICIAL_FREE_VENDOR,2026-07-21T03:21:14.119840+00:00,642dba3380dbf383a6f4a6a3b42080709188b3120939b7c4b9ff5b01f2bd9e37,
HKEX:03808,03808,2024-07-05,CASH_DIVIDEND,1.063,HKD,nan,nan,,YAHOO_CHART_EVENTS,UNOFFICIAL_FREE_VENDOR,2026-07-21T03:21:14.119840+00:00,642dba3380dbf383a6f4a6a3b42080709188b3120939b7c4b9ff5b01f2bd9e37,
HKEX:03808,03808,2024-09-04,CASH_DIVIDEND,0.72,HKD,nan,nan,,YAHOO_CHART_EVENTS,UNOFFICIAL_FREE_VENDOR,2026-07-21T03:21:14.119840+00:00,642dba3380dbf383a6f4a6a3b42080709188b3120939b7c4b9ff5b01f2bd9e37,
HKEX:03808,03808,2025-07-07,CASH_DIVIDEND,0.55,HKD,nan,nan,,YAHOO_CHART_EVENTS,UNOFFICIAL_FREE_VENDOR,2026-07-21T03:21:14.119840+00:00,642dba3380dbf383a6f4a6a3b42080709188b3120939b7c4b9ff5b01f2bd9e37,
HKEX:03808,03808,2025-09-09,CASH_DIVIDEND,0.74,HKD,nan,nan,,YAHOO_CHART_EVENTS,UNOFFICIAL_FREE_VENDOR,2026-07-21T03:21:14.119840+00:00,642dba3380dbf383a6f4a6a3b42080709188b3120939b7c4b9ff5b01f2bd9e37,
HKEX:03808,03808,2026-07-09,CASH_DIVIDEND,0.88,HKD,nan,nan,,YAHOO_CHART_EVENTS,UNOFFICIAL_FREE_VENDOR,2026-07-21T03:21:14.119840+00:00,642dba3380dbf383a6f4a6a3b42080709188b3120939b7c4b9ff5b01f2bd9e37,
HKEX:03866,03866,2023-06-02,CASH_DIVIDEND,0.177252,HKD,nan,nan,,YAHOO_CHART_EVENTS,UNOFFICIAL_FREE_VENDOR,2026-07-21T03:21:14.119840+00:00,add2ac042a98e0c0b25224ab1089063771d980c9c2639523e1f28b9f10a109de,
HKEX:03866,03866,2024-06-04,CASH_DIVIDEND,0.175811,HKD,nan,nan,,YAHOO_CHART_EVENTS,UNOFFICIAL_FREE_VENDOR,2026-07-21T03:21:14.119840+00:00,add2ac042a98e0c0b25224ab1089063771d980c9c2639523e1f28b9f10a109de,
HKEX:03866,03866,2025-05-30,CASH_DIVIDEND,0.174349,HKD,nan,nan,,YAHOO_CHART_EVENTS,UNOFFICIAL_FREE_VENDOR,2026-07-21T03:21:14.119840+00:00,add2ac042a98e0c0b25224ab1089063771d980c9c2639523e1f28b9f10a109de,
HKEX:03866,03866,2026-06-01,CASH_DIVIDEND,0.206474,HKD,nan,nan,,YAHOO_CHART_EVENTS,UNOFFICIAL_FREE_VENDOR,2026-07-21T03:21:14.119840+00:00,add2ac042a98e0c0b25224ab1089063771d980c9c2639523e1f28b9f10a109de,
HKEX:03868,03868,2023-06-06,CASH_DIVIDEND,0.074,HKD,nan,nan,,YAHOO_CHART_EVENTS,UNOFFICIAL_FREE_VENDOR,2026-07-21T03:21:14.119840+00:00,8a75a6f4e157738c839cf780ed67ebe0345f35e99eaf5290c9f2b7c421565adf,
HKEX:03868,03868,2023-08-11,CASH_DIVIDEND,0.034,HKD,nan,nan,,YAHOO_CHART_EVENTS,UNOFFICIAL_FREE_VENDOR,2026-07-21T03:21:14.119840+00:00,8a75a6f4e157738c839cf780ed67ebe0345f35e99eaf5290c9f2b7c421565adf,
HKEX:03868,03868,2024-06-04,CASH_DIVIDEND,0.026,HKD,nan,nan,,YAHOO_CHART_EVENTS,UNOFFICIAL_FREE_VENDOR,2026-07-21T03:21:14.119840+00:00,8a75a6f4e157738c839cf780ed67ebe0345f35e99eaf5290c9f2b7c421565adf,
HKEX:03868,03868,2024-08-13,CASH_DIVIDEND,0.023,HKD,nan,nan,,YAHOO_CHART_EVENTS,UNOFFICIAL_FREE_VENDOR,2026-07-21T03:21:14.119840+00:00,8a75a6f4e157738c839cf780ed67ebe0345f35e99eaf5290c9f2b7c421565adf,
HKEX:03868,03868,2025-06-03,CASH_DIVIDEND,0.027,HKD,nan,nan,,YAHOO_CHART_EVENTS,UNOFFICIAL_FREE_VENDOR,2026-07-21T03:21:14.119840+00:00,8a75a6f4e157738c839cf780ed67ebe0345f35e99eaf5290c9f2b7c421565adf,
HKEX:03868,03868,2025-08-14,CASH_DIVIDEND,0.029,HKD,nan,nan,,YAHOO_CHART_EVENTS,UNOFFICIAL_FREE_VENDOR,2026-07-21T03:21:14.119840+00:00,8a75a6f4e157738c839cf780ed67ebe0345f35e99eaf5290c9f2b7c421565adf,
HKEX:03868,03868,2026-06-02,CASH_DIVIDEND,0.036,HKD,nan,nan,,YAHOO_CHART_EVENTS,UNOFFICIAL_FREE_VENDOR,2026-07-21T03:21:14.119840+00:00,8a75a6f4e157738c839cf780ed67ebe0345f35e99eaf5290c9f2b7c421565adf,
HKEX:03877,03877,2023-06-28,CASH_DIVIDEND,0.07,HKD,nan,nan,,YAHOO_CHART_EVENTS,UNOFFICIAL_FREE_VENDOR,2026-07-21T03:21:14.119840+00:00,7005b7aeabf02e76d84a43879fdb84c6b3cd16a0d739555b2399be1dd26cc158,
HKEX:03877,03877,2023-10-17,CASH_DIVIDEND,0.03,HKD,nan,nan,,YAHOO_CHART_EVENTS,UNOFFICIAL_FREE_VENDOR,2026-07-21T03:21:14.119840+00:00,7005b7aeabf02e76d84a43879fdb84c6b3cd16a0d739555b2399be1dd26cc158,
HKEX:03877,03877,2024-07-02,CASH_DIVIDEND,0.09,HKD,nan,nan,,YAHOO_CHART_EVENTS,UNOFFICIAL_FREE_VENDOR,2026-07-21T03:21:14.119840+00:00,7005b7aeabf02e76d84a43879fdb84c6b3cd16a0d739555b2399be1dd26cc158,
HKEX:03877,03877,2024-10-18,CASH_DIVIDEND,0.03,HKD,nan,nan,,YAHOO_CHART_EVENTS,UNOFFICIAL_FREE_VENDOR,2026-07-21T03:21:14.119840+00:00,7005b7aeabf02e76d84a43879fdb84c6b3cd16a0d739555b2399be1dd26cc158,
HKEX:03877,03877,2025-07-02,CASH_DIVIDEND,0.104,HKD,nan,nan,,YAHOO_CHART_EVENTS,UNOFFICIAL_FREE_VENDOR,2026-07-21T03:21:14.119840+00:00,7005b7aeabf02e76d84a43879fdb84c6b3cd16a0d739555b2399be1dd26cc158,
HKEX:03877,03877,2025-09-29,CASH_DIVIDEND,0.05,HKD,nan,nan,,YAHOO_CHART_EVENTS,UNOFFICIAL_FREE_VENDOR,2026-07-21T03:21:14.119840+00:00,7005b7aeabf02e76d84a43879fdb84c6b3cd16a0d739555b2399be1dd26cc158,
HKEX:03877,03877,2026-01-30,CASH_DIVIDEND,0.06,HKD,nan,nan,,YAHOO_CHART_EVENTS,UNOFFICIAL_FREE_VENDOR,2026-07-21T03:21:14.119840+00:00,7005b7aeabf02e76d84a43879fdb84c6b3cd16a0d739555b2399be1dd26cc158,
HKEX:03877,03877,2026-07-03,CASH_DIVIDEND,0.05,HKD,nan,nan,,YAHOO_CHART_EVENTS,UNOFFICIAL_FREE_VENDOR,2026-07-21T03:21:14.119840+00:00,7005b7aeabf02e76d84a43879fdb84c6b3cd16a0d739555b2399be1dd26cc158,
HKEX:03881,03881,2026-02-20,STOCK_SPLIT_OR_CONSOLIDATION,nan,HKD,10.0,1.0,,YAHOO_CHART_EVENTS,UNOFFICIAL_FREE_VENDOR,2026-07-21T03:21:14.119840+00:00,b03e49e9a8b3ece9a6dfe3301fe59fad29f01f4b46118f39bf517040beb19bb1,10:1
HKEX:03881,03881,2026-03-02,STOCK_SPLIT_OR_CONSOLIDATION,nan,HKD,10.0,1.0,,YAHOO_CHART_EVENTS,UNOFFICIAL_FREE_VENDOR,2026-07-21T03:21:14.119840+00:00,b03e49e9a8b3ece9a6dfe3301fe59fad29f01f4b46118f39bf517040beb19bb1,10:1
HKEX:03888,03888,2023-06-02,CASH_DIVIDEND,0.13,HKD,nan,nan,,YAHOO_CHART_EVENTS,UNOFFICIAL_FREE_VENDOR,2026-07-21T03:21:14.119840+00:00,059c889ff7412f050a6f4aaf09ef7667e5281d3fcb6a4c3468f970aea9a0a7ca,
HKEX:03888,03888,2024-05-31,CASH_DIVIDEND,0.14,HKD,nan,nan,,YAHOO_CHART_EVENTS,UNOFFICIAL_FREE_VENDOR,2026-07-21T03:21:14.119840+00:00,059c889ff7412f050a6f4aaf09ef7667e5281d3fcb6a4c3468f970aea9a0a7ca,
HKEX:03888,03888,2025-06-02,CASH_DIVIDEND,0.15,HKD,nan,nan,,YAHOO_CHART_EVENTS,UNOFFICIAL_FREE_VENDOR,2026-07-21T03:21:14.119840+00:00,059c889ff7412f050a6f4aaf09ef7667e5281d3fcb6a4c3468f970aea9a0a7ca,
HKEX:03888,03888,2026-06-01,CASH_DIVIDEND,0.13,HKD,nan,nan,,YAHOO_CHART_EVENTS,UNOFFICIAL_FREE_VENDOR,2026-07-21T03:21:14.119840+00:00,059c889ff7412f050a6f4aaf09ef7667e5281d3fcb6a4c3468f970aea9a0a7ca,
HKEX:03898,03898,2023-06-29,CASH_DIVIDEND,0.601,HKD,nan,nan,,YAHOO_CHART_EVENTS,UNOFFICIAL_FREE_VENDOR,2026-07-21T03:21:14.119840+00:00,62b9f71ce064f60dd00aefc952f4fbe161ec923f2fc20f8595459f4d883b81bf,
HKEX:03898,03898,2024-07-02,CASH_DIVIDEND,0.855,HKD,nan,nan,,YAHOO_CHART_EVENTS,UNOFFICIAL_FREE_VENDOR,2026-07-21T03:21:14.119840+00:00,62b9f71ce064f60dd00aefc952f4fbe161ec923f2fc20f8595459f4d883b81bf,
HKEX:03898,03898,2025-07-02,CASH_DIVIDEND,1.09524,HKD,nan,nan,,YAHOO_CHART_EVENTS,UNOFFICIAL_FREE_VENDOR,2026-07-21T03:21:14.119840+00:00,62b9f71ce064f60dd00aefc952f4fbe161ec923f2fc20f8595459f4d883b81bf,
HKEX:03898,03898,2025-09-04,CASH_DIVIDEND,0.48231,HKD,nan,nan,,YAHOO_CHART_EVENTS,UNOFFICIAL_FREE_VENDOR,2026-07-21T03:21:14.119840+00:00,62b9f71ce064f60dd00aefc952f4fbe161ec923f2fc20f8595459f4d883b81bf,
HKEX:03898,03898,2026-06-30,CASH_DIVIDEND,0.78189,HKD,nan,nan,,YAHOO_CHART_EVENTS,UNOFFICIAL_FREE_VENDOR,2026-07-21T03:21:14.119840+00:00,62b9f71ce064f60dd00aefc952f4fbe161ec923f2fc20f8595459f4d883b81bf,
HKEX:03899,03899,2023-05-24,CASH_DIVIDEND,0.24,HKD,nan,nan,,YAHOO_CHART_EVENTS,UNOFFICIAL_FREE_VENDOR,2026-07-21T03:21:14.119840+00:00,4982abe8701024cc7ecd2ea801904d53b6360a3752e78ff351843349b0ce5a64,
HKEX:03899,03899,2024-05-27,CASH_DIVIDEND,0.3,HKD,nan,nan,,YAHOO_CHART_EVENTS,UNOFFICIAL_FREE_VENDOR,2026-07-21T03:21:14.119840+00:00,4982abe8701024cc7ecd2ea801904d53b6360a3752e78ff351843349b0ce5a64,
HKEX:03899,03899,2025-05-27,CASH_DIVIDEND,0.3,HKD,nan,nan,,YAHOO_CHART_EVENTS,UNOFFICIAL_FREE_VENDOR,2026-07-21T03:21:14.119840+00:00,4982abe8701024cc7ecd2ea801904d53b6360a3752e78ff351843349b0ce5a64,
HKEX:03899,03899,2026-05-28,CASH_DIVIDEND,0.31,HKD,nan,nan,,YAHOO_CHART_EVENTS,UNOFFICIAL_FREE_VENDOR,2026-07-21T03:21:14.119840+00:00,4982abe8701024cc7ecd2ea801904d53b6360a3752e78ff351843349b0ce5a64,
HKEX:03900,03900,2023-06-20,CASH_DIVIDEND,0.548,HKD,nan,nan,,YAHOO_CHART_EVENTS,UNOFFICIAL_FREE_VENDOR,2026-07-21T03:21:14.119840+00:00,d280b588c459ab979c13971e06572807dce8a6439d32130991c12e874393d62c,
HKEX:03900,03900,2024-06-19,CASH_DIVIDEND,0.472,HKD,nan,nan,,YAHOO_CHART_EVENTS,UNOFFICIAL_FREE_VENDOR,2026-07-21T03:21:14.119840+00:00,d280b588c459ab979c13971e06572807dce8a6439d32130991c12e874393d62c,
HKEX:03900,03900,2025-06-25,CASH_DIVIDEND,0.328,HKD,nan,nan,,YAHOO_CHART_EVENTS,UNOFFICIAL_FREE_VENDOR,2026-07-21T03:21:14.119840+00:00,d280b588c459ab979c13971e06572807dce8a6439d32130991c12e874393d62c,
HKEX:03908,03908,2023-07-04,CASH_DIVIDEND,0.195631,HKD,nan,nan,,YAHOO_CHART_EVENTS,UNOFFICIAL_FREE_VENDOR,2026-07-21T03:21:14.119840+00:00,ed353036451de5e448948bcac835a64d94ee6d970874df151e0bdb8ca904a1fe,
HKEX:03908,03908,2024-07-03,CASH_DIVIDEND,0.197277,HKD,nan,nan,,YAHOO_CHART_EVENTS,UNOFFICIAL_FREE_VENDOR,2026-07-21T03:21:14.119840+00:00,ed353036451de5e448948bcac835a64d94ee6d970874df151e0bdb8ca904a1fe,
HKEX:03908,03908,2024-11-04,CASH_DIVIDEND,0.098127,HKD,nan,nan,,YAHOO_CHART_EVENTS,UNOFFICIAL_FREE_VENDOR,2026-07-21T03:21:14.119840+00:00,ed353036451de5e448948bcac835a64d94ee6d970874df151e0bdb8ca904a1fe,
HKEX:03908,03908,2025-07-02,CASH_DIVIDEND,0.098572,HKD,nan,nan,,YAHOO_CHART_EVENTS,UNOFFICIAL_FREE_VENDOR,2026-07-21T03:21:14.119840+00:00,ed353036451de5e448948bcac835a64d94ee6d970874df151e0bdb8ca904a1fe,
HKEX:03908,03908,2025-11-04,CASH_DIVIDEND,0.098655,HKD,nan,nan,,YAHOO_CHART_EVENTS,UNOFFICIAL_FREE_VENDOR,2026-07-21T03:21:14.119840+00:00,ed353036451de5e448948bcac835a64d94ee6d970874df151e0bdb8ca904a1fe,
HKEX:03908,03908,2026-06-30,CASH_DIVIDEND,0.264463,HKD,nan,nan,,YAHOO_CHART_EVENTS,UNOFFICIAL_FREE_VENDOR,2026-07-21T03:21:14.119840+00:00,ed353036451de5e448948bcac835a64d94ee6d970874df151e0bdb8ca904a1fe,
HKEX:03918,03918,2023-04-26,CASH_DIVIDEND,0.0588015,HKD,nan,nan,,YAHOO_CHART_EVENTS,UNOFFICIAL_FREE_VENDOR,2026-07-21T03:21:14.119840+00:00,b7be3e8e013f63ae00b034048a667b215d15ce111837da40b0722d55983c2567,
HKEX:03918,03918,2025-09-09,CASH_DIVIDEND,0.0783,HKD,nan,nan,,YAHOO_CHART_EVENTS,UNOFFICIAL_FREE_VENDOR,2026-07-21T03:21:14.119840+00:00,b7be3e8e013f63ae00b034048a667b215d15ce111837da40b0722d55983c2567,
HKEX:03918,03918,2026-06-30,CASH_DIVIDEND,0.0845,HKD,nan,nan,,YAHOO_CHART_EVENTS,UNOFFICIAL_FREE_VENDOR,2026-07-21T03:21:14.119840+00:00,b7be3e8e013f63ae00b034048a667b215d15ce111837da40b0722d55983c2567,
HKEX:03933,03933,2023-07-04,CASH_DIVIDEND,0.21888,HKD,nan,nan,,YAHOO_CHART_EVENTS,UNOFFICIAL_FREE_VENDOR,2026-07-21T03:21:14.119840+00:00,b3978203b65db54454cff010d162311339259d552941c9da832a2f43293fef5a,
HKEX:03933,03933,2023-09-14,CASH_DIVIDEND,0.130739,HKD,nan,nan,,YAHOO_CHART_EVENTS,UNOFFICIAL_FREE_VENDOR,2026-07-21T03:21:14.119840+00:00,b3978203b65db54454cff010d162311339259d552941c9da832a2f43293fef5a,
HKEX:03933,03933,2024-07-02,CASH_DIVIDEND,0.438973,HKD,nan,nan,,YAHOO_CHART_EVENTS,UNOFFICIAL_FREE_VENDOR,2026-07-21T03:21:14.119840+00:00,b3978203b65db54454cff010d162311339259d552941c9da832a2f43293fef5a,
HKEX:03933,03933,2024-09-19,CASH_DIVIDEND,0.176315,HKD,nan,nan,,YAHOO_CHART_EVENTS,UNOFFICIAL_FREE_VENDOR,2026-07-21T03:21:14.119840+00:00,b3978203b65db54454cff010d162311339259d552941c9da832a2f43293fef5a,
HKEX:03933,03933,2025-07-08,CASH_DIVIDEND,0.437978,HKD,nan,nan,,YAHOO_CHART_EVENTS,UNOFFICIAL_FREE_VENDOR,2026-07-21T03:21:14.119840+00:00,b3978203b65db54454cff010d162311339259d552941c9da832a2f43293fef5a,
HKEX:03933,03933,2025-09-25,CASH_DIVIDEND,0.17507,HKD,nan,nan,,YAHOO_CHART_EVENTS,UNOFFICIAL_FREE_VENDOR,2026-07-21T03:21:14.119840+00:00,b3978203b65db54454cff010d162311339259d552941c9da832a2f43293fef5a,
HKEX:03933,03933,2026-07-07,CASH_DIVIDEND,0.299034,HKD,nan,nan,,YAHOO_CHART_EVENTS,UNOFFICIAL_FREE_VENDOR,2026-07-21T03:21:14.119840+00:00,b3978203b65db54454cff010d162311339259d552941c9da832a2f43293fef5a,
HKEX:03939,03939,2023-06-07,CASH_DIVIDEND,0.026625,HKD,nan,nan,,YAHOO_CHART_EVENTS,UNOFFICIAL_FREE_VENDOR,2026-07-21T03:21:14.119840+00:00,679a71c9f48f4639331610ae2625d38e02c75d07ccfbddf11b96b22ad99b9174,
HKEX:03939,03939,2024-06-17,CASH_DIVIDEND,0.05,HKD,nan,nan,,YAHOO_CHART_EVENTS,UNOFFICIAL_FREE_VENDOR,2026-07-21T03:21:14.119840+00:00,679a71c9f48f4639331610ae2625d38e02c75d07ccfbddf11b96b22ad99b9174,
HKEX:03939,03939,2024-09-12,CASH_DIVIDEND,0.03,HKD,nan,nan,,YAHOO_CHART_EVENTS,UNOFFICIAL_FREE_VENDOR,2026-07-21T03:21:14.119840+00:00,679a71c9f48f4639331610ae2625d38e02c75d07ccfbddf11b96b22ad99b9174,
HKEX:03939,03939,2025-06-16,CASH_DIVIDEND,0.0595,HKD,nan,nan,,YAHOO_CHART_EVENTS,UNOFFICIAL_FREE_VENDOR,2026-07-21T03:21:14.119840+00:00,679a71c9f48f4639331610ae2625d38e02c75d07ccfbddf11b96b22ad99b9174,
HKEX:03939,03939,2025-09-24,CASH_DIVIDEND,0.05075,HKD,nan,nan,,YAHOO_CHART_EVENTS,UNOFFICIAL_FREE_VENDOR,2026-07-21T03:21:14.119840+00:00,679a71c9f48f4639331610ae2625d38e02c75d07ccfbddf11b96b22ad99b9174,
HKEX:03939,03939,2025-11-25,STOCK_SPLIT_OR_CONSOLIDATION,nan,HKD,4.0,1.0,,YAHOO_CHART_EVENTS,UNOFFICIAL_FREE_VENDOR,2026-07-21T03:21:14.119840+00:00,679a71c9f48f4639331610ae2625d38e02c75d07ccfbddf11b96b22ad99b9174,4:1
HKEX:03939,03939,2026-06-22,CASH_DIVIDEND,0.112,HKD,nan,nan,,YAHOO_CHART_EVENTS,UNOFFICIAL_FREE_VENDOR,2026-07-21T03:21:14.119840+00:00,679a71c9f48f4639331610ae2625d38e02c75d07ccfbddf11b96b22ad99b9174,
HKEX:03958,03958,2023-05-23,CASH_DIVIDEND,0.170225,HKD,nan,nan,,YAHOO_CHART_EVENTS,UNOFFICIAL_FREE_VENDOR,2026-07-21T03:21:14.119840+00:00,7e476a71d20265d230391fd08a5bdb5b702d9837749c2fff949b0e48646440b5,
HKEX:03958,03958,2024-05-27,CASH_DIVIDEND,0.165139,HKD,nan,nan,,YAHOO_CHART_EVENTS,UNOFFICIAL_FREE_VENDOR,2026-07-21T03:21:14.119840+00:00,7e476a71d20265d230391fd08a5bdb5b702d9837749c2fff949b0e48646440b5,
HKEX:03958,03958,2024-10-29,CASH_DIVIDEND,0.082411,HKD,nan,nan,,YAHOO_CHART_EVENTS,UNOFFICIAL_FREE_VENDOR,2026-07-21T03:21:14.119840+00:00,7e476a71d20265d230391fd08a5bdb5b702d9837749c2fff949b0e48646440b5,
HKEX:03958,03958,2025-05-27,CASH_DIVIDEND,0.108738,HKD,nan,nan,,YAHOO_CHART_EVENTS,UNOFFICIAL_FREE_VENDOR,2026-07-21T03:21:14.119840+00:00,7e476a71d20265d230391fd08a5bdb5b702d9837749c2fff949b0e48646440b5,
HKEX:03958,03958,2025-09-11,CASH_DIVIDEND,0.131556,HKD,nan,nan,,YAHOO_CHART_EVENTS,UNOFFICIAL_FREE_VENDOR,2026-07-21T03:21:14.119840+00:00,7e476a71d20265d230391fd08a5bdb5b702d9837749c2fff949b0e48646440b5,
HKEX:03958,03958,2026-06-23,CASH_DIVIDEND,0.22986,HKD,nan,nan,,YAHOO_CHART_EVENTS,UNOFFICIAL_FREE_VENDOR,2026-07-21T03:21:14.119840+00:00,7e476a71d20265d230391fd08a5bdb5b702d9837749c2fff949b0e48646440b5,
HKEX:03968,03968,2023-07-05,CASH_DIVIDEND,1.890363,HKD,nan,nan,,YAHOO_CHART_EVENTS,UNOFFICIAL_FREE_VENDOR,2026-07-21T03:21:14.119840+00:00,a8e0c4ea1bda417ec3e08597434ced552be94ea71aecc2bafc2499c5808b2292,
HKEX:03968,03968,2024-07-03,CASH_DIVIDEND,2.162044,HKD,nan,nan,,YAHOO_CHART_EVENTS,UNOFFICIAL_FREE_VENDOR,2026-07-21T03:21:14.119840+00:00,a8e0c4ea1bda417ec3e08597434ced552be94ea71aecc2bafc2499c5808b2292,
HKEX:03968,03968,2025-07-03,CASH_DIVIDEND,2.189861,HKD,nan,nan,,YAHOO_CHART_EVENTS,UNOFFICIAL_FREE_VENDOR,2026-07-21T03:21:14.119840+00:00,a8e0c4ea1bda417ec3e08597434ced552be94ea71aecc2bafc2499c5808b2292,
HKEX:03968,03968,2026-01-14,CASH_DIVIDEND,1.118595,HKD,nan,nan,,YAHOO_CHART_EVENTS,UNOFFICIAL_FREE_VENDOR,2026-07-21T03:21:14.119840+00:00,a8e0c4ea1bda417ec3e08597434ced552be94ea71aecc2bafc2499c5808b2292,
HKEX:03968,03968,2026-07-02,CASH_DIVIDEND,1.153271,HKD,nan,nan,,YAHOO_CHART_EVENTS,UNOFFICIAL_FREE_VENDOR,2026-07-21T03:21:14.119840+00:00,a8e0c4ea1bda417ec3e08597434ced552be94ea71aecc2bafc2499c5808b2292,
HKEX:03969,03969,2023-06-14,CASH_DIVIDEND,0.187198,HKD,nan,nan,,YAHOO_CHART_EVENTS,UNOFFICIAL_FREE_VENDOR,2026-07-21T03:21:14.119840+00:00,fcbaacd529f779f41b51fa44fe952ca56fa0d7d2dc581c6abe349777e516b6bc,
HKEX:03969,03969,2024-06-18,CASH_DIVIDEND,0.186663,HKD,nan,nan,,YAHOO_CHART_EVENTS,UNOFFICIAL_FREE_VENDOR,2026-07-21T03:21:14.119840+00:00,fcbaacd529f779f41b51fa44fe952ca56fa0d7d2dc581c6abe349777e516b6bc,
HKEX:03969,03969,2025-06-26,CASH_DIVIDEND,0.186089,HKD,nan,nan,,YAHOO_CHART_EVENTS,UNOFFICIAL_FREE_VENDOR,2026-07-21T03:21:14.119840+00:00,fcbaacd529f779f41b51fa44fe952ca56fa0d7d2dc581c6abe349777e516b6bc,
HKEX:03986,03986,2026-04-28,CASH_DIVIDEND,0.85552,HKD,nan,nan,,YAHOO_CHART_EVENTS,UNOFFICIAL_FREE_VENDOR,2026-07-21T03:21:14.119840+00:00,d23e2301c232fe78a867672bc74f575415ace3402a628050bc64d2451c5e5ae5,
HKEX:03988,03988,2023-07-06,CASH_DIVIDEND,0.251902,HKD,nan,nan,,YAHOO_CHART_EVENTS,UNOFFICIAL_FREE_VENDOR,2026-07-21T03:21:14.119840+00:00,1c6f99615f1d0f59822c8cc3de068780f344bddab886476718a330a2a3826c5a,
HKEX:03988,03988,2024-07-08,CASH_DIVIDEND,0.25907,HKD,nan,nan,,YAHOO_CHART_EVENTS,UNOFFICIAL_FREE_VENDOR,2026-07-21T03:21:14.119840+00:00,1c6f99615f1d0f59822c8cc3de068780f344bddab886476718a330a2a3826c5a,
HKEX:03988,03988,2025-01-13,CASH_DIVIDEND,0.130591,HKD,nan,nan,,YAHOO_CHART_EVENTS,UNOFFICIAL_FREE_VENDOR,2026-07-21T03:21:14.119840+00:00,1c6f99615f1d0f59822c8cc3de068780f344bddab886476718a330a2a3826c5a,
HKEX:03988,03988,2025-04-22,CASH_DIVIDEND,0.130831,HKD,nan,nan,,YAHOO_CHART_EVENTS,UNOFFICIAL_FREE_VENDOR,2026-07-21T03:21:14.119840+00:00,1c6f99615f1d0f59822c8cc3de068780f344bddab886476718a330a2a3826c5a,
HKEX:03988,03988,2025-12-02,CASH_DIVIDEND,0.120571,HKD,nan,nan,,YAHOO_CHART_EVENTS,UNOFFICIAL_FREE_VENDOR,2026-07-21T03:21:14.119840+00:00,1c6f99615f1d0f59822c8cc3de068780f344bddab886476718a330a2a3826c5a,
HKEX:03988,03988,2026-07-02,CASH_DIVIDEND,0.134983,HKD,nan,nan,,YAHOO_CHART_EVENTS,UNOFFICIAL_FREE_VENDOR,2026-07-21T03:21:14.119840+00:00,1c6f99615f1d0f59822c8cc3de068780f344bddab886476718a330a2a3826c5a,
HKEX:03993,03993,2023-06-29,CASH_DIVIDEND,0.09383,HKD,nan,nan,,YAHOO_CHART_EVENTS,UNOFFICIAL_FREE_VENDOR,2026-07-21T03:21:14.119840+00:00,573cb6c796567d5d3b0a9f0c0ee140774d6165f2ff0e8d4e8848fa45387c4bfc,
HKEX:03993,03993,2024-06-27,CASH_DIVIDEND,0.16957,HKD,nan,nan,,YAHOO_CHART_EVENTS,UNOFFICIAL_FREE_VENDOR,2026-07-21T03:21:14.119840+00:00,573cb6c796567d5d3b0a9f0c0ee140774d6165f2ff0e8d4e8848fa45387c4bfc,
HKEX:03993,03993,2025-06-19,CASH_DIVIDEND,0.27793,HKD,nan,nan,,YAHOO_CHART_EVENTS,UNOFFICIAL_FREE_VENDOR,2026-07-21T03:21:14.119840+00:00,573cb6c796567d5d3b0a9f0c0ee140774d6165f2ff0e8d4e8848fa45387c4bfc,
HKEX:03993,03993,2026-05-18,CASH_DIVIDEND,0.32643,HKD,nan,nan,,YAHOO_CHART_EVENTS,UNOFFICIAL_FREE_VENDOR,2026-07-21T03:21:14.119840+00:00,573cb6c796567d5d3b0a9f0c0ee140774d6165f2ff0e8d4e8848fa45387c4bfc,
HKEX:03996,03996,2023-05-15,CASH_DIVIDEND,0.028585,HKD,nan,nan,,YAHOO_CHART_EVENTS,UNOFFICIAL_FREE_VENDOR,2026-07-21T03:21:14.119840+00:00,15f07c3a533a74ba372083e7214bf5ede5a18b4ec9c88f6bf1074a802e3b3698,
HKEX:03996,03996,2024-07-11,CASH_DIVIDEND,0.0285,HKD,nan,nan,,YAHOO_CHART_EVENTS,UNOFFICIAL_FREE_VENDOR,2026-07-21T03:21:14.119840+00:00,15f07c3a533a74ba372083e7214bf5ede5a18b4ec9c88f6bf1074a802e3b3698,
HKEX:03996,03996,2024-12-02,CASH_DIVIDEND,0.0135,HKD,nan,nan,,YAHOO_CHART_EVENTS,UNOFFICIAL_FREE_VENDOR,2026-07-21T03:21:14.119840+00:00,15f07c3a533a74ba372083e7214bf5ede5a18b4ec9c88f6bf1074a802e3b3698,
HKEX:03996,03996,2025-06-30,CASH_DIVIDEND,0.02867,HKD,nan,nan,,YAHOO_CHART_EVENTS,UNOFFICIAL_FREE_VENDOR,2026-07-21T03:21:14.119840+00:00,15f07c3a533a74ba372083e7214bf5ede5a18b4ec9c88f6bf1074a802e3b3698,
HKEX:03996,03996,2026-07-03,CASH_DIVIDEND,0.0358,HKD,nan,nan,,YAHOO_CHART_EVENTS,UNOFFICIAL_FREE_VENDOR,2026-07-21T03:21:14.119840+00:00,15f07c3a533a74ba372083e7214bf5ede5a18b4ec9c88f6bf1074a802e3b3698,
HKEX:03998,03998,2023-08-24,CASH_DIVIDEND,0.135,HKD,nan,nan,,YAHOO_CHART_EVENTS,UNOFFICIAL_FREE_VENDOR,2026-07-21T03:21:14.119840+00:00,f8573a5674885e3e49a74dfb9066b125542294e1dfc231d49969ae7156a75079,
HKEX:03998,03998,2023-12-15,CASH_DIVIDEND,0.05,HKD,nan,nan,,YAHOO_CHART_EVENTS,UNOFFICIAL_FREE_VENDOR,2026-07-21T03:21:14.119840+00:00,f8573a5674885e3e49a74dfb9066b125542294e1dfc231d49969ae7156a75079,
HKEX:03998,03998,2024-08-22,CASH_DIVIDEND,0.2,HKD,nan,nan,,YAHOO_CHART_EVENTS,UNOFFICIAL_FREE_VENDOR,2026-07-21T03:21:14.119840+00:00,f8573a5674885e3e49a74dfb9066b125542294e1dfc231d49969ae7156a75079,
HKEX:03998,03998,2024-12-16,CASH_DIVIDEND,0.06,HKD,nan,nan,,YAHOO_CHART_EVENTS,UNOFFICIAL_FREE_VENDOR,2026-07-21T03:21:14.119840+00:00,f8573a5674885e3e49a74dfb9066b125542294e1dfc231d49969ae7156a75079,
HKEX:03998,03998,2025-08-22,CASH_DIVIDEND,0.22,HKD,nan,nan,,YAHOO_CHART_EVENTS,UNOFFICIAL_FREE_VENDOR,2026-07-21T03:21:14.119840+00:00,f8573a5674885e3e49a74dfb9066b125542294e1dfc231d49969ae7156a75079,
HKEX:03998,03998,2025-12-16,CASH_DIVIDEND,0.063,HKD,nan,nan,,YAHOO_CHART_EVENTS,UNOFFICIAL_FREE_VENDOR,2026-07-21T03:21:14.119840+00:00,f8573a5674885e3e49a74dfb9066b125542294e1dfc231d49969ae7156a75079,
HKEX:06030,06030,2023-07-03,CASH_DIVIDEND,0.534443,HKD,nan,nan,,YAHOO_CHART_EVENTS,UNOFFICIAL_FREE_VENDOR,2026-07-21T03:21:14.119840+00:00,f6cd112d6fa065b723776a92d51384503a5edbcc4b4bb543649fcdeab8c800e8,
HKEX:06030,06030,2024-07-03,CASH_DIVIDEND,0.52065,HKD,nan,nan,,YAHOO_CHART_EVENTS,UNOFFICIAL_FREE_VENDOR,2026-07-21T03:21:14.119840+00:00,f6cd112d6fa065b723776a92d51384503a5edbcc4b4bb543649fcdeab8c800e8,
HKEX:06030,06030,2024-10-29,CASH_DIVIDEND,0.26196,HKD,nan,nan,,YAHOO_CHART_EVENTS,UNOFFICIAL_FREE_VENDOR,2026-07-21T03:21:14.119840+00:00,f6cd112d6fa065b723776a92d51384503a5edbcc4b4bb543649fcdeab8c800e8,
HKEX:06030,06030,2025-07-02,CASH_DIVIDEND,0.30666,HKD,nan,nan,,YAHOO_CHART_EVENTS,UNOFFICIAL_FREE_VENDOR,2026-07-21T03:21:14.119840+00:00,f6cd112d6fa065b723776a92d51384503a5edbcc4b4bb543649fcdeab8c800e8,
HKEX:06030,06030,2025-12-29,CASH_DIVIDEND,0.31956,HKD,nan,nan,,YAHOO_CHART_EVENTS,UNOFFICIAL_FREE_VENDOR,2026-07-21T03:21:14.119840+00:00,f6cd112d6fa065b723776a92d51384503a5edbcc4b4bb543649fcdeab8c800e8,
HKEX:06030,06030,2026-05-19,CASH_DIVIDEND,0.468958,HKD,nan,nan,,YAHOO_CHART_EVENTS,UNOFFICIAL_FREE_VENDOR,2026-07-21T03:21:14.119840+00:00,f6cd112d6fa065b723776a92d51384503a5edbcc4b4bb543649fcdeab8c800e8,
HKEX:06031,06031,2026-06-04,CASH_DIVIDEND,0.2067,HKD,nan,nan,,YAHOO_CHART_EVENTS,UNOFFICIAL_FREE_VENDOR,2026-07-21T03:21:14.119840+00:00,02d80ed526cde59650f4914b59aa4227dce0cf04881995870421056fbf17a321,
HKEX:06049,06049,2023-06-08,CASH_DIVIDEND,0.56795,HKD,nan,nan,,YAHOO_CHART_EVENTS,UNOFFICIAL_FREE_VENDOR,2026-07-21T03:21:14.119840+00:00,4ac887d1d1fedc039725257d5489c961cb42dd582839db56702675eed90387c7,
HKEX:06049,06049,2024-05-31,CASH_DIVIDEND,1.09574,HKD,nan,nan,,YAHOO_CHART_EVENTS,UNOFFICIAL_FREE_VENDOR,2026-07-21T03:21:14.119840+00:00,4ac887d1d1fedc039725257d5489c961cb42dd582839db56702675eed90387c7,
HKEX:06049,06049,2025-06-10,CASH_DIVIDEND,1.45332,HKD,nan,nan,,YAHOO_CHART_EVENTS,UNOFFICIAL_FREE_VENDOR,2026-07-21T03:21:14.119840+00:00,4ac887d1d1fedc039725257d5489c961cb42dd582839db56702675eed90387c7,
HKEX:06049,06049,2026-06-02,CASH_DIVIDEND,1.60706,HKD,nan,nan,,YAHOO_CHART_EVENTS,UNOFFICIAL_FREE_VENDOR,2026-07-21T03:21:14.119840+00:00,4ac887d1d1fedc039725257d5489c961cb42dd582839db56702675eed90387c7,
HKEX:06055,06055,2023-06-13,CASH_DIVIDEND,0.2,HKD,nan,nan,,YAHOO_CHART_EVENTS,UNOFFICIAL_FREE_VENDOR,2026-07-21T03:21:14.119840+00:00,6584d59ef8e7c6b01b69117fa2e94223ab5e8e683ed70055b45b8f27dbdedc11,
HKEX:06055,06055,2024-05-21,CASH_DIVIDEND,0.32,HKD,nan,nan,,YAHOO_CHART_EVENTS,UNOFFICIAL_FREE_VENDOR,2026-07-21T03:21:14.119840+00:00,6584d59ef8e7c6b01b69117fa2e94223ab5e8e683ed70055b45b8f27dbdedc11,
HKEX:06055,06055,2024-09-11,CASH_DIVIDEND,0.15,HKD,nan,nan,,YAHOO_CHART_EVENTS,UNOFFICIAL_FREE_VENDOR,2026-07-21T03:21:14.119840+00:00,6584d59ef8e7c6b01b69117fa2e94223ab5e8e683ed70055b45b8f27dbdedc11,
HKEX:06055,06055,2025-06-24,CASH_DIVIDEND,0.31,HKD,nan,nan,,YAHOO_CHART_EVENTS,UNOFFICIAL_FREE_VENDOR,2026-07-21T03:21:14.119840+00:00,6584d59ef8e7c6b01b69117fa2e94223ab5e8e683ed70055b45b8f27dbdedc11,
HKEX:06055,06055,2025-09-09,CASH_DIVIDEND,0.19,HKD,nan,nan,,YAHOO_CHART_EVENTS,UNOFFICIAL_FREE_VENDOR,2026-07-21T03:21:14.119840+00:00,6584d59ef8e7c6b01b69117fa2e94223ab5e8e683ed70055b45b8f27dbdedc11,
HKEX:06055,06055,2026-06-02,CASH_DIVIDEND,0.33,HKD,nan,nan,,YAHOO_CHART_EVENTS,UNOFFICIAL_FREE_VENDOR,2026-07-21T03:21:14.119840+00:00,6584d59ef8e7c6b01b69117fa2e94223ab5e8e683ed70055b45b8f27dbdedc11,
HKEX:06066,06066,2023-07-03,CASH_DIVIDEND,0.293,HKD,nan,nan,,YAHOO_CHART_EVENTS,UNOFFICIAL_FREE_VENDOR,2026-07-21T03:21:14.119840+00:00,67fdd7187ec72766ffa977820eda2fb152d9c1b19fe05162d4ef0b01c62c3eb5,
HKEX:06066,06066,2024-07-03,CASH_DIVIDEND,0.274,HKD,nan,nan,,YAHOO_CHART_EVENTS,UNOFFICIAL_FREE_VENDOR,2026-07-21T03:21:14.119840+00:00,67fdd7187ec72766ffa977820eda2fb152d9c1b19fe05162d4ef0b01c62c3eb5,
HKEX:06066,06066,2024-11-07,CASH_DIVIDEND,0.098,HKD,nan,nan,,YAHOO_CHART_EVENTS,UNOFFICIAL_FREE_VENDOR,2026-07-21T03:21:14.119840+00:00,67fdd7187ec72766ffa977820eda2fb152d9c1b19fe05162d4ef0b01c62c3eb5,
HKEX:06066,06066,2025-07-03,CASH_DIVIDEND,0.181,HKD,nan,nan,,YAHOO_CHART_EVENTS,UNOFFICIAL_FREE_VENDOR,2026-07-21T03:21:14.119840+00:00,67fdd7187ec72766ffa977820eda2fb152d9c1b19fe05162d4ef0b01c62c3eb5,
HKEX:06066,06066,2025-11-25,CASH_DIVIDEND,0.181,HKD,nan,nan,,YAHOO_CHART_EVENTS,UNOFFICIAL_FREE_VENDOR,2026-07-21T03:21:14.119840+00:00,67fdd7187ec72766ffa977820eda2fb152d9c1b19fe05162d4ef0b01c62c3eb5,
HKEX:06066,06066,2026-07-02,CASH_DIVIDEND,0.201,HKD,nan,nan,,YAHOO_CHART_EVENTS,UNOFFICIAL_FREE_VENDOR,2026-07-21T03:21:14.119840+00:00,67fdd7187ec72766ffa977820eda2fb152d9c1b19fe05162d4ef0b01c62c3eb5,
HKEX:06069,06069,2023-06-28,CASH_DIVIDEND,0.075,HKD,nan,nan,,YAHOO_CHART_EVENTS,UNOFFICIAL_FREE_VENDOR,2026-07-21T03:21:14.119840+00:00,226f6e1ef9b7f6fd431d08de2fd010db371cfed0c4b7a7bcbfe76203fe2e5388,
HKEX:06069,06069,2024-05-24,CASH_DIVIDEND,0.269,HKD,nan,nan,,YAHOO_CHART_EVENTS,UNOFFICIAL_FREE_VENDOR,2026-07-21T03:21:14.119840+00:00,226f6e1ef9b7f6fd431d08de2fd010db371cfed0c4b7a7bcbfe76203fe2e5388,
HKEX:06069,06069,2025-05-20,CASH_DIVIDEND,0.378,HKD,nan,nan,,YAHOO_CHART_EVENTS,UNOFFICIAL_FREE_VENDOR,2026-07-21T03:21:14.119840+00:00,226f6e1ef9b7f6fd431d08de2fd010db371cfed0c4b7a7bcbfe76203fe2e5388,
HKEX:06069,06069,2025-08-15,CASH_DIVIDEND,0.65,HKD,nan,nan,,YAHOO_CHART_EVENTS,UNOFFICIAL_FREE_VENDOR,2026-07-21T03:21:14.119840+00:00,226f6e1ef9b7f6fd431d08de2fd010db371cfed0c4b7a7bcbfe76203fe2e5388,
HKEX:06069,06069,2026-07-16,CASH_DIVIDEND,0.46844026,HKD,nan,nan,,YAHOO_CHART_EVENTS,UNOFFICIAL_FREE_VENDOR,2026-07-21T03:21:14.119840+00:00,226f6e1ef9b7f6fd431d08de2fd010db371cfed0c4b7a7bcbfe76203fe2e5388,
HKEX:06078,06078,2023-06-30,CASH_DIVIDEND,0.163598,HKD,nan,nan,,YAHOO_CHART_EVENTS,UNOFFICIAL_FREE_VENDOR,2026-07-21T03:21:14.119840+00:00,e6bcca11557818f9d86392b3a78a5a06c5a2973ab1bb70483e1934df6764b047,
HKEX:06098,06098,2023-06-02,CASH_DIVIDEND,0.4106,HKD,nan,nan,,YAHOO_CHART_EVENTS,UNOFFICIAL_FREE_VENDOR,2026-07-21T03:21:14.119840+00:00,c56c7df70024b4f5b09cc8205ffc237c37a67223c651d71c3908470935f32eea,
HKEX:06098,06098,2024-06-13,CASH_DIVIDEND,0.3235,HKD,nan,nan,,YAHOO_CHART_EVENTS,UNOFFICIAL_FREE_VENDOR,2026-07-21T03:21:14.119840+00:00,c56c7df70024b4f5b09cc8205ffc237c37a67223c651d71c3908470935f32eea,
HKEX:06098,06098,2025-06-02,CASH_DIVIDEND,0.3233,HKD,nan,nan,,YAHOO_CHART_EVENTS,UNOFFICIAL_FREE_VENDOR,2026-07-21T03:21:14.119840+00:00,c56c7df70024b4f5b09cc8205ffc237c37a67223c651d71c3908470935f32eea,
HKEX:06098,06098,2026-06-08,CASH_DIVIDEND,0.5337,HKD,nan,nan,,YAHOO_CHART_EVENTS,UNOFFICIAL_FREE_VENDOR,2026-07-21T03:21:14.119840+00:00,c56c7df70024b4f5b09cc8205ffc237c37a67223c651d71c3908470935f32eea,
HKEX:06099,06099,2023-07-14,CASH_DIVIDEND,0.201,HKD,nan,nan,,YAHOO_CHART_EVENTS,UNOFFICIAL_FREE_VENDOR,2026-07-21T03:21:14.119840+00:00,eecd42f235e6f107a19443d9368dade7efe35255d3d8bdd5bb552b7d5c03bf31,
HKEX:06099,06099,2024-07-12,CASH_DIVIDEND,0.276,HKD,nan,nan,,YAHOO_CHART_EVENTS,UNOFFICIAL_FREE_VENDOR,2026-07-21T03:21:14.119840+00:00,eecd42f235e6f107a19443d9368dade7efe35255d3d8bdd5bb552b7d5c03bf31,
HKEX:06099,06099,2024-09-12,CASH_DIVIDEND,0.111,HKD,nan,nan,,YAHOO_CHART_EVENTS,UNOFFICIAL_FREE_VENDOR,2026-07-21T03:21:14.119840+00:00,eecd42f235e6f107a19443d9368dade7efe35255d3d8bdd5bb552b7d5c03bf31,
HKEX:06099,06099,2025-07-10,CASH_DIVIDEND,0.413,HKD,nan,nan,,YAHOO_CHART_EVENTS,UNOFFICIAL_FREE_VENDOR,2026-07-21T03:21:14.119840+00:00,eecd42f235e6f107a19443d9368dade7efe35255d3d8bdd5bb552b7d5c03bf31,
HKEX:06099,06099,2025-09-10,CASH_DIVIDEND,0.13,HKD,nan,nan,,YAHOO_CHART_EVENTS,UNOFFICIAL_FREE_VENDOR,2026-07-21T03:21:14.119840+00:00,eecd42f235e6f107a19443d9368dade7efe35255d3d8bdd5bb552b7d5c03bf31,
HKEX:06099,06099,2026-07-10,CASH_DIVIDEND,0.516,HKD,nan,nan,,YAHOO_CHART_EVENTS,UNOFFICIAL_FREE_VENDOR,2026-07-21T03:21:14.119840+00:00,eecd42f235e6f107a19443d9368dade7efe35255d3d8bdd5bb552b7d5c03bf31,
HKEX:06110,06110,2023-08-01,CASH_DIVIDEND,0.2199,HKD,nan,nan,,YAHOO_CHART_EVENTS,UNOFFICIAL_FREE_VENDOR,2026-07-21T03:21:14.119840+00:00,3492dca63b735943e29385a8a0b736c06d2e1da882ab3a6c5fcee9cca3bbd39e,
HKEX:06110,06110,2023-12-01,CASH_DIVIDEND,0.1689,HKD,nan,nan,,YAHOO_CHART_EVENTS,UNOFFICIAL_FREE_VENDOR,2026-07-21T03:21:14.119840+00:00,3492dca63b735943e29385a8a0b736c06d2e1da882ab3a6c5fcee9cca3bbd39e,
HKEX:06110,06110,2024-08-01,CASH_DIVIDEND,0.2129,HKD,nan,nan,,YAHOO_CHART_EVENTS,UNOFFICIAL_FREE_VENDOR,2026-07-21T03:21:14.119840+00:00,3492dca63b735943e29385a8a0b736c06d2e1da882ab3a6c5fcee9cca3bbd39e,
HKEX:06110,06110,2024-12-02,CASH_DIVIDEND,0.1507,HKD,nan,nan,,YAHOO_CHART_EVENTS,UNOFFICIAL_FREE_VENDOR,2026-07-21T03:21:14.119840+00:00,3492dca63b735943e29385a8a0b736c06d2e1da882ab3a6c5fcee9cca3bbd39e,
HKEX:06110,06110,2025-08-01,CASH_DIVIDEND,0.1503,HKD,nan,nan,,YAHOO_CHART_EVENTS,UNOFFICIAL_FREE_VENDOR,2026-07-21T03:21:14.119840+00:00,3492dca63b735943e29385a8a0b736c06d2e1da882ab3a6c5fcee9cca3bbd39e,
HKEX:06110,06110,2025-12-01,CASH_DIVIDEND,0.1401,HKD,nan,nan,,YAHOO_CHART_EVENTS,UNOFFICIAL_FREE_VENDOR,2026-07-21T03:21:14.119840+00:00,3492dca63b735943e29385a8a0b736c06d2e1da882ab3a6c5fcee9cca3bbd39e,
HKEX:06127,06127,2023-06-20,CASH_DIVIDEND,0.44,HKD,nan,nan,,YAHOO_CHART_EVENTS,UNOFFICIAL_FREE_VENDOR,2026-07-21T03:21:14.119840+00:00,48cdf1a8c32060a79f291a71c6f91e43e2ec012927318ef2ebd047c77d5df10b,
HKEX:06127,06127,2023-06-20,STOCK_SPLIT_OR_CONSOLIDATION,nan,HKD,14.0,10.0,,YAHOO_CHART_EVENTS,UNOFFICIAL_FREE_VENDOR,2026-07-21T03:21:14.119840+00:00,48cdf1a8c32060a79f291a71c6f91e43e2ec012927318ef2ebd047c77d5df10b,14:10
HKEX:06127,06127,2024-06-28,CASH_DIVIDEND,0.18,HKD,nan,nan,,YAHOO_CHART_EVENTS,UNOFFICIAL_FREE_VENDOR,2026-07-21T03:21:14.119840+00:00,48cdf1a8c32060a79f291a71c6f91e43e2ec012927318ef2ebd047c77d5df10b,
HKEX:06127,06127,2025-06-26,CASH_DIVIDEND,0.032799,HKD,nan,nan,,YAHOO_CHART_EVENTS,UNOFFICIAL_FREE_VENDOR,2026-07-21T03:21:14.119840+00:00,48cdf1a8c32060a79f291a71c6f91e43e2ec012927318ef2ebd047c77d5df10b,
HKEX:06127,06127,2026-06-22,CASH_DIVIDEND,0.13786,HKD,nan,nan,,YAHOO_CHART_EVENTS,UNOFFICIAL_FREE_VENDOR,2026-07-21T03:21:14.119840+00:00,48cdf1a8c32060a79f291a71c6f91e43e2ec012927318ef2ebd047c77d5df10b,
HKEX:06166,06166,2026-05-22,CASH_DIVIDEND,0.32,HKD,nan,nan,,YAHOO_CHART_EVENTS,UNOFFICIAL_FREE_VENDOR,2026-07-21T03:21:14.119840+00:00,cd5c5465177aa8c89b27c10e44bb9a26fe08745db4a1f6a087f202be00b15ed8,
HKEX:06168,06168,2025-09-23,CASH_DIVIDEND,0.49,HKD,nan,nan,,YAHOO_CHART_EVENTS,UNOFFICIAL_FREE_VENDOR,2026-07-21T03:21:14.119840+00:00,f94668e9190ca724aa4d7ef622fe64a86a0dc253bcc245bd3744df9a266b0067,
HKEX:06168,06168,2026-05-27,CASH_DIVIDEND,0.52,HKD,nan,nan,,YAHOO_CHART_EVENTS,UNOFFICIAL_FREE_VENDOR,2026-07-21T03:21:14.119840+00:00,f94668e9190ca724aa4d7ef622fe64a86a0dc253bcc245bd3744df9a266b0067,
HKEX:06178,06178,2023-07-12,CASH_DIVIDEND,0.228076,HKD,nan,nan,,YAHOO_CHART_EVENTS,UNOFFICIAL_FREE_VENDOR,2026-07-21T03:21:14.119840+00:00,7a85feb8a2af9b107b8400a8ad8de260b7a33c6f3cf3670bf268826bb1a874a5,
HKEX:06178,06178,2024-06-11,CASH_DIVIDEND,0.30778,HKD,nan,nan,,YAHOO_CHART_EVENTS,UNOFFICIAL_FREE_VENDOR,2026-07-21T03:21:14.119840+00:00,7a85feb8a2af9b107b8400a8ad8de260b7a33c6f3cf3670bf268826bb1a874a5,
HKEX:06178,06178,2024-12-02,CASH_DIVIDEND,0.097871,HKD,nan,nan,,YAHOO_CHART_EVENTS,UNOFFICIAL_FREE_VENDOR,2026-07-21T03:21:14.119840+00:00,7a85feb8a2af9b107b8400a8ad8de260b7a33c6f3cf3670bf268826bb1a874a5,
HKEX:06178,06178,2025-06-30,CASH_DIVIDEND,0.118727,HKD,nan,nan,,YAHOO_CHART_EVENTS,UNOFFICIAL_FREE_VENDOR,2026-07-21T03:21:14.119840+00:00,7a85feb8a2af9b107b8400a8ad8de260b7a33c6f3cf3670bf268826bb1a874a5,
HKEX:06178,06178,2025-10-15,CASH_DIVIDEND,0.119801,HKD,nan,nan,,YAHOO_CHART_EVENTS,UNOFFICIAL_FREE_VENDOR,2026-07-21T03:21:14.119840+00:00,7a85feb8a2af9b107b8400a8ad8de260b7a33c6f3cf3670bf268826bb1a874a5,
HKEX:06178,06178,2026-07-14,CASH_DIVIDEND,0.200132,HKD,nan,nan,,YAHOO_CHART_EVENTS,UNOFFICIAL_FREE_VENDOR,2026-07-21T03:21:14.119840+00:00,7a85feb8a2af9b107b8400a8ad8de260b7a33c6f3cf3670bf268826bb1a874a5,
HKEX:06181,06181,2025-05-22,CASH_DIVIDEND,6.88,HKD,nan,nan,,YAHOO_CHART_EVENTS,UNOFFICIAL_FREE_VENDOR,2026-07-21T03:21:14.119840+00:00,65c4cc74d9d307bdbc79d2dcbaa4f29c5bdc0470c820021fae9b9f5c693e3fa1,
HKEX:06181,06181,2025-11-20,CASH_DIVIDEND,10.52,HKD,nan,nan,,YAHOO_CHART_EVENTS,UNOFFICIAL_FREE_VENDOR,2026-07-21T03:21:14.119840+00:00,65c4cc74d9d307bdbc79d2dcbaa4f29c5bdc0470c820021fae9b9f5c693e3fa1,
HKEX:06181,06181,2026-05-12,CASH_DIVIDEND,13.65,HKD,nan,nan,,YAHOO_CHART_EVENTS,UNOFFICIAL_FREE_VENDOR,2026-07-21T03:21:14.119840+00:00,65c4cc74d9d307bdbc79d2dcbaa4f29c5bdc0470c820021fae9b9f5c693e3fa1,
HKEX:06186,06186,2023-06-12,CASH_DIVIDEND,0.1721,HKD,nan,nan,,YAHOO_CHART_EVENTS,UNOFFICIAL_FREE_VENDOR,2026-07-21T03:21:14.119840+00:00,2b752d85de888d39fbce493d0dea4c17536427255abbba755a68402f98af4528,
HKEX:06186,06186,2023-09-11,CASH_DIVIDEND,0.1349,HKD,nan,nan,,YAHOO_CHART_EVENTS,UNOFFICIAL_FREE_VENDOR,2026-07-21T03:21:14.119840+00:00,2b752d85de888d39fbce493d0dea4c17536427255abbba755a68402f98af4528,
HKEX:06186,06186,2024-05-24,CASH_DIVIDEND,0.1484,HKD,nan,nan,,YAHOO_CHART_EVENTS,UNOFFICIAL_FREE_VENDOR,2026-07-21T03:21:14.119840+00:00,2b752d85de888d39fbce493d0dea4c17536427255abbba755a68402f98af4528,
HKEX:06186,06186,2024-09-10,CASH_DIVIDEND,0.1632,HKD,nan,nan,,YAHOO_CHART_EVENTS,UNOFFICIAL_FREE_VENDOR,2026-07-21T03:21:14.119840+00:00,2b752d85de888d39fbce493d0dea4c17536427255abbba755a68402f98af4528,
HKEX:06186,06186,2025-06-02,CASH_DIVIDEND,0.1632,HKD,nan,nan,,YAHOO_CHART_EVENTS,UNOFFICIAL_FREE_VENDOR,2026-07-21T03:21:14.119840+00:00,2b752d85de888d39fbce493d0dea4c17536427255abbba755a68402f98af4528,
HKEX:06186,06186,2025-09-10,CASH_DIVIDEND,0.1209,HKD,nan,nan,,YAHOO_CHART_EVENTS,UNOFFICIAL_FREE_VENDOR,2026-07-21T03:21:14.119840+00:00,2b752d85de888d39fbce493d0dea4c17536427255abbba755a68402f98af4528,
HKEX:06186,06186,2026-06-09,CASH_DIVIDEND,0.129,HKD,nan,nan,,YAHOO_CHART_EVENTS,UNOFFICIAL_FREE_VENDOR,2026-07-21T03:21:14.119840+00:00,2b752d85de888d39fbce493d0dea4c17536427255abbba755a68402f98af4528,
HKEX:06196,06196,2023-06-20,STOCK_SPLIT_OR_CONSOLIDATION,nan,HKD,11.0,10.0,,YAHOO_CHART_EVENTS,UNOFFICIAL_FREE_VENDOR,2026-07-21T03:21:14.119840+00:00,9821a1d6cec40aca3b878262af097f45773a5063679a409113a17d509131bf17,11:10
HKEX:06196,06196,2025-07-02,CASH_DIVIDEND,0.021909,HKD,nan,nan,,YAHOO_CHART_EVENTS,UNOFFICIAL_FREE_VENDOR,2026-07-21T03:21:14.119840+00:00,9821a1d6cec40aca3b878262af097f45773a5063679a409113a17d509131bf17,
HKEX:06198,06198,2023-06-08,CASH_DIVIDEND,0.297438,HKD,nan,nan,,YAHOO_CHART_EVENTS,UNOFFICIAL_FREE_VENDOR,2026-07-21T03:21:14.119840+00:00,e8ca56764c9c31665af0fc73d028ca20bd8f202452dee53c4804dbf70f9bd1d8,
HKEX:06198,06198,2024-06-11,CASH_DIVIDEND,0.321794,HKD,nan,nan,,YAHOO_CHART_EVENTS,UNOFFICIAL_FREE_VENDOR,2026-07-21T03:21:14.119840+00:00,e8ca56764c9c31665af0fc73d028ca20bd8f202452dee53c4804dbf70f9bd1d8,
HKEX:06198,06198,2024-11-12,CASH_DIVIDEND,0.123822,HKD,nan,nan,,YAHOO_CHART_EVENTS,UNOFFICIAL_FREE_VENDOR,2026-07-21T03:21:14.119840+00:00,e8ca56764c9c31665af0fc73d028ca20bd8f202452dee53c4804dbf70f9bd1d8,
HKEX:06198,06198,2025-07-02,CASH_DIVIDEND,0.219807,HKD,nan,nan,,YAHOO_CHART_EVENTS,UNOFFICIAL_FREE_VENDOR,2026-07-21T03:21:14.119840+00:00,e8ca56764c9c31665af0fc73d028ca20bd8f202452dee53c4804dbf70f9bd1d8,
HKEX:06198,06198,2025-10-31,CASH_DIVIDEND,0.16061,HKD,nan,nan,,YAHOO_CHART_EVENTS,UNOFFICIAL_FREE_VENDOR,2026-07-21T03:21:14.119840+00:00,e8ca56764c9c31665af0fc73d028ca20bd8f202452dee53c4804dbf70f9bd1d8,
HKEX:06198,06198,2026-06-23,CASH_DIVIDEND,0.2286,HKD,nan,nan,,YAHOO_CHART_EVENTS,UNOFFICIAL_FREE_VENDOR,2026-07-21T03:21:14.119840+00:00,e8ca56764c9c31665af0fc73d028ca20bd8f202452dee53c4804dbf70f9bd1d8,
HKEX:06603,06603,2026-05-04,CASH_DIVIDEND,0.2038452,HKD,nan,nan,,YAHOO_CHART_EVENTS,UNOFFICIAL_FREE_VENDOR,2026-07-21T03:21:14.119840+00:00,ff08ff69c1b0d6b6a3f0bb60e00ce4a8e65339ef387065e0ece4cd52d45714b3,
HKEX:06613,06613,2025-09-16,CASH_DIVIDEND,0.10956,HKD,nan,nan,,YAHOO_CHART_EVENTS,UNOFFICIAL_FREE_VENDOR,2026-07-21T03:21:14.119840+00:00,1756e186c43ebb1e3858839943253dd0729798b0b763e8ca9005310c879f5c07,
HKEX:06613,06613,2026-05-15,CASH_DIVIDEND,0.51027,HKD,nan,nan,,YAHOO_CHART_EVENTS,UNOFFICIAL_FREE_VENDOR,2026-07-21T03:21:14.119840+00:00,1756e186c43ebb1e3858839943253dd0729798b0b763e8ca9005310c879f5c07,
HKEX:06655,06655,2023-05-24,CASH_DIVIDEND,0.567663,HKD,nan,nan,,YAHOO_CHART_EVENTS,UNOFFICIAL_FREE_VENDOR,2026-07-21T03:21:14.119840+00:00,6d83f5e8726e74e4bfdf3596af2f64cb9cf83effa9a7dda0e1ee0f1619b18c67,
HKEX:06655,06655,2024-05-24,CASH_DIVIDEND,0.581957,HKD,nan,nan,,YAHOO_CHART_EVENTS,UNOFFICIAL_FREE_VENDOR,2026-07-21T03:21:14.119840+00:00,6d83f5e8726e74e4bfdf3596af2f64cb9cf83effa9a7dda0e1ee0f1619b18c67,
HKEX:06655,06655,2025-05-29,CASH_DIVIDEND,0.501526,HKD,nan,nan,,YAHOO_CHART_EVENTS,UNOFFICIAL_FREE_VENDOR,2026-07-21T03:21:14.119840+00:00,6d83f5e8726e74e4bfdf3596af2f64cb9cf83effa9a7dda0e1ee0f1619b18c67,
HKEX:06655,06655,2025-11-14,CASH_DIVIDEND,0.372827,HKD,nan,nan,,YAHOO_CHART_EVENTS,UNOFFICIAL_FREE_VENDOR,2026-07-21T03:21:14.119840+00:00,6d83f5e8726e74e4bfdf3596af2f64cb9cf83effa9a7dda0e1ee0f1619b18c67,
HKEX:06655,06655,2026-06-01,CASH_DIVIDEND,0.241299,HKD,nan,nan,,YAHOO_CHART_EVENTS,UNOFFICIAL_FREE_VENDOR,2026-07-21T03:21:14.119840+00:00,6d83f5e8726e74e4bfdf3596af2f64cb9cf83effa9a7dda0e1ee0f1619b18c67,
HKEX:06680,06680,2023-06-26,CASH_DIVIDEND,0.28478,HKD,nan,nan,,YAHOO_CHART_EVENTS,UNOFFICIAL_FREE_VENDOR,2026-07-21T03:21:14.119840+00:00,757959448e6fa5aa5d3538d7d713d03b57a5d24c1e38872ed5cd065f16a57188,
HKEX:06680,06680,2023-06-26,STOCK_SPLIT_OR_CONSOLIDATION,nan,HKD,16.0,10.0,,YAHOO_CHART_EVENTS,UNOFFICIAL_FREE_VENDOR,2026-07-21T03:21:14.119840+00:00,757959448e6fa5aa5d3538d7d713d03b57a5d24c1e38872ed5cd065f16a57188,16:10
HKEX:06680,06680,2024-06-11,CASH_DIVIDEND,0.285856,HKD,nan,nan,,YAHOO_CHART_EVENTS,UNOFFICIAL_FREE_VENDOR,2026-07-21T03:21:14.119840+00:00,757959448e6fa5aa5d3538d7d713d03b57a5d24c1e38872ed5cd065f16a57188,
HKEX:06680,06680,2024-09-24,CASH_DIVIDEND,0.087803,HKD,nan,nan,,YAHOO_CHART_EVENTS,UNOFFICIAL_FREE_VENDOR,2026-07-21T03:21:14.119840+00:00,757959448e6fa5aa5d3538d7d713d03b57a5d24c1e38872ed5cd065f16a57188,
HKEX:06680,06680,2025-06-04,CASH_DIVIDEND,0.130714,HKD,nan,nan,,YAHOO_CHART_EVENTS,UNOFFICIAL_FREE_VENDOR,2026-07-21T03:21:14.119840+00:00,757959448e6fa5aa5d3538d7d713d03b57a5d24c1e38872ed5cd065f16a57188,
HKEX:06680,06680,2025-10-30,CASH_DIVIDEND,0.197162,HKD,nan,nan,,YAHOO_CHART_EVENTS,UNOFFICIAL_FREE_VENDOR,2026-07-21T03:21:14.119840+00:00,757959448e6fa5aa5d3538d7d713d03b57a5d24c1e38872ed5cd065f16a57188,
HKEX:06680,06680,2026-04-30,CASH_DIVIDEND,0.251097,HKD,nan,nan,,YAHOO_CHART_EVENTS,UNOFFICIAL_FREE_VENDOR,2026-07-21T03:21:14.119840+00:00,757959448e6fa5aa5d3538d7d713d03b57a5d24c1e38872ed5cd065f16a57188,
HKEX:06690,06690,2023-07-24,CASH_DIVIDEND,0.619854,HKD,nan,nan,,YAHOO_CHART_EVENTS,UNOFFICIAL_FREE_VENDOR,2026-07-21T03:21:14.119840+00:00,31105493fb17b217789e0ed630231dc6d4a7f1a5fc08aa382b43b39d0819f1f9,
HKEX:06690,06690,2024-07-15,CASH_DIVIDEND,0.879613,HKD,nan,nan,,YAHOO_CHART_EVENTS,UNOFFICIAL_FREE_VENDOR,2026-07-21T03:21:14.119840+00:00,31105493fb17b217789e0ed630231dc6d4a7f1a5fc08aa382b43b39d0819f1f9,
HKEX:06690,06690,2025-06-27,CASH_DIVIDEND,1.051198,HKD,nan,nan,,YAHOO_CHART_EVENTS,UNOFFICIAL_FREE_VENDOR,2026-07-21T03:21:14.119840+00:00,31105493fb17b217789e0ed630231dc6d4a7f1a5fc08aa382b43b39d0819f1f9,
HKEX:06690,06690,2025-10-20,CASH_DIVIDEND,0.29481,HKD,nan,nan,,YAHOO_CHART_EVENTS,UNOFFICIAL_FREE_VENDOR,2026-07-21T03:21:14.119840+00:00,31105493fb17b217789e0ed630231dc6d4a7f1a5fc08aa382b43b39d0819f1f9,
HKEX:06693,06693,2025-06-19,CASH_DIVIDEND,0.174756,HKD,nan,nan,,YAHOO_CHART_EVENTS,UNOFFICIAL_FREE_VENDOR,2026-07-21T03:21:14.119840+00:00,d8c7f2a33941b4a056315f6d1f24b12ae716044d33fb3bdc2222527d30d13cc0,
HKEX:06693,06693,2026-05-19,CASH_DIVIDEND,0.36565,HKD,nan,nan,,YAHOO_CHART_EVENTS,UNOFFICIAL_FREE_VENDOR,2026-07-21T03:21:14.119840+00:00,d8c7f2a33941b4a056315f6d1f24b12ae716044d33fb3bdc2222527d30d13cc0,
HKEX:06699,06699,2023-07-03,CASH_DIVIDEND,0.68,HKD,nan,nan,,YAHOO_CHART_EVENTS,UNOFFICIAL_FREE_VENDOR,2026-07-21T03:21:14.119840+00:00,f7066a9071edd162cbd153a98f8b57c34da66d078c8dc615a3e40550b756f205,
HKEX:06699,06699,2024-07-03,CASH_DIVIDEND,1.1,HKD,nan,nan,,YAHOO_CHART_EVENTS,UNOFFICIAL_FREE_VENDOR,2026-07-21T03:21:14.119840+00:00,f7066a9071edd162cbd153a98f8b57c34da66d078c8dc615a3e40550b756f205,
HKEX:06699,06699,2025-05-27,CASH_DIVIDEND,0.38,HKD,nan,nan,,YAHOO_CHART_EVENTS,UNOFFICIAL_FREE_VENDOR,2026-07-21T03:21:14.119840+00:00,f7066a9071edd162cbd153a98f8b57c34da66d078c8dc615a3e40550b756f205,
HKEX:06699,06699,2025-09-04,CASH_DIVIDEND,0.46,HKD,nan,nan,,YAHOO_CHART_EVENTS,UNOFFICIAL_FREE_VENDOR,2026-07-21T03:21:14.119840+00:00,f7066a9071edd162cbd153a98f8b57c34da66d078c8dc615a3e40550b756f205,
HKEX:06699,06699,2026-05-21,CASH_DIVIDEND,5.47,HKD,nan,nan,,YAHOO_CHART_EVENTS,UNOFFICIAL_FREE_VENDOR,2026-07-21T03:21:14.119840+00:00,f7066a9071edd162cbd153a98f8b57c34da66d078c8dc615a3e40550b756f205,
HKEX:06806,06806,2023-06-26,CASH_DIVIDEND,0.032885,HKD,nan,nan,,YAHOO_CHART_EVENTS,UNOFFICIAL_FREE_VENDOR,2026-07-21T03:21:14.119840+00:00,7e046ddfb10cec9e540d42cbb6302d44859922238b87ef45770388ca329a4dca,
HKEX:06806,06806,2024-07-11,CASH_DIVIDEND,0.061375,HKD,nan,nan,,YAHOO_CHART_EVENTS,UNOFFICIAL_FREE_VENDOR,2026-07-21T03:21:14.119840+00:00,7e046ddfb10cec9e540d42cbb6302d44859922238b87ef45770388ca329a4dca,
HKEX:06806,06806,2024-11-04,CASH_DIVIDEND,0.018577,HKD,nan,nan,,YAHOO_CHART_EVENTS,UNOFFICIAL_FREE_VENDOR,2026-07-21T03:21:14.119840+00:00,7e046ddfb10cec9e540d42cbb6302d44859922238b87ef45770388ca329a4dca,
HKEX:06806,06806,2025-07-04,CASH_DIVIDEND,0.050317,HKD,nan,nan,,YAHOO_CHART_EVENTS,UNOFFICIAL_FREE_VENDOR,2026-07-21T03:21:14.119840+00:00,7e046ddfb10cec9e540d42cbb6302d44859922238b87ef45770388ca329a4dca,
HKEX:06806,06806,2025-11-14,CASH_DIVIDEND,0.038366,HKD,nan,nan,,YAHOO_CHART_EVENTS,UNOFFICIAL_FREE_VENDOR,2026-07-21T03:21:14.119840+00:00,7e046ddfb10cec9e540d42cbb6302d44859922238b87ef45770388ca329a4dca,
HKEX:06806,06806,2026-07-10,CASH_DIVIDEND,0.086238,HKD,nan,nan,,YAHOO_CHART_EVENTS,UNOFFICIAL_FREE_VENDOR,2026-07-21T03:21:14.119840+00:00,7e046ddfb10cec9e540d42cbb6302d44859922238b87ef45770388ca329a4dca,
HKEX:06808,06808,2023-08-22,CASH_DIVIDEND,0.045,HKD,nan,nan,,YAHOO_CHART_EVENTS,UNOFFICIAL_FREE_VENDOR,2026-07-21T03:21:14.119840+00:00,bf7a8b3fadd4db4efc30c782e4803895455e00f18b78857ed9c2ffe0aef8c7f0,
HKEX:06808,06808,2024-08-20,CASH_DIVIDEND,0.02,HKD,nan,nan,,YAHOO_CHART_EVENTS,UNOFFICIAL_FREE_VENDOR,2026-07-21T03:21:14.119840+00:00,bf7a8b3fadd4db4efc30c782e4803895455e00f18b78857ed9c2ffe0aef8c7f0,
HKEX:06808,06808,2024-12-23,CASH_DIVIDEND,0.17,HKD,nan,nan,,YAHOO_CHART_EVENTS,UNOFFICIAL_FREE_VENDOR,2026-07-21T03:21:14.119840+00:00,bf7a8b3fadd4db4efc30c782e4803895455e00f18b78857ed9c2ffe0aef8c7f0,
HKEX:06808,06808,2025-08-21,CASH_DIVIDEND,0.17,HKD,nan,nan,,YAHOO_CHART_EVENTS,UNOFFICIAL_FREE_VENDOR,2026-07-21T03:21:14.119840+00:00,bf7a8b3fadd4db4efc30c782e4803895455e00f18b78857ed9c2ffe0aef8c7f0,
HKEX:06808,06808,2025-11-26,CASH_DIVIDEND,0.085,HKD,nan,nan,,YAHOO_CHART_EVENTS,UNOFFICIAL_FREE_VENDOR,2026-07-21T03:21:14.119840+00:00,bf7a8b3fadd4db4efc30c782e4803895455e00f18b78857ed9c2ffe0aef8c7f0,
HKEX:06808,06808,2026-06-02,CASH_DIVIDEND,0.085,HKD,nan,nan,,YAHOO_CHART_EVENTS,UNOFFICIAL_FREE_VENDOR,2026-07-21T03:21:14.119840+00:00,bf7a8b3fadd4db4efc30c782e4803895455e00f18b78857ed9c2ffe0aef8c7f0,
HKEX:06809,06809,2026-07-07,CASH_DIVIDEND,0.441,HKD,nan,nan,,YAHOO_CHART_EVENTS,UNOFFICIAL_FREE_VENDOR,2026-07-21T03:21:14.119840+00:00,04fa6536209155d4bd0e15f9ffa55e88582d138ce1750a07b152777610015706,
HKEX:06818,06818,2023-06-26,CASH_DIVIDEND,0.207937,HKD,nan,nan,,YAHOO_CHART_EVENTS,UNOFFICIAL_FREE_VENDOR,2026-07-21T03:21:14.119840+00:00,277cc9de162e59603c33b3ed742f2fcb3ab217dd321a72f69005bf9f082d0d99,
HKEX:06818,06818,2024-07-02,CASH_DIVIDEND,0.189606,HKD,nan,nan,,YAHOO_CHART_EVENTS,UNOFFICIAL_FREE_VENDOR,2026-07-21T03:21:14.119840+00:00,277cc9de162e59603c33b3ed742f2fcb3ab217dd321a72f69005bf9f082d0d99,
HKEX:06818,06818,2025-01-09,CASH_DIVIDEND,0.112501,HKD,nan,nan,,YAHOO_CHART_EVENTS,UNOFFICIAL_FREE_VENDOR,2026-07-21T03:21:14.119840+00:00,277cc9de162e59603c33b3ed742f2fcb3ab217dd321a72f69005bf9f082d0d99,
HKEX:06818,06818,2025-07-02,CASH_DIVIDEND,0.093113,HKD,nan,nan,,YAHOO_CHART_EVENTS,UNOFFICIAL_FREE_VENDOR,2026-07-21T03:21:14.119840+00:00,277cc9de162e59603c33b3ed742f2fcb3ab217dd321a72f69005bf9f082d0d99,
HKEX:06818,06818,2026-01-15,CASH_DIVIDEND,0.116634,HKD,nan,nan,,YAHOO_CHART_EVENTS,UNOFFICIAL_FREE_VENDOR,2026-07-21T03:21:14.119840+00:00,277cc9de162e59603c33b3ed742f2fcb3ab217dd321a72f69005bf9f082d0d99,
HKEX:06818,06818,2026-07-02,CASH_DIVIDEND,0.080497,HKD,nan,nan,,YAHOO_CHART_EVENTS,UNOFFICIAL_FREE_VENDOR,2026-07-21T03:21:14.119840+00:00,277cc9de162e59603c33b3ed742f2fcb3ab217dd321a72f69005bf9f082d0d99,
HKEX:06821,06821,2023-06-15,CASH_DIVIDEND,1.983188,HKD,nan,nan,,YAHOO_CHART_EVENTS,UNOFFICIAL_FREE_VENDOR,2026-07-21T03:21:14.119840+00:00,f429632730895c2371497b90bdb404ee6ff4c9f2ba9838c8ff318aa633e50be7,
HKEX:06821,06821,2024-06-13,CASH_DIVIDEND,1.976697,HKD,nan,nan,,YAHOO_CHART_EVENTS,UNOFFICIAL_FREE_VENDOR,2026-07-21T03:21:14.119840+00:00,f429632730895c2371497b90bdb404ee6ff4c9f2ba9838c8ff318aa633e50be7,
HKEX:06821,06821,2025-06-25,CASH_DIVIDEND,1.202159,HKD,nan,nan,,YAHOO_CHART_EVENTS,UNOFFICIAL_FREE_VENDOR,2026-07-21T03:21:14.119840+00:00,f429632730895c2371497b90bdb404ee6ff4c9f2ba9838c8ff318aa633e50be7,
HKEX:06821,06821,2026-06-25,CASH_DIVIDEND,1.495371,HKD,nan,nan,,YAHOO_CHART_EVENTS,UNOFFICIAL_FREE_VENDOR,2026-07-21T03:21:14.119840+00:00,f429632730895c2371497b90bdb404ee6ff4c9f2ba9838c8ff318aa633e50be7,
HKEX:06826,06826,2023-07-04,CASH_DIVIDEND,0.315,HKD,nan,nan,,YAHOO_CHART_EVENTS,UNOFFICIAL_FREE_VENDOR,2026-07-21T03:21:14.119840+00:00,54b2eb432d76f7d99bc669dc6b9a4b66e1002d4fc630b60be8015ca3592f9e82,
HKEX:06826,06826,2024-06-06,CASH_DIVIDEND,1.09823,HKD,nan,nan,,YAHOO_CHART_EVENTS,UNOFFICIAL_FREE_VENDOR,2026-07-21T03:21:14.119840+00:00,54b2eb432d76f7d99bc669dc6b9a4b66e1002d4fc630b60be8015ca3592f9e82,
HKEX:06826,06826,2024-06-06,STOCK_SPLIT_OR_CONSOLIDATION,nan,HKD,14.0,10.0,,YAHOO_CHART_EVENTS,UNOFFICIAL_FREE_VENDOR,2026-07-21T03:21:14.119840+00:00,54b2eb432d76f7d99bc669dc6b9a4b66e1002d4fc630b60be8015ca3592f9e82,14:10
HKEX:06826,06826,2024-09-20,CASH_DIVIDEND,0.43867,HKD,nan,nan,,YAHOO_CHART_EVENTS,UNOFFICIAL_FREE_VENDOR,2026-07-21T03:21:14.119840+00:00,54b2eb432d76f7d99bc669dc6b9a4b66e1002d4fc630b60be8015ca3592f9e82,
HKEX:06826,06826,2025-06-17,CASH_DIVIDEND,0.655029,HKD,nan,nan,,YAHOO_CHART_EVENTS,UNOFFICIAL_FREE_VENDOR,2026-07-21T03:21:14.119840+00:00,54b2eb432d76f7d99bc669dc6b9a4b66e1002d4fc630b60be8015ca3592f9e82,
HKEX:06826,06826,2025-09-05,CASH_DIVIDEND,0.438462,HKD,nan,nan,,YAHOO_CHART_EVENTS,UNOFFICIAL_FREE_VENDOR,2026-07-21T03:21:14.119840+00:00,54b2eb432d76f7d99bc669dc6b9a4b66e1002d4fc630b60be8015ca3592f9e82,
HKEX:06826,06826,2026-06-04,CASH_DIVIDEND,0.688247,HKD,nan,nan,,YAHOO_CHART_EVENTS,UNOFFICIAL_FREE_VENDOR,2026-07-21T03:21:14.119840+00:00,54b2eb432d76f7d99bc669dc6b9a4b66e1002d4fc630b60be8015ca3592f9e82,
HKEX:06862,06862,2023-06-09,CASH_DIVIDEND,0.116,HKD,nan,nan,,YAHOO_CHART_EVENTS,UNOFFICIAL_FREE_VENDOR,2026-07-21T03:21:14.119840+00:00,ca131051ecbe9cdd4cc0c13231dffc9f8a2d3c3081ec4b7529ba09a45c18182a,
HKEX:06862,06862,2024-06-07,CASH_DIVIDEND,0.824,HKD,nan,nan,,YAHOO_CHART_EVENTS,UNOFFICIAL_FREE_VENDOR,2026-07-21T03:21:14.119840+00:00,ca131051ecbe9cdd4cc0c13231dffc9f8a2d3c3081ec4b7529ba09a45c18182a,
HKEX:06862,06862,2024-09-09,CASH_DIVIDEND,0.391,HKD,nan,nan,,YAHOO_CHART_EVENTS,UNOFFICIAL_FREE_VENDOR,2026-07-21T03:21:14.119840+00:00,ca131051ecbe9cdd4cc0c13231dffc9f8a2d3c3081ec4b7529ba09a45c18182a,
HKEX:06862,06862,2025-05-21,CASH_DIVIDEND,0.507,HKD,nan,nan,,YAHOO_CHART_EVENTS,UNOFFICIAL_FREE_VENDOR,2026-07-21T03:21:14.119840+00:00,ca131051ecbe9cdd4cc0c13231dffc9f8a2d3c3081ec4b7529ba09a45c18182a,
HKEX:06862,06862,2025-09-05,CASH_DIVIDEND,0.338,HKD,nan,nan,,YAHOO_CHART_EVENTS,UNOFFICIAL_FREE_VENDOR,2026-07-21T03:21:14.119840+00:00,ca131051ecbe9cdd4cc0c13231dffc9f8a2d3c3081ec4b7529ba09a45c18182a,
HKEX:06862,06862,2026-05-21,CASH_DIVIDEND,0.384,HKD,nan,nan,,YAHOO_CHART_EVENTS,UNOFFICIAL_FREE_VENDOR,2026-07-21T03:21:14.119840+00:00,ca131051ecbe9cdd4cc0c13231dffc9f8a2d3c3081ec4b7529ba09a45c18182a,
HKEX:06865,06865,2023-11-01,CASH_DIVIDEND,0.2594,HKD,nan,nan,,YAHOO_CHART_EVENTS,UNOFFICIAL_FREE_VENDOR,2026-07-21T03:21:14.119840+00:00,3f03f319d639768e3d0d186bf9294440b7d1c187e43b6111e0973e063c15ead4,
HKEX:06865,06865,2024-06-19,CASH_DIVIDEND,0.4173,HKD,nan,nan,,YAHOO_CHART_EVENTS,UNOFFICIAL_FREE_VENDOR,2026-07-21T03:21:14.119840+00:00,3f03f319d639768e3d0d186bf9294440b7d1c187e43b6111e0973e063c15ead4,
HKEX:06865,06865,2024-11-20,CASH_DIVIDEND,0.1406,HKD,nan,nan,,YAHOO_CHART_EVENTS,UNOFFICIAL_FREE_VENDOR,2026-07-21T03:21:14.119840+00:00,3f03f319d639768e3d0d186bf9294440b7d1c187e43b6111e0973e063c15ead4,
HKEX:06865,06865,2026-05-14,CASH_DIVIDEND,0.1715,HKD,nan,nan,,YAHOO_CHART_EVENTS,UNOFFICIAL_FREE_VENDOR,2026-07-21T03:21:14.119840+00:00,3f03f319d639768e3d0d186bf9294440b7d1c187e43b6111e0973e063c15ead4,
HKEX:06869,06869,2023-07-04,CASH_DIVIDEND,0.502,HKD,nan,nan,,YAHOO_CHART_EVENTS,UNOFFICIAL_FREE_VENDOR,2026-07-21T03:21:14.119840+00:00,f3220cf5385e9a8f2318e40a82a9dec8bb30d44defbcec5a473371ff476ad142,
HKEX:06869,06869,2024-06-20,CASH_DIVIDEND,0.564,HKD,nan,nan,,YAHOO_CHART_EVENTS,UNOFFICIAL_FREE_VENDOR,2026-07-21T03:21:14.119840+00:00,f3220cf5385e9a8f2318e40a82a9dec8bb30d44defbcec5a473371ff476ad142,
HKEX:06869,06869,2025-07-03,CASH_DIVIDEND,0.294,HKD,nan,nan,,YAHOO_CHART_EVENTS,UNOFFICIAL_FREE_VENDOR,2026-07-21T03:21:14.119840+00:00,f3220cf5385e9a8f2318e40a82a9dec8bb30d44defbcec5a473371ff476ad142,
HKEX:06869,06869,2026-07-03,CASH_DIVIDEND,0.339,HKD,nan,nan,,YAHOO_CHART_EVENTS,UNOFFICIAL_FREE_VENDOR,2026-07-21T03:21:14.119840+00:00,f3220cf5385e9a8f2318e40a82a9dec8bb30d44defbcec5a473371ff476ad142,
HKEX:06881,06881,2023-07-11,CASH_DIVIDEND,0.245202,HKD,nan,nan,,YAHOO_CHART_EVENTS,UNOFFICIAL_FREE_VENDOR,2026-07-21T03:21:14.119840+00:00,2630d2eb2baa5b37e595a20ec2e894b40fa4853557bd6d1918aac3efb58e12b3,
HKEX:06881,06881,2024-07-08,CASH_DIVIDEND,0.241116,HKD,nan,nan,,YAHOO_CHART_EVENTS,UNOFFICIAL_FREE_VENDOR,2026-07-21T03:21:14.119840+00:00,2630d2eb2baa5b37e595a20ec2e894b40fa4853557bd6d1918aac3efb58e12b3,
HKEX:06881,06881,2024-12-04,CASH_DIVIDEND,0.090873,HKD,nan,nan,,YAHOO_CHART_EVENTS,UNOFFICIAL_FREE_VENDOR,2026-07-21T03:21:14.119840+00:00,2630d2eb2baa5b37e595a20ec2e894b40fa4853557bd6d1918aac3efb58e12b3,
HKEX:06881,06881,2025-07-04,CASH_DIVIDEND,0.214667,HKD,nan,nan,,YAHOO_CHART_EVENTS,UNOFFICIAL_FREE_VENDOR,2026-07-21T03:21:14.119840+00:00,2630d2eb2baa5b37e595a20ec2e894b40fa4853557bd6d1918aac3efb58e12b3,
HKEX:06881,06881,2025-11-07,CASH_DIVIDEND,0.137021,HKD,nan,nan,,YAHOO_CHART_EVENTS,UNOFFICIAL_FREE_VENDOR,2026-07-21T03:21:14.119840+00:00,2630d2eb2baa5b37e595a20ec2e894b40fa4853557bd6d1918aac3efb58e12b3,
HKEX:06881,06881,2026-07-06,CASH_DIVIDEND,0.258718,HKD,nan,nan,,YAHOO_CHART_EVENTS,UNOFFICIAL_FREE_VENDOR,2026-07-21T03:21:14.119840+00:00,2630d2eb2baa5b37e595a20ec2e894b40fa4853557bd6d1918aac3efb58e12b3,
HKEX:06886,06886,2023-07-12,CASH_DIVIDEND,0.489077,HKD,nan,nan,,YAHOO_CHART_EVENTS,UNOFFICIAL_FREE_VENDOR,2026-07-21T03:21:14.119840+00:00,bb5a5bfa473d2e1946906f13afaf97352f4dbefb7209ba376ddfe99b83e02ccd,
HKEX:06886,06886,2024-07-03,CASH_DIVIDEND,0.472019,HKD,nan,nan,,YAHOO_CHART_EVENTS,UNOFFICIAL_FREE_VENDOR,2026-07-21T03:21:14.119840+00:00,bb5a5bfa473d2e1946906f13afaf97352f4dbefb7209ba376ddfe99b83e02ccd,
HKEX:06886,06886,2024-09-12,CASH_DIVIDEND,0.164167,HKD,nan,nan,,YAHOO_CHART_EVENTS,UNOFFICIAL_FREE_VENDOR,2026-07-21T03:21:14.119840+00:00,bb5a5bfa473d2e1946906f13afaf97352f4dbefb7209ba376ddfe99b83e02ccd,
HKEX:06886,06886,2025-07-04,CASH_DIVIDEND,0.404727,HKD,nan,nan,,YAHOO_CHART_EVENTS,UNOFFICIAL_FREE_VENDOR,2026-07-21T03:21:14.119840+00:00,bb5a5bfa473d2e1946906f13afaf97352f4dbefb7209ba376ddfe99b83e02ccd,
HKEX:06886,06886,2025-10-31,CASH_DIVIDEND,0.1643,HKD,nan,nan,,YAHOO_CHART_EVENTS,UNOFFICIAL_FREE_VENDOR,2026-07-21T03:21:14.119840+00:00,bb5a5bfa473d2e1946906f13afaf97352f4dbefb7209ba376ddfe99b83e02ccd,
HKEX:06886,06886,2026-07-10,CASH_DIVIDEND,0.459936,HKD,nan,nan,,YAHOO_CHART_EVENTS,UNOFFICIAL_FREE_VENDOR,2026-07-21T03:21:14.119840+00:00,bb5a5bfa473d2e1946906f13afaf97352f4dbefb7209ba376ddfe99b83e02ccd,
HKEX:06936,06936,2025-06-19,CASH_DIVIDEND,0.4807,HKD,nan,nan,,YAHOO_CHART_EVENTS,UNOFFICIAL_FREE_VENDOR,2026-07-21T03:21:14.119840+00:00,a41c8d1c85ff6c1c1699368ad32b26186622cb35fd59c72990a86c3582f06b7a,
HKEX:06936,06936,2025-09-10,CASH_DIVIDEND,0.5043,HKD,nan,nan,,YAHOO_CHART_EVENTS,UNOFFICIAL_FREE_VENDOR,2026-07-21T03:21:14.119840+00:00,a41c8d1c85ff6c1c1699368ad32b26186622cb35fd59c72990a86c3582f06b7a,
HKEX:06936,06936,2026-05-12,CASH_DIVIDEND,0.4913,HKD,nan,nan,,YAHOO_CHART_EVENTS,UNOFFICIAL_FREE_VENDOR,2026-07-21T03:21:14.119840+00:00,a41c8d1c85ff6c1c1699368ad32b26186622cb35fd59c72990a86c3582f06b7a,
HKEX:06963,06963,2023-05-31,CASH_DIVIDEND,0.199824,HKD,nan,nan,,YAHOO_CHART_EVENTS,UNOFFICIAL_FREE_VENDOR,2026-07-21T03:21:14.119840+00:00,4324d6eadbc4869d49a794e79cf673664cb37b9b3421a4f3058bc2c10f7573c2,
HKEX:06963,06963,2024-05-22,CASH_DIVIDEND,0.1978,HKD,nan,nan,,YAHOO_CHART_EVENTS,UNOFFICIAL_FREE_VENDOR,2026-07-21T03:21:14.119840+00:00,4324d6eadbc4869d49a794e79cf673664cb37b9b3421a4f3058bc2c10f7573c2,
HKEX:06963,06963,2025-06-19,CASH_DIVIDEND,0.207747,HKD,nan,nan,,YAHOO_CHART_EVENTS,UNOFFICIAL_FREE_VENDOR,2026-07-21T03:21:14.119840+00:00,4324d6eadbc4869d49a794e79cf673664cb37b9b3421a4f3058bc2c10f7573c2,
HKEX:06963,06963,2026-06-22,CASH_DIVIDEND,0.218554,HKD,nan,nan,,YAHOO_CHART_EVENTS,UNOFFICIAL_FREE_VENDOR,2026-07-21T03:21:14.119840+00:00,4324d6eadbc4869d49a794e79cf673664cb37b9b3421a4f3058bc2c10f7573c2,
HKEX:06969,06969,2023-05-30,CASH_DIVIDEND,0.08,HKD,nan,nan,,YAHOO_CHART_EVENTS,UNOFFICIAL_FREE_VENDOR,2026-07-21T03:21:14.119840+00:00,dcc8cf7edd307b2e39898ba02ab1fd16ca9d2ca2905e1d3fc4e8737b180d8640,
HKEX:06969,06969,2023-09-06,CASH_DIVIDEND,0.05,HKD,nan,nan,,YAHOO_CHART_EVENTS,UNOFFICIAL_FREE_VENDOR,2026-07-21T03:21:14.119840+00:00,dcc8cf7edd307b2e39898ba02ab1fd16ca9d2ca2905e1d3fc4e8737b180d8640,
HKEX:06969,06969,2024-05-30,CASH_DIVIDEND,0.05,HKD,nan,nan,,YAHOO_CHART_EVENTS,UNOFFICIAL_FREE_VENDOR,2026-07-21T03:21:14.119840+00:00,dcc8cf7edd307b2e39898ba02ab1fd16ca9d2ca2905e1d3fc4e8737b180d8640,
HKEX:06969,06969,2024-09-03,CASH_DIVIDEND,0.05,HKD,nan,nan,,YAHOO_CHART_EVENTS,UNOFFICIAL_FREE_VENDOR,2026-07-21T03:21:14.119840+00:00,dcc8cf7edd307b2e39898ba02ab1fd16ca9d2ca2905e1d3fc4e8737b180d8640,
HKEX:06969,06969,2025-05-29,CASH_DIVIDEND,0.05,HKD,nan,nan,,YAHOO_CHART_EVENTS,UNOFFICIAL_FREE_VENDOR,2026-07-21T03:21:14.119840+00:00,dcc8cf7edd307b2e39898ba02ab1fd16ca9d2ca2905e1d3fc4e8737b180d8640,
HKEX:06969,06969,2025-09-05,CASH_DIVIDEND,0.2,HKD,nan,nan,,YAHOO_CHART_EVENTS,UNOFFICIAL_FREE_VENDOR,2026-07-21T03:21:14.119840+00:00,dcc8cf7edd307b2e39898ba02ab1fd16ca9d2ca2905e1d3fc4e8737b180d8640,
HKEX:06969,06969,2026-05-29,CASH_DIVIDEND,0.2,HKD,nan,nan,,YAHOO_CHART_EVENTS,UNOFFICIAL_FREE_VENDOR,2026-07-21T03:21:14.119840+00:00,dcc8cf7edd307b2e39898ba02ab1fd16ca9d2ca2905e1d3fc4e8737b180d8640,
HKEX:06979,06979,2024-06-26,CASH_DIVIDEND,0.18,HKD,nan,nan,,YAHOO_CHART_EVENTS,UNOFFICIAL_FREE_VENDOR,2026-07-21T03:21:14.119840+00:00,0b63aff3bb899802d8cbb41bff8b271f3f5408f39b9a754b3a750d4c38b84ff8,
HKEX:06979,06979,2025-05-13,CASH_DIVIDEND,0.21,HKD,nan,nan,,YAHOO_CHART_EVENTS,UNOFFICIAL_FREE_VENDOR,2026-07-21T03:21:14.119840+00:00,0b63aff3bb899802d8cbb41bff8b271f3f5408f39b9a754b3a750d4c38b84ff8,
HKEX:06979,06979,2026-06-18,CASH_DIVIDEND,0.07,HKD,nan,nan,,YAHOO_CHART_EVENTS,UNOFFICIAL_FREE_VENDOR,2026-07-21T03:21:14.119840+00:00,0b63aff3bb899802d8cbb41bff8b271f3f5408f39b9a754b3a750d4c38b84ff8,
HKEX:06993,06993,2023-06-20,CASH_DIVIDEND,0.168,HKD,nan,nan,,YAHOO_CHART_EVENTS,UNOFFICIAL_FREE_VENDOR,2026-07-21T03:21:14.119840+00:00,54e76d761a3ecc218ea21becfa81486f43163562dd90c7210941caf90b6bd70a,
HKEX:06993,06993,2024-06-12,CASH_DIVIDEND,0.06,HKD,nan,nan,,YAHOO_CHART_EVENTS,UNOFFICIAL_FREE_VENDOR,2026-07-21T03:21:14.119840+00:00,54e76d761a3ecc218ea21becfa81486f43163562dd90c7210941caf90b6bd70a,
HKEX:06993,06993,2024-09-09,CASH_DIVIDEND,0.04,HKD,nan,nan,,YAHOO_CHART_EVENTS,UNOFFICIAL_FREE_VENDOR,2026-07-21T03:21:14.119840+00:00,54e76d761a3ecc218ea21becfa81486f43163562dd90c7210941caf90b6bd70a,
HKEX:06993,06993,2025-06-11,CASH_DIVIDEND,0.06,HKD,nan,nan,,YAHOO_CHART_EVENTS,UNOFFICIAL_FREE_VENDOR,2026-07-21T03:21:14.119840+00:00,54e76d761a3ecc218ea21becfa81486f43163562dd90c7210941caf90b6bd70a,
HKEX:06993,06993,2025-09-16,CASH_DIVIDEND,0.08,HKD,nan,nan,,YAHOO_CHART_EVENTS,UNOFFICIAL_FREE_VENDOR,2026-07-21T03:21:14.119840+00:00,54e76d761a3ecc218ea21becfa81486f43163562dd90c7210941caf90b6bd70a,
HKEX:06993,06993,2026-05-28,CASH_DIVIDEND,0.1,HKD,nan,nan,,YAHOO_CHART_EVENTS,UNOFFICIAL_FREE_VENDOR,2026-07-21T03:21:14.119840+00:00,54e76d761a3ecc218ea21becfa81486f43163562dd90c7210941caf90b6bd70a,
HKEX:09611,09611,2026-05-19,CASH_DIVIDEND,0.57133,HKD,nan,nan,,YAHOO_CHART_EVENTS,UNOFFICIAL_FREE_VENDOR,2026-07-21T03:21:14.119840+00:00,c3fecb2c00ffbc8caf441ba52ea2a5ec6f8fa7da4641eaeabd6bb7012a7dbabb,
HKEX:09633,09633,2023-05-18,CASH_DIVIDEND,0.77,HKD,nan,nan,,YAHOO_CHART_EVENTS,UNOFFICIAL_FREE_VENDOR,2026-07-21T03:21:14.119840+00:00,3b1cbc5c22a2e7dc49a15e54b8ff9ad3cea1fa6ec4abd6a3494b93c5d937cc7c,
HKEX:09633,09633,2024-05-23,CASH_DIVIDEND,0.82,HKD,nan,nan,,YAHOO_CHART_EVENTS,UNOFFICIAL_FREE_VENDOR,2026-07-21T03:21:14.119840+00:00,3b1cbc5c22a2e7dc49a15e54b8ff9ad3cea1fa6ec4abd6a3494b93c5d937cc7c,
HKEX:09633,09633,2025-05-22,CASH_DIVIDEND,0.82,HKD,nan,nan,,YAHOO_CHART_EVENTS,UNOFFICIAL_FREE_VENDOR,2026-07-21T03:21:14.119840+00:00,3b1cbc5c22a2e7dc49a15e54b8ff9ad3cea1fa6ec4abd6a3494b93c5d937cc7c,
HKEX:09633,09633,2026-05-21,CASH_DIVIDEND,1.13,HKD,nan,nan,,YAHOO_CHART_EVENTS,UNOFFICIAL_FREE_VENDOR,2026-07-21T03:21:14.119840+00:00,3b1cbc5c22a2e7dc49a15e54b8ff9ad3cea1fa6ec4abd6a3494b93c5d937cc7c,
HKEX:09636,09636,2023-06-14,CASH_DIVIDEND,0.5,HKD,nan,nan,,YAHOO_CHART_EVENTS,UNOFFICIAL_FREE_VENDOR,2026-07-21T03:21:14.119840+00:00,0222a10725d19439fb880ffd84bf9b741ac8b3d18e0a9550f679f957bcea71dc,
HKEX:09636,09636,2024-06-24,CASH_DIVIDEND,0.22,HKD,nan,nan,,YAHOO_CHART_EVENTS,UNOFFICIAL_FREE_VENDOR,2026-07-21T03:21:14.119840+00:00,0222a10725d19439fb880ffd84bf9b741ac8b3d18e0a9550f679f957bcea71dc,
HKEX:09636,09636,2025-06-24,CASH_DIVIDEND,0.33,HKD,nan,nan,,YAHOO_CHART_EVENTS,UNOFFICIAL_FREE_VENDOR,2026-07-21T03:21:14.119840+00:00,0222a10725d19439fb880ffd84bf9b741ac8b3d18e0a9550f679f957bcea71dc,
HKEX:09636,09636,2025-10-30,CASH_DIVIDEND,0.51,HKD,nan,nan,,YAHOO_CHART_EVENTS,UNOFFICIAL_FREE_VENDOR,2026-07-21T03:21:14.119840+00:00,0222a10725d19439fb880ffd84bf9b741ac8b3d18e0a9550f679f957bcea71dc,
HKEX:09636,09636,2026-06-23,CASH_DIVIDEND,0.36,HKD,nan,nan,,YAHOO_CHART_EVENTS,UNOFFICIAL_FREE_VENDOR,2026-07-21T03:21:14.119840+00:00,0222a10725d19439fb880ffd84bf9b741ac8b3d18e0a9550f679f957bcea71dc,
HKEX:09696,09696,2023-07-05,CASH_DIVIDEND,3.292571,HKD,nan,nan,,YAHOO_CHART_EVENTS,UNOFFICIAL_FREE_VENDOR,2026-07-21T03:21:14.119840+00:00,caa0320d43c11a4e7f7ae9cb973b768686c6f582cb1f104b0a44e061707f6b71,
HKEX:09696,09696,2024-06-14,CASH_DIVIDEND,1.48238,HKD,nan,nan,,YAHOO_CHART_EVENTS,UNOFFICIAL_FREE_VENDOR,2026-07-21T03:21:14.119840+00:00,caa0320d43c11a4e7f7ae9cb973b768686c6f582cb1f104b0a44e061707f6b71,
HKEX:09858,09858,2023-05-22,CASH_DIVIDEND,0.024723,HKD,nan,nan,,YAHOO_CHART_EVENTS,UNOFFICIAL_FREE_VENDOR,2026-07-21T03:21:14.119840+00:00,2589e6a135e68e8cc13f7fb975d56cdd265a83e34fe87585f1826bb71d47c434,
HKEX:09896,09896,2023-09-06,CASH_DIVIDEND,0.8075406,HKD,nan,nan,,YAHOO_CHART_EVENTS,UNOFFICIAL_FREE_VENDOR,2026-07-21T03:21:14.119840+00:00,4049718210c819c6d3bc17c01ad79c42b31ff02511faf9d54b5ba4d3d278e09e,
HKEX:09896,09896,2024-03-27,CASH_DIVIDEND,0.5684145,HKD,nan,nan,,YAHOO_CHART_EVENTS,UNOFFICIAL_FREE_VENDOR,2026-07-21T03:21:14.119840+00:00,4049718210c819c6d3bc17c01ad79c42b31ff02511faf9d54b5ba4d3d278e09e,
HKEX:09896,09896,2024-09-12,CASH_DIVIDEND,0.5378377,HKD,nan,nan,,YAHOO_CHART_EVENTS,UNOFFICIAL_FREE_VENDOR,2026-07-21T03:21:14.119840+00:00,4049718210c819c6d3bc17c01ad79c42b31ff02511faf9d54b5ba4d3d278e09e,
HKEX:09896,09896,2025-04-07,CASH_DIVIDEND,0.6405443,HKD,nan,nan,,YAHOO_CHART_EVENTS,UNOFFICIAL_FREE_VENDOR,2026-07-21T03:21:14.119840+00:00,4049718210c819c6d3bc17c01ad79c42b31ff02511faf9d54b5ba4d3d278e09e,
HKEX:09896,09896,2025-09-04,CASH_DIVIDEND,0.5676305,HKD,nan,nan,,YAHOO_CHART_EVENTS,UNOFFICIAL_FREE_VENDOR,2026-07-21T03:21:14.119840+00:00,4049718210c819c6d3bc17c01ad79c42b31ff02511faf9d54b5ba4d3d278e09e,
HKEX:09896,09896,2026-04-17,CASH_DIVIDEND,0.7377628,HKD,nan,nan,,YAHOO_CHART_EVENTS,UNOFFICIAL_FREE_VENDOR,2026-07-21T03:21:14.119840+00:00,4049718210c819c6d3bc17c01ad79c42b31ff02511faf9d54b5ba4d3d278e09e,
HKEX:09927,09927,2026-05-06,CASH_DIVIDEND,0.913,HKD,nan,nan,,YAHOO_CHART_EVENTS,UNOFFICIAL_FREE_VENDOR,2026-07-21T03:21:14.119840+00:00,f1992c788a98d39e93d849e0737f5c5488f84034b2ba3389a96a47ff9a07c317,
HKEX:09973,09973,2026-05-26,CASH_DIVIDEND,0.984571,HKD,nan,nan,,YAHOO_CHART_EVENTS,UNOFFICIAL_FREE_VENDOR,2026-07-21T03:21:14.119840+00:00,0ea6a5e5a98d73a97e85db6cff63eebf41d8932de538f6967b3e1efc9313798a,
HKEX:09980,09980,2026-05-05,CASH_DIVIDEND,2.195273,HKD,nan,nan,,YAHOO_CHART_EVENTS,UNOFFICIAL_FREE_VENDOR,2026-07-21T03:21:14.119840+00:00,f794ada5c353ae3c9e2d01c0d4d3609a8ea5475b643c89497977220d95e70b25,
HKEX:09980,09980,2026-05-05,STOCK_SPLIT_OR_CONSOLIDATION,nan,HKD,13.0,10.0,,YAHOO_CHART_EVENTS,UNOFFICIAL_FREE_VENDOR,2026-07-21T03:21:14.119840+00:00,f794ada5c353ae3c9e2d01c0d4d3609a8ea5475b643c89497977220d95e70b25,13:10
HKEX:09981,09981,2026-06-12,CASH_DIVIDEND,0.18913,HKD,nan,nan,,YAHOO_CHART_EVENTS,UNOFFICIAL_FREE_VENDOR,2026-07-21T03:21:14.119840+00:00,df8d040d3141f2630e9f99db9295d0b8efbe508b4b5fe10944173ce308633297,
HKEX:09985,09985,2023-06-30,CASH_DIVIDEND,0.26,HKD,nan,nan,,YAHOO_CHART_EVENTS,UNOFFICIAL_FREE_VENDOR,2026-07-21T03:21:14.119840+00:00,4cdb5d0bbbf4ef4de0d4c70c08b5b632dc4efea1862a93cb703239a1f654cc44,
HKEX:09985,09985,2023-09-14,CASH_DIVIDEND,0.131,HKD,nan,nan,,YAHOO_CHART_EVENTS,UNOFFICIAL_FREE_VENDOR,2026-07-21T03:21:14.119840+00:00,4cdb5d0bbbf4ef4de0d4c70c08b5b632dc4efea1862a93cb703239a1f654cc44,
HKEX:09985,09985,2024-06-11,CASH_DIVIDEND,0.2306,HKD,nan,nan,,YAHOO_CHART_EVENTS,UNOFFICIAL_FREE_VENDOR,2026-07-21T03:21:14.119840+00:00,4cdb5d0bbbf4ef4de0d4c70c08b5b632dc4efea1862a93cb703239a1f654cc44,
HKEX:09985,09985,2024-09-23,CASH_DIVIDEND,0.1746,HKD,nan,nan,,YAHOO_CHART_EVENTS,UNOFFICIAL_FREE_VENDOR,2026-07-21T03:21:14.119840+00:00,4cdb5d0bbbf4ef4de0d4c70c08b5b632dc4efea1862a93cb703239a1f654cc44,
HKEX:09985,09985,2025-06-16,CASH_DIVIDEND,0.317,HKD,nan,nan,,YAHOO_CHART_EVENTS,UNOFFICIAL_FREE_VENDOR,2026-07-21T03:21:14.119840+00:00,4cdb5d0bbbf4ef4de0d4c70c08b5b632dc4efea1862a93cb703239a1f654cc44,
HKEX:09985,09985,2025-09-22,CASH_DIVIDEND,0.198,HKD,nan,nan,,YAHOO_CHART_EVENTS,UNOFFICIAL_FREE_VENDOR,2026-07-21T03:21:14.119840+00:00,4cdb5d0bbbf4ef4de0d4c70c08b5b632dc4efea1862a93cb703239a1f654cc44,
HKEX:09985,09985,2026-06-15,CASH_DIVIDEND,0.1955,HKD,nan,nan,,YAHOO_CHART_EVENTS,UNOFFICIAL_FREE_VENDOR,2026-07-21T03:21:14.119840+00:00,4cdb5d0bbbf4ef4de0d4c70c08b5b632dc4efea1862a93cb703239a1f654cc44,
HKEX:09987,09987,2023-03-06,CASH_DIVIDEND,1.019226,HKD,nan,nan,,YAHOO_CHART_EVENTS,UNOFFICIAL_FREE_VENDOR,2026-07-21T03:21:14.119840+00:00,88850a8465e3cc3454736bb39b26decc870d04c68f69f2502f4c89c23758fe45,
HKEX:09987,09987,2023-05-30,CASH_DIVIDEND,1.019226,HKD,nan,nan,,YAHOO_CHART_EVENTS,UNOFFICIAL_FREE_VENDOR,2026-07-21T03:21:14.119840+00:00,88850a8465e3cc3454736bb39b26decc870d04c68f69f2502f4c89c23758fe45,
HKEX:09987,09987,2023-08-25,CASH_DIVIDEND,1.019226,HKD,nan,nan,,YAHOO_CHART_EVENTS,UNOFFICIAL_FREE_VENDOR,2026-07-21T03:21:14.119840+00:00,88850a8465e3cc3454736bb39b26decc870d04c68f69f2502f4c89c23758fe45,
HKEX:09987,09987,2023-11-27,CASH_DIVIDEND,1.019226,HKD,nan,nan,,YAHOO_CHART_EVENTS,UNOFFICIAL_FREE_VENDOR,2026-07-21T03:21:14.119840+00:00,88850a8465e3cc3454736bb39b26decc870d04c68f69f2502f4c89c23758fe45,
HKEX:09987,09987,2024-03-04,CASH_DIVIDEND,1.254432,HKD,nan,nan,,YAHOO_CHART_EVENTS,UNOFFICIAL_FREE_VENDOR,2026-07-21T03:21:14.119840+00:00,88850a8465e3cc3454736bb39b26decc870d04c68f69f2502f4c89c23758fe45,
HKEX:09987,09987,2024-05-24,CASH_DIVIDEND,1.254432,HKD,nan,nan,,YAHOO_CHART_EVENTS,UNOFFICIAL_FREE_VENDOR,2026-07-21T03:21:14.119840+00:00,88850a8465e3cc3454736bb39b26decc870d04c68f69f2502f4c89c23758fe45,
HKEX:09987,09987,2024-08-27,CASH_DIVIDEND,1.254432,HKD,nan,nan,,YAHOO_CHART_EVENTS,UNOFFICIAL_FREE_VENDOR,2026-07-21T03:21:14.119840+00:00,88850a8465e3cc3454736bb39b26decc870d04c68f69f2502f4c89c23758fe45,
HKEX:09987,09987,2024-11-26,CASH_DIVIDEND,1.254432,HKD,nan,nan,,YAHOO_CHART_EVENTS,UNOFFICIAL_FREE_VENDOR,2026-07-21T03:21:14.119840+00:00,88850a8465e3cc3454736bb39b26decc870d04c68f69f2502f4c89c23758fe45,
HKEX:09987,09987,2025-03-06,CASH_DIVIDEND,1.881648,HKD,nan,nan,,YAHOO_CHART_EVENTS,UNOFFICIAL_FREE_VENDOR,2026-07-21T03:21:14.119840+00:00,88850a8465e3cc3454736bb39b26decc870d04c68f69f2502f4c89c23758fe45,
HKEX:09987,09987,2025-05-28,CASH_DIVIDEND,1.881648,HKD,nan,nan,,YAHOO_CHART_EVENTS,UNOFFICIAL_FREE_VENDOR,2026-07-21T03:21:14.119840+00:00,88850a8465e3cc3454736bb39b26decc870d04c68f69f2502f4c89c23758fe45,
HKEX:09987,09987,2025-09-02,CASH_DIVIDEND,1.881648,HKD,nan,nan,,YAHOO_CHART_EVENTS,UNOFFICIAL_FREE_VENDOR,2026-07-21T03:21:14.119840+00:00,88850a8465e3cc3454736bb39b26decc870d04c68f69f2502f4c89c23758fe45,
HKEX:09987,09987,2025-12-02,CASH_DIVIDEND,1.881648,HKD,nan,nan,,YAHOO_CHART_EVENTS,UNOFFICIAL_FREE_VENDOR,2026-07-21T03:21:14.119840+00:00,88850a8465e3cc3454736bb39b26decc870d04c68f69f2502f4c89c23758fe45,
HKEX:09987,09987,2026-03-04,CASH_DIVIDEND,2.273658,HKD,nan,nan,,YAHOO_CHART_EVENTS,UNOFFICIAL_FREE_VENDOR,2026-07-21T03:21:14.119840+00:00,88850a8465e3cc3454736bb39b26decc870d04c68f69f2502f4c89c23758fe45,
HKEX:09987,09987,2026-05-27,CASH_DIVIDEND,2.273658,HKD,nan,nan,,YAHOO_CHART_EVENTS,UNOFFICIAL_FREE_VENDOR,2026-07-21T03:21:14.119840+00:00,88850a8465e3cc3454736bb39b26decc870d04c68f69f2502f4c89c23758fe45,
HKEX:09988,09988,2023-12-20,CASH_DIVIDEND,0.980025,HKD,nan,nan,,YAHOO_CHART_EVENTS,UNOFFICIAL_FREE_VENDOR,2026-07-21T03:21:14.119840+00:00,c4fec909bb8e8d3f79a4865bcda68657f6984f4b264b9dfa7ad2e2951c2d5bde,
HKEX:09988,09988,2024-06-12,CASH_DIVIDEND,1.6268414,HKD,nan,nan,,YAHOO_CHART_EVENTS,UNOFFICIAL_FREE_VENDOR,2026-07-21T03:21:14.119840+00:00,c4fec909bb8e8d3f79a4865bcda68657f6984f4b264b9dfa7ad2e2951c2d5bde,
HKEX:09988,09988,2025-06-11,CASH_DIVIDEND,1.96005,HKD,nan,nan,,YAHOO_CHART_EVENTS,UNOFFICIAL_FREE_VENDOR,2026-07-21T03:21:14.119840+00:00,c4fec909bb8e8d3f79a4865bcda68657f6984f4b264b9dfa7ad2e2951c2d5bde,
HKEX:09988,09988,2026-06-10,CASH_DIVIDEND,1.0290262,HKD,nan,nan,,YAHOO_CHART_EVENTS,UNOFFICIAL_FREE_VENDOR,2026-07-21T03:21:14.119840+00:00,c4fec909bb8e8d3f79a4865bcda68657f6984f4b264b9dfa7ad2e2951c2d5bde,
HKEX:09989,09989,2023-05-24,CASH_DIVIDEND,0.11215,HKD,nan,nan,,YAHOO_CHART_EVENTS,UNOFFICIAL_FREE_VENDOR,2026-07-21T03:21:14.119840+00:00,79317ee6646d2c97a56c2778ae4253a405e90c1df53b7b130711bd474e48bdca,
HKEX:09989,09989,2025-05-26,CASH_DIVIDEND,0.27165,HKD,nan,nan,,YAHOO_CHART_EVENTS,UNOFFICIAL_FREE_VENDOR,2026-07-21T03:21:14.119840+00:00,79317ee6646d2c97a56c2778ae4253a405e90c1df53b7b130711bd474e48bdca,
HKEX:09989,09989,2026-05-27,CASH_DIVIDEND,0.16604,HKD,nan,nan,,YAHOO_CHART_EVENTS,UNOFFICIAL_FREE_VENDOR,2026-07-21T03:21:14.119840+00:00,79317ee6646d2c97a56c2778ae4253a405e90c1df53b7b130711bd474e48bdca,
HKEX:09992,09992,2023-05-19,CASH_DIVIDEND,0.09777,HKD,nan,nan,,YAHOO_CHART_EVENTS,UNOFFICIAL_FREE_VENDOR,2026-07-21T03:21:14.119840+00:00,c8dcc498d146cb5bdd1a9bfc585848510d0493acf26fc81cf3394981d6b9ec76,
HKEX:09992,09992,2024-05-23,CASH_DIVIDEND,0.3095,HKD,nan,nan,,YAHOO_CHART_EVENTS,UNOFFICIAL_FREE_VENDOR,2026-07-21T03:21:14.119840+00:00,c8dcc498d146cb5bdd1a9bfc585848510d0493acf26fc81cf3394981d6b9ec76,
HKEX:09992,09992,2025-05-29,CASH_DIVIDEND,0.8881,HKD,nan,nan,,YAHOO_CHART_EVENTS,UNOFFICIAL_FREE_VENDOR,2026-07-21T03:21:14.119840+00:00,c8dcc498d146cb5bdd1a9bfc585848510d0493acf26fc81cf3394981d6b9ec76,
HKEX:09992,09992,2026-05-15,CASH_DIVIDEND,2.7248,HKD,nan,nan,,YAHOO_CHART_EVENTS,UNOFFICIAL_FREE_VENDOR,2026-07-21T03:21:14.119840+00:00,c8dcc498d146cb5bdd1a9bfc585848510d0493acf26fc81cf3394981d6b9ec76,
HKEX:09999,09999,2023-03-08,CASH_DIVIDEND,0.4233708,HKD,nan,nan,,YAHOO_CHART_EVENTS,UNOFFICIAL_FREE_VENDOR,2026-07-21T03:21:14.119840+00:00,68fab560dbf6aa411048200a33258085d4bf1e697027f3afa4e4f3005ae787fa,
HKEX:09999,09999,2023-06-08,CASH_DIVIDEND,0.7291386,HKD,nan,nan,,YAHOO_CHART_EVENTS,UNOFFICIAL_FREE_VENDOR,2026-07-21T03:21:14.119840+00:00,68fab560dbf6aa411048200a33258085d4bf1e697027f3afa4e4f3005ae787fa,
HKEX:09999,09999,2023-09-07,CASH_DIVIDEND,0.82322097,HKD,nan,nan,,YAHOO_CHART_EVENTS,UNOFFICIAL_FREE_VENDOR,2026-07-21T03:21:14.119840+00:00,68fab560dbf6aa411048200a33258085d4bf1e697027f3afa4e4f3005ae787fa,
HKEX:09999,09999,2023-11-30,CASH_DIVIDEND,0.7761798,HKD,nan,nan,,YAHOO_CHART_EVENTS,UNOFFICIAL_FREE_VENDOR,2026-07-21T03:21:14.119840+00:00,68fab560dbf6aa411048200a33258085d4bf1e697027f3afa4e4f3005ae787fa,
HKEX:09999,09999,2024-03-13,CASH_DIVIDEND,1.6932479,HKD,nan,nan,,YAHOO_CHART_EVENTS,UNOFFICIAL_FREE_VENDOR,2026-07-21T03:21:14.119840+00:00,68fab560dbf6aa411048200a33258085d4bf1e697027f3afa4e4f3005ae787fa,
HKEX:09999,09999,2024-06-05,CASH_DIVIDEND,0.7761798,HKD,nan,nan,,YAHOO_CHART_EVENTS,UNOFFICIAL_FREE_VENDOR,2026-07-21T03:21:14.119840+00:00,68fab560dbf6aa411048200a33258085d4bf1e697027f3afa4e4f3005ae787fa,
HKEX:09999,09999,2024-09-05,CASH_DIVIDEND,0.6820974,HKD,nan,nan,,YAHOO_CHART_EVENTS,UNOFFICIAL_FREE_VENDOR,2026-07-21T03:21:14.119840+00:00,68fab560dbf6aa411048200a33258085d4bf1e697027f3afa4e4f3005ae787fa,
HKEX:09999,09999,2024-11-28,CASH_DIVIDEND,0.6820974,HKD,nan,nan,,YAHOO_CHART_EVENTS,UNOFFICIAL_FREE_VENDOR,2026-07-21T03:21:14.119840+00:00,68fab560dbf6aa411048200a33258085d4bf1e697027f3afa4e4f3005ae787fa,
HKEX:09999,09999,2025-03-05,CASH_DIVIDEND,1.9134008,HKD,nan,nan,,YAHOO_CHART_EVENTS,UNOFFICIAL_FREE_VENDOR,2026-07-21T03:21:14.119840+00:00,68fab560dbf6aa411048200a33258085d4bf1e697027f3afa4e4f3005ae787fa,
HKEX:09999,09999,2025-05-29,CASH_DIVIDEND,1.058427,HKD,nan,nan,,YAHOO_CHART_EVENTS,UNOFFICIAL_FREE_VENDOR,2026-07-21T03:21:14.119840+00:00,68fab560dbf6aa411048200a33258085d4bf1e697027f3afa4e4f3005ae787fa,
HKEX:09999,09999,2025-08-27,CASH_DIVIDEND,0.8937828,HKD,nan,nan,,YAHOO_CHART_EVENTS,UNOFFICIAL_FREE_VENDOR,2026-07-21T03:21:14.119840+00:00,68fab560dbf6aa411048200a33258085d4bf1e697027f3afa4e4f3005ae787fa,
HKEX:09999,09999,2025-12-04,CASH_DIVIDEND,0.8937828,HKD,nan,nan,,YAHOO_CHART_EVENTS,UNOFFICIAL_FREE_VENDOR,2026-07-21T03:21:14.119840+00:00,68fab560dbf6aa411048200a33258085d4bf1e697027f3afa4e4f3005ae787fa,
HKEX:09999,09999,2026-03-13,CASH_DIVIDEND,1.8189263,HKD,nan,nan,,YAHOO_CHART_EVENTS,UNOFFICIAL_FREE_VENDOR,2026-07-21T03:21:14.119840+00:00,68fab560dbf6aa411048200a33258085d4bf1e697027f3afa4e4f3005ae787fa,
HKEX:09999,09999,2026-06-04,CASH_DIVIDEND,1.1289887,HKD,nan,nan,,YAHOO_CHART_EVENTS,UNOFFICIAL_FREE_VENDOR,2026-07-21T03:21:14.119840+00:00,68fab560dbf6aa411048200a33258085d4bf1e697027f3afa4e4f3005ae787fa,
