security_code,sh_status,sz_status,combined_status,buy_eligible,sell_only,as_of_date_eligibility,stock_code_5d,security_id,issuer_id,official_security_name_en,official_issuer_name_en,issuer_identity_status,issuer_identity_basis,hkex_di_sid,hkex_di_all_sids,hkex_di_all_issuer_names,category,sub_category,security_type,board_lot,isin,trading_currency,rmb_counter_code,dual_counter_flag,wvr_flag,secondary_listing_flag,biotech_chapter18a_flag,h_share_flag,a_share_class_exists,depositary_receipt_flag,gem_flag,source_release_id,hkex_full_list_sha256,di_response_sha256,market_latest_date,market_row_count,history_coverage_ratio_250,return_20d,return_60d,return_120d,return_250d,momentum_250_20d,distance_52w_high,trend_consistency_60d,positive_month_ratio_12m,volatility_20d,volatility_60d,downside_volatility_60d,max_drawdown_120d,worst_day_120d,avg_turnover_hkd_20d,active_trade_ratio_60d,zero_volume_days_20d,volume_ratio_20_60d,latest_price_hkd,latest_quote_currency,latest_close,financial_period_end,financial_available_from,financial_currency,profile,financial_decision_grade,roe,roa,gross_margin,operating_margin,net_margin,cash_to_assets,liabilities_to_assets,current_ratio,eps_basic,revenue_yoy,net_income_yoy,source_profile,profile_basis,profile_override_applied,dividend_cash_hkd_365d,corporate_action_count_365d,dividend_yield_365d,price_in_financial_currency,earnings_yield,pe_ratio,return_20d__pct,return_60d__pct,return_120d__pct,return_250d__pct,momentum_250_20d__pct,distance_52w_high__pct,trend_consistency_60d__pct,positive_month_ratio_12m__pct,volatility_20d__pct,volatility_60d__pct,downside_volatility_60d__pct,max_drawdown_120d__pct,worst_day_120d__pct,avg_turnover_hkd_20d__pct,active_trade_ratio_60d__pct,volume_ratio_20_60d__pct,roe__pct,roa__pct,gross_margin__pct,operating_margin__pct,net_margin__pct,cash_to_assets__pct,liabilities_to_assets__pct,current_ratio__pct,revenue_yoy__pct,net_income_yoy__pct,earnings_yield__pct,dividend_yield_365d__pct,as_of_date_fmdl5e,investability_status,investability_reason,factor_record_quality,confidence_grade,trade_authority,_merge,r2e_gate_reason,r2e_gate_pass,eligibility_as_of_date,eligibility_source_status,fmdl5e_as_of_date,fmdl5e_age_service_days,freshness_status,publication_eligible
00010,BUY_ELIGIBLE,BUY_ELIGIBLE,BUY_ELIGIBLE_BOTH,True,False,2026-08-07,00010,HKEX:00010,HKEX-ISSUER:ebd9df2132f9fe5a,HANG LUNG GROUP,Hang Lung Group Ltd.,CONFIRMED,HKEX_DI_STOCK_CODE_CONFIRMED,17.0,17,Hang Lung Group Ltd.,Equity,Equity Securities (Main Board),COMMON_EQUITY,1000.0,HK0010000088,HKD,,False,False,False,False,False,False,False,False,FMDL5B1_20260720_d31e787a3ccd,f2025b4cb11bbd9b503899215e23b5cd35859f5544f930c6c8b9db9bb86d0756,0a88f5701d55790b92ff69556f73997ca0b1a4137e9a3c28fe4f3ee0abe820b2,2026-08-06,880.0,1.0,0.0450310495770698,-0.1792682712663853,-0.1366703045937096,-0.025380930441455,-0.0673778832188967,-0.1932983297408372,0.45,0.5,0.2010001569578784,0.2401156881262926,0.1845733999490637,-0.2460396046394868,-0.048327122829475,9827028.131606627,1.0,0.0,1.1273287233207925,13.460000038146973,HKD,13.460000038146973,2025-12-31,2026-05-04T09:30:00+08:00,HKD,GENERAL_NON_FINANCIAL,True,,0.0057993836567442,0.6564240445554061,0.4838678701747647,0.1315536777415018,,0.3427351078600698,1.5520276437605949,0.9122522,-0.1362778624040864,-0.1715810990263309,GENERAL_NON_FINANCIAL,DEFAULT_GENERAL_NON_FINANCIAL,False,0.86,2.0,0.0638930161636459,13.460000038146973,0.0677750518138623,14.754691781666269,0.5171339563862928,0.3616352201257861,0.5353697749196141,0.6234458259325044,0.6305506216696269,0.7236024844720497,0.6549295774647887,0.6632165605095541,0.9130434782608696,0.8873239436619719,0.6645962732919255,0.7394034536891679,0.8169014084507042,0.1273291925465838,0.5117370892018779,0.8773291925465838,,0.32015065913371,0.8412408759124088,0.958029197080292,0.7281021897810219,,0.696798493408663,0.4849056603773585,0.0852878464818763,0.2397820163487738,0.7088888888888889,0.8773291925465838,2026-08-06,ELIGIBLE_CORE,PASS_CORE,VALID,A,NONE,both,LOW_20D_TURNOVER,False,2026-08-07,FRESH_OFFICIAL,2026-08-06,1,CURRENT,False
00011,SELL_ONLY,SELL_ONLY,SELL_ONLY,False,True,2026-08-07,00011,HKEX:00011,,,,,,,,,,,,,,,,,,,,,,,,,,,,,,,,,,,,,,,,,,,,,,,,,,,,,,,,,,,,,,,,,,,,,,,,,,,,,,,,,,,,,,,,,,,,,,,,,,,,,,,,,,,,NONE,left_only,MISSING_FMDL5E_COVERAGE|NOT_SOUTHBOUND_BUY_ELIGIBLE|FMDL5E_NOT_INVESTABLE|NON_COMMON_EQUITY|LOW_20D_TURNOVER|LOW_ACTIVE_TRADE_RATIO|EXCESS_ZERO_VOLUME_DAYS|MISSING_VALID_PRICE|FINANCIAL_EVIDENCE_INCOMPLETE,False,2026-08-07,FRESH_OFFICIAL,2026-08-06,1,CURRENT,False
00014,BUY_ELIGIBLE,BUY_ELIGIBLE,BUY_ELIGIBLE_BOTH,True,False,2026-08-07,00014,HKEX:00014,HKEX-ISSUER:5917cdcbed37405d,HYSAN DEV,Hysan Development Co. Ltd.,CONFIRMED,HKEX_DI_STOCK_CODE_CONFIRMED,21.0,21,Hysan Development Co. Ltd.,Equity,Equity Securities (Main Board),COMMON_EQUITY,1000.0,HK0014000126,HKD,,False,False,False,False,False,False,False,False,FMDL5B1_20260720_d31e787a3ccd,f2025b4cb11bbd9b503899215e23b5cd35859f5544f930c6c8b9db9bb86d0756,13034f36607c65a899a3c051e418d8fc674ff3e9cd48f73e271f8d14a0c5becf,2026-08-06,880.0,1.0,0.0548105279863657,-0.1106194681966965,-0.1457787363224326,0.2019062218967644,0.13945224285086,-0.1856129071368747,0.4666666666666667,0.6666666666666666,0.1930426907886788,0.2319629924619406,0.1498649025137776,-0.2562921485121701,-0.0688153282188803,18832220.514294624,1.0,0.0,0.4568464908380354,18.09000015258789,HKD,18.09000015258789,2025-12-31,2026-03-31T09:30:00+08:00,HKD,GENERAL_NON_FINANCIAL,True,,0.0027291157664916,0.8019630484988453,0.4971131639722864,0.0909353348729792,,0.3396926062622377,1.500483792936623,0.2799982,-0.0089063777709262,7.778216923675004,GENERAL_NON_FINANCIAL,DEFAULT_GENERAL_NON_FINANCIAL,False,1.08,2.0,0.0597014920337355,18.09000015258789,0.0154780650988521,64.60755873640578,0.5872274143302181,0.5408805031446541,0.5209003215434084,0.8365896980461812,0.8401420959147424,0.7375776397515528,0.7480438184663537,0.9363057324840764,0.9332298136645962,0.8998435054773083,0.812111801242236,0.7048665620094191,0.5758998435054773,0.2515527950310559,0.5117370892018779,0.0714285714285714,,0.2711864406779661,0.9251824817518248,0.9671532846715328,0.5894160583941606,,0.7062146892655368,0.469811320754717,0.3198294243070362,0.983651226158038,0.2222222222222222,0.8338509316770186,2026-08-06,ELIGIBLE_CORE,PASS_CORE,VALID,A,NONE,both,LOW_20D_TURNOVER,False,2026-08-07,FRESH_OFFICIAL,2026-08-06,1,CURRENT,False
00041,BUY_ELIGIBLE,BUY_ELIGIBLE,BUY_ELIGIBLE_BOTH,True,False,2026-08-07,00041,HKEX:00041,HKEX-ISSUER:ee9a79a294a0ffcb,GREAT EAGLE H,Great Eagle Holdings Ltd.,CONFIRMED,HKEX_DI_STOCK_CODE_CONFIRMED,60.0,60,Great Eagle Holdings Ltd.,Equity,Equity Securities (Main Board),COMMON_EQUITY,1000.0,BMG4069C1486,HKD,,False,False,False,False,False,False,False,False,FMDL5B1_20260720_d31e787a3ccd,f2025b4cb11bbd9b503899215e23b5cd35859f5544f930c6c8b9db9bb86d0756,7f3e017a7e0fbeeb5a30fe5ea91eb8e6bb7f6dadf71be9869a486b78d624a718,2026-08-06,880.0,1.0,0.0462777022883322,-0.146389846634129,0.0018576072108233,0.1196254469183271,0.0701035150319793,-0.1508613798106891,0.4,0.5833333333333334,0.2222543997145602,0.2245366512820548,0.1203255260064515,-0.2003945083818625,-0.0363093979721943,2567896.2289311886,1.0,0.0,0.5921310553411601,15.600000381469728,HKD,15.600000381469728,2025-12-31,2026-04-01T09:30:00+08:00,HKD,GENERAL_NON_FINANCIAL,True,,-0.0164644608047426,0.2013858483755761,0.1554477257486072,-0.0841556771981315,,0.3752192818658536,1.771572098936269,-1.9961162,0.7625260640063531,,GENERAL_NON_FINANCIAL,DEFAULT_GENERAL_NON_FINANCIAL,False,1.11,2.0,0.0711538444139078,15.600000381469728,,,0.5280373831775701,0.4512578616352201,0.7958199356913184,0.7744227353463587,0.7886323268206039,0.7996894409937888,0.3356807511737089,0.8343949044585988,0.8478260869565217,0.9107981220657276,0.922360248447205,0.8461538461538461,0.9374021909233176,0.0388198757763975,0.5117370892018779,0.1459627329192546,,0.1374764595103578,0.3156934306569343,0.6514598540145985,0.1368613138686131,,0.64030131826742,0.5754716981132075,0.9594882729211088,,,0.9254658385093169,2026-08-06,ELIGIBLE_WATCH,PASS_WATCH,VALID,A,NONE,both,LOW_20D_TURNOVER,False,2026-08-07,FRESH_OFFICIAL,2026-08-06,1,CURRENT,False
00081,BUY_ELIGIBLE,BUY_ELIGIBLE,BUY_ELIGIBLE_BOTH,True,False,2026-08-07,00081,HKEX:00081,HKEX-ISSUER:6856ddaaa02a917d,CH OVS G OCEANS,China Overseas Grand Oceans Group Ltd.,CONFIRMED,HKEX_DI_STOCK_CODE_CONFIRMED,133.0,133,China Overseas Grand Oceans Group Ltd.,Equity,Equity Securities (Main Board),COMMON_EQUITY,1000.0,HK0000065737,HKD,,False,False,False,False,False,False,False,False,FMDL5B1_20260720_d31e787a3ccd,f2025b4cb11bbd9b503899215e23b5cd35859f5544f930c6c8b9db9bb86d0756,167f725ea59b1deae576cee9548873564c53f36b4c9d4520ae30b5b2da8801ba,2026-08-06,880.0,1.0,0.1589861827099292,-0.2051516410782511,-0.0103054684160533,0.2703540343352988,0.0960907500769081,-0.2051516410782511,0.4166666666666667,0.6666666666666666,0.4216642543820418,0.3884660225512056,0.1974121680066768,-0.3249999905811824,-0.0503875503358929,13274186.90627489,1.0,0.0,0.7542456449683811,2.515000104904175,HKD,2.515000104904175,2025-12-31,2026-04-28T09:30:00+08:00,HKD,GENERAL_NON_FINANCIAL,True,,0.0025666468181154,0.0868051266412624,0.0414561470568972,0.00826203845564,,0.6794683081991366,2.159084351940584,0.086,-0.1965522925988073,-0.6806687280540853,GENERAL_NON_FINANCIAL,DEFAULT_GENERAL_NON_FINANCIAL,False,0.035,2.0,0.013916500413559,2.515000104904175,0.0341948295876022,29.24418726632761,0.909657320872274,0.3066037735849056,0.7813504823151125,0.8809946714031972,0.8081705150976909,0.6987577639751553,0.4405320813771518,0.9363057324840764,0.4456521739130434,0.5524256651017214,0.6288819875776398,0.5494505494505495,0.7918622848200313,0.1739130434782608,0.5117370892018779,0.3726708074534161,,0.263653483992467,0.083941605839416,0.2718978102189781,0.2281021897810219,,0.1770244821092278,0.6792452830188679,0.0575692963752665,0.0299727520435967,0.4688888888888889,0.4316770186335403,2026-08-06,ELIGIBLE_CORE,PASS_CORE,VALID,A,NONE,both,LOW_20D_TURNOVER,False,2026-08-07,FRESH_OFFICIAL,2026-08-06,1,CURRENT,False
00087,BUY_ELIGIBLE,BUY_ELIGIBLE,BUY_ELIGIBLE_BOTH,True,False,2026-08-07,00087,HKEX:00087,HKEX-ISSUER:ab9ef72cc9ecfd99,SWIRE PACIFIC B,Swire Pacific Ltd. 'B',CONFIRMED,HKEX_DI_STOCK_CODE_CONFIRMED,142.0,142,Swire Pacific Ltd. 'B',Equity,Equity Securities (Main Board),COMMON_EQUITY,2500.0,HK0087000532,HKD,,False,False,False,False,False,False,False,False,FMDL5B1_20260720_d31e787a3ccd,f2025b4cb11bbd9b503899215e23b5cd35859f5544f930c6c8b9db9bb86d0756,af7bb47cbd8a3f7d410f890867811268827d64f3158e3c772f1ec12cec5a836b,2026-08-06,880.0,1.0,0.1714285541283575,0.0416372723649414,0.1758811654342957,0.2448946350746033,0.0627149480754383,-0.0225165658277154,0.5333333333333333,0.5,0.235397832922225,0.2263312039390631,0.1481555040696345,-0.1735647201099488,-0.0473964690366514,14020988.512802172,1.0,0.0,1.0330304124453291,14.760000228881836,HKD,14.760000228881836,,,,CONTROLLED_NON_FINANCIAL,False,,,,,,,,,,,,CONTROLLED_NON_FINANCIAL,NO_DECISION_GRADE_FINANCIAL_CURRENT,False,0.76,2.0,0.0514905141066908,,,,0.9190031152647976,0.8742138364779874,0.9260450160771704,0.8596802841918295,0.7850799289520426,0.9767080745341616,0.961658841940532,0.6632165605095541,0.8260869565217391,0.9076682316118936,0.8229813664596274,0.902668759811617,0.8262910798122066,0.1894409937888198,0.5117370892018779,0.8059006211180124,,,,,,,,,,,,0.7624223602484472,2026-08-06,ELIGIBLE_WATCH,PASS_WATCH,PARTIAL_MARKET_ONLY,C,NONE,both,LOW_20D_TURNOVER|FINANCIAL_EVIDENCE_INCOMPLETE,False,2026-08-07,FRESH_OFFICIAL,2026-08-06,1,CURRENT,False
00100,BUY_ELIGIBLE,BUY_ELIGIBLE,BUY_ELIGIBLE_BOTH,True,False,2026-08-07,00100,HKEX:00100,,,,,,,,,,,,,,,,,,,,,,,,,,,,,,,,,,,,,,,,,,,,,,,,,,,,,,,,,,,,,,,,,,,,,,,,,,,,,,,,,,,,,,,,,,,,,,,,,,,,,,,,,,,,NONE,left_only,MISSING_FMDL5E_COVERAGE|FMDL5E_NOT_INVESTABLE|NON_COMMON_EQUITY|LOW_20D_TURNOVER|LOW_ACTIVE_TRADE_RATIO|EXCESS_ZERO_VOLUME_DAYS|MISSING_VALID_PRICE|FINANCIAL_EVIDENCE_INCOMPLETE,False,2026-08-07,FRESH_OFFICIAL,2026-08-06,1,CURRENT,False
00107,BUY_ELIGIBLE,BUY_ELIGIBLE,BUY_ELIGIBLE_BOTH,True,False,2026-08-07,00107,HKEX:00107,HKEX-ISSUER:92c86d8a381d16c0,SICHUAN EXPRESS,Sichuan Expressway Co. Ltd.  - H Shares,CONFIRMED,HKEX_DI_STOCK_CODE_CONFIRMED,169.0,169|169,Sichuan Expressway Co. Ltd.  - A Shares|Sichuan Expressway Co. Ltd.  - H Shares,Equity,Equity Securities (Main Board),COMMON_EQUITY,2000.0,CNE100000494,HKD,,False,False,False,False,True,True,False,False,FMDL5B1_20260720_d31e787a3ccd,f2025b4cb11bbd9b503899215e23b5cd35859f5544f930c6c8b9db9bb86d0756,803b1895a5f5b790b3bbc969dec69d8d09e8c1306abce4857ca35ee9cb044f07,2026-08-06,880.0,1.0,0.0288247518860971,-0.1485551630494701,-0.113270023672778,0.0126236825767227,-0.0157471612922158,-0.1905672002530749,0.3833333333333333,0.5,0.2314334578906093,0.282175912284922,0.2142782260753973,-0.2498790315838822,-0.0561224990069911,5559959.143703485,1.0,0.0,0.427136373388062,4.639999866485596,HKD,4.639999866485596,2026-03-31,2026-04-30T09:30:00+08:00,HKD,GENERAL_NON_FINANCIAL,True,,0.0067403142539529,0.3471781177084459,0.3077742433229686,0.1894251368234283,,0.6719287744339774,0.8736487026130132,0.142,0.2124914891534854,-0.0606299632602044,GENERAL_NON_FINANCIAL,DEFAULT_GENERAL_NON_FINANCIAL,False,0.340159,1.0,0.0733101314198186,4.639999866485596,0.0306034491564657,32.67605539778589,0.4049844236760124,0.4386792452830189,0.5771704180064309,0.6749555950266429,0.6927175843694494,0.7313664596273292,0.2472613458528951,0.6632165605095541,0.8322981366459627,0.7824726134585289,0.5791925465838509,0.7252747252747253,0.7230046948356808,0.0822981366459627,0.5117370892018779,0.0590062111801242,,0.3446327683615819,0.5474452554744526,0.8594890510948905,0.8266423357664233,,0.1902071563088512,0.1264150943396226,0.7889125799573561,0.3569482288828338,0.4311111111111111,0.9347826086956522,2026-08-06,ELIGIBLE_CORE,PASS_CORE,VALID,A,NONE,both,LOW_20D_TURNOVER,False,2026-08-07,FRESH_OFFICIAL,2026-08-06,1,CURRENT,False
00119,BUY_ELIGIBLE,BUY_ELIGIBLE,BUY_ELIGIBLE_BOTH,True,False,2026-08-07,00119,HKEX:00119,HKEX-ISSUER:5c7923ec79437192,POLY PROPERTY,"Poly Property Group Co., Ltd.",CONFIRMED,HKEX_DI_STOCK_CODE_CONFIRMED,192.0,192,"Poly Property Group Co., Ltd.",Equity,Equity Securities (Main Board),COMMON_EQUITY,1000.0,HK0119000674,HKD,,False,False,False,False,False,False,False,False,FMDL5B1_20260720_d31e787a3ccd,f2025b4cb11bbd9b503899215e23b5cd35859f5544f930c6c8b9db9bb86d0756,2304e21af29c6d52761e661d4a4612435f5c0950d32ba733940d7636271fb8fb,2026-08-06,880.0,1.0,0.0376711959663496,-0.3744065995960166,-0.3451234639279295,-0.0500247758049408,-0.0845122926339129,-0.3744065995960166,0.2666666666666666,0.5833333333333334,0.3022373741488395,0.3430263195644926,0.2502026597476336,-0.3971178897170905,-0.0773480711035371,17637935.037450172,1.0,0.0,0.7193188068425004,1.5149999856948853,HKD,1.5149999856948853,2025-12-31,2026-04-30T09:30:00+08:00,HKD,GENERAL_NON_FINANCIAL,True,,0.0012388348442008,0.1701859327822404,0.0827325997250446,0.0046550679784194,,0.7374309074684156,2.038652458084453,0.0589,0.2032704442808857,0.2316054837668906,GENERAL_NON_FINANCIAL,DEFAULT_GENERAL_NON_FINANCIAL,False,0.026,1.0,0.0171617163336635,1.5149999856948853,0.0388778881558763,25.72156172656851,0.4532710280373832,0.0864779874213836,0.2009646302250803,0.5825932504440497,0.6074600355239786,0.4332298136645963,0.0062597809076682,0.8343949044585988,0.6490683229813664,0.6353677621283255,0.4565217391304347,0.4097331240188383,0.5007824726134585,0.2391304347826087,0.5117370892018779,0.3090062111801242,,0.231638418079096,0.2335766423357664,0.4343065693430657,0.2135036496350364,,0.1129943502824858,0.6490566037735849,0.7825159914712153,0.6948228882833788,0.5244444444444445,0.4627329192546583,2026-08-06,ELIGIBLE_CORE,PASS_CORE,VALID,A,NONE,both,LOW_20D_TURNOVER,False,2026-08-07,FRESH_OFFICIAL,2026-08-06,1,CURRENT,False
00123,BUY_ELIGIBLE,BUY_ELIGIBLE,BUY_ELIGIBLE_BOTH,True,False,2026-08-07,00123,HKEX:00123,HKEX-ISSUER:18e7f4a8b35db173,YUEXIU PROPERTY,Yuexiu Property Co. Ltd.,CONFIRMED,HKEX_DI_STOCK_CODE_CONFIRMED,196.0,196,Yuexiu Property Co. Ltd.,Equity,Equity Securities (Main Board),COMMON_EQUITY,1000.0,HK0000745908,HKD,,False,False,False,False,False,False,False,False,FMDL5B1_20260720_d31e787a3ccd,f2025b4cb11bbd9b503899215e23b5cd35859f5544f930c6c8b9db9bb86d0756,6b9c548cacc52b3898bc293d42eac5d4b942447437f40fd1d3dfc609d0bdc3fc,2026-08-06,880.0,1.0,0.0245664847427271,-0.2376344078303017,-0.2521096524319702,-0.2382979455858311,-0.2565616133681794,-0.3202621191619801,0.3666666666666666,0.5833333333333334,0.3464597636184408,0.3890123143505641,0.2335197373184697,-0.3127572381867276,-0.0618811887031138,18661679.43206823,1.0,0.0,0.5981725276024507,3.5450000762939453,HKD,3.5450000762939453,2025-12-31,2026-05-04T09:30:00+08:00,HKD,GENERAL_NON_FINANCIAL,True,,0.0001489189018362,0.0780543683026467,0.0306307202233778,0.0006368693868815,,0.7137691511446799,1.635232258595615,0.0137,0.0006565466553329,-0.9470585690179846,GENERAL_NON_FINANCIAL,DEFAULT_GENERAL_NON_FINANCIAL,False,0.166,1.0,0.0468265152122483,3.5450000762939453,0.0038645979422156,258.75912965649235,0.3785046728971962,0.2452830188679245,0.3183279742765273,0.3410301953818828,0.3658969804618117,0.5093167701863354,0.1784037558685446,0.8343949044585988,0.5559006211180124,0.5492957746478874,0.515527950310559,0.5792778649921507,0.6447574334898278,0.25,0.5117370892018779,0.1537267080745341,,0.2052730696798493,0.0638686131386861,0.2281021897810219,0.1989051094890511,,0.1318267419962335,0.530188679245283,0.3496801705756929,0.0081743869209809,0.0444444444444444,0.7065217391304348,2026-08-06,ELIGIBLE_CORE,PASS_CORE,VALID,A,NONE,both,LOW_20D_TURNOVER,False,2026-08-07,FRESH_OFFICIAL,2026-08-06,1,CURRENT,False
00142,BUY_ELIGIBLE,BUY_ELIGIBLE,BUY_ELIGIBLE_BOTH,True,False,2026-08-07,00142,HKEX:00142,HKEX-ISSUER:f00ad48ca2e7ba5a,FIRST PACIFIC,First Pacific Co. Ltd.,CONFIRMED,HKEX_DI_STOCK_CODE_CONFIRMED,236.0,236,First Pacific Co. Ltd.,Equity,Equity Securities (Main Board),COMMON_EQUITY,2000.0,BMG348041077,HKD,,False,False,False,False,False,False,False,False,FMDL5B1_20260720_d31e787a3ccd,f2025b4cb11bbd9b503899215e23b5cd35859f5544f930c6c8b9db9bb86d0756,89c51ba3774717d9d03dcc4ee9fde444473bfcde1d925c027762fef2d854f7b7,2026-08-06,880.0,1.0,0.0603960033304948,-0.0255677373759373,-0.1302460566865634,-0.0974035858725494,-0.1488119426208953,-0.1795019285295539,0.4833333333333333,0.3333333333333333,0.2085079575880155,0.2508303781222928,0.1645401658923136,-0.2511472151229679,-0.0375671112201707,17724072.895932317,1.0,0.0,0.6536537737015373,5.355000019073486,HKD,5.355000019073486,2025-12-31,2026-05-04T09:30:00+08:00,HKD,GENERAL_NON_FINANCIAL,True,,0.0215677573447839,0.3645150256535548,0.2252724163205473,0.064598094307354,,0.5717902870045289,1.442125770376337,1.09157264,-0.0051591336816666,0.0766686472948861,GENERAL_NON_FINANCIAL,DEFAULT_GENERAL_NON_FINANCIAL,False,0.27,2.0,0.0504201678876398,5.355000019073486,0.2038417621124233,4.905766068920054,0.6292834890965732,0.7547169811320755,0.5546623794212219,0.5168738898756661,0.5008880994671403,0.7515527950310559,0.8176838810641628,0.2484076433121019,0.8913043478260869,0.8575899843505478,0.765527950310559,0.7221350078492935,0.9358372456964006,0.2406832298136646,0.5117370892018779,0.2204968944099379,,0.551789077212806,0.5821167883211679,0.7773722627737226,0.4854014598540146,,0.3389830508474576,0.4490566037735849,0.3368869936034115,0.5422343324250681,0.9844444444444445,0.75,2026-08-06,ELIGIBLE_CORE,PASS_CORE,VALID,A,NONE,both,LOW_20D_TURNOVER,False,2026-08-07,FRESH_OFFICIAL,2026-08-06,1,CURRENT,False
00152,BUY_ELIGIBLE,BUY_ELIGIBLE,BUY_ELIGIBLE_BOTH,True,False,2026-08-07,00152,HKEX:00152,HKEX-ISSUER:bb167070c010564e,SHENZHEN INT'L,Shenzhen International Holdings Ltd.,CONFIRMED,HKEX_DI_STOCK_CODE_CONFIRMED,258.0,258,Shenzhen International Holdings Ltd.,Equity,Equity Securities (Main Board),COMMON_EQUITY,500.0,BMG8086V1467,HKD,,False,False,False,False,False,False,False,False,FMDL5B1_20260720_d31e787a3ccd,f2025b4cb11bbd9b503899215e23b5cd35859f5544f930c6c8b9db9bb86d0756,285c846185e4901a1a5e6158bd68427bc0da0c19dfc3ae6c7fe87f5867009d91,2026-08-06,880.0,1.0,0.0258466983022471,-0.1697652573762715,-0.3211340316362495,-0.2368028293116136,-0.2560319471208904,-0.3386719465760954,0.4333333333333333,0.5,0.2439260658817794,0.2838668824814072,0.1666053466067725,-0.3886593765808386,-0.1112334890671622,19414055.82486763,1.0,0.0,0.3944642490418364,5.755000114440918,HKD,5.755000114440918,2025-12-31,2026-04-29T09:30:00+08:00,HKD,GENERAL_NON_FINANCIAL,True,,0.0147671415859578,0.2102779463782567,0.3119005671767017,0.1376202046980097,,0.5888256055886959,0.6905498598928796,0.8399946,0.0238873506191019,-0.2361853776538441,GENERAL_NON_FINANCIAL,DEFAULT_GENERAL_NON_FINANCIAL,False,0.46,1.0,0.0799304936320905,5.755000114440918,0.1459590935354139,6.851234656081024,0.3862928348909657,0.3867924528301887,0.2299035369774919,0.344582593250444,0.3676731793960923,0.4798136645962733,0.5461658841940532,0.6632165605095541,0.8074534161490683,0.7793427230046949,0.7546583850931677,0.4285714285714285,0.2613458528951486,0.2639751552795031,0.5117370892018779,0.046583850931677,,0.4821092278719397,0.3266423357664234,0.8686131386861314,0.7427007299270073,,0.32015065913371,0.0849056603773584,0.4243070362473347,0.1716621253405994,0.9511111111111112,0.967391304347826,2026-08-06,ELIGIBLE_CORE,PASS_CORE,VALID,A,NONE,both,LOW_20D_TURNOVER,False,2026-08-07,FRESH_OFFICIAL,2026-08-06,1,CURRENT,False
00173,BUY_ELIGIBLE,BUY_ELIGIBLE,BUY_ELIGIBLE_BOTH,True,False,2026-08-07,00173,HKEX:00173,HKEX-ISSUER:751d56957a2bc596,K. WAH INT'L,K. Wah International Holdings Ltd.,CONFIRMED,HKEX_DI_STOCK_CODE_CONFIRMED,300.0,300,K. Wah International Holdings Ltd.,Equity,Equity Securities (Main Board),COMMON_EQUITY,1000.0,BMG5321P1169,HKD,,False,False,False,False,False,False,False,False,FMDL5B1_20260720_d31e787a3ccd,f2025b4cb11bbd9b503899215e23b5cd35859f5544f930c6c8b9db9bb86d0756,7feb606ade5109ec17a4e479756921b97cebf1d84e95cef2989d838c3ccd1340,2026-08-06,880.0,1.0,0.0408162868107331,-0.1493157047878792,-0.2145021651181559,-0.0721772006456735,-0.1085623744442364,-0.275565615380356,0.3166666666666666,0.5,0.2164682865290731,0.2363240872870504,0.1290135051569798,-0.3146282595771205,-0.0542635111773295,1263888.805561912,1.0,0.0,0.4815173157308134,2.039999961853028,HKD,2.039999961853028,2025-12-31,2026-04-30T09:30:00+08:00,HKD,GENERAL_NON_FINANCIAL,True,,-0.0131523133911581,0.0022891376288584,0.1917248480751143,-0.4379089050174128,,0.3645104403232887,2.377564831282771,-0.249017754,-0.7306255453039923,,GENERAL_NON_FINANCIAL,DEFAULT_GENERAL_NON_FINANCIAL,False,0.03,2.0,0.0147058826279337,2.039999961853028,,,0.4766355140186916,0.4339622641509434,0.3745980707395498,0.5577264653641207,0.5648312611012434,0.5683229813664596,0.0500782472613458,0.6632165605095541,0.8649068322981367,0.8935837245696401,0.8881987577639752,0.576138147566719,0.7417840375586855,0.0201863354037267,0.5117370892018779,0.077639751552795,,0.1544256120527307,0.0182481751824817,0.718978102189781,0.0711678832116788,,0.6572504708097928,0.7245283018867924,0.0021321961620469,,,0.4378881987577639,2026-08-06,ELIGIBLE_WATCH,PASS_WATCH,VALID,A,NONE,both,LOW_20D_TURNOVER,False,2026-08-07,FRESH_OFFICIAL,2026-08-06,1,CURRENT,False
00187,BUY_ELIGIBLE,BUY_ELIGIBLE,BUY_ELIGIBLE_BOTH,True,False,2026-08-07,00187,HKEX:00187,HKEX-ISSUER:68c0ffe0adbf4053,JINGCHENG MAC,Beijing Jingcheng Machinery Electric Co. Ltd.  - H Shares,CONFIRMED,HKEX_DI_STOCK_CODE_CONFIRMED,323.0,323|323,Beijing Jingcheng Machinery Electric Co. Ltd.  - A Shares|Beijing Jingcheng Machinery Electric Co. Ltd.  - H Shares,Equity,Equity Securities (Main Board),COMMON_EQUITY,2000.0,CNE100000270,HKD,,False,False,False,False,True,True,False,False,FMDL5B1_20260720_d31e787a3ccd,f2025b4cb11bbd9b503899215e23b5cd35859f5544f930c6c8b9db9bb86d0756,8e14de9edbaa59c2d7c9af76ca5e67db99b495bfd2e12a712c5d993c506738fc,2026-08-06,880.0,1.0,0.0372880994297593,-0.2572815466560867,-0.274881494095863,-0.4137930908485354,-0.4348658685337978,-0.4751286478860982,0.4333333333333333,0.3333333333333333,0.3123279169078365,0.4589692641564404,0.2651884783346072,-0.5008787547259465,-0.1036907111871108,4077417.540550232,1.0,0.0,0.3360663064234347,3.059999942779541,HKD,3.059999942779541,2026-03-31,2026-07-15T09:30:00+08:00,HKD,GENERAL_NON_FINANCIAL,True,,-0.0106921488860039,0.1379643613492898,-0.0975735737137958,-0.1041136397983777,,0.5658391287456799,2.0414568565262385,-0.06,-0.0425039078985709,,GENERAL_NON_FINANCIAL,DEFAULT_GENERAL_NON_FINANCIAL,False,0.0,0.0,0.0,3.059999942779541,,,0.4517133956386293,0.2091194968553459,0.2877813504823151,0.1616341030195381,0.1492007104795737,0.2639751552795031,0.5461658841940532,0.2484076433121019,0.6195652173913043,0.4522691705790297,0.4239130434782608,0.2150706436420722,0.3020344287949921,0.062111801242236,0.5117370892018779,0.0279503105590062,,0.1619585687382297,0.1733576642335766,0.1131386861313868,0.1295620437956204,,0.3502824858757062,0.6528301886792452,0.2579957356076759,,,0.1777950310559006,2026-08-06,ELIGIBLE_WATCH,PASS_WATCH,VALID,A,NONE,both,LOW_20D_TURNOVER,False,2026-08-07,FRESH_OFFICIAL,2026-08-06,1,CURRENT,False
00200,BUY_ELIGIBLE,BUY_ELIGIBLE,BUY_ELIGIBLE_BOTH,True,False,2026-08-07,00200,HKEX:00200,HKEX-ISSUER:ca7e7c670282ff6d,MELCO INT'L DEV,Melco International Development Ltd.,CONFIRMED,HKEX_DI_STOCK_CODE_CONFIRMED,342.0,342,Melco International Development Ltd.,Equity,Equity Securities (Main Board),COMMON_EQUITY,1000.0,HK0200030994,HKD,,False,False,False,False,False,False,False,False,FMDL5B1_20260720_d31e787a3ccd,f2025b4cb11bbd9b503899215e23b5cd35859f5544f930c6c8b9db9bb86d0756,2ff1174bcf140bf1cea94f5d4637aaa15f363c7172305677a85d97f7d4ae798f,2026-08-06,880.0,1.0,0.0399408242285184,-0.1010230108070687,-0.2240618229346873,-0.3279158523737692,-0.3537284699590312,-0.441176450521208,0.3666666666666666,0.3333333333333333,0.4170129619753882,0.3606090268699407,0.1680874621969481,-0.3540372805709882,-0.0631579348915502,12066316.597183406,1.0,0.0,0.9351676994760648,3.515000104904175,HKD,3.515000104904175,2025-12-31,2026-04-29T09:30:00+08:00,HKD,GENERAL_NON_FINANCIAL,True,,0.0127971527901268,1.0,0.1368596153385466,0.0262993424698438,,0.8825652652265052,1.091083591890212,0.45161,0.0850436409267056,,GENERAL_NON_FINANCIAL,DEFAULT_GENERAL_NON_FINANCIAL,False,0.0,0.0,0.0,3.515000104904175,0.128480792751587,7.783264553274229,0.4672897196261682,0.5534591194968553,0.3633440514469453,0.2397868561278863,0.2415630550621669,0.3214285714285714,0.1784037558685446,0.2484076433121019,0.4518633540372671,0.594679186228482,0.7453416149068323,0.4945054945054945,0.6384976525821596,0.1614906832298136,0.5117370892018779,0.6785714285714286,,0.4595103578154426,0.9890510948905108,0.5985401459854015,0.3248175182481752,,0.0301318267419962,0.2584905660377358,0.5991471215351812,,0.9177777777777778,0.1777950310559006,2026-08-06,ELIGIBLE_CORE,PASS_CORE,VALID,A,NONE,both,LOW_20D_TURNOVER,False,2026-08-07,FRESH_OFFICIAL,2026-08-06,1,CURRENT,False
00272,UNKNOWN_BLOCKED,SELL_ONLY,SELL_ONLY,False,True,2026-08-07,00272,HKEX:00272,,,,,,,,,,,,,,,,,,,,,,,,,,,,,,,,,,,,,,,,,,,,,,,,,,,,,,,,,,,,,,,,,,,,,,,,,,,,,,,,,,,,,,,,,,,,,,,,,,,,,,,,,,,,NONE,left_only,MISSING_FMDL5E_COVERAGE|NOT_SOUTHBOUND_BUY_ELIGIBLE|FMDL5E_NOT_INVESTABLE|NON_COMMON_EQUITY|LOW_20D_TURNOVER|LOW_ACTIVE_TRADE_RATIO|EXCESS_ZERO_VOLUME_DAYS|MISSING_VALID_PRICE|FINANCIAL_EVIDENCE_INCOMPLETE,False,2026-08-07,FRESH_OFFICIAL,2026-08-06,1,CURRENT,False
00308,BUY_ELIGIBLE,BUY_ELIGIBLE,BUY_ELIGIBLE_BOTH,True,False,2026-08-07,00308,HKEX:00308,HKEX-ISSUER:74975e2573f21a4c,CHINA TRAVEL HK,China Travel International Investment Hong Kong Ltd.,CONFIRMED,HKEX_DI_STOCK_CODE_CONFIRMED,523.0,523,China Travel International Investment Hong Kong Ltd.,Equity,Equity Securities (Main Board),COMMON_EQUITY,2000.0,HK0308001558,HKD,,False,False,False,False,False,False,False,False,FMDL5B1_20260720_d31e787a3ccd,f2025b4cb11bbd9b503899215e23b5cd35859f5544f930c6c8b9db9bb86d0756,8dfd2a3adcaf52ea8cd457ea6e1562f431dbeae067c1124487b174526aa51178,2026-08-06,880.0,1.0,0.1190476244539362,0.03929088842448,-0.1476319203030145,-0.1762211180313179,-0.2638571728610183,-0.2073911637983025,0.3833333333333333,0.5,0.2055112125104776,0.3399804145466123,0.1151850874054771,-0.2705673439932959,-0.0526316122445161,9826083.732455917,1.0,0.0,0.2370249536534229,1.1749999523162842,HKD,1.1749999523162842,2025-12-31,2026-04-30T09:30:00+08:00,HKD,GENERAL_NON_FINANCIAL,True,,-0.0153922978702946,0.2973394572156156,0.075757408501756,-0.0691941786322037,,0.2760035947921243,1.1825679638752675,-0.045973898,-0.0462465530324376,,GENERAL_NON_FINANCIAL,DEFAULT_GENERAL_NON_FINANCIAL,False,0.346,2.0,0.2944680970564537,1.1749999523162842,,,0.8411214953271028,0.8726415094339622,0.5080385852090032,0.4120781527531083,0.3570159857904085,0.6909937888198758,0.2472613458528951,0.6632165605095541,0.8990683229813664,0.6400625978090767,0.9394409937888198,0.6687598116169545,0.7730829420970265,0.1257763975155279,0.5117370892018779,0.0139751552795031,,0.1487758945386064,0.4543795620437956,0.4124087591240876,0.1478102189781022,,0.7853107344632768,0.3188679245283018,0.2409381663113006,,,0.9968944099378882,2026-08-06,ELIGIBLE_CORE,PASS_CORE,VALID,A,NONE,both,LOW_20D_TURNOVER,False,2026-08-07,FRESH_OFFICIAL,2026-08-06,1,CURRENT,False
00323,BUY_ELIGIBLE,BUY_ELIGIBLE,BUY_ELIGIBLE_BOTH,True,False,2026-08-07,00323,HKEX:00323,HKEX-ISSUER:9f37a3679eef6d58,MAANSHAN IRON,Maanshan Iron & Steel Co. Ltd.  - H Shares,CONFIRMED,HKEX_DI_STOCK_CODE_CONFIRMED,564.0,564|564|564,Maanshan Iron & Steel Co. Ltd.  - A Shares|Maanshan Iron & Steel Co. Ltd.  - Domestic Shares|Maanshan Iron & Steel Co. Ltd.  - H Shares,Equity,Equity Securities (Main Board),COMMON_EQUITY,2000.0,CNE1000003R8,HKD,,False,False,False,False,True,True,False,False,FMDL5B1_20260720_d31e787a3ccd,f2025b4cb11bbd9b503899215e23b5cd35859f5544f930c6c8b9db9bb86d0756,cedb990347ab9710c792f989a881c6ebad8f4f738729afccda4028f7da951330,2026-08-06,880.0,1.0,0.0718750048894434,-0.3552631661502275,-0.3624535327517102,-0.2670939759468249,-0.3162392809702944,-0.4321191906589179,0.3333333333333333,0.5833333333333334,0.2917447981694649,0.3451770219056186,0.2375929585141556,-0.4701986642559548,-0.0800000104037198,8792128.603976065,1.0,0.0,0.6201499307421744,1.715000033378601,HKD,1.715000033378601,2026-03-31,2026-07-15T09:30:00+08:00,HKD,GENERAL_NON_FINANCIAL,True,,0.0005197043719355,0.0310253638836874,0.0098600423884108,0.002391112837448,,0.5543146736897543,0.5876957024663986,0.01,-0.0878547407366574,,GENERAL_NON_FINANCIAL,DEFAULT_GENERAL_NON_FINANCIAL,False,0.0,0.0,0.0,1.715000033378601,0.005830903676602,171.5000033378601,0.6853582554517134,0.0974842767295597,0.1768488745980707,0.2984014209591474,0.280639431616341,0.343167701863354,0.0821596244131455,0.8343949044585988,0.6770186335403726,0.6322378716744914,0.5046583850931677,0.260596546310832,0.4741784037558685,0.1118012422360248,0.5117370892018779,0.1661490683229813,,0.2128060263653484,0.0310218978102189,0.187956204379562,0.2062043795620438,,0.3709981167608286,0.0547169811320754,0.1812366737739872,,0.0822222222222222,0.1777950310559006,2026-08-06,ELIGIBLE_CORE,PASS_CORE,VALID,A,NONE,both,LOW_20D_TURNOVER,False,2026-08-07,FRESH_OFFICIAL,2026-08-06,1,CURRENT,False
00327,UNKNOWN_BLOCKED,SELL_ONLY,SELL_ONLY,False,True,2026-08-07,00327,HKEX:00327,,,,,,,,,,,,,,,,,,,,,,,,,,,,,,,,,,,,,,,,,,,,,,,,,,,,,,,,,,,,,,,,,,,,,,,,,,,,,,,,,,,,,,,,,,,,,,,,,,,,,,,,,,,,NONE,left_only,MISSING_FMDL5E_COVERAGE|NOT_SOUTHBOUND_BUY_ELIGIBLE|FMDL5E_NOT_INVESTABLE|NON_COMMON_EQUITY|LOW_20D_TURNOVER|LOW_ACTIVE_TRADE_RATIO|EXCESS_ZERO_VOLUME_DAYS|MISSING_VALID_PRICE|FINANCIAL_EVIDENCE_INCOMPLETE,False,2026-08-07,FRESH_OFFICIAL,2026-08-06,1,CURRENT,False
00336,BUY_ELIGIBLE,BUY_ELIGIBLE,BUY_ELIGIBLE_BOTH,True,False,2026-08-07,00336,HKEX:00336,HKEX-ISSUER:1b1f2ef4f019c0a7,HUABAO INTL,Huabao International Holdings Ltd.,CONFIRMED,HKEX_DI_STOCK_CODE_CONFIRMED,596.0,596,Huabao International Holdings Ltd.,Equity,Equity Securities (Main Board),COMMON_EQUITY,1000.0,BMG4639H1227,HKD,,False,False,False,False,False,False,False,False,FMDL5B1_20260720_d31e787a3ccd,f2025b4cb11bbd9b503899215e23b5cd35859f5544f930c6c8b9db9bb86d0756,c7b06d61336912a7e41eb4a794f4b290f0899606ae762e0cf51592b228290e04,2026-08-06,880.0,1.0,0.0448504953126194,-0.2395399520540301,-0.3071731040165315,-0.1257126942693363,-0.1632417176879675,-0.3737387500645674,0.4166666666666667,0.3333333333333333,0.436583053012429,0.4141628054191842,0.203239807952308,-0.3898113832542398,-0.0610329228220809,15322692.03090608,1.0,0.0,1.1893622509725366,3.1449999809265137,HKD,3.1449999809265137,2025-12-31,2026-04-13T09:30:00+08:00,HKD,GENERAL_NON_FINANCIAL,True,,-0.0270184251312221,0.4084037013707239,-0.1035623325695083,-0.1115757514015017,,0.0940899666309736,6.77579356830084,-0.1204,0.0330214199003042,,GENERAL_NON_FINANCIAL,DEFAULT_GENERAL_NON_FINANCIAL,False,0.099,2.0,0.0314785375517982,3.1449999809265137,,,0.5124610591900312,0.240566037735849,0.2443729903536977,0.4706927175843694,0.4653641207815275,0.4363354037267081,0.4405320813771518,0.2484076433121019,0.4316770186335403,0.5101721439749609,0.6180124223602484,0.423861852433281,0.6697965571205008,0.201863354037267,0.5117370892018779,0.906832298136646,,0.1242937853107344,0.6368613138686131,0.1076642335766423,0.1222627737226277,,0.9717514124293786,0.9547169811320756,0.4605543710021322,,,0.5838509316770186,2026-08-06,ELIGIBLE_CORE,PASS_CORE,VALID,A,NONE,both,LOW_20D_TURNOVER,False,2026-08-07,FRESH_OFFICIAL,2026-08-06,1,CURRENT,False
00338,BUY_ELIGIBLE,BUY_ELIGIBLE,BUY_ELIGIBLE_BOTH,True,False,2026-08-07,00338,HKEX:00338,HKEX-ISSUER:d73cb3103f2e0f0d,SHANGHAI PECHEM,Sinopec Shanghai Petrochemical Co. Ltd.  - H Shares,CONFIRMED,HKEX_DI_STOCK_CODE_CONFIRMED,602.0,602|602,Sinopec Shanghai Petrochemical Co. Ltd.  - A Shares|Sinopec Shanghai Petrochemical Co. Ltd.  - H Shares,Equity,Equity Securities (Main Board),COMMON_EQUITY,2000.0,CNE1000004C8,HKD,,False,False,False,False,True,True,False,False,FMDL5B1_20260720_d31e787a3ccd,f2025b4cb11bbd9b503899215e23b5cd35859f5544f930c6c8b9db9bb86d0756,02d4445691ef80df9cc51571a36578720e63fa1792cbec16069e8306cae74566,2026-08-06,880.0,1.0,0.0412843630336159,-0.1466165760601402,-0.2861635429959783,-0.1950354487008173,-0.2269503126369374,-0.3284023952460747,0.3166666666666666,0.6666666666666666,0.3013476393865391,0.4486154539262459,0.2111771314238809,-0.3609467418056665,-0.0687022275576217,19320529.549594976,1.0,0.0,0.622332099696202,1.1349999904632568,HKD,1.1349999904632568,2026-03-31,2026-07-15T09:30:00+08:00,HKD,GENERAL_NON_FINANCIAL,True,,0.0098230692440364,0.2086871035619997,0.031781285238776,0.0235069176994315,,0.4172092840356214,1.022062449583328,0.039,-0.0952321503720804,,GENERAL_NON_FINANCIAL,DEFAULT_GENERAL_NON_FINANCIAL,False,0.0,0.0,0.0,1.1349999904632568,0.0343612337688936,29.102563858032227,0.484423676012461,0.4481132075471698,0.2813504823151125,0.3907637655417407,0.3943161634103019,0.4922360248447205,0.0500782472613458,0.9363057324840764,0.65527950310559,0.4647887323943662,0.5900621118012422,0.478806907378336,0.5774647887323944,0.2624223602484472,0.5117370892018779,0.1723602484472049,,0.4048964218455744,0.3248175182481752,0.2317518248175182,0.3047445255474452,,0.5706214689265536,0.2018867924528302,0.1641791044776119,,0.4733333333333333,0.1777950310559006,2026-08-06,ELIGIBLE_CORE,PASS_CORE,VALID,A,NONE,both,LOW_20D_TURNOVER,False,2026-08-07,FRESH_OFFICIAL,2026-08-06,1,CURRENT,False
00345,BUY_ELIGIBLE,BUY_ELIGIBLE,BUY_ELIGIBLE_BOTH,True,False,2026-08-07,00345,HKEX:00345,HKEX-ISSUER:9b5cdcfce06f509d,VITASOY INT'L,Vitasoy International Holdings Ltd.,CONFIRMED,HKEX_DI_STOCK_CODE_CONFIRMED,619.0,619,Vitasoy International Holdings Ltd.,Equity,Equity Securities (Main Board),COMMON_EQUITY,2000.0,HK0345001611,HKD,,False,False,False,False,False,False,False,False,FMDL5B1_20260720_d31e787a3ccd,f2025b4cb11bbd9b503899215e23b5cd35859f5544f930c6c8b9db9bb86d0756,36e044752a67216390b033b9e0844f896d74927fedaca537395e0447f51c10db,2026-08-06,880.0,1.0,-0.0061823745208873,0.0255183170492556,-0.1006993367028491,-0.2919119608481501,-0.2875070626660645,-0.3371090401057111,0.4666666666666667,0.25,0.2107960297722186,0.3130923468789996,0.1727199369823858,-0.2058010798649576,-0.0465116520840902,5344675.606225967,1.0,0.0,0.4416040445012649,6.429999828338623,HKD,6.429999828338623,2026-03-31,2026-07-17T09:30:00+08:00,HKD,GENERAL_NON_FINANCIAL,True,,,0.5103469553245215,0.0709330152421444,0.0452755291689455,,,,0.23221585,-0.0756126149091139,0.1188409561608063,GENERAL_NON_FINANCIAL,DEFAULT_GENERAL_NON_FINANCIAL,False,0.142,2.0,0.0220839819270554,6.429999828338623,0.0361144410885621,27.68975428825648,0.249221183800623,0.8522012578616353,0.6061093247588425,0.2770870337477797,0.3232682060390763,0.4829192546583851,0.7480438184663537,0.1035031847133758,0.8881987577639752,0.7120500782472613,0.7204968944099379,0.8288854003139717,0.8450704225352113,0.077639751552795,0.5117370892018779,0.0605590062111801,,,0.7372262773722628,0.3978102189781022,0.4087591240875912,,,,0.1918976545842217,0.5912806539509536,0.4977777777777777,0.5124223602484472,2026-08-06,ELIGIBLE_CORE,PASS_CORE,VALID,A,NONE,both,LOW_20D_TURNOVER,False,2026-08-07,FRESH_OFFICIAL,2026-08-06,1,CURRENT,False
00347,BUY_ELIGIBLE,BUY_ELIGIBLE,BUY_ELIGIBLE_BOTH,True,False,2026-08-07,00347,HKEX:00347,HKEX-ISSUER:188f366dc053df25,ANGANG STEEL,Angang Steel Co. Ltd.  - H Shares,CONFIRMED,HKEX_DI_STOCK_CODE_CONFIRMED,625.0,625|625,Angang Steel Co. Ltd.  - A Shares|Angang Steel Co. Ltd.  - H Shares,Equity,Equity Securities (Main Board),COMMON_EQUITY,2000.0,CNE1000001V4,HKD,,False,False,False,False,True,True,False,False,FMDL5B1_20260720_d31e787a3ccd,f2025b4cb11bbd9b503899215e23b5cd35859f5544f930c6c8b9db9bb86d0756,84a49fa77287f5645d99f4ac8ff9595f5a0cbbc0240662638d81de96177e95dd,2026-08-06,880.0,1.0,0.0636363015687182,-0.2147651344992801,-0.4179104663503014,-0.5204918321118941,-0.5491803286697748,-0.5104602904895831,0.3,0.3333333333333333,0.2586967132569804,0.3018342123306197,0.1561832579137317,-0.4976744209256539,-0.0755813913193182,6619114.14725104,1.0,0.0,0.7681201974940116,1.1699999570846558,HKD,1.1699999570846558,2026-03-31,2026-04-30T09:30:00+08:00,HKD,GENERAL_NON_FINANCIAL,True,,-0.0154124441999703,-0.031697016484265,-0.0585804459379683,-0.0661641160710231,,0.5389489495842765,0.5634464502897479,-0.156,-0.1219346863910044,,GENERAL_NON_FINANCIAL,DEFAULT_GENERAL_NON_FINANCIAL,False,0.0,0.0,0.0,1.1699999570846558,,,0.6526479750778816,0.2845911949685534,0.112540192926045,0.0870337477797513,0.0746003552397868,0.217391304347826,0.0273865414710485,0.2484076433121019,0.7717391304347826,0.7355242566510172,0.7919254658385093,0.2197802197802197,0.5054773082942097,0.0947204968944099,0.5117370892018779,0.3881987577639751,,0.1468926553672316,0.010948905109489,0.1313868613138686,0.1496350364963503,,0.4011299435028249,0.0528301886792452,0.0959488272921108,,,0.1777950310559006,2026-08-06,ELIGIBLE_CORE,PASS_CORE,VALID,A,NONE,both,LOW_20D_TURNOVER,False,2026-08-07,FRESH_OFFICIAL,2026-08-06,1,CURRENT,False
00363,BUY_ELIGIBLE,BUY_ELIGIBLE,BUY_ELIGIBLE_BOTH,True,False,2026-08-07,00363,HKEX:00363,HKEX-ISSUER:0a1b3aac06399a29,SHANGHAI IND H,Shanghai Industrial Holdings Ltd.,CONFIRMED,HKEX_DI_STOCK_CODE_CONFIRMED,682.0,682,Shanghai Industrial Holdings Ltd.,Equity,Equity Securities (Main Board),COMMON_EQUITY,1000.0,HK0363006039,HKD,,False,False,False,False,False,False,False,False,FMDL5B1_20260720_d31e787a3ccd,f2025b4cb11bbd9b503899215e23b5cd35859f5544f930c6c8b9db9bb86d0756,a47dc1cf0e8067844707516c29d40dea4c038d55f2fa256dbe5a68822ddc6a24,2026-08-06,880.0,1.0,0.0559936925125437,-0.1171785468930358,-0.0734745053321415,-0.0333354722306638,-0.0845925173384938,-0.1259737948381379,0.4333333333333333,0.4166666666666667,0.1648287486441134,0.2086213231361569,0.1326194010444551,-0.1903624398470678,-0.0391335012715323,9542363.989742467,1.0,0.0,0.6667082014821574,13.390000343322754,HKD,13.390000343322754,2025-12-31,2026-05-22T09:30:00+08:00,HKD,GENERAL_NON_FINANCIAL,True,,0.0122441687291003,0.2977156629134109,0.3128211420446924,0.0969621315090204,,0.5045657336632822,2.014012534652223,1.67818276,-0.2973793147398333,-0.298313120080897,GENERAL_NON_FINANCIAL,DEFAULT_GENERAL_NON_FINANCIAL,False,1.12,2.0,0.0836445086843119,13.390000343322754,0.1253310468238237,7.978868966168354,0.5903426791277259,0.5204402515723271,0.6720257234726688,0.6145648312611013,0.605683836589698,0.8338509316770186,0.5461658841940532,0.447452229299363,0.970496894409938,0.943661971830986,0.8726708074534162,0.8681318681318682,0.917057902973396,0.1211180124223602,0.5117370892018779,0.2251552795031056,,0.4576271186440678,0.4562043795620438,0.8722627737226277,0.6186131386861314,,0.4369114877589454,0.6415094339622641,0.0277185501066098,0.1307901907356948,0.9133333333333332,0.9720496894409938,2026-08-06,ELIGIBLE_CORE,PASS_CORE,VALID,A,NONE,both,LOW_20D_TURNOVER,False,2026-08-07,FRESH_OFFICIAL,2026-08-06,1,CURRENT,False
00470,BUY_ELIGIBLE,BUY_ELIGIBLE,BUY_ELIGIBLE_BOTH,True,False,2026-08-07,00470,HKEX:00470,HKEX-ISSUER:048d41cc813b72af,WUXI LEAD,"Wuxi Lead Intelligent Equipment Co., Ltd.  - H Shares",CONFIRMED,HKEX_DI_STOCK_CODE_CONFIRMED,533848.0,533848|533848,"Wuxi Lead Intelligent Equipment Co., Ltd.  - A Shares|Wuxi Lead Intelligent Equipment Co., Ltd.  - H Shares",Equity,Equity Securities (Main Board),COMMON_EQUITY,100.0,CNE100007F98,HKD,,False,False,False,False,True,True,False,False,FMDL5B1_20260720_d31e787a3ccd,f2025b4cb11bbd9b503899215e23b5cd35859f5544f930c6c8b9db9bb86d0756,1d4ddfb15f28757c59048cd9a2f147a2ca99af2e4d6cbbe2fddf0af02fa8759a,2026-08-06,117.0,0.468,0.0597315681952039,-0.4618308499846971,,,,-0.4650019086977486,0.4,0.3333333333333333,0.5864498342288247,0.6822005735127025,0.395935653065413,-0.5520788519973082,-0.0999152685831196,39948767.56392498,1.0,0.0,0.734467921429762,31.57999992370605,HKD,31.57999992370605,2026-03-31,2026-04-29T09:30:00+08:00,HKD,GENERAL_NON_FINANCIAL,True,,0.0087204432846796,0.3361207771989107,0.1392876297260155,0.1098437300247901,,0.6163547846118617,1.5409019575428768,0.26,,,GENERAL_NON_FINANCIAL,DEFAULT_GENERAL_NON_FINANCIAL,False,0.328572,1.0,0.0104044332106964,31.57999992370605,0.0082330589179269,121.4615381681002,0.6214953271028038,0.0455974842767295,,,,0.2857142857142857,0.3356807511737089,0.2484076433121019,0.2562111801242236,0.1940532081377151,0.1770186335403726,0.1507064364207221,0.323943661971831,0.4114906832298137,0.5117370892018779,0.3338509316770186,,0.3860640301318267,0.5182481751824818,0.6094890510948905,0.6605839416058394,,0.2749529190207156,0.4811320754716981,,,0.1222222222222222,0.4114906832298137,2026-08-06,REVIEW_ONLY,WATCH_GATE_FAIL,VALID_WITH_CONTROLLED_NULLS,B,NONE,both,FMDL5E_NOT_INVESTABLE,False,2026-08-07,FRESH_OFFICIAL,2026-08-06,1,CURRENT,False
00489,SELL_ONLY,SELL_ONLY,SELL_ONLY,False,True,2026-08-07,00489,HKEX:00489,,,,,,,,,,,,,,,,,,,,,,,,,,,,,,,,,,,,,,,,,,,,,,,,,,,,,,,,,,,,,,,,,,,,,,,,,,,,,,,,,,,,,,,,,,,,,,,,,,,,,,,,,,,,NONE,left_only,MISSING_FMDL5E_COVERAGE|NOT_SOUTHBOUND_BUY_ELIGIBLE|FMDL5E_NOT_INVESTABLE|NON_COMMON_EQUITY|LOW_20D_TURNOVER|LOW_ACTIVE_TRADE_RATIO|EXCESS_ZERO_VOLUME_DAYS|MISSING_VALID_PRICE|FINANCIAL_EVIDENCE_INCOMPLETE,False,2026-08-07,FRESH_OFFICIAL,2026-08-06,1,CURRENT,False
00501,BUY_ELIGIBLE,BUY_ELIGIBLE,BUY_ELIGIBLE_BOTH,True,False,2026-08-07,00501,HKEX:00501,HKEX-ISSUER:500fee9eaf401923,OMNIVISION,"OmniVision Integrated Circuits Group, Inc.  - H Shares",CONFIRMED,HKEX_DI_STOCK_CODE_CONFIRMED,529217.0,529217|529217,"OmniVision Integrated Circuits Group, Inc.  - A Shares|OmniVision Integrated Circuits Group, Inc.  - H Shares",Equity,Equity Securities (Main Board),COMMON_EQUITY,100.0,CNE100007DG1,HKD,,False,False,False,False,True,True,False,False,FMDL5B1_20260720_d31e787a3ccd,f2025b4cb11bbd9b503899215e23b5cd35859f5544f930c6c8b9db9bb86d0756,a66e7e34fecd000a1c80c53fcfb63a0d2823d8cf5321e5bfefba23650685a4c9,2026-08-06,139.0,0.556,-0.0560975609756096,-0.1466372657111355,-0.2628571428571428,,,-0.3645320197044334,0.45,0.4285714285714285,0.4888671582458426,0.5226075162853481,0.279688961634968,-0.3801801801801802,-0.0845147219193021,83972943.4,1.0,0.0,0.951151624035234,77.4,HKD,77.4,2026-03-31,2026-04-30T09:30:00+08:00,HKD,GENERAL_NON_FINANCIAL,True,,0.0101881621407564,0.293806351174592,0.100349090817028,0.0784138933684522,,0.3313219528939718,2.271616447289216,0.41,,,GENERAL_NON_FINANCIAL,DEFAULT_GENERAL_NON_FINANCIAL,False,0.0,0.0,0.0,77.4,0.005297157622739,188.78048780487805,0.1542056074766355,0.4465408805031446,0.297427652733119,,,0.4503105590062112,0.6549295774647887,0.5517515923566879,0.3633540372670807,0.3599374021909233,0.391304347826087,0.4427001569858713,0.4303599374021909,0.5885093167701864,0.5117370892018779,0.6956521739130435,,0.4143126177024482,0.4507299270072992,0.4963503649635036,0.541970802919708,,0.7212806026365348,0.6962264150943396,,,0.0733333333333333,0.1777950310559006,2026-08-06,REVIEW_ONLY,WATCH_GATE_FAIL,VALID_WITH_CONTROLLED_NULLS,B,NONE,both,FMDL5E_NOT_INVESTABLE,False,2026-08-07,FRESH_OFFICIAL,2026-08-06,1,CURRENT,False
00506,BUY_ELIGIBLE,BUY_ELIGIBLE,BUY_ELIGIBLE_BOTH,True,False,2026-08-07,00506,HKEX:00506,HKEX-ISSUER:d3e7917abaef0ff9,CHINA FOODS,China Foods Ltd.,CONFIRMED,HKEX_DI_STOCK_CODE_CONFIRMED,1021.0,1021,China Foods Ltd.,Equity,Equity Securities (Main Board),COMMON_EQUITY,2000.0,BMG2154F1095,HKD,,False,False,False,False,False,False,False,False,FMDL5B1_20260720_d31e787a3ccd,f2025b4cb11bbd9b503899215e23b5cd35859f5544f930c6c8b9db9bb86d0756,e95fe62834c85dcc815eff90effb01dca4626b56694ca55c929a3be15b64c0e6,2026-08-06,880.0,1.0,0.0589171772607908,-0.0579934673152654,-0.1715687019953309,0.055501293940839,-0.0032258267155397,-0.2963324884583593,0.3166666666666666,0.25,0.3245083530051557,0.2842434355343663,0.1134310752873798,-0.2530746615339414,-0.0448111709213933,10077046.770256665,1.0,0.0,0.859132185866117,3.325000047683716,HKD,3.325000047683716,2025-12-31,2026-04-29T09:30:00+08:00,HKD,GENERAL_NON_FINANCIAL,True,,0.0468833949276375,0.3707622535801957,0.0896651778088443,0.0390558075649829,,0.4255648978932039,1.0860352302575482,0.3082,0.0269102962053779,0.0016652431336319,GENERAL_NON_FINANCIAL,DEFAULT_GENERAL_NON_FINANCIAL,False,0.177,1.0,0.053233081943353,3.325000047683716,0.0926917279940192,10.788449213769358,0.6105919003115264,0.6635220125786163,0.4646302250803859,0.7300177619893428,0.7193605683836589,0.5403726708074534,0.0500782472613458,0.1035031847133758,0.5978260869565217,0.7762128325508607,0.9440993788819876,0.717425431711146,0.86697965571205,0.1319875776397515,0.5117370892018779,0.5341614906832298,,0.7457627118644068,0.5894160583941606,0.4489051094890511,0.3868613138686131,,0.5499058380414312,0.2509433962264151,0.4328358208955223,0.44141689373297,0.8222222222222222,0.7795031055900621,2026-08-06,ELIGIBLE_CORE,PASS_CORE,VALID,A,NONE,both,LOW_20D_TURNOVER,False,2026-08-07,FRESH_OFFICIAL,2026-08-06,1,CURRENT,False
00525,BUY_ELIGIBLE,BUY_ELIGIBLE,BUY_ELIGIBLE_BOTH,True,False,2026-08-07,00525,HKEX:00525,HKEX-ISSUER:e001707894f35bc9,GUANGSHEN RAIL,Guangshen Railway Co. Ltd.  - H Shares,CONFIRMED,HKEX_DI_STOCK_CODE_CONFIRMED,1056.0,1056|1056,Guangshen Railway Co. Ltd.  - A Shares|Guangshen Railway Co. Ltd.  - H Shares,Equity,Equity Securities (Main Board),COMMON_EQUITY,2000.0,CNE100000379,HKD,,False,False,False,False,True,True,False,False,FMDL5B1_20260720_d31e787a3ccd,f2025b4cb11bbd9b503899215e23b5cd35859f5544f930c6c8b9db9bb86d0756,7119b2b7df03f818c70f93d9e432ce2e352465b9fcb830096ac05ef6428d96f9,2026-08-06,880.0,1.0,0.0368663229923398,-0.0400234369278094,0.09330657331244,0.1633214379861729,0.1219589374152789,-0.0917144549136982,0.4333333333333333,0.4166666666666667,0.1784226369399661,0.2330145704025376,0.1395286630291146,-0.1366404575965606,-0.0382978147936047,8153820.789685989,1.0,0.0,0.6827859148423606,2.25,HKD,2.25,2026-03-31,2026-04-30T09:30:00+08:00,HKD,GENERAL_NON_FINANCIAL,True,,0.0156800168915272,0.1170154587906555,0.1106588427779631,0.0784232874754332,,0.2183327300028943,1.8972881683714609,0.082,0.0718164805119856,0.2380134377859768,GENERAL_NON_FINANCIAL,DEFAULT_GENERAL_NON_FINANCIAL,False,0.10344,1.0,0.0459733333333333,2.25,0.0364444444444444,27.4390243902439,0.4485981308411215,0.7154088050314465,0.8665594855305466,0.8117229129662522,0.8241563055062167,0.889751552795031,0.5461658841940532,0.447452229299363,0.9580745341614908,0.8982785602503912,0.8462732919254659,0.9591836734693876,0.9264475743348984,0.1040372670807453,0.5117370892018779,0.2515527950310559,,0.5028248587570622,0.1313868613138686,0.5218978102189781,0.5437956204379562,,0.8606403013182674,0.6150943396226415,0.5628997867803838,0.7002724795640327,0.5022222222222222,0.6940993788819876,2026-08-06,ELIGIBLE_CORE,PASS_CORE,VALID,A,NONE,both,LOW_20D_TURNOVER,False,2026-08-07,FRESH_OFFICIAL,2026-08-06,1,CURRENT,False
00537,BUY_ELIGIBLE,BUY_ELIGIBLE,BUY_ELIGIBLE_BOTH,True,False,2026-08-07,00537,HKEX:00537,HKEX-ISSUER:1989d7fac3f0702f,RIGOL,"RIGOL Technologies Co., Ltd.  - H Shares",CONFIRMED,HKEX_DI_STOCK_CODE_CONFIRMED,551345.0,551345,"RIGOL Technologies Co., Ltd.  - H Shares",Equity,Equity Securities (Main Board),COMMON_EQUITY,100.0,CNE100007RQ0,HKD,,False,False,False,False,True,False,False,False,FMDL5B1_20260720_d31e787a3ccd,f2025b4cb11bbd9b503899215e23b5cd35859f5544f930c6c8b9db9bb86d0756,212b057f1cf2d6977fb76328e2f0cc44a78eb7148307b6202975d2208a6f27bf,2026-08-06,21.0,0.084,-0.1243055561994329,,,,,-0.1243055561994329,,,0.8699607847102093,,0.4756500820528393,,,30075700.84289408,,0.0,0.7494485373845451,25.21999931335449,HKD,25.21999931335449,2026-03-31,2026-07-09T09:30:00+08:00,HKD,GENERAL_NON_FINANCIAL,True,,0.0065193527620371,0.5551424228291099,0.1198415988668359,0.0999723618524468,,0.1045861886596492,7.495019342208055,0.12,,,GENERAL_NON_FINANCIAL,DEFAULT_GENERAL_NON_FINANCIAL,False,0.0,0.0,0.0,25.21999931335449,0.0047581285990145,210.1666609446208,0.0856697819314641,,,,,0.8369565217391305,,,0.1024844720496894,,0.1211180124223602,,,0.3447204968944099,,0.3695652173913043,,0.3408662900188324,0.7718978102189781,0.5383211678832117,0.6277372262773723,,0.9661016949152542,0.9641509433962264,,,0.0644444444444444,0.1777950310559006,2026-08-06,REVIEW_ONLY,WATCH_GATE_FAIL,PARTIAL_MARKET,C,NONE,both,FMDL5E_NOT_INVESTABLE|LOW_ACTIVE_TRADE_RATIO,False,2026-08-07,FRESH_OFFICIAL,2026-08-06,1,CURRENT,False
00546,BUY_ELIGIBLE,BUY_ELIGIBLE,BUY_ELIGIBLE_BOTH,True,False,2026-08-07,00546,HKEX:00546,HKEX-ISSUER:8bcf5299e95e685d,FUFENG GROUP,Fufeng Group Ltd.,CONFIRMED,HKEX_DI_STOCK_CODE_CONFIRMED,12468.0,12468,Fufeng Group Ltd.,Equity,Equity Securities (Main Board),COMMON_EQUITY,1000.0,KYG368441195,HKD,,False,False,False,False,False,False,False,False,FMDL5B1_20260720_d31e787a3ccd,f2025b4cb11bbd9b503899215e23b5cd35859f5544f930c6c8b9db9bb86d0756,b0a81f564507c0c6a9651557cf6b8968818434a5cfe80fcec3f2bfdd5b9a9289,2026-08-06,880.0,1.0,0.0746887227917172,-0.1829325308508725,-0.4026637303662402,-0.3644065337265267,-0.408579011955766,-0.4622150158351626,0.3666666666666666,0.1666666666666666,0.2675933622121733,0.4706521701722742,0.4405961654703778,-0.5065732909738869,-0.1639042163207401,16215485.862633444,1.0,0.0,0.6372574429119994,5.179999828338623,HKD,5.179999828338623,2025-12-31,2026-04-24T09:30:00+08:00,HKD,GENERAL_NON_FINANCIAL,True,,0.0563935391654308,0.1966317605882006,0.0977739169934396,0.0884253683947964,,0.5548386397223966,1.2389595615824858,0.9833,0.0043910595082881,0.0660980183222164,GENERAL_NON_FINANCIAL,DEFAULT_GENERAL_NON_FINANCIAL,False,0.487,2.0,0.0940154471310465,5.179999828338623,0.189826261116957,5.267975011022702,0.7040498442367601,0.3474842767295597,0.1302250803858521,0.2007104795737122,0.1740674955595026,0.2888198757763975,0.1784037558685446,0.0310509554140127,0.7453416149068323,0.433489827856025,0.1413043478260869,0.2103610675039246,0.1173708920187793,0.2127329192546584,0.5117370892018779,0.201863354037267,,0.775894538606403,0.3029197080291971,0.47992700729927,0.5784671532846716,,0.3691148775894539,0.3584905660377358,0.3603411513859275,0.5258855585831063,0.9755555555555556,0.9798136645962732,2026-08-06,ELIGIBLE_CORE,PASS_CORE,VALID,A,NONE,both,LOW_20D_TURNOVER,False,2026-08-07,FRESH_OFFICIAL,2026-08-06,1,CURRENT,False
00548,BUY_ELIGIBLE,BUY_ELIGIBLE,BUY_ELIGIBLE_BOTH,True,False,2026-08-07,00548,HKEX:00548,HKEX-ISSUER:155cbc3951caf2a3,SHENZHENEXPRESS,Shenzhen Expressway Corporation Ltd.  - H Shares,CONFIRMED,HKEX_DI_STOCK_CODE_CONFIRMED,1104.0,1104|1104,Shenzhen Expressway Corporation Ltd.  - A Shares|Shenzhen Expressway Corporation Ltd.  - H Shares,Equity,Equity Securities (Main Board),COMMON_EQUITY,2000.0,CNE100000478,HKD,,False,False,False,False,True,True,False,False,FMDL5B1_20260720_d31e787a3ccd,f2025b4cb11bbd9b503899215e23b5cd35859f5544f930c6c8b9db9bb86d0756,57209e7dc6a0c78a16796c2183c632fcde4cf67f80018d09c0f834af5d3b1c71,2026-08-06,880.0,1.0,0.0401855080854853,-0.0656630071257775,-0.075485164780638,0.024098675113803,-0.0154653500232772,-0.1281836051980243,0.45,0.4166666666666667,0.1542826295111251,0.2120679161691101,0.0993697685974659,-0.2081784313135644,-0.0648379498772274,4347748.221290732,1.0,0.0,0.6912483285683053,6.730000019073486,HKD,6.730000019073486,2026-03-31,2026-05-04T09:30:00+08:00,HKD,GENERAL_NON_FINANCIAL,True,,0.0071759635011102,0.393762873109001,0.4591606487247876,0.289481045662644,,0.5413866671662595,0.8060657114761943,0.192,-0.0070271972260209,0.065440472599733,GENERAL_NON_FINANCIAL,DEFAULT_GENERAL_NON_FINANCIAL,False,0.280561,1.0,0.0416881128090434,6.730000019073486,0.0285289746591163,35.05208343267441,0.4688473520249221,0.6352201257861635,0.6672025723472669,0.6820603907637656,0.69449378330373,0.8291925465838509,0.6549295774647887,0.447452229299363,0.9782608695652174,0.9311424100156496,0.968944099378882,0.8226059654631083,0.6197183098591549,0.0667701863354037,0.5117370892018779,0.2717391304347826,,0.3578154425612053,0.6240875912408759,0.9525547445255474,0.916058394160584,,0.3973634651600753,0.1018867924528302,0.32409381663113,0.5231607629427792,0.4022222222222222,0.6599378881987578,2026-08-06,ELIGIBLE_WATCH,PASS_WATCH,VALID,A,NONE,both,LOW_20D_TURNOVER,False,2026-08-07,FRESH_OFFICIAL,2026-08-06,1,CURRENT,False
00564,BUY_ELIGIBLE,BUY_ELIGIBLE,BUY_ELIGIBLE_BOTH,True,False,2026-08-07,00564,HKEX:00564,HKEX-ISSUER:1d1c984048171adc,ZCZL,ZCZL Industrial Technology Group Co. Ltd.  - H Shares,CONFIRMED,HKEX_DI_STOCK_CODE_CONFIRMED,76991.0,76991|76991,ZCZL Industrial Technology Group Co. Ltd.  - A Shares|ZCZL Industrial Technology Group Co. Ltd.  - H Shares,Equity,Equity Securities (Main Board),COMMON_EQUITY,200.0,CNE100001LY0,HKD,,False,False,False,False,True,True,False,False,FMDL5B1_20260720_d31e787a3ccd,f2025b4cb11bbd9b503899215e23b5cd35859f5544f930c6c8b9db9bb86d0756,fecaa74c3c2e018801c74447291c729d1c50653b1a9756466ed135bf6dbb050d,2026-08-06,880.0,1.0,0.0779026166393661,-0.1015026315971246,-0.2905108694854874,0.0348659568533371,-0.0399262967931245,-0.3789172050080754,0.4166666666666667,0.4166666666666667,0.3007704581735854,0.3501167059910289,0.1669769244325523,-0.4467332990831079,-0.10212552496879,19085227.715087224,1.0,0.0,0.8398338262257052,14.390000343322754,HKD,14.390000343322754,2026-03-31,2026-04-30T09:30:00+08:00,HKD,GENERAL_NON_FINANCIAL,True,,0.0176903855847661,0.1927059655458215,0.1236100850217868,0.0935515174665221,,0.4879704052332642,1.9316705431258048,0.511,-0.0225823234485216,-0.1806198118847288,GENERAL_NON_FINANCIAL,DEFAULT_GENERAL_NON_FINANCIAL,False,1.432304,1.0,0.0995346744841891,14.390000343322754,0.0355107705217751,28.160470339183476,0.7180685358255452,0.5518867924528302,0.270096463022508,0.7069271758436945,0.6607460035523979,0.4270186335403726,0.4405320813771518,0.447452229299363,0.6583850931677019,0.6244131455399061,0.7515527950310559,0.304552590266876,0.3067292644757433,0.2608695652173913,0.5117370892018779,0.5077639751552795,,0.5235404896421846,0.291970802919708,0.5547445255474452,0.5985401459854015,,0.455743879472693,0.6245283018867924,0.2963752665245202,0.2288828337874659,0.4933333333333333,0.9875776397515528,2026-08-06,ELIGIBLE_CORE,PASS_CORE,VALID,A,NONE,both,LOW_20D_TURNOVER,False,2026-08-07,FRESH_OFFICIAL,2026-08-06,1,CURRENT,False
00570,BUY_ELIGIBLE,BUY_ELIGIBLE,BUY_ELIGIBLE_BOTH,True,False,2026-08-07,00570,HKEX:00570,HKEX-ISSUER:962f97021223307f,TRAD CHI MED,China Traditional Chinese Medicine Holdings Co. Ltd.,CONFIRMED,HKEX_DI_STOCK_CODE_CONFIRMED,1171.0,1171,China Traditional Chinese Medicine Holdings Co. Ltd.,Equity,Equity Securities (Main Board),COMMON_EQUITY,2000.0,HK0000056256,HKD,,False,False,False,False,False,False,False,False,FMDL5B1_20260720_d31e787a3ccd,f2025b4cb11bbd9b503899215e23b5cd35859f5544f930c6c8b9db9bb86d0756,d601d55cce0342a15aecbfc60c89766f8c604407111506dfff356867ebfb19f0,2026-08-06,880.0,1.0,0.017730479964511,-0.1558824102771308,-0.3067632903101043,-0.3733624599633772,-0.3842794803016276,-0.4459459496778449,0.3333333333333333,0.1666666666666666,0.3585987925630876,0.2880265681418557,0.155443277078525,-0.3588516323402838,-0.0466667016347249,18652281.476743627,1.0,0.0,0.9743520650538312,1.434999942779541,HKD,1.434999942779541,2025-12-31,2026-04-29T09:30:00+08:00,HKD,GENERAL_NON_FINANCIAL,True,,-0.010574874435925,0.4809246717092199,-0.0182371672033877,-0.023199398241235,,0.2881052154098553,2.2897925089075764,-0.0679,-0.1069024963978769,,GENERAL_NON_FINANCIAL,DEFAULT_GENERAL_NON_FINANCIAL,False,0.0,0.0,0.0,1.434999942779541,,,0.3411214953271028,0.4182389937106918,0.247588424437299,0.191829484902309,0.1989342806394316,0.3136645962732919,0.0821596244131455,0.0310509554140127,0.531055900621118,0.7668231611893583,0.7934782608695652,0.4850863422291994,0.8435054773082942,0.2484472049689441,0.5117370892018779,0.7329192546583851,,0.1638418079096045,0.7062043795620438,0.1551094890510949,0.1715328467153284,,0.7627118644067796,0.7018867924528301,0.1215351812366737,,,0.1777950310559006,2026-08-06,ELIGIBLE_CORE,PASS_CORE,VALID,A,NONE,both,LOW_20D_TURNOVER,False,2026-08-07,FRESH_OFFICIAL,2026-08-06,1,CURRENT,False
00588,BUY_ELIGIBLE,BUY_ELIGIBLE,BUY_ELIGIBLE_BOTH,True,False,2026-08-07,00588,HKEX:00588,HKEX-ISSUER:84702f88c3b2173b,BEIJING N STAR,Beijing North Star Co. Ltd.  - A Shares,CONFIRMED,HKEX_DI_STOCK_CODE_CONFIRMED,1240.0,1240,Beijing North Star Co. Ltd.  - A Shares,Equity,Equity Securities (Main Board),COMMON_EQUITY,2000.0,CNE100000262,HKD,,False,False,False,False,False,True,False,False,FMDL5B1_20260720_d31e787a3ccd,f2025b4cb11bbd9b503899215e23b5cd35859f5544f930c6c8b9db9bb86d0756,47cca1bc4a68537b57e91dba1216f243215eca47be1958d6db5d84a118a60e8b,2026-08-06,880.0,1.0,0.0454545002995132,-0.178571405763528,-0.1481481535989616,-0.250000016196914,-0.2826086801594735,-0.2959183834831397,0.3,0.4166666666666667,0.2566682538330411,0.3896794195262182,0.250839242879031,-0.241379284357864,-0.0714285764969937,1342353.5072028637,1.0,0.0,0.1647570018823917,0.6899999976158142,HKD,0.6899999976158142,2026-03-31,2026-07-15T09:30:00+08:00,HKD,GENERAL_NON_FINANCIAL,True,,-0.0035406476534096,0.3542762949247873,0.0682438193798207,-0.1177236683631358,,0.7888681110114805,2.4518739003333123,-0.04,0.0726202410947951,,GENERAL_NON_FINANCIAL,DEFAULT_GENERAL_NON_FINANCIAL,False,0.0,0.0,0.0,0.6899999976158142,,,0.5202492211838006,0.365566037735849,0.5048231511254019,0.325044404973357,0.3303730017761989,0.5419254658385093,0.0273865414710485,0.447452229299363,0.7779503105590062,0.5461658841940532,0.4518633540372671,0.7441130298273155,0.5461658841940532,0.0217391304347826,0.5117370892018779,0.0062111801242236,,0.1864406779661017,0.5620437956204379,0.3850364963503649,0.1186131386861313,,0.0677966101694915,0.7377358490566037,0.5692963752665245,,,0.1777950310559006,2026-08-06,ELIGIBLE_WATCH,PASS_WATCH,VALID,A,NONE,both,LOW_20D_TURNOVER,False,2026-08-07,FRESH_OFFICIAL,2026-08-06,1,CURRENT,False
00598,BUY_ELIGIBLE,BUY_ELIGIBLE,BUY_ELIGIBLE_BOTH,True,False,2026-08-07,00598,HKEX:00598,HKEX-ISSUER:ccb1acc625a59876,SINOTRANS,Sinotrans Ltd.  - H Shares,CONFIRMED,HKEX_DI_STOCK_CODE_CONFIRMED,1293.0,1293|1293,Sinotrans Ltd.  - A Shares|Sinotrans Ltd.  - H Shares,Equity,Equity Securities (Main Board),COMMON_EQUITY,1000.0,CNE1000004F1,HKD,,False,False,False,False,True,True,False,False,FMDL5B1_20260720_d31e787a3ccd,f2025b4cb11bbd9b503899215e23b5cd35859f5544f930c6c8b9db9bb86d0756,9c8bba3a605f68574e7af98ff1a750cc028dc4700a6f37316a761e40b7b2e6e5,2026-08-06,880.0,1.0,0.1191066982838477,-0.1110875107599588,-0.1227617135303101,0.086763500929387,-0.0289009058779284,-0.1452138276780222,0.4,0.5,0.2779193402862033,0.2727136444211057,0.1637151300035929,-0.2759904755001791,-0.0548445007102615,18910095.299642462,1.0,0.0,0.8080172476837753,4.510000228881836,HKD,4.510000228881836,2026-03-31,2026-04-29T09:30:00+08:00,HKD,GENERAL_NON_FINANCIAL,True,,0.0085197635621851,0.0615914612981215,0.0484206514170223,0.0316225217503046,,0.4428979610159212,1.6001757285995832,0.095,-0.0934872284441251,0.0565126615331146,GENERAL_NON_FINANCIAL,DEFAULT_GENERAL_NON_FINANCIAL,False,0.33462,2.0,0.0741951181858281,4.510000228881836,0.0210643004830962,47.4736866198088,0.8426791277258567,0.539308176100629,0.5627009646302251,0.7495559502664298,0.6838365896980462,0.8105590062111802,0.3356807511737089,0.6632165605095541,0.718944099378882,0.7965571205007824,0.7717391304347826,0.6499215070643642,0.7355242566510172,0.2546583850931677,0.5117370892018779,0.4658385093167702,,0.3804143126177024,0.0492700729927007,0.2974452554744525,0.3594890510948905,,0.519774011299435,0.5113207547169811,0.1663113006396588,0.5040871934604905,0.2911111111111111,0.9440993788819876,2026-08-06,ELIGIBLE_CORE,PASS_CORE,VALID,A,NONE,both,LOW_20D_TURNOVER,False,2026-08-07,FRESH_OFFICIAL,2026-08-06,1,CURRENT,False
00604,BUY_ELIGIBLE,BUY_ELIGIBLE,BUY_ELIGIBLE_BOTH,True,False,2026-08-07,00604,HKEX:00604,HKEX-ISSUER:f94b47c8209cbd8d,SHENZHEN INVEST,Shenzhen Investment Ltd.,CONFIRMED,HKEX_DI_STOCK_CODE_CONFIRMED,1306.0,1306,Shenzhen Investment Ltd.,Equity,Equity Securities (Main Board),COMMON_EQUITY,2000.0,HK0604011236,HKD,,False,False,False,False,False,False,False,False,FMDL5B1_20260720_d31e787a3ccd,f2025b4cb11bbd9b503899215e23b5cd35859f5544f930c6c8b9db9bb86d0756,cd5888d3347c073a2c2ea7fa2f3fac385fa0804d6c8c6c98eb84bb096e00e989,2026-08-06,880.0,1.0,0.0625000349245974,-0.2183908006602825,-0.2183908006602825,-0.2608695708511005,-0.3043478542555027,-0.3199999928474426,0.2333333333333333,0.4166666666666667,0.2534630277553905,0.3112223459885614,0.1533971074872141,-0.3068181618062916,-0.0512820042566888,3449670.600088448,1.0,0.0,0.6265722601155346,0.6800000071525574,HKD,0.6800000071525574,2025-12-31,2026-05-21T09:30:00+08:00,HKD,GENERAL_NON_FINANCIAL,True,,-0.0301935278311735,0.1624267485854504,0.0414403538043167,-0.1081665130833991,,0.699599769789811,1.3520915971636132,-0.443119732,1.528920792462038,,GENERAL_NON_FINANCIAL,DEFAULT_GENERAL_NON_FINANCIAL,False,0.0,0.0,0.0,0.6800000071525574,,,0.6448598130841121,0.2767295597484276,0.3729903536977492,0.3108348134991119,0.3108348134991119,0.5124223602484472,0.001564945226917,0.447452229299363,0.7872670807453416,0.7167449139280125,0.8012422360248447,0.5918367346938775,0.784037558685446,0.0512422360248447,0.5117370892018779,0.1770186335403726,,0.1129943502824858,0.2208029197080292,0.2700729927007299,0.1259124087591241,,0.1506591337099811,0.3924528301886792,0.9872068230277186,,,0.1777950310559006,2026-08-06,ELIGIBLE_WATCH,PASS_WATCH,VALID,A,NONE,both,LOW_20D_TURNOVER,False,2026-08-07,FRESH_OFFICIAL,2026-08-06,1,CURRENT,False
00636,BUY_ELIGIBLE,BUY_ELIGIBLE,BUY_ELIGIBLE_BOTH,True,False,2026-08-07,00636,HKEX:00636,HKEX-ISSUER:bd67441a75d26b61,KLN,KLN Logistics Group Ltd.,CONFIRMED,HKEX_DI_STOCK_CODE_CONFIRMED,95739.0,95739,KLN Logistics Group Ltd.,Equity,Equity Securities (Main Board),COMMON_EQUITY,500.0,BMG524181036,HKD,,False,False,False,False,False,False,False,False,FMDL5B1_20260720_d31e787a3ccd,f2025b4cb11bbd9b503899215e23b5cd35859f5544f930c6c8b9db9bb86d0756,cc66a3b5a8e871805b7429de898ca5e45169e65a43962e385cd0569851d74d69,2026-08-06,880.0,1.0,0.0035026236064621,-0.1117750328168551,-0.170655956293506,-0.3070777626200017,-0.3094963370501984,-0.3700042004330032,0.4,0.3333333333333333,0.1399088040214821,0.1609072181009339,0.0940614310110551,-0.2153531579486478,-0.0272109389685752,3929603.99312346,1.0,0.0,0.7673802592031991,5.730000019073486,HKD,5.730000019073486,2025-12-31,2026-04-28T09:30:00+08:00,HKD,GENERAL_NON_FINANCIAL,True,,0.0322197032242995,0.1045671066742909,0.049611116134556,0.0250449083551462,,0.5396451700725509,1.4117389284842623,0.7045116,-0.0570888995108936,-0.1072749008806956,GENERAL_NON_FINANCIAL,DEFAULT_GENERAL_NON_FINANCIAL,False,0.27,2.0,0.0471204186913175,5.730000019073486,0.1229514132032963,8.133294070776813,0.2834890965732087,0.5361635220125787,0.4694533762057878,0.2593250444049733,0.2984014209591474,0.4425465838509316,0.3356807511737089,0.2484076433121019,0.984472049689441,0.9874804381846636,0.9813664596273292,0.8084772370486656,0.9906103286384976,0.0574534161490683,0.5117370892018779,0.3850931677018633,,0.6534839924670434,0.1113138686131386,0.3083941605839416,0.3156934306569343,,0.3992467043314501,0.4245283018867924,0.2153518123667377,0.3079019073569482,0.9022222222222224,0.7080745341614907,2026-08-06,ELIGIBLE_WATCH,PASS_WATCH,VALID,A,NONE,both,LOW_20D_TURNOVER,False,2026-08-07,FRESH_OFFICIAL,2026-08-06,1,CURRENT,False
00659,BUY_ELIGIBLE,BUY_ELIGIBLE,BUY_ELIGIBLE_BOTH,True,False,2026-08-07,00659,HKEX:00659,HKEX-ISSUER:0f1f8593a24411e5,CTF SERVICES,CTF Services Ltd.,CONFIRMED,HKEX_DI_STOCK_CODE_CONFIRMED,1434.0,1434,CTF Services Ltd.,Equity,Equity Securities (Main Board),COMMON_EQUITY,1000.0,BMG668971101,HKD,,False,False,False,False,False,False,False,False,FMDL5B1_20260720_d31e787a3ccd,f2025b4cb11bbd9b503899215e23b5cd35859f5544f930c6c8b9db9bb86d0756,9d302b4dfeaaf5c89ae6b4adda31c6f00553322d6a4876ed81f025078bcb8a77,2026-08-06,880.0,1.0,-0.0013004198709265,-0.1017544260804823,-0.1275388306079022,0.1715484437208014,0.1730739323725247,-0.1695192025384688,0.35,0.4166666666666667,0.2482113996196903,0.1937899847216568,0.1539525628016634,-0.1695192025384688,-0.0536044306899102,9341790.656078791,1.0,0.0,0.8568979868103204,7.679999828338623,HKD,7.679999828338623,2025-12-31,2026-03-13T09:30:00+08:00,HKD,GENERAL_NON_FINANCIAL,True,,,0.2765537780272554,0.1438316649515078,0.1040243864408893,,,,0.270966,0.0331151688003512,0.1242393113395106,GENERAL_NON_FINANCIAL,DEFAULT_GENERAL_NON_FINANCIAL,False,0.63,3.0,0.0820312518335413,7.679999828338623,0.0352820320386148,28.343038714593803,0.2679127725856697,0.550314465408805,0.5610932475884244,0.8188277087033747,0.8632326820603907,0.7717391304347826,0.1244131455399061,0.447452229299363,0.796583850931677,0.9687010954616588,0.7981366459627329,0.912087912087912,0.7511737089201878,0.1164596273291925,0.5117370892018779,0.5279503105590062,,,0.4306569343065693,0.6204379562043796,0.6441605839416058,,,,0.4626865671641791,0.5994550408719346,0.4888888888888889,0.970496894409938,2026-08-06,ELIGIBLE_CORE,PASS_CORE,VALID,A,NONE,both,LOW_20D_TURNOVER,False,2026-08-07,FRESH_OFFICIAL,2026-08-06,1,CURRENT,False
00667,BUY_ELIGIBLE,BUY_ELIGIBLE,BUY_ELIGIBLE_BOTH,True,False,2026-08-07,00667,HKEX:00667,HKEX-ISSUER:30e58bd5863aed62,CHINA EAST EDU,China East Education Holdings Ltd.,CONFIRMED,HKEX_DI_STOCK_CODE_CONFIRMED,244009.0,244009,China East Education Holdings Ltd.,Equity,Equity Securities (Main Board),COMMON_EQUITY,500.0,KYG2120T1004,HKD,,False,False,False,False,False,False,False,False,FMDL5B1_20260720_d31e787a3ccd,f2025b4cb11bbd9b503899215e23b5cd35859f5544f930c6c8b9db9bb86d0756,b8945236629c2f98ce511d71061fd3404e9d709487f0f45cb54ed591ee09f8e8,2026-08-06,880.0,1.0,0.0296912111323919,-0.0596357311267816,-0.1723448980948141,-0.4202265382900372,-0.4369443426905012,-0.4887743703894314,0.4166666666666667,0.3333333333333333,0.4084082801410257,0.4872399190547951,0.3366625547140595,-0.4169867871404312,-0.115124101988045,17482880.93085141,1.0,0.0,0.7262062138279455,4.335000038146973,HKD,4.335000038146973,2025-12-31,2026-04-21T09:30:00+08:00,HKD,GENERAL_NON_FINANCIAL,True,,0.0739578359998478,0.5528170760954032,0.2371174177620283,0.1638013190485155,,0.3981831255378049,1.553279052722052,0.3435,0.1214031925192866,0.4750232151635987,GENERAL_NON_FINANCIAL,DEFAULT_GENERAL_NON_FINANCIAL,False,0.3,1.0,0.0692041516401548,4.335000038146973,0.0792387536279772,12.62008744729832,0.411214953271028,0.6556603773584906,0.4614147909967845,0.1545293072824156,0.1456483126110124,0.2422360248447205,0.4405320813771518,0.2484076433121019,0.4627329192546583,0.4084507042253521,0.281055900621118,0.3657770800627943,0.2410015649452269,0.2360248447204969,0.5117370892018779,0.3214285714285714,,0.8286252354048964,0.7682481751824818,0.7901459854014599,0.7883211678832117,,0.6045197740112994,0.4867924528301887,0.6929637526652452,0.8065395095367848,0.7688888888888888,0.908385093167702,2026-08-06,ELIGIBLE_CORE,PASS_CORE,VALID,A,NONE,both,LOW_20D_TURNOVER,False,2026-08-07,FRESH_OFFICIAL,2026-08-06,1,CURRENT,False
00668,BUY_ELIGIBLE,BUY_ELIGIBLE,BUY_ELIGIBLE_BOTH,True,False,2026-08-07,00668,HKEX:00668,,,,,,,,,,,,,,,,,,,,,,,,,,,,,,,,,,,,,,,,,,,,,,,,,,,,,,,,,,,,,,,,,,,,,,,,,,,,,,,,,,,,,,,,,,,,,,,,,,,,,,,,,,,,NONE,left_only,MISSING_FMDL5E_COVERAGE|FMDL5E_NOT_INVESTABLE|NON_COMMON_EQUITY|LOW_20D_TURNOVER|LOW_ACTIVE_TRADE_RATIO|EXCESS_ZERO_VOLUME_DAYS|MISSING_VALID_PRICE|FINANCIAL_EVIDENCE_INCOMPLETE,False,2026-08-07,FRESH_OFFICIAL,2026-08-06,1,CURRENT,False
00694,UNKNOWN_BLOCKED,SELL_ONLY,SELL_ONLY,False,True,2026-08-07,00694,HKEX:00694,,,,,,,,,,,,,,,,,,,,,,,,,,,,,,,,,,,,,,,,,,,,,,,,,,,,,,,,,,,,,,,,,,,,,,,,,,,,,,,,,,,,,,,,,,,,,,,,,,,,,,,,,,,,NONE,left_only,MISSING_FMDL5E_COVERAGE|NOT_SOUTHBOUND_BUY_ELIGIBLE|FMDL5E_NOT_INVESTABLE|NON_COMMON_EQUITY|LOW_20D_TURNOVER|LOW_ACTIVE_TRADE_RATIO|EXCESS_ZERO_VOLUME_DAYS|MISSING_VALID_PRICE|FINANCIAL_EVIDENCE_INCOMPLETE,False,2026-08-07,FRESH_OFFICIAL,2026-08-06,1,CURRENT,False
00719,BUY_ELIGIBLE,BUY_ELIGIBLE,BUY_ELIGIBLE_BOTH,True,False,2026-08-07,00719,HKEX:00719,HKEX-ISSUER:72c4f650b8ec0159,SHANDONG XINHUA,Shandong Xinhua Pharmaceutical Co. Ltd.  - H Shares,CONFIRMED,HKEX_DI_STOCK_CODE_CONFIRMED,1581.0,1581|1581,Shandong Xinhua Pharmaceutical Co. Ltd.  - A Shares|Shandong Xinhua Pharmaceutical Co. Ltd.  - H Shares,Equity,Equity Securities (Main Board),COMMON_EQUITY,2000.0,CNE100000411,HKD,,False,False,False,False,True,True,False,False,FMDL5B1_20260720_d31e787a3ccd,f2025b4cb11bbd9b503899215e23b5cd35859f5544f930c6c8b9db9bb86d0756,a4884264d77e8aae5c1697774c44013c525d3f30bd9e0eb49069a96d04ccf6bb,2026-08-06,880.0,1.0,0.0742464865550702,-0.0259508196548962,-0.0767707744788167,-0.2370920308906651,-0.2898203730171333,-0.2135454849222339,0.4833333333333333,0.3333333333333333,0.360520270571897,0.4718602018386143,0.2723547889817245,-0.2577904161587627,-0.0797448298291115,4601188.637593174,1.0,0.0,0.3822213606365838,6.184999942779541,HKD,6.184999942779541,2025-12-31,2026-04-29T09:30:00+08:00,HKD,GENERAL_NON_FINANCIAL,True,,0.0315587259056444,0.1878463260564392,0.0449459560496883,0.0331122856219343,,0.4060627914380791,1.434785538178584,0.42,0.0340658671142741,-0.3832463627259808,GENERAL_NON_FINANCIAL,DEFAULT_GENERAL_NON_FINANCIAL,False,0.172476,1.0,0.0278861764908099,6.184999942779541,0.0679062253655012,14.72619033995129,0.6993769470404985,0.7515723270440252,0.662379421221865,0.3428063943161634,0.3197158081705151,0.6739130434782609,0.8176838810641628,0.2484076433121019,0.5263975155279503,0.4272300469483568,0.4037267080745341,0.7001569858712716,0.4804381846635367,0.0745341614906832,0.5117370892018779,0.0403726708074534,,0.6459510357815442,0.2791970802919708,0.2791970802919708,0.364963503649635,,0.5875706214689266,0.4452830188679245,0.4690831556503198,0.0953678474114441,0.7111111111111111,0.5574534161490683,2026-08-06,ELIGIBLE_WATCH,PASS_WATCH,VALID,A,NONE,both,LOW_20D_TURNOVER,False,2026-08-07,FRESH_OFFICIAL,2026-08-06,1,CURRENT,False
00751,BUY_ELIGIBLE,BUY_ELIGIBLE,BUY_ELIGIBLE_BOTH,True,False,2026-08-07,00751,HKEX:00751,HKEX-ISSUER:86a48e942532e1f6,SKYWORTH GROUP,Skyworth Group Ltd.,CONFIRMED,HKEX_DI_STOCK_CODE_CONFIRMED,1699.0,1699,Skyworth Group Ltd.,Equity,Equity Securities (Main Board),COMMON_EQUITY,2000.0,BMG8181C1001,HKD,,False,False,False,False,False,False,False,False,FMDL5B1_20260720_d31e787a3ccd,f2025b4cb11bbd9b503899215e23b5cd35859f5544f930c6c8b9db9bb86d0756,15ec7f60c73aac9c6352db2888b4433735ca6b1fa3d31ee5305f7c9fcbde7b52,2026-08-06,880.0,1.0,0.0334872941065569,-0.2974882284099434,-0.3776078068123781,0.4072326448709604,0.3616351675494027,-0.3919837196394515,0.3666666666666666,0.5833333333333334,0.3563377796227266,0.3702113762768112,0.2312865351585906,-0.4402174170081462,-0.0590716764750264,4364284.074471283,1.0,0.0,0.6978653463211287,4.474999904632568,HKD,4.474999904632568,2025-12-31,2026-04-21T09:30:00+08:00,HKD,GENERAL_NON_FINANCIAL,True,,0.0046533514587472,0.1281639269666117,0.0260224105568511,0.0050622831465786,,0.6985778521384503,1.1972264676795827,0.1779,0.0816913540368848,-0.3732394366197182,GENERAL_NON_FINANCIAL,DEFAULT_GENERAL_NON_FINANCIAL,False,0.0,0.0,0.0,4.474999904632568,0.0397541907913419,25.15458068933428,0.4345794392523364,0.160377358490566,0.1607717041800643,0.91651865008881,0.9342806394316164,0.4099378881987577,0.1784037558685446,0.8343949044585988,0.5372670807453416,0.5743348982785602,0.5217391304347826,0.3202511773940345,0.6979655712050078,0.0683229813664596,0.5117370892018779,0.2795031055900621,,0.3032015065913371,0.1551094890510949,0.2171532846715328,0.2153284671532846,,0.1525423728813559,0.330188679245283,0.5948827292110874,0.1008174386920981,0.5266666666666666,0.1777950310559006,2026-08-06,ELIGIBLE_WATCH,PASS_WATCH,VALID,A,NONE,both,LOW_20D_TURNOVER,False,2026-08-07,FRESH_OFFICIAL,2026-08-06,1,CURRENT,False
00754,SELL_ONLY,SELL_ONLY,SELL_ONLY,False,True,2026-08-07,00754,HKEX:00754,,,,,,,,,,,,,,,,,,,,,,,,,,,,,,,,,,,,,,,,,,,,,,,,,,,,,,,,,,,,,,,,,,,,,,,,,,,,,,,,,,,,,,,,,,,,,,,,,,,,,,,,,,,,NONE,left_only,MISSING_FMDL5E_COVERAGE|NOT_SOUTHBOUND_BUY_ELIGIBLE|FMDL5E_NOT_INVESTABLE|NON_COMMON_EQUITY|LOW_20D_TURNOVER|LOW_ACTIVE_TRADE_RATIO|EXCESS_ZERO_VOLUME_DAYS|MISSING_VALID_PRICE|FINANCIAL_EVIDENCE_INCOMPLETE,False,2026-08-07,FRESH_OFFICIAL,2026-08-06,1,CURRENT,False
00777,UNKNOWN_BLOCKED,SELL_ONLY,SELL_ONLY,False,True,2026-08-07,00777,HKEX:00777,,,,,,,,,,,,,,,,,,,,,,,,,,,,,,,,,,,,,,,,,,,,,,,,,,,,,,,,,,,,,,,,,,,,,,,,,,,,,,,,,,,,,,,,,,,,,,,,,,,,,,,,,,,,NONE,left_only,MISSING_FMDL5E_COVERAGE|NOT_SOUTHBOUND_BUY_ELIGIBLE|FMDL5E_NOT_INVESTABLE|NON_COMMON_EQUITY|LOW_20D_TURNOVER|LOW_ACTIVE_TRADE_RATIO|EXCESS_ZERO_VOLUME_DAYS|MISSING_VALID_PRICE|FINANCIAL_EVIDENCE_INCOMPLETE,False,2026-08-07,FRESH_OFFICIAL,2026-08-06,1,CURRENT,False
00800,BUY_ELIGIBLE,BUY_ELIGIBLE,BUY_ELIGIBLE_BOTH,True,False,2026-08-07,00800,HKEX:00800,HKEX-ISSUER:1abb1b518194915b,WERIDE-W,WeRide Inc. - W,CONFIRMED,HKEX_DI_STOCK_CODE_CONFIRMED,522048.0,522048,WeRide Inc. - W,Equity,Equity Securities (Main Board),COMMON_EQUITY,100.0,KYG9560F1028,HKD,,False,True,False,False,False,False,False,False,FMDL5B1_20260720_d31e787a3ccd,f2025b4cb11bbd9b503899215e23b5cd35859f5544f930c6c8b9db9bb86d0756,993f32a38f83685d512688f8440af2dc88ba563b927ace14a31020ab1396e917,2026-08-06,183.0,0.732,0.0906515398969856,-0.2300000190734863,-0.2045454993273049,,,-0.4031007723283626,0.4833333333333333,0.5555555555555556,0.5775581497881251,0.5680937372898123,0.3807235059135668,-0.3738532065943869,-0.0964824177436717,11237552.094105626,1.0,0.0,0.3376079128379803,15.399999618530272,HKD,15.399999618530272,2025-12-31,2026-05-14T09:30:00+08:00,HKD,GENERAL_NON_FINANCIAL,True,,-0.1851962723500924,0.3021120763321535,-2.6976410595001075,-2.417369888706621,,0.1159086496361596,8.199656247222364,-1.79,,,GENERAL_NON_FINANCIAL,DEFAULT_GENERAL_NON_FINANCIAL,False,0.0,0.0,0.0,15.399999618530272,,,0.7710280373831776,0.2562893081761006,0.3954983922829582,,,0.3928571428571428,0.8176838810641628,0.7699044585987261,0.2670807453416149,0.3035993740219092,0.2065217391304347,0.4536891679748822,0.3364632237871675,0.1537267080745341,0.5117370892018779,0.0295031055900621,,0.0489642184557438,0.4616788321167883,0.0127737226277372,0.0200729927007299,,0.9623352165725048,0.969811320754717,,,,0.1777950310559006,2026-08-06,ELIGIBLE_WATCH,PASS_WATCH,VALID_WITH_CONTROLLED_NULLS,B,NONE,both,LOW_20D_TURNOVER,False,2026-08-07,FRESH_OFFICIAL,2026-08-06,1,CURRENT,False
00811,BUY_ELIGIBLE,BUY_ELIGIBLE,BUY_ELIGIBLE_BOTH,True,False,2026-08-07,00811,HKEX:00811,HKEX-ISSUER:8321e2a6cc077483,XINHUA WINSHARE,"Xinhua Winshare Publishing and Media Co., Ltd.  - H Shares",CONFIRMED,HKEX_DI_STOCK_CODE_CONFIRMED,14388.0,14388|14388,"Xinhua Winshare Publishing and Media Co., Ltd.  - A Shares|Xinhua Winshare Publishing and Media Co., Ltd.  - H Shares",Equity,Equity Securities (Main Board),COMMON_EQUITY,1000.0,CNE1000004B0,HKD,,False,False,False,False,True,True,False,False,FMDL5B1_20260720_d31e787a3ccd,f2025b4cb11bbd9b503899215e23b5cd35859f5544f930c6c8b9db9bb86d0756,1eba777e69d95fa639f91cbddaeb8795675e3643804fa9d67889d49ff017c2b4,2026-08-06,880.0,1.0,0.0568693815239564,-0.0662155805931901,-0.0886539482365004,-0.157852930544868,-0.2031682588431173,-0.1791644312588749,0.45,0.3333333333333333,0.2240065884052923,0.2348062346408463,0.1367682404667435,-0.1958587274852988,-0.0314082542590448,8261511.967428779,1.0,0.0,0.7836871500504105,9.385000228881836,HKD,9.385000228881836,2026-03-31,2026-04-30T09:30:00+08:00,HKD,GENERAL_NON_FINANCIAL,True,,0.010548433684032,0.3421382109421542,0.0972761061987936,0.1035468414417209,,0.3453584282794678,1.7348266583018246,0.21,-0.0016429220852124,-0.0103207331144599,GENERAL_NON_FINANCIAL,DEFAULT_GENERAL_NON_FINANCIAL,False,0.689136,2.0,0.0734295133930014,9.385000228881836,0.0223761315800223,44.69047728038969,0.5934579439252337,0.6320754716981132,0.6318327974276527,0.4280639431616341,0.4245115452930728,0.7531055900621118,0.6549295774647887,0.2484076433121019,0.84472049689441,0.8967136150234741,0.8555900621118012,0.8571428571428571,0.9812206572769951,0.1071428571428571,0.5117370892018779,0.4239130434782608,,0.4293785310734463,0.5346715328467153,0.4762773722627737,0.6405109489051095,,0.6911487758945386,0.5641509433962264,0.3411513859275053,0.4196185286103542,0.3133333333333333,0.936335403726708,2026-08-06,ELIGIBLE_CORE,PASS_CORE,VALID,A,NONE,both,LOW_20D_TURNOVER,False,2026-08-07,FRESH_OFFICIAL,2026-08-06,1,CURRENT,False
00839,BUY_ELIGIBLE,BUY_ELIGIBLE,BUY_ELIGIBLE_BOTH,True,False,2026-08-07,00839,HKEX:00839,HKEX-ISSUER:0d73112047e1f165,CHINA EDU GROUP,China Education Group Holdings Ltd.,CONFIRMED,HKEX_DI_STOCK_CODE_CONFIRMED,187681.0,187681,China Education Group Holdings Ltd.,Equity,Equity Securities (Main Board),COMMON_EQUITY,1000.0,KYG2163M1033,HKD,,False,False,False,False,False,False,False,False,FMDL5B1_20260720_d31e787a3ccd,f2025b4cb11bbd9b503899215e23b5cd35859f5544f930c6c8b9db9bb86d0756,9c519a5fce4c44a59d9cfa4ad0be7da0cebb4a07037c2c44b7d1d0f9055ee0f7,2026-08-06,880.0,1.0,0.0054347773270932,-0.0931372262568983,-0.3853820499324546,-0.3576389061356025,-0.3611111249084821,-0.5268542242374858,0.4333333333333333,0.25,0.1747888165189941,0.3351485024459456,0.2736770793055413,-0.4607843114338852,-0.0948276012675236,9430409.121034564,1.0,0.0,0.3989696027902621,1.850000023841858,HKD,1.850000023841858,2026-02-28,2026-05-28T09:30:00+08:00,HKD,GENERAL_NON_FINANCIAL,True,,,0.5195147679324894,0.3850210970464135,0.1996308016877637,,,,0.2704,0.0323985842635448,-0.217166494312306,GENERAL_NON_FINANCIAL,DEFAULT_GENERAL_NON_FINANCIAL,False,0.0,0.0,0.0,1.850000023841858,0.1461621602784986,6.841716064503913,0.2897196261682243,0.5770440251572327,0.1495176848874598,0.2095914742451154,0.2309058614564831,0.186335403726708,0.5461658841940532,0.1035031847133758,0.9611801242236024,0.6572769953051644,0.4006211180124223,0.282574568288854,0.3489827856025039,0.1180124223602484,0.5117370892018779,0.0481366459627329,,,0.7445255474452555,0.906934306569343,0.8321167883211679,,,,0.4584221748400853,0.1880108991825613,0.9533333333333334,0.1777950310559006,2026-08-06,ELIGIBLE_CORE,PASS_CORE,VALID,A,NONE,both,LOW_20D_TURNOVER,False,2026-08-07,FRESH_OFFICIAL,2026-08-06,1,CURRENT,False
00855,BUY_ELIGIBLE,BUY_ELIGIBLE,BUY_ELIGIBLE_BOTH,True,False,2026-08-07,00855,HKEX:00855,HKEX-ISSUER:766ab0026c790a7c,CHINA WATER,China Water Affairs Group Ltd.,CONFIRMED,HKEX_DI_STOCK_CODE_CONFIRMED,1845.0,1845,China Water Affairs Group Ltd.,Equity,Equity Securities (Main Board),COMMON_EQUITY,2000.0,BMG210901242,HKD,,False,False,False,False,False,False,False,False,FMDL5B1_20260720_d31e787a3ccd,f2025b4cb11bbd9b503899215e23b5cd35859f5544f930c6c8b9db9bb86d0756,dd87f50f6431aab086d98038843822a84afd320d9476247151bf7c59f9186493,2026-08-06,880.0,1.0,0.019187368271039,-0.0937208043133213,-0.1470313692480763,-0.262055684214259,-0.2759483302490315,-0.2850309062752413,0.4666666666666667,0.3333333333333333,0.2134079990804332,0.264669982824489,0.126142720581036,-0.2043468879042718,-0.0526316493358091,5161081.6206113575,1.0,0.0,0.9578735655420894,4.514999866485596,HKD,4.514999866485596,2025-09-30,2025-12-31T09:30:00+08:00,HKD,GENERAL_NON_FINANCIAL,True,,,0.3524812680521147,0.3103619982570804,0.1102108191818387,,,,0.320638576,-0.1184448558839444,-0.234645376426457,GENERAL_NON_FINANCIAL,DEFAULT_GENERAL_NON_FINANCIAL,False,0.28,2.0,0.0620155057098479,4.514999866485596,0.071016298002591,14.081274695049778,0.3504672897196261,0.5738993710691824,0.5176848874598071,0.3072824156305506,0.344582593250444,0.5527950310559007,0.7480438184663537,0.2484076433121019,0.8788819875776398,0.8184663536776213,0.9006211180124224,0.8320251177394035,0.7699530516431925,0.0760869565217391,0.5117370892018779,0.7096273291925466,,,0.5583941605839416,0.8631386861313869,0.6642335766423357,,,,0.0980810234541577,0.1743869209809264,0.7266666666666667,0.860248447204969,2026-08-06,ELIGIBLE_CORE,PASS_CORE,VALID,A,NONE,both,LOW_20D_TURNOVER,False,2026-08-07,FRESH_OFFICIAL,2026-08-06,1,CURRENT,False
00861,UNKNOWN_BLOCKED,SELL_ONLY,SELL_ONLY,False,True,2026-08-07,00861,HKEX:00861,,,,,,,,,,,,,,,,,,,,,,,,,,,,,,,,,,,,,,,,,,,,,,,,,,,,,,,,,,,,,,,,,,,,,,,,,,,,,,,,,,,,,,,,,,,,,,,,,,,,,,,,,,,,NONE,left_only,MISSING_FMDL5E_COVERAGE|NOT_SOUTHBOUND_BUY_ELIGIBLE|FMDL5E_NOT_INVESTABLE|NON_COMMON_EQUITY|LOW_20D_TURNOVER|LOW_ACTIVE_TRADE_RATIO|EXCESS_ZERO_VOLUME_DAYS|MISSING_VALID_PRICE|FINANCIAL_EVIDENCE_INCOMPLETE,False,2026-08-07,FRESH_OFFICIAL,2026-08-06,1,CURRENT,False
00874,BUY_ELIGIBLE,BUY_ELIGIBLE,BUY_ELIGIBLE_BOTH,True,False,2026-08-07,00874,HKEX:00874,HKEX-ISSUER:2114a42529babd89,BAIYUNSHAN PH,Guangzhou Baiyunshan Pharmaceutical Holdings Co. Ltd. - H Shares,CONFIRMED,HKEX_DI_STOCK_CODE_CONFIRMED,1881.0,1881|1881,Guangzhou Baiyunshan Pharmaceutical Holdings Co. Ltd. - A Shares|Guangzhou Baiyunshan Pharmaceutical Holdings Co. Ltd. - H Shares,Equity,Equity Securities (Main Board),COMMON_EQUITY,2000.0,CNE100000387,HKD,,False,False,False,False,True,True,False,False,FMDL5B1_20260720_d31e787a3ccd,f2025b4cb11bbd9b503899215e23b5cd35859f5544f930c6c8b9db9bb86d0756,1611dc2fe804bd6efba89894df159ea5f5618af5b84955a2b30a5c885d68f7bc,2026-08-06,880.0,1.0,0.0138339943297214,-0.0526997869840492,-0.1667129673185902,-0.1095606773472105,-0.1217109234520315,-0.2140120732954294,0.45,0.5,0.1804179469480598,0.200099152175793,0.0898629434124583,-0.2458927584222272,-0.0666666245643994,11159257.139149284,1.0,0.0,0.6997853610975626,15.390000343322754,HKD,15.390000343322754,2026-03-31,2026-04-28T09:30:00+08:00,HKD,GENERAL_NON_FINANCIAL,True,,0.0198729656873221,0.2031141169515497,0.0985279977338692,0.0766298620932906,,0.5332705789420146,1.5961677352155117,1.097,0.0357816982905316,-0.0206214841269284,GENERAL_NON_FINANCIAL,DEFAULT_GENERAL_NON_FINANCIAL,False,0.9561,2.0,0.0621247549493929,15.390000343322754,0.0712800503916788,14.02917077786942,0.3208722741433021,0.6808176100628931,0.477491961414791,0.4991119005328597,0.5488454706927176,0.672360248447205,0.6549295774647887,0.6632165605095541,0.953416149068323,0.9561815336463224,0.9860248447204968,0.7409733124018838,0.5993740219092332,0.1521739130434782,0.5117370892018779,0.2826086956521739,,0.5386064030131826,0.3193430656934307,0.4872262773722627,0.5383211678832117,,0.4048964218455744,0.5094339622641509,0.4712153518123667,0.3978201634877384,0.7311111111111112,0.8633540372670807,2026-08-06,ELIGIBLE_CORE,PASS_CORE,VALID,A,NONE,both,LOW_20D_TURNOVER,False,2026-08-07,FRESH_OFFICIAL,2026-08-06,1,CURRENT,False
00880,BUY_ELIGIBLE,BUY_ELIGIBLE,BUY_ELIGIBLE_BOTH,True,False,2026-08-07,00880,HKEX:00880,HKEX-ISSUER:da371406e11a7750,SJM HOLDINGS,SJM Holdings Ltd.,CONFIRMED,HKEX_DI_STOCK_CODE_CONFIRMED,19966.0,19966,SJM Holdings Ltd.,Equity,Equity Securities (Main Board),COMMON_EQUITY,1000.0,HK0880043028,HKD,,False,False,False,False,False,False,False,False,FMDL5B1_20260720_d31e787a3ccd,f2025b4cb11bbd9b503899215e23b5cd35859f5544f930c6c8b9db9bb86d0756,a63f7400a1c389ed645945bf88188a7e4424a1f5cf0bc6c3e9aac8fade883439,2026-08-06,880.0,1.0,-0.0328947058840137,-0.2538071029129546,-0.4048582949056321,-0.5288461273943874,-0.5128205010641722,-0.5763688713285171,0.3166666666666666,0.25,0.3668117592114007,0.3388690173714404,0.1783659631219124,-0.4153225659145649,-0.0481283599727845,15989030.337137312,1.0,0.0,0.9645254221742848,1.4700000286102295,HKD,1.4700000286102295,2025-12-31,2026-05-08T09:30:00+08:00,HKD,GENERAL_NON_FINANCIAL,True,,-0.00837769541121,0.9726980994100148,0.0476496439499897,-0.0152288588650417,,0.7306658803219848,0.2653445117655347,-0.054554488,-0.0449404029146073,,GENERAL_NON_FINANCIAL,DEFAULT_GENERAL_NON_FINANCIAL,False,0.0,0.0,0.0,1.4700000286102295,,,0.1884735202492211,0.2185534591194968,0.1286173633440514,0.0781527531083481,0.1012433392539964,0.1273291925465838,0.0500782472613458,0.1035031847133758,0.5217391304347826,0.6431924882629108,0.6909937888198758,0.368916797488226,0.8200312989045383,0.2096273291925466,0.5117370892018779,0.718944099378882,,0.167608286252354,0.9744525547445256,0.291970802919708,0.177007299270073,,0.1186440677966101,0.0075471698113207,0.2473347547974413,,,0.1777950310559006,2026-08-06,ELIGIBLE_CORE,PASS_CORE,VALID,A,NONE,both,LOW_20D_TURNOVER,False,2026-08-07,FRESH_OFFICIAL,2026-08-06,1,CURRENT,False
00895,BUY_ELIGIBLE,BUY_ELIGIBLE,BUY_ELIGIBLE_BOTH,True,False,2026-08-07,00895,HKEX:00895,HKEX-ISSUER:01e6e54d5a389886,DONGJIANG ENV,Dongjiang Environmental Co. Ltd.  - H Shares,CONFIRMED,HKEX_DI_STOCK_CODE_CONFIRMED,50797.0,50797|50797,Dongjiang Environmental Co. Ltd.  - A Shares|Dongjiang Environmental Co. Ltd.  - H Shares,Equity,Equity Securities (Main Board),COMMON_EQUITY,200.0,CNE1000001B6,HKD,,False,False,False,False,True,True,False,False,FMDL5B1_20260720_d31e787a3ccd,f2025b4cb11bbd9b503899215e23b5cd35859f5544f930c6c8b9db9bb86d0756,862ad8bb5024c997752cfe3a8d42d5c333e17bc01fe81efcc7e8c4908ea9f7c6,2026-08-06,880.0,1.0,-0.0174418435411368,-0.1874999426878394,-0.2620086963438458,-0.3786764560866729,-0.3676470549564461,-0.3740740639355613,0.3666666666666666,0.25,0.3903802777980372,1.2992114914406323,0.7395668278126722,-0.3908045604269172,-0.2074689217436054,8076081.87269628,1.0,0.0,0.2094086177268809,1.690000057220459,HKD,1.690000057220459,2026-03-31,2026-07-15T09:30:00+08:00,HKD,GENERAL_NON_FINANCIAL,True,,-0.01552462537552,0.0094047753408502,-0.2250751781748283,-0.2492797735137407,,0.7261526125086851,0.7586101372852397,-0.14,-0.1340190686936894,,BANK,DEFAULT_GENERAL_NON_FINANCIAL,True,0.0,0.0,0.0,1.690000057220459,,,0.2227414330218068,0.3380503144654088,0.3022508038585209,0.1776198934280639,0.2220248667850799,0.4347826086956521,0.1784037558685446,0.1035031847133758,0.4937888198757764,0.0312989045383411,0.0403726708074534,0.4222919937205651,0.0594679186228482,0.1024844720496894,0.5117370892018779,0.0108695652173913,,0.1431261770244821,0.0200729927007299,0.0821167883211678,0.0948905109489051,,0.1242937853107344,0.0981132075471698,0.0874200426439232,,,0.1777950310559006,2026-08-06,ELIGIBLE_CORE,PASS_CORE,VALID,A,NONE,both,LOW_20D_TURNOVER,False,2026-08-07,FRESH_OFFICIAL,2026-08-06,1,CURRENT,False
00909,BUY_ELIGIBLE,BUY_ELIGIBLE,BUY_ELIGIBLE_BOTH,True,False,2026-08-07,00909,HKEX:00909,HKEX-ISSUER:e4939a06c4fdfd8c,MING YUAN CLOUD,Ming Yuan Cloud Group Holdings Ltd.,CONFIRMED,HKEX_DI_STOCK_CODE_CONFIRMED,301782.0,301782,Ming Yuan Cloud Group Holdings Ltd.,Equity,Equity Securities (Main Board),COMMON_EQUITY,1000.0,KYG6142R1092,HKD,,False,False,False,False,False,False,False,False,FMDL5B1_20260720_d31e787a3ccd,f2025b4cb11bbd9b503899215e23b5cd35859f5544f930c6c8b9db9bb86d0756,92882dbf1b7036014dde986f06313b82f0b1a71b0b709a15fe881507867c297c,2026-08-06,880.0,1.0,-0.0367647580879776,-0.3947134153911709,-0.5353355641356803,-0.5687333233127676,-0.5522727388678514,-0.6919523565243473,0.2833333333333333,0.25,0.5471835348095989,0.5417579263490827,0.2942809250273995,-0.5527347550572064,-0.0878378334839559,10520056.292767609,1.0,0.0,0.7749872665816965,1.309999942779541,HKD,1.309999942779541,2025-12-31,2026-04-27T09:30:00+08:00,HKD,GENERAL_NON_FINANCIAL,True,,0.0059824317805313,0.7836614246817737,-0.084109558315005,0.0238077807338363,,0.1483683787705769,4.875330978791277,0.02,-0.1051185585907062,,GENERAL_NON_FINANCIAL,DEFAULT_GENERAL_NON_FINANCIAL,False,0.1,1.0,0.0763358811969268,1.309999942779541,0.0152671762393853,65.49999713897705,0.1806853582554517,0.0770440251572327,0.0594855305466238,0.0532859680284191,0.0710479573712255,0.062111801242236,0.0133020344287949,0.1035031847133758,0.312111801242236,0.3411580594679186,0.3618012422360248,0.1475667189952904,0.3943661971830985,0.1381987577639751,0.5117370892018779,0.4052795031055901,,0.3239171374764595,0.916058394160584,0.1222627737226277,0.3065693430656934,,0.9397363465160076,0.9018867924528302,0.1257995735607676,,0.2133333333333333,0.9518633540372672,2026-08-06,ELIGIBLE_CORE,PASS_CORE,VALID,A,NONE,both,LOW_20D_TURNOVER,False,2026-08-07,FRESH_OFFICIAL,2026-08-06,1,CURRENT,False
00934,BUY_ELIGIBLE,BUY_ELIGIBLE,BUY_ELIGIBLE_BOTH,True,False,2026-08-07,00934,HKEX:00934,HKEX-ISSUER:a211431de1d18e35,SINOPEC KANTONS,Sinopec Kantons Holdings Ltd.,CONFIRMED,HKEX_DI_STOCK_CODE_CONFIRMED,2046.0,2046,Sinopec Kantons Holdings Ltd.,Equity,Equity Securities (Main Board),COMMON_EQUITY,2000.0,BMG8165U1009,HKD,,False,False,False,False,False,False,False,False,FMDL5B1_20260720_d31e787a3ccd,f2025b4cb11bbd9b503899215e23b5cd35859f5544f930c6c8b9db9bb86d0756,5b5c295cb530f3b1f5565e291e1f69f911868faf2195f6e5284cefbcc3be45b0,2026-08-06,880.0,1.0,0.0167131427946019,-0.0432307047922553,-0.082518284658147,-0.1583586718379426,-0.1721939131733175,-0.1760577252207159,0.45,0.4166666666666667,0.2766646939414597,0.2441286330873833,0.2050976045519042,-0.1869918375000927,-0.0555555660678386,6152832.177255702,1.0,0.0,0.8713885865498189,3.650000095367432,HKD,3.650000095367432,2025-12-31,2026-04-20T09:30:00+08:00,HKD,GENERAL_NON_FINANCIAL,True,,0.0609992860505186,0.4847116089742908,0.4096915296286118,1.5611953169955528,,0.0205421092268552,24.60797297556669,0.373571792,-0.0370032041341464,-0.1481863260435191,GENERAL_NON_FINANCIAL,DEFAULT_GENERAL_NON_FINANCIAL,False,0.25,2.0,0.0684931488953381,3.650000095367432,0.1023484334902172,9.770545243328842,0.3333333333333333,0.7012578616352201,0.6446945337620579,0.4262877442273534,0.4564831261101243,0.7624223602484472,0.6549295774647887,0.447452229299363,0.7204968944099379,0.8763693270735524,0.6133540372670807,0.8775510204081632,0.729264475743349,0.0885093167701863,0.5117370892018779,0.5745341614906833,,0.7909604519774012,0.7116788321167883,0.9215328467153284,0.9945255474452556,,1.0,0.9943396226415094,0.2750533049040511,0.2697547683923705,0.8555555555555555,0.9021739130434784,2026-08-06,ELIGIBLE_CORE,PASS_CORE,VALID,A,NONE,both,LOW_20D_TURNOVER,False,2026-08-07,FRESH_OFFICIAL,2026-08-06,1,CURRENT,False
00956,BUY_ELIGIBLE,BUY_ELIGIBLE,BUY_ELIGIBLE_BOTH,True,False,2026-08-07,00956,HKEX:00956,HKEX-ISSUER:e04ca552c1423794,CHINA SUNTIEN,China Suntien Green Energy Corporation Ltd.  - H Shares,CONFIRMED,HKEX_DI_STOCK_CODE_CONFIRMED,51398.0,51398|51398,China Suntien Green Energy Corporation Ltd.  - A Shares|China Suntien Green Energy Corporation Ltd.  - H Shares,Equity,Equity Securities (Main Board),COMMON_EQUITY,1000.0,CNE100000TW9,HKD,,False,False,False,False,True,True,False,False,FMDL5B1_20260720_d31e787a3ccd,f2025b4cb11bbd9b503899215e23b5cd35859f5544f930c6c8b9db9bb86d0756,e6f160f7c9a6217588b3cddc5777b8ffbc6fab0cb601ddc9e563a2a743755bc4,2026-08-06,880.0,1.0,0.0833332927859566,-0.1066634095433757,-0.1712420477257737,-0.2020079340094942,-0.2633919115156634,-0.2743995849384631,0.3833333333333333,0.3333333333333333,0.3106376992419656,0.2965281805702494,0.1860942439127254,-0.3246187236743517,-0.0720721337148969,17519286.8100098,1.0,0.0,0.8068717633857718,3.184999942779541,HKD,3.184999942779541,2026-03-31,2026-04-29T09:30:00+08:00,HKD,GENERAL_NON_FINANCIAL,True,,0.0075032885073822,0.2308461281315428,0.2320339239109744,0.1273462182201789,,0.6610005081925817,0.6678393497352398,0.16,-0.1868709121096056,-0.2502693755745109,GENERAL_NON_FINANCIAL,DEFAULT_GENERAL_NON_FINANCIAL,False,0.22999,1.0,0.0722103623648069,3.184999942779541,0.0502354797094182,19.90624964237213,0.7367601246105919,0.5440251572327044,0.4678456591639871,0.3818827708703374,0.3605683836589698,0.5745341614906833,0.2472613458528951,0.2484076433121019,0.6257763975155279,0.7433489827856025,0.6583850931677019,0.5510204081632653,0.539906103286385,0.2375776397515528,0.5117370892018779,0.4642857142857143,,0.3615819209039548,0.364963503649635,0.7864963503649635,0.7171532846715328,,0.2052730696798493,0.0811320754716981,0.0639658848614072,0.1607629427792915,0.5955555555555555,0.9316770186335404,2026-08-06,ELIGIBLE_CORE,PASS_CORE,VALID,A,NONE,both,LOW_20D_TURNOVER,False,2026-08-07,FRESH_OFFICIAL,2026-08-06,1,CURRENT,False
00975,BUY_ELIGIBLE,BUY_ELIGIBLE,BUY_ELIGIBLE_BOTH,True,False,2026-08-07,00975,HKEX:00975,HKEX-ISSUER:0c147c34e966aaee,MONGOL MINING,Mongolian Mining Corporation,CONFIRMED,HKEX_DI_STOCK_CODE_CONFIRMED,51191.0,51191,Mongolian Mining Corporation,Equity,Equity Securities (Main Board),COMMON_EQUITY,3000.0,KYG6264V1361,HKD,,False,False,False,False,False,False,False,False,FMDL5B1_20260720_d31e787a3ccd,f2025b4cb11bbd9b503899215e23b5cd35859f5544f930c6c8b9db9bb86d0756,469aaf4df6c1e3ea3eeef819853da743a10f1ecc6221a6fd1e8ba9eeebf2238a,2026-08-06,880.0,1.0,0.1152694611847047,-0.1767956185357612,-0.3791666825612386,-0.0958737844413586,-0.1893203866640217,-0.4779257484037483,0.4666666666666667,0.4166666666666667,0.6992395882132605,0.6141351401268434,0.4063705762801578,-0.5809390450425644,-0.1765942800928679,19628164.595058225,1.0,0.0,0.7935192159498152,7.449999809265137,HKD,7.449999809265137,2025-12-31,2026-04-29T09:30:00+08:00,HKD,GENERAL_NON_FINANCIAL,True,,0.0025990338411248,0.1749360576537713,0.0956621220843383,0.0074083250141486,,0.4048536317876325,1.1651441565506324,0.04146992,-0.2257392806236217,-0.9753542587445506,GENERAL_NON_FINANCIAL,DEFAULT_GENERAL_NON_FINANCIAL,False,0.0,0.0,0.0,7.449999809265137,0.0055664323572768,179.64828022974572,0.8317757009345794,0.3710691823899371,0.1591639871382636,0.5204262877442274,0.4387211367673179,0.2515527950310559,0.7480438184663537,0.447452229299363,0.1614906832298136,0.2503912363067292,0.1661490683229813,0.1224489795918367,0.0860719874804381,0.2670807453416149,0.5117370892018779,0.4409937888198758,,0.2655367231638418,0.2518248175182482,0.468978102189781,0.2244525547445255,,0.591337099811676,0.3132075471698113,0.0490405117270788,0.0027247956403269,0.08,0.1777950310559006,2026-08-06,ELIGIBLE_CORE,PASS_CORE,VALID,A,NONE,both,LOW_20D_TURNOVER,False,2026-08-07,FRESH_OFFICIAL,2026-08-06,1,CURRENT,False
00990,BUY_ELIGIBLE,BUY_ELIGIBLE,BUY_ELIGIBLE_BOTH,True,False,2026-08-07,00990,HKEX:00990,HKEX-ISSUER:96a458826be77c46,DEEP SOURCE,Deep Source Holdings Ltd.,CONFIRMED,HKEX_DI_STOCK_CODE_CONFIRMED,2133.0,2133,Deep Source Holdings Ltd.,Equity,Equity Securities (Main Board),COMMON_EQUITY,10000.0,BMG8800F1876,HKD,,False,False,False,False,False,False,False,False,FMDL5B1_20260720_d31e787a3ccd,f2025b4cb11bbd9b503899215e23b5cd35859f5544f930c6c8b9db9bb86d0756,5644224a1f5cba42e2a7c00efd263c226db7cf5a76394cfd55a234a084b6dc4b,2026-08-06,880.0,1.0,-0.0272727006723079,-0.2960525882376192,-0.3630951869886463,-0.3988763653649593,-0.3820224485829564,-0.4368420705900954,0.3166666666666666,0.4166666666666667,0.4611971021152453,0.6899717068350557,0.4962152687579695,-0.4499999801317845,-0.1571428802548626,11108320.047163963,1.0,0.0,0.5896255582421396,0.5350000262260437,HKD,0.5350000262260437,2025-12-31,2026-04-30T09:30:00+08:00,HKD,GENERAL_NON_FINANCIAL,True,,0.0317992427154711,0.0382170771683614,0.0353258177917897,0.0337041648044539,,0.6287862238056279,1.393324196595159,0.046786796,-0.4909779118136048,1.3694368378663673,GENERAL_NON_FINANCIAL,DEFAULT_GENERAL_NON_FINANCIAL,False,0.0,0.0,0.0,0.5350000262260437,0.0874519508532361,11.434850683642532,0.2040498442367601,0.1650943396226415,0.1752411575562701,0.1687388987566607,0.2060390763765541,0.3354037267080745,0.0500782472613458,0.447452229299363,0.3975155279503105,0.190923317683881,0.1071428571428571,0.2982731554160125,0.1314553990610328,0.1490683229813664,0.5117370892018779,0.1444099378881987,,0.647834274952919,0.0364963503649635,0.2463503649635036,0.3667883211678832,,0.2504708097928437,0.4132075471698113,0.0085287846481876,0.9100817438692098,0.7977777777777778,0.1777950310559006,2026-08-06,ELIGIBLE_CORE,PASS_CORE,VALID,A,NONE,both,LOW_20D_TURNOVER,False,2026-08-07,FRESH_OFFICIAL,2026-08-06,1,CURRENT,False
00995,BUY_ELIGIBLE,BUY_ELIGIBLE,BUY_ELIGIBLE_BOTH,True,False,2026-08-07,00995,HKEX:00995,HKEX-ISSUER:ada29d49b40b3edd,ANHUIEXPRESSWAY,Anhui Expressway Co. Ltd.  - H Shares,CONFIRMED,HKEX_DI_STOCK_CODE_CONFIRMED,2140.0,2140,Anhui Expressway Co. Ltd.  - H Shares,Equity,Equity Securities (Main Board),COMMON_EQUITY,2000.0,CNE1000001X0,HKD,,False,False,False,False,True,False,False,False,FMDL5B1_20260720_d31e787a3ccd,f2025b4cb11bbd9b503899215e23b5cd35859f5544f930c6c8b9db9bb86d0756,158075c238a85ce740266984b13508104a7aef2804d4e931b25c713fa1beaefb,2026-08-06,880.0,1.0,-0.0040404321936293,-0.0102977682616686,0.1923664413243995,0.2613061533943326,0.266423049855724,-0.1144174221619618,0.55,0.5833333333333334,0.2856581982385505,0.3687646426270054,0.3233521600436227,-0.1299854866329239,-0.0891034792834085,11476054.262165597,1.0,0.0,0.5149448123948054,14.789999961853027,HKD,14.789999961853027,2026-03-31,2026-04-29T09:30:00+08:00,HKD,GENERAL_NON_FINANCIAL,True,,0.0169985993636595,0.5268546597812106,0.523405749943491,0.3408309372390136,,0.5311436235230579,1.3614492108705405,0.314,-0.4421513783411878,-0.0267133583606161,GENERAL_NON_FINANCIAL,DEFAULT_GENERAL_NON_FINANCIAL,False,0.7589,1.0,0.0513116972249753,14.789999961853027,0.0212305612447519,47.10191070653831,0.2554517133956386,0.800314465408805,0.9340836012861736,0.8738898756660746,0.9023090586145648,0.8555900621118012,0.9820031298904538,0.8343949044585988,0.6972049689440993,0.5774647887323944,0.3043478260869565,0.967032967032967,0.3834115805946791,0.1568322981366459,0.5117370892018779,0.0885093167701863,,0.5160075329566854,0.7463503649635036,0.9762773722627736,0.936131386861314,,0.4067796610169492,0.3981132075471698,0.0127931769722814,0.3896457765667575,0.2977777777777777,0.7593167701863354,2026-08-06,ELIGIBLE_CORE,PASS_CORE,VALID,A,NONE,both,LOW_20D_TURNOVER,False,2026-08-07,FRESH_OFFICIAL,2026-08-06,1,CURRENT,False
00999,BUY_ELIGIBLE,BUY_ELIGIBLE,BUY_ELIGIBLE_BOTH,True,False,2026-08-07,00999,HKEX:00999,HKEX-ISSUER:6e44cec169ae8ea6,XIAOCAIYUAN,Xiaocaiyuan International Holding Ltd.,CONFIRMED,HKEX_DI_STOCK_CODE_CONFIRMED,485372.0,485372,Xiaocaiyuan International Holding Ltd.,Equity,Equity Securities (Main Board),COMMON_EQUITY,800.0,KYG9833J1058,HKD,,False,False,False,False,False,False,False,False,FMDL5B1_20260720_d31e787a3ccd,f2025b4cb11bbd9b503899215e23b5cd35859f5544f930c6c8b9db9bb86d0756,ff170c6d37a24fb5ff3fc440d51ffc1d2e35dfdc363a8d130aba7e761f4717e6,2026-08-06,390.0,1.0,0.0674157340995231,0.1014492463174177,-0.1074453794275054,-0.1658510108479869,-0.2185341076542167,-0.3345451234157909,0.5166666666666667,0.4166666666666667,0.4625880376426554,0.4314347318149967,0.24917737225707,-0.2906077324546839,-0.070904691797655,14107062.00808258,1.0,0.0,1.0993876353830894,7.599999904632568,HKD,7.599999904632568,2025-12-31,2026-03-27T09:30:00+08:00,HKD,GENERAL_NON_FINANCIAL,True,,0.1882949335694046,0.7039883885980612,0.1924509797868736,0.1337848130181506,,0.3574468174745762,2.6120513318151417,0.61,0.0259539866031308,0.2315964603476961,GENERAL_NON_FINANCIAL,DEFAULT_GENERAL_NON_FINANCIAL,False,0.4756,2.0,0.0625789481536833,7.599999904632568,0.0802631589019067,12.459016237102572,0.6666666666666666,0.9245283018867924,0.5868167202572347,0.4209591474245115,0.4049733570159858,0.4906832298136646,0.9303599374021908,0.447452229299363,0.3959627329192546,0.4851330203442879,0.4658385093167702,0.6169544740973313,0.5492957746478874,0.1925465838509316,0.5117370892018779,0.8586956521739131,,0.975517890772128,0.8795620437956204,0.7208029197080292,0.7354014598540146,,0.6704331450094162,0.7547169811320755,0.4307036247334754,0.6920980926430518,0.7711111111111111,0.8680124223602484,2026-08-06,ELIGIBLE_CORE,PASS_CORE,VALID,A,NONE,both,LOW_20D_TURNOVER,False,2026-08-07,FRESH_OFFICIAL,2026-08-06,1,CURRENT,False
01052,BUY_ELIGIBLE,BUY_ELIGIBLE,BUY_ELIGIBLE_BOTH,True,False,2026-08-07,01052,HKEX:01052,HKEX-ISSUER:4c8918b20d3bc263,YUEXIUTRANSPORT,Yuexiu Transport Infrastructure Ltd.,CONFIRMED,HKEX_DI_STOCK_CODE_CONFIRMED,2210.0,2210,Yuexiu Transport Infrastructure Ltd.,Equity,Equity Securities (Main Board),COMMON_EQUITY,2000.0,BMG9880L1028,HKD,,False,False,False,False,False,False,False,False,FMDL5B1_20260720_d31e787a3ccd,f2025b4cb11bbd9b503899215e23b5cd35859f5544f930c6c8b9db9bb86d0756,7ed4b38f4383bd52da70f78ae77be7e591f45e955de8b99adbbcdcd25b40077a,2026-08-06,880.0,1.0,-0.0220994271367771,-0.0960234271818066,-0.2243420939902147,-0.0246200752065117,-0.0025776118142095,-0.2356774156551343,0.4166666666666667,0.5833333333333334,0.1680478225918373,0.1812789598335588,0.1234775401488152,-0.2276148631264111,-0.0973451399847777,2888939.0420555947,1.0,0.0,0.614630610326277,3.539999961853028,HKD,3.539999961853028,2025-12-31,2026-04-29T09:30:00+08:00,HKD,GENERAL_NON_FINANCIAL,True,,0.0142493940063174,0.4409119359129252,0.3212335071895482,0.1230438867080224,,0.5768595704222679,0.5294429552876158,0.3185,0.120047508235459,-0.1885468672205803,GENERAL_NON_FINANCIAL,DEFAULT_GENERAL_NON_FINANCIAL,False,0.25,2.0,0.0706214696875692,3.539999961853028,0.0899717523819632,11.114599566257542,0.2133956386292834,0.5660377358490566,0.3617363344051447,0.6252220248667851,0.7246891651865008,0.6288819875776398,0.4405320813771518,0.8343949044585988,0.968944099378882,0.9780907668231612,0.906832298136646,0.7739403453689168,0.3333333333333333,0.0403726708074534,0.5117370892018779,0.1630434782608695,,0.4783427495291902,0.677007299270073,0.8777372262773723,0.7116788321167883,,0.3333333333333333,0.0415094339622641,0.6908315565031983,0.2125340599455041,0.8133333333333334,0.9208074534161492,2026-08-06,ELIGIBLE_WATCH,PASS_WATCH,VALID,A,NONE,both,LOW_20D_TURNOVER,False,2026-08-07,FRESH_OFFICIAL,2026-08-06,1,CURRENT,False
01053,BUY_ELIGIBLE,BUY_ELIGIBLE,BUY_ELIGIBLE_BOTH,True,False,2026-08-07,01053,HKEX:01053,HKEX-ISSUER:53581a1a70d9aef7,CHONGQING IRON,Chongqing Iron & Steel Co. Ltd.  - H Shares,CONFIRMED,HKEX_DI_STOCK_CODE_CONFIRMED,2212.0,2212|2212,Chongqing Iron & Steel Co. Ltd.  - A Shares|Chongqing Iron & Steel Co. Ltd.  - H Shares,Equity,Equity Securities (Main Board),COMMON_EQUITY,2000.0,CNE1000002W0,HKD,,False,False,False,False,True,True,False,False,FMDL5B1_20260720_d31e787a3ccd,f2025b4cb11bbd9b503899215e23b5cd35859f5544f930c6c8b9db9bb86d0756,4fdcb16857b97001074299d6a999c6171408d4ecced77f8251e289bdb493e36d,2026-08-06,880.0,1.0,0.0402298464707679,-0.1772727711141593,-0.2394958589299374,-0.4548192833812409,-0.4759036010470022,-0.4084967396648271,0.2833333333333333,0.3333333333333333,0.2191885889793687,0.3234452913154184,0.1750614235656279,-0.3149606158783772,-0.0495049627653911,1937101.5731829405,1.0,0.0,0.4536154473634221,0.9049999713897704,HKD,0.9049999713897704,2026-03-31,2026-05-04T09:30:00+08:00,HKD,GENERAL_NON_FINANCIAL,True,,-0.0062108109744943,-0.0088313765246309,-0.0325667080977979,-0.0407269957999556,,0.572045366666968,0.3575359422799328,-0.02,-0.2606755547782161,,GENERAL_NON_FINANCIAL,DEFAULT_GENERAL_NON_FINANCIAL,False,0.0,0.0,0.0,0.9049999713897704,,,0.470404984423676,0.3694968553459119,0.3360128617363344,0.1332149200710479,0.1207815275310834,0.3835403726708074,0.0133020344287949,0.2484076433121019,0.8586956521739131,0.6870109546165885,0.7111801242236024,0.5745682888540031,0.8028169014084507,0.0326086956521739,0.5117370892018779,0.0698757763975155,,0.1732580037664783,0.0164233576642335,0.1441605839416058,0.1532846715328467,,0.3370998116760829,0.0150943396226415,0.0319829424307036,,,0.1777950310559006,2026-08-06,ELIGIBLE_WATCH,PASS_WATCH,VALID,A,NONE,both,LOW_20D_TURNOVER,False,2026-08-07,FRESH_OFFICIAL,2026-08-06,1,CURRENT,False
01065,BUY_ELIGIBLE,BUY_ELIGIBLE,BUY_ELIGIBLE_BOTH,True,False,2026-08-07,01065,HKEX:01065,HKEX-ISSUER:32f0354917906732,TIANJIN CAPITAL,Tianjin Capital Environmental Protection Group Co. Ltd. - H Shares,CONFIRMED,HKEX_DI_STOCK_CODE_CONFIRMED,2234.0,2234|2234,Tianjin Capital Environmental Protection Group Co. Ltd. - A Shares|Tianjin Capital Environmental Protection Group Co. Ltd. - H Shares,Equity,Equity Securities (Main Board),COMMON_EQUITY,2000.0,CNE1000004G9,HKD,,False,False,False,False,True,True,False,False,FMDL5B1_20260720_d31e787a3ccd,f2025b4cb11bbd9b503899215e23b5cd35859f5544f930c6c8b9db9bb86d0756,163f07586c39b6cd1b13859ed81ab38b21e00d6adfb9e7c9a121af0d0f1c2739,2026-08-06,880.0,1.0,0.040730332375596,-0.1112476085308904,-0.0906746244677573,0.0021136743711065,-0.037105344970913,-0.1950234087101743,0.4333333333333333,0.5,0.1932239629098122,0.1876238513498414,0.1123628605474173,-0.2070467521244295,-0.0429864499240151,1584509.4902992249,1.0,0.0,0.6314639503816547,3.704999923706055,HKD,3.704999923706055,2026-03-31,2026-04-28T09:30:00+08:00,HKD,GENERAL_NON_FINANCIAL,True,,0.0106160593480835,0.3942026871818618,0.3586814687534057,0.2405574911421415,,0.550781099482183,2.6780952726192857,0.176,0.0421589326602798,0.0848513741184067,GENERAL_NON_FINANCIAL,DEFAULT_GENERAL_NON_FINANCIAL,False,0.239867,1.0,0.064741431832491,3.704999923706055,0.0475033747973602,21.05113593014804,0.4750778816199377,0.5377358490566038,0.6286173633440515,0.6589698046181173,0.6642984014209592,0.718944099378882,0.5461658841940532,0.6632165605095541,0.9316770186335404,0.97339593114241,0.9456521739130436,0.8241758241758241,0.8841940532081377,0.0279503105590062,0.5117370892018779,0.1847826086956521,,0.4331450094161959,0.6259124087591241,0.8978102189781022,0.8777372262773723,,0.3804143126177024,0.7603773584905661,0.4861407249466951,0.547683923705722,0.5844444444444444,0.8881987577639752,2026-08-06,ELIGIBLE_WATCH,PASS_WATCH,VALID,A,NONE,both,LOW_20D_TURNOVER,False,2026-08-07,FRESH_OFFICIAL,2026-08-06,1,CURRENT,False
01081,BUY_ELIGIBLE,BUY_ELIGIBLE,BUY_ELIGIBLE_BOTH,True,False,2026-08-07,01081,HKEX:01081,HKEX-ISSUER:90719cf1d7a191a5,DAJIN,"Dajin Heavy Industry Co., Ltd.  - H Shares",CONFIRMED,HKEX_DI_STOCK_CODE_CONFIRMED,547043.0,547043|547043,"Dajin Heavy Industry Co., Ltd.  - A Shares|Dajin Heavy Industry Co., Ltd.  - H Shares",Equity,Equity Securities (Main Board),COMMON_EQUITY,100.0,CNE100007ND7,HKD,,False,False,False,False,True,True,False,False,FMDL5B1_20260720_d31e787a3ccd,f2025b4cb11bbd9b503899215e23b5cd35859f5544f930c6c8b9db9bb86d0756,368a96aebb3dd77a51c64e5e1a3dd35ca90bcacae5d1bb689a0d473a55509511,2026-08-06,43.0,0.172,-0.1875532732412798,,,,,-0.4289138736796289,0.5,,1.2972079756171442,1.0081489274699742,0.6744859113386106,,-0.1692954884085954,67197639.90779266,1.0,0.0,0.9832518957939236,38.119998931884766,HKD,38.119998931884766,2026-03-31,2026-06-05T09:30:00+08:00,HKD,GENERAL_NON_FINANCIAL,True,,0.0313938276434527,0.3919039388511089,0.2778643615570816,0.227922884267669,,0.3711453108107249,1.9984218989271616,0.68,,,GENERAL_NON_FINANCIAL,DEFAULT_GENERAL_NON_FINANCIAL,False,0.0,0.0,0.0,38.119998931884766,0.0178384055365549,56.05882195865407,0.057632398753894,,,,,0.3509316770186335,0.8802816901408451,,0.0295031055900621,0.0672926447574334,0.0543478260869565,,0.1064162754303599,0.5357142857142857,0.5117370892018779,0.7515527950310559,,0.6421845574387948,0.6167883211678832,0.8375912408759124,0.8631386861313869,,0.6459510357815442,0.6339622641509434,,,0.2466666666666666,0.1777950310559006,2026-08-06,REVIEW_ONLY,WATCH_GATE_FAIL,VALID_WITH_CONTROLLED_NULLS,B,NONE,both,FMDL5E_NOT_INVESTABLE,False,2026-08-07,FRESH_OFFICIAL,2026-08-06,1,CURRENT,False
01083,BUY_ELIGIBLE,BUY_ELIGIBLE,BUY_ELIGIBLE_BOTH,True,False,2026-08-07,01083,HKEX:01083,HKEX-ISSUER:198f87df0cbfdeb6,TG SMART ENERGY,Towngas Smart Energy Co. Ltd.,CONFIRMED,HKEX_DI_STOCK_CODE_CONFIRMED,9415.0,9415,Towngas Smart Energy Co. Ltd.,Equity,Equity Securities (Main Board),COMMON_EQUITY,1000.0,KYG8972T1067,HKD,,False,False,False,False,False,False,False,False,FMDL5B1_20260720_d31e787a3ccd,f2025b4cb11bbd9b503899215e23b5cd35859f5544f930c6c8b9db9bb86d0756,6ad19ee3f629f0646040c730a86d489bc4606ad0c2c2ed613f08180e963049a8,2026-08-06,880.0,1.0,0.0395569609508856,-0.0345397409456365,-0.0584110496952132,-0.1494280057270728,-0.1817937580881508,-0.1966820715302938,0.4,0.25,0.2536144738550385,0.2054923375094548,0.1051857401733944,-0.2493015211640452,-0.0473684341448688,5924533.374980497,1.0,0.0,0.9332248979751088,3.2850000858306885,HKD,3.2850000858306885,2025-12-31,2026-04-21T09:30:00+08:00,HKD,GENERAL_NON_FINANCIAL,True,,0.028716607098333,0.0662227590748091,0.0917735310952892,0.0758107422481148,,0.4899209437660017,0.5035632132866751,0.4019329,-0.0430393817906297,-0.0372502435113457,GENERAL_NON_FINANCIAL,DEFAULT_GENERAL_NON_FINANCIAL,False,0.19,2.0,0.0578386590671744,3.2850000858306885,0.1223539998472669,8.173006205340963,0.4657320872274143,0.7358490566037735,0.702572347266881,0.4387211367673179,0.4440497335701598,0.7111801242236024,0.3356807511737089,0.1035031847133758,0.7857142857142857,0.9499217527386542,0.9611801242236024,0.728414442700157,0.8278560250391236,0.0854037267080745,0.5117370892018779,0.672360248447205,,0.6214689265536724,0.052919708029197,0.4562043795620438,0.5364963503649635,,0.4538606403013183,0.0358490566037735,0.255863539445629,0.3732970027247956,0.9,0.8229813664596274,2026-08-06,ELIGIBLE_CORE,PASS_CORE,VALID,A,NONE,both,LOW_20D_TURNOVER,False,2026-08-07,FRESH_OFFICIAL,2026-08-06,1,CURRENT,False
01108,BUY_ELIGIBLE,BUY_ELIGIBLE,BUY_ELIGIBLE_BOTH,True,False,2026-08-07,01108,HKEX:01108,HKEX-ISSUER:4bb6b205852c1c30,TRIUMPH NEW EN,Triumph New Energy Co. Ltd.  - H Shares,CONFIRMED,HKEX_DI_STOCK_CODE_CONFIRMED,2310.0,2310|2310,Triumph New Energy Co. Ltd.  - A Shares|Triumph New Energy Co. Ltd.  - H Shares,Equity,Equity Securities (Main Board),COMMON_EQUITY,2000.0,CNE1000003Q0,HKD,,False,False,False,False,True,True,False,False,FMDL5B1_20260720_d31e787a3ccd,f2025b4cb11bbd9b503899215e23b5cd35859f5544f930c6c8b9db9bb86d0756,745539c65b2764fc1f8c6b425e98b679af2e709802cf4baf7d7b52933ad5171e,2026-08-06,880.0,1.0,0.0454545548374099,-0.2979651390458516,-0.3807692556926714,-0.5020618537443073,-0.5237113426387696,-0.5150602504812177,0.4,0.3333333333333333,0.3110872858356432,0.5505603739847994,0.3402999744751956,-0.4679334942422762,-0.1012269707581074,3237677.4446725845,1.0,0.0,0.2120305800131231,2.414999961853028,HKD,2.414999961853028,2026-03-31,2026-07-15T09:30:00+08:00,HKD,GENERAL_NON_FINANCIAL,True,,-0.0260260389683516,-0.327317711103626,-0.5311837186959708,-0.5249677372917927,,0.7610198923446522,0.4252483602558164,-0.55,-0.2453406180709453,,GENERAL_NON_FINANCIAL,DEFAULT_GENERAL_NON_FINANCIAL,False,0.0,0.0,0.0,2.414999961853028,,,0.5218068535825545,0.1588050314465408,0.1543408360128617,0.1012433392539964,0.0941385435168739,0.2080745341614907,0.3356807511737089,0.2484076433121019,0.6242236024844721,0.325508607198748,0.2732919254658385,0.2684458398744113,0.3114241001564945,0.046583850931677,0.5117370892018779,0.0124223602484472,,0.128060263653484,0.0054744525547445,0.052919708029197,0.0620437956204379,,0.096045197740113,0.0283018867924528,0.0383795309168443,,,0.1777950310559006,2026-08-06,ELIGIBLE_WATCH,PASS_WATCH,VALID,A,NONE,both,LOW_20D_TURNOVER,False,2026-08-07,FRESH_OFFICIAL,2026-08-06,1,CURRENT,False
01187,BUY_ELIGIBLE,BUY_ELIGIBLE,BUY_ELIGIBLE_BOTH,True,False,2026-08-07,01187,HKEX:01187,HKEX-ISSUER:17963c10ace57283,COFOE MEDICAL,"Cofoe Medical Technology Co., Ltd.  - H Shares",CONFIRMED,HKEX_DI_STOCK_CODE_CONFIRMED,543400.0,543400|543400,"Cofoe Medical Technology Co., Ltd.  - A Shares|Cofoe Medical Technology Co., Ltd.  - H Shares",Equity,Equity Securities (Main Board),COMMON_EQUITY,100.0,CNE100007KH4,HKD,,False,False,False,False,True,True,False,False,FMDL5B1_20260720_d31e787a3ccd,f2025b4cb11bbd9b503899215e23b5cd35859f5544f930c6c8b9db9bb86d0756,356bea412db75286e67c9e0778e618ae795a98ecb8ecc04ff0ffb73816de4eba,2026-08-06,64.0,0.256,0.0837240438345243,-0.1484210365696957,,,,-0.1702563946063702,0.3666666666666666,,0.5588031583220746,0.5595146117277984,0.2494948830695887,-0.3233933505808636,-0.0708447475413652,14264088.542203903,1.0,0.0,1.105954786476627,32.36000061035156,HKD,32.36000061035156,2026-03-31,2026-05-06T09:30:00+08:00,HKD,GENERAL_NON_FINANCIAL,True,,0.0154832506263931,0.5515411188774764,0.1290123041359564,0.1057339606186496,,0.3103376508332915,2.071592205419807,0.52,,,GENERAL_NON_FINANCIAL,DEFAULT_GENERAL_NON_FINANCIAL,False,0.0,0.0,0.0,32.36000061035156,0.0160692209577294,62.23077040452223,0.7383177570093458,0.440251572327044,,,,0.7701863354037267,0.1784037558685446,,0.2888198757763975,0.3145539906103286,0.4642857142857143,0.5572998430141287,0.5508607198748043,0.1956521739130435,0.5117370892018779,0.8633540372670807,,0.4990583804143126,0.7627737226277372,0.5675182481751825,0.6514598540145985,,0.7344632768361582,0.6566037735849056,,,0.2288888888888889,0.1777950310559006,2026-08-06,REVIEW_ONLY,WATCH_GATE_FAIL,VALID_WITH_CONTROLLED_NULLS,B,NONE,both,FMDL5E_NOT_INVESTABLE|LOW_20D_TURNOVER,False,2026-08-07,FRESH_OFFICIAL,2026-08-06,1,CURRENT,False
01199,BUY_ELIGIBLE,BUY_ELIGIBLE,BUY_ELIGIBLE_BOTH,True,False,2026-08-07,01199,HKEX:01199,HKEX-ISSUER:a898db67db489d95,COSCO SHIP PORT,COSCO SHIPPING Ports Ltd.,CONFIRMED,HKEX_DI_STOCK_CODE_CONFIRMED,2490.0,2490,COSCO SHIPPING Ports Ltd.,Equity,Equity Securities (Main Board),COMMON_EQUITY,2000.0,BMG2442N1048,HKD,,False,False,False,False,False,False,False,False,FMDL5B1_20260720_d31e787a3ccd,f2025b4cb11bbd9b503899215e23b5cd35859f5544f930c6c8b9db9bb86d0756,03d560dc1aba22be91762c70eeea6c3fd8de9d6a5f8bea08e41b3a7ad6adcfec,2026-08-06,880.0,1.0,0.0600414009179757,-0.0536044306899102,-0.1549123754514317,-0.0348826412823507,-0.0895474857096374,-0.1952786421910591,0.35,0.5,0.2275763747794857,0.2280277146421509,0.1019642460534691,-0.2958687931807972,-0.1112877294559575,12945079.822047044,1.0,0.0,0.8773097836318894,5.119999885559082,HKD,5.119999885559082,2025-12-31,2026-04-30T09:30:00+08:00,HKD,GENERAL_NON_FINANCIAL,True,,0.0244176269137177,0.2489669068679348,0.1347092330395675,0.1870208631787453,,0.4099106742017341,0.8776239502154767,0.57214432,0.0858101787648322,-0.0116745601548592,GENERAL_NON_FINANCIAL,DEFAULT_GENERAL_NON_FINANCIAL,False,0.253,2.0,0.0494140636044903,5.119999885559082,0.1117469399977387,8.948790902195938,0.6246105919003115,0.6776729559748428,0.4983922829581994,0.6074600355239786,0.5914742451154529,0.717391304347826,0.1244131455399061,0.6632165605095541,0.8369565217391305,0.9045383411580594,0.9658385093167702,0.609105180533752,0.2582159624413145,0.170807453416149,0.5117370892018779,0.5869565217391305,,0.5800376647834274,0.3886861313868613,0.5875912408759124,0.8193430656934306,,0.5781544256120528,0.130188679245283,0.605543710021322,0.4168937329700272,0.8822222222222222,0.7329192546583851,2026-08-06,ELIGIBLE_CORE,PASS_CORE,VALID,A,NONE,both,LOW_20D_TURNOVER,False,2026-08-07,FRESH_OFFICIAL,2026-08-06,1,CURRENT,False
01310,BUY_ELIGIBLE,BUY_ELIGIBLE,BUY_ELIGIBLE_BOTH,True,False,2026-08-07,01310,HKEX:01310,HKEX-ISSUER:920343c4dfb898a1,HKBN,HKBN Ltd.,CONFIRMED,HKEX_DI_STOCK_CODE_CONFIRMED,117716.0,117716,HKBN Ltd.,Equity,Equity Securities (Main Board),COMMON_EQUITY,500.0,KYG451581055,HKD,,False,False,False,False,False,False,False,False,FMDL5B1_20260720_d31e787a3ccd,f2025b4cb11bbd9b503899215e23b5cd35859f5544f930c6c8b9db9bb86d0756,ae3df6062afc2eca42e9ea62a0c9d31d0f8560aa411a837a3604b2360d6cdd56,2026-08-06,880.0,1.0,0.0174708050312111,-0.1604437520638519,-0.1039120509134495,0.287195092390071,0.2650929009708402,-0.2542323086034417,0.4,0.5,0.2358880421006202,0.2473448102090265,0.1490175889592741,-0.2850018680542829,-0.1037850728093764,4590486.278717876,1.0,0.0,0.5538946455761007,6.114999771118164,HKD,6.114999771118164,2026-02-28,2026-05-19T09:30:00+08:00,HKD,GENERAL_NON_FINANCIAL,True,,,0.3408918792238176,0.0926986689117398,0.0178584164206142,,,,0.06459332,0.008400538899389,-0.0399291507008383,GENERAL_NON_FINANCIAL,DEFAULT_GENERAL_NON_FINANCIAL,False,0.344,2.0,0.0562551124899057,6.114999771118164,0.0105630944264432,94.66922850719185,0.338006230529595,0.4088050314465409,0.5964630225080386,0.8880994671403197,0.9005328596802842,0.6086956521739131,0.3356807511737089,0.6632165605095541,0.8229813664596274,0.8622848200312989,0.8183229813664596,0.631083202511774,0.3004694835680751,0.0729813664596273,0.5117370892018779,0.108695652173913,,,0.531021897810219,0.4598540145985401,0.2664233576642336,,,,0.373134328358209,0.3705722070844686,0.1511111111111111,0.8074534161490683,2026-08-06,ELIGIBLE_WATCH,PASS_WATCH,VALID,A,NONE,both,LOW_20D_TURNOVER,False,2026-08-07,FRESH_OFFICIAL,2026-08-06,1,CURRENT,False
01313,BUY_ELIGIBLE,BUY_ELIGIBLE,BUY_ELIGIBLE_BOTH,True,False,2026-08-07,01313,HKEX:01313,HKEX-ISSUER:282ff2fd6e9e74b7,CR BLDG MAT TEC,China Resources Building Materials Technology Holdings Ltd.,CONFIRMED,HKEX_DI_STOCK_CODE_CONFIRMED,36698.0,36698,China Resources Building Materials Technology Holdings Ltd.,Equity,Equity Securities (Main Board),COMMON_EQUITY,2000.0,KYG2113L1068,HKD,,False,False,False,False,False,False,False,False,FMDL5B1_20260720_d31e787a3ccd,f2025b4cb11bbd9b503899215e23b5cd35859f5544f930c6c8b9db9bb86d0756,619d3632857e766d9c1e93307b51e1e6af3f44cfd478532a994eba6723f54112,2026-08-06,880.0,1.0,0.0742574736553369,-0.2151829053143066,-0.4018421388321344,-0.4340180543069404,-0.473141253774839,-0.449456678384271,0.3333333333333333,0.25,0.28820018623257,0.3360101300510286,0.2008371124635256,-0.487512691215063,-0.0603447717732947,8357778.444794309,1.0,0.0,0.6012990971043352,1.0850000381469729,HKD,1.0850000381469729,2025-12-31,2026-06-01T09:30:00+08:00,HKD,GENERAL_NON_FINANCIAL,True,,0.006809677223314,0.1672501131809929,0.0518827750782577,0.0227671427645951,,0.3479480874781929,0.6080723921496148,0.069,-0.0860767064061572,1.2733101587286533,GENERAL_NON_FINANCIAL,DEFAULT_GENERAL_NON_FINANCIAL,False,0.038,2.0,0.0350230402432968,1.0850000381469729,0.0635944678101968,15.724638234014094,0.7009345794392523,0.2830188679245283,0.1318327974276527,0.1456483126110124,0.1225577264653641,0.3074534161490683,0.0821596244131455,0.1035031847133758,0.6894409937888198,0.6541471048513302,0.6226708074534162,0.2339089481946624,0.6776212832550861,0.108695652173913,0.5117370892018779,0.15527950310559,,0.3483992467043315,0.2281021897810219,0.3193430656934307,0.3010948905109489,,0.6892655367231638,0.0622641509433962,0.1833688699360341,0.8991825613079019,0.6711111111111111,0.6133540372670807,2026-08-06,ELIGIBLE_CORE,PASS_CORE,VALID,A,NONE,both,LOW_20D_TURNOVER,False,2026-08-07,FRESH_OFFICIAL,2026-08-06,1,CURRENT,False
01330,BUY_ELIGIBLE,BUY_ELIGIBLE,BUY_ELIGIBLE_BOTH,True,False,2026-08-07,01330,HKEX:01330,HKEX-ISSUER:f04fecce47c97d65,DYNAGREEN ENV,"Dynagreen Environmental Protection Group Co., Ltd.  - H Shares",CONFIRMED,HKEX_DI_STOCK_CODE_CONFIRMED,105360.0,105360|105360,"Dynagreen Environmental Protection Group Co., Ltd.  - A Shares|Dynagreen Environmental Protection Group Co., Ltd.  - H Shares",Equity,Equity Securities (Main Board),COMMON_EQUITY,1000.0,CNE100001SH0,HKD,,False,False,False,False,True,True,False,False,FMDL5B1_20260720_d31e787a3ccd,f2025b4cb11bbd9b503899215e23b5cd35859f5544f930c6c8b9db9bb86d0756,f4945c01e249dbc6f335dfc2a01d2dc12ed3f17c75ea430a1546b53a25000c1a,2026-08-06,880.0,1.0,0.0635837996276995,-0.0723809114759725,0.1017698226465537,0.1295668611648837,0.0620384228871115,-0.1364507039816003,0.4166666666666667,0.5,0.2622698982164063,0.3488400423989413,0.2121503270689732,-0.2131063124707954,-0.0732984610956055,4086952.114766121,1.0,0.0,0.5616936873066302,5.519999980926514,HKD,5.519999980926514,2026-03-31,2026-04-27T09:30:00+08:00,HKD,GENERAL_NON_FINANCIAL,True,,0.0092312081897081,0.4827024546419852,0.4102873701466158,0.2307253561194099,,0.601093526289195,2.418544032104093,0.15,0.0807970730359115,0.1165859225558838,GENERAL_NON_FINANCIAL,DEFAULT_GENERAL_NON_FINANCIAL,False,0.3624,2.0,0.0656521741398941,5.519999980926514,0.0271739131373734,36.79999987284343,0.6510903426791277,0.6132075471698113,0.8745980707395499,0.7797513321492007,0.783303730017762,0.8183229813664596,0.4405320813771518,0.6632165605095541,0.7577639751552795,0.6259780907668232,0.5869565217391305,0.8116169544740973,0.5273865414710485,0.0636645962732919,0.5117370892018779,0.1164596273291925,,0.3954802259887006,0.708029197080292,0.9251824817518248,0.8667883211678832,,0.295668549905838,0.7320754716981132,0.5863539445628998,0.5885558583106267,0.3777777777777777,0.8913043478260869,2026-08-06,ELIGIBLE_WATCH,PASS_WATCH,VALID,A,NONE,both,LOW_20D_TURNOVER,False,2026-08-07,FRESH_OFFICIAL,2026-08-06,1,CURRENT,False
01341,UNKNOWN_BLOCKED,SELL_ONLY,SELL_ONLY,False,True,2026-08-07,01341,HKEX:01341,,,,,,,,,,,,,,,,,,,,,,,,,,,,,,,,,,,,,,,,,,,,,,,,,,,,,,,,,,,,,,,,,,,,,,,,,,,,,,,,,,,,,,,,,,,,,,,,,,,,,,,,,,,,NONE,left_only,MISSING_FMDL5E_COVERAGE|NOT_SOUTHBOUND_BUY_ELIGIBLE|FMDL5E_NOT_INVESTABLE|NON_COMMON_EQUITY|LOW_20D_TURNOVER|LOW_ACTIVE_TRADE_RATIO|EXCESS_ZERO_VOLUME_DAYS|MISSING_VALID_PRICE|FINANCIAL_EVIDENCE_INCOMPLETE,False,2026-08-07,FRESH_OFFICIAL,2026-08-06,1,CURRENT,False
01349,BUY_ELIGIBLE,BUY_ELIGIBLE,BUY_ELIGIBLE_BOTH,True,False,2026-08-07,01349,HKEX:01349,HKEX-ISSUER:a9c6c230cb244dc1,FUDANZHANGJIANG,Shanghai Fudan-Zhangjiang Bio-Pharmaceutical Co. Ltd. s - H Shares,CONFIRMED,HKEX_DI_STOCK_CODE_CONFIRMED,96014.0,96014|96014,Shanghai Fudan-Zhangjiang Bio-Pharmaceutical Co. Ltd. s - A Shares|Shanghai Fudan-Zhangjiang Bio-Pharmaceutical Co. Ltd. s - H Shares,Equity,Equity Securities (Main Board),COMMON_EQUITY,1000.0,CNE1000000W4,HKD,,False,False,False,False,True,True,False,False,FMDL5B1_20260720_d31e787a3ccd,f2025b4cb11bbd9b503899215e23b5cd35859f5544f930c6c8b9db9bb86d0756,8b3bbd7a4989813f17f88cab51c959693a5bd3af90efc3ce23475c8dbe285659,2026-08-06,880.0,1.0,0.0421941552235802,-0.1209964132002782,-0.2083332951252263,-0.4269141388857388,-0.4501160285327853,-0.425581414174749,0.4,0.3333333333333333,0.3526279768042096,0.3589847499198401,0.2124014871460902,-0.3363363096755273,-0.0595238478185551,2566666.5082216263,1.0,0.0,0.4126365054602184,2.470000028610229,HKD,2.470000028610229,2026-03-31,2026-04-30T09:30:00+08:00,HKD,GENERAL_NON_FINANCIAL,True,,0.0032868409629841,0.917595428203754,0.0492516300803629,0.0517382942668509,,0.0946880051933905,7.458659461592356,0.01,-0.1715060421754322,1.8935531463194444,GENERAL_NON_FINANCIAL,DEFAULT_GENERAL_NON_FINANCIAL,False,0.0,0.0,0.0,2.470000028610229,0.0040485829490563,247.00000286102292,0.4953271028037383,0.5078616352201258,0.387459807073955,0.1492007104795737,0.1385435168738898,0.3555900621118012,0.3356807511737089,0.2484076433121019,0.5434782608695652,0.6025039123630673,0.5854037267080745,0.5196232339089482,0.6885758998435054,0.0372670807453416,0.5117370892018779,0.0512422360248447,,0.2824858757062147,0.9653284671532848,0.3065693430656934,0.4306569343065693,,0.9698681732580038,0.9622641509433962,0.0724946695095948,0.9318801089918256,0.0466666666666666,0.1777950310559006,2026-08-06,ELIGIBLE_WATCH,PASS_WATCH,VALID,A,NONE,both,LOW_20D_TURNOVER,False,2026-08-07,FRESH_OFFICIAL,2026-08-06,1,CURRENT,False
01361,BUY_ELIGIBLE,BUY_ELIGIBLE,BUY_ELIGIBLE_BOTH,True,False,2026-08-07,01361,HKEX:01361,HKEX-ISSUER:495a1bdefa94078f,361 DEGREES,361 Degrees International Ltd.,CONFIRMED,HKEX_DI_STOCK_CODE_CONFIRMED,33305.0,33305,361 Degrees International Ltd.,Equity,Equity Securities (Main Board),COMMON_EQUITY,1000.0,KYG884931042,HKD,,False,False,False,False,False,False,False,False,FMDL5B1_20260720_d31e787a3ccd,f2025b4cb11bbd9b503899215e23b5cd35859f5544f930c6c8b9db9bb86d0756,17ca802cd9f614b79da55327c67aa1b7f4260023f55de8e8903e55a59aba96b1,2026-08-06,880.0,1.0,0.0956938066493688,-0.1320377668770178,-0.1600365510391851,-0.2461906357691049,-0.3120255315341759,-0.3435579744505169,0.3833333333333333,0.3333333333333333,0.2214433106910011,0.2911000514395729,0.1711917778311439,-0.4238216213652389,-0.2052022984837248,12519680.353350664,1.0,0.0,0.563818619203405,4.579999923706055,HKD,4.579999923706055,2025-12-31,2026-04-09T09:30:00+08:00,HKD,GENERAL_NON_FINANCIAL,True,,0.0908231863486412,0.4152706810771994,0.1585454074344761,0.1174326288336201,,0.2679211276784632,3.343694737786008,0.633,0.1064493905302124,0.1395323933606995,GENERAL_NON_FINANCIAL,DEFAULT_GENERAL_NON_FINANCIAL,False,0.317,2.0,0.0692139749520976,4.579999923706055,0.1382096092892044,7.235386925286027,0.7850467289719626,0.4827044025157233,0.4903536977491961,0.3268206039076377,0.2930728241563055,0.4751552795031056,0.2472613458528951,0.2484076433121019,0.8493788819875776,0.7605633802816901,0.7313664596273292,0.3579277864992151,0.0610328638497652,0.1677018633540372,0.5117370892018779,0.1180124223602484,,0.8832391713747646,0.6478102189781022,0.6678832116788321,0.6897810218978102,,0.7928436911487758,0.8226415094339623,0.6673773987206824,0.6294277929155313,0.94,0.9099378881987578,2026-08-06,ELIGIBLE_CORE,PASS_CORE,VALID,A,NONE,both,LOW_20D_TURNOVER,False,2026-08-07,FRESH_OFFICIAL,2026-08-06,1,CURRENT,False
01375,BUY_ELIGIBLE,BUY_ELIGIBLE,BUY_ELIGIBLE_BOTH,True,False,2026-08-07,01375,HKEX:01375,HKEX-ISSUER:685c92279ac5a26f,CC SECURITIES,"Central China Securities Co., Ltd.  - H Shares",CONFIRMED,HKEX_DI_STOCK_CODE_CONFIRMED,105452.0,105452|105452,"Central China Securities Co., Ltd.  - A Shares|Central China Securities Co., Ltd.  - H Shares",Equity,Equity Securities (Main Board),COMMON_EQUITY,1000.0,CNE100001SS7,HKD,,False,False,False,False,True,True,False,False,FMDL5B1_20260720_d31e787a3ccd,f2025b4cb11bbd9b503899215e23b5cd35859f5544f930c6c8b9db9bb86d0756,4401ba1f03e7944a7c79b31fa153a486908150be45b1d3718a7921defb50da14,2026-08-06,880.0,1.0,0.0333891934409331,-0.1120122963747535,-0.196774789645719,-0.3844837827623656,-0.4043713432031198,-0.4168793550243365,0.45,0.3333333333333333,0.2569620491377063,0.3456830720105288,0.2240734754002463,-0.2533936996132802,-0.0611110408631495,13240944.481432628,1.0,0.0,0.7265969844456541,1.7400000095367432,HKD,1.7400000095367432,2026-03-31,2026-07-15T09:30:00+08:00,HKD,SECURITIES_AND_BROKERAGE,True,0.0114262342902797,0.0028522358834352,,,,,0.750378312664072,1.236079060582944,0.0363,,0.637973402420883,GENERAL_NON_FINANCIAL,OFFICIAL_NAME_SECURITIES,True,0.0341,2.0,0.0195977010420125,1.7400000095367432,0.0208620688511746,47.93388456024086,0.4330218068535825,0.5345911949685535,0.4083601286173633,0.1740674955595026,0.1811722912966252,0.3680124223602484,0.6549295774647887,0.2484076433121019,0.7763975155279503,0.6306729264475743,0.5434782608695652,0.7127158555729984,0.6682316118935837,0.1723602484472049,0.5117370892018779,0.3245341614906832,0.1538461538461538,0.3076923076923077,,,,,1.0,0.9230769230769232,,0.7857142857142857,0.0714285714285714,0.4860248447204969,2026-08-06,ELIGIBLE_CORE,PASS_CORE,VALID,A,NONE,both,LOW_20D_TURNOVER,False,2026-08-07,FRESH_OFFICIAL,2026-08-06,1,CURRENT,False
01377,BUY_ELIGIBLE,BUY_ELIGIBLE,BUY_ELIGIBLE_BOTH,True,False,2026-08-07,01377,HKEX:01377,HKEX-ISSUER:6b11141104d888c2,DTECH,"Guangdong Dtech Technology Co., Ltd.  - H Shares",CONFIRMED,HKEX_DI_STOCK_CODE_CONFIRMED,551347.0,551347,"Guangdong Dtech Technology Co., Ltd.  - H Shares",Equity,Equity Securities (Main Board),COMMON_EQUITY,100.0,CNE100007RR8,HKD,,False,False,False,False,True,False,False,False,FMDL5B1_20260720_d31e787a3ccd,f2025b4cb11bbd9b503899215e23b5cd35859f5544f930c6c8b9db9bb86d0756,aaa696bd9554af8a1e79ef675ffc468f90f8cc265363cb9453cfb53de03cb21b,2026-08-06,21.0,0.084,0.0021435899431989,,,,,-0.1557562076749435,,,1.3087151194636413,,0.7458487523235502,,,147571756.01270446,,0.0,0.8391022107622147,374.0,HKD,374.0,2026-03-31,2026-07-09T09:30:00+08:00,HKD,GENERAL_NON_FINANCIAL,True,,0.048904488778008,0.4969083427791452,0.403015870286628,0.34464538195689,,0.4553577980583843,1.5241515559770369,0.64,,,GENERAL_NON_FINANCIAL,DEFAULT_GENERAL_NON_FINANCIAL,False,0.0,0.0,0.0,374.0,0.001711229946524,584.375,0.278816199376947,,,,,0.7888198757763976,,,0.0263975155279503,,0.0357142857142857,,,0.6972049689440993,,0.5062111801242236,,0.7495291902071564,0.7226277372262774,0.917883211678832,0.9416058394160584,,0.4952919020715631,0.4754716981132075,,,0.0244444444444444,0.1777950310559006,2026-08-06,REVIEW_ONLY,WATCH_GATE_FAIL,PARTIAL_MARKET,C,NONE,both,FMDL5E_NOT_INVESTABLE|LOW_ACTIVE_TRADE_RATIO,False,2026-08-07,FRESH_OFFICIAL,2026-08-06,1,CURRENT,False
01405,BUY_ELIGIBLE,BUY_ELIGIBLE,BUY_ELIGIBLE_BOTH,True,False,2026-08-07,01405,HKEX:01405,HKEX-ISSUER:a4258ed644fa68c3,DPC DASH,DPC Dash Ltd,CONFIRMED,HKEX_DI_STOCK_CODE_CONFIRMED,431478.0,431478,DPC Dash Ltd,Equity,Equity Securities (Main Board),COMMON_EQUITY,100.0,VGG2R04S1048,HKD,,False,False,False,False,False,False,False,False,FMDL5B1_20260720_d31e787a3ccd,f2025b4cb11bbd9b503899215e23b5cd35859f5544f930c6c8b9db9bb86d0756,22561227e440a80f653fbdd6c4d5a1b3cbfebd1351b0308efea6330c25132f94,2026-08-06,823.0,1.0,0.1341020056558444,-0.1820568830618345,-0.4470413918363445,-0.5708380973253234,-0.621584389645361,-0.5883259932622702,0.4666666666666667,0.25,0.458882263473266,0.514958195913239,0.301494517627394,-0.5835497930815816,-0.1873498898319108,13528740.303891182,1.0,0.0,0.6678640918486006,37.380001068115234,HKD,37.380001068115234,2025-12-31,2026-04-30T09:30:00+08:00,HKD,GENERAL_NON_FINANCIAL,True,,0.0251358740167297,0.7270545946551563,0.0497806875339438,0.0263713787709397,,0.5685180669186063,0.9015526950140044,1.08,0.2475500644051949,1.5714648065948,GENERAL_NON_FINANCIAL,DEFAULT_GENERAL_NON_FINANCIAL,False,0.0,0.0,0.0,37.380001068115234,0.0288924550331602,34.611112100106695,0.8753894080996885,0.3522012578616352,0.0932475884244373,0.0515097690941385,0.0444049733570159,0.1180124223602484,0.7480438184663537,0.1035031847133758,0.4006211180124223,0.3646322378716745,0.3462732919254658,0.1177394034536891,0.0751173708920187,0.1770186335403726,0.5117370892018779,0.2267080745341615,,0.5856873822975518,0.8905109489051095,0.3120437956204379,0.3284671532846715,,0.3483992467043315,0.1433962264150943,0.814498933901919,0.9155313351498636,0.4044444444444444,0.1777950310559006,2026-08-06,ELIGIBLE_CORE,PASS_CORE,VALID,A,NONE,both,LOW_20D_TURNOVER,False,2026-08-07,FRESH_OFFICIAL,2026-08-06,1,CURRENT,False
01448,SELL_ONLY,SELL_ONLY,SELL_ONLY,False,True,2026-08-07,01448,HKEX:01448,,,,,,,,,,,,,,,,,,,,,,,,,,,,,,,,,,,,,,,,,,,,,,,,,,,,,,,,,,,,,,,,,,,,,,,,,,,,,,,,,,,,,,,,,,,,,,,,,,,,,,,,,,,,NONE,left_only,MISSING_FMDL5E_COVERAGE|NOT_SOUTHBOUND_BUY_ELIGIBLE|FMDL5E_NOT_INVESTABLE|NON_COMMON_EQUITY|LOW_20D_TURNOVER|LOW_ACTIVE_TRADE_RATIO|EXCESS_ZERO_VOLUME_DAYS|MISSING_VALID_PRICE|FINANCIAL_EVIDENCE_INCOMPLETE,False,2026-08-07,FRESH_OFFICIAL,2026-08-06,1,CURRENT,False
01456,BUY_ELIGIBLE,BUY_ELIGIBLE,BUY_ELIGIBLE_BOTH,True,False,2026-08-07,01456,HKEX:01456,HKEX-ISSUER:c26bdaea94fd2cc7,GLMS SEC,Guolian Minsheng Securities Co. Ltd.  - H Shares,CONFIRMED,HKEX_DI_STOCK_CODE_CONFIRMED,123949.0,123949|123949,Guolian Minsheng Securities Co. Ltd.  - A Shares|Guolian Minsheng Securities Co. Ltd.  - H Shares,Equity,Equity Securities (Main Board),COMMON_EQUITY,500.0,CNE100002003,HKD,,False,False,False,False,True,True,False,False,FMDL5B1_20260720_d31e787a3ccd,f2025b4cb11bbd9b503899215e23b5cd35859f5544f930c6c8b9db9bb86d0756,3500197922ac3d39a3248d1b6e277b25057b7530efe772f51b8ac6d2f224460d,2026-08-06,880.0,1.0,0.0284238079501939,-0.1350112322475615,-0.2404977191723376,-0.3417647139077283,-0.3599571684321124,-0.444698624976831,0.3833333333333333,0.25,0.2926336639203928,0.3251123466235252,0.1972419019031436,-0.2973977854352359,-0.0683111631391302,9899183.567240331,1.0,0.0,0.7832431470899187,3.9800000190734863,HKD,3.9800000190734863,2026-03-31,2026-04-28T09:30:00+08:00,HKD,SECURITIES_AND_BROKERAGE,True,0.0092201273466496,0.0020948981298251,,,,,0.7727907597082806,1.155564581991484,0.09,,0.3206508256689413,GENERAL_NON_FINANCIAL,OFFICIAL_NAME_SECURITIES,True,0.06902,1.0,0.0173417084596063,3.9800000190734863,0.0226130652182638,44.22222243414985,0.4018691588785046,0.4748427672955975,0.3344051446945337,0.2273534635879218,0.2326820603907637,0.3152173913043478,0.2472613458528951,0.1035031847133758,0.672360248447205,0.6823161189358372,0.6304347826086957,0.6012558869701727,0.5821596244131455,0.1288819875776397,0.5117370892018779,0.422360248447205,0.0769230769230769,0.1538461538461538,,,,,0.8461538461538461,0.8461538461538461,,0.5,0.1428571428571428,0.4673913043478261,2026-08-06,ELIGIBLE_CORE,PASS_CORE,VALID,A,NONE,both,LOW_20D_TURNOVER,False,2026-08-07,FRESH_OFFICIAL,2026-08-06,1,CURRENT,False
01475,BUY_ELIGIBLE,BUY_ELIGIBLE,BUY_ELIGIBLE_BOTH,True,False,2026-08-07,01475,HKEX:01475,HKEX-ISSUER:d9b40f0e9877e198,NISSIN FOODS,Nissin Foods Co. Ltd.,CONFIRMED,HKEX_DI_STOCK_CODE_CONFIRMED,187157.0,187157,Nissin Foods Co. Ltd.,Equity,Equity Securities (Main Board),COMMON_EQUITY,1000.0,HK0000376142,HKD,,False,False,False,False,False,False,False,False,FMDL5B1_20260720_d31e787a3ccd,f2025b4cb11bbd9b503899215e23b5cd35859f5544f930c6c8b9db9bb86d0756,68f8421299f88cfb01f8efc435290b648e93cad42197dee585751f5d1ad1c988,2026-08-06,880.0,1.0,0.034992284210972,-0.0669119459070823,-0.0656337758678784,0.0015967076346437,-0.0322664981041743,-0.1025166104443269,0.4166666666666667,0.3333333333333333,0.118871823332678,0.2528415359475194,0.1840247360176036,-0.1706201716983828,-0.0510638371619455,324350.997197628,0.9833333333333332,1.0,0.1658425254193807,6.65500020980835,HKD,6.65500020980835,2025-12-31,2026-05-14T09:30:00+08:00,HKD,GENERAL_NON_FINANCIAL,True,,0.0673021976749994,0.3461721295783012,0.1148975957123812,0.082832679596771,,0.212806022923467,2.8667405814381066,0.286862672,0.0237785471228746,0.6082894038201534,GENERAL_NON_FINANCIAL,DEFAULT_GENERAL_NON_FINANCIAL,False,0.1588,1.0,0.0238617573243582,6.65500020980835,0.0431048329010137,23.19925476329785,0.4392523364485981,0.6273584905660378,0.6897106109324759,0.6571936056838366,0.6785079928952042,0.8726708074534162,0.4405320813771518,0.2484076433121019,0.9937888198757764,0.8482003129890454,0.6677018633540373,0.9089481946624804,0.7871674491392802,0.0077639751552795,0.0211267605633802,0.0077639751552795,,0.8135593220338984,0.5401459854014599,0.531021897810219,0.5602189781021898,,0.8662900188323918,0.7830188679245284,0.4221748400852878,0.8283378746594006,0.5511111111111111,0.5248447204968945,2026-08-06,REVIEW_ONLY,WATCH_GATE_FAIL,VALID,A,NONE,both,FMDL5E_NOT_INVESTABLE|LOW_20D_TURNOVER,False,2026-08-07,FRESH_OFFICIAL,2026-08-06,1,CURRENT,False
01513,BUY_ELIGIBLE,BUY_ELIGIBLE,BUY_ELIGIBLE_BOTH,True,False,2026-08-07,01513,HKEX:01513,HKEX-ISSUER:393015873784815f,LIVZON PHARMA,Livzon Pharmaceutical Group Inc.  - H Shares,CONFIRMED,HKEX_DI_STOCK_CODE_CONFIRMED,96404.0,96404|96404,Livzon Pharmaceutical Group Inc.  - A Shares|Livzon Pharmaceutical Group Inc.  - H Shares,Equity,Equity Securities (Main Board),COMMON_EQUITY,100.0,CNE100001QV5,HKD,,False,False,False,False,True,True,False,False,FMDL5B1_20260720_d31e787a3ccd,f2025b4cb11bbd9b503899215e23b5cd35859f5544f930c6c8b9db9bb86d0756,4db819e88b8b9d4f496b724922ec7d000bd2627f4cf7ff4e5404da60c3a1c431,2026-08-06,880.0,1.0,0.0292721420497856,-0.00679656188746,-0.0787296006796425,-0.2721721684765118,-0.2928713390862537,-0.275594574330022,0.45,0.3333333333333333,0.2137213593445283,0.2844475107842793,0.1358500908625819,-0.1676223682755373,-0.031680457836748,16727833.425827883,1.0,0.0,0.7440566251213345,26.020000457763672,HKD,26.020000457763672,2026-03-31,2026-04-24T09:30:00+08:00,HKD,GENERAL_NON_FINANCIAL,True,,0.023845178912352,0.6586849816770199,0.2955782644414626,0.2009479465539349,,0.3558892235277569,1.9606289109845028,0.65,-0.0973451303188067,-0.093919171166391,GENERAL_NON_FINANCIAL,DEFAULT_GENERAL_NON_FINANCIAL,False,1.643,1.0,0.0631437344771365,26.020000457763672,0.0249807835728172,40.03076993502104,0.4096573208722741,0.8081761006289309,0.6543408360128617,0.2948490230905861,0.3179396092362344,0.5667701863354038,0.6549295774647887,0.2484076433121019,0.8757763975155279,0.7746478873239436,0.860248447204969,0.9152276295133438,0.9780907668231612,0.2220496894409938,0.5117370892018779,0.3524844720496894,,0.5781544256120528,0.843065693430657,0.8521897810218978,0.8394160583941606,,0.6760828625235404,0.6283018867924528,0.1577825159914712,0.3242506811989101,0.3466666666666667,0.8711180124223602,2026-08-06,ELIGIBLE_CORE,PASS_CORE,VALID,A,NONE,both,LOW_20D_TURNOVER,False,2026-08-07,FRESH_OFFICIAL,2026-08-06,1,CURRENT,False
01515,UNKNOWN_BLOCKED,SELL_ONLY,SELL_ONLY,False,True,2026-08-07,01515,HKEX:01515,,,,,,,,,,,,,,,,,,,,,,,,,,,,,,,,,,,,,,,,,,,,,,,,,,,,,,,,,,,,,,,,,,,,,,,,,,,,,,,,,,,,,,,,,,,,,,,,,,,,,,,,,,,,NONE,left_only,MISSING_FMDL5E_COVERAGE|NOT_SOUTHBOUND_BUY_ELIGIBLE|FMDL5E_NOT_INVESTABLE|NON_COMMON_EQUITY|LOW_20D_TURNOVER|LOW_ACTIVE_TRADE_RATIO|EXCESS_ZERO_VOLUME_DAYS|MISSING_VALID_PRICE|FINANCIAL_EVIDENCE_INCOMPLETE,False,2026-08-07,FRESH_OFFICIAL,2026-08-06,1,CURRENT,False
01516,UNKNOWN_BLOCKED,SELL_ONLY,SELL_ONLY,False,True,2026-08-07,01516,HKEX:01516,,,,,,,,,,,,,,,,,,,,,,,,,,,,,,,,,,,,,,,,,,,,,,,,,,,,,,,,,,,,,,,,,,,,,,,,,,,,,,,,,,,,,,,,,,,,,,,,,,,,,,,,,,,,NONE,left_only,MISSING_FMDL5E_COVERAGE|NOT_SOUTHBOUND_BUY_ELIGIBLE|FMDL5E_NOT_INVESTABLE|NON_COMMON_EQUITY|LOW_20D_TURNOVER|LOW_ACTIVE_TRADE_RATIO|EXCESS_ZERO_VOLUME_DAYS|MISSING_VALID_PRICE|FINANCIAL_EVIDENCE_INCOMPLETE,False,2026-08-07,FRESH_OFFICIAL,2026-08-06,1,CURRENT,False
01528,BUY_ELIGIBLE,BUY_ELIGIBLE,BUY_ELIGIBLE_BOTH,True,False,2026-08-07,01528,HKEX:01528,HKEX-ISSUER:d1907fd5996dcf58,RS MACALLINE,Red Star Macalline Group Corporation Ltd.  - H Shares,CONFIRMED,HKEX_DI_STOCK_CODE_CONFIRMED,123562.0,123562|123562,Red Star Macalline Group Corporation Ltd.  - A Shares|Red Star Macalline Group Corporation Ltd.  - H Shares,Equity,Equity Securities (Main Board),COMMON_EQUITY,200.0,CNE100001ZS2,HKD,,False,False,False,False,True,True,False,False,FMDL5B1_20260720_d31e787a3ccd,f2025b4cb11bbd9b503899215e23b5cd35859f5544f930c6c8b9db9bb86d0756,079679f1580cb7d39f812b9b8dfb870a4a73351474c6c78c260cc25be4e44916,2026-08-06,880.0,1.0,0.0876287798253645,-0.2570422680054933,-0.2007576472530432,-0.3606060831562112,-0.4121211862870589,-0.3757396971435198,0.3,0.4166666666666667,0.3334354501939808,0.2952888316944198,0.1379463527981123,-0.353333314259847,-0.0800000031789144,3420293.467792076,1.0,0.0,0.8635758431351337,1.0549999475479126,HKD,1.0549999475479126,2026-03-31,2026-04-30T09:30:00+08:00,HKD,GENERAL_NON_FINANCIAL,True,,0.0005453045562498,0.6631232472339544,0.4340479266100998,0.0307902777140034,,0.726233503087739,0.2218515350171095,0.01,-0.0414586429207165,,GENERAL_NON_FINANCIAL,DEFAULT_GENERAL_NON_FINANCIAL,False,0.0,0.0,0.0,1.0549999475479126,0.009478673457039,105.49999475479125,0.7585669781931464,0.210691823899371,0.4019292604501607,0.2042628774422735,0.1687388987566607,0.4285714285714285,0.0273865414710485,0.447452229299363,0.5714285714285714,0.7464788732394366,0.8493788819875776,0.4960753532182103,0.4757433489827856,0.0496894409937888,0.5117370892018779,0.546583850931677,,0.2146892655367231,0.8540145985401459,0.936131386861314,0.3485401459854014,,0.1224105461393597,0.0018867924528301,0.2601279317697228,,0.1355555555555555,0.1777950310559006,2026-08-06,ELIGIBLE_WATCH,PASS_WATCH,VALID,A,NONE,both,LOW_20D_TURNOVER,False,2026-08-07,FRESH_OFFICIAL,2026-08-06,1,CURRENT,False
01610,BUY_ELIGIBLE,BUY_ELIGIBLE,BUY_ELIGIBLE_BOTH,True,False,2026-08-07,01610,HKEX:01610,HKEX-ISSUER:fa09c3081c9ad5e2,COFCO JOYCOME,COFCO Joycome Foods Ltd.,CONFIRMED,HKEX_DI_STOCK_CODE_CONFIRMED,144282.0,144282,COFCO Joycome Foods Ltd.,Equity,Equity Securities (Main Board),COMMON_EQUITY,1000.0,KYG226921008,HKD,,False,False,False,False,False,False,False,False,FMDL5B1_20260720_d31e787a3ccd,f2025b4cb11bbd9b503899215e23b5cd35859f5544f930c6c8b9db9bb86d0756,98e31f6a816236306c43dfb238508ccb0fadcd361619d8ca8779bb8fb08bf660,2026-08-06,880.0,1.0,0.0882353284917218,-0.2014388304110619,-0.3313252791418425,-0.3901098998268648,-0.4395604661921481,-0.4393939375694936,0.3166666666666666,0.25,0.3175278047653221,0.3470568871870108,0.1323860395714549,-0.4251496986753135,-0.0745341637901564,16892799.282383293,1.0,0.0,0.7365557271103702,1.1100000143051147,HKD,1.1100000143051147,2025-12-31,2026-04-30T09:30:00+08:00,HKD,GENERAL_NON_FINANCIAL,True,,-0.0343503167787991,0.0184051487007546,-0.0282863451576022,-0.040146730500635,,0.5926949524014352,0.6000626715183385,-0.1628,0.137975883060609,,GENERAL_NON_FINANCIAL,DEFAULT_GENERAL_NON_FINANCIAL,False,0.0,0.0,0.0,1.1100000143051147,,,0.7601246105919003,0.3113207547169811,0.2122186495176848,0.1705150976909414,0.1403197158081705,0.3260869565217391,0.0500782472613458,0.1035031847133758,0.610248447204969,0.6275430359937402,0.8742236024844721,0.3563579277864992,0.5195618153364632,0.2251552795031056,0.5117370892018779,0.3416149068322981,,0.1054613935969868,0.0255474452554744,0.1478102189781022,0.156934306569343,,0.3088512241054614,0.060377358490566,0.7164179104477612,,,0.1777950310559006,2026-08-06,ELIGIBLE_CORE,PASS_CORE,VALID,A,NONE,both,LOW_20D_TURNOVER,False,2026-08-07,FRESH_OFFICIAL,2026-08-06,1,CURRENT,False
01618,BUY_ELIGIBLE,BUY_ELIGIBLE,BUY_ELIGIBLE_BOTH,True,False,2026-08-07,01618,HKEX:01618,HKEX-ISSUER:9facf387a53e2963,MCC,Metallurgical Corporation of China Ltd.  - H Shares,CONFIRMED,HKEX_DI_STOCK_CODE_CONFIRMED,36730.0,36730|36730,Metallurgical Corporation of China Ltd.  - A Shares|Metallurgical Corporation of China Ltd.  - H Shares,Equity,Equity Securities (Main Board),COMMON_EQUITY,1000.0,CNE100000FF3,HKD,,False,False,False,False,True,True,False,False,FMDL5B1_20260720_d31e787a3ccd,f2025b4cb11bbd9b503899215e23b5cd35859f5544f930c6c8b9db9bb86d0756,c073b1aea032817cc7cd2a182d9527798642c42302659a60f9f3b13e64d8764d,2026-08-06,880.0,1.0,0.013888875091518,-0.0987654112039807,-0.2108108003614941,-0.1609195229052427,-0.1724137647540335,-0.5213114554188127,0.3333333333333333,0.3333333333333333,0.2072851524137691,0.2488909682263087,0.0984649627344435,-0.3265305985911895,-0.0459770359062489,13938628.660789454,1.0,0.0,0.8167757335626552,1.4600000381469729,HKD,1.4600000381469729,2026-03-31,2026-04-30T09:30:00+08:00,HKD,GENERAL_NON_FINANCIAL,True,,0.0019779792067927,0.0860083128876873,0.0306850410319225,0.0177076394448733,,0.7747556092116583,1.063274457860009,0.08,-0.245914127996995,0.0158697764941146,GENERAL_NON_FINANCIAL,DEFAULT_GENERAL_NON_FINANCIAL,False,0.0,0.0,0.0,1.4600000381469729,0.0547945191162705,18.25000047683716,0.322429906542056,0.5628930817610063,0.382636655948553,0.4245115452930728,0.4547069271758437,0.1987577639751552,0.0821596244131455,0.2484076433121019,0.8928571428571429,0.8607198748043818,0.970496894409938,0.543171114599686,0.8544600938967136,0.186335403726708,0.5117370892018779,0.4782608695652174,,0.2542372881355932,0.0802919708029197,0.22992700729927,0.2645985401459854,,0.0790960451977401,0.230188679245283,0.0362473347547974,0.4659400544959128,0.6222222222222222,0.1777950310559006,2026-08-06,ELIGIBLE_CORE,PASS_CORE,VALID,A,NONE,both,LOW_20D_TURNOVER,False,2026-08-07,FRESH_OFFICIAL,2026-08-06,1,CURRENT,False
01675,BUY_ELIGIBLE,BUY_ELIGIBLE,BUY_ELIGIBLE_BOTH,True,False,2026-08-07,01675,HKEX:01675,HKEX-ISSUER:e3e584161ae77d19,ASIAINFO TECH,AsiaInfo Technologies Ltd.,CONFIRMED,HKEX_DI_STOCK_CODE_CONFIRMED,227118.0,227118,AsiaInfo Technologies Ltd.,Equity,Equity Securities (Main Board),COMMON_EQUITY,400.0,VGG0542G1028,HKD,,False,False,False,False,False,False,False,False,FMDL5B1_20260720_d31e787a3ccd,f2025b4cb11bbd9b503899215e23b5cd35859f5544f930c6c8b9db9bb86d0756,7bfd8c1965d1bf132cb4675d9c804ab92ff4d84a7e87eea848d7df870795240a,2026-08-06,880.0,1.0,-0.0105931601949658,-0.2224900182491008,-0.3902472811660642,-0.5589265436625206,-0.5542041568821232,-0.6060529243924264,0.4333333333333333,0.25,0.4768593112297371,0.4984186046177389,0.2677831171638433,-0.4780716886351558,-0.0679405879128767,16389605.765541552,1.0,0.0,0.9054479073607444,4.670000076293945,HKD,4.670000076293945,2025-12-31,2026-04-14T09:30:00+08:00,HKD,GENERAL_NON_FINANCIAL,True,,0.0118377399698004,0.3405013217732389,0.0207313706137915,0.0180475203660978,,0.3331009595669646,2.350219924682997,0.13,-0.0516950161224818,-0.791274634485619,GENERAL_NON_FINANCIAL,DEFAULT_GENERAL_NON_FINANCIAL,False,0.054,1.0,0.0115631689759743,4.670000076293945,0.0278372586458641,35.92307750995342,0.2383177570093458,0.2720125786163522,0.1463022508038585,0.0586145648312611,0.0674955595026643,0.1024844720496894,0.5461658841940532,0.1035031847133758,0.3773291925465838,0.3896713615023474,0.4145962732919254,0.249607535321821,0.5884194053208138,0.2158385093167701,0.5117370892018779,0.6381987577639752,,0.4463276836158192,0.5273722627737226,0.2043795620437956,0.2682481751824817,,0.7156308851224106,0.7188679245283018,0.2302771855010661,0.0163487738419618,0.3866666666666666,0.4192546583850932,2026-08-06,ELIGIBLE_CORE,PASS_CORE,VALID,A,NONE,both,LOW_20D_TURNOVER,False,2026-08-07,FRESH_OFFICIAL,2026-08-06,1,CURRENT,False
01681,BUY_ELIGIBLE,BUY_ELIGIBLE,BUY_ELIGIBLE_BOTH,True,False,2026-08-07,01681,HKEX:01681,HKEX-ISSUER:508116ebc1658bcc,CONSUN PHARMA,Consun Pharmaceutical Group Ltd.,CONFIRMED,HKEX_DI_STOCK_CODE_CONFIRMED,95940.0,95940,Consun Pharmaceutical Group Ltd.,Equity,Equity Securities (Main Board),COMMON_EQUITY,1000.0,KYG2524A1031,HKD,,False,False,False,False,False,False,False,False,FMDL5B1_20260720_d31e787a3ccd,f2025b4cb11bbd9b503899215e23b5cd35859f5544f930c6c8b9db9bb86d0756,5d027a82105fb39b89033d1d6a1db828a41fa8e1fea84566599936b90955763c,2026-08-06,880.0,1.0,0.0335320273253982,-0.0754189294203926,-0.1833837625770841,0.096017838631196,0.0604585147375646,-0.2592790599200818,0.5,0.4166666666666667,0.2459394260669864,0.2789587856437881,0.1775780511257672,-0.3335113864891269,-0.0537262008788065,15104647.322740411,1.0,0.0,0.6785519412622566,13.869999885559082,HKD,13.869999885559082,2025-12-31,2026-04-29T09:30:00+08:00,HKD,GENERAL_NON_FINANCIAL,True,,0.168184575936779,0.7804632530129296,0.3518449209988427,0.3154682495672823,,0.2452647985818459,3.219396819026831,1.27,0.1516967816839582,0.1840930608550861,GENERAL_NON_FINANCIAL,DEFAULT_GENERAL_NON_FINANCIAL,False,0.73,2.0,0.0526315793816298,13.869999885559082,0.0915645285132464,10.921259752408726,0.4361370716510903,0.6084905660377359,0.4340836012861736,0.7584369449378331,0.7815275310834814,0.5962732919254659,0.8802816901408451,0.447452229299363,0.8027950310559007,0.7871674491392802,0.6956521739130435,0.5274725274725275,0.7496087636932708,0.2003105590062111,0.5117370892018779,0.2437888198757763,,0.96045197740113,0.9124087591240876,0.8959854014598541,0.9324817518248176,,0.8267419962335216,0.809433962264151,0.7313432835820896,0.6539509536784741,0.82,0.7701863354037267,2026-08-06,ELIGIBLE_CORE,PASS_CORE,VALID,A,NONE,both,LOW_20D_TURNOVER,False,2026-08-07,FRESH_OFFICIAL,2026-08-06,1,CURRENT,False
01688,BUY_ELIGIBLE,BUY_ELIGIBLE,BUY_ELIGIBLE_BOTH,True,False,2026-08-07,01688,HKEX:01688,HKEX-ISSUER:4759053a88b9fd46,LINGYI ITECH,LINGYI iTECH (GUANGDONG) COMPANY  - H Shares,CONFIRMED,HKEX_DI_STOCK_CODE_CONFIRMED,549722.0,549722|549722,LINGYI iTECH (GUANGDONG) COMPANY  - A Shares|LINGYI iTECH (GUANGDONG) COMPANY  - H Shares,Equity,Equity Securities (Main Board),COMMON_EQUITY,660.0,CNE100007QH1,HKD,,False,False,False,False,True,True,False,False,FMDL5B1_20260720_d31e787a3ccd,f2025b4cb11bbd9b503899215e23b5cd35859f5544f930c6c8b9db9bb86d0756,f224109b551d7ca223b7b6fe00b2e34fca3db75d535404eb73016ea94a6a3e63,2026-08-06,29.0,0.116,-0.2016434666194692,,,,,-0.4081537008372849,,,0.8427686769829963,,0.6249318611334181,,,153899673.3274366,,0.0,0.5942852716503287,6.315000057220459,HKD,6.315000057220459,2026-03-31,2026-06-26T09:30:00+08:00,HKD,GENERAL_NON_FINANCIAL,True,,0.0069646089983483,0.146518704550815,0.0391609057558171,0.0309770666155394,,0.5573798586186614,1.185633268741785,0.05,,,GENERAL_NON_FINANCIAL,DEFAULT_GENERAL_NON_FINANCIAL,False,0.0,0.0,0.0,6.315000057220459,0.0079176563019711,126.30000114440918,0.0498442367601246,,,,,0.3850931677018633,,,0.108695652173913,,0.0636645962732919,,,0.7096273291925466,,0.1506211180124223,,0.352165725047081,0.1952554744525547,0.2645985401459854,0.3503649635036496,,0.3653483992467043,0.3226415094339622,,,0.1133333333333333,0.1777950310559006,2026-08-06,REVIEW_ONLY,WATCH_GATE_FAIL,PARTIAL_MARKET,C,NONE,both,FMDL5E_NOT_INVESTABLE|LOW_ACTIVE_TRADE_RATIO,False,2026-08-07,FRESH_OFFICIAL,2026-08-06,1,CURRENT,False
01691,BUY_ELIGIBLE,BUY_ELIGIBLE,BUY_ELIGIBLE_BOTH,True,False,2026-08-07,01691,HKEX:01691,HKEX-ISSUER:579f3f41e54200fe,JS GLOBAL LIFE,JS Global Lifestyle Co. Ltd.,CONFIRMED,HKEX_DI_STOCK_CODE_CONFIRMED,261527.0,261527,JS Global Lifestyle Co. Ltd.,Equity,Equity Securities (Main Board),COMMON_EQUITY,500.0,KYG2S85A1045,HKD,,False,False,False,False,False,False,False,False,FMDL5B1_20260720_d31e787a3ccd,f2025b4cb11bbd9b503899215e23b5cd35859f5544f930c6c8b9db9bb86d0756,781c50d401525f5bc4ad287e748a2bd1e86b644a7e58361d8e541c7f362dd73e,2026-08-06,880.0,1.0,0.0583941917057657,-0.1369047065744847,-0.1988949759539707,-0.1899440901760355,-0.2346368525337102,-0.3640350588250794,0.35,0.4166666666666667,0.3081495259178933,0.3999864798861623,0.2354258375906649,-0.2950820045894924,-0.0625000206960564,3205365.02956748,1.0,0.0,0.3879623647098746,1.4500000476837158,HKD,1.4500000476837158,2025-12-31,2026-04-30T09:30:00+08:00,HKD,GENERAL_NON_FINANCIAL,True,,-0.0147595386956601,0.3216864921669138,-0.0080810430215665,-0.0145520236351376,,0.5835579350091369,1.4777328912461023,-0.0492016,0.0182805790801448,,GENERAL_NON_FINANCIAL,DEFAULT_GENERAL_NON_FINANCIAL,False,0.0,0.0,0.0,1.4500000476837158,,,0.6043613707165109,0.4716981132075472,0.405144694533762,0.3943161634103019,0.3872113676731794,0.4518633540372671,0.1244131455399061,0.447452229299363,0.639751552795031,0.5305164319248826,0.5093167701863354,0.6106750392464678,0.6431924882629108,0.0450310559006211,0.5117370892018779,0.0434782608695652,,0.1506591337099811,0.4908759124087591,0.1660583941605839,0.1806569343065693,,0.3258003766478343,0.460377358490566,0.4008528784648187,,,0.1777950310559006,2026-08-06,ELIGIBLE_WATCH,PASS_WATCH,VALID,A,NONE,both,LOW_20D_TURNOVER,False,2026-08-07,FRESH_OFFICIAL,2026-08-06,1,CURRENT,False
01709,UNKNOWN_BLOCKED,SELL_ONLY,SELL_ONLY,False,True,2026-08-07,01709,HKEX:01709,,,,,,,,,,,,,,,,,,,,,,,,,,,,,,,,,,,,,,,,,,,,,,,,,,,,,,,,,,,,,,,,,,,,,,,,,,,,,,,,,,,,,,,,,,,,,,,,,,,,,,,,,,,,NONE,left_only,MISSING_FMDL5E_COVERAGE|NOT_SOUTHBOUND_BUY_ELIGIBLE|FMDL5E_NOT_INVESTABLE|NON_COMMON_EQUITY|LOW_20D_TURNOVER|LOW_ACTIVE_TRADE_RATIO|EXCESS_ZERO_VOLUME_DAYS|MISSING_VALID_PRICE|FINANCIAL_EVIDENCE_INCOMPLETE,False,2026-08-07,FRESH_OFFICIAL,2026-08-06,1,CURRENT,False
01768,BUY_ELIGIBLE,BUY_ELIGIBLE,BUY_ELIGIBLE_BOTH,True,False,2026-08-07,01768,HKEX:01768,HKEX-ISSUER:5602a9a2c90259b1,BUSYMING,"Busy Ming Group Co., Ltd.  - H Shares",CONFIRMED,HKEX_DI_STOCK_CODE_CONFIRMED,531550.0,531550|531550,"Busy Ming Group Co., Ltd.  - Domestic Shares|Busy Ming Group Co., Ltd.  - H Shares",Equity,Equity Securities (Main Board),COMMON_EQUITY,100.0,CNE100007DZ1,HKD,,False,False,False,False,True,False,False,False,FMDL5B1_20260720_d31e787a3ccd,f2025b4cb11bbd9b503899215e23b5cd35859f5544f930c6c8b9db9bb86d0756,81e34f3b1051ec2c76880e618ca242df90abda125e70f2adb7aa3b1e65ac7f52,2026-08-06,127.0,0.508,0.0169583741409939,-0.1413395201086171,-0.0372864421514907,,,-0.2014605177855014,0.4166666666666667,0.4285714285714285,0.7121328755338253,0.6905248235949876,0.3551236800855599,-0.3741409147840556,-0.087001026259018,149752707.06696168,1.0,0.0,1.0094967799772157,371.7999877929688,HKD,371.7999877929688,2025-12-31,2026-04-30T09:30:00+08:00,HKD,GENERAL_NON_FINANCIAL,True,,0.1848400496284138,0.0983149760641989,0.0491185355322965,0.0351991714232794,,0.3584475201109512,2.0396700094838374,11.79,,,GENERAL_NON_FINANCIAL,DEFAULT_GENERAL_NON_FINANCIAL,False,0.0,0.0,0.0,371.7999877929688,0.0317105981363428,31.53519828608725,0.3348909657320872,0.4638364779874214,0.7395498392282959,,,0.703416149068323,0.4405320813771518,0.5517515923566879,0.1537267080745341,0.189358372456964,0.2484472049689441,0.4521193092621664,0.4006259780907668,0.7018633540372671,0.5117370892018779,0.7872670807453416,,0.9717514124293786,0.0985401459854014,0.3029197080291971,0.3704379562043796,,0.664783427495292,0.6509433962264151,,,0.44,0.1777950310559006,2026-08-06,REVIEW_ONLY,WATCH_GATE_FAIL,VALID_WITH_CONTROLLED_NULLS,B,NONE,both,FMDL5E_NOT_INVESTABLE,False,2026-08-07,FRESH_OFFICIAL,2026-08-06,1,CURRENT,False
01773,BUY_ELIGIBLE,BUY_ELIGIBLE,BUY_ELIGIBLE_BOTH,True,False,2026-08-07,01773,HKEX:01773,HKEX-ISSUER:c9970f30e44333a5,TIANLI INT HLDG,Tianli International Holdings Ltd.,CONFIRMED,HKEX_DI_STOCK_CODE_CONFIRMED,209173.0,209173,Tianli International Holdings Ltd.,Equity,Equity Securities (Main Board),COMMON_EQUITY,1000.0,KYG888461038,HKD,,False,False,False,False,False,False,False,False,FMDL5B1_20260720_d31e787a3ccd,f2025b4cb11bbd9b503899215e23b5cd35859f5544f930c6c8b9db9bb86d0756,d8580e1f56df7c1d4f6047fb037925892952c92e079d0e57e070156e8dd12db2,2026-08-06,880.0,1.0,-0.1188524405951787,-0.3445121603289363,-0.6076642175393758,-0.7330650965958921,-0.6970599299118398,-0.7513986893077017,0.35,0.25,0.6843481853541126,0.5306041331963309,0.2941790288032392,-0.6258740938113787,-0.1061452190280939,11528200.087628264,1.0,0.0,0.9346274665526972,1.0750000476837158,HKD,1.0750000476837158,2026-02-28,2026-05-18T09:30:00+08:00,HKD,GENERAL_NON_FINANCIAL,True,,,0.3515253560221836,0.311793112331089,0.219751881144871,,,,0.2284,0.142210495455878,0.1841742611704588,GENERAL_NON_FINANCIAL,DEFAULT_GENERAL_NON_FINANCIAL,False,0.0429,1.0,0.0399069749740345,1.0750000476837158,0.2124651068547667,4.706655200016269,0.0903426791277258,0.110062893081761,0.0418006430868167,0.0230905861456483,0.0213143872113676,0.0450310559006211,0.1244131455399061,0.1035031847133758,0.1785714285714285,0.3552425665101721,0.3633540372670807,0.0832025117739403,0.2832550860719874,0.1583850931677018,0.5117370892018779,0.6770186335403726,,,0.5547445255474452,0.8667883211678832,0.8558394160583942,,,,0.720682302771855,0.6566757493188011,0.9888888888888888,0.6490683229813664,2026-08-06,ELIGIBLE_CORE,PASS_CORE,VALID,A,NONE,both,LOW_20D_TURNOVER,False,2026-08-07,FRESH_OFFICIAL,2026-08-06,1,CURRENT,False
01788,BUY_ELIGIBLE,BUY_ELIGIBLE,BUY_ELIGIBLE_BOTH,True,False,2026-08-07,01788,HKEX:01788,HKEX-ISSUER:6e115db19741daf0,GUOTAI JUNAN I,Guotai Junan International Holdings Ltd.,CONFIRMED,HKEX_DI_STOCK_CODE_CONFIRMED,47778.0,47778,Guotai Junan International Holdings Ltd.,Equity,Equity Securities (Main Board),COMMON_EQUITY,1000.0,HK0000065869,HKD,,False,False,False,False,False,False,False,False,FMDL5B1_20260720_d31e787a3ccd,f2025b4cb11bbd9b503899215e23b5cd35859f5544f930c6c8b9db9bb86d0756,c657c89292ddea2546684dd2599bfcca796233e1bdefa6de114fb0f0cb805a59,2026-08-06,880.0,1.0,0.0297029422505346,-0.1289381687671864,-0.1799768961293967,-0.6726005838746363,-0.6820447891410366,-0.669019681756056,0.3333333333333333,0.3333333333333333,0.1779003859862133,0.3256335904579362,0.1479742847969887,-0.3663550285453479,-0.1294498608690248,52827730.72483001,0.8166666666666667,11.0,0.5687430289002575,2.0799999237060547,HKD,2.0799999237060547,2025-12-31,2026-04-30T09:30:00+08:00,HKD,GENERAL_NON_FINANCIAL,True,0.0842391986645996,0.0087645062701228,,,,,0.8959569130634897,1.141771902363384,0.12735402,,2.77304534121496,GENERAL_NON_FINANCIAL,DEFAULT_GENERAL_NON_FINANCIAL,False,0.07,2.0,0.0336538473882619,2.0799999237060547,0.061227896476595,16.332424557199328,0.4127725856697819,0.4921383647798742,0.4437299035369775,0.0301953818827708,0.0248667850799289,0.0729813664596273,0.0821596244131455,0.2484076433121019,0.9596273291925466,0.6807511737089202,0.8245341614906833,0.4678178963893249,0.1956181533646322,0.4860248447204969,0.0125195618153364,0.124223602484472,0.8,0.3898305084745763,,,,,0.0225988700564971,0.2886792452830188,,0.9509536784741144,0.6533333333333333,0.6040372670807453,2026-08-06,REVIEW_ONLY,WATCH_GATE_FAIL,VALID,A,NONE,both,FMDL5E_NOT_INVESTABLE|LOW_ACTIVE_TRADE_RATIO|EXCESS_ZERO_VOLUME_DAYS,False,2026-08-07,FRESH_OFFICIAL,2026-08-06,1,CURRENT,False
01789,BUY_ELIGIBLE,BUY_ELIGIBLE,BUY_ELIGIBLE_BOTH,True,False,2026-08-07,01789,HKEX:01789,HKEX-ISSUER:743118627091393b,AK MEDICAL,AK Medical Holdings Ltd.,CONFIRMED,HKEX_DI_STOCK_CODE_CONFIRMED,188087.0,188087,AK Medical Holdings Ltd.,Equity,Equity Securities (Main Board),COMMON_EQUITY,2000.0,KYG020141019,HKD,,False,False,False,False,False,False,False,False,FMDL5B1_20260720_d31e787a3ccd,f2025b4cb11bbd9b503899215e23b5cd35859f5544f930c6c8b9db9bb86d0756,cbc64a799c0dc6da98ba5783a3113cff8059b90275e25b86bbd2f7a5e147c4c8,2026-08-06,880.0,1.0,0.0576559225969794,-0.090000460678171,-0.0616562070056431,-0.1799574993409504,-0.2246604182525556,-0.1960818947080371,0.3833333333333333,0.5833333333333334,0.3762065083858076,0.3557103019651521,0.1760142524945011,-0.3117483756778557,-0.0561797673627024,19055289.533038355,1.0,0.0,0.6281023764381615,5.59499979019165,HKD,5.59499979019165,2025-12-31,2026-04-29T09:30:00+08:00,HKD,GENERAL_NON_FINANCIAL,True,,0.0925791742042718,0.6053503719208683,0.252205992961599,0.2287406092257421,,0.2047185363112812,4.103651993640777,0.304,0.1010578760629452,0.237903667413827,GENERAL_NON_FINANCIAL,DEFAULT_GENERAL_NON_FINANCIAL,False,0.118,1.0,0.0210902599508333,5.59499979019165,0.0543342290258757,18.40460457299885,0.5996884735202492,0.5849056603773585,0.6945337620578779,0.4031971580817051,0.3978685612788632,0.7127329192546584,0.2472613458528951,0.8343949044585988,0.5186335403726708,0.6103286384976526,0.703416149068323,0.5824175824175825,0.7214397496087637,0.2562111801242236,0.5117370892018779,0.1801242236024844,,0.8907721280602636,0.8083941605839416,0.8120437956204379,0.864963503649635,,0.871939736346516,0.879245283018868,0.652452025586354,0.6975476839237057,0.62,0.5,2026-08-06,ELIGIBLE_CORE,PASS_CORE,VALID,A,NONE,both,LOW_20D_TURNOVER,False,2026-08-07,FRESH_OFFICIAL,2026-08-06,1,CURRENT,False
01798,UNKNOWN_BLOCKED,SELL_ONLY,SELL_ONLY,False,True,2026-08-07,01798,HKEX:01798,,,,,,,,,,,,,,,,,,,,,,,,,,,,,,,,,,,,,,,,,,,,,,,,,,,,,,,,,,,,,,,,,,,,,,,,,,,,,,,,,,,,,,,,,,,,,,,,,,,,,,,,,,,,NONE,left_only,MISSING_FMDL5E_COVERAGE|NOT_SOUTHBOUND_BUY_ELIGIBLE|FMDL5E_NOT_INVESTABLE|NON_COMMON_EQUITY|LOW_20D_TURNOVER|LOW_ACTIVE_TRADE_RATIO|EXCESS_ZERO_VOLUME_DAYS|MISSING_VALID_PRICE|FINANCIAL_EVIDENCE_INCOMPLETE,False,2026-08-07,FRESH_OFFICIAL,2026-08-06,1,CURRENT,False
01811,BUY_ELIGIBLE,BUY_ELIGIBLE,BUY_ELIGIBLE_BOTH,True,False,2026-08-07,01811,HKEX:01811,HKEX-ISSUER:bf7c3eb95c885e91,CGN NEW ENERGY,"CGN New Energy Holdings Co., Ltd.",CONFIRMED,HKEX_DI_STOCK_CODE_CONFIRMED,109986.0,109986,"CGN New Energy Holdings Co., Ltd.",Equity,Equity Securities (Main Board),COMMON_EQUITY,2000.0,BMG202981087,HKD,,False,False,False,False,False,False,False,False,FMDL5B1_20260720_d31e787a3ccd,f2025b4cb11bbd9b503899215e23b5cd35859f5544f930c6c8b9db9bb86d0756,bba82dbb16a444ecde124bbd0f7db11da4dcc10cf71fcf68dd6357be554a2bb9,2026-08-06,880.0,1.0,0.0277777501830358,-0.1672711493750925,-0.0924556613120245,-0.0743771395079464,-0.0993939493949832,-0.2739645715080594,0.4166666666666667,0.5,0.2162988744692396,0.3348927178198259,0.2588508472672083,-0.249122745083014,-0.066666605319194,9507443.998379515,1.0,0.0,0.5267837397951743,2.220000028610229,HKD,2.220000028610229,2025-12-31,2026-04-30T09:30:00+08:00,HKD,GENERAL_NON_FINANCIAL,True,,0.0303463014743809,0.6874655167321381,0.2839844049974894,0.1629606875978379,,0.7780528218898886,0.5515770004439751,0.45195184,-0.1517288364121467,0.0875946827970148,GENERAL_NON_FINANCIAL,DEFAULT_GENERAL_NON_FINANCIAL,False,0.1254,1.0,0.0564864857585174,2.220000028610229,0.2035819072862499,4.912027858123621,0.397196261682243,0.3946540880503145,0.6270096463022508,0.5523978685612788,0.5772646536412078,0.5760869565217391,0.4405320813771518,0.6632165605095541,0.8664596273291926,0.6588419405320813,0.4394409937888199,0.7299843014128728,0.6009389671361502,0.1195652173913043,0.5117370892018779,0.093167701863354,,0.6308851224105462,0.8631386861313869,0.8394160583941606,0.7864963503649635,,0.0753295668549905,0.0509433962264151,0.0767590618336887,0.5504087193460491,0.9822222222222222,0.812111801242236,2026-08-06,ELIGIBLE_CORE,PASS_CORE,VALID,A,NONE,both,LOW_20D_TURNOVER,False,2026-08-07,FRESH_OFFICIAL,2026-08-06,1,CURRENT,False
01828,BUY_ELIGIBLE,BUY_ELIGIBLE,BUY_ELIGIBLE_BOTH,True,False,2026-08-07,01828,HKEX:01828,HKEX-ISSUER:10143c65683a6eaa,FWD,FWD Group Holdings Ltd.,CONFIRMED,HKEX_DI_STOCK_CODE_CONFIRMED,506723.0,506723,FWD Group Holdings Ltd.,Equity,Equity Securities (Main Board),COMMON_EQUITY,100.0,KYG370481080,HKD,,False,False,False,False,False,False,False,False,FMDL5B1_20260720_d31e787a3ccd,f2025b4cb11bbd9b503899215e23b5cd35859f5544f930c6c8b9db9bb86d0756,47d7a4e6c5335e51fcc732117ac82ec366f4ed49b88f5df6132fb526c44c6ead,2026-08-06,268.0,1.0,0.0290858787049075,-0.0394311958514735,-0.1893071621097544,-0.2230065538992289,-0.2449673422021803,-0.4029730807121913,0.4666666666666667,0.1666666666666666,0.3477232262476269,0.2907587251187075,0.1815446122300142,-0.2814775799694645,-0.0559085214254995,10012725.273917388,1.0,0.0,0.9152899902616144,29.71999931335449,HKD,29.71999931335449,2025-12-31,2026-04-17T09:30:00+08:00,HKD,INSURANCE,True,0.0151228733459357,0.0016676555008578,,,,0.0238442666324583,0.8897262800057727,,0.90530944,,,INSURANCE,OFFICIAL_NAME_INSURANCE,False,0.0,0.0,0.0,29.71999931335449,0.0304612873794113,32.828553420755775,0.4080996884735202,0.720125786163522,0.4212218649517685,0.3587921847246891,0.3801065719360568,0.3944099378881988,0.7480438184663537,0.0310509554140127,0.5527950310559007,0.7636932707355243,0.6754658385093167,0.6436420722135008,0.7261345852895149,0.1304347826086956,0.5117370892018779,0.6506211180124224,0.0833333333333333,0.0833333333333333,,,,0.5,0.6666666666666666,,,,0.2727272727272727,0.1777950310559006,2026-08-06,ELIGIBLE_CORE,PASS_CORE,VALID,A,NONE,both,LOW_20D_TURNOVER,False,2026-08-07,FRESH_OFFICIAL,2026-08-06,1,CURRENT,False
01836,BUY_ELIGIBLE,BUY_ELIGIBLE,BUY_ELIGIBLE_BOTH,True,False,2026-08-07,01836,HKEX:01836,HKEX-ISSUER:2ac900813d73a56f,STELLA HOLDINGS,Stella International Holdings Ltd.,CONFIRMED,HKEX_DI_STOCK_CODE_CONFIRMED,14865.0,14865,Stella International Holdings Ltd.,Equity,Equity Securities (Main Board),COMMON_EQUITY,500.0,KYG846981028,HKD,,False,False,False,False,False,False,False,False,FMDL5B1_20260720_d31e787a3ccd,f2025b4cb11bbd9b503899215e23b5cd35859f5544f930c6c8b9db9bb86d0756,fb3b9c2c6d0b1e9ac9258254b8b7c982c0e471b9495ab437d6baf41000321e68,2026-08-06,880.0,1.0,0.1287999725341797,-0.0213415104025658,0.0204021715381628,-0.0316407507611342,-0.1421338830608944,-0.0975245648641789,0.4,0.3333333333333333,0.2951693525771713,0.2576799076671048,0.1305817057112505,-0.1490686694609401,-0.0325511206611699,16594721.172229242,1.0,0.0,0.9746316143410624,14.109999656677246,HKD,14.109999656677246,2025-12-31,2026-04-16T09:30:00+08:00,HKD,GENERAL_NON_FINANCIAL,True,,0.095820845358362,0.2180116759444593,0.0940138335805359,0.0878765434771948,,0.2288868735295669,2.8784530386740337,1.1632664,-0.0063037992509794,-0.2112005782565215,GENERAL_NON_FINANCIAL,DEFAULT_GENERAL_NON_FINANCIAL,False,1.4500000000000002,2.0,0.1027639996655719,14.109999656677246,0.0824426951314282,12.129637421554724,0.8644859813084113,0.7688679245283019,0.8070739549839229,0.6163410301953819,0.5062166962699822,0.8835403726708074,0.3356807511737089,0.2484076433121019,0.6677018633540373,0.8341158059467919,0.8835403726708074,0.945054945054945,0.97339593114241,0.2189440993788819,0.5117370892018779,0.734472049689441,,0.8945386064030132,0.3503649635036496,0.4671532846715328,0.5766423357664233,,0.8493408662900188,0.7849056603773585,0.3304904051172708,0.1934604904632152,0.78,0.9891304347826086,2026-08-06,ELIGIBLE_CORE,PASS_CORE,VALID,A,NONE,both,LOW_20D_TURNOVER,False,2026-08-07,FRESH_OFFICIAL,2026-08-06,1,CURRENT,False
01855,UNKNOWN_BLOCKED,SELL_ONLY,SELL_ONLY,False,True,2026-08-07,01855,HKEX:01855,,,,,,,,,,,,,,,,,,,,,,,,,,,,,,,,,,,,,,,,,,,,,,,,,,,,,,,,,,,,,,,,,,,,,,,,,,,,,,,,,,,,,,,,,,,,,,,,,,,,,,,,,,,,NONE,left_only,MISSING_FMDL5E_COVERAGE|NOT_SOUTHBOUND_BUY_ELIGIBLE|FMDL5E_NOT_INVESTABLE|NON_COMMON_EQUITY|LOW_20D_TURNOVER|LOW_ACTIVE_TRADE_RATIO|EXCESS_ZERO_VOLUME_DAYS|MISSING_VALID_PRICE|FINANCIAL_EVIDENCE_INCOMPLETE,False,2026-08-07,FRESH_OFFICIAL,2026-08-06,1,CURRENT,False
01858,BUY_ELIGIBLE,BUY_ELIGIBLE,BUY_ELIGIBLE_BOTH,True,False,2026-08-07,01858,HKEX:01858,HKEX-ISSUER:8e84a7309a4b052b,CHUNLI MEDICAL,"Beijing Chunlizhengda Medical Instruments Co., Ltd.  - H Shares",CONFIRMED,HKEX_DI_STOCK_CODE_CONFIRMED,117715.0,117715|117715|117715,"Beijing Chunlizhengda Medical Instruments Co., Ltd.  - A Shares|Beijing Chunlizhengda Medical Instruments Co., Ltd.  - Domestic Shares|Beijing Chunlizhengda Medical Instruments Co., Ltd.  - H Shares",Equity,Equity Securities (Main Board),COMMON_EQUITY,250.0,CNE100001TP1,HKD,,False,False,False,False,True,True,False,False,FMDL5B1_20260720_d31e787a3ccd,f2025b4cb11bbd9b503899215e23b5cd35859f5544f930c6c8b9db9bb86d0756,62bc02247b789edaa347d2ed916c59662b38ed1f1b043dd2beee499de27a8e91,2026-08-06,880.0,1.0,0.0779601386483739,-0.1757715726962583,-0.3368814171408858,-0.4278626018974372,-0.4692406726468096,-0.5246506190510185,0.35,0.3333333333333333,0.4732599663220295,0.3869568286349732,0.2162816501985353,-0.3993924093892076,-0.1386622693117438,6136953.843569756,1.0,0.0,0.8862441139824269,9.19499969482422,HKD,9.19499969482422,2026-03-31,2026-04-30T09:30:00+08:00,HKD,GENERAL_NON_FINANCIAL,True,,0.0169919968790268,0.6626393556454903,0.3109480912506863,0.28441865635393,,0.1605538876685298,6.08795394078589,0.16,-0.0560013381876327,0.0626795746707469,GENERAL_NON_FINANCIAL,DEFAULT_GENERAL_NON_FINANCIAL,False,0.40217,2.0,0.0437379024848013,9.19499969482422,0.0174007618608255,57.46874809265137,0.719626168224299,0.3757861635220126,0.2057877813504823,0.147424511545293,0.1261101243339254,0.1925465838509316,0.1244131455399061,0.2484076433121019,0.3819875776397515,0.5555555555555556,0.5667701863354038,0.4065934065934066,0.1658841940532081,0.0869565217391304,0.5117370892018779,0.5993788819875776,,0.5141242937853108,0.8521897810218978,0.864963503649635,0.9124087591240876,,0.9246704331450094,0.9433962264150944,0.2196162046908315,0.5149863760217984,0.2422222222222222,0.6754658385093167,2026-08-06,ELIGIBLE_CORE,PASS_CORE,VALID,A,NONE,both,LOW_20D_TURNOVER,False,2026-08-07,FRESH_OFFICIAL,2026-08-06,1,CURRENT,False
01883,BUY_ELIGIBLE,BUY_ELIGIBLE,BUY_ELIGIBLE_BOTH,True,False,2026-08-07,01883,HKEX:01883,HKEX-ISSUER:c09ceb2a58f21798,CITIC TELECOM,CITIC Telecom International Holdings Ltd.,CONFIRMED,HKEX_DI_STOCK_CODE_CONFIRMED,13746.0,13746,CITIC Telecom International Holdings Ltd.,Equity,Equity Securities (Main Board),COMMON_EQUITY,1000.0,HK1883037637,HKD,,False,False,False,False,False,False,False,False,FMDL5B1_20260720_d31e787a3ccd,f2025b4cb11bbd9b503899215e23b5cd35859f5544f930c6c8b9db9bb86d0756,75d1ebfc7389da343dcac875b2735ce4afd03304e93a2a095d8730c611af8fdc,2026-08-06,880.0,1.0,0.0568627386815452,-0.0081717811371474,0.0956241907841031,0.1356612835279895,0.0745589204372432,-0.0409252711311408,0.45,0.6666666666666666,0.1312799321895551,0.1552290287107384,0.0873024262202746,-0.1209964132002782,-0.0249110087787249,9557345.491179751,1.0,0.0,0.8254508757531498,2.694999933242798,HKD,2.694999933242798,2025-12-31,2026-04-13T09:30:00+08:00,HKD,GENERAL_NON_FINANCIAL,True,,0.0541590628127391,0.3761889829622661,0.1348385073690812,0.0961638967283369,,0.344145523047036,1.0091096091683809,0.22490178,-0.0252538817646998,-0.01392435045409,GENERAL_NON_FINANCIAL,DEFAULT_GENERAL_NON_FINANCIAL,False,0.19,2.0,0.0705009293901464,2.694999933242798,0.0834514974289382,11.983008463707124,0.5919003115264797,0.8050314465408805,0.8697749196141479,0.7868561278863233,0.7939609236234458,0.9580745341614908,0.6549295774647887,0.9363057324840764,0.9891304347826086,0.9890453834115804,0.9875776397515528,0.976452119309262,0.9968701095461658,0.1226708074534161,0.5117370892018779,0.4922360248447205,,0.7721280602636534,0.5967153284671532,0.5894160583941606,0.6113138686131386,,0.6949152542372882,0.1962264150943396,0.2878464818763326,0.4087193460490463,0.7888888888888889,0.9192546583850932,2026-08-06,ELIGIBLE_CORE,PASS_CORE,VALID,A,NONE,both,LOW_20D_TURNOVER,False,2026-08-07,FRESH_OFFICIAL,2026-08-06,1,CURRENT,False
01921,BUY_ELIGIBLE,BUY_ELIGIBLE,BUY_ELIGIBLE_BOTH,True,False,2026-08-07,01921,HKEX:01921,HKEX-ISSUER:96e9013ef232cb4a,DALIPAL HLDG,Dalipal Holdings Ltd.,CONFIRMED,HKEX_DI_STOCK_CODE_CONFIRMED,257824.0,257824,Dalipal Holdings Ltd.,Equity,Equity Securities (Main Board),COMMON_EQUITY,2000.0,KYG2643G1064,HKD,,False,False,False,False,False,False,False,False,FMDL5B1_20260720_d31e787a3ccd,f2025b4cb11bbd9b503899215e23b5cd35859f5544f930c6c8b9db9bb86d0756,19cee29c200642321315401e4ebf09fa2e6b4dc88f34a3959bdfd6541560e514,2026-08-06,880.0,1.0,0.1928105109871229,-0.1009851855149084,-0.4131832446163205,-0.3562610147700097,-0.4603174776710701,-0.5403022583043683,0.4333333333333333,0.5,0.5838091640808096,0.5611780977073861,0.3989823879669841,-0.6103351925543075,-0.1754717493787172,10770100.870848777,1.0,0.0,0.6890506167590496,3.650000095367432,HKD,3.650000095367432,2025-12-31,2026-04-30T09:30:00+08:00,HKD,GENERAL_NON_FINANCIAL,True,,0.0028721492772535,0.1031822222530286,0.0245268861736913,0.0039633373246852,,0.7178983477240786,1.0681322564137234,0.01,0.0517036300855582,,GENERAL_NON_FINANCIAL,DEFAULT_GENERAL_NON_FINANCIAL,False,0.0,0.0,0.0,3.650000095367432,0.0027397259558135,365.0000095367432,0.9361370716510904,0.5550314465408805,0.1221864951768488,0.2131438721136767,0.1314387211367673,0.1661490683229813,0.5461658841940532,0.6632165605095541,0.2593167701863354,0.3129890453834116,0.1739130434782608,0.0941915227629513,0.0876369327073552,0.1428571428571428,0.5117370892018779,0.2686335403726708,,0.2749529190207156,0.1076642335766423,0.2116788321167883,0.2098540145985401,,0.1299435028248587,0.2377358490566037,0.5202558635394456,,0.0311111111111111,0.1777950310559006,2026-08-06,ELIGIBLE_CORE,PASS_CORE,VALID,A,NONE,both,LOW_20D_TURNOVER,False,2026-08-07,FRESH_OFFICIAL,2026-08-06,1,CURRENT,False
01958,UNKNOWN_BLOCKED,SELL_ONLY,SELL_ONLY,False,True,2026-08-07,01958,HKEX:01958,,,,,,,,,,,,,,,,,,,,,,,,,,,,,,,,,,,,,,,,,,,,,,,,,,,,,,,,,,,,,,,,,,,,,,,,,,,,,,,,,,,,,,,,,,,,,,,,,,,,,,,,,,,,NONE,left_only,MISSING_FMDL5E_COVERAGE|NOT_SOUTHBOUND_BUY_ELIGIBLE|FMDL5E_NOT_INVESTABLE|NON_COMMON_EQUITY|LOW_20D_TURNOVER|LOW_ACTIVE_TRADE_RATIO|EXCESS_ZERO_VOLUME_DAYS|MISSING_VALID_PRICE|FINANCIAL_EVIDENCE_INCOMPLETE,False,2026-08-07,FRESH_OFFICIAL,2026-08-06,1,CURRENT,False
01963,BUY_ELIGIBLE,BUY_ELIGIBLE,BUY_ELIGIBLE_BOTH,True,False,2026-08-07,01963,HKEX:01963,HKEX-ISSUER:66b30b84bd46da02,BCQ,"Bank of Chongqing Co., Ltd.  - H Shares",CONFIRMED,HKEX_DI_STOCK_CODE_CONFIRMED,93610.0,93610|93610,"Bank of Chongqing Co., Ltd.  - A Shares|Bank of Chongqing Co., Ltd.  - H Shares",Equity,Equity Securities (Main Board),COMMON_EQUITY,500.0,CNE100001QN2,HKD,,False,False,False,False,True,True,False,False,FMDL5B1_20260720_d31e787a3ccd,f2025b4cb11bbd9b503899215e23b5cd35859f5544f930c6c8b9db9bb86d0756,58d7df3867eaf497f08606b12a44a602a5d2306c467d0b214f3fb21f77ac8b46,2026-08-06,880.0,1.0,0.1148555107978692,0.0234743022231134,0.0553383746026123,0.106559667346241,-0.0074411826207785,-0.0705276038944471,0.5,0.4166666666666667,0.2822696112152847,0.2821338033254312,0.1496545439846968,-0.1578341450570779,-0.0387500103608653,17439621.51485586,1.0,0.0,0.7930953856178286,8.104999542236328,HKD,8.104999542236328,2026-03-31,2026-04-29T09:30:00+08:00,HKD,BANK,True,0.0257773950534898,0.0016182133217185,,,,,0.9372235511633094,,0.52,,0.1040070038220575,BANK,OFFICIAL_NAME_BANK,False,0.5067429999999999,2.0,0.0625222737347841,8.104999542236328,0.0641579308290154,15.586537581223707,0.8302180685358256,0.8490566037735849,0.8408360128617364,0.7602131438721137,0.7087033747779752,0.9254658385093169,0.8802816901408451,0.447452229299363,0.7080745341614907,0.784037558685446,0.8152173913043478,0.9277864992150706,0.9217527386541472,0.234472049689441,0.5117370892018779,0.4394409937888199,0.5,0.4545454545454545,,,,,0.2272727272727272,,,0.8181818181818182,0.6363636363636364,0.8664596273291926,2026-08-06,ELIGIBLE_CORE,PASS_CORE,VALID,A,NONE,both,LOW_20D_TURNOVER,False,2026-08-07,FRESH_OFFICIAL,2026-08-06,1,CURRENT,False
01969,UNKNOWN_BLOCKED,SELL_ONLY,SELL_ONLY,False,True,2026-08-07,01969,HKEX:01969,,,,,,,,,,,,,,,,,,,,,,,,,,,,,,,,,,,,,,,,,,,,,,,,,,,,,,,,,,,,,,,,,,,,,,,,,,,,,,,,,,,,,,,,,,,,,,,,,,,,,,,,,,,,NONE,left_only,MISSING_FMDL5E_COVERAGE|NOT_SOUTHBOUND_BUY_ELIGIBLE|FMDL5E_NOT_INVESTABLE|NON_COMMON_EQUITY|LOW_20D_TURNOVER|LOW_ACTIVE_TRADE_RATIO|EXCESS_ZERO_VOLUME_DAYS|MISSING_VALID_PRICE|FINANCIAL_EVIDENCE_INCOMPLETE,False,2026-08-07,FRESH_OFFICIAL,2026-08-06,1,CURRENT,False
01989,BUY_ELIGIBLE,BUY_ELIGIBLE,BUY_ELIGIBLE_BOTH,True,False,2026-08-07,01989,HKEX:01989,HKEX-ISSUER:8bdd8601294dcc16,DELTON,Delton Technology (Guangzhou) Inc.  - H Shares,CONFIRMED,HKEX_DI_STOCK_CODE_CONFIRMED,538436.0,538436|538436,Delton Technology (Guangzhou) Inc.  - A Shares|Delton Technology (Guangzhou) Inc.  - H Shares,Equity,Equity Securities (Main Board),COMMON_EQUITY,100.0,CNE100007HC1,HKD,,False,False,False,False,True,True,False,False,FMDL5B1_20260720_d31e787a3ccd,f2025b4cb11bbd9b503899215e23b5cd35859f5544f930c6c8b9db9bb86d0756,4b748b4f7e3b870523c11301c9661f8f9c01892728195d99545809677a867ac8,2026-08-06,93.0,0.372,-0.2384150021878788,-0.4571219330180477,,,,-0.4697587395870575,0.45,,1.455732999971559,1.2513361928003015,0.8003662897858715,-0.6102680101265345,-0.2432179572392783,207195667.3446884,1.0,0.0,1.0876954600197084,113.4000015258789,HKD,113.4000015258789,2026-03-31,2026-07-08T09:30:00+08:00,HKD,GENERAL_NON_FINANCIAL,True,,0.034204386601797,0.3693276986267279,0.2522823147638773,0.2050987749176038,,0.3718836738892941,1.856718264039532,0.93,,,GENERAL_NON_FINANCIAL,DEFAULT_GENERAL_NON_FINANCIAL,False,0.742668,1.0,0.0065491004409776,113.4000015258789,0.008201058090707,121.93548551169772,0.0373831775700934,0.050314465408805,,,,0.281055900621118,0.6549295774647887,,0.0201863354037267,0.0344287949921752,0.0279503105590062,0.0957613814756671,0.028169014084507,0.765527950310559,0.5117370892018779,0.8509316770186336,,0.672316384180791,0.5875912408759124,0.8138686131386861,0.843065693430657,,0.6440677966101694,0.6018867924528302,,,0.12,0.3881987577639751,2026-08-06,REVIEW_ONLY,WATCH_GATE_FAIL,VALID_WITH_CONTROLLED_NULLS,B,NONE,both,FMDL5E_NOT_INVESTABLE,False,2026-08-07,FRESH_OFFICIAL,2026-08-06,1,CURRENT,False
01999,BUY_ELIGIBLE,BUY_ELIGIBLE,BUY_ELIGIBLE_BOTH,True,False,2026-08-07,01999,HKEX:01999,HKEX-ISSUER:dff1d8774ea00238,MAN WAH HLDGS,Man Wah Holdings Ltd.,CONFIRMED,HKEX_DI_STOCK_CODE_CONFIRMED,44167.0,44167,Man Wah Holdings Ltd.,Equity,Equity Securities (Main Board),COMMON_EQUITY,400.0,BMG5800U1071,HKD,,False,False,False,False,False,False,False,False,FMDL5B1_20260720_d31e787a3ccd,f2025b4cb11bbd9b503899215e23b5cd35859f5544f930c6c8b9db9bb86d0756,6d4e3e06f76e487fc8a4bfa736be2c75d22c1f759de46def2d4d5d96106e4e99,2026-08-06,880.0,1.0,0.0419463084563549,-0.2701773746206952,-0.3593941745479172,-0.2917576125927604,-0.3202697858237036,-0.3732111826478159,0.3666666666666666,0.4166666666666667,0.226169052159945,0.3202663907048481,0.2149462904631792,-0.4137255115234821,-0.0614657136324969,17258062.046387054,1.0,0.0,0.4463484245403432,3.1050000190734863,HKD,3.1050000190734863,2026-03-31,2026-06-10T09:30:00+08:00,HKD,GENERAL_NON_FINANCIAL,True,,,0.3943183616527606,0.1488211871029944,0.110316910581378,,,,0.41269083,-0.070011683024329,-0.1592722578117086,GENERAL_NON_FINANCIAL,DEFAULT_GENERAL_NON_FINANCIAL,False,0.24,2.0,0.07729468551553,3.1050000190734863,0.1329116996666378,7.523792130475703,0.4937694704049844,0.190251572327044,0.1784565916398713,0.2788632326820603,0.2753108348134991,0.4378881987577639,0.1784037558685446,0.447452229299363,0.8385093167701864,0.6932707355242567,0.5729813664596274,0.3704866562009419,0.6572769953051644,0.2329192546583851,0.5117370892018779,0.0636645962732919,,,0.6277372262773723,0.6295620437956204,0.666058394160584,,,,0.1982942430703624,0.2534059945504087,0.9266666666666666,0.9611801242236024,2026-08-06,ELIGIBLE_CORE,PASS_CORE,VALID,A,NONE,both,LOW_20D_TURNOVER,False,2026-08-07,FRESH_OFFICIAL,2026-08-06,1,CURRENT,False
02005,BUY_ELIGIBLE,BUY_ELIGIBLE,BUY_ELIGIBLE_BOTH,True,False,2026-08-07,02005,HKEX:02005,HKEX-ISSUER:cb3cee84dcb7d9bc,SSY GROUP,SSY Group Ltd.,CONFIRMED,HKEX_DI_STOCK_CODE_CONFIRMED,9476.0,9476,SSY Group Ltd.,Equity,Equity Securities (Main Board),COMMON_EQUITY,2000.0,KYG8406X1034,HKD,,False,False,False,False,False,False,False,False,FMDL5B1_20260720_d31e787a3ccd,f2025b4cb11bbd9b503899215e23b5cd35859f5544f930c6c8b9db9bb86d0756,b36709b133158464355bc607383c396d766ab495d15c1cd30c3c83a9f2491b51,2026-08-06,880.0,1.0,0.0282608950295841,-0.014109341658144,-0.193362144899855,-0.2437523314614044,-0.2645371693174838,-0.2507330814559038,0.4,0.4166666666666667,0.3254639126038412,0.3637302251532848,0.1900138362453036,-0.3268967483111631,-0.053380732144375,7614163.203356075,1.0,0.0,0.6429159028361303,2.365000009536743,HKD,2.365000009536743,2025-12-31,2026-04-22T09:30:00+08:00,HKD,GENERAL_NON_FINANCIAL,True,,0.0367308865534862,0.4155610478061872,0.1509824233308886,0.1129854650081083,,0.4052450017415752,1.8924459713209116,0.14496681,-0.2962687293524355,-0.5674133745561543,GENERAL_NON_FINANCIAL,DEFAULT_GENERAL_NON_FINANCIAL,False,0.08,2.0,0.033826638341397,2.365000009536743,0.0612967481672002,16.314079129814218,0.4003115264797507,0.789308176100629,0.4147909967845659,0.3321492007104796,0.3552397868561279,0.6118012422360248,0.3356807511737089,0.447452229299363,0.59472049689441,0.5915492957746479,0.6444099378881988,0.5416012558869702,0.755868544600939,0.1009316770186335,0.5117370892018779,0.2065217391304347,,0.6911487758945386,0.6496350364963503,0.6368613138686131,0.6715328467153284,,0.5894538606403014,0.6113207547169811,0.0298507462686567,0.0599455040871934,0.6555555555555556,0.6055900621118012,2026-08-06,ELIGIBLE_CORE,PASS_CORE,VALID,A,NONE,both,LOW_20D_TURNOVER,False,2026-08-07,FRESH_OFFICIAL,2026-08-06,1,CURRENT,False
02009,BUY_ELIGIBLE,BUY_ELIGIBLE,BUY_ELIGIBLE_BOTH,True,False,2026-08-07,02009,HKEX:02009,HKEX-ISSUER:c402333077b4f2e6,BBMG,BBMG Corporation  - H Shares,CONFIRMED,HKEX_DI_STOCK_CODE_CONFIRMED,34336.0,34336,BBMG Corporation  - H Shares,Equity,Equity Securities (Main Board),COMMON_EQUITY,1000.0,CNE100000F20,HKD,,False,False,False,False,True,False,False,False,FMDL5B1_20260720_d31e787a3ccd,f2025b4cb11bbd9b503899215e23b5cd35859f5544f930c6c8b9db9bb86d0756,afd89d1997bf102d38b28a2a6743ccffd3ba306eeb7e467c854413afc0f7610a,2026-08-06,880.0,1.0,0.0535713772536543,-0.1651927922527368,-0.2255403484621957,-0.2437629424201968,-0.2822156391994178,-0.2936247116105778,0.3333333333333333,0.4166666666666667,0.2609924757603177,0.3233725811190568,0.1785336912335648,-0.3158990233188071,-0.0526315294144219,4497515.044649571,1.0,0.0,0.727869147392591,0.5899999737739563,HKD,0.5899999737739563,2026-03-31,2026-07-15T09:30:00+08:00,HKD,GENERAL_NON_FINANCIAL,True,,-0.0061638406271142,0.0480227009719801,-0.106148361171508,-0.1095256404260278,,0.6601146133468863,1.453159277786288,-0.16,-0.0918828082216449,,GENERAL_NON_FINANCIAL,DEFAULT_GENERAL_NON_FINANCIAL,False,0.0575,1.0,0.0974576314507256,0.5899999737739563,,,0.57398753894081,0.4009433962264151,0.3569131832797427,0.3303730017761989,0.3321492007104796,0.5450310559006211,0.0821596244131455,0.447452229299363,0.7639751552795031,0.6885758998435054,0.687888198757764,0.5682888540031397,0.7746478873239436,0.0698757763975155,0.5117370892018779,0.3260869565217391,,0.1751412429378531,0.0401459854014598,0.1058394160583941,0.1240875912408759,,0.2109227871939736,0.4566037735849056,0.1748400852878464,,,0.9829192546583853,2026-08-06,ELIGIBLE_WATCH,PASS_WATCH,VALID,A,NONE,both,LOW_20D_TURNOVER,False,2026-08-07,FRESH_OFFICIAL,2026-08-06,1,CURRENT,False
02016,BUY_ELIGIBLE,BUY_ELIGIBLE,BUY_ELIGIBLE_BOTH,True,False,2026-08-07,02016,HKEX:02016,HKEX-ISSUER:a9acbc71a63b5da1,CZBANK,"China Zheshang Bank Co., Ltd.  - H Shares",CONFIRMED,HKEX_DI_STOCK_CODE_CONFIRMED,135674.0,135674|135674,"China Zheshang Bank Co., Ltd.  - A Shares|China Zheshang Bank Co., Ltd.  - H Shares",Equity,Equity Securities (Main Board),COMMON_EQUITY,1000.0,CNE1000025S9,HKD,,False,False,False,False,True,True,False,False,FMDL5B1_20260720_d31e787a3ccd,f2025b4cb11bbd9b503899215e23b5cd35859f5544f930c6c8b9db9bb86d0756,dc03b239437257f181e6d78b2f1b1da2a3d581f45c337c1ede584a5960ba201a,2026-08-06,880.0,1.0,0.0624999931013146,-0.0251194151563972,-0.0404718369998062,-0.1295709284281494,-0.1807726332014658,-0.153749543508377,0.4833333333333333,0.25,0.2147136573448704,0.2136034981737223,0.1142933323355674,-0.163063961303331,-0.0498083603581929,14104478.889439702,1.0,0.0,0.8465539038166073,2.2950000762939453,HKD,2.2950000762939453,2026-03-31,2026-04-30T09:30:00+08:00,HKD,BANK,True,0.0281037474790113,0.0016140745577457,,,,,0.9425672836353528,,0.22,,0.0072281055639602,BANK,OFFICIAL_NAME_BANK,False,0.150533,1.0,0.065591718952396,2.2950000762939453,0.0958605632620564,10.431818528608842,0.6433021806853583,0.7578616352201258,0.7347266881028939,0.4635879218472469,0.4458259325044404,0.7934782608695652,0.8176838810641628,0.1035031847133758,0.8742236024844721,0.9295774647887324,0.9425465838509316,0.9215070643642072,0.7996870109546166,0.1909937888198757,0.5117370892018779,0.5186335403726708,0.5909090909090909,0.4090909090909091,,,,,0.0454545454545454,,,0.2272727272727272,0.8181818181818182,0.889751552795031,2026-08-06,ELIGIBLE_CORE,PASS_CORE,VALID,A,NONE,both,LOW_20D_TURNOVER,False,2026-08-07,FRESH_OFFICIAL,2026-08-06,1,CURRENT,False
02068,BUY_ELIGIBLE,BUY_ELIGIBLE,BUY_ELIGIBLE_BOTH,True,False,2026-08-07,02068,HKEX:02068,HKEX-ISSUER:d77752ec826f48a7,CHALIECO,China Aluminum International Engineering Corp. Ltd. - H Shares,CONFIRMED,HKEX_DI_STOCK_CODE_CONFIRMED,74176.0,74176|74176,China Aluminum International Engineering Corp. Ltd. - A Shares|China Aluminum International Engineering Corp. Ltd. - H Shares,Equity,Equity Securities (Main Board),COMMON_EQUITY,1000.0,CNE100001F78,HKD,,False,False,False,False,True,True,False,False,FMDL5B1_20260720_d31e787a3ccd,f2025b4cb11bbd9b503899215e23b5cd35859f5544f930c6c8b9db9bb86d0756,31530adfe47a46ca51ba2f9a290569ec8c4f52c9f2af5505afdc4b19250f9f9a,2026-08-06,880.0,1.0,0.0828571319580078,-0.2450199250491773,-0.2683397514573681,-0.2233606817676822,-0.2827869020652716,-0.416923082791842,0.3833333333333333,0.5,0.2826081900893739,0.3376524593465967,0.1865590067264456,-0.4214046777406116,-0.1438127308982264,3674469.979268313,1.0,0.0,0.6964236478103029,1.8949999809265137,HKD,1.8949999809265137,2026-03-31,2026-04-29T09:30:00+08:00,HKD,GENERAL_NON_FINANCIAL,True,,0.0019354614725899,0.1196716511806854,0.0545033653460846,0.0175359801799205,,0.7637328363193779,1.2903809166469444,0.018,-0.1013731352230863,0.1506147696703497,GENERAL_NON_FINANCIAL,DEFAULT_GENERAL_NON_FINANCIAL,False,0.0,0.0,0.0,1.8949999809265137,0.009498680834392,105.27777671813966,0.7336448598130841,0.2311320754716981,0.292604501607717,0.3570159857904085,0.3285968028419183,0.3664596273291925,0.2472613458528951,0.6632165605095541,0.7065217391304348,0.651017214397496,0.656832298136646,0.3642072213500785,0.1517996870109546,0.0543478260869565,0.5117370892018779,0.2748447204968944,,0.2523540489642185,0.1405109489051094,0.3375912408759124,0.2627737226277372,,0.0941619585687382,0.3679245283018867,0.1364605543710021,0.6376021798365122,0.1377777777777777,0.1777950310559006,2026-08-06,ELIGIBLE_WATCH,PASS_WATCH,VALID,A,NONE,both,LOW_20D_TURNOVER,False,2026-08-07,FRESH_OFFICIAL,2026-08-06,1,CURRENT,False
02169,UNKNOWN_BLOCKED,SELL_ONLY,SELL_ONLY,False,True,2026-08-07,02169,HKEX:02169,,,,,,,,,,,,,,,,,,,,,,,,,,,,,,,,,,,,,,,,,,,,,,,,,,,,,,,,,,,,,,,,,,,,,,,,,,,,,,,,,,,,,,,,,,,,,,,,,,,,,,,,,,,,NONE,left_only,MISSING_FMDL5E_COVERAGE|NOT_SOUTHBOUND_BUY_ELIGIBLE|FMDL5E_NOT_INVESTABLE|NON_COMMON_EQUITY|LOW_20D_TURNOVER|LOW_ACTIVE_TRADE_RATIO|EXCESS_ZERO_VOLUME_DAYS|MISSING_VALID_PRICE|FINANCIAL_EVIDENCE_INCOMPLETE,False,2026-08-07,FRESH_OFFICIAL,2026-08-06,1,CURRENT,False
02172,BUY_ELIGIBLE,BUY_ELIGIBLE,BUY_ELIGIBLE_BOTH,True,False,2026-08-07,02172,HKEX:02172,HKEX-ISSUER:7d955b0fbd1333fa,MICROPORT NEURO,MicroPort NeuroScientific Corporation,CONFIRMED,HKEX_DI_STOCK_CODE_CONFIRMED,402249.0,402249,MicroPort NeuroScientific Corporation,Equity,Equity Securities (Main Board),COMMON_EQUITY,1000.0,KYG6083E1098,HKD,,False,False,False,False,False,False,False,False,FMDL5B1_20260720_d31e787a3ccd,f2025b4cb11bbd9b503899215e23b5cd35859f5544f930c6c8b9db9bb86d0756,b5009c7377e2a7b15fac45ad06cc71ce42cd509915ca976aeb20b5ab389469e2,2026-08-06,880.0,1.0,-0.0219298039226758,-0.116673987345221,-0.2194219784005512,-0.375780216500527,-0.3617842706965345,-0.4390168755596982,0.45,0.25,0.2897181378606118,0.3977977559140273,0.2718360953480632,-0.2946428411176679,-0.0754716284249883,15851988.330071498,1.0,0.0,0.6083678658165144,8.920000076293945,HKD,8.920000076293945,2025-12-31,2026-04-28T09:30:00+08:00,HKD,GENERAL_NON_FINANCIAL,True,,0.087531784887472,0.7346407196612704,0.4016481062843856,0.2334142543229898,,0.1493733158753653,6.007845070874223,0.32,0.0377033771702972,-0.2740542560934825,GENERAL_NON_FINANCIAL,DEFAULT_GENERAL_NON_FINANCIAL,False,0.14,2.0,0.015695067130332,8.920000076293945,0.0358744391550445,27.87500023841858,0.2165109034267912,0.5220125786163522,0.3713826366559485,0.1865008880994671,0.2291296625222025,0.327639751552795,0.6549295774647887,0.1035031847133758,0.6847826086956522,0.5336463223787168,0.4052795031055901,0.6122448979591837,0.5070422535211268,0.2049689440993788,0.5117370892018779,0.1568322981366459,,0.8757062146892656,0.8923357664233577,0.9142335766423356,0.8686131386861314,,0.9378531073446328,0.9415094339622642,0.4776119402985074,0.1444141689373297,0.4955555555555556,0.4456521739130434,2026-08-06,ELIGIBLE_CORE,PASS_CORE,VALID,A,NONE,both,LOW_20D_TURNOVER,False,2026-08-07,FRESH_OFFICIAL,2026-08-06,1,CURRENT,False
02192,BUY_ELIGIBLE,BUY_ELIGIBLE,BUY_ELIGIBLE_BOTH,True,False,2026-08-07,02192,HKEX:02192,HKEX-ISSUER:aa66df37aeaa9fdd,MEDLIVE,"Medlive Technology Co., Ltd.",CONFIRMED,HKEX_DI_STOCK_CODE_CONFIRMED,346595.0,346595,"Medlive Technology Co., Ltd.",Equity,Equity Securities (Main Board),COMMON_EQUITY,500.0,KYG5961B1041,HKD,,False,False,False,False,False,False,False,False,FMDL5B1_20260720_d31e787a3ccd,f2025b4cb11bbd9b503899215e23b5cd35859f5544f930c6c8b9db9bb86d0756,dd5676fdd4bfe6c1564078486f8085f2b6fa190622d850a085cc72aa64593fb6,2026-08-06,880.0,1.0,0.0494579627992073,-0.1178170471214744,-0.2142784580965719,-0.5104391002451898,-0.5335107101869903,-0.5080244773121918,0.4166666666666667,0.25,0.2835941318208843,0.3178669443473608,0.1845150194978339,-0.343915571514535,-0.0539877049312476,10972938.077544928,1.0,0.0,0.9568769609917964,7.744999885559082,HKD,7.744999885559082,2025-12-31,2026-04-22T09:30:00+08:00,HKD,GENERAL_NON_FINANCIAL,True,,0.0648320081535207,0.6002289166945675,0.5619204086240861,0.5206546706013345,,0.0445816162617441,19.086192796782417,0.456,0.1498777878253394,0.0609082774333167,GENERAL_NON_FINANCIAL,DEFAULT_GENERAL_NON_FINANCIAL,False,0.2905999999999999,2.0,0.0375209818326579,7.744999885559082,0.0588766955116724,16.98464887184009,0.5451713395638629,0.5157232704402516,0.3762057877813505,0.0959147424511545,0.0852575488454707,0.2236024844720497,0.4405320813771518,0.1035031847133758,0.7018633540372671,0.702660406885759,0.6661490683229814,0.5102040816326531,0.7449139280125195,0.1459627329192546,0.5117370892018779,0.7065217391304348,,0.8060263653483992,0.8029197080291971,0.97992700729927,0.9835766423357664,,0.9905838041431262,0.9867924528301888,0.7270788912579957,0.5068119891008175,0.6422222222222222,0.6273291925465838,2026-08-06,ELIGIBLE_CORE,PASS_CORE,VALID,A,NONE,both,LOW_20D_TURNOVER,False,2026-08-07,FRESH_OFFICIAL,2026-08-06,1,CURRENT,False
02232,BUY_ELIGIBLE,BUY_ELIGIBLE,BUY_ELIGIBLE_BOTH,True,False,2026-08-07,02232,HKEX:02232,HKEX-ISSUER:0074238f49da475b,CRYSTAL INTL,Crystal International Group Ltd.,CONFIRMED,HKEX_DI_STOCK_CODE_CONFIRMED,183490.0,183490,Crystal International Group Ltd.,Equity,Equity Securities (Main Board),COMMON_EQUITY,500.0,KYG2701R1011,HKD,,False,False,False,False,False,False,False,False,FMDL5B1_20260720_d31e787a3ccd,f2025b4cb11bbd9b503899215e23b5cd35859f5544f930c6c8b9db9bb86d0756,54e5b5606e3e1a7c8d7a74abca27df361ccf5f61334eb5940d4066fd1522391a,2026-08-06,880.0,1.0,0.1559792198167242,0.109134946351916,-0.0425285453111873,0.2505027756361935,0.0817692517296768,-0.1146751663227289,0.45,0.6666666666666666,0.4697741753123682,0.3826850306120595,0.1745818542042108,-0.263335391369098,-0.0707350670822524,13480347.392221546,1.0,0.0,0.8965765398470882,6.670000076293945,HKD,6.670000076293945,2025-12-31,2026-04-24T09:30:00+08:00,HKD,GENERAL_NON_FINANCIAL,True,,0.1028198595219058,0.1990387626132117,0.109853213280887,0.0850597403659502,,0.2623755873658503,2.344807457728356,0.55316656,0.0457191703531143,0.095622125158536,GENERAL_NON_FINANCIAL,DEFAULT_GENERAL_NON_FINANCIAL,False,0.408,2.0,0.0611694145926752,6.670000076293945,0.0829335162927548,12.057851212650936,0.9034267912772586,0.9261006289308176,0.7282958199356914,0.866785079928952,0.8010657193605684,0.8540372670807453,0.6549295774647887,0.9363057324840764,0.391304347826087,0.5618153364632238,0.7142857142857143,0.6891679748822606,0.5524256651017214,0.1754658385093167,0.5117370892018779,0.6226708074534162,,0.911487758945386,0.3120437956204379,0.5182481751824818,0.5656934306569343,,0.8022598870056498,0.7169811320754716,0.4968017057569296,0.55858310626703,0.7844444444444445,0.8555900621118012,2026-08-06,ELIGIBLE_CORE,PASS_CORE,VALID,A,NONE,both,LOW_20D_TURNOVER,False,2026-08-07,FRESH_OFFICIAL,2026-08-06,1,CURRENT,False
02249,BUY_ELIGIBLE,BUY_ELIGIBLE,BUY_ELIGIBLE_BOTH,True,False,2026-08-07,02249,HKEX:02249,,,,,,,,,,,,,,,,,,,,,,,,,,,,,,,,,,,,,,,,,,,,,,,,,,,,,,,,,,,,,,,,,,,,,,,,,,,,,,,,,,,,,,,,,,,,,,,,,,,,,,,,,,,,NONE,left_only,MISSING_FMDL5E_COVERAGE|FMDL5E_NOT_INVESTABLE|NON_COMMON_EQUITY|LOW_20D_TURNOVER|LOW_ACTIVE_TRADE_RATIO|EXCESS_ZERO_VOLUME_DAYS|MISSING_VALID_PRICE|FINANCIAL_EVIDENCE_INCOMPLETE,False,2026-08-07,FRESH_OFFICIAL,2026-08-06,1,CURRENT,False
02285,BUY_ELIGIBLE,BUY_ELIGIBLE,BUY_ELIGIBLE_BOTH,True,False,2026-08-07,02285,HKEX:02285,HKEX-ISSUER:9dec6b9cbda1bf60,CHERVON,Chervon Holdings Ltd.,CONFIRMED,HKEX_DI_STOCK_CODE_CONFIRMED,374732.0,374732,Chervon Holdings Ltd.,Equity,Equity Securities (Main Board),COMMON_EQUITY,100.0,HK0000811882,HKD,,False,False,False,False,False,False,False,False,FMDL5B1_20260720_d31e787a3ccd,f2025b4cb11bbd9b503899215e23b5cd35859f5544f930c6c8b9db9bb86d0756,383aa4e1ee4908c4e9706cb41211e367b362f88a0838f74d57ae54fedf238ff5,2026-08-06,880.0,1.0,0.0686785457508152,0.2107310070780628,-0.1214387326381396,0.1153828068114848,0.0437028152631779,-0.2078437101558783,0.45,0.5833333333333334,0.3807409350904944,0.5469330160365394,0.170721987785281,-0.423018896331878,-0.2337164409350414,12544065.7355587,1.0,0.0,0.5754088147782307,20.540000915527344,HKD,20.540000915527344,2025-12-31,2026-04-27T09:30:00+08:00,HKD,GENERAL_NON_FINANCIAL,True,,0.0529302822496454,0.3292105529907205,0.0750731822691571,0.0599587783398913,,0.4479989804412845,2.176217710478959,1.335472,-0.1026787499501447,-0.1515101968150767,GENERAL_NON_FINANCIAL,DEFAULT_GENERAL_NON_FINANCIAL,False,0.4469,1.0,0.0217575452814202,20.540000915527344,0.0650181081048755,15.380330636304874,0.67601246105919,0.9764150943396226,0.567524115755627,0.7708703374777975,0.7708703374777975,0.6847826086956522,0.6549295774647887,0.8343949044585988,0.5062111801242236,0.3317683881064163,0.7329192546583851,0.3610675039246467,0.0406885758998435,0.1692546583850931,0.5117370892018779,0.1273291925465838,,0.7664783427495292,0.5054744525547445,0.4105839416058394,0.4671532846715328,,0.504708097928437,0.6811320754716981,0.1321961620469083,0.2670299727520436,0.6822222222222222,0.5093167701863354,2026-08-06,ELIGIBLE_CORE,PASS_CORE,VALID,A,NONE,both,LOW_20D_TURNOVER,False,2026-08-07,FRESH_OFFICIAL,2026-08-06,1,CURRENT,False
02291,BUY_ELIGIBLE,BUY_ELIGIBLE,BUY_ELIGIBLE_BOTH,True,False,2026-08-07,02291,HKEX:02291,HKEX-ISSUER:274a366de0d7e5a9,SCIENTECH,"LEPU ScienTech Medical Technology (Shanghai) Co., Ltd.  - H Shares",CONFIRMED,HKEX_DI_STOCK_CODE_CONFIRMED,416444.0,416444,"LEPU ScienTech Medical Technology (Shanghai) Co., Ltd.  - H Shares",Equity,Equity Securities (Main Board),COMMON_EQUITY,1000.0,CNE1000057M5,HKD,,False,False,False,False,True,False,False,False,FMDL5B1_20260720_d31e787a3ccd,f2025b4cb11bbd9b503899215e23b5cd35859f5544f930c6c8b9db9bb86d0756,af6331801bb2012fdf35d9ec74d5037d05d01f1f150ef1f436dc3e295bccb5c2,2026-08-06,880.0,1.0,0.075888566131864,0.0626622342213576,-0.2741199097524323,-0.5365205902517254,-0.5692124404531786,-0.5704460640755333,0.5,0.25,0.7866054117214594,0.7514483881255637,0.4924603134762405,-0.4593829922665307,-0.128480957619012,19590848.742662,1.0,0.0,0.7304257629161205,11.199999809265137,HKD,11.199999809265137,2025-12-31,2026-04-24T09:30:00+08:00,HKD,GENERAL_NON_FINANCIAL,True,,0.114214572330666,0.8465938061868152,0.4960700806042634,0.4540781163710892,,0.0295269422510909,23.54036173633465,0.69,0.1193711047369892,-0.0237496987024775,GENERAL_NON_FINANCIAL,DEFAULT_GENERAL_NON_FINANCIAL,False,0.572551,1.0,0.051120625870579,11.199999809265137,0.0616071439063062,16.231883781543676,0.7087227414330218,0.8930817610062893,0.2893890675241157,0.0746003552397868,0.0586145648312611,0.1381987577639751,0.8802816901408451,0.1035031847133758,0.1273291925465838,0.1580594679186228,0.1118012422360248,0.2872841444270015,0.2003129890453834,0.265527950310559,0.5117370892018779,0.3307453416149068,,0.9265536723163842,0.9452554744525548,0.9653284671532848,0.9744525547445256,,0.9962335216572504,0.9924528301886792,0.6844349680170576,0.3950953678474114,0.66,0.7562111801242236,2026-08-06,ELIGIBLE_CORE,PASS_CORE,VALID,A,NONE,both,LOW_20D_TURNOVER,False,2026-08-07,FRESH_OFFICIAL,2026-08-06,1,CURRENT,False
02378,BUY_ELIGIBLE,BUY_ELIGIBLE,BUY_ELIGIBLE_BOTH,True,False,2026-08-07,02378,HKEX:02378,HKEX-ISSUER:906034fc535ec96b,PRU,Prudential plc,CONFIRMED,HKEX_DI_STOCK_CODE_CONFIRMED,46532.0,46532,Prudential plc,Equity,Equity Securities (Main Board),COMMON_EQUITY,50.0,GB0007099541,HKD,,False,False,False,False,False,False,False,False,FMDL5B1_20260720_d31e787a3ccd,f2025b4cb11bbd9b503899215e23b5cd35859f5544f930c6c8b9db9bb86d0756,0025431a4a86f4bbfcc9f9065ad854f11991d595c359fe69a5556ce4b23b055c,2026-08-06,880.0,1.0,0.0235849056603774,-0.0988372207231335,-0.1451285690369728,0.1257325689823587,0.0997940305265441,-0.1569288482766061,0.4333333333333333,0.5,0.3049668626843021,0.3198659988514072,0.2242161988936879,-0.2303726865494377,-0.0757575748235461,17120684.50593338,1.0,0.0,1.0163322581163845,108.5,HKD,108.5,2025-12-31,2026-04-24T09:30:00+08:00,HKD,INSURANCE,True,0.1862359550561797,0.0187469073258088,,,,0.036315653054973,0.8993378731826858,,10.8384096,,0.7022663915009193,INSURANCE,OFFICIAL_NAME_INSURANCE,False,2.080236,2.0,0.0191726820276497,108.5,0.0998931760368663,10.010693819875566,0.367601246105919,0.5613207547169812,0.5241157556270096,0.7779751332149201,0.8117229129662522,0.7872670807453416,0.5461658841940532,0.6632165605095541,0.6428571428571429,0.6979655712050078,0.5403726708074534,0.7708006279434851,0.5039123630672926,0.2298136645962732,0.5117370892018779,0.7996894409937888,1.0,0.9166666666666666,,,,0.8333333333333334,0.4166666666666667,,,0.8181818181818182,0.8181818181818182,0.4782608695652174,2026-08-06,ELIGIBLE_CORE,PASS_CORE,VALID,A,NONE,both,LOW_20D_TURNOVER,False,2026-08-07,FRESH_OFFICIAL,2026-08-06,1,CURRENT,False
02386,BUY_ELIGIBLE,BUY_ELIGIBLE,BUY_ELIGIBLE_BOTH,True,False,2026-08-07,02386,HKEX:02386,HKEX-ISSUER:e51ebc1113554da8,SINOPEC SEG,"SINOPEC Engineering (Group) Co., Ltd.  - H Shares",CONFIRMED,HKEX_DI_STOCK_CODE_CONFIRMED,85542.0,85542|85542,"SINOPEC Engineering (Group) Co., Ltd.  - Domestic Shares|SINOPEC Engineering (Group) Co., Ltd.  - H Shares",Equity,Equity Securities (Main Board),COMMON_EQUITY,500.0,CNE100001NV2,HKD,,False,False,False,False,True,False,False,False,FMDL5B1_20260720_d31e787a3ccd,f2025b4cb11bbd9b503899215e23b5cd35859f5544f930c6c8b9db9bb86d0756,305d3486e3dfd873cca74118d4f9cc712fe5fae3dd7891dc6534657d557d59da,2026-08-06,880.0,1.0,0.0154440932807657,-0.1280830342307609,-0.2620433194704409,-0.1082021805714706,-0.1217657128249688,-0.3146884957026616,0.45,0.5,0.2253563764702645,0.2661474202440722,0.1221579860454245,-0.3576833742338873,-0.1144414777031606,16487233.969305586,1.0,0.0,0.6848894639448563,5.260000228881836,HKD,5.260000228881836,2025-12-31,2026-03-16T09:30:00+08:00,HKD,GENERAL_NON_FINANCIAL,True,,0.0197075568058761,0.07388360897662,0.0182537534812622,0.0256540075067127,,0.6512257162117784,1.4516677079122926,0.41,0.0915270223266349,-0.2709326701617819,GENERAL_NON_FINANCIAL,DEFAULT_GENERAL_NON_FINANCIAL,False,0.4052,2.0,0.0770342171802788,5.260000228881836,0.0779467646690877,12.829268850931308,0.3271028037383177,0.4937106918238994,0.3006430868167202,0.5026642984014209,0.5470692717584369,0.5201863354037267,0.6549295774647887,0.6632165605095541,0.8416149068322981,0.8169014084507042,0.9130434782608696,0.4897959183673469,0.245696400625978,0.217391304347826,0.5117370892018779,0.2608695652173913,,0.5348399246704332,0.0583941605839416,0.2007299270072992,0.3211678832116788,,0.224105461393597,0.4547169811320755,0.6183368869936035,0.1471389645776566,0.7644444444444445,0.9580745341614908,2026-08-06,ELIGIBLE_CORE,PASS_CORE,VALID,A,NONE,both,LOW_20D_TURNOVER,False,2026-08-07,FRESH_OFFICIAL,2026-08-06,1,CURRENT,False
02402,BUY_ELIGIBLE,BUY_ELIGIBLE,BUY_ELIGIBLE_BOTH,True,False,2026-08-07,02402,HKEX:02402,HKEX-ISSUER:071f25d9d7f02999,SINOHYTEC,"Beijing SinoHytec Co., Ltd.  - H Shares",CONFIRMED,HKEX_DI_STOCK_CODE_CONFIRMED,423733.0,423733|423733,"Beijing SinoHytec Co., Ltd.  - A Shares|Beijing SinoHytec Co., Ltd.  - H Shares",Equity,Equity Securities (Main Board),COMMON_EQUITY,50.0,CNE100005RX0,HKD,,False,False,False,False,True,True,False,False,FMDL5B1_20260720_d31e787a3ccd,f2025b4cb11bbd9b503899215e23b5cd35859f5544f930c6c8b9db9bb86d0756,922a6cc2c04ca90e3e1ababeaad4855e92ced726651c9078e5c164ba92908896,2026-08-06,873.0,1.0,0.0126482850522817,-0.2620967759656502,-0.473705820077626,-0.4845070332808153,-0.4909456972095989,-0.6352505464347623,0.4166666666666667,0.4166666666666667,0.5351793359192106,0.5465877131950477,0.3221803448535116,-0.5497702966679161,-0.0886381499855373,10629878.33589616,1.0,0.0,0.715768530633323,12.8100004196167,HKD,12.8100004196167,2026-03-31,2026-06-02T09:30:00+08:00,HKD,GENERAL_NON_FINANCIAL,True,,-0.0145623963824022,-0.3596427878165384,-3.4128342294796115,-3.061289303766036,,0.3983382252554563,1.9905443351462544,-0.21,0.5840209849477411,,GENERAL_NON_FINANCIAL,DEFAULT_GENERAL_NON_FINANCIAL,False,0.0,0.0,0.0,12.8100004196167,,,0.3177570093457944,0.2012578616352201,0.0755627009646302,0.1136767317939609,0.1136767317939609,0.0869565217391304,0.4405320813771518,0.447452229299363,0.3198757763975155,0.3333333333333333,0.3090062111801242,0.152276295133438,0.3928012519561815,0.1413043478260869,0.5117370892018779,0.3012422360248447,,0.1525423728813559,0.0036496350364963,0.010948905109489,0.0145985401459854,,0.6026365348399246,0.630188679245283,0.9424307036247336,,,0.1777950310559006,2026-08-06,ELIGIBLE_CORE,PASS_CORE,VALID,A,NONE,both,LOW_20D_TURNOVER,False,2026-08-07,FRESH_OFFICIAL,2026-08-06,1,CURRENT,False
02429,UNKNOWN_BLOCKED,SELL_ONLY,SELL_ONLY,False,True,2026-08-07,02429,HKEX:02429,,,,,,,,,,,,,,,,,,,,,,,,,,,,,,,,,,,,,,,,,,,,,,,,,,,,,,,,,,,,,,,,,,,,,,,,,,,,,,,,,,,,,,,,,,,,,,,,,,,,,,,,,,,,NONE,left_only,MISSING_FMDL5E_COVERAGE|NOT_SOUTHBOUND_BUY_ELIGIBLE|FMDL5E_NOT_INVESTABLE|NON_COMMON_EQUITY|LOW_20D_TURNOVER|LOW_ACTIVE_TRADE_RATIO|EXCESS_ZERO_VOLUME_DAYS|MISSING_VALID_PRICE|FINANCIAL_EVIDENCE_INCOMPLETE,False,2026-08-07,FRESH_OFFICIAL,2026-08-06,1,CURRENT,False
02443,UNKNOWN_BLOCKED,SELL_ONLY,SELL_ONLY,False,True,2026-08-07,02443,HKEX:02443,,,,,,,,,,,,,,,,,,,,,,,,,,,,,,,,,,,,,,,,,,,,,,,,,,,,,,,,,,,,,,,,,,,,,,,,,,,,,,,,,,,,,,,,,,,,,,,,,,,,,,,,,,,,NONE,left_only,MISSING_FMDL5E_COVERAGE|NOT_SOUTHBOUND_BUY_ELIGIBLE|FMDL5E_NOT_INVESTABLE|NON_COMMON_EQUITY|LOW_20D_TURNOVER|LOW_ACTIVE_TRADE_RATIO|EXCESS_ZERO_VOLUME_DAYS|MISSING_VALID_PRICE|FINANCIAL_EVIDENCE_INCOMPLETE,False,2026-08-07,FRESH_OFFICIAL,2026-08-06,1,CURRENT,False
02460,BUY_ELIGIBLE,BUY_ELIGIBLE,BUY_ELIGIBLE_BOTH,True,False,2026-08-07,02460,HKEX:02460,HKEX-ISSUER:36d77c56d83c43c1,CR BEVERAGE,China Resources Beverage (Holdings) Co. Ltd.,CONFIRMED,HKEX_DI_STOCK_CODE_CONFIRMED,480364.0,480364,China Resources Beverage (Holdings) Co. Ltd.,Equity,Equity Securities (Main Board),COMMON_EQUITY,200.0,KYG2135N1060,HKD,,False,False,False,False,False,False,False,False,FMDL5B1_20260720_d31e787a3ccd,f2025b4cb11bbd9b503899215e23b5cd35859f5544f930c6c8b9db9bb86d0756,abdd4ab7ce8ded7b2d144b4ecd9e29eb072090dd87359aa6a9de835a0ace7216,2026-08-06,439.0,1.0,0.0589034736964264,-0.0927122588145449,-0.2315561496401993,-0.2965651371745973,-0.3356950087529242,-0.3196771776119106,0.3666666666666666,0.0833333333333333,0.2698720700682012,0.3331698098381683,0.1727947373160042,-0.3274253614798298,-0.0480256532098699,11142024.019577503,1.0,0.0,0.6360870755768352,7.675000190734863,HKD,7.675000190734863,2025-12-31,2026-04-27T09:30:00+08:00,HKD,GENERAL_NON_FINANCIAL,True,,0.0640306642978104,0.45676161602078,0.1107003919520535,0.089559267307883,,0.2648160519034245,2.133226388521158,0.41,-0.1863093830257951,-0.397968710094862,GENERAL_NON_FINANCIAL,DEFAULT_GENERAL_NON_FINANCIAL,False,0.419,2.0,0.0545928325195105,7.675000190734863,0.0534201941121702,18.71951266032893,0.6090342679127726,0.5786163522012578,0.3472668810289389,0.2682060390763766,0.2557726465364121,0.5139751552795031,0.1784037558685446,0.0047770700636942,0.7391304347826086,0.6619718309859155,0.718944099378882,0.5384615384615384,0.8215962441314554,0.1506211180124223,0.5117370892018779,0.1972049689440994,,0.8041431261770244,0.6861313868613139,0.5237226277372263,0.5821167883211679,,0.7966101694915254,0.6716981132075471,0.0660980810234541,0.0899182561307901,0.6088888888888889,0.7919254658385093,2026-08-06,ELIGIBLE_CORE,PASS_CORE,VALID,A,NONE,both,LOW_20D_TURNOVER,False,2026-08-07,FRESH_OFFICIAL,2026-08-06,1,CURRENT,False
02469,UNKNOWN_BLOCKED,SELL_ONLY,SELL_ONLY,False,True,2026-08-07,02469,HKEX:02469,,,,,,,,,,,,,,,,,,,,,,,,,,,,,,,,,,,,,,,,,,,,,,,,,,,,,,,,,,,,,,,,,,,,,,,,,,,,,,,,,,,,,,,,,,,,,,,,,,,,,,,,,,,,NONE,left_only,MISSING_FMDL5E_COVERAGE|NOT_SOUTHBOUND_BUY_ELIGIBLE|FMDL5E_NOT_INVESTABLE|NON_COMMON_EQUITY|LOW_20D_TURNOVER|LOW_ACTIVE_TRADE_RATIO|EXCESS_ZERO_VOLUME_DAYS|MISSING_VALID_PRICE|FINANCIAL_EVIDENCE_INCOMPLETE,False,2026-08-07,FRESH_OFFICIAL,2026-08-06,1,CURRENT,False
02475,BUY_ELIGIBLE,BUY_ELIGIBLE,BUY_ELIGIBLE_BOTH,True,False,2026-08-07,02475,HKEX:02475,,,,,,,,,,,,,,,,,,,,,,,,,,,,,,,,,,,,,,,,,,,,,,,,,,,,,,,,,,,,,,,,,,,,,,,,,,,,,,,,,,,,,,,,,,,,,,,,,,,,,,,,,,,,NONE,left_only,MISSING_FMDL5E_COVERAGE|FMDL5E_NOT_INVESTABLE|NON_COMMON_EQUITY|LOW_20D_TURNOVER|LOW_ACTIVE_TRADE_RATIO|EXCESS_ZERO_VOLUME_DAYS|MISSING_VALID_PRICE|FINANCIAL_EVIDENCE_INCOMPLETE,False,2026-08-07,FRESH_OFFICIAL,2026-08-06,1,CURRENT,False
02476,BUY_ELIGIBLE,BUY_ELIGIBLE,BUY_ELIGIBLE_BOTH,True,False,2026-08-07,02476,HKEX:02476,HKEX-ISSUER:f0e0dbab20c55007,VGT,"Victory Giant Technology (HuiZhou) Co., Ltd.  - H Shares",CONFIRMED,HKEX_DI_STOCK_CODE_CONFIRMED,542103.0,542103|542103,"Victory Giant Technology (HuiZhou) Co., Ltd.  - A Shares|Victory Giant Technology (HuiZhou) Co., Ltd.  - H Shares",Equity,Equity Securities (Main Board),COMMON_EQUITY,100.0,CNE100007JY1,HKD,,False,False,False,False,True,True,False,False,FMDL5B1_20260720_d31e787a3ccd,f2025b4cb11bbd9b503899215e23b5cd35859f5544f930c6c8b9db9bb86d0756,4384133915ac54a3f714895afb4d104dd30e72220d883d2af292a9d6c193f859,2026-08-06,74.0,0.296,-0.1256624173848076,-0.4116148843383029,,,,-0.4728434651643457,0.4166666666666667,,1.2361901714021797,1.116644517559229,0.7229186654064892,-0.6159288033697199,-0.1631368088028278,1315115339.6851754,1.0,0.0,1.1400479213483865,231.0,HKD,231.0,2026-03-31,2026-04-29T09:30:00+08:00,HKD,GENERAL_NON_FINANCIAL,True,,0.0331402271721349,0.3445849333849982,0.2889237984459499,0.2334325714908243,,0.5523393838212346,0.9213513173832484,1.48,,,GENERAL_NON_FINANCIAL,DEFAULT_GENERAL_NON_FINANCIAL,False,0.0,0.0,0.0,231.0,0.0064069264069264,156.0810810810811,0.0841121495327102,0.0628930817610062,,,,0.2732919254658385,0.4405320813771518,,0.0341614906832298,0.0469483568075117,0.0481366459627329,0.0894819466248037,0.1205007824726134,0.953416149068323,0.5117370892018779,0.889751552795031,,0.6610169491525424,0.5364963503649635,0.843065693430657,0.8704379562043796,,0.3766478342749529,0.1490566037735849,,,0.0888888888888888,0.1777950310559006,2026-08-06,REVIEW_ONLY,WATCH_GATE_FAIL,VALID_WITH_CONTROLLED_NULLS,B,NONE,both,FMDL5E_NOT_INVESTABLE,False,2026-08-07,FRESH_OFFICIAL,2026-08-06,1,CURRENT,False
02493,BUY_ELIGIBLE,BUY_ELIGIBLE,BUY_ELIGIBLE_BOTH,True,False,2026-08-07,02493,HKEX:02493,HKEX-ISSUER:631e2a1eca5aa634,MABWELL-B,"Mabwell (Shanghai) Bioscience Co., Ltd. - B  - H Shares",CONFIRMED,HKEX_DI_STOCK_CODE_CONFIRMED,542802.0,542802|542802,"Mabwell (Shanghai) Bioscience Co., Ltd. - B  - A Shares|Mabwell (Shanghai) Bioscience Co., Ltd. - B  - H Shares",Equity,Equity Securities (Main Board),COMMON_EQUITY,200.0,CNE100007HT5,HKD,,False,False,False,True,True,True,False,False,FMDL5B1_20260720_d31e787a3ccd,f2025b4cb11bbd9b503899215e23b5cd35859f5544f930c6c8b9db9bb86d0756,b1a7e3940657192f5a7070c721d0d466a3acef300ba48b33d35630b2d8135b8b,2026-08-06,60.0,0.24,-0.0328888787163628,,,,,-0.1862378303987578,0.4067796610169492,,0.561343351953338,0.5695735468725427,0.3593993865084618,-0.2221391393007191,-0.094890517723724,6862201.814441681,1.0,0.0,0.4160962322645193,21.76000022888184,HKD,21.76000022888184,2026-03-31,2026-05-04T09:30:00+08:00,HKD,GENERAL_NON_FINANCIAL,True,,-0.0529608571629353,0.7614932085585175,-1.6486779497935236,-1.89615094928006,,0.9366924395079284,0.8759871478679134,-0.61,,,GENERAL_NON_FINANCIAL,DEFAULT_GENERAL_NON_FINANCIAL,False,0.0,0.0,0.0,21.76000022888184,,,0.190031152647975,,,,,0.7360248447204969,0.3865414710485133,,0.2857142857142857,0.3004694835680751,0.2360248447204969,0.792778649921507,0.3458528951486698,0.0978260869565217,0.5117370892018779,0.0543478260869565,,0.0922787193973634,0.906934306569343,0.0255474452554744,0.0273722627737226,,0.0150659133709981,0.1283018867924528,,,,0.1777950310559006,2026-08-06,REVIEW_ONLY,WATCH_GATE_FAIL,VALID_WITH_CONTROLLED_NULLS,B,NONE,both,FMDL5E_NOT_INVESTABLE|LOW_20D_TURNOVER,False,2026-08-07,FRESH_OFFICIAL,2026-08-06,1,CURRENT,False
02506,BUY_ELIGIBLE,BUY_ELIGIBLE,BUY_ELIGIBLE_BOTH,True,False,2026-08-07,02506,HKEX:02506,HKEX-ISSUER:67c22586e78c6ef2,XUNFEIHEALTH,"Xunfei Healthcare Technology Co., Ltd.  - H Shares",CONFIRMED,HKEX_DI_STOCK_CODE_CONFIRMED,485720.0,485720|485720,"Xunfei Healthcare Technology Co., Ltd.  - Domestic Shares|Xunfei Healthcare Technology Co., Ltd.  - H Shares",Equity,Equity Securities (Main Board),COMMON_EQUITY,50.0,CNE100006MP5,HKD,,False,False,False,False,True,False,False,False,FMDL5B1_20260720_d31e787a3ccd,f2025b4cb11bbd9b503899215e23b5cd35859f5544f930c6c8b9db9bb86d0756,b17045174399a1b4567a1752f1797ab9491cd21c66e7e5764b506678164d276e,2026-08-06,393.0,1.0,-0.0747729682086182,-0.1545339161164181,-0.2052821785959679,-0.3591481607694329,-0.3073572029237198,-0.4125998337103351,0.45,0.3333333333333333,0.3291095031528339,0.434596323305761,0.2905967703195801,-0.2642253177266725,-0.0829720984302437,2925430.368747711,1.0,0.0,0.3440604478359663,66.19999694824219,HKD,66.19999694824219,2025-12-31,2026-04-17T09:30:00+08:00,HKD,GENERAL_NON_FINANCIAL,True,,-0.0280177045876677,0.5045328215625693,-0.089276092822568,-0.0708070990707032,,0.5900959827365134,1.4144097636767816,-0.54,0.2466116427606051,,GENERAL_NON_FINANCIAL,DEFAULT_GENERAL_NON_FINANCIAL,False,0.0,0.0,0.0,66.19999694824219,,,0.1355140186915887,0.4213836477987421,0.3938906752411575,0.2060390763765541,0.3019538188277087,0.3788819875776397,0.6549295774647887,0.2484076433121019,0.577639751552795,0.4804381846635367,0.3695652173913043,0.6860282574568289,0.4460093896713615,0.0419254658385093,0.5117370892018779,0.0326086956521739,,0.1186440677966101,0.7317518248175182,0.1204379562043795,0.145985401459854,,0.3163841807909605,0.4264150943396226,0.8123667377398721,,,0.1777950310559006,2026-08-06,ELIGIBLE_WATCH,PASS_WATCH,VALID,A,NONE,both,LOW_20D_TURNOVER,False,2026-08-07,FRESH_OFFICIAL,2026-08-06,1,CURRENT,False
02510,BUY_ELIGIBLE,BUY_ELIGIBLE,BUY_ELIGIBLE_BOTH,True,False,2026-08-07,02510,HKEX:02510,HKEX-ISSUER:27d8fb4d430df2c4,TS LINES,T.S. Lines Ltd.,CONFIRMED,HKEX_DI_STOCK_CODE_CONFIRMED,481201.0,481201,T.S. Lines Ltd.,Equity,Equity Securities (Main Board),COMMON_EQUITY,1000.0,HK0001078598,HKD,,False,False,False,False,False,False,False,False,FMDL5B1_20260720_d31e787a3ccd,f2025b4cb11bbd9b503899215e23b5cd35859f5544f930c6c8b9db9bb86d0756,cb45e416d7335f4d83a92bd96b64c9ecb733750430b499c7f12cb496b6d3bc2b,2026-08-06,432.0,1.0,0.1261261288904955,0.1263251295483081,0.0660534281572589,0.0928571998607343,-0.0295428089059076,-0.0697957351308891,0.4833333333333333,0.5833333333333334,0.2055009056118491,0.3598732023844573,0.244182012595848,-0.2037962152378366,-0.0749250760692382,18089764.69363899,1.0,0.0,0.8253115937736377,8.75,HKD,8.75,2025-12-31,2026-04-09T09:30:00+08:00,HKD,GENERAL_NON_FINANCIAL,True,,0.1337490153882064,0.1974636567211229,0.2576039316200731,0.2560013014073413,,0.1375544865968766,2.7880655196333346,1.3917024,-0.0627872243180817,-0.1211063936434646,GENERAL_NON_FINANCIAL,DEFAULT_GENERAL_NON_FINANCIAL,False,0.78,1.0,0.0891428571428571,8.75,0.1590517028571428,6.287263713851467,0.8551401869158879,0.9449685534591196,0.8553054662379421,0.7548845470692718,0.6802841918294849,0.9285714285714286,0.8176838810641628,0.8343949044585988,0.9006211180124224,0.6009389671361502,0.4829192546583851,0.8335949764521193,0.513302034428795,0.2468944099378882,0.5117370892018779,0.4906832298136646,,0.9397363465160076,0.3065693430656934,0.8248175182481752,0.8905109489051095,,0.9491525423728814,0.7735849056603774,0.2068230277185501,0.2997275204359673,0.9622222222222222,0.9782608695652174,2026-08-06,ELIGIBLE_CORE,PASS_CORE,VALID,A,NONE,both,LOW_20D_TURNOVER,False,2026-08-07,FRESH_OFFICIAL,2026-08-06,1,CURRENT,False
02513,BUY_ELIGIBLE,BUY_ELIGIBLE,BUY_ELIGIBLE_BOTH,True,False,2026-08-07,02513,HKEX:02513,HKEX-ISSUER:78f26418a732c2fe,Z.AI,"Z.AI Co., Ltd.  - H Shares",CONFIRMED,HKEX_DI_STOCK_CODE_CONFIRMED,528801.0,528801|528801,"Z.AI Co., Ltd.  - H Shares|Z.AI Co., Ltd.  - Others",Equity,Equity Securities (Main Board),COMMON_EQUITY,100.0,CNE100007DH9,HKD,,False,False,False,False,True,False,False,False,FMDL5B1_20260720_d31e787a3ccd,f2025b4cb11bbd9b503899215e23b5cd35859f5544f930c6c8b9db9bb86d0756,ec2dc344806f2cbfb3e6bf24a09be3190e57d7c8f8eb9085f88c4ebb506eb0d5,2026-08-06,141.0,0.564,-0.4650590551181102,0.2091212458286986,4.027752152375032,,,-0.5489626556016598,0.5333333333333333,0.8571428571428571,2.2973512733260164,2.111046945808464,1.1076715055507809,-0.6423236514522821,-0.2848837209302325,9356279349.575,1.0,0.0,1.7879782389567915,1087.0,HKD,1087.0,2025-12-31,2026-04-20T09:30:00+08:00,HKD,GENERAL_NON_FINANCIAL,True,,-0.9679310965023514,0.4095569171128236,-5.227905910809102,-6.486238392785649,,2.6710371393000334,0.2878718265803682,-12.03,,,GENERAL_NON_FINANCIAL,DEFAULT_GENERAL_NON_FINANCIAL,False,0.0,0.0,0.0,1087.0,,,0.0093457943925233,0.9748427672955976,1.0,,,0.1537267080745341,0.961658841940532,1.0,0.0062111801242236,0.0062597809076682,0.0093167701863354,0.0706436420722135,0.0219092331768388,0.9937888198757764,0.5117370892018779,0.9891304347826086,,0.007532956685499,0.6386861313868614,0.0072992700729927,0.0072992700729927,,0.0037664783427495,0.0113207547169811,,,,0.1777950310559006,2026-08-06,REVIEW_ONLY,WATCH_GATE_FAIL,VALID_WITH_CONTROLLED_NULLS,B,NONE,both,FMDL5E_NOT_INVESTABLE,False,2026-08-07,FRESH_OFFICIAL,2026-08-06,1,CURRENT,False
02517,BUY_ELIGIBLE,BUY_ELIGIBLE,BUY_ELIGIBLE_BOTH,True,False,2026-08-07,02517,HKEX:02517,HKEX-ISSUER:9d2c35c8540f904e,GUOQUAN,"Guoquan Food (Shanghai) Co., Ltd.  - H Shares",CONFIRMED,HKEX_DI_STOCK_CODE_CONFIRMED,448540.0,448540|448540,"Guoquan Food (Shanghai) Co., Ltd.  - Domestic Shares|Guoquan Food (Shanghai) Co., Ltd.  - H Shares",Equity,Equity Securities (Main Board),COMMON_EQUITY,400.0,CNE1000068W1,HKD,,False,False,False,False,True,False,False,False,FMDL5B1_20260720_d31e787a3ccd,f2025b4cb11bbd9b503899215e23b5cd35859f5544f930c6c8b9db9bb86d0756,a0cba71fe9a3a9e1b47953f867fac0f0cd71981496c263db14a1c06ed59f354b,2026-08-06,677.0,1.0,0.1101695223465561,-0.3859374987194315,-0.5273459574633541,-0.4658104548559755,-0.5188216444503786,-0.5757199750265065,0.3333333333333333,0.3333333333333333,0.4514335161985476,0.5010119924863,0.2787830074792276,-0.6286200291618251,-0.1902551844155011,15618369.392135013,1.0,0.0,0.4513273678675226,1.965000033378601,HKD,1.965000033378601,2025-12-31,2026-04-08T09:30:00+08:00,HKD,GENERAL_NON_FINANCIAL,True,,0.0826367807990885,0.2159500291421553,0.0764655072630036,0.0554272014619221,,0.3930721068841776,1.793844070024052,0.163,0.2071439501314567,0.8775579246870635,GENERAL_NON_FINANCIAL,DEFAULT_GENERAL_NON_FINANCIAL,False,0.122,2.0,0.0620865129402743,1.965000033378601,0.0829516525349566,12.055214928703071,0.8208722741433022,0.0833333333333333,0.062700964630225,0.1261101243339254,0.0976909413854351,0.1304347826086956,0.0821596244131455,0.2484076433121019,0.4161490683229814,0.3865414710485133,0.3928571428571428,0.0769230769230769,0.0735524256651017,0.2034161490683229,0.5117370892018779,0.0667701863354037,,0.8531073446327684,0.3485401459854014,0.4160583941605839,0.4434306569343065,,0.6214689265536724,0.5849056603773585,0.7846481876332623,0.8664850136239782,0.7866666666666666,0.8618012422360248,2026-08-06,ELIGIBLE_CORE,PASS_CORE,VALID,A,NONE,both,LOW_20D_TURNOVER,False,2026-08-07,FRESH_OFFICIAL,2026-08-06,1,CURRENT,False
02522,UNKNOWN_BLOCKED,SELL_ONLY,SELL_ONLY,False,True,2026-08-07,02522,HKEX:02522,,,,,,,,,,,,,,,,,,,,,,,,,,,,,,,,,,,,,,,,,,,,,,,,,,,,,,,,,,,,,,,,,,,,,,,,,,,,,,,,,,,,,,,,,,,,,,,,,,,,,,,,,,,,NONE,left_only,MISSING_FMDL5E_COVERAGE|NOT_SOUTHBOUND_BUY_ELIGIBLE|FMDL5E_NOT_INVESTABLE|NON_COMMON_EQUITY|LOW_20D_TURNOVER|LOW_ACTIVE_TRADE_RATIO|EXCESS_ZERO_VOLUME_DAYS|MISSING_VALID_PRICE|FINANCIAL_EVIDENCE_INCOMPLETE,False,2026-08-07,FRESH_OFFICIAL,2026-08-06,1,CURRENT,False
02525,BUY_ELIGIBLE,BUY_ELIGIBLE,BUY_ELIGIBLE_BOTH,True,False,2026-08-07,02525,HKEX:02525,,,,,,,,,,,,,,,,,,,,,,,,,,,,,,,,,,,,,,,,,,,,,,,,,,,,,,,,,,,,,,,,,,,,,,,,,,,,,,,,,,,,,,,,,,,,,,,,,,,,,,,,,,,,NONE,left_only,MISSING_FMDL5E_COVERAGE|FMDL5E_NOT_INVESTABLE|NON_COMMON_EQUITY|LOW_20D_TURNOVER|LOW_ACTIVE_TRADE_RATIO|EXCESS_ZERO_VOLUME_DAYS|MISSING_VALID_PRICE|FINANCIAL_EVIDENCE_INCOMPLETE,False,2026-08-07,FRESH_OFFICIAL,2026-08-06,1,CURRENT,False
02555,BUY_ELIGIBLE,BUY_ELIGIBLE,BUY_ELIGIBLE_BOTH,True,False,2026-08-07,02555,HKEX:02555,HKEX-ISSUER:6b1f01fa37c30c35,CHABAIDAO,"Sichuan Baicha Baidao Industrial Co., Ltd.  - H Shares",CONFIRMED,HKEX_DI_STOCK_CODE_CONFIRMED,462886.0,462886,"Sichuan Baicha Baidao Industrial Co., Ltd.  - H Shares",Equity,Equity Securities (Main Board),COMMON_EQUITY,200.0,CNE100006G23,HKD,,False,False,False,False,True,False,False,False,FMDL5B1_20260720_d31e787a3ccd,f2025b4cb11bbd9b503899215e23b5cd35859f5544f930c6c8b9db9bb86d0756,e272500718feb71dd78f80f3e6f309df8212ce3b9f1d74e85bc316a685dff0fb,2026-08-06,562.0,1.0,-0.0224490064027551,-0.1589409346399412,-0.2232340397102321,-0.4654723970098596,-0.4531972178523834,-0.4775211553480994,0.35,0.25,0.2183849014061997,0.256742387046873,0.136888597981118,-0.3090570121281867,-0.0951612110223322,6753651.552925778,1.0,0.0,0.9164229998419756,4.789999961853027,HKD,4.789999961853027,2025-12-31,2026-04-27T09:30:00+08:00,HKD,GENERAL_NON_FINANCIAL,True,,0.1666595922177196,0.3250819081427704,0.1883290442307678,0.1491912613520348,,0.1678741888281544,4.8960917719082895,0.547,0.0970051425407538,0.7046257391186486,GENERAL_NON_FINANCIAL,DEFAULT_GENERAL_NON_FINANCIAL,False,0.402981,2.0,0.0841296457639439,4.789999961853027,0.1141962430806348,8.756855506129849,0.2118380062305296,0.410377358490566,0.3665594855305466,0.127886323268206,0.1349911190053286,0.2531055900621118,0.1244131455399061,0.1035031847133758,0.8618012422360248,0.837245696400626,0.8540372670807453,0.5871271585557299,0.3411580594679186,0.0962732919254658,0.5117370892018779,0.6537267080745341,,0.9548022598870056,0.4963503649635036,0.7135036496350365,0.7645985401459854,,0.9133709981167608,0.9056603773584906,0.6311300639658849,0.8474114441416893,0.8911111111111111,0.9736024844720496,2026-08-06,ELIGIBLE_CORE,PASS_CORE,VALID,A,NONE,both,LOW_20D_TURNOVER,False,2026-08-07,FRESH_OFFICIAL,2026-08-06,1,CURRENT,False
02562,BUY_ELIGIBLE,BUY_ELIGIBLE,BUY_ELIGIBLE_BOTH,True,False,2026-08-07,02562,HKEX:02562,HKEX-ISSUER:6c8c01747c9669fe,SYNAGISTICS,Synagistics Ltd.,CONFIRMED,HKEX_DI_STOCK_CODE_CONFIRMED,481036.0,481036,Synagistics Ltd.,Equity,Equity Securities (Main Board),COMMON_EQUITY,500.0,KYG4515L2058,HKD,,False,False,False,False,False,False,False,False,FMDL5B1_20260720_d31e787a3ccd,f2025b4cb11bbd9b503899215e23b5cd35859f5544f930c6c8b9db9bb86d0756,880eb7f46fdcc898ad192b9f1a4f89daf1839e51242af9c477c9109a5caee7b6,2026-08-06,435.0,1.0,0.0425532364604241,-0.4410646522261767,-0.5242718221869558,-0.9281173606959352,-0.9310513489477872,-0.9258698923718656,0.45,0.3333333333333333,0.7601169916599245,0.7963104922365376,0.3461215302070869,-0.6820388400079349,-0.1055276568545641,35743092.14597775,1.0,0.0,0.6215198271063412,1.4700000286102295,HKD,1.4700000286102295,,,,CONTROLLED_NON_FINANCIAL,False,,,,,,,,,,,,CONTROLLED_NON_FINANCIAL,NO_DECISION_GRADE_FINANCIAL_CURRENT,False,0.0,0.0,0.0,,,,0.4968847352024922,0.0534591194968553,0.0643086816720257,0.0017761989342806,0.0017761989342806,0.0108695652173913,0.6549295774647887,0.2484076433121019,0.1350931677018633,0.1314553990610328,0.2639751552795031,0.0518053375196232,0.2863849765258216,0.3850931677018633,0.5117370892018779,0.1692546583850931,,,,,,,,,,,,0.1777950310559006,2026-08-06,ELIGIBLE_WATCH,PASS_WATCH,PARTIAL_MARKET_ONLY,C,NONE,both,FINANCIAL_EVIDENCE_INCOMPLETE,False,2026-08-07,FRESH_OFFICIAL,2026-08-06,1,CURRENT,False
02570,BUY_ELIGIBLE,BUY_ELIGIBLE,BUY_ELIGIBLE_BOTH,True,False,2026-08-07,02570,HKEX:02570,HKEX-ISSUER:c7338f6704b9a4be,REFIRE,Shanghai REFIRE Group Ltd.  - H Shares,CONFIRMED,HKEX_DI_STOCK_CODE_CONFIRMED,484055.0,484055|484055,Shanghai REFIRE Group Ltd.  - Domestic Shares|Shanghai REFIRE Group Ltd.  - H Shares,Equity,Equity Securities (Main Board),COMMON_EQUITY,20.0,CNE100006PJ1,HKD,,False,False,False,False,True,False,False,False,FMDL5B1_20260720_d31e787a3ccd,f2025b4cb11bbd9b503899215e23b5cd35859f5544f930c6c8b9db9bb86d0756,53cecfea8f44c14ceecd516a465fd28f7aaca7472cf15e3ca861c3951cf834dd,2026-08-06,407.0,1.0,-0.1533396140068289,-0.560546865177457,-0.6456692860170692,-0.8917618781137494,-0.8721587502180319,-0.9085365867841676,0.35,0.3333333333333333,0.6398730603744327,0.6372649084409922,0.4063841070137858,-0.7024267667507028,-0.0922414321820018,10522099.052249432,1.0,0.0,0.7877229794781763,18.0,HKD,18.0,2025-12-31,2026-04-27T09:30:00+08:00,HKD,GENERAL_NON_FINANCIAL,True,,-0.1411203839175981,0.1154277822395016,-0.9206768976420816,-1.0128447241702594,,0.6013722713173758,1.3407112215586967,-6.98,-0.0826002851527879,,GENERAL_NON_FINANCIAL,DEFAULT_GENERAL_NON_FINANCIAL,False,0.0,0.0,0.0,18.0,,,0.0716510903426791,0.0220125786163522,0.0369774919614147,0.0088809946714031,0.0088809946714031,0.0170807453416149,0.1244131455399061,0.2484076433121019,0.2111801242236025,0.2331768388106416,0.1645962732919254,0.0486656200941915,0.3630672926447574,0.139751552795031,0.5117370892018779,0.4316770186335403,,0.0602636534839924,0.1295620437956204,0.0364963503649635,0.0456204379562043,,0.2937853107344633,0.3886792452830189,0.1876332622601279,,,0.1777950310559006,2026-08-06,ELIGIBLE_CORE,PASS_CORE,VALID,A,NONE,both,LOW_20D_TURNOVER,False,2026-08-07,FRESH_OFFICIAL,2026-08-06,1,CURRENT,False
02575,BUY_ELIGIBLE,BUY_ELIGIBLE,BUY_ELIGIBLE_BOTH,True,False,2026-08-07,02575,HKEX:02575,HKEX-ISSUER:99ad77cc3c1594ba,XUANZHUBIO-B,"Xuanzhu Biopharmaceutical Co., Ltd. - B  - H Shares",CONFIRMED,HKEX_DI_STOCK_CODE_CONFIRMED,518946.0,518946|518946,"Xuanzhu Biopharmaceutical Co., Ltd. - B  - Domestic Shares|Xuanzhu Biopharmaceutical Co., Ltd. - B  - H Shares",Equity,Equity Securities (Main Board),COMMON_EQUITY,500.0,CNE1000074Q1,HKD,,False,False,False,True,True,False,False,False,FMDL5B1_20260720_d31e787a3ccd,f2025b4cb11bbd9b503899215e23b5cd35859f5544f930c6c8b9db9bb86d0756,392c7f57578c93c54f8a415e3159fe2f73d0674baa2a316d4c238b876ce5ad1d,2026-08-06,198.0,0.792,-0.08130696863455,-0.4729729785908851,-0.8181954864272498,,,-0.8542495407187102,0.4166666666666667,0.3,0.5340321784103422,0.7074453609015342,0.4523027065630483,-0.8618463495044981,-0.1372391679704425,5659228.143514538,1.0,0.0,0.2961892756255029,12.09000015258789,HKD,12.09000015258789,2025-12-31,2026-04-28T09:30:00+08:00,HKD,GENERAL_NON_FINANCIAL,True,,-0.1496691244829593,0.6445375878853434,-4.739608282469288,-4.742119292281542,,0.1646549963574735,3.753136962275295,-0.53,,,GENERAL_NON_FINANCIAL,DEFAULT_GENERAL_NON_FINANCIAL,False,0.0,0.0,0.0,12.09000015258789,,,0.1277258566978193,0.040880503144654,0.0128617363344051,,,0.0279503105590062,0.4405320813771518,0.1584394904458598,0.3214285714285714,0.1737089201877934,0.1319875776397515,0.0156985871271585,0.1721439749608763,0.0838509316770186,0.5117370892018779,0.0186335403726708,,0.0546139359698681,0.8266423357664233,0.0091240875912408,0.010948905109489,,0.9190207156308852,0.8509433962264151,,,,0.1777950310559006,2026-08-06,ELIGIBLE_WATCH,PASS_WATCH,VALID_WITH_CONTROLLED_NULLS,B,NONE,both,LOW_20D_TURNOVER,False,2026-08-07,FRESH_OFFICIAL,2026-08-06,1,CURRENT,False
02582,BUY_ELIGIBLE,BUY_ELIGIBLE,BUY_ELIGIBLE_BOTH,True,False,2026-08-07,02582,HKEX:02582,HKEX-ISSUER:03739a22c5e6eb4b,GUOFUHEE,"Jiangsu Guofu Hydrogen Energy Equipment Co., Ltd.  - H Shares",CONFIRMED,HKEX_DI_STOCK_CODE_CONFIRMED,482461.0,482461|482461,"Jiangsu Guofu Hydrogen Energy Equipment Co., Ltd.  - Domestic Shares|Jiangsu Guofu Hydrogen Energy Equipment Co., Ltd.  - H Shares",Equity,Equity Securities (Main Board),COMMON_EQUITY,50.0,CNE100006N08,HKD,,False,False,False,False,True,False,False,False,FMDL5B1_20260720_d31e787a3ccd,f2025b4cb11bbd9b503899215e23b5cd35859f5544f930c6c8b9db9bb86d0756,300086b8b1400f403e46f6d851ece7ba0cac4eddd0318b73430d6bd29fb6518d,2026-08-06,422.0,1.0,-0.1847389739735764,-0.6441094160022267,-0.722829057493698,-0.881632657509851,-0.8548104978511355,-0.878950509204089,0.35,0.3333333333333333,0.6486429771736966,0.7032864901512969,0.3826415278012841,-0.7940420126852992,-0.1916010914773057,17164394.40729461,1.0,0.0,0.6683798325992901,10.149999618530272,HKD,10.149999618530272,2025-12-31,2026-04-28T09:30:00+08:00,HKD,GENERAL_NON_FINANCIAL,True,,-0.1266436267641613,0.0111757810921143,-0.7303001957421746,-1.1056661296748602,,0.5917264682316208,1.2485814423135493,-3.57,-0.2447291701645628,,GENERAL_NON_FINANCIAL,DEFAULT_GENERAL_NON_FINANCIAL,False,0.0,0.0,0.0,10.149999618530272,,,0.0607476635514018,0.0141509433962264,0.0257234726688102,0.0106571936056838,0.0124333925399644,0.0201863354037267,0.1244131455399061,0.2484076433121019,0.2096273291925466,0.1768388106416275,0.201863354037267,0.0266875981161695,0.0704225352112676,0.2313664596273291,0.5117370892018779,0.2298136645962732,,0.064030131826742,0.0237226277372262,0.0437956204379562,0.0437956204379562,,0.3126177024482109,0.360377358490566,0.0405117270788912,,,0.1777950310559006,2026-08-06,ELIGIBLE_CORE,PASS_CORE,VALID,A,NONE,both,LOW_20D_TURNOVER,False,2026-08-07,FRESH_OFFICIAL,2026-08-06,1,CURRENT,False
02583,BUY_ELIGIBLE,BUY_ELIGIBLE,BUY_ELIGIBLE_BOTH,True,False,2026-08-07,02583,HKEX:02583,HKEX-ISSUER:d4f4272c47544144,HIPINE,"Shenzhen Hipine Precision Technology Co., Ltd.  - H Shares",CONFIRMED,HKEX_DI_STOCK_CODE_CONFIRMED,517031.0,517031,"Shenzhen Hipine Precision Technology Co., Ltd.  - H Shares",Equity,Equity Securities (Main Board),COMMON_EQUITY,100.0,CNE1000074P3,HKD,,False,False,False,False,True,False,False,False,FMDL5B1_20260720_d31e787a3ccd,f2025b4cb11bbd9b503899215e23b5cd35859f5544f930c6c8b9db9bb86d0756,205a837df904f3a36f1b929f19ba37589759612acf11ea506e12f2431210d2d2,2026-08-06,207.0,0.828,0.0427011239530417,-0.4061086075362708,-0.6677215189873418,,,-0.7355163727959697,0.4,0.3636363636363636,0.6359376154948507,1.0710091652988023,0.5826649483737413,-0.7292728214687472,-0.1746904742964953,16286981.775856018,1.0,0.0,0.4534513923809782,52.5,HKD,52.5,2025-12-31,2026-04-20T09:30:00+08:00,HKD,GENERAL_NON_FINANCIAL,True,,0.0797276531286089,0.3152942986893501,0.2100510442962337,0.1668156413606137,,0.1933108829208904,5.367025769035866,2.0,,,GENERAL_NON_FINANCIAL,DEFAULT_GENERAL_NON_FINANCIAL,False,0.0,0.0,0.0,52.5,0.0380952380952381,26.25,0.5,0.0644654088050314,0.0305466237942122,,,0.0512422360248447,0.3356807511737089,0.3375796178343949,0.2158385093167701,0.0532081377151799,0.0760869565217391,0.0376766091051805,0.0907668231611893,0.2142857142857142,0.5117370892018779,0.0683229813664596,,0.8455743879472694,0.4854014598540146,0.7518248175182481,0.7937956204379562,,0.8851224105461394,0.9245283018867924,,,0.5088888888888888,0.1777950310559006,2026-08-06,ELIGIBLE_CORE,PASS_CORE,VALID_WITH_CONTROLLED_NULLS,B,NONE,both,LOW_20D_TURNOVER,False,2026-08-07,FRESH_OFFICIAL,2026-08-06,1,CURRENT,False
02586,BUY_ELIGIBLE,BUY_ELIGIBLE,BUY_ELIGIBLE_BOTH,True,False,2026-08-07,02586,HKEX:02586,HKEX-ISSUER:ba03855366cdcad4,DMALL,Dmall Inc.,CONFIRMED,HKEX_DI_STOCK_CODE_CONFIRMED,484054.0,484054,Dmall Inc.,Equity,Equity Securities (Main Board),COMMON_EQUITY,100.0,VGG3168D1069,HKD,,False,False,False,False,False,False,False,False,FMDL5B1_20260720_d31e787a3ccd,f2025b4cb11bbd9b503899215e23b5cd35859f5544f930c6c8b9db9bb86d0756,071add775f7aa720eb324da6d348a9da937d577aa8da617cc164df764b09a200,2026-08-06,407.0,1.0,-0.1171617235727756,-0.2178362887011904,-0.3638525562781254,-0.4865643123358413,-0.4184261133964515,-0.5446808591802069,0.4333333333333333,0.25,0.4965295380811925,0.3600226275476602,0.2134994782616401,-0.4288889037238227,-0.1312056889490903,8191036.906006336,1.0,0.0,0.5834716691173522,5.349999904632568,HKD,5.349999904632568,2025-12-31,2026-04-24T09:30:00+08:00,HKD,GENERAL_NON_FINANCIAL,True,,0.0771086171434107,0.3816233121186156,0.0383346895663467,0.060053279299573,,0.4489931837144921,1.893470407843276,0.15,0.1978233482266291,,GENERAL_NON_FINANCIAL,DEFAULT_GENERAL_NON_FINANCIAL,False,0.0,0.0,0.0,5.349999904632568,0.0280373836773557,35.66666603088379,0.0950155763239875,0.2783018867924528,0.1736334405144694,0.1119005328596802,0.1634103019538188,0.1599378881987577,0.5461658841940532,0.1035031847133758,0.3509316770186335,0.5993740219092332,0.5822981366459627,0.3453689167974882,0.1924882629107981,0.1055900621118012,0.5117370892018779,0.1366459627329192,,0.8361581920903954,0.6058394160583942,0.2572992700729927,0.468978102189781,,0.5028248587570622,0.6132075471698113,0.7803837953091685,,0.3933333333333333,0.1777950310559006,2026-08-06,ELIGIBLE_CORE,PASS_CORE,VALID,A,NONE,both,LOW_20D_TURNOVER,False,2026-08-07,FRESH_OFFICIAL,2026-08-06,1,CURRENT,False
02587,BUY_ELIGIBLE,BUY_ELIGIBLE,BUY_ELIGIBLE_BOTH,True,False,2026-08-07,02587,HKEX:02587,HKEX-ISSUER:4423d44043c391d9,HEALTHYWAY INC,HealthyWay Inc.,CONFIRMED,HKEX_DI_STOCK_CODE_CONFIRMED,485721.0,485721,HealthyWay Inc.,Equity,Equity Securities (Main Board),COMMON_EQUITY,500.0,KYG4412P1019,HKD,,False,False,False,False,False,False,False,False,FMDL5B1_20260720_d31e787a3ccd,f2025b4cb11bbd9b503899215e23b5cd35859f5544f930c6c8b9db9bb86d0756,614a721ef555c4b239a9c20a6aeb2eb6af34063bcc7d9a5b110128fa25949c41,2026-08-06,393.0,1.0,-0.1052631633983975,-0.5072463701346052,-0.5415730226312283,-0.7430730545149182,-0.7128463532797598,-0.8019417549440374,0.3333333333333333,0.1666666666666666,0.5094478353602192,0.5450920453123059,0.342182668051845,-0.6757188662671392,-0.0921052810447921,16931992.792235374,1.0,0.0,0.6463892088860893,2.039999961853028,HKD,2.039999961853028,2025-12-31,2026-04-23T09:30:00+08:00,HKD,GENERAL_NON_FINANCIAL,True,,0.0791209478258151,0.3048240084274229,0.0397121825156574,0.0356360694724796,,0.5981374279226666,1.421943199814593,0.06,0.3012579375819784,,GENERAL_NON_FINANCIAL,DEFAULT_GENERAL_NON_FINANCIAL,False,0.0,0.0,0.0,2.039999961853028,0.0294117652558675,33.999999364217125,0.102803738317757,0.0298742138364779,0.0546623794212218,0.019538188277087,0.019538188277087,0.0388198757763975,0.0821596244131455,0.0310509554140127,0.343167701863354,0.3364632237871675,0.2686335403726708,0.0565149136577708,0.3646322378716745,0.2267080745341615,0.5117370892018779,0.2127329192546584,,0.8436911487758946,0.468978102189781,0.2682481751824817,0.3740875912408759,,0.3013182674199623,0.4320754716981132,0.8592750533049041,,0.4133333333333333,0.1777950310559006,2026-08-06,ELIGIBLE_CORE,PASS_CORE,VALID,A,NONE,both,LOW_20D_TURNOVER,False,2026-08-07,FRESH_OFFICIAL,2026-08-06,1,CURRENT,False
02591,BUY_ELIGIBLE,BUY_ELIGIBLE,BUY_ELIGIBLE_BOTH,True,False,2026-08-07,02591,HKEX:02591,HKEX-ISSUER:c3a6d535a8acb7d6,INNOGEN-B,"Guangzhou Innogen Pharmaceutical Group Co., Ltd. - B  - H Shares",CONFIRMED,HKEX_DI_STOCK_CODE_CONFIRMED,510987.0,510987|510987|510987,"Guangzhou Innogen Pharmaceutical Group Co., Ltd. - B  - Domestic Shares|Guangzhou Innogen Pharmaceutical Group Co., Ltd. - B  - H Shares|Guangzhou Innogen Pharmaceutical Group Co., Ltd. - B  - Others",Equity,Equity Securities (Main Board),COMMON_EQUITY,200.0,CNE1000071Q7,HKD,,False,False,False,True,True,False,False,False,FMDL5B1_20260720_d31e787a3ccd,f2025b4cb11bbd9b503899215e23b5cd35859f5544f930c6c8b9db9bb86d0756,ad9680259d0994f9a33db5e95681a0549f73330991bfeabd24037cb13d36deb1,2026-08-06,239.0,0.956,-0.0929648548252505,-0.5676647029732937,-0.7319970435388778,,,-0.8738864665468707,0.3833333333333333,0.1666666666666666,0.6812349466512293,0.8901703232435997,0.4344536257776521,-0.7548456649649776,-0.1452991015083309,18878738.435282707,1.0,0.0,0.5521861366382256,7.21999979019165,HKD,7.21999979019165,2025-12-31,2026-04-29T09:30:00+08:00,HKD,GENERAL_NON_FINANCIAL,True,,-0.2172887395441534,0.8901063805519014,-2.5826825540457308,-2.5957386946900973,,0.3294782786371324,2.9310957144895595,-0.79,,,GENERAL_NON_FINANCIAL,DEFAULT_GENERAL_NON_FINANCIAL,False,0.0,0.0,0.0,7.21999979019165,,,0.1152647975077881,0.020440251572327,0.0241157556270096,,,0.0232919254658385,0.2472613458528951,0.0310509554140127,0.1832298136645962,0.0938967136150234,0.1444099378881987,0.0345368916797488,0.1455399061032863,0.2531055900621118,0.5117370892018779,0.1071428571428571,,0.03954802259887,0.9562043795620438,0.0145985401459854,0.0182481751824817,,0.7231638418079096,0.7905660377358491,,,,0.1777950310559006,2026-08-06,ELIGIBLE_CORE,PASS_CORE,VALID,A,NONE,both,LOW_20D_TURNOVER,False,2026-08-07,FRESH_OFFICIAL,2026-08-06,1,CURRENT,False
02602,BUY_ELIGIBLE,BUY_ELIGIBLE,BUY_ELIGIBLE_BOTH,True,False,2026-08-07,02602,HKEX:02602,HKEX-ISSUER:f881b8322eb03185,ONEWO,Onewo Inc.  - H Shares,CONFIRMED,HKEX_DI_STOCK_CODE_CONFIRMED,410579.0,410579|410579|410579,Onewo Inc.  - Domestic Shares|Onewo Inc.  - H Shares|Onewo Inc.  - Others,Equity,Equity Securities (Main Board),COMMON_EQUITY,100.0,CNE100005K85,HKD,,False,False,False,False,True,False,False,False,FMDL5B1_20260720_d31e787a3ccd,f2025b4cb11bbd9b503899215e23b5cd35859f5544f930c6c8b9db9bb86d0756,6541b5a86704d250f2d9c68b97d9dd3867cbb4d8a6cfda09877e640a4a7bb51e,2026-08-06,880.0,1.0,-0.0491070958158497,-0.0430191424707824,-0.1006039754012458,-0.2167806051182487,-0.1763326958951911,-0.316389269953556,0.4833333333333333,0.5,0.2894706899732148,0.5564130076821309,0.3272256146068104,-0.2819047655378069,-0.0670000076293945,15061911.665191174,1.0,0.0,0.3886861341020546,17.040000915527344,HKD,17.040000915527344,2025-12-31,2026-04-17T09:30:00+08:00,HKD,GENERAL_NON_FINANCIAL,True,,0.0187514425167811,0.1223327464741496,0.0283098831128899,0.0186349433594137,,0.5833936482744725,1.0681477362953693,0.6,0.0272132329549608,-0.3896122499556199,GENERAL_NON_FINANCIAL,DEFAULT_GENERAL_NON_FINANCIAL,False,1.6669999999999998,2.0,0.097828633241503,17.040000915527344,0.0352112657137983,28.400001525878903,0.1619937694704049,0.7044025157232704,0.6077170418006431,0.3676731793960923,0.4493783303730018,0.5186335403726708,0.8176838810641628,0.6632165605095541,0.6863354037267081,0.323943661971831,0.296583850931677,0.640502354788069,0.596244131455399,0.1987577639751552,0.5117370892018779,0.0450310559006211,,0.527306967984934,0.1441605839416058,0.2244525547445255,0.2755474452554745,,0.327683615819209,0.2396226415094339,0.4392324093816631,0.0926430517711171,0.4844444444444444,0.984472049689441,2026-08-06,ELIGIBLE_CORE,PASS_CORE,VALID,A,NONE,both,LOW_20D_TURNOVER,False,2026-08-07,FRESH_OFFICIAL,2026-08-06,1,CURRENT,False
02607,BUY_ELIGIBLE,BUY_ELIGIBLE,BUY_ELIGIBLE_BOTH,True,False,2026-08-07,02607,HKEX:02607,HKEX-ISSUER:0577d6a082f43be3,SH PHARMA,"Shanghai Pharmaceuticals Holding Co., Ltd.  - H Shares",CONFIRMED,HKEX_DI_STOCK_CODE_CONFIRMED,60436.0,60436|60436|60436,"Shanghai Pharmaceuticals Holding Co., Ltd.  - A Shares|Shanghai Pharmaceuticals Holding Co., Ltd.  - H Shares|Shanghai Pharmaceuticals Holding Co., Ltd.  - Others",Equity,Equity Securities (Main Board),COMMON_EQUITY,100.0,CNE1000012B3,HKD,,False,False,False,False,True,True,False,False,FMDL5B1_20260720_d31e787a3ccd,f2025b4cb11bbd9b503899215e23b5cd35859f5544f930c6c8b9db9bb86d0756,0e0e57754c02653f4bcacb6ef8ebdf34a2213dc1db41a8eb7c789924c9ab2147,2026-08-06,880.0,1.0,0.0414515177232901,0.0054507025772543,0.0352733683115673,-0.0377397096637921,-0.0760392836722746,-0.0339778609332829,0.45,0.4166666666666667,0.1989961189904861,0.2067222800071347,0.11586309992117,-0.0798005478728931,-0.0387858605691638,19072913.796827797,1.0,0.0,0.5828844887496879,11.800000190734863,HKD,11.800000190734863,2026-03-31,2026-04-30T09:30:00+08:00,HKD,GENERAL_NON_FINANCIAL,True,,0.0060235381063583,0.1075299847454815,0.0368848405764421,0.0188376882570314,,0.6113875222176048,1.3394130333284584,0.38,0.0635819191460433,0.0635274755125838,GENERAL_NON_FINANCIAL,DEFAULT_GENERAL_NON_FINANCIAL,False,0.5369200000000001,2.0,0.0455016941797661,11.800000190734863,0.0322033893099738,31.052632080881217,0.4890965732087227,0.8270440251572327,0.8263665594855305,0.6003552397868561,0.6234458259325044,0.9642857142857144,0.6549295774647887,0.447452229299363,0.9208074534161492,0.94679186228482,0.936335403726708,0.998430141287284,0.92018779342723,0.2577639751552795,0.5117370892018779,0.1350931677018633,,0.3258003766478343,0.1131386861313868,0.2536496350364963,0.2791970802919708,,0.2806026365348399,0.3867924528301887,0.5479744136460555,0.5204359673024523,0.4488888888888889,0.6847826086956522,2026-08-06,ELIGIBLE_CORE,PASS_CORE,VALID,A,NONE,both,LOW_20D_TURNOVER,False,2026-08-07,FRESH_OFFICIAL,2026-08-06,1,CURRENT,False
02609,BUY_ELIGIBLE,BUY_ELIGIBLE,BUY_ELIGIBLE_BOTH,True,False,2026-08-07,02609,HKEX:02609,HKEX-ISSUER:f1143c2a15925451,BAYZED HEALTH,Bayzed Health Group Inc,CONFIRMED,HKEX_DI_STOCK_CODE_CONFIRMED,505540.0,505540,Bayzed Health Group Inc,Equity,Equity Securities (Main Board),COMMON_EQUITY,600.0,KYG0893A1004,HKD,,False,False,False,False,False,False,False,False,FMDL5B1_20260720_d31e787a3ccd,f2025b4cb11bbd9b503899215e23b5cd35859f5544f930c6c8b9db9bb86d0756,2b962683fbbce541a6d74d620225d881ba45564c94b08593d9d3361c233e7dfb,2026-08-06,277.0,1.0,0.033898272208872,-0.4134615261173808,-0.1359773436158157,-0.5278637872591769,-0.5433436485659972,-0.7673531630671826,0.4166666666666667,0.25,0.3559236238504468,0.7143754077252729,0.7222000558197335,-0.5129982752047899,-0.2222222377140074,10203669.283995628,1.0,0.0,0.2994565860203244,3.049999952316284,HKD,3.049999952316284,2025-12-31,2026-05-04T09:30:00+08:00,HKD,GENERAL_NON_FINANCIAL,True,,-0.0050689949799071,0.1703908294779028,0.0275680024717618,-0.0115703099257132,,0.366028227068441,1.6852592706570242,-0.01,-0.0580369534826209,,GENERAL_NON_FINANCIAL,DEFAULT_GENERAL_NON_FINANCIAL,False,0.0,0.0,0.0,3.049999952316284,,,0.4376947040498442,0.0597484276729559,0.5369774919614148,0.0799289520426287,0.0817051509769094,0.0419254658385093,0.4405320813771518,0.1035031847133758,0.5388198757763976,0.1674491392801252,0.0496894409937888,0.1978021978021978,0.0485133020344287,0.1350931677018633,0.5117370892018779,0.0217391304347826,,0.1807909604519774,0.2372262773722627,0.2208029197080292,0.1824817518248175,,0.655367231638418,0.5528301886792453,0.2110874200426439,,,0.1777950310559006,2026-08-06,ELIGIBLE_CORE,PASS_CORE,VALID,A,NONE,both,LOW_20D_TURNOVER,False,2026-08-07,FRESH_OFFICIAL,2026-08-06,1,CURRENT,False
02627,SELL_ONLY,SELL_ONLY,SELL_ONLY,False,True,2026-08-07,02627,HKEX:02627,,,,,,,,,,,,,,,,,,,,,,,,,,,,,,,,,,,,,,,,,,,,,,,,,,,,,,,,,,,,,,,,,,,,,,,,,,,,,,,,,,,,,,,,,,,,,,,,,,,,,,,,,,,,NONE,left_only,MISSING_FMDL5E_COVERAGE|NOT_SOUTHBOUND_BUY_ELIGIBLE|FMDL5E_NOT_INVESTABLE|NON_COMMON_EQUITY|LOW_20D_TURNOVER|LOW_ACTIVE_TRADE_RATIO|EXCESS_ZERO_VOLUME_DAYS|MISSING_VALID_PRICE|FINANCIAL_EVIDENCE_INCOMPLETE,False,2026-08-07,FRESH_OFFICIAL,2026-08-06,1,CURRENT,False
02629,SELL_ONLY,SELL_ONLY,SELL_ONLY,False,True,2026-08-07,02629,HKEX:02629,,,,,,,,,,,,,,,,,,,,,,,,,,,,,,,,,,,,,,,,,,,,,,,,,,,,,,,,,,,,,,,,,,,,,,,,,,,,,,,,,,,,,,,,,,,,,,,,,,,,,,,,,,,,NONE,left_only,MISSING_FMDL5E_COVERAGE|NOT_SOUTHBOUND_BUY_ELIGIBLE|FMDL5E_NOT_INVESTABLE|NON_COMMON_EQUITY|LOW_20D_TURNOVER|LOW_ACTIVE_TRADE_RATIO|EXCESS_ZERO_VOLUME_DAYS|MISSING_VALID_PRICE|FINANCIAL_EVIDENCE_INCOMPLETE,False,2026-08-07,FRESH_OFFICIAL,2026-08-06,1,CURRENT,False
02659,BUY_ELIGIBLE,BUY_ELIGIBLE,BUY_ELIGIBLE_BOTH,True,False,2026-08-07,02659,HKEX:02659,HKEX-ISSUER:52a7eb282d4603c0,BAO PHARMA-B,"Shanghai Bao Pharmaceuticals Co., Ltd. - B  - H Shares",CONFIRMED,HKEX_DI_STOCK_CODE_CONFIRMED,526216.0,526216|526216,"Shanghai Bao Pharmaceuticals Co., Ltd. - B  - Domestic Shares|Shanghai Bao Pharmaceuticals Co., Ltd. - B  - H Shares",Equity,Equity Securities (Main Board),COMMON_EQUITY,100.0,CNE100007B92,HKD,,False,False,False,True,True,False,False,False,FMDL5B1_20260720_d31e787a3ccd,f2025b4cb11bbd9b503899215e23b5cd35859f5544f930c6c8b9db9bb86d0756,08316baca9f7c60c37774e9bbccfe06a5649dc5b4e210348ae601cd6f236134c,2026-08-06,159.0,0.636,-0.0829396318626757,-0.3706772633532439,-0.821916416054144,,,-0.9126063039181428,0.4,0.375,0.6662137338612695,0.6194849336262274,0.4008510068022158,-0.919159578084928,-0.6555407381647873,16779640.403032303,1.0,0.0,0.38006420920891,17.469999313354492,HKD,17.469999313354492,2025-12-31,2026-04-28T09:30:00+08:00,HKD,GENERAL_NON_FINANCIAL,True,,-0.1783066055203951,0.8900439417365124,-7.915412157213768,-8.041785336479778,,0.2819174200567529,4.122630439253354,-1.36,,,GENERAL_NON_FINANCIAL,DEFAULT_GENERAL_NON_FINANCIAL,False,0.0,0.0,0.0,17.469999313354492,,,0.1261682242990654,0.0911949685534591,0.0112540192926045,,,0.015527950310559,0.3356807511737089,0.3415605095541401,0.1956521739130435,0.2425665101721439,0.170807453416149,0.0078492935635792,0.0031298904538341,0.2236024844720497,0.5117370892018779,0.0388198757763975,,0.0508474576271186,0.9543795620437956,0.0036496350364963,0.0054744525547445,,0.7777777777777778,0.8830188679245283,,,,0.1777950310559006,2026-08-06,ELIGIBLE_WATCH,PASS_WATCH,VALID_WITH_CONTROLLED_NULLS,B,NONE,both,LOW_20D_TURNOVER,False,2026-08-07,FRESH_OFFICIAL,2026-08-06,1,CURRENT,False
02669,BUY_ELIGIBLE,BUY_ELIGIBLE,BUY_ELIGIBLE_BOTH,True,False,2026-08-07,02669,HKEX:02669,HKEX-ISSUER:85e5cec9dc97b5b9,CHINA OVS PPT,China Overseas Property Holdings Ltd.,CONFIRMED,HKEX_DI_STOCK_CODE_CONFIRMED,130178.0,130178,China Overseas Property Holdings Ltd.,Equity,Equity Securities (Main Board),COMMON_EQUITY,5000.0,KYG2118M1096,HKD,,False,False,False,False,False,False,False,False,FMDL5B1_20260720_d31e787a3ccd,f2025b4cb11bbd9b503899215e23b5cd35859f5544f930c6c8b9db9bb86d0756,1a2b7c9ed421f4d3570b174a6ae9852ff3aa120c4ec345e3d9ab2cbebd39318f,2026-08-06,880.0,1.0,0.0242424737213955,-0.1750715780834786,-0.2123986883485601,-0.3694258671026603,-0.3843507283912321,-0.3952074253142337,0.35,0.25,0.2502817718591648,0.2780030671614825,0.1802727599652825,-0.2530614414231856,-0.0478589699539224,17973262.26335621,1.0,0.0,0.5840898601401743,3.380000114440918,HKD,3.380000114440918,2025-12-31,2026-04-30T09:30:00+08:00,HKD,GENERAL_NON_FINANCIAL,True,,0.1054724432417115,0.1502204129968767,0.1222008532025443,0.0913630204431575,,0.5423637950784327,1.745766059844676,0.4162,0.0600406985445005,-0.0974162250973389,GENERAL_NON_FINANCIAL,DEFAULT_GENERAL_NON_FINANCIAL,False,0.2,2.0,0.0591715956296888,3.380000114440918,0.1231360905053824,8.12109590206852,0.3738317757009345,0.3773584905660377,0.3794212218649517,0.1971580817051509,0.1971580817051509,0.4037267080745341,0.1244131455399061,0.1035031847133758,0.7934782608695652,0.7902973395931142,0.6801242236024845,0.7189952904238619,0.8231611893583725,0.2453416149068323,0.5117370892018779,0.1381987577639751,,0.9152542372881356,0.1989051094890511,0.5474452554744526,0.5912408759124088,,0.3935969868173258,0.5679245283018868,0.535181236673774,0.3215258855585831,0.9044444444444444,0.8307453416149069,2026-08-06,ELIGIBLE_CORE,PASS_CORE,VALID,A,NONE,both,LOW_20D_TURNOVER,False,2026-08-07,FRESH_OFFICIAL,2026-08-06,1,CURRENT,False
02675,BUY_ELIGIBLE,BUY_ELIGIBLE,BUY_ELIGIBLE_BOTH,True,False,2026-08-07,02675,HKEX:02675,HKEX-ISSUER:00fcd2387a837295,EDGE MEDICAL-B,"Shenzhen Edge Medical Co., Ltd. - B  - H Shares",CONFIRMED,HKEX_DI_STOCK_CODE_CONFIRMED,528799.0,528799|528799,"Shenzhen Edge Medical Co., Ltd. - B  - Domestic Shares|Shenzhen Edge Medical Co., Ltd. - B  - H Shares",Equity,Equity Securities (Main Board),COMMON_EQUITY,100.0,CNE1000062R4,HKD,,False,False,False,True,True,False,False,False,FMDL5B1_20260720_d31e787a3ccd,f2025b4cb11bbd9b503899215e23b5cd35859f5544f930c6c8b9db9bb86d0756,fee4fa78a6e089a8318a6044f57bab051f9b2d9960dcfa9607223aa851d5d9d4,2026-08-06,141.0,0.564,-0.0440881363291831,-0.2561403427888501,-0.3510204023376828,,,-0.4621564272194441,0.4666666666666667,0.4285714285714285,0.7162403951286624,0.8609115526045454,0.5433690490433869,-0.4992825960696248,-0.1660818827382864,13980931.259643173,1.0,0.0,0.6335635558969848,38.15999984741211,HKD,38.15999984741211,2025-12-31,2026-04-29T09:30:00+08:00,HKD,GENERAL_NON_FINANCIAL,True,,-0.0639420093235383,0.6597368969641113,-0.1932479729655596,-0.1944351184402532,,0.1349675985394085,8.11426920854997,-0.25,,,GENERAL_NON_FINANCIAL,DEFAULT_GENERAL_NON_FINANCIAL,False,0.0,0.0,0.0,38.15999984741211,,,0.1697819314641744,0.2138364779874214,0.1913183279742765,,,0.2903726708074534,0.7480438184663537,0.5517515923566879,0.1521739130434782,0.1017214397496087,0.093167701863354,0.2182103610675039,0.1126760563380281,0.1878881987577639,0.5117370892018779,0.1925465838509316,,0.0885122410546139,0.8448905109489051,0.0857664233576642,0.1040145985401459,,0.9529190207156308,0.9679245283018868,,,,0.1777950310559006,2026-08-06,REVIEW_ONLY,WATCH_GATE_FAIL,VALID_WITH_CONTROLLED_NULLS,B,NONE,both,FMDL5E_NOT_INVESTABLE|LOW_20D_TURNOVER,False,2026-08-07,FRESH_OFFICIAL,2026-08-06,1,CURRENT,False
02691,BUY_ELIGIBLE,BUY_ELIGIBLE,BUY_ELIGIBLE_BOTH,True,False,2026-08-07,02691,HKEX:02691,HKEX-ISSUER:5ebb0277799f852c,NANHUA FUTURES,"Nanhua Futures Co., Ltd.  - H Shares",CONFIRMED,HKEX_DI_STOCK_CODE_CONFIRMED,527493.0,527493|527493,"Nanhua Futures Co., Ltd.  - A Shares|Nanhua Futures Co., Ltd.  - H Shares",Equity,Equity Securities (Main Board),COMMON_EQUITY,500.0,CNE100007C18,HKD,,False,False,False,False,True,True,False,False,FMDL5B1_20260720_d31e787a3ccd,f2025b4cb11bbd9b503899215e23b5cd35859f5544f930c6c8b9db9bb86d0756,8130610c1498f38fa9a51d6ad9483adfacadca6dace10a44ad9ed687a47f154f,2026-08-06,151.0,0.604,0.1768594481142076,0.0361704614028337,-0.0976158290751514,,,-0.1526840475218498,0.4666666666666667,0.5,0.6576957448084467,0.5990543728857386,0.3537117025830638,-0.2833333740155059,-0.1004422084807974,13817710.960748196,1.0,0.0,0.7160624039064628,7.119999885559082,HKD,7.119999885559082,2026-03-31,2026-04-22T09:30:00+08:00,HKD,GENERAL_NON_FINANCIAL,True,0.0355011328220413,0.0026210841306107,,,,,0.9261690001907936,1.0881705584928894,0.29,,,GENERAL_NON_FINANCIAL,DEFAULT_GENERAL_NON_FINANCIAL,False,0.054717,2.0,0.0076849720336341,7.119999885559082,0.040730337733317,24.551723743307186,0.9236760124610592,0.8679245283018868,0.617363344051447,,,0.796583850931677,0.7480438184663537,0.6632165605095541,0.1987577639751552,0.2754303599374021,0.25,0.6326530612244898,0.3192488262910798,0.1832298136645962,0.5117370892018779,0.3027950310559006,0.5,0.2674199623352166,,,,,0.0188323917137476,0.2528301886792453,,,0.54,0.3944099378881988,2026-08-06,ELIGIBLE_WATCH,PASS_WATCH,VALID_WITH_CONTROLLED_NULLS,B,NONE,both,LOW_20D_TURNOVER,False,2026-08-07,FRESH_OFFICIAL,2026-08-06,1,CURRENT,False
02692,BUY_ELIGIBLE,BUY_ELIGIBLE,BUY_ELIGIBLE_BOTH,True,False,2026-08-07,02692,HKEX:02692,HKEX-ISSUER:b723afb9d67e4163,ZHAOWEI,"Shenzhen Zhaowei Machinery & Electronics Co., Ltd.  - H Shares",CONFIRMED,HKEX_DI_STOCK_CODE_CONFIRMED,536611.0,536611|536611,"Shenzhen Zhaowei Machinery & Electronics Co., Ltd.  - A Shares|Shenzhen Zhaowei Machinery & Electronics Co., Ltd.  - H Shares",Equity,Equity Securities (Main Board),COMMON_EQUITY,100.0,CNE100007HD9,HKD,,False,False,False,False,True,True,False,False,FMDL5B1_20260720_d31e787a3ccd,f2025b4cb11bbd9b503899215e23b5cd35859f5544f930c6c8b9db9bb86d0756,c66ef1437e395a47391130963b40e9b738b302f3940bc7fd9b5279cc94d2a033,2026-08-06,102.0,0.408,-0.1176922871516301,-0.3156664071693631,,,,-0.497907413024636,0.45,,0.6500251163206104,0.9189584327883048,0.4297728861946157,-0.5609425984264393,-0.1337903647097231,24191010.86493454,1.0,0.0,0.4437921414813262,45.880001068115234,HKD,45.880001068115234,2026-03-31,2026-04-29T09:30:00+08:00,HKD,GENERAL_NON_FINANCIAL,True,,0.0069612498162705,0.3129864783005496,0.1006449122138882,0.1145576237826835,,0.1270529912107311,6.919644963095896,0.17,,,GENERAL_NON_FINANCIAL,DEFAULT_GENERAL_NON_FINANCIAL,False,0.4357,1.0,0.0094965124205891,45.880001068115234,0.0037053181351851,269.8823592242072,0.0934579439252336,0.139937106918239,,,,0.2329192546583851,0.6549295774647887,,0.2080745341614907,0.0845070422535211,0.1490683229813664,0.141287284144427,0.1862284820031298,0.2996894409937888,0.5117370892018779,0.062111801242236,,0.3502824858757062,0.4817518248175182,0.5,0.6806569343065694,,0.9585687382297552,0.958490566037736,,,0.0422222222222222,0.4068322981366459,2026-08-06,REVIEW_ONLY,WATCH_GATE_FAIL,VALID_WITH_CONTROLLED_NULLS,B,NONE,both,FMDL5E_NOT_INVESTABLE,False,2026-08-07,FRESH_OFFICIAL,2026-08-06,1,CURRENT,False
02701,BUY_ELIGIBLE,BUY_ELIGIBLE,BUY_ELIGIBLE_BOTH,True,False,2026-08-07,02701,HKEX:02701,HKEX-ISSUER:448a5572af4291d8,NSING TECH,Nsing Technologies Inc.  - H Shares,CONFIRMED,HKEX_DI_STOCK_CODE_CONFIRMED,538591.0,538591|538591,Nsing Technologies Inc.  - A Shares|Nsing Technologies Inc.  - H Shares,Equity,Equity Securities (Main Board),COMMON_EQUITY,200.0,CNE100007HJ6,HKD,,False,False,False,False,True,True,False,False,FMDL5B1_20260720_d31e787a3ccd,f2025b4cb11bbd9b503899215e23b5cd35859f5544f930c6c8b9db9bb86d0756,0296ea519c5a2f83b2a19324aea7e75b393a7b06e7f0c8b8084b9bf362569fa3,2026-08-06,92.0,0.368,-0.3719467421963536,-0.345293238294586,,,,-0.4772027174371627,0.4,,0.7663696704587891,0.8025664914111327,0.4428575857149474,-0.5385089351588411,-0.1018577343935716,53457533.30860138,1.0,0.0,0.4961232050658318,8.484999656677246,HKD,8.484999656677246,2026-03-31,2026-04-24T09:30:00+08:00,HKD,GENERAL_NON_FINANCIAL,True,,-0.0034870959953719,0.1703107207787939,-0.0026837833927104,-0.0398788171652335,,0.6111595822324682,1.397473643173627,-0.02,,,GENERAL_NON_FINANCIAL,DEFAULT_GENERAL_NON_FINANCIAL,False,0.0,0.0,0.0,8.484999656677246,,,0.0155763239875389,0.1069182389937107,,,,0.2546583850931677,0.3356807511737089,,0.1319875776397515,0.1283255086071987,0.1381987577639751,0.1695447409733124,0.3082942097026604,0.4922360248447205,0.5117370892018779,0.0838509316770186,,0.1883239171374764,0.2354014598540146,0.1751824817518248,0.1587591240875912,,0.2843691148775895,0.4150943396226415,,,,0.1777950310559006,2026-08-06,REVIEW_ONLY,WATCH_GATE_FAIL,VALID_WITH_CONTROLLED_NULLS,B,NONE,both,FMDL5E_NOT_INVESTABLE,False,2026-08-07,FRESH_OFFICIAL,2026-08-06,1,CURRENT,False
02706,BUY_ELIGIBLE,BUY_ELIGIBLE,BUY_ELIGIBLE_BOTH,True,False,2026-08-07,02706,HKEX:02706,HKEX-ISSUER:fe082e90dd7e0ffe,HAIZHI TECH GP,"Beijing Haizhi Technology Group Co., Ltd.  - H Shares",CONFIRMED,HKEX_DI_STOCK_CODE_CONFIRMED,534356.0,534356,"Beijing Haizhi Technology Group Co., Ltd.  - H Shares",Equity,Equity Securities (Main Board),COMMON_EQUITY,200.0,CNE100007FC5,HKD,,False,False,False,False,True,False,False,False,FMDL5B1_20260720_d31e787a3ccd,f2025b4cb11bbd9b503899215e23b5cd35859f5544f930c6c8b9db9bb86d0756,ae2536fa9f642aa31f0f085a33822eb1aa9cbb43563da650d13b5e1a3cc7e854,2026-08-06,115.0,0.46,0.1423767378042157,-0.129059816018129,,,,-0.6693705467557598,0.3166666666666666,0.3333333333333333,3.538778147307849,2.216384819742629,0.6751472799598839,-0.8608695672623436,-0.2160934570592344,191294539.91774216,1.0,0.0,1.351034458656957,50.95000076293945,HKD,50.95000076293945,2025-12-31,2026-04-16T09:30:00+08:00,HKD,GENERAL_NON_FINANCIAL,True,,-0.2193381462197334,0.4331061487954067,-0.0922311260528014,-0.3305881197460557,,2.5505502628998244,0.3744650604719757,-0.58,,,GENERAL_NON_FINANCIAL,DEFAULT_GENERAL_NON_FINANCIAL,False,0.0,0.0,0.0,50.95000076293945,,,0.8847352024922118,0.490566037735849,,,,0.0714285714285714,0.0500782472613458,0.2484076433121019,0.0015527950310559,0.0046948356807511,0.0527950310559006,0.0172684458398744,0.0500782472613458,0.7484472049689441,0.5117370892018779,0.9518633540372672,,0.0376647834274952,0.6733576642335767,0.1186131386861313,0.0857664233576642,,0.0056497175141242,0.0169811320754716,,,,0.1777950310559006,2026-08-06,REVIEW_ONLY,WATCH_GATE_FAIL,VALID_WITH_CONTROLLED_NULLS,B,NONE,both,FMDL5E_NOT_INVESTABLE,False,2026-08-07,FRESH_OFFICIAL,2026-08-06,1,CURRENT,False
02714,BUY_ELIGIBLE,BUY_ELIGIBLE,BUY_ELIGIBLE_BOTH,True,False,2026-08-07,02714,HKEX:02714,HKEX-ISSUER:faa0706e406233b7,MUYUAN,"Muyuan Foods Group Co., Ltd.  - H Shares",CONFIRMED,HKEX_DI_STOCK_CODE_CONFIRMED,533148.0,533148|533148,"Muyuan Foods Group Co., Ltd.  - A Shares|Muyuan Foods Group Co., Ltd.  - H Shares",Equity,Equity Securities (Main Board),COMMON_EQUITY,100.0,CNE100007CV2,HKD,,False,False,False,False,True,True,False,False,FMDL5B1_20260720_d31e787a3ccd,f2025b4cb11bbd9b503899215e23b5cd35859f5544f930c6c8b9db9bb86d0756,aa4e1441c2ee513aa915313f21426e556fd773d5a86be36962dae0238d2e5b30,2026-08-06,120.0,0.48,0.0070287931650372,-0.2271922074797973,,,,-0.3266464212414794,0.3666666666666666,0.3333333333333333,0.3440060124153533,0.4271416055821131,0.221391606157542,-0.4026978054507812,-0.0747203251544944,100470926.14957827,1.0,0.0,0.9879417425845796,31.520000457763672,HKD,31.520000457763672,2026-03-31,2026-07-13T09:30:00+08:00,HKD,GENERAL_NON_FINANCIAL,True,,-0.0068558950728754,0.0517192201706321,-0.0160507836760616,-0.0406387491910042,,0.507311648405997,0.9132496256343472,-0.22,,,GENERAL_NON_FINANCIAL,DEFAULT_GENERAL_NON_FINANCIAL,False,0.488287,1.0,0.0154913386075072,31.520000457763672,,,0.2975077881619937,0.2594339622641509,,,,0.4984472049689441,0.1784037558685446,0.2484076433121019,0.5605590062111802,0.4929577464788732,0.5543478260869565,0.3971742543171114,0.514866979655712,0.6350931677018633,0.5117370892018779,0.7608695652173914,,0.1694915254237288,0.0437956204379562,0.1587591240875912,0.1551094890510949,,0.4331450094161959,0.1471698113207547,,,,0.4409937888198758,2026-08-06,REVIEW_ONLY,WATCH_GATE_FAIL,VALID_WITH_CONTROLLED_NULLS,B,NONE,both,FMDL5E_NOT_INVESTABLE,False,2026-08-07,FRESH_OFFICIAL,2026-08-06,1,CURRENT,False
02715,BUY_ELIGIBLE,BUY_ELIGIBLE,BUY_ELIGIBLE_BOTH,True,False,2026-08-07,02715,HKEX:02715,HKEX-ISSUER:6d96fc5275624843,ESTUN,"ESTUN AUTOMATION CO., LTD  - H Shares",CONFIRMED,HKEX_DI_STOCK_CODE_CONFIRMED,536612.0,536612|536612,"ESTUN AUTOMATION CO., LTD  - A Shares|ESTUN AUTOMATION CO., LTD  - H Shares",Equity,Equity Securities (Main Board),COMMON_EQUITY,200.0,CNE100007F15,HKD,,False,False,False,False,True,True,False,False,FMDL5B1_20260720_d31e787a3ccd,f2025b4cb11bbd9b503899215e23b5cd35859f5544f930c6c8b9db9bb86d0756,4f45c464eaf49b050ef9978d41cec984d08a666441748474476e47a40a1539a7,2026-08-06,102.0,0.408,-0.1019417642030111,0.2325116400999649,,,,-0.2745098039215686,0.55,,0.9669070858753998,1.304097625687333,0.7394593173905122,-0.3737254797243604,-0.1834745700727144,279963721.0530344,1.0,0.0,0.8379612923708409,18.5,HKD,18.5,2026-03-31,2026-04-30T09:30:00+08:00,HKD,GENERAL_NON_FINANCIAL,True,,0.0091529838233375,0.3039391136032602,0.1310704738808679,0.0804210798698759,,0.6918173324240892,1.214415344299864,0.1128,,,GENERAL_NON_FINANCIAL,DEFAULT_GENERAL_NON_FINANCIAL,False,0.0,0.0,0.0,18.5,0.0060972972972972,164.00709219858155,0.1059190031152648,0.9795597484276728,,,,0.5729813664596274,0.9820031298904538,,0.0714285714285714,0.0266040688575899,0.0419254658385093,0.4552590266875981,0.082942097026604,0.8074534161490683,0.5117370892018779,0.5046583850931677,,0.3935969868173258,0.4653284671532847,0.5748175182481752,0.5547445255474452,,0.1638418079096045,0.3415094339622641,,,0.0866666666666666,0.1777950310559006,2026-08-06,REVIEW_ONLY,WATCH_GATE_FAIL,VALID_WITH_CONTROLLED_NULLS,B,NONE,both,FMDL5E_NOT_INVESTABLE,False,2026-08-07,FRESH_OFFICIAL,2026-08-06,1,CURRENT,False
02768,BUY_ELIGIBLE,BUY_ELIGIBLE,BUY_ELIGIBLE_BOTH,True,False,2026-08-07,02768,HKEX:02768,HKEX-ISSUER:f8ee9f28d102d410,GON TECHNOLOGY,"Qingdao Gon Technology Co., Ltd.  - H Shares",CONFIRMED,HKEX_DI_STOCK_CODE_CONFIRMED,532630.0,532630|532630,"Qingdao Gon Technology Co., Ltd.  - A Shares|Qingdao Gon Technology Co., Ltd.  - H Shares",Equity,Equity Securities (Main Board),COMMON_EQUITY,200.0,CNE100007F07,HKD,,False,False,False,False,True,True,False,False,FMDL5B1_20260720_d31e787a3ccd,f2025b4cb11bbd9b503899215e23b5cd35859f5544f930c6c8b9db9bb86d0756,968a527287613c04379267ad670ccbe91a1ce98ab97555896baad91ee34d98f5,2026-08-06,122.0,0.488,-0.374606094507338,-0.0124582431688732,0.2497123245476458,,,-0.400177747938368,0.4666666666666667,0.6666666666666666,1.5273454474927228,1.1581184673923626,0.8327198866203417,-0.5132444593641493,-0.2291667002278401,56974420.317920685,1.0,0.0,1.1354643193091865,33.7400016784668,HKD,33.7400016784668,2026-03-31,2026-04-29T09:30:00+08:00,HKD,GENERAL_NON_FINANCIAL,True,,0.0120722052791156,0.1192943774502642,0.06571867020561,0.0477278382812307,,0.5822141333816134,1.7551116629735557,0.93,,,GENERAL_NON_FINANCIAL,DEFAULT_GENERAL_NON_FINANCIAL,False,0.5746,2.0,0.0170302303324043,33.7400016784668,0.0275637212132545,36.279571697276126,0.014018691588785,0.7924528301886793,0.945337620578778,,,0.3959627329192546,0.7480438184663537,0.9363057324840764,0.015527950310559,0.0406885758998435,0.0201863354037267,0.1962323390894819,0.0438184663536776,0.5046583850931677,0.5117370892018779,0.8850931677018633,,0.4500941619585687,0.1386861313868613,0.3704379562043796,0.4160583941605839,,0.3295668549905838,0.5716981132075472,,,0.38,0.4611801242236025,2026-08-06,REVIEW_ONLY,WATCH_GATE_FAIL,VALID_WITH_CONTROLLED_NULLS,B,NONE,both,FMDL5E_NOT_INVESTABLE,False,2026-08-07,FRESH_OFFICIAL,2026-08-06,1,CURRENT,False
02800,BUY_ELIGIBLE,BUY_ELIGIBLE,BUY_ELIGIBLE_BOTH,True,False,2026-08-07,02800,HKEX:02800,HKEX-FUND:7918897d828c44e7,TRACKER FUND,TRACKER FUND,CONFIRMED,HKEX_SECURITY_MASTER_ISIN_CONFIRMED,,,,Exchange Traded Products,Exchange Traded Funds,ETF,500.0,HK2800008867,HKD,82800.0,True,False,False,False,False,False,False,False,FMDL5B1_20260720_d31e787a3ccd,f2025b4cb11bbd9b503899215e23b5cd35859f5544f930c6c8b9db9bb86d0756,,2026-08-06,879.0,1.0,0.0629599743732183,-0.0203466803654635,-0.0335222686761537,0.0275397323502191,-0.0333222725943985,-0.070562577583871,0.5166666666666667,0.3333333333333333,0.1745351490845919,0.1894985679782269,0.0778357817576199,-0.153928858400058,-0.0336463076148572,16838821661.787958,1.0,0.0,0.8661396684333567,26.0,HKD,26.0,,,,CONTROLLED_NON_FINANCIAL,False,,,,,,,,,,,,CONTROLLED_NON_FINANCIAL,CONTROLLED_NON_EQUITY,False,0.74,2.0,0.0284615384615384,,,,0.6479750778816199,0.7720125786163522,0.7459807073954984,0.6856127886323268,0.6714031971580817,0.9239130434782608,0.9303599374021908,0.2484076433121019,0.9627329192546584,0.970266040688576,0.9937888198757764,0.93563579277865,0.9640062597809076,1.0,0.5117370892018779,0.5559006211180124,,,,,,,,,,,,0.5590062111801242,2026-08-06,EXCLUDED_CONTROLLED_NON_EQUITY,SECURITY_TYPE,BLOCKED_CONTROLLED_NON_EQUITY,D,NONE,both,FMDL5E_NOT_INVESTABLE|NON_COMMON_EQUITY|FINANCIAL_EVIDENCE_INCOMPLETE,False,2026-08-07,FRESH_OFFICIAL,2026-08-06,1,CURRENT,False
02801,BUY_ELIGIBLE,BUY_ELIGIBLE,BUY_ELIGIBLE_BOTH,True,False,2026-08-07,02801,HKEX:02801,HKEX-FUND:b79971eea0ed4bd9,ISHARES CHINA,ISHARES CHINA,CONFIRMED,HKEX_SECURITY_MASTER_ISIN_CONFIRMED,,,,Exchange Traded Products,Exchange Traded Funds,ETF,200.0,HK2801040828,HKD,,False,False,False,False,False,False,False,False,FMDL5B1_20260720_d31e787a3ccd,f2025b4cb11bbd9b503899215e23b5cd35859f5544f930c6c8b9db9bb86d0756,,2026-08-06,879.0,1.0,0.0446503570413663,-0.0432099087938558,-0.0862196096246191,-0.0377047441714099,-0.0788350864551661,-0.1516011980626322,0.4833333333333333,0.4166666666666667,0.2624031338557956,0.2461092257765433,0.142324588852002,-0.1903719656757937,-0.0360576783470377,6586633.752772331,1.0,0.0,0.5355243025049928,24.799999237060547,HKD,24.799999237060547,,,,CONTROLLED_NON_FINANCIAL,False,,,,,,,,,,,,CONTROLLED_NON_FINANCIAL,CONTROLLED_NON_EQUITY,False,0.49,1.0,0.0197580651239599,,,,0.5109034267912772,0.7028301886792453,0.635048231511254,0.6021314387211367,0.6181172291296625,0.7981366459627329,0.8176838810641628,0.447452229299363,0.7562111801242236,0.8701095461658842,0.8416149068322981,0.8665620094191523,0.9389671361502347,0.093167701863354,0.5117370892018779,0.0993788819875776,,,,,,,,,,,,0.4891304347826087,2026-08-06,EXCLUDED_CONTROLLED_NON_EQUITY,SECURITY_TYPE,BLOCKED_CONTROLLED_NON_EQUITY,D,NONE,both,FMDL5E_NOT_INVESTABLE|NON_COMMON_EQUITY|LOW_20D_TURNOVER|FINANCIAL_EVIDENCE_INCOMPLETE,False,2026-08-07,FRESH_OFFICIAL,2026-08-06,1,CURRENT,False
02825,BUY_ELIGIBLE,BUY_ELIGIBLE,BUY_ELIGIBLE_BOTH,True,False,2026-08-07,02825,HKEX:02825,HKEX-FUND:940181366f8a68eb,WISECSIHK100ETF,WISECSIHK100ETF,CONFIRMED,HKEX_SECURITY_MASTER_ISIN_CONFIRMED,,,,Exchange Traded Products,Exchange Traded Funds,ETF,200.0,HK0000046224,HKD,,False,False,False,False,False,False,False,False,FMDL5B1_20260720_d31e787a3ccd,f2025b4cb11bbd9b503899215e23b5cd35859f5544f930c6c8b9db9bb86d0756,,2026-08-06,879.0,1.0,0.0597438957214819,-0.0210250093879271,-0.0418006793718163,0.0290055310477641,-0.029005465186276,-0.0813809957277506,0.5,0.3333333333333333,0.2003630786548648,0.1950394250406278,0.0939532461900985,-0.1613722997959475,-0.03851447187661,384278.8014602661,0.6833333333333333,2.0,0.9651219512195124,29.799999237060547,HKD,29.799999237060547,,,,CONTROLLED_NON_FINANCIAL,False,,,,,,,,,,,,CONTROLLED_NON_FINANCIAL,CONTROLLED_NON_EQUITY,False,0.0,0.0,0.0,,,,0.6230529595015576,0.7704402515723271,0.7315112540192926,0.6927175843694494,0.6820603907637656,0.906832298136646,0.8802816901408451,0.2484076433121019,0.9177018633540373,0.9671361502347418,0.9829192546583853,0.9246467817896388,0.9233176838810642,0.0093167701863354,0.0078247261345852,0.7204968944099379,,,,,,,,,,,,0.1777950310559006,2026-08-06,EXCLUDED_CONTROLLED_NON_EQUITY,SECURITY_TYPE,BLOCKED_CONTROLLED_NON_EQUITY,D,NONE,both,FMDL5E_NOT_INVESTABLE|NON_COMMON_EQUITY|LOW_20D_TURNOVER|LOW_ACTIVE_TRADE_RATIO|FINANCIAL_EVIDENCE_INCOMPLETE,False,2026-08-07,FRESH_OFFICIAL,2026-08-06,1,CURRENT,False
02828,BUY_ELIGIBLE,BUY_ELIGIBLE,BUY_ELIGIBLE_BOTH,True,False,2026-08-07,02828,HKEX:02828,HKEX-FUND:3f431e3b1d093603,HSCEI ETF,HSCEI ETF,CONFIRMED,HKEX_SECURITY_MASTER_ISIN_CONFIRMED,,,,Exchange Traded Products,Exchange Traded Funds,ETF,200.0,HK2828013055,HKD,82828.0,True,False,False,False,False,False,False,False,FMDL5B1_20260720_d31e787a3ccd,f2025b4cb11bbd9b503899215e23b5cd35859f5544f930c6c8b9db9bb86d0756,,2026-08-06,561.0,1.0,0.0641867085117831,-0.030623939933717,-0.0516565862509068,-0.0403222076420811,-0.0982054326726323,-0.1108684188604606,0.45,0.3333333333333333,0.2062005386319747,0.2206702268204436,0.105345397498548,-0.1885922212064035,-0.0307517862864522,8220272073.936495,1.0,0.0,0.8978961244428474,87.54000091552734,HKD,87.54000091552734,,,,CONTROLLED_NON_FINANCIAL,False,,,,,,,,,,,,CONTROLLED_NON_FINANCIAL,CONTROLLED_NON_EQUITY,False,1.2,2.0,0.013708019047863,,,,0.6542056074766355,0.7468553459119497,0.7122186495176849,0.5985790408525755,0.5790408525754884,0.860248447204969,0.6549295774647887,0.2484076433121019,0.8959627329192547,0.918622848200313,0.9580745341614908,0.8728414442700158,0.9827856025039124,0.9906832298136646,0.5117370892018779,0.6242236024844721,,,,,,,,,,,,0.4301242236024845,2026-08-06,EXCLUDED_CONTROLLED_NON_EQUITY,SECURITY_TYPE,BLOCKED_CONTROLLED_NON_EQUITY,D,NONE,both,FMDL5E_NOT_INVESTABLE|NON_COMMON_EQUITY|FINANCIAL_EVIDENCE_INCOMPLETE,False,2026-08-07,FRESH_OFFICIAL,2026-08-06,1,CURRENT,False
02837,BUY_ELIGIBLE,BUY_ELIGIBLE,BUY_ELIGIBLE_BOTH,True,False,2026-08-07,02837,HKEX:02837,HKEX-FUND:7b5a785bed225667,GX HS TECH,GX HS TECH,CONFIRMED,HKEX_SECURITY_MASTER_ISIN_CONFIRMED,,,,Exchange Traded Products,Exchange Traded Funds,ETF,100.0,HK0000921228,HKD,,False,False,False,False,False,False,False,False,FMDL5B1_20260720_d31e787a3ccd,f2025b4cb11bbd9b503899215e23b5cd35859f5544f930c6c8b9db9bb86d0756,,2026-08-06,821.0,1.0,0.0179333934639511,-0.0539682765546442,-0.1064467811133025,-0.1412103762238276,-0.1563400618445422,-0.2762598316182829,0.5166666666666667,0.4166666666666667,0.3103714958746252,0.3161026969833535,0.1812171665383282,-0.2218934836113331,-0.0468227774105812,1812226.017327309,1.0,0.0,0.7676095817508389,5.960000038146973,HKD,5.960000038146973,,,,CONTROLLED_NON_FINANCIAL,False,,,,,,,,,,,,CONTROLLED_NON_FINANCIAL,CONTROLLED_NON_EQUITY,False,0.0,0.0,0.0,,,,0.3426791277258567,0.6761006289308176,0.5932475884244373,0.452930728241563,0.4866785079928952,0.5636645962732919,0.9303599374021908,0.447452229299363,0.6319875776397516,0.7057902973395931,0.6770186335403726,0.7943485086342229,0.837245696400626,0.031055900621118,0.5117370892018779,0.3866459627329192,,,,,,,,,,,,0.1777950310559006,2026-08-06,EXCLUDED_CONTROLLED_NON_EQUITY,SECURITY_TYPE,BLOCKED_CONTROLLED_NON_EQUITY,D,NONE,both,FMDL5E_NOT_INVESTABLE|NON_COMMON_EQUITY|LOW_20D_TURNOVER|FINANCIAL_EVIDENCE_INCOMPLETE,False,2026-08-07,FRESH_OFFICIAL,2026-08-06,1,CURRENT,False
02866,BUY_ELIGIBLE,BUY_ELIGIBLE,BUY_ELIGIBLE_BOTH,True,False,2026-08-07,02866,HKEX:02866,HKEX-ISSUER:f1e28e3bed57de35,COSCO SHIP DEV,"COSCO SHIPPING Development Co., Ltd.  - H Shares",CONFIRMED,HKEX_DI_STOCK_CODE_CONFIRMED,6894.0,6894|6894,"COSCO SHIPPING Development Co., Ltd.  - A Shares|COSCO SHIPPING Development Co., Ltd.  - H Shares",Equity,Equity Securities (Main Board),COMMON_EQUITY,1000.0,CNE100000536,HKD,,False,False,False,False,True,True,False,False,FMDL5B1_20260720_d31e787a3ccd,f2025b4cb11bbd9b503899215e23b5cd35859f5544f930c6c8b9db9bb86d0756,a311c1ff55146980cad158ed5811a1e90f366c3bef99a49e998d26ffff635bb2,2026-08-06,880.0,1.0,0.054766772256644,-0.1785886606220342,-0.1637884960297764,-0.2297581592899066,-0.2697515119269613,-0.3893455195975982,0.3,0.4166666666666667,0.2037196133756484,0.2277750419195254,0.1323196443048653,-0.4276315700005303,-0.1381578900002807,11392564.84665446,1.0,0.0,0.8623527106884528,0.9100000262260436,HKD,0.9100000262260436,2026-03-31,2026-04-30T09:30:00+08:00,HKD,GENERAL_NON_FINANCIAL,True,,0.0030420444319842,0.142978590856132,0.2197144314214526,0.0690226278098079,,0.7675728769364892,0.5370762046239359,0.0314,0.1048600304657187,-0.1400646064771473,GENERAL_NON_FINANCIAL,DEFAULT_GENERAL_NON_FINANCIAL,False,0.04137,2.0,0.0454615371513447,0.9100000262260436,0.0345054935110521,28.980892554969547,0.5856697819314641,0.3632075471698113,0.4839228295819935,0.3481349911190053,0.3516873889875666,0.4130434782608695,0.0273865414710485,0.447452229299363,0.90527950310559,0.9061032863849764,0.8757763975155279,0.3500784929356358,0.1690140845070422,0.15527950310559,0.5117370892018779,0.5434782608695652,,0.2768361581920904,0.1843065693430657,0.7664233576642335,0.5036496350364964,,0.0885122410546139,0.0452830188679245,0.6588486140724946,0.2806539509536784,0.4777777777777778,0.6832298136645962,2026-08-06,ELIGIBLE_CORE,PASS_CORE,VALID,A,NONE,both,LOW_20D_TURNOVER,False,2026-08-07,FRESH_OFFICIAL,2026-08-06,1,CURRENT,False
02869,BUY_ELIGIBLE,BUY_ELIGIBLE,BUY_ELIGIBLE_BOTH,True,False,2026-08-07,02869,HKEX:02869,HKEX-ISSUER:06058c7c706fc68b,GREENTOWN SER,Greentown Service Group Co. Ltd.,CONFIRMED,HKEX_DI_STOCK_CODE_CONFIRMED,139816.0,139816,Greentown Service Group Co. Ltd.,Equity,Equity Securities (Main Board),COMMON_EQUITY,2000.0,KYG410121084,HKD,,False,False,False,False,False,False,False,False,FMDL5B1_20260720_d31e787a3ccd,f2025b4cb11bbd9b503899215e23b5cd35859f5544f930c6c8b9db9bb86d0756,d413fa597d6297433a44ed374b21b4d7576445855db7f77da6166cfc5e0692de,2026-08-06,880.0,1.0,0.0678391908624582,-0.0664838225823057,-0.0176725124632946,-0.0946017603105675,-0.1521211738275194,-0.1378808063989277,0.4666666666666667,0.4166666666666667,0.2536271643522011,0.2830302964542918,0.1806578954053413,-0.1455581110389235,-0.0526316462115963,10784068.808242798,1.0,0.0,0.68856215756998,4.25,HKD,4.25,2025-12-31,2026-04-24T09:30:00+08:00,HKD,GENERAL_NON_FINANCIAL,True,,0.048053633383287,0.1733533517487727,0.0668291767100524,0.045928811375536,,0.5240441776605821,1.4199410573317366,0.28,0.071024836821784,0.1211545320222142,GENERAL_NON_FINANCIAL,DEFAULT_GENERAL_NON_FINANCIAL,False,0.24,1.0,0.0564705882352941,4.25,0.0658823529411764,15.178571428571429,0.6682242990654206,0.6305031446540881,0.7684887459807074,0.5257548845470693,0.497335701598579,0.8167701863354038,0.7480438184663537,0.447452229299363,0.7841614906832298,0.7809076682316118,0.6785714285714286,0.9466248037676608,0.7715179968701096,0.1444099378881987,0.5117370892018779,0.2670807453416149,,0.7476459510357816,0.2427007299270073,0.3740875912408759,0.4105839416058394,,0.4124293785310734,0.430188679245283,0.5607675906183369,0.5967302452316077,0.6977777777777778,0.8105590062111802,2026-08-06,ELIGIBLE_CORE,PASS_CORE,VALID,A,NONE,both,LOW_20D_TURNOVER,False,2026-08-07,FRESH_OFFICIAL,2026-08-06,1,CURRENT,False
02877,BUY_ELIGIBLE,BUY_ELIGIBLE,BUY_ELIGIBLE_BOTH,True,False,2026-08-07,02877,HKEX:02877,HKEX-ISSUER:b7a59938b4c3d6e4,SHINEWAY PHARM,China Shineway Pharmaceutical Group Ltd.,CONFIRMED,HKEX_DI_STOCK_CODE_CONFIRMED,7540.0,7540,China Shineway Pharmaceutical Group Ltd.,Equity,Equity Securities (Main Board),COMMON_EQUITY,1000.0,KYG2110P1000,HKD,,False,False,False,False,False,False,False,False,FMDL5B1_20260720_d31e787a3ccd,f2025b4cb11bbd9b503899215e23b5cd35859f5544f930c6c8b9db9bb86d0756,25b4626d20c18712ffa3218810dbef3fc34bfb014ebe292b713ed169debdc1bf,2026-08-06,880.0,1.0,0.0531207977935042,-0.1482277689666197,-0.1480892780157399,-0.0007692022521847,-0.0511717175832052,-0.1925797748174295,0.3833333333333333,0.4166666666666667,0.2415625850117458,0.2577639987249437,0.1588906327430196,-0.2485798886205431,-0.0380739239606552,4541388.841223335,1.0,0.0,0.6411045828680333,7.929999828338623,HKD,7.929999828338623,2025-12-31,2026-04-24T09:30:00+08:00,HKD,GENERAL_NON_FINANCIAL,True,,0.0881447620355502,0.7227764455085588,0.4066285877581274,0.3029732230365383,,0.2519520262110477,3.706465556906007,1.26,-0.1700944113129469,0.1308204730183368,GENERAL_NON_FINANCIAL,DEFAULT_GENERAL_NON_FINANCIAL,False,0.607,2.0,0.0765447683656721,7.929999828338623,0.1588902934773425,6.293650657411606,0.5685358255451713,0.4418238993710692,0.5064308681672026,0.6518650088809946,0.655417406749556,0.7267080745341615,0.2472613458528951,0.447452229299363,0.812111801242236,0.8325508607198748,0.782608695652174,0.7315541601255887,0.9280125195618152,0.0714285714285714,0.5117370892018779,0.2034161490683229,,0.8775894538606404,0.8886861313868614,0.9197080291970804,0.9288321167883212,,0.8173258003766478,0.8452830188679246,0.0746268656716417,0.6158038147138964,0.96,0.953416149068323,2026-08-06,ELIGIBLE_WATCH,PASS_WATCH,VALID,A,NONE,both,LOW_20D_TURNOVER,False,2026-08-07,FRESH_OFFICIAL,2026-08-06,1,CURRENT,False
02880,BUY_ELIGIBLE,BUY_ELIGIBLE,BUY_ELIGIBLE_BOTH,True,False,2026-08-07,02880,HKEX:02880,HKEX-ISSUER:8893acea4b70f1d5,LIAONING PORT,"Liaoning Port Co., Ltd.  - H Shares",CONFIRMED,HKEX_DI_STOCK_CODE_CONFIRMED,10312.0,10312|10312,"Liaoning Port Co., Ltd.  - A Shares|Liaoning Port Co., Ltd.  - H Shares",Equity,Equity Securities (Main Board),COMMON_EQUITY,2000.0,CNE1000002Y6,HKD,,False,False,False,False,True,True,False,False,FMDL5B1_20260720_d31e787a3ccd,f2025b4cb11bbd9b503899215e23b5cd35859f5544f930c6c8b9db9bb86d0756,d6d1faed7cdb16d2a4ce469c597ed46049662cd6a0142d8746f895ab97736193,2026-08-06,880.0,1.0,0.0597014341144062,-0.1617135696254306,-0.1617135696254306,-0.1118155931172142,-0.1618541050432355,-0.309189940097202,0.25,0.3333333333333333,0.2057510486694754,0.2925301553864244,0.2198338114288112,-0.3398057898200708,-0.0659340470253765,2023771.43964231,1.0,0.0,1.1067559192458334,0.7099999785423279,HKD,0.7099999785423279,2026-03-31,2026-05-18T09:30:00+08:00,HKD,GENERAL_NON_FINANCIAL,True,,0.0062554479332919,0.2927161958683376,0.2456722452407959,0.137852332863184,,0.225768489371657,3.314562577127044,0.02,0.0310331525855167,0.7587218455218392,GENERAL_NON_FINANCIAL,DEFAULT_GENERAL_NON_FINANCIAL,False,0.03288,1.0,0.0463098605545095,0.7099999785423279,0.028169014935833,35.499998927116394,0.6199376947040498,0.4056603773584906,0.4887459807073955,0.4902309058614564,0.4706927175843694,0.5263975155279503,0.0031298904538341,0.2484076433121019,0.8975155279503105,0.755868544600939,0.5574534161490683,0.5149136577708007,0.6118935837245696,0.0357142857142857,0.5117370892018779,0.8649068322981367,,0.3352165725047081,0.4452554744525547,0.8083941605839416,0.7445255474452555,,0.8549905838041432,0.8188679245283019,0.4541577825159915,0.8528610354223434,0.3977777777777778,0.7003105590062112,2026-08-06,ELIGIBLE_WATCH,PASS_WATCH,VALID,A,NONE,both,LOW_20D_TURNOVER,False,2026-08-07,FRESH_OFFICIAL,2026-08-06,1,CURRENT,False
02940,UNKNOWN_BLOCKED,SELL_ONLY,SELL_ONLY,False,True,2026-08-07,02940,HKEX:02940,,,,,,,,,,,,,,,,,,,,,,,,,,,,,,,,,,,,,,,,,,,,,,,,,,,,,,,,,,,,,,,,,,,,,,,,,,,,,,,,,,,,,,,,,,,,,,,,,,,,,,,,,,,,NONE,left_only,MISSING_FMDL5E_COVERAGE|NOT_SOUTHBOUND_BUY_ELIGIBLE|FMDL5E_NOT_INVESTABLE|NON_COMMON_EQUITY|LOW_20D_TURNOVER|LOW_ACTIVE_TRADE_RATIO|EXCESS_ZERO_VOLUME_DAYS|MISSING_VALID_PRICE|FINANCIAL_EVIDENCE_INCOMPLETE,False,2026-08-07,FRESH_OFFICIAL,2026-08-06,1,CURRENT,False
02979,UNKNOWN_BLOCKED,SELL_ONLY,SELL_ONLY,False,True,2026-08-07,02979,HKEX:02979,,,,,,,,,,,,,,,,,,,,,,,,,,,,,,,,,,,,,,,,,,,,,,,,,,,,,,,,,,,,,,,,,,,,,,,,,,,,,,,,,,,,,,,,,,,,,,,,,,,,,,,,,,,,NONE,left_only,MISSING_FMDL5E_COVERAGE|NOT_SOUTHBOUND_BUY_ELIGIBLE|FMDL5E_NOT_INVESTABLE|NON_COMMON_EQUITY|LOW_20D_TURNOVER|LOW_ACTIVE_TRADE_RATIO|EXCESS_ZERO_VOLUME_DAYS|MISSING_VALID_PRICE|FINANCIAL_EVIDENCE_INCOMPLETE,False,2026-08-07,FRESH_OFFICIAL,2026-08-06,1,CURRENT,False
02983,BUY_ELIGIBLE,BUY_ELIGIBLE,BUY_ELIGIBLE_BOTH,True,False,2026-08-07,02983,HKEX:02983,HKEX-ISSUER-UNRESOLVED:937933f5b8674a03,HESAI-W,HESAI-W,UNRESOLVED,SECURITY_ANCHORED_UNRESOLVED,,,,Equity,Equity Securities (Main Board),COMMON_EQUITY,160.0,,HKD,,False,True,False,False,False,False,False,False,FMDL5B1_20260720_d31e787a3ccd,f2025b4cb11bbd9b503899215e23b5cd35859f5544f930c6c8b9db9bb86d0756,,2026-08-06,20.0,0.08,,,,,,-0.036312849162011,,,0.6245517812268766,,0.3395490321776177,,,39160860.75,,0.0,1.0,17.25,HKD,17.25,,,,CONTROLLED_NON_FINANCIAL,False,,,,,,,,,,,,CONTROLLED_NON_FINANCIAL,NO_DECISION_GRADE_FINANCIAL_CURRENT,False,0.0,0.0,0.0,,,,,,,,,0.9611801242236024,,,0.2204968944099379,,0.2748447204968944,,,0.4021739130434782,,0.7725155279503105,,,,,,,,,,,,0.1777950310559006,2026-08-06,REVIEW_ONLY,WATCH_GATE_FAIL,PARTIAL_MARKET,C,NONE,both,FMDL5E_NOT_INVESTABLE|LOW_ACTIVE_TRADE_RATIO|FINANCIAL_EVIDENCE_INCOMPLETE,False,2026-08-07,FRESH_OFFICIAL,2026-08-06,1,CURRENT,False
03032,BUY_ELIGIBLE,BUY_ELIGIBLE,BUY_ELIGIBLE_BOTH,True,False,2026-08-07,03032,HKEX:03032,HKEX-FUND:5c74621ded06b82f,HSTECH ETF,HSTECH ETF,CONFIRMED,HKEX_SECURITY_MASTER_ISIN_CONFIRMED,,,,Exchange Traded Products,Exchange Traded Funds,ETF,200.0,HK0000640323,HKD,,False,False,False,False,False,False,False,False,FMDL5B1_20260720_d31e787a3ccd,f2025b4cb11bbd9b503899215e23b5cd35859f5544f930c6c8b9db9bb86d0756,,2026-08-06,880.0,1.0,0.0215827846241702,-0.0514734923514947,-0.100931066749567,-0.1229791156589508,-0.1415077685909752,-0.2761619170254741,0.5333333333333333,0.5,0.2909418512721549,0.3049213450263882,0.1718483932137938,-0.222323900944914,-0.0455864602756921,314565689.24521554,1.0,0.0,1.0774938090498267,4.828000068664551,HKD,4.828000068664551,,,,CONTROLLED_NON_FINANCIAL,False,,,,,,,,,,,,CONTROLLED_NON_FINANCIAL,CONTROLLED_NON_EQUITY,False,0.0,0.0,0.0,,,,0.3644859813084112,0.6823899371069182,0.6028938906752411,0.4760213143872113,0.5079928952042628,0.5652173913043478,0.961658841940532,0.6632165605095541,0.6832298136645962,0.729264475743349,0.7251552795031055,0.7912087912087912,0.8591549295774648,0.827639751552795,0.5117370892018779,0.8416149068322981,,,,,,,,,,,,0.1777950310559006,2026-08-06,EXCLUDED_CONTROLLED_NON_EQUITY,SECURITY_TYPE,BLOCKED_CONTROLLED_NON_EQUITY,D,NONE,both,FMDL5E_NOT_INVESTABLE|NON_COMMON_EQUITY|FINANCIAL_EVIDENCE_INCOMPLETE,False,2026-08-07,FRESH_OFFICIAL,2026-08-06,1,CURRENT,False
03033,BUY_ELIGIBLE,BUY_ELIGIBLE,BUY_ELIGIBLE_BOTH,True,False,2026-08-07,03033,HKEX:03033,HKEX-FUND:376b4dd5fec28b2e,CSOP HS TECH,CSOP HS TECH,CONFIRMED,HKEX_SECURITY_MASTER_ISIN_CONFIRMED,,,,Exchange Traded Products,Exchange Traded Funds,ETF,200.0,HK0000642568,HKD,,False,False,False,False,False,False,False,False,FMDL5B1_20260720_d31e787a3ccd,f2025b4cb11bbd9b503899215e23b5cd35859f5544f930c6c8b9db9bb86d0756,,2026-08-06,879.0,1.0,0.0202586944424318,-0.0528211147074778,-0.1034090875224634,-0.1454873215540209,-0.1624548919791686,-0.2783536208404589,0.5166666666666667,0.5,0.2951469270505141,0.3065468182409812,0.1699314017060205,-0.2230483755718278,-0.045071655125025,15240178617.96705,1.0,0.0,1.161929907371969,4.734000205993652,HKD,4.734000205993652,,,,CONTROLLED_NON_FINANCIAL,False,,,,,,,,,,,,CONTROLLED_NON_FINANCIAL,CONTROLLED_NON_EQUITY,False,0.0,0.0,0.0,,,,0.3535825545171339,0.6792452830188679,0.6012861736334405,0.4458259325044404,0.4689165186500888,0.562111801242236,0.9303599374021908,0.6632165605095541,0.6692546583850931,0.7245696400625978,0.7391304347826086,0.7880690737833596,0.865414710485133,0.998447204968944,0.5117370892018779,0.8975155279503105,,,,,,,,,,,,0.1777950310559006,2026-08-06,EXCLUDED_CONTROLLED_NON_EQUITY,SECURITY_TYPE,BLOCKED_CONTROLLED_NON_EQUITY,D,NONE,both,FMDL5E_NOT_INVESTABLE|NON_COMMON_EQUITY|FINANCIAL_EVIDENCE_INCOMPLETE,False,2026-08-07,FRESH_OFFICIAL,2026-08-06,1,CURRENT,False
03037,BUY_ELIGIBLE,BUY_ELIGIBLE,BUY_ELIGIBLE_BOTH,True,False,2026-08-07,03037,HKEX:03037,HKEX-FUND:052b9b3a1319b95d,CSOP HSI ETF,CSOP HSI ETF,CONFIRMED,HKEX_SECURITY_MASTER_ISIN_CONFIRMED,,,,Exchange Traded Products,Exchange Traded Funds,ETF,500.0,HK0000720745,HKD,,False,False,False,False,False,False,False,False,FMDL5B1_20260720_d31e787a3ccd,f2025b4cb11bbd9b503899215e23b5cd35859f5544f930c6c8b9db9bb86d0756,,2026-08-06,879.0,1.0,0.0630114146696803,-0.0216007058322745,-0.0338667221431316,0.0278427552490263,-0.0330839903836612,-0.0715260228634553,0.4833333333333333,0.3333333333333333,0.1896621285041971,0.1956649444408634,0.0979456069001455,-0.1556516647464322,-0.0336462916981279,1429367.5088804243,0.9666666666666668,1.0,0.7220507996237066,25.979999542236328,HKD,25.979999542236328,,,,CONTROLLED_NON_FINANCIAL,False,,,,,,,,,,,,CONTROLLED_NON_FINANCIAL,CONTROLLED_NON_EQUITY,False,0.7999999999999999,2.0,0.0307929181715119,,,,0.6495327102803738,0.7672955974842768,0.7443729903536977,0.6909413854351687,0.6731793960923623,0.922360248447205,0.8176838810641628,0.2484076433121019,0.9409937888198758,0.9640062597809076,0.9720496894409938,0.9324960753532182,0.9655712050078248,0.0232919254658385,0.0187793427230046,0.3152173913043478,,,,,,,,,,,,0.577639751552795,2026-08-06,EXCLUDED_CONTROLLED_NON_EQUITY,SECURITY_TYPE,BLOCKED_CONTROLLED_NON_EQUITY,D,NONE,both,FMDL5E_NOT_INVESTABLE|NON_COMMON_EQUITY|LOW_20D_TURNOVER|FINANCIAL_EVIDENCE_INCOMPLETE,False,2026-08-07,FRESH_OFFICIAL,2026-08-06,1,CURRENT,False
03039,BUY_ELIGIBLE,BUY_ELIGIBLE,BUY_ELIGIBLE_BOTH,True,False,2026-08-07,03039,HKEX:03039,HKEX-FUND:52c41ce2eb3f1f24,EFUNDHSIESG,EFUNDHSIESG,CONFIRMED,HKEX_SECURITY_MASTER_ISIN_CONFIRMED,,,,Exchange Traded Products,Exchange Traded Funds,ETF,1000.0,HK0000862711,HKD,,False,False,False,False,False,False,False,False,FMDL5B1_20260720_d31e787a3ccd,f2025b4cb11bbd9b503899215e23b5cd35859f5544f930c6c8b9db9bb86d0756,,2026-08-06,879.0,1.0,0.0685778392415528,-0.0067920643735134,-0.046161568600429,0.0074192148574072,-0.0572336634152496,-0.081642471403303,0.4833333333333333,0.3333333333333333,0.1938395496109,0.2013483245141554,0.1053034975187776,-0.1741489562159029,-0.0526593055716938,1552993.9982175827,0.8833333333333333,3.0,1.1860732783426051,3.802000045776367,HKD,3.802000045776367,,,,CONTROLLED_NON_FINANCIAL,False,,,,,,,,,,,,CONTROLLED_NON_FINANCIAL,CONTROLLED_NON_EQUITY,False,0.0,0.0,0.0,,,,0.6728971962616822,0.809748427672956,0.72508038585209,0.6642984014209592,0.6412078152753108,0.90527950310559,0.8176838810641628,0.2484076433121019,0.9301242236024844,0.9546165884194052,0.9596273291925466,0.8995290423861853,0.7683881064162754,0.0248447204968944,0.0156494522691705,0.903726708074534,,,,,,,,,,,,0.1777950310559006,2026-08-06,EXCLUDED_CONTROLLED_NON_EQUITY,SECURITY_TYPE,BLOCKED_CONTROLLED_NON_EQUITY,D,NONE,both,FMDL5E_NOT_INVESTABLE|NON_COMMON_EQUITY|LOW_20D_TURNOVER|LOW_ACTIVE_TRADE_RATIO|EXCESS_ZERO_VOLUME_DAYS|FINANCIAL_EVIDENCE_INCOMPLETE,False,2026-08-07,FRESH_OFFICIAL,2026-08-06,1,CURRENT,False
03040,BUY_ELIGIBLE,BUY_ELIGIBLE,BUY_ELIGIBLE_BOTH,True,False,2026-08-07,03040,HKEX:03040,HKEX-FUND:049007d34d9db961,GX MSCI CHINA,GX MSCI CHINA,CONFIRMED,HKEX_SECURITY_MASTER_ISIN_CONFIRMED,,,,Exchange Traded Products,Exchange Traded Funds,ETF,100.0,HK0000151925,HKD,,False,False,False,False,False,False,False,False,FMDL5B1_20260720_d31e787a3ccd,f2025b4cb11bbd9b503899215e23b5cd35859f5544f930c6c8b9db9bb86d0756,,2026-08-06,879.0,1.0,0.04679068284797,-0.0385674308706956,-0.0772077787548191,-0.034310954197877,-0.0774764605519763,-0.1491954866793878,0.45,0.4166666666666667,0.2204723944696262,0.2226132597342735,0.1276618764263402,-0.1916882898900416,-0.0331239243931804,914094.430027008,0.6,7.0,1.7950955542497304,34.900001525878906,HKD,34.900001525878906,,,,CONTROLLED_NON_FINANCIAL,False,,,,,,,,,,,,CONTROLLED_NON_FINANCIAL,CONTROLLED_NON_EQUITY,False,0.0,0.0,0.0,,,,0.5295950155763239,0.7232704402515723,0.6607717041800643,0.61101243339254,0.6198934280639432,0.8043478260869565,0.6549295774647887,0.447452229299363,0.8571428571428571,0.9123630672926448,0.8928571428571429,0.8634222919937206,0.971830985915493,0.0139751552795031,0.0046948356807511,0.9906832298136646,,,,,,,,,,,,0.1777950310559006,2026-08-06,EXCLUDED_CONTROLLED_NON_EQUITY,SECURITY_TYPE,BLOCKED_CONTROLLED_NON_EQUITY,D,NONE,both,FMDL5E_NOT_INVESTABLE|NON_COMMON_EQUITY|LOW_20D_TURNOVER|LOW_ACTIVE_TRADE_RATIO|EXCESS_ZERO_VOLUME_DAYS|FINANCIAL_EVIDENCE_INCOMPLETE,False,2026-08-07,FRESH_OFFICIAL,2026-08-06,1,CURRENT,False
03067,BUY_ELIGIBLE,BUY_ELIGIBLE,BUY_ELIGIBLE_BOTH,True,False,2026-08-07,03067,HKEX:03067,HKEX-FUND:30cd853e004cd0ed,ISHARESHSTECH,ISHARESHSTECH,CONFIRMED,HKEX_SECURITY_MASTER_ISIN_CONFIRMED,,,,Exchange Traded Products,Exchange Traded Funds,ETF,100.0,HK0000651213,HKD,,False,False,False,False,False,False,False,False,FMDL5B1_20260720_d31e787a3ccd,f2025b4cb11bbd9b503899215e23b5cd35859f5544f930c6c8b9db9bb86d0756,,2026-08-06,879.0,1.0,0.0215755292820598,-0.0512580857898077,-0.1007066625778861,-0.1387588854158842,-0.1569481747576936,-0.2748727979478932,0.5,0.3333333333333333,0.2836393433173657,0.3045334001191608,0.1664261156061091,-0.2215957858346854,-0.0417895956289646,370286780.35315895,1.0,0.0,0.9181502371347544,10.18000030517578,HKD,10.18000030517578,,,,CONTROLLED_NON_FINANCIAL,False,,,,,,,,,,,,CONTROLLED_NON_FINANCIAL,CONTROLLED_NON_EQUITY,False,0.06,1.0,0.0058939094500315,,,,0.3629283489096573,0.6839622641509434,0.6045016077170418,0.4564831261101243,0.4849023090586146,0.5714285714285714,0.8802816901408451,0.2484076433121019,0.7003105590062112,0.730829420970266,0.7577639751552795,0.7974882260596546,0.8982785602503912,0.8509316770186336,0.5117370892018779,0.6599378881987578,,,,,,,,,,,,0.3866459627329192,2026-08-06,EXCLUDED_CONTROLLED_NON_EQUITY,SECURITY_TYPE,BLOCKED_CONTROLLED_NON_EQUITY,D,NONE,both,FMDL5E_NOT_INVESTABLE|NON_COMMON_EQUITY|FINANCIAL_EVIDENCE_INCOMPLETE,False,2026-08-07,FRESH_OFFICIAL,2026-08-06,1,CURRENT,False
03069,BUY_ELIGIBLE,BUY_ELIGIBLE,BUY_ELIGIBLE_BOTH,True,False,2026-08-07,03069,HKEX:03069,HKEX-FUND:1ec61c8e4c960af0,CAM HSBIOTECH,CAM HSBIOTECH,CONFIRMED,HKEX_SECURITY_MASTER_ISIN_CONFIRMED,,,,Exchange Traded Products,Exchange Traded Funds,ETF,100.0,HK0000711199,HKD,83069.0,True,False,False,False,False,False,False,False,FMDL5B1_20260720_d31e787a3ccd,f2025b4cb11bbd9b503899215e23b5cd35859f5544f930c6c8b9db9bb86d0756,,2026-08-06,879.0,1.0,0.0592538011281402,-0.0183051157805879,-0.0566775776946331,-0.1537982156585156,-0.2011340592403334,-0.2159047694395287,0.4666666666666667,0.5,0.3837776799534858,0.3803243637146393,0.2146110250344423,-0.2686658691754954,-0.0682128247209038,83411141.42794356,1.0,0.0,0.8950479559941834,14.479999542236328,HKD,14.479999542236328,,,,CONTROLLED_NON_FINANCIAL,False,,,,,,,,,,,,CONTROLLED_NON_FINANCIAL,CONTROLLED_NON_EQUITY,False,0.05,1.0,0.0034530387831958,,,,0.6121495327102804,0.779874213836478,0.7057877813504824,0.4351687388987567,0.4262877442273534,0.6677018633540373,0.7480438184663537,0.6632165605095541,0.5015527950310559,0.5633802816901409,0.5760869565217391,0.673469387755102,0.5837245696400626,0.5869565217391305,0.5117370892018779,0.6133540372670807,,,,,,,,,,,,0.3680124223602484,2026-08-06,EXCLUDED_CONTROLLED_NON_EQUITY,SECURITY_TYPE,BLOCKED_CONTROLLED_NON_EQUITY,D,NONE,both,FMDL5E_NOT_INVESTABLE|NON_COMMON_EQUITY|FINANCIAL_EVIDENCE_INCOMPLETE,False,2026-08-07,FRESH_OFFICIAL,2026-08-06,1,CURRENT,False
03070,BUY_ELIGIBLE,BUY_ELIGIBLE,BUY_ELIGIBLE_BOTH,True,False,2026-08-07,03070,HKEX:03070,HKEX-FUND:6092fabb6a34676c,PING AN HKDIV,PING AN HKDIV,CONFIRMED,HKEX_SECURITY_MASTER_ISIN_CONFIRMED,,,,Exchange Traded Products,Exchange Traded Funds,ETF,100.0,HK0000098449,HKD,,False,False,False,False,False,False,False,False,FMDL5B1_20260720_d31e787a3ccd,f2025b4cb11bbd9b503899215e23b5cd35859f5544f930c6c8b9db9bb86d0756,,2026-08-06,879.0,1.0,0.0583595518553126,-0.0480523569909305,0.0303447405973957,0.1168614063992619,0.055275973502006,-0.0728290839129661,0.45,0.6666666666666666,0.1870392404899517,0.1839351393591471,0.0964703278918,-0.1529720172978386,-0.0237976459896033,7055260.79217205,1.0,0.0,0.937160236482237,40.2599983215332,HKD,40.2599983215332,,,,CONTROLLED_NON_FINANCIAL,False,,,,,,,,,,,,CONTROLLED_NON_FINANCIAL,CONTROLLED_NON_EQUITY,False,1.54,4.0,0.0382513677149441,,,,0.602803738317757,0.6918238993710691,0.815112540192926,0.7726465364120781,0.7797513321492007,0.9177018633540373,0.6549295774647887,0.9363057324840764,0.9440993788819876,0.974960876369327,0.9767080745341616,0.9387755102040816,0.9984350547730828,0.0993788819875776,0.5117370892018779,0.6816770186335404,,,,,,,,,,,,0.6350931677018633,2026-08-06,EXCLUDED_CONTROLLED_NON_EQUITY,SECURITY_TYPE,BLOCKED_CONTROLLED_NON_EQUITY,D,NONE,both,FMDL5E_NOT_INVESTABLE|NON_COMMON_EQUITY|LOW_20D_TURNOVER|FINANCIAL_EVIDENCE_INCOMPLETE,False,2026-08-07,FRESH_OFFICIAL,2026-08-06,1,CURRENT,False
03088,BUY_ELIGIBLE,BUY_ELIGIBLE,BUY_ELIGIBLE_BOTH,True,False,2026-08-07,03088,HKEX:03088,HKEX-FUND:4cb9813cf2e2062a,CAM HS TECH,CAM HS TECH,CONFIRMED,HKEX_SECURITY_MASTER_ISIN_CONFIRMED,,,,Exchange Traded Products,Exchange Traded Funds,ETF,200.0,HK0000643327,HKD,83088.0,True,False,False,False,False,False,False,False,FMDL5B1_20260720_d31e787a3ccd,f2025b4cb11bbd9b503899215e23b5cd35859f5544f930c6c8b9db9bb86d0756,,2026-08-06,879.0,1.0,0.0174129378806147,-0.0539706858021132,-0.1037252860587648,-0.1430771628496185,-0.1577433259936247,-0.2791205850574225,0.5,0.4166666666666667,0.3001645976392299,0.3098387645136395,0.1780992082915313,-0.221823408822165,-0.0446791366358043,47138524.1682394,1.0,0.0,0.9480046610251291,6.135000228881836,HKD,6.135000228881836,,,,CONTROLLED_NON_FINANCIAL,False,,,,,,,,,,,,CONTROLLED_NON_FINANCIAL,CONTROLLED_NON_EQUITY,False,0.02,1.0,0.0032599835784594,,,,0.3364485981308411,0.6745283018867925,0.5980707395498392,0.4493783303730018,0.4795737122557726,0.5605590062111802,0.8802816901408451,0.447452229299363,0.6614906832298136,0.7198748043818466,0.6940993788819876,0.7959183673469388,0.8701095461658842,0.4658385093167702,0.5117370892018779,0.6909937888198758,,,,,,,,,,,,0.3664596273291925,2026-08-06,EXCLUDED_CONTROLLED_NON_EQUITY,SECURITY_TYPE,BLOCKED_CONTROLLED_NON_EQUITY,D,NONE,both,FMDL5E_NOT_INVESTABLE|NON_COMMON_EQUITY|FINANCIAL_EVIDENCE_INCOMPLETE,False,2026-08-07,FRESH_OFFICIAL,2026-08-06,1,CURRENT,False
03110,BUY_ELIGIBLE,BUY_ELIGIBLE,BUY_ELIGIBLE_BOTH,True,False,2026-08-07,03110,HKEX:03110,HKEX-FUND:d97f9f1ac95fd100,GX HS HIGHDIV,GX HS HIGHDIV,CONFIRMED,HKEX_SECURITY_MASTER_ISIN_CONFIRMED,,,,Exchange Traded Products,Exchange Traded Funds,ETF,100.0,HK0000151933,HKD,83110.0,True,False,False,False,False,False,False,False,FMDL5B1_20260720_d31e787a3ccd,f2025b4cb11bbd9b503899215e23b5cd35859f5544f930c6c8b9db9bb86d0756,,2026-08-06,879.0,1.0,0.0543847850890719,-0.0751341797548085,-0.0466258048488069,0.0905981473111603,0.0343454901229716,-0.0840240009678245,0.4166666666666667,0.5833333333333334,0.1370961898973683,0.1443817330438295,0.0710555912378615,-0.1543020094750385,-0.0333333838608974,29096756.87073498,1.0,0.0,1.128504849994609,31.020000457763672,HKD,31.020000457763672,,,,CONTROLLED_NON_FINANCIAL,False,,,,,,,,,,,,CONTROLLED_NON_FINANCIAL,CONTROLLED_NON_EQUITY,False,1.88,2.0,0.0606060597116939,,,,0.5825545171339563,0.610062893081761,0.7218649517684887,0.7513321492007105,0.7531083481349912,0.9006211180124224,0.4405320813771518,0.8343949044585988,0.9875776397515528,0.9937402190923318,0.998447204968944,0.934065934065934,0.9671361502347418,0.3385093167701863,0.5117370892018779,0.8788819875776398,,,,,,,,,,,,0.8493788819875776,2026-08-06,EXCLUDED_CONTROLLED_NON_EQUITY,SECURITY_TYPE,BLOCKED_CONTROLLED_NON_EQUITY,D,NONE,both,FMDL5E_NOT_INVESTABLE|NON_COMMON_EQUITY|FINANCIAL_EVIDENCE_INCOMPLETE,False,2026-08-07,FRESH_OFFICIAL,2026-08-06,1,CURRENT,False
03115,BUY_ELIGIBLE,BUY_ELIGIBLE,BUY_ELIGIBLE_BOTH,True,False,2026-08-07,03115,HKEX:03115,HKEX-FUND:af3b8f9caca5dc81,ISHARESHSI,ISHARESHSI,CONFIRMED,HKEX_SECURITY_MASTER_ISIN_CONFIRMED,,,,Exchange Traded Products,Exchange Traded Funds,ETF,100.0,HK0000313426,HKD,83115.0,True,False,False,False,False,False,False,False,FMDL5B1_20260720_d31e787a3ccd,f2025b4cb11bbd9b503899215e23b5cd35859f5544f930c6c8b9db9bb86d0756,,2026-08-06,879.0,1.0,0.0625850846196764,-0.0199410260516008,-0.0331904875726234,0.0278019559421458,-0.0327344409224228,-0.0722429060659449,0.5,0.3333333333333333,0.185806923831346,0.2089411976747817,0.1120237588245757,-0.1564628317122878,-0.0324943240011756,3292359.0365215302,1.0,0.0,0.7959961225639359,93.72000122070312,HKD,93.72000122070312,,,,CONTROLLED_NON_FINANCIAL,False,,,,,,,,,,,,CONTROLLED_NON_FINANCIAL,CONTROLLED_NON_EQUITY,False,2.41,2.0,0.0257148950982687,,,,0.6464174454828661,0.7767295597484277,0.747588424437299,0.6873889875666075,0.6749555950266429,0.9192546583850932,0.8802816901408451,0.2484076433121019,0.9487577639751552,0.9420970266040688,0.9487577639751552,0.9309262166405023,0.974960876369327,0.0481366459627329,0.5117370892018779,0.4456521739130434,,,,,,,,,,,,0.5372670807453416,2026-08-06,EXCLUDED_CONTROLLED_NON_EQUITY,SECURITY_TYPE,BLOCKED_CONTROLLED_NON_EQUITY,D,NONE,both,FMDL5E_NOT_INVESTABLE|NON_COMMON_EQUITY|LOW_20D_TURNOVER|FINANCIAL_EVIDENCE_INCOMPLETE,False,2026-08-07,FRESH_OFFICIAL,2026-08-06,1,CURRENT,False
03167,BUY_ELIGIBLE,BUY_ELIGIBLE,BUY_ELIGIBLE_BOTH,True,False,2026-08-07,03167,HKEX:03167,HKEX-FUND:26eb99fd1d1ecf09,ICBCCSOPCHINA,ICBCCSOPCHINA,CONFIRMED,HKEX_SECURITY_MASTER_ISIN_CONFIRMED,,,,Exchange Traded Products,Exchange Traded Funds,ETF,50.0,HK0000316767,HKD,83167.0,True,False,False,False,False,False,False,False,FMDL5B1_20260720_d31e787a3ccd,f2025b4cb11bbd9b503899215e23b5cd35859f5544f930c6c8b9db9bb86d0756,,2026-08-06,879.0,1.0,0.054564179337379,-0.0616794032904938,-0.122000013078962,-0.0945786450900606,-0.141426029206825,-0.1955497662699081,0.45,0.4166666666666667,0.1978810175343677,0.2156689514106351,0.1307783560162711,-0.2362093022502938,-0.037605790306413,23072.80002593994,0.3166666666666666,18.0,0.2824381412190706,61.459999084472656,HKD,61.459999084472656,,,,CONTROLLED_NON_FINANCIAL,False,,,,,,,,,,,,CONTROLLED_NON_FINANCIAL,CONTROLLED_NON_EQUITY,False,0.0,0.0,0.0,,,,0.5841121495327103,0.6477987421383647,0.5643086816720257,0.5275310834813499,0.5097690941385435,0.7158385093167702,0.6549295774647887,0.447452229299363,0.922360248447205,0.9233176838810642,0.8819875776397516,0.7598116169544741,0.9342723004694836,0.0015527950310559,0.001564945226917,0.0170807453416149,,,,,,,,,,,,0.1777950310559006,2026-08-06,EXCLUDED_CONTROLLED_NON_EQUITY,SECURITY_TYPE,BLOCKED_CONTROLLED_NON_EQUITY,D,NONE,both,FMDL5E_NOT_INVESTABLE|NON_COMMON_EQUITY|LOW_20D_TURNOVER|LOW_ACTIVE_TRADE_RATIO|EXCESS_ZERO_VOLUME_DAYS|FINANCIAL_EVIDENCE_INCOMPLETE,False,2026-08-07,FRESH_OFFICIAL,2026-08-06,1,CURRENT,False
03174,BUY_ELIGIBLE,BUY_ELIGIBLE,BUY_ELIGIBLE_BOTH,True,False,2026-08-07,03174,HKEX:03174,HKEX-FUND:684d20245a533ef1,CSOP HSBIOTECH,CSOP HSBIOTECH,CONFIRMED,HKEX_SECURITY_MASTER_ISIN_CONFIRMED,,,,Exchange Traded Products,Exchange Traded Funds,ETF,100.0,HK0000756202,HKD,,False,False,False,False,False,False,False,False,FMDL5B1_20260720_d31e787a3ccd,f2025b4cb11bbd9b503899215e23b5cd35859f5544f930c6c8b9db9bb86d0756,,2026-08-06,879.0,1.0,0.061035745001478,-0.0182544577677465,-0.0585339148155695,-0.1210418770434682,-0.1716036645350649,-0.215230326146385,0.4166666666666667,0.4166666666666667,0.3820770077861435,0.382743224061494,0.2201125415748065,-0.2722593596626554,-0.0676993852275139,8733746.453040814,1.0,0.0,0.9113464357137504,3.441999912261963,HKD,3.441999912261963,,,,CONTROLLED_NON_FINANCIAL,False,,,,,,,,,,,,CONTROLLED_NON_FINANCIAL,CONTROLLED_NON_EQUITY,False,0.0,0.0,0.0,,,,0.6339563862928349,0.7814465408805031,0.7009646302250804,0.4813499111900532,0.458259325044405,0.6692546583850931,0.4405320813771518,0.447452229299363,0.5031055900621118,0.5602503912363067,0.5559006211180124,0.6609105180533752,0.5899843505477308,0.1102484472049689,0.5117370892018779,0.6444099378881988,,,,,,,,,,,,0.1777950310559006,2026-08-06,EXCLUDED_CONTROLLED_NON_EQUITY,SECURITY_TYPE,BLOCKED_CONTROLLED_NON_EQUITY,D,NONE,both,FMDL5E_NOT_INVESTABLE|NON_COMMON_EQUITY|LOW_20D_TURNOVER|FINANCIAL_EVIDENCE_INCOMPLETE,False,2026-08-07,FRESH_OFFICIAL,2026-08-06,1,CURRENT,False
03200,BUY_ELIGIBLE,BUY_ELIGIBLE,BUY_ELIGIBLE_BOTH,True,False,2026-08-07,03200,HKEX:03200,HKEX-ISSUER:ce69217b0566b01c,HANS CNC,"Shenzhen Han's CNC Technology Co., Ltd.  - H Shares",CONFIRMED,HKEX_DI_STOCK_CODE_CONFIRMED,533152.0,533152|533152,"Shenzhen Han's CNC Technology Co., Ltd.  - A Shares|Shenzhen Han's CNC Technology Co., Ltd.  - H Shares",Equity,Equity Securities (Main Board),COMMON_EQUITY,100.0,CNE100007FF8,HKD,,False,False,False,False,True,True,False,False,FMDL5B1_20260720_d31e787a3ccd,f2025b4cb11bbd9b503899215e23b5cd35859f5544f930c6c8b9db9bb86d0756,f81a652b777451f1edbcf2d8e74182cac4f5f758a957ddda85ec36dea88a9918,2026-08-06,120.0,0.48,-0.2931034482758621,-0.2674446780839082,,,,-0.4757033248081841,0.4333333333333333,0.6666666666666666,1.2328224100563716,1.1661393405655816,0.5583547832893102,-0.5690537084398977,-0.1253357241046936,224926532.83878747,1.0,0.0,0.8650756691469962,102.5,HKD,102.5,2026-03-31,2026-07-10T09:30:00+08:00,HKD,GENERAL_NON_FINANCIAL,True,,0.0202852004150688,0.3312201074587804,0.1972247402102789,0.1651624369895661,,0.2953857117539888,2.940661267509645,0.73,,,GENERAL_NON_FINANCIAL,DEFAULT_GENERAL_NON_FINANCIAL,False,0.68559,1.0,0.0066886829268292,102.5,0.0071219512195121,140.41095890410958,0.0264797507788162,0.1949685534591195,,,,0.2577639751552795,0.5461658841940532,0.9363057324840764,0.0357142857142857,0.0391236306729264,0.0822981366459627,0.1334379905808477,0.2097026604068857,0.7779503105590062,0.5117370892018779,0.5512422360248447,,0.544256120527307,0.5091240875912408,0.7299270072992701,0.791970802919708,,0.7476459510357816,0.7924528301886793,,,0.1,0.391304347826087,2026-08-06,REVIEW_ONLY,WATCH_GATE_FAIL,VALID_WITH_CONTROLLED_NULLS,B,NONE,both,FMDL5E_NOT_INVESTABLE,False,2026-08-07,FRESH_OFFICIAL,2026-08-06,1,CURRENT,False
03268,BUY_ELIGIBLE,BUY_ELIGIBLE,BUY_ELIGIBLE_BOTH,True,False,2026-08-07,03268,HKEX:03268,HKEX-ISSUER:293dea15dab05835,MEIG,"MeiG Smart Technology Co., Ltd.  - H Shares",CONFIRMED,HKEX_DI_STOCK_CODE_CONFIRMED,536926.0,536926|536926,"MeiG Smart Technology Co., Ltd.  - A Shares|MeiG Smart Technology Co., Ltd.  - H Shares",Equity,Equity Securities (Main Board),COMMON_EQUITY,100.0,CNE100007HF4,HKD,,False,False,False,False,True,True,False,False,FMDL5B1_20260720_d31e787a3ccd,f2025b4cb11bbd9b503899215e23b5cd35859f5544f930c6c8b9db9bb86d0756,b9453224c63374e58492097ad26c3a09bcb8fd52a3d69861603501fd620a702f,2026-08-06,101.0,0.404,-0.0237613105988442,-0.2788036547369849,,,,-0.4148508520031263,0.4666666666666667,,0.7245476915728302,0.7132253376183114,0.3845680108051502,-0.4546546030166046,-0.1349782447831877,23409441.89725876,1.0,0.0,0.918251451899368,17.200000762939453,HKD,17.200000762939453,2026-03-31,2026-04-30T09:30:00+08:00,HKD,GENERAL_NON_FINANCIAL,True,,0.0105824378617698,0.1750210321725613,0.0673435319511257,0.0502964846947069,,0.3816434349233709,2.369515175466143,0.18,,,GENERAL_NON_FINANCIAL,DEFAULT_GENERAL_NON_FINANCIAL,False,0.115,1.0,0.0066860462150553,17.200000762939453,0.0104651158148692,95.55555979410808,0.2087227414330218,0.1792452830188679,,,,0.3711180124223602,0.7480438184663537,,0.1490683229813664,0.1690140845070422,0.1956521739130435,0.2888540031397174,0.1815336463223787,0.296583850931677,0.5117370892018779,0.6614906832298136,,0.4312617702448211,0.2536496350364963,0.3777372262773723,0.4288321167883211,,0.6290018832391714,0.720754716981132,,,0.1466666666666666,0.389751552795031,2026-08-06,REVIEW_ONLY,WATCH_GATE_FAIL,VALID_WITH_CONTROLLED_NULLS,B,NONE,both,FMDL5E_NOT_INVESTABLE,False,2026-08-07,FRESH_OFFICIAL,2026-08-06,1,CURRENT,False
03296,BUY_ELIGIBLE,BUY_ELIGIBLE,BUY_ELIGIBLE_BOTH,True,False,2026-08-07,03296,HKEX:03296,HKEX-ISSUER:d083e67f13de9353,HUAQIN,"Huaqin Co., Ltd.  - H Shares",CONFIRMED,HKEX_DI_STOCK_CODE_CONFIRMED,542459.0,542459|542459,"Huaqin Co., Ltd.  - A Shares|Huaqin Co., Ltd.  - H Shares",Equity,Equity Securities (Main Board),COMMON_EQUITY,100.0,CNE100007KJ0,HKD,,False,False,False,False,True,True,False,False,FMDL5B1_20260720_d31e787a3ccd,f2025b4cb11bbd9b503899215e23b5cd35859f5544f930c6c8b9db9bb86d0756,65b3f285861db11fdcefef708dd13050dd1f1659ec642c6b8bf89949d66e1608,2026-08-06,72.0,0.288,0.0438066715946565,-0.1254820936772116,,,,-0.262933349609375,0.3666666666666666,,0.9564141907283248,1.0460081520219515,0.410537806180458,-0.382933349609375,-0.101682474080429,216053928.1866156,1.0,0.0,1.0973973651912268,69.0999984741211,HKD,69.0999984741211,2026-03-31,2026-05-04T09:30:00+08:00,HKD,GENERAL_NON_FINANCIAL,True,,0.0102332114092058,0.0853990679194096,0.0280533232901417,0.0260293667198974,,0.7363370087574583,1.1454379951138445,1.04,,,GENERAL_NON_FINANCIAL,DEFAULT_GENERAL_NON_FINANCIAL,False,0.981071,2.0,0.014197844018295,69.0999984741211,0.0150506515624525,66.44230622511644,0.5062305295950156,0.5031446540880503,,,,0.5900621118012422,0.1784037558685446,,0.0745341614906832,0.0579029733959311,0.1630434782608695,0.4395604395604395,0.3098591549295774,0.7717391304347826,0.5117370892018779,0.8555900621118012,,0.4180790960451977,0.0766423357664233,0.2226277372262773,0.322992700729927,,0.1148775894538606,0.2924528301886792,,,0.2066666666666666,0.4332298136645963,2026-08-06,REVIEW_ONLY,WATCH_GATE_FAIL,VALID_WITH_CONTROLLED_NULLS,B,NONE,both,FMDL5E_NOT_INVESTABLE,False,2026-08-07,FRESH_OFFICIAL,2026-08-06,1,CURRENT,False
03306,BUY_ELIGIBLE,BUY_ELIGIBLE,BUY_ELIGIBLE_BOTH,True,False,2026-08-07,03306,HKEX:03306,HKEX-ISSUER:4d2963dade99af07,JNBY,JNBY Design Ltd.,CONFIRMED,HKEX_DI_STOCK_CODE_CONFIRMED,144409.0,144409,JNBY Design Ltd.,Equity,Equity Securities (Main Board),COMMON_EQUITY,500.0,KYG550441045,HKD,,False,False,False,False,False,False,False,False,FMDL5B1_20260720_d31e787a3ccd,f2025b4cb11bbd9b503899215e23b5cd35859f5544f930c6c8b9db9bb86d0756,570cccacf291b714c0b4a9f7735763f080bf54ad9dc75b77296478a7dc8757f9,2026-08-06,880.0,1.0,0.0899300002013141,-0.0425733039032618,0.065486907819563,0.1416799914445996,0.0474801053588094,-0.1020408629542137,0.4666666666666667,0.4166666666666667,0.3586487777893958,0.3218548365378413,0.1650214939042538,-0.2391304826116492,-0.0550964756045753,13663531.554981042,1.0,0.0,0.6846204576373217,20.239999771118164,HKD,20.239999771118164,2025-12-31,2026-03-17T09:30:00+08:00,HKD,GENERAL_NON_FINANCIAL,True,,,0.6651512979226603,0.2745185221170571,0.1997511149764682,,,,1.32,0.0695256153757202,0.1247341743015977,GENERAL_NON_FINANCIAL,DEFAULT_GENERAL_NON_FINANCIAL,False,1.4500000000000002,2.0,0.0716403170156703,20.239999771118164,0.0652173920418516,15.333333159938002,0.764797507788162,0.7075471698113207,0.8520900321543409,0.7992895204262878,0.7744227353463587,0.8742236024844721,0.7480438184663537,0.447452229299363,0.5295031055900621,0.6917057902973396,0.7624223602484472,0.7519623233908949,0.7339593114241002,0.1801242236024844,0.5117370892018779,0.2593167701863354,,,0.8594890510948905,0.8357664233576643,0.833941605839416,,,,0.55863539445629,0.6049046321525886,0.6888888888888889,0.9270186335403726,2026-08-06,ELIGIBLE_CORE,PASS_CORE,VALID,A,NONE,both,LOW_20D_TURNOVER,False,2026-08-07,FRESH_OFFICIAL,2026-08-06,1,CURRENT,False
03317,BUY_ELIGIBLE,BUY_ELIGIBLE,BUY_ELIGIBLE_BOTH,True,False,2026-08-07,03317,HKEX:03317,HKEX-ISSUER:f3ff5d43d40d3af4,XUNCE,"Shenzhen Xunce Technology Co., Ltd.  - H Shares",CONFIRMED,HKEX_DI_STOCK_CODE_CONFIRMED,527996.0,527996|527996,"Shenzhen Xunce Technology Co., Ltd.  - H Shares|Shenzhen Xunce Technology Co., Ltd.  - Others",Equity,Equity Securities (Main Board),COMMON_EQUITY,100.0,CNE100007CW0,HKD,,False,False,False,False,True,False,False,False,FMDL5B1_20260720_d31e787a3ccd,f2025b4cb11bbd9b503899215e23b5cd35859f5544f930c6c8b9db9bb86d0756,28814a5376dbd71f491a81bebd0a77dd313b1d7262fa488a838c90d209189041,2026-08-06,147.0,0.588,0.2101313494044456,-0.4756097560975609,1.4688995215311005,,,-0.6400669581560912,0.3166666666666666,0.625,1.6870671288393368,1.3034391584861391,0.5936942197056275,-0.7657645134545141,-0.203102979068665,579238400.2569771,1.0,0.0,1.3494249815468349,129.0,HKD,129.0,2025-12-31,2026-04-30T09:30:00+08:00,HKD,GENERAL_NON_FINANCIAL,True,,-0.0296551763275642,0.6165708045026805,-0.0988793117540324,-0.0732187657872879,,0.2368353351257825,2.808005371741467,-0.31,,,GENERAL_NON_FINANCIAL,DEFAULT_GENERAL_NON_FINANCIAL,False,0.0,0.0,0.0,129.0,,,0.9454828660436138,0.0393081761006289,0.995176848874598,,,0.0854037267080745,0.0500782472613458,0.9004777070063694,0.0108695652173913,0.028169014084507,0.0729813664596273,0.0313971742543171,0.0625978090766823,0.903726708074534,0.5117370892018779,0.9503105590062112,,0.1148775894538606,0.8120437956204379,0.1113138686131386,0.1441605839416058,,0.8361581920903954,0.7754716981132076,,,,0.1777950310559006,2026-08-06,REVIEW_ONLY,WATCH_GATE_FAIL,VALID_WITH_CONTROLLED_NULLS,B,NONE,both,FMDL5E_NOT_INVESTABLE,False,2026-08-07,FRESH_OFFICIAL,2026-08-06,1,CURRENT,False
03369,BUY_ELIGIBLE,BUY_ELIGIBLE,BUY_ELIGIBLE_BOTH,True,False,2026-08-07,03369,HKEX:03369,HKEX-ISSUER:cf7cf73c087e09bb,QHD PORT,"Qinhuangdao Port Co., Ltd.  - H Shares",CONFIRMED,HKEX_DI_STOCK_CODE_CONFIRMED,95225.0,95225|95225,"Qinhuangdao Port Co., Ltd.  - A Shares|Qinhuangdao Port Co., Ltd.  - H Shares",Equity,Equity Securities (Main Board),COMMON_EQUITY,500.0,CNE100001QR3,HKD,,False,False,False,False,True,True,False,False,FMDL5B1_20260720_d31e787a3ccd,f2025b4cb11bbd9b503899215e23b5cd35859f5544f930c6c8b9db9bb86d0756,9d923d942a832a5a85b06ce6390634abc7f6d0ef0ba8e89ce2f24d1f30ea0b0b,2026-08-06,880.0,1.0,0.039466186986484,-0.0152426155438133,-0.099129395210385,0.0668205815034796,0.0263158098449538,-0.2178936171765234,0.3833333333333333,0.5833333333333334,0.1920314668991612,0.1984653300110689,0.1218073251044823,-0.2064056358339751,-0.040160538056653,1129976.4839351175,1.0,0.0,0.7621014024301754,2.299999952316284,HKD,2.299999952316284,2026-03-31,2026-04-29T09:30:00+08:00,HKD,GENERAL_NON_FINANCIAL,True,,0.0154178667703628,0.3925106069841471,0.3227334667506991,0.2554596301149131,,0.2171798782989024,1.898545983341416,0.08,0.0392678709968337,0.0168653052602247,GENERAL_NON_FINANCIAL,DEFAULT_GENERAL_NON_FINANCIAL,False,0.132223,1.0,0.0574882620614147,2.299999952316284,0.0347826094167669,28.74999940395355,0.4641744548286604,0.7861635220125787,0.6109324758842444,0.7371225577264654,0.7460035523978685,0.6599378881987578,0.2472613458528951,0.8343949044585988,0.936335403726708,0.9593114241001564,0.9161490683229814,0.8273155416012559,0.9061032863849764,0.0186335403726708,0.5117370892018779,0.3773291925465838,,0.4896421845574388,0.6186131386861314,0.8832116788321168,0.8886861313868614,,0.864406779661017,0.6188679245283019,0.4797441364605543,0.4686648501362397,0.4822222222222222,0.8183229813664596,2026-08-06,ELIGIBLE_WATCH,PASS_WATCH,VALID,A,NONE,both,LOW_20D_TURNOVER,False,2026-08-07,FRESH_OFFICIAL,2026-08-06,1,CURRENT,False
03380,BUY_ELIGIBLE,BUY_ELIGIBLE,BUY_ELIGIBLE_BOTH,True,False,2026-08-07,03380,HKEX:03380,HKEX-ISSUER:637ff7d0a469890a,LOGAN GROUP,Logan Group Co. Ltd.,CONFIRMED,HKEX_DI_STOCK_CODE_CONFIRMED,94916.0,94916,Logan Group Co. Ltd.,Equity,Equity Securities (Main Board),COMMON_EQUITY,1000.0,KYG555551095,HKD,,False,False,False,False,False,False,False,False,FMDL5B1_20260720_d31e787a3ccd,f2025b4cb11bbd9b503899215e23b5cd35859f5544f930c6c8b9db9bb86d0756,15208cdb2f5e0a856b9bf4a980d5fa105e680bd518b41fe672ad16c6fdea3f79,2026-08-06,880.0,1.0,0.0359712748490266,0.1250000698491946,0.04347830593924,0.4545454983321537,0.4040403760655684,-0.2087912001538978,0.4166666666666667,0.5,0.2744570699799281,0.3131086947337392,0.1791383821051664,-0.1408450243090415,-0.056337976143534,3934790.78147496,1.0,0.0,0.1523372216898594,1.440000057220459,HKD,1.440000057220459,2025-12-31,2026-04-28T09:30:00+08:00,HKD,GENERAL_NON_FINANCIAL,True,,-0.0253502412124229,-1.1106254243085822,-0.778679216289263,-0.7559363555760233,,0.8904445255673511,1.002631107574636,-0.8622,-0.7289511327783531,,GENERAL_NON_FINANCIAL,DEFAULT_GENERAL_NON_FINANCIAL,False,0.0,0.0,0.0,1.440000057220459,,,0.4423676012461059,0.940251572327044,0.8311897106109325,0.9253996447602132,0.9413854351687388,0.6816770186335404,0.4405320813771518,0.6632165605095541,0.7236024844720497,0.7104851330203443,0.6863354037267081,0.9529042386185244,0.7198748043818466,0.0590062111801242,0.5117370892018779,0.0046583850931677,,0.1299435028248587,0.0018248175182481,0.041970802919708,0.0510948905109489,,0.0263653483992467,0.1849056603773584,0.0042643923240938,,,0.1777950310559006,2026-08-06,ELIGIBLE_WATCH,PASS_WATCH,VALID,A,NONE,both,LOW_20D_TURNOVER,False,2026-08-07,FRESH_OFFICIAL,2026-08-06,1,CURRENT,False
03403,BUY_ELIGIBLE,BUY_ELIGIBLE,BUY_ELIGIBLE_BOTH,True,False,2026-08-07,03403,HKEX:03403,HKEX-FUND:2f9dda876790cea5,CAM HSI ESG,CAM HSI ESG,CONFIRMED,HKEX_SECURITY_MASTER_ISIN_CONFIRMED,,,,Exchange Traded Products,Exchange Traded Funds,ETF,10.0,HK0000873676,HKD,83403.0,True,False,False,False,False,False,False,False,FMDL5B1_20260720_d31e787a3ccd,f2025b4cb11bbd9b503899215e23b5cd35859f5544f930c6c8b9db9bb86d0756,,2026-08-06,879.0,1.0,0.0668815418139701,-0.004487753277329,-0.0485495072870554,0.0077227932768764,-0.055450156571749,-0.0795785876019087,0.4833333333333333,0.3333333333333333,0.1929144609262676,0.1992115671853654,0.1058375524325091,-0.1751041408308024,-0.0470852035736851,415328.4997329712,0.7166666666666667,7.0,0.0840869714119187,52.959999084472656,HKD,52.959999084472656,,,,CONTROLLED_NON_FINANCIAL,False,,,,,,,,,,,,CONTROLLED_NON_FINANCIAL,CONTROLLED_NON_EQUITY,False,1.34,4.0,0.0253021152410267,,,,0.6635514018691588,0.8160377358490566,0.7170418006430869,0.6660746003552398,0.6465364120781527,0.9099378881987578,0.8176838810641628,0.2484076433121019,0.9347826086956522,0.9577464788732394,0.9565217391304348,0.8963893249607535,0.8341158059467919,0.0108695652173913,0.0093896713615023,0.0031055900621118,,,,,,,,,,,,0.5341614906832298,2026-08-06,EXCLUDED_CONTROLLED_NON_EQUITY,SECURITY_TYPE,BLOCKED_CONTROLLED_NON_EQUITY,D,NONE,both,FMDL5E_NOT_INVESTABLE|NON_COMMON_EQUITY|LOW_20D_TURNOVER|LOW_ACTIVE_TRADE_RATIO|EXCESS_ZERO_VOLUME_DAYS|FINANCIAL_EVIDENCE_INCOMPLETE,False,2026-08-07,FRESH_OFFICIAL,2026-08-06,1,CURRENT,False
03406,BUY_ELIGIBLE,BUY_ELIGIBLE,BUY_ELIGIBLE_BOTH,True,False,2026-08-07,03406,HKEX:03406,HKEX-FUND:2f2cf5d46b123d39,PA TECHSELECT,PA TECHSELECT,CONFIRMED,HKEX_SECURITY_MASTER_ISIN_CONFIRMED,,,,Exchange Traded Products,Exchange Traded Funds,ETF,50.0,HK0001174678,HKD,,False,False,False,False,False,False,False,False,FMDL5B1_20260720_d31e787a3ccd,f2025b4cb11bbd9b503899215e23b5cd35859f5544f930c6c8b9db9bb86d0756,,2026-08-06,204.0,0.816,0.0205979708979158,-0.0327456205299895,-0.0122186837123529,,,-0.1307300741167394,0.5333333333333333,0.5,0.2838359906020075,0.2536028044716391,0.1712070990038232,-0.1347381658516384,-0.0436766668598054,60940.07538795471,0.8333333333333334,5.0,0.2515153058625783,15.359999656677246,HKD,15.359999656677246,,,,CONTROLLED_NON_FINANCIAL,False,,,,,,,,,,,,CONTROLLED_NON_FINANCIAL,CONTROLLED_NON_EQUITY,False,0.0,0.0,0.0,,,,0.3582554517133956,0.7405660377358491,0.7781350482315113,,,0.8245341614906833,0.961658841940532,0.6632165605095541,0.6987577639751553,0.8466353677621283,0.7298136645962733,0.9607535321821036,0.8732394366197183,0.0031055900621118,0.0140845070422535,0.015527950310559,,,,,,,,,,,,0.1777950310559006,2026-08-06,EXCLUDED_CONTROLLED_NON_EQUITY,SECURITY_TYPE,BLOCKED_CONTROLLED_NON_EQUITY,D,NONE,both,FMDL5E_NOT_INVESTABLE|NON_COMMON_EQUITY|LOW_20D_TURNOVER|LOW_ACTIVE_TRADE_RATIO|EXCESS_ZERO_VOLUME_DAYS|FINANCIAL_EVIDENCE_INCOMPLETE,False,2026-08-07,FRESH_OFFICIAL,2026-08-06,1,CURRENT,False
03423,BUY_ELIGIBLE,BUY_ELIGIBLE,BUY_ELIGIBLE_BOTH,True,False,2026-08-07,03423,HKEX:03423,HKEX-FUND:bf1ba0804db86de7,CMS HS TECH,CMS HS TECH,CONFIRMED,HKEX_SECURITY_MASTER_ISIN_CONFIRMED,,,,Exchange Traded Products,Exchange Traded Funds,ETF,10.0,HK0001122958,HKD,,False,False,False,False,False,False,False,False,FMDL5B1_20260720_d31e787a3ccd,f2025b4cb11bbd9b503899215e23b5cd35859f5544f930c6c8b9db9bb86d0756,,2026-08-06,301.0,1.0,0.0182890532146868,-0.0563149609123904,-0.1080103416736545,-0.1455445753968276,-0.1608910830321706,-0.2808333237965902,0.4833333333333333,0.4166666666666667,0.295691623349168,0.3056294132643556,0.1751072170702214,-0.2236908795863759,-0.0433526030679428,933592.8516087532,1.0,0.0,0.620740879602804,8.630000114440918,HKD,8.630000114440918,,,,CONTROLLED_NON_FINANCIAL,False,,,,,,,,,,,,CONTROLLED_NON_FINANCIAL,CONTROLLED_NON_EQUITY,False,0.0,0.0,0.0,,,,0.3442367601246106,0.6682389937106918,0.5836012861736335,0.4440497335701598,0.4742451154529307,0.5574534161490683,0.8176838810641628,0.447452229299363,0.6661490683229814,0.7261345852895149,0.7096273291925466,0.7849293563579278,0.8826291079812206,0.015527950310559,0.5117370892018779,0.1677018633540372,,,,,,,,,,,,0.1777950310559006,2026-08-06,EXCLUDED_CONTROLLED_NON_EQUITY,SECURITY_TYPE,BLOCKED_CONTROLLED_NON_EQUITY,D,NONE,both,FMDL5E_NOT_INVESTABLE|NON_COMMON_EQUITY|LOW_20D_TURNOVER|FINANCIAL_EVIDENCE_INCOMPLETE,False,2026-08-07,FRESH_OFFICIAL,2026-08-06,1,CURRENT,False
03431,BUY_ELIGIBLE,BUY_ELIGIBLE,BUY_ELIGIBLE_BOTH,True,False,2026-08-07,03431,HKEX:03431,HKEX-FUND:1b2e107d996e26d7,CSOP HKKRTECH,CSOP HKKRTECH,CONFIRMED,HKEX_SECURITY_MASTER_ISIN_CONFIRMED,,,,Exchange Traded Products,Exchange Traded Funds,ETF,100.0,HK0001197646,HKD,,False,False,False,False,False,False,False,False,FMDL5B1_20260720_d31e787a3ccd,f2025b4cb11bbd9b503899215e23b5cd35859f5544f930c6c8b9db9bb86d0756,,2026-08-06,194.0,0.776,-0.0660112269251897,-0.0651358659657681,0.1700880736449155,,,-0.1843826038569304,0.5333333333333333,0.6,0.7520061501660894,0.6035264415319198,0.3804718391236001,-0.2673752760820967,-0.0812807724405212,77676756.20546341,1.0,0.0,0.8869224051466476,9.975000381469728,HKD,9.975000381469728,,,,CONTROLLED_NON_FINANCIAL,False,,,,,,,,,,,,CONTROLLED_NON_FINANCIAL,CONTROLLED_NON_EQUITY,False,0.0,0.0,0.0,,,,0.1417445482866043,0.639937106918239,0.919614147909968,,,0.7406832298136646,0.961658841940532,0.8957006369426752,0.1366459627329192,0.270735524256651,0.2096273291925466,0.6813186813186813,0.458528951486698,0.5729813664596274,0.5117370892018779,0.6024844720496895,,,,,,,,,,,,0.1777950310559006,2026-08-06,EXCLUDED_CONTROLLED_NON_EQUITY,SECURITY_TYPE,BLOCKED_CONTROLLED_NON_EQUITY,D,NONE,both,FMDL5E_NOT_INVESTABLE|NON_COMMON_EQUITY|FINANCIAL_EVIDENCE_INCOMPLETE,False,2026-08-07,FRESH_OFFICIAL,2026-08-06,1,CURRENT,False
03432,BUY_ELIGIBLE,BUY_ELIGIBLE,BUY_ELIGIBLE_BOTH,True,False,2026-08-07,03432,HKEX:03432,HKEX-FUND:f1130e961d7b9f47,CSOP HKCNCON,CSOP HKCNCON,CONFIRMED,HKEX_SECURITY_MASTER_ISIN_CONFIRMED,,,,Exchange Traded Products,Exchange Traded Funds,ETF,10.0,HK0001033544,HKD,,False,False,False,False,False,False,False,False,FMDL5B1_20260720_d31e787a3ccd,f2025b4cb11bbd9b503899215e23b5cd35859f5544f930c6c8b9db9bb86d0756,,2026-08-06,512.0,1.0,0.074024058098093,-0.0119388733183816,-0.0763393129621233,-0.0937363507192851,-0.1561979990601442,-0.1404237784806695,0.4166666666666667,0.5833333333333334,0.2208622812312506,0.2095504932775286,0.1069751580715846,-0.215450630679151,-0.0344497461638382,1030946.7848320008,0.6166666666666667,7.0,1.188186359307275,103.4499969482422,HKD,103.4499969482422,,,,CONTROLLED_NON_FINANCIAL,False,,,,,,,,,,,,CONTROLLED_NON_FINANCIAL,CONTROLLED_NON_EQUITY,False,0.0,0.0,0.0,,,,0.6962616822429907,0.7940251572327044,0.6639871382636656,0.5293072824156305,0.4884547069271758,0.8136645962732919,0.4405320813771518,0.8343949044585988,0.8524844720496895,0.9389671361502347,0.9549689440993788,0.8069073783359497,0.9593114241001564,0.0170807453416149,0.0062597809076682,0.90527950310559,,,,,,,,,,,,0.1777950310559006,2026-08-06,EXCLUDED_CONTROLLED_NON_EQUITY,SECURITY_TYPE,BLOCKED_CONTROLLED_NON_EQUITY,D,NONE,both,FMDL5E_NOT_INVESTABLE|NON_COMMON_EQUITY|LOW_20D_TURNOVER|LOW_ACTIVE_TRADE_RATIO|EXCESS_ZERO_VOLUME_DAYS|FINANCIAL_EVIDENCE_INCOMPLETE,False,2026-08-07,FRESH_OFFICIAL,2026-08-06,1,CURRENT,False
03437,BUY_ELIGIBLE,BUY_ELIGIBLE,BUY_ELIGIBLE_BOTH,True,False,2026-08-07,03437,HKEX:03437,HKEX-FUND:26e3a8fef6b90bc8,BOS CSOE HIDV,BOS CSOE HIDV,CONFIRMED,HKEX_SECURITY_MASTER_ISIN_CONFIRMED,,,,Exchange Traded Products,Exchange Traded Funds,ETF,100.0,HK0001028304,HKD,83437.0,True,False,False,False,False,False,False,False,FMDL5B1_20260720_d31e787a3ccd,f2025b4cb11bbd9b503899215e23b5cd35859f5544f930c6c8b9db9bb86d0756,,2026-08-06,506.0,1.0,0.0429185177362962,-0.0932835797659138,-0.0419523750976174,0.0310088889747599,-0.0114195198944082,-0.1161672956823468,0.4,0.5,0.1617824190938089,0.1734874250174317,0.0973056317871536,-0.1720888737500405,-0.0253036434316019,3600119.4916784763,1.0,0.0,0.7844761019331414,9.720000267028809,HKD,9.720000267028809,,,,CONTROLLED_NON_FINANCIAL,False,,,,,,,,,,,,CONTROLLED_NON_FINANCIAL,CONTROLLED_NON_EQUITY,False,0.7,2.0,0.0720164589269064,,,,0.5038940809968847,0.5754716981132075,0.729903536977492,0.6980461811722913,0.7033747779751333,0.8524844720496895,0.3356807511737089,0.6632165605095541,0.9736024844720496,0.9796557120500784,0.9751552795031057,0.9042386185243328,0.9953051643192488,0.0527950310559006,0.5117370892018779,0.4254658385093168,,,,,,,,,,,,0.9301242236024844,2026-08-06,EXCLUDED_CONTROLLED_NON_EQUITY,SECURITY_TYPE,BLOCKED_CONTROLLED_NON_EQUITY,D,NONE,both,FMDL5E_NOT_INVESTABLE|NON_COMMON_EQUITY|LOW_20D_TURNOVER|FINANCIAL_EVIDENCE_INCOMPLETE,False,2026-08-07,FRESH_OFFICIAL,2026-08-06,1,CURRENT,False
03441,BUY_ELIGIBLE,BUY_ELIGIBLE,BUY_ELIGIBLE_BOTH,True,False,2026-08-07,03441,HKEX:03441,HKEX-FUND:8a9420086d6efaf9,CSOP EWSELECT,CSOP EWSELECT,CONFIRMED,HKEX_SECURITY_MASTER_ISIN_CONFIRMED,,,,Exchange Traded Products,Exchange Traded Funds,ETF,100.0,HK0001127072,HKD,,False,False,False,False,False,False,False,False,FMDL5B1_20260720_d31e787a3ccd,f2025b4cb11bbd9b503899215e23b5cd35859f5544f930c6c8b9db9bb86d0756,,2026-08-06,331.0,1.0,0.0615763531369777,0.0783987115931323,0.118512096525037,0.368254028163971,0.2888889471970199,-0.0038520214810371,0.4833333333333333,0.8333333333333334,0.1077975079607099,0.1432140714404693,0.0762183567083809,-0.0894515093243591,-0.0314183456627552,14634209.873877335,1.0,0.0,0.6273816258688681,12.93000030517578,HKD,12.93000030517578,,,,CONTROLLED_NON_FINANCIAL,False,,,,,,,,,,,,CONTROLLED_NON_FINANCIAL,CONTROLLED_NON_EQUITY,False,0.0,0.0,0.0,,,,0.6370716510903427,0.9135220125786164,0.8858520900321544,0.9094138543516874,0.911190053285968,0.9922360248447204,0.8176838810641628,0.9976114649681528,0.998447204968944,0.9953051643192488,0.9953416149068324,0.9968602825745684,0.9796557120500784,0.1972049689440994,0.5117370892018779,0.1785714285714285,,,,,,,,,,,,0.1777950310559006,2026-08-06,EXCLUDED_CONTROLLED_NON_EQUITY,SECURITY_TYPE,BLOCKED_CONTROLLED_NON_EQUITY,D,NONE,both,FMDL5E_NOT_INVESTABLE|NON_COMMON_EQUITY|LOW_20D_TURNOVER|FINANCIAL_EVIDENCE_INCOMPLETE,False,2026-08-07,FRESH_OFFICIAL,2026-08-06,1,CURRENT,False
03442,BUY_ELIGIBLE,BUY_ELIGIBLE,BUY_ELIGIBLE_BOTH,True,False,2026-08-07,03442,HKEX:03442,HKEX-FUND:37215109b3e96394,CSOP HKUSTECH,CSOP HKUSTECH,CONFIRMED,HKEX_SECURITY_MASTER_ISIN_CONFIRMED,,,,Exchange Traded Products,Exchange Traded Funds,ETF,100.0,HK0001127064,HKD,,False,False,False,False,False,False,False,False,FMDL5B1_20260720_d31e787a3ccd,f2025b4cb11bbd9b503899215e23b5cd35859f5544f930c6c8b9db9bb86d0756,,2026-08-06,331.0,1.0,0.0087173911365292,-0.0608695209890172,-0.0774486756472087,-0.0673575140912647,-0.0754174617154959,-0.194029828085262,0.5166666666666667,0.5,0.2860494635598227,0.2747183804463191,0.1754956815946524,-0.1768362109152492,-0.046694937221163,4205554.726057053,1.0,0.0,0.6698629631306455,8.100000381469727,HKD,8.100000381469727,,,,CONTROLLED_NON_FINANCIAL,False,,,,,,,,,,,,CONTROLLED_NON_FINANCIAL,CONTROLLED_NON_EQUITY,False,0.0,0.0,0.0,,,,0.3006230529595015,0.6525157232704403,0.6591639871382636,0.5595026642984015,0.6252220248667851,0.7204968944099379,0.9303599374021908,0.6632165605095541,0.6956521739130435,0.7934272300469484,0.7065217391304348,0.8932496075353218,0.8419405320813772,0.0652173913043478,0.5117370892018779,0.2313664596273291,,,,,,,,,,,,0.1777950310559006,2026-08-06,EXCLUDED_CONTROLLED_NON_EQUITY,SECURITY_TYPE,BLOCKED_CONTROLLED_NON_EQUITY,D,NONE,both,FMDL5E_NOT_INVESTABLE|NON_COMMON_EQUITY|LOW_20D_TURNOVER|FINANCIAL_EVIDENCE_INCOMPLETE,False,2026-08-07,FRESH_OFFICIAL,2026-08-06,1,CURRENT,False
03443,BUY_ELIGIBLE,BUY_ELIGIBLE,BUY_ELIGIBLE_BOTH,True,False,2026-08-07,03443,HKEX:03443,HKEX-FUND:f04e50cce4eea2d9,CSOP HK EQUITY,CSOP HK EQUITY,CONFIRMED,HKEX_SECURITY_MASTER_ISIN_CONFIRMED,,,,Exchange Traded Products,Exchange Traded Funds,ETF,100.0,HK0001144549,HKD,,False,False,False,False,False,False,False,False,FMDL5B1_20260720_d31e787a3ccd,f2025b4cb11bbd9b503899215e23b5cd35859f5544f930c6c8b9db9bb86d0756,,2026-08-06,301.0,1.0,0.0619265992335826,-0.0303664875456627,-0.0546196879269992,0.0271769136138246,-0.0327232462628186,-0.0912658871244509,0.4833333333333333,0.3333333333333333,0.1792635452910644,0.1969493163082207,0.0978680097143185,-0.1720160588419906,-0.0393873738324924,544390.9081363678,0.5833333333333334,12.0,0.020910432431374,9.260000228881836,HKD,9.260000228881836,,,,CONTROLLED_NON_FINANCIAL,False,,,,,,,,,,,,CONTROLLED_NON_FINANCIAL,CONTROLLED_NON_EQUITY,False,0.0,0.0,0.0,,,,0.6401869158878505,0.7484276729559748,0.7090032154340836,0.6838365896980462,0.6767317939609236,0.8913043478260869,0.8176838810641628,0.2484076433121019,0.9565217391304348,0.9624413145539906,0.9736024844720496,0.9058084772370488,0.9107981220657276,0.0124223602484472,0.0031298904538341,0.0015527950310559,,,,,,,,,,,,0.1777950310559006,2026-08-06,EXCLUDED_CONTROLLED_NON_EQUITY,SECURITY_TYPE,BLOCKED_CONTROLLED_NON_EQUITY,D,NONE,both,FMDL5E_NOT_INVESTABLE|NON_COMMON_EQUITY|LOW_20D_TURNOVER|LOW_ACTIVE_TRADE_RATIO|EXCESS_ZERO_VOLUME_DAYS|FINANCIAL_EVIDENCE_INCOMPLETE,False,2026-08-07,FRESH_OFFICIAL,2026-08-06,1,CURRENT,False
03469,BUY_ELIGIBLE,BUY_ELIGIBLE,BUY_ELIGIBLE_BOTH,True,False,2026-08-07,03469,HKEX:03469,HKEX-FUND:a69d81546465ae37,CSOP SCHIGHDIV,CSOP SCHIGHDIV,CONFIRMED,HKEX_SECURITY_MASTER_ISIN_CONFIRMED,,,,Exchange Traded Products,Exchange Traded Funds,ETF,100.0,HK0001197653,HKD,,False,False,False,False,False,False,False,False,FMDL5B1_20260720_d31e787a3ccd,f2025b4cb11bbd9b503899215e23b5cd35859f5544f930c6c8b9db9bb86d0756,,2026-08-06,194.0,0.776,0.0603048269191732,-0.0820424716086291,-0.0794015665939613,,,-0.1041433676812707,0.4,0.5,0.1708737005537002,0.1816498774004261,0.1170197329167374,-0.1858902875162434,-0.0332446809353845,133280.8493232727,0.9,4.0,0.4883356803119676,8.0,HKD,8.0,,,,CONTROLLED_NON_FINANCIAL,False,,,,,,,,,,,,CONTROLLED_NON_FINANCIAL,CONTROLLED_NON_EQUITY,False,0.0,0.0,0.0,,,,0.6261682242990654,0.5990566037735849,0.6511254019292605,,,0.8680124223602484,0.3356807511737089,0.6632165605095541,0.9658385093167702,0.976525821596244,0.9285714285714286,0.8822605965463108,0.9687010954616588,0.0046583850931677,0.0172143974960876,0.0822981366459627,,,,,,,,,,,,0.1777950310559006,2026-08-06,EXCLUDED_CONTROLLED_NON_EQUITY,SECURITY_TYPE,BLOCKED_CONTROLLED_NON_EQUITY,D,NONE,both,FMDL5E_NOT_INVESTABLE|NON_COMMON_EQUITY|LOW_20D_TURNOVER|EXCESS_ZERO_VOLUME_DAYS|FINANCIAL_EVIDENCE_INCOMPLETE,False,2026-08-07,FRESH_OFFICIAL,2026-08-06,1,CURRENT,False
03477,BUY_ELIGIBLE,BUY_ELIGIBLE,BUY_ELIGIBLE_BOTH,True,False,2026-08-07,03477,HKEX:03477,HKEX-FUND:acb8d3e30c0705ae,PA EW SELECT,PA EW SELECT,CONFIRMED,HKEX_SECURITY_MASTER_ISIN_CONFIRMED,,,,Exchange Traded Products,Exchange Traded Funds,ETF,50.0,HK0001174660,HKD,,False,False,False,False,False,False,False,False,FMDL5B1_20260720_d31e787a3ccd,f2025b4cb11bbd9b503899215e23b5cd35859f5544f930c6c8b9db9bb86d0756,,2026-08-06,204.0,0.816,0.0515277816347587,-0.0157039084601021,0.0086206679206204,,,-0.0228285004628188,0.4666666666666667,0.7,0.1259406807179333,0.139916935767879,0.0819914312466384,-0.0924276131421,-0.0344622653794008,148084.5958662033,0.7833333333333333,7.0,1.398963730569948,17.549999237060547,HKD,17.549999237060547,,,,CONTROLLED_NON_FINANCIAL,False,,,,,,,,,,,,CONTROLLED_NON_FINANCIAL,CONTROLLED_NON_EQUITY,False,0.0,0.0,0.0,,,,0.557632398753894,0.7830188679245284,0.7990353697749196,,,0.9751552795031057,0.7480438184663537,0.9681528662420382,0.9906832298136646,0.9968701095461658,0.9906832298136646,0.9952904238618524,0.9577464788732394,0.0062111801242236,0.0109546165884194,0.9627329192546584,,,,,,,,,,,,0.1777950310559006,2026-08-06,EXCLUDED_CONTROLLED_NON_EQUITY,SECURITY_TYPE,BLOCKED_CONTROLLED_NON_EQUITY,D,NONE,both,FMDL5E_NOT_INVESTABLE|NON_COMMON_EQUITY|LOW_20D_TURNOVER|LOW_ACTIVE_TRADE_RATIO|EXCESS_ZERO_VOLUME_DAYS|FINANCIAL_EVIDENCE_INCOMPLETE,False,2026-08-07,FRESH_OFFICIAL,2026-08-06,1,CURRENT,False
03483,BUY_ELIGIBLE,BUY_ELIGIBLE,BUY_ELIGIBLE_BOTH,True,False,2026-08-07,03483,HKEX:03483,HKEX-FUND:955401da53d53118,EFUND APAC HD,EFUND APAC HD,CONFIRMED,HKEX_SECURITY_MASTER_ISIN_CONFIRMED,,,,Exchange Traded Products,Exchange Traded Funds,ETF,100.0,HK0001176731,HKD,83483.0,True,False,False,False,False,False,False,False,FMDL5B1_20260720_d31e787a3ccd,f2025b4cb11bbd9b503899215e23b5cd35859f5544f930c6c8b9db9bb86d0756,,2026-08-06,161.0,0.644,0.0644589096643133,-0.0222704970565082,0.0291595331935918,,,-0.0348525271756277,0.4833333333333333,0.5,0.1218206385001475,0.1456764278530068,0.0795797819350977,-0.1190348181642183,-0.0591160039929974,1553864.6913814545,1.0,0.0,0.2002730979597086,18.0,HKD,18.0,,,,CONTROLLED_NON_FINANCIAL,False,,,,,,,,,,,,CONTROLLED_NON_FINANCIAL,CONTROLLED_NON_EQUITY,False,0.0,0.0,0.0,,,,0.6557632398753894,0.7657232704402516,0.8135048231511254,,,0.9627329192546584,0.8176838810641628,0.6632165605095541,0.9922360248447204,0.9906103286384976,0.9922360248447204,0.978021978021978,0.6948356807511737,0.0263975155279503,0.5117370892018779,0.0093167701863354,,,,,,,,,,,,0.1777950310559006,2026-08-06,EXCLUDED_CONTROLLED_NON_EQUITY,SECURITY_TYPE,BLOCKED_CONTROLLED_NON_EQUITY,D,NONE,both,FMDL5E_NOT_INVESTABLE|NON_COMMON_EQUITY|LOW_20D_TURNOVER|FINANCIAL_EVIDENCE_INCOMPLETE,False,2026-08-07,FRESH_OFFICIAL,2026-08-06,1,CURRENT,False
03489,BUY_ELIGIBLE,BUY_ELIGIBLE,BUY_ELIGIBLE_BOTH,True,False,2026-08-07,03489,HKEX:03489,HKEX-FUND:f19cdf0745648b56,EFUND AI,EFUND AI,CONFIRMED,HKEX_SECURITY_MASTER_ISIN_CONFIRMED,,,,Exchange Traded Products,Exchange Traded Funds,ETF,100.0,HK0001182432,HKD,83489.0,True,False,False,False,False,False,False,False,FMDL5B1_20260720_d31e787a3ccd,f2025b4cb11bbd9b503899215e23b5cd35859f5544f930c6c8b9db9bb86d0756,,2026-08-06,161.0,0.644,-0.0356379194238312,-0.0444915339851544,0.0234492783419628,,,-0.0888889302754275,0.4666666666666667,0.625,0.4012129663364967,0.3554498576525756,0.2021081326369037,-0.1770370624683521,-0.0634573218919312,3900152.0557641983,1.0,0.0,0.4110671566895848,13.529999732971191,HKD,13.529999732971191,,,,CONTROLLED_NON_FINANCIAL,False,,,,,,,,,,,,CONTROLLED_NON_FINANCIAL,CONTROLLED_NON_EQUITY,False,0.0,0.0,0.0,,,,0.1853582554517134,0.6949685534591195,0.8102893890675241,,,0.8959627329192547,0.7480438184663537,0.9004777070063694,0.4782608695652174,0.6134585289514867,0.6211180124223602,0.8916797488226059,0.6369327073552425,0.0559006211180124,0.5117370892018779,0.0496894409937888,,,,,,,,,,,,0.1777950310559006,2026-08-06,EXCLUDED_CONTROLLED_NON_EQUITY,SECURITY_TYPE,BLOCKED_CONTROLLED_NON_EQUITY,D,NONE,both,FMDL5E_NOT_INVESTABLE|NON_COMMON_EQUITY|LOW_20D_TURNOVER|FINANCIAL_EVIDENCE_INCOMPLETE,False,2026-08-07,FRESH_OFFICIAL,2026-08-06,1,CURRENT,False
03613,BUY_ELIGIBLE,BUY_ELIGIBLE,BUY_ELIGIBLE_BOTH,True,False,2026-08-07,03613,HKEX:03613,HKEX-ISSUER:e99d2fe77cea96a7,TONGRENTANGCM,Beijing Tong Ren Tang Chinese Medicine Co. Ltd.,CONFIRMED,HKEX_DI_STOCK_CODE_CONFIRMED,204737.0,204737,Beijing Tong Ren Tang Chinese Medicine Co. Ltd.,Equity,Equity Securities (Main Board),COMMON_EQUITY,1000.0,HK0000145638,HKD,,False,False,False,False,False,False,False,False,FMDL5B1_20260720_d31e787a3ccd,f2025b4cb11bbd9b503899215e23b5cd35859f5544f930c6c8b9db9bb86d0756,26a7b53ad03c7039d2b13f1f5b973cd30a62ab652b6e2f6c2f692f60e5fb0465,2026-08-06,880.0,1.0,0.0200000176062951,-0.0690334869910519,-0.2030842167308252,-0.2554240218178617,-0.2700235634020022,-0.2708716973715316,0.35,0.3333333333333333,0.2481770776235916,0.2371175932152675,0.1195232280781205,-0.2733406419712968,-0.0506024599776584,5500894.727417802,1.0,0.0,0.840635248038048,6.630000114440918,HKD,6.630000114440918,2025-12-31,2026-04-30T09:30:00+08:00,HKD,GENERAL_NON_FINANCIAL,True,,0.0852259878156635,0.6116045321758184,0.3120473226079504,0.262473428278985,,0.0626246315497674,19.65093208539604,0.4245134,-0.0841252762905433,-0.2255754214979827,GENERAL_NON_FINANCIAL,DEFAULT_GENERAL_NON_FINANCIAL,False,0.4,1.0,0.0603318239963153,6.630000114440918,0.0640291693321935,15.617881825263746,0.35202492211838,0.6226415094339622,0.4003215434083601,0.3161634103019538,0.3499111900532859,0.5807453416149069,0.1244131455399061,0.2484076433121019,0.7981366459627329,0.892018779342723,0.9239130434782608,0.6562009419152276,0.7887323943661971,0.0791925465838509,0.5117370892018779,0.5108695652173914,,0.8681732580037664,0.8102189781021898,0.8704379562043796,0.8923357664233577,,0.9868173258003766,0.9886792452830188,0.185501066098081,0.1798365122615803,0.6733333333333333,0.8416149068322981,2026-08-06,ELIGIBLE_CORE,PASS_CORE,VALID,A,NONE,both,LOW_20D_TURNOVER,False,2026-08-07,FRESH_OFFICIAL,2026-08-06,1,CURRENT,False
03633,BUY_ELIGIBLE,BUY_ELIGIBLE,BUY_ELIGIBLE_BOTH,True,False,2026-08-07,03633,HKEX:03633,HKEX-ISSUER:8c292ea42f65f72f,ZHONGYU ENERGY,Zhongyu Energy Holdings Ltd.,CONFIRMED,HKEX_DI_STOCK_CODE_CONFIRMED,74366.0,74366,Zhongyu Energy Holdings Ltd.,Equity,Equity Securities (Main Board),COMMON_EQUITY,1000.0,KYG9891U1334,HKD,,False,False,False,False,False,False,False,False,FMDL5B1_20260720_d31e787a3ccd,f2025b4cb11bbd9b503899215e23b5cd35859f5544f930c6c8b9db9bb86d0756,24dadc5213c79914a9659e50f66d8245d9e526e0ba92bced02ce3b675ef36712,2026-08-06,880.0,1.0,-0.0636704387401784,-0.0769817969531779,-0.0563172617706776,-0.3498535245863421,-0.3056435444173175,-0.3724392920167974,0.3833333333333333,0.3333333333333333,0.2522598246733907,0.2559970166029646,0.1883958250914438,-0.281597561748887,-0.1623188105891608,5526570.898562145,1.0,0.0,0.5866078913183259,2.5,HKD,2.5,2025-12-31,2026-04-27T09:30:00+08:00,HKD,GENERAL_NON_FINANCIAL,True,,0.0096746731807697,0.1310735097972187,0.0767488845848916,0.0198708704408447,,0.6750803513380816,0.4841565699763837,0.081109156,-0.0990640896067608,0.6476147396592427,GENERAL_NON_FINANCIAL,DEFAULT_GENERAL_NON_FINANCIAL,False,0.03,1.0,0.012,2.5,0.0324436624,30.822660761011985,0.146417445482866,0.6037735849056604,0.707395498392283,0.216696269982238,0.3090586145648312,0.4409937888198758,0.2472613458528951,0.2484076433121019,0.7919254658385093,0.8403755868544601,0.6506211180124224,0.6420722135007849,0.1236306729264475,0.0807453416149068,0.5117370892018779,0.1413043478260869,,0.4011299435028249,0.1605839416058394,0.4197080291970803,0.2883211678832116,,0.1864406779661017,0.0339622641509433,0.1428571428571428,0.8446866485013624,0.4533333333333333,0.420807453416149,2026-08-06,ELIGIBLE_CORE,PASS_CORE,VALID,A,NONE,both,LOW_20D_TURNOVER,False,2026-08-07,FRESH_OFFICIAL,2026-08-06,1,CURRENT,False
03661,BUY_ELIGIBLE,BUY_ELIGIBLE,BUY_ELIGIBLE_BOTH,True,False,2026-08-07,03661,HKEX:03661,,,,,,,,,,,,,,,,,,,,,,,,,,,,,,,,,,,,,,,,,,,,,,,,,,,,,,,,,,,,,,,,,,,,,,,,,,,,,,,,,,,,,,,,,,,,,,,,,,,,,,,,,,,,NONE,left_only,MISSING_FMDL5E_COVERAGE|FMDL5E_NOT_INVESTABLE|NON_COMMON_EQUITY|LOW_20D_TURNOVER|LOW_ACTIVE_TRADE_RATIO|EXCESS_ZERO_VOLUME_DAYS|MISSING_VALID_PRICE|FINANCIAL_EVIDENCE_INCOMPLETE,False,2026-08-07,FRESH_OFFICIAL,2026-08-06,1,CURRENT,False
03677,BUY_ELIGIBLE,BUY_ELIGIBLE,BUY_ELIGIBLE_BOTH,True,False,2026-08-07,03677,HKEX:03677,HKEX-ISSUER:86633295b7ee5e06,ZENERGY,"Jiangsu Zenergy Battery Technologies Group Co., Ltd.  - H Shares",CONFIRMED,HKEX_DI_STOCK_CODE_CONFIRMED,498539.0,498539|498539,"Jiangsu Zenergy Battery Technologies Group Co., Ltd.  - Domestic Shares|Jiangsu Zenergy Battery Technologies Group Co., Ltd.  - H Shares",Equity,Equity Securities (Main Board),COMMON_EQUITY,300.0,CNE100006VV4,HKD,,False,False,False,False,True,False,False,False,FMDL5B1_20260720_d31e787a3ccd,f2025b4cb11bbd9b503899215e23b5cd35859f5544f930c6c8b9db9bb86d0756,13fe5586126a3719bfab04389ef6cb6a01bf4c14da20ad95098a7edfbcd5362d,2026-08-06,323.0,1.0,0.0116906578937776,-0.3173543499702439,-0.3366744924945377,-0.4663187836472179,-0.472485772020625,-0.5426829339208381,0.3833333333333333,0.3333333333333333,0.3338104949509458,0.3894820174178258,0.2153650246033172,-0.4302325745506666,-0.1129943992918888,10409679.570938775,1.0,0.0,0.7737318240460733,5.625,HKD,5.625,2025-12-31,2026-06-05T09:30:00+08:00,HKD,GENERAL_NON_FINANCIAL,True,,0.0382192021439622,0.1841026672241308,0.0465601090437452,0.0998090475349307,,0.61751155580774,1.0260436567103988,0.33,0.5790386831846843,7.883798096996067,GENERAL_NON_FINANCIAL,DEFAULT_GENERAL_NON_FINANCIAL,False,0.0,0.0,0.0,5.625,0.0586666666666666,17.045454545454543,0.3115264797507788,0.1367924528301886,0.2073954983922829,0.1243339253996447,0.1243339253996447,0.1645962732919254,0.2472613458528951,0.2484076433121019,0.5698757763975155,0.5477308294209703,0.5698757763975155,0.3406593406593406,0.2519561815336463,0.1366459627329192,0.5117370892018779,0.4037267080745341,,0.7005649717514124,0.2700729927007299,0.2883211678832116,0.6259124087591241,,0.2730696798493409,0.2056603773584905,0.9402985074626866,0.9863760217983653,0.64,0.1777950310559006,2026-08-06,ELIGIBLE_CORE,PASS_CORE,VALID,A,NONE,both,LOW_20D_TURNOVER,False,2026-08-07,FRESH_OFFICIAL,2026-08-06,1,CURRENT,False
03678,BUY_ELIGIBLE,BUY_ELIGIBLE,BUY_ELIGIBLE_BOTH,True,False,2026-08-07,03678,HKEX:03678,HKEX-ISSUER:08b1da644e95246c,HOLLY FUTURES,"Soho Holly Futures Co., Ltd.  - H Shares",CONFIRMED,HKEX_DI_STOCK_CODE_CONFIRMED,132444.0,132444|132444|132444,"Soho Holly Futures Co., Ltd.  - A Shares|Soho Holly Futures Co., Ltd.  - Domestic Shares|Soho Holly Futures Co., Ltd.  - H Shares",Equity,Equity Securities (Main Board),COMMON_EQUITY,1000.0,CNE1000023S4,HKD,,False,False,False,False,True,True,False,False,FMDL5B1_20260720_d31e787a3ccd,f2025b4cb11bbd9b503899215e23b5cd35859f5544f930c6c8b9db9bb86d0756,5466b3738da41b60aecfa70f5d0caaf6c4ddc76f31580f144bafc8523939c63d,2026-08-06,880.0,1.0,0.0020670657522752,-0.2450643406166335,-0.3103057158887803,-0.5056173254331882,-0.5066371389067985,-0.554858630118106,0.4,0.25,0.3766700520991413,0.4819743676572582,0.2848045744835468,-0.3940302879037329,-0.0661157685671179,12083285.209405422,1.0,0.0,0.7482172884979646,2.2300000190734863,HKD,2.2300000190734863,2026-03-31,2026-04-29T09:30:00+08:00,HKD,GENERAL_NON_FINANCIAL,True,0.0066783774037047,0.0009737719951221,,,,,0.8541903315344237,1.1405268695066788,0.0124,,9.396907545227696,GENERAL_NON_FINANCIAL,DEFAULT_GENERAL_NON_FINANCIAL,False,0.0046,1.0,0.002062780251415,2.2300000190734863,0.0055605380690319,179.83871121560372,0.2772585669781931,0.2295597484276729,0.2427652733118971,0.0994671403197158,0.1065719360568383,0.1459627329192546,0.3356807511737089,0.1035031847133758,0.5170807453416149,0.4147104851330203,0.3835403726708074,0.4175824175824176,0.6056338028169014,0.1630434782608695,0.5117370892018779,0.3664596273291925,0.2,0.2259887005649717,,,,,0.0433145009416195,0.2867924528301886,,0.989100817438692,0.0777777777777777,0.358695652173913,2026-08-06,ELIGIBLE_CORE,PASS_CORE,VALID,A,NONE,both,LOW_20D_TURNOVER,False,2026-08-07,FRESH_OFFICIAL,2026-08-06,1,CURRENT,False
03696,BUY_ELIGIBLE,BUY_ELIGIBLE,BUY_ELIGIBLE_BOTH,True,False,2026-08-07,03696,HKEX:03696,HKEX-ISSUER:c10724cf46cc7ea6,INSILICO,InSilico Medicine Cayman TopCo,CONFIRMED,HKEX_DI_STOCK_CODE_CONFIRMED,527998.0,527998,InSilico Medicine Cayman TopCo,Equity,Equity Securities (Main Board),COMMON_EQUITY,500.0,KYG4790P1037,HKD,,False,False,False,False,False,False,False,False,FMDL5B1_20260720_d31e787a3ccd,f2025b4cb11bbd9b503899215e23b5cd35859f5544f930c6c8b9db9bb86d0756,64ff6c7abc79426bdabf7f2cc514d9c6b9e6d96f3359991a379300e91f867043,2026-08-06,147.0,0.588,0.0286144424016621,-0.3991202144285057,-0.3973529479082893,,,-0.4667534111137794,0.4,0.375,0.95071900295302,0.9431620569627812,0.5655063653231537,-0.5721535234748583,-0.1599999731713599,711274915.7560428,1.0,0.0,1.3672396632363846,40.97999954223633,HKD,40.97999954223633,2025-12-31,2026-04-29T09:30:00+08:00,HKD,GENERAL_NON_FINANCIAL,True,,-0.7190371910862214,0.8152349792848379,-6.259837479329291,-6.264620636924555,,0.0774659529004067,13.99339096568613,-31.489024,,,GENERAL_NON_FINANCIAL,DEFAULT_GENERAL_NON_FINANCIAL,False,0.0,0.0,0.0,40.97999954223633,,,0.4034267912772585,0.070754716981132,0.135048231511254,,,0.2841614906832298,0.3356807511737089,0.3415605095541401,0.077639751552795,0.0798122065727699,0.0807453416149068,0.1287284144427001,0.1267605633802817,0.922360248447205,0.5117370892018779,0.9580745341614908,,0.0131826741996233,0.9324817518248176,0.0054744525547445,0.0091240875912408,,0.9792843691148776,0.979245283018868,,,,0.1777950310559006,2026-08-06,REVIEW_ONLY,WATCH_GATE_FAIL,VALID_WITH_CONTROLLED_NULLS,B,NONE,both,FMDL5E_NOT_INVESTABLE,False,2026-08-07,FRESH_OFFICIAL,2026-08-06,1,CURRENT,False
03709,UNKNOWN_BLOCKED,SELL_ONLY,SELL_ONLY,False,True,2026-08-07,03709,HKEX:03709,,,,,,,,,,,,,,,,,,,,,,,,,,,,,,,,,,,,,,,,,,,,,,,,,,,,,,,,,,,,,,,,,,,,,,,,,,,,,,,,,,,,,,,,,,,,,,,,,,,,,,,,,,,,NONE,left_only,MISSING_FMDL5E_COVERAGE|NOT_SOUTHBOUND_BUY_ELIGIBLE|FMDL5E_NOT_INVESTABLE|NON_COMMON_EQUITY|LOW_20D_TURNOVER|LOW_ACTIVE_TRADE_RATIO|EXCESS_ZERO_VOLUME_DAYS|MISSING_VALID_PRICE|FINANCIAL_EVIDENCE_INCOMPLETE,False,2026-08-07,FRESH_OFFICIAL,2026-08-06,1,CURRENT,False
03866,BUY_ELIGIBLE,BUY_ELIGIBLE,BUY_ELIGIBLE_BOTH,True,False,2026-08-07,03866,HKEX:03866,HKEX-ISSUER:cae3cf301057b79b,BQD,"Bank of Qingdao Co., Ltd.  - H Shares",CONFIRMED,HKEX_DI_STOCK_CODE_CONFIRMED,131574.0,131574|131574|131574,"Bank of Qingdao Co., Ltd.  - A Shares|Bank of Qingdao Co., Ltd.  - Domestic Shares|Bank of Qingdao Co., Ltd.  - H Shares",Equity,Equity Securities (Main Board),COMMON_EQUITY,500.0,CNE100002391,HKD,,False,False,False,False,True,True,False,False,FMDL5B1_20260720_d31e787a3ccd,f2025b4cb11bbd9b503899215e23b5cd35859f5544f930c6c8b9db9bb86d0756,edc693d53b129aa67e5546a77807e0202ac94a3a7c28ce8ffd44a22173bb1555,2026-08-06,880.0,1.0,0.0521063513860418,0.0361911430159254,0.1202066379456883,0.2042899698576119,0.1446466113155613,-0.0452716125011932,0.45,0.5,0.2158675951810714,0.2412611449683061,0.1275682780058884,-0.1444078327552515,-0.0348584715456149,13860678.695311831,1.0,0.0,0.8629231114777824,4.744999885559082,HKD,4.744999885559082,2026-03-31,2026-04-29T09:30:00+08:00,HKD,BANK,True,0.0292677396679863,0.0018271461834795,,,,,0.9375713258281384,,0.26,,0.2115578137097018,BANK,OFFICIAL_NAME_BANK,False,0.206474,1.0,0.0435140158018511,4.744999885559082,0.0547945218694911,18.249999559842625,0.5638629283489096,0.8694968553459119,0.8890675241157556,0.8383658969804618,0.8472468916518651,0.9503105590062112,0.6549295774647887,0.6632165605095541,0.8695652173913043,0.8810641627543035,0.8944099378881988,0.9481946624803768,0.9514866979655712,0.1847826086956521,0.5117370892018779,0.5450310559006211,0.6363636363636364,0.5,,,,,0.1818181818181818,,,0.9545454545454546,0.5,0.6739130434782609,2026-08-06,ELIGIBLE_CORE,PASS_CORE,VALID,A,NONE,both,LOW_20D_TURNOVER,False,2026-08-07,FRESH_OFFICIAL,2026-08-06,1,CURRENT,False
03868,BUY_ELIGIBLE,BUY_ELIGIBLE,BUY_ELIGIBLE_BOTH,True,False,2026-08-07,03868,HKEX:03868,HKEX-ISSUER:81f6a64fccd7710f,XINYI ENERGY,Xinyi Energy Holdings Ltd.,CONFIRMED,HKEX_DI_STOCK_CODE_CONFIRMED,242718.0,242718,Xinyi Energy Holdings Ltd.,Equity,Equity Securities (Main Board),COMMON_EQUITY,2000.0,VGG9833A1049,HKD,,False,False,False,False,False,False,False,False,FMDL5B1_20260720_d31e787a3ccd,f2025b4cb11bbd9b503899215e23b5cd35859f5544f930c6c8b9db9bb86d0756,1af832abd14b4ed987b62d7d5405a813fbf0984032e98f7bf70021806b060247,2026-08-06,880.0,1.0,-0.0284090639700079,-0.3071312467263332,-0.2960453749639545,-0.3009803852772236,-0.2805412352043612,-0.3889282793774519,0.3166666666666666,0.4166666666666667,0.2791570565522588,0.3382189298358626,0.222618547988656,-0.3433259171770996,-0.0614034509834923,6305780.22631796,1.0,0.0,0.8169160591056182,0.8550000190734863,HKD,0.8550000190734863,2025-12-31,2026-05-04T09:30:00+08:00,HKD,GENERAL_NON_FINANCIAL,True,,0.0450884125226259,0.6179656202971661,0.6464055878837879,0.4119792541336025,,0.4094323642807832,1.9453012349018424,0.12,0.00526993620431,0.2780055914451647,GENERAL_NON_FINANCIAL,DEFAULT_GENERAL_NON_FINANCIAL,False,0.065,2.0,0.0760233901169227,0.8550000190734863,0.1403508740620111,7.12500015894572,0.1993769470404984,0.1462264150943396,0.2604501607717042,0.2646536412078152,0.3357015985790408,0.4145962732919254,0.0500782472613458,0.447452229299363,0.7142857142857143,0.647887323943662,0.5481366459627329,0.5117739403453689,0.6588419405320813,0.0900621118012422,0.5117370892018779,0.4798136645962733,,0.7325800376647834,0.8138686131386861,0.9872262773722628,0.9671532846715328,,0.5800376647834274,0.6264150943396226,0.3646055437100213,0.7166212534059946,0.9444444444444444,0.9503105590062112,2026-08-06,ELIGIBLE_CORE,PASS_CORE,VALID,A,NONE,both,LOW_20D_TURNOVER,False,2026-08-07,FRESH_OFFICIAL,2026-08-06,1,CURRENT,False
03877,BUY_ELIGIBLE,BUY_ELIGIBLE,BUY_ELIGIBLE_BOTH,True,False,2026-08-07,03877,HKEX:03877,HKEX-ISSUER:2d33d297f2927dc7,CSSC SHIPPING,CSSC (Hong Kong) Shipping Co. Ltd.,CONFIRMED,HKEX_DI_STOCK_CODE_CONFIRMED,244301.0,244301,CSSC (Hong Kong) Shipping Co. Ltd.,Equity,Equity Securities (Main Board),COMMON_EQUITY,2000.0,HK0000504214,HKD,,False,False,False,False,False,False,False,False,FMDL5B1_20260720_d31e787a3ccd,f2025b4cb11bbd9b503899215e23b5cd35859f5544f930c6c8b9db9bb86d0756,f1ce363ad0bb90fa0ab388c1b22bfc5c6a140c98fc0f7ce060f0ab5120925db5,2026-08-06,880.0,1.0,0.0189574418295361,-0.071329943701575,0.0004308915038713,0.0564124155391752,0.0367581335314541,-0.1402547100654436,0.3666666666666666,0.5,0.1638417869190989,0.2348778399883683,0.1451409098238312,-0.1762441072043339,-0.0323886539662877,15946181.406127274,1.0,0.0,0.4655287802507899,2.150000095367432,HKD,2.150000095367432,2025-12-31,2026-04-29T09:30:00+08:00,HKD,GENERAL_NON_FINANCIAL,True,0.1219279490714276,0.0427209253507142,,,,,0.6496215537449294,70.06379533854405,0.26915956,,-0.1452741233007071,GENERAL_NON_FINANCIAL,DEFAULT_GENERAL_NON_FINANCIAL,False,0.16,3.0,0.0744186013501809,2.150000095367432,0.1251904874701882,7.987827351803634,0.3457943925233644,0.6163522012578616,0.7942122186495176,0.7317939609236235,0.7584369449378331,0.8152173913043478,0.1784037558685446,0.6632165605095541,0.9720496894409938,0.8951486697965572,0.8322981366459627,0.8948194662480377,0.976525821596244,0.2065217391304347,0.5117370892018779,0.0729813664596273,0.9,0.71939736346516,,,,,0.2259887005649717,1.0,,0.2752043596730245,0.9111111111111112,0.9472049689440992,2026-08-06,ELIGIBLE_CORE,PASS_CORE,VALID,A,NONE,both,LOW_20D_TURNOVER,False,2026-08-07,FRESH_OFFICIAL,2026-08-06,1,CURRENT,False
03881,BUY_ELIGIBLE,BUY_ELIGIBLE,BUY_ELIGIBLE_BOTH,True,False,2026-08-07,03881,HKEX:03881,HKEX-ISSUER:e541b36256e23be4,CIDI,CiDi Inc.  - H Shares,CONFIRMED,HKEX_DI_STOCK_CODE_CONFIRMED,527273.0,527273|527273,CiDi Inc.  - Domestic Shares|CiDi Inc.  - H Shares,Equity,Equity Securities (Main Board),COMMON_EQUITY,100.0,CNE100007BC4,HKD,,False,False,False,False,True,False,False,False,FMDL5B1_20260720_d31e787a3ccd,f2025b4cb11bbd9b503899215e23b5cd35859f5544f930c6c8b9db9bb86d0756,f67b49fd9e3d3aa1b07e47ede6d98d90be61bf5aaed1cb438fa408779289c9f5,2026-08-06,152.0,0.608,-0.0733772083324398,-0.1825725953893923,-0.085422473276754,,,-0.4192216442695642,0.3666666666666666,0.375,0.4120825154607732,0.9125783015774512,0.3583225718792098,-0.4932192965212029,-0.1658181623979048,17805121.147673417,1.0,0.0,0.3850011846818541,19.700000762939453,HKD,19.700000762939453,2025-12-31,2026-04-20T09:30:00+08:00,HKD,GENERAL_NON_FINANCIAL,True,,-0.3419756158582105,0.2140117180612757,-1.0629551937865342,-1.1524726827217366,,0.4198641479870708,2.0794345229259497,-5.91,,,GENERAL_NON_FINANCIAL,DEFAULT_GENERAL_NON_FINANCIAL,False,0.0,2.0,0.0,19.700000762939453,,,0.1386292834890965,0.3490566037735849,0.6366559485530546,,,0.3633540372670807,0.1784037558685446,0.3415605095541401,0.4580745341614907,0.0892018779342723,0.2391304347826087,0.2244897959183673,0.1142410015649452,0.2437888198757763,0.5117370892018779,0.0419254658385093,,0.0301318267419962,0.3412408759124087,0.0310218978102189,0.041970802919708,,0.5612052730696798,0.6584905660377358,,,,0.1777950310559006,2026-08-06,ELIGIBLE_WATCH,PASS_WATCH,VALID_WITH_CONTROLLED_NULLS,B,NONE,both,LOW_20D_TURNOVER,False,2026-08-07,FRESH_OFFICIAL,2026-08-06,1,CURRENT,False
03918,BUY_ELIGIBLE,BUY_ELIGIBLE,BUY_ELIGIBLE_BOTH,True,False,2026-08-07,03918,HKEX:03918,HKEX-ISSUER:9f9b4e211620b688,NAGACORP,NagaCorp Ltd.,CONFIRMED,HKEX_DI_STOCK_CODE_CONFIRMED,11340.0,11340,NagaCorp Ltd.,Equity,Equity Securities (Main Board),COMMON_EQUITY,2000.0,KYG6382M1096,HKD,,False,False,False,False,False,False,False,False,FMDL5B1_20260720_d31e787a3ccd,f2025b4cb11bbd9b503899215e23b5cd35859f5544f930c6c8b9db9bb86d0756,e1b57de33b17730874e07225b5a34d9ec7526f12b69b8a2f3b6e114b9bd3f167,2026-08-06,880.0,1.0,-0.0851648824901012,-0.1820234142113369,-0.2317652330094107,-0.1637072156867018,-0.0858540863739315,-0.4916598485355818,0.4166666666666667,0.25,0.2359250244720242,0.3201259860818453,0.2347410072736868,-0.2664597401969898,-0.0721393037848261,9339151.028039956,1.0,0.0,0.8468942304819591,3.3299999237060547,HKD,3.3299999237060547,2025-12-31,2026-04-29T09:30:00+08:00,HKD,GENERAL_NON_FINANCIAL,True,,0.1119162268724328,0.8129307441596342,0.4385865039250472,0.4366898557504653,,0.1327421420260315,1.5460601632432982,0.49271888,0.2336030693431652,1.7650404160527766,GENERAL_NON_FINANCIAL,DEFAULT_GENERAL_NON_FINANCIAL,False,0.1628,2.0,0.0488888900089868,3.3299999237060547,0.1479636310176364,6.758417545733288,0.1214953271028037,0.3537735849056603,0.3456591639871382,0.4227353463587922,0.6021314387211367,0.2375776397515528,0.4405320813771518,0.1035031847133758,0.8214285714285714,0.6948356807511737,0.5124223602484472,0.6828885400313972,0.5383411580594679,0.1149068322981366,0.5117370892018779,0.5201863354037267,,0.9227871939736346,0.9306569343065694,0.9397810218978102,0.9708029197080292,,0.9548022598870056,0.4830188679245283,0.8038379530916845,0.9264305177111716,0.9555555555555556,0.7267080745341615,2026-08-06,ELIGIBLE_CORE,PASS_CORE,VALID,A,NONE,both,LOW_20D_TURNOVER,False,2026-08-07,FRESH_OFFICIAL,2026-08-06,1,CURRENT,False
03969,BUY_ELIGIBLE,BUY_ELIGIBLE,BUY_ELIGIBLE_BOTH,True,False,2026-08-07,03969,HKEX:03969,HKEX-ISSUER:7cff8bb0546d9629,CHINA CRSC,China Railway Signal & Communication Corporation Ltd. s - H Shares,CONFIRMED,HKEX_DI_STOCK_CODE_CONFIRMED,126335.0,126335,China Railway Signal & Communication Corporation Ltd. s - H Shares,Equity,Equity Securities (Main Board),COMMON_EQUITY,1000.0,CNE1000021L3,HKD,,False,False,False,False,True,False,False,False,FMDL5B1_20260720_d31e787a3ccd,f2025b4cb11bbd9b503899215e23b5cd35859f5544f930c6c8b9db9bb86d0756,6f4662a7352eb0030c3d16f1d3866330d91f9765479785295bf71e69c83fd506,2026-08-06,880.0,1.0,0.0802841333231207,-0.0427482170191085,-0.0506594527890477,-0.0068857929125272,-0.0806916657819456,-0.1163830078000102,0.4333333333333333,0.5,0.2147477563877176,0.2032539457499944,0.1319613649877773,-0.2051282251040938,-0.0406976859725671,12005480.284720814,1.0,0.0,0.7942571860492714,3.244999885559082,HKD,3.244999885559082,2026-03-31,2026-04-30T09:30:00+08:00,HKD,GENERAL_NON_FINANCIAL,True,,0.0044635381243139,0.2742455844195324,0.116618871189702,0.0806616183545662,,0.5454199072604796,1.6012103471673511,0.05,-0.0351918394324781,-0.0716279727281232,BANK,DEFAULT_GENERAL_NON_FINANCIAL,True,0.195498,1.0,0.0602459189197529,3.244999885559082,0.0154083210364691,64.89999771118164,0.7258566978193146,0.7059748427672956,0.7154340836012861,0.6447602131438721,0.6127886323268206,0.8509316770186336,0.5461658841940532,0.6632165605095541,0.8726708074534162,0.9530516431924884,0.8773291925465838,0.8304552590266876,0.9029733959311425,0.1599378881987577,0.5117370892018779,0.4425465838509316,,0.295668549905838,0.4233576642335766,0.5346715328467153,0.5565693430656934,,0.391713747645951,0.5132075471698113,0.279317697228145,0.3405994550408719,0.22,0.8400621118012422,2026-08-06,ELIGIBLE_CORE,PASS_CORE,VALID,A,NONE,both,LOW_20D_TURNOVER,False,2026-08-07,FRESH_OFFICIAL,2026-08-06,1,CURRENT,False
03986,BUY_ELIGIBLE,BUY_ELIGIBLE,BUY_ELIGIBLE_BOTH,True,False,2026-08-07,03986,HKEX:03986,HKEX-ISSUER:27fa3106fe3ec126,GIGADEVICE,GigaDevice Semiconductor Inc.  - H Shares,CONFIRMED,HKEX_DI_STOCK_CODE_CONFIRMED,529411.0,529411|529411,GigaDevice Semiconductor Inc.  - A Shares|GigaDevice Semiconductor Inc.  - H Shares,Equity,Equity Securities (Main Board),COMMON_EQUITY,100.0,CNE100007DJ5,HKD,,False,False,False,False,True,True,False,False,FMDL5B1_20260720_d31e787a3ccd,f2025b4cb11bbd9b503899215e23b5cd35859f5544f930c6c8b9db9bb86d0756,0c61bc1662bdd6d8d8d2225ffff738560c6da6b246d2b64b79842d883421833f,2026-08-06,138.0,0.552,-0.4743221755486609,-0.0654064387590087,0.7033616594353131,,,-0.6016116084637515,0.5,0.7142857142857143,1.4803920869249756,1.4542713824105122,0.8073268188192096,-0.6578565623662243,-0.2105263157894736,3887413158.7635546,1.0,0.0,1.702133298346735,494.3999938964844,HKD,494.3999938964844,2026-03-31,2026-04-30T09:30:00+08:00,HKD,GENERAL_NON_FINANCIAL,True,,0.0526127037266729,0.5707671843261655,0.4101918107372702,0.3489068731561632,,0.0813285063067427,9.664342209024372,2.19,,,GENERAL_NON_FINANCIAL,DEFAULT_GENERAL_NON_FINANCIAL,False,0.85552,1.0,0.0017304207333366,494.3999938964844,0.0044296117051703,225.7534218705408,0.0077881619937694,0.6367924528301887,0.9887459807073956,,,0.108695652173913,0.8802816901408451,0.9705414012738852,0.0186335403726708,0.0187793427230046,0.0232919254658385,0.0659340659340659,0.054773082942097,0.9813664596273292,0.5117370892018779,0.9860248447204968,,0.7645951035781544,0.781021897810219,0.9233576642335768,0.9452554744525548,,0.9774011299435028,0.9754716981132076,,,0.06,0.3571428571428571,2026-08-06,REVIEW_ONLY,WATCH_GATE_FAIL,VALID_WITH_CONTROLLED_NULLS,B,NONE,both,FMDL5E_NOT_INVESTABLE,False,2026-08-07,FRESH_OFFICIAL,2026-08-06,1,CURRENT,False
03990,UNKNOWN_BLOCKED,SELL_ONLY,SELL_ONLY,False,True,2026-08-07,03990,HKEX:03990,,,,,,,,,,,,,,,,,,,,,,,,,,,,,,,,,,,,,,,,,,,,,,,,,,,,,,,,,,,,,,,,,,,,,,,,,,,,,,,,,,,,,,,,,,,,,,,,,,,,,,,,,,,,NONE,left_only,MISSING_FMDL5E_COVERAGE|NOT_SOUTHBOUND_BUY_ELIGIBLE|FMDL5E_NOT_INVESTABLE|NON_COMMON_EQUITY|LOW_20D_TURNOVER|LOW_ACTIVE_TRADE_RATIO|EXCESS_ZERO_VOLUME_DAYS|MISSING_VALID_PRICE|FINANCIAL_EVIDENCE_INCOMPLETE,False,2026-08-07,FRESH_OFFICIAL,2026-08-06,1,CURRENT,False
06049,BUY_ELIGIBLE,BUY_ELIGIBLE,BUY_ELIGIBLE_BOTH,True,False,2026-08-07,06049,HKEX:06049,HKEX-ISSUER:b64971f273b8ad73,POLY PPT SER,"Poly Property Services Co., Ltd.  - H Shares",CONFIRMED,HKEX_DI_STOCK_CODE_CONFIRMED,261691.0,261691|261691,"Poly Property Services Co., Ltd.  - Domestic Shares|Poly Property Services Co., Ltd.  - H Shares",Equity,Equity Securities (Main Board),COMMON_EQUITY,200.0,CNE100003PV3,HKD,,False,False,False,False,True,False,False,False,FMDL5B1_20260720_d31e787a3ccd,f2025b4cb11bbd9b503899215e23b5cd35859f5544f930c6c8b9db9bb86d0756,cc5f0a90debd11d52a8288a8f796da7c88065742ef2c6d363b631e7c6aba9d37,2026-08-06,880.0,1.0,0.0321615788224669,-0.1173674713779604,-0.1473047643123535,-0.1876830686359254,-0.2129944109227551,-0.2223419164579974,0.3833333333333333,0.3333333333333333,0.215700919304736,0.2465333643144564,0.1435376643331878,-0.1880061524546419,-0.0391882729959141,16683762.437280465,1.0,0.0,0.6683674179264832,27.600000381469727,HKD,27.600000381469727,2025-12-31,2026-05-08T09:30:00+08:00,HKD,GENERAL_NON_FINANCIAL,True,,0.0848748935469061,0.1743008377638112,0.1205990189925673,0.0904731897596109,,0.4116513133738609,2.043065887425201,2.81,0.0479586976432711,0.0512942293991924,GENERAL_NON_FINANCIAL,DEFAULT_GENERAL_NON_FINANCIAL,False,1.60706,1.0,0.0582268107894287,27.600000381469727,0.1018115927957231,9.822064192693851,0.4236760124610592,0.5188679245283019,0.5112540192926045,0.3960923623445826,0.408525754884547,0.6490683229813664,0.2472613458528951,0.2484076433121019,0.8711180124223602,0.8685446009389671,0.8369565217391305,0.8744113029827315,0.9139280125195618,0.2204968944099379,0.5117370892018779,0.2282608695652173,,0.8662900188323918,0.2463503649635036,0.5401459854014599,0.5857664233576643,,0.576271186440678,0.6547169811320754,0.5031982942430704,0.4959128065395095,0.8533333333333334,0.8260869565217391,2026-08-06,ELIGIBLE_CORE,PASS_CORE,VALID,A,NONE,both,LOW_20D_TURNOVER,False,2026-08-07,FRESH_OFFICIAL,2026-08-06,1,CURRENT,False
06067,BUY_ELIGIBLE,BUY_ELIGIBLE,BUY_ELIGIBLE_BOTH,True,False,2026-08-07,06067,HKEX:06067,HKEX-ISSUER:6bae08933bd146dd,SENIOR MATERIAL,"Shenzhen Senior Technology Material Co., Ltd.  - H Shares",CONFIRMED,HKEX_DI_STOCK_CODE_CONFIRMED,549121.0,549121|549121,"Shenzhen Senior Technology Material Co., Ltd.  - A Shares|Shenzhen Senior Technology Material Co., Ltd.  - H Shares",Equity,Equity Securities (Main Board),COMMON_EQUITY,500.0,CNE100007PF7,HKD,,False,False,False,False,True,True,False,False,FMDL5B1_20260720_d31e787a3ccd,f2025b4cb11bbd9b503899215e23b5cd35859f5544f930c6c8b9db9bb86d0756,23c3b5516c7c116d39d1dbf9414a06b9f3e66357be4645ea63fba68b6158c0bc,2026-08-06,32.0,0.128,-0.2088142525579838,,,,,-0.3267857062269229,0.5161290322580645,,0.8755062706612998,0.9169855330393338,0.745312439075598,,-0.1580645416000419,22937200.37202704,1.0,0.0,0.3623620978732718,7.539999961853027,HKD,7.539999961853027,2026-03-31,2026-06-23T09:30:00+08:00,HKD,GENERAL_NON_FINANCIAL,True,,0.0004252015399011,0.2516052371942722,0.0780884072892096,0.0102946131796064,,0.613467897341567,0.9578989412160206,0.01,,,GENERAL_NON_FINANCIAL,DEFAULT_GENERAL_NON_FINANCIAL,False,0.0,0.0,0.0,7.539999961853027,0.0013262599536595,753.9999961853027,0.0482866043613707,,,,,0.4968944099378882,0.9107981220657276,,0.1009316770186335,0.0860719874804381,0.0372670807453416,,0.1298904538341158,0.2888198757763975,0.5117370892018779,0.0357142857142857,,0.2109227871939736,0.3923357664233576,0.4251824817518248,0.2390510948905109,,0.2787193973634652,0.1660377358490566,,,0.0155555555555555,0.1777950310559006,2026-08-06,REVIEW_ONLY,WATCH_GATE_FAIL,VALID_WITH_CONTROLLED_NULLS,B,NONE,both,FMDL5E_NOT_INVESTABLE,False,2026-08-07,FRESH_OFFICIAL,2026-08-06,1,CURRENT,False
06078,BUY_ELIGIBLE,BUY_ELIGIBLE,BUY_ELIGIBLE_BOTH,True,False,2026-08-07,06078,HKEX:06078,HKEX-ISSUER:4b23377994b11759,HYGEIA HEALTH,"Hygeia Healthcare Holdings Co., Ltd.",CONFIRMED,HKEX_DI_STOCK_CODE_CONFIRMED,287882.0,287882,"Hygeia Healthcare Holdings Co., Ltd.",Equity,Equity Securities (Main Board),COMMON_EQUITY,200.0,KYG4712E1035,HKD,,False,False,False,False,False,False,False,False,FMDL5B1_20260720_d31e787a3ccd,f2025b4cb11bbd9b503899215e23b5cd35859f5544f930c6c8b9db9bb86d0756,79328d446283a5bfe31f2f162640d7bdcf3633dcf4b65f9fac9392b01cd8387c,2026-08-06,880.0,1.0,0.0109603858817177,-0.1908938844141974,-0.2915142380714319,-0.4613459028813694,-0.4671857526357585,-0.4336257190899382,0.4,0.3333333333333333,0.3105110939796141,0.3794622116723811,0.2282341238618467,-0.4372413898336476,-0.0554323696923586,16950702.57898269,1.0,0.0,0.5581191802236102,9.6850004196167,HKD,9.6850004196167,2025-12-31,2026-04-29T09:30:00+08:00,HKD,GENERAL_NON_FINANCIAL,True,,0.0154268140543164,0.2553052859286695,0.0981395578562533,0.0410408817331332,,0.3638447184451254,1.0110420881657312,0.27,-0.0983527210241739,-0.7249929378649118,GENERAL_NON_FINANCIAL,DEFAULT_GENERAL_NON_FINANCIAL,False,0.0,0.0,0.0,9.6850004196167,0.0278781608984881,35.870371924506294,0.308411214953271,0.3317610062893081,0.2684887459807074,0.1314387211367673,0.127886323268206,0.3400621118012422,0.3356807511737089,0.2484076433121019,0.6288819875776398,0.564945226917058,0.532608695652174,0.3249607535321821,0.730829420970266,0.2282608695652173,0.5117370892018779,0.1133540372670807,,0.4915254237288136,0.3978102189781022,0.4835766423357664,0.3941605839416058,,0.6591337099811676,0.1981132075471698,0.1471215351812366,0.0217983651226158,0.3911111111111111,0.1777950310559006,2026-08-06,ELIGIBLE_CORE,PASS_CORE,VALID,A,NONE,both,LOW_20D_TURNOVER,False,2026-08-07,FRESH_OFFICIAL,2026-08-06,1,CURRENT,False
06082,BUY_ELIGIBLE,BUY_ELIGIBLE,BUY_ELIGIBLE_BOTH,True,False,2026-08-07,06082,HKEX:06082,HKEX-ISSUER:2182b437ddca6ecc,BIREN TECH,"Shanghai Biren Technology Co., Ltd.  - H Shares",CONFIRMED,HKEX_DI_STOCK_CODE_CONFIRMED,528197.0,528197|528197,"Shanghai Biren Technology Co., Ltd.  - Domestic Shares|Shanghai Biren Technology Co., Ltd.  - H Shares",Equity,Equity Securities (Main Board),COMMON_EQUITY,200.0,CNE100007DD8,HKD,,False,False,False,False,True,False,False,False,FMDL5B1_20260720_d31e787a3ccd,f2025b4cb11bbd9b503899215e23b5cd35859f5544f930c6c8b9db9bb86d0756,b9ec2df3b8423ac84ea7b1483f04c2c6dc748efbf0fc9c2c2daee8bb7928c607,2026-08-06,145.0,0.58,-0.224866691049213,-0.332508837494566,0.1813633308343367,,,-0.4444117826573989,0.45,0.5714285714285714,1.150766392300897,1.1256058463010536,0.7335078732944526,-0.587647045359892,-0.2104575311690993,756031342.4160292,1.0,0.0,1.1903877390433757,37.77999877929688,HKD,37.77999877929688,2025-12-31,2026-04-23T09:30:00+08:00,HKD,GENERAL_NON_FINANCIAL,True,,-2.787011228292045,0.5383669658442666,-1.0069968123377415,-15.941237988273889,,5.029142831168037,4.73962653889872,-8.72,,,GENERAL_NON_FINANCIAL,DEFAULT_GENERAL_NON_FINANCIAL,False,0.0,0.0,0.0,37.77999877929688,,,0.0420560747663551,0.1226415094339622,0.9292604501607716,,,0.3167701863354037,0.6549295774647887,0.7738853503184714,0.0419254658385093,0.0438184663536776,0.0434782608695652,0.1114599686028257,0.056338028169014,0.9254658385093169,0.5117370892018779,0.908385093167702,,0.0018832391713747,0.7536496350364964,0.0328467153284671,0.0018248175182481,,0.0018832391713747,0.9,,,,0.1777950310559006,2026-08-06,REVIEW_ONLY,WATCH_GATE_FAIL,VALID_WITH_CONTROLLED_NULLS,B,NONE,both,FMDL5E_NOT_INVESTABLE,False,2026-08-07,FRESH_OFFICIAL,2026-08-06,1,CURRENT,False
06086,UNKNOWN_BLOCKED,SELL_ONLY,SELL_ONLY,False,True,2026-08-07,06086,HKEX:06086,,,,,,,,,,,,,,,,,,,,,,,,,,,,,,,,,,,,,,,,,,,,,,,,,,,,,,,,,,,,,,,,,,,,,,,,,,,,,,,,,,,,,,,,,,,,,,,,,,,,,,,,,,,,NONE,left_only,MISSING_FMDL5E_COVERAGE|NOT_SOUTHBOUND_BUY_ELIGIBLE|FMDL5E_NOT_INVESTABLE|NON_COMMON_EQUITY|LOW_20D_TURNOVER|LOW_ACTIVE_TRADE_RATIO|EXCESS_ZERO_VOLUME_DAYS|MISSING_VALID_PRICE|FINANCIAL_EVIDENCE_INCOMPLETE,False,2026-08-07,FRESH_OFFICIAL,2026-08-06,1,CURRENT,False
06168,BUY_ELIGIBLE,BUY_ELIGIBLE,BUY_ELIGIBLE_BOTH,True,False,2026-08-07,06168,HKEX:06168,HKEX-ISSUER:ca2919ac5eda9efe,ZHOU LIU FU,"Zhou Liu Fu Jewellery Co., Ltd.  - H Shares",CONFIRMED,HKEX_DI_STOCK_CODE_CONFIRMED,505930.0,505930|505930,"Zhou Liu Fu Jewellery Co., Ltd.  - H Shares|Zhou Liu Fu Jewellery Co., Ltd.  - Others",Equity,Equity Securities (Main Board),COMMON_EQUITY,100.0,CNE100006Z38,HKD,,False,False,False,False,True,False,False,False,FMDL5B1_20260720_d31e787a3ccd,f2025b4cb11bbd9b503899215e23b5cd35859f5544f930c6c8b9db9bb86d0756,38b86fec76f9c239a7ce2be971b1c307f4366ae0acd58a31053069169f844c08,2026-08-06,274.0,1.0,-0.0844444396003843,-0.2409843567279643,-0.3821158789608849,-0.6029514607364708,-0.5663304812542146,-0.7236015841089556,0.45,0.1666666666666666,0.5390012437055559,0.4678295668870897,0.299347307721519,-0.3866656881141314,-0.0730815958397962,8899499.994688034,1.0,0.0,0.4801428724513891,14.420000076293944,HKD,14.420000076293944,2025-12-31,2026-04-27T09:30:00+08:00,HKD,GENERAL_NON_FINANCIAL,True,,0.1332003685984422,0.274970840521434,0.1654535809382281,0.1320289769372306,,0.2640554094276885,3.5247561759445563,1.88,0.0203036097929503,0.0905888615795851,GENERAL_NON_FINANCIAL,DEFAULT_GENERAL_NON_FINANCIAL,False,1.01,2.0,0.0700416085059812,14.420000076293944,0.1303744791992521,7.670212806539333,0.1230529595015576,0.2374213836477987,0.1527331189710611,0.0479573712255772,0.0603907637655417,0.0527950310559006,0.6549295774647887,0.0310509554140127,0.3183229813664596,0.4397496087636933,0.3524844720496894,0.4301412872841444,0.5289514866979655,0.1133540372670807,0.5117370892018779,0.0760869565217391,,0.9378531073446328,0.4288321167883211,0.6824817518248175,0.7299270072992701,,0.7984934086629002,0.8339622641509434,0.4093816631130064,0.555858310626703,0.9222222222222224,0.9130434782608696,2026-08-06,ELIGIBLE_CORE,PASS_CORE,VALID,A,NONE,both,LOW_20D_TURNOVER,False,2026-08-07,FRESH_OFFICIAL,2026-08-06,1,CURRENT,False
06178,BUY_ELIGIBLE,BUY_ELIGIBLE,BUY_ELIGIBLE_BOTH,True,False,2026-08-07,06178,HKEX:06178,HKEX-ISSUER:f49b6b2f3b87523a,EB SECURITIES,Everbright Securities Co. Ltd.  - H Shares,CONFIRMED,HKEX_DI_STOCK_CODE_CONFIRMED,141449.0,141449|141449,Everbright Securities Co. Ltd.  - A Shares|Everbright Securities Co. Ltd.  - H Shares,Equity,Equity Securities (Main Board),COMMON_EQUITY,200.0,CNE1000029M4,HKD,,False,False,False,False,True,True,False,False,FMDL5B1_20260720_d31e787a3ccd,f2025b4cb11bbd9b503899215e23b5cd35859f5544f930c6c8b9db9bb86d0756,571cf8216502928d3428110c31d83cf94a4db4fa9bd68661b29ee8c939a1dc2b,2026-08-06,880.0,1.0,0.0191561308283461,-0.0853103978310007,-0.1454068848961784,-0.295616384931038,-0.3088560292558359,-0.3493455734565325,0.45,0.25,0.2022776472459521,0.2557541171272613,0.1552015316597848,-0.2096070584095074,-0.0426065654030937,12184996.52134056,1.0,0.0,0.7184167035489956,7.465000152587891,HKD,7.465000152587891,2026-03-31,2026-04-30T09:30:00+08:00,HKD,SECURITIES_AND_BROKERAGE,True,0.0153279190559707,0.0035505452311954,,,,,0.7683609093817333,1.1022689471969294,0.23,,0.4234494978328158,GENERAL_NON_FINANCIAL,OFFICIAL_NAME_SECURITIES,True,0.319933,2.0,0.0428577352257774,7.465000152587891,0.0308104481311049,32.45652240255605,0.3489096573208722,0.5943396226415094,0.522508038585209,0.2735346358792184,0.300177619893428,0.4658385093167702,0.6549295774647887,0.1035031847133758,0.908385093167702,0.8419405320813772,0.7950310559006211,0.8163265306122449,0.8857589984350548,0.1645962732919254,0.5117370892018779,0.3059006211180124,0.2307692307692307,0.4615384615384615,,,,,0.9230769230769232,0.7692307692307693,,0.6428571428571429,0.5,0.6692546583850931,2026-08-06,ELIGIBLE_CORE,PASS_CORE,VALID,A,NONE,both,LOW_20D_TURNOVER,False,2026-08-07,FRESH_OFFICIAL,2026-08-06,1,CURRENT,False
06185,BUY_ELIGIBLE,BUY_ELIGIBLE,BUY_ELIGIBLE_BOTH,True,False,2026-08-07,06185,HKEX:06185,HKEX-ISSUER:6e9b02957081567c,CANSINOBIO,CanSino Biologics Inc.  - H Shares,CONFIRMED,HKEX_DI_STOCK_CODE_CONFIRMED,237224.0,237224|237224|237224|237224,CanSino Biologics Inc.  - A Shares|CanSino Biologics Inc.  - Domestic Shares|CanSino Biologics Inc.  - H Shares|CanSino Biologics Inc.  - Others,Equity,Equity Securities (Main Board),COMMON_EQUITY,200.0,CNE100003F01,HKD,,False,False,False,False,True,True,False,False,FMDL5B1_20260720_d31e787a3ccd,f2025b4cb11bbd9b503899215e23b5cd35859f5544f930c6c8b9db9bb86d0756,1c1cff00d3159ab158d29161290104d9ad968edcb512b79635cf1e14bf3ee64d,2026-08-06,880.0,1.0,0.025869755652647,-0.2434210431377642,-0.3286631311495434,-0.4978165855210581,-0.5104803395247204,-0.5855855855855856,0.4333333333333333,0.3333333333333333,0.4168298370722898,0.4126402026974061,0.2411762546987701,-0.4092446630524524,-0.0727417930266054,12310544.169754889,1.0,0.0,0.6324052901095392,23.0,HKD,23.0,2026-03-31,2026-04-29T09:30:00+08:00,HKD,GENERAL_NON_FINANCIAL,True,,-0.0057822959420982,0.8094294921860127,-0.1320317408839574,-0.2124414081413005,,0.295403081623085,4.107333188666154,-0.16,0.3873110864753086,,GENERAL_NON_FINANCIAL,DEFAULT_GENERAL_NON_FINANCIAL,False,0.0,0.0,0.0,23.0,,,0.3878504672897196,0.2342767295597484,0.2186495176848874,0.1065719360568383,0.103019538188277,0.1195652173913043,0.5461658841940532,0.2484076433121019,0.453416149068323,0.513302034428795,0.4875776397515527,0.3830455259026687,0.5352112676056338,0.1661490683229813,0.5117370892018779,0.1909937888198757,,0.1789077212806026,0.9288321167883212,0.0985401459854014,0.0985401459854014,,0.7457627118644068,0.8811320754716981,0.9040511727078892,,,0.1777950310559006,2026-08-06,ELIGIBLE_CORE,PASS_CORE,VALID,A,NONE,both,LOW_20D_TURNOVER,False,2026-08-07,FRESH_OFFICIAL,2026-08-06,1,CURRENT,False
06196,BUY_ELIGIBLE,BUY_ELIGIBLE,BUY_ELIGIBLE_BOTH,True,False,2026-08-07,06196,HKEX:06196,HKEX-ISSUER:fd815992144ef7b0,BANKOFZHENGZHOU,"Bank of Zhengzhou Co., Ltd.  - H Shares",CONFIRMED,HKEX_DI_STOCK_CODE_CONFIRMED,132287.0,132287|132287|132287,"Bank of Zhengzhou Co., Ltd.  - A Shares|Bank of Zhengzhou Co., Ltd.  - Domestic Shares|Bank of Zhengzhou Co., Ltd.  - H Shares",Equity,Equity Securities (Main Board),COMMON_EQUITY,1000.0,CNE1000023P0,HKD,,False,False,False,False,True,True,False,False,FMDL5B1_20260720_d31e787a3ccd,f2025b4cb11bbd9b503899215e23b5cd35859f5544f930c6c8b9db9bb86d0756,84f97b2485ff6ebfa308943ef2ce9e26c3cc38b00859c4a7395e92a07dfa5e24,2026-08-06,880.0,1.0,0.0588234716633215,-0.1509433728853283,-0.2035398407469379,-0.3283582434778509,-0.3656716397993548,-0.3750000413921127,0.3333333333333333,0.0833333333333333,0.233541371566253,0.244267857579914,0.1211749115185886,-0.2695652250531491,-0.0535714836905194,6334205.511703158,1.0,0.0,0.7920703866990291,0.8999999761581421,HKD,0.8999999761581421,2026-03-31,2026-04-29T09:30:00+08:00,HKD,BANK,True,0.0184473638028291,0.0013658011737396,,,,,0.925962257353532,,0.12,,0.0536702274833078,BANK,OFFICIAL_NAME_BANK,False,0.0,0.0,0.0,0.8999999761581421,0.1333333368654605,7.49999980131785,0.6074766355140186,0.4308176100628931,0.3971061093247588,0.2380106571936056,0.2255772646536412,0.4316770186335403,0.0821596244131455,0.0047770700636942,0.8291925465838509,0.8748043818466353,0.9192546583850932,0.6703296703296703,0.7527386541471048,0.0916149068322981,0.5117370892018779,0.4363354037267081,0.1363636363636363,0.0909090909090909,,,,,0.3636363636363636,,,0.7272727272727273,0.9545454545454546,0.1777950310559006,2026-08-06,ELIGIBLE_CORE,PASS_CORE,VALID,A,NONE,both,LOW_20D_TURNOVER,False,2026-08-07,FRESH_OFFICIAL,2026-08-06,1,CURRENT,False
06198,BUY_ELIGIBLE,BUY_ELIGIBLE,BUY_ELIGIBLE_BOTH,True,False,2026-08-07,06198,HKEX:06198,HKEX-ISSUER:1057e7b717272e53,QINGDAO PORT,"Qingdao Port International Co., Ltd.  - H Shares",CONFIRMED,HKEX_DI_STOCK_CODE_CONFIRMED,104966.0,104966|104966,"Qingdao Port International Co., Ltd.  - A Shares|Qingdao Port International Co., Ltd.  - H Shares",Equity,Equity Securities (Main Board),COMMON_EQUITY,1000.0,CNE100001SG2,HKD,,False,False,False,False,True,True,False,False,FMDL5B1_20260720_d31e787a3ccd,f2025b4cb11bbd9b503899215e23b5cd35859f5544f930c6c8b9db9bb86d0756,84be0fd12257a9c1184f3b2cc6ed5b2f661942c6ebd921ef4529b3316812c740,2026-08-06,880.0,1.0,0.0889235858393198,-0.0504814949207861,-0.0615942444751801,0.1081515310124672,0.0176577543394167,-0.0922841941803731,0.5,0.5833333333333334,0.2127045866381744,0.24582750052428,0.1409810264241729,-0.1820154200032915,-0.0389936926737063,19076478.34445734,1.0,0.0,0.6830582259178456,6.980000019073486,HKD,6.980000019073486,2026-03-31,2026-04-30T09:30:00+08:00,HKD,GENERAL_NON_FINANCIAL,True,,0.0200600244288892,0.4177405290151784,0.3806137946518965,0.2666894339499545,,0.2450971927048949,2.4136897482751336,0.21,0.0721350240259475,-0.0199843425815933,GENERAL_NON_FINANCIAL,DEFAULT_GENERAL_NON_FINANCIAL,False,0.38921,2.0,0.055760744833302,6.980000019073486,0.0300859598031741,33.23809532892137,0.7616822429906542,0.6871069182389937,0.6961414790996785,0.7637655417406749,0.7406749555950266,0.8881987577639752,0.8802816901408451,0.8343949044585988,0.8850931677018633,0.8716744913928013,0.84472049689441,0.8869701726844584,0.918622848200313,0.2593167701863354,0.5117370892018779,0.2546583850931677,,0.5423728813559322,0.6532846715328468,0.9051094890510948,0.8978102189781022,,0.8286252354048964,0.730188679245283,0.5650319829424307,0.4005449591280653,0.42,0.8012422360248447,2026-08-06,ELIGIBLE_CORE,PASS_CORE,VALID,A,NONE,both,LOW_20D_TURNOVER,False,2026-08-07,FRESH_OFFICIAL,2026-08-06,1,CURRENT,False
06600,BUY_ELIGIBLE,BUY_ELIGIBLE,BUY_ELIGIBLE_BOTH,True,False,2026-08-07,06600,HKEX:06600,HKEX-ISSUER:e853a5683334121f,ONEROBOTICS,"OneRobotics (Shenzhen) Co., Ltd.  - H Shares",CONFIRMED,HKEX_DI_STOCK_CODE_CONFIRMED,528001.0,528001,"OneRobotics (Shenzhen) Co., Ltd.  - H Shares",Equity,Equity Securities (Main Board),COMMON_EQUITY,100.0,CNE100007DF3,HKD,,False,False,False,False,True,False,False,False,FMDL5B1_20260720_d31e787a3ccd,f2025b4cb11bbd9b503899215e23b5cd35859f5544f930c6c8b9db9bb86d0756,5a5562b9f1f905c0bad8128e3ea75f526ac5d5d7ad49a35447af3f041429c6be,2026-08-06,147.0,0.588,0.0124999775606042,-0.39605264496385,-0.5675251269225523,,,-0.6508620713001749,0.3833333333333333,0.5,0.6841917995608505,0.7767999788064008,0.5111761875416517,-0.725659232701102,-0.1723338212844316,20824353.740322687,1.0,0.0,0.7037392486038021,68.8499984741211,HKD,68.8499984741211,2025-12-31,2026-05-11T09:30:00+08:00,HKD,GENERAL_NON_FINANCIAL,True,,-0.0113946168793267,0.5403582215510349,-0.0296782002309674,-0.02740072843564,,0.234543661201782,5.578276762116345,-0.14,,,GENERAL_NON_FINANCIAL,DEFAULT_GENERAL_NON_FINANCIAL,False,0.0,0.0,0.0,68.8499984741211,,,0.3161993769470405,0.0738993710691823,0.045016077170418,,,0.0807453416149068,0.2472613458528951,0.6632165605095541,0.1801242236024844,0.1408450704225352,0.1024844720496894,0.0392464678178963,0.0985915492957746,0.2779503105590062,0.5117370892018779,0.2872670807453416,,0.1581920903954802,0.7572992700729927,0.145985401459854,0.1697080291970802,,0.8380414312617702,0.9264150943396228,,,,0.1777950310559006,2026-08-06,REVIEW_ONLY,WATCH_GATE_FAIL,VALID_WITH_CONTROLLED_NULLS,B,NONE,both,FMDL5E_NOT_INVESTABLE,False,2026-08-07,FRESH_OFFICIAL,2026-08-06,1,CURRENT,False
06603,BUY_ELIGIBLE,BUY_ELIGIBLE,BUY_ELIGIBLE_BOTH,True,False,2026-08-07,06603,HKEX:06603,HKEX-ISSUER:544589b0c1553815,IFBH,IFBH Ltd.,CONFIRMED,HKEX_DI_STOCK_CODE_CONFIRMED,506207.0,506207,IFBH Ltd.,Equity,Equity Securities (Main Board),COMMON_EQUITY,200.0,SGXZ26193953,HKD,,False,False,False,False,False,False,False,False,FMDL5B1_20260720_d31e787a3ccd,f2025b4cb11bbd9b503899215e23b5cd35859f5544f930c6c8b9db9bb86d0756,39a52257f6126b252c99444808f647b51a95ddf6b91fa6d5c0d0c13b96582329,2026-08-06,272.0,1.0,-0.1859375061700119,-0.4902152737749741,-0.6612795012778867,-0.8594059209740712,-0.8272932605401533,-0.8700728789254152,0.3833333333333333,0.1666666666666666,0.8013218964242144,0.6969250126513997,0.4842439614636937,-0.6634527837528514,-0.1542207520774928,17767453.68950653,1.0,0.0,0.8889402170280297,5.210000038146973,HKD,5.210000038146973,2025-12-31,2026-03-30T09:30:00+08:00,HKD,GENERAL_NON_FINANCIAL,True,,0.1137700314306701,0.3288227257524135,0.1430903803309542,0.1290710264797419,,0.1463649855338966,6.877101534395419,0.6536784,0.094098956344311,-0.3317776771382028,GENERAL_NON_FINANCIAL,DEFAULT_GENERAL_NON_FINANCIAL,False,0.2039544,1.0,0.0391467175636605,5.210000038146973,0.1254661027281857,7.970280245066952,0.0591900311526479,0.0361635220125786,0.0337620578778135,0.0142095914742451,0.0142095914742451,0.0248447204968944,0.2472613458528951,0.0310509554140127,0.1164596273291925,0.1830985915492957,0.1133540372670807,0.0612244897959183,0.1345852895148669,0.2422360248447205,0.5117370892018779,0.6086956521739131,,0.9246704331450094,0.5036496350364964,0.6186131386861314,0.7226277372262774,,0.9453860640301318,0.9566037735849056,0.6268656716417911,0.1198910081743869,0.9155555555555556,0.639751552795031,2026-08-06,ELIGIBLE_CORE,PASS_CORE,VALID,A,NONE,both,LOW_20D_TURNOVER,False,2026-08-07,FRESH_OFFICIAL,2026-08-06,1,CURRENT,False
06616,UNKNOWN_BLOCKED,SELL_ONLY,SELL_ONLY,False,True,2026-08-07,06616,HKEX:06616,,,,,,,,,,,,,,,,,,,,,,,,,,,,,,,,,,,,,,,,,,,,,,,,,,,,,,,,,,,,,,,,,,,,,,,,,,,,,,,,,,,,,,,,,,,,,,,,,,,,,,,,,,,,NONE,left_only,MISSING_FMDL5E_COVERAGE|NOT_SOUTHBOUND_BUY_ELIGIBLE|FMDL5E_NOT_INVESTABLE|NON_COMMON_EQUITY|LOW_20D_TURNOVER|LOW_ACTIVE_TRADE_RATIO|EXCESS_ZERO_VOLUME_DAYS|MISSING_VALID_PRICE|FINANCIAL_EVIDENCE_INCOMPLETE,False,2026-08-07,FRESH_OFFICIAL,2026-08-06,1,CURRENT,False
06651,BUY_ELIGIBLE,BUY_ELIGIBLE,BUY_ELIGIBLE_BOTH,True,False,2026-08-07,06651,HKEX:06651,HKEX-ISSUER:1f32e63a6af6f6b4,51WORLD,"Beijing 51WORLD Digital Twin Technology Co., Ltd.  - H Shares",CONFIRMED,HKEX_DI_STOCK_CODE_CONFIRMED,527997.0,527997|527997,"Beijing 51WORLD Digital Twin Technology Co., Ltd.  - Domestic Shares|Beijing 51WORLD Digital Twin Technology Co., Ltd.  - H Shares",Equity,Equity Securities (Main Board),COMMON_EQUITY,200.0,CNE100007CX8,HKD,,False,False,False,False,True,False,False,False,FMDL5B1_20260720_d31e787a3ccd,f2025b4cb11bbd9b503899215e23b5cd35859f5544f930c6c8b9db9bb86d0756,5dda502a7b4fc136bedc1f5ad6737870a8f6f836bd340b27ca1f816d62830156,2026-08-06,147.0,0.588,-0.1146580202183428,0.332352881338082,-0.0891421134302812,,,-0.5281250211927626,0.5166666666666667,0.5,1.2567994734423262,1.6867328081305075,0.7412751479314516,-0.6409722169240315,-0.1732933651512846,261229652.41807824,1.0,0.0,0.4689450970640346,67.94999694824219,HKD,67.94999694824219,2025-12-31,2026-04-27T09:30:00+08:00,HKD,GENERAL_NON_FINANCIAL,True,,-0.1375827145660861,0.2995448023211343,-0.515437326209667,-0.5229022230784935,,0.4465398717120345,2.0126974337425745,-0.48,,,GENERAL_NON_FINANCIAL,DEFAULT_GENERAL_NON_FINANCIAL,False,0.0,0.0,0.0,67.94999694824219,,,0.0965732087227414,0.9921383647798742,0.6302250803858521,,,0.1832298136645962,0.9303599374021908,0.6632165605095541,0.0326086956521739,0.0140845070422535,0.0388198757763975,0.0722135007849293,0.0970266040688575,0.796583850931677,0.5117370892018779,0.0745341614906832,,0.0621468926553672,0.4598540145985401,0.0547445255474452,0.0638686131386861,,0.5084745762711864,0.6396226415094339,,,,0.1777950310559006,2026-08-06,REVIEW_ONLY,WATCH_GATE_FAIL,VALID_WITH_CONTROLLED_NULLS,B,NONE,both,FMDL5E_NOT_INVESTABLE,False,2026-08-07,FRESH_OFFICIAL,2026-08-06,1,CURRENT,False
06683,BUY_ELIGIBLE,BUY_ELIGIBLE,BUY_ELIGIBLE_BOTH,True,False,2026-08-07,06683,HKEX:06683,HKEX-ISSUER:70855afb2b50d814,STARPLUS LEGEND,Star Plus Legend Holdings Ltd.,CONFIRMED,HKEX_DI_STOCK_CODE_CONFIRMED,439795.0,439795,Star Plus Legend Holdings Ltd.,Equity,Equity Securities (Main Board),COMMON_EQUITY,500.0,KYG8443S1093,HKD,,False,False,False,False,False,False,False,False,FMDL5B1_20260720_d31e787a3ccd,f2025b4cb11bbd9b503899215e23b5cd35859f5544f930c6c8b9db9bb86d0756,ad4c5781606057a6758257dd6507dcb72f4e362d253a5d63d53522465d69bdd1,2026-08-06,752.0,1.0,0.0551558788646107,-0.236111124908482,-0.2426850019446913,-0.6681749608281518,-0.6855203616655152,-0.6899224647300111,0.4,0.4166666666666667,0.4028439342434837,0.4292728002092738,0.2458298052785275,-0.6165703299428282,-0.1358974863713219,15974284.338731335,1.0,0.0,0.8652829589942591,4.400000095367432,HKD,4.400000095367432,2025-12-31,2026-04-29T09:30:00+08:00,HKD,GENERAL_NON_FINANCIAL,True,,-0.0193881031303624,0.3883635316706783,-0.1437241864019628,-0.0770168742339275,,0.1685173145177621,5.1167287894055455,-0.04,-0.1911491241588329,,GENERAL_NON_FINANCIAL,DEFAULT_GENERAL_NON_FINANCIAL,False,0.0,0.0,0.0,4.400000095367432,,,0.5887850467289719,0.2484276729559748,0.3311897106109325,0.0319715808170515,0.0230905861456483,0.0636645962732919,0.3356807511737089,0.447452229299363,0.4751552795031056,0.4898278560250391,0.4751552795031056,0.0879120879120879,0.1768388106416275,0.2080745341614907,0.5117370892018779,0.5543478260869565,,0.1318267419962335,0.6131386861313869,0.0930656934306569,0.1386861313868613,,0.911487758945386,0.909433962264151,0.0597014925373134,,,0.1777950310559006,2026-08-06,ELIGIBLE_CORE,PASS_CORE,VALID,A,NONE,both,LOW_20D_TURNOVER,False,2026-08-07,FRESH_OFFICIAL,2026-08-06,1,CURRENT,False
06687,BUY_ELIGIBLE,BUY_ELIGIBLE,BUY_ELIGIBLE_BOTH,True,False,2026-08-07,06687,HKEX:06687,HKEX-ISSUER:01b731816acf7762,JST GROUP,JST Group Corporation Ltd.,CONFIRMED,HKEX_DI_STOCK_CODE_CONFIRMED,519937.0,519937,JST Group Corporation Ltd.,Equity,Equity Securities (Main Board),COMMON_EQUITY,100.0,KYG8123S1066,HKD,,False,False,False,False,False,False,False,False,FMDL5B1_20260720_d31e787a3ccd,f2025b4cb11bbd9b503899215e23b5cd35859f5544f930c6c8b9db9bb86d0756,a8fe0227e09a090c6cf347ed794212e1b44a9747d00289801ef5bb9861d31732,2026-08-06,194.0,0.776,0.0693430527365894,-0.0361842235287142,-0.3340909264304421,,,-0.6134564900076073,0.45,0.4,0.4880844526963771,0.6379170736388606,0.3373908585069923,-0.5079365379716014,-0.0997279650431233,13550744.215647887,1.0,0.0,0.4147939287592641,14.649999618530272,HKD,14.649999618530272,2025-12-31,2026-04-28T09:30:00+08:00,HKD,GENERAL_NON_FINANCIAL,True,,-0.390983235931549,0.736129613906711,0.0451626738557686,-1.4486376009873343,,0.7114261293811314,2.0868481547113285,-7.27,,,GENERAL_NON_FINANCIAL,DEFAULT_GENERAL_NON_FINANCIAL,False,0.0,0.0,0.0,14.649999618530272,,,0.677570093457944,0.7327044025157232,0.2090032154340836,,,0.0947204968944099,0.6549295774647887,0.3455414012738853,0.3649068322981366,0.2316118935837245,0.2779503105590062,0.2072213500784929,0.325508607198748,0.1785714285714285,0.5117370892018779,0.0527950310559006,,0.0225988700564971,0.8959854014598541,0.2810218978102189,0.0346715328467153,,0.135593220338983,0.6641509433962264,,,,0.1777950310559006,2026-08-06,ELIGIBLE_WATCH,PASS_WATCH,VALID_WITH_CONTROLLED_NULLS,B,NONE,both,LOW_20D_TURNOVER,False,2026-08-07,FRESH_OFFICIAL,2026-08-06,1,CURRENT,False
06745,BUY_ELIGIBLE,BUY_ELIGIBLE,BUY_ELIGIBLE_BOTH,True,False,2026-08-07,06745,HKEX:06745,HKEX-ISSUER:aa954b4be9e5b1d6,BEFAR GROUP,"Befar Group Co., Ltd  - H Shares",CONFIRMED,HKEX_DI_STOCK_CODE_CONFIRMED,551548.0,551548,"Befar Group Co., Ltd  - H Shares",Equity,Equity Securities (Main Board),COMMON_EQUITY,1000.0,CNE100007R29,HKD,,False,False,False,False,True,False,False,False,FMDL5B1_20260720_d31e787a3ccd,f2025b4cb11bbd9b503899215e23b5cd35859f5544f930c6c8b9db9bb86d0756,d46f05ecc1f31c73977a3879dd0080382910e02a990906e2cd91f6ef825ca8b5,2026-08-06,20.0,0.08,,,,,,-0.0698924700171014,,,1.142664887145901,,0.5990590855327597,,,115664214.49848664,,0.0,1.0,3.4600000381469727,HKD,3.4600000381469727,2026-03-31,2026-07-10T09:30:00+08:00,HKD,GENERAL_NON_FINANCIAL,True,,0.0067517243592667,0.1291970869910379,0.0931515838453737,0.0419941966204568,,0.494645252677927,0.7518147471679301,0.09,,,GENERAL_NON_FINANCIAL,DEFAULT_GENERAL_NON_FINANCIAL,False,0.0,0.0,0.0,3.4600000381469727,0.0260115604068606,38.4444448682997,,,,,,0.9270186335403726,,,0.046583850931677,,0.0714285714285714,,,0.6614906832298136,,0.7725155279503105,,0.3465160075329567,0.156934306569343,0.4635036496350365,0.395985401459854,,0.4444444444444444,0.0962264150943396,,,0.3644444444444444,0.1777950310559006,2026-08-06,REVIEW_ONLY,WATCH_GATE_FAIL,PARTIAL_MARKET,C,NONE,both,FMDL5E_NOT_INVESTABLE|LOW_ACTIVE_TRADE_RATIO,False,2026-08-07,FRESH_OFFICIAL,2026-08-06,1,CURRENT,False
06808,BUY_ELIGIBLE,BUY_ELIGIBLE,BUY_ELIGIBLE_BOTH,True,False,2026-08-07,06808,HKEX:06808,HKEX-ISSUER:e298dfc2c2b84f6c,SUNART RETAIL,Sun Art Retail Group Ltd.,CONFIRMED,HKEX_DI_STOCK_CODE_CONFIRMED,62065.0,62065,Sun Art Retail Group Ltd.,Equity,Equity Securities (Main Board),COMMON_EQUITY,500.0,HK0000083920,HKD,,False,False,False,False,False,False,False,False,FMDL5B1_20260720_d31e787a3ccd,f2025b4cb11bbd9b503899215e23b5cd35859f5544f930c6c8b9db9bb86d0756,1bc9bf1c31f0dcc9eaa365a2839d8183e5fe49bff9f4e45d4276d69efb209853,2026-08-06,880.0,1.0,0.0518868582322566,-0.2016832313754355,-0.2795677821700517,-0.3773379124688687,-0.4080522228621213,-0.4278958584662017,0.3166666666666666,0.4166666666666667,0.4526304496371088,0.629395398213685,0.4406099725084177,-0.436872185003533,-0.104838705025652,11024643.74335047,1.0,0.0,0.504396305418725,1.1150000095367432,HKD,1.1150000095367432,2026-03-31,2026-07-20T09:30:00+08:00,HKD,GENERAL_NON_FINANCIAL,True,,,0.2423000535922575,0.0060842974685539,-0.0050282147473282,,,,-0.03,-0.1133441413237924,,GENERAL_NON_FINANCIAL,DEFAULT_GENERAL_NON_FINANCIAL,False,0.34,3.0,0.3049327328178788,1.1150000095367432,,,0.5607476635514018,0.3097484276729559,0.2861736334405145,0.1811722912966252,0.1758436944937833,0.3524844720496894,0.0500782472613458,0.447452229299363,0.4130434782608695,0.2394366197183098,0.139751552795031,0.3265306122448979,0.2942097026604069,0.1475155279503105,0.5117370892018779,0.0854037267080745,,,0.3795620437956204,0.1806569343065693,0.1897810218978102,,,,0.1087420042643923,,,0.998447204968944,2026-08-06,ELIGIBLE_CORE,PASS_CORE,VALID_WITH_CONTROLLED_NULLS,B,NONE,both,LOW_20D_TURNOVER,False,2026-08-07,FRESH_OFFICIAL,2026-08-06,1,CURRENT,False
06809,BUY_ELIGIBLE,BUY_ELIGIBLE,BUY_ELIGIBLE_BOTH,True,False,2026-08-07,06809,HKEX:06809,HKEX-ISSUER:bb7d6d66b3ba56ba,MONTAGE TECH,"Montage Technology Co., Ltd.  - H Shares",CONFIRMED,HKEX_DI_STOCK_CODE_CONFIRMED,533402.0,533402|533402,"Montage Technology Co., Ltd.  - A Shares|Montage Technology Co., Ltd.  - H Shares",Equity,Equity Securities (Main Board),COMMON_EQUITY,100.0,CNE100007DX6,HKD,,False,False,False,False,True,True,False,False,FMDL5B1_20260720_d31e787a3ccd,f2025b4cb11bbd9b503899215e23b5cd35859f5544f930c6c8b9db9bb86d0756,277e826beb914c2d5f3c4812a4b5b9353d19943481b31593a6497b3472086d53,2026-08-06,119.0,0.476,-0.3199582899914267,-0.3757530423875932,,,,-0.4784235898262799,0.45,0.5,1.4084411896896731,1.3024471897298269,0.8015350640903023,-0.5028037837435003,-0.2295353943557166,1717486829.008821,1.0,0.0,1.1577349136925583,261.0,HKD,261.0,2026-03-31,2026-04-28T09:30:00+08:00,HKD,GENERAL_NON_FINANCIAL,True,,0.0390846094436284,0.697882209522394,0.617565823227787,0.5801086237906482,,0.0417452018600501,24.664635805623423,0.73,,,GENERAL_NON_FINANCIAL,DEFAULT_GENERAL_NON_FINANCIAL,False,0.441,1.0,0.0016896551724137,261.0,0.0027969348659003,357.5342465753425,0.0186915887850467,0.0849056603773584,,,,0.2484472049689441,0.6549295774647887,0.6632165605095541,0.0217391304347826,0.0297339593114241,0.0263975155279503,0.2135007849293563,0.0422535211267605,0.9611801242236024,0.5117370892018779,0.8928571428571429,,0.704331450094162,0.8740875912408759,0.9854014598540146,0.9890510948905108,,0.992467043314501,0.9962264150943396,,,0.0333333333333333,0.3555900621118012,2026-08-06,REVIEW_ONLY,WATCH_GATE_FAIL,VALID_WITH_CONTROLLED_NULLS,B,NONE,both,FMDL5E_NOT_INVESTABLE,False,2026-08-07,FRESH_OFFICIAL,2026-08-06,1,CURRENT,False
06826,BUY_ELIGIBLE,BUY_ELIGIBLE,BUY_ELIGIBLE_BOTH,True,False,2026-08-07,06826,HKEX:06826,HKEX-ISSUER:5cfa016d582f81de,HAOHAI BIOTEC,"Shanghai Haohai Biological Technology Co., Ltd.  - H Shares",CONFIRMED,HKEX_DI_STOCK_CODE_CONFIRMED,119410.0,119410|119410|119410,"Shanghai Haohai Biological Technology Co., Ltd.  - A Shares|Shanghai Haohai Biological Technology Co., Ltd.  - Domestic Shares|Shanghai Haohai Biological Technology Co., Ltd.  - H Shares",Equity,Equity Securities (Main Board),COMMON_EQUITY,100.0,CNE100001W69,HKD,,False,False,False,False,True,True,False,False,FMDL5B1_20260720_d31e787a3ccd,f2025b4cb11bbd9b503899215e23b5cd35859f5544f930c6c8b9db9bb86d0756,407e3d26032f71b85a43a8c03ff85066689f3741dd947adb163201940f4643fe,2026-08-06,880.0,1.0,0.0245128468503332,-0.2587145920364176,-0.3653263990211082,-0.4079554701616524,-0.4221209312714096,-0.4295200151773857,0.3666666666666666,0.4166666666666667,0.2356412588831424,0.2840992285826805,0.1701886582360435,-0.4078760750494209,-0.039874894933775,2989040.33489666,1.0,0.0,0.9559318457126934,16.299999237060547,HKD,16.299999237060547,2026-03-31,2026-04-27T09:30:00+08:00,HKD,GENERAL_NON_FINANCIAL,True,,0.0110344210595993,0.6631823904220191,0.158559305473044,0.1287265255105373,,0.1598873119695097,3.731365275459672,0.32,-0.0761580806081206,-0.1855035664081831,GENERAL_NON_FINANCIAL,DEFAULT_GENERAL_NON_FINANCIAL,False,1.126709,2.0,0.0691232547691324,16.299999237060547,0.0196319027593836,50.93749761581421,0.3769470404984423,0.2075471698113207,0.1704180064308681,0.1651865008880994,0.1580817051509769,0.3493788819875776,0.1784037558685446,0.447452229299363,0.8245341614906833,0.7777777777777778,0.7375776397515528,0.3861852433281004,0.9076682316118936,0.0434782608695652,0.5117370892018779,0.7049689440993789,,0.4406779661016949,0.8558394160583942,0.6697080291970803,0.7208029197080292,,0.928436911487759,0.8471698113207548,0.1897654584221748,0.220708446866485,0.26,0.906832298136646,2026-08-06,ELIGIBLE_WATCH,PASS_WATCH,VALID,A,NONE,both,LOW_20D_TURNOVER,False,2026-08-07,FRESH_OFFICIAL,2026-08-06,1,CURRENT,False
06951,BUY_ELIGIBLE,BUY_ELIGIBLE,BUY_ELIGIBLE_BOTH,True,False,2026-08-07,06951,HKEX:06951,,,,,,,,,,,,,,,,,,,,,,,,,,,,,,,,,,,,,,,,,,,,,,,,,,,,,,,,,,,,,,,,,,,,,,,,,,,,,,,,,,,,,,,,,,,,,,,,,,,,,,,,,,,,NONE,left_only,MISSING_FMDL5E_COVERAGE|FMDL5E_NOT_INVESTABLE|NON_COMMON_EQUITY|LOW_20D_TURNOVER|LOW_ACTIVE_TRADE_RATIO|EXCESS_ZERO_VOLUME_DAYS|MISSING_VALID_PRICE|FINANCIAL_EVIDENCE_INCOMPLETE,False,2026-08-07,FRESH_OFFICIAL,2026-08-06,1,CURRENT,False
06993,BUY_ELIGIBLE,BUY_ELIGIBLE,BUY_ELIGIBLE_BOTH,True,False,2026-08-07,06993,HKEX:06993,HKEX-ISSUER:df33d1b19d966334,BLUE MOON GROUP,Blue Moon Group Holdings Ltd.,CONFIRMED,HKEX_DI_STOCK_CODE_CONFIRMED,312512.0,312512,Blue Moon Group Holdings Ltd.,Equity,Equity Securities (Main Board),COMMON_EQUITY,500.0,KYG1193D1097,HKD,,False,False,False,False,False,False,False,False,FMDL5B1_20260720_d31e787a3ccd,f2025b4cb11bbd9b503899215e23b5cd35859f5544f930c6c8b9db9bb86d0756,5d78adf874ffac7c0832e15926507aed7f654de4f45d514e5f9830f389e48a6f,2026-08-06,880.0,1.0,0.1319443961536461,0.0650321318314461,0.2019648732816632,-0.1051536629101713,-0.2094608709310087,-0.0933793783694684,0.4166666666666667,0.6666666666666666,0.3008254368299241,0.2951964849976388,0.1489296252988653,-0.1525424181344481,-0.06137188029089,4009916.977894449,1.0,0.0,0.5347850037960227,3.259999990463257,HKD,3.259999990463257,2025-12-31,2026-04-27T09:30:00+08:00,HKD,GENERAL_NON_FINANCIAL,True,,-0.0351925978208456,0.59709883955247,-0.0422246114865527,-0.0391171936532566,,0.19572086392851,4.163361657880707,-0.056270606,-0.0413655484625166,,GENERAL_NON_FINANCIAL,DEFAULT_GENERAL_NON_FINANCIAL,False,0.18,2.0,0.0552147240879044,3.259999990463257,,,0.8707165109034268,0.8977987421383647,0.9372990353697748,0.5079928952042628,0.4191829484902309,0.8866459627329193,0.4405320813771518,0.9363057324840764,0.656832298136646,0.7480438184663537,0.8198757763975155,0.9403453689167977,0.6604068857589984,0.0605590062111801,0.5117370892018779,0.0978260869565217,,0.103578154425612,0.801094890510949,0.1386861313868613,0.1605839416058394,,0.8813559322033898,0.8849056603773585,0.2622601279317697,,,0.7934782608695652,2026-08-06,ELIGIBLE_WATCH,PASS_WATCH,VALID,A,NONE,both,LOW_20D_TURNOVER,False,2026-08-07,FRESH_OFFICIAL,2026-08-06,1,CURRENT,False
09611,BUY_ELIGIBLE,BUY_ELIGIBLE,BUY_ELIGIBLE_BOTH,True,False,2026-08-07,09611,HKEX:09611,HKEX-ISSUER:6c0d8d2820d249bd,LONGCHEER,"Shanghai Longcheer Technology Co., Ltd.  - H Shares",CONFIRMED,HKEX_DI_STOCK_CODE_CONFIRMED,530826.0,530826|530826,"Shanghai Longcheer Technology Co., Ltd.  - A Shares|Shanghai Longcheer Technology Co., Ltd.  - H Shares",Equity,Equity Securities (Main Board),COMMON_EQUITY,100.0,CNE100007DW8,HKD,,False,False,False,False,True,True,False,False,FMDL5B1_20260720_d31e787a3ccd,f2025b4cb11bbd9b503899215e23b5cd35859f5544f930c6c8b9db9bb86d0756,7f142012d6b7d821e5eb80057a019d81aa45959a30476e77033093bc66cb09b3,2026-08-06,131.0,0.524,-0.0578084613868054,-0.1305141838316923,-0.2557201508547214,,,-0.3044113048099313,0.4,0.4285714285714285,0.4424731598750558,0.6155984464916944,0.347989554491054,-0.3204708469651712,-0.0821613898387307,9726820.234937668,1.0,0.0,0.5540665729819446,21.84000015258789,HKD,21.84000015258789,2026-03-31,2026-04-29T09:30:00+08:00,HKD,GENERAL_NON_FINANCIAL,True,,0.0006016426190846,0.0958797034154167,0.0076205914032287,0.0020371621881958,,0.7183918957457514,1.148263949817227,0.03,,,GENERAL_NON_FINANCIAL,DEFAULT_GENERAL_NON_FINANCIAL,False,0.57133,1.0,0.0261597983520298,21.84000015258789,0.0013736263640293,728.0000050862631,0.1495327102803738,0.4874213836477987,0.3135048231511254,,,0.532608695652174,0.3356807511737089,0.5517515923566879,0.4254658385093168,0.2472613458528951,0.2624223602484472,0.5620094191522763,0.4491392801251956,0.124223602484472,0.5117370892018779,0.1102484472049689,,0.2165725047080979,0.0930656934306569,0.1824817518248175,0.2043795620437956,,0.128060263653484,0.2962264150943396,,,0.0177777777777777,0.5419254658385093,2026-08-06,REVIEW_ONLY,WATCH_GATE_FAIL,VALID_WITH_CONTROLLED_NULLS,B,NONE,both,FMDL5E_NOT_INVESTABLE|LOW_20D_TURNOVER,False,2026-08-07,FRESH_OFFICIAL,2026-08-06,1,CURRENT,False
09630,BUY_ELIGIBLE,BUY_ELIGIBLE,BUY_ELIGIBLE_BOTH,True,False,2026-08-07,09630,HKEX:09630,,,,,,,,,,,,,,,,,,,,,,,,,,,,,,,,,,,,,,,,,,,,,,,,,,,,,,,,,,,,,,,,,,,,,,,,,,,,,,,,,,,,,,,,,,,,,,,,,,,,,,,,,,,,NONE,left_only,MISSING_FMDL5E_COVERAGE|FMDL5E_NOT_INVESTABLE|NON_COMMON_EQUITY|LOW_20D_TURNOVER|LOW_ACTIVE_TRADE_RATIO|EXCESS_ZERO_VOLUME_DAYS|MISSING_VALID_PRICE|FINANCIAL_EVIDENCE_INCOMPLETE,False,2026-08-07,FRESH_OFFICIAL,2026-08-06,1,CURRENT,False
09658,BUY_ELIGIBLE,BUY_ELIGIBLE,BUY_ELIGIBLE_BOTH,True,False,2026-08-07,09658,HKEX:09658,HKEX-ISSUER:662bedb98dae831e,SUPER HI,SUPER HI INTERNATIONAL HOLDING LTD.,CONFIRMED,HKEX_DI_STOCK_CODE_CONFIRMED,422329.0,422329,SUPER HI INTERNATIONAL HOLDING LTD.,Equity,Equity Securities (Main Board),COMMON_EQUITY,1000.0,KYG8588S1049,HKD,,False,False,False,False,False,False,False,False,FMDL5B1_20260720_d31e787a3ccd,f2025b4cb11bbd9b503899215e23b5cd35859f5544f930c6c8b9db9bb86d0756,bf0e57d92f496e61f07fae2b14dae0d5d78d5311410b562f4dae8cd0220e8580,2026-08-06,880.0,1.0,0.0694586626992257,-0.0233208949414784,-0.2133734081933016,-0.3496894398164586,-0.3919254826154653,-0.3681351563151083,0.5,0.3333333333333333,0.3081582627181107,0.3716679839560933,0.2334120548211391,-0.3350253733385994,-0.048672582429319,1992100.6856606484,1.0,0.0,0.3393382339860025,10.470000267028809,HKD,10.470000267028809,2026-03-31,2026-05-21T09:30:00+08:00,HKD,GENERAL_NON_FINANCIAL,True,,0.0055074119070002,0.6610675129577254,0.0530348298344155,0.0180987664157006,,0.4617996535812319,2.54483391073976,0.069194,0.1011134262648369,-0.6698293849904686,GENERAL_NON_FINANCIAL,DEFAULT_GENERAL_NON_FINANCIAL,False,0.0,0.0,0.0,10.470000267028809,0.0066087868419544,151.31370157858785,0.6791277258566978,0.7625786163522013,0.3778135048231511,0.2184724689165186,0.1900532859680284,0.4456521739130434,0.8802816901408451,0.2484076433121019,0.6381987577639752,0.5727699530516432,0.5170807453416149,0.5259026687598116,0.812206572769953,0.0341614906832298,0.5117370892018779,0.031055900621118,,0.3145009416195857,0.8503649635036497,0.3248175182481752,0.2700729927007299,,0.4858757062146893,0.7509433962264151,0.6545842217484008,0.0326975476839237,0.0933333333333333,0.1777950310559006,2026-08-06,ELIGIBLE_WATCH,PASS_WATCH,VALID,A,NONE,both,LOW_20D_TURNOVER,False,2026-08-07,FRESH_OFFICIAL,2026-08-06,1,CURRENT,False
09690,BUY_ELIGIBLE,BUY_ELIGIBLE,BUY_ELIGIBLE_BOTH,True,False,2026-08-07,09690,HKEX:09690,HKEX-ISSUER:7bdb2aaacf1c7606,TUHU-W,TUHU Car Inc. - W,CONFIRMED,HKEX_DI_STOCK_CODE_CONFIRMED,445711.0,445711,TUHU Car Inc. - W,Equity,Equity Securities (Main Board),COMMON_EQUITY,100.0,KYG912241083,HKD,,False,True,False,False,False,False,False,False,FMDL5B1_20260720_d31e787a3ccd,f2025b4cb11bbd9b503899215e23b5cd35859f5544f930c6c8b9db9bb86d0756,d619c3bbecdd57507eab740c525a5e58f8aa0fef7f679fb176107d7cbc700ec2,2026-08-06,702.0,1.0,-0.1180030550761334,-0.1420162092351602,-0.2573248414607545,-0.4227723065830531,-0.345544565954508,-0.4378013512011008,0.4333333333333333,0.1666666666666666,0.3783058587343538,0.3966997045251161,0.2583686702570303,-0.2832080480551467,-0.1150182958754737,10095431.68570814,1.0,0.0,0.7813685084478007,11.65999984741211,HKD,11.65999984741211,2025-12-31,2026-04-24T09:30:00+08:00,HKD,GENERAL_NON_FINANCIAL,True,,0.0311377914339631,0.2410169332758501,0.0153212222060161,0.0255378407374588,,0.625691222172794,1.1551714923230627,0.5,0.115383989938405,-0.1310475119575687,GENERAL_NON_FINANCIAL,DEFAULT_GENERAL_NON_FINANCIAL,False,0.0,0.0,0.0,11.65999984741211,0.0428816472163996,23.31999969482422,0.0919003115264797,0.4591194968553459,0.3086816720257235,0.152753108348135,0.2451154529307282,0.3291925465838509,0.5461658841940532,0.0310509554140127,0.5124223602484472,0.5352112676056338,0.4409937888198758,0.6342229199372057,0.2425665101721439,0.1335403726708074,0.5117370892018779,0.4145962732919254,,0.64030131826742,0.3759124087591241,0.1970802919708029,0.3175182481751825,,0.2542372881355932,0.3075471698113207,0.6823027718550106,0.2888283378746594,0.5466666666666666,0.1777950310559006,2026-08-06,ELIGIBLE_CORE,PASS_CORE,VALID,A,NONE,both,LOW_20D_TURNOVER,False,2026-08-07,FRESH_OFFICIAL,2026-08-06,1,CURRENT,False
09699,BUY_ELIGIBLE,BUY_ELIGIBLE,BUY_ELIGIBLE_BOTH,True,False,2026-08-07,09699,HKEX:09699,HKEX-ISSUER:80cf791eb04ed5dd,SF INTRA-CITY,"Hangzhou SF Intra-city Industrial Co., Ltd.  - H Shares",CONFIRMED,HKEX_DI_STOCK_CODE_CONFIRMED,372062.0,372062|372062|372062|372062,"Hangzhou SF Intra-city Industrial Co., Ltd.  - A Shares|Hangzhou SF Intra-city Industrial Co., Ltd.  - Domestic Shares|Hangzhou SF Intra-city Industrial Co., Ltd.  - H Shares|Hangzhou SF Intra-city Industrial Co., Ltd.  - Others",Equity,Equity Securities (Main Board),COMMON_EQUITY,200.0,CNE100004SP7,HKD,,False,False,False,False,True,True,False,False,FMDL5B1_20260720_d31e787a3ccd,f2025b4cb11bbd9b503899215e23b5cd35859f5544f930c6c8b9db9bb86d0756,2ba4533d80ee26491382bab04441f5654db992b5b2031611bc2e1626faa5b900,2026-08-06,880.0,1.0,0.0609296048182117,-0.1871992862587834,-0.4167817705938994,-0.5008865451096405,-0.5295508272899203,-0.5132565124411347,0.3833333333333333,0.1666666666666666,0.2916777774915671,0.4331858099158138,0.2072350649978305,-0.5274430963137677,-0.0792307486900916,13728455.539299678,1.0,0.0,0.5669369349542929,8.444999694824219,HKD,8.444999694824219,2025-12-31,2026-04-29T09:30:00+08:00,HKD,GENERAL_NON_FINANCIAL,True,,0.0507612506015741,0.0630836237108785,0.0121603744362601,0.0121281454437659,,0.4001469184324874,2.287494857855953,0.31,0.454243382306571,1.0966178468971766,GENERAL_NON_FINANCIAL,DEFAULT_GENERAL_NON_FINANCIAL,False,0.0,0.0,0.0,8.444999694824219,0.0367081126349824,27.24193449943296,0.632398753894081,0.3396226415094339,0.1141479099678456,0.103019538188277,0.0905861456483126,0.2158385093167701,0.2472613458528951,0.0310509554140127,0.6785714285714286,0.4835680751173709,0.6040372670807453,0.1899529042386185,0.4851330203442879,0.1816770186335403,0.5117370892018779,0.1211180124223602,,0.7589453860640302,0.0510948905109489,0.1916058394160583,0.2463503649635036,,0.5988700564971752,0.7,0.9125799573560768,0.888283378746594,0.5044444444444445,0.1777950310559006,2026-08-06,ELIGIBLE_CORE,PASS_CORE,VALID,A,NONE,both,LOW_20D_TURNOVER,False,2026-08-07,FRESH_OFFICIAL,2026-08-06,1,CURRENT,False
09860,UNKNOWN_BLOCKED,SELL_ONLY,SELL_ONLY,False,True,2026-08-07,09860,HKEX:09860,,,,,,,,,,,,,,,,,,,,,,,,,,,,,,,,,,,,,,,,,,,,,,,,,,,,,,,,,,,,,,,,,,,,,,,,,,,,,,,,,,,,,,,,,,,,,,,,,,,,,,,,,,,,NONE,left_only,MISSING_FMDL5E_COVERAGE|NOT_SOUTHBOUND_BUY_ELIGIBLE|FMDL5E_NOT_INVESTABLE|NON_COMMON_EQUITY|LOW_20D_TURNOVER|LOW_ACTIVE_TRADE_RATIO|EXCESS_ZERO_VOLUME_DAYS|MISSING_VALID_PRICE|FINANCIAL_EVIDENCE_INCOMPLETE,False,2026-08-07,FRESH_OFFICIAL,2026-08-06,1,CURRENT,False
09885,UNKNOWN_BLOCKED,SELL_ONLY,SELL_ONLY,False,True,2026-08-07,09885,HKEX:09885,,,,,,,,,,,,,,,,,,,,,,,,,,,,,,,,,,,,,,,,,,,,,,,,,,,,,,,,,,,,,,,,,,,,,,,,,,,,,,,,,,,,,,,,,,,,,,,,,,,,,,,,,,,,NONE,left_only,MISSING_FMDL5E_COVERAGE|NOT_SOUTHBOUND_BUY_ELIGIBLE|FMDL5E_NOT_INVESTABLE|NON_COMMON_EQUITY|LOW_20D_TURNOVER|LOW_ACTIVE_TRADE_RATIO|EXCESS_ZERO_VOLUME_DAYS|MISSING_VALID_PRICE|FINANCIAL_EVIDENCE_INCOMPLETE,False,2026-08-07,FRESH_OFFICIAL,2026-08-06,1,CURRENT,False
09890,BUY_ELIGIBLE,BUY_ELIGIBLE,BUY_ELIGIBLE_BOTH,True,False,2026-08-07,09890,HKEX:09890,HKEX-ISSUER:2e3726c5140ed144,TANWAN,Tanwan Inc.,CONFIRMED,HKEX_DI_STOCK_CODE_CONFIRMED,445970.0,445970,Tanwan Inc.,Equity,Equity Securities (Main Board),COMMON_EQUITY,200.0,KYG989M71072,HKD,,False,False,False,False,False,False,False,False,FMDL5B1_20260720_d31e787a3ccd,f2025b4cb11bbd9b503899215e23b5cd35859f5544f930c6c8b9db9bb86d0756,9ea455ea4cbc4cc42937888ce75c4206b42d7d8c53e4b1c03df834f63d012292,2026-08-06,700.0,1.0,0.026137508205015,-0.3358395766833323,-0.4107837400594427,-0.2251461882307668,-0.2448830633579931,-0.5055970094482256,0.3333333333333333,0.5,0.5234358738232519,0.6057668158546342,0.2487756516155271,-0.5438433073993827,-0.0867537576501892,14119886.24373722,1.0,0.0,0.7819110206401293,10.600000381469728,HKD,10.600000381469728,2025-12-31,2026-04-29T09:30:00+08:00,HKD,GENERAL_NON_FINANCIAL,True,,0.2013589649846127,0.5708856165854496,0.467189280743899,0.3574886627600074,,0.4195336383929146,1.874728825310887,2.83,-0.2548180036529732,,GENERAL_NON_FINANCIAL,DEFAULT_GENERAL_NON_FINANCIAL,False,0.0,0.0,0.0,10.600000381469728,0.2669811224674325,3.745583173664214,0.3894080996884735,0.1163522012578616,0.1237942122186495,0.3552397868561279,0.3818827708703374,0.2267080745341615,0.0821596244131455,0.6632165605095541,0.3291925465838509,0.2676056338028169,0.4673913043478261,0.1601255886970172,0.4037558685446009,0.1940993788819875,0.5117370892018779,0.4192546583850932,,0.9792843691148776,0.7828467153284672,0.9562043795620438,0.9543795620437956,,0.5630885122410546,0.6056603773584905,0.0341151385927505,,0.9955555555555556,0.1777950310559006,2026-08-06,ELIGIBLE_CORE,PASS_CORE,VALID,A,NONE,both,LOW_20D_TURNOVER,False,2026-08-07,FRESH_OFFICIAL,2026-08-06,1,CURRENT,False
09903,BUY_ELIGIBLE,BUY_ELIGIBLE,BUY_ELIGIBLE_BOTH,True,False,2026-08-07,09903,HKEX:09903,HKEX-ISSUER:ffbdd270623427f9,ILUVATAR COREX,"Shanghai Iluvatar CoreX Semiconductor Co., Ltd.  - H Shares",CONFIRMED,HKEX_DI_STOCK_CODE_CONFIRMED,528800.0,528800|528800,"Shanghai Iluvatar CoreX Semiconductor Co., Ltd.  - Domestic Shares|Shanghai Iluvatar CoreX Semiconductor Co., Ltd.  - H Shares",Equity,Equity Securities (Main Board),COMMON_EQUITY,100.0,CNE100007DV0,HKD,,False,False,False,False,True,False,False,False,FMDL5B1_20260720_d31e787a3ccd,f2025b4cb11bbd9b503899215e23b5cd35859f5544f930c6c8b9db9bb86d0756,ee2ce2e83864e42f2e3c6ecc30d8813b6f5be5a0b285ebf418f3bd7db4e308f8,2026-08-06,141.0,0.564,-0.2411467116357504,-0.1557223264540337,1.6737967429603082,,,-0.4325346784363177,0.55,0.7142857142857143,1.5652673990514407,1.3329431203481863,0.8581950703183706,-0.5245901639344263,-0.1868465224164734,1638502038.845889,1.0,0.0,1.503849016905204,450.0,HKD,450.0,2025-12-31,2026-04-28T09:30:00+08:00,HKD,GENERAL_NON_FINANCIAL,True,,-0.2565588068687257,0.5398507748600531,-0.9510964526134716,-0.971023775016786,,0.3984916124572852,3.085188817563103,-5.31,,,GENERAL_NON_FINANCIAL,DEFAULT_GENERAL_NON_FINANCIAL,False,0.0,0.0,0.0,450.0,,,0.0342679127725856,0.419811320754717,0.9967845659163987,,,0.3416149068322981,0.9820031298904538,0.9705414012738852,0.0124223602484472,0.0234741784037558,0.0186335403726708,0.1915227629513343,0.0782472613458529,0.9596273291925466,0.5117370892018779,0.970496894409938,,0.0357815442561205,0.7554744525547445,0.0346715328467153,0.0474452554744525,,0.60075329566855,0.8018867924528302,,,,0.1777950310559006,2026-08-06,REVIEW_ONLY,WATCH_GATE_FAIL,VALID_WITH_CONTROLLED_NULLS,B,NONE,both,FMDL5E_NOT_INVESTABLE,False,2026-08-07,FRESH_OFFICIAL,2026-08-06,1,CURRENT,False
09979,UNKNOWN_BLOCKED,SELL_ONLY,SELL_ONLY,False,True,2026-08-07,09979,HKEX:09979,,,,,,,,,,,,,,,,,,,,,,,,,,,,,,,,,,,,,,,,,,,,,,,,,,,,,,,,,,,,,,,,,,,,,,,,,,,,,,,,,,,,,,,,,,,,,,,,,,,,,,,,,,,,NONE,left_only,MISSING_FMDL5E_COVERAGE|NOT_SOUTHBOUND_BUY_ELIGIBLE|FMDL5E_NOT_INVESTABLE|NON_COMMON_EQUITY|LOW_20D_TURNOVER|LOW_ACTIVE_TRADE_RATIO|EXCESS_ZERO_VOLUME_DAYS|MISSING_VALID_PRICE|FINANCIAL_EVIDENCE_INCOMPLETE,False,2026-08-07,FRESH_OFFICIAL,2026-08-06,1,CURRENT,False
09980,BUY_ELIGIBLE,BUY_ELIGIBLE,BUY_ELIGIBLE_BOTH,True,False,2026-08-07,09980,HKEX:09980,HKEX-ISSUER:bc6c34d7b3d04980,EASTROC,"Eastroc Beverage (Group) Co., Ltd.  - H Shares",CONFIRMED,HKEX_DI_STOCK_CODE_CONFIRMED,532371.0,532371|532371,"Eastroc Beverage (Group) Co., Ltd.  - A Shares|Eastroc Beverage (Group) Co., Ltd.  - H Shares",Equity,Equity Securities (Main Board),COMMON_EQUITY,100.0,CNE100007F72,HKD,,False,False,False,False,True,True,False,False,FMDL5B1_20260720_d31e787a3ccd,f2025b4cb11bbd9b503899215e23b5cd35859f5544f930c6c8b9db9bb86d0756,1fae61ce85492c8753ead824f047d92dfa3a9ba53683602821c6d3f3d6830493,2026-08-06,123.0,0.492,0.0671015539931454,-0.3164179104477612,-0.4528975307861574,,,-0.4528975307861574,0.3,0.3333333333333333,0.5149217048287381,0.5414265229344091,0.3232297177006125,-0.4874037433988409,-0.0973214176708298,88296415.81912842,1.0,0.0,1.1947178173622386,114.5,HKD,114.5,2026-03-31,2026-04-30T09:30:00+08:00,HKD,GENERAL_NON_FINANCIAL,True,,0.0341051062512979,0.4688969082104337,0.2691326399647599,0.2135478271883772,,0.4448174829815297,1.593312470276787,2.3563,,,GENERAL_NON_FINANCIAL,DEFAULT_GENERAL_NON_FINANCIAL,False,2.195273,2.0,0.0191726899563318,114.5,0.02057903930131,48.59313330221109,0.6651090342679128,0.1383647798742138,0.0884244372990353,,,0.2981366459627329,0.0273865414710485,0.2484076433121019,0.3369565217391304,0.3427230046948357,0.3059006211180124,0.2354788069073783,0.3348982785602504,0.593167701863354,0.5117370892018779,0.9114906832298136,,0.6704331450094162,0.698905109489051,0.8302919708029197,0.8467153284671532,,0.5141242937853108,0.5056603773584906,,,0.2822222222222222,0.4798136645962733,2026-08-06,REVIEW_ONLY,WATCH_GATE_FAIL,VALID_WITH_CONTROLLED_NULLS,B,NONE,both,FMDL5E_NOT_INVESTABLE,False,2026-08-07,FRESH_OFFICIAL,2026-08-06,1,CURRENT,False
09981,BUY_ELIGIBLE,BUY_ELIGIBLE,BUY_ELIGIBLE_BOTH,True,False,2026-08-07,09981,HKEX:09981,HKEX-ISSUER:67db242a598510c1,WOER,"Shenzhen Woer Heat-Shrinkable Material Co., Ltd.  - H Shares",CONFIRMED,HKEX_DI_STOCK_CODE_CONFIRMED,534355.0,534355|534355,"Shenzhen Woer Heat-Shrinkable Material Co., Ltd.  - A Shares|Shenzhen Woer Heat-Shrinkable Material Co., Ltd.  - H Shares",Equity,Equity Securities (Main Board),COMMON_EQUITY,200.0,CNE100007DY4,HKD,,False,False,False,False,True,True,False,False,FMDL5B1_20260720_d31e787a3ccd,f2025b4cb11bbd9b503899215e23b5cd35859f5544f930c6c8b9db9bb86d0756,171bd416af4f59fbcf8136c505e0e4b2791ed044dbcbf6629e1f57912de35c6f,2026-08-06,115.0,0.46,0.010685738568561,-0.2947831672408501,,,,-0.4795283009873944,0.4333333333333333,0.1666666666666666,0.4826576990131043,0.5330470115720911,0.2947636736355896,-0.5377661224660798,-0.1418853497910635,16034208.245975494,1.0,0.0,0.6233940424750726,11.350000381469728,HKD,11.350000381469728,2026-03-31,2026-04-27T09:30:00+08:00,HKD,GENERAL_NON_FINANCIAL,True,,0.0156737721189021,0.304616462639273,0.1555708494726859,0.113815100970987,,0.3582584636777354,2.2852620182053323,0.1726,,,GENERAL_NON_FINANCIAL,DEFAULT_GENERAL_NON_FINANCIAL,False,0.18913,1.0,0.0166634355632954,11.350000381469728,0.0152070479470459,65.75898251141209,0.3068535825545171,0.1666666666666666,,,,0.2468944099378882,0.5461658841940532,0.0310509554140127,0.3726708074534161,0.352112676056338,0.3602484472049689,0.1711145996860282,0.1549295774647887,0.2111801242236025,0.5117370892018779,0.1739130434782608,,0.5009416195856874,0.4671532846715328,0.6532846715328468,0.6751824817518248,,0.6666666666666666,0.6981132075471698,,,0.2111111111111111,0.4518633540372671,2026-08-06,REVIEW_ONLY,WATCH_GATE_FAIL,VALID_WITH_CONTROLLED_NULLS,B,NONE,both,FMDL5E_NOT_INVESTABLE|LOW_20D_TURNOVER,False,2026-08-07,FRESH_OFFICIAL,2026-08-06,1,CURRENT,False
09989,BUY_ELIGIBLE,BUY_ELIGIBLE,BUY_ELIGIBLE_BOTH,True,False,2026-08-07,09989,HKEX:09989,HKEX-ISSUER:cd3688f4771b9a42,HEPALINK,"Shenzhen Hepalink Pharmaceutical Group Co., Ltd.  - H Shares",CONFIRMED,HKEX_DI_STOCK_CODE_CONFIRMED,289277.0,289277|289277,"Shenzhen Hepalink Pharmaceutical Group Co., Ltd.  - A Shares|Shenzhen Hepalink Pharmaceutical Group Co., Ltd.  - H Shares",Equity,Equity Securities (Main Board),COMMON_EQUITY,500.0,CNE100003YN2,HKD,,False,False,False,False,True,True,False,False,FMDL5B1_20260720_d31e787a3ccd,f2025b4cb11bbd9b503899215e23b5cd35859f5544f930c6c8b9db9bb86d0756,40f37b468fbee4bb541b8e613e157a824c3528420c43576aa9875bba54ae5292,2026-08-06,880.0,1.0,0.0,-0.1178413921270215,-0.2114517587425685,-0.3416924684100968,-0.3416924684100968,-0.3436634500668093,0.3333333333333333,0.1666666666666666,0.266637025596418,0.2782540567740133,0.1794817240210844,-0.2894390011778263,-0.0453514322415455,1640565.746808052,1.0,0.0,0.771647418880303,4.21999979019165,HKD,4.21999979019165,2026-03-31,2026-04-30T09:30:00+08:00,HKD,GENERAL_NON_FINANCIAL,True,,0.0110254100677065,0.3415393337156363,0.2521307280521782,0.1409419410408148,,0.2811985063543503,2.1505463595976946,0.1278,-0.0454774010160156,0.1978504079908301,GENERAL_NON_FINANCIAL,DEFAULT_GENERAL_NON_FINANCIAL,False,0.16604,1.0,0.0393459735201691,4.21999979019165,0.0302843616952397,33.02034264625705,0.2710280373831775,0.5141509433962265,0.3810289389067524,0.2291296625222025,0.2504440497335701,0.4736024844720496,0.0821596244131455,0.0310509554140127,0.7484472049689441,0.7887323943661971,0.6847826086956522,0.6200941915227629,0.8622848200312989,0.0295031055900621,0.5117370892018779,0.3959627329192546,,0.4387947269303202,0.5328467153284672,0.8102189781021898,0.75,,0.7796610169491526,0.6773584905660377,0.2452025586353944,0.667574931880109,0.4266666666666667,0.6444099378881988,2026-08-06,ELIGIBLE_WATCH,PASS_WATCH,VALID,A,NONE,both,LOW_20D_TURNOVER,False,2026-08-07,FRESH_OFFICIAL,2026-08-06,1,CURRENT,False
